,TSs156A,TSs361,TSs368,TSs49,TSs138B,TSs22B,TSs287,TSs383,TSs314A,TSs30,TSs291,TSs157A,TSs27,TSs363,TSs9,TSs151B,TSs133,TSs155,TSs209,TSs136,TSs22A,TSs357,TSs161,TSs11,TSs5A,TSs131,TSs294,TSs378,TSs336,TSs111,TSs56,TSs3A,TSs95,TSs2,TSs44C,TSs201,TSs217,TSs168,TSs98,TSs116,TSs53,TSs63A,TSs158,TSs269,TSs317,TSs49A,TSs417,TSs195,TSs371,TSs23,TSs51,TSs59B,TSs365,TSs224,TSs325,TSs119A,TSs166,TSs297,TSs338,TSs293,TSs24,TSs334,TSs1A,TSs266,TSs277,TSs60B,TSs303,TSs120,TSs132,TSs78,TSs61,TSs60,TSs274,TSs10A,TSs96,TSs282,TSs56A,TSs296,TSs33,TSs311,TSs68,TSs104,TSs58,TSs358,TSs82,TSs15,TSs3,TSs4,TSs331,TSs314B,TSs333,TSs7,TSs38,TSs10,TSs48
TSs156A,0.0,0.24703592322814835,0.3232588688522159,0.3455877093882807,0.2591410361099008,0.30373026381716706,0.312329577104993,0.32261163658956654,0.3141350159069553,0.31629272937689024,0.34890473314374093,0.378532660471483,0.29994906068661314,0.2408756733577342,0.30944787451218303,0.24695303848734312,0.27116592217374985,0.29380902219054905,0.33249268012447053,0.3189437194749847,0.3389574793553192,0.24828094383435345,0.3141669930181837,0.31512234905844366,0.2868266825295811,0.3094043431951895,0.30648852938111104,0.3088198759470202,0.3233378110298451,0.25666931971263635,0.34184493859330495,0.3235299203329548,0.33795521951703056,0.31546543119418846,0.2927060369530981,0.31464875666913994,0.37869544402328414,0.35330608948567077,0.33966318447031074,0.3678842717860493,0.3157979169553609,0.3068667085759908,0.29610396850725434,0.32764092069825973,0.33197363309693484,0.3041515373975845,0.3215680748290995,0.30060097461729357,0.3455930879900034,0.287344049555494,0.3249148219934047,0.3039584178269085,0.3104313641448607,0.2828228852577064,0.3282185553964536,0.3000758806423967,0.3806617855700718,0.3561514095938609,0.3081287566852376,0.331522551104076,0.366551399206497,0.3226943782627182,0.29516715562405393,0.3096779374703561,0.30500667239363943,0.29670048872987104,0.36457810807202556,0.30802868108304116,0.32438756891181164,0.3527127851183572,0.312487874340427,0.31586561692618875,0.31547889289210357,0.332934127406559,0.32869855747045057,0.3584705678787651,0.3167184414166827,0.3249288990731728,0.30893223597154823,0.32565774088730637,0.3136149806245041,0.3059450822556965,0.3249436901811599,0.24642278107836532,0.3143498957388243,0.312569287287837,0.3314832784930312,0.2875307892022871,0.33092522343816705,0.3101378214486211,0.310533801004648,0.28684660226343883,0.38504835979569113,0.30778003686226835,0.34220035963968987
TSs361,0.24703592322814835,0.0,0.33387116251594934,0.3567691981880904,0.241754270575668,0.3094122201563603,0.3227218432347257,0.33288653400389406,0.32395604591875693,0.32853936231494935,0.35840940599900867,0.3831218134102739,0.30889708591476134,0.25429854834702764,0.3114397555035705,0.037946725752502936,0.26622974653824455,0.27968807064989926,0.34050468709851217,0.33259597696018683,0.343158469645126,0.18488779379627265,0.33431634757180584,0.33040895818325805,0.2902981036293921,0.31890859631830404,0.3118860652958899,0.3245098226919039,0.3296865994553538,0.25936801028724665,0.35853859666737653,0.33711872045058683,0.3485055183891994,0.32886484284303874,0.3079910918836542,0.32591079704172166,0.3822392612447793,0.3520835956644144,0.3470924769006877,0.38042446627113746,0.32801724429481843,0.31318302891709376,0.3099629143340801,0.331117820511578,0.34718041953415657,0.3275300336910521,0.3285484343515519,0.29343912474562867,0.3550609434724845,0.29506369959929446,0.3307179114411649,0.31212756837078903,0.2963019277371688,0.27531202020084644,0.33146204416542735,0.2991913891696052,0.3879532924119194,0.36659597405090233,0.31332753586135004,0.34308297991152154,0.37939364054102687,0.33179109145228786,0.3154208190963578,0.3223777000213758,0.3189914560367167,0.31054872750697593,0.37740959252337475,0.3223129549696705,0.3245736918990394,0.3712803334941512,0.31258856079002034,0.33478710083151575,0.31804175203017765,0.34565165135415293,0.34178974511809623,0.3692396002771201,0.3248941620544498,0.33335237859831274,0.3249461983913977,0.3411083811180664,0.31671806415865994,0.31285102408561666,0.33081228155518067,0.029370320052624247,0.32968270950370543,0.322007102341242,0.3403460976782075,0.2992185387885961,0.3394424870449954,0.32039999497003363,0.3261921444250429,0.28936623163363645,0.39002423498630756,0.3199108173828176,0.34832442777257694
TSs368,0.3232588688522159,0.33387116251594934,0.0,0.2750698508949859,0.29212077064186015,0.24620645725957876,0.23025243686081082,0.2630671103125623,0.25100940530421584,0.23615961270982241,0.2957418902971778,0.2851217765639946,0.261280297123937,0.3210856431176357,0.19887819068918772,0.33334876617450615,0.32275815051901485,0.3220336544592956,0.27383765514410296,0.23665909812036906,0.27499570786021027,0.2738833670829119,0.2599501166009105,0.24814216460271843,0.26530653965281464,0.24353860324454182,0.25443470931915063,0.24128665998164378,0.2532756192590263,0.27654761001663425,0.2512765748612922,0.24447746474722526,0.27469998090291775,0.26481063640256824,0.2543519400312178,0.24227388770045954,0.32004547618979323,0.30614896319987583,0.25676462329922894,0.3290824137396111,0.21572922209652082,0.23713027902562175,0.2588125242458604,0.28520854628791426,0.24479190534631026,0.27330715983858755,0.258546231545064,0.2727313957403588,0.2775150196813174,0.23435839739517314,0.23468473123942912,0.22309018528216512,0.32889906579325967,0.25400986235506223,0.2514387948481735,0.253321516812023,0.3138120656275776,0.31847672448640735,0.2505779454523644,0.26502648219761216,0.28657649749229924,0.24218487950259215,0.2522209043980784,0.23135358995994013,0.27940574117595424,0.22803508501982758,0.26334995640533165,0.2539163860606932,0.25827040507704074,0.3078969548768059,0.2555578198560198,0.2069319052394089,0.26646757353014056,0.22797897027906622,0.25352285566806204,0.25546336302764466,0.2561223740037897,0.25329050739175824,0.24983652913198393,0.2544552189890064,0.24119216868173307,0.23551171568994073,0.24774656823341942,0.33274443288842276,0.24760390204456048,0.22955459802639389,0.22794536636487125,0.2237974289430472,0.25606767180439916,0.23480379335769808,0.24305744810007998,0.24682600536223268,0.33782039721515605,0.2776056322726953,0.28440029955235274
TSs49,0.3455877093882807,0.3567691981880904,0.2750698508949859,0.0,0.324171275389542,0.23572156139784145,0.2655224438762726,0.29017913834695824,0.25655609116196415,0.2779845908657832,0.3150030725557756,0.3346634748523882,0.28323250801492084,0.35064998590775387,0.27449605326187193,0.35498257788659165,0.3440055553426298,0.3503231093549913,0.2911788533767055,0.2880849974311414,0.22556011739834236,0.3017708751299634,0.27159255102389507,0.2559753873454871,0.28079430731463706,0.2827805705848556,0.2742138343143926,0.24374444473149384,0.2725630514496977,0.31139950416130474,0.30330796878180377,0.2682735610353298,0.29034261403473477,0.2658091287320231,0.2779825715555497,0.2618071335858355,0.33957945270653117,0.3253161812742599,0.28046380992510417,0.336220788891125,0.28218147376055724,0.26028609824080473,0.2816502699428036,0.23416003361118962,0.2485508766809788,0.2960470208101389,0.28175480457636154,0.2796505298319897,0.2981837294025085,0.26131360033710593,0.2579605020154878,0.24231439429128912,0.35060204683552676,0.2694811161993067,0.2792542256286942,0.2727395611722039,0.33202524355481255,0.29866457850806666,0.27705643116704126,0.23945859909911602,0.309461872914408,0.2716105754412401,0.25032742265190977,0.27748768114596867,0.3047918803494927,0.25948070026236786,0.3142714155431474,0.2678164830471788,0.26791476861596253,0.32624908081642534,0.2826190726711909,0.2864371188267914,0.2858572551108174,0.28305850799734833,0.27021075353532714,0.34538136034490274,0.28626455492093367,0.25544579052067073,0.25748303851980364,0.2929607717546989,0.2697622843841993,0.26412527126996443,0.2873867095717413,0.35633256715919803,0.2662300156882916,0.27243446813190203,0.2753473902421759,0.27555563274341466,0.28696706521594834,0.27706627104915055,0.25239637036447793,0.24769346783051094,0.35252388840963755,0.30413912107232915,0.31513850264154447
TSs138B,0.2591410361099008,0.241754270575668,0.29212077064186015,0.324171275389542,0.0,0.28095745461038674,0.27313543427518333,0.2809949380058254,0.28881414690240187,0.27984344806917194,0.3140121230184852,0.34749370838484045,0.28083017367391067,0.25610413771345003,0.28100147114692725,0.2416695744079524,0.2534419469133144,0.26605906428334125,0.3015718073960707,0.29618138939800703,0.3137078050837403,0.2238473032496189,0.296246535198909,0.2865387123579048,0.2586805324801293,0.2865290131383973,0.2760893608204572,0.27934995075912084,0.28156826828922243,0.2484465193149745,0.31069522954656986,0.2967624625393571,0.31295457962785117,0.3029440289092092,0.27005223539519524,0.28544310342019247,0.3377861963644375,0.3224886524993527,0.30106976810480934,0.34362410772870455,0.2875961347979957,0.2722180188821261,0.26571323977364497,0.30805444737141485,0.3061329926325038,0.276988361821627,0.29723931395485226,0.24852802229902862,0.3145116878187902,0.24791682124028513,0.287335580904336,0.27155022291113823,0.26544688307986475,0.23104883215232103,0.28768764245543843,0.25664748389777214,0.34974777146240643,0.3392989718473494,0.2770434207943089,0.3112719254853097,0.33684912767721514,0.28660409392387526,0.27995651712384845,0.28240895219047657,0.29848605334115874,0.27825802743913713,0.3350093538752206,0.27866508499751297,0.2892959795499003,0.3303222454468129,0.2790547174716709,0.29683536651813597,0.28139440651086745,0.3045802127164616,0.298819768185573,0.3406605022952185,0.2905318158035048,0.2958926763482533,0.2854942972508946,0.2955359855826383,0.29327606819352253,0.2742279897625904,0.2846068620743669,0.24112769855573551,0.2903917853613143,0.27785174708278554,0.2988082928024056,0.2656873013765636,0.3063695702705878,0.29572223555201105,0.28625648223353173,0.254279961981059,0.3592528760528185,0.2740408621366839,0.29879155702732096
TSs22B,0.30373026381716706,0.3094122201563603,0.24620645725957876,0.23572156139784145,0.28095745461038674,0.0,0.24046073935534878,0.27737100406351445,0.2338808761408507,0.2500332070929549,0.2932030581469083,0.32007056500940967,0.25218225273212747,0.3110867650885681,0.22482685243486059,0.30935930516272375,0.30484214275651317,0.30923126627288106,0.2876619381627804,0.25300150929208826,0.2248287153491369,0.26574820899518264,0.2549930782417089,0.2496462901717884,0.24574335181949214,0.2552634719214333,0.2511211094182014,0.24351173308597052,0.25801113196319464,0.27682966195963676,0.26804751583726283,0.2576564580318987,0.29344352209107594,0.21576642888685826,0.25375076762618887,0.25125199808763327,0.3164788733496698,0.3034408874990606,0.27964709207863314,0.3191957593491428,0.22719651257055257,0.2371349915379369,0.2581848355997833,0.2548748184343662,0.25130873668612147,0.2670476047736583,0.26121447933010417,0.2552104515812373,0.29978388537322986,0.24171675131224332,0.2511556450845795,0.19852285986762097,0.31880643310994555,0.24746076344062745,0.26821940879358225,0.24012865070015443,0.3395664567958339,0.29943023868110324,0.24868100254895942,0.2590880282501767,0.3024769716747775,0.25703525454316856,0.2099503704637152,0.24929251677936826,0.28142003122891096,0.22257739444829008,0.3093719279161067,0.2616225902842835,0.26416426744832455,0.31248746583113013,0.26530917313092117,0.23357626607575355,0.27611224520969413,0.2525901260323148,0.2601828595362824,0.261610241356184,0.26063213649600164,0.22188007849009164,0.2341621180018301,0.26823073921200385,0.2075213805196532,0.23535245687428924,0.27004918365399616,0.30942206930760263,0.2567592489161882,0.2522312934174988,0.2432942544716434,0.2332278210037103,0.27879502804306977,0.22408029684248418,0.24400962382535182,0.2155545718431104,0.34285131873049257,0.2860694476033893,0.2989747786946406
TSs287,0.312329577104993,0.3227218432347257,0.23025243686081082,0.2655224438762726,0.27313543427518333,0.24046073935534878,0.0,0.23470335967229622,0.22635034483159172,0.2337385317010202,0.24358641244168777,0.2820483952490193,0.2453175528658986,0.31751828374967084,0.23269029325829502,0.3228071780839364,0.31242796070297385,0.3012773027144669,0.2449509963528212,0.22875208510741613,0.2710545277960618,0.2654991937964279,0.2315447418417018,0.23322101773869597,0.25161446505733764,0.2462416054576,0.23462767442521057,0.23960542054218692,0.24638016464367918,0.27053109429150984,0.25691757409139476,0.24340697178000242,0.26920717677667916,0.2597380264039976,0.2459274788371903,0.22557857053020045,0.30274945984562235,0.3041002774039074,0.2361355139271685,0.3189063162567853,0.22398809468830322,0.22908016750011365,0.23899619667959304,0.27492470971559313,0.23464249659986974,0.2605562921800433,0.24560919565039493,0.2613841537390949,0.26339965768207485,0.22933061528986,0.22552680223533414,0.22143895020322776,0.31163358892184373,0.2326507960226783,0.23134325906992584,0.23675458872766592,0.28867505158979184,0.3127792799228671,0.24486595839625386,0.25997163443880233,0.28137567957401155,0.22232786738386054,0.24353006883782352,0.22235115051377985,0.27222533400231425,0.22654773666499953,0.2832706034190098,0.22852339051626774,0.23953570726973833,0.28223596376827,0.24810633446301356,0.24407040915954042,0.25045596432624717,0.2507873935949731,0.23486141261874866,0.29526663395383485,0.2424225676366063,0.2534975603222783,0.23856872891760705,0.23448994895034125,0.24595789601566526,0.22359696006484756,0.23655669670035917,0.3222108331796795,0.22828081773121162,0.2300136101180218,0.2368674895895327,0.2238760770350996,0.2604991041382945,0.2277508598644886,0.22056879489740203,0.2264199149763042,0.3236589966745692,0.27706878194064977,0.27262091382479325
TSs383,0.32261163658956654,0.33288653400389406,0.2630671103125623,0.29017913834695824,0.2809949380058254,0.27737100406351445,0.23470335967229622,0.0,0.2591696928582108,0.24634068827519173,0.256439142226995,0.3119581835330852,0.25603159810744525,0.32607921999294537,0.26542258184320794,0.33275022958223954,0.3157869555031273,0.30743462455714415,0.2543175155655741,0.2645570308248169,0.28813687522961384,0.2729105572474888,0.2487792543997918,0.24238796174321905,0.2632297448283084,0.26272141313770736,0.24751620589476656,0.25316892672769276,0.2666476366311703,0.28592732782719676,0.26898792041899766,0.26608278638245814,0.2860054296001361,0.2853835017268342,0.23812658690041585,0.23845302431828813,0.29175534535429604,0.328082823173041,0.2562219063484579,0.3347804896409083,0.2615236377533031,0.24349658343268174,0.24399620209899767,0.29578365551682845,0.2679152716073271,0.26443735529182477,0.25826666390284436,0.2819951950493298,0.2600945072902741,0.2469127732399156,0.2522819911432576,0.2525636805395713,0.3028519713174321,0.24537591459887656,0.253094799939988,0.25813932340147056,0.3145870238605749,0.31660967776875576,0.2590489549216856,0.27582964399711707,0.296480833428012,0.25494573150264205,0.26822054149811264,0.2501343768514792,0.2818103731084327,0.25266354634002364,0.2992197788391143,0.24784130343036812,0.2505621791648861,0.24608280169467933,0.2515803909792226,0.27693471825294874,0.25340720610927436,0.27933996398416644,0.26311796776924407,0.3343417716496243,0.2534638630898528,0.27516127022475334,0.25536719434361793,0.22424559588651144,0.27205243958199465,0.24763134709598134,0.250724987538715,0.33236065344417853,0.24349658343268174,0.2345471546916497,0.2714980510669572,0.23016692113662646,0.2665054183533536,0.26876189297419234,0.2459083171686869,0.24148924261525476,0.3248556679359215,0.2881984096296563,0.29011376475801226
TSs314A,0.3141350159069553,0.32395604591875693,0.25100940530421584,0.25655609116196415,0.28881414690240187,0.2338808761408507,0.22635034483159172,0.2591696928582108,0.0,0.24294598494836578,0.28050086228032745,0.3088921729772561,0.24782154520509891,0.32381381233733836,0.2482643336444123,0.3229360560736541,0.3198911300350796,0.31690267212010836,0.2694657977056276,0.2600550612653158,0.25079679138063493,0.26770854035924224,0.22954666798690668,0.23610497704535607,0.25116844791102705,0.23795895681644505,0.2432972022668226,0.23023380740037405,0.22319339627021953,0.2736218513600548,0.27817338070313846,0.2446464293574095,0.26578807477881206,0.25636027579255666,0.24808624467103005,0.2350142660991199,0.3100874782362083,0.2966103914270199,0.2486396482433782,0.3152483463067994,0.2296380412874951,0.24275254576266142,0.25481637951513364,0.2621067412935494,0.23956280374004535,0.2707686858647171,0.24612831638111587,0.2690365990063914,0.27950416270983847,0.24725751810061855,0.22989535749407805,0.23172835226506874,0.3109804556519347,0.24140400908935297,0.2523339266747527,0.2382795492047373,0.3001198458565485,0.30512958317176675,0.24827642285254964,0.2542724067095619,0.2663088902361954,0.23961065500302092,0.24590091503025066,0.23340178141690698,0.28262743076677177,0.24100341206733814,0.28368913673512663,0.2432520510779031,0.24872307863099669,0.2877247947992824,0.24777498646485893,0.2578873886104133,0.2556346048754397,0.27083676045231764,0.23915033331053126,0.3154796549661593,0.25300102810392183,0.2558700744394364,0.24672720836254564,0.24884352626521325,0.25660915152537445,0.2269850794125918,0.25007923914058083,0.32353647660657575,0.24084377000698212,0.24021039741492328,0.2468104683090824,0.24623052672476642,0.25862757794417,0.20334950886147998,0.22404136390405074,0.23518803936184426,0.3428167966420002,0.28181890848113234,0.2872668337045132
TSs30,0.31629272937689024,0.32853936231494935,0.23615961270982241,0.2779845908657832,0.27984344806917194,0.2500332070929549,0.2337385317010202,0.24634068827519173,0.24294598494836578,0.0,0.2793732375270299,0.2966950051528815,0.24898114102403868,0.3194285162157358,0.23663819949473214,0.3280800573381058,0.30885062901589744,0.3140634531818756,0.2615424061273056,0.2564739585189884,0.2779146956269387,0.27059937339263335,0.24561974510199494,0.24038449530527048,0.25481003399990865,0.24460794739124664,0.2306294408476716,0.24208856515296034,0.24906059424076282,0.27541819220422126,0.26094440221337484,0.2628289462425051,0.26700623911101895,0.27675343606212477,0.24741753363999125,0.23272013371729916,0.28430112848840355,0.3159553991422184,0.2421730899790731,0.31208934040443986,0.22837822529255536,0.2346892732592302,0.24302052466167903,0.2815552289205751,0.2505421375243161,0.2697700105682262,0.24714177102008802,0.26106278344056916,0.2571548291722959,0.23782191664919697,0.23188652974084828,0.23632241906382134,0.31692098323454243,0.25183139531079796,0.23870354077641623,0.24569166787155672,0.3019007148768421,0.31611380330971056,0.2442080926163269,0.2708787672049417,0.2956946025377345,0.2357514044259006,0.255677203073083,0.23155401186501526,0.29126145604537756,0.2371347742040205,0.2886384593198627,0.23332059046307213,0.2399825949639875,0.2981656039824458,0.2545063253774312,0.24195366740773433,0.2513724047286988,0.25370773601653224,0.25807606184554305,0.28777744211609757,0.2496269674618113,0.26409728109156616,0.24830520809729079,0.2573507752295714,0.2561563116638236,0.22318554277262756,0.23602240420447165,0.3279794283219096,0.23201803945558414,0.23239005505566313,0.2528217074528756,0.2379619352879833,0.2611793325174524,0.2436960089114127,0.2264724206698969,0.2341971087613517,0.2877212794327866,0.28342565521207574,0.28871378033204653
TSs291,0.34890473314374093,0.35840940599900867,0.2957418902971778,0.3150030725557756,0.3140121230184852,0.2932030581469083,0.24358641244168777,0.256439142226995,0.28050086228032745,0.2793732375270299,0.0,0.3472000233617465,0.2920685722530297,0.34812736800657723,0.2918137643098246,0.35911943870630764,0.3480822417581955,0.3248823983753747,0.27908631674133405,0.29247409439653427,0.30996946737559844,0.29810170369590905,0.26695170728665535,0.26550428487226524,0.28901578814914314,0.2902712653703571,0.2843495172365421,0.2783160234997542,0.2951353532109951,0.30151237532868197,0.2970464636544458,0.3001371574723722,0.305540469796183,0.30351082155537973,0.2862672840803546,0.2704569549425021,0.29468916497233205,0.3487480185518505,0.277784162338378,0.34668128132679893,0.29113554155026833,0.26353451744949413,0.2724276694300302,0.3119909077310307,0.28727576466569676,0.294192675980837,0.25986515905344765,0.3018291672192461,0.2777070377004953,0.27357893013256296,0.29119153503417605,0.2896357630694939,0.3381944668051852,0.27860739766409315,0.27047824626945194,0.2858847469929424,0.3432861504708231,0.3390297952065064,0.2978895750142103,0.3116761849616177,0.31489468765128414,0.27851238206114987,0.2898114375647512,0.28774391382016123,0.3129997297244132,0.2725006136923568,0.33014845376166946,0.2718522707262379,0.28474470421254194,0.28577490959768936,0.2744687206147375,0.3056283450702473,0.2929409223535574,0.3116508883596664,0.2825746501121505,0.35560220373531115,0.2706587109365855,0.30221419212552525,0.26762255460722395,0.2514813861075029,0.29740066050172276,0.2797687261554974,0.267710217163282,0.35900514267714945,0.26867610866329883,0.268551883882344,0.297356414191214,0.27845791884628796,0.28934922170328814,0.28265992851103316,0.26646876279557963,0.2754440653789492,0.3301199410003181,0.31899377179880717,0.32237363182321804
TSs157A,0.378532660471483,0.3831218134102739,0.2851217765639946,0.3346634748523882,0.34749370838484045,0.32007056500940967,0.2820483952490193,0.3119581835330852,0.3088921729772561,0.2966950051528815,0.3472000233617465,0.0,0.31553079464623024,0.3822896979541747,0.30388994429181543,0.3825268578208576,0.3756825206951688,0.38414055281646,0.327604660746589,0.2618315714192744,0.34575570788786303,0.33915689082607847,0.3099608302149863,0.3203986844737884,0.32494495926366973,0.29889924775839927,0.306006187128105,0.3146909071339792,0.3123505484137404,0.3372401219895074,0.27946663427844487,0.3153710670842955,0.3181006147707162,0.3421684570587284,0.31157994541955597,0.31508473554956246,0.37172210264688377,0.36957872030217925,0.30500428101279836,0.3756604412614787,0.2768033555111006,0.30297490693823653,0.31451967867126207,0.34911289476194723,0.3000429727790103,0.3370729444264568,0.3212975112155762,0.3344746911967156,0.3235488050131077,0.30990621040619254,0.28854748920604023,0.28418779402627703,0.3768034133311303,0.3133342224385909,0.3237716016022521,0.3239931056722977,0.34512235685993187,0.37511332887534693,0.3183450935575956,0.31862529626301844,0.34850891275943113,0.29770747466762987,0.31940553562655444,0.2657377533188571,0.33798554066845554,0.31005427121615886,0.3338502920281515,0.3162342261198105,0.30970080787341747,0.35874729028561697,0.3241855188704094,0.29286600331611135,0.3190065780823835,0.2905376476342427,0.3207643982979589,0.3163742213359687,0.3093566782943031,0.32732392886068934,0.3227647927264786,0.3205451713246548,0.31420152051996036,0.2986004842916795,0.30237279783023013,0.3824252837687222,0.30206059218577513,0.3041350897836791,0.3115065853349458,0.2857737701192289,0.3259329921851734,0.30643998794765626,0.2988089715195273,0.3193680264058547,0.3841631752507411,0.352933325013092,0.3312267011810088
TSs27,0.29994906068661314,0.30889708591476134,0.261280297123937,0.28323250801492084,0.28083017367391067,0.25218225273212747,0.2453175528658986,0.25603159810744525,0.24782154520509891,0.24898114102403868,0.2920685722530297,0.31553079464623024,0.0,0.3101047700062738,0.25366044523175846,0.30872827580112727,0.30608775200782223,0.30429965112424145,0.2700086190839591,0.2712842987896014,0.28144117914512434,0.2627467932235792,0.26117307688809616,0.24233979025177652,0.24918368035854546,0.25829436176135595,0.2614253917588659,0.24504179562279718,0.26522558921992917,0.27609071040489763,0.2809233078694642,0.2708558368973303,0.2874207402496115,0.28076085332437056,0.2366740049400209,0.24241973544991918,0.31414110287872016,0.3087929322928103,0.2715529356034528,0.32829287753688025,0.24879672707689235,0.24552142796830223,0.25670213848426576,0.2797120023051411,0.26307610729123054,0.2782841620436092,0.25466487422693534,0.26808012659882385,0.28318747809760614,0.23720167055213726,0.25712554814978356,0.25354676354556394,0.30805501006409675,0.2449586245785437,0.25347406345696716,0.2445754930803157,0.3269236487171788,0.3279538314577924,0.26452863009150407,0.2791576184901539,0.295677400823769,0.2498778564571079,0.26627306645587484,0.24473137422661495,0.286641367514622,0.2542310787660134,0.31746818928470705,0.2554314644447316,0.2477343972526776,0.3050114282090551,0.2590258247693684,0.272060497294851,0.2655242562158549,0.27550230999312586,0.2705348539552455,0.3180724192468809,0.26424048100266756,0.27644796038304775,0.25533250650650274,0.2712071665729047,0.2600248990353056,0.23763834120908814,0.25902813004164665,0.3090517551347691,0.2509177183012003,0.2518297719418167,0.26632724871648156,0.2394785458244719,0.27170314747997576,0.25224513258195075,0.2497584468582813,0.24297453453891743,0.3301054083821849,0.2758828106347654,0.3011330193270002
TSs363,0.2408756733577342,0.25429854834702764,0.3210856431176357,0.35064998590775387,0.25610413771345003,0.3110867650885681,0.31751828374967084,0.32607921999294537,0.32381381233733836,0.3194285162157358,0.34812736800657723,0.3822896979541747,0.3101047700062738,0.0,0.30212629420972664,0.25431840070526823,0.2861576334018878,0.29183822774362456,0.3415290929119183,0.3260621371344105,0.3451942809046222,0.25634933998133996,0.3181860361090148,0.31908465764262484,0.2865291168698233,0.3175426373467062,0.3165958599602927,0.321253356674199,0.32233079504637036,0.26362439821621114,0.35255629854391635,0.3240664548195981,0.343294864764199,0.3213017054818354,0.2956418520431171,0.3238123003243501,0.374322857978545,0.35662800886391355,0.3412793105257015,0.36781198818199795,0.3161372799755322,0.30786792808251856,0.29269474176997035,0.3453915763536157,0.3424765068597535,0.30798136757729566,0.3261925528690992,0.280490179064264,0.3468496588203629,0.2901578602888474,0.33006136914399486,0.3001340246290548,0.3080263591699605,0.2758127712937423,0.3317374796339243,0.30007022123584726,0.38653314287334445,0.36188962700355803,0.31406309202895466,0.340803998823717,0.3677603329575268,0.32608860105632664,0.3044598780716742,0.31631565601268974,0.31633476153154516,0.3035679590049902,0.3686145885845096,0.32220997450712935,0.3353777783904363,0.3656437798941841,0.31562535481034165,0.3137379868273073,0.3124730700360722,0.3318528231537702,0.3293514298531648,0.34630243928978083,0.3174933342426574,0.32321398965016607,0.321691383319991,0.32732125392741895,0.3116091282674266,0.30775900408815227,0.32053519512711653,0.25529871468314597,0.321684015146667,0.31249482397907086,0.3320848242849993,0.28585129438338835,0.33947413249094843,0.32001470840903434,0.3196449800844506,0.2865971881547754,0.3927662977130672,0.3148103647954529,0.3531061024065172
TSs9,0.30944787451218303,0.3114397555035705,0.19887819068918772,0.27449605326187193,0.28100147114692725,0.22482685243486059,0.23269029325829502,0.26542258184320794,0.2482643336444123,0.23663819949473214,0.2918137643098246,0.30388994429181543,0.25366044523175846,0.30212629420972664,0.0,0.31038439997967937,0.30172182706754574,0.3079094478028372,0.28026680565865114,0.2438767010912627,0.2611393147586175,0.26243537452898813,0.27240323223037377,0.2513049606222126,0.2575718884859684,0.24652549384480585,0.2466660044584134,0.2512355379604421,0.25725378112447883,0.2754780290974875,0.25090194402617216,0.2509097801116521,0.290095198923833,0.25037466613864,0.2450209022470067,0.25238152454797896,0.3216726291703151,0.30981987800938393,0.2598151873386823,0.3147402360098537,0.21084989860925468,0.23487852040403678,0.2552407486493519,0.2817545474255253,0.25935190391313867,0.2575748999165496,0.2670613515674548,0.2635396945674231,0.28476962374738934,0.24177638575889457,0.2440338802949396,0.19422911348432903,0.3193016658656115,0.24512075229020266,0.25645512641226675,0.25121318942136867,0.31758581727097457,0.31042536794608944,0.24221153809238724,0.26629767152311484,0.29510084358479965,0.2535656320209172,0.23376917129507324,0.23086015638455643,0.2760613434290116,0.21713901470701263,0.29142965900406803,0.2588173744157308,0.2629134478724402,0.30949998682493485,0.26325386205554613,0.20040246142775964,0.2670706521579572,0.22329059993924613,0.2590175894456415,0.22145239792736146,0.2624195604560806,0.24649404692056665,0.2492629211466656,0.2532062673483407,0.2133400932166539,0.2320804615677975,0.24800020609988657,0.31075586424387747,0.24763231917711323,0.22173162508861458,0.2362519237361129,0.21883135242316104,0.2669361320761822,0.2301121874349259,0.2440338802949396,0.23699772013078424,0.34267003285869274,0.2871314651398739,0.29747090416449234
TSs151B,0.24695303848734312,0.037946725752502936,0.33334876617450615,0.35498257788659165,0.2416695744079524,0.30935930516272375,0.3228071780839364,0.33275022958223954,0.3229360560736541,0.3280800573381058,0.35911943870630764,0.3825268578208576,0.30872827580112727,0.25431840070526823,0.31038439997967937,0.0,0.2658164186977314,0.2801615797442329,0.34098009153741987,0.332500058485582,0.3428745324288264,0.18587285963193392,0.3336981904576689,0.32932356648499683,0.2905234967427788,0.3187450884299497,0.31132419094066655,0.32317301926938646,0.3289129046143374,0.25973526224982,0.3584519278267936,0.3360603238860909,0.3474847281993188,0.3279102658346222,0.30723251020634085,0.32529525584905933,0.3822689878826962,0.35148230344411097,0.346384971951784,0.3795609687261081,0.3272370750028994,0.31292642952883104,0.3099532516594484,0.3310343723160425,0.345913693904991,0.32675965067065876,0.3281185434814474,0.29232626148778845,0.3556866756355604,0.29437087308965726,0.32910114810233926,0.3105795889494206,0.29697467872122846,0.27437031780940246,0.33113468949637787,0.29862023614348915,0.38807111745963563,0.3654894204749373,0.3118755481808908,0.3424782103066793,0.37903567085142953,0.3308806720265224,0.3146234157145415,0.3221217275083247,0.3186748912191266,0.3093889722811702,0.37639785301339374,0.32189597160490596,0.32299275682270706,0.371350965232669,0.3120248023307748,0.3331027817794265,0.3170701755210218,0.3440100079957972,0.34128222319921425,0.3686425354233661,0.3247018005564123,0.3325134043661735,0.325197723793929,0.3404200920050141,0.31592393508703487,0.31226057587026684,0.33012391788519213,0.035933825546331385,0.32890900551233004,0.3212991429136066,0.3395187887026779,0.2990111936791726,0.3391462528835899,0.319847419013913,0.3257042090750561,0.2876144038818065,0.38995016465613724,0.3182572915631145,0.34782428012652433
TSs133,0.27116592217374985,0.26622974653824455,0.32275815051901485,0.3440055553426298,0.2534419469133144,0.30484214275651317,0.31242796070297385,0.3157869555031273,0.3198911300350796,0.30885062901589744,0.3480822417581955,0.3756825206951688,0.30608775200782223,0.2861576334018878,0.30172182706754574,0.2658164186977314,0.0,0.27455076996191213,0.33484866778098776,0.3268940127600732,0.3366890692126293,0.257387290390582,0.322705266351122,0.32088311170999534,0.28823756766397796,0.312814588390395,0.30547070454674935,0.31849969697944847,0.32075886183759494,0.28548432459965833,0.3423504904858749,0.3273726068663276,0.34672458833594494,0.32048920451774865,0.2996999762939236,0.31378277501601365,0.3732563447956981,0.3474029666773451,0.3331751015268027,0.3659202562920256,0.31353901506981074,0.3056756810367809,0.29446952714920266,0.3346233986311436,0.33549047869282245,0.30617686644850617,0.3239398406103436,0.29813235922709885,0.3470960085354187,0.29213634230881463,0.3135651320902404,0.30209718861138796,0.2942747697933764,0.27289776282035977,0.31764831345039335,0.2909083795931659,0.36416773868172736,0.3586548844086155,0.29994694987276144,0.33544889572382564,0.3692589915693527,0.31951444558762776,0.3027659256734928,0.3143412613577048,0.3191326046807641,0.2964407378844262,0.3637917657060432,0.316309521707513,0.3178677929121602,0.35482978478583443,0.30647190113253847,0.3190022387823867,0.3049130473773685,0.3336293974786963,0.3316371658146519,0.3547422779899627,0.32368485725117885,0.32368948986109547,0.31200409371526844,0.32563982913064654,0.3188528545129733,0.3069234394997599,0.3279018517194267,0.26590307364384635,0.31709664690123707,0.31191866613684416,0.3319232983246492,0.295344457423978,0.3285757090774407,0.31852989290501915,0.3110290897405242,0.27820858207412114,0.37673411751579056,0.3038912054981623,0.3304345624055042
TSs155,0.29380902219054905,0.27968807064989926,0.3220336544592956,0.3503231093549913,0.26605906428334125,0.30923126627288106,0.3012773027144669,0.30743462455714415,0.31690267212010836,0.3140634531818756,0.3248823983753747,0.38414055281646,0.30429965112424145,0.29183822774362456,0.3079094478028372,0.2801615797442329,0.27455076996191213,0.0,0.32972758504040556,0.3211127157064984,0.34374440865895534,0.25911834544036866,0.31416143474386926,0.3101986895027894,0.2966115079429735,0.3164412636269581,0.31115246288252324,0.3077575243984023,0.3197495400903316,0.26896145728204723,0.33135125963180695,0.3372153934994013,0.34624364565623383,0.3308030766856562,0.30677450914796195,0.31186939429979704,0.3434700282596406,0.34343775982444513,0.3239244178570322,0.37395109849124053,0.3151761376748402,0.2980969733123116,0.29440490949204795,0.32762561542204327,0.3437618103526964,0.30904691823457736,0.3050024170554414,0.3072427748375444,0.3313455983232438,0.2913715097139491,0.32035164071681393,0.3035789890592938,0.3121888111437193,0.2805294463120265,0.30825995275817425,0.29943017201494654,0.3725733473847729,0.37953674954964495,0.3167986591907512,0.3413925497452814,0.36594356017690227,0.3087037523494788,0.3066045603777228,0.32351365341070537,0.3302620155015489,0.30120790373371076,0.36791934036603696,0.3144749654574957,0.3168147929570119,0.34161093509635426,0.3009966671383503,0.33380715319581566,0.3143127974095052,0.3381399645878282,0.32691961760375043,0.36759496965744987,0.30807797352009325,0.31971562999073005,0.28917142684316643,0.32177941285758227,0.31173709865496324,0.3038589445392226,0.3076758071055913,0.27995391357569566,0.30801594694136036,0.308654610516139,0.32669765444099746,0.30420219786647773,0.33218893552891887,0.31420344850260823,0.3038673428187395,0.28463720084190863,0.3546030278784622,0.32670158429203233,0.33801142947275586
TSs209,0.33249268012447053,0.34050468709851217,0.27383765514410296,0.2911788533767055,0.3015718073960707,0.2876619381627804,0.2449509963528212,0.2543175155655741,0.2694657977056276,0.2615424061273056,0.27908631674133405,0.327604660746589,0.2700086190839591,0.3415290929119183,0.28026680565865114,0.34098009153741987,0.33484866778098776,0.32972758504040556,0.0,0.2719433754349211,0.2972380457824196,0.2847542179929807,0.2614970676619118,0.26005010673213896,0.2712308127707469,0.2802137495171855,0.2606280936428521,0.2633282439170957,0.2858146416455135,0.29268910687065713,0.2904085625825552,0.28130369900030555,0.2782715122160177,0.3037961785866272,0.27678617858390575,0.24732349964633787,0.30980900176734366,0.3333335062112726,0.26959544179475897,0.3402545028184663,0.27706884861497905,0.25199000172082064,0.2632485909742775,0.28332487214747115,0.26972542469497246,0.2865693023794793,0.26679699496507603,0.2874886940065721,0.2644121738459559,0.26112223193190426,0.2580450424128007,0.2729304438858762,0.3333068911611856,0.2636127214445236,0.2513614060120703,0.2677602596608499,0.3160492830899368,0.3287248828123682,0.2790956001100774,0.25156538969633035,0.3132071552968376,0.2450078098038104,0.291968935385747,0.26200695639849825,0.3043392778301122,0.2703601412729798,0.3001621532332007,0.2520604679957487,0.25517662023324256,0.2953872416392616,0.26457284814699705,0.29774264380412657,0.27149263965040116,0.29342934975910445,0.25478500765214024,0.352259819557251,0.2693819577964643,0.2968067520414057,0.26256230058277025,0.270329789460431,0.2950841643902344,0.26205812785601035,0.2600093545820408,0.34019479902606,0.2517840520451764,0.2581037878030659,0.2849120924150843,0.2661667312792583,0.27727472673807024,0.2659886314627195,0.24899664134392147,0.2656940148606908,0.32731666224963624,0.28814548597981043,0.29428029121089255
TSs136,0.3189437194749847,0.33259597696018683,0.23665909812036906,0.2880849974311414,0.29618138939800703,0.25300150929208826,0.22875208510741613,0.2645570308248169,0.2600550612653158,0.2564739585189884,0.29247409439653427,0.2618315714192744,0.2712842987896014,0.3260621371344105,0.2438767010912627,0.332500058485582,0.3268940127600732,0.3211127157064984,0.2719433754349211,0.0,0.27668257080589936,0.2801489278188753,0.2698376568878826,0.2624089908304774,0.276118167732315,0.2623482991804869,0.2559610448012907,0.2532279689715423,0.27032318508447933,0.2759346942356199,0.25266704902455067,0.26092997489761416,0.28950679565708376,0.245206423875021,0.263574788039413,0.258866486228584,0.3177853268476195,0.32439802765413334,0.2665691077925146,0.34141786810709535,0.24027883169229894,0.2573680204569241,0.2674801458715215,0.3006398692809462,0.2591551174046012,0.2788929103062765,0.27443618753881344,0.28156358932529346,0.28914890288264455,0.2539646190471156,0.2516930267889453,0.2268174462596057,0.3398933139376395,0.26023229351694954,0.2666383706938448,0.26913991416831107,0.3294930375394376,0.3245021100538548,0.2686660582486927,0.2650733708497629,0.2994771333858261,0.24752861982549204,0.23811727450030618,0.23596533381420354,0.28752831881994856,0.23665909812036906,0.3005237474079532,0.26274630644525127,0.26124622944698495,0.30687697291051924,0.2744400262583946,0.2580085224044372,0.2769090420681798,0.2614329728448636,0.26808782411431326,0.29153299000930505,0.26877889914273595,0.24994259774118754,0.25882626876568665,0.26162433924655665,0.25151165784803525,0.25476667879473447,0.25459927213196953,0.33207322644255594,0.2521904044201033,0.24849716387248735,0.24852956786387426,0.2341775724465084,0.27853474611328594,0.2529592124928074,0.22698953969549615,0.2446501227657577,0.3504701318705705,0.30695083935018175,0.29394298908149236
TSs22A,0.3389574793553192,0.343158469645126,0.27499570786021027,0.22556011739834236,0.3137078050837403,0.2248287153491369,0.2710545277960618,0.28813687522961384,0.25079679138063493,0.2779146956269387,0.30996946737559844,0.34575570788786303,0.28144117914512434,0.3451942809046222,0.2611393147586175,0.3428745324288264,0.3366890692126293,0.34374440865895534,0.2972380457824196,0.27668257080589936,0.0,0.298664865124193,0.2872010625683944,0.2635878568486738,0.26545165689926387,0.28011604116015815,0.27866933858496,0.24753101376968586,0.2637020414568621,0.3008926253743944,0.29714548485740083,0.259006134682321,0.2944716416700087,0.21953209674829502,0.26833985655127485,0.2651091371955487,0.3353807546977271,0.32585603416971026,0.2866229383093916,0.3385295778145971,0.27596119468658187,0.2642911855412058,0.2875871057673614,0.26059925507923337,0.26804818737453917,0.30358787328667663,0.2820258155374299,0.2814440256976797,0.3019357330824785,0.27161065425133035,0.2567620568380366,0.251710995577697,0.3456357758850302,0.26519307067893955,0.28206112422072177,0.2639010585776526,0.3376800113295159,0.30373756456457646,0.26534575231409857,0.26147512019152297,0.3230918061550882,0.2788927606153147,0.2323946099335213,0.27811763075112955,0.3017046826145658,0.25944434705021907,0.3225851264369148,0.2733341454466414,0.2717740333459528,0.32221765501538663,0.28366762654915384,0.2818536707812282,0.28984244798107656,0.29285698518634334,0.2807625329192892,0.3279297751294569,0.2877031952043408,0.2328953819590481,0.2501004424134297,0.28338071805229825,0.2450232013496247,0.2703420606402679,0.28122637500008846,0.34254835684627494,0.2689010810665945,0.2734518485229247,0.2412257763258658,0.26546860736206807,0.2858999370450355,0.2630844377014913,0.261440757456929,0.24163669484007927,0.35113264034278713,0.3051549275877807,0.3246989223056758
TSs357,0.24828094383435345,0.18488779379627265,0.2738833670829119,0.3017708751299634,0.2238473032496189,0.26574820899518264,0.2654991937964279,0.2729105572474888,0.26770854035924224,0.27059937339263335,0.29810170369590905,0.33915689082607847,0.2627467932235792,0.25634933998133996,0.26243537452898813,0.18587285963193392,0.257387290390582,0.25911834544036866,0.2847542179929807,0.2801489278188753,0.298664865124193,0.0,0.2780904738675574,0.27157394391756234,0.24367740914217834,0.2615501997432175,0.253516526996724,0.26025996602757995,0.2767664627268016,0.22917522373804475,0.29756404890732685,0.27530893222517694,0.29986883611959947,0.28495609546909023,0.2551306009614148,0.26944195810658633,0.32703959694713186,0.30700507798190985,0.28940198419966584,0.3318376670162146,0.27402492143873447,0.2553440866136545,0.25498808495120384,0.28419114538090756,0.29164028666600755,0.2787631653997857,0.27022045032096675,0.2524951011083225,0.2966433861885378,0.24422562104388468,0.2730394848792654,0.2592307901630543,0.2714001802031353,0.23233382346589146,0.27078353619459256,0.25247334964396306,0.33582902288771205,0.323185732625334,0.2662235603907342,0.2852113846655476,0.31923388342083625,0.27242126897521934,0.2659681637095369,0.2690328059511785,0.27660332000526355,0.25209175495880826,0.3164918019995281,0.25786315869645254,0.26875707301126817,0.3155720441482568,0.2580125860752729,0.2812556492767717,0.25842491462967854,0.2920157085060734,0.28198031752499886,0.328729361373033,0.2725733650147796,0.2796477025642972,0.27835329579056534,0.2830062459082109,0.2761569917184675,0.2602088319459233,0.2755682558252524,0.1855610953673992,0.2682411056132234,0.24770436916848929,0.283346791253371,0.25446950823926623,0.2758273846341073,0.27306444875614133,0.2655740598819011,0.24189996954974913,0.34691838503833916,0.27772203717945704,0.29269690146693933
TSs161,0.3141669930181837,0.33431634757180584,0.2599501166009105,0.27159255102389507,0.296246535198909,0.2549930782417089,0.2315447418417018,0.2487792543997918,0.22954666798690668,0.24561974510199494,0.26695170728665535,0.3099608302149863,0.26117307688809616,0.3181860361090148,0.27240323223037377,0.3336981904576689,0.322705266351122,0.31416143474386926,0.2614970676619118,0.2698376568878826,0.2872010625683944,0.2780904738675574,0.0,0.23446112985601394,0.2591517006341434,0.25333069313983714,0.25119632423565647,0.24863999465800157,0.2679153566588392,0.2762492780184897,0.2830240580857221,0.2612783397320464,0.26906554994812104,0.28551833416889943,0.26464262829655305,0.23915220405716264,0.29681051442012024,0.3047078991556521,0.24895610069507243,0.31470879616994824,0.24233973054904054,0.23653780141215341,0.21475581178840078,0.28576432554852443,0.24265563135546486,0.27302264644512436,0.23783506072965765,0.2793900761991883,0.2609579215164187,0.23758696443997543,0.24122489037454564,0.25290053085243286,0.3258803920072491,0.2496825248642,0.2434467981933569,0.2515380704016855,0.3078765843830998,0.3204593129407489,0.2620516402842145,0.27110382260895044,0.2802483603933092,0.2493255957679234,0.25873212381405414,0.2463206318104175,0.297151995135117,0.25213897580665107,0.29482363387977983,0.24562046449745387,0.2575753889443298,0.2689130312712533,0.254631478772154,0.2818567357510285,0.25876855232521745,0.284577443178944,0.23837479104865075,0.33678958693994226,0.2264959605198913,0.27390047453624883,0.24033365064143958,0.2350999903975286,0.2794416384735576,0.2428850734799311,0.25497725329803095,0.33411013189380645,0.2339399693824745,0.2455264968022863,0.26407845675920716,0.25844286143531714,0.2613491119606828,0.24234387373120203,0.23256743331479193,0.24483119060554975,0.3209294134132692,0.28380137841972825,0.2931505266748222
TSs11,0.31512234905844366,0.33040895818325805,0.24814216460271843,0.2559753873454871,0.2865387123579048,0.2496462901717884,0.23322101773869597,0.24238796174321905,0.23610497704535607,0.24038449530527048,0.26550428487226524,0.3203986844737884,0.24233979025177652,0.31908465764262484,0.2513049606222126,0.32932356648499683,0.32088311170999534,0.3101986895027894,0.26005010673213896,0.2624089908304774,0.2635878568486738,0.27157394391756234,0.23446112985601394,0.0,0.26006090079294125,0.25283550537774013,0.24621063684669203,0.22255938471308598,0.2651370669954415,0.2744243187667812,0.27416518944448004,0.2596713975554941,0.2648859827923461,0.2617632774521017,0.25528374559908623,0.2207033746217107,0.29559651906437234,0.3048993882771749,0.2432400943287978,0.32443102247345645,0.25063145449728896,0.22586133557542842,0.23296825398331528,0.2833693984985365,0.2507179625676432,0.2730499961053019,0.25456389315326927,0.26774636650133327,0.26292138638238277,0.231117221513346,0.23898325337182968,0.24292662041842242,0.3219906813696503,0.24966950207559696,0.24358056177443213,0.24437024016809272,0.3027327811052191,0.31060599838729913,0.2607502326807755,0.26328677459936617,0.2930520387576208,0.24090293378559674,0.2576780128232358,0.2458156250468469,0.286240727219879,0.23667138168337187,0.29971715411934047,0.23724961791994909,0.2478019162570786,0.2890932662634694,0.2435608152837012,0.26419366397710853,0.2673571564639623,0.27407998690897434,0.24631091615423556,0.322229953429746,0.2438264333754026,0.2648951189484069,0.23512139839988458,0.23765653065224152,0.2640558022081231,0.23548444652621472,0.23592232429028112,0.3296791177359328,0.2354106206455726,0.238780963836458,0.2537472335935976,0.24071723236110118,0.2722944238822497,0.24625574263112598,0.23625571254751723,0.22873791818500186,0.3227944680929157,0.27346885809258126,0.2984777374541541
TSs5A,0.2868266825295811,0.2902981036293921,0.26530653965281464,0.28079430731463706,0.2586805324801293,0.24574335181949214,0.25161446505733764,0.2632297448283084,0.25116844791102705,0.25481003399990865,0.28901578814914314,0.32494495926366973,0.24918368035854546,0.2865291168698233,0.2575718884859684,0.2905234967427788,0.28823756766397796,0.2966115079429735,0.2712308127707469,0.276118167732315,0.26545165689926387,0.24367740914217834,0.2591517006341434,0.26006090079294125,0.0,0.25447384451441846,0.24991386234622462,0.24686319901725787,0.24921494385878667,0.2601917793740729,0.2804498298257089,0.24962098650880188,0.2671167146526439,0.27421370981233,0.2551126601723144,0.25565415191387814,0.31290713176697954,0.31558529188873524,0.26151096481364206,0.3047618359366355,0.25750975250179536,0.23891393361388158,0.25081056984286804,0.26895335839789314,0.2697631838616343,0.27317178686688587,0.26626287985102975,0.23464049338590928,0.2762701993598829,0.24420687911591116,0.25586028034744585,0.25780706557321814,0.29552602363657304,0.23162749744558228,0.248004966552463,0.18467423986375858,0.3180243903163801,0.3098351547264346,0.2352248134945053,0.26923034273794133,0.31105119455877905,0.2471873320756789,0.2639985838792376,0.24764397523313286,0.27561394186153565,0.24854008804851965,0.3019607474418559,0.2416599938573513,0.25782896948524736,0.306526048284764,0.24338410139237507,0.27212686911047784,0.2532602998376239,0.2803094440008419,0.26653747838237823,0.32672250067509034,0.25954047529926366,0.2661791378470844,0.26887570657396415,0.26854492128380214,0.27067505710119233,0.24621648803238333,0.26276084054243815,0.2904688363177144,0.2535954197252534,0.2517748314770603,0.25807239330948206,0.24138820711185877,0.26002652887362687,0.26107361914248056,0.2476098481596147,0.23746064933489616,0.32447877910945067,0.2690220122649619,0.30120675695914884
TSs131,0.3094043431951895,0.31890859631830404,0.24353860324454182,0.2827805705848556,0.2865290131383973,0.2552634719214333,0.2462416054576,0.26272141313770736,0.23795895681644505,0.24460794739124664,0.2902712653703571,0.29889924775839927,0.25829436176135595,0.3175426373467062,0.24652549384480585,0.3187450884299497,0.312814588390395,0.3164412636269581,0.2802137495171855,0.2623482991804869,0.28011604116015815,0.2615501997432175,0.25333069313983714,0.25283550537774013,0.25447384451441846,0.0,0.2509893550550293,0.24573173347520708,0.2382186510827701,0.2780792933943057,0.2751216460809762,0.25687499328424807,0.2646642876170817,0.2581945575094602,0.24993498980631956,0.25601982241666127,0.317804743373729,0.3126473044422729,0.25092999594014126,0.3090572986741598,0.2326883212161252,0.2443269666961012,0.2501671645888923,0.2904741609472893,0.26136382930754276,0.2787474889243763,0.2616579779485971,0.27168330875543795,0.27347244080631383,0.2482688344762753,0.23875376219571923,0.23955787264714437,0.31550392575685776,0.26030131584037,0.2616891988098137,0.2564735856543751,0.3003032135220354,0.31354429040046383,0.25888884669005613,0.27424281832534037,0.28086663557476277,0.25202570800325585,0.24306435781400187,0.2457740342486702,0.2709851399348156,0.248540921644386,0.2873049886199346,0.25678479030945645,0.24932715375777043,0.29821400296648526,0.26513991068525666,0.2574601150278626,0.2493234302256751,0.2683908809581127,0.2529390315934492,0.3101479897741977,0.25837158431567764,0.2543578220457274,0.25916042361385866,0.2629884984341735,0.2580990601052962,0.24148557107202775,0.2676340747095262,0.31929941532174305,0.24526965796130637,0.23561497158458986,0.2581259465440136,0.24549680425079373,0.2519923096536819,0.2490575665625018,0.23485571127067828,0.2403592930007925,0.3333145756910696,0.2828142124902414,0.29515337039517864
TSs294,0.30648852938111104,0.3118860652958899,0.25443470931915063,0.2742138343143926,0.2760893608204572,0.2511211094182014,0.23462767442521057,0.24751620589476656,0.2432972022668226,0.2306294408476716,0.2843495172365421,0.306006187128105,0.2614253917588659,0.3165958599602927,0.2466660044584134,0.31132419094066655,0.30547070454674935,0.31115246288252324,0.2606280936428521,0.2559610448012907,0.27866933858496,0.253516526996724,0.25119632423565647,0.24621063684669203,0.24991386234622462,0.2509893550550293,0.0,0.2483243224658605,0.25524082616107296,0.27508573229168143,0.2789115892988148,0.2535048917804352,0.2739083498747492,0.27376575384901397,0.2528101404721724,0.2415183964973652,0.30983463920080473,0.31411144137204494,0.2558842716557677,0.31936149622164145,0.2403338285845557,0.23261746280699566,0.24125016026484652,0.24814561986902947,0.2571203687045506,0.2656282680101802,0.26232412085670614,0.25607737520610846,0.2638069511844794,0.23878527697372035,0.23801122986368847,0.23817277052204905,0.31080668817933266,0.2409152444953079,0.2487085136428957,0.2459629177148499,0.3057609137498712,0.311193330229358,0.23823046153381117,0.2672195823442467,0.2906839544035602,0.24647601479773798,0.25411104357013387,0.24297230448322152,0.28004622051099803,0.24208745276973234,0.2954445256426495,0.22813855201611924,0.24720073046144647,0.28985623237313646,0.2512831901119964,0.2558713718789917,0.23762728800577865,0.26315236332942377,0.2587364799743736,0.3095377805288712,0.25709290176428057,0.2663325910466503,0.2537007946037583,0.25792188793381116,0.26396953291800374,0.23219516615533575,0.2538381154855933,0.3112761632247341,0.2396924876475924,0.22945703076440407,0.25878589164809684,0.24224345363479044,0.2562294497130216,0.255281632338921,0.23565815966035272,0.2278150481692586,0.33564898203378735,0.2678259482704769,0.2827073444687893
TSs378,0.3088198759470202,0.3245098226919039,0.24128665998164378,0.24374444473149384,0.27934995075912084,0.24351173308597052,0.23960542054218692,0.25316892672769276,0.23023380740037405,0.24208856515296034,0.2783160234997542,0.3146909071339792,0.24504179562279718,0.321253356674199,0.2512355379604421,0.32317301926938646,0.31849969697944847,0.3077575243984023,0.2633282439170957,0.2532279689715423,0.24753101376968586,0.26025996602757995,0.24863999465800157,0.22255938471308598,0.24686319901725787,0.24573173347520708,0.2483243224658605,0.0,0.23444619069027317,0.2665506512871877,0.2708712845728156,0.24097842528846955,0.26353915095022784,0.261431707906623,0.2441561684029974,0.23620556752587926,0.2974085981519905,0.30467245752117617,0.2550748415276419,0.31518788701289924,0.2460648211735012,0.23540488279624044,0.24996739045579494,0.2558111032154277,0.24927151577422038,0.2707037261580985,0.24452843816039843,0.25489820416525333,0.2731856562390984,0.23861145382164253,0.22984472208141976,0.22706621571079016,0.31714937860977727,0.2453869519604212,0.23819051214983908,0.2377010843668302,0.31315331063528423,0.30386426873734085,0.2589076987110463,0.24723508359541868,0.283024725101078,0.23775153691923917,0.24814816368344708,0.2406763794466998,0.2835871755504365,0.23364789750226367,0.28691089449936646,0.22850262226297946,0.2251293277028534,0.2836063988532504,0.24515023467953842,0.2602457214594954,0.2586199924779037,0.2724907898347425,0.24380271594175715,0.31981133213935503,0.2504310561160759,0.231306772584531,0.24082489313601613,0.2535884774146585,0.26238199114569966,0.22706440471816028,0.23339796293462353,0.32406920540782697,0.23710236855517897,0.2383213554136001,0.2508743802228823,0.24615771168336842,0.2571709110192453,0.2507683416409094,0.2238659703437045,0.22702400724360025,0.32613117704344585,0.27930153800383073,0.29050617014471203
TSs336,0.3233378110298451,0.3296865994553538,0.2532756192590263,0.2725630514496977,0.28156826828922243,0.25801113196319464,0.24638016464367918,0.2666476366311703,0.22319339627021953,0.24906059424076282,0.2951353532109951,0.3123505484137404,0.26522558921992917,0.32233079504637036,0.25725378112447883,0.3289129046143374,0.32075886183759494,0.3197495400903316,0.2858146416455135,0.27032318508447933,0.2637020414568621,0.2767664627268016,0.2679153566588392,0.2651370669954415,0.24921494385878667,0.2382186510827701,0.25524082616107296,0.23444619069027317,0.0,0.284681559766788,0.2821379284976072,0.2457994233421721,0.26319661004617734,0.2634394456766495,0.25838020982248766,0.25371522060115004,0.32230927823407224,0.30275882763523765,0.24784476280945758,0.3227525807424459,0.25372312410711007,0.2507459457356998,0.2658249572471902,0.2867925591073284,0.2660794589343005,0.27441277323678176,0.26773271754802985,0.2630040770373284,0.2774221854871724,0.25093035856503426,0.23532808702280417,0.2413672402947548,0.3077515522052171,0.24567752300045045,0.26416081648737827,0.24199836607596023,0.30421438327775446,0.318661499446173,0.268172677412456,0.2717539268406982,0.2912427555838026,0.25859472051972165,0.2573342997443546,0.24546600346257075,0.2843948617011188,0.25638378948470214,0.2864618052269689,0.2516766456513531,0.252325573340095,0.31127997155237136,0.2617837678590466,0.2647152681888958,0.2565160248438105,0.27001329560478615,0.25667998999934216,0.3254639000464268,0.2688865770757311,0.2548598290662635,0.2599161368000055,0.2729986033767317,0.26699987153887134,0.24524798933502515,0.25710646864179,0.3297846516068575,0.2559333473382608,0.25039489874946697,0.24846478452040066,0.26076208788460914,0.25696540119687417,0.2670442435491927,0.23888394610761188,0.2365623480195076,0.3417924954818227,0.2804404893358781,0.29236635270853956
TSs111,0.25666931971263635,0.25936801028724665,0.27654761001663425,0.31139950416130474,0.2484465193149745,0.27682966195963676,0.27053109429150984,0.28592732782719676,0.2736218513600548,0.27541819220422126,0.30151237532868197,0.3372401219895074,0.27609071040489763,0.26362439821621114,0.2754780290974875,0.25973526224982,0.28548432459965833,0.26896145728204723,0.29268910687065713,0.2759346942356199,0.3008926253743944,0.22917522373804475,0.2762492780184897,0.2744243187667812,0.2601917793740729,0.2780792933943057,0.27508573229168143,0.2665506512871877,0.284681559766788,0.0,0.29809302151831063,0.2893645303880983,0.2831201714576221,0.3029324919277661,0.2721521454107897,0.27847744137095504,0.3280352084274239,0.3314159612745778,0.2905106158052691,0.33203307947664557,0.28025373038865686,0.2655973997354523,0.266053452941688,0.2871807700873582,0.2885802845066039,0.2920097207781239,0.2777721428826481,0.2727785103888052,0.30419454760513426,0.2541284381290684,0.28093877292187536,0.272202066893874,0.2961633398026098,0.2528131733693199,0.2835226218666853,0.263953975477965,0.33382155613169173,0.3267301743948449,0.2789348967961869,0.3041615506478126,0.3369822548233254,0.2769238571129277,0.276373708517577,0.27548554002136544,0.2954766362945692,0.25693781766095464,0.31988128450621606,0.2729538672739415,0.27966578620800286,0.3123736192961641,0.24835878520636345,0.29167416649665884,0.28028640963463847,0.30551516843128257,0.28785058873598757,0.33688453698824766,0.28348640120678886,0.2958690722169739,0.276851412621552,0.2826462220995763,0.29003978984746603,0.2732286603188014,0.2709496189685578,0.25896568952975,0.25085846959579,0.26920519885239036,0.28863084628506097,0.2603740367974502,0.2973032997798038,0.28702026540003717,0.2693067500344092,0.25991441607351357,0.3499691295600296,0.2903044793398605,0.30901424927919247
TSs56,0.34184493859330495,0.35853859666737653,0.2512765748612922,0.30330796878180377,0.31069522954656986,0.26804751583726283,0.25691757409139476,0.26898792041899766,0.27817338070313846,0.26094440221337484,0.2970464636544458,0.27946663427844487,0.2809233078694642,0.35255629854391635,0.25090194402617216,0.3584519278267936,0.3423504904858749,0.33135125963180695,0.2904085625825552,0.25266704902455067,0.29714548485740083,0.29756404890732685,0.2830240580857221,0.27416518944448004,0.2804498298257089,0.2751216460809762,0.2789115892988148,0.2708712845728156,0.2821379284976072,0.29809302151831063,0.0,0.2829939637381018,0.2980856425605792,0.28119781227148594,0.27085732822776776,0.270240794589904,0.29403123006729925,0.3406542392311826,0.2744570644365343,0.3435282082795202,0.2543694158393554,0.25833625030848434,0.28178731513345423,0.3030470025721094,0.27774956907827203,0.2900994728053447,0.2793058188930849,0.3035404516860277,0.29246320497216305,0.2677067763931112,0.2642420097075496,0.2487492336710434,0.3480147385413009,0.27947232822452994,0.2820299129670675,0.27947813413782746,0.3365810627209012,0.3324825608770873,0.2742279461439727,0.28848656699591085,0.3202727986721256,0.2632122137445862,0.26917985056264265,0.2481844050013104,0.3154247460874745,0.2576491116440407,0.3141224212990058,0.28148142803528065,0.28299280160963525,0.31148774976061405,0.2784171086775568,0.2623533734014439,0.28600778467352256,0.2619913053519191,0.2790460800903789,0.291301601210085,0.2801880995779005,0.2861954335488137,0.2767603977732877,0.27914723771769756,0.2716077177315538,0.2668311601298622,0.27047622698627405,0.35765111515241027,0.26186477806307995,0.26146760222922044,0.26415636301971146,0.25331700171478616,0.29974791739772166,0.2708960280054022,0.2651197591840341,0.2718697660996872,0.3296995759249939,0.31419067974058446,0.3208373011846972
TSs3A,0.3235299203329548,0.33711872045058683,0.24447746474722526,0.2682735610353298,0.2967624625393571,0.2576564580318987,0.24340697178000242,0.26608278638245814,0.2446464293574095,0.2628289462425051,0.3001371574723722,0.3153710670842955,0.2708558368973303,0.3240664548195981,0.2509097801116521,0.3360603238860909,0.3273726068663276,0.3372153934994013,0.28130369900030555,0.26092997489761416,0.259006134682321,0.27530893222517694,0.2612783397320464,0.2596713975554941,0.24962098650880188,0.25687499328424807,0.2535048917804352,0.24097842528846955,0.2457994233421721,0.2893645303880983,0.2829939637381018,0.0,0.2900068538266799,0.2539368608146917,0.2542006811964145,0.23429588628768255,0.3230124450096673,0.30805417999840123,0.2686110849022415,0.31638517458763454,0.2610641336563769,0.24992306508511467,0.25971909474776694,0.2815836153015889,0.25780135465419585,0.26545439229416795,0.27484261230468165,0.26615128877254784,0.28232409362473776,0.2524174243273481,0.22752852737454873,0.2452628103766369,0.3208351777719227,0.2562710602613643,0.2607994235990059,0.25278872098344196,0.323540022077206,0.30602444243153926,0.2507313897860641,0.26445671101673784,0.2755684057250554,0.2588203315433704,0.24775918829503657,0.2507250593973305,0.28169239416605574,0.24976912416192557,0.2630024586636768,0.25285385022115336,0.26575680435641835,0.2997661103665782,0.2578054410663359,0.24301907661743685,0.25537180336292237,0.261709465782956,0.2560948033724371,0.3246001870447801,0.27344657511056175,0.2463626243431334,0.2596503250310245,0.23597032021484826,0.26752116927810915,0.2458978817054337,0.27007426442027027,0.3357467693455513,0.2660248687044705,0.24464087889987934,0.22710014236587345,0.2461158553251594,0.25366620414867386,0.2542007641132424,0.2570543193119366,0.23874672772626646,0.33867421976394524,0.29231074213433755,0.2879629398291478
TSs95,0.33795521951703056,0.3485055183891994,0.27469998090291775,0.29034261403473477,0.31295457962785117,0.29344352209107594,0.26920717677667916,0.2860054296001361,0.26578807477881206,0.26700623911101895,0.305540469796183,0.3181006147707162,0.2874207402496115,0.343294864764199,0.290095198923833,0.3474847281993188,0.34672458833594494,0.34624364565623383,0.2782715122160177,0.28950679565708376,0.2944716416700087,0.29986883611959947,0.26906554994812104,0.2648859827923461,0.2671167146526439,0.2646642876170817,0.2739083498747492,0.26353915095022784,0.26319661004617734,0.2831201714576221,0.2980856425605792,0.2900068538266799,0.0,0.30349114438163055,0.28488431239685746,0.27368629619669294,0.327647704015278,0.3392446511860497,0.24575904745400304,0.3169667882474225,0.2728201653550223,0.2677635554783907,0.2828205852613952,0.292464554235585,0.26042011950244,0.3072726046846172,0.28355553480556506,0.29680882037661016,0.27985844671221455,0.26057894558550593,0.25718769053113905,0.2827401684526885,0.3505238712420354,0.2742892234681755,0.27798228296934485,0.2678665048572489,0.2959462987745215,0.3339038081673658,0.272637019944692,0.2864408606612656,0.31653980313566094,0.2718728367262137,0.2868047661861804,0.267874791491271,0.31316319198280473,0.27842778613475594,0.3036844839663728,0.26664709157531724,0.26600471532899944,0.32992717962587137,0.2781322871292159,0.29397845221474705,0.2703157285037434,0.2961133398766072,0.26255273809753155,0.3503627392693672,0.2748259969340569,0.29767166999006034,0.2820723661446267,0.2959240269719927,0.30502113952882165,0.271194475725392,0.2676236419337568,0.34850261503978225,0.23392973987797164,0.2649597552587678,0.2896911789084633,0.2775388221493517,0.27074075188442714,0.2889203376894743,0.2632787847031574,0.27469349482714406,0.34050154716720316,0.2869127961799039,0.3109582195949741
TSs2,0.31546543119418846,0.32886484284303874,0.26481063640256824,0.2658091287320231,0.3029440289092092,0.21576642888685826,0.2597380264039976,0.2853835017268342,0.25636027579255666,0.27675343606212477,0.30351082155537973,0.3421684570587284,0.28076085332437056,0.3213017054818354,0.25037466613864,0.3279102658346222,0.32048920451774865,0.3308030766856562,0.3037961785866272,0.245206423875021,0.21953209674829502,0.28495609546909023,0.28551833416889943,0.2617632774521017,0.27421370981233,0.2581945575094602,0.27376575384901397,0.261431707906623,0.2634394456766495,0.3029324919277661,0.28119781227148594,0.2539368608146917,0.30349114438163055,0.0,0.2551843884983107,0.25729816824165724,0.3246161455244414,0.32787801814530104,0.28879011821211314,0.33704264744324874,0.2659498285719989,0.2618747930848868,0.2771043797191445,0.30477619106829973,0.28063485536574334,0.2827497617029468,0.28152865590284365,0.2832700770569652,0.3058054613457704,0.2594724523300251,0.2623988043569893,0.2240365269597859,0.3312227578779937,0.269211887793529,0.2847920638762508,0.2710702004047014,0.34559656236554176,0.29327469293894315,0.2675597859083665,0.26036080640372733,0.31574534368607715,0.2744854876417323,0.18388244696422984,0.27044148094604803,0.28351361049877055,0.22590338186479678,0.32083233516821263,0.2757868660053857,0.267418732744511,0.31697674599249875,0.29175117573045956,0.2527950429123265,0.2880049611855117,0.27674649492015624,0.28084532666324097,0.3014672342059964,0.2827338493973087,0.2131534029920138,0.25255665299964153,0.26246526927009595,0.21109859547001708,0.2639427157281799,0.2831736777632156,0.32844925159205646,0.26658896573320345,0.2669902058597339,0.2260628663464401,0.23411530621482238,0.2841408113561484,0.26357176491156953,0.2543366261642434,0.21328527762678554,0.3545035104344538,0.30138600408699706,0.3085845697251582
TSs44C,0.2927060369530981,0.3079910918836542,0.2543519400312178,0.2779825715555497,0.27005223539519524,0.25375076762618887,0.2459274788371903,0.23812658690041585,0.24808624467103005,0.24741753363999125,0.2862672840803546,0.31157994541955597,0.2366740049400209,0.2956418520431171,0.2450209022470067,0.30723251020634085,0.2996999762939236,0.30677450914796195,0.27678617858390575,0.263574788039413,0.26833985655127485,0.2551306009614148,0.26464262829655305,0.25528374559908623,0.2551126601723144,0.24993498980631956,0.2528101404721724,0.2441561684029974,0.25838020982248766,0.2721521454107897,0.27085732822776776,0.2542006811964145,0.28488431239685746,0.2551843884983107,0.0,0.2524521378950174,0.3038589380653658,0.3101018238704668,0.26437739327334286,0.3214928670869991,0.255354093600395,0.24526811423253267,0.24582312101860207,0.28421918299821664,0.26861952248334947,0.23305533664723577,0.2598321952689142,0.25095263084107844,0.2757121467292628,0.2416623352396735,0.24977433232810758,0.22736514552068932,0.28311604305456206,0.23887513409561809,0.26256812064298124,0.25349177132700895,0.3232092701843684,0.31526549666041737,0.25808544420846535,0.2650556922458108,0.3003935823959423,0.25838593477620425,0.22634789801565594,0.24877296802774798,0.26861359588679967,0.2386929160235,0.30799872949696555,0.24997587611895666,0.248257339055841,0.30667974658763336,0.2671878067424138,0.2529504896781287,0.25507729345370667,0.2576987981683855,0.2647195512792621,0.3016896592172176,0.2677150680121669,0.2561644419150506,0.255504533693619,0.2631027465955004,0.24262846418143486,0.24142977695249565,0.24967488979466554,0.3071130610194589,0.2544475170423803,0.24306898314061218,0.255170453009095,0.22073425540249217,0.27052795313378736,0.24714807027899552,0.23907414719953032,0.24099693936284672,0.33662566450218445,0.2775351864987463,0.28310514680925775
TSs201,0.31464875666913994,0.32591079704172166,0.24227388770045954,0.2618071335858355,0.28544310342019247,0.25125199808763327,0.22557857053020045,0.23845302431828813,0.2350142660991199,0.23272013371729916,0.2704569549425021,0.31508473554956246,0.24241973544991918,0.3238123003243501,0.25238152454797896,0.32529525584905933,0.31378277501601365,0.31186939429979704,0.24732349964633787,0.258866486228584,0.2651091371955487,0.26944195810658633,0.23915220405716264,0.2207033746217107,0.25565415191387814,0.25601982241666127,0.2415183964973652,0.23620556752587926,0.25371522060115004,0.27847744137095504,0.270240794589904,0.23429588628768255,0.27368629619669294,0.25729816824165724,0.2524521378950174,0.0,0.29441207413997705,0.2986331952771325,0.24852015008963715,0.3261155400467442,0.24962503280878695,0.22042429544775313,0.24111842639442857,0.2781515245064117,0.24690129496055213,0.2661989193862423,0.23949133761551614,0.26572240404772696,0.26502054770026157,0.23536405480079253,0.2359079420992546,0.2408408789412362,0.3227826240032651,0.24907022592172107,0.23301398469945908,0.2437430455226602,0.3171465412043269,0.3064592378526273,0.2520483102181206,0.25815694378189813,0.29009287566773745,0.22400665772290562,0.24655727160233587,0.23107649855604162,0.27587651084740517,0.23215202418098937,0.2659346391861085,0.24033518774585536,0.23576880309942025,0.2750855883183412,0.23866787893444547,0.23719111923868688,0.2506219683954148,0.2629276010526928,0.2447176780884633,0.32441443402249615,0.2447184607804238,0.2580268766030205,0.24055526403779964,0.23194417165917858,0.25918717407037095,0.23335419875597538,0.24169229678043117,0.3253107449875588,0.2276720617378813,0.22966001384706938,0.24189921698695688,0.22568954786799342,0.25918763893671,0.24104493438311464,0.22386177790557216,0.22032428487946742,0.3251737595979365,0.2739131979998449,0.2822907906387067
TSs217,0.37869544402328414,0.3822392612447793,0.32004547618979323,0.33957945270653117,0.3377861963644375,0.3164788733496698,0.30274945984562235,0.29175534535429604,0.3100874782362083,0.28430112848840355,0.29468916497233205,0.37172210264688377,0.31414110287872016,0.374322857978545,0.3216726291703151,0.3822689878826962,0.3732563447956981,0.3434700282596406,0.30980900176734366,0.3177853268476195,0.3353807546977271,0.32703959694713186,0.29681051442012024,0.29559651906437234,0.31290713176697954,0.317804743373729,0.30983463920080473,0.2974085981519905,0.32230927823407224,0.3280352084274239,0.29403123006729925,0.3230124450096673,0.327647704015278,0.3246161455244414,0.3038589380653658,0.29441207413997705,0.0,0.355538133265389,0.31284463645149313,0.3684268200554052,0.31315003708694295,0.289532763784047,0.3000187605994259,0.3351923028767326,0.3210944224991775,0.322113098742205,0.2863306640231055,0.3262786720482587,0.30425058394720733,0.3058362540363728,0.31012323000616415,0.3066535811453404,0.36882502509505916,0.3069358241913618,0.3061949438503587,0.3041687590442074,0.35715026413001366,0.3691566951763808,0.3146790851965602,0.33326297382912523,0.35448205342806444,0.2967140123294344,0.32017252123731715,0.30968630327727265,0.3506017783088213,0.302608563427203,0.3418459741530951,0.3098355993878502,0.311109344223567,0.3115523297911972,0.2958111898415505,0.32702793848838185,0.32161323720239127,0.3329278252007993,0.30547839423055434,0.3703152147708116,0.29015345669936093,0.3220857203040689,0.299473596619211,0.28753878814677636,0.31935247109596776,0.30401612773184206,0.296226048835662,0.38242864427605694,0.28831954990517034,0.30350369648026154,0.31737839497928455,0.3128672148461807,0.3268987279145199,0.3136533374441543,0.2932098527611618,0.3039660029761925,0.30915265703180184,0.33367501220209916,0.34324982766173184
TSs168,0.35330608948567077,0.3520835956644144,0.30614896319987583,0.3253161812742599,0.3224886524993527,0.3034408874990606,0.3041002774039074,0.328082823173041,0.2966103914270199,0.3159553991422184,0.3487480185518505,0.36957872030217925,0.3087929322928103,0.35662800886391355,0.30981987800938393,0.35148230344411097,0.3474029666773451,0.34343775982444513,0.3333335062112726,0.32439802765413334,0.32585603416971026,0.30700507798190985,0.3047078991556521,0.3048993882771749,0.31558529188873524,0.3126473044422729,0.31411144137204494,0.30467245752117617,0.30275882763523765,0.3314159612745778,0.3406542392311826,0.30805417999840123,0.3392446511860497,0.32787801814530104,0.3101018238704668,0.2986331952771325,0.355538133265389,0.0,0.32295466945429446,0.3645576972703002,0.30153331743245226,0.29931258583342285,0.3062191702184574,0.3427041300827079,0.3180712621284854,0.31702018632512224,0.27534362149193964,0.3165034421506971,0.34208675687117795,0.2945697143923774,0.2940401921434175,0.30426401728943575,0.3639496180220329,0.2919440498818487,0.295420469333974,0.28635721474685644,0.36553935491383555,0.36941530525247024,0.3064604463851038,0.332860284695218,0.33403983267682297,0.3078101731750672,0.3067815564244848,0.310753525336404,0.322820130641858,0.30965584244277794,0.3324130444893948,0.31640226993560605,0.3068618584471782,0.3517619853034363,0.2996460528122893,0.3215374293897899,0.30769326389970025,0.3400897345590896,0.30109993443842226,0.3808175927051797,0.3075039502572476,0.3154363838546022,0.3086678149089604,0.3281116128551867,0.32473936538784515,0.2889341875536909,0.32059308730493424,0.3518633229754566,0.2996633171729208,0.31997370805619063,0.31801814040891546,0.3025584566513344,0.3163577836500128,0.3115063502977997,0.296871540432583,0.2849684081081491,0.38073181022666247,0.3320749394652962,0.2534855851361683
TSs98,0.33966318447031074,0.3470924769006877,0.25676462329922894,0.28046380992510417,0.30106976810480934,0.27964709207863314,0.2361355139271685,0.2562219063484579,0.2486396482433782,0.2421730899790731,0.277784162338378,0.30500428101279836,0.2715529356034528,0.3412793105257015,0.2598151873386823,0.346384971951784,0.3331751015268027,0.3239244178570322,0.26959544179475897,0.2665691077925146,0.2866229383093916,0.28940198419966584,0.24895610069507243,0.2432400943287978,0.26151096481364206,0.25092999594014126,0.2558842716557677,0.2550748415276419,0.24784476280945758,0.2905106158052691,0.2744570644365343,0.2686110849022415,0.24575904745400304,0.28879011821211314,0.26437739327334286,0.24852015008963715,0.31284463645149313,0.32295466945429446,0.0,0.3241968957556096,0.2491051726122749,0.24542836507880192,0.2594781789732365,0.29373913631183124,0.2514729371815487,0.27938954647020575,0.2627219864533191,0.2882666240009136,0.22718022556579734,0.2463687695198448,0.23420322094512674,0.25495943433119794,0.34040965772724335,0.2613704019548315,0.2525693108986169,0.25774905463784575,0.27742246567314366,0.3253507802030993,0.2648805814259054,0.2780094324456671,0.29302512204828907,0.24080310675128558,0.27554925163672894,0.23753794263163797,0.30380107993451316,0.2603004981815814,0.2882460043305577,0.25195712474442666,0.24996519654668048,0.30243542012564,0.2573348305153332,0.2730563494068819,0.25365733591197925,0.2684102715823713,0.24539576897305845,0.3295616368003123,0.2584034661824315,0.2809441671551298,0.2591690245449817,0.26819168912157787,0.2858165104926849,0.2483510011708359,0.24477880298100074,0.3473635037400384,0.23603687013595007,0.22318010652842807,0.2612474905709596,0.2598393410696288,0.261068504627441,0.2646023453856572,0.23344657321799714,0.2557032169184643,0.32331458107698063,0.2884998975466634,0.2925805748046366
TSs116,0.3678842717860493,0.38042446627113746,0.3290824137396111,0.336220788891125,0.34362410772870455,0.3191957593491428,0.3189063162567853,0.3347804896409083,0.3152483463067994,0.31208934040443986,0.34668128132679893,0.3756604412614787,0.32829287753688025,0.36781198818199795,0.3147402360098537,0.3795609687261081,0.3659202562920256,0.37395109849124053,0.3402545028184663,0.34141786810709535,0.3385295778145971,0.3318376670162146,0.31470879616994824,0.32443102247345645,0.3047618359366355,0.3090572986741598,0.31936149622164145,0.31518788701289924,0.3227525807424459,0.33203307947664557,0.3435282082795202,0.31638517458763454,0.3169667882474225,0.33704264744324874,0.3214928670869991,0.3261155400467442,0.3684268200554052,0.3645576972703002,0.3241968957556096,0.0,0.3191594227654625,0.3066103367741577,0.32739039279580134,0.3364327625275648,0.3169907167518419,0.33786436490687816,0.3211438248061554,0.32939229021835925,0.3306807924314765,0.3082242272194567,0.31541796559445384,0.32374855430461774,0.3776060575998938,0.31286179235046085,0.3049682892633446,0.3092925582011689,0.3625995684883614,0.3704328657864121,0.30186905012696846,0.33898378724349504,0.3381881042889031,0.3124043943644858,0.3192633793252131,0.31435309341240614,0.34548356733977326,0.3113066599878892,0.35385124201121393,0.3008988040595278,0.31430735357144807,0.3533966578449739,0.3278863845671809,0.3348382363782756,0.3101165802433501,0.33521613282562746,0.3174105420980312,0.3776358328052142,0.3313988019793108,0.3301137360350757,0.3282818582038048,0.33296468895128617,0.3364347131289982,0.3078132649473848,0.3325155945341028,0.3794072662965653,0.31702573035728754,0.31732208555645436,0.3355604622246138,0.3181927923718451,0.3138185328168878,0.3299378632342301,0.31384057969964896,0.3082858319844971,0.3891701599005966,0.3328407349695928,0.34015029024292287
TSs53,0.3157979169553609,0.32801724429481843,0.21572922209652082,0.28218147376055724,0.2875961347979957,0.22719651257055257,0.22398809468830322,0.2615236377533031,0.2296380412874951,0.22837822529255536,0.29113554155026833,0.2768033555111006,0.24879672707689235,0.3161372799755322,0.21084989860925468,0.3272370750028994,0.31353901506981074,0.3151761376748402,0.27706884861497905,0.24027883169229894,0.27596119468658187,0.27402492143873447,0.24233973054904054,0.25063145449728896,0.25750975250179536,0.2326883212161252,0.2403338285845557,0.2460648211735012,0.25372312410711007,0.28025373038865686,0.2543694158393554,0.2610641336563769,0.2728201653550223,0.2659498285719989,0.255354093600395,0.24962503280878695,0.31315003708694295,0.30153331743245226,0.2491051726122749,0.3191594227654625,0.0,0.23761770596789905,0.2553017156438154,0.2791751305222665,0.2538940215709045,0.2686242316107803,0.24773224476950478,0.27085101646150717,0.27921188696165217,0.24153643614554174,0.22719159390983876,0.21483594178292098,0.32960350177675884,0.25340795223328116,0.2538866807246661,0.24722804876388024,0.3112525321592812,0.316092629980894,0.24795614565350918,0.2721990848862031,0.27353699937426523,0.23978956186191774,0.25328735041796824,0.2226885422831608,0.28045691661630645,0.22988429605795677,0.28578377516592773,0.2559568808077752,0.2542972134815053,0.30800118077054506,0.25510467328311365,0.21203445168837237,0.26077884015186,0.23011740192746646,0.24073733988448398,0.23444108412897333,0.23172557496029972,0.2585517831208876,0.25507071075459165,0.2665670990896784,0.24039484723406754,0.21874875848731878,0.24268621510751381,0.32824952488763,0.24554906235132473,0.23436449909006477,0.2328891349779927,0.22906448942173926,0.2515637156909048,0.21050171471029033,0.23287637269306152,0.2425835723499477,0.33056968759680155,0.2774205964353972,0.28746392433651685
TSs63A,0.3068667085759908,0.31318302891709376,0.23713027902562175,0.26028609824080473,0.2722180188821261,0.2371349915379369,0.22908016750011365,0.24349658343268174,0.24275254576266142,0.2346892732592302,0.26353451744949413,0.30297490693823653,0.24552142796830223,0.30786792808251856,0.23487852040403678,0.31292642952883104,0.3056756810367809,0.2980969733123116,0.25199000172082064,0.2573680204569241,0.2642911855412058,0.2553440866136545,0.23653780141215341,0.22586133557542842,0.23891393361388158,0.2443269666961012,0.23261746280699566,0.23540488279624044,0.2507459457356998,0.2655973997354523,0.25833625030848434,0.24992306508511467,0.2677635554783907,0.2618747930848868,0.24526811423253267,0.22042429544775313,0.289532763784047,0.29931258583342285,0.24542836507880192,0.3066103367741577,0.23761770596789905,0.0,0.2410130325929299,0.26717290205728583,0.24930673106405724,0.2616601505546192,0.22971554315986276,0.25355425000805815,0.265107798220177,0.2260908237331281,0.23320509296457353,0.22837216589121836,0.3096460455435279,0.236059221730094,0.2293042562048865,0.2282578153564997,0.3057735371148444,0.30424893283052984,0.24214414787989258,0.25424434753628206,0.29648182872603307,0.22811867798209876,0.23987176061066784,0.22958486286327492,0.27239960653568784,0.23055117903373679,0.2883926026498235,0.2392809583800929,0.23455003746400388,0.2839328576310121,0.24147422075567787,0.25171268332063296,0.2508546285523107,0.25363050804723897,0.24149614100430772,0.3035105858042152,0.23730042346813807,0.24729755586089872,0.23802527892794387,0.255409812050771,0.2516495745818851,0.22938965622073204,0.2285583816985413,0.3132262194394469,0.2169721712038737,0.22532695478344875,0.2481348360167687,0.23040245051109648,0.2548023049268707,0.24211160334803514,0.22101165997782526,0.22583179581272428,0.3157136044767574,0.2729765671949627,0.2758392177306171
TSs158,0.29610396850725434,0.3099629143340801,0.2588125242458604,0.2816502699428036,0.26571323977364497,0.2581848355997833,0.23899619667959304,0.24399620209899767,0.25481637951513364,0.24302052466167903,0.2724276694300302,0.31451967867126207,0.25670213848426576,0.29269474176997035,0.2552407486493519,0.3099532516594484,0.29446952714920266,0.29440490949204795,0.2632485909742775,0.2674801458715215,0.2875871057673614,0.25498808495120384,0.21475581178840078,0.23296825398331528,0.25081056984286804,0.2501671645888923,0.24125016026484652,0.24996739045579494,0.2658249572471902,0.266053452941688,0.28178731513345423,0.25971909474776694,0.2828205852613952,0.2771043797191445,0.24582312101860207,0.24111842639442857,0.3000187605994259,0.3062191702184574,0.2594781789732365,0.32739039279580134,0.2553017156438154,0.2410130325929299,0.0,0.29100881070666723,0.26673860246516,0.2586357274435528,0.25806728549487934,0.25952331096293607,0.2699269747363019,0.24108782107371876,0.2511860870717605,0.24613055737928172,0.29655392886585774,0.23799859386559954,0.2528876790993622,0.2442960883385758,0.3101965867865955,0.3096226068555684,0.263270027752687,0.2748798950267796,0.30507632068525087,0.25307751050706623,0.25844787683259607,0.2500600522267914,0.27724021287386313,0.24345956331215166,0.3022678446455384,0.2501039354726852,0.2509426047594892,0.2798737378559066,0.2571982257385316,0.2636502578244344,0.25714525186621334,0.2755921458758216,0.25533392153161655,0.31978026544111393,0.24998282221394685,0.2644832436545859,0.25047382974158416,0.24065035414161262,0.2671677310577231,0.24927494126650454,0.2570534185186753,0.30967864225208347,0.24229406957329322,0.23874388300849111,0.26226895604159645,0.24479071936554592,0.2722837068210999,0.2629146511212344,0.2426068603397395,0.234445871493723,0.3242079575242944,0.273301112092757,0.29226288604314893
TSs269,0.32764092069825973,0.331117820511578,0.28520854628791426,0.23416003361118962,0.30805444737141485,0.2548748184343662,0.27492470971559313,0.29578365551682845,0.2621067412935494,0.2815552289205751,0.3119909077310307,0.34911289476194723,0.2797120023051411,0.3453915763536157,0.2817545474255253,0.3310343723160425,0.3346233986311436,0.32762561542204327,0.28332487214747115,0.3006398692809462,0.26059925507923337,0.28419114538090756,0.28576432554852443,0.2833693984985365,0.26895335839789314,0.2904741609472893,0.24814561986902947,0.2558111032154277,0.2867925591073284,0.2871807700873582,0.3030470025721094,0.2815836153015889,0.292464554235585,0.30477619106829973,0.28421918299821664,0.2781515245064117,0.3351923028767326,0.3427041300827079,0.29373913631183124,0.3364327625275648,0.2791751305222665,0.26717290205728583,0.29100881070666723,0.0,0.25385432765549276,0.3020167770746169,0.2860182784787968,0.2776418192520963,0.30817219115320094,0.2670364009049699,0.27083203739960937,0.27422415567250363,0.34287103680205255,0.26522502258635744,0.282967875758715,0.2687432228950974,0.34034736214980255,0.3163089748752979,0.27994544548740313,0.27521256528051724,0.31436112202006605,0.27304574595496434,0.2823539540954418,0.28550592955533893,0.31140926784377804,0.27315404282428635,0.31650270735412084,0.2690324263082121,0.27783385604449373,0.33254179805500744,0.27853401310048215,0.3014971510260413,0.2832927282433832,0.29572966941567097,0.27974843367077074,0.3526998964306201,0.29101679124363533,0.2882656482895279,0.2682114422972118,0.3054391292374402,0.2901794494333443,0.2785319168413512,0.2901782729215006,0.33111476469976336,0.28310879598299804,0.2770889582344688,0.2863376069068013,0.28638232508298095,0.2888575643363025,0.2720648032494788,0.2668861606036219,0.26190118617019836,0.34687509147166823,0.2938361791593904,0.3225374739083557
TSs317,0.33197363309693484,0.34718041953415657,0.24479190534631026,0.2485508766809788,0.3061329926325038,0.25130873668612147,0.23464249659986974,0.2679152716073271,0.23956280374004535,0.2505421375243161,0.28727576466569676,0.3000429727790103,0.26307610729123054,0.3424765068597535,0.25935190391313867,0.345913693904991,0.33549047869282245,0.3437618103526964,0.26972542469497246,0.2591551174046012,0.26804818737453917,0.29164028666600755,0.24265563135546486,0.2507179625676432,0.2697631838616343,0.26136382930754276,0.2571203687045506,0.24927151577422038,0.2660794589343005,0.2885802845066039,0.27774956907827203,0.25780135465419585,0.26042011950244,0.28063485536574334,0.26861952248334947,0.24690129496055213,0.3210944224991775,0.3180712621284854,0.2514729371815487,0.3169907167518419,0.2538940215709045,0.24930673106405724,0.26673860246516,0.25385432765549276,0.0,0.2863642713865113,0.2674667484725186,0.26450488427041147,0.27542828466748986,0.24815035570770974,0.2251495229670889,0.2586949495507729,0.33789687229249243,0.2532581057171607,0.2627584068592567,0.25710237313436435,0.2857124712642581,0.3177706957737131,0.26879517333588143,0.26669990881793065,0.2800433477114383,0.2518918467949264,0.25145729106703035,0.2418693294557683,0.29167890170289895,0.25283013452331377,0.28036210925098626,0.25040826731737964,0.25602686574813305,0.3048181516331553,0.26018150332830586,0.2698629430403098,0.27142418620301784,0.27889266849893285,0.25433170096736823,0.33020446409386595,0.2628321170393535,0.2766598932252193,0.2562290859020816,0.2616943943147262,0.283708746666372,0.24962356073370423,0.26452711905887333,0.3465909291353947,0.2505378829024281,0.2483854131688479,0.26781475500598323,0.2516788529290166,0.2600128109035505,0.2599322489378463,0.24035230552093892,0.25404421177909475,0.33564324356029857,0.2908461598256967,0.3022830526461783
TSs49A,0.3041515373975845,0.3275300336910521,0.27330715983858755,0.2960470208101389,0.276988361821627,0.2670476047736583,0.2605562921800433,0.26443735529182477,0.2707686858647171,0.2697700105682262,0.294192675980837,0.3370729444264568,0.2782841620436092,0.30798136757729566,0.2575748999165496,0.32675965067065876,0.30617686644850617,0.30904691823457736,0.2865693023794793,0.2788929103062765,0.30358787328667663,0.2787631653997857,0.27302264644512436,0.2730499961053019,0.27317178686688587,0.2787474889243763,0.2656282680101802,0.2707037261580985,0.27441277323678176,0.2920097207781239,0.2900994728053447,0.26545439229416795,0.3072726046846172,0.2827497617029468,0.23305533664723577,0.2661989193862423,0.322113098742205,0.31702018632512224,0.27938954647020575,0.33786436490687816,0.2686242316107803,0.2616601505546192,0.2586357274435528,0.3020167770746169,0.2863642713865113,0.0,0.2783985702002328,0.2885945416239571,0.2944101407702193,0.26213636568253695,0.266755210034544,0.24776826130750265,0.3051623260101031,0.2624874625033327,0.29012873251394344,0.27391459092411696,0.335725212716887,0.30823463252400674,0.27572250481928784,0.2947924152000027,0.3175904343276852,0.27784253332575654,0.25085368813275294,0.2663959589026249,0.2821754857050662,0.2570630642539893,0.318766039422376,0.2796152802947251,0.2759210810200438,0.3037413657582571,0.2751343500926498,0.266716070125053,0.2801267608267851,0.2807205598363256,0.2676031883440444,0.317628391485708,0.2674127195179752,0.27970967115640627,0.2714411764988065,0.2760846264224015,0.2699453015935503,0.2711272646843452,0.2743468671713666,0.3272894726353704,0.2740098885143575,0.26195970362798887,0.2819204395843775,0.24560243150061653,0.28868861044730154,0.2736906064722041,0.25586331192311645,0.24259152865028363,0.3425762957634298,0.29678619498801667,0.29739793360849376
TSs417,0.3215680748290995,0.3285484343515519,0.258546231545064,0.28175480457636154,0.29723931395485226,0.26121447933010417,0.24560919565039493,0.25826666390284436,0.24612831638111587,0.24714177102008802,0.25986515905344765,0.3212975112155762,0.25466487422693534,0.3261925528690992,0.2670613515674548,0.3281185434814474,0.3239398406103436,0.3050024170554414,0.26679699496507603,0.27443618753881344,0.2820258155374299,0.27022045032096675,0.23783506072965765,0.25456389315326927,0.26626287985102975,0.2616579779485971,0.26232412085670614,0.24452843816039843,0.26773271754802985,0.2777721428826481,0.2793058188930849,0.27484261230468165,0.28355553480556506,0.28152865590284365,0.2598321952689142,0.23949133761551614,0.2863306640231055,0.27534362149193964,0.2627219864533191,0.3211438248061554,0.24773224476950478,0.22971554315986276,0.25806728549487934,0.2860182784787968,0.2674667484725186,0.2783985702002328,0.0,0.28224091819939345,0.26335763419992086,0.24747244934464047,0.25525251449074143,0.2548000724550072,0.33480078385115836,0.25681970729637954,0.24393343115848873,0.25590719642512344,0.3294305637504136,0.3261544697730304,0.2637363556196911,0.2787778888848124,0.2916399209605839,0.23815216338010065,0.2631174057921088,0.25060021797762777,0.29210653439302076,0.2368056652128979,0.3007238173551651,0.255148430431167,0.24394671137360796,0.28067591551189436,0.24680194061425134,0.2738247464502727,0.26312684578698936,0.2791217318511586,0.24416531497033334,0.3219918735082657,0.20607119432857132,0.26790197041111685,0.24059676356820495,0.26289225386452864,0.27220716220642416,0.2300054190513265,0.2523905153127705,0.32850465170411897,0.23204774044612855,0.24620802261123867,0.27340859851949606,0.25177962886065774,0.2616666945635817,0.24931203343243952,0.23353471163504053,0.24321563714910716,0.32538396334987946,0.29952764947403915,0.28671808771633883
TSs195,0.30060097461729357,0.29343912474562867,0.2727313957403588,0.2796505298319897,0.24852802229902862,0.2552104515812373,0.2613841537390949,0.2819951950493298,0.2690365990063914,0.26106278344056916,0.3018291672192461,0.3344746911967156,0.26808012659882385,0.280490179064264,0.2635396945674231,0.29232626148778845,0.29813235922709885,0.3072427748375444,0.2874886940065721,0.28156358932529346,0.2814440256976797,0.2524951011083225,0.2793900761991883,0.26774636650133327,0.23464049338590928,0.27168330875543795,0.25607737520610846,0.25489820416525333,0.2630040770373284,0.2727785103888052,0.3035404516860277,0.26615128877254784,0.29680882037661016,0.2832700770569652,0.25095263084107844,0.26572240404772696,0.3262786720482587,0.3165034421506971,0.2882666240009136,0.32939229021835925,0.27085101646150717,0.25355425000805815,0.25952331096293607,0.2776418192520963,0.26450488427041147,0.2885945416239571,0.28224091819939345,0.0,0.2929557090114725,0.24856385394774147,0.26091132960220775,0.25730408168447555,0.3046038523583686,0.21371487520065802,0.26720545198789986,0.2384264131804138,0.342347379272417,0.3304257231929713,0.2642154717243404,0.2840970060574973,0.31715065090042194,0.27075462594784355,0.2665580922396613,0.26428814146476975,0.28710244054264655,0.25962062107640477,0.3126879227440009,0.25092863972773205,0.26437030968620984,0.3230521830723903,0.2610191087668171,0.2746228069612697,0.2613215519475152,0.28417343409664453,0.27249211414529545,0.3276413046110053,0.2744372033632401,0.27481709217159134,0.2698226894590166,0.2866142254048865,0.27736373788336316,0.2589656699874727,0.27514215497318917,0.29297585555666905,0.27509293069104934,0.26076963899315503,0.2689571089452151,0.2604234296984127,0.2688739810945997,0.2735553606434806,0.2659943014417602,0.2534706067642742,0.34441712313781814,0.26672298789076243,0.2972908303250118
TSs371,0.3455930879900034,0.3550609434724845,0.2775150196813174,0.2981837294025085,0.3145116878187902,0.29978388537322986,0.26339965768207485,0.2600945072902741,0.27950416270983847,0.2571548291722959,0.2777070377004953,0.3235488050131077,0.28318747809760614,0.3468496588203629,0.28476962374738934,0.3556866756355604,0.3470960085354187,0.3313455983232438,0.2644121738459559,0.28914890288264455,0.3019357330824785,0.2966433861885378,0.2609579215164187,0.26292138638238277,0.2762701993598829,0.27347244080631383,0.2638069511844794,0.2731856562390984,0.2774221854871724,0.30419454760513426,0.29246320497216305,0.28232409362473776,0.27985844671221455,0.3058054613457704,0.2757121467292628,0.26502054770026157,0.30425058394720733,0.34208675687117795,0.22718022556579734,0.3306807924314765,0.27921188696165217,0.265107798220177,0.2699269747363019,0.30817219115320094,0.27542828466748986,0.2944101407702193,0.26335763419992086,0.2929557090114725,0.0,0.26669442079952266,0.26928221981393297,0.2836831412161471,0.3408628798978661,0.2713195938565187,0.27472922477144135,0.27419249372986704,0.3197745846274509,0.341973871534854,0.2797070700096719,0.2904162324101936,0.3105270636392067,0.26555443689644626,0.2881863554132653,0.2663062597467848,0.3102603214649306,0.27332561870602196,0.30900152651429436,0.25491411824496124,0.2733408487405888,0.29765668794170036,0.26890593043720296,0.2905959910786397,0.26807780165078327,0.2936315956473106,0.27214628307640254,0.3452776157668544,0.2637061456210027,0.2940663447414261,0.26492928824501055,0.2705114654196225,0.300630809854254,0.2590284520884262,0.25012308315908344,0.3554510226218813,0.25513037691667584,0.25078744443486606,0.28319126009049783,0.2747920619563704,0.27283282800732417,0.28439740461192964,0.25486606872512585,0.27521570292897274,0.30995284257093464,0.3043138752547252,0.31379998433251177
TSs23,0.287344049555494,0.29506369959929446,0.23435839739517314,0.26131360033710593,0.24791682124028513,0.24171675131224332,0.22933061528986,0.2469127732399156,0.24725751810061855,0.23782191664919697,0.27357893013256296,0.30990621040619254,0.23720167055213726,0.2901578602888474,0.24177638575889457,0.29437087308965726,0.29213634230881463,0.2913715097139491,0.26112223193190426,0.2539646190471156,0.27161065425133035,0.24422562104388468,0.23758696443997543,0.231117221513346,0.24420687911591116,0.2482688344762753,0.23878527697372035,0.23861145382164253,0.25093035856503426,0.2541284381290684,0.2677067763931112,0.2524174243273481,0.26057894558550593,0.2594724523300251,0.2416623352396735,0.23536405480079253,0.3058362540363728,0.2945697143923774,0.2463687695198448,0.3082242272194567,0.24153643614554174,0.2260908237331281,0.24108782107371876,0.2670364009049699,0.24815035570770974,0.26213636568253695,0.24747244934464047,0.24856385394774147,0.26669442079952266,0.0,0.22536171228370686,0.23542462251008647,0.3018061468715821,0.22965239583308802,0.23275594823736118,0.23061407957303692,0.3082906773914729,0.30280985772531344,0.2384427282009814,0.2649127716971229,0.2827178494072672,0.23414959450689793,0.24023574759489533,0.23103560872673912,0.26325692308717513,0.22358527914126766,0.2840527564999735,0.24280391299539422,0.24316322711848398,0.29339212889442184,0.24604463521645803,0.2580840134819349,0.23771126120564978,0.2653078402688546,0.2401798395359105,0.31242024999318857,0.25187587128331274,0.2573983506976453,0.23847622963655685,0.2533386937501004,0.2585313960471674,0.22588249237135338,0.24299062044284542,0.2947650590314944,0.23015016935239022,0.21493484928228618,0.254749405783359,0.22847586055972752,0.2533996778137934,0.24535001021727953,0.23464542146449244,0.21767408982946088,0.32491861412720896,0.26063868556824465,0.27019166701235314
TSs51,0.3249148219934047,0.3307179114411649,0.23468473123942912,0.2579605020154878,0.287335580904336,0.2511556450845795,0.22552680223533414,0.2522819911432576,0.22989535749407805,0.23188652974084828,0.29119153503417605,0.28854748920604023,0.25712554814978356,0.33006136914399486,0.2440338802949396,0.32910114810233926,0.3135651320902404,0.32035164071681393,0.2580450424128007,0.2516930267889453,0.2567620568380366,0.2730394848792654,0.24122489037454564,0.23898325337182968,0.25586028034744585,0.23875376219571923,0.23801122986368847,0.22984472208141976,0.23532808702280417,0.28093877292187536,0.2642420097075496,0.22752852737454873,0.25718769053113905,0.2623988043569893,0.24977433232810758,0.2359079420992546,0.31012323000616415,0.2940401921434175,0.23420322094512674,0.31541796559445384,0.22719159390983876,0.23320509296457353,0.2511860870717605,0.27083203739960937,0.2251495229670889,0.266755210034544,0.25525251449074143,0.26091132960220775,0.26928221981393297,0.22536171228370686,0.0,0.23648060580748884,0.3179971626283572,0.24564400550474141,0.23974544377550153,0.2411076661726327,0.2904735160176677,0.3028661130639372,0.23374229525971965,0.25668660878932475,0.2790500114463636,0.22811867798209876,0.24667013164579502,0.23023543288358994,0.28222105741847364,0.23955086179059215,0.26618191402151736,0.24244839330838086,0.24165245670376784,0.3018756234995567,0.24538052004365402,0.2505510940891693,0.23966710167480487,0.262020078560446,0.24153210106944298,0.3182033165272132,0.24667783142515903,0.26018174930850907,0.254542080446978,0.2552413264296621,0.26737736055059647,0.22447459800675976,0.24027317626668046,0.3301566497476028,0.23055117903373679,0.22309692187921903,0.2389276985336242,0.238012473033154,0.24512190786036012,0.24977441671433662,0.22735942402352205,0.226681749121131,0.3130241439692908,0.26507042360941474,0.2681861421192135
TSs59B,0.3039584178269085,0.31212756837078903,0.22309018528216512,0.24231439429128912,0.27155022291113823,0.19852285986762097,0.22143895020322776,0.2525636805395713,0.23172835226506874,0.23632241906382134,0.2896357630694939,0.28418779402627703,0.25354676354556394,0.3001340246290548,0.19422911348432903,0.3105795889494206,0.30209718861138796,0.3035789890592938,0.2729304438858762,0.2268174462596057,0.251710995577697,0.2592307901630543,0.25290053085243286,0.24292662041842242,0.25780706557321814,0.23955787264714437,0.23817277052204905,0.22706621571079016,0.2413672402947548,0.272202066893874,0.2487492336710434,0.2452628103766369,0.2827401684526885,0.2240365269597859,0.22736514552068932,0.2408408789412362,0.3066535811453404,0.30426401728943575,0.25495943433119794,0.32374855430461774,0.21483594178292098,0.22837216589121836,0.24613055737928172,0.27422415567250363,0.2586949495507729,0.24776826130750265,0.2548000724550072,0.25730408168447555,0.2836831412161471,0.23542462251008647,0.23648060580748884,0.0,0.3066992110882694,0.2443848525662294,0.25868774494169317,0.24784826946214367,0.3212648229940027,0.30098581652998047,0.2424616145007812,0.23906759899235203,0.29697142951128636,0.2432940143080931,0.21085904880165438,0.2255283915825121,0.2744591375545033,0.20624854311839766,0.2970381437859967,0.25249923596258034,0.2502532298727344,0.29769202255853705,0.2554072751756276,0.2011207993913552,0.2592985479593168,0.22090617191036677,0.2558164367181033,0.22402249137168068,0.2563125169841946,0.2141795143134785,0.22391372185256345,0.2563488350793126,0.18134102325048473,0.21827857655489005,0.2480549885667041,0.31138409853003923,0.23696802770383635,0.22702745939910687,0.2287874678207501,0.2064552027437909,0.2677835753471173,0.22458965622409435,0.22135943621178655,0.21176910503223517,0.3390610007697517,0.28460847972091974,0.28084826697999465
TSs365,0.3104313641448607,0.2963019277371688,0.32889906579325967,0.35060204683552676,0.26544688307986475,0.31880643310994555,0.31163358892184373,0.3028519713174321,0.3109804556519347,0.31692098323454243,0.3381944668051852,0.3768034133311303,0.30805501006409675,0.3080263591699605,0.3193016658656115,0.29697467872122846,0.2942747697933764,0.3121888111437193,0.3333068911611856,0.3398933139376395,0.3456357758850302,0.2714001802031353,0.3258803920072491,0.3219906813696503,0.29552602363657304,0.31550392575685776,0.31080668817933266,0.31714937860977727,0.3077515522052171,0.2961633398026098,0.3480147385413009,0.3208351777719227,0.3505238712420354,0.3312227578779937,0.28311604305456206,0.3227826240032651,0.36882502509505916,0.3639496180220329,0.34040965772724335,0.3776060575998938,0.32960350177675884,0.3096460455435279,0.29655392886585774,0.34287103680205255,0.33789687229249243,0.3051623260101031,0.33480078385115836,0.3046038523583686,0.3408628798978661,0.3018061468715821,0.3179971626283572,0.3066992110882694,0.0,0.2849575132771998,0.32368000159275084,0.29835821767526993,0.36675925939423154,0.35740686455829856,0.3131507864481481,0.3381097039944413,0.3596143470439283,0.3245358762900456,0.31084114699120197,0.3180416113987762,0.2980473901652038,0.30714579982273754,0.35952721118604397,0.3158027266720264,0.32483639450852086,0.34875497853387805,0.3112201122855882,0.3264582229390088,0.317581799418609,0.33935111101943516,0.33927657636749714,0.3785120263643873,0.3236311701776448,0.32647931194883134,0.3301832733308482,0.3276860736407431,0.3322710866720039,0.3082842017762353,0.3259837978511997,0.2959074388419052,0.3224886738706628,0.32114990258084314,0.3372366041580219,0.28685742097173816,0.33468293141951094,0.3295599121715387,0.31170488081369646,0.2949204511910074,0.3877647749063049,0.31944266790749354,0.3430085953459696
TSs224,0.2828228852577064,0.27531202020084644,0.25400986235506223,0.2694811161993067,0.23104883215232103,0.24746076344062745,0.2326507960226783,0.24537591459887656,0.24140400908935297,0.25183139531079796,0.27860739766409315,0.3133342224385909,0.2449586245785437,0.2758127712937423,0.24512075229020266,0.27437031780940246,0.27289776282035977,0.2805294463120265,0.2636127214445236,0.26023229351694954,0.26519307067893955,0.23233382346589146,0.2496825248642,0.24966950207559696,0.23162749744558228,0.26030131584037,0.2409152444953079,0.2453869519604212,0.24567752300045045,0.2528131733693199,0.27947232822452994,0.2562710602613643,0.2742892234681755,0.269211887793529,0.23887513409561809,0.24907022592172107,0.3069358241913618,0.2919440498818487,0.2613704019548315,0.31286179235046085,0.25340795223328116,0.236059221730094,0.23799859386559954,0.26522502258635744,0.2532581057171607,0.2624874625033327,0.25681970729637954,0.21371487520065802,0.2713195938565187,0.22965239583308802,0.24564400550474141,0.2443848525662294,0.2849575132771998,0.0,0.23778860571597918,0.22419650915985498,0.3166347095778817,0.318824328091173,0.24056180888866976,0.26456042568870675,0.2993650973948438,0.24796097626169733,0.25010500974980865,0.24849268415471681,0.2656321010570117,0.2368724795083487,0.297006093525412,0.23323565370825453,0.24701238770003378,0.2878780477734695,0.24523152686979668,0.2728732407276625,0.24897424019414627,0.27499178700184007,0.24724665213123248,0.3214619749927979,0.25198932966442233,0.2656183619813753,0.24716812138391564,0.25189250145433,0.26277645357044727,0.23802213379221243,0.2467992620759324,0.27416627320549253,0.24010137389882993,0.24350540730511744,0.25149419673241724,0.2308046442922551,0.2591442778697309,0.2616684917909291,0.2432604712407949,0.2246449725510439,0.33057292942877203,0.251343308281633,0.2769443484780064
TSs325,0.3282185553964536,0.33146204416542735,0.2514387948481735,0.2792542256286942,0.28768764245543843,0.26821940879358225,0.23134325906992584,0.253094799939988,0.2523339266747527,0.23870354077641623,0.27047824626945194,0.3237716016022521,0.25347406345696716,0.3317374796339243,0.25645512641226675,0.33113468949637787,0.31764831345039335,0.30825995275817425,0.2513614060120703,0.2666383706938448,0.28206112422072177,0.27078353619459256,0.2434467981933569,0.24358056177443213,0.248004966552463,0.2616891988098137,0.2487085136428957,0.23819051214983908,0.26416081648737827,0.2835226218666853,0.2820299129670675,0.2607994235990059,0.27798228296934485,0.2847920638762508,0.26256812064298124,0.23301398469945908,0.3061949438503587,0.295420469333974,0.2525693108986169,0.3049682892633446,0.2538866807246661,0.2293042562048865,0.2528876790993622,0.282967875758715,0.2627584068592567,0.29012873251394344,0.24393343115848873,0.26720545198789986,0.27472922477144135,0.23275594823736118,0.23974544377550153,0.25868774494169317,0.32368000159275084,0.23778860571597918,0.0,0.23959477517925476,0.3161683884297201,0.32414435889414,0.23613763165640253,0.25554035845103673,0.2941730747965946,0.21996650462794554,0.26864509208883725,0.24465039070206673,0.2946215475310771,0.2479473287033199,0.29004971876131325,0.23165029183855096,0.24481951260025922,0.29293299508259024,0.25543926002518186,0.28291307742661775,0.2505804019907489,0.27359390799734135,0.24696541428173582,0.33926555017526466,0.25534217277904997,0.2719221418964972,0.2532857954632293,0.26234763262887384,0.286016408966961,0.2332611382889979,0.24440161032520002,0.3320995230604188,0.23624396530799568,0.2333462494767114,0.25405561605297067,0.25238253956413953,0.2521030316378689,0.25754665066169824,0.22688736811711702,0.24061328155412298,0.3176918217042353,0.27666615961535185,0.2817621557677681
TSs119A,0.3000758806423967,0.2991913891696052,0.253321516812023,0.2727395611722039,0.25664748389777214,0.24012865070015443,0.23675458872766592,0.25813932340147056,0.2382795492047373,0.24569166787155672,0.2858847469929424,0.3239931056722977,0.2445754930803157,0.30007022123584726,0.25121318942136867,0.29862023614348915,0.2909083795931659,0.29943017201494654,0.2677602596608499,0.26913991416831107,0.2639010585776526,0.25247334964396306,0.2515380704016855,0.24437024016809272,0.18467423986375858,0.2564735856543751,0.2459629177148499,0.2377010843668302,0.24199836607596023,0.263953975477965,0.27947813413782746,0.25278872098344196,0.2678665048572489,0.2710702004047014,0.25349177132700895,0.2437430455226602,0.3041687590442074,0.28635721474685644,0.25774905463784575,0.3092925582011689,0.24722804876388024,0.2282578153564997,0.2442960883385758,0.2687432228950974,0.25710237313436435,0.27391459092411696,0.25590719642512344,0.2384264131804138,0.27419249372986704,0.23061407957303692,0.2411076661726327,0.24784826946214367,0.29835821767526993,0.22419650915985498,0.23959477517925476,0.0,0.3175270961171765,0.3118382498276387,0.24220325207129278,0.2667538304108713,0.29281873659169577,0.24297244310079605,0.2593740899194313,0.24047927483181544,0.27818053590044106,0.24088784676821753,0.29464799372724837,0.23755579061441998,0.24967020721247415,0.30563690064445465,0.2258911555954955,0.2698546095807383,0.25174613548362623,0.27582816241842634,0.2508426486912628,0.3259839910365937,0.25978846072603495,0.2642264465206368,0.25676270648513183,0.2645533865680911,0.2702429132208518,0.2314883163248343,0.25522428772393996,0.29929349354881096,0.24515633842779164,0.24380769597196775,0.2553644232363861,0.2428489084563406,0.2605932607643988,0.2503714169101049,0.23787099619168692,0.22933170950885537,0.32939280767694995,0.26246329038836136,0.28475187885261977
TSs166,0.3806617855700718,0.3879532924119194,0.3138120656275776,0.33202524355481255,0.34974777146240643,0.3395664567958339,0.28867505158979184,0.3145870238605749,0.3001198458565485,0.3019007148768421,0.3432861504708231,0.34512235685993187,0.3269236487171788,0.38653314287334445,0.31758581727097457,0.38807111745963563,0.36416773868172736,0.3725733473847729,0.3160492830899368,0.3294930375394376,0.3376800113295159,0.33582902288771205,0.3078765843830998,0.3027327811052191,0.3180243903163801,0.3003032135220354,0.3057609137498712,0.31315331063528423,0.30421438327775446,0.33382155613169173,0.3365810627209012,0.323540022077206,0.2959462987745215,0.34559656236554176,0.3232092701843684,0.3171465412043269,0.35715026413001366,0.36553935491383555,0.27742246567314366,0.3625995684883614,0.3112525321592812,0.3057735371148444,0.3101965867865955,0.34034736214980255,0.2857124712642581,0.335725212716887,0.3294305637504136,0.342347379272417,0.3197745846274509,0.3082906773914729,0.2904735160176677,0.3212648229940027,0.36675925939423154,0.3166347095778817,0.3161683884297201,0.3175270961171765,0.0,0.36676242994114916,0.31577958775282666,0.32994896256611456,0.35558911897164663,0.3104719202309464,0.3330832052342766,0.3059940160739314,0.3489679506572374,0.32531351113984014,0.3356574954533221,0.3142928040188766,0.3162409582047761,0.3549951115007521,0.3214547033183452,0.3273359493670989,0.31521890249148204,0.33934521645944427,0.31097960348216513,0.3869166224078176,0.3170413546248425,0.33601651543808103,0.3256804344051668,0.31633298509416335,0.34688456844784565,0.3147922595761436,0.3180598824630337,0.38854507061167143,0.3025012444961074,0.3042055778672502,0.3265423483944413,0.3229483831136695,0.3185423550844132,0.327453670648682,0.305092406721031,0.3189122841653636,0.38207118186718575,0.3312215196962734,0.33865251320296946
TSs297,0.3561514095938609,0.36659597405090233,0.31847672448640735,0.29866457850806666,0.3392989718473494,0.29943023868110324,0.3127792799228671,0.31660967776875576,0.30512958317176675,0.31611380330971056,0.3390297952065064,0.37511332887534693,0.3279538314577924,0.36188962700355803,0.31042536794608944,0.3654894204749373,0.3586548844086155,0.37953674954964495,0.3287248828123682,0.3245021100538548,0.30373756456457646,0.323185732625334,0.3204593129407489,0.31060599838729913,0.3098351547264346,0.31354429040046383,0.311193330229358,0.30386426873734085,0.318661499446173,0.3267301743948449,0.3324825608770873,0.30602444243153926,0.3339038081673658,0.29327469293894315,0.31526549666041737,0.3064592378526273,0.3691566951763808,0.36941530525247024,0.3253507802030993,0.3704328657864121,0.316092629980894,0.30424893283052984,0.3096226068555684,0.3163089748752979,0.3177706957737131,0.30823463252400674,0.3261544697730304,0.3304257231929713,0.341973871534854,0.30280985772531344,0.3028661130639372,0.30098581652998047,0.35740686455829856,0.318824328091173,0.32414435889414,0.3118382498276387,0.36676242994114916,0.0,0.31535559308934785,0.32559834659284675,0.358427782369743,0.31864137082219574,0.3061453267488959,0.3189582535622867,0.3400655209030485,0.2919296011011567,0.355945562649153,0.3144039503773267,0.3181030828875286,0.3453999568780957,0.31511696496859193,0.3115085743095166,0.32217412892375064,0.32838101740436737,0.32507688429132425,0.36818886708084375,0.32511818937238174,0.31386749591002877,0.32370911736845764,0.3050695991105581,0.3150663505725647,0.3166133238096703,0.3333508197691523,0.36617330900064193,0.3065258632693666,0.3090003127685853,0.2987979377829332,0.2978606054302674,0.3195082396466181,0.32518313668797216,0.3005620883729803,0.28745512092328723,0.3782300681931273,0.3193318486792741,0.35285967186952427
TSs338,0.3081287566852376,0.31332753586135004,0.2505779454523644,0.27705643116704126,0.2770434207943089,0.24868100254895942,0.24486595839625386,0.2590489549216856,0.24827642285254964,0.2442080926163269,0.2978895750142103,0.3183450935575956,0.26452863009150407,0.31406309202895466,0.24221153809238724,0.3118755481808908,0.29994694987276144,0.3167986591907512,0.2790956001100774,0.2686660582486927,0.26534575231409857,0.2662235603907342,0.2620516402842145,0.2607502326807755,0.2352248134945053,0.25888884669005613,0.23823046153381117,0.2589076987110463,0.268172677412456,0.2789348967961869,0.2742279461439727,0.2507313897860641,0.272637019944692,0.2675597859083665,0.25808544420846535,0.2520483102181206,0.3146790851965602,0.3064604463851038,0.2648805814259054,0.30186905012696846,0.24795614565350918,0.24214414787989258,0.263270027752687,0.27994544548740313,0.26879517333588143,0.27572250481928784,0.2637363556196911,0.2642154717243404,0.2797070700096719,0.2384427282009814,0.23374229525971965,0.2424616145007812,0.3131507864481481,0.24056180888866976,0.23613763165640253,0.24220325207129278,0.31577958775282666,0.31535559308934785,0.0,0.2693848413456768,0.30572268080556275,0.25034360306742354,0.25769107738242064,0.24209425254265743,0.2597531790197379,0.22672602709550732,0.3012913583841779,0.25690987190547737,0.2577065022991433,0.3037132019316799,0.25619829736973565,0.25455427443125145,0.24358311934251628,0.2635442148233009,0.2595268043793994,0.303408980913685,0.2672205414861952,0.2636940437724433,0.25799958396635964,0.2706595470344093,0.2598954027521221,0.23037956220966546,0.2530001987566451,0.3131394623653706,0.24135211871592624,0.24919872559379594,0.2568571357926064,0.22526709509685522,0.2382709187002544,0.2618419014915882,0.24841977310633914,0.22858077996162296,0.33841202321509567,0.2789810579646707,0.280826664054815
TSs293,0.331522551104076,0.34308297991152154,0.26502648219761216,0.23945859909911602,0.3112719254853097,0.2590880282501767,0.25997163443880233,0.27582964399711707,0.2542724067095619,0.2708787672049417,0.3116761849616177,0.31862529626301844,0.2791576184901539,0.340803998823717,0.26629767152311484,0.3424782103066793,0.33544889572382564,0.3413925497452814,0.25156538969633035,0.2650733708497629,0.26147512019152297,0.2852113846655476,0.27110382260895044,0.26328677459936617,0.26923034273794133,0.27424281832534037,0.2672195823442467,0.24723508359541868,0.2717539268406982,0.3041615506478126,0.28848656699591085,0.26445671101673784,0.2864408606612656,0.26036080640372733,0.2650556922458108,0.25815694378189813,0.33326297382912523,0.332860284695218,0.2780094324456671,0.33898378724349504,0.2721990848862031,0.25424434753628206,0.2748798950267796,0.27521256528051724,0.26669990881793065,0.2947924152000027,0.2787778888848124,0.2840970060574973,0.2904162324101936,0.2649127716971229,0.25668660878932475,0.23906759899235203,0.3381097039944413,0.26456042568870675,0.25554035845103673,0.2667538304108713,0.32994896256611456,0.32559834659284675,0.2693848413456768,0.0,0.3094889434347704,0.25661045699456736,0.2546528463079164,0.26594741921892695,0.2987707679254063,0.2517923715934822,0.3072262653594082,0.2556635920462785,0.263194834804844,0.31230915532486225,0.2779570623638836,0.2838053991238993,0.2731270470986011,0.27387792068853606,0.27182122212771836,0.3296734957892728,0.28608680493178174,0.25647829472761235,0.2603575867338421,0.2839690468918877,0.2754705745586173,0.25975545249004467,0.27844890700410907,0.3429830597749484,0.26680928919578173,0.25688558267039796,0.262692840880241,0.264181513305794,0.2805861924572431,0.26390313213428446,0.2465369936895764,0.25014358313931156,0.35835980288476366,0.29547632138022806,0.306982030195631
TSs24,0.366551399206497,0.37939364054102687,0.28657649749229924,0.309461872914408,0.33684912767721514,0.3024769716747775,0.28137567957401155,0.296480833428012,0.2663088902361954,0.2956946025377345,0.31489468765128414,0.34850891275943113,0.295677400823769,0.3677603329575268,0.29510084358479965,0.37903567085142953,0.3692589915693527,0.36594356017690227,0.3132071552968376,0.2994771333858261,0.3230918061550882,0.31923388342083625,0.2802483603933092,0.2930520387576208,0.31105119455877905,0.28086663557476277,0.2906839544035602,0.283024725101078,0.2912427555838026,0.3369822548233254,0.3202727986721256,0.2755684057250554,0.31653980313566094,0.31574534368607715,0.3003935823959423,0.29009287566773745,0.35448205342806444,0.33403983267682297,0.29302512204828907,0.3381881042889031,0.27353699937426523,0.29648182872603307,0.30507632068525087,0.31436112202006605,0.2800433477114383,0.3175904343276852,0.2916399209605839,0.31715065090042194,0.3105270636392067,0.2827178494072672,0.2790500114463636,0.29697142951128636,0.3596143470439283,0.2993650973948438,0.2941730747965946,0.29281873659169577,0.35558911897164663,0.358427782369743,0.30572268080556275,0.3094889434347704,0.0,0.2904663774266832,0.29924179198676215,0.2899531318271688,0.31738605074041265,0.2987084670800773,0.31522548501903797,0.28842193573849906,0.29369981923157157,0.3322701382760878,0.2973286364946465,0.3078845751287339,0.2870663642762205,0.30389913749739766,0.29266269539963097,0.3656159246468308,0.29577171413776615,0.3069343543467751,0.2979656082680663,0.2924757496167937,0.3256758854083753,0.273791303002534,0.30802079167402047,0.3792944779890769,0.29723073033506975,0.2808801969978557,0.3024174368577727,0.29049355488559714,0.27979196871640866,0.2853234539512595,0.29055732048566096,0.28998856407476287,0.38121732992112856,0.3256425728884803,0.31839306067496687
TSs334,0.3226943782627182,0.33179109145228786,0.24218487950259215,0.2716105754412401,0.28660409392387526,0.25703525454316856,0.22232786738386054,0.25494573150264205,0.23961065500302092,0.2357514044259006,0.27851238206114987,0.29770747466762987,0.2498778564571079,0.32608860105632664,0.2535656320209172,0.3308806720265224,0.31951444558762776,0.3087037523494788,0.2450078098038104,0.24752861982549204,0.2788927606153147,0.27242126897521934,0.2493255957679234,0.24090293378559674,0.2471873320756789,0.25202570800325585,0.24647601479773798,0.23775153691923917,0.25859472051972165,0.2769238571129277,0.2632122137445862,0.2588203315433704,0.2718728367262137,0.2744854876417323,0.25838593477620425,0.22400665772290562,0.2967140123294344,0.3078101731750672,0.24080310675128558,0.3124043943644858,0.23978956186191774,0.22811867798209876,0.25307751050706623,0.27304574595496434,0.2518918467949264,0.27784253332575654,0.23815216338010065,0.27075462594784355,0.26555443689644626,0.23414959450689793,0.22811867798209876,0.2432940143080931,0.3245358762900456,0.24796097626169733,0.21996650462794554,0.24297244310079605,0.3104719202309464,0.31864137082219574,0.25034360306742354,0.25661045699456736,0.2904663774266832,0.0,0.262215931608762,0.22792866179393562,0.2934557480778338,0.2394698802605304,0.28261836459795686,0.23685160049001136,0.2401256369073698,0.29585640220750925,0.2446189857468386,0.26003583475931713,0.24879414072832248,0.2552531905278781,0.23850427999983778,0.3157214466559215,0.24640276181735749,0.2635369755132794,0.24616870786476308,0.2621136164716368,0.2722771940518981,0.23329555416640269,0.24149078100410323,0.33163593723554324,0.23407984962304046,0.22985779708116888,0.24252930107662016,0.2473467746846312,0.2598092996340783,0.24213392055808752,0.21222189152936238,0.23590997405723454,0.3171889628740037,0.2790810903646484,0.2814891246861275
TSs1A,0.29516715562405393,0.3154208190963578,0.2522209043980784,0.25032742265190977,0.27995651712384845,0.2099503704637152,0.24353006883782352,0.26822054149811264,0.24590091503025066,0.255677203073083,0.2898114375647512,0.31940553562655444,0.26627306645587484,0.3044598780716742,0.23376917129507324,0.3146234157145415,0.3027659256734928,0.3066045603777228,0.291968935385747,0.23811727450030618,0.2323946099335213,0.2659681637095369,0.25873212381405414,0.2576780128232358,0.2639985838792376,0.24306435781400187,0.25411104357013387,0.24814816368344708,0.2573342997443546,0.276373708517577,0.26917985056264265,0.24775918829503657,0.2868047661861804,0.18388244696422984,0.22634789801565594,0.24655727160233587,0.32017252123731715,0.3067815564244848,0.27554925163672894,0.3192633793252131,0.25328735041796824,0.23987176061066784,0.25844787683259607,0.2823539540954418,0.25145729106703035,0.25085368813275294,0.2631174057921088,0.2665580922396613,0.2881863554132653,0.24023574759489533,0.24667013164579502,0.21085904880165438,0.31084114699120197,0.25010500974980865,0.26864509208883725,0.2593740899194313,0.3330832052342766,0.3061453267488959,0.25769107738242064,0.2546528463079164,0.29924179198676215,0.262215931608762,0.0,0.2522544076503435,0.2736148411607238,0.2223995019363543,0.307094927797785,0.2637946536022953,0.24986611397521535,0.29915872345052535,0.27484644534781794,0.24772154510192276,0.270336625006609,0.25961318588260063,0.26028941146969653,0.2925770789730632,0.26747384957959325,0.1870888424811276,0.22967964526542567,0.2593952968139645,0.2131049737994883,0.2483351583618611,0.2692166537790603,0.31423107985397786,0.24557624540596817,0.2483854131688479,0.2419742990601361,0.21852096081256803,0.2725063206576009,0.24366235680880965,0.2325444539801435,0.20624854311839766,0.34006930027857724,0.29206637020181697,0.2908636907348588
TSs266,0.3096779374703561,0.3223777000213758,0.23135358995994013,0.27748768114596867,0.28240895219047657,0.24929251677936826,0.22235115051377985,0.2501343768514792,0.23340178141690698,0.23155401186501526,0.28774391382016123,0.2657377533188571,0.24473137422661495,0.31631565601268974,0.23086015638455643,0.3221217275083247,0.3143412613577048,0.32351365341070537,0.26200695639849825,0.23596533381420354,0.27811763075112955,0.2690328059511785,0.2463206318104175,0.2458156250468469,0.24764397523313286,0.2457740342486702,0.24297230448322152,0.2406763794466998,0.24546600346257075,0.27548554002136544,0.2481844050013104,0.2507250593973305,0.267874791491271,0.27044148094604803,0.24877296802774798,0.23107649855604162,0.30968630327727265,0.310753525336404,0.23753794263163797,0.31435309341240614,0.2226885422831608,0.22958486286327492,0.2500600522267914,0.28550592955533893,0.2418693294557683,0.2663959589026249,0.25060021797762777,0.26428814146476975,0.2663062597467848,0.23103560872673912,0.23023543288358994,0.2255283915825121,0.3180416113987762,0.24849268415471681,0.24465039070206673,0.24047927483181544,0.3059940160739314,0.3189582535622867,0.24209425254265743,0.26594741921892695,0.2899531318271688,0.22792866179393562,0.2522544076503435,0.0,0.2689723188530963,0.22739659024697084,0.2739633849679232,0.24237065501156854,0.24295718966515908,0.3012090162651134,0.2428259005435602,0.23559879236202244,0.25119923964888186,0.2498622744016608,0.24689916507630064,0.2773070179201521,0.2509304877120092,0.26397958341631866,0.2562839869771687,0.2640184266872643,0.25355437164475236,0.2210033286620233,0.2363856221195846,0.3219631608644691,0.22949177373756494,0.216574453428009,0.2395168135124813,0.2193221164523982,0.25268893811053583,0.23456463306863684,0.2259448817694906,0.24022741154154068,0.3382429055009334,0.28430205787911017,0.28312320499251464
TSs277,0.30500667239363943,0.3189914560367167,0.27940574117595424,0.3047918803494927,0.29848605334115874,0.28142003122891096,0.27222533400231425,0.2818103731084327,0.28262743076677177,0.29126145604537756,0.3129997297244132,0.33798554066845554,0.286641367514622,0.31633476153154516,0.2760613434290116,0.3186748912191266,0.3191326046807641,0.3302620155015489,0.3043392778301122,0.28752831881994856,0.3017046826145658,0.27660332000526355,0.297151995135117,0.286240727219879,0.27561394186153565,0.2709851399348156,0.28004622051099803,0.2835871755504365,0.2843948617011188,0.2954766362945692,0.3154247460874745,0.28169239416605574,0.31316319198280473,0.28351361049877055,0.26861359588679967,0.27587651084740517,0.3506017783088213,0.322820130641858,0.30380107993451316,0.34548356733977326,0.28045691661630645,0.27239960653568784,0.27724021287386313,0.31140926784377804,0.29167890170289895,0.2821754857050662,0.29210653439302076,0.28710244054264655,0.3102603214649306,0.26325692308717513,0.28222105741847364,0.2744591375545033,0.2980473901652038,0.2656321010570117,0.2946215475310771,0.27818053590044106,0.3489679506572374,0.3400655209030485,0.2597531790197379,0.2987707679254063,0.31738605074041265,0.2934557480778338,0.2736148411607238,0.2689723188530963,0.0,0.2378548573763723,0.3171124655897919,0.2884348817962918,0.2802362576867675,0.3180866289961843,0.27833415799262184,0.2744850585167824,0.2827034857113257,0.2890002430671708,0.29023051345936973,0.3370615172001949,0.27911243850759565,0.28228091661648835,0.2847038312044133,0.29526092062854103,0.2918855647358184,0.26098126399264493,0.28411783616013686,0.3191075387911265,0.26387687485550215,0.28141042843651987,0.2899459798733848,0.2290429152496012,0.28585151643164997,0.2985209415293642,0.2706104282698797,0.24421413133630449,0.36004017671368554,0.3006151483546966,0.29968119493111256
TSs60B,0.29670048872987104,0.31054872750697593,0.22803508501982758,0.25948070026236786,0.27825802743913713,0.22257739444829008,0.22654773666499953,0.25266354634002364,0.24100341206733814,0.2371347742040205,0.2725006136923568,0.31005427121615886,0.2542310787660134,0.3035679590049902,0.21713901470701263,0.3093889722811702,0.2964407378844262,0.30120790373371076,0.2703601412729798,0.23665909812036906,0.25944434705021907,0.25209175495880826,0.25213897580665107,0.23667138168337187,0.24854008804851965,0.248540921644386,0.24208745276973234,0.23364789750226367,0.25638378948470214,0.25693781766095464,0.2576491116440407,0.24976912416192557,0.27842778613475594,0.22590338186479678,0.2386929160235,0.23215202418098937,0.302608563427203,0.30965584244277794,0.2603004981815814,0.3113066599878892,0.22988429605795677,0.23055117903373679,0.24345956331215166,0.27315404282428635,0.25283013452331377,0.2570630642539893,0.2368056652128979,0.25962062107640477,0.27332561870602196,0.22358527914126766,0.23955086179059215,0.20624854311839766,0.30714579982273754,0.2368724795083487,0.2479473287033199,0.24088784676821753,0.32531351113984014,0.2919296011011567,0.22672602709550732,0.2517923715934822,0.2987084670800773,0.2394698802605304,0.2223995019363543,0.22739659024697084,0.2378548573763723,0.0,0.29459654483766706,0.24941049857061925,0.24173470546402845,0.2830527286671789,0.24163344629104003,0.23090413974847634,0.25825815657080137,0.23554931722431377,0.25318632858572065,0.26835656578385303,0.24698947076842231,0.2372971286986433,0.2386325980919665,0.2462800500077346,0.2283689682020149,0.21709880087220448,0.23675496767328694,0.31011101909458744,0.21608402923933942,0.22549758231277212,0.24276037356357866,0.2025052249315933,0.2534647758493789,0.2387026921115856,0.22735942402352205,0.19806758753205742,0.32158613489984655,0.2710147094149773,0.2881859452974986
TSs303,0.36457810807202556,0.37740959252337475,0.26334995640533165,0.3142714155431474,0.3350093538752206,0.3093719279161067,0.2832706034190098,0.2992197788391143,0.28368913673512663,0.2886384593198627,0.33014845376166946,0.3338502920281515,0.31746818928470705,0.3686145885845096,0.29142965900406803,0.37639785301339374,0.3637917657060432,0.36791934036603696,0.3001621532332007,0.3005237474079532,0.3225851264369148,0.3164918019995281,0.29482363387977983,0.29971715411934047,0.3019607474418559,0.2873049886199346,0.2954445256426495,0.28691089449936646,0.2864618052269689,0.31988128450621606,0.3141224212990058,0.2630024586636768,0.3036844839663728,0.32083233516821263,0.30799872949696555,0.2659346391861085,0.3418459741530951,0.3324130444893948,0.2882460043305577,0.35385124201121393,0.28578377516592773,0.2883926026498235,0.3022678446455384,0.31650270735412084,0.28036210925098626,0.318766039422376,0.3007238173551651,0.3126879227440009,0.30900152651429436,0.2840527564999735,0.26618191402151736,0.2970381437859967,0.35952721118604397,0.297006093525412,0.29004971876131325,0.29464799372724837,0.3356574954533221,0.355945562649153,0.3012913583841779,0.3072262653594082,0.31522548501903797,0.28261836459795686,0.307094927797785,0.2739633849679232,0.3171124655897919,0.29459654483766706,0.0,0.28465975017777295,0.29860833629200545,0.3309428955889122,0.2845490603831948,0.2658210613735522,0.2888881606318206,0.3116162481819524,0.28487911346817935,0.35523077272367176,0.2953268243124516,0.3161178942392249,0.30352646369460223,0.2805315244343618,0.3250313657509241,0.2827183097600633,0.2914712335273089,0.37676422172613533,0.29087262165149735,0.275209524951645,0.28749517236593475,0.28579321385294704,0.28565852726476126,0.2971086145494388,0.276945780250056,0.29343610350800653,0.36933983405237025,0.32327482366937454,0.3012690263085536
TSs120,0.30802868108304116,0.3223129549696705,0.2539163860606932,0.2678164830471788,0.27866508499751297,0.2616225902842835,0.22852339051626774,0.24784130343036812,0.2432520510779031,0.23332059046307213,0.2718522707262379,0.3162342261198105,0.2554314644447316,0.32220997450712935,0.2588173744157308,0.32189597160490596,0.316309521707513,0.3144749654574957,0.2520604679957487,0.26274630644525127,0.2733341454466414,0.25786315869645254,0.24562046449745387,0.23724961791994909,0.2416599938573513,0.25678479030945645,0.22813855201611924,0.22850262226297946,0.2516766456513531,0.2729538672739415,0.28148142803528065,0.25285385022115336,0.26664709157531724,0.2757868660053857,0.24997587611895666,0.24033518774585536,0.3098355993878502,0.31640226993560605,0.25195712474442666,0.3008988040595278,0.2559568808077752,0.2392809583800929,0.2501039354726852,0.2690324263082121,0.25040826731737964,0.2796152802947251,0.255148430431167,0.25092863972773205,0.25491411824496124,0.24280391299539422,0.24244839330838086,0.25249923596258034,0.3158027266720264,0.23323565370825453,0.23165029183855096,0.23755579061441998,0.3142928040188766,0.3144039503773267,0.25690987190547737,0.2556635920462785,0.28842193573849906,0.23685160049001136,0.2637946536022953,0.24237065501156854,0.2884348817962918,0.24941049857061925,0.28465975017777295,0.0,0.24693779196966906,0.2795321367913988,0.2524262713877138,0.27107666914622985,0.24763814871565673,0.2731525154562999,0.24605288887094293,0.3313772793983617,0.25685347112369533,0.2711326818610402,0.24728394101205137,0.25489909373728487,0.2734977870063426,0.2361894434209461,0.2413175970612469,0.32184952145764817,0.24656406587691826,0.23532096379206888,0.25534653302241866,0.24509574168878231,0.25604799174488274,0.25613737034116596,0.23396894115031838,0.23731768782852414,0.3314781354960749,0.2727168292814827,0.2861891925520728
TSs132,0.32438756891181164,0.3245736918990394,0.25827040507704074,0.26791476861596253,0.2892959795499003,0.26416426744832455,0.23953570726973833,0.2505621791648861,0.24872307863099669,0.2399825949639875,0.28474470421254194,0.30970080787341747,0.2477343972526776,0.3353777783904363,0.2629134478724402,0.32299275682270706,0.3178677929121602,0.3168147929570119,0.25517662023324256,0.26124622944698495,0.2717740333459528,0.26875707301126817,0.2575753889443298,0.2478019162570786,0.25782896948524736,0.24932715375777043,0.24720073046144647,0.2251293277028534,0.252325573340095,0.27966578620800286,0.28299280160963525,0.26575680435641835,0.26600471532899944,0.267418732744511,0.248257339055841,0.23576880309942025,0.311109344223567,0.3068618584471782,0.24996519654668048,0.31430735357144807,0.2542972134815053,0.23455003746400388,0.2509426047594892,0.27783385604449373,0.25602686574813305,0.2759210810200438,0.24394671137360796,0.26437030968620984,0.2733408487405888,0.24316322711848398,0.24165245670376784,0.2502532298727344,0.32483639450852086,0.24701238770003378,0.24481951260025922,0.24967020721247415,0.3162409582047761,0.3181030828875286,0.2577065022991433,0.263194834804844,0.29369981923157157,0.2401256369073698,0.24986611397521535,0.24295718966515908,0.2802362576867675,0.24173470546402845,0.29860833629200545,0.24693779196966906,0.0,0.2965912129282338,0.2501779927347548,0.2773987919547059,0.25179530888006485,0.264892807450195,0.25539098596199383,0.33101017244417974,0.2488935207968495,0.258197751974669,0.2508586364182629,0.26832624274652983,0.2672188353077886,0.23894025882834208,0.24046992549974672,0.32383070036111405,0.23396744906240188,0.2394251828125219,0.2620288426268047,0.24172393868820616,0.2580158482718669,0.26431059788225775,0.23544229635533906,0.22856522849532523,0.3164409372787786,0.28853079851194885,0.28214965804534375
TSs78,0.3527127851183572,0.3712803334941512,0.3078969548768059,0.32624908081642534,0.3303222454468129,0.31248746583113013,0.28223596376827,0.24608280169467933,0.2877247947992824,0.2981656039824458,0.28577490959768936,0.35874729028561697,0.3050114282090551,0.3656437798941841,0.30949998682493485,0.371350965232669,0.35482978478583443,0.34161093509635426,0.2953872416392616,0.30687697291051924,0.32221765501538663,0.3155720441482568,0.2689130312712533,0.2890932662634694,0.306526048284764,0.29821400296648526,0.28985623237313646,0.2836063988532504,0.31127997155237136,0.3123736192961641,0.31148774976061405,0.2997661103665782,0.32992717962587137,0.31697674599249875,0.30667974658763336,0.2750855883183412,0.3115523297911972,0.3517619853034363,0.30243542012564,0.3533966578449739,0.30800118077054506,0.2839328576310121,0.2798737378559066,0.33254179805500744,0.3048181516331553,0.3037413657582571,0.28067591551189436,0.3230521830723903,0.29765668794170036,0.29339212889442184,0.3018756234995567,0.29769202255853705,0.34875497853387805,0.2878780477734695,0.29293299508259024,0.30563690064445465,0.3549951115007521,0.3453999568780957,0.3037132019316799,0.31230915532486225,0.3322701382760878,0.29585640220750925,0.29915872345052535,0.3012090162651134,0.3180866289961843,0.2830527286671789,0.3309428955889122,0.2795321367913988,0.2965912129282338,0.0,0.28410104117088175,0.31478242834975156,0.30415568435435647,0.32306441681765496,0.2954077594657748,0.36867010544576356,0.2829743939027707,0.315630757810326,0.2845401745139754,0.2452054773166001,0.31360449803043333,0.2919233696263954,0.2895566072397287,0.3710185202752543,0.2716902234454457,0.2901072669644877,0.31247869913457793,0.2833368773006423,0.30186456548361773,0.30501260822893733,0.2807043486101496,0.275054727917787,0.35907290973992056,0.3368578916452606,0.3267234632948604
TSs61,0.312487874340427,0.31258856079002034,0.2555578198560198,0.2826190726711909,0.2790547174716709,0.26530917313092117,0.24810633446301356,0.2515803909792226,0.24777498646485893,0.2545063253774312,0.2744687206147375,0.3241855188704094,0.2590258247693684,0.31562535481034165,0.26325386205554613,0.3120248023307748,0.30647190113253847,0.3009966671383503,0.26457284814699705,0.2744400262583946,0.28366762654915384,0.2580125860752729,0.254631478772154,0.2435608152837012,0.24338410139237507,0.26513991068525666,0.2512831901119964,0.24515023467953842,0.2617837678590466,0.24835878520636345,0.2784171086775568,0.2578054410663359,0.2781322871292159,0.29175117573045956,0.2671878067424138,0.23866787893444547,0.2958111898415505,0.2996460528122893,0.2573348305153332,0.3278863845671809,0.25510467328311365,0.24147422075567787,0.2571982257385316,0.27853401310048215,0.26018150332830586,0.2751343500926498,0.24680194061425134,0.2610191087668171,0.26890593043720296,0.24604463521645803,0.24538052004365402,0.2554072751756276,0.3112201122855882,0.24523152686979668,0.25543926002518186,0.2258911555954955,0.3214547033183452,0.31511696496859193,0.25619829736973565,0.2779570623638836,0.2973286364946465,0.2446189857468386,0.27484644534781794,0.2428259005435602,0.27833415799262184,0.24163344629104003,0.2845490603831948,0.2524262713877138,0.2501779927347548,0.28410104117088175,0.0,0.2652021995785005,0.2557179894131928,0.2794646373806013,0.2572679177573155,0.3276997306744779,0.2511629525412893,0.2835294646900267,0.25247496999913704,0.2611098824057194,0.2788519689843146,0.23600560256031688,0.24788614654309366,0.31166046915957357,0.22868277870354783,0.2468363621667157,0.26455380506536863,0.24423767993744824,0.2596979861029775,0.2616606376660037,0.24385168739093852,0.24035668859239243,0.3272112047734512,0.2811953632364585,0.2907750978175236
TSs60,0.31586561692618875,0.33478710083151575,0.2069319052394089,0.2864371188267914,0.29683536651813597,0.23357626607575355,0.24407040915954042,0.27693471825294874,0.2578873886104133,0.24195366740773433,0.3056283450702473,0.29286600331611135,0.272060497294851,0.3137379868273073,0.20040246142775964,0.3331027817794265,0.3190022387823867,0.33380715319581566,0.29774264380412657,0.2580085224044372,0.2818536707812282,0.2812556492767717,0.2818567357510285,0.26419366397710853,0.27212686911047784,0.2574601150278626,0.2558713718789917,0.2602457214594954,0.2647152681888958,0.29167416649665884,0.2623533734014439,0.24301907661743685,0.29397845221474705,0.2527950429123265,0.2529504896781287,0.23719111923868688,0.32702793848838185,0.3215374293897899,0.2730563494068819,0.3348382363782756,0.21203445168837237,0.25171268332063296,0.2636502578244344,0.3014971510260413,0.2698629430403098,0.266716070125053,0.2738247464502727,0.2746228069612697,0.2905959910786397,0.2580840134819349,0.2505510940891693,0.2011207993913552,0.3264582229390088,0.2728732407276625,0.28291307742661775,0.2698546095807383,0.3273359493670989,0.3115085743095166,0.25455427443125145,0.2838053991238993,0.3078845751287339,0.26003583475931713,0.24772154510192276,0.23559879236202244,0.2744850585167824,0.23090413974847634,0.2658210613735522,0.27107666914622985,0.2773987919547059,0.31478242834975156,0.2652021995785005,0.0,0.27622580896254506,0.21450327396552793,0.2735039815206147,0.1842067038093742,0.27565403532967536,0.260256180445757,0.2636475065400047,0.252422986060025,0.2171520452504792,0.2353290242681872,0.25821380205401395,0.33461108924346666,0.2635972083919946,0.24039030221555494,0.230039025177808,0.21309317191715185,0.273061308374959,0.2334917996147797,0.2590198539319195,0.2467019907796776,0.35056435595415153,0.2979239032088047,0.3010038160822432
TSs274,0.31547889289210357,0.31804175203017765,0.26646757353014056,0.2858572551108174,0.28139440651086745,0.27611224520969413,0.25045596432624717,0.25340720610927436,0.2556346048754397,0.2513724047286988,0.2929409223535574,0.3190065780823835,0.2655242562158549,0.3124730700360722,0.2670706521579572,0.3170701755210218,0.3049130473773685,0.3143127974095052,0.27149263965040116,0.2769090420681798,0.28984244798107656,0.25842491462967854,0.25876855232521745,0.2673571564639623,0.2532602998376239,0.2493234302256751,0.23762728800577865,0.2586199924779037,0.2565160248438105,0.28028640963463847,0.28600778467352256,0.25537180336292237,0.2703157285037434,0.2880049611855117,0.25507729345370667,0.2506219683954148,0.32161323720239127,0.30769326389970025,0.25365733591197925,0.3101165802433501,0.26077884015186,0.2508546285523107,0.25714525186621334,0.2832927282433832,0.27142418620301784,0.2801267608267851,0.26312684578698936,0.2613215519475152,0.26807780165078327,0.23771126120564978,0.23966710167480487,0.2592985479593168,0.317581799418609,0.24897424019414627,0.2505804019907489,0.25174613548362623,0.31521890249148204,0.32217412892375064,0.24358311934251628,0.2731270470986011,0.2870663642762205,0.24879414072832248,0.270336625006609,0.25119923964888186,0.2827034857113257,0.25825815657080137,0.2888881606318206,0.24763814871565673,0.25179530888006485,0.30415568435435647,0.2557179894131928,0.27622580896254506,0.0,0.27629063706022566,0.2653360452878381,0.3358100850662468,0.27257282678338585,0.2763906983032975,0.2750041316229339,0.26878632108005784,0.28187513026144784,0.24180722894541498,0.26324561883457737,0.31801189822850306,0.25420533503139836,0.22866892935881494,0.26827336340896274,0.2583250435775088,0.231222131507128,0.26809967192933987,0.2527069689900312,0.2485441580731111,0.3447586949673486,0.27365297710637354,0.28474388518016697
TSs10A,0.332934127406559,0.34565165135415293,0.22797897027906622,0.28305850799734833,0.3045802127164616,0.2525901260323148,0.2507873935949731,0.27933996398416644,0.27083676045231764,0.25370773601653224,0.3116508883596664,0.2905376476342427,0.27550230999312586,0.3318528231537702,0.22329059993924613,0.3440100079957972,0.3336293974786963,0.3381399645878282,0.29342934975910445,0.2614329728448636,0.29285698518634334,0.2920157085060734,0.284577443178944,0.27407998690897434,0.2803094440008419,0.2683908809581127,0.26315236332942377,0.2724907898347425,0.27001329560478615,0.30551516843128257,0.2619913053519191,0.261709465782956,0.2961133398766072,0.27674649492015624,0.2576987981683855,0.2629276010526928,0.3329278252007993,0.3400897345590896,0.2684102715823713,0.33521613282562746,0.23011740192746646,0.25363050804723897,0.2755921458758216,0.29572966941567097,0.27889266849893285,0.2807205598363256,0.2791217318511586,0.28417343409664453,0.2936315956473106,0.2653078402688546,0.262020078560446,0.22090617191036677,0.33935111101943516,0.27499178700184007,0.27359390799734135,0.27582816241842634,0.33934521645944427,0.32838101740436737,0.2635442148233009,0.27387792068853606,0.30389913749739766,0.2552531905278781,0.25961318588260063,0.2498622744016608,0.2890002430671708,0.23554931722431377,0.3116162481819524,0.2731525154562999,0.264892807450195,0.32306441681765496,0.2794646373806013,0.21450327396552793,0.27629063706022566,0.0,0.27787644442314213,0.24100724060184975,0.2784696016580191,0.26303305334812216,0.262448944522011,0.27837050682776143,0.2477716051200174,0.25317427986054414,0.2702109333762229,0.3451491323341713,0.26316017913425555,0.24383728667740365,0.24502310442335218,0.226767033600725,0.276472610009543,0.24279286159347993,0.2665527582083777,0.25582178495364855,0.3519557907244153,0.30224052959228287,0.31222997280979853
TSs96,0.32869855747045057,0.34178974511809623,0.25352285566806204,0.27021075353532714,0.298819768185573,0.2601828595362824,0.23486141261874866,0.26311796776924407,0.23915033331053126,0.25807606184554305,0.2825746501121505,0.3207643982979589,0.2705348539552455,0.3293514298531648,0.2590175894456415,0.34128222319921425,0.3316371658146519,0.32691961760375043,0.25478500765214024,0.26808782411431326,0.2807625329192892,0.28198031752499886,0.23837479104865075,0.24631091615423556,0.26653747838237823,0.2529390315934492,0.2587364799743736,0.24380271594175715,0.25667998999934216,0.28785058873598757,0.2790460800903789,0.2560948033724371,0.26255273809753155,0.28084532666324097,0.2647195512792621,0.2447176780884633,0.30547839423055434,0.30109993443842226,0.24539576897305845,0.3174105420980312,0.24073733988448398,0.24149614100430772,0.25533392153161655,0.27974843367077074,0.25433170096736823,0.2676031883440444,0.24416531497033334,0.27249211414529545,0.27214628307640254,0.2401798395359105,0.24153210106944298,0.2558164367181033,0.33927657636749714,0.24724665213123248,0.24696541428173582,0.2508426486912628,0.31097960348216513,0.32507688429132425,0.2595268043793994,0.27182122212771836,0.29266269539963097,0.23850427999983778,0.26028941146969653,0.24689916507630064,0.29023051345936973,0.25318632858572065,0.28487911346817935,0.24605288887094293,0.25539098596199383,0.2954077594657748,0.2572679177573155,0.2735039815206147,0.2653360452878381,0.27787644442314213,0.0,0.32802402060827884,0.24455667152316443,0.26570466038502794,0.2459863608620671,0.25676321905297744,0.27794093443313034,0.2447970383555551,0.25344579908539505,0.3423233788639173,0.2341411831752152,0.2360425432208864,0.260529498645683,0.2466401612234941,0.26072652723889933,0.24410544847254848,0.2287228911297122,0.24713043667125023,0.3239901890778154,0.284831584774659,0.28564197861767743
TSs282,0.3584705678787651,0.3692396002771201,0.25546336302764466,0.34538136034490274,0.3406605022952185,0.261610241356184,0.29526663395383485,0.3343417716496243,0.3154796549661593,0.28777744211609757,0.35560220373531115,0.3163742213359687,0.3180724192468809,0.34630243928978083,0.22145239792736146,0.3686425354233661,0.3547422779899627,0.36759496965744987,0.352259819557251,0.29153299000930505,0.3279297751294569,0.328729361373033,0.33678958693994226,0.322229953429746,0.32672250067509034,0.3101479897741977,0.3095377805288712,0.31981133213935503,0.3254639000464268,0.33688453698824766,0.291301601210085,0.3246001870447801,0.3503627392693672,0.3014672342059964,0.3016896592172176,0.32441443402249615,0.3703152147708116,0.3808175927051797,0.3295616368003123,0.3776358328052142,0.23444108412897333,0.3035105858042152,0.31978026544111393,0.3526998964306201,0.33020446409386595,0.317628391485708,0.3219918735082657,0.3276413046110053,0.3452776157668544,0.31242024999318857,0.3182033165272132,0.22402249137168068,0.3785120263643873,0.3214619749927979,0.33926555017526466,0.3259839910365937,0.3869166224078176,0.36818886708084375,0.303408980913685,0.3296734957892728,0.3656159246468308,0.3157214466559215,0.2925770789730632,0.2773070179201521,0.3370615172001949,0.26835656578385303,0.35523077272367176,0.3313772793983617,0.33101017244417974,0.36867010544576356,0.3276997306744779,0.1842067038093742,0.3358100850662468,0.24100724060184975,0.32802402060827884,0.0,0.3293510367859506,0.30218918449765175,0.3085224030019328,0.3217771819590608,0.22725462063696536,0.28756538559972433,0.30176519782548744,0.3693269263790327,0.31620249577068615,0.2894250291481076,0.27781995770395673,0.2646934299495652,0.33152013202872804,0.2604199473241663,0.3149531122713805,0.3099070923392465,0.3929829055021715,0.35713720399680354,0.35937930003701285
TSs56A,0.3167184414166827,0.3248941620544498,0.2561223740037897,0.28626455492093367,0.2905318158035048,0.26063213649600164,0.2424225676366063,0.2534638630898528,0.25300102810392183,0.2496269674618113,0.2706587109365855,0.3093566782943031,0.26424048100266756,0.3174933342426574,0.2624195604560806,0.3247018005564123,0.32368485725117885,0.30807797352009325,0.2693819577964643,0.26877889914273595,0.2877031952043408,0.2725733650147796,0.2264959605198913,0.2438264333754026,0.25954047529926366,0.25837158431567764,0.25709290176428057,0.2504310561160759,0.2688865770757311,0.28348640120678886,0.2801880995779005,0.27344657511056175,0.2748259969340569,0.2827338493973087,0.2677150680121669,0.2447184607804238,0.29015345669936093,0.3075039502572476,0.2584034661824315,0.3313988019793108,0.23172557496029972,0.23730042346813807,0.24998282221394685,0.29101679124363533,0.2628321170393535,0.2674127195179752,0.20607119432857132,0.2744372033632401,0.2637061456210027,0.25187587128331274,0.24667783142515903,0.2563125169841946,0.3236311701776448,0.25198932966442233,0.25534217277904997,0.25978846072603495,0.3170413546248425,0.32511818937238174,0.2672205414861952,0.28608680493178174,0.29577171413776615,0.24640276181735749,0.26747384957959325,0.2509304877120092,0.27911243850759565,0.24698947076842231,0.2953268243124516,0.25685347112369533,0.2488935207968495,0.2829743939027707,0.2511629525412893,0.27565403532967536,0.27257282678338585,0.2784696016580191,0.24455667152316443,0.3293510367859506,0.0,0.2710490216048233,0.24998803994067167,0.2619591306805145,0.2810749044818906,0.23790460095540253,0.24273902610375345,0.3253044612124134,0.23337809908387677,0.2542089476564535,0.2739402122764013,0.24653883175737504,0.2610526431353388,0.2545106545904666,0.232221608799746,0.24349738840005,0.3131895238513392,0.28693059427596646,0.29652772677274625
TSs296,0.3249288990731728,0.33335237859831274,0.25329050739175824,0.25544579052067073,0.2958926763482533,0.22188007849009164,0.2534975603222783,0.27516127022475334,0.2558700744394364,0.26409728109156616,0.30221419212552525,0.32732392886068934,0.27644796038304775,0.32321398965016607,0.24649404692056665,0.3325134043661735,0.32368948986109547,0.31971562999073005,0.2968067520414057,0.24994259774118754,0.2328953819590481,0.2796477025642972,0.27390047453624883,0.2648951189484069,0.2661791378470844,0.2543578220457274,0.2663325910466503,0.231306772584531,0.2548598290662635,0.2958690722169739,0.2861954335488137,0.2463626243431334,0.29767166999006034,0.2131534029920138,0.2561644419150506,0.2580268766030205,0.3220857203040689,0.3154363838546022,0.2809441671551298,0.3301137360350757,0.2585517831208876,0.24729755586089872,0.2644832436545859,0.2882656482895279,0.2766598932252193,0.27970967115640627,0.26790197041111685,0.27481709217159134,0.2940663447414261,0.2573983506976453,0.26018174930850907,0.2141795143134785,0.32647931194883134,0.2656183619813753,0.2719221418964972,0.2642264465206368,0.33601651543808103,0.31386749591002877,0.2636940437724433,0.25647829472761235,0.3069343543467751,0.2635369755132794,0.1870888424811276,0.26397958341631866,0.28228091661648835,0.2372971286986433,0.3161178942392249,0.2711326818610402,0.258197751974669,0.315630757810326,0.2835294646900267,0.260256180445757,0.2763906983032975,0.26303305334812216,0.26570466038502794,0.30218918449765175,0.2710490216048233,0.0,0.2321827310202593,0.2700054223635599,0.22834633005526006,0.25461028026483784,0.28171154675556137,0.3326861844352448,0.26121447933010417,0.25616523062091073,0.24674764831953408,0.24175597818396083,0.275488580087029,0.2540538139445291,0.24147448579222708,0.21944493873127793,0.34571386609472177,0.2929905478377323,0.29651769453568827
TSs33,0.30893223597154823,0.3249461983913977,0.24983652913198393,0.25748303851980364,0.2854942972508946,0.2341621180018301,0.23856872891760705,0.25536719434361793,0.24672720836254564,0.24830520809729079,0.26762255460722395,0.3227647927264786,0.25533250650650274,0.321691383319991,0.2492629211466656,0.325197723793929,0.31200409371526844,0.28917142684316643,0.26256230058277025,0.25882626876568665,0.2501004424134297,0.27835329579056534,0.24033365064143958,0.23512139839988458,0.26887570657396415,0.25916042361385866,0.2537007946037583,0.24082489313601613,0.2599161368000055,0.276851412621552,0.2767603977732877,0.2596503250310245,0.2820723661446267,0.25255665299964153,0.255504533693619,0.24055526403779964,0.299473596619211,0.3086678149089604,0.2591690245449817,0.3282818582038048,0.25507071075459165,0.23802527892794387,0.25047382974158416,0.2682114422972118,0.2562290859020816,0.2714411764988065,0.24059676356820495,0.2698226894590166,0.26492928824501055,0.23847622963655685,0.254542080446978,0.22391372185256345,0.3301832733308482,0.24716812138391564,0.2532857954632293,0.25676270648513183,0.3256804344051668,0.32370911736845764,0.25799958396635964,0.2603575867338421,0.2979656082680663,0.24616870786476308,0.22967964526542567,0.2562839869771687,0.2847038312044133,0.2386325980919665,0.30352646369460223,0.24728394101205137,0.2508586364182629,0.2845401745139754,0.25247496999913704,0.2636475065400047,0.2750041316229339,0.262448944522011,0.2459863608620671,0.3085224030019328,0.24998803994067167,0.2321827310202593,0.0,0.25170977016124485,0.2430838680452305,0.24016670489060243,0.2433672998248168,0.32461891869201176,0.23879371840365707,0.24734448020047434,0.2576691664673915,0.24555970172711256,0.27743916154817755,0.2437179994152586,0.2325984780098041,0.22385396798141494,0.32363843298976036,0.29330798646655337,0.2938346464945008
TSs311,0.32565774088730637,0.3411083811180664,0.2544552189890064,0.2929607717546989,0.2955359855826383,0.26823073921200385,0.23448994895034125,0.22424559588651144,0.24884352626521325,0.2573507752295714,0.2514813861075029,0.3205451713246548,0.2712071665729047,0.32732125392741895,0.2532062673483407,0.3404200920050141,0.32563982913064654,0.32177941285758227,0.270329789460431,0.26162433924655665,0.28338071805229825,0.2830062459082109,0.2350999903975286,0.23765653065224152,0.26854492128380214,0.2629884984341735,0.25792188793381116,0.2535884774146585,0.2729986033767317,0.2826462220995763,0.27914723771769756,0.23597032021484826,0.2959240269719927,0.26246526927009595,0.2631027465955004,0.23194417165917858,0.28753878814677636,0.3281116128551867,0.26819168912157787,0.33296468895128617,0.2665670990896784,0.255409812050771,0.24065035414161262,0.3054391292374402,0.2616943943147262,0.2760846264224015,0.26289225386452864,0.2866142254048865,0.2705114654196225,0.2533386937501004,0.2552413264296621,0.2563488350793126,0.3276860736407431,0.25189250145433,0.26234763262887384,0.2645533865680911,0.31633298509416335,0.3050695991105581,0.2706595470344093,0.2839690468918877,0.2924757496167937,0.2621136164716368,0.2593952968139645,0.2640184266872643,0.29526092062854103,0.2462800500077346,0.2805315244343618,0.25489909373728487,0.26832624274652983,0.2452054773166001,0.2611098824057194,0.252422986060025,0.26878632108005784,0.27837050682776143,0.25676321905297744,0.3217771819590608,0.2619591306805145,0.2700054223635599,0.25170977016124485,0.0,0.2664106021740784,0.255637243941099,0.26116878940527244,0.3400854523924013,0.25168665185925126,0.24273518753892204,0.2546127676444804,0.242767084524576,0.2744948129622881,0.2535562968658418,0.2558163364091382,0.2448376900668887,0.3360156358942989,0.2938174879171869,0.30546246303785135
TSs68,0.3136149806245041,0.31671806415865994,0.24119216868173307,0.2697622843841993,0.29327606819352253,0.2075213805196532,0.24595789601566526,0.27205243958199465,0.25660915152537445,0.2561563116638236,0.29740066050172276,0.31420152051996036,0.2600248990353056,0.3116091282674266,0.2133400932166539,0.31592393508703487,0.3188528545129733,0.31173709865496324,0.2950841643902344,0.25151165784803525,0.2450232013496247,0.2761569917184675,0.2794416384735576,0.2640558022081231,0.27067505710119233,0.2580990601052962,0.26396953291800374,0.26238199114569966,0.26699987153887134,0.29003978984746603,0.2716077177315538,0.26752116927810915,0.30502113952882165,0.21109859547001708,0.24262846418143486,0.25918717407037095,0.31935247109596776,0.32473936538784515,0.2858165104926849,0.3364347131289982,0.24039484723406754,0.2516495745818851,0.2671677310577231,0.2901794494333443,0.283708746666372,0.2699453015935503,0.27220716220642416,0.27736373788336316,0.300630809854254,0.2585313960471674,0.26737736055059647,0.18134102325048473,0.3322710866720039,0.26277645357044727,0.286016408966961,0.2702429132208518,0.34688456844784565,0.3150663505725647,0.2598954027521221,0.2754705745586173,0.3256758854083753,0.2722771940518981,0.2131049737994883,0.25355437164475236,0.2918855647358184,0.2283689682020149,0.3250313657509241,0.2734977870063426,0.2672188353077886,0.31360449803043333,0.2788519689843146,0.2171520452504792,0.28187513026144784,0.2477716051200174,0.27794093443313034,0.22725462063696536,0.2810749044818906,0.22834633005526006,0.2430838680452305,0.2664106021740784,0.0,0.2501822970046574,0.26408658761097276,0.31598539530287256,0.26471770352722884,0.2515211511721947,0.24032776637315834,0.22521209980028672,0.2843853310138766,0.234304147196839,0.25630225745419105,0.23090155951273442,0.348508274373246,0.30323947323129846,0.30767644679833484
TSs104,0.3059450822556965,0.31285102408561666,0.23551171568994073,0.26412527126996443,0.2742279897625904,0.23535245687428924,0.22359696006484756,0.24763134709598134,0.2269850794125918,0.22318554277262756,0.2797687261554974,0.2986004842916795,0.23763834120908814,0.30775900408815227,0.2320804615677975,0.31226057587026684,0.3069234394997599,0.3038589445392226,0.26205812785601035,0.25476667879473447,0.2703420606402679,0.2602088319459233,0.2428850734799311,0.23548444652621472,0.24621648803238333,0.24148557107202775,0.23219516615533575,0.22706440471816028,0.24524798933502515,0.2732286603188014,0.2668311601298622,0.2458978817054337,0.271194475725392,0.2639427157281799,0.24142977695249565,0.23335419875597538,0.30401612773184206,0.2889341875536909,0.2483510011708359,0.3078132649473848,0.21874875848731878,0.22938965622073204,0.24927494126650454,0.2785319168413512,0.24962356073370423,0.2711272646843452,0.2300054190513265,0.2589656699874727,0.2590284520884262,0.22588249237135338,0.22447459800675976,0.21827857655489005,0.3082842017762353,0.23802213379221243,0.2332611382889979,0.2314883163248343,0.3147922595761436,0.3166133238096703,0.23037956220966546,0.25975545249004467,0.273791303002534,0.23329555416640269,0.2483351583618611,0.2210033286620233,0.26098126399264493,0.21709880087220448,0.2827183097600633,0.2361894434209461,0.23894025882834208,0.2919233696263954,0.23600560256031688,0.2353290242681872,0.24180722894541498,0.25317427986054414,0.2447970383555551,0.28756538559972433,0.23790460095540253,0.25461028026483784,0.24016670489060243,0.255637243941099,0.2501822970046574,0.0,0.23251357681438248,0.3123639146866456,0.22770679307353756,0.22623308058462108,0.2470096188720843,0.22185254387827918,0.24830618811661423,0.22700092520769785,0.2278181733518638,0.22235013300612483,0.3251080562027182,0.277077926251233,0.28498802651521826
TSs58,0.3249436901811599,0.33081228155518067,0.24774656823341942,0.2873867095717413,0.2846068620743669,0.27004918365399616,0.23655669670035917,0.250724987538715,0.25007923914058083,0.23602240420447165,0.267710217163282,0.30237279783023013,0.25902813004164665,0.32053519512711653,0.24800020609988657,0.33012391788519213,0.3279018517194267,0.3076758071055913,0.2600093545820408,0.25459927213196953,0.28122637500008846,0.2755682558252524,0.25497725329803095,0.23592232429028112,0.26276084054243815,0.2676340747095262,0.2538381154855933,0.23339796293462353,0.25710646864179,0.2709496189685578,0.27047622698627405,0.27007426442027027,0.2676236419337568,0.2831736777632156,0.24967488979466554,0.24169229678043117,0.296226048835662,0.32059308730493424,0.24477880298100074,0.3325155945341028,0.24268621510751381,0.2285583816985413,0.2570534185186753,0.2901782729215006,0.26452711905887333,0.2743468671713666,0.2523905153127705,0.27514215497318917,0.25012308315908344,0.24299062044284542,0.24027317626668046,0.2480549885667041,0.3259837978511997,0.2467992620759324,0.24440161032520002,0.25522428772393996,0.3180598824630337,0.3333508197691523,0.2530001987566451,0.27844890700410907,0.30802079167402047,0.24149078100410323,0.2692166537790603,0.2363856221195846,0.28411783616013686,0.23675496767328694,0.2914712335273089,0.2413175970612469,0.24046992549974672,0.2895566072397287,0.24788614654309366,0.25821380205401395,0.26324561883457737,0.2702109333762229,0.25344579908539505,0.30176519782548744,0.24273902610375345,0.28171154675556137,0.2433672998248168,0.26116878940527244,0.26408658761097276,0.23251357681438248,0.0,0.3308885800595634,0.2224762059815282,0.23407634353943924,0.25040428503217893,0.23792359681730382,0.2610270217682977,0.2560567725720219,0.23460788731976534,0.25033732977801837,0.31502399038064144,0.28866000700066585,0.29077143457608284
TSs358,0.24642278107836532,0.029370320052624247,0.33274443288842276,0.35633256715919803,0.24112769855573551,0.30942206930760263,0.3222108331796795,0.33236065344417853,0.32353647660657575,0.3279794283219096,0.35900514267714945,0.3824252837687222,0.3090517551347691,0.25529871468314597,0.31075586424387747,0.035933825546331385,0.26590307364384635,0.27995391357569566,0.34019479902606,0.33207322644255594,0.34254835684627494,0.1855610953673992,0.33411013189380645,0.3296791177359328,0.2904688363177144,0.31929941532174305,0.3112761632247341,0.32406920540782697,0.3297846516068575,0.25896568952975,0.35765111515241027,0.3357467693455513,0.34850261503978225,0.32844925159205646,0.3071130610194589,0.3253107449875588,0.38242864427605694,0.3518633229754566,0.3473635037400384,0.3794072662965653,0.32824952488763,0.3132262194394469,0.30967864225208347,0.33111476469976336,0.3465909291353947,0.3272894726353704,0.32850465170411897,0.29297585555666905,0.3554510226218813,0.2947650590314944,0.3301566497476028,0.31138409853003923,0.2959074388419052,0.27416627320549253,0.3320995230604188,0.29929349354881096,0.38854507061167143,0.36617330900064193,0.3131394623653706,0.3429830597749484,0.3792944779890769,0.33163593723554324,0.31423107985397786,0.3219631608644691,0.3191075387911265,0.31011101909458744,0.37676422172613533,0.32184952145764817,0.32383070036111405,0.3710185202752543,0.31166046915957357,0.33461108924346666,0.31801189822850306,0.3451491323341713,0.3423233788639173,0.3693269263790327,0.3253044612124134,0.3326861844352448,0.32461891869201176,0.3400854523924013,0.31598539530287256,0.3123639146866456,0.3308885800595634,0.0,0.3297132058952373,0.3219166126027155,0.3396192233373417,0.2990872648331544,0.3397646780645709,0.32039168601457585,0.3266774758799376,0.2891086870935926,0.39041165967059854,0.3193870628580008,0.34823959183825415
TSs82,0.3143498957388243,0.32968270950370543,0.24760390204456048,0.2662300156882916,0.2903917853613143,0.2567592489161882,0.22828081773121162,0.24349658343268174,0.24084377000698212,0.23201803945558414,0.26867610866329883,0.30206059218577513,0.2509177183012003,0.321684015146667,0.24763231917711323,0.32890900551233004,0.31709664690123707,0.30801594694136036,0.2517840520451764,0.2521904044201033,0.2689010810665945,0.2682411056132234,0.2339399693824745,0.2354106206455726,0.2535954197252534,0.24526965796130637,0.2396924876475924,0.23710236855517897,0.2559333473382608,0.25085846959579,0.26186477806307995,0.2660248687044705,0.23392973987797164,0.26658896573320345,0.2544475170423803,0.2276720617378813,0.28831954990517034,0.2996633171729208,0.23603687013595007,0.31702573035728754,0.24554906235132473,0.2169721712038737,0.24229406957329322,0.28310879598299804,0.2505378829024281,0.2740098885143575,0.23204774044612855,0.27509293069104934,0.25513037691667584,0.23015016935239022,0.23055117903373679,0.23696802770383635,0.3224886738706628,0.24010137389882993,0.23624396530799568,0.24515633842779164,0.3025012444961074,0.3065258632693666,0.24135211871592624,0.26680928919578173,0.29723073033506975,0.23407984962304046,0.24557624540596817,0.22949177373756494,0.26387687485550215,0.21608402923933942,0.29087262165149735,0.24656406587691826,0.23396744906240188,0.2716902234454457,0.22868277870354783,0.2635972083919946,0.25420533503139836,0.26316017913425555,0.2341411831752152,0.31620249577068615,0.23337809908387677,0.26121447933010417,0.23879371840365707,0.25168665185925126,0.26471770352722884,0.22770679307353756,0.2224762059815282,0.3297132058952373,0.0,0.22736603412792175,0.2498891142821205,0.22316761295762436,0.25139493846362837,0.25713207939850913,0.21750331562459527,0.22377873687400032,0.3103876074991434,0.2766878140512079,0.27400866832269916
TSs15,0.312569287287837,0.322007102341242,0.22955459802639389,0.27243446813190203,0.27785174708278554,0.2522312934174988,0.2300136101180218,0.2345471546916497,0.24021039741492328,0.23239005505566313,0.268551883882344,0.3041350897836791,0.2518297719418167,0.31249482397907086,0.22173162508861458,0.3212991429136066,0.31191866613684416,0.308654610516139,0.2581037878030659,0.24849716387248735,0.2734518485229247,0.24770436916848929,0.2455264968022863,0.238780963836458,0.2517748314770603,0.23561497158458986,0.22945703076440407,0.2383213554136001,0.25039489874946697,0.26920519885239036,0.26146760222922044,0.24464087889987934,0.2649597552587678,0.2669902058597339,0.24306898314061218,0.22966001384706938,0.30350369648026154,0.31997370805619063,0.22318010652842807,0.31732208555645436,0.23436449909006477,0.22532695478344875,0.23874388300849111,0.2770889582344688,0.2483854131688479,0.26195970362798887,0.24620802261123867,0.26076963899315503,0.25078744443486606,0.21493484928228618,0.22309692187921903,0.22702745939910687,0.32114990258084314,0.24350540730511744,0.2333462494767114,0.24380769597196775,0.3042055778672502,0.3090003127685853,0.24919872559379594,0.25688558267039796,0.2808801969978557,0.22985779708116888,0.2483854131688479,0.216574453428009,0.28141042843651987,0.22549758231277212,0.275209524951645,0.23532096379206888,0.2394251828125219,0.2901072669644877,0.2468363621667157,0.24039030221555494,0.22866892935881494,0.24383728667740365,0.2360425432208864,0.2894250291481076,0.2542089476564535,0.25616523062091073,0.24734448020047434,0.24273518753892204,0.2515211511721947,0.22623308058462108,0.23407634353943924,0.3219166126027155,0.22736603412792175,0.0,0.2422908077594167,0.22940522339897013,0.2460324089467131,0.23528674756288884,0.22344145252353806,0.23255091670357841,0.32306275961518605,0.2739896384729539,0.2923000961685776
TSs3,0.3314832784930312,0.3403460976782075,0.22794536636487125,0.2753473902421759,0.2988082928024056,0.2432942544716434,0.2368674895895327,0.2714980510669572,0.2468104683090824,0.2528217074528756,0.297356414191214,0.3115065853349458,0.26632724871648156,0.3320848242849993,0.2362519237361129,0.3395187887026779,0.3319232983246492,0.32669765444099746,0.2849120924150843,0.24852956786387426,0.2412257763258658,0.283346791253371,0.26407845675920716,0.2537472335935976,0.25807239330948206,0.2581259465440136,0.25878589164809684,0.2508743802228823,0.24846478452040066,0.28863084628506097,0.26415636301971146,0.22710014236587345,0.2896911789084633,0.2260628663464401,0.255170453009095,0.24189921698695688,0.31737839497928455,0.31801814040891546,0.2612474905709596,0.3355604622246138,0.2328891349779927,0.2481348360167687,0.26226895604159645,0.2863376069068013,0.26781475500598323,0.2819204395843775,0.27340859851949606,0.2689571089452151,0.28319126009049783,0.254749405783359,0.2389276985336242,0.2287874678207501,0.3372366041580219,0.25149419673241724,0.25405561605297067,0.2553644232363861,0.3265423483944413,0.2987979377829332,0.2568571357926064,0.262692840880241,0.3024174368577727,0.24252930107662016,0.2419742990601361,0.2395168135124813,0.2899459798733848,0.24276037356357866,0.28749517236593475,0.25534653302241866,0.2620288426268047,0.31247869913457793,0.26455380506536863,0.230039025177808,0.26827336340896274,0.24502310442335218,0.260529498645683,0.27781995770395673,0.2739402122764013,0.24674764831953408,0.2576691664673915,0.2546127676444804,0.24032776637315834,0.2470096188720843,0.25040428503217893,0.3396192233373417,0.2498891142821205,0.2422908077594167,0.0,0.23291341181867511,0.2505570091174591,0.24241436875274736,0.24993495692611406,0.24148957401375248,0.33894151510642223,0.27999215979804787,0.2997846414566736
TSs4,0.2875307892022871,0.2992185387885961,0.2237974289430472,0.27555563274341466,0.2656873013765636,0.2332278210037103,0.2238760770350996,0.23016692113662646,0.24623052672476642,0.2379619352879833,0.27845791884628796,0.2857737701192289,0.2394785458244719,0.28585129438338835,0.21883135242316104,0.2990111936791726,0.295344457423978,0.30420219786647773,0.2661667312792583,0.2341775724465084,0.26546860736206807,0.25446950823926623,0.25844286143531714,0.24071723236110118,0.24138820711185877,0.24549680425079373,0.24224345363479044,0.24615771168336842,0.26076208788460914,0.2603740367974502,0.25331700171478616,0.2461158553251594,0.2775388221493517,0.23411530621482238,0.22073425540249217,0.22568954786799342,0.3128672148461807,0.3025584566513344,0.2598393410696288,0.3181927923718451,0.22906448942173926,0.23040245051109648,0.24479071936554592,0.28638232508298095,0.2516788529290166,0.24560243150061653,0.25177962886065774,0.2604234296984127,0.2747920619563704,0.22847586055972752,0.238012473033154,0.2064552027437909,0.28685742097173816,0.2308046442922551,0.25238253956413953,0.2428489084563406,0.3229483831136695,0.2978606054302674,0.22526709509685522,0.264181513305794,0.29049355488559714,0.2473467746846312,0.21852096081256803,0.2193221164523982,0.2290429152496012,0.2025052249315933,0.28579321385294704,0.24509574168878231,0.24172393868820616,0.2833368773006423,0.24423767993744824,0.21309317191715185,0.2583250435775088,0.226767033600725,0.2466401612234941,0.2646934299495652,0.24653883175737504,0.24175597818396083,0.24555970172711256,0.242767084524576,0.22521209980028672,0.22185254387827918,0.23792359681730382,0.2990872648331544,0.22316761295762436,0.22940522339897013,0.23291341181867511,0.0,0.25812876989937933,0.2388812768360817,0.2278847143791617,0.21033101377439423,0.33234644158390964,0.2744499313819024,0.2722360145605811
TSs331,0.33092522343816705,0.3394424870449954,0.25606767180439916,0.28696706521594834,0.3063695702705878,0.27879502804306977,0.2604991041382945,0.2665054183533536,0.25862757794417,0.2611793325174524,0.28934922170328814,0.3259329921851734,0.27170314747997576,0.33947413249094843,0.2669361320761822,0.3391462528835899,0.3285757090774407,0.33218893552891887,0.27727472673807024,0.27853474611328594,0.2858999370450355,0.2758273846341073,0.2613491119606828,0.2722944238822497,0.26002652887362687,0.2519923096536819,0.2562294497130216,0.2571709110192453,0.25696540119687417,0.2973032997798038,0.29974791739772166,0.25366620414867386,0.27074075188442714,0.2841408113561484,0.27052795313378736,0.25918763893671,0.3268987279145199,0.3163577836500128,0.261068504627441,0.3138185328168878,0.2515637156909048,0.2548023049268707,0.2722837068210999,0.2888575643363025,0.2600128109035505,0.28868861044730154,0.2616666945635817,0.2688739810945997,0.27283282800732417,0.2533996778137934,0.24512190786036012,0.2677835753471173,0.33468293141951094,0.2591442778697309,0.2521030316378689,0.2605932607643988,0.3185423550844132,0.3195082396466181,0.2382709187002544,0.2805861924572431,0.27979196871640866,0.2598092996340783,0.2725063206576009,0.25268893811053583,0.28585151643164997,0.2534647758493789,0.28565852726476126,0.25604799174488274,0.2580158482718669,0.30186456548361773,0.2596979861029775,0.273061308374959,0.231222131507128,0.276472610009543,0.26072652723889933,0.33152013202872804,0.2610526431353388,0.275488580087029,0.27743916154817755,0.2744948129622881,0.2843853310138766,0.24830618811661423,0.2610270217682977,0.3397646780645709,0.25139493846362837,0.2460324089467131,0.2505570091174591,0.25812876989937933,0.0,0.26920705640145026,0.2499305931108813,0.25336283492635775,0.339663574852015,0.2843779254914593,0.28037733623796884
TSs314B,0.3101378214486211,0.32039999497003363,0.23480379335769808,0.27706627104915055,0.29572223555201105,0.22408029684248418,0.2277508598644886,0.26876189297419234,0.20334950886147998,0.2436960089114127,0.28265992851103316,0.30643998794765626,0.25224513258195075,0.32001470840903434,0.2301121874349259,0.319847419013913,0.31852989290501915,0.31420344850260823,0.2659886314627195,0.2529592124928074,0.2630844377014913,0.27306444875614133,0.24234387373120203,0.24625574263112598,0.26107361914248056,0.2490575665625018,0.255281632338921,0.2507683416409094,0.2670442435491927,0.28702026540003717,0.2708960280054022,0.2542007641132424,0.2889203376894743,0.26357176491156953,0.24714807027899552,0.24104493438311464,0.3136533374441543,0.3115063502977997,0.2646023453856572,0.3299378632342301,0.21050171471029033,0.24211160334803514,0.2629146511212344,0.2720648032494788,0.2599322489378463,0.2736906064722041,0.24931203343243952,0.2735553606434806,0.28439740461192964,0.24535001021727953,0.24977441671433662,0.22458965622409435,0.3295599121715387,0.2616684917909291,0.25754665066169824,0.2503714169101049,0.327453670648682,0.32518313668797216,0.2618419014915882,0.26390313213428446,0.2853234539512595,0.24213392055808752,0.24366235680880965,0.23456463306863684,0.2985209415293642,0.2387026921115856,0.2971086145494388,0.25613737034116596,0.26431059788225775,0.30501260822893733,0.2616606376660037,0.2334917996147797,0.26809967192933987,0.24279286159347993,0.24410544847254848,0.2604199473241663,0.2545106545904666,0.2540538139445291,0.2437179994152586,0.2535562968658418,0.234304147196839,0.22700092520769785,0.2560567725720219,0.32039168601457585,0.25713207939850913,0.23528674756288884,0.24241436875274736,0.2388812768360817,0.26920705640145026,0.0,0.24163455722430735,0.25278855224158264,0.33533923435267354,0.2931092983998886,0.3002750435799384
TSs333,0.310533801004648,0.3261921444250429,0.24305744810007998,0.25239637036447793,0.28625648223353173,0.24400962382535182,0.22056879489740203,0.2459083171686869,0.22404136390405074,0.2264724206698969,0.26646876279557963,0.2988089715195273,0.2497584468582813,0.3196449800844506,0.2440338802949396,0.3257042090750561,0.3110290897405242,0.3038673428187395,0.24899664134392147,0.22698953969549615,0.261440757456929,0.2655740598819011,0.23256743331479193,0.23625571254751723,0.2476098481596147,0.23485571127067828,0.23565815966035272,0.2238659703437045,0.23888394610761188,0.2693067500344092,0.2651197591840341,0.2570543193119366,0.2632787847031574,0.2543366261642434,0.23907414719953032,0.22386177790557216,0.2932098527611618,0.296871540432583,0.23344657321799714,0.31384057969964896,0.23287637269306152,0.22101165997782526,0.2426068603397395,0.2668861606036219,0.24035230552093892,0.25586331192311645,0.23353471163504053,0.2659943014417602,0.25486606872512585,0.23464542146449244,0.22735942402352205,0.22135943621178655,0.31170488081369646,0.2432604712407949,0.22688736811711702,0.23787099619168692,0.305092406721031,0.3005620883729803,0.24841977310633914,0.2465369936895764,0.29055732048566096,0.21222189152936238,0.2325444539801435,0.2259448817694906,0.2706104282698797,0.22735942402352205,0.276945780250056,0.23396894115031838,0.23544229635533906,0.2807043486101496,0.24385168739093852,0.2590198539319195,0.2527069689900312,0.2665527582083777,0.2287228911297122,0.3149531122713805,0.232221608799746,0.24147448579222708,0.2325984780098041,0.2558163364091382,0.25630225745419105,0.2278181733518638,0.23460788731976534,0.3266774758799376,0.21750331562459527,0.22344145252353806,0.24993495692611406,0.2278847143791617,0.2499305931108813,0.24163455722430735,0.0,0.22188007849009164,0.31298740102675454,0.2747542916209719,0.27381440826909687
TSs7,0.28684660226343883,0.28936623163363645,0.24682600536223268,0.24769346783051094,0.254279961981059,0.2155545718431104,0.2264199149763042,0.24148924261525476,0.23518803936184426,0.2341971087613517,0.2754440653789492,0.3193680264058547,0.24297453453891743,0.2865971881547754,0.23699772013078424,0.2876144038818065,0.27820858207412114,0.28463720084190863,0.2656940148606908,0.2446501227657577,0.24163669484007927,0.24189996954974913,0.24483119060554975,0.22873791818500186,0.23746064933489616,0.2403592930007925,0.2278150481692586,0.22702400724360025,0.2365623480195076,0.25991441607351357,0.2718697660996872,0.23874672772626646,0.27469349482714406,0.21328527762678554,0.24099693936284672,0.22032428487946742,0.3039660029761925,0.2849684081081491,0.2557032169184643,0.3082858319844971,0.2425835723499477,0.22583179581272428,0.234445871493723,0.26190118617019836,0.25404421177909475,0.24259152865028363,0.24321563714910716,0.2534706067642742,0.27521570292897274,0.21767408982946088,0.226681749121131,0.21176910503223517,0.2949204511910074,0.2246449725510439,0.24061328155412298,0.22933170950885537,0.3189122841653636,0.28745512092328723,0.22858077996162296,0.25014358313931156,0.28998856407476287,0.23590997405723454,0.20624854311839766,0.24022741154154068,0.24421413133630449,0.19806758753205742,0.29343610350800653,0.23731768782852414,0.22856522849532523,0.275054727917787,0.24035668859239243,0.2467019907796776,0.2485441580731111,0.25582178495364855,0.24713043667125023,0.3099070923392465,0.24349738840005,0.21944493873127793,0.22385396798141494,0.2448376900668887,0.23090155951273442,0.22235013300612483,0.25033732977801837,0.2891086870935926,0.22377873687400032,0.23255091670357841,0.24148957401375248,0.21033101377439423,0.25336283492635775,0.25278855224158264,0.22188007849009164,0.0,0.3237438762379925,0.26087821469181444,0.268243501422786
TSs38,0.38504835979569113,0.39002423498630756,0.33782039721515605,0.35252388840963755,0.3592528760528185,0.34285131873049257,0.3236589966745692,0.3248556679359215,0.3428167966420002,0.2877212794327866,0.3301199410003181,0.3841631752507411,0.3301054083821849,0.3927662977130672,0.34267003285869274,0.38995016465613724,0.37673411751579056,0.3546030278784622,0.32731666224963624,0.3504701318705705,0.35113264034278713,0.34691838503833916,0.3209294134132692,0.3227944680929157,0.32447877910945067,0.3333145756910696,0.33564898203378735,0.32613117704344585,0.3417924954818227,0.3499691295600296,0.3296995759249939,0.33867421976394524,0.34050154716720316,0.3545035104344538,0.33662566450218445,0.3251737595979365,0.30915265703180184,0.38073181022666247,0.32331458107698063,0.3891701599005966,0.33056968759680155,0.3157136044767574,0.3242079575242944,0.34687509147166823,0.33564324356029857,0.3425762957634298,0.32538396334987946,0.34441712313781814,0.30995284257093464,0.32491861412720896,0.3130241439692908,0.3390610007697517,0.3877647749063049,0.33057292942877203,0.3176918217042353,0.32939280767694995,0.38207118186718575,0.3782300681931273,0.33841202321509567,0.35835980288476366,0.38121732992112856,0.3171889628740037,0.34006930027857724,0.3382429055009334,0.36004017671368554,0.32158613489984655,0.36933983405237025,0.3314781354960749,0.3164409372787786,0.35907290973992056,0.3272112047734512,0.35056435595415153,0.3447586949673486,0.3519557907244153,0.3239901890778154,0.3929829055021715,0.3131895238513392,0.34571386609472177,0.32363843298976036,0.3360156358942989,0.348508274373246,0.3251080562027182,0.31502399038064144,0.39041165967059854,0.3103876074991434,0.32306275961518605,0.33894151510642223,0.33234644158390964,0.339663574852015,0.33533923435267354,0.31298740102675454,0.3237438762379925,0.0,0.355145271870779,0.36098637514860565
TSs10,0.30778003686226835,0.3199108173828176,0.2776056322726953,0.30413912107232915,0.2740408621366839,0.2860694476033893,0.27706878194064977,0.2881984096296563,0.28181890848113234,0.28342565521207574,0.31899377179880717,0.352933325013092,0.2758828106347654,0.3148103647954529,0.2871314651398739,0.3182572915631145,0.3038912054981623,0.32670158429203233,0.28814548597981043,0.30695083935018175,0.3051549275877807,0.27772203717945704,0.28380137841972825,0.27346885809258126,0.2690220122649619,0.2828142124902414,0.2678259482704769,0.27930153800383073,0.2804404893358781,0.2903044793398605,0.31419067974058446,0.29231074213433755,0.2869127961799039,0.30138600408699706,0.2775351864987463,0.2739131979998449,0.33367501220209916,0.3320749394652962,0.2884998975466634,0.3328407349695928,0.2774205964353972,0.2729765671949627,0.273301112092757,0.2938361791593904,0.2908461598256967,0.29678619498801667,0.29952764947403915,0.26672298789076243,0.3043138752547252,0.26063868556824465,0.26507042360941474,0.28460847972091974,0.31944266790749354,0.251343308281633,0.27666615961535185,0.26246329038836136,0.3312215196962734,0.3193318486792741,0.2789810579646707,0.29547632138022806,0.3256425728884803,0.2790810903646484,0.29206637020181697,0.28430205787911017,0.3006151483546966,0.2710147094149773,0.32327482366937454,0.2727168292814827,0.28853079851194885,0.3368578916452606,0.2811953632364585,0.2979239032088047,0.27365297710637354,0.30224052959228287,0.284831584774659,0.35713720399680354,0.28693059427596646,0.2929905478377323,0.29330798646655337,0.2938174879171869,0.30323947323129846,0.277077926251233,0.28866000700066585,0.3193870628580008,0.2766878140512079,0.2739896384729539,0.27999215979804787,0.2744499313819024,0.2843779254914593,0.2931092983998886,0.2747542916209719,0.26087821469181444,0.355145271870779,0.0,0.3075174258847899
TSs48,0.34220035963968987,0.34832442777257694,0.28440029955235274,0.31513850264154447,0.29879155702732096,0.2989747786946406,0.27262091382479325,0.29011376475801226,0.2872668337045132,0.28871378033204653,0.32237363182321804,0.3312267011810088,0.3011330193270002,0.3531061024065172,0.29747090416449234,0.34782428012652433,0.3304345624055042,0.33801142947275586,0.29428029121089255,0.29394298908149236,0.3246989223056758,0.29269690146693933,0.2931505266748222,0.2984777374541541,0.30120675695914884,0.29515337039517864,0.2827073444687893,0.29050617014471203,0.29236635270853956,0.30901424927919247,0.3208373011846972,0.2879629398291478,0.3109582195949741,0.3085845697251582,0.28310514680925775,0.2822907906387067,0.34324982766173184,0.2534855851361683,0.2925805748046366,0.34015029024292287,0.28746392433651685,0.2758392177306171,0.29226288604314893,0.3225374739083557,0.3022830526461783,0.29739793360849376,0.28671808771633883,0.2972908303250118,0.31379998433251177,0.27019166701235314,0.2681861421192135,0.28084826697999465,0.3430085953459696,0.2769443484780064,0.2817621557677681,0.28475187885261977,0.33865251320296946,0.35285967186952427,0.280826664054815,0.306982030195631,0.31839306067496687,0.2814891246861275,0.2908636907348588,0.28312320499251464,0.29968119493111256,0.2881859452974986,0.3012690263085536,0.2861891925520728,0.28214965804534375,0.3267234632948604,0.2907750978175236,0.3010038160822432,0.28474388518016697,0.31222997280979853,0.28564197861767743,0.35937930003701285,0.29652772677274625,0.29651769453568827,0.2938346464945008,0.30546246303785135,0.30767644679833484,0.28498802651521826,0.29077143457608284,0.34823959183825415,0.27400866832269916,0.2923000961685776,0.2997846414566736,0.2722360145605811,0.28037733623796884,0.3002750435799384,0.27381440826909687,0.268243501422786,0.36098637514860565,0.3075174258847899,0.0
