rs,het,depth,RepAvg,AvgCountRef,AvgCountSnp,placement,multimap
100013065|F|0-5:C>A-5:C>A,0.4761904761904761,40.45791,0.953125,20.51852,19.93939,unique,False
100013792|F|0-5:A>G-5:A>G,0.4380952380952381,27.6524,0.96875,16.02419,11.62821,unique,False
100014172|F|0-5:G>A-5:G>A,0.3619047619047619,44.14755,0.983871,26.25203,17.89552,unique,False
100014717|F|0-5:C>A-5:C>A,0.2761904761904762,12.60406,0.983871,7.66406,4.94,unique,False
100015018|F|0-5:T>A-5:T>A,0.2095238095238095,25.30771,1.0,16.09559,9.21212,unique,False
100017287|F|0-5:C>A-5:C>A,0.2,29.76786,0.984375,20.625,9.14286,unique,False
100017309|F|0-5:C>G-5:C>G,0.1238095238095238,32.54745,1.0,22.54745,10.0,unique,False
100017546|F|0-5:C>G-5:C>G,0.0952380952380952,60.78841,1.0,42.18841,18.6,unique,False
100017924|F|0-5:G>C-5:G>C,0.4571428571428571,13.46661,0.967742,7.37383,6.09278,unique,False
100018106|F|0-5:T>C-5:T>C,0.3904761904761905,18.99737,0.9375,11.072,7.92537,unique,False
100018265|F|0-5:C>T-5:C>T,0.4901960784313725,30.236800000000002,0.96875,17.09756,13.13924,unique,False
100019495|F|0-5:T>G-5:T>G,0.4285714285714285,14.42032,0.921875,9.02326,5.39706,unique,False
100019838|F|0-5:G>C-5:G>C,0.219047619047619,46.23462,1.0,31.50735,14.72727,unique,False
100028251|F|0-5:A>G-5:A>G,0.2285714285714285,15.52445,0.935484,9.38931,6.13514,unique,False
100028451|F|0-5:C>A-5:C>A,0.3428571428571428,23.72682,0.984375,14.27068,9.45614,unplaced,False
100028511|F|0-5:C>A-5:C>A,0.4666666666666667,65.15529000000001,0.953125,38.64844,26.50685,unique,False
100029488|F|0-5:C>T-5:C>T,0.3619047619047619,40.10884,0.984375,25.21053,14.89831,unique,False
100029548|F|0-5:C>T-5:C>T,0.4761904761904761,66.87391,1.0,33.89565,32.97826,unique,False
100029979|F|0-5:G>A-5:G>A,0.2761904761904762,22.19374,0.96875,12.75188,9.44186,unplaced,False
100030265|F|0-5:T>C-5:T>C,0.4285714285714285,24.71189,0.967742,15.448,9.26389,multi,True
100035486|F|0-5:T>C-5:T>C,0.2524271844660194,12.27983,0.933333,8.12598,4.15385,unique,False
100040976|F|0-5:T>C-5:T>C,0.419047619047619,25.59127,1.0,14.45238,11.13889,multi,True
100041762|F|0-5:T>C-5:T>C,0.2886597938144329,36.37903,1.0,20.12903,16.25,multi,True
100044261|F|0-5:T>A-5:T>A,0.4666666666666667,80.00377,0.984375,45.5431,34.46067,unique,False
100046187|F|0-5:T>A-5:T>A,0.4476190476190476,55.5115,0.984375,30.84483,24.66667,unique,False
100046329|F|0-5:T>C-5:T>C,0.1428571428571428,15.64029,0.9375,10.64029,5.0,unplaced,False
100049636|F|0-5:T>C-5:T>C,0.0618556701030927,6.0828299999999995,0.966667,3.52727,2.55556,multi,True
100049952|F|0-5:T>A-5:T>A,0.1428571428571428,38.42946,1.0,23.73381,14.69565,multi,True
100053755|F|0-5:T>C-5:T>C,0.2692307692307692,8.40607,0.951613,5.38281,3.02326,multi,True
100057366|F|0-5:C>T-5:C>T,0.4476190476190476,121.74859000000001,1.0,73.80741,47.94118,unique,False
100060605|F|0-5:C>T-5:C>T,0.1442307692307692,61.025690000000004,0.984375,38.43478,22.59091,multi,True
100060618|F|0-5:A>G-5:A>G,0.2631578947368421,12.5474,0.928571,9.42975,3.11765,multi,True
100013120|F|0-6:A>G-6:A>G,0.0285714285714285,15.14844,1.0,10.14844,5.0,multi,True
100013453|F|0-6:G>A-6:G>A,0.0194174757281553,8.30754,1.0,4.625,3.68254,unique,False
100013715|F|0-6:A>G-6:A>G,0.1714285714285714,20.104480000000002,0.984375,14.10448,6.0,unique,False
100013722|F|0-6:A>G-6:A>G,0.2095238095238095,107.61451,1.0,70.92701,36.6875,unique,False
100014420|F|0-6:A>T-6:A>T,0.2761904761904762,66.02207,0.984375,40.17424,25.84783,unique,False
100015734|F|0-6:T>C-6:T>C,0.3942307692307692,7.99123,0.9375,4.32456,3.66667,unique,False
100016409|F|0-6:A>T-6:A>T,0.4666666666666667,35.28151,0.96875,21.42857,13.85294,unique,False
100016452|F|0-6:G>A-6:G>A,0.4476190476190476,15.1192,1.0,8.16364,6.95556,unique,False
100017365|F|0-6:C>T-6:C>T,0.1238095238095238,58.76008,1.0,38.40714,20.35294,unique,False
100017908|F|0-6:T>A-6:T>A,0.0952380952380952,21.12252,0.984375,16.50714,4.61538,unique,False
100018671|F|0-6:A>T-6:A>T,0.3333333333333333,12.521550000000001,0.96875,7.44882,5.07273,unique,False
100020451|F|0-6:A>G-6:A>G,0.3809523809523809,10.04087,0.953125,5.7395,4.30137,unique,False
100021232|F|0-6:T>G-6:T>G,0.116504854368932,8.8705,0.983333,5.69403,3.17647,unique,False
100028542|F|0-6:C>A-6:C>A,0.1276595744680851,12.11664,0.952381,9.47664,2.64,unique,False
100032835|F|0-6:G>C-6:G>C,0.7373737373737373,34.71361,0.981481,20.12598,14.58763,multi,True
100033155|F|0-6:A>T-6:A>T,0.233009708737864,12.40595,0.933333,7.592,4.81395,unique,False
100033227|F|0-6:A>G-6:A>G,0.4519230769230769,65.42264,1.0,35.37963,30.04301,unique,False
100034117|F|0-6:C>A-6:C>A,0.3653846153846153,41.50031,1.0,24.208,17.29231,unique,False
100035362|F|0-6:C>A-6:C>A,0.2666666666666666,34.66043,1.0,21.45113,13.2093,unique,False
100035421|F|0-6:T>A-6:T>A,0.2285714285714285,103.67391,1.0,66.34058,37.33333,unique,False
100035442|F|0-6:A>T-6:A>T,0.3203883495145631,10.24048,0.951613,6.11927,4.12121,unique,False
100035862|F|0-6:T>G-6:T>G,0.4857142857142857,52.13889,0.984375,28.81667,23.32222,unique,False
100038511|F|0-6:G>A-6:G>A,0.0761904761904762,68.04796999999999,1.0,44.90511,23.14286,unique,False
100038699|F|0-6:A>C-6:A>C,0.3428571428571428,108.65383,1.0,67.53383,41.12,unique,False
100040047|F|0-6:G>A-6:G>A,0.2761904761904762,59.77628,0.96875,34.18699,25.58929,unique,False
100040723|F|0-6:G>A-6:G>A,0.3904761904761905,32.08728,0.9375,16.87395,15.21333,unique,False
100043419|F|0-6:T>A-6:T>A,0.3619047619047619,117.40849,1.0,69.57025,47.83824,unique,False
100046294|F|0-6:C>G-6:C>G,0.4519230769230769,59.340740000000004,1.0,32.01852,27.32222,multi,True
100051758|F|0-6:T>G-6:T>G,0.4952380952380952,37.74231,0.984375,21.0566,16.68571,unique,False
100058370|F|0-6:C>T-6:C>T,0.5904761904761905,34.63106,0.951613,27.14388,7.48718,multi,True
100013356|F|0-7:G>A-7:G>A,0.4380952380952381,34.16293,0.984375,19.66942,14.49351,unique,False
100015059|F|0-7:C>A-7:C>A,0.1047619047619047,50.1591,0.984375,29.20455,20.95455,unique,False
100015153|F|0-7:G>C-7:G>C,0.1714285714285714,68.5,1.0,47.5,21.0,unplaced,False
100015597|F|0-7:A>G-7:A>G,0.3238095238095238,36.09975,0.984375,22.58955,13.5102,unique,False
100015847|F|0-7:G>A-7:G>A,0.0857142857142857,18.42754,0.967742,14.76087,3.66667,multi,True
100019433|F|0-7:G>A-7:G>A,0.4761904761904761,51.28818,1.0,26.97087,24.31731,unique,False
100020033|F|0-7:G>A-7:G>A,0.5047619047619047,18.53699,0.9375,9.5566,8.98039,unique,False
100020726|F|0-7:G>A-7:G>A,0.238095238095238,6.79744,0.933333,3.9,2.89744,unique,False
100021715|F|0-7:C>A-7:C>A,0.4761904761904761,26.3875,0.984375,15.75,10.6375,unique,False
100029664|F|0-7:G>A-7:G>A,0.4952380952380952,86.53494,0.96875,46.47244,40.0625,unique,False
100032815|F|0-7:G>A-7:G>A,0.5096153846153846,47.43518,1.0,24.33333,23.10185,unique,False
100032829|F|0-7:T>A-7:T>A,0.2952380952380952,73.42238,0.984375,41.84426,31.57812,unique,False
100033340|F|0-7:A>T-7:A>T,0.3714285714285714,59.34697,0.984375,38.14062,21.20635,unique,False
100033573|F|0-7:C>G-7:C>G,0.1809523809523809,37.26576,1.0,24.80147,12.46429,unplaced,False
100034977|F|0-7:A>C-7:A>C,0.5333333333333333,57.80654,1.0,41.92742,15.87912,unique,False
100043254|F|0-7:C>G-7:C>G,0.4666666666666667,90.46889999999999,1.0,53.36364,37.10526,unique,False
100044743|F|0-7:G>A-7:G>A,0.0103092783505154,7.89603,1.0,4.22936,3.66667,unique,False
100046246|F|0-7:G>A-7:G>A,0.1333333333333333,100.16017,1.0,64.94964,35.21053,unique,False
100046553|F|0-7:C>T-7:C>T,0.0761904761904762,67.93033,1.0,41.83942,26.09091,unique,False
100052578|F|0-7:G>A-7:G>A,0.0761904761904762,117.93717,1.0,68.41085,49.52632,unique,False
100013031|F|0-8:C>T-8:C>T,0.5047619047619047,76.96256,1.0,40.23529,36.72727,unique,False
100017564|F|0-8:A>T-8:A>T,0.1333333333333333,12.57353,0.967742,8.57353,4.0,unique,False
100017716|F|0-8:C>T-8:C>T,0.1047619047619047,33.129400000000004,0.984375,21.55797,11.57143,unique,False
100017834|F|0-8:C>T-8:C>T,0.1442307692307692,8.70719,1.0,6.00719,2.7,unique,False
100017856|F|0-8:G>C-8:G>C,0.3619047619047619,52.7468,0.984375,32.42537,20.32143,unique,False
100018050|F|0-8:G>T-8:G>T,0.3714285714285714,19.94541,0.967742,10.07874,9.86667,unique,False
100018194|F|0-8:A>C-8:A>C,0.2403846153846154,9.98855,0.983871,5.5,4.48855,unique,False
100018976|F|0-8:C>T-8:C>T,0.1442307692307692,91.58756,1.0,62.86029,28.72727,unique,False
100020593|F|0-8:G>C-8:G>C,0.3523809523809524,43.57406,0.984375,28.29104,15.28302,unique,False
100022176|F|0-8:G>A-8:G>A,0.1142857142857142,35.39762,1.0,26.26429,9.13333,unique,False
100022245|F|0-8:T>C-8:T>C,0.4095238095238095,25.35188,0.953125,14.71552,10.63636,multi,True
100030615|F|0-8:C>T-8:C>T,0.419047619047619,93.58397,1.0,56.725,36.85897,unique,False
100030652|F|0-8:A>C-8:A>C,0.1904761904761904,57.65892,0.984375,38.69118,18.96774,unique,False
100033535|F|0-8:A>G-8:A>G,0.1809523809523809,63.72066,0.984375,42.75912,20.96154,multi,True
100034578|F|0-8:C>T-8:C>T,0.0576923076923076,8.04161,1.0,4.94161,3.1,multi,True
100034779|F|0-8:A>T-8:A>T,0.3809523809523809,69.71677,1.0,43.56923,26.14754,unique,False
100035100|F|0-8:T>C-8:T>C,0.4095238095238095,12.403960000000001,0.953125,7.61364,4.79032,unique,False
100038609|F|0-8:A>T-8:A>T,0.4476190476190476,56.38302,0.983871,29.52885,26.85417,unique,False
100041134|F|0-8:G>C-8:G>C,0.1904761904761904,74.75134,1.0,50.28467,24.46667,unique,False
100044127|F|0-8:G>A-8:G>A,0.019047619047619,48.60858,1.0,24.38636,24.22222,unique,False
100051658|F|0-8:A>G-8:A>G,0.2765957446808511,8.30899,0.95,4.92437,3.38462,multi,True
100052450|F|0-8:A>G-8:A>G,0.1553398058252427,77.44815,0.96875,56.34815,21.1,multi,True
100052891|F|0-8:C>T-8:C>T,0.4952380952380952,23.17345,0.96875,12.40171,10.77174,multi,True
100059433|F|0-8:T>C-8:T>C,0.2211538461538461,9.529679999999999,0.9375,6.49635,3.03333,multi,True
100013713|F|0-9:G>T-9:G>T,0.4,23.656399999999998,0.9375,12.86301,10.79339,unique,False
100014153|F|0-9:C>A-9:C>A,0.2952380952380952,40.38607,0.984375,27.1194,13.26667,unplaced,False
100015194|F|0-9:C>T-9:C>T,0.3714285714285714,14.7369,0.953125,8.83065,5.90625,unique,False
100015232|F|0-9:G>T-9:G>T,0.5238095238095238,31.40505,0.983871,16.84553,14.55952,unique,False
100015727|F|0-9:C>T-9:C>T,0.0588235294117647,6.03953,0.964286,3.13953,2.9,unique,False
100016574|F|0-9:G>A-9:G>A,0.3142857142857143,18.27452,0.984375,11.33835,6.93617,unique,False
100017042|F|0-9:A>G-9:A>G,0.4380952380952381,24.93813,0.984375,15.34091,9.59722,unique,False
100017310|F|0-9:T>G-9:T>G,0.3047619047619048,24.23791,0.967742,14.0084,10.22951,unique,False
100017454|F|0-9:A>G-9:A>G,0.419047619047619,22.63591,0.953125,17.7093,4.92661,unique,False
100021397|F|0-9:C>T-9:C>T,0.419047619047619,12.84186,0.935484,6.58696,6.2549,unique,False
100021780|F|0-9:A>G-9:A>G,0.419047619047619,14.13577,0.967742,7.87603,6.25974,unique,False
100021860|F|0-9:A>C-9:A>C,0.238095238095238,12.94406,0.953125,8.30303,4.64103,unique,False
100028703|F|0-9:T>G-9:T>G,0.5238095238095238,51.171899999999994,0.953125,27.76786,23.40404,unique,False
100028909|F|0-9:C>T-9:C>T,0.4095238095238095,34.82731,1.0,18.14953,16.67778,unique,False
100029063|F|0-9:C>T-9:C>T,0.1333333333333333,54.59769,0.983871,39.16912,15.42857,unique,False
100029568|F|0-9:T>G-9:T>G,0.4476190476190476,29.23208,0.951613,15.69524,13.53684,unique,False
100034306|F|0-9:C>T-9:C>T,0.3523809523809524,42.582390000000004,1.0,27.75188,14.83051,unique,False
100034340|F|0-9:G>A-9:G>A,0.1238095238095238,35.83175,0.984375,26.94286,8.88889,unique,False
100034584|F|0-9:T>C-9:T>C,0.6,62.905879999999996,0.984375,35.3719,27.53398,unique,False
100038486|F|0-9:G>A-9:G>A,0.1142857142857142,92.42882,1.0,64.84058,27.58824,unique,False
100038915|F|0-9:A>C-9:A>C,0.2095238095238095,79.39158,1.0,49.62687,29.76471,unique,False
100044760|F|0-9:A>T-9:A>T,0.4285714285714285,51.879509999999996,0.984375,29.22951,22.65,unique,False
100054119|F|0-9:A>T-9:A>T,0.2857142857142857,44.92595,1.0,29.71318,15.21277,unique,False
100013385|F|0-10:G>T-10:G>T,0.3428571428571428,12.87218,0.984375,7.97744,4.89474,unique,False
100014107|F|0-10:A>C-10:A>C,0.0952380952380952,72.27037,1.0,45.65926,26.61111,unique,False
100014526|F|0-10:T>C-10:T>C,0.4158415841584158,13.84444,0.953125,8.15,5.69444,unique,False
100018535|F|0-10:A>T-10:A>T,0.1047619047619047,47.60536,0.984375,34.04286,13.5625,unique,False
100018779|F|0-10:A>G-10:A>G,0.3904761904761905,12.728860000000001,0.953125,7.00935,5.71951,unique,False
100019676|F|0-10:G>T-10:G>T,0.3047619047619048,17.90506,1.0,10.38583,7.51923,unique,False
100020171|F|0-10:G>A-10:G>A,0.1428571428571428,57.95456,0.96875,40.00719,17.94737,unique,False
100021820|F|0-10:T>A-10:T>A,0.1809523809523809,20.89727,1.0,15.41727,5.48,unique,False
100022289|F|0-10:A>G-10:A>G,0.238095238095238,23.90126,1.0,16.54015,7.36111,unique,False
100029049|F|0-10:A>G-10:A>G,0.2285714285714285,19.86862,0.951613,13.73529,6.13333,unique,False
100030268|F|0-10:A>C-10:A>C,0.4761904761904761,49.065740000000005,0.984375,25.84496,23.22078,unique,False
100030458|F|0-10:C>T-10:C>T,0.2571428571428571,36.8344,0.96875,23.85821,12.97619,unique,False
100032947|F|0-10:A>C-10:A>C,0.1188118811881188,47.865700000000004,1.0,29.96094,17.90476,unique,False
100036060|F|0-10:G>T-10:G>T,0.3238095238095238,37.42903,0.983871,24.10294,13.32609,unique,False
100038458|F|0-10:G>A-10:G>A,0.0952380952380952,89.70165,1.0,64.77857,24.92308,unique,False
100040460|F|0-10:G>A-10:G>A,0.4380952380952381,38.42576,1.0,22.17857,16.24719,unique,False
100041722|F|0-10:C>T-10:C>T,0.238095238095238,20.82544,0.984375,13.74436,7.08108,unique,False
100043120|F|0-10:T>G-10:T>G,0.1333333333333333,55.74974,1.0,36.32117,19.42857,unique,False
100043216|F|0-10:A>G-10:A>G,0.1809523809523809,74.25,1.0,50.25,24.0,unique,False
100044509|F|0-10:A>G-10:A>G,0.3689320388349514,57.23194,1.0,39.01527,18.21667,unique,False
100048111|F|0-10:T>A-10:T>A,0.4857142857142857,62.84934,0.953125,33.62712,29.22222,unique,False
100059522|F|0-10:G>T-10:G>T,0.2571428571428571,73.21138,1.0,46.09774,27.11364,unique,False
100013529|F|0-11:C>G-11:C>G,0.4666666666666667,84.99333999999999,0.96875,48.91379,36.07955,unique,False
100013847|F|0-11:C>A-11:C>A,0.3238095238095238,46.174,0.984375,26.60684,19.56716,unique,False
100014023|F|0-11:A>G-11:A>G,0.1523809523809524,14.901340000000001,0.984375,9.47826,5.42308,unique,False
100014256|F|0-11:C>T-11:C>T,0.3714285714285714,9.360240000000001,0.9375,5.06612,4.29412,unique,False
100014874|F|0-11:C>G-11:C>G,0.0952380952380952,63.06429,1.0,49.56429,13.5,unique,False
100014895|F|0-11:G>A-11:G>A,0.1333333333333333,39.72208,1.0,27.82734,11.89474,unique,False
100017539|F|0-11:A>T-11:A>T,0.1428571428571428,14.97636,0.984375,10.69065,4.28571,unique,False
100017664|F|0-11:A>T-11:A>T,0.0952380952380952,9.73285,0.984375,6.06618,3.66667,unique,False
100018346|F|0-11:A>C-11:A>C,0.4571428571428571,18.547890000000002,0.953125,10.656,7.89189,unique,False
100018366|F|0-11:C>A-11:C>A,0.2952380952380952,56.03246,0.983871,38.65468,17.37778,unique,False
100019311|F|0-11:C>A-11:C>A,0.2571428571428571,12.781699999999999,0.983871,8.31111,4.47059,unique,False
100020372|F|0-11:G>T-11:G>T,0.1047619047619047,42.12198,1.0,30.81429,11.30769,unique,False
100020454|F|0-11:G>A-11:G>A,0.4285714285714285,31.807159999999996,0.984375,16.13274,15.67442,unique,False
100020755|F|0-11:C>A-11:C>A,0.2285714285714285,14.97059,0.953125,10.09559,4.875,unique,False
100029079|F|0-11:G>A-11:G>A,0.1333333333333333,15.63719,1.0,10.34307,5.29412,multi,True
100029189|F|0-11:C>A-11:C>A,0.3809523809523809,51.72127,0.983871,29.97479,21.74648,unique,False
100029339|F|0-11:C>T-11:C>T,0.5523809523809524,44.55903,0.953125,31.66429,12.89474,multi,True
100030229|F|0-11:A>T-11:A>T,0.3980582524271844,24.24529,0.983871,13.55085,10.69444,multi,True
100030246|F|0-11:C>A-11:C>A,0.4380952380952381,86.97984,1.0,51.57724,35.4026,unique,False
100030290|F|0-11:A>C-11:A>C,0.5047619047619047,69.14851,0.984375,37.74074,31.40777,unique,False
100034291|F|0-11:A>T-11:A>T,0.1428571428571428,75.51350000000001,1.0,49.9635,25.55,unique,False
100034804|F|0-11:G>A-11:G>A,0.5142857142857142,40.52381,1.0,20.73333,19.79048,unique,False
100035126|F|0-11:T>C-11:T>C,0.419047619047619,36.485240000000005,1.0,18.29897,18.18627,unique,False
100038400|F|0-11:G>A-11:G>A,0.5142857142857142,54.99065,0.984375,28.03738,26.95327,unique,False
100038935|F|0-11:A>T-11:A>T,0.2095238095238095,46.84962,0.984375,30.72059,16.12903,unique,False
100038942|F|0-11:T>A-11:T>A,0.7714285714285715,28.74667,0.96875,16.23741,12.50926,unique,False
100040147|F|0-11:C>G-11:C>G,0.7619047619047619,11.51331,0.953125,7.96429,3.54902,multi,True
100044383|F|0-11:A>T-11:A>T,0.3238095238095238,23.0113,0.953125,13.9313,9.08,unique,False
100048771|F|0-11:G>A-11:G>A,0.3142857142857143,42.0778,0.984375,28.56716,13.51064,unique,False
100051141|F|0-11:G>A-11:G>A,0.6857142857142857,46.972319999999996,1.0,26.37857,20.59375,unplaced,False
100054559|F|0-11:G>A-11:G>A,0.1153846153846153,15.72581,0.948276,11.97581,3.75,multi,True
100056174|F|0-11:G>A-11:G>A,0.2,99.85932,0.984375,63.99265,35.86667,unique,False
100013102|F|0-12:T>C-12:T>C,0.4380952380952381,40.20376,0.983871,23.06452,17.13924,unique,False
100014230|F|0-12:A>G-12:A>G,0.2666666666666666,54.98402,0.984375,31.92742,23.0566,unique,False
100014274|F|0-12:C>T-12:C>T,0.1428571428571428,11.95726,0.9375,7.3209,4.63636,unique,False
100014327|F|0-12:T>C-12:T>C,0.4095238095238095,60.33871,0.96875,34.33871,26.0,unique,False
100014556|F|0-12:G>A-12:G>A,0.3809523809523809,9.26932,0.953125,5.29464,3.97468,unique,False
100014678|F|0-12:C>T-12:C>T,0.419047619047619,13.35314,0.96875,6.90244,6.4507,unique,False
100014707|F|0-12:T>C-12:T>C,0.3904761904761905,55.29786,0.96875,31.8595,23.43836,unique,False
100017079|F|0-12:A>G-12:A>G,0.2,8.82,0.984375,4.5,4.32,unique,False
100017269|F|0-12:A>G-12:A>G,0.2095238095238095,19.00317,0.96875,13.65942,5.34375,unique,False
100018441|F|0-12:A>C-12:A>C,0.1523809523809524,72.37578,1.0,53.13768,19.2381,unique,False
100018758|F|0-12:C>T-12:C>T,0.3809523809523809,20.39839,0.96875,13.51908,6.87931,unique,False
100018913|F|0-12:G>A-12:G>A,0.4,38.49498,0.953125,21.73109,16.76389,unique,False
100019087|F|0-12:C>A-12:C>A,0.1238095238095238,28.71667,0.984375,21.65,7.06667,unique,False
100019240|F|0-12:A>C-12:A>C,0.0485436893203883,8.10256,0.982143,4.33333,3.76923,unique,False
100019924|F|0-12:A>T-12:A>T,0.1619047619047619,77.07422,1.0,54.37857,22.69565,unique,False
100021629|F|0-12:T>C-12:T>C,0.219047619047619,44.79508,1.0,28.38129,16.41379,unique,False
100021690|F|0-12:G>A-12:G>A,0.4,12.98794,0.96875,7.45669,5.53125,unique,False
100021815|F|0-12:C>A-12:C>A,0.2095238095238095,57.92596,0.983871,36.77444,21.15152,unique,False
100021971|F|0-12:T>C-12:T>C,0.145631067961165,11.91151,0.981481,7.64228,4.26923,unique,False
100029213|F|0-12:G>A-12:G>A,0.4666666666666667,49.38221,0.967742,25.21875,24.16346,unique,False
100029224|F|0-12:A>G-12:A>G,0.1714285714285714,44.73668,0.96875,30.77372,13.96296,unique,False
100030367|F|0-12:G>A-12:G>A,0.0961538461538461,24.26087,0.967742,16.76087,7.5,multi,True
100030376|F|0-12:T>C-12:T>C,0.4857142857142857,58.59048,0.984375,30.59048,28.0,unique,False
100035981|F|0-12:G>A-12:G>A,0.3238095238095238,32.75645,0.967742,19.66949,13.08696,unique,False
100039010|F|0-12:C>T-12:C>T,0.1714285714285714,52.87813,1.0,39.01449,13.86364,unique,False
100042001|F|0-12:C>A-12:C>A,0.3809523809523809,89.33456,1.0,49.87302,39.46154,unique,False
100043217|F|0-12:G>T-12:G>T,0.1428571428571428,78.94286,0.984375,49.54286,29.4,unique,False
100043230|F|0-12:G>T-12:G>T,0.1619047619047619,59.86547,1.0,41.40714,18.45833,unique,False
100043501|F|0-12:T>G-12:T>G,0.4952380952380952,69.79735,1.0,38.49123,31.30612,unique,False
100049761|F|0-12:A>G-12:A>G,0.2105263157894736,25.99209,1.0,13.46667,12.52542,multi,True
100051692|F|0-12:T>A-12:T>A,0.1619047619047619,40.933989999999994,0.984375,24.89051,16.04348,unique,False
100052747|F|0-12:T>G-12:T>G,0.3461538461538461,114.41704000000001,0.983871,71.73077,42.68627,unique,False
100013309|F|0-13:A>C-13:A>C,0.1238095238095238,23.06777,1.0,14.8913,8.17647,unique,False
100013424|F|0-13:C>A-13:C>A,0.2952380952380952,8.06235,0.935484,4.85827,3.20408,unique,False
100015115|F|0-13:C>T-13:C>T,0.3809523809523809,55.256240000000005,1.0,33.704,21.55224,unique,False
100015956|F|0-13:C>T-13:C>T,0.4476190476190476,17.56518,1.0,9.80328,7.7619,unique,False
100017594|F|0-13:G>T-13:G>T,0.4761904761904761,28.633029999999998,0.9375,15.0,13.63303,unique,False
100018809|F|0-13:A>G-13:A>G,0.1619047619047619,18.40803,0.951613,12.70803,5.7,unique,False
100018909|F|0-13:T>C-13:T>C,0.0761904761904762,65.38952,1.0,41.11679,24.27273,unique,False
100019004|F|0-13:T>A-13:T>A,0.1142857142857142,53.21371,1.0,37.97842,15.23529,unique,False
100020903|F|0-13:G>T-13:G>T,0.2857142857142857,33.294489999999996,0.96875,20.81301,12.48148,unique,False
100021768|F|0-13:C>T-13:C>T,0.419047619047619,15.337800000000001,0.984375,8.8871,6.4507,unique,False
100022144|F|0-13:T>A-13:T>A,0.2058823529411764,6.4199,0.965517,3.28431,3.13559,unique,False
100028644|F|0-13:T>C-13:T>C,0.5047619047619047,57.06622,0.984375,31.82203,25.24419,unique,False
100029006|F|0-13:A>C-13:A>C,0.1333333333333333,53.37978,1.0,38.7482,14.63158,multi,True
100029122|F|0-13:T>C-13:T>C,0.3142857142857143,53.55994,0.984375,34.61654,18.9434,unique,False
100029219|F|0-13:A>G-13:A>G,0.1714285714285714,105.21606,1.0,64.48529,40.73077,unique,False
100033527|F|0-13:C>T-13:C>T,0.6,55.403099999999995,0.984375,33.68033,21.72277,unique,False
100034394|F|0-13:G>T-13:G>T,0.3942307692307692,27.766599999999997,0.984375,17.35484,10.41176,unique,False
100036190|F|0-13:A>T-13:A>T,0.1714285714285714,55.89396,0.984375,38.13534,17.75862,unique,False
100038463|F|0-13:A>C-13:A>C,0.2761904761904762,66.53316000000001,1.0,43.87407,22.65909,unique,False
100038948|F|0-13:G>A-13:G>A,0.2666666666666666,46.14102,0.953125,28.30769,17.83333,unique,False
100040013|F|0-13:A>G-13:A>G,0.5047619047619047,22.73368,0.984375,11.38462,11.34906,unique,False
100046316|F|0-13:C>A-13:C>A,0.125,43.79235,1.0,29.45902,14.33333,unique,False
100049762|F|0-13:A>G-13:A>G,0.2285714285714285,59.96084,0.96875,46.06429,13.89655,multi,True
100013227|F|0-14:G>A-14:G>A,0.1428571428571428,22.95919,0.953125,15.27737,7.68182,unique,False
100013428|F|0-14:G>T-14:G>T,0.3904761904761905,13.25881,0.95,7.41071,5.8481,unique,False
100013964|F|0-14:T>G-14:T>G,0.2666666666666666,36.437920000000005,1.0,20.41353,16.02439,unique,False
100018591|F|0-14:C>T-14:C>T,0.5523809523809524,35.98698,0.96875,18.53153,17.45545,unique,False
100018802|F|0-14:G>A-14:G>A,0.4476190476190476,17.28561,0.96875,9.68067,7.60494,unique,False
100019323|F|0-14:A>G-14:A>G,0.1333333333333333,29.20773,0.96875,20.31884,8.88889,unique,False
100021043|F|0-14:C>T-14:C>T,0.3428571428571428,25.86048,0.967742,12.94872,12.91176,unique,False
100021718|F|0-14:T>C-14:T>C,0.1809523809523809,12.90716,0.96875,8.18841,4.71875,unique,False
100022067|F|0-14:T>C-14:T>C,0.1904761904761904,23.6418,0.953125,17.27143,6.37037,unique,False
100028365|F|0-14:C>A-14:C>A,0.5714285714285714,35.06863,0.984375,19.29412,15.77451,unique,False
100028611|F|0-14:A>C-14:A>C,0.1904761904761904,76.48841999999999,1.0,48.07463,28.41379,unique,False
100028868|F|0-14:T>C-14:T>C,0.2666666666666666,47.55374,0.984375,28.47967,19.07407,unique,False
100029181|F|0-14:G>C-14:G>C,0.1714285714285714,23.634619999999998,0.965517,16.25,7.38462,unique,False
100030222|F|0-14:T>A-14:T>A,0.1826923076923076,14.95775,0.928571,9.32812,5.62963,unplaced,False
100030380|F|0-14:C>T-14:C>T,0.1333333333333333,54.9792,1.0,28.0292,26.95,unique,False
100033543|F|0-14:C>T-14:C>T,0.0952380952380952,48.1271,1.0,31.19853,16.92857,unique,False
100033927|F|0-14:A>G-14:A>G,0.3809523809523809,49.620000000000005,1.0,28.12,21.5,unique,False
100034817|F|0-14:G>A-14:G>A,0.233009708737864,15.95,0.983333,8.575,7.375,unique,False
100035888|F|0-14:T>C-14:T>C,0.3714285714285714,44.64778,1.0,27.53488,17.1129,unique,False
100036213|F|0-14:A>C-14:A>C,0.2476190476190476,49.29829,1.0,31.85385,17.44444,unique,False
100038892|F|0-14:A>C-14:A>C,0.4285714285714285,103.3166,0.983871,57.84746,45.46914,unique,False
100040647|F|0-14:T>A-14:T>A,0.2211538461538461,52.85907,1.0,34.65217,18.2069,multi,True
100047135|F|0-14:G>A-14:G>A,0.2403846153846154,82.64179999999999,0.96875,42.37097,40.27083,unique,False
100058976|F|0-14:G>A-14:G>A,0.1047619047619047,71.33077,1.0,53.1,18.23077,unique,False
100014335|F|0-15:A>C-15:A>C,0.4857142857142857,133.48327999999998,1.0,69.7156,63.76768,unique,False
100014460|F|0-15:A>T-15:A>T,0.419047619047619,40.14323,0.984375,22.10619,18.03704,unique,False
100014627|F|0-15:C>G-15:C>G,0.4380952380952381,44.47157,1.0,25.40984,19.06173,unique,False
100015215|F|0-15:G>A-15:G>A,0.3047619047619048,14.893640000000001,0.9375,10.10294,4.7907,unique,False
100015825|F|0-15:C>G-15:C>G,0.1047619047619047,10.60998,1.0,7.02174,3.58824,unique,False
100016059|F|0-15:A>T-15:A>T,0.1523809523809524,14.04762,0.984375,9.42857,4.61905,unique,False
100016234|F|0-15:C>T-15:C>T,0.2571428571428571,22.49381,0.96875,14.44118,8.05263,unique,False
100016348|F|0-15:G>A-15:G>A,0.1714285714285714,32.54677,0.96875,23.63768,8.90909,unique,False
100016465|F|0-15:G>A-15:G>A,0.1553398058252427,12.39733,0.965517,6.464,5.93333,unique,False
100016846|F|0-15:T>C-15:T>C,0.125,7.46045,0.983871,4.41045,3.05,unique,False
100016973|F|0-15:G>T-15:G>T,0.3904761904761905,11.08101,0.9375,5.76522,5.31579,unique,False
100017056|F|0-15:G>A-15:G>A,0.1523809523809524,40.369569999999996,1.0,26.36957,14.0,unique,False
100017206|F|0-15:G>C-15:G>C,0.419047619047619,15.770570000000001,1.0,8.37634,7.39423,unique,False
100017718|F|0-15:A>G-15:A>G,0.2952380952380952,93.48922,0.984375,63.04478,30.44444,unique,False
100018053|F|0-15:A>T-15:A>T,0.2666666666666666,22.056220000000003,0.967742,13.97727,8.07895,unique,False
100018697|F|0-15:T>C-15:T>C,0.3333333333333333,81.71096,1.0,52.78788,28.92308,unique,False
100018871|F|0-15:C>A-15:C>A,0.1619047619047619,9.95926,0.96875,6.12593,3.83333,unique,False
100019065|F|0-15:C>T-15:C>T,0.5142857142857142,42.44558,1.0,23.04132,19.40426,unique,False
100019698|F|0-15:C>A-15:C>A,0.419047619047619,25.24615,0.984375,16.0,9.24615,unique,False
100020284|F|0-15:A>T-15:A>T,0.3809523809523809,26.64286,0.953125,13.5,13.14286,unique,False
100028785|F|0-15:C>T-15:C>T,0.2666666666666666,48.96042,0.984375,32.93478,16.02564,unique,False
100029003|F|0-15:A>G-15:A>G,0.1333333333333333,53.09286,1.0,38.09286,15.0,unique,False
100029165|F|0-15:A>T-15:A>T,0.4285714285714285,39.80317,1.0,23.24603,16.55714,unique,False
100029682|F|0-15:A>G-15:A>G,0.2666666666666666,63.52782,1.0,41.31852,22.2093,unique,False
100030002|F|0-15:C>G-15:C>G,0.2788461538461538,41.117670000000004,0.951613,23.576,17.54167,unique,False
100030019|F|0-15:C>A-15:C>A,0.419047619047619,63.07148,0.96875,31.68966,31.38182,unique,False
100030094|F|0-15:T>A-15:T>A,0.4857142857142857,89.40212,1.0,55.36508,34.03704,unique,False
100033134|F|0-15:C>T-15:C>T,0.2761904761904762,77.22895,1.0,47.68841,29.54054,unique,False
100033181|F|0-15:C>A-15:C>A,0.4476190476190476,39.78346,0.983871,23.80672,15.97674,unique,False
100033601|F|0-15:C>A-15:C>A,0.4857142857142857,17.30396,0.984375,8.69231,8.61165,unique,False
100033857|F|0-15:C>A-15:C>A,0.1333333333333333,30.93346,0.96875,21.2971,9.63636,unique,False
100033945|F|0-15:G>T-15:G>T,0.7619047619047619,24.79787,0.983871,19.71028,5.08759,multi,True
100033982|F|0-15:A>G-15:A>G,0.5428571428571428,65.52065,0.984375,33.94783,31.57282,unique,False
100034357|F|0-15:T>C-15:T>C,0.3619047619047619,78.43738,1.0,45.54032,32.89706,unique,False
100034540|F|0-15:G>A-15:G>A,0.3333333333333333,80.03817000000001,0.96875,52.03817,28.0,unique,False
100034599|F|0-15:A>G-15:A>G,0.5523809523809524,43.741929999999996,1.0,22.96774,20.77419,unique,False
100035152|F|0-15:C>A-15:C>A,0.5142857142857142,93.10668,0.984375,48.65385,44.45283,unique,False
100035177|F|0-15:C>A-15:C>A,0.4571428571428571,33.2963,0.984375,17.0,16.2963,unique,False
100038568|F|0-15:C>T-15:C>T,0.3904761904761905,40.96825,0.96875,26.11111,14.85714,unique,False
100040439|F|0-15:T>G-15:T>G,0.0952380952380952,27.91667,0.935484,20.5,7.41667,unique,False
100043266|F|0-15:G>A-15:G>A,0.3333333333333333,48.77617,1.0,32.69925,16.07692,unique,False
100048192|F|0-15:C>T-15:C>T,0.6,219.41773,0.984375,139.03571,80.38202,multi,True
100059434|F|0-15:G>A-15:G>A,0.3904761904761905,14.87874,0.96875,7.81132,7.06742,multi,True
100013697|F|0-16:T>C-16:T>C,0.4476190476190476,16.422919999999998,0.984375,8.77586,7.64706,unique,False
100013923|F|0-16:T>C-16:T>C,0.1333333333333333,35.98426,0.96875,28.54676,7.4375,unique,False
100014127|F|0-16:C>T-16:C>T,0.419047619047619,31.975740000000002,1.0,17.83621,14.13953,unique,False
100014400|F|0-16:A>T-16:A>T,0.2666666666666666,46.3041,1.0,29.6791,16.625,unique,False
100014679|F|0-16:C>A-16:C>A,0.4857142857142857,35.3797,1.0,20.23684,15.14286,unique,False
100014947|F|0-16:G>C-16:G>C,0.1428571428571428,50.6994,0.983871,31.45802,19.24138,unique,False
100015147|F|0-16:C>G-16:C>G,0.4095238095238095,11.29428,0.935484,6.2381,5.05618,unique,False
100016088|F|0-16:G>A-16:G>A,0.4571428571428571,21.55932,1.0,12.05932,9.5,unique,False
100016625|F|0-16:T>C-16:T>C,0.2666666666666666,46.16157,1.0,28.18657,17.975,unique,False
100017329|F|0-16:T>C-16:T>C,0.2952380952380952,10.289290000000001,0.967742,6.11538,4.17391,unique,False
100019856|F|0-16:C>T-16:C>T,0.1238095238095238,14.5571,1.0,11.2446,3.3125,unique,False
100020456|F|0-16:A>C-16:A>C,0.5619047619047619,14.12773,0.984375,7.32773,6.8,unique,False
100028579|F|0-16:T>A-16:T>A,0.1333333333333333,69.19758,1.0,45.38806,23.80952,unique,False
100028837|F|0-16:A>C-16:A>C,0.2095238095238095,63.378299999999996,0.984375,41.48175,21.89655,unplaced,False
100028939|F|0-16:C>T-16:C>T,0.3714285714285714,25.89818,0.984375,16.96667,8.93151,unique,False
100028940|F|0-16:C>T-16:C>T,0.3523809523809524,16.49579,0.966667,10.21008,6.28571,unique,False
100030012|F|0-16:C>G-16:C>G,0.1553398058252427,11.00261,0.948276,6.46094,4.54167,unique,False
100030037|F|0-16:T>A-16:T>A,0.4380952380952381,32.99114,0.96875,17.91667,15.07447,unique,False
100030054|F|0-16:G>A-16:G>A,0.4476190476190476,46.00959,0.984375,27.72581,18.28378,unique,False
100030532|F|0-16:G>A-16:G>A,0.1428571428571428,64.75691,1.0,43.38849,21.36842,unique,False
100032747|F|0-16:T>A-16:T>A,0.1714285714285714,145.55796999999998,1.0,101.42754,44.13043,unique,False
100032976|F|0-16:C>T-16:C>T,0.219047619047619,15.41325,0.984375,10.5625,4.85075,unique,False
100033423|F|0-16:C>T-16:C>T,0.3069306930693069,9.68858,1.0,5.21239,4.47619,unique,False
100033589|F|0-16:T>C-16:T>C,0.2095238095238095,57.64884,0.983871,37.34328,20.30556,unique,False
100033600|F|0-16:A>G-16:A>G,0.1047619047619047,52.78571,1.0,29.78571,23.0,unique,False
100034020|F|0-16:G>A-16:G>A,0.4666666666666667,50.44881,0.983871,27.75833,22.69048,unique,False
100034723|F|0-16:A>C-16:A>C,0.3142857142857143,43.65278,0.984375,27.20635,16.44643,multi,True
100035349|F|0-16:C>T-16:C>T,0.5047619047619047,58.134919999999994,0.951613,31.92562,26.2093,unique,False
100035791|F|0-16:G>A-16:G>A,0.7428571428571429,30.643,0.96875,20.05714,10.58586,multi,True
100036118|F|0-16:G>C-16:G>C,0.3300970873786408,15.22175,0.967742,9.51587,5.70588,multi,True
100036187|F|0-16:T>C-16:T>C,0.4952380952380952,30.555419999999998,0.984375,16.2029,14.35252,multi,True
100038434|F|0-16:C>A-16:C>A,0.0380952380952381,97.77252,1.0,50.41538,47.35714,unique,False
100038514|F|0-16:A>T-16:A>T,0.4666666666666667,75.80666,0.953125,44.83333,30.97333,unique,False
100038543|F|0-16:T>C-16:T>C,0.3047619047619048,30.54952,1.0,17.19658,13.35294,unique,False
100038652|F|0-16:A>G-16:A>G,0.2,76.92122,0.951613,55.24265,21.67857,unique,False
100044400|F|0-16:A>G-16:A>G,0.5096153846153846,40.63821,0.935484,26.99187,13.64634,multi,True
100048218|F|0-16:G>A-16:G>A,0.2476190476190476,71.77758,0.984375,47.54074,24.23684,unique,False
100059450|F|0-16:C>T-16:C>T,0.0833333333333333,8.063559999999999,0.944444,5.31356,2.75,multi,True
100014336|F|0-17:A>G-17:A>G,0.5047619047619047,19.89195,1.0,11.53968,8.35227,unique,False
100014890|F|0-17:C>T-17:C>T,0.1428571428571428,65.94762,1.0,49.61429,16.33333,unique,False
100015896|F|0-17:T>A-17:T>A,0.1047619047619047,55.92748,1.0,38.54286,17.38462,unique,False
100016501|F|0-17:C>T-17:C>T,0.4952380952380952,44.188159999999996,1.0,23.61207,20.57609,unique,False
100017545|F|0-17:T>C-17:T>C,0.1047619047619047,22.35765,0.984375,16.07194,6.28571,unique,False
100019098|F|0-17:C>A-17:C>A,0.3619047619047619,38.018029999999996,0.984375,25.12097,12.89706,unique,False
100020010|F|0-17:T>C-17:T>C,0.1428571428571428,16.68571,0.984375,11.48571,5.2,unique,False
100020253|F|0-17:T>C-17:T>C,0.4761904761904761,48.88368,0.984375,28.04839,20.83529,unique,False
100020311|F|0-17:G>A-17:G>A,0.1142857142857142,39.03333,1.0,27.5,11.53333,unique,False
100021184|F|0-17:T>G-17:T>G,0.1523809523809524,24.6502,1.0,16.69565,7.95455,unique,False
100029094|F|0-17:C>T-17:C>T,0.375,23.26903,0.967742,14.64,8.62903,unique,False
100029921|F|0-17:C>T-17:C>T,0.2761904761904762,68.66423,0.984375,45.66423,23.0,multi,True
100030406|F|0-17:T>A-17:T>A,0.0666666666666666,44.879909999999995,1.0,27.46324,17.41667,unique,False
100030838|F|0-17:T>C-17:T>C,0.2352941176470588,12.952950000000001,0.965517,7.87603,5.07692,unique,False
100033028|F|0-17:A>C-17:A>C,0.4571428571428571,110.30471,1.0,60.15888,50.14583,unique,False
100033304|F|0-17:G>A-17:G>A,0.4380952380952381,39.36715,0.967742,21.10753,18.25962,unique,False
100035052|F|0-17:C>T-17:C>T,0.0947368421052631,7.36114,1.0,4.74576,2.61538,multi,True
100035301|F|0-17:C>T-17:C>T,0.3142857142857143,159.36236,1.0,94.87903,64.48333,multi,True
100038943|F|0-17:C>T-17:C>T,0.4285714285714285,19.150570000000002,0.953125,12.3,6.85057,unique,False
100039121|F|0-17:A>G-17:A>G,0.2476190476190476,60.8678,1.0,40.54348,20.32432,unique,False
100039240|F|0-17:G>A-17:G>A,0.375,63.5506,0.984375,39.7381,23.8125,unique,False
100040070|F|0-17:A>G-17:A>G,0.3904761904761905,84.29555,0.96875,50.90984,33.38571,unique,False
100043431|F|0-17:C>G-17:C>G,0.4,93.04877,0.984375,57.10938,35.93939,unique,False
100044681|F|0-17:G>C-17:G>C,0.1978021978021978,11.5369,0.944444,5.9619,5.575,multi,True
100047522|F|0-17:A>C-17:A>C,0.4666666666666667,35.224109999999996,0.984375,19.09009,16.13402,unique,False
100012992|F|0-18:G>T-18:G>T,0.4,95.71331,0.984375,57.61654,38.09677,unique,False
100013718|F|0-18:C>A-18:C>A,0.1047619047619047,42.65441,1.0,27.59559,15.05882,multi,True
100013788|F|0-18:C>T-18:C>T,0.1238095238095238,69.25072,1.0,48.10072,21.15,unique,False
100014060|F|0-18:C>T-18:C>T,0.1142857142857142,11.78714,0.984375,7.72464,4.0625,unique,False
100017394|F|0-18:C>T-18:C>T,0.3714285714285714,17.76648,0.9375,10.30702,7.45946,unique,False
100017864|F|0-18:T>C-18:T>C,0.2857142857142857,25.33718,0.983871,16.7594,8.57778,unique,False
100019068|F|0-18:T>C-18:T>C,0.2857142857142857,15.28733,1.0,8.84733,6.44,unique,False
100019483|F|0-18:A>T-18:A>T,0.4952380952380952,44.07665,1.0,24.55238,19.52427,unique,False
100020103|F|0-18:T>C-18:T>C,0.2285714285714285,22.471429999999998,1.0,15.29496,7.17647,unique,False
100021054|F|0-18:A>G-18:A>G,0.2815533980582524,7.9714,0.9375,4.9375,3.0339,unique,False
100021422|F|0-18:C>G-18:C>G,0.3428571428571428,38.99732,0.984375,23.08661,15.91071,multi,True
100021842|F|0-18:C>G-18:C>G,0.4857142857142857,60.84778,1.0,39.23134,21.61644,unique,False
100022261|F|0-18:G>A-18:G>A,0.1238095238095238,88.8381,1.0,68.17143,20.66667,multi,True
100028279|F|0-18:C>T-18:C>T,0.3047619047619048,34.13905,0.951613,18.24561,15.89344,unique,False
100029235|F|0-18:C>T-18:C>T,0.1619047619047619,78.775,1.0,59.15,19.625,multi,True
100033468|F|0-18:T>A-18:T>A,0.2285714285714285,11.81177,0.9375,7.58955,4.22222,unique,False
100033981|F|0-18:C>A-18:C>A,0.0666666666666666,27.23704,0.983871,21.23704,6.0,unique,False
100034034|F|0-18:A>G-18:A>G,0.2952380952380952,112.95283,0.984375,72.34307,40.60976,unique,False
100034321|F|0-18:C>G-18:C>G,0.4571428571428571,32.603699999999996,0.9375,19.23333,13.37037,unique,False
100035052|F|0-18:T>C-18:T>C,0.28,8.93326,0.933333,4.74576,4.1875,multi,True
100038530|F|0-18:T>G-18:T>G,0.4761904761904761,71.28718,0.96875,36.45045,34.83673,unique,False
100039160|F|0-18:T>A-18:T>A,0.1333333333333333,81.44203,1.0,57.44203,24.0,unique,False
100040506|F|0-18:G>A-18:G>A,0.1333333333333333,8.26995,0.951613,5.31343,2.95652,unique,False
100043320|F|0-18:A>G-18:A>G,0.3883495145631068,59.043949999999995,0.967742,34.96552,24.07843,unplaced,False
100044112|F|0-18:T>G-18:T>G,0.2424242424242424,23.42024,0.980769,17.42857,5.99167,unique,False
100044425|F|0-18:G>C-18:G>C,0.2115384615384615,13.45156,0.935484,8.04615,5.40541,multi,True
100046739|F|0-18:T>G-18:T>G,0.0857142857142857,57.19151,1.0,33.4058,23.78571,unique,False
100013877|F|0-19:G>T-19:G>T,0.5047619047619047,41.04411,0.984375,21.67619,19.36792,unique,False
100013921|F|0-19:C>G-19:C>G,0.0857142857142857,8.05447,0.96875,5.13139,2.92308,unique,False
100013963|F|0-19:T>C-19:T>C,0.1333333333333333,18.89265,1.0,13.49265,5.4,unique,False
100014670|F|0-19:A>G-19:A>G,0.1333333333333333,11.65127,0.984375,7.23022,4.42105,unique,False
100014882|F|0-19:A>G-19:A>G,0.4761904761904761,25.14875,0.953125,14.47059,10.67816,unique,False
100015679|F|0-19:G>A-19:G>A,0.1238095238095238,9.260909999999999,0.984375,6.19424,3.06667,unique,False
100016298|F|0-19:G>A-19:G>A,0.5714285714285714,31.17897,0.984375,16.35897,14.82,unique,False
100016995|F|0-19:T>G-19:T>G,0.2666666666666666,19.03409,0.953125,11.15909,7.875,unique,False
100017121|F|0-19:C>T-19:C>T,0.1274509803921568,6.66455,0.965517,4.05344,2.61111,unique,False
100017737|F|0-19:T>C-19:T>C,0.3619047619047619,44.57039,0.984375,30.22556,14.34483,unique,False
100019295|F|0-19:G>T-19:G>T,0.2307692307692307,18.44512,0.984375,14.33083,4.11429,unique,False
100021699|F|0-19:G>C-19:G>C,0.1428571428571428,42.975049999999996,1.0,25.52344,17.45161,unique,False
100021965|F|0-19:C>T-19:C>T,0.1619047619047619,53.021429999999995,1.0,37.12143,15.9,unique,False
100022184|F|0-19:G>C-19:G>C,0.2761904761904762,20.89377,0.984375,11.65693,9.23684,unique,False
100028488|F|0-19:T>C-19:T>C,0.1142857142857142,26.99213,0.951613,17.42963,9.5625,unplaced,False
100029518|F|0-19:G>C-19:G>C,0.4380952380952381,32.283820000000006,1.0,17.73504,14.54878,unique,False
100030242|F|0-19:A>G-19:A>G,0.3333333333333333,50.56923,0.96875,32.83846,17.73077,unique,False
100030430|F|0-19:A>C-19:A>C,0.3809523809523809,42.13072,0.984375,23.4697,18.66102,unique,False
100032841|F|0-19:T>A-19:T>A,0.419047619047619,19.62557,0.984375,10.4569,9.16867,multi,True
100032879|F|0-19:G>T-19:G>T,0.1142857142857142,43.14009,1.0,27.45588,15.68421,unique,False
100034797|F|0-19:G>T-19:G>T,0.1333333333333333,14.35507,0.984375,9.85507,4.5,multi,True
100035017|F|0-19:T>C-19:T>C,0.5047619047619047,25.76979,1.0,13.95536,11.81443,unique,False
100035288|F|0-19:C>G-19:C>G,0.5142857142857142,54.14756,1.0,27.22523,26.92233,unique,False
100038653|F|0-19:G>C-19:G>C,0.219047619047619,67.86428000000001,0.953125,46.18571,21.67857,multi,True
100038797|F|0-19:T>G-19:T>G,0.3619047619047619,55.97417,0.984375,33.21053,22.76364,multi,True
100039064|F|0-19:C>T-19:C>T,0.1714285714285714,47.19956,0.951613,31.9403,15.25926,unique,False
100041774|F|0-19:G>A-19:G>A,0.4857142857142857,47.495580000000004,1.0,24.42342,23.07216,unique,False
100043193|F|0-19:A>G-19:A>G,0.3092783505154639,46.537679999999995,0.983871,24.18557,22.35211,unique,False
100046183|F|0-19:T>A-19:T>A,0.1428571428571428,44.35476,1.0,30.45,13.90476,unplaced,False
100053174|F|0-19:G>C-19:G>C,0.1809523809523809,48.65926,1.0,30.45926,18.2,unique,False
100055734|F|0-19:T>C-19:T>C,0.1238095238095238,94.22933,1.0,59.4058,34.82353,unique,False
100013415|F|0-20:G>A-20:G>A,0.2761904761904762,26.270310000000002,1.0,17.79412,8.47619,unique,False
100013491|F|0-20:G>A-20:G>A,0.0761904761904762,15.085080000000001,1.0,9.72794,5.35714,unique,False
100013605|F|0-20:C>T-20:C>T,0.048076923076923,8.570599999999999,0.982759,6.01504,2.55556,unique,False
100013982|F|0-20:C>G-20:C>G,0.219047619047619,30.9316,0.967742,19.30303,11.62857,unique,False
100014308|F|0-20:G>A-20:G>A,0.4857142857142857,35.55426,0.951613,18.57426,16.98,unique,False
100015749|F|0-20:C>T-20:C>T,0.4095238095238095,79.6291,0.984375,43.50862,36.12048,unique,False
100016006|F|0-20:G>A-20:G>A,0.1238095238095238,37.24638,0.983871,27.74638,9.5,unique,False
100016359|F|0-20:G>C-20:G>C,0.0761904761904762,28.38686,0.967742,19.38686,9.0,unique,False
100021519|F|0-20:C>T-20:C>T,0.4761904761904761,19.84388,0.9375,10.85593,8.98795,unique,False
100029761|F|0-20:T>G-20:T>G,0.419047619047619,56.50966,0.96875,35.27778,21.23188,unique,False
100033254|F|0-20:A>G-20:A>G,0.2857142857142857,122.19744,0.984375,71.5748,50.62264,unique,False
100033723|F|0-20:T>C-20:T>C,0.25,18.511380000000003,1.0,10.88976,7.62162,unique,False
100034771|F|0-20:A>G-20:A>G,0.1333333333333333,64.34762,1.0,44.41429,19.93333,unique,False
100035181|F|0-20:A>G-20:A>G,0.1809523809523809,41.51387,1.0,25.37594,16.13793,unique,False
100035309|F|0-20:A>C-20:A>C,0.1923076923076923,10.85776,0.967742,6.82443,4.03333,unique,False
100038668|F|0-20:A>G-20:A>G,0.1047619047619047,75.01992,1.0,47.71223,27.30769,unique,False
100040576|F|0-20:T>A-20:T>A,0.1153846153846153,8.33182,0.916667,5.68182,2.65,multi,True
100043222|F|0-20:C>A-20:C>A,0.4857142857142857,39.392489999999995,0.984375,22.48624,16.90625,unique,False
100052713|F|0-20:C>T-20:C>T,0.219047619047619,11.66822,0.921875,5.86822,5.8,unique,False
100059435|F|0-20:G>A-20:G>A,0.3809523809523809,12.09263,0.9375,7.37333,4.7193,multi,True
100013355|F|0-21:A>G-21:A>G,0.3714285714285714,13.40177,0.96875,8.05042,5.35135,unique,False
100015053|F|0-21:C>T-21:C>T,0.3653846153846153,10.53983,0.953125,5.68269,4.85714,unique,False
100015169|F|0-21:A>G-21:A>G,0.1057692307692307,13.08202,0.983871,9.38971,3.69231,unique,False
100015701|F|0-21:C>G-21:C>G,0.0857142857142857,24.114,1.0,16.57554,7.53846,unique,False
100017031|F|0-21:G>T-21:G>T,0.3428571428571428,26.981699999999996,1.0,17.51111,9.47059,unique,False
100017645|F|0-21:T>C-21:T>C,0.0673076923076923,6.18779,0.967742,3.58779,2.6,unique,False
100017860|F|0-21:C>T-21:C>T,0.3523809523809524,21.19922,0.983871,12.85496,8.34426,unique,False
100017865|F|0-21:A>G-21:A>G,0.1809523809523809,19.4201,0.984375,13.56296,5.85714,unique,False
100018830|F|0-21:C>T-21:C>T,0.4666666666666667,66.49131,0.96875,35.18519,31.30612,unique,False
100019303|F|0-21:A>G-21:A>G,0.1809523809523809,44.49209,0.983871,29.33824,15.15385,unique,False
100028302|F|0-21:C>T-21:C>T,0.3861386138613861,16.90037,0.964286,10.37037,6.53,unplaced,False
100029349|F|0-21:A>C-21:A>C,0.2285714285714285,42.04311,1.0,27.38686,14.65625,unique,False
100029976|F|0-21:C>T-21:C>T,0.0857142857142857,68.90078,1.0,44.36232,24.53846,unique,False
100030153|F|0-21:A>T-21:A>T,0.1904761904761904,27.94457,0.984375,19.8705,8.07407,unique,False
100030735|F|0-21:A>G-21:A>G,0.0952380952380952,10.58709,0.982759,6.50376,4.08333,unplaced,False
100033325|F|0-21:T>C-21:T>C,0.2,62.1352,1.0,41.10072,21.03448,unique,False
100033354|F|0-21:A>G-21:A>G,0.0952380952380952,36.96429,0.96875,28.06429,8.9,unique,False
100034068|F|0-21:G>A-21:G>A,0.1333333333333333,79.34497999999999,0.984375,61.96403,17.38095,unique,False
100035082|F|0-21:A>T-21:A>T,0.1739130434782608,14.25882,0.981481,8.12121,6.13761,unique,False
100035699|F|0-21:A>T-21:A>T,0.4857142857142857,111.61032999999999,1.0,66.08594,45.52439,unique,False
100038655|F|0-21:A>T-21:A>T,0.2476190476190476,53.81503000000001,1.0,33.1129,20.70213,unique,False
100039032|F|0-21:G>A-21:G>A,0.1346153846153846,15.8467,0.967742,11.90226,3.94444,multi,True
100040750|F|0-21:T>G-21:T>G,0.4571428571428571,92.01241,1.0,55.51908,36.49333,unique,False
100041246|F|0-21:G>A-21:G>A,0.1714285714285714,101.56560999999999,0.96875,66.41176,35.15385,unique,False
100041853|F|0-21:T>C-21:T>C,0.24,58.06474,1.0,33.84252,24.22222,unique,False
100013004|F|0-22:T>A-22:T>A,0.3238095238095238,38.817989999999995,0.984375,24.88321,13.93478,unique,False
100013484|F|0-22:G>A-22:G>A,0.2761904761904762,12.58717,1.0,7.56391,5.02326,unique,False
100013584|F|0-22:T>C-22:T>C,0.5047619047619047,37.55093,1.0,19.81897,17.73196,unique,False
100014831|F|0-22:G>T-22:G>T,0.3714285714285714,15.0606,0.935484,8.33333,6.72727,unique,False
100016397|F|0-22:A>T-22:A>T,0.1333333333333333,38.68116,1.0,25.84783,12.83333,unique,False
100017082|F|0-22:G>A-22:G>A,0.3428571428571428,12.932929999999999,0.967742,7.70079,5.23214,unique,False
100017158|F|0-22:G>A-22:G>A,0.3904761904761905,11.21333,0.96875,6.88,4.33333,unique,False
100017549|F|0-22:C>T-22:C>T,0.4476190476190476,54.16541,1.0,30.72951,23.4359,unique,False
100017684|F|0-22:A>G-22:A>G,0.3714285714285714,44.62455,0.984375,28.34586,16.27869,unique,False
100018873|F|0-22:A>T-22:A>T,0.419047619047619,10.100000000000001,0.921875,5.83333,4.26667,unique,False
100019466|F|0-22:C>T-22:C>T,0.1238095238095238,8.76891,0.951613,5.49618,3.27273,unique,False
100019588|F|0-22:A>G-22:A>G,0.3619047619047619,20.65647,0.935484,13.17647,7.48,unique,False
100029056|F|0-22:A>T-22:A>T,0.1714285714285714,64.20256,0.983871,42.0597,22.14286,unique,False
100029330|F|0-22:A>G-22:A>G,0.1619047619047619,106.60238000000001,1.0,71.50714,35.09524,unique,False
100035150|F|0-22:T>A-22:T>A,0.1142857142857142,35.09667,1.0,24.78417,10.3125,multi,True
100035251|F|0-22:T>A-22:T>A,0.3714285714285714,61.34457,0.984375,36.43548,24.90909,unique,False
100035378|F|0-22:G>A-22:G>A,0.4952380952380952,64.46316,1.0,35.84211,28.62105,unique,False
100038902|F|0-22:A>T-22:A>T,0.2952380952380952,65.10901,0.984375,37.41935,27.68966,unique,False
100038956|F|0-22:A>T-22:A>T,0.1333333333333333,21.59821,1.0,14.78571,6.8125,unique,False
100039190|F|0-22:G>A-22:G>A,0.2857142857142857,60.3615,0.953125,46.67857,13.68293,multi,True
100040128|F|0-22:T>C-22:T>C,0.1047619047619047,71.67293,1.0,45.05755,26.61538,multi,True
100040807|F|0-22:G>A-22:G>A,0.6476190476190476,44.93082,1.0,26.20225,18.72857,multi,True
100041269|F|0-22:G>C-22:G>C,0.1428571428571428,85.62319,1.0,55.12319,30.5,unique,False
100014320|F|0-23:C>T-23:C>T,0.3428571428571428,39.09241,0.984375,25.14504,13.94737,unique,False
100014429|F|0-23:C>T-23:C>T,0.5238095238095238,57.514070000000004,0.984375,33.03448,24.47959,unique,False
100015678|F|0-23:A>G-23:A>G,0.3142857142857143,29.42306,0.96875,16.00877,13.41429,unique,False
100015767|F|0-23:A>T-23:A>T,0.3142857142857143,22.736629999999998,0.96875,13.79545,8.94118,unique,False
100017777|F|0-23:A>G-23:A>G,0.2285714285714285,13.64849,0.967742,8.46667,5.18182,unique,False
100018213|F|0-23:A>G-23:A>G,0.1346153846153846,7.33571,0.946429,4.16071,3.175,unique,False
100018506|F|0-23:C>T-23:C>T,0.3619047619047619,34.49526,1.0,21.23664,13.25862,unique,False
100018789|F|0-23:A>C-23:A>C,0.238095238095238,52.305899999999994,0.984375,33.25185,19.05405,unique,False
100019045|F|0-23:G>C-23:G>C,0.4666666666666667,17.79076,0.984375,9.33621,8.45455,unique,False
100019074|F|0-23:A>T-23:A>T,0.1333333333333333,19.99868,1.0,13.86232,6.13636,unique,False
100021520|F|0-23:T>C-23:T>C,0.219047619047619,18.308419999999998,1.0,11.15217,7.15625,unique,False
100021654|F|0-23:G>T-23:G>T,0.2666666666666666,45.797489999999996,1.0,28.2029,17.59459,unique,False
100021859|F|0-23:T>A-23:T>A,0.1538461538461538,8.03532,0.983871,4.62791,3.40741,unique,False
100021948|F|0-23:C>G-23:C>G,0.4571428571428571,15.32818,0.96875,7.70192,7.62626,unique,False
100028749|F|0-23:C>A-23:C>A,0.3238095238095238,66.25207,0.984375,38.5969,27.65517,unique,False
100028760|F|0-23:G>T-23:G>T,0.4380952380952381,42.29394,0.96875,23.56667,18.72727,unique,False
100033258|F|0-23:G>A-23:G>A,0.0380952380952381,43.99596,1.0,27.17778,16.81818,unique,False
100033344|F|0-23:G>A-23:G>A,0.233009708737864,9.98807,0.944444,6.87179,3.11628,multi,True
100034001|F|0-23:A>G-23:A>G,0.4571428571428571,84.62736,0.984375,63.25,21.37736,unique,False
100034088|F|0-23:T>C-23:T>C,0.1619047619047619,9.228570000000001,0.983871,5.57143,3.65714,unique,False
100034274|F|0-23:G>T-23:G>T,0.4571428571428571,68.20595,0.96875,34.32632,33.87963,unique,False
100035374|F|0-23:A>G-23:A>G,0.4795918367346938,37.06289,0.982143,21.63107,15.43182,unique,False
100038720|F|0-23:G>A-23:G>A,0.5428571428571428,59.34668,0.96875,31.99091,27.35577,unique,False
100038883|F|0-23:A>G-23:A>G,0.5047619047619047,66.64265,0.984375,34.56897,32.07368,unplaced,False
100045000|F|0-23:G>A-23:G>A,0.1047619047619047,35.70476,0.984375,28.12143,7.58333,multi,True
100046262|F|0-23:C>A-23:C>A,0.2285714285714285,94.68127,1.0,64.0146,30.66667,unique,False
100049389|F|0-23:C>A-23:C>A,0.4038461538461538,51.14963,0.967742,28.24194,22.90769,unique,False
100051260|F|0-23:G>A-23:G>A,0.0761904761904762,61.391310000000004,1.0,40.22464,21.16667,unique,False
100051718|F|0-23:T>C-23:T>C,0.6476190476190476,68.43773,0.984375,36.96154,31.47619,multi,True
100013445|F|0-24:G>T-24:G>T,0.3428571428571428,26.87422,0.953125,15.66667,11.20755,unique,False
100014503|F|0-24:T>A-24:T>A,0.1523809523809524,59.08514,1.0,39.21014,19.875,unique,False
100014819|F|0-24:A>T-24:A>T,0.4095238095238095,19.94321,0.96875,13.50382,6.43939,unique,False
100017553|F|0-24:C>A-24:C>A,0.0571428571428571,10.36628,0.982143,5.44961,4.91667,unique,False
100018009|F|0-24:G>T-24:G>T,0.1238095238095238,37.63768,1.0,25.13768,12.5,unique,False
100019174|F|0-24:T>A-24:T>A,0.1619047619047619,31.33714,1.0,19.46617,11.87097,unique,False
100019345|F|0-24:G>A-24:G>A,0.1714285714285714,18.569699999999997,0.951613,11.6,6.9697,unique,False
100019630|F|0-24:A>T-24:A>T,0.4476190476190476,25.91329,0.984375,15.44186,10.47143,unique,False
100019753|F|0-24:T>G-24:T>G,0.1619047619047619,26.68105,1.0,18.9854,7.69565,unique,False
100019767|F|0-24:G>A-24:G>A,0.1170212765957446,33.39895,1.0,21.73228,11.66667,unique,False
100021208|F|0-24:G>A-24:G>A,0.4476190476190476,28.54787,0.953125,15.1165,13.43137,unique,False
100021892|F|0-24:G>A-24:G>A,0.4095238095238095,56.27025999999999,0.984375,33.22481,23.04545,multi,True
100028469|F|0-24:A>G-24:A>G,0.2761904761904762,79.5,0.984375,54.0,25.5,unique,False
100028477|F|0-24:T>G-24:T>G,0.1619047619047619,43.95782,0.984375,28.36691,15.59091,unique,False
100028820|F|0-24:T>G-24:T>G,0.1047619047619047,44.48561,1.0,30.98561,13.5,unique,False
100032762|F|0-24:G>A-24:G>A,0.4095238095238095,44.6502,0.984375,25.82353,18.82667,unique,False
100032842|F|0-24:A>C-24:A>C,0.6095238095238096,21.65438,0.984375,12.48571,9.16867,multi,True
100033099|F|0-24:G>C-24:G>C,0.3142857142857143,124.06296,1.0,65.31481,58.74815,multi,True
100034159|F|0-24:A>G-24:A>G,0.5238095238095238,63.98673,0.983871,34.48673,29.5,unique,False
100034432|F|0-24:T>A-24:T>A,0.219047619047619,53.54476,1.0,36.45652,17.08824,unique,False
100035083|F|0-24:G>C-24:G>C,0.4019607843137255,15.77761,0.951613,9.64,6.13761,unique,False
100038675|F|0-24:G>A-24:G>A,0.4857142857142857,53.468959999999996,1.0,30.73333,22.73563,unique,False
100041008|F|0-24:G>A-24:G>A,0.2115384615384615,14.05034,0.95,9.14634,4.904,unique,False
100044498|F|0-24:C>T-24:C>T,0.4326923076923077,11.01539,0.935484,5.54286,5.47253,multi,True
100046287|F|0-24:C>T-24:C>T,0.2952380952380952,84.15941000000001,1.0,54.33588,29.82353,unique,False
100047410|F|0-24:C>T-24:C>T,0.1359223300970873,49.869569999999996,1.0,33.0,16.86957,unique,False
100014059|F|0-25:C>G-25:C>G,0.4761904761904761,28.799529999999997,0.953125,15.31532,13.48421,unique,False
100014109|F|0-25:C>A-25:C>A,0.1333333333333333,31.282610000000002,0.984375,21.94928,9.33333,unique,False
100014225|F|0-25:G>A-25:G>A,0.1904761904761904,17.54517,0.984375,11.58088,5.96429,unique,False
100014432|F|0-25:C>A-25:C>A,0.3619047619047619,34.0021,1.0,20.31092,13.69118,unique,False
100014740|F|0-25:C>T-25:C>T,0.238095238095238,9.6768,0.983871,5.99259,3.68421,unique,False
100015226|F|0-25:T>A-25:T>A,0.3714285714285714,15.64265,0.96875,9.51538,6.12727,unique,False
100016083|F|0-25:C>A-25:C>A,0.2788461538461538,32.37908,0.984375,19.22222,13.15686,unique,False
100018389|F|0-25:G>T-25:G>T,0.0857142857142857,22.65075,1.0,16.01439,6.63636,unique,False
100020369|F|0-25:G>C-25:G>C,0.4857142857142857,21.696080000000002,0.984375,11.34314,10.35294,unique,False
100021104|F|0-25:C>T-25:C>T,0.1238095238095238,14.72302,0.984375,10.22302,4.5,unique,False
100022062|F|0-25:G>T-25:G>T,0.1142857142857142,27.04682,1.0,16.81955,10.22727,unique,False
100029358|F|0-25:G>A-25:G>A,0.419047619047619,23.11251,0.951613,11.94444,11.16807,unique,False
100029425|F|0-25:A>T-25:A>T,0.5523809523809524,38.00138,0.953125,19.63025,18.37113,unplaced,False
100029504|F|0-25:T>C-25:T>C,0.4857142857142857,31.30028,1.0,16.52885,14.77143,unique,False
100030726|F|0-25:C>G-25:C>G,0.3523809523809524,64.38546,0.984375,36.35156,28.0339,unplaced,False
100032847|F|0-25:A>T-25:A>T,0.3809523809523809,26.335859999999997,0.953125,15.30769,11.02817,unique,False
100033778|F|0-25:A>T-25:A>T,0.25,42.57452,1.0,27.12214,15.45238,unique,False
100035958|F|0-25:C>T-25:C>T,0.2783505154639175,14.597059999999999,0.981481,7.90141,6.69565,unplaced,False
100036188|F|0-25:T>C-25:T>C,0.3809523809523809,41.442899999999995,0.984375,25.24,16.2029,multi,True
100038392|F|0-25:C>T-25:C>T,0.2,88.88125,0.984375,53.61654,35.26471,multi,True
100039138|F|0-25:A>G-25:A>G,0.1923076923076923,55.66013,1.0,37.88235,17.77778,unique,False
100040406|F|0-25:G>A-25:G>A,0.1443298969072164,18.92381,1.0,11.31667,7.60714,unique,False
100044112|F|0-25:G>A-25:G>A,0.2476190476190476,32.18039,1.0,17.42857,14.75182,unique,False
100046760|F|0-25:T>G-25:T>G,0.4666666666666667,52.152100000000004,1.0,28.17742,23.97468,unique,False
100013240|F|0-26:A>G-26:A>G,0.2571428571428571,43.6873,1.0,30.52941,13.15789,unique,False
100013762|F|0-26:A>T-26:A>T,0.3714285714285714,45.49201,1.0,23.94915,21.54286,unique,False
100014492|F|0-26:T>A-26:T>A,0.3725490196078431,26.81643,0.95,13.55556,13.26087,unplaced,False
100016127|F|0-26:G>C-26:G>C,0.0857142857142857,11.08467,0.967742,5.70588,5.37879,unique,False
100016806|F|0-26:T>A-26:T>A,0.2857142857142857,41.59941,1.0,27.89209,13.70732,unique,False
100016871|F|0-26:A>G-26:A>G,0.4761904761904761,44.33343,0.984375,25.225,19.10843,unique,False
100017334|F|0-26:T>C-26:T>C,0.1904761904761904,13.481480000000001,0.967742,8.74074,4.74074,unique,False
100017367|F|0-26:T>C-26:T>C,0.3523809523809524,47.16506,1.0,29.98473,17.18033,unique,False
100017508|F|0-26:G>A-26:G>A,0.4095238095238095,24.87592,0.96875,13.56481,11.31111,unique,False
100018641|F|0-26:C>A-26:C>A,0.2761904761904762,24.86221,0.984375,16.81343,8.04878,unique,False
100019787|F|0-26:A>G-26:A>G,0.4666666666666667,50.81282,1.0,30.64615,20.16667,unique,False
100020208|F|0-26:C>G-26:C>G,0.1809523809523809,28.99053,1.0,19.02899,9.96154,unique,False
100020887|F|0-26:A>G-26:A>G,0.1904761904761904,9.569230000000001,0.983871,5.76923,3.8,unique,False
100021489|F|0-26:C>G-26:C>G,0.419047619047619,38.19029,0.96875,20.33636,17.85393,unique,False
100021909|F|0-26:T>C-26:T>C,0.4380952380952381,12.34126,0.90625,6.57018,5.77108,unique,False
100021979|F|0-26:G>A-26:G>A,0.3333333333333333,42.91513,0.984375,25.51128,17.40385,unique,False
100028407|F|0-26:C>T-26:C>T,0.3269230769230769,16.92324,0.95,9.45385,7.46939,unplaced,False
100028764|F|0-26:A>T-26:A>T,0.4380952380952381,28.42402,0.9375,15.85393,12.57009,unplaced,False
100029143|F|0-26:C>T-26:C>T,0.238095238095238,44.11899,0.983871,29.81343,14.30556,unique,False
100032809|F|0-26:G>A-26:G>A,0.1523809523809524,84.64951,1.0,55.44118,29.20833,unique,False
100033466|F|0-26:G>A-26:G>A,0.2095238095238095,39.45477,1.0,26.66906,12.78571,unique,False
100034612|F|0-26:G>A-26:G>A,0.1904761904761904,78.48026,1.0,51.54478,26.93548,unique,False
100035290|F|0-26:T>C-26:T>C,0.1714285714285714,61.34074,0.984375,39.04444,22.2963,unique,False
100035644|F|0-26:C>G-26:C>G,0.3619047619047619,23.3437,0.953125,14.69291,8.65079,unique,False
100035792|F|0-26:T>C-26:T>C,0.3904761904761905,18.891750000000002,0.983871,10.21359,8.67816,multi,True
100040329|F|0-26:A>G-26:A>G,0.4387755102040816,52.05648,0.984375,27.50476,24.55172,unique,False
100041553|F|0-26:T>A-26:T>A,0.1047619047619047,14.37153,1.0,10.01439,4.35714,unique,False
100043121|F|0-26:C>T-26:C>T,0.6095238095238096,105.88318000000001,1.0,58.60163,47.28155,unique,False
100049953|F|0-26:C>T-26:C>T,0.1428571428571428,36.803560000000004,1.0,22.10791,14.69565,multi,True
100053981|F|0-26:G>A-26:G>A,0.3619047619047619,40.19048,0.951613,25.96241,14.22807,unique,False
100057963|F|0-26:C>T-26:C>T,0.238095238095238,57.03008,1.0,44.03008,13.0,unique,False
100058921|F|0-26:G>A-26:G>A,0.21,8.6553,0.919355,5.37838,3.27692,unique,False
100060605|F|0-26:G>C-26:G>C,0.3142857142857143,58.06521000000001,1.0,38.43478,19.63043,multi,True
100012953|F|0-27:C>A-27:C>A,0.4857142857142857,30.96107,1.0,16.09649,14.86458,unique,False
100013001|F|0-27:G>C-27:G>C,0.4476190476190476,23.88298,0.983333,12.5,11.38298,unique,False
100014449|F|0-27:C>G-27:C>G,0.4285714285714285,34.47041,0.951613,18.48276,15.98765,unique,False
100014677|F|0-27:A>C-27:A>C,0.4761904761904761,40.47115,0.953125,20.78846,19.68269,unique,False
100015160|F|0-27:A>C-27:A>C,0.238095238095238,93.12774,0.984375,64.62774,28.5,unique,False
100016739|F|0-27:A>C-27:A>C,0.419047619047619,23.0642,0.96875,14.87302,8.19118,unique,False
100017423|F|0-27:G>C-27:G>C,0.1904761904761904,28.49125,1.0,20.31884,8.17241,unique,False
100019260|F|0-27:C>T-27:C>T,0.419047619047619,30.26079,0.984375,16.43363,13.82716,unique,False
100019497|F|0-27:C>T-27:C>T,0.1333333333333333,9.65045,0.983871,6.09489,3.55556,unique,False
100019651|F|0-27:G>T-27:G>T,0.0857142857142857,38.11696,0.984375,23.89474,14.22222,unique,False
100020066|F|0-27:G>C-27:G>C,0.4571428571428571,50.63265,0.984375,28.0,22.63265,unique,False
100021798|F|0-27:T>C-27:T>C,0.3619047619047619,23.49465,0.9375,15.31818,8.17647,unique,False
100029934|F|0-27:G>C-27:G>C,0.3238095238095238,67.04436000000001,1.0,40.57377,26.47059,unique,False
100033389|F|0-27:G>C-27:G>C,0.2285714285714285,33.07609,0.984375,19.65185,13.42424,unique,False
100033592|F|0-27:T>C-27:T>C,0.5333333333333333,94.00459000000001,1.0,49.30189,44.7027,multi,True
100034218|F|0-27:A>T-27:A>T,0.4761904761904761,53.90858,0.984375,31.81102,22.09756,unique,False
100034591|F|0-27:A>G-27:A>G,0.1634615384615384,7.739459999999999,0.966667,4.43511,3.30435,unique,False
100034752|F|0-27:G>T-27:G>T,0.3238095238095238,75.95653,0.984375,52.1087,23.84783,unique,False
100034940|F|0-27:A>C-27:A>C,0.419047619047619,72.1466,0.984375,48.61719,23.52941,unique,False
100035121|F|0-27:C>T-27:C>T,0.3203883495145631,14.85714,0.982759,8.52381,6.33333,unique,False
100038790|F|0-27:T>A-27:T>A,0.2857142857142857,54.43334,1.0,35.81429,18.61905,unique,False
100039167|F|0-27:C>T-27:C>T,0.5428571428571428,96.2105,0.984375,56.05833,40.15217,unique,False
100039187|F|0-27:A>C-27:A>C,0.0673076923076923,46.2598,1.0,27.92647,18.33333,unplaced,False
100041207|F|0-27:C>A-27:C>A,0.238095238095238,57.748760000000004,1.0,29.80645,27.94231,unique,False
100041362|F|0-27:G>A-27:G>A,0.5,60.53189,0.984375,31.38095,29.15094,unique,False
100041853|F|0-27:G>A-27:G>A,0.3689320388349514,57.46964,1.0,33.84252,23.62712,unique,False
100045081|F|0-27:C>A-27:C>A,0.3333333333333333,25.35391,0.967742,13.17391,12.18,unique,False
100045226|F|0-27:G>T-27:G>T,0.3142857142857143,64.87879,0.984375,40.42424,24.45455,unique,False
100050114|F|0-27:G>A-27:G>A,0.3300970873786408,45.71228,1.0,26.58462,19.12766,unique,False
100013447|F|0-28:T>A-28:T>A,0.1904761904761904,52.31884,1.0,34.81884,17.5,unique,False
100014138|F|0-28:A>G-28:A>G,0.4476190476190476,61.33272,1.0,32.77358,28.55914,unique,False
100014488|F|0-28:T>A-28:T>A,0.0952380952380952,29.82029,0.984375,21.75362,8.06667,unique,False
100014497|F|0-28:A>G-28:A>G,0.4095238095238095,13.53948,0.953125,7.00862,6.53086,unique,False
100014593|F|0-28:A>C-28:A>C,0.1428571428571428,37.21191,1.0,26.02143,11.19048,unique,False
100015553|F|0-28:T>C-28:T>C,0.4095238095238095,52.350359999999995,0.96875,30.94737,21.40299,unique,False
100015850|F|0-28:G>T-28:G>T,0.1619047619047619,17.267500000000002,0.984375,12.81295,4.45455,unique,False
100015865|F|0-28:C>A-28:C>A,0.0761904761904762,40.17518,1.0,24.17518,16.0,unique,False
100016431|F|0-28:C>T-28:C>T,0.1619047619047619,11.66219,0.967742,8.10219,3.56,unique,False
100016803|F|0-28:A>T-28:A>T,0.3904761904761905,50.48147,0.96875,29.39286,21.08861,unique,False
100017265|F|0-28:G>A-28:G>A,0.4571428571428571,17.599800000000002,0.983871,9.45536,8.14444,unique,False
100017662|F|0-28:T>C-28:T>C,0.1333333333333333,30.753279999999997,0.984375,21.15328,9.6,unique,False
100018935|F|0-28:A>T-28:A>T,0.2952380952380952,81.03369,1.0,52.41667,28.61702,unique,False
100020245|F|0-28:G>T-28:G>T,0.4285714285714285,34.51163,1.0,17.51163,17.0,multi,True
100020374|F|0-28:A>G-28:A>G,0.1047619047619047,83.72970000000001,1.0,53.15827,30.57143,unique,False
100021345|F|0-28:C>T-28:C>T,0.4952380952380952,37.31428,0.96875,21.05714,16.25714,unique,False
100022059|F|0-28:G>C-28:G>C,0.2857142857142857,45.61058,1.0,28.16058,17.45,unique,False
100022222|F|0-28:C>A-28:C>A,0.4666666666666667,50.92984,0.984375,29.38333,21.54651,unique,False
100028819|F|0-28:A>T-28:A>T,0.3069306930693069,38.40625,0.95,21.65625,16.75,unique,False
100029202|F|0-28:C>T-28:C>T,0.4952380952380952,60.71823,1.0,33.19298,27.52525,unique,False
100029328|F|0-28:G>C-28:G>C,0.5142857142857142,54.63499,1.0,27.86325,26.77174,unique,False
100029472|F|0-28:G>A-28:G>A,0.3333333333333333,14.34235,0.919355,8.24031,6.10204,multi,True
100029779|F|0-28:G>A-28:G>A,0.2857142857142857,74.74922,0.984375,51.47015,23.27907,unique,False
100030110|F|0-28:T>C-28:T>C,0.1142857142857142,68.57065,1.0,44.19565,24.375,unique,False
100033683|F|0-28:G>C-28:G>C,0.3238095238095238,39.584050000000005,0.96875,25.22556,14.35849,unique,False
100033784|F|0-28:C>T-28:C>T,0.238095238095238,65.85147,1.0,42.30147,23.55,unique,False
100034980|F|0-28:T>C-28:T>C,0.3333333333333333,87.30908,1.0,52.55469,34.75439,unique,False
100035765|F|0-28:G>A-28:G>A,0.2952380952380952,33.3273,0.984375,22.75912,10.56818,unique,False
100036017|F|0-28:C>A-28:C>A,0.4285714285714285,68.21336,0.983871,41.79545,26.41791,unique,False
100038435|F|0-28:C>A-28:C>A,0.4476190476190476,73.31476,0.984375,46.06818,27.24658,unique,False
100038773|F|0-28:C>G-28:C>G,0.4761904761904761,38.21643,0.95,20.35185,17.86458,unique,False
100040340|F|0-28:T>C-28:T>C,0.4711538461538461,46.685159999999996,1.0,25.27027,21.41489,unique,False
100043241|F|0-28:A>C-28:A>C,0.638095238095238,87.40116,1.0,60.35652,27.04464,multi,True
100044506|F|0-28:G>A-28:G>A,0.0380952380952381,92.41444,1.0,60.32353,32.09091,unique,False
100044970|F|0-28:C>T-28:C>T,0.2666666666666666,43.60709,1.0,36.08209,7.525,unique,False
100048696|F|0-28:G>C-28:G>C,0.1333333333333333,47.38048,0.984375,31.92593,15.45455,unique,False
100049995|F|0-28:T>A-28:T>A,0.0761904761904762,54.57929,1.0,31.14179,23.4375,unique,False
100058916|F|0-28:C>T-28:C>T,0.2476190476190476,13.19919,0.951613,10.13669,3.0625,multi,True
100059264|F|0-28:T>G-28:T>G,0.4666666666666667,84.43483,0.967742,48.98413,35.4507,unique,False
100013293|F|0-29:C>A-29:C>A,0.5619047619047619,20.44522,0.921875,10.87379,9.57143,unique,False
100015199|F|0-29:A>G-29:A>G,0.0761904761904762,61.18479000000001,1.0,41.26812,19.91667,unique,False
100015387|F|0-29:C>T-29:C>T,0.116504854368932,36.50574,0.96875,29.93431,6.57143,unique,False
100015479|F|0-29:T>C-29:T>C,0.4857142857142857,12.9109,0.9375,6.68868,6.22222,unique,False
100015684|F|0-29:T>C-29:T>C,0.1809523809523809,50.83293,1.0,35.38849,15.44444,unique,False
100016374|F|0-29:T>A-29:T>A,0.4571428571428571,30.281850000000002,0.953125,16.54622,13.73563,unique,False
100017712|F|0-29:G>A-29:G>A,0.419047619047619,9.96728,0.951613,5.67241,4.29487,unique,False
100017888|F|0-29:G>T-29:G>T,0.0625,6.44863,0.946429,3.35772,3.09091,unique,False
100020818|F|0-29:A>G-29:A>G,0.3904761904761905,12.83051,0.921875,6.83051,6.0,unique,False
100028807|F|0-29:G>A-29:G>A,0.1904761904761904,26.833289999999998,0.96875,17.38168,9.45161,unique,False
100033415|F|0-29:T>C-29:T>C,0.2571428571428571,29.91326,0.984375,20.29104,9.62222,multi,True
100034562|F|0-29:C>T-29:C>T,0.3904761904761905,32.40249,0.984375,19.99153,12.41096,unique,False
100034782|F|0-29:A>T-29:A>T,0.1442307692307692,20.18684,1.0,12.25581,7.93103,unique,False
100035736|F|0-29:C>T-29:C>T,0.4571428571428571,26.300240000000002,0.96875,14.36842,11.93182,unique,False
100035901|F|0-29:T>A-29:T>A,0.4313725490196078,26.93634,0.967742,13.81707,13.11927,unique,False
100038558|F|0-29:G>A-29:G>A,0.1809523809523809,87.44481999999999,1.0,57.52174,29.92308,unique,False
100043366|F|0-29:G>T-29:G>T,0.2095238095238095,75.38498,1.0,51.6791,23.70588,unique,False
100045342|F|0-29:C>T-29:C>T,0.2476190476190476,114.60556,1.0,76.35556,38.25,unique,False
100013042|F|0-30:A>G-30:A>G,0.4380952380952381,16.72484,0.96875,9.46903,7.25581,unique,False
100013542|F|0-30:C>G-30:C>G,0.2,21.62646,1.0,13.5942,8.03226,unique,False
100013630|F|0-30:A>G-30:A>G,0.5047619047619047,12.59461,0.921875,7.3629,5.23171,unique,False
100013640|F|0-30:A>G-30:A>G,0.1428571428571428,68.04173,0.984375,51.77857,16.26316,unique,False
100014668|F|0-30:A>T-30:A>T,0.3238095238095238,50.550979999999996,1.0,30.424,20.12698,unique,False
100015397|F|0-30:G>C-30:G>C,0.1142857142857142,30.38726,1.0,20.72059,9.66667,unique,False
100015429|F|0-30:C>A-30:C>A,0.1523809523809524,21.04899,0.96875,14.52899,6.52,unique,False
100015600|F|0-30:C>A-30:C>A,0.3904761904761905,35.03816,1.0,20.65354,14.38462,unique,False
100016549|F|0-30:A>G-30:A>G,0.1619047619047619,24.41421,0.984375,15.20588,9.20833,unique,False
100017001|F|0-30:T>G-30:T>G,0.419047619047619,18.8978,1.0,9.76238,9.13542,unique,False
100017201|F|0-30:C>G-30:C>G,0.0761904761904762,14.908370000000001,1.0,9.98529,4.92308,unique,False
100017285|F|0-30:C>T-30:C>T,0.4571428571428571,64.6401,0.953125,45.41429,19.22581,multi,True
100017840|F|0-30:G>A-30:G>A,0.1142857142857142,16.13704,1.0,9.97037,6.16667,unique,False
100018485|F|0-30:G>A-30:G>A,0.2285714285714285,8.6084,0.96875,5.05738,3.55102,unique,False
100018689|F|0-30:A>C-30:A>C,0.1523809523809524,13.834589999999999,1.0,8.40602,5.42857,unique,False
100019248|F|0-30:G>A-30:G>A,0.1764705882352941,11.209679999999999,0.982143,7.33871,3.87097,unique,False
100019646|F|0-30:T>C-30:T>C,0.3238095238095238,38.98182,1.0,22.68182,16.3,unique,False
100019661|F|0-30:A>T-30:A>T,0.4476190476190476,40.36635,0.953125,22.15385,18.2125,unique,False
100020644|F|0-30:T>A-30:T>A,0.3047619047619048,11.57778,0.953125,7.91111,3.66667,unique,False
100021093|F|0-30:G>T-30:G>T,0.125,89.80951999999999,1.0,56.0,33.80952,multi,True
100028230|F|0-30:T>C-30:T>C,0.0520833333333333,7.04697,0.952381,3.58333,3.46364,multi,True
100028946|F|0-30:A>G-30:A>G,0.5142857142857142,43.77629,0.984375,24.312,19.46429,unique,False
100029037|F|0-30:A>C-30:A>C,0.4,56.39983,1.0,33.62205,22.77778,unique,False
100029185|F|0-30:A>G-30:A>G,0.1523809523809524,43.39811,0.984375,28.18978,15.20833,unique,False
100029793|F|0-30:G>A-30:G>A,0.1333333333333333,53.73529,0.984375,31.73529,22.0,unique,False
100029970|F|0-30:G>A-30:G>A,0.3523809523809524,33.67298,0.953125,21.19084,12.48214,unique,False
100030017|F|0-30:G>A-30:G>A,0.2761904761904762,23.07498,0.983871,15.14815,7.92683,unique,False
100033333|F|0-30:G>A-30:G>A,0.2095238095238095,36.41807,1.0,23.45255,12.96552,unique,False
100033357|F|0-30:G>A-30:G>A,0.2095238095238095,31.085510000000003,0.953125,24.31884,6.76667,unique,False
100034507|F|0-30:A>G-30:A>G,0.2476190476190476,89.48483,1.0,61.30534,28.17949,unique,False
100035075|F|0-30:T>C-30:T>C,0.3523809523809524,67.52000000000001,1.0,42.6,24.92,unique,False
100035151|F|0-30:T>C-30:T>C,0.1238095238095238,34.119640000000004,1.0,23.80714,10.3125,multi,True
100040427|F|0-30:T>C-30:T>C,0.0952380952380952,81.06361,0.984375,51.63504,29.42857,unique,False
100040977|F|0-30:G>T-30:G>T,0.4285714285714285,24.54365,0.96875,13.40476,11.13889,multi,True
100041232|F|0-30:T>A-30:T>A,0.1809523809523809,83.87135,0.984375,51.49635,32.375,unique,False
100041635|F|0-30:A>G-30:A>G,0.2115384615384615,35.38802,0.96875,25.77037,9.61765,multi,True
100043216|F|0-30:A>T-30:A>T,0.1428571428571428,79.65,0.984375,50.25,29.4,unique,False
100043426|F|0-30:G>A-30:G>A,0.4571428571428571,51.79169,0.984375,28.7156,23.07609,unique,False
100044425|F|0-30:C>T-30:C>T,0.4903846153846153,14.39615,0.983871,8.04615,6.35,multi,True
100046659|F|0-30:C>A-30:C>A,0.1333333333333333,84.21617,1.0,59.59712,24.61905,unique,False
100052894|F|0-30:A>C-30:A>C,0.4761904761904761,22.74588,0.984375,11.97414,10.77174,unplaced,False
100058672|F|0-30:C>T-30:C>T,0.3168316831683168,9.65355,0.925926,6.06818,3.58537,multi,True
100013074|F|0-31:T>C-31:T>C,0.1428571428571428,10.3951,1.0,5.81818,4.57692,unique,False
100013548|F|0-31:T>C-31:T>C,0.2761904761904762,35.268480000000004,0.9375,22.12214,13.14634,unique,False
100014472|F|0-31:C>A-31:C>A,0.4857142857142857,18.03367,0.984375,9.14151,8.89216,unique,False
100014559|F|0-31:C>A-31:C>A,0.1428571428571428,34.71382,0.983871,22.43382,12.28,unique,False
100014812|F|0-31:G>T-31:G>T,0.3904761904761905,10.35516,0.9375,6.23016,4.125,unique,False
100015415|F|0-31:C>A-31:C>A,0.7523809523809524,74.17588,0.984375,45.89286,28.28302,multi,True
100015801|F|0-31:A>T-31:A>T,0.2476190476190476,31.506439999999998,0.96875,20.12409,11.38235,unique,False
100015905|F|0-31:G>A-31:G>A,0.1047619047619047,20.049300000000002,1.0,12.00763,8.04167,unique,False
100016220|F|0-31:G>A-31:G>A,0.2815533980582524,51.10658,0.948276,29.87402,21.23256,multi,True
100016256|F|0-31:A>C-31:A>C,0.1619047619047619,12.18116,1.0,8.52899,3.65217,unique,False
100017692|F|0-31:G>T-31:G>T,0.3904761904761905,34.82049,0.96875,22.50382,12.31667,unique,False
100017906|F|0-31:G>A-31:G>A,0.4,25.0335,1.0,15.2126,9.8209,unique,False
100019488|F|0-31:C>T-31:C>T,0.0490196078431372,6.37235,0.983871,3.81679,2.55556,unique,False
100020314|F|0-31:G>A-31:G>A,0.4952380952380952,15.78941,0.9375,7.90435,7.88506,unique,False
100022099|F|0-31:T>C-31:T>C,0.2857142857142857,12.04177,0.96875,7.81955,4.22222,unique,False
100022600|F|0-31:A>T-31:A>T,0.4380952380952381,11.49388,0.928571,5.98198,5.5119,unique,False
100028495|F|0-31:A>T-31:A>T,0.1619047619047619,33.91606,0.96875,25.58273,8.33333,unplaced,False
100029559|F|0-31:T>C-31:T>C,0.0952380952380952,67.42963,0.983871,42.0963,25.33333,unique,False
100029816|F|0-31:C>A-31:C>A,0.1904761904761904,28.79496,1.0,20.29496,8.5,unique,False
100029840|F|0-31:T>C-31:T>C,0.3714285714285714,95.80814000000001,0.984375,54.55814,41.25,unique,False
100033542|F|0-31:T>C-31:T>C,0.0857142857142857,102.08579,1.0,66.41912,35.66667,unique,False
100034520|F|0-31:G>A-31:G>A,0.4761904761904761,17.59278,0.983871,10.3609,7.23188,unique,False
100035059|F|0-31:C>G-31:C>G,0.8,20.61217,0.953125,12.37143,8.24074,multi,True
100036056|F|0-31:G>A-31:G>A,0.3523809523809524,30.16804,0.953125,18.42424,11.7438,unique,False
100039953|F|0-31:A>G-31:A>G,0.4476190476190476,55.575410000000005,0.984375,31.8871,23.68831,unique,False
100044544|F|0-31:A>G-31:A>G,0.1523809523809524,20.81075,0.984375,13.94118,6.86957,unique,False
100045179|F|0-31:C>T-31:C>T,0.2285714285714285,76.98325,1.0,51.27737,25.70588,unique,False
100046200|F|0-31:A>C-31:A>C,0.4571428571428571,82.59568,1.0,48.60938,33.9863,unique,False
100013667|F|0-32:C>A-32:C>A,0.238095238095238,34.59091,0.96875,20.92424,13.66667,unique,False
100014878|F|0-32:G>A-32:G>A,0.1904761904761904,68.17837,1.0,44.10145,24.07692,unique,False
100016173|F|0-32:C>T-32:C>T,0.3904761904761905,54.85156,0.96875,33.00781,21.84375,unique,False
100017892|F|0-32:A>G-32:A>G,0.4571428571428571,86.77860000000001,1.0,47.01724,39.76136,unique,False
100018496|F|0-32:T>G-32:T>G,0.4476190476190476,55.890919999999994,1.0,28.40179,27.48913,unique,False
100019182|F|0-32:C>T-32:C>T,0.1714285714285714,13.7963,1.0,9.2963,4.5,unplaced,False
100019242|F|0-32:A>G-32:A>G,0.4857142857142857,44.199690000000004,0.983871,24.78302,19.41667,unique,False
100019784|F|0-32:C>G-32:C>G,0.238095238095238,29.38918,1.0,17.56061,11.82857,unique,False
100019896|F|0-32:C>T-32:C>T,0.4476190476190476,35.29124,0.984375,18.90826,16.38298,unique,False
100020859|F|0-32:T>C-32:T>C,0.2285714285714285,11.24769,1.0,7.41912,3.82857,unplaced,False
100021889|F|0-32:T>A-32:T>A,0.2952380952380952,18.03567,0.984375,12.50376,5.53191,unique,False
100022022|F|0-32:T>G-32:T>G,0.1333333333333333,9.93132,0.96875,6.03846,3.89286,unique,False
100029178|F|0-32:G>A-32:G>A,0.4095238095238095,62.604659999999996,1.0,33.48872,29.11594,unique,False
100029251|F|0-32:C>A-32:C>A,0.4952380952380952,35.50903,0.984375,20.7757,14.73333,unique,False
100029674|F|0-32:C>G-32:C>G,0.419047619047619,73.19841,1.0,46.4127,26.78571,unique,False
100029850|F|0-32:T>C-32:T>C,0.4095238095238095,39.797709999999995,1.0,20.95327,18.84444,unique,False
100034454|F|0-32:T>C-32:T>C,0.3238095238095238,67.39543,0.984375,44.56934,22.82609,unique,False
100034493|F|0-32:C>T-32:C>T,0.2571428571428571,79.84661,1.0,53.65217,26.19444,unique,False
100034571|F|0-32:T>A-32:T>A,0.1523809523809524,89.01258999999999,1.0,61.06522,27.94737,unique,False
100035010|F|0-32:A>C-32:A>C,0.2095238095238095,30.30236,0.984375,16.85075,13.45161,unique,False
100035727|F|0-32:C>A-32:C>A,0.3714285714285714,76.0093,0.984375,50.06015,25.94915,unique,False
100035857|F|0-32:C>A-32:C>A,0.1683168316831683,8.13636,0.935484,4.63636,3.5,unique,False
100036100|F|0-32:C>T-32:C>T,0.1333333333333333,54.96825,0.984375,36.85714,18.11111,unique,False
100038761|F|0-32:T>C-32:T>C,0.1904761904761904,58.57971,0.984375,42.07971,16.5,unique,False
100038818|F|0-32:G>T-32:G>T,0.1904761904761904,25.86587,0.983871,15.73684,10.12903,unique,False
100040510|F|0-32:T>C-32:T>C,0.4666666666666667,61.732609999999994,1.0,32.54783,29.18478,unique,False
100013163|F|0-33:C>A-33:C>A,0.1809523809523809,45.39295,0.96875,31.22628,14.16667,unique,False
100013231|F|0-33:C>T-33:C>T,0.1333333333333333,66.68001000000001,0.984375,45.31159,21.36842,unique,False
100013326|F|0-33:T>A-33:T>A,0.3238095238095238,75.84057,0.984375,48.48872,27.35185,unique,False
100014140|F|0-33:C>G-33:C>G,0.0891089108910891,5.59691,0.982143,2.9127,2.68421,unique,False
100015076|F|0-33:T>C-33:T>C,0.4571428571428571,51.16597,1.0,29.20168,21.96429,unique,False
100015328|F|0-33:T>C-33:T>C,0.3904761904761905,29.605020000000003,0.96875,16.55814,13.04688,unique,False
100015680|F|0-33:A>G-33:A>G,0.1142857142857142,16.12879,0.984375,10.53788,5.59091,unique,False
100015855|F|0-33:A>T-33:A>T,0.4,27.88516,1.0,15.21849,12.66667,unique,False
100016003|F|0-33:A>T-33:A>T,0.4952380952380952,11.50858,0.953125,5.8932,5.61538,unique,False
100017435|F|0-33:T>G-33:T>G,0.4174757281553398,6.60724,0.921875,3.39474,3.2125,unique,False
100019511|F|0-33:G>A-33:G>A,0.2761904761904762,45.098349999999996,0.984375,27.216,17.88235,unique,False
100020211|F|0-33:C>A-33:C>A,0.419047619047619,10.19658,0.9375,5.7094,4.48718,unique,False
100020264|F|0-33:T>A-33:T>A,0.2285714285714285,8.52298,0.967742,5.05128,3.4717,unique,False
100021275|F|0-33:T>A-33:T>A,0.419047619047619,14.91359,0.984375,8.5045,6.40909,unique,False
100028334|F|0-33:A>C-33:A>C,0.5523809523809524,54.807649999999995,0.935484,30.37607,24.43158,unique,False
100030143|F|0-33:C>T-33:C>T,0.4380952380952381,49.44127,0.984375,28.24409,21.19718,unique,False
100030370|F|0-33:G>A-33:G>A,0.2857142857142857,57.41414,1.0,33.9697,23.44444,unique,False
100033115|F|0-33:C>G-33:C>G,0.4952380952380952,59.206230000000005,1.0,32.03419,27.17204,unique,False
100033755|F|0-33:T>A-33:T>A,0.4857142857142857,41.95767,0.953125,24.464,17.49367,unique,False
100035489|F|0-33:C>A-33:C>A,0.203883495145631,14.67407,0.96875,9.82222,4.85185,unique,False
100036033|F|0-33:T>C-33:T>C,0.1047619047619047,15.68571,0.96875,10.93571,4.75,unique,False
100036086|F|0-33:A>G-33:A>G,0.5047619047619047,51.77354,0.984375,27.82456,23.94898,unique,False
100040406|F|0-33:C>T-33:C>T,0.39,19.347920000000002,0.983871,11.31667,8.03125,unique,False
100041505|F|0-33:C>T-33:C>T,0.1238095238095238,37.82353,0.984375,25.0,12.82353,unique,False
100041567|F|0-33:A>T-33:A>T,0.4666666666666667,39.87947,0.951613,21.42202,18.45745,unique,False
100041959|F|0-33:T>G-33:T>G,0.2211538461538461,12.031749999999999,0.967742,7.03175,5.0,unique,False
100054560|F|0-33:A>G-33:A>G,0.2115384615384615,12.48529,0.95,8.73529,3.75,multi,True
100055640|F|0-33:G>T-33:G>T,0.4380952380952381,99.30326,1.0,60.26667,39.03659,unique,False
100058913|F|0-33:A>C-33:A>C,0.2476190476190476,13.86685,0.95,10.80435,3.0625,multi,True
100014038|F|0-34:G>C-34:G>C,0.1904761904761904,44.30562,1.0,29.93525,14.37037,unique,False
100014517|F|0-34:C>T-34:C>T,0.2666666666666666,52.426109999999994,1.0,34.93893,17.48718,unique,False
100015063|F|0-34:T>C-34:T>C,0.0485436893203883,7.29865,1.0,4.37008,2.92857,unique,False
100015319|F|0-34:T>A-34:T>A,0.1047619047619047,33.66258,1.0,22.55147,11.11111,unique,False
100016651|F|0-34:T>C-34:T>C,0.4571428571428571,10.22089,0.921875,5.66667,4.55422,unique,False
100016722|F|0-34:C>T-34:C>T,0.2058823529411764,7.504860000000001,0.933333,3.86486,3.64,unique,False
100017362|F|0-34:C>A-34:C>A,0.2476190476190476,53.77597,0.953125,36.91111,16.86486,unique,False
100017652|F|0-34:G>A-34:G>A,0.099009900990099,9.13698,1.0,6.07031,3.06667,multi,True
100017653|F|0-34:G>A-34:G>A,0.1238095238095238,24.50666,1.0,15.31618,9.19048,unique,False
100017658|F|0-34:T>G-34:T>G,0.419047619047619,33.32468,0.96875,17.98291,15.34177,unique,False
100017698|F|0-34:C>A-34:C>A,0.1238095238095238,8.674520000000001,0.984375,5.9927,2.68182,unique,False
100017877|F|0-34:T>G-34:T>G,0.4285714285714285,12.85653,0.96875,7.58824,5.26829,unique,False
100018361|F|0-34:C>A-34:C>A,0.1428571428571428,19.268929999999997,1.0,14.31655,4.95238,unique,False
100018705|F|0-34:T>C-34:T>C,0.4476190476190476,19.88514,0.984375,13.64463,6.24051,unique,False
100020050|F|0-34:T>G-34:T>G,0.1619047619047619,25.59547,0.983871,17.9403,7.65517,multi,True
100020248|F|0-34:C>A-34:C>A,0.3333333333333333,33.28322,0.984375,21.85185,11.43137,unique,False
100020867|F|0-34:T>C-34:T>C,0.3523809523809524,8.79825,0.984375,5.5,3.29825,multi,True
100021685|F|0-34:T>A-34:T>A,0.3142857142857143,17.50529,0.953125,10.96825,6.53704,unique,False
100022113|F|0-34:G>C-34:G>C,0.0952380952380952,10.88405,1.0,7.55072,3.33333,unique,False
100029461|F|0-34:G>A-34:G>A,0.3619047619047619,49.207480000000004,0.96875,27.67227,21.53521,unique,False
100029593|F|0-34:A>G-34:A>G,0.1142857142857142,40.96625,0.983871,32.04317,8.92308,unique,False
100033514|F|0-34:C>T-34:C>T,0.3142857142857143,64.99822,1.0,39.20161,25.79661,unique,False
100034798|F|0-34:C>G-34:C>G,0.1538461538461538,11.21942,0.984375,6.71942,4.5,multi,True
100034936|F|0-34:G>C-34:G>C,0.219047619047619,11.75908,0.967742,7.36434,4.39474,unique,False
100035973|F|0-34:C>T-34:C>T,0.0857142857142857,20.53952,1.0,13.63043,6.90909,multi,True
100036015|F|0-34:G>A-34:G>A,0.0952380952380952,31.41612,1.0,19.59259,11.82353,multi,True
100036126|F|0-34:T>C-34:T>C,0.3428571428571428,43.29746,1.0,26.44262,16.85484,unique,False
100038564|F|0-34:C>T-34:C>T,0.019047619047619,58.37052,1.0,29.41667,28.95385,unique,False
100040444|F|0-34:C>A-34:C>A,0.1428571428571428,63.27052,1.0,45.89552,17.375,multi,True
100041373|F|0-34:A>C-34:A>C,0.1809523809523809,70.37792999999999,1.0,45.6087,24.76923,unique,False
100042005|F|0-34:A>G-34:A>G,0.2857142857142857,72.79151999999999,0.984375,40.34921,32.44231,unique,False
100043997|F|0-34:A>G-34:A>G,0.3333333333333333,74.26683,0.984375,49.85507,24.41176,unique,False
100046319|F|0-34:T>C-34:T>C,0.196078431372549,50.815619999999996,1.0,31.01562,19.8,unique,False
100046321|F|0-34:T>C-34:T>C,0.5047619047619047,99.83451,0.9375,51.73451,48.1,unique,False
100047059|F|0-34:G>T-34:G>T,0.375,43.7137,0.984375,26.25424,17.45946,unique,False
100054559|F|0-34:G>C-34:G>C,0.1274509803921568,16.575809999999997,0.982759,11.97581,4.6,multi,True
100058673|F|0-34:G>A-34:G>A,0.5142857142857142,60.736900000000006,0.984375,46.27857,14.45833,multi,True
100016415|F|0-35:A>G-35:A>G,0.1619047619047619,7.19406,0.95,3.96825,3.22581,unique,False
100016517|F|0-35:T>A-35:T>A,0.3619047619047619,25.007579999999997,1.0,14.84091,10.16667,unique,False
100016813|F|0-35:C>T-35:C>T,0.3428571428571428,16.753,0.96875,10.54545,6.20755,unique,False
100016903|F|0-35:A>G-35:A>G,0.1428571428571428,38.25553,0.983871,30.2029,8.05263,unique,False
100017011|F|0-35:C>T-35:C>T,0.3238095238095238,26.70977,0.951613,15.55263,11.15714,unique,False
100017505|F|0-35:A>G-35:A>G,0.5142857142857142,15.14844,0.96875,7.58654,7.5619,unique,False
100018520|F|0-35:A>G-35:A>G,0.1057692307692307,9.22222,0.983871,6.42222,2.8,unique,False
100018711|F|0-35:A>G-35:A>G,0.1428571428571428,22.33437,1.0,14.9058,7.42857,unique,False
100019198|F|0-35:G>T-35:G>T,0.1538461538461538,7.61097,0.967742,4.87023,2.74074,unique,False
100019259|F|0-35:C>T-35:C>T,0.1683168316831683,10.55569,0.982143,7.248,3.30769,multi,True
100019402|F|0-35:A>C-35:A>C,0.4,38.50317,1.0,23.24603,15.25714,unique,False
100019849|F|0-35:A>C-35:A>C,0.4666666666666667,18.560670000000002,0.96875,10.18812,8.37255,unique,False
100021940|F|0-35:G>A-35:G>A,0.419047619047619,14.74363,0.967742,8.57258,6.17105,unique,False
100028871|F|0-35:G>C-35:G>C,0.5714285714285714,68.43243,0.984375,35.87387,32.55856,unique,False
100030137|F|0-35:C>A-35:C>A,0.1809523809523809,37.807140000000004,0.984375,24.88406,12.92308,unique,False
100030713|F|0-35:T>A-35:T>A,0.1428571428571428,59.07796,1.0,39.43796,19.64,unique,False
100032761|F|0-35:G>T-35:G>T,0.1142857142857142,126.32822000000002,1.0,86.68116,39.64706,unique,False
100033344|F|0-35:C>T-35:C>T,0.0851063829787234,10.33333,0.962963,6.87179,3.46154,multi,True
100035334|F|0-35:T>C-35:T>C,0.4215686274509804,13.94483,1.0,7.26667,6.67816,unique,False
100040405|F|0-35:T>A-35:T>A,0.1428571428571428,77.56111,1.0,48.95,28.61111,unique,False
100041512|F|0-35:G>A-35:G>A,0.5333333333333333,75.54657,1.0,42.61261,32.93396,unique,False
100044913|F|0-35:T>C-35:T>C,0.1546391752577319,14.43816,0.946429,8.98361,5.45455,unique,False
100047378|F|0-35:C>T-35:C>T,0.2666666666666666,67.42025,0.984375,42.72794,24.69231,unique,False
100055747|F|0-35:G>C-35:G>C,0.0857142857142857,61.05176,1.0,43.62319,17.42857,unique,False
100058466|F|0-35:C>T-35:C>T,0.2815533980582524,11.27763,0.935484,7.23148,4.04615,multi,True
100013340|F|0-36:T>A-36:T>A,0.4666666666666667,28.51916,1.0,15.33636,13.1828,unique,False
100014423|F|0-36:C>T-36:C>T,0.2476190476190476,63.05721,1.0,40.22388,22.83333,unique,False
100014515|F|0-36:T>C-36:T>C,0.4761904761904761,14.33981,0.9375,7.24786,7.09195,unique,False
100014587|F|0-36:A>C-36:A>C,0.1333333333333333,13.23881,0.984375,8.23881,5.0,unique,False
100014994|F|0-36:G>A-36:G>A,0.3904761904761905,32.14169,0.96875,18.16092,13.98077,unique,False
100016297|F|0-36:A>G-36:A>G,0.5142857142857142,62.569010000000006,1.0,32.34259,30.22642,unique,False
100016523|F|0-36:G>T-36:G>T,0.4095238095238095,23.94663,0.984375,14.91538,9.03125,unique,False
100017440|F|0-36:T>C-36:T>C,0.0761904761904762,39.807069999999996,0.984375,30.35252,9.45455,unique,False
100017507|F|0-36:T>C-36:T>C,0.3809523809523809,11.3277,0.903226,6.63415,4.69355,multi,True
100017562|F|0-36:T>A-36:T>A,0.2761904761904762,36.13182,0.96875,19.95,16.18182,unique,False
100018771|F|0-36:T>G-36:T>G,0.3809523809523809,39.8718,1.0,23.4359,16.4359,unique,False
100019249|F|0-36:C>A-36:C>A,0.580952380952381,15.54834,0.921875,8.36207,7.18627,unique,False
100020014|F|0-36:G>C-36:G>C,0.3904761904761905,17.09885,0.953125,9.73043,7.36842,unique,False
100020395|F|0-36:T>C-36:T>C,0.2761904761904762,27.47727,0.96875,19.5,7.97727,unique,False
100021300|F|0-36:C>T-36:C>T,0.1047619047619047,93.31225,1.0,61.42336,31.88889,unique,False
100021653|F|0-36:G>A-36:G>A,0.1142857142857142,15.70435,1.0,10.30435,5.4,unique,False
100029336|F|0-36:T>A-36:T>A,0.0571428571428571,22.261110000000002,1.0,12.84444,9.41667,unplaced,False
100030808|F|0-36:G>C-36:G>C,0.219047619047619,70.88271,1.0,46.65414,24.22857,unique,False
100034189|F|0-36:A>T-36:A>T,0.2666666666666666,65.56151,0.984375,43.24444,22.31707,unique,False
100036149|F|0-36:T>A-36:T>A,0.0666666666666666,42.25882,1.0,28.05882,14.2,unique,False
100038456|F|0-36:A>C-36:A>C,0.5142857142857142,79.13399,1.0,54.88136,24.25263,unique,False
100044399|F|0-36:G>A-36:G>A,0.4285714285714285,29.590609999999998,1.0,15.78814,13.80247,multi,True
100044913|F|0-36:G>T-36:G>T,0.1683168316831683,14.376470000000001,0.962963,8.98361,5.39286,unique,False
100045252|F|0-36:A>T-36:A>T,0.3904761904761905,63.20164,0.984375,36.81102,26.39062,unique,False
100049017|F|0-36:G>A-36:G>A,0.3619047619047619,45.85315,0.984375,28.71756,17.13559,unique,False
100052563|F|0-36:T>C-36:T>C,0.3238095238095238,84.77767,1.0,42.625,42.15267,unique,False
100058671|F|0-36:C>G-36:C>G,0.4095238095238095,36.81033,0.984375,22.352,14.45833,multi,True
100013288|F|0-37:A>T-37:A>T,0.2476190476190476,60.49776,0.984375,41.44776,19.05,unique,False
100013358|F|0-37:G>A-37:G>A,0.1619047619047619,32.02963,0.96875,19.82963,12.2,unique,False
100013886|F|0-37:T>A-37:T>A,0.1523809523809524,75.48376999999999,1.0,55.39286,20.09091,unique,False
100014325|F|0-37:G>A-37:G>A,0.2095238095238095,41.0386,1.0,25.13235,15.90625,unique,False
100014339|F|0-37:C>G-37:C>G,0.2571428571428571,48.47095,1.0,31.68148,16.78947,unique,False
100014760|F|0-37:A>T-37:A>T,0.4952380952380952,57.071740000000005,0.984375,31.10435,25.96739,unique,False
100015763|F|0-37:C>T-37:C>T,0.1047619047619047,41.13317,1.0,26.02206,15.11111,multi,True
100015778|F|0-37:G>T-37:G>T,0.4519230769230769,10.90586,0.967742,5.58511,5.32075,unique,False
100015820|F|0-37:T>C-37:T>C,0.5142857142857142,47.46303,0.984375,24.50427,22.95876,unique,False
100016695|F|0-37:G>A-37:G>A,0.2571428571428571,8.02124,0.967742,4.84733,3.17391,unique,False
100017304|F|0-37:T>A-37:T>A,0.4857142857142857,11.99624,0.9375,6.71053,5.28571,unique,False
100020367|F|0-37:A>T-37:A>T,0.1714285714285714,29.5636,1.0,19.97101,9.59259,unique,False
100020750|F|0-37:T>C-37:T>C,0.3238095238095238,7.67029,0.9375,4.32743,3.34286,unique,False
100022011|F|0-37:A>G-37:A>G,0.0761904761904762,73.20647,0.984375,51.90647,21.3,unique,False
100022070|F|0-37:G>C-37:G>C,0.2761904761904762,37.26517,0.984375,23.3985,13.86667,unique,False
100029242|F|0-37:C>T-37:C>T,0.3592233009708738,13.619119999999999,1.0,7.24074,6.37838,unique,False
100032856|F|0-37:A>G-37:A>G,0.3714285714285714,43.84615,1.0,29.0,14.84615,unique,False
100032857|F|0-37:C>A-37:C>A,0.4545454545454545,11.93444,0.948276,6.01053,5.92391,unique,False
100034247|F|0-37:G>C-37:G>C,0.4380952380952381,33.66416,0.953125,18.39048,15.27368,unique,False
100035652|F|0-37:T>C-37:T>C,0.1142857142857142,29.5381,0.984375,23.62143,5.91667,unique,False
100039244|F|0-37:G>C-37:G>C,0.4476190476190476,59.93089,0.984375,34.47967,25.45122,unique,False
100040451|F|0-37:G>A-37:G>A,0.4,57.11786,1.0,31.51786,25.6,unique,False
100040569|F|0-37:C>T-37:C>T,0.1333333333333333,51.03571,1.0,35.75,15.28571,unique,False
100041156|F|0-37:T>C-37:T>C,0.2952380952380952,26.97015,0.983871,16.97015,10.0,unique,False
100046319|F|0-37:A>C-37:A>C,0.1683168316831683,48.72991,1.0,31.01562,17.71429,unique,False
100051142|F|0-37:G>C-37:G>C,0.3173076923076923,10.516459999999999,0.951613,5.40171,5.11475,unplaced,False
100053879|F|0-37:G>A-37:G>A,0.043010752688172,6.43694,0.98,3.27027,3.16667,multi,True
100013936|F|0-38:C>A-38:C>A,0.3523809523809524,49.52973,1.0,29.07812,20.45161,unique,False
100015067|F|0-38:T>A-38:T>A,0.3269230769230769,8.734459999999999,0.921875,4.60331,4.13115,unique,False
100015585|F|0-38:T>C-38:T>C,0.5428571428571428,38.71304000000001,1.0,20.30645,18.40659,unique,False
100016631|F|0-38:C>G-38:C>G,0.4952380952380952,47.96762,0.96875,28.65116,19.31646,unique,False
100016646|F|0-38:G>A-38:G>A,0.1238095238095238,31.102379999999997,1.0,20.83571,10.26667,unique,False
100016658|F|0-38:T>C-38:T>C,0.0952380952380952,10.29959,0.984375,6.94245,3.35714,unique,False
100017341|F|0-38:C>A-38:C>A,0.4476190476190476,20.53641,0.9375,11.10784,9.42857,unique,False
100018000|F|0-38:T>A-38:T>A,0.4666666666666667,82.16257,1.0,44.7459,37.41667,unique,False
100019055|F|0-38:T>A-38:T>A,0.3238095238095238,32.96729,1.0,19.70803,13.25926,unique,False
100019852|F|0-38:G>A-38:G>A,0.4666666666666667,13.8408,0.933333,7.5283,6.3125,unique,False
100020878|F|0-38:C>T-38:C>T,0.3333333333333333,27.38899,1.0,16.54688,10.84211,unique,False
100021166|F|0-38:T>C-38:T>C,0.4476190476190476,21.577579999999998,0.984375,12.19008,9.3875,unique,False
100021294|F|0-38:G>A-38:G>A,0.4666666666666667,19.63983,0.984375,11.87387,7.76596,unique,False
100021509|F|0-38:C>A-38:C>A,0.0571428571428571,12.5647,1.0,7.29197,5.27273,unique,False
100022140|F|0-38:C>A-38:C>A,0.2095238095238095,31.08594,1.0,19.32836,11.75758,unique,False
100022228|F|0-38:T>C-38:T>C,0.3428571428571428,46.288129999999995,1.0,27.616,18.67213,unique,False
100028702|F|0-38:A>G-38:A>G,0.4857142857142857,50.33043000000001,0.96875,28.11304,22.21739,unique,False
100028947|F|0-38:C>A-38:C>A,0.1047619047619047,30.64164,1.0,22.07914,8.5625,unique,False
100030288|F|0-38:C>G-38:C>G,0.3428571428571428,22.35695,0.984375,14.39695,7.96,unique,False
100034526|F|0-38:G>A-38:G>A,0.2952380952380952,43.84883,0.984375,28.98519,14.86364,unique,False
100034680|F|0-38:A>C-38:A>C,0.1904761904761904,67.90031,1.0,48.04317,19.85714,unique,False
100035171|F|0-38:C>T-38:C>T,0.3523809523809524,30.83347,1.0,17.57031,13.26316,multi,True
100035179|F|0-38:C>T-38:C>T,0.0952380952380952,11.82338,0.984375,8.91429,2.90909,unique,False
100035283|F|0-38:G>T-38:G>T,0.4285714285714285,89.34822,1.0,53.632,35.71622,unique,False
100038927|F|0-38:C>G-38:C>G,0.4095238095238095,68.21041,1.0,41.76923,26.44118,unique,False
100039148|F|0-38:G>A-38:G>A,0.4952380952380952,39.96333,1.0,21.82203,18.1413,unique,False
100040739|F|0-38:C>T-38:C>T,0.4571428571428571,67.36807999999999,0.984375,34.32,33.04808,unique,False
100041002|F|0-38:A>G-38:A>G,0.1714285714285714,16.28538,0.984375,10.61871,5.66667,unique,False
100044656|F|0-38:C>T-38:C>T,0.13,6.9709,0.933333,3.92742,3.04348,multi,True
100014259|F|0-39:T>A-39:T>A,0.4761904761904761,13.94875,0.953125,7.9913,5.95745,unique,False
100014662|F|0-39:T>C-39:T>C,0.4761904761904761,26.71761,0.953125,14.08654,12.63107,unique,False
100015188|F|0-39:T>C-39:T>C,0.219047619047619,17.6537,0.984375,11.01481,6.63889,unique,False
100016571|F|0-39:C>T-39:C>T,0.1619047619047619,12.78148,0.935484,8.28148,4.5,unique,False
100017336|F|0-39:A>G-39:A>G,0.419047619047619,31.85416,0.96875,18.77953,13.07463,unique,False
100018025|F|0-39:C>T-39:C>T,0.3904761904761905,42.99055,1.0,26.22388,16.76667,unique,False
100020012|F|0-39:A>C-39:A>C,0.1428571428571428,47.22257,0.983871,33.07971,14.14286,unique,False
100020403|F|0-39:T>G-39:T>G,0.2476190476190476,13.53519,0.984375,8.58647,4.94872,unique,False
100021287|F|0-39:T>A-39:T>A,0.3523809523809524,77.34631999999999,1.0,46.06061,31.28571,unique,False
100022316|F|0-39:A>G-39:A>G,0.3142857142857143,14.944700000000001,0.96875,8.67939,6.26531,unique,False
100029380|F|0-39:A>C-39:A>C,0.4571428571428571,88.91329,0.984375,50.15079,38.7625,unique,False
100030709|F|0-39:T>A-39:T>A,0.4476190476190476,53.37965,1.0,30.848,22.53165,unique,False
100033656|F|0-39:G>A-39:G>A,0.1523809523809524,60.70174,1.0,42.02174,18.68,unique,False
100034437|F|0-39:T>A-39:T>A,0.3238095238095238,109.89841999999999,1.0,67.20611,42.69231,unique,False
100034576|F|0-39:C>T-39:C>T,0.3714285714285714,59.63041,1.0,34.225,25.40541,multi,True
100034887|F|0-39:C>G-39:C>G,0.2095238095238095,37.27908,0.984375,24.2446,13.03448,unique,False
100035003|F|0-39:A>G-39:A>G,0.3142857142857143,68.94231,1.0,43.80769,25.13462,unique,False
100035266|F|0-39:C>T-39:C>T,0.1142857142857142,10.77955,0.984375,8.13669,2.64286,multi,True
100036115|F|0-39:C>T-39:C>T,0.1287128712871287,6.54762,0.961538,3.88095,2.66667,multi,True
100043408|F|0-39:C>A-39:C>A,0.0673076923076923,105.11179,1.0,58.74815,46.36364,unique,False
100043520|F|0-39:C>T-39:C>T,0.3333333333333333,73.5938,0.984375,41.52713,32.06667,unique,False
100044894|F|0-39:G>A-39:G>A,0.5333333333333333,44.68579,0.951613,34.80741,9.87838,multi,True
100046610|F|0-39:T>C-39:T>C,0.5333333333333333,32.149429999999995,0.984375,19.56835,12.58108,multi,True
100048542|F|0-39:C>A-39:C>A,0.1809523809523809,142.99824999999998,0.984375,97.96377,45.03448,unique,False
100048863|F|0-39:A>G-39:A>G,0.0594059405940594,69.02307,1.0,37.94615,31.07692,unique,False
100014000|F|0-40:A>G-40:A>G,0.3238095238095238,40.04839,1.0,24.29839,15.75,unique,False
100014414|F|0-40:G>C-40:G>C,0.238095238095238,35.00085,0.984375,22.94203,12.05882,unique,False
100015331|F|0-40:A>G-40:A>G,0.4476190476190476,69.61833,1.0,37.39252,32.22581,unique,False
100016381|F|0-40:C>G-40:C>G,0.3809523809523809,29.75559,0.984375,18.38462,11.37097,unique,False
100016472|F|0-40:C>G-40:C>G,0.5333333333333333,90.81666000000001,1.0,50.0885,40.72816,unique,False
100017806|F|0-40:A>G-40:A>G,0.3846153846153846,15.755040000000001,0.953125,8.76786,6.98718,unique,False
100018695|F|0-40:A>G-40:A>G,0.4285714285714285,30.970599999999997,0.951613,19.06034,11.91026,unique,False
100019141|F|0-40:G>A-40:G>A,0.2,10.87014,0.984375,6.22308,4.64706,unique,False
100020699|F|0-40:A>G-40:A>G,0.4,40.504459999999995,0.9375,22.9913,17.51316,unique,False
100020907|F|0-40:A>T-40:A>T,0.1714285714285714,11.27467,0.96875,7.36842,3.90625,unique,False
100033630|F|0-40:T>C-40:T>C,0.4761904761904761,44.48656,1.0,23.60194,20.88462,unique,False
100034728|F|0-40:G>C-40:G>C,0.3333333333333333,55.97754,1.0,34.04651,21.93103,unique,False
100041314|F|0-40:C>T-40:C>T,0.4666666666666667,98.76263,1.0,52.5,46.26263,unique,False
100016238|F|0-41:C>A-41:C>A,0.4476190476190476,8.94569,0.9375,4.71569,4.23,unique,False
100016587|F|0-41:C>T-41:C>T,0.3809523809523809,17.62997,0.96875,10.376,7.25397,multi,True
100016627|F|0-41:T>C-41:T>C,0.116504854368932,6.15909,0.928571,3.25,2.90909,unique,False
100016704|F|0-41:C>T-41:C>T,0.3904761904761905,24.26334,0.967742,12.46087,11.80247,unique,False
100017187|F|0-41:T>C-41:T>C,0.3428571428571428,28.11399,0.984375,15.42308,12.69091,unique,False
100017422|F|0-41:T>A-41:T>A,0.2285714285714285,43.18989,1.0,30.70504,12.48485,unique,False
100017523|F|0-41:C>T-41:C>T,0.5238095238095238,34.89817,0.984375,18.34579,16.55238,unique,False
100017843|F|0-41:T>C-41:T>C,0.4,13.29012,0.953125,7.48113,5.80899,unique,False
100018223|F|0-41:G>A-41:G>A,0.3047619047619048,20.08635,0.96875,12.57692,7.50943,unique,False
100018797|F|0-41:C>G-41:C>G,0.2666666666666666,12.849260000000001,0.984375,7.97692,4.87234,unique,False
100019864|F|0-41:A>G-41:A>G,0.2857142857142857,34.31278,0.953125,22.52555,11.78723,unique,False
100020153|F|0-41:C>T-41:C>T,0.5714285714285714,12.20346,0.983333,6.98551,5.21795,multi,True
100020177|F|0-41:C>G-41:C>G,0.3428571428571428,18.40184,0.96875,11.49618,6.90566,unique,False
100020710|F|0-41:C>A-41:C>A,0.1238095238095238,22.335250000000002,1.0,14.93525,7.4,multi,True
100020752|F|0-41:T>G-41:T>G,0.5428571428571428,60.876419999999996,0.984375,31.42982,29.4466,unique,False
100021703|F|0-41:T>C-41:T>C,0.4095238095238095,20.36139,0.984375,12.49254,7.86885,unique,False
100033142|F|0-41:A>C-41:A>C,0.3627450980392157,8.01608,0.921875,4.13,3.88608,unique,False
100033253|F|0-41:A>G-41:A>G,0.4095238095238095,79.98060000000001,1.0,46.95161,33.02899,unique,False
100033672|F|0-41:T>A-41:T>A,0.2,33.98861,0.984375,24.2029,9.78571,unique,False
100033896|F|0-41:A>G-41:A>G,0.3157894736842105,23.14815,0.934783,12.0,11.14815,unique,False
100034782|F|0-41:G>A-41:G>A,0.1030927835051546,19.33273,0.966667,12.25581,7.07692,unique,False
100036101|F|0-41:G>C-41:G>C,0.5619047619047619,58.486670000000004,1.0,30.95726,27.52941,unique,False
100038715|F|0-41:T>A-41:T>A,0.4761904761904761,26.721899999999998,0.96875,13.84956,12.87234,unique,False
100040372|F|0-41:A>T-41:A>T,0.0707070707070707,12.2537,0.965517,7.16279,5.09091,unique,False
100041311|F|0-41:A>G-41:A>G,0.4423076923076923,63.985119999999995,1.0,33.78512,30.2,multi,True
100041804|F|0-41:G>A-41:G>A,0.4020618556701031,54.836330000000004,0.983871,30.89189,23.94444,unique,False
100043186|F|0-41:T>C-41:T>C,0.5142857142857142,81.42891,0.984375,45.13821,36.2907,unique,False
100043219|F|0-41:C>T-41:C>T,0.6190476190476191,39.79785,0.951613,24.29197,15.50588,multi,True
100043228|F|0-41:G>A-41:G>A,0.4571428571428571,45.20549,1.0,27.85827,17.34722,unique,False
100044919|F|0-41:G>A-41:G>A,0.3238095238095238,19.46612,0.95,10.70248,8.76364,multi,True
100046913|F|0-41:A>T-41:A>T,0.4761904761904761,40.33374,0.984375,20.70874,19.625,unique,False
100051143|F|0-41:A>G-41:A>G,0.5238095238095238,40.92996,0.984375,20.59375,20.33621,unplaced,False
100056034|F|0-41:G>T-41:G>T,0.5428571428571428,66.34321,0.983871,33.68696,32.65625,unique,False
100013459|F|0-42:G>A-42:G>A,0.1142857142857142,14.43333,0.983871,10.5,3.93333,unique,False
100014348|F|0-42:C>G-42:C>G,0.1619047619047619,21.621470000000002,0.984375,14.30147,7.32,unique,False
100015729|F|0-42:C>A-42:C>A,0.4571428571428571,35.547309999999996,0.951613,19.3,16.24731,unplaced,False
100015913|F|0-42:T>A-42:T>A,0.1553398058252427,7.14342,0.933333,3.92913,3.21429,unique,False
100015991|F|0-42:T>C-42:T>C,0.2666666666666666,10.95,0.983871,6.5,4.45,unique,False
100016318|F|0-42:A>T-42:A>T,0.5714285714285714,53.01818,1.0,26.70909,26.30909,unique,False
100019939|F|0-42:C>T-42:C>T,0.2,14.417069999999999,0.984375,9.89855,4.51852,unique,False
100020363|F|0-42:C>T-42:C>T,0.0666666666666666,17.33577,1.0,11.33577,6.0,unique,False
100020677|F|0-42:G>T-42:G>T,0.238095238095238,31.32915,0.953125,20.30534,11.02381,unique,False
100020795|F|0-42:T>C-42:T>C,0.2952380952380952,44.89049,1.0,28.42537,16.46512,unique,False
100020803|F|0-42:G>T-42:G>T,0.0824742268041237,14.63333,1.0,9.5,5.13333,unique,False
100029259|F|0-42:A>G-42:A>G,0.2285714285714285,25.298099999999998,0.96875,17.23358,8.06452,unique,False
100040372|F|0-42:A>T-42:A>T,0.3269230769230769,11.932020000000001,0.953125,7.16279,4.76923,unique,False
100040746|F|0-42:G>A-42:G>A,0.4380952380952381,46.61641,1.0,25.02752,21.58889,unique,False
100041652|F|0-42:T>C-42:T>C,0.6857142857142857,36.25927,0.953125,22.55714,13.70213,multi,True
100041924|F|0-42:C>T-42:C>T,0.4761904761904761,76.34116,1.0,43.088,33.25316,unique,False
100043188|F|0-42:C>T-42:C>T,0.4476190476190476,77.55646,1.0,43.36134,34.19512,unique,False
100045027|F|0-42:C>G-42:C>G,0.3653846153846153,79.2925,1.0,47.22901,32.06349,unique,False
100045148|F|0-42:T>C-42:T>C,0.2233009708737864,39.92467,0.966667,23.89764,16.02703,multi,True
100060051|F|0-42:G>A-42:G>A,0.419047619047619,78.82017,0.953125,44.3937,34.42647,multi,True
100013387|F|0-43:C>G-43:C>G,0.3714285714285714,16.59467,0.967742,9.20661,7.38806,unique,False
100014346|F|0-43:T>C-43:T>C,0.1428571428571428,13.344259999999998,0.967742,8.38971,4.95455,unique,False
100015327|F|0-43:T>G-43:T>G,0.3047619047619048,19.93995,0.984375,12.3125,7.62745,unique,False
100016098|F|0-43:C>A-43:C>A,0.1523809523809524,20.41075,0.984375,14.67391,5.73684,unique,False
100016982|F|0-43:C>A-43:C>A,0.2,22.95257,1.0,15.37681,7.57576,unique,False
100020434|F|0-43:G>A-43:G>A,0.1619047619047619,50.36035,0.984375,36.4058,13.95455,unique,False
100020673|F|0-43:T>A-43:T>A,0.1238095238095238,22.67806,1.0,16.92806,5.75,unique,False
100029329|F|0-43:G>A-43:G>A,0.1238095238095238,48.681889999999996,0.984375,33.10294,15.57895,unique,False
100032852|F|0-43:C>T-43:C>T,0.2761904761904762,37.450630000000004,0.984375,23.52206,13.92857,unique,False
100033165|F|0-43:A>G-43:A>G,0.0952380952380952,60.395450000000004,0.984375,44.85,15.54545,unique,False
100033949|F|0-43:T>C-43:T>C,0.4761904761904761,42.200230000000005,0.983871,21.15306,21.04717,unique,False
100034427|F|0-43:T>A-43:T>A,0.8,14.238959999999999,0.953125,8.25714,5.98182,multi,True
100035246|F|0-43:C>A-43:C>A,0.4666666666666667,93.51602,0.984375,48.69697,44.81905,unique,False
100035304|F|0-43:G>A-43:G>A,0.1333333333333333,28.57551,1.0,17.8913,10.68421,unique,False
100041682|F|0-43:T>C-43:T>C,0.0857142857142857,84.81407999999999,1.0,53.74265,31.07143,unique,False
100043410|F|0-43:T>A-43:T>A,0.4095238095238095,53.16051,1.0,29.56557,23.59494,unique,False
100044452|F|0-43:C>T-43:C>T,0.1523809523809524,93.79762000000001,1.0,71.46429,22.33333,multi,True
100047216|F|0-43:T>C-43:T>C,0.1428571428571428,48.68096,0.984375,29.01429,19.66667,multi,True
100048091|F|0-43:A>T-43:A>T,0.6095238095238096,124.75777,0.984375,73.74797,51.0098,unique,False
100051037|F|0-43:C>T-43:C>T,0.2095238095238095,70.63550000000001,1.0,52.86131,17.77419,unique,False
100058466|F|0-43:T>C-43:T>C,0.7019230769230769,12.36593,0.931034,7.23148,5.13445,multi,True
100013045|F|0-44:C>T-44:C>T,0.2095238095238095,77.29427,1.0,51.10072,26.19355,unique,False
100013210|F|0-44:C>T-44:C>T,0.3142857142857143,30.10973,1.0,20.75556,9.35417,unique,False
100013433|F|0-44:A>G-44:A>G,0.1238095238095238,67.34209,1.0,44.89209,22.45,unique,False
100013537|F|0-44:C>G-44:C>G,0.3619047619047619,10.33042,0.9375,6.47328,3.85714,unique,False
100014340|F|0-44:A>G-44:A>G,0.1238095238095238,34.241460000000004,0.984375,24.55396,9.6875,unique,False
100014467|F|0-44:T>A-44:T>A,0.0761904761904762,41.57664,1.0,28.57664,13.0,unique,False
100017600|F|0-44:G>A-44:G>A,0.1142857142857142,12.078299999999999,0.982759,6.28571,5.79259,unplaced,False
100018572|F|0-44:T>A-44:T>A,0.1428571428571428,26.112299999999998,0.983871,18.29412,7.81818,unique,False
100018573|F|0-44:G>C-44:G>C,0.1523809523809524,20.1913,1.0,12.8913,7.3,unique,False
100020053|F|0-44:G>A-44:G>A,0.3333333333333333,36.768249999999995,0.96875,22.82707,13.94118,unique,False
100021278|F|0-44:C>G-44:C>G,0.0961538461538461,6.7417300000000004,0.964286,3.85938,2.88235,unique,False
100022081|F|0-44:A>C-44:A>C,0.4285714285714285,10.18469,0.951613,5.79508,4.38961,unique,False
100029409|F|0-44:A>G-44:A>G,0.1333333333333333,70.21512,1.0,48.68571,21.52941,unique,False
100029523|F|0-44:T>G-44:T>G,0.1047619047619047,29.77362,1.0,21.64029,8.13333,unique,False
100029801|F|0-44:C>T-44:C>T,0.4761904761904761,48.229839999999996,0.967742,25.94068,22.28916,unique,False
100034920|F|0-44:G>C-44:G>C,0.1809523809523809,70.5742,1.0,48.0942,22.48,unique,False
100035819|F|0-44:C>T-44:C>T,0.1714285714285714,83.9488,1.0,56.12121,27.82759,unique,False
100035931|F|0-44:G>C-44:G>C,0.4095238095238095,48.70961,1.0,27.82353,20.88608,unique,False
100038393|F|0-44:G>A-44:G>A,0.3523809523809524,51.24077,0.984375,28.04959,23.19118,unique,False
100040243|F|0-44:T>G-44:T>G,0.4476190476190476,88.89523,1.0,54.13333,34.7619,unique,False
100051719|F|0-44:C>T-44:C>T,0.5238095238095238,169.40598,1.0,132.44444,36.96154,multi,True
100059437|F|0-44:G>C-44:G>C,0.6190476190476191,18.16887,0.953125,11.10145,7.06742,multi,True
100012983|F|0-45:A>T-45:A>T,0.1333333333333333,31.036859999999997,0.984375,18.38686,12.65,unique,False
100013996|F|0-45:C>T-45:C>T,0.2178217821782178,7.62534,0.965517,3.86111,3.76423,unique,False
100014708|F|0-45:A>T-45:A>T,0.4571428571428571,124.71609000000001,1.0,66.44643,58.26966,unique,False
100014950|F|0-45:G>A-45:G>A,0.3047619047619048,45.82112,1.0,30.62963,15.19149,unique,False
100014991|F|0-45:T>G-45:T>G,0.0952380952380952,18.20588,0.984375,12.20588,6.0,unique,False
100015370|F|0-45:C>T-45:C>T,0.1809523809523809,11.14357,1.0,7.18705,3.95652,unique,False
100015846|F|0-45:G>T-45:G>T,0.0761904761904762,33.79487,1.0,22.33333,11.46154,unique,False
100016677|F|0-45:G>A-45:G>A,0.3619047619047619,77.28481000000001,0.983871,46.90299,30.38182,unique,False
100018445|F|0-45:A>G-45:A>G,0.4476190476190476,32.5,1.0,18.5,14.0,unique,False
100019084|F|0-45:G>A-45:G>A,0.0761904761904762,34.23545,1.0,25.41727,8.81818,unique,False
100029747|F|0-45:G>A-45:G>A,0.3142857142857143,39.604420000000005,1.0,23.73485,15.86957,unique,False
100032980|F|0-45:T>A-45:T>A,0.5619047619047619,54.67116,0.984375,28.64286,26.0283,unique,False
100033324|F|0-45:A>T-45:A>T,0.1634615384615384,15.56917,0.984375,11.47826,4.09091,unique,False
100034109|F|0-45:G>A-45:G>A,0.419047619047619,32.95622,0.984375,17.87387,15.08235,unique,False
100034834|F|0-45:G>A-45:G>A,0.2,59.3661,1.0,40.45985,18.90625,unique,False
100035988|F|0-45:C>A-45:C>A,0.3238095238095238,29.06351,0.953125,18.34351,10.72,unique,False
100038389|F|0-45:C>T-45:C>T,0.3047619047619048,33.35517,0.984375,20.49242,12.86275,unique,False
100038944|F|0-45:C>T-45:C>T,0.1047619047619047,73.00262,1.0,47.35556,25.64706,unique,False
100041089|F|0-45:A>G-45:A>G,0.4285714285714285,75.19712,1.0,43.43089,31.76623,unique,False
100041312|F|0-45:T>A-45:T>A,0.5619047619047619,89.11506,1.0,59.29927,29.81579,multi,True
100041653|F|0-45:T>C-45:T>C,0.631578947368421,32.765190000000004,0.964286,19.06306,13.70213,multi,True
100041895|F|0-45:G>A-45:G>A,0.1238095238095238,75.59179,0.96875,50.03623,25.55556,unique,False
100012937|F|0-46:C>T-46:C>T,0.1428571428571428,42.62381,1.0,30.67143,11.95238,unique,False
100013040|F|0-46:A>G-46:A>G,0.1809523809523809,96.66609,0.984375,68.59712,28.06897,unique,False
100014001|F|0-46:T>A-46:T>A,0.0095238095238095,67.57330999999999,1.0,35.32331,32.25,unique,False
100014032|F|0-46:C>T-46:C>T,0.4095238095238095,18.91366,0.953125,10.60484,8.30882,unique,False
100014176|F|0-46:T>C-46:T>C,0.2761904761904762,22.49945,0.984375,15.80714,6.69231,unique,False
100014343|F|0-46:C>T-46:C>T,0.1238095238095238,35.54745,1.0,22.54745,13.0,unique,False
100014505|F|0-46:G>T-46:G>T,0.4,19.38966,0.953125,11.56154,7.82812,unique,False
100015126|F|0-46:T>G-46:T>G,0.1142857142857142,62.21512,1.0,42.68571,19.52941,unique,False
100015367|F|0-46:A>T-46:A>T,0.4095238095238095,30.9122,0.96875,16.93519,13.97701,unique,False
100017065|F|0-46:G>A-46:G>A,0.2,56.333330000000004,1.0,37.25,19.08333,unique,False
100017407|F|0-46:T>G-46:T>G,0.1919191919191919,7.0149799999999995,0.967742,3.87705,3.13793,unique,False
100017598|F|0-46:C>G-46:C>G,0.419047619047619,34.800200000000004,1.0,17.41818,17.38202,unique,False
100018646|F|0-46:C>T-46:C>T,0.2857142857142857,25.12461,0.984375,16.28788,8.83673,unique,False
100018738|F|0-46:T>C-46:T>C,0.4476190476190476,15.76218,0.967742,8.30435,7.45783,unique,False
100019269|F|0-46:T>G-46:T>G,0.0761904761904762,19.81686,1.0,12.63504,7.18182,unique,False
100019277|F|0-46:C>T-46:C>T,0.238095238095238,62.22515,1.0,39.94737,22.27778,unique,False
100019377|F|0-46:G>A-46:G>A,0.4,60.451950000000004,0.984375,47.34286,13.10909,multi,True
100020460|F|0-46:A>G-46:A>G,0.1333333333333333,54.15873,1.0,37.44444,16.71429,unique,False
100020777|F|0-46:A>G-46:A>G,0.4285714285714285,44.922219999999996,0.96875,25.0,19.92222,unique,False
100028792|F|0-46:G>T-46:G>T,0.219047619047619,59.83731,1.0,43.03731,16.8,unique,False
100029240|F|0-46:A>G-46:A>G,0.3904761904761905,49.53408,0.984375,31.35075,18.18333,unique,False
100029346|F|0-46:T>A-46:T>A,0.2549019607843137,8.68103,0.98,5.0,3.68103,unique,False
100029543|F|0-46:T>C-46:T>C,0.3238095238095238,37.24672,0.984375,22.57364,14.67308,unique,False
100032801|F|0-46:T>A-46:T>A,0.3047619047619048,31.943099999999998,1.0,16.4031,15.54,unique,False
100033255|F|0-46:T>C-46:T>C,0.1188118811881188,26.325229999999998,1.0,14.64341,11.68182,unique,False
100033311|F|0-46:C>T-46:C>T,0.5523809523809524,81.44986,0.96875,42.79245,38.65741,unique,False
100033353|F|0-46:A>T-46:A>T,0.1153846153846153,13.518519999999999,0.966667,8.78519,4.73333,unique,False
100033379|F|0-46:C>G-46:C>G,0.5904761904761905,20.11789,0.984375,11.66667,8.45122,multi,True
100033805|F|0-46:G>C-46:G>C,0.0961538461538461,87.52131,0.984375,64.13669,23.38462,unique,False
100034016|F|0-46:G>A-46:G>A,0.2571428571428571,19.18343,1.0,13.05185,6.13158,unique,False
100034096|F|0-46:G>C-46:G>C,0.4038461538461538,47.24911,1.0,28.55556,18.69355,unique,False
100034184|F|0-46:T>C-46:T>C,0.2952380952380952,56.1797,1.0,37.95833,18.22137,multi,True
100038566|F|0-46:T>A-46:T>A,0.3428571428571428,187.16145,0.984375,154.60145,32.56,multi,True
100041891|F|0-46:G>A-46:G>A,0.1714285714285714,51.07468,1.0,36.61314,14.46154,multi,True
100043273|F|0-46:A>T-46:A>T,0.3333333333333333,100.53220000000002,1.0,66.05303,34.47917,unique,False
100044126|F|0-46:C>T-46:C>T,0.0857142857142857,121.40889999999999,1.0,82.62319,38.78571,unique,False
100045297|F|0-46:T>C-46:T>C,0.5333333333333333,75.94377,0.953125,46.27344,29.67033,unique,False
100059434|F|0-46:A>G-46:A>G,0.7619047619047619,13.9624,1.0,7.81132,6.15108,multi,True
100016684|F|0-47:T>C-47:T>C,0.2285714285714285,51.869699999999995,1.0,27.46512,24.40458,unique,False
100016689|F|0-47:G>T-47:G>T,0.2476190476190476,33.649249999999995,0.96875,21.64925,12.0,unique,False
100016740|F|0-47:T>C-47:T>C,0.2,25.60476,0.96875,18.77143,6.83333,unique,False
100016750|F|0-47:G>A-47:G>A,0.3904761904761905,15.00609,0.951613,8.82576,6.18033,unique,False
100018004|F|0-47:G>A-47:G>A,0.4761904761904761,85.67148,0.953125,50.39516,35.27632,unique,False
100018158|F|0-47:G>T-47:G>T,0.1714285714285714,74.27652,1.0,47.53968,26.73684,unique,False
100018613|F|0-47:T>C-47:T>C,0.3809523809523809,14.87442,0.953125,8.02632,6.8481,unique,False
100018699|F|0-47:A>G-47:A>G,0.1881188118811881,7.57025,0.946429,4.57025,3.0,multi,True
100019738|F|0-47:G>A-47:G>A,0.4285714285714285,24.71206,0.935484,15.16794,9.54412,unique,False
100020485|F|0-47:G>T-47:G>T,0.4285714285714285,58.94094,1.0,30.41758,28.52336,unique,False
100021757|F|0-47:G>A-47:G>A,0.4761904761904761,34.50917,1.0,21.0303,13.47887,unique,False
100029687|F|0-47:A>T-47:A>T,0.3428571428571428,50.56827,0.984375,28.30827,22.26,unique,False
100032753|F|0-47:A>G-47:A>G,0.3142857142857143,37.32397,1.0,21.42742,15.89655,unique,False
100034114|F|0-47:T>A-47:T>A,0.2857142857142857,47.388239999999996,0.967742,32.71324,14.675,unique,False
100034510|F|0-47:C>T-47:C>T,0.3333333333333333,102.51559,0.96875,63.2803,39.23529,unique,False
100035996|F|0-47:A>G-47:A>G,0.4285714285714285,78.91793000000001,1.0,46.07377,32.84416,unique,False
100046635|F|0-47:T>A-47:T>A,0.4476190476190476,136.58482,1.0,81.072,55.51282,unique,False
100053824|F|0-47:A>G-47:A>G,0.419047619047619,51.96786,1.0,33.04478,18.92308,unique,False
100054502|F|0-47:T>C-47:T>C,0.3047619047619048,39.477850000000004,1.0,24.43939,15.03846,unique,False
100054653|F|0-47:T>C-47:T>C,0.3428571428571428,93.66923,0.984375,64.66923,29.0,unique,False
100013022|F|0-48:G>C-48:G>C,0.5047619047619047,38.792770000000004,0.983871,22.15079,16.64198,unique,False
100015478|F|0-48:C>T-48:C>T,0.2,41.43639,1.0,25.34815,16.08824,unique,False
100018271|F|0-48:A>G-48:A>G,0.4380952380952381,36.25693,0.984375,18.57317,17.68376,unique,False
100019637|F|0-48:C>G-48:C>G,0.0952380952380952,9.97024,1.0,6.12409,3.84615,unique,False
100020980|F|0-48:G>A-48:G>A,0.219047619047619,31.558860000000003,1.0,20.50758,11.05128,unique,False
100029321|F|0-48:C>A-48:C>A,0.1047619047619047,68.46297,1.0,41.34532,27.11765,unique,False
100033416|F|0-48:G>A-48:G>A,0.2952380952380952,37.20793,0.984375,27.58571,9.62222,multi,True
100043126|F|0-48:T>A-48:T>A,0.2761904761904762,73.17134999999999,1.0,52.35556,20.81579,unique,False
100058467|F|0-48:T>C-48:T>C,0.0808080808080808,11.31667,0.980769,6.375,4.94167,multi,True
100015245|F|0-49:A>G-49:A>G,0.1238095238095238,14.62167,0.967742,10.15108,4.47059,unique,False
100015338|F|0-49:G>T-49:G>T,0.0865384615384615,11.09345,0.967742,8.17037,2.92308,unique,False
100015350|F|0-49:A>G-49:A>G,0.219047619047619,52.43164,1.0,35.08029,17.35135,unique,False
100017261|F|0-49:C>T-49:C>T,0.0571428571428571,10.291039999999999,0.984375,6.29104,4.0,unique,False
100017927|F|0-49:C>T-49:C>T,0.1809523809523809,32.22833,1.0,21.19708,11.03125,unique,False
100017988|F|0-49:T>G-49:T>G,0.2666666666666666,13.52643,0.953125,8.74265,4.78378,unique,False
100019395|F|0-49:A>G-49:A>G,0.3904761904761905,68.25125,1.0,40.62222,27.62903,unique,False
100019956|F|0-49:C>A-49:C>A,0.419047619047619,18.45974,0.967742,9.71717,8.74257,unplaced,False
100021067|F|0-49:G>A-49:G>A,0.4571428571428571,15.15836,0.953125,7.7449,7.41346,unique,False
100021502|F|0-49:T>G-49:T>G,0.0857142857142857,12.55518,0.983871,7.47826,5.07692,unique,False
100033853|F|0-49:A>G-49:A>G,0.5904761904761905,80.6862,0.96875,41.16239,39.52381,unique,False
100034348|F|0-49:T>G-49:T>G,0.3904761904761905,52.86104,1.0,32.03846,20.82258,unique,False
100034724|F|0-49:G>A-49:G>A,0.4095238095238095,46.86072,0.984375,30.41429,16.44643,multi,True
100039964|F|0-49:C>G-49:C>G,0.1809523809523809,56.70397,0.984375,38.48175,18.22222,unique,False
100041050|F|0-49:T>A-49:T>A,0.4285714285714285,29.53101,0.984375,16.86885,12.66216,unique,False
100045141|F|0-49:C>T-49:C>T,0.4666666666666667,36.678,0.984375,24.47287,12.20513,unique,False
100059436|F|0-49:A>C-49:A>C,0.6190476190476191,14.241330000000001,0.953125,7.17391,7.06742,multi,True
100013622|F|0-50:C>T-50:C>T,0.2761904761904762,13.386009999999999,1.0,8.47692,4.90909,unique,False
100013950|F|0-50:T>C-50:T>C,0.0761904761904762,39.38529,1.0,23.98529,15.4,unique,False
100015009|F|0-50:G>A-50:G>A,0.4761904761904761,61.70284,0.984375,36.53846,25.16438,unique,False
100016225|F|0-50:A>C-50:A>C,0.3786407766990291,19.76101,0.919355,10.91379,8.84722,unique,False
100017460|F|0-50:C>T-50:C>T,0.4571428571428571,13.9606,0.984375,8.26829,5.69231,unique,False
100018327|F|0-50:C>T-50:C>T,0.0761904761904762,78.34914,0.984375,49.71756,28.63158,unique,False
100019346|F|0-50:A>C-50:A>C,0.3238095238095238,24.04524,0.984375,14.52672,9.51852,unique,False
100020518|F|0-50:T>G-50:T>G,0.3333333333333333,29.651220000000002,1.0,17.11024,12.54098,unique,False
100021123|F|0-50:T>C-50:T>C,0.3627450980392157,6.98875,0.935484,3.52101,3.46774,unique,False
100021416|F|0-50:T>G-50:T>G,0.4095238095238095,41.28233,0.984375,21.32727,19.95506,unique,False
100021425|F|0-50:G>C-50:G>C,0.219047619047619,57.22264,1.0,38.2782,18.94444,unique,False
100021588|F|0-50:T>C-50:T>C,0.1142857142857142,12.1,0.967742,8.04444,4.05556,unique,False
100021804|F|0-50:G>A-50:G>A,0.0380952380952381,13.98485,0.967742,7.18182,6.80303,unique,False
100022068|F|0-50:T>C-50:T>C,0.2095238095238095,25.004150000000003,0.984375,17.78986,7.21429,unique,False
100032869|F|0-50:G>A-50:G>A,0.1414141414141414,5.61024,0.931034,3.11024,2.5,multi,True
100033546|F|0-50:C>T-50:C>T,0.7238095238095238,25.576729999999998,0.96875,18.25714,7.31959,multi,True
100034179|F|0-50:C>T-50:C>T,0.5333333333333333,39.05263,0.96875,20.78947,18.26316,multi,True
100045385|F|0-50:G>A-50:G>A,0.3428571428571428,36.74954,1.0,21.71318,15.03636,unique,False
100013478|F|0-51:G>A-51:G>A,0.3904761904761905,12.33744,0.951613,6.49038,5.84706,unique,False
100014015|F|0-51:C>G-51:C>G,0.419047619047619,41.02077,1.0,21.77358,19.24719,unique,False
100016158|F|0-51:C>A-51:C>A,0.0857142857142857,83.11304,1.0,54.57971,28.53333,unique,False
100016880|F|0-51:C>A-51:C>A,0.1142857142857142,53.19286,1.0,42.19286,11.0,unique,False
100017321|F|0-51:A>T-51:A>T,0.7523809523809524,30.79038,0.96875,18.3,12.49038,multi,True
100017631|F|0-51:G>A-51:G>A,0.2476190476190476,24.276290000000003,1.0,15.88235,8.39394,unique,False
100018713|F|0-51:T>A-51:T>A,0.580952380952381,30.70458,0.984375,21.7438,8.96078,unique,False
100018958|F|0-51:A>G-51:A>G,0.1142857142857142,26.64762,1.0,19.91429,6.73333,unique,False
100019329|F|0-51:C>A-51:C>A,0.4476190476190476,13.75489,0.96875,7.30894,6.44595,unique,False
100019734|F|0-51:G>T-51:G>T,0.0761904761904762,43.015209999999996,0.983871,28.59854,14.41667,unique,False
100020933|F|0-51:T>C-51:T>C,0.4952380952380952,18.917,0.9375,10.392,8.525,unique,False
100021392|F|0-51:G>A-51:G>A,0.4380952380952381,42.02374,0.984375,23.30579,18.71795,unique,False
100021866|F|0-51:G>C-51:G>C,0.3047619047619048,50.57131,0.96875,29.8871,20.68421,unique,False
100022008|F|0-51:G>C-51:G>C,0.3428571428571428,47.74991,1.0,26.79339,20.95652,unique,False
100022102|F|0-51:T>G-51:T>G,0.4666666666666667,30.64356,0.96875,16.29703,14.34653,unique,False
100030431|F|0-51:C>T-51:C>T,0.1619047619047619,25.389400000000002,0.984375,17.73723,7.65217,unique,False
100033363|F|0-51:C>T-51:C>T,0.1619047619047619,92.18798000000001,1.0,69.05755,23.13043,unique,False
100033716|F|0-51:T>C-51:T>C,0.1523809523809524,80.27259,0.96875,53.79259,26.48,unique,False
100033812|F|0-51:C>A-51:C>A,0.0952380952380952,55.8854,0.984375,38.95683,16.92857,unique,False
100034528|F|0-51:A>G-51:A>G,0.1714285714285714,81.0903,1.0,56.78261,24.30769,unique,False
100035964|F|0-51:G>A-51:G>A,0.3047619047619048,37.16319,0.953125,24.00763,13.15556,unique,False
100040910|F|0-51:A>G-51:A>G,0.1359223300970873,63.91319,0.964286,42.728,21.18519,unique,False
100044377|F|0-51:A>T-51:A>T,0.1904761904761904,49.84419,0.984375,33.05109,16.7931,unique,False
100056908|F|0-51:C>T-51:C>T,0.4571428571428571,86.25751,0.984375,47.59459,38.66292,unique,False
100013199|F|0-52:T>C-52:T>C,0.1619047619047619,24.7416,0.96875,17.31852,7.42308,unique,False
100015028|F|0-52:A>T-52:A>T,0.2095238095238095,23.46429,0.984375,17.0,6.46429,unique,False
100015139|F|0-52:T>C-52:T>C,0.1333333333333333,46.992760000000004,1.0,33.32609,13.66667,unique,False
100015622|F|0-52:A>G-52:A>G,0.4571428571428571,66.76823,1.0,39.10156,27.66667,unique,False
100016783|F|0-52:G>T-52:G>T,0.029126213592233,8.38889,1.0,5.16667,3.22222,unique,False
100017630|F|0-52:A>T-52:A>T,0.1619047619047619,10.60952,0.935484,6.47619,4.13333,unique,False
100017910|F|0-52:G>A-52:G>A,0.3619047619047619,46.54836,0.984375,29.09524,17.45312,unique,False
100019282|F|0-52:T>A-52:T>A,0.4761904761904761,50.816509999999994,0.96875,27.93651,22.88,unique,False
100033391|F|0-52:T>C-52:T>C,0.4,58.825900000000004,0.984375,30.47706,28.34884,unique,False
100033932|F|0-52:T>C-52:T>C,0.1904761904761904,91.96601,1.0,60.34532,31.62069,unique,False
100034443|F|0-52:T>G-52:T>G,0.419047619047619,42.40865,0.984375,21.67033,20.73832,unique,False
100034447|F|0-52:A>T-52:A>T,0.1619047619047619,71.16265999999999,1.0,48.55396,22.6087,unique,False
100035464|F|0-52:G>A-52:G>A,0.0857142857142857,62.27386,1.0,42.00719,20.26667,unique,False
100041229|F|0-52:A>T-52:A>T,0.4857142857142857,31.00366,0.96875,15.83019,15.17347,unique,False
100049954|F|0-52:G>A-52:G>A,0.1442307692307692,37.66666,1.0,22.97101,14.69565,multi,True
100056408|F|0-52:A>T-52:A>T,0.4571428571428571,16.37447,0.9375,10.76577,5.6087,unique,False
100013943|F|0-53:A>T-53:A>T,0.0761904761904762,11.799019999999999,0.984375,7.63235,4.16667,unique,False
100014028|F|0-53:G>A-53:G>A,0.2285714285714285,18.39242,0.983871,10.99242,7.4,unique,False
100014242|F|0-53:A>G-53:A>G,0.5047619047619047,20.290219999999998,0.951613,10.48214,9.80808,unique,False
100016593|F|0-53:A>T-53:A>T,0.4476190476190476,28.00214,0.96875,15.75214,12.25,unique,False
100017140|F|0-53:T>C-53:T>C,0.1809523809523809,11.73066,1.0,7.43066,4.3,unique,False
100018174|F|0-53:C>T-53:C>T,0.3523809523809524,16.49936,0.951613,9.79167,6.70769,unique,False
100018381|F|0-53:C>A-53:C>A,0.2095238095238095,15.66833,0.984375,9.7381,5.93023,unique,False
100018408|F|0-53:G>A-53:G>A,0.3619047619047619,55.26562,1.0,33.125,22.14062,unique,False
100018823|F|0-53:T>C-53:T>C,0.029126213592233,7.9534899999999995,1.0,4.28682,3.66667,unique,False
100018973|F|0-53:T>G-53:T>G,0.238095238095238,64.57491999999999,1.0,44.48921,20.08571,unique,False
100019308|F|0-53:A>G-53:A>G,0.2115384615384615,55.32564000000001,1.0,35.50746,19.81818,unique,False
100019334|F|0-53:T>C-53:T>C,0.1809523809523809,20.50862,0.967742,14.37226,6.13636,unique,False
100019558|F|0-53:C>T-53:C>T,0.1904761904761904,8.784320000000001,0.983871,5.61765,3.16667,unique,False
100020809|F|0-53:C>G-53:C>G,0.1619047619047619,37.68424,1.0,24.31387,13.37037,unique,False
100021295|F|0-53:G>T-53:G>T,0.3142857142857143,62.49301,0.984375,39.95455,22.53846,unique,False
100021507|F|0-53:A>C-53:A>C,0.1714285714285714,18.34812,0.96875,12.9635,5.38462,unique,False
100021961|F|0-53:A>T-53:A>T,0.3428571428571428,69.98721,0.984375,43.07812,26.90909,unique,False
100034117|F|0-53:T>C-53:T>C,0.0947368421052631,34.208,1.0,24.208,10.0,unique,False
100034157|F|0-53:C>A-53:C>A,0.2761904761904762,85.32933,0.983871,52.15625,33.17308,unique,False
100034572|F|0-53:G>A-53:G>A,0.2857142857142857,46.51596,0.984375,29.75,16.76596,unique,False
100034716|F|0-53:A>G-53:A>G,0.4571428571428571,63.50086,1.0,35.792,27.70886,unique,False
100034813|F|0-53:C>A-53:C>A,0.058252427184466,8.72937,1.0,4.63846,4.09091,unique,False
100040928|F|0-53:C>A-53:C>A,0.4857142857142857,45.30842,1.0,25.39831,19.91011,unplaced,False
100041943|F|0-53:G>T-53:G>T,0.1333333333333333,44.52518,0.984375,31.52518,13.0,unique,False
100044804|F|0-53:G>C-53:G>C,0.3092783505154639,43.343469999999996,0.965517,25.43119,17.91228,multi,True
100049137|F|0-53:C>A-53:C>A,0.0857142857142857,76.54069,1.0,50.46377,26.07692,unique,False
100058582|F|0-53:G>A-53:G>A,0.3047619047619048,38.32013,0.984375,22.61864,15.70149,unique,False
100013444|F|0-54:G>C-54:G>C,0.2666666666666666,102.86928,1.0,66.28788,36.5814,unique,False
100014614|F|0-54:G>A-54:G>A,0.2666666666666666,18.77053,1.0,12.82609,5.94444,unique,False
100015285|F|0-54:T>C-54:T>C,0.2476190476190476,15.23198,0.967742,9.58333,5.64865,unique,False
100015288|F|0-54:A>G-54:A>G,0.3619047619047619,91.56101,1.0,54.3871,37.17391,unique,False
100015904|F|0-54:T>C-54:T>C,0.1904761904761904,26.78034,0.967742,19.91367,6.86667,unique,False
100015923|F|0-54:G>A-54:G>A,0.0952380952380952,55.2835,1.0,36.72794,18.55556,unique,False
100016417|F|0-54:G>T-54:G>T,0.419047619047619,16.24598,0.967742,9.79528,6.4507,unique,False
100019246|F|0-54:A>C-54:A>C,0.4857142857142857,17.59223,1.0,8.90291,8.68932,unique,False
100019344|F|0-54:A>C-54:A>C,0.1714285714285714,20.31453,0.984375,14.83453,5.48,unplaced,False
100021101|F|0-54:C>A-54:C>A,0.0594059405940594,35.13254,1.0,22.49618,12.63636,unique,False
100021415|F|0-54:A>G-54:A>G,0.3619047619047619,50.50883,0.984375,29.97037,20.53846,unique,False
100021973|F|0-54:T>C-54:T>C,0.2761904761904762,17.12244,0.96875,10.94853,6.17391,unique,False
100022075|F|0-54:C>G-54:C>G,0.3619047619047619,45.263909999999996,0.953125,29.56391,15.7,unique,False
100022134|F|0-54:T>C-54:T>C,0.25,7.12193,0.931034,3.56637,3.55556,unique,False
100028772|F|0-54:C>T-54:C>T,0.3428571428571428,56.68221,1.0,29.60156,27.08065,unique,False
100033513|F|0-54:T>C-54:T>C,0.1428571428571428,46.79227,0.953125,37.51449,9.27778,unique,False
100034929|F|0-54:T>A-54:T>A,0.4285714285714285,40.09128,1.0,24.04065,16.05063,unique,False
100035013|F|0-54:A>T-54:A>T,0.08,29.295949999999998,0.984375,16.9916,12.30435,unique,False
100035576|F|0-54:C>T-54:C>T,0.1428571428571428,14.032060000000001,0.965517,8.83206,5.2,unique,False
100041955|F|0-54:C>T-54:C>T,0.3809523809523809,38.782219999999995,0.984375,23.2381,15.54412,unique,False
100047320|F|0-54:C>T-54:C>T,0.1923076923076923,17.59463,0.953125,11.42222,6.17241,unique,False
100047334|F|0-54:C>T-54:C>T,0.1904761904761904,74.41719,1.0,54.2029,20.21429,unique,False
100058965|F|0-54:C>G-54:C>G,0.580952380952381,50.29196,0.983871,25.63158,24.66038,unique,False
100013876|F|0-55:T>G-55:T>G,0.3619047619047619,29.50701,1.0,20.08065,9.42636,unique,False
100014250|F|0-55:T>C-55:T>C,0.4952380952380952,35.64814,1.0,18.18349,17.46465,unique,False
100015011|F|0-55:G>C-55:G>C,0.3809523809523809,50.37299,0.984375,29.45299,20.92,unique,False
100015889|F|0-55:C>G-55:C>G,0.4571428571428571,19.806849999999997,0.935484,10.14706,9.65979,unique,False
100016303|F|0-55:T>G-55:T>G,0.3714285714285714,10.83704,0.967742,5.55856,5.27848,unique,False
100017161|F|0-55:C>T-55:C>T,0.0666666666666666,10.25304,0.967742,6.91971,3.33333,unique,False
100017444|F|0-55:C>A-55:C>A,0.3428571428571428,19.5913,0.967742,12.05426,7.53704,unique,False
100018350|F|0-55:C>G-55:C>G,0.2666666666666666,34.01138,1.0,18.88372,15.12766,unique,False
100018369|F|0-55:T>C-55:T>C,0.4,36.02669,0.967742,21.92063,14.10606,unique,False
100019086|F|0-55:A>G-55:A>G,0.3238095238095238,70.23023,1.0,42.15447,28.07576,unique,False
100019409|F|0-55:T>C-55:T>C,0.3428571428571428,47.10926,1.0,31.85926,15.25,unique,False
100019858|F|0-55:G>C-55:G>C,0.0857142857142857,33.32091,1.0,21.46377,11.85714,unique,False
100021017|F|0-55:C>T-55:C>T,0.4095238095238095,24.52359,0.984375,13.425,11.09859,unique,False
100021056|F|0-55:T>C-55:T>C,0.2857142857142857,39.202290000000005,0.983871,24.70229,14.5,unique,False
100021211|F|0-55:G>A-55:G>A,0.0952380952380952,9.26991,0.953125,6.20741,3.0625,unique,False
100021344|F|0-55:A>T-55:A>T,0.2761904761904762,46.97219,1.0,31.18841,15.78378,unique,False
100021359|F|0-55:A>T-55:A>T,0.1714285714285714,9.33194,1.0,6.36765,2.96429,unique,False
100033004|F|0-55:C>G-55:C>G,0.0952380952380952,37.11703,1.0,25.05036,12.06667,unique,False
100034659|F|0-55:C>T-55:C>T,0.3203883495145631,26.617919999999998,0.933333,15.37302,11.2449,unique,False
100044894|F|0-55:A>G-55:A>G,0.2952380952380952,48.31904,1.0,34.80741,13.51163,multi,True
100013053|F|0-56:A>T-56:A>T,0.4952380952380952,47.00019,1.0,24.04819,22.952,unique,False
100013547|F|0-56:A>T-56:A>T,0.2666666666666666,18.05814,1.0,11.5,6.55814,unique,False
100015323|F|0-56:G>C-56:G>C,0.2571428571428571,13.52538,0.983871,8.15038,5.375,unique,False
100015393|F|0-56:G>A-56:G>A,0.1523809523809524,23.751170000000002,0.953125,15.28058,8.47059,unique,False
100015598|F|0-56:T>C-56:T>C,0.4380952380952381,61.51758,1.0,36.43307,25.08451,unique,False
100016117|F|0-56:G>A-56:G>A,0.4476190476190476,41.21259,0.984375,24.44248,16.77011,unique,False
100016306|F|0-56:A>G-56:A>G,0.3142857142857143,14.03069,0.983871,8.96947,5.06122,multi,True
100016864|F|0-56:A>G-56:A>G,0.1346153846153846,7.737979999999999,0.951613,4.93798,2.8,unique,False
100017610|F|0-56:C>T-56:C>T,0.0952380952380952,42.95,0.984375,33.66429,9.28571,unique,False
100018444|F|0-56:T>G-56:T>G,0.0476190476190476,51.695769999999996,1.0,29.57812,22.11765,unique,False
100019185|F|0-56:T>C-56:T>C,0.0952380952380952,10.88096,0.96875,7.96429,2.91667,unique,False
100019372|F|0-56:G>A-56:G>A,0.116504854368932,10.58794,1.0,6.50794,4.08,unique,False
100019390|F|0-56:C>T-56:C>T,0.3142857142857143,39.197829999999996,0.984375,23.08462,16.11321,unique,False
100020307|F|0-56:C>T-56:C>T,0.2095238095238095,13.116470000000001,0.967742,9.21324,3.90323,unique,False
100020360|F|0-56:A>G-56:A>G,0.2476190476190476,8.3009,0.90625,4.90435,3.39655,unique,False
100020957|F|0-56:G>A-56:G>A,0.1523809523809524,17.123939999999997,0.983871,11.80576,5.31818,unique,False
100032947|F|0-56:G>C-56:G>C,0.3495145631067961,50.31179,0.966667,30.18898,20.12281,unique,False
100033689|F|0-56:C>T-56:C>T,0.4285714285714285,48.334720000000004,0.984375,27.52459,20.81013,unique,False
100033833|F|0-56:G>C-56:G>C,0.0761904761904762,103.21377000000001,1.0,66.7971,36.41667,unique,False
100056084|F|0-56:G>T-56:G>T,0.238095238095238,26.73248,1.0,17.17692,9.55556,unique,False
100059231|F|0-56:A>G-56:A>G,0.4285714285714285,53.45485,0.96875,29.84615,23.6087,unique,False
100013175|F|0-57:A>T-57:A>T,0.4571428571428571,30.86086,0.984375,18.11667,12.74419,unique,False
100013521|F|0-57:C>G-57:C>G,0.1142857142857142,65.59559,1.0,45.59559,20.0,unique,False
100014483|F|0-57:T>A-57:T>A,0.2761904761904762,15.65643,0.96875,9.5748,6.08163,unique,False
100015510|F|0-57:A>C-57:A>C,0.419047619047619,51.88369,1.0,27.43925,24.44444,unique,False
100016053|F|0-57:T>C-57:T>C,0.2571428571428571,17.10961,0.916667,12.56863,4.54098,unique,False
100016636|F|0-57:G>T-57:G>T,0.1714285714285714,26.05814,1.0,16.92481,9.13333,unique,False
100016712|F|0-57:C>A-57:C>A,0.4666666666666667,32.648430000000005,0.951613,20.51685,12.13158,multi,True
100017012|F|0-57:A>G-57:A>G,0.5428571428571428,51.3558,0.953125,26.46364,24.89216,unique,False
100017582|F|0-57:G>A-57:G>A,0.0970873786407767,5.959020000000001,0.925926,3.45902,2.5,multi,True
100017923|F|0-57:A>G-57:A>G,0.5428571428571428,12.21363,0.96875,6.64583,5.5678,unique,False
100018462|F|0-57:G>T-57:G>T,0.1523809523809524,46.85888,1.0,29.52555,17.33333,unique,False
100018867|F|0-57:G>A-57:G>A,0.3904761904761905,53.40816,1.0,39.6963,13.71186,unique,False
100021389|F|0-57:T>C-57:T>C,0.3428571428571428,15.44249,0.96875,9.50806,5.93443,unique,False
100021743|F|0-57:T>C-57:T>C,0.0952380952380952,11.410979999999999,0.984375,6.76812,4.64286,unique,False
100021838|F|0-57:A>G-57:A>G,0.3333333333333333,30.52049,0.984375,17.27049,13.25,unique,False
100022248|F|0-57:T>A-57:T>A,0.4,62.177099999999996,0.984375,34.27966,27.89744,unique,False
100033659|F|0-57:T>C-57:T>C,0.4903846153846153,58.651180000000004,0.984375,33.80172,24.84946,unique,False
100034394|F|0-57:A>G-57:A>G,0.1632653061224489,27.73415,1.0,17.35484,10.37931,unique,False
100035956|F|0-57:T>G-57:T>G,0.4,16.44741,0.9375,10.83871,5.6087,unique,False
100040378|F|0-57:G>A-57:G>A,0.4666666666666667,69.30614,0.983871,40.60484,28.7013,unique,False
100047252|F|0-57:G>A-57:G>A,0.5288461538461539,28.3282,0.933333,17.82171,10.50649,multi,True
100057957|F|0-57:C>A-57:C>A,0.7238095238095238,15.67964,0.9375,8.03,7.64964,unique,False
100013048|F|0-58:C>T-58:C>T,0.0952380952380952,37.208330000000004,1.0,25.375,11.83333,unique,False
100013138|F|0-58:G>A-58:G>A,0.4423076923076923,8.82207,0.9375,5.07207,3.75,unique,False
100013604|F|0-58:C>T-58:C>T,0.1809523809523809,18.679190000000002,0.983871,12.56154,6.11765,unique,False
100014294|F|0-58:C>T-58:C>T,0.0952380952380952,18.2521,0.984375,13.17518,5.07692,unique,False
100014566|F|0-58:T>A-58:T>A,0.1428571428571428,28.47806,0.96875,18.92806,9.55,unique,False
100014759|F|0-58:C>A-58:C>A,0.3225806451612903,27.674500000000002,0.982143,15.60177,12.07273,unique,False
100015576|F|0-58:G>T-58:G>T,0.2,17.84413,0.984375,11.10219,6.74194,unique,False
100016024|F|0-58:G>A-58:G>A,0.3809523809523809,66.50182,0.967742,41.32,25.18182,unique,False
100016293|F|0-58:A>G-58:A>G,0.4476190476190476,47.40584,1.0,26.52212,20.88372,unique,False
100016817|F|0-58:C>T-58:C>T,0.3523809523809524,12.26198,0.96875,6.31633,5.94565,unique,False
100017951|F|0-58:G>A-58:G>A,0.3428571428571428,18.46172,0.96875,10.40909,8.05263,unique,False
100019025|F|0-58:C>A-58:C>A,0.1714285714285714,30.89416,1.0,19.39416,11.5,unique,False
100019075|F|0-58:G>A-58:G>A,0.2095238095238095,18.53356,1.0,11.81481,6.71875,unique,False
100020025|F|0-58:A>C-58:A>C,0.4476190476190476,11.728269999999998,0.9375,6.71545,5.01282,unique,False
100020292|F|0-58:T>C-58:T>C,0.4,55.169560000000004,1.0,32.89683,22.27273,unique,False
100020488|F|0-58:T>G-58:T>G,0.3238095238095238,24.08397,0.984375,14.13953,9.94444,unique,False
100021572|F|0-58:T>G-58:T>G,0.3619047619047619,43.09437,0.96875,26.75591,16.33846,unique,False
100021644|F|0-58:T>G-58:T>G,0.1089108910891089,6.039680000000001,0.964286,3.53968,2.5,unique,False
100035121|F|0-58:G>A-58:G>A,0.0824742268041237,14.123809999999999,1.0,8.52381,5.6,unique,False
100052903|F|0-58:C>A-58:C>A,0.1714285714285714,117.43,1.0,93.15,24.28,unique,False
100013003|F|0-59:A>G-59:A>G,0.1047619047619047,66.92854,1.0,45.66187,21.26667,unique,False
100014470|F|0-59:T>C-59:T>C,0.1904761904761904,23.28819,0.96875,15.54745,7.74074,unique,False
100014666|F|0-59:T>C-59:T>C,0.3809523809523809,103.38071,0.984375,60.0315,43.34921,unique,False
100016054|F|0-59:T>A-59:T>A,0.2952380952380952,17.63703,0.96875,11.59259,6.04444,unique,False
100016869|F|0-59:G>C-59:G>C,0.2095238095238095,56.9188,1.0,35.5188,21.4,unique,False
100017511|F|0-59:G>C-59:G>C,0.2857142857142857,14.07433,0.983871,8.68217,5.39216,unique,False
100017697|F|0-59:C>T-59:C>T,0.1333333333333333,41.16084,1.0,28.3037,12.85714,unique,False
100019370|F|0-59:C>T-59:C>T,0.4857142857142857,50.4239,0.953125,27.912,22.5119,unique,False
100021903|F|0-59:G>A-59:G>A,0.1142857142857142,8.85606,0.984375,5.35606,3.5,unique,False
100021941|F|0-59:G>A-59:G>A,0.2761904761904762,49.80231,1.0,29.32773,20.47458,unique,False
100033255|F|0-59:G>A-59:G>A,0.2745098039215686,22.66667,1.0,14.64341,8.02326,unique,False
100034740|F|0-59:T>C-59:T>C,0.3846153846153846,18.24602,0.951613,10.68462,7.5614,unplaced,False
100034899|F|0-59:G>C-59:G>C,0.4952380952380952,52.0896,1.0,27.36134,24.72826,unique,False
100041739|F|0-59:G>T-59:G>T,0.1047619047619047,85.97485,1.0,57.21014,28.76471,unique,False
100047143|F|0-59:C>T-59:C>T,0.4952380952380952,33.51923,0.967742,23.712,9.80723,unique,False
100013207|F|0-60:C>G-60:C>G,0.4857142857142857,40.15531,0.96875,20.86364,19.29167,unique,False
100013678|F|0-60:A>T-60:A>T,0.5428571428571428,75.62938,1.0,41.84677,33.78261,unique,False
100013794|F|0-60:G>A-60:G>A,0.4952380952380952,34.54737,0.984375,22.0,12.54737,unique,False
100014531|F|0-60:G>C-60:G>C,0.2980769230769231,7.75155,0.933333,4.16,3.59155,unique,False
100014835|F|0-60:A>G-60:A>G,0.3333333333333333,29.25331,1.0,16.98347,12.26984,unique,False
100015168|F|0-60:G>C-60:G>C,0.0952380952380952,52.395450000000004,1.0,38.85,13.54545,unique,False
100016319|F|0-60:C>A-60:C>A,0.1619047619047619,44.195139999999995,1.0,28.82014,15.375,unique,False
100016325|F|0-60:C>T-60:C>T,0.3904761904761905,68.06666,1.0,41.62222,26.44444,unique,False
100016887|F|0-60:G>T-60:G>T,0.0666666666666666,14.65873,1.0,9.44444,5.21429,unique,False
100017267|F|0-60:T>C-60:T>C,0.4285714285714285,33.26014,0.984375,17.93103,15.32911,unique,False
100017587|F|0-60:T>A-60:T>A,0.1904761904761904,47.07867,1.0,30.18978,16.88889,unique,False
100018597|F|0-60:C>T-60:C>T,0.3809523809523809,14.53219,0.953125,8.60163,5.93056,unique,False
100019200|F|0-60:C>T-60:C>T,0.4952380952380952,31.68737,1.0,16.93443,14.75294,unique,False
100020682|F|0-60:A>G-60:A>G,0.5333333333333333,46.608999999999995,0.984375,24.21296,22.39604,unique,False
100021071|F|0-60:A>G-60:A>G,0.4571428571428571,30.84388,0.96875,19.39516,11.44872,unique,False
100021959|F|0-60:G>A-60:G>A,0.419047619047619,38.2543,1.0,23.48507,14.76923,unique,False
100022323|F|0-60:G>C-60:G>C,0.4095238095238095,24.92772,0.96875,14.96522,9.9625,unique,False
100033420|F|0-60:C>A-60:C>A,0.4857142857142857,21.59791,1.0,12.29921,9.2987,unique,False
100035739|F|0-60:C>T-60:C>T,0.3904761904761905,78.13519,1.0,45.512,32.62319,unique,False
100040003|F|0-60:C>T-60:C>T,0.4,33.19842,1.0,20.128,13.07042,multi,True
100048583|F|0-60:A>G-60:A>G,0.3398058252427184,11.45993,0.946429,6.66176,4.79817,unplaced,False
100051794|F|0-60:T>C-60:T>C,0.4380952380952381,59.77989,1.0,40.96739,18.8125,unique,False
100058484|F|0-60:G>A-60:G>A,0.2761904761904762,48.11574,1.0,24.41304,23.7027,unique,False
100013918|F|0-61:T>G-61:T>G,0.3619047619047619,9.96464,0.96875,5.73387,4.23077,unique,False
100014043|F|0-61:T>G-61:T>G,0.3047619047619048,41.10145,1.0,26.42754,14.67391,unique,False
100014086|F|0-61:C>T-61:C>T,0.1142857142857142,12.86764,0.983871,8.93431,3.93333,unique,False
100014980|F|0-61:T>A-61:T>A,0.238095238095238,33.30879,0.984375,20.02308,13.28571,unique,False
100015006|F|0-61:G>T-61:G>T,0.3428571428571428,31.219900000000003,0.967742,17.65323,13.56667,unique,False
100015098|F|0-61:T>G-61:T>G,0.0686274509803921,7.05366,0.966667,3.97674,3.07692,unique,False
100015112|F|0-61:C>T-61:C>T,0.3904761904761905,13.90342,0.96875,7.21111,6.69231,unique,False
100016486|F|0-61:G>C-61:G>C,0.1904761904761904,19.87842,0.96875,13.80435,6.07407,unique,False
100017220|F|0-61:C>T-61:C>T,0.4952380952380952,59.48491,0.96875,35.33884,24.14607,unique,False
100018124|F|0-61:T>A-61:T>A,0.5142857142857142,51.003,1.0,35.33945,15.66355,unique,False
100019105|F|0-61:T>C-61:T>C,0.219047619047619,17.58777,0.96875,12.28777,5.3,unique,False
100019590|F|0-61:C>T-61:C>T,0.419047619047619,39.48712,0.983871,22.72,16.76712,unique,False
100019601|F|0-61:A>G-61:A>G,0.4095238095238095,44.74067,0.984375,25.28829,19.45238,unique,False
100019656|F|0-61:T>G-61:T>G,0.4476190476190476,55.54687,1.0,29.30328,26.24359,unique,False
100019664|F|0-61:T>C-61:T>C,0.5047619047619047,25.84821,0.984375,13.84821,12.0,unique,False
100021291|F|0-61:A>G-61:A>G,0.2476190476190476,9.91479,0.951613,5.93701,3.97778,unique,False
100022089|F|0-61:C>T-61:C>T,0.0625,6.45526,0.972222,3.56637,2.88889,unique,False
100032755|F|0-61:C>T-61:C>T,0.1714285714285714,21.85173,0.983871,14.15942,7.69231,unique,False
100033264|F|0-61:C>T-61:C>T,0.1047619047619047,48.380219999999994,1.0,29.14493,19.23529,unique,False
100034199|F|0-61:A>C-61:A>C,0.1619047619047619,38.800650000000005,1.0,23.91176,14.88889,unique,False
100034945|F|0-61:G>A-61:G>A,0.4857142857142857,68.34951000000001,0.984375,36.0,32.34951,unique,False
100035689|F|0-61:C>T-61:C>T,0.3238095238095238,62.728899999999996,0.96875,40.68345,22.04545,unique,False
100035744|F|0-61:C>T-61:C>T,0.2666666666666666,21.38022,0.96875,13.45522,7.925,unique,False
100041804|F|0-61:A>T-61:A>T,0.3195876288659793,56.35662,0.982759,31.16364,25.19298,unique,False
100054129|F|0-61:T>A-61:T>A,0.1333333333333333,39.95499,0.953125,31.7971,8.15789,unique,False
100013419|F|0-62:G>T-62:G>T,0.3047619047619048,40.87326,1.0,26.52632,14.34694,unique,False
100013911|F|0-62:A>G-62:A>G,0.4857142857142857,50.10161,0.984375,25.3271,24.77451,unique,False
100014062|F|0-62:G>A-62:G>A,0.238095238095238,32.107910000000004,0.984375,22.10791,10.0,unique,False
100014402|F|0-62:C>T-62:C>T,0.4134615384615384,10.08632,0.96875,5.26214,4.82418,unique,False
100015162|F|0-62:C>T-62:C>T,0.1809523809523809,43.38655,1.0,28.52941,14.85714,unique,False
100015577|F|0-62:A>G-62:A>G,0.2,15.24927,0.983871,10.11594,5.13333,unique,False
100016185|F|0-62:C>T-62:C>T,0.5142857142857142,29.50833,0.96875,17.00833,12.5,unique,False
100017989|F|0-62:A>T-62:A>T,0.1047619047619047,61.11428,1.0,42.68571,18.42857,unique,False
100018152|F|0-62:T>C-62:T>C,0.3333333333333333,23.36505,0.967742,15.15672,8.20833,multi,True
100019357|F|0-62:A>C-62:A>C,0.4571428571428571,38.18543,1.0,21.05556,17.12987,unique,False
100020992|F|0-62:A>G-62:A>G,0.4380952380952381,21.02953,1.0,11.91964,9.10989,unique,False
100021370|F|0-62:A>T-62:A>T,0.4666666666666667,87.554,1.0,52.28571,35.26829,unique,False
100039949|F|0-62:A>T-62:A>T,0.5142857142857142,82.80189,0.984375,42.80189,40.0,multi,True
100044397|F|0-62:C>G-62:C>G,0.3714285714285714,84.45691,1.0,52.44262,32.01429,unique,False
100058699|F|0-62:C>A-62:C>A,0.1142857142857142,102.65158,0.984375,74.70714,27.94444,multi,True
100012959|F|0-63:T>C-63:T>C,0.0761904761904762,22.33153,1.0,14.7482,7.58333,unique,False
100013019|F|0-63:A>T-63:A>T,0.1047619047619047,45.16618,1.0,28.56618,16.6,unique,False
100013153|F|0-63:C>A-63:C>A,0.219047619047619,12.959959999999999,1.0,6.65693,6.30303,unique,False
100013673|F|0-63:C>A-63:C>A,0.4476190476190476,123.68815000000001,1.0,76.96212,46.72603,unique,False
100013879|F|0-63:G>A-63:G>A,0.3714285714285714,32.59229,0.96875,18.82443,13.76786,unique,False
100014058|F|0-63:C>T-63:C>T,0.1904761904761904,28.72339,1.0,19.48201,9.24138,unique,False
100015224|F|0-63:G>C-63:G>C,0.3523809523809524,16.02688,0.983871,9.33333,6.69355,unique,False
100015287|F|0-63:T>C-63:T>C,0.4476190476190476,50.07209,0.984375,26.27434,23.79775,unique,False
100015308|F|0-63:C>T-63:C>T,0.4476190476190476,36.320409999999995,0.984375,19.38938,16.93103,unique,False
100015590|F|0-63:C>G-63:C>G,0.2857142857142857,33.14082,1.0,20.8855,12.25532,unique,False
100015853|F|0-63:C>G-63:C>G,0.1238095238095238,44.29076,1.0,29.12409,15.16667,unique,False
100016790|F|0-63:A>T-63:A>T,0.3238095238095238,13.41947,0.983871,7.87402,5.54545,unique,False
100017442|F|0-63:C>T-63:C>T,0.0761904761904762,17.14257,1.0,12.59712,4.54545,unique,False
100018629|F|0-63:G>A-63:G>A,0.5047619047619047,13.47701,0.984375,7.1913,6.28571,unique,False
100018782|F|0-63:C>T-63:C>T,0.2,20.27592,0.983871,13.8913,6.38462,unique,False
100018804|F|0-63:G>A-63:G>A,0.1428571428571428,50.22153,1.0,33.84058,16.38095,unique,False
100018930|F|0-63:C>G-63:C>G,0.1714285714285714,16.87676,0.984375,13.00719,3.86957,unique,False
100019659|F|0-63:G>T-63:G>T,0.2,40.56428,1.0,29.14493,11.41935,unique,False
100020774|F|0-63:A>G-63:A>G,0.2857142857142857,50.989990000000006,0.96875,35.41221,15.57778,unique,False
100020912|F|0-63:C>T-63:C>T,0.4761904761904761,39.32267,0.984375,24.625,14.69767,unique,False
100021316|F|0-63:C>A-63:C>A,0.2857142857142857,30.70505,0.984375,19.06061,11.64444,unique,False
100021541|F|0-63:C>G-63:C>G,0.2,14.49223,1.0,9.95652,4.53571,unique,False
100021950|F|0-63:C>T-63:C>T,0.1333333333333333,12.42718,0.984375,8.37956,4.04762,unique,False
100022149|F|0-63:C>T-63:C>T,0.1047619047619047,44.45301,1.0,28.20301,16.25,unique,False
100033338|F|0-63:T>A-63:T>A,0.5047619047619047,69.49261,0.984375,38.61905,30.87356,unique,False
100034022|F|0-63:A>C-63:A>C,0.25,26.775,1.0,16.44167,10.33333,unique,False
100034297|F|0-63:T>C-63:T>C,0.1047619047619047,58.99617,1.0,41.1295,17.86667,unique,False
100036044|F|0-63:T>G-63:T>G,0.1619047619047619,37.50931,1.0,27.85714,9.65217,unique,False
100040596|F|0-63:G>T-63:G>T,0.5238095238095238,61.37571,0.984375,39.95349,21.42222,unique,False
100045098|F|0-63:G>T-63:G>T,0.1047619047619047,127.02415,0.984375,93.38129,33.64286,unique,False
100045520|F|0-63:C>T-63:C>T,0.4857142857142857,19.095200000000002,0.984375,13.70714,5.38806,multi,True
100049328|F|0-63:A>C-63:A>C,0.419047619047619,32.782520000000005,0.96875,20.84746,11.93506,unique,False
100050471|F|0-63:C>G-63:C>G,0.1047619047619047,49.99552,1.0,26.89552,23.1,unique,False
100050516|F|0-63:C>G-63:C>G,0.4423076923076923,36.53148,0.96875,21.9633,14.56818,unique,False
100013726|F|0-64:C>G-64:C>G,0.4952380952380952,25.196080000000002,0.984375,13.0,12.19608,unique,False
100013978|F|0-64:G>A-64:G>A,0.238095238095238,11.161,0.951613,6.93023,4.23077,unique,False
100015143|F|0-64:A>T-64:A>T,0.2476190476190476,61.67669,0.96875,39.41353,22.26316,unique,False
100015474|F|0-64:A>G-64:A>G,0.1904761904761904,29.902480000000004,0.967742,21.18248,8.72,unique,False
100015669|F|0-64:A>C-64:A>C,0.0857142857142857,69.67255,1.0,50.20588,19.46667,unique,False
100016503|F|0-64:G>C-64:G>C,0.1619047619047619,11.287279999999999,0.96875,5.73913,5.54815,unique,False
100018351|F|0-64:C>T-64:C>T,0.4476190476190476,13.333469999999998,1.0,8.57031,4.76316,unique,False
100021995|F|0-64:T>A-64:T>A,0.2952380952380952,45.46804,1.0,26.83471,18.63333,unique,False
100033913|F|0-64:C>T-64:C>T,0.1428571428571428,15.72329,1.0,11.90511,3.81818,unique,False
100034038|F|0-64:A>C-64:A>C,0.4761904761904761,62.66486999999999,1.0,36.48305,26.18182,unique,False
100034130|F|0-64:A>T-64:A>T,0.3619047619047619,18.29148,0.967742,11.51562,6.77586,unique,False
100034532|F|0-64:T>C-64:T>C,0.1047619047619047,13.016670000000001,1.0,8.15,4.86667,unique,False
100034541|F|0-64:G>T-64:G>T,0.0761904761904762,11.816230000000001,1.0,7.75373,4.0625,unique,False
100035750|F|0-64:T>C-64:T>C,0.5238095238095238,98.06788,0.984375,53.10317,44.96471,unique,False
100035865|F|0-64:G>A-64:G>A,0.3020833333333333,22.93031,0.982143,11.69118,11.23913,unique,False
100040575|F|0-64:T>C-64:T>C,0.4476190476190476,48.84101,1.0,28.08197,20.75904,unique,False
100040940|F|0-64:T>A-64:T>A,0.4952380952380952,38.8645,0.96875,26.2967,12.5678,unique,False
100041823|F|0-64:C>T-64:C>T,0.4761904761904761,39.785,1.0,20.04587,19.73913,unique,False
100044234|F|0-64:G>T-64:G>T,0.1935483870967742,9.777090000000001,0.980769,5.20952,4.56757,unique,False
100048883|F|0-64:T>A-64:T>A,0.2761904761904762,39.50613,0.984375,23.94203,15.5641,unique,False
100014119|F|0-65:C>G-65:C>G,0.1333333333333333,60.903369999999995,1.0,40.37956,20.52381,unique,False
100014778|F|0-65:A>G-65:A>G,0.4476190476190476,43.565920000000006,0.96875,23.04464,20.52128,unique,False
100014938|F|0-65:C>T-65:C>T,0.5631067961165048,11.17482,0.96875,6.93431,4.24051,unique,False
100015193|F|0-65:C>A-65:C>A,0.1238095238095238,43.61271,1.0,29.44604,14.16667,unique,False
100015314|F|0-65:G>A-65:G>A,0.3238095238095238,21.79636,0.983871,14.13636,7.66,unique,False
100016014|F|0-65:T>C-65:T>C,0.1428571428571428,71.70238,1.0,46.59712,25.10526,unique,False
100016551|F|0-65:A>C-65:A>C,0.0476190476190476,69.44444,1.0,50.0,19.44444,unique,False
100016572|F|0-65:A>T-65:A>T,0.3047619047619048,47.48137,1.0,29.22137,18.26,unique,False
100016832|F|0-65:T>A-65:T>A,0.1333333333333333,66.79891,0.984375,48.17986,18.61905,unique,False
100018345|F|0-65:A>C-65:A>C,0.0571428571428571,28.96353,1.0,17.34815,11.61538,unique,False
100018760|F|0-65:A>G-65:A>G,0.5428571428571428,33.42308,0.9375,17.5,15.92308,unique,False
100019628|F|0-65:T>G-65:T>G,0.4666666666666667,15.0892,0.953125,8.89167,6.19753,unique,False
100020334|F|0-65:G>A-65:G>A,0.419047619047619,17.21593,0.953125,9.37755,7.83838,unique,False
100022139|F|0-65:T>C-65:T>C,0.5047619047619047,91.35941,0.984375,47.7963,43.56311,unique,False
100033052|F|0-65:A>G-65:A>G,0.4285714285714285,56.032129999999995,0.984375,30.33333,25.6988,unique,False
100033734|F|0-65:A>G-65:A>G,0.1809523809523809,15.170369999999998,1.0,10.42963,4.74074,unique,False
100034045|F|0-65:A>T-65:A>T,0.4807692307692308,57.60686,1.0,33.82308,23.78378,unique,False
100034350|F|0-65:C>A-65:C>A,0.3714285714285714,82.92704,0.984375,53.75781,29.16923,unique,False
100035332|F|0-65:G>A-65:G>A,0.4903846153846153,92.92219,1.0,49.53509,43.3871,unique,False
100035886|F|0-65:A>C-65:A>C,0.219047619047619,55.33977,0.984375,42.75912,12.58065,unique,False
100041313|F|0-65:C>T-65:C>T,0.2285714285714285,60.36449,1.0,38.50735,21.85714,unique,False
100044458|F|0-65:A>T-65:A>T,0.1142857142857142,71.19524,1.0,55.72857,15.46667,unique,False
100044964|F|0-65:T>A-65:T>A,0.2980769230769231,80.69194,0.984375,52.97101,27.72093,unique,False
100046856|F|0-65:C>A-65:C>A,0.1047619047619047,50.21159,1.0,29.81159,20.4,unique,False
100047453|F|0-65:G>T-65:G>T,0.3846153846153846,88.31192,1.0,56.61062,31.7013,unique,False
100049169|F|0-65:G>T-65:G>T,0.4952380952380952,70.91667000000001,0.953125,41.31667,29.6,unique,False
100014924|F|0-66:G>A-66:G>A,0.0952380952380952,54.29754,1.0,38.65468,15.64286,unique,False
100015099|F|0-66:G>T-66:G>T,0.3523809523809524,12.501740000000002,0.96875,7.12295,5.37879,unique,False
100015812|F|0-66:A>T-66:A>T,0.4857142857142857,38.05176,1.0,21.22523,16.82653,unique,False
100016630|F|0-66:A>T-66:A>T,0.2571428571428571,35.8959,0.984375,23.8209,12.075,unique,False
100016754|F|0-66:C>A-66:C>A,0.4476190476190476,13.546109999999999,0.967742,7.57944,5.96667,unique,False
100016920|F|0-66:T>A-66:T>A,0.2761904761904762,15.42615,0.96875,8.89167,6.53448,unique,False
100017244|F|0-66:T>A-66:T>A,0.2952380952380952,22.992539999999998,0.984375,13.99254,9.0,unique,False
100018919|F|0-66:C>A-66:C>A,0.0761904761904762,7.61446,0.96875,4.9781,2.63636,unique,False
100019762|F|0-66:A>G-66:A>G,0.4,21.1161,0.96875,14.35294,6.76316,unique,False
100020016|F|0-66:T>C-66:T>C,0.0865384615384615,10.389299999999999,0.984375,7.72263,2.66667,multi,True
100020602|F|0-66:T>C-66:T>C,0.0952380952380952,57.18519,1.0,46.0,11.18519,unique,False
100021048|F|0-66:C>T-66:C>T,0.4476190476190476,62.06087,1.0,32.04301,30.01786,unique,False
100021487|F|0-66:T>G-66:T>G,0.4857142857142857,50.06375,0.984375,27.76613,22.29762,unique,False
100033204|F|0-66:T>C-66:T>C,0.2571428571428571,47.49691,1.0,30.71642,16.78049,unique,False
100033749|F|0-66:A>C-66:A>C,0.3714285714285714,108.84101000000001,1.0,72.85714,35.98387,unique,False
100034369|F|0-66:G>A-66:G>A,0.3714285714285714,64.72674,1.0,40.93985,23.78689,unique,False
100040044|F|0-66:G>T-66:G>T,0.4857142857142857,109.0,0.984375,55.70192,53.29808,unplaced,False
100045123|F|0-66:C>G-66:C>G,0.125,34.88644,0.984375,24.05556,10.83088,unique,False
100013122|F|0-67:G>A-67:G>A,0.3142857142857143,15.9027,0.96875,10.18841,5.71429,unique,False
100013714|F|0-67:T>C-67:T>C,0.4952380952380952,70.01816,0.96875,36.74684,33.27132,unique,False
100013767|F|0-67:G>C-67:G>C,0.2,42.57499,0.983871,31.80576,10.76923,unique,False
100013842|F|0-67:A>G-67:A>G,0.1047619047619047,15.10606,1.0,9.77273,5.33333,unique,False
100013882|F|0-67:C>T-67:C>T,0.3142857142857143,29.544829999999997,0.984375,17.55932,11.98551,unique,False
100013883|F|0-67:A>T-67:A>T,0.1142857142857142,52.55926,0.983871,33.02985,19.52941,unique,False
100014177|F|0-67:T>A-67:T>A,0.0952380952380952,16.36193,0.984375,11.43885,4.92308,unique,False
100014648|F|0-67:T>C-67:T>C,0.0952380952380952,60.215939999999996,1.0,45.29286,14.92308,unique,False
100015398|F|0-67:C>T-67:C>T,0.1428571428571428,16.98343,1.0,12.17391,4.80952,unique,False
100016888|F|0-67:C>T-67:C>T,0.0961538461538461,7.003590000000001,0.948276,4.29771,2.70588,unique,False
100018159|F|0-67:G>A-67:G>A,0.1523809523809524,26.22567,0.96875,16.7971,9.42857,unique,False
100018446|F|0-67:T>A-67:T>A,0.1809523809523809,16.68588,0.983871,12.20588,4.48,unique,False
100019383|F|0-67:A>T-67:A>T,0.2761904761904762,69.37346,0.984375,38.13433,31.23913,unique,False
100019870|F|0-67:G>A-67:G>A,0.2666666666666666,40.61843,0.96875,24.83582,15.78261,unique,False
100020694|F|0-67:C>T-67:C>T,0.2571428571428571,35.08116,1.0,21.29545,13.78571,unique,False
100020853|F|0-67:A>G-67:A>G,0.1809523809523809,93.57919,1.0,62.11765,31.46154,unique,False
100021285|F|0-67:T>C-67:T>C,0.0761904761904762,55.61739,1.0,36.71739,18.9,unique,False
100021376|F|0-67:G>C-67:G>C,0.4095238095238095,26.79317,0.96875,15.28571,11.50746,unique,False
100021616|F|0-67:G>T-67:G>T,0.2571428571428571,17.92105,1.0,11.0,6.92105,unique,False
100022286|F|0-67:T>G-67:T>G,0.1714285714285714,35.28186,0.984375,22.94853,12.33333,unique,False
100032969|F|0-67:T>C-67:T>C,0.1333333333333333,30.72952,0.984375,19.0073,11.72222,multi,True
100033469|F|0-67:G>A-67:G>A,0.0952380952380952,28.939610000000002,0.984375,22.12143,6.81818,multi,True
100033819|F|0-67:C>G-67:C>G,0.4857142857142857,48.54076,0.984375,26.76154,21.77922,unique,False
100035377|F|0-67:C>G-67:C>G,0.3142857142857143,70.31662,0.984375,42.89844,27.41818,unique,False
100035529|F|0-67:G>T-67:G>T,0.3809523809523809,72.96981,0.984375,46.08271,26.8871,unique,False
100040615|F|0-67:A>T-67:A>T,0.4952380952380952,61.56815,0.96875,32.12371,29.44444,unique,False
100043978|F|0-67:T>A-67:T>A,0.5333333333333333,66.14869,0.96875,50.99206,15.15663,unique,False
100047217|F|0-67:G>A-67:G>A,0.1142857142857142,39.556380000000004,0.984375,19.88971,19.66667,multi,True
100013352|F|0-68:T>C-68:T>C,0.4952380952380952,14.23736,0.953125,7.70248,6.53488,unique,False
100013779|F|0-68:G>C-68:G>C,0.2952380952380952,14.63534,1.0,9.13534,5.5,unique,False
100014347|F|0-68:T>C-68:T>C,0.2,14.74313,0.953125,9.66906,5.07407,multi,True
100015005|F|0-68:T>A-68:T>A,0.4476190476190476,13.085989999999999,0.921875,7.27586,5.81013,unique,False
100015052|F|0-68:T>A-68:T>A,0.5523809523809524,66.64763,0.984375,34.67327,31.97436,unique,False
100015799|F|0-68:C>T-68:C>T,0.3428571428571428,18.8482,0.96875,11.22556,7.62264,unique,False
100017048|F|0-68:G>T-68:G>T,0.238095238095238,20.525760000000002,0.984375,12.57576,7.95,unique,False
100017248|F|0-68:G>T-68:G>T,0.1238095238095238,49.768119999999996,0.984375,37.10145,12.66667,unique,False
100017935|F|0-68:T>C-68:T>C,0.219047619047619,41.73093,1.0,26.51471,15.21622,unique,False
100018585|F|0-68:A>G-68:A>G,0.4,20.73931,0.9375,13.48507,7.25424,unique,False
100019028|F|0-68:T>A-68:T>A,0.0952380952380952,14.328429999999999,0.984375,9.66176,4.66667,unique,False
100019999|F|0-68:T>C-68:T>C,0.174757281553398,6.454000000000001,0.916667,3.94118,2.51282,unique,False
100020579|F|0-68:T>C-68:T>C,0.5238095238095238,20.77368,0.951613,11.63415,9.13953,multi,True
100020717|F|0-68:A>G-68:A>G,0.1619047619047619,20.61558,0.9375,13.94891,6.66667,unique,False
100021620|F|0-68:T>C-68:T>C,0.5619047619047619,37.585350000000005,0.984375,19.32673,18.25862,unique,False
100021651|F|0-68:A>T-68:A>T,0.3619047619047619,31.55068,0.953125,20.25758,11.2931,unique,False
100021963|F|0-68:T>G-68:T>G,0.4952380952380952,54.74556,0.984375,28.27642,26.46914,unique,False
100022031|F|0-68:A>C-68:A>C,0.3904761904761905,18.608530000000002,0.9375,10.47273,8.1358,unique,False
100033136|F|0-68:A>G-68:A>G,0.2307692307692307,79.19426,1.0,52.16794,27.02632,unique,False
100033265|F|0-68:G>A-68:G>A,0.1142857142857142,85.31904,1.0,67.38571,17.93333,unique,False
100034393|F|0-68:C>A-68:C>A,0.1619047619047619,44.51659,1.0,27.56204,16.95455,unique,False
100035489|F|0-68:C>A-68:C>A,0.116504854368932,14.913129999999999,1.0,9.82222,5.09091,unique,False
100035658|F|0-68:C>G-68:C>G,0.0571428571428571,37.01471,1.0,24.26471,12.75,unique,False
100040251|F|0-68:A>C-68:A>C,0.3904761904761905,99.45342,0.96875,54.31496,45.13846,unique,False
100041283|F|0-68:T>A-68:T>A,0.4761904761904761,95.33364,0.96875,47.81818,47.51546,unique,False
100041505|F|0-68:C>A-68:C>A,0.1238095238095238,30.35294,1.0,25.0,5.35294,unique,False
100044383|F|0-68:C>A-68:C>A,0.2666666666666666,20.28014,0.953125,13.9313,6.34884,unique,False
100045002|F|0-68:G>C-68:G>C,0.1057692307692307,12.17892,0.982759,7.58333,4.59559,multi,True
