rs,chrom,pos,n_tot,p_bar,a,b,c,fst
100013065|F|0-5:C>A-5:C>A,,,95.0,0.4789473684210526,0.010373159749992597,-0.009201522868755457,0.2578947368421053,0.04004054868606807
100013792|F|0-5:A>G-5:A>G,Vu03 (old3),47359227.0,95.0,0.3526315789473684,-0.003708585243985328,-0.006623352124200993,0.23684210526315788,-0.016372709792458095
100014172|F|0-5:G>A-5:G>A,,,95.0,0.31052631578947365,0.05620061848460468,0.008974384886948576,0.19473684210526315,0.21622953883268725
100014717|F|0-5:C>A-5:C>A,,,95.0,0.23157894736842105,0.029190578153711812,0.02565014687255776,0.14736842105263157,0.1443583473831682
100015018|F|0-5:T>A-5:T>A,,,95.0,0.14210526315789476,0.009553546491910552,0.010117026437060427,0.11052631578947368,0.07337768656338964
100017287|F|0-5:C>A-5:C>A,,,95.0,0.13157894736842105,0.0014198783574569083,0.01465577433319368,0.1,0.01223235299172497
100017309|F|0-5:C>G-5:C>G,,,95.0,0.07368421052631578,0.0015836165029713425,0.005159403886059222,0.06315789473684211,0.022655161239587163
100017546|F|0-5:C>G-5:C>G,,,95.0,0.06315789473684211,0.0008532494131572468,0.0067103241975907625,0.05263157894736842,0.01417471967254278
100017924|F|0-5:G>C-5:G>C,Vu04 (old11),2232752.0,95.0,0.4473684210526316,0.0441556949137071,-0.007961895207226306,0.24736842105263157,0.15571783432750586
100018106|F|0-5:T>C-5:T>C,Vu07 (old2),35385132.0,95.0,0.2789473684210526,0.04512500055414804,-0.012417805265852804,0.20526315789473684,0.18962446351222867
100018265|F|0-5:C>T-5:C>T,,,93.0,0.34946236559139787,0.032584168576002465,-0.031122234702093077,0.25268817204301075,0.1282083611905084
100019490|F|0-5:G>A-5:G>A,,,95.0,0.04736842105263158,4.810697495029275e-05,0.008556673942921826,0.03684210526315789,0.0010585318157698797
100019495|F|0-5:T>G-5:T>G,,,95.0,0.2894736842105263,0.03363181005095544,-0.02661271948198944,0.22631578947368422,0.14413537335184537
100019838|F|0-5:G>C-5:G>C,,,95.0,0.12631578947368424,0.0014714487575296122,-0.005175726461804523,0.11578947368421053,0.01312794918780368
100028251|F|0-5:A>G-5:A>G,,,95.0,0.1631578947368421,0.0049637934797130455,0.015266171293335974,0.12105263157894737,0.03513379289368435
100028451|F|0-5:C>A-5:C>A,,,95.0,0.22631578947368422,0.016786264403566467,-0.011704481144209463,0.18421052631578946,0.08867906171804908
100028511|F|0-5:C>A-5:C>A,,,95.0,0.3157894736842105,0.042526751621588234,-0.04441091119783818,0.25263157894736843,0.16959995731260769
100029488|F|0-5:C>T-5:C>T,,,95.0,0.23684210526315788,0.03188100142305213,-0.019699450238499457,0.19473684210526315,0.15407524152963378
100029548|F|0-5:C>T-5:C>T,,,95.0,0.42105263157894735,0.09577762130652794,-0.027435279302851445,0.25263157894736843,0.29839689474689746
100029979|F|0-5:G>A-5:G>A,,,95.0,0.16842105263157894,0.006012414704025516,0.0027311374722240314,0.1368421052631579,0.041298125170935014
100030265|F|0-5:T>C-5:T>C,,,95.0,0.3263157894736842,0.0630903061778638,-0.01311208127846494,0.22105263157894736,0.23277905326954662
100034525|F|0-5:C>T-5:C>T,,,95.0,0.042105263157894736,-0.00014283165204824214,0.009044115665507854,0.031578947368421054,-0.003528429734030002
100035486|F|0-5:T>C-5:T>C,,,94.0,0.17553191489361702,0.015579987457807804,0.020024129821784847,0.12234042553191489,0.0986421384396997
100040976|F|0-5:T>C-5:T>C,,,95.0,0.3105263157894737,0.025876442396917897,-0.016497162995465203,0.22631578947368422,0.10978779709059734
100041762|F|0-5:T>C-5:T>C,Vu11 (old9),27828984.0,89.0,0.4157303370786517,0.1965014553956066,0.06624541800399565,0.14606741573033707,0.4806619059568872
100044261|F|0-5:T>A-5:T>A,Vu09 (old8),3387810.0,95.0,0.4105263157894737,0.015080102474059335,0.008637398726532861,0.23157894736842105,0.05906898650015021
100046187|F|0-5:T>A-5:T>A,,,95.0,0.4,0.16100803454175894,-0.023577026633053794,0.23157894736842105,0.43632436534359087
100046329|F|0-5:T>C-5:T>C,,,95.0,0.06842105263157895,-0.0012096925324826461,-0.004116963964162612,0.06842105263157895,-0.019172741266840834
100049636|F|0-5:T>C-5:T>C,,,87.0,0.05172413793103448,-0.00027754903614338324,0.020773513167022292,0.028735632183908042,-0.005637620083832627
100049952|F|0-5:T>A-5:T>A,,,95.0,0.07368421052631578,0.0018599978277397638,-0.005480098094699112,0.07368421052631578,0.026547084104181252
100053755|F|0-5:T>C-5:T>C,,,94.0,0.2074468085106383,0.0027988606561194927,0.03190222837359022,0.13297872340425532,0.016691697202498534
100057366|F|0-5:C>T-5:C>T,,,95.0,0.25263157894736843,0.03742078454060022,-0.049737246341660574,0.23157894736842105,0.1706666073941956
100060605|F|0-5:C>T-5:C>T,,,94.0,0.07446808510638298,-0.0011210307985771192,-0.00497060143694786,0.07446808510638298,-0.016394983236325524
100060618|F|0-5:A>G-5:A>G,,,89.0,0.15168539325842698,0.04052615524764067,-0.019987599898487172,0.1404494382022472,0.25173402285246427
100013120|F|0-6:A>G-6:A>G,,,95.0,0.08421052631578946,0.22707984283052374,0.02036466410405288,0.010526315789473684,0.8802539776889015
100013453|F|0-6:G>A-6:G>A,,,93.0,0.9354838709677419,0.055279822389497385,0.03854315105298587,0.010752688172043012,0.5286107831979391
100013715|F|0-6:A>G-6:A>G,,,95.0,0.13157894736842105,0.007540049662745517,0.023971555232166437,0.08947368421052632,0.06232203698893003
100013722|F|0-6:A>G-6:A>G,,,95.0,0.11578947368421053,0.006053928576970056,-0.003604441210553267,0.10526315789473684,0.05620443692838537
100014420|F|0-6:A>T-6:A>T,,,95.0,0.19473684210526315,0.009901667945237277,0.013572420788040484,0.14210526315789473,0.05980013710734401
100015734|F|0-6:T>C-6:T>C,,,94.0,0.3404255319148936,0.05028185637797283,0.013233279598927176,0.20212765957446807,0.18928371941579608
100016409|F|0-6:A>T-6:A>T,,,95.0,0.2631578947368421,0.040662688992182096,-0.04525695960330933,0.23157894736842105,0.17914288124242495
100016452|F|0-6:G>A-6:G>A,,,95.0,0.4421052631578947,0.06378721972956368,0.003261054640511339,0.23157894736842105,0.2136014907087784
100017365|F|0-6:C>T-6:C>T,Vu05 (old1),42048402.0,95.0,0.05263157894736842,0.0005541480195858068,-0.002634273856684715,0.05263157894736842,0.010962059159348513
100018671|F|0-6:A>T-6:A>T,Vu11 (old9),36066452.0,95.0,0.2631578947368421,0.02515213315249973,0.010864373788822016,0.17894736842105263,0.11700632541211697
100020451|F|0-6:A>G-6:A>G,,,95.0,0.3210526315789473,0.027903931463577468,0.018749555952442216,0.19473684210526315,0.1155967246861778
100021232|F|0-6:T>G-6:T>G,,,93.0,0.08064516129032258,0.0018804812082622926,0.01508971621088063,0.05913978494623656,0.024707418788178254
100032835|F|0-6:G>C-6:G>C,,,90.0,0.37222222222222223,0.03389465652209183,-0.14356676521310668,0.37222222222222223,0.12909785513409433
100033155|F|0-6:A>T-6:A>T,,,93.0,0.1881720430107527,0.01726518147261362,0.02674611953663644,0.12365591397849462,0.10297291258685
100033227|F|0-6:A>G-6:A>G,Vu08 (old5),23496197.0,94.0,0.43617021276595747,0.06637158229044132,0.010101291550864127,0.22340425531914893,0.2213292573403558
100034117|F|0-6:C>A-6:C>A,,,95.0,0.28421052631578947,0.03113984104112928,0.00867341251466887,0.18947368421052632,0.13581166613540427
100035362|F|0-6:C>A-6:C>A,,,95.0,0.1736842105263158,0.015417817909177357,0.009575349664483822,0.13157894736842105,0.09847103307559318
100035421|F|0-6:T>A-6:T>A,,,95.0,0.13157894736842105,0.008369193637050784,-0.007946950710108626,0.12105263157894738,0.06889649955262984
100035442|F|0-6:A>T-6:A>T,,,94.0,0.35106382978723405,0.16281747912994557,0.025131009278050724,0.1702127659574468,0.4545926650229391
100035862|F|0-6:T>G-6:T>G,Vu10 (old10),39567399.0,95.0,0.38421052631578945,0.06852567962224436,-0.03433767703716768,0.2578947368421053,0.23461050713449716
100038511|F|0-6:G>A-6:G>A,,,95.0,0.05789473684210526,0.0002697661827846166,0.01802928018972162,0.03684210526315789,0.004892284161329296
100038699|F|0-6:A>C-6:A>C,,,95.0,0.2,0.011458997051529514,-0.009986139591402685,0.16842105263157894,0.06744795646497362
100040047|F|0-6:G>A-6:G>A,,,95.0,0.26842105263157895,0.10416409743493954,0.023460778044818803,0.15263157894736842,0.3716742140617662
100040723|F|0-6:G>A-6:G>A,,,95.0,0.3526315789473684,0.00383626598540717,0.012979908226088206,0.21578947368421053,0.016492574535968484
100043419|F|0-6:T>A-6:T>A,,,95.0,0.3263157894736842,0.18033252042337727,-0.01620991016152305,0.2,0.4952521907213985
100046294|F|0-6:C>G-6:C>G,,,94.0,0.46808510638297873,0.11914124163947305,-0.00852801501185974,0.23404255319148937,0.3456818327608084
100051758|F|0-6:T>G-6:T>G,,,95.0,0.4842105263157895,0.0868532909994473,-0.030123726961587688,0.2631578947368421,0.2715120227974254
100058370|F|0-6:C>T-6:C>T,,,95.0,0.2894736842105263,0.011953224667929328,-0.08562033137584919,0.2894736842105263,0.055388602174486365
100013356|F|0-7:G>A-7:G>A,,,95.0,0.33684210526315783,0.0015577825001264446,0.013787370429985022,0.21052631578947367,0.006896765266357745
100015059|F|0-7:C>A-7:C>A,,,95.0,0.12105263157894737,0.13863610923204564,0.020638350519505015,0.05789473684210526,0.6383783308433327
100015153|F|0-7:G>C-7:G>C,,,95.0,0.10526315789473684,0.004704024001259024,-0.0010294553588271861,0.09473684210526316,0.047799578987025165
100015597|F|0-7:A>G-7:A>G,,,95.0,0.19473684210526315,0.020562389586007108,-0.009798353410407745,0.1631578947368421,0.11822769835943778
100015847|F|0-7:G>A-7:G>A,,,95.0,0.05789473684210526,0.0005461475075530383,0.007389778208963263,0.04736842105263158,0.00987530889448481
100019433|F|0-7:G>A-7:G>A,,,95.0,0.49473684210526314,0.06113104028897918,-0.013994419087797753,0.2526315789473685,0.20392770233362226
100020033|F|0-7:G>A-7:G>A,,,95.0,0.47368421052631576,0.11235563625462036,-0.03584918429994823,0.2631578947368421,0.33078430912462714
100020726|F|0-7:G>A-7:G>A,Vu08 (old5),37188871.0,95.0,0.1631578947368421,0.013216049290358054,0.013558425633977392,0.12105263157894738,0.08940206977577932
100021715|F|0-7:C>A-7:C>A,,,95.0,0.35789473684210527,0.0573902483399237,-0.02301872104503683,0.24210526315789474,0.20757709262298873
100029664|F|0-7:G>A-7:G>A,,,95.0,0.33157894736842103,0.02004295453185274,-0.05000440985160852,0.26842105263157895,0.08405178385688308
100032815|F|0-7:G>A-7:G>A,,,94.0,0.5212765957446809,-0.0027081493527543457,-0.025286538467384007,0.2765957446808511,-0.010893555268639422
100032829|F|0-7:T>A-7:T>A,,,95.0,0.28421052631578947,0.2104826058730019,0.0033066231071324404,0.15789473684210525,0.5662945545885255
100033340|F|0-7:A>T-7:A>T,,,95.0,0.28421052631578947,0.055371663424397005,-0.006923497649304084,0.2,0.22287008339003822
100033573|F|0-7:C>G-7:C>G,,,95.0,0.1,0.004087153352706349,0.00016203142264263495,0.08947368421052632,0.04360892274138889
100034977|F|0-7:A>C-7:A>C,,,95.0,0.3894736842105263,-0.001738957416848074,-0.045048869730533514,0.2842105263157894,-0.007324309861436639
100043254|F|0-7:C>G-7:C>G,,,95.0,0.3,0.0373500047253713,-0.04417948586030085,0.24736842105263163,0.15527633379506126
100044743|F|0-7:G>A-7:G>A,,,88.0,0.08522727272727272,0.23114755223634717,0.022000528541226208,0.005681818181818182,0.8930481106149659
100046246|F|0-7:G>A-7:G>A,,,95.0,0.06842105263157895,0.0014754537363984375,-0.004672635890802281,0.06842105263157895,0.02262137658504593
100046553|F|0-7:C>T-7:C>T,,,95.0,0.05263157894736842,-0.0014795279837697105,0.008368887761926815,0.042105263157894736,-0.030197762429987507
100052578|F|0-7:G>A-7:G>A,,,95.0,0.12631578947368421,0.30472966090372894,0.006143290778265322,0.042105263157894736,0.8633101083644904
100013031|F|0-8:C>T-8:C>T,,,95.0,0.39473684210526316,0.07336145231515992,-0.04356908890015853,0.26842105263157895,0.2460031922363312
100017564|F|0-8:A>T-8:A>T,Vu07 (old2),38265563.0,95.0,0.07894736842105263,0.002006881687181228,0.004287937585900227,0.06842105263157895,0.026860178915425983
100017716|F|0-8:C>T-8:C>T,,,95.0,0.05263157894736842,-0.0012031466590012889,-0.0022706142188315334,0.05263157894736842,-0.02447518433994349
100017834|F|0-8:C>T-8:C>T,,,94.0,0.0797872340425532,0.0023634946471920355,-0.006499169666640659,0.0797872340425532,0.031241849840400595
100017856|F|0-8:G>C-8:G>C,,,95.0,0.24210526315789474,-0.004518450534631937,-0.004104132520940666,0.18947368421052632,-0.024984368388006196
100018050|F|0-8:G>T-8:G>T,,,95.0,0.26842105263157895,0.015169609973495613,-0.00045167292620601664,0.19473684210526315,0.072424272365001
100018194|F|0-8:A>C-8:A>C,Vu02 (old7),25429826.0,94.0,0.824468085106383,0.015579987457807814,0.02002412982178479,0.12234042553191489,0.0986421384396998
100018976|F|0-8:C>T-8:C>T,Vu03 (old3),2426825.0,94.0,0.10106382978723404,0.003941309310770394,0.010787367787523802,0.0797872340425532,0.041699955734406075
100020593|F|0-8:G>C-8:G>C,,,95.0,0.20526315789473684,0.023228811319249126,-0.014549478535047296,0.1736842105263158,0.12737639825135721
100022176|F|0-8:G>A-8:G>A,,,95.0,0.05789473684210526,0.0008225288323214599,-0.003249723771795079,0.05789473684210526,0.014829011780715584
100022245|F|0-8:T>C-8:T>C,,,95.0,0.37894736842105264,0.03148420625248234,0.009106067955813299,0.22105263157894736,0.12033273425759905
100030615|F|0-8:C>T-8:C>T,,,95.0,0.3631578947368421,0.12763313192067913,-0.020197763470259224,0.22631578947368422,0.3824200422690465
100030652|F|0-8:A>C-8:A>C,,,95.0,0.12631578947368421,0.007282336199386892,0.00420405853343037,0.10526315789473684,0.06237570967503806
100033535|F|0-8:A>G-8:A>G,,,95.0,0.12105263157894738,0.006510581179359985,0.005651561699948809,0.1,0.05804615543379592
100034779|F|0-8:A>T-8:A>T,,,95.0,0.2578947368421053,0.024512057555626892,-0.018006526580380537,0.20526315789473684,0.11574920582653384
100035100|F|0-8:T>C-8:T>C,,,95.0,0.24210526315789477,0.033781001810955745,-0.0331945455035438,0.21052631578947367,0.16001401277347962
100038609|F|0-8:A>T-8:A>T,,,95.0,0.47368421052631576,0.14245487862344805,-0.0103310879838893,0.23157894736842105,0.39167942315661786
100041134|F|0-8:G>C-8:G>C,,,95.0,0.12105263157894737,0.022157532997499493,0.0024135362845040262,0.1,0.17787061735288914
100044127|F|0-8:G>A-8:G>A,,,95.0,0.06315789473684211,0.14752917740454402,0.0186860112157226,0.010526315789473684,0.834717221046884
100052450|F|0-8:A>G-8:A>G,,,93.0,0.08064516129032259,-0.0009765463026508938,-0.00593014381370008,0.08064516129032259,-0.01324337604378754
100052891|F|0-8:C>T-8:C>T,,,95.0,0.4105263157894737,0.12663765538058588,-0.03561325723889389,0.25263157894736843,0.3685012449172883
100059433|F|0-8:T>C-8:T>C,,,94.0,0.12234042553191489,0.0072727932540677534,-0.015989489874391197,0.12234042553191489,0.0640076973686243
100013713|F|0-9:G>T-9:G>T,,,95.0,0.6473684210526316,0.07405776134174756,-0.0015519309025251364,0.21578947368421053,0.2568816081376057
100014153|F|0-9:C>A-9:C>A,,,95.0,0.2,0.011182615726761094,0.0006533623893556495,0.15789473684210525,0.06588445544174851
100015194|F|0-9:C>T-9:C>T,,,95.0,0.26842105263157895,-0.004910510258488895,-0.006878541662073039,0.20526315789473684,-0.025380710425116807
100015232|F|0-9:G>T-9:G>T,Vu01 (old4),18488835.0,95.0,0.37894736842105264,-0.00486173263849217,-0.02570162576529298,0.2631578947368421,-0.020902179024233632
100015727|F|0-9:C>T-9:C>T,,,92.0,0.06521739130434782,-0.0019264152240001272,0.029256195882604898,0.03260869565217391,-0.03213987646285399
100016574|F|0-9:G>A-9:G>A,,,95.0,0.2,0.02159985858142541,-0.0015024119438380463,0.15789473684210525,0.12135284909232977
100017042|F|0-9:A>G-9:A>G,,,95.0,0.27368421052631575,0.029588642197303703,-0.04862035954990117,0.24210526315789474,0.1326407489982215
100017310|F|0-9:T>G-9:T>G,,,95.0,0.3,0.0086951838038453,0.046408880216180726,0.1631578947368421,0.03983829272572074
100017454|F|0-9:A>G-9:A>G,,,95.0,0.5947368421052631,-0.007257903309432429,0.03873601403312782,0.20526315789473684,-0.030657533229368452
100017720|F|0-9:G>A-9:G>A,,,95.0,0.04736842105263158,-0.000176826743908855,0.008603222376567028,0.03684210526315789,-0.0039061762684789543
100021397|F|0-9:C>T-9:C>T,,,95.0,0.5473684210526316,0.12522581531798127,0.0022489018244536167,0.22105263157894736,0.35929982475518324
100021780|F|0-9:A>G-9:A>G,Vu04 (old11),742456.0,95.0,0.3157894736842105,0.05864271417266812,-0.0054167677257660266,0.21052631578947367,0.22234013720084153
100021860|F|0-9:A>C-9:A>C,,,95.0,0.1631578947368421,0.013492430615126475,0.0029189236532190846,0.13157894736842105,0.09117104611518966
100028703|F|0-9:T>G-9:T>G,,,95.0,0.45789473684210524,0.08134568939842297,-0.04639718185983037,0.2789473684210526,0.2591486401333953
100028909|F|0-9:C>T-9:C>T,,,95.0,0.4368421052631579,0.11610097158772277,0.007664658959226032,0.21578947368421053,0.3419208550865564
100029063|F|0-9:C>T-9:C>T,,,95.0,0.08947368421052632,0.0026931940094382504,0.01299249467755409,0.06842105263157895,0.03202114321891551
100029254|F|0-9:C>A-9:C>A,,,95.0,0.031578947368421054,-0.0006523235275329956,-0.0007048719060603621,0.031578947368421054,-0.02158457024396573
100029568|F|0-9:T>G-9:T>G,,,95.0,0.47368421052631576,0.11580950547226208,-0.01539932431273683,0.24210526315789474,0.3381146964133323
100034306|F|0-9:C>T-9:C>T,,,95.0,0.23157894736842105,0.0302961034527855,-0.016907861050475665,0.18947368421052632,0.1493434670499107
100034340|F|0-9:G>A-9:G>A,Vu07 (old2),25775716.0,95.0,0.06315789473684211,-0.0012462316675240857,-0.003437509952790083,0.06315789473684211,-0.021312521876812502
100034584|F|0-9:T>C-9:T>C,,,95.0,0.43157894736842106,0.05192730918013702,-0.08028686084713249,0.3157894736842105,0.18066076355483593
100038486|F|0-9:G>A-9:G>A,,,95.0,0.06315789473684211,0.0008532494131572468,0.0067103241975907625,0.05263157894736842,0.01417471967254278
100038672|F|0-9:T>C-9:T>C,,,95.0,0.02631578947368421,-0.0004178150124945266,-0.0004734465685229703,0.02631578947368421,-0.016433540644624454
100038915|F|0-9:A>C-9:A>C,,,95.0,0.12105263157894737,-0.0023743007155763766,0.007490224828934511,0.1,-0.022587450337361873
100044760|F|0-9:A>T-9:A>T,Vu07 (old2),52829.0,95.0,0.3263157894736842,0.056398528041804154,-0.011727265377520014,0.22105263157894736,0.21224484987480846
100054119|F|0-9:A>T-9:A>T,,,95.0,0.20526315789473684,0.022399667344943856,0.01736902740722774,0.14210526315789476,0.1231603886688391
100013385|F|0-10:G>T-10:G>T,,,95.0,0.22631578947368422,0.028749926575387413,-0.014180275958713955,0.18421052631578946,0.14463175865446293
100014107|F|0-10:A>C-10:A>C,,,95.0,0.07894736842105263,0.021698153734967734,0.021377582519348216,0.04736842105263158,0.23990663831748674
100014526|F|0-10:T>C-10:T>C,,,92.0,0.33695652173913043,0.036006641913446595,-0.0003779068191306023,0.21739130434782608,0.14230747095302784
100018535|F|0-10:A>T-10:A>T,,,95.0,0.05263157894736842,-0.0012031466590012889,-0.0022706142188315334,0.05263157894736842,-0.02447518433994349
100018779|F|0-10:A>G-10:A>G,Vu09 (old8),32879608.0,95.0,0.41578947368421054,0.12228077047934616,0.013832602032941633,0.20526315789473684,0.35819911325933945
100019676|F|0-10:G>T-10:G>T,,,95.0,0.24736842105263157,-0.0052316736700900954,0.025214796522097044,0.1631578947368421,-0.02856636781299962
100020171|F|0-10:G>A-10:G>A,,,95.0,0.08421052631578947,0.00246886796425967,0.00335246718947908,0.07368421052631578,0.03105277679867597
100021657|F|0-10:A>T-10:A>T,,,95.0,0.031578947368421054,0.0012222238342891889,0.009489510677965688,0.021052631578947368,0.038477828607689654
100021820|F|0-10:T>A-10:T>A,,,95.0,0.1,0.004087153352706349,0.00016203142264263495,0.08947368421052632,0.04360892274138889
100022289|F|0-10:A>G-10:A>G,,,95.0,0.14210526315789473,0.0030911887845277053,-0.009710248250146363,0.13157894736842105,0.024737448443712805
100029049|F|0-10:A>G-10:A>G,,,95.0,0.1368421052631579,0.00921839084281481,-0.009522462069151352,0.12631578947368421,0.0731550285245701
100030268|F|0-10:A>C-10:A>C,,,95.0,0.3157894736842105,0.02769997035811867,-0.030760307415655472,0.24210526315789474,0.11587767542277566
100030458|F|0-10:C>T-10:C>T,,,95.0,0.16842105263157894,0.014573954378101849,0.0009593877166033256,0.1368421052631579,0.09564503094697419
100032947|F|0-10:A>C-10:A>C,,,92.0,0.10869565217391304,0.004313520820150908,0.03145166100077533,0.06521739130434782,0.042715497205639275
100036060|F|0-10:G>T-10:G>T,Vu06 (old6),32597034.0,95.0,0.19473684210526315,0.020838770910775527,-0.02043785539116611,0.1736842105263158,0.11970448816677234
100040460|F|0-10:G>A-10:G>A,,,95.0,0.43157894736842106,0.09008707529340129,-0.014107605279082377,0.24210526315789474,0.2832172245268603
100041722|F|0-10:C>T-10:C>T,,,95.0,0.1631578947368421,-0.001057969323574687,0.005930025454643459,0.13157894736842105,-0.0077534741148213146
100043120|F|0-10:T>G-10:T>G,,,95.0,0.06315789473684211,-0.0012462316675240857,-0.003437509952790083,0.06315789473684211,-0.021312521876812502
100043216|F|0-10:A>G-10:A>G,,,95.0,0.08947368421052632,-0.0006763250636313065,-0.00747482097227428,0.08947368421052632,-0.00831657593100525
100044509|F|0-10:A>G-10:A>G,,,94.0,0.22340425531914893,0.0072911076399768075,-0.018681487365659773,0.19148936170212766,0.04048389146880585
100048111|F|0-10:T>A-10:T>A,,,95.0,0.4105263157894737,0.12663765538058588,-0.03561325723889389,0.25263157894736843,0.3685012449172883
100059522|F|0-10:G>T-10:G>T,,,95.0,0.19473684210526315,0.013936416527273258,0.012737458259529578,0.14210526315789473,0.0825719143786579
100013529|F|0-11:C>G-11:C>G,,,95.0,0.4,0.024248333475396736,0.004724421023232572,0.23157894736842105,0.09306534289217477
100013847|F|0-11:C>A-11:C>A,,,95.0,0.32105263157894737,0.05737982028173693,0.03381434402232364,0.1736842105263158,0.2166270474835177
100014023|F|0-11:A>G-11:A>G,,,95.0,0.10526315789473684,0.004427642676490602,0.009610046621931177,0.08421052631578947,0.04506588388206981
100014256|F|0-11:C>T-11:C>T,,,95.0,0.30000000000000004,0.011394089316167248,0.014103440419229915,0.19473684210526315,0.051736199127041256
100014895|F|0-11:G>A-11:G>A,,,95.0,0.07894736842105263,0.002006881687181228,0.004287937585900227,0.06842105263157895,0.026860178915425983
100017539|F|0-11:A>T-11:A>T,,,95.0,0.07368421052631578,0.0018599978277397638,-0.005480098094699112,0.07368421052631578,0.026547084104181252
100017664|F|0-11:A>T-11:A>T,,,95.0,0.07368421052631578,0.0013072351782029206,0.01579890586681757,0.05263157894736842,0.01874502318609772
100018346|F|0-11:A>C-11:A>C,,,95.0,0.3526315789473684,0.108584788072639,-0.04044397406027286,0.24736842105263157,0.3441572417056811
100018366|F|0-11:C>A-11:C>A,Vu06 (old6),3381583.0,95.0,0.14210526315789476,0.010382690466215818,-0.02180147950521465,0.14210526315789476,0.0794473225803755
100019311|F|0-11:C>A-11:C>A,,,95.0,0.15263157894736842,0.004088239608767468,-0.002413781276260046,0.13157894736842105,0.030680188526986236
100020372|F|0-11:G>T-11:G>T,Vu03 (old3),40582693.0,95.0,0.05789473684210526,0.0008225288323214599,-0.003249723771795079,0.05789473684210526,0.014829011780715584
100020454|F|0-11:G>A-11:G>A,,,95.0,0.4052631578947368,0.07669382143093917,0.010780494736352146,0.21578947368421053,0.2528947536680643
100020755|F|0-11:C>A-11:C>A,,,95.0,0.14736842105263157,0.010756567208180114,-0.002225995095265049,0.12631578947368421,0.07976905777522349
100029079|F|0-11:G>A-11:G>A,,,95.0,0.06842105263157895,0.0014754537363984375,-0.004672635890802281,0.06842105263157895,0.02262137658504593
100029189|F|0-11:C>A-11:C>A,,,95.0,0.3473684210526316,0.16563402127787344,-0.00622527114462593,0.2,0.4608513877763581
100029339|F|0-11:C>T-11:C>T,Vu02 (old7),26187715.0,95.0,0.2736842105263158,0.008936616020560308,-0.07609349007905884,0.2736842105263158,0.04327086270224999
100030229|F|0-11:A>T-11:A>T,,,93.0,0.3387096774193548,0.009727658097135139,0.013552045908458188,0.20967741935483872,0.04175728973989979
100030246|F|0-11:C>A-11:C>A,,,95.0,0.33157894736842103,0.06537218381976449,-0.017055744199207704,0.22631578947368422,0.23803536837379635
100030290|F|0-11:A>C-11:A>C,,,95.0,0.49473684210526314,0.13072439627084584,-0.04956088290129034,0.27368421052631575,0.36839575814555997
100034291|F|0-11:A>T-11:A>T,,,95.0,0.07368421052631578,-0.00141081362934107,0.005779079908961057,0.06315789473684211,-0.020892845204055505
100034804|F|0-11:G>A-11:G>A,Vu01 (old4),5843731.0,95.0,0.4789473684210526,0.021432301222571445,-0.022072440387380977,0.26842105263157895,0.08003670218725695
100035126|F|0-11:T>C-11:T>C,Vu04 (old11),37919761.0,95.0,0.5,0.07801251739772899,0.01957814869529641,0.21578947368421053,0.24893893229221112
100038400|F|0-11:G>A-11:G>A,,,95.0,0.5210526315789474,-0.005395830575187515,-0.02710285611389175,0.2789473684210526,-0.021894337341417717
100038935|F|0-11:A>T-11:A>T,,,95.0,0.1368421052631579,0.008665628193277965,0.011756541892365347,0.10526315789473684,0.06894701499788977
100038942|F|0-11:T>A-11:T>A,,,95.0,0.4,0.059655054444539155,-0.17191965740352835,0.4,0.2073260886843079
100040147|F|0-11:C>G-11:C>G,,,95.0,0.3736842105263158,0.011377804920955326,-0.14149229378431413,0.3736842105263158,0.04671272292497638
100044383|F|0-11:A>T-11:A>T,,,95.0,0.24210526315789474,-0.005071213184168781,0.01717487144057606,0.16842105263157894,-0.028091518104219084
100048771|F|0-11:G>A-11:G>A,Vu11 (old9),32286941.0,95.0,0.18421052631578946,0.002295920256487915,-0.023207487193055994,0.1736842105263158,0.015028346715353883
100051141|F|0-11:G>A-11:G>A,,,95.0,0.3473684210526316,0.02599564719249471,-0.12548039820960025,0.3473684210526316,0.10487034982485566
100054559|F|0-11:G>A-11:G>A,,,94.0,0.12234042553191489,-0.0002765413593209734,0.04976034826379775,0.05851063829787234,-0.002560699847133971
100056174|F|0-11:G>A-11:G>A,,,95.0,0.11052631578947368,0.005359615742680262,-0.002284946236559144,0.1,0.05199740894984853
100013102|F|0-12:T>C-12:T>C,,,95.0,0.34210526315789475,0.035187375959003536,-0.017920075114472342,0.23684210526315788,0.13847333122368352
100014230|F|0-12:A>G-12:A>G,,,95.0,0.22631578947368422,0.06037225737031979,0.02160493486894167,0.14210526315789473,0.26941983147818527
100014274|F|0-12:C>T-12:C>T,,,95.0,0.07894736842105263,-0.0012968323085625147,0.004971617705064212,0.06842105263157895,-0.01798761681717897
100014327|F|0-12:T>C-12:T>C,,,95.0,0.32105263157894737,-9.582982456882984e-05,0.003379293786764075,0.21578947368421053,-0.0004374334210257579
100014556|F|0-12:G>A-12:G>A,,,95.0,0.3684210526315789,0.15155505961826665,0.002735302332076493,0.2,0.4277707662832454
100014678|F|0-12:C>T-12:C>T,,,95.0,0.30526315789473685,-0.004648432879476029,-0.006932776712063638,0.22105263157894736,-0.022191250889371766
100014707|F|0-12:T>C-12:T>C,,,95.0,0.32105263157894737,0.04303999659047838,0.00503494807399734,0.20526315789473684,0.16989152502402857
100017079|F|0-12:A>G-12:A>G,,,95.0,0.2631578947368421,0.10588060555985776,0.0682343382895166,0.10526315789473684,0.37898677419190224
100017269|F|0-12:A>G-12:A>G,,,95.0,0.11578947368421053,0.006053928576970056,-0.003604441210553267,0.10526315789473684,0.05620443692838537
100018171|F|0-12:T>C-12:T>C,,,95.0,0.04736842105263158,0.0003244882997187144,-0.00208282803783653,0.04736842105263158,0.007114398623434545
100018441|F|0-12:A>C-12:A>C,,,95.0,0.08421052631578947,0.00246886796425967,0.00335246718947908,0.07368421052631578,0.03105277679867597
100018758|F|0-12:C>T-12:C>T,,,95.0,0.2631578947368421,0.001318431487053189,0.005214282039409369,0.18947368421052632,0.006726471698246941
100018913|F|0-12:G>A-12:G>A,,,95.0,0.35789473684210527,0.006789733244226329,0.008617309402538626,0.22105263157894736,0.028714127541870825
100019087|F|0-12:C>A-12:C>A,,,95.0,0.06315789473684211,0.0011296307379256687,-0.003929177783167587,0.06315789473684211,0.018715401947341156
100019240|F|0-12:A>C-12:A>C,Vu07 (old2),30408014.0,93.0,0.9408602150537635,5.073748381303318e-05,0.029208563531930916,0.026881720430107527,0.0009037506355663646
100019924|F|0-12:A>T-12:A>T,,,95.0,0.08947368421052632,0.0032459566589750936,-0.008286509283962596,0.08947368421052632,0.03844411071839293
100021629|F|0-12:T>C-12:T>C,,,95.0,0.12105263157894738,0.006786962504128406,-0.004987940280809526,0.11052631578947368,0.0604223643943582
100021690|F|0-12:G>A-12:G>A,,,95.0,0.2894736842105263,0.03335542872618701,-0.015973217501231075,0.21578947368421053,0.14305094007954197
100021815|F|0-12:C>A-12:C>A,,,95.0,0.14210526315789476,0.009553546491910552,0.010117026437060427,0.11052631578947368,0.07337768656338964
100021971|F|0-12:T>C-12:T>C,,,94.0,0.11702127659574468,-0.003513591139034577,0.04099929277280681,0.06382978723404255,-0.034679703748147744
100029213|F|0-12:G>A-12:G>A,,,95.0,0.5210526315789473,0.0014930636788617491,0.0032184566989320344,0.24736842105263163,0.005922976934972979
100029224|F|0-12:A>G-12:A>G,,,95.0,0.1,0.004087153352706349,0.00016203142264263495,0.08947368421052632,0.04360892274138889
100030376|F|0-12:T>C-12:T>C,,,95.0,0.4789473684210526,-0.005948593224724356,-0.005823852152375048,0.2578947368421053,-0.024169258254976622
100035981|F|0-12:G>A-12:G>A,,,95.0,0.29473684210526313,-0.006180375079620997,0.04204046283842549,0.16842105263157894,-0.03025426168960206
100039010|F|0-12:C>T-12:C>T,,,95.0,0.09473684210526316,-0.0022830394636008397,0.002488136274214399,0.08421052631578947,-0.02704522432041094
100042001|F|0-12:C>A-12:C>A,,,95.0,0.2789473684210526,0.02979211842324537,0.0013375324920316457,0.19473684210526315,0.13190145215800597
100043217|F|0-12:G>T-12:G>T,,,95.0,0.06842105263157895,-0.0012096925324826461,-0.004116963964162612,0.06842105263157895,-0.019172741266840834
100043230|F|0-12:G>T-12:G>T,,,95.0,0.08421052631578947,0.0027452492890280918,-0.00728703479127927,0.08421052631578947,0.034458298963871474
100043501|F|0-12:T>G-12:T>G,,,95.0,0.4368421052631579,0.011539096628906018,-0.023608538697672824,0.26842105263157895,0.04501277212018401
100049761|F|0-12:A>G-12:A>G,,,88.0,0.8636363636363636,0.007451350099181587,0.014877766478443532,0.10227272727272728,0.05980128278142261
100051692|F|0-12:T>A-12:T>A,,,95.0,0.09473684210526316,-0.0014488105515022168,0.012897805363849523,0.07368421052631578,-0.017018160490243423
100052747|F|0-12:T>G-12:T>G,,,94.0,0.2074468085106383,0.012980472600609414,-0.013006445089077195,0.17553191489361702,0.07396030255570751
100013309|F|0-13:A>C-13:A>C,,,95.0,0.05263157894736842,-0.0012031466590012889,-0.0022706142188315334,0.05263157894736842,-0.02447518433994349
100013424|F|0-13:C>A-13:C>A,,,95.0,0.21578947368421053,0.02494459212489167,0.02300138787829789,0.14210526315789476,0.13125192821679701
100015115|F|0-13:C>T-13:C>T,,,95.0,0.2894736842105263,0.07209577508985766,-0.002825643042111614,0.19473684210526315,0.2730828430618408
100015956|F|0-13:C>T-13:C>T,,,95.0,0.3368421052631579,0.05234105624239686,-0.01788648061992711,0.23157894736842105,0.19674609295080855
100017594|F|0-13:G>T-13:G>T,,,95.0,0.5684210526315789,-0.006198614735742932,0.005818033598169415,0.24210526315789474,-0.025643284268429937
100018809|F|0-13:A>G-13:A>G,,,95.0,0.08421052631578947,-0.0008677485701469783,-0.00653935057585312,0.08421052631578947,-0.011298305324691386
100018909|F|0-13:T>C-13:T>C,,,95.0,0.05263157894736842,-0.0014795279837697105,0.008368887761926815,0.042105263157894736,-0.030197762429987507
100019004|F|0-13:T>A-13:T>A,,,95.0,0.05789473684210526,0.0008225288323214599,-0.003249723771795079,0.05789473684210526,0.014829011780715584
100020903|F|0-13:G>T-13:G>T,,,95.0,0.25263157894736843,0.16880630458735826,0.0077319091962555885,0.14736842105263157,0.5211572917384053
100021768|F|0-13:C>T-13:C>T,,,95.0,0.3157894736842105,0.02714720770858183,-0.009481303454138746,0.22105263157894736,0.11372056892778852
100022144|F|0-13:T>A-13:T>A,,,92.0,0.33695652173913043,0.17198965867960342,0.07997066749079634,0.10869565217391304,0.4768800990605166
100028644|F|0-13:T>C-13:T>C,,,95.0,0.4,0.024801096124933582,-0.016554582938284185,0.2526315789473685,0.0950677610452349
100029006|F|0-13:A>C-13:A>C,,,95.0,0.08421052631578947,-0.0011441298949154,0.00410015140490523,0.07368421052631578,-0.014928580779523328
100029122|F|0-13:T>C-13:T>C,,,95.0,0.2,-0.0037662040437490833,-0.006835392489042687,0.16842105263157894,-0.023864003443223286
100029219|F|0-13:A>G-13:A>G,,,95.0,0.08421052631578947,0.00246886796425967,0.00335246718947908,0.07368421052631578,0.03105277679867597
100033527|F|0-13:C>T-13:C>T,,,95.0,0.43157894736842106,0.05192730918013702,-0.08028686084713249,0.3157894736842105,0.18066076355483593
100034394|F|0-13:G>T-13:G>T,,,95.0,0.28421052631578947,0.03169260369066612,-0.012605591446847801,0.21052631578947367,0.1380259759401726
100036190|F|0-13:A>T-13:A>T,Vu03 (old3),59363081.0,95.0,0.12105263157894737,-0.0030864911206343985,0.018219914399880445,0.08947368421052632,-0.02950555841472025
100038463|F|0-13:A>C-13:A>C,,,95.0,0.1736842105263158,0.0159705805587142,-0.011703654297032906,0.15263157894736842,0.10178924609533525
100038948|F|0-13:G>A-13:G>A,,,95.0,0.17894736842105263,0.0011640382922326771,9.505680133865898e-05,0.14736842105263157,0.007831916474252508
100040013|F|0-13:A>G-13:A>G,,,95.0,0.5052631578947369,0.01613023815972078,-0.004681823081653295,0.25263157894736843,0.06108087899368527
100046316|F|0-13:C>A-13:C>A,,,88.0,0.11363636363636363,0.0024183980543440752,0.03294899903427037,0.06818181818181818,0.023355059215350936
100049762|F|0-13:A>G-13:A>G,,,95.0,0.11052631578947368,0.005635997067448683,-0.01292444821731748,0.11052631578947368,0.054592344457370344
100059965|F|0-13:G>A-13:G>A,,,95.0,0.042105263157894736,-0.0010051772790042588,-0.001359734869921623,0.042105263157894736,-0.025293618538432237
100013227|F|0-14:G>A-14:G>A,,,95.0,0.1,0.0038107720279379276,0.010801533403400985,0.07894736842105263,0.04073092467113723
100013428|F|0-14:G>T-14:G>T,,,95.0,0.4,-0.0008877104931252417,0.04167306707629287,0.2,-0.00368672956579328
100013964|F|0-14:T>G-14:T>G,,,95.0,0.18947368421052632,0.018734497709152094,0.01376020696903548,0.1368421052631579,0.11063452604097898
100018591|F|0-14:C>T-14:C>T,,,95.0,0.4789473684210526,-0.005119449250419091,-0.03774235809465008,0.2894736842105263,-0.0207591350241906
100018802|F|0-14:G>A-14:G>A,Vu01 (old4),30676663.0,95.0,0.37894736842105264,0.1753948254262457,-0.03125751818451309,0.23157894736842105,0.4668278874658666
100019323|F|0-14:A>G-14:A>G,Vu03 (old3),17470074.0,95.0,0.08421052631578947,0.00246886796425967,0.00335246718947908,0.07368421052631578,0.03105277679867597
100021043|F|0-14:C>T-14:C>T,,,95.0,0.3263157894736842,0.21269037251441947,-0.0017415238977208259,0.17894736842105263,0.5455050939717786
100021718|F|0-14:T>C-14:T>C,Vu02 (old7),26744915.0,95.0,0.11052631578947368,0.005359615742680262,-0.002284946236559144,0.1,0.05199740894984853
100022067|F|0-14:T>C-14:T>C,Vu06 (old6),22313672.0,95.0,0.1,-0.002047076310010957,-0.009150840199227291,0.1,-0.023052120283010232
100028365|F|0-14:C>A-14:C>A,,,95.0,0.42105263157894735,-0.004060645556246733,-0.05968599406629967,0.30526315789473685,-0.016813117319248377
100028611|F|0-14:A>C-14:A>C,,,95.0,0.10526315789473684,0.004980405326027446,-0.011668957339585522,0.10526315789473684,0.05052422255718472
100028868|F|0-14:T>C-14:T>C,,,95.0,0.2631578947368421,0.13264741899010862,0.030948216092528485,0.1368421052631579,0.4415138352373285
100029181|F|0-14:G>C-14:G>C,,,95.0,0.12631578947368424,0.0009186861079927689,0.016103277499712163,0.09473684210526316,0.008220257027014453
100030222|F|0-14:T>A-14:T>A,,,94.0,0.11702127659574468,0.005960768642454004,0.0069338408211941155,0.09574468085106383,0.05486752191759113
100030380|F|0-14:C>T-14:C>T,,,95.0,0.06842105263157895,0.0011990724116300157,0.005966866089956075,0.05789473684210526,0.01843006401786889
100033543|F|0-14:C>T-14:C>T,,,95.0,0.06315789473684211,-0.0015226129922925073,0.0072019920279682665,0.05263157894736842,-0.02611195296663205
100033927|F|0-14:A>G-14:A>G,,,95.0,0.27368421052631575,0.028483116898230017,-0.006062351626867772,0.2,0.12805961198577603
100034817|F|0-14:G>A-14:G>A,,,93.0,0.22043010752688172,0.10669100787266383,0.02688515916289321,0.12365591397849462,0.414765558992759
100035888|F|0-14:T>C-14:T>C,,,95.0,0.2631578947368421,0.025704895802036578,-0.010414630172694683,0.2,0.11939646099137545
100036213|F|0-14:A>C-14:A>C,,,95.0,0.21578947368421053,0.06481887961648122,0.025331994453386637,0.13157894736842107,0.29233271012452144
100038892|F|0-14:A>C-14:A>C,,,95.0,0.3736842105263158,0.09630583771765172,-0.00033294379644126937,0.21578947368421053,0.3089078340575738
100040647|F|0-14:T>A-14:T>A,,,94.0,0.12234042553191489,-0.0020694930082468337,-0.003342611046321372,0.11170212765957446,-0.01947024695316147
100047135|F|0-14:G>A-14:G>A,,,94.0,0.2127659574468085,0.11087201930598378,0.017793147191406285,0.1276595744680851,0.4325451335223131
100058976|F|0-14:G>A-14:G>A,,,95.0,0.05263157894736842,0.0005541480195858068,-0.002634273856684715,0.05263157894736842,0.010962059159348513
100014335|F|0-15:A>C-15:A>C,,,95.0,0.4473684210526316,0.0622158983857769,-0.02228163272305889,0.2578947368421053,0.2088980517764361
100014460|F|0-15:A>T-15:A>T,,,95.0,0.3894736842105263,0.16757122514872833,-0.006010260254742412,0.21052631578947367,0.45035461798352566
100014627|F|0-15:C>G-15:C>G,,,95.0,0.3526315789473684,-0.003708585243985328,-0.006623352124200993,0.23684210526315788,-0.016372709792458095
100015215|F|0-15:G>A-15:G>A,,,95.0,0.18947368421052632,0.01956364168345736,-0.018158298973239527,0.16842105263157894,0.11519788572373037
100015825|F|0-15:C>G-15:C>G,,,95.0,0.05789473684210526,0.0008225288323214599,-0.003249723771795079,0.05789473684210526,0.014829011780715584
100016059|F|0-15:A>T-15:A>T,,,95.0,0.08421052631578947,0.0027452492890280918,-0.00728703479127927,0.08421052631578947,0.034458298963871474
100016234|F|0-15:C>T-15:C>T,Vu06 (old6),20274938.0,95.0,0.15789473684210525,0.01244962794501966,0.004814455493572622,0.12631578947368421,0.08670872659586523
100016348|F|0-15:G>A-15:G>A,,,95.0,0.09473684210526316,-0.0007225617890154983,0.0021652065158007713,0.08421052631578947,-0.008435902374896801
100016465|F|0-15:G>A-15:G>A,,,93.0,0.13978494623655913,0.0009076897360386626,0.03487173068211618,0.08602150537634409,0.007452240039374625
100016846|F|0-15:T>C-15:T>C,Vu08 (old5),5868167.0,94.0,0.06914893617021277,0.0012529999994262497,0.005972548844777811,0.05851063829787234,0.019061038583179854
100016973|F|0-15:G>T-15:G>T,,,95.0,0.3526315789473684,0.07378138001697913,0.009087571078233226,0.20526315789473684,0.2560678859278152
100017056|F|0-15:G>A-15:G>A,,,95.0,0.08947368421052632,-0.0009527063883997284,0.0031646810084840693,0.07894736842105263,-0.011738714887290712
100017206|F|0-15:G>C-15:G>C,,,95.0,0.5368421052631579,0.12128850547891187,0.003959556760915002,0.22105263157894736,0.3502404345236006
100017718|F|0-15:A>G-15:A>G,,,95.0,0.18421052631578946,0.00856146095986901,-0.0033394826264096554,0.15263157894736842,0.0542367312295524
100018053|F|0-15:A>T-15:A>T,,,95.0,0.16842105263157894,0.014573954378101849,0.0009593877166033256,0.1368421052631579,0.09564503094697419
100018697|F|0-15:T>C-15:T>C,,,95.0,0.22631578947368422,0.028473545250618994,-0.0035407739779556484,0.1736842105263158,0.14335906724953235
100018871|F|0-15:C>A-15:C>A,,,95.0,0.09473684210526316,0.0032326224722538086,0.01192901608860864,0.07368421052631578,0.03638462016477396
100019065|F|0-15:C>T-15:C>T,,,95.0,0.4105263157894737,0.10189943301589725,-0.051658471692427564,0.2736842105263158,0.31457707480402697
100019698|F|0-15:C>A-15:C>A,Vu07 (old2),37885937.0,95.0,0.2578947368421053,-0.004518450534631937,-0.011998869363045901,0.20526315789473684,-0.02393933865022413
100020284|F|0-15:A>T-15:A>T,Vu05 (old1),16272496.0,95.0,0.7526315789473684,0.03516696064219106,-0.02547464090333356,0.20526315789473684,0.163601137451056
100028785|F|0-15:C>T-15:C>T,,,95.0,0.14210526315789473,0.0030911887845277053,-0.009710248250146363,0.13157894736842105,0.024737448443712805
100029003|F|0-15:A>G-15:A>G,,,95.0,0.07368421052631578,-0.0011344323045726485,-0.004860422071797278,0.07368421052631578,-0.01675938979327337
100029165|F|0-15:A>T-15:A>T,,,95.0,0.3263157894736842,0.030357664260052205,-0.016920600621789055,0.23157894736842105,0.12390073667154768
100029682|F|0-15:A>G-15:A>G,,,95.0,0.1736842105263158,0.01569419923394578,-0.00106415231627457,0.14210526315789476,0.10013186707181182
100029852|F|0-15:A>T-15:A>T,,,95.0,0.042105263157894736,-0.0012815586037726806,0.00927976711083672,0.031578947368421054,-0.03238127084737043
100030002|F|0-15:C>G-15:C>G,,,95.0,0.23684210526315788,0.018193246225294835,0.025462360691562706,0.15263157894736842,0.09268687685949761
100030019|F|0-15:C>A-15:C>A,,,95.0,0.6105263157894737,0.008768019634169615,0.026852933898774314,0.21052631578947367,0.03562103149998697
100030094|F|0-15:T>A-15:T>A,Vu03 (old3),33492365.0,95.0,0.3631578947368421,0.1030588240213293,-0.04685920568772859,0.2578947368421053,0.3281142189380566
100033134|F|0-15:C>T-15:C>T,,,95.0,0.1631578947368421,0.014045193264663317,-0.01836008030829764,0.15263157894736842,0.09469732020303852
100033181|F|0-15:C>A-15:C>A,,,95.0,0.39473684210526316,0.0946694354672466,-0.026814010833535462,0.24736842105263157,0.30032447342656166
100033601|F|0-15:C>A-15:C>A,,,95.0,0.49473684210526314,0.12426233767745085,-0.037641298995288765,0.2631578947368421,0.35525963917499737
100033857|F|0-15:C>A-15:C>A,Vu03 (old3),47106161.0,95.0,0.08421052631578947,-0.0011441298949154,0.00410015140490523,0.07368421052631578,-0.014928580779523328
100033945|F|0-15:G>T-15:G>T,,,95.0,0.6105263157894737,0.05508402596798075,-0.15204874355977924,0.37894736842105264,0.195345443437707
100033982|F|0-15:A>G-15:A>G,,,95.0,0.4368421052631579,0.01209185927844286,-0.0448875426591895,0.2894736842105263,0.04710905975328123
100034357|F|0-15:T>C-15:T>C,,,95.0,0.30526315789473685,0.04658052070468287,0.014212676118448578,0.18947368421052632,0.18612339160617247
100034540|F|0-15:G>A-15:G>A,,,95.0,0.22105263157894736,0.00029259960004618716,-0.005939610757098027,0.17894736842105263,0.0016883958271387135
100034599|F|0-15:A>G-15:A>G,,,95.0,0.3736842105263158,0.04699779416343098,-0.06420514262195079,0.2894736842105263,0.1726169856204289
100035152|F|0-15:C>A-15:C>A,,,95.0,0.5105263157894737,0.03864161041056728,-0.03588014513311624,0.2789473684210526,0.13716861449905088
100035177|F|0-15:C>A-15:C>A,,,95.0,0.5526315789473685,0.07537003422921941,-0.0038391739367969985,0.23684210526315788,0.24441193829500893
100038568|F|0-15:C>T-15:C>T,,,95.0,0.30526315789473685,0.03802346774042418,-0.005181116280437168,0.21052631578947367,0.15623813932238412
100043266|F|0-15:G>A-15:G>A,,,95.0,0.21052631578947367,0.02434372250040453,-0.006381545261001954,0.16842105263157894,0.1306111205243936
100048192|F|0-15:C>T-15:C>T,,,95.0,0.30526315789473685,0.0008100982847002972,-0.09272083556888315,0.30526315789473685,0.003796995986181109
100059434|F|0-15:G>A-15:G>A,,,95.0,0.4263157894736842,0.11002709368204765,0.018048144554935735,0.20526315789473684,0.3300762677173557
100013697|F|0-16:T>C-16:T>C,,,95.0,0.4105263157894737,0.07979999425197373,-0.01533822949357754,0.24210526315789474,0.26030194699791187
100013923|F|0-16:T>C-16:T>C,,,95.0,0.08421052631578947,0.00246886796425967,0.00335246718947908,0.07368421052631578,0.03105277679867597
100014127|F|0-16:C>T-16:C>T,,,95.0,0.37894736842105264,0.08626962515211366,-0.0022313849138976233,0.22105263157894736,0.28276698230359976
100014400|F|0-16:A>T-16:A>T,,,95.0,0.1736842105263158,0.00941489928712384,0.010817610987390307,0.13157894736842105,0.06201705347739923
100014679|F|0-16:C>A-16:C>A,Vu07 (old2),38481917.0,95.0,0.43157894736842106,0.03422843540538345,-0.013130363788258539,0.25263157894736843,0.12504467577698128
100014947|F|0-16:G>C-16:G>C,,,95.0,0.12105263157894738,0.00595781852982314,0.026930565661465507,0.07894736842105263,0.053272932766633745
100015147|F|0-16:C>G-16:C>G,,,95.0,0.4263157894736842,0.0865870260246046,0.012316593046643965,0.21578947368421053,0.2751475263293733
100016088|F|0-16:G>A-16:G>A,,,95.0,0.38421052631578945,0.03377820588231148,-0.01656462760028129,0.24736842105263163,0.12766630370642276
100016625|F|0-16:T>C-16:T>C,,,95.0,0.1736842105263158,0.00941489928712384,0.010817610987390307,0.13157894736842105,0.06201705347739923
100017329|F|0-16:T>C-16:T>C,,,95.0,0.2,0.021323477256656984,0.009137090036920318,0.14736842105263157,0.11991001835506747
100019856|F|0-16:C>T-16:C>T,Vu07 (old2),39191443.0,95.0,0.07894736842105263,-0.0012968323085625147,0.004971617705064212,0.06842105263157895,-0.01798761681717897
100020456|F|0-16:A>C-16:A>C,,,95.0,0.43157894736842106,0.05137454653060018,-0.059007856885615814,0.2947368421052632,0.17894083788314766
100028579|F|0-16:T>A-16:T>A,,,95.0,0.07894736842105263,0.002006881687181228,0.004287937585900227,0.06842105263157895,0.026860178915425983
100028837|F|0-16:A>C-16:A>C,,,95.0,0.11578947368421053,0.006053928576970056,-0.003604441210553267,0.10526315789473684,0.05620443692838537
100028939|F|0-16:C>T-16:C>T,,,95.0,0.3473684210526315,0.065650983244982,0.014465507610668856,0.2,0.2343702901762151
100028940|F|0-16:C>T-16:C>T,,,95.0,0.3368421052631579,0.05123553094332317,0.02467152730310626,0.18947368421052632,0.19306423845593648
100030012|F|0-16:C>G-16:C>G,,,94.0,0.11702127659574468,0.005680993415062224,0.01768777236605998,0.0851063829787234,0.05237138164833903
100030037|F|0-16:T>A-16:T>A,,,95.0,0.4473684210526316,0.12260611518964057,-0.013614345002290668,0.23684210526315788,0.35452315083340263
100030054|F|0-16:G>A-16:G>A,,,95.0,0.32631578947368417,0.017859784505940772,-0.01433425327737719,0.23157894736842105,0.07596530960414395
100030532|F|0-16:G>A-16:G>A,,,95.0,0.08421052631578947,-0.0011441298949154,0.00410015140490523,0.07368421052631578,-0.014928580779523328
100032747|F|0-16:T>A-16:T>A,,,95.0,0.10526315789473684,0.004427642676490602,0.009610046621931177,0.08421052631578947,0.04506588388206981
100032976|F|0-16:C>T-16:C>T,,,95.0,0.8421052631578947,0.004581733608754964,0.01702496710985679,0.11578947368421053,0.03334687904280434
100033423|F|0-16:C>T-16:C>T,,,92.0,0.3423913043478261,0.08917438157887927,0.039248835645776074,0.16847826086956522,0.3003500762316182
100033589|F|0-16:T>C-16:T>C,,,95.0,0.14736842105263157,-0.0014975346458379554,0.01089221097710061,0.11578947368421053,-0.011962653783668741
100033600|F|0-16:A>G-16:A>G,,,95.0,0.14210526315789473,0.21646026353163986,0.02021068678538966,0.05789473684210526,0.7348454791840721
100034020|F|0-16:G>A-16:G>A,,,95.0,0.35789473684210527,0.07708600709752787,-0.027094618266095365,0.24210526315789477,0.2639058221740401
100034723|F|0-16:A>C-16:A>C,,,95.0,0.2789473684210526,0.07657384523613056,0.012821000448334903,0.1736842105263158,0.29106781185492364
100035349|F|0-16:C>T-16:C>T,,,95.0,0.37894736842105264,0.08765153177595576,-0.055428894817689416,0.2736842105263158,0.28653013980137676
100035791|F|0-16:G>A-16:G>A,Vu09 (old8),36664091.0,95.0,0.3736842105263158,0.08778497754592228,-0.15730421483817067,0.3736842105263158,0.2886097521767181
100036118|F|0-16:G>C-16:G>C,,,93.0,0.22580645161290322,0.007153843398502965,0.002231704828085608,0.17204301075268819,0.0394306356107921
100036187|F|0-16:T>C-16:T>C,,,95.0,0.7684210526315789,0.031401628751859166,-0.05946586897350901,0.23157894736842105,0.15429660682563281
100038434|F|0-16:C>A-16:C>A,,,95.0,0.09473684210526316,0.25467621584609446,0.012806086575186754,0.021052631578947368,0.8826529679275947
100038514|F|0-16:A>T-16:A>T,,,95.0,0.35789473684210527,0.10580244550054985,-0.04361958782586964,0.25263157894736843,0.3360787600333947
100038543|F|0-16:T>C-16:T>C,Vu08 (old5),28171940.0,95.0,0.29473684210526313,-0.006456756404389418,0.05267996481918382,0.15789473684210525,-0.03163247795906943
100038652|F|0-16:A>G-16:A>G,,,95.0,0.13157894736842107,-0.002029205036379315,0.004787230784684128,0.11052631578947368,-0.01791249354353715
100044400|F|0-16:A>G-16:A>G,,,94.0,0.3351063829787234,0.0539707153425707,-0.048106900733874906,0.26063829787234044,0.20251515021822258
100048218|F|0-16:G>A-16:G>A,,,95.0,0.15263157894736842,0.004088239608767468,-0.002413781276260046,0.13157894736842105,0.030680188526986236
100059450|F|0-16:C>T-16:C>T,,,87.0,0.09195402298850575,0.002382715866502733,0.037692608803957146,0.04597701149425287,0.027689147938319503
100014336|F|0-17:A>G-17:A>G,,,95.0,0.3631578947368421,0.04281397661555812,-0.044974269740823226,0.26842105263157895,0.16079717001837393
100014890|F|0-17:C>T-17:C>T,,,95.0,0.07894736842105263,0.0022832630119496494,-0.0063515643948581085,0.07894736842105263,0.03049267441842634
100015896|F|0-17:T>A-17:T>A,,,95.0,0.05789473684210526,0.0008225288323214599,-0.003249723771795079,0.05789473684210526,0.014829011780715584
100016501|F|0-17:C>T-17:C>T,,,95.0,0.39473684210526316,0.07308507099039149,-0.032929586919400164,0.2578947368421053,0.2452105915791323
100017545|F|0-17:T>C-17:T>C,,,95.0,0.05263157894736842,-0.0012031466590012889,-0.0022706142188315334,0.05263157894736842,-0.02447518433994349
100019098|F|0-17:C>A-17:C>A,,,95.0,0.30526315789473685,0.04658052070468287,0.014212676118448578,0.18947368421052632,0.18612339160617247
100020010|F|0-17:T>C-17:T>C,Vu03 (old3),2486590.0,95.0,0.07894736842105263,0.0022832630119496494,-0.0063515643948581085,0.07894736842105263,0.03049267441842634
100020253|F|0-17:T>C-17:T>C,,,95.0,0.3684210526315789,0.026688130708606213,-0.03491821562704415,0.2631578947368421,0.10468897342983999
100020311|F|0-17:G>A-17:G>A,,,95.0,0.05789473684210526,0.0008225288323214599,-0.003249723771795079,0.05789473684210526,0.014829011780715584
100021184|F|0-17:T>G-17:T>G,,,95.0,0.08947368421052632,-0.0009527063883997284,0.0031646810084840693,0.07894736842105263,-0.011738714887290712
100029094|F|0-17:C>T-17:C>T,,,94.0,0.2925531914893617,0.002519085428727713,0.0001029684290943842,0.2074468085106383,0.011991712623783537
100029921|F|0-17:C>T-17:C>T,,,95.0,0.15263157894736842,0.01199830901731824,-0.014633020723852676,0.14210526315789476,0.08602754411208154
100030406|F|0-17:T>A-17:T>A,,,95.0,0.05263157894736842,1.3853700489636983e-06,0.018644730104831978,0.031578947368421054,2.758324172308031e-05
100030789|F|0-17:T>C-17:T>C,,,95.0,0.03684210526315789,-0.0011244922744713282,0.00963920064089843,0.02631578947368421,-0.03228470289552814
100030838|F|0-17:T>C-17:T>C,,,92.0,0.20652173913043478,0.031445204573996965,0.050218569577000126,0.10869565217391304,0.16518858656531943
100033028|F|0-17:A>C-17:A>C,,,95.0,0.4473684210526316,-0.005816979921504431,0.012961901332020173,0.23684210526315788,-0.0238413492750354
100033304|F|0-17:G>A-17:G>A,,,95.0,0.5052631578947369,0.1511703329099643,-0.011462796776888442,0.23157894736842105,0.407152804175148
100035052|F|0-17:C>T-17:C>T,,,88.0,0.08522727272727272,0.002013653818244577,0.02698391724554515,0.05113636363636364,0.025128602829491697
100035301|F|0-17:C>T-17:C>T,,,95.0,0.2789473684210526,0.09891257519032973,0.008198159131945193,0.1736842105263158,0.35225910225579393
100038943|F|0-17:C>T-17:C>T,,,95.0,0.42105263157894735,0.11962089461958549,-0.0006225546760351327,0.22105263157894736,0.35177342409583845
100039121|F|0-17:A>G-17:A>G,,,95.0,0.1368421052631579,0.002512554349326448,-0.008134736891103621,0.12631578947368424,0.020817625831200663
100039240|F|0-17:G>A-17:G>A,,,94.0,0.2925531914893617,0.002519085428727713,0.0001029684290943842,0.2074468085106383,0.011991712623783537
100040070|F|0-17:A>G-17:A>G,,,95.0,0.3105263157894737,0.039564795822650885,0.0018347432608892878,0.20526315789473684,0.16040040227945476
100043431|F|0-17:C>G-17:C>G,,,95.0,0.2789473684210526,-0.0031702430372308895,-0.013005754856349094,0.21578947368421053,-0.015881908897553972
100047522|F|0-17:A>C-17:A>C,,,95.0,0.4473684210526316,0.013227308570574184,-0.001561485581010229,0.24736842105263157,0.05106393797269334
100050254|F|0-17:A>G-17:A>G,,,88.0,0.9545454545454546,-0.0010982674830454938,-0.001585623678646972,0.045454545454545456,-0.025678061306371344
100012992|F|0-18:G>T-18:G>T,,,95.0,0.26842105263157895,0.015722372623032457,-0.021730676887722716,0.21578947368421053,0.07494653913188397
100013718|F|0-18:C>A-18:C>A,,,95.0,0.07368421052631578,0.0013072351782029206,0.01579890586681757,0.05263157894736842,0.01874502318609772
100013788|F|0-18:C>T-18:C>T,,,95.0,0.07894736842105263,0.002006881687181228,0.004287937585900227,0.06842105263157895,0.026860178915425983
100014060|F|0-18:C>T-18:C>T,,,95.0,0.05789473684210526,-0.000639540340263005,-0.0029471589531012247,0.05789473684210526,-0.01177616369748258
100017394|F|0-18:C>T-18:C>T,,,95.0,0.3684210526315789,0.12378980369659054,0.008481124610156836,0.2,0.3725568298358913
100017864|F|0-18:T>C-18:T>C,,,95.0,0.18421052631578946,0.00856146095986901,-0.0033394826264096554,0.15263157894736842,0.0542367312295524
100019068|F|0-18:T>C-18:T>C,,,95.0,0.22105263157894736,0.014758948508163013,0.022813601697302868,0.1473684210526316,0.07980356330867278
100019483|F|0-18:A>T-18:A>T,,,95.0,0.5052631578947369,0.043736066325875705,-0.020976959750304346,0.2631578947368421,0.15296770085415992
100020103|F|0-18:T>C-18:T>C,,,95.0,0.12631578947368424,0.0017478300822980346,-0.0158152284425629,0.12631578947368424,0.015571092511535163
100021054|F|0-18:A>G-18:A>G,,,93.0,0.30107526881720437,0.051818348219300064,0.05043474752365389,0.15053763440860218,0.20498515981275617
100021422|F|0-18:C>G-18:C>G,,,95.0,0.24736842105263157,0.010883690653014075,0.0007152228077525469,0.18421052631578946,0.05558307436778214
100021842|F|0-18:C>G-18:C>G,,,95.0,0.30526315789473685,0.05600829448755718,-0.06181448244266578,0.2631578947368421,0.2176332738879375
100022261|F|0-18:G>A-18:G>A,,,95.0,0.05789473684210526,0.0008225288323214599,-0.003249723771795079,0.05789473684210526,0.014829011780715584
100028279|F|0-18:C>T-18:C>T,,,95.0,0.7473684210526316,0.2727911886636228,-0.024369329972046414,0.15789473684210525,0.6713759459057335
100029235|F|0-18:C>T-18:C>T,,,95.0,0.08947368421052632,0.0032459566589750936,-0.008286509283962596,0.08947368421052632,0.03844411071839293
100033468|F|0-18:T>A-18:T>A,Vu04 (old11),40488211.0,95.0,0.16842105263157894,-0.0017992462025243768,0.014930011980096832,0.12631578947368424,-0.012902765502399613
100033981|F|0-18:C>A-18:C>A,,,95.0,0.05789473684210526,0.008029979483425237,0.016423359228961952,0.03684210526315789,0.13100450804514838
100034034|F|0-18:A>G-18:A>G,,,95.0,0.16842105263157894,0.006565177353562358,-0.01854786648929264,0.15789473684210525,0.044994073188347986
100034321|F|0-18:C>G-18:C>G,,,95.0,0.3736842105263158,0.07502118545661698,-0.027675156855971803,0.24736842105263157,0.2545555046414497
100035052|F|0-18:T>C-18:T>C,,,91.0,0.21978021978021978,0.014882725444563094,0.015483077315942477,0.15384615384615385,0.08079131082865372
100038530|F|0-18:T>G-18:T>G,,,95.0,0.42105263157894735,0.018105196512978265,-0.011361523309740622,0.25263157894736843,0.06980309942008459
100039160|F|0-18:T>A-18:T>A,,,95.0,0.07894736842105263,0.002006881687181228,0.004287937585900227,0.06842105263157895,0.026860178915425983
100040506|F|0-18:G>A-18:G>A,,,95.0,0.09473684210526316,0.0029562411474853873,0.022568518069366977,0.06315789473684211,0.03333505500443169
100043320|F|0-18:A>G-18:A>G,,,93.0,0.586021505376344,-0.0012909930910579893,0.034692490829390916,0.20967741935483872,-0.005311003959109931
100044112|F|0-18:T>G-18:T>G,,,90.0,0.8333333333333334,0.005523581304937866,0.016342074368541567,0.1222222222222222,0.03833480918454587
100044425|F|0-18:G>C-18:G>C,,,94.0,0.16489361702127658,0.013321489204592075,0.024099171895723484,0.11170212765957446,0.08933235030925867
100046739|F|0-18:T>G-18:T>G,,,95.0,0.05789473684210526,-0.0015204310344653885,0.007817441943078617,0.04736842105263158,-0.028331664889297597
100013432|F|0-19:G>A-19:G>A,,,95.0,0.04736842105263158,-0.001123522515437053,-0.0017831724962455065,0.04736842105263158,-0.025269430934874063
100013877|F|0-19:G>T-19:G>T,,,95.0,0.5105263157894737,0.03836522908579886,-0.025240643152357932,0.26842105263157895,0.13626646564776684
100013921|F|0-19:C>G-19:C>G,,,95.0,0.06842105263157895,0.0009226910868615943,0.016606368070714417,0.04736842105263158,0.014217671993934613
100013963|F|0-19:T>C-19:T>C,,,95.0,0.08421052631578947,0.00246886796425967,0.00335246718947908,0.07368421052631578,0.03105277679867597
100014670|F|0-19:A>G-19:A>G,Vu11 (old9),34116227.0,95.0,0.07368421052631578,0.0018599978277397638,-0.005480098094699112,0.07368421052631578,0.026547084104181252
100014882|F|0-19:A>G-19:A>G,,,95.0,0.3684210526315789,0.00033349635360527865,-0.018882004620544603,0.2526315789473685,0.0014246923224130496
100015679|F|0-19:G>A-19:G>A,,,95.0,0.07368421052631578,-0.00141081362934107,0.005779079908961057,0.06315789473684211,-0.020892845204055505
100016298|F|0-19:G>A-19:G>A,,,95.0,0.4473684210526316,0.017706839652535094,-0.04481772000872172,0.2894736842105263,0.06748990097836313
100016995|F|0-19:T>G-19:T>G,,,95.0,0.19473684210526315,-0.0023009863028715144,0.016097673313293002,0.14210526315789473,-0.014759188710515188
100017121|F|0-19:C>T-19:C>T,,,92.0,0.08152173913043478,0.0022470937079990573,0.004180085882984449,0.07065217391304347,0.02915299111689694
100017737|F|0-19:T>C-19:T>C,,,95.0,0.22105263157894736,0.006881183410299456,-0.017885378157025043,0.18947368421052632,0.03855663750130903
100019295|F|0-19:G>T-19:G>T,,,94.0,0.14361702127659576,0.01011974465794986,-0.0007982902934587384,0.12234042553191489,0.07686161450764838
100021699|F|0-19:G>C-19:G>C,,,95.0,0.1631578947368421,0.20060498039525065,0.017108846162326632,0.07894736842105263,0.6762090350566453
100021965|F|0-19:C>T-19:C>T,,,95.0,0.06842105263157895,0.0014754537363984375,-0.004672635890802281,0.06842105263157895,0.02262137658504593
100022184|F|0-19:G>C-19:G>C,,,95.0,0.15789473684210525,0.013002390594556502,-0.016464548467944047,0.14736842105263157,0.09035319455388285
100028488|F|0-19:T>C-19:T>C,,,95.0,0.08421052631578947,0.032717966440997455,0.018257245018705123,0.05263157894736842,0.31578978860795315
100029518|F|0-19:G>C-19:G>C,,,95.0,0.3894736842105263,0.021190821777332055,0.013699816501174758,0.22105263157894736,0.08279499511408968
100030242|F|0-19:A>G-19:A>G,,,95.0,0.23157894736842105,-0.0030455345442777382,0.0005742606761282399,0.17894736842105263,-0.01725749060796879
100030430|F|0-19:A>C-19:A>C,,,95.0,0.25263157894736843,0.03686802189106338,-0.028458242380143876,0.21052631578947367,0.16839627033851265
100032841|F|0-19:T>A-19:T>A,Vu05 (old1),2448565.0,95.0,0.38421052631578945,0.0676965356479391,-0.0024191710948926483,0.22631578947368422,0.23216092254941373
100032879|F|0-19:G>T-19:G>T,,,95.0,0.08421052631578947,-0.0014205112196838214,0.014739653385663565,0.06315789473684211,-0.018574349598413996
100034797|F|0-19:G>T-19:G>T,,,95.0,0.08947368421052632,0.0026931940094382504,0.01299249467755409,0.06842105263157895,0.03202114321891551
100035017|F|0-19:T>C-19:T>C,,,95.0,0.4421052631578947,0.04652325769313622,-0.02491321167042728,0.2631578947368421,0.1633725256046957
100035288|F|0-19:C>G-19:C>G,,,95.0,0.468421052631579,0.08637070364002712,-0.046653198244879054,0.2789473684210526,0.2710392978230916
100038653|F|0-19:G>C-19:G>C,Vu03 (old3),39667683.0,95.0,0.12105263157894737,0.001285358925702454,-0.014431729372306627,0.12105263157894737,0.011911810419656808
100038797|F|0-19:T>G-19:T>G,,,95.0,0.24210526315789477,0.033228239161418906,-0.011915541542027135,0.18947368421052632,0.1576394019051502
100039064|F|0-19:C>T-19:C>T,,,95.0,0.1368421052631579,0.008389246868509543,0.022396043873123682,0.09473684210526316,0.0668348017854524
100041774|F|0-19:G>A-19:G>A,Vu03 (old3),27017059.0,95.0,0.46842105263157896,0.07249540397189125,-0.012034883151181966,0.24736842105263157,0.23550548408706862
100043193|F|0-19:A>G-19:A>G,,,90.0,0.4166666666666667,0.12251251870311577,0.057187670723343846,0.16111111111111112,0.3594731703727943
100046183|F|0-19:T>A-19:T>A,,,95.0,0.07894736842105263,0.0022832630119496494,-0.0063515643948581085,0.07894736842105263,0.03049267441842634
100053174|F|0-19:G>C-19:G>C,,,95.0,0.11052631578947368,0.00508323441791184,0.008354555744199205,0.08947368421052632,0.04939424343981021
100055734|F|0-19:T>C-19:T>C,,,95.0,0.06842105263157895,0.0014754537363984375,-0.004672635890802281,0.06842105263157895,0.02262137658504593
100013415|F|0-20:G>A-20:G>A,Vu07 (old2),385652.0,95.0,0.1631578947368421,0.013768811939894897,-0.007720578327539308,0.14210526315789476,0.09293612530284681
100013491|F|0-20:G>A-20:G>A,,,95.0,0.06315789473684211,0.0005768680883888249,0.017349826178349112,0.042105263157894736,0.009609349971855505
100013605|F|0-20:C>T-20:C>T,,,94.0,0.05851063829787234,0.027550886870062713,0.02318600784434517,0.026595744680851064,0.35626466503032334
100013982|F|0-20:C>G-20:C>G,,,95.0,0.14210526315789473,-0.0015292249857080194,0.0018282203553850289,0.12105263157894737,-0.012601602666237301
100014308|F|0-20:G>A-20:G>A,,,95.0,0.48947368421052634,0.10746684167164897,-0.028958423674043315,0.2578947368421053,0.3194584834463121
100015749|F|0-20:C>T-20:C>T,Vu09 (old8),33437303.0,95.0,0.3894736842105263,0.01954599395817453,0.014040201922205328,0.22105263157894736,0.07675967625674275
100016006|F|0-20:G>A-20:G>A,Vu07 (old2),32542535.0,95.0,0.05263157894736842,-0.0012031466590012889,-0.0022706142188315334,0.05263157894736842,-0.02447518433994349
100016359|F|0-20:G>C-20:G>C,Vu08 (old5),32438045.0,95.0,0.06315789473684211,0.0005768680883888249,0.017349826178349112,0.042105263157894736,0.009609349971855505
100021519|F|0-20:C>T-20:C>T,,,95.0,0.3894736842105263,0.03327143751840025,-0.009964794684658891,0.24210526315789474,0.12535774306767053
100029761|F|0-20:T>G-20:T>G,Vu02 (old7),30481386.0,95.0,0.28421052631578947,-0.0038564955366903455,-0.02641357180830863,0.23157894736842105,-0.019157105917243424
100033254|F|0-20:A>G-20:A>G,,,95.0,0.23684210526315788,0.03928078236834,0.021098445037324474,0.15263157894736842,0.18440746289292995
100033723|F|0-20:T>C-20:T>C,,,92.0,0.15760869565217392,0.00478205241787567,-0.003406786599218159,0.1358695652173913,0.034843224198509985
100034771|F|0-20:A>G-20:A>G,,,95.0,0.07368421052631578,-0.0011344323045726485,-0.004860422071797278,0.07368421052631578,-0.01675938979327337
100035181|F|0-20:A>G-20:A>G,,,95.0,0.1368421052631579,-0.003714998877598377,0.024900931458656426,0.09473684210526316,-0.03204718734218448
100035309|F|0-20:A>C-20:A>C,,,94.0,0.15425531914893617,0.011221633043914317,0.027912296735508157,0.10106382978723404,0.08004145771373067
100038668|F|0-20:A>G-20:A>G,,,95.0,0.06842105263157895,0.0011990724116300157,0.005966866089956075,0.05789473684210526,0.01843006401786889
100040576|F|0-20:T>A-20:T>A,,,94.0,0.0851063829787234,0.0022787946872972163,0.014051580977007,0.06382978723404255,0.028428019665915804
100043222|F|0-20:C>A-20:C>A,,,95.0,0.47368421052631576,-0.0028526028735496776,-0.012007658442293331,0.2631578947368421,-0.011488643021872743
100052713|F|0-20:C>T-20:C>T,,,95.0,0.17894736842105263,0.01602402120835301,0.028766809496860446,0.11578947368421053,0.09978821044885484
100059435|F|0-20:G>A-20:G>A,,,95.0,0.6789473684210526,0.060294386979294845,0.01204658150753227,0.19473684210526315,0.22575588307252853
100013355|F|0-21:A>G-21:A>G,,,95.0,0.3263157894736842,0.004335943773522323,0.020211329888749255,0.2,0.01930971462180281
100015053|F|0-21:C>T-21:C>T,,,94.0,0.39361702127659576,0.07078500374007275,0.044640423606797895,0.18085106382978725,0.2389153572696609
100015169|F|0-21:A>G-21:A>G,,,94.0,0.05319148936170213,-0.0012112531097944635,-0.0023207792063046654,0.05319148936170213,-0.02439118713444958
100015701|F|0-21:C>G-21:C>G,,,95.0,0.05789473684210526,0.0005461475075530383,0.007389778208963263,0.04736842105263158,0.00987530889448481
100017031|F|0-21:G>T-21:G>T,,,95.0,0.22105263157894736,0.015588092482468277,-0.009104904244972166,0.17894736842105263,0.08406431368899
100017645|F|0-21:T>C-21:T>C,,,94.0,0.0797872340425532,0.0012443937376249126,0.03651655651282281,0.03723404255319149,0.016593024295410385
100017860|F|0-21:C>T-21:C>T,,,95.0,0.23684210526315788,0.019298771524368524,-0.017095647231470664,0.19473684210526315,0.09799316958017279
100017865|F|0-21:A>G-21:A>G,,,95.0,0.13157894736842105,0.00781643098751394,0.013332053251408087,0.1,0.06451942867150386
100018830|F|0-21:C>T-21:C>T,,,95.0,0.46842105263157896,0.14645163658045945,-0.03792190642784873,0.2578947368421053,0.39967755914773934
100019303|F|0-21:A>G-21:A>G,Vu04 (old11),37777897.0,95.0,0.10526315789473684,-0.00014610931164135975,-2.5754758352404166e-05,0.09473684210526316,-0.0015450678959272443
100028302|F|0-21:C>T-21:C>T,,,91.0,0.5769230769230769,0.01755240737301512,0.038596796461965004,0.2032967032967033,0.06765343715407422
100029349|F|0-21:A>C-21:A>C,,,95.0,0.13157894736842105,0.008369193637050784,-0.007946950710108626,0.12105263157894738,0.06889649955262984
100029976|F|0-21:C>T-21:C>T,,,95.0,0.05789473684210526,0.0005461475075530383,0.007389778208963263,0.04736842105263158,0.00987530889448481
100030153|F|0-21:A>T-21:A>T,,,95.0,0.11578947368421053,-0.0022123855911036485,-0.0018937862740918813,0.10526315789473684,-0.021870813652529703
100030735|F|0-21:A>G-21:A>G,,,95.0,0.06315789473684211,0.0008532494131572468,0.0067103241975907625,0.05263157894736842,0.01417471967254278
100033325|F|0-21:T>C-21:T>C,,,95.0,0.11052631578947368,0.000476579891116966,-0.011856743520580517,0.11052631578947368,0.004806842027997442
100034068|F|0-21:G>A-21:G>A,,,95.0,0.07894736842105263,0.00010900343430716238,0.004680689994781667,0.06842105263157895,0.0014888993784714904
100035699|F|0-21:A>T-21:A>T,,,95.0,0.3263157894736842,-0.005144474071212658,-0.020155992375856562,0.24210526315789474,-0.023728598948271253
100038655|F|0-21:A>T-21:A>T,,,95.0,0.24210526315789474,0.14611266171802417,0.01763536406999904,0.1368421052631579,0.48608602420531805
100039032|F|0-21:G>A-21:G>A,,,94.0,0.0851063829787234,0.002558569914688997,0.003297649432141136,0.07446808510638298,0.031852998069585525
100040750|F|0-21:T>G-21:T>G,Vu09 (old8),38024670.0,95.0,0.3157894736842105,0.02769997035811867,-0.0307603074156555,0.24210526315789477,0.11587767542277566
100041246|F|0-21:G>A-21:G>A,,,95.0,0.11578947368421053,0.005777547252201634,0.007035060770205068,0.09473684210526316,0.053719914377462825
100041853|F|0-21:T>C-21:T>C,,,92.0,0.15217391304347827,0.00406081012141618,-0.0015810276679841583,0.13043478260869565,0.030552032574594462
100013004|F|0-22:T>A-22:T>A,,,95.0,0.19473684210526315,0.020838770910775527,-0.02043785539116611,0.1736842105263158,0.11970448816677234
100013484|F|0-22:G>A-22:G>A,,,95.0,0.17894736842105263,0.016853165182658277,-0.003151696445414574,0.14736842105263157,0.10463262379234367
100013584|F|0-22:T>C-22:T>C,,,95.0,0.4473684210526316,0.007383518590054001,-0.02151676846074135,0.26842105263157895,0.029036070585724355
100014831|F|0-22:G>T-22:G>T,,,95.0,0.27368421052631575,0.028483116898230017,-0.006062351626867772,0.2,0.12805961198577603
100016397|F|0-22:A>T-22:A>T,,,95.0,0.07368421052631578,-0.0011344323045726485,-0.004860422071797278,0.07368421052631578,-0.01675938979327337
100017082|F|0-22:G>A-22:G>A,,,95.0,0.25263157894736843,0.022528796427780513,0.006256078857946447,0.17894736842105263,0.10845112932771572
100017158|F|0-22:G>A-22:G>A,Vu02 (old7),30259566.0,95.0,0.3,0.0525381156861572,-0.004993330099442143,0.20526315789473684,0.2078182946415678
100017549|F|0-22:C>T-22:C>T,,,95.0,0.3631578947368421,0.2201463963351271,-0.04992503252265557,0.23684210526315788,0.5408158998768458
100017684|F|0-22:A>G-22:A>G,,,95.0,0.24210526315789477,0.033504620486187325,-0.022555043522785468,0.2,0.15882762586435584
100018873|F|0-22:A>T-22:A>T,,,95.0,0.33157894736842103,0.04722284437931695,-0.013299867459459994,0.22631578947368422,0.181459684249752
100019466|F|0-22:C>T-22:C>T,,,95.0,0.11052631578947368,0.024507397674553108,0.025499476942600883,0.06842105263157895,0.20693934483105894
100019588|F|0-22:A>G-22:A>G,,,95.0,0.21578947368421053,0.02632649874873378,-0.030196122025493814,0.19473684210526315,0.13793096012148903
100029056|F|0-22:A>T-22:A>T,,,95.0,0.12105263157894738,0.0062341998545915635,0.01629106368070716,0.08947368421052632,0.05566302166284374
100029330|F|0-22:A>G-22:A>G,,,95.0,0.06842105263157895,-0.0012237508899113432,-0.004114054687059781,0.06842105263157895,-0.01939898383562924
100035150|F|0-22:T>A-22:T>A,,,95.0,0.06842105263157895,0.0011990724116300157,0.005966866089956075,0.05789473684210526,0.01843006401786889
100035251|F|0-22:T>A-22:T>A,,,95.0,0.28421052631578947,0.055095282099628586,0.0037160043314542514,0.18947368421052632,0.22190341186280155
100035378|F|0-22:G>A-22:G>A,,,95.0,0.45263157894736844,0.042655997201451766,-0.022993088782562444,0.2631578947368421,0.15082340735014396
100038902|F|0-22:A>T-22:A>T,,,95.0,0.24736842105263157,0.02169965245347525,0.0408061637475899,0.14210526315789473,0.10605316447896948
100038956|F|0-22:A>T-22:A>T,Vu08 (old5),7476338.0,95.0,0.06842105263157895,0.0014754537363984375,-0.004672635890802281,0.06842105263157895,0.02262137658504593
100039190|F|0-22:G>A-22:G>A,,,95.0,0.14736842105263157,0.011309329857716958,-0.02350499905678172,0.14736842105263157,0.0836657514376004
100040128|F|0-22:T>C-22:T>C,,,95.0,0.06842105263157895,0.0011990724116300157,0.005966866089956075,0.05789473684210526,0.01843006401786889
100040807|F|0-22:G>A-22:G>A,Vu10 (old10),38975128.0,95.0,0.6842105263157895,0.017755327604248857,-0.10277848212907634,0.3157894736842105,0.07694072371101006
100041269|F|0-22:G>C-22:G>C,,,95.0,0.06842105263157895,0.0011990724116300157,0.005966866089956075,0.05789473684210526,0.01843006401786889
100041989|F|0-22:G>T-22:G>T,,,95.0,0.04736842105263158,4.810697495029275e-05,0.008556673942921826,0.03684210526315789,0.0010585318157698797
100014320|F|0-23:C>T-23:C>T,,,95.0,0.23684210526315788,0.0018711941365900323,-0.002906827185265198,0.18421052631578946,0.010215341760081544
100014429|F|0-23:C>T-23:C>T,,,95.0,0.42105263157894735,-0.0034839537876823223,-0.028058415834307186,0.2736842105263158,-0.01438807012728908
100015678|F|0-23:A>G-23:A>G,,,95.0,0.3052631578947369,0.03057762324100823,0.038688975615970574,0.16842105263157894,0.12864624245101025
100015767|F|0-23:A>T-23:A>T,,,95.0,0.23157894736842105,0.02974334080324866,0.004371142911041061,0.16842105263157894,0.14685492402901654
100017777|F|0-23:A>G-23:A>G,,,95.0,0.15789473684210525,0.01244962794501966,0.004814455493572622,0.12631578947368421,0.08670872659586523
100018213|F|0-23:A>G-23:A>G,,,94.0,0.24468085106382978,0.031049599608013474,0.10544537075220403,0.07446808510638298,0.14718027068454753
100018506|F|0-23:C>T-23:C>T,,,95.0,0.24736842105263157,0.03489057931742264,-0.014835138922575227,0.19473684210526315,0.1624387008290425
100018789|F|0-23:A>C-23:A>C,,,95.0,0.13157894736842105,0.008369193637050784,-0.007946950710108626,0.12105263157894738,0.06889649955262984
100019045|F|0-23:G>C-23:G>C,,,95.0,0.38421052631578945,0.0496782081341675,-0.019855020003576855,0.24736842105263157,0.17921974002225463
100019074|F|0-23:A>T-23:A>T,,,95.0,0.06315789473684211,-0.0012462316675240857,-0.003437509952790083,0.06315789473684211,-0.021312521876812502
100021520|F|0-23:T>C-23:T>C,,,95.0,0.13157894736842105,0.008092812312282361,0.0026925512706497522,0.11052631578947368,0.06671090825013502
100021654|F|0-23:G>T-23:G>T,,,95.0,0.15789473684210525,0.013002390594556502,-0.016464548467944047,0.14736842105263157,0.09035319455388285
100021859|F|0-23:T>A-23:T>A,,,94.0,0.14361702127659576,0.009000643748382737,0.04221743588600472,0.0797872340425532,0.06870441736873621
100021948|F|0-23:C>G-23:C>G,,,95.0,0.49473684210526314,0.1298952522965406,-0.017642376959015337,0.24210526315789474,0.366564890672659
100028749|F|0-23:C>A-23:C>A,,,95.0,0.23684210526315788,0.001318431487053189,0.018372176776251473,0.1631578947368421,0.007210512885916986
100028760|F|0-23:G>T-23:G>T,,,95.0,0.3473684210526316,0.05309657094716795,-0.01468336652971624,0.23157894736842105,0.1966596828684048
100033258|F|0-23:G>A-23:G>A,,,95.0,0.06315789473684211,0.07480050860209013,0.023154385229937013,0.021052631578947368,0.6285359547119216
100033344|F|0-23:G>A-23:G>A,,,93.0,0.20967741935483872,0.02311311532013496,0.03831275595634366,0.12365591397849464,0.12488055098611546
100034001|F|0-23:A>G-23:A>G,Vu10 (old10),40225556.0,95.0,0.5157894736842106,0.08630052834991046,-0.008844723000071074,0.24210526315789474,0.2700595812653624
100034088|F|0-23:T>C-23:T>C,,,95.0,0.18421052631578946,0.15451592601257458,0.02995011967847281,0.08947368421052632,0.5640508080667672
100034274|F|0-23:G>T-23:G>T,,,95.0,0.5368421052631579,0.13196328547711045,-0.0194141267146361,0.24210526315789477,0.3720897790095517
100035374|F|0-23:A>G-23:A>G,,,89.0,0.43258426966292135,0.030237230137370785,-0.009846307611953712,0.25280898876404495,0.11067803790512104
100038720|F|0-23:G>A-23:G>A,,,95.0,0.4736842105263159,0.06792165513232758,-0.04781850153242346,0.28421052631578947,0.22319619397703203
100038883|F|0-23:A>G-23:A>G,,,95.0,0.41578947368421054,0.10604276942122566,-0.0463009000997116,0.2684210526315789,0.32314061805063776
100045000|F|0-23:G>A-23:G>A,Vu09 (old8),33438135.0,95.0,0.05263157894736842,0.0005541480195858068,-0.002634273856684715,0.05263157894736842,0.010962059159348513
100046262|F|0-23:C>A-23:C>A,,,95.0,0.12631578947368424,0.0014714487575296122,-0.005175726461804523,0.11578947368421053,0.01312794918780368
100049389|F|0-23:C>A-23:C>A,,,94.0,0.31382978723404253,0.037979564108251984,-0.008900213646975942,0.21808510638297873,0.15366110723672524
100051260|F|0-23:G>A-23:G>A,,,95.0,0.05263157894736842,1.3853700489636983e-06,0.018644730104831978,0.031578947368421054,2.758324172308031e-05
100051718|F|0-23:T>C-23:T>C,,,95.0,0.5842105263157895,0.019475292857152937,-0.11304483104143546,0.3526315789473684,0.07517617324323958
100013445|F|0-24:G>T-24:G>T,,,95.0,0.24736842105263157,0.03461419799265422,-0.004195636941816863,0.18421052631578946,0.1612744964690022
100014503|F|0-24:T>A-24:T>A,,,95.0,0.09473684210526316,0.0035090037970222305,0.001289514107850291,0.08421052631578947,0.039423002771752855
100014819|F|0-24:A>T-24:A>T,,,95.0,0.2684210526315789,0.041927150870123234,-0.027153569407389475,0.21578947368421053,0.18184678739359125
100017553|F|0-24:C>A-24:C>A,Vu03 (old3),64354681.0,95.0,0.07368421052631578,-0.0002155541339140013,0.03727864994842922,0.031578947368421054,-0.0031402639536753465
100018009|F|0-24:G>T-24:G>T,,,95.0,0.06842105263157895,-0.0014860738572510682,0.006522538016595744,0.05789473684210526,-0.02361426182247545
100019174|F|0-24:T>A-24:T>A,,,95.0,0.12631578947368421,-0.00159297404793844,0.027205354539819763,0.08421052631578947,-0.01450493430052951
100019345|F|0-24:G>A-24:G>A,,,95.0,0.12105263157894737,0.004055154453143562,0.0167420016316451,0.08947368421052632,0.036774494891700316
100019630|F|0-24:A>T-24:A>T,,,95.0,0.30526315789473685,0.055455531838020336,-0.04053547848114917,0.24210526315789477,0.21575902556989732
100019753|F|0-24:T>G-24:T>G,,,95.0,0.11052631578947368,0.00508323441791184,0.008354555744199205,0.08947368421052632,0.04939424343981021
100021208|F|0-24:G>A-24:G>A,,,95.0,0.49473684210526314,0.03947189731516293,0.0010700933663582203,0.24210526315789474,0.13965073701932593
100021892|F|0-24:G>A-24:G>A,,,95.0,0.2684210526315789,0.0416507695453548,-0.01651406742663111,0.20526315789473684,0.18077601932102502
100028469|F|0-24:A>G-24:A>G,,,95.0,0.14736842105263157,0.011032948532948537,-0.012865497076023413,0.1368421052631579,0.08171975970429475
100028477|F|0-24:T>G-24:T>G,,,95.0,0.08947368421052632,0.0032459566589750936,-0.008286509283962596,0.08947368421052632,0.03844411071839293
100028820|F|0-24:T>G-24:T>G,,,95.0,0.06315789473684211,0.0008532494131572468,0.0067103241975907625,0.05263157894736842,0.01417471967254278
100032762|F|0-24:G>A-24:G>A,,,95.0,0.35789473684210527,0.19012477247186094,-0.02932257329540857,0.22105263157894736,0.4978980417656335
100032842|F|0-24:A>C-24:A>C,Vu05 (old1),2448565.0,95.0,0.30526315789473685,0.040510899663339976,-0.10093663410726232,0.30526315789473685,0.16546040671547188
100033099|F|0-24:G>C-24:G>C,,,95.0,0.8,0.021876239906193824,-0.012141913924596438,0.16842105263157894,0.12279303648582554
100034159|F|0-24:A>G-24:A>G,,,95.0,0.4263157894736842,-0.005603494396959,-0.021516768460741322,0.26842105263157895,-0.023222030902634003
100034432|F|0-24:T>A-24:T>A,,,95.0,0.12631578947368421,0.007558717524155313,-0.006435443447327979,0.11578947368421053,0.06465263770555497
100035083|F|0-24:G>C-24:G>C,,,92.0,0.6521739130434783,0.02264158258255611,0.016860093148337925,0.20652173913043478,0.09203019393628872
100038675|F|0-24:G>A-24:G>A,,,95.0,0.3894736842105263,0.11267304027567968,-0.026396391761417268,0.24210526315789474,0.34311585465209105
100041008|F|0-24:G>A-24:G>A,,,94.0,0.8297872340425532,0.014151132842240902,0.032848322057889276,0.10638297872340426,0.0922604532209587
100043433|F|0-24:C>T-24:C>T,,,91.0,0.04395604395604396,-0.0004068939702825363,0.009413989682556414,0.03296703296703297,-0.009693922973155942
100044498|F|0-24:C>T-24:C>T,,,94.0,0.4148936170212766,0.0614342481337582,-0.0027658358604715967,0.23404255319148937,0.20988024154206492
100046287|F|0-24:C>T-24:C>T,,,95.0,0.22631578947368422,-0.005186649143498747,0.024589577560715073,0.15263157894736842,-0.030148888283830885
100047410|F|0-24:C>T-24:C>T,,,94.0,0.11702127659574468,0.005401218187670443,0.028441703910925844,0.07446808510638298,0.049867675752000004
100014059|F|0-25:C>G-25:C>G,,,95.0,0.4368421052631579,0.05221471049393129,-0.021443760917445112,0.2578947368421053,0.18088298315517562
100014109|F|0-25:C>A-25:C>A,,,95.0,0.08421052631578947,-0.0011441298949154,0.00410015140490523,0.07368421052631578,-0.014928580779523328
100014225|F|0-25:G>A-25:G>A,,,95.0,0.12631578947368421,0.007282336199386892,0.00420405853343037,0.10526315789473684,0.06237570967503806
100014432|F|0-25:C>A-25:C>A,,,95.0,0.3368421052631579,0.17290582866488818,-0.011089582460550189,0.2,0.4778829875075276
100014740|F|0-25:C>T-25:C>T,,,95.0,0.1368421052631579,0.008942009518046388,0.0011170399116069976,0.11578947368421053,0.07105375014974097
100015226|F|0-25:T>A-25:T>A,,,95.0,0.23684210526315788,0.03188100142305213,-0.019699450238499457,0.19473684210526315,0.15407524152963378
100016083|F|0-25:C>A-25:C>A,,,94.0,0.23404255319148937,0.029998129572435188,0.02519142248921681,0.14893617021276595,0.14695908598969698
100018389|F|0-25:G>T-25:G>T,,,95.0,0.05789473684210526,0.0005461475075530383,0.007389778208963263,0.04736842105263158,0.00987530889448481
100020369|F|0-25:G>C-25:G>C,,,95.0,0.5052631578947369,0.025366578990374575,-0.006593218138209711,0.2526315789473685,0.09346395466903064
100021104|F|0-25:C>T-25:C>T,,,95.0,0.07368421052631578,0.0015836165029713425,0.005159403886059222,0.06315789473684211,0.022655161239587163
100022062|F|0-25:G>T-25:G>T,,,95.0,0.12631578947368421,0.04755055681296782,0.038200063942848334,0.06315789473684211,0.3193273175523144
100029358|F|0-25:G>A-25:G>A,,,95.0,0.6789473684210526,-0.004271161980891772,0.004243349086303261,0.21578947368421053,-0.019795741121293835
100029425|F|0-25:A>T-25:A>T,,,95.0,0.41578947368421054,0.01781700490854241,-0.049207819156885366,0.2894736842105263,0.06903598410523377
100029504|F|0-25:T>C-25:T>C,,,95.0,0.5052631578947369,0.12426233767745085,-0.037641298995288765,0.2631578947368421,0.35525963917499737
100030726|F|0-25:C>G-25:C>G,,,95.0,0.24210526315789474,0.010116299548641405,-0.007132689984981997,0.18947368421052632,0.05256386676885874
100032847|F|0-25:A>T-25:A>T,,,95.0,0.3684210526315789,-0.006952920390289475,0.0355374016664339,0.2,-0.030417289710450244
100033778|F|0-25:A>T-25:A>T,,,94.0,0.16489361702127658,-0.003560019313494665,0.0062343394264974625,0.13297872340425534,-0.026243563883192562
100035958|F|0-25:C>T-25:C>T,,,89.0,0.5730337078651685,0.14708728716536412,0.07620976453443416,0.14606741573033707,0.39821720857105836
100036188|F|0-25:T>C-25:T>C,,,95.0,0.2684210526315789,0.04137438822058638,-0.005874565445872775,0.19473684210526315,0.17970373329614986
100038392|F|0-25:C>T-25:C>T,,,95.0,0.15263157894736842,0.0958567101934823,-0.00024000004899834548,0.11052631578947368,0.465000985404144
100039138|F|0-25:A>G-25:A>G,Vu04 (old11),6816983.0,94.0,0.11702127659574468,0.006240543869845786,-0.003820090723671763,0.10638297872340426,0.05735613080041695
100040406|F|0-25:G>A-25:G>A,,,90.0,0.13333333333333333,0.005450920380184952,0.03774636610002463,0.07777777777777779,0.04505821438177128
100044112|F|0-25:G>A-25:G>A,,,95.0,0.8526315789473684,0.0034321629878291014,-0.0007102617246929752,0.12631578947368424,0.026598143288453533
100046760|F|0-25:T>G-25:T>G,,,95.0,0.37894736842105264,0.008868795859526912,-0.007378447340247025,0.24210526315789474,0.03640786382999499
100013240|F|0-26:A>G-26:A>G,,,95.0,0.14210526315789476,0.010106309141447396,-0.011161977524456258,0.13157894736842105,0.07742916987686863
100013762|F|0-26:A>T-26:A>T,,,95.0,0.34210526315789475,0.06789220027594557,0.017641121376265723,0.19473684210526315,0.24223841512682234
100014492|F|0-26:T>A-26:T>A,,,92.0,0.4782608695652174,0.019832009527316525,0.040391705568839205,0.20652173913043478,0.07434806934130528
100016127|F|0-26:G>C-26:G>C,,,95.0,0.9105263157894737,0.0021404313599014072,0.034271498639070745,0.04736842105263158,0.025548130713644642
100016806|F|0-26:T>A-26:T>A,,,95.0,0.14736842105263157,0.011309329857716958,-0.02350499905678172,0.14736842105263157,0.0836657514376004
100016871|F|0-26:A>G-26:A>G,,,95.0,0.38421052631578945,0.0340545872070799,-0.027204129581039595,0.2578947368421053,0.1286315593961702
100017334|F|0-26:T>C-26:T>C,,,95.0,0.12631578947368424,0.0011950674327611908,0.005463775518953827,0.10526315789473684,0.010677681096862528
100017367|F|0-26:T>C-26:T>C,,,95.0,0.2631578947368421,0.025428514477268155,0.00022487180806365347,0.18947368421052632,0.1182022997787149
100017508|F|0-26:G>A-26:G>A,,,95.0,0.4368421052631579,0.06539726216621904,0.028739737907819432,0.20526315789473684,0.2184276140997874
100018641|F|0-26:C>A-26:C>A,,,95.0,0.1736842105263158,0.006823375696438119,0.0007716015356083574,0.14210526315789473,0.0455802587802431
100019787|F|0-26:A>G-26:A>G,,,95.0,0.2894736842105263,0.03418457270049228,-0.047891723443506166,0.24736842105263163,0.1462996955173414
100020208|F|0-26:C>G-26:C>G,,,95.0,0.10526315789473684,0.004704024001259024,-0.0010294553588271861,0.09473684210526316,0.047799578987025165
100020887|F|0-26:A>G-26:A>G,,,95.0,0.1473684210526316,0.0026030190135238325,0.031208244217582087,0.09473684210526316,0.020249376734978463
100021489|F|0-26:C>G-26:C>G,,,95.0,0.3894736842105263,-0.0033972453654586014,0.018788142154016522,0.22105263157894736,-0.014368104675625746
100021909|F|0-26:T>C-26:T>C,,,95.0,0.3684210526315789,0.08160037393908365,-0.014534993397472192,0.23157894736842105,0.27323597441189645
100021979|F|0-26:G>A-26:G>A,,,95.0,0.21052631578947367,0.02434372250040453,-0.006381545261001954,0.16842105263157894,0.1306111205243936
100028407|F|0-26:C>T-26:C>T,,,94.0,0.19148936170212766,0.0028914431694368977,-0.015245913432554516,0.1702127659574468,0.01831670078990197
100028764|F|0-26:A>T-26:A>T,,,95.0,0.5631578947368421,0.021689529806412932,0.006037821827295537,0.23684210526315788,0.08198047522495341
100029143|F|0-26:C>T-26:C>T,,,95.0,0.15263157894736842,0.011445546367781395,0.006645983237664022,0.12105263157894738,0.08225674918988403
100032809|F|0-26:G>A-26:G>A,,,95.0,0.08421052631578947,0.00246886796425967,0.00335246718947908,0.07368421052631578,0.03105277679867597
100033466|F|0-26:G>A-26:G>A,,,95.0,0.12105263157894738,0.006786962504128406,-0.004987940280809526,0.11052631578947368,0.0604223643943582
100034612|F|0-26:G>A-26:G>A,,,95.0,0.12631578947368421,-0.0032425876909014766,0.016964423522148487,0.09473684210526316,-0.02989698706081989
100035290|F|0-26:T>C-26:T>C,,,95.0,0.13157894736842105,-0.003636344493068416,0.0262844305289127,0.08947368421052632,-0.03243210025205721
100035644|F|0-26:C>G-26:C>G,,,95.0,0.2578947368421053,-0.004607287389021787,0.009184128454077565,0.18421052631578946,-0.02440463815424364
100035792|F|0-26:T>C-26:T>C,,,95.0,0.4421052631578947,0.19376630580547638,-0.002472579297706662,0.21052631578947367,0.482221605218336
100040329|F|0-26:A>G-26:A>G,,,91.0,0.44505494505494503,0.09765472652985419,-0.008836668949028476,0.23626373626373626,0.30040047883009974
100041553|F|0-26:T>A-26:T>A,,,95.0,0.06842105263157895,0.0011990724116300157,0.005966866089956075,0.05789473684210526,0.01843006401786889
100043121|F|0-26:C>T-26:C>T,,,95.0,0.4473684210526316,0.040752974187986776,-0.07075156733475924,0.3105263157894737,0.14527253778726343
100049953|F|0-26:C>T-26:C>T,,,95.0,0.07368421052631578,0.0018599978277397638,-0.005480098094699112,0.07368421052631578,0.026547084104181252
100053981|F|0-26:G>A-26:G>A,,,95.0,0.22105263157894736,0.006881183410299456,-0.017885378157025043,0.18947368421052632,0.03855663750130903
100057963|F|0-26:C>T-26:C>T,,,95.0,0.15789473684210525,0.01244962794501966,0.004814455493572622,0.12631578947368421,0.08670872659586523
100058921|F|0-26:G>A-26:G>A,,,91.0,0.8626373626373627,0.008549112991476713,0.002094070446130321,0.11538461538461539,0.06783513694098775
100060605|F|0-26:G>C-26:G>C,,,95.0,0.1736842105263158,0.007376138345974963,-0.02050740242590834,0.1631578947368421,0.04916552690464152
100012953|F|0-27:C>A-27:C>A,,,95.0,0.45789473684210524,-0.0047240614898763226,-0.007421045281826273,0.2578947368421053,-0.019223066535330968
100013001|F|0-27:G>C-27:G>C,Vu03 (old3),7683103.0,95.0,0.4473684210526316,0.09765253075370381,-0.008450378144775414,0.23684210526315788,0.29950697917831404
100014449|F|0-27:C>G-27:C>G,,,95.0,0.3526315789473684,0.0041126473101755915,0.0023404062453298417,0.22631578947368422,0.01766837544344308
100014677|F|0-27:A>C-27:A>C,Vu01 (old4),38105105.0,95.0,0.48947368421052634,0.03781246643626202,-0.003961639190841233,0.24736842105263163,0.1344590267739646
100015160|F|0-27:A>C-27:A>C,,,95.0,0.15263157894736842,0.011721927692549816,-0.003993518743094285,0.13157894736842105,0.08414435534762642
100016329|F|0-27:A>C-27:A>C,,,90.0,0.027777777777777776,-0.000438565340909091,-0.0005366161616161607,0.027777777777777776,-0.016362793231118018
100016739|F|0-27:A>C-27:A>C,Vu02 (old7),30482677.0,95.0,0.28421052631578947,-0.0038564955366903455,-0.02641357180830863,0.23157894736842105,-0.019157105917243424
100017423|F|0-27:G>C-27:G>C,,,95.0,0.08947368421052632,-0.0019275188747853193,-0.007215895310122803,0.08947368421052632,-0.023994925875023356
100019260|F|0-27:C>T-27:C>T,,,95.0,0.3684210526315789,0.15183144094303508,-0.007904199648681842,0.21052631578947367,0.4283535541078729
100019497|F|0-27:C>T-27:C>T,,,95.0,0.08421052631578947,0.00246886796425967,0.00335246718947908,0.07368421052631578,0.03105277679867597
100019651|F|0-27:G>T-27:G>T,Vu05 (old1),41749633.0,95.0,0.06842105263157895,0.0009226910868615943,0.016606368070714417,0.04736842105263158,0.014217671993934613
100020066|F|0-27:G>C-27:G>C,,,95.0,0.45789473684210524,0.056978368378661645,0.01155699610708101,0.22631578947368422,0.19324451545644006
100021798|F|0-27:T>C-27:T>C,,,95.0,0.23157894736842105,-0.0032752540869424003,-0.009960507328928413,0.18947368421052632,-0.01858427536483495
100029871|F|0-27:T>G-27:T>G,,,95.0,0.042105263157894736,0.00013354967272017953,-0.0015953863152504885,0.042105263157894736,0.0032858861609439786
100029909|F|0-27:G>T-27:G>T,,,94.0,0.047872340425531915,0.0003472626636839276,-0.0021315604694448448,0.047872340425531915,0.007534767022953537
100029934|F|0-27:G>C-27:G>C,,,95.0,0.28421052631578947,-0.0061755262844496225,0.03756017610007425,0.16842105263157894,-0.030907657833646844
100033389|F|0-27:G>C-27:G>C,,,95.0,0.15789473684210525,0.012173246620251236,0.015453957474330971,0.11578947368421053,0.08488027200732796
100033592|F|0-27:T>C-27:T>C,,,95.0,0.5157894736842106,0.0370209006245349,-0.04097588178657783,0.2842105263157894,0.13209694246808018
100034218|F|0-27:A>T-27:A>T,Vu06 (old6),33123517.0,95.0,0.32105263157894737,-0.003779418584875226,-0.027605334205503974,0.24736842105263157,-0.01749863133302361
100034591|F|0-27:A>G-27:A>G,,,94.0,0.11702127659574468,0.005680993415062224,0.01768777236605998,0.0851063829787234,0.05237138164833903
100034752|F|0-27:G>T-27:G>T,,,95.0,0.17894736842105263,0.008225820431256125,-0.022530942458786236,0.16842105263157894,0.05337423846461218
100034940|F|0-27:A>C-27:A>C,,,95.0,0.3,0.03679724207583445,-0.022900481898784124,0.22631578947368422,0.1531861766978332
100035121|F|0-27:C>T-27:C>T,,,93.0,0.21505376344086022,-0.003926519373223175,0.009301477436803941,0.16129032258064516,-0.02355931216175112
100038790|F|0-27:T>A-27:T>A,,,95.0,0.14736842105263157,0.011309329857716958,-0.02350499905678172,0.14736842105263157,0.0836657514376004
100039167|F|0-27:C>T-27:C>T,,,95.0,0.4263157894736842,0.0488256797431494,-0.04336280584158343,0.2789473684210526,0.17167342267429442
100039187|F|0-27:A>C-27:A>C,,,94.0,0.05851063829787234,0.0003011474441984332,0.018182350122042286,0.03723404255319149,0.005404894824016184
100041207|F|0-27:C>A-27:C>A,,,95.0,0.23157894736842105,0.02863781550417497,0.04692915083407443,0.12631578947368421,0.14185369814771542
100041362|F|0-27:G>A-27:G>A,,,94.0,0.5053191489361702,0.008732762126589775,-0.02175372230298227,0.2712765957446808,0.03381441069959012
100041853|F|0-27:G>A-27:G>A,,,94.0,0.23404255319148937,0.008888429830304858,-0.013181225448425603,0.19148936170212766,0.04748179956632355
100045081|F|0-27:C>A-27:C>A,,,95.0,0.16842105263157894,0.015403098352407111,-0.03095911822567168,0.16842105263157894,0.10076273215968243
100045226|F|0-27:G>T-27:G>T,,,95.0,0.21578947368421053,0.02549735477442851,0.0017223839167812218,0.1631578947368421,0.13393041144229034
100050114|F|0-27:G>A-27:G>A,,,93.0,0.21505376344086022,0.024610981992314557,-0.00711246261187966,0.17204301075268819,0.12984479958048886
100058871|F|0-27:T>A-27:T>A,,,94.0,0.03723404255319149,-0.0011422595776870823,0.009732986271889331,0.026595744680851064,-0.032463032894424516
100013447|F|0-28:T>A-28:T>A,,,95.0,0.10526315789473684,0.004704024001259024,-0.0010294553588271861,0.09473684210526316,0.047799578987025165
100014138|F|0-28:A>G-28:A>G,,,95.0,0.4631578947368421,-0.00232214468180116,0.008375288171553,0.24210526315789474,-0.009357509637375737
100014488|F|0-28:T>A-28:T>A,,,95.0,0.05789473684210526,0.0005461475075530383,0.007389778208963263,0.04736842105263158,0.00987530889448481
100014497|F|0-28:A>G-28:A>G,Vu02 (old7),28608269.0,95.0,0.3631578947368421,-0.001192869732092605,0.017044168338735417,0.21578947368421053,-0.005149653579097945
100014593|F|0-28:A>C-28:A>C,,,95.0,0.07894736842105263,0.0022832630119496494,-0.0063515643948581085,0.07894736842105263,0.03049267441842634
100015553|F|0-28:T>C-28:T>C,,,95.0,0.2578947368421053,0.03860780423280426,-0.03150584795321636,0.21578947368421053,0.17321349788583104
100015850|F|0-28:G>T-28:G>T,,,95.0,0.1,0.004087153352706349,0.00016203142264263495,0.08947368421052632,0.04360892274138889
100015865|F|0-28:C>A-28:C>A,,,95.0,0.05789473684210526,0.0002697661827846166,0.01802928018972162,0.03684210526315789,0.004892284161329296
100016431|F|0-28:C>T-28:C>T,,,95.0,0.1,-0.00045369609676270935,0.0011017279268552803,0.08947368421052632,-0.005034259407113635
100016803|F|0-28:A>T-28:A>T,,,95.0,0.39473684210526316,0.0851991874980983,0.017475016965679123,0.20526315789473684,0.27667700614680735
100017265|F|0-28:G>A-28:G>A,Vu03 (old3),52001826.0,95.0,0.4263157894736842,0.008623862434869987,0.0072859017044076555,0.23684210526315788,0.03411987596870722
100017662|F|0-28:T>C-28:T>C,,,95.0,0.08947368421052632,-0.0024802815243221625,0.014063108651393881,0.06842105263157895,-0.031002015549801813
100018935|F|0-28:A>T-28:A>T,,,95.0,0.19473684210526315,-0.002024604978103093,0.005458171332534637,0.15263157894736842,-0.012972819614449444
100020245|F|0-28:G>T-28:G>T,,,95.0,0.27368421052631575,0.029035879547766857,-0.027341355588384443,0.22105263157894736,0.13035353685030754
100020374|F|0-28:A>G-28:A>G,,,95.0,0.06842105263157895,0.0011990724116300157,0.005966866089956075,0.05789473684210526,0.01843006401786889
100021345|F|0-28:C>T-28:C>T,,,95.0,0.4894736842105264,0.12136577134482461,-0.04241701516743961,0.26842105263157895,0.349384915634881
100022059|F|0-28:G>C-28:G>C,,,95.0,0.1631578947368421,0.014045193264663317,-0.01836008030829764,0.15263157894736842,0.09469732020303852
100022222|F|0-28:C>A-28:C>A,,,95.0,0.3894736842105263,0.009873544933243295,-0.01570507402425914,0.2526315789473685,0.0400062517774615
100028819|F|0-28:A>T-28:A>T,,,91.0,0.1978021978021978,0.01115283525048751,-0.007708057392046144,0.16483516483516483,0.06627548757129012
100029202|F|0-28:C>T-28:C>T,,,95.0,0.4421052631578947,0.008270467129652312,-0.01699706867363913,0.2631578947368421,0.032505699381024704
100029328|F|0-28:G>C-28:G>C,,,95.0,0.39473684210526316,0.07308507099039149,-0.032929586919400164,0.2578947368421053,0.2452105915791323
100029472|F|0-28:G>A-28:G>A,,,95.0,0.20526315789473684,0.012502284601153485,-0.012329700105591463,0.1736842105263158,0.07191139466007193
100029779|F|0-28:G>A-28:G>A,,,95.0,0.17894736842105263,0.007673057781719281,-0.0012519384972695666,0.1473684210526316,0.049893235683657056
100030110|F|0-28:T>C-28:T>C,,,95.0,0.07368421052631578,-0.0017341558502010955,0.005845993282326039,0.06315789473684211,-0.02577914010190007
100033683|F|0-28:G>C-28:G>C,,,95.0,0.2,0.011458997051529514,-0.009986139591402685,0.16842105263157894,0.06744795646497362
100033784|F|0-28:C>T-28:C>T,,,95.0,0.15789473684210525,0.01244962794501966,0.004814455493572622,0.12631578947368421,0.08670872659586523
100034980|F|0-28:T>C-28:T>C,,,95.0,0.2578947368421053,0.023959294906090046,0.003272477381136161,0.18421052631578946,0.11331363243961788
100035765|F|0-28:G>A-28:G>A,,,95.0,0.15789473684210525,0.013002390594556502,-0.016464548467944047,0.14736842105263157,0.09035319455388285
100036017|F|0-28:C>A-28:C>A,,,95.0,0.268421052631579,-0.003275254086942399,-0.02838155996050733,0.22631578947368422,-0.01682560015417089
100038435|F|0-28:C>A-28:C>A,,,95.0,0.27368421052631575,0.029588642197303703,-0.04862035954990117,0.24210526315789474,0.1326407489982215
100038773|F|0-28:C>G-28:C>G,,,95.0,0.45263157894736844,-0.00637476768603706,-0.002264213809205419,0.2526315789473685,-0.026126889719627084
100040340|F|0-28:T>C-28:T>C,,,94.0,0.4574468085106383,0.07802131817991441,-0.022130739761670515,0.2553191489361702,0.2507033402945712
100043241|F|0-28:A>C-28:A>C,,,95.0,0.5,0.08105271197018163,-0.09745637309304536,0.33157894736842103,0.257167092431963
100044506|F|0-28:G>A-28:G>A,,,95.0,0.05263157894736842,0.0024663837438764127,0.028716923050539356,0.021052631578947368,0.04721622355566038
100044970|F|0-28:C>T-28:C>T,,,95.0,0.18421052631578946,0.017774470899470908,0.005336257309941479,0.14210526315789476,0.10758323545058551
100048696|F|0-28:G>C-28:G>C,,,95.0,0.08421052631578947,-0.0011441298949154,0.00410015140490523,0.07368421052631578,-0.014928580779523328
100049995|F|0-28:T>A-28:T>A,,,95.0,0.09473684210526316,0.1279164936213533,0.017873496056857712,0.042105263157894736,0.6807861917242276
100058916|F|0-28:C>T-28:C>T,,,95.0,0.12631578947368421,-0.0016683507728752819,-0.015108274106576298,0.12631578947368421,-0.01523063261487684
100059264|F|0-28:T>G-28:T>G,Vu03 (old3),7290112.0,95.0,0.3105263157894737,-0.004100761464869133,-0.020875900650943056,0.23684210526315788,-0.0193554994337476
100013293|F|0-29:C>A-29:C>A,,,95.0,0.5578947368421052,0.038579986631934717,-0.05501632870053925,0.2947368421052632,0.1386270834111072
100015387|F|0-29:C>T-29:C>T,,,94.0,0.06914893617021277,0.001019137274475008,0.0060384179111052224,0.05851063829787234,0.015543165372280808
100015479|F|0-29:T>C-29:T>C,,,95.0,0.4631578947368421,0.03866723975647313,-0.010689480298988018,0.2526315789473685,0.13779740893970308
100015684|F|0-29:T>C-29:T>C,,,95.0,0.09473684210526316,0.003785385121790652,-0.009349987872908073,0.09473684210526316,0.04245026422132421
100016374|F|0-29:T>A-29:T>A,,,95.0,0.38421052631578945,0.06824929829747593,-0.023698175056409376,0.24736842105263163,0.23379489188572727
100017712|F|0-29:G>A-29:G>A,Vu04 (old11),3133419.0,95.0,0.3526315789473684,0.012814770558538887,0.0005395637186808562,0.22631578947368422,0.05346836876446747
100017888|F|0-29:G>T-29:G>T,Vu09 (old8),42671828.0,88.0,0.0625,-4.730287601486185e-05,0.03070451834986719,0.028409090909090908,-0.0008008436435517771
100020818|F|0-29:A>G-29:A>G,,,95.0,0.33157894736842103,0.06454303984545923,0.014862761743067361,0.19473684210526315,0.2354359722216444
100028807|F|0-29:G>A-29:G>A,,,95.0,0.14210526315789476,0.00927716516714213,0.020756528417818762,0.1,0.07134431785620743
100033415|F|0-29:T>C-29:T>C,,,95.0,0.15789473684210525,0.01272600926978808,-0.005825046487185742,0.1368421052631579,0.08853302940310687
100034562|F|0-29:C>T-29:C>T,,,95.0,0.35789473684210527,0.1898483911470925,-0.018683071314650235,0.21052631578947367,0.4973868259852216
100034782|F|0-29:A>T-29:A>T,,,94.0,0.14893617021276595,0.03916755385055369,0.04506749561529272,0.07446808510638298,0.2467976070928054
100035736|F|0-29:C>T-29:C>T,Vu04 (old11),30896897.0,95.0,0.4105263157894737,0.07845039193881888,-0.01505893889170629,0.24210526315789474,0.25679618724992703
100035901|F|0-29:T>A-29:T>A,,,93.0,0.6075268817204301,-0.005931497522001012,0.009841096485470992,0.23118279569892472,-0.025230495144340847
100038558|F|0-29:G>A-29:G>A,,,95.0,0.08947368421052632,0.0032459566589750936,-0.008286509283962596,0.08947368421052632,0.03844411071839293
100043366|F|0-29:G>T-29:G>T,,,95.0,0.12105263157894737,-0.0023743007155763766,0.007490224828934511,0.1,-0.022587450337361873
100045342|F|0-29:C>T-29:C>T,,,95.0,0.14736842105263157,-0.0009447719963011121,-0.010386792984416103,0.1368421052631579,-0.007527431514317915
100013042|F|0-30:A>G-30:A>G,,,95.0,0.42105263157894735,0.017552433863441422,0.009917480651776077,0.23157894736842105,0.06775723211370738
100013542|F|0-30:C>G-30:C>G,,,95.0,0.12105263157894738,0.006786962504128406,-0.004987940280809526,0.11052631578947368,0.0604223643943582
100013630|F|0-30:A>G-30:A>G,,,95.0,0.3631578947368421,0.04309035794032654,-0.05561377172158154,0.2789473684210526,0.16173604959277874
100013640|F|0-30:A>G-30:A>G,,,95.0,0.07894736842105263,0.0022832630119496494,-0.0063515643948581085,0.07894736842105263,0.03049267441842634
100014668|F|0-30:A>T-30:A>T,,,95.0,0.26842105263157895,0.1303452456769906,-0.003121838075148773,0.1736842105263158,0.4331736314548078
100015397|F|0-30:G>C-30:G>C,,,95.0,0.06842105263157895,-0.0014860738572510682,0.006522538016595744,0.05789473684210526,-0.02361426182247545
100015429|F|0-30:C>A-30:C>A,,,95.0,0.07894736842105263,0.0022832630119496494,-0.0063515643948581085,0.07894736842105263,0.03049267441842634
100015600|F|0-30:C>A-30:C>A,,,95.0,0.30526315789473685,0.03802346774042418,-0.005181116280437168,0.21052631578947367,0.15623813932238412
100016549|F|0-30:A>G-30:A>G,,,95.0,0.07894736842105263,-0.0016530770680854476,-0.005536966806066977,0.07894736842105263,-0.02303704992519621
100017001|F|0-30:T>G-30:T>G,,,95.0,0.46842105263157896,0.0022882660869673896,0.03424090529353687,0.21578947368421053,0.009068953609752042
100017201|F|0-30:C>G-30:C>G,,,95.0,0.06315789473684211,0.0014625446063967218,0.017166541720871103,0.042105263157894736,0.02408101212566741
100017285|F|0-30:C>T-30:C>T,Vu07 (old2),34134592.0,95.0,0.24210526315789474,0.0039488682332733446,-0.05876791808455645,0.24210526315789474,0.021084671228888265
100017840|F|0-30:G>A-30:G>A,,,95.0,0.07894736842105263,0.011922809498217965,0.01281821366711011,0.05789473684210526,0.14428147689505696
100018485|F|0-30:G>A-30:G>A,,,95.0,0.22105263157894736,0.131509120243672,0.01981759751284368,0.12631578947368421,0.47366349467026936
100018689|F|0-30:A>C-30:A>C,,,95.0,0.12105263157894737,0.0001798336266287671,0.02812627855072677,0.07894736842105263,0.0016767159967714478
100019248|F|0-30:G>A-30:G>A,Vu02 (old7),25315767.0,92.0,0.15760869565217392,0.011631903550056269,0.038852358800023856,0.09239130434782608,0.08141282529188897
100019646|F|0-30:T>C-30:T>C,,,95.0,0.2,0.011458997051529514,-0.009986139591402685,0.16842105263157894,0.06744795646497362
100019661|F|0-30:A>T-30:A>T,,,95.0,0.3631578947368421,-0.005926049475745751,-0.003140947432118873,0.23684210526315788,-0.02601710748174488
100020644|F|0-30:T>A-30:T>A,Vu08 (old5),17202857.0,95.0,0.17894736842105263,0.007949439106487703,-0.011891440478027902,0.15789473684210525,0.051635582064779834
100021093|F|0-30:G>T-30:G>T,,,94.0,0.09042553191489362,0.002793305705320449,0.013028989222384437,0.06914893617021277,0.03287354636655256
100028230|F|0-30:T>C-30:T>C,,,86.0,0.9011627906976745,0.002521404521404519,0.06030638612033957,0.029069767441860465,0.027437122095351554
100028946|F|0-30:A>G-30:A>G,,,95.0,0.3368421052631579,0.03455214915730208,-0.05653442011676309,0.2736842105263158,0.13727406795816385
100029037|F|0-30:A>C-30:A>C,,,95.0,0.27368421052631575,0.028483116898230017,-0.006062351626867772,0.2,0.12805961198577603
100029185|F|0-30:A>G-30:A>G,,,95.0,0.10526315789473684,0.004427642676490602,0.009610046621931177,0.08421052631578947,0.04506588388206981
100029793|F|0-30:G>A-30:G>A,,,95.0,0.09473684210526316,0.0032326224722538086,0.01192901608860864,0.07368421052631578,0.03638462016477396
100029970|F|0-30:G>A-30:G>A,,,95.0,0.21578947368421053,0.01470502297900706,-0.017208833422755285,0.18421052631578946,0.08092723985701447
100030017|F|0-30:G>A-30:G>A,,,95.0,0.17894736842105263,0.016853165182658277,-0.003151696445414574,0.14736842105263157,0.10463262379234367
100033333|F|0-30:G>A-30:G>A,Vu03 (old3),53692049.0,95.0,0.12105263157894738,0.006786962504128406,-0.004987940280809526,0.11052631578947368,0.0604223643943582
100033357|F|0-30:G>A-30:G>A,,,95.0,0.11052631578947368,-0.0021053720519577253,-0.0007401200949588043,0.1,-0.02167034858682479
100034507|F|0-30:A>G-30:A>G,,,95.0,0.17894736842105263,0.007120295132182439,0.020027065464247103,0.12631578947368424,0.04639742588972883
100035075|F|0-30:T>C-30:T>C,,,95.0,0.19473684210526315,0.02111515223554395,-0.031077357371924415,0.18421052631578946,0.12117851175050022
100035151|F|0-30:T>C-30:T>C,,,95.0,0.06315789473684211,0.0011296307379256687,-0.003929177783167587,0.06315789473684211,0.018715401947341156
100040427|F|0-30:T>C-30:T>C,,,95.0,0.06315789473684211,0.0008532494131572468,0.0067103241975907625,0.05263157894736842,0.01417471967254278
100040977|F|0-30:G>T-30:G>T,,,95.0,0.3105263157894737,0.025876442396917897,-0.016497162995465203,0.22631578947368422,0.10978779709059734
100041232|F|0-30:T>A-30:T>A,,,95.0,0.11052631578947368,-0.002564512023299205,0.009937202488136275,0.08947368421052632,-0.02648020673872047
100041635|F|0-30:A>G-30:A>G,,,95.0,0.1368421052631579,0.008942009518046388,0.0011170399116069976,0.11578947368421053,0.07105375014974097
100043216|F|0-30:A>T-30:A>T,,,95.0,0.06842105263157895,-0.0012096925324826461,-0.004116963964162612,0.06842105263157895,-0.019172741266840834
100043426|F|0-30:G>A-30:G>A,,,95.0,0.4263157894736842,-0.006432638371264267,0.01040173748153377,0.23684210526315788,-0.026712371577566365
100044425|F|0-30:C>T-30:C>T,,,94.0,0.3031914893617021,0.005012749785664957,-0.03885304062098194,0.25,0.023190028359290366
100046659|F|0-30:C>A-30:C>A,Vu05 (old1),46605557.0,95.0,0.08421052631578947,0.00246886796425967,0.00335246718947908,0.07368421052631578,0.03105277679867597
100052894|F|0-30:A>C-30:A>C,,,95.0,0.42105263157894735,0.12017365726912234,-0.02190155863755186,0.24210526315789474,0.3530600761382414
100058672|F|0-30:C>T-30:C>T,,,91.0,0.8131868131868132,0.009398813289302638,-0.014168731549349521,0.16483516483516483,0.05871863812043556
100013074|F|0-31:T>C-31:T>C,,,95.0,0.12105263157894737,0.021604770347962654,0.023692540246020726,0.07894736842105263,0.173888898254935
100013548|F|0-31:T>C-31:T>C,,,95.0,0.18947368421052632,0.019010879033920514,0.0031207049882771734,0.14736842105263157,0.11215857501318523
100014472|F|0-31:C>A-31:C>A,,,95.0,0.49473684210526314,-0.00023847571108777344,-0.011876740972666241,0.2631578947368421,-0.0009499409141793131
100014559|F|0-31:C>A-31:C>A,,,95.0,0.1,0.0038107720279379276,0.010801533403400985,0.07894736842105263,0.04073092467113723
100014580|F|0-31:T>A-31:T>A,,,95.0,0.042105263157894736,0.00013354967272017953,-0.0015953863152504885,0.042105263157894736,0.0032858861609439786
100014812|F|0-31:G>T-31:G>T,,,95.0,0.3157894736842105,-0.0007538459635757505,0.0068749280336716815,0.21052631578947367,-0.0034795985136382387
100015415|F|0-31:C>A-31:C>A,,,95.0,0.39473684210526316,0.027122318276224862,-0.16098791088179884,0.39473684210526316,0.10396821546353338
100015801|F|0-31:A>T-31:A>T,,,95.0,0.15789473684210525,0.01272600926978808,-0.005825046487185742,0.1368421052631579,0.08853302940310687
100015905|F|0-31:G>A-31:G>A,,,95.0,0.13157894736842105,0.06294433540322733,0.044252952763139515,0.05789473684210526,0.38126817694553805
100016220|F|0-31:G>A-31:G>A,,,93.0,0.1774193548387097,0.006103471213066228,0.0003936696804943492,0.14516129032258066,0.04024485262126743
100016256|F|0-31:A>C-31:A>C,,,95.0,0.1,0.004087153352706349,0.00016203142264263495,0.08947368421052632,0.04360892274138889
100017692|F|0-31:G>T-31:G>T,,,95.0,0.268421052631579,-0.003828016736479243,-0.007102555998990602,0.20526315789473684,-0.01969827516750193
100017906|F|0-31:G>A-31:G>A,,,95.0,0.28421052631578947,0.07473002160371246,-0.01092957221989479,0.2,0.2832823893145977
100019488|F|0-31:C>T-31:C>T,,,92.0,0.07065217391304347,0.0005073983240421279,0.03895076638635414,0.02717391304347826,0.007614925740667357
100020314|F|0-31:G>A-31:G>A,,,95.0,0.4052631578947368,0.005469097759367982,-0.016809282492644136,0.2578947368421053,0.022182100117761862
100022099|F|0-31:T>C-31:T>C,,,95.0,0.2,-0.004042585368517505,0.003804109491715649,0.15789473684210525,-0.0256417686412542
100022600|F|0-31:A>T-31:A>T,,,95.0,0.37894736842105264,0.06588949359032102,-0.019178475269307212,0.24210526315789474,0.22813635454666276
100028495|F|0-31:A>T-31:A>T,,,95.0,0.08947368421052632,-0.0006763250636313065,-0.00747482097227428,0.08947368421052632,-0.00831657593100525
100029559|F|0-31:T>C-31:T>C,,,95.0,0.07368421052631578,0.00033720851562284203,0.01599964598691253,0.05263157894736842,0.004889316731657799
100029816|F|0-31:C>A-31:C>A,,,95.0,0.09473684210526316,0.003785385121790652,-0.009349987872908073,0.09473684210526316,0.04245026422132421
100029840|F|0-31:T>C-31:T>C,,,95.0,0.2684210526315789,0.04137438822058638,-0.005874565445872775,0.19473684210526315,0.17970373329614986
100033542|F|0-31:T>C-31:T>C,,,95.0,0.06842105263157895,0.0009226910868615943,0.016606368070714417,0.04736842105263158,0.014217671993934613
100034520|F|0-31:G>A-31:G>A,,,95.0,0.2736842105263158,0.04433585914000662,-0.051672191230765094,0.24210526315789477,0.18884892024885525
100035059|F|0-31:C>G-31:C>G,,,95.0,0.4105263157894737,-0.0005076247744869459,-0.1680360480869818,0.4105263157894737,-0.002097773494597194
100036056|F|0-31:G>A-31:G>A,,,95.0,0.6578947368421053,0.05017866991578766,0.021306810525825802,0.19473684210526315,0.18848408140888398
100039953|F|0-31:A>G-31:A>G,,,95.0,0.3368421052631579,0.06796916387930214,-0.03170291319697093,0.24210526315789477,0.24416709505094586
100044544|F|0-31:A>G-31:A>G,,,95.0,0.10526315789473684,0.00688785522651254,0.009100923128936716,0.08421052631578947,0.06874154715057254
100045179|F|0-31:C>T-31:C>T,,,95.0,0.1368421052631579,0.008942009518046388,0.0011170399116069976,0.11578947368421053,0.07105375014974097
100046200|F|0-31:A>C-31:A>C,,,95.0,0.3368421052631579,0.03372300518299682,-0.024615914174488027,0.24210526315789474,0.13424103004368423
100013667|F|0-32:C>A-32:C>A,,,95.0,0.17894736842105263,0.029838600736956433,0.015325673666081145,0.12631578947368421,0.17400623759043857
100014878|F|0-32:G>A-32:G>A,,,95.0,0.1,0.004363534677474771,-0.010477470558115714,0.1,0.046476915593429605
100016173|F|0-32:C>T-32:C>T,,,95.0,0.30526315789473685,0.1095102152653473,-0.019974790348304804,0.21052631578947367,0.3649589414748375
100017892|F|0-32:A>G-32:A>G,,,95.0,0.4105263157894737,0.10258859164389127,-0.020054167677257696,0.24210526315789477,0.31600754840716494
100018496|F|0-32:T>G-32:T>G,,,95.0,0.43157894736842106,0.11359743473798777,-0.008390600156304747,0.23157894736842105,0.33729878405264035
100019182|F|0-32:C>T-32:C>T,,,95.0,0.09473684210526316,0.0035090037970222305,0.001289514107850291,0.08421052631578947,0.039423002771752855
100019242|F|0-32:A>G-32:A>G,,,95.0,0.4473684210526316,0.08267080844453073,-0.026514630907670006,0.2578947368421053,0.2632401456560373
100019784|F|0-32:C>G-32:C>G,,,95.0,0.1736842105263158,0.1081655876900955,0.0009641650558458861,0.12105263157894737,0.4699125348246728
100019896|F|0-32:C>T-32:C>T,Vu08 (old5),16375786.0,95.0,0.46842105263157896,0.0943842664883721,-0.016564627600281316,0.24736842105263163,0.29024517845328374
100020859|F|0-32:T>C-32:T>C,,,95.0,0.13157894736842105,0.008092812312282361,0.0026925512706497522,0.11052631578947368,0.06671090825013502
100021889|F|0-32:T>A-32:T>A,,,95.0,0.16842105263157894,0.0006747255909384103,-0.017328879383208744,0.15789473684210525,0.004777136828303393
100022022|F|0-32:T>G-32:T>G,,,95.0,0.1,0.003534390703169506,0.02144103538415932,0.06842105263157895,0.037842868935207316
100029178|F|0-32:G>A-32:G>A,,,95.0,0.2578947368421053,0.03860780423280426,-0.03150584795321636,0.21578947368421053,0.17321349788583104
100029251|F|0-32:C>A-32:C>A,,,95.0,0.4842105263157895,0.11795516345553005,-0.025977731474335873,0.25263157894736843,0.34228693886354045
100029674|F|0-32:C>G-32:C>G,,,95.0,0.2894736842105263,-0.004325755006525851,-0.01875767130436061,0.22631578947368422,-0.02128477442867078
100029850|F|0-32:T>C-32:T>C,,,95.0,0.45263157894736844,0.059025010186248165,0.01594868770165884,0.22105263157894736,0.19939108218026635
100034454|F|0-32:T>C-32:T>C,Vu05 (old1),11968566.0,95.0,0.19473684210526315,0.020838770910775527,-0.02043785539116611,0.1736842105263158,0.11970448816677234
100034493|F|0-32:C>T-32:C>T,,,95.0,0.14736842105263157,0.011032948532948537,-0.012865497076023413,0.1368421052631579,0.08171975970429475
100034571|F|0-32:T>A-32:T>A,,,95.0,0.07894736842105263,0.0022832630119496494,-0.0063515643948581085,0.07894736842105263,0.03049267441842634
100035010|F|0-32:A>C-32:A>C,,,95.0,0.12631578947368424,0.0014714487575296122,-0.005175726461804523,0.11578947368421053,0.01312794918780368
100035727|F|0-32:C>A-32:C>A,Vu08 (old5),17172753.0,95.0,0.22631578947368422,0.007770071467966313,-0.020420950960000173,0.19473684210526315,0.0426725451893884
100035857|F|0-32:C>A-32:C>A,,,91.0,0.14835164835164835,-0.004116271241526604,0.034706304931024036,0.09340659340659341,-0.033196638795156184
100036100|F|0-32:C>T-32:C>T,,,95.0,0.05789473684210526,0.0008225288323214599,-0.003249723771795079,0.05789473684210526,0.014829011780715584
100038761|F|0-32:T>C-32:T>C,,,95.0,0.11052631578947368,0.005359615742680262,-0.002284946236559144,0.1,0.05199740894984853
100038818|F|0-32:G>T-32:G>T,,,95.0,0.15789473684210525,0.011896865295482817,0.02609345945508932,0.10526315789473684,0.08304765144830073
100040510|F|0-32:T>C-32:T>C,,,95.0,0.42105263157894735,0.12045003859389075,-0.0325410606183102,0.25263157894736843,0.35370247726805676
100013163|F|0-33:C>A-33:C>A,,,95.0,0.10526315789473684,0.004704024001259024,-0.0010294553588271861,0.09473684210526316,0.047799578987025165
100013231|F|0-33:C>T-33:C>T,,,95.0,0.06842105263157895,0.0011990724116300157,0.005966866089956075,0.05789473684210526,0.01843006401786889
100013326|F|0-33:T>A-33:T>A,,,95.0,0.20526315789473684,-0.0036507680844191123,-0.008986940714444969,0.1736842105263158,-0.02266903065424866
100014140|F|0-33:C>G-33:C>G,,,91.0,0.08241758241758242,0.0017530244509703784,0.026363208420792688,0.04945054945054945,0.02260019557967549
100015076|F|0-33:T>C-33:T>C,,,95.0,0.38421052631578945,0.17187823672820537,-0.03456114014263417,0.23684210526315788,0.45937193547279104
100015328|F|0-33:T>C-33:T>C,,,95.0,0.2789473684210526,0.01768308685333194,-0.006738896361137442,0.20526315789473684,0.08178763111088039
100015680|F|0-33:A>G-33:A>G,,,95.0,0.11578947368421053,0.11561579295659734,0.016051737359037862,0.06315789473684211,0.5934327766792018
100015855|F|0-33:A>T-33:A>T,,,95.0,0.3526315789473684,0.045439731440726425,0.014952673717529423,0.20526315789473684,0.17104754336223763
100016003|F|0-33:A>T-33:A>T,,,95.0,0.5157894736842106,0.03646813797499805,-0.01969687782506116,0.2631578947368421,0.13027631219673444
100017435|F|0-33:T>G-33:T>G,,,93.0,0.3763440860215054,0.0829128376341325,-0.005859666955663837,0.22580645161290322,0.27376656223378837
100017575|F|0-33:C>A-33:C>A,,,95.0,0.04736842105263158,-0.0013999038402054747,0.00885632948451285,0.03684210526315789,-0.03160158613678903
100019511|F|0-33:G>A-33:G>A,,,95.0,0.23684210526315788,0.21269540707512025,-0.004206171587326091,0.14210526315789473,0.606670691915421
100020211|F|0-33:C>A-33:C>A,,,95.0,0.3631578947368421,0.059042406026067536,-0.006003400485573663,0.22631578947368422,0.21135275670879736
100020264|F|0-33:T>A-33:T>A,,,95.0,0.2578947368421053,0.10929412272625512,0.049106882553402106,0.12105263157894737,0.3910993034653357
100021275|F|0-33:T>A-33:T>A,,,95.0,0.42105263157894735,0.10760099901804972,0.0018648772468806832,0.22105263157894736,0.3255521142219232
100028334|F|0-33:A>C-33:A>C,,,95.0,0.43157894736842106,0.051191787884027125,-0.05897003628327903,0.29473684210526313,0.17839433634970017
100030143|F|0-33:C>T-33:C>T,,,95.0,0.29473684210526313,-0.0042035307339559555,-0.03244477885819145,0.24210526315789474,-0.020459423061633213
100030370|F|0-33:G>A-33:G>A,,,95.0,0.17894736842105263,0.007673057781719281,-0.0012519384972695666,0.1473684210526316,0.049893235683657056
100033115|F|0-33:C>G-33:C>G,,,95.0,0.4263157894736842,0.17429203308445043,-0.04816256182979445,0.2578947368421053,0.45385689081490055
100033755|F|0-33:T>A-33:T>A,,,95.0,0.37894736842105264,0.09478390481611053,-0.046322581870120054,0.2631578947368421,0.3041657877229575
100035489|F|0-33:C>A-33:C>A,,,94.0,0.11170212765957446,0.005527730236150086,-0.002470102426356674,0.10106382978723404,0.05308925137740193
100036033|F|0-33:T>C-33:T>C,,,95.0,0.05789473684210526,-0.000639540340263005,-0.0029471589531012247,0.05789473684210526,-0.01177616369748258
100036086|F|0-33:A>G-33:A>G,,,95.0,0.4368421052631579,0.011539096628906018,-0.023608538697672824,0.26842105263157895,0.04501277212018401
100039138|F|0-33:A>G-33:A>G,Vu04 (old11),6816983.0,94.0,0.047872340425531915,6.748743629214689e-05,0.00862237107542102,0.03723404255319149,0.001469549291920264
100040406|F|0-33:C>T-33:C>T,,,92.0,0.2826086956521739,0.022419601521164026,-0.006286663216011052,0.20652173913043478,0.10069225483776258
100041505|F|0-33:C>T-33:C>T,,,95.0,0.06842105263157895,0.0014754537363984375,-0.004672635890802281,0.06842105263157895,0.02262137658504593
100041567|F|0-33:A>T-33:A>T,,,95.0,0.4631578947368421,0.05552321031348053,-0.014177703545275713,0.25263157894736843,0.1888691772637
100041959|F|0-33:T>G-33:T>G,,,95.0,0.20526315789473684,0.003064939170668119,0.042534825578119294,0.12105263157894738,0.01839120971678487
100054560|F|0-33:A>G-33:A>G,,,94.0,0.09042553191489362,-0.0006369285722519413,-0.007645500849584528,0.09042553191489362,-0.00775388989362528
100055640|F|0-33:G>T-33:G>T,,,95.0,0.38421052631578945,0.11553234015398874,-0.022900757514509606,0.23684210526315788,0.350657258518713
100058913|F|0-33:A>C-33:A>C,,,95.0,0.12631578947368421,-0.0016683507728752819,-0.015108274106576298,0.12631578947368421,-0.01523063261487684
100014038|F|0-34:G>C-34:G>C,,,95.0,0.1,-0.00045369609676270935,0.0011017279268552803,0.08947368421052632,-0.005034259407113635
100014517|F|0-34:C>T-34:C>T,,,95.0,0.20526315789473684,0.03533335617934488,0.0146924924726283,0.14210526315789473,0.18390231465641343
100015063|F|0-34:T>C-34:T>C,,,93.0,0.06451612903225806,9.315491171529215e-05,0.03936792292417784,0.021505376344086023,0.0015279699790361665
100015319|F|0-34:T>A-34:T>A,,,95.0,0.06315789473684211,0.0008532494131572468,0.0067103241975907625,0.05263157894736842,0.01417471967254278
100016651|F|0-34:T>C-34:T>C,,,95.0,0.39473684210526316,-0.005918111935078839,-0.005998133162819134,0.24736842105263163,-0.025135091281622356
100016722|F|0-34:C>T-34:C>T,,,92.0,0.2554347826086957,0.3114495504433985,0.02215682048612807,0.10326086956521739,0.7129157821279704
100017362|F|0-34:C>A-34:C>A,,,95.0,0.15263157894736842,0.004088239608767468,-0.002413781276260046,0.13157894736842105,0.030680188526986236
100017652|F|0-34:G>A-34:G>A,,,92.0,0.06521739130434782,0.000990702636793172,0.0067767042404723605,0.05434782608695652,0.015949431234747357
100017653|F|0-34:G>A-34:G>A,,,95.0,0.08947368421052632,0.00979266451093012,0.011523309740627223,0.06842105263157895,0.10912624198797022
100017658|F|0-34:T>G-34:T>G,Vu01 (old4),30643579.0,95.0,0.3736842105263158,0.1786737538923862,-0.017378398341895807,0.21578947368421053,0.4738290698541417
100017698|F|0-34:C>A-34:C>A,,,95.0,0.08421052631578947,-0.0014205112196838214,0.014739653385663565,0.06315789473684211,-0.018574349598413996
100017877|F|0-34:T>G-34:T>G,,,95.0,0.3368421052631579,0.05206467491762844,-0.007246978639168745,0.22105263157894736,0.1958273243095861
100018361|F|0-34:C>A-34:C>A,,,95.0,0.07894736842105263,-0.001020450983794093,-0.0056678842756941235,0.07894736842105263,-0.0141221234099889
100018705|F|0-34:T>C-34:T>C,Vu07 (old2),39159477.0,95.0,0.35789473684210527,0.0573902483399237,-0.02301872104503683,0.24210526315789474,0.20757709262298873
100020050|F|0-34:T>G-34:T>G,,,95.0,0.12105263157894738,0.0062341998545915635,0.01629106368070716,0.08947368421052632,0.05566302166284374
100020248|F|0-34:C>A-34:C>A,,,95.0,0.19473684210526315,0.0030175595149935347,-0.0061675755860815225,0.1631578947368421,0.01885881832917126
100020867|F|0-34:T>C-34:T>C,,,95.0,0.24736842105263157,0.03461419799265422,-0.004195636941816863,0.18421052631578946,0.1612744964690022
100021685|F|0-34:T>A-34:T>A,Vu06 (old6),22297694.0,95.0,0.23684210526315788,0.05635690082040105,0.00698235691868968,0.1631578947368421,0.24881946728398463
100022113|F|0-34:G>C-34:G>C,,,95.0,0.05789473684210526,0.0005461475075530383,0.007389778208963263,0.04736842105263158,0.00987530889448481
100029461|F|0-34:G>A-34:G>A,,,95.0,0.34210526315789475,0.11288372987158078,0.018912751085925997,0.18421052631578946,0.3572190719617624
100029593|F|0-34:A>G-34:A>G,,,95.0,0.05263157894736842,0.0005541480195858068,-0.002634273856684715,0.05263157894736842,0.010962059159348513
100033514|F|0-34:C>T-34:C>T,,,95.0,0.2736842105263158,0.1546900764734343,0.01014924285297801,0.15789473684210528,0.47931128902201114
100034798|F|0-34:C>G-34:C>G,,,94.0,0.0797872340425532,0.0023634946471920355,-0.006499169666640659,0.0797872340425532,0.031241849840400595
100034936|F|0-34:G>C-34:G>C,,,95.0,0.16842105263157894,0.005459652054488671,0.024010141433740743,0.11578947368421053,0.037585567934935386
100035973|F|0-34:C>T-34:C>T,,,95.0,0.05263157894736842,0.0002777666948173851,0.008005228124073635,0.042105263157894736,0.0055125282351565765
100036015|F|0-34:G>A-34:G>A,Vu02 (old7),24184641.0,95.0,0.07368421052631578,0.0013072351782029206,0.01579890586681757,0.05263157894736842,0.01874502318609772
100036126|F|0-34:T>C-34:T>C,,,95.0,0.3,0.0015017915101702343,0.026732887938320887,0.18421052631578946,0.007069076963951604
100038564|F|0-34:C>T-34:C>T,,,95.0,0.9157894736842105,0.2635331636431344,0.01282090857642645,0.010526315789473684,0.9186168684170741
100040444|F|0-34:C>A-34:C>A,Vu02 (old7),25326701.0,95.0,0.11052631578947368,0.004806853093143418,0.018994057724957554,0.07894736842105263,0.04678280871210642
100041373|F|0-34:A>C-34:A>C,,,95.0,0.08421052631578947,0.0027452492890280918,-0.00728703479127927,0.08421052631578947,0.034458298963871474
100042005|F|0-34:A>G-34:A>G,,,95.0,0.24736842105263157,0.011137040200718469,0.03240971441310999,0.15263157894736842,0.05676998065254909
100043997|F|0-34:A>G-34:A>G,,,95.0,0.19473684210526315,0.0035703221645303784,-0.027446579547598195,0.18421052631578946,0.022267991667012446
100046319|F|0-34:T>C-34:T>C,,,92.0,0.14130434782608695,0.00920006342960161,0.02234895926522336,0.09782608695652174,0.07111154111787717
100046321|F|0-34:T>C-34:T>C,,,95.0,0.42105263157894735,0.02407521259636887,-0.02317928251714325,0.2631578947368421,0.09117539809597142
100047059|F|0-34:G>T-34:G>T,,,94.0,0.3404255319148936,0.07477641600118304,0.009365776838024741,0.20212765957446807,0.2612095383803355
100054559|F|0-34:G>C-34:G>C,,,93.0,0.11290322580645161,-0.0007608191386786376,0.04194395952853858,0.05913978494623656,-0.00758370169260697
100058673|F|0-34:G>A-34:G>A,Vu05 (old1),1696325.0,95.0,0.2789473684210526,0.0028601940717043377,-0.0777475519198779,0.2789473684210526,0.014016435967412798
100016415|F|0-35:A>G-35:A>G,,,95.0,0.13157894736842105,-0.002019633388768287,0.025949863662087763,0.08947368421052632,-0.017809203482618587
100016517|F|0-35:T>A-35:T>A,,,95.0,0.24210526315789474,0.010116299548641405,-0.007132689984981997,0.18947368421052632,0.05256386676885874
100016813|F|0-35:C>T-35:C>T,,,95.0,0.22631578947368422,-0.0033545759679504982,0.0030458293828412625,0.1736842105263158,-0.019348619993242354
100016903|F|0-35:A>G-35:A>G,,,95.0,0.07894736842105263,-0.0012968323085625147,0.004971617705064212,0.06842105263157895,-0.01798761681717897
100017011|F|0-35:C>T-35:C>T,,,95.0,0.33157894736842103,0.09413139552304828,0.02990427559612617,0.1736842105263158,0.3161743683451251
100017505|F|0-35:A>G-35:A>G,,,95.0,0.5157894736842106,0.09378406121179478,-0.03155800057328067,0.2631578947368421,0.2882258318594948
100018520|F|0-35:A>G-35:A>G,,,94.0,0.07446808510638298,0.005244545103514294,0.015090764200524229,0.05319148936170213,0.0713283482850445
100018711|F|0-35:A>G-35:A>G,Vu02 (old7),32416848.0,95.0,0.08947368421052632,-0.002203900199553741,0.003423606670635546,0.07894736842105263,-0.0274913385890543
100019198|F|0-35:G>T-35:G>T,,,94.0,0.13829787234042554,0.008369302726406366,0.033140889181146424,0.0851063829787234,0.06609958241188771
100019259|F|0-35:C>T-35:C>T,,,91.0,0.12087912087912088,0.006265162155260471,0.017701259414742557,0.08791208791208792,0.05599969274048447
100019402|F|0-35:A>C-35:A>C,,,95.0,0.28947368421052627,0.0023567505959106267,-0.009558261489500888,0.21578947368421053,0.011298593477689425
100019849|F|0-35:A>C-35:A>C,,,95.0,0.48947368421052634,0.06321591830991709,-0.009218702915646847,0.24736842105263157,0.209764852606396
100021940|F|0-35:G>A-35:G>A,,,95.0,0.3368421052631579,0.04895777792588644,-0.006604028399444306,0.22105263157894736,0.1858640543195433
100028871|F|0-35:G>C-35:G>C,,,95.0,0.5,-0.003639319890105399,-0.058765345671118206,0.3105263157894737,-0.014667482207850642
100030137|F|0-35:C>A-35:C>A,,,95.0,0.11578947368421053,0.00030884621243858825,0.00816676956320418,0.09473684210526316,0.0029923346345937965
100030713|F|0-35:T>A-35:T>A,,,95.0,0.07894736842105263,0.002006881687181228,0.004287937585900227,0.06842105263157895,0.026860178915425983
100032761|F|0-35:G>T-35:G>T,,,95.0,0.07368421052631578,0.0015836165029713425,0.005159403886059222,0.06315789473684211,0.022655161239587163
100035334|F|0-35:T>C-35:T>C,,,92.0,0.43478260869565216,0.09191065439558603,-0.0006312453574932893,0.22826086956521738,0.2876340184634048
100040405|F|0-35:T>A-35:T>A,,,95.0,0.05789473684210526,-0.000639540340263005,-0.0029471589531012247,0.05789473684210526,-0.01177616369748258
100041512|F|0-35:G>A-35:G>A,,,95.0,0.4789473684210526,0.0354389119313711,-0.04613562253630164,0.2894736842105263,0.12712280886408098
100044913|F|0-35:T>C-35:T>C,,,90.0,0.1,0.003856214105336476,0.011959787750927004,0.07777777777777778,0.04120160677787097
100047378|F|0-35:C>T-35:C>T,,,95.0,0.15263157894736842,0.01199830901731824,-0.014633020723852676,0.14210526315789476,0.08602754411208154
100055747|F|0-35:G>C-35:G>C,,,95.0,0.05263157894736842,0.0002777666948173851,0.008005228124073635,0.042105263157894736,0.0055125282351565765
100058466|F|0-35:C>T-35:C>T,,,94.0,0.324468085106383,0.005440050684101322,0.07601995738398887,0.14361702127659576,0.02416972847002684
100013340|F|0-36:T>A-36:T>A,,,95.0,0.4473684210526316,0.13131751097162705,-0.025999413244744328,0.24736842105263157,0.3723349319561647
100014423|F|0-36:C>T-36:C>T,,,95.0,0.1736842105263158,0.015417817909177357,0.009575349664483822,0.13157894736842105,0.09847103307559318
100014515|F|0-36:T>C-36:T>C,,,95.0,0.3894736842105263,0.0029568330783244943,-0.014273709689668948,0.25263157894736843,0.012253016702675607
100014587|F|0-36:A>C-36:A>C,,,95.0,0.07894736842105263,-0.001929458392853869,0.005102535174691359,0.06842105263157895,-0.02694995258217773
100014994|F|0-36:G>A-36:G>A,Vu09 (old8),3414321.0,95.0,0.5631578947368421,0.06539726216621902,0.028739737907819432,0.20526315789473684,0.21842761409978736
100016297|F|0-36:A>G-36:A>G,,,95.0,0.5,0.015288314146713814,-0.020353057619611113,0.26842105263157895,0.05805182414483966
100016523|F|0-36:G>T-36:G>T,Vu03 (old3),39488805.0,95.0,0.26842105263157895,0.027212836466083225,-0.01352623984202927,0.20526315789473684,0.12428804282467353
100017507|F|0-36:T>C-36:T>C,,,95.0,0.2631578947368421,0.014247334497648702,-0.0080435693338919,0.2,0.0690934740514276
100017562|F|0-36:T>A-36:T>A,,,95.0,0.28421052631578947,0.17721604548688766,0.031355514886924035,0.1368421052631579,0.5130545288649409
100018771|F|0-36:T>G-36:T>G,,,95.0,0.37894736842105264,0.08571686250257682,0.019047619047619046,0.2,0.2812560770420976
100019249|F|0-36:C>A-36:C>A,,,95.0,0.45263157894736844,0.10189761629199211,-0.0669996410870774,0.29473684210526313,0.3091227350419998
100020014|F|0-36:G>C-36:G>C,,,95.0,0.3894736842105263,0.1118438963013744,0.005522114180857795,0.21052631578947367,0.3410994626592624
100020395|F|0-36:T>C-36:T>C,,,95.0,0.17894736842105263,0.007673057781719281,-0.0012519384972695666,0.1473684210526316,0.049893235683657056
100021300|F|0-36:C>T-36:C>T,,,95.0,0.06315789473684211,-0.0015226129922925073,0.0072019920279682665,0.05263157894736842,-0.02611195296663205
100021653|F|0-36:G>A-36:G>A,,,95.0,0.07368421052631578,0.0015836165029713425,0.005159403886059222,0.06315789473684211,0.022655161239587163
100029336|F|0-36:T>A-36:T>A,,,95.0,0.06315789473684211,0.00030048676362040355,0.027989328159107454,0.031578947368421054,0.005019090960309162
100030808|F|0-36:G>C-36:G>C,,,95.0,0.15263157894736842,0.011169165043012975,0.0172854852184224,0.11052631578947368,0.08036471007779356
100034189|F|0-36:A>T-36:A>T,,,95.0,0.18421052631578946,0.017774470899470908,0.005336257309941479,0.14210526315789476,0.10758323545058551
100036149|F|0-36:T>A-36:T>A,,,95.0,0.05789473684210526,-0.0011923029897998483,0.018331845008415473,0.03684210526315789,-0.022087191663052865
100038456|F|0-36:A>C-36:A>C,,,95.0,0.43157894736842106,0.14169500630015927,-0.05653442011676312,0.2736842105263158,0.3948643190576445
100044399|F|0-36:G>A-36:G>A,,,95.0,0.35789473684210527,0.08193165370061058,-0.00693277671206361,0.22105263157894736,0.2767479689499088
100044913|F|0-36:G>T-36:G>T,,,91.0,0.12637362637362637,0.007080527004596527,0.01618293925175946,0.09340659340659341,0.06068846647590317
100045252|F|0-36:A>T-36:A>T,,,95.0,0.2842105263157895,0.04678200703546328,-0.005145929339477689,0.2,0.19360522435859953
100049017|F|0-36:G>A-36:G>A,,,95.0,0.24736842105263157,0.03461419799265422,-0.004195636941816863,0.18421052631578946,0.1612744964690022
100052563|F|0-36:T>C-36:T>C,,,95.0,0.7947368421052632,0.004170464469741803,-2.3182344914105665e-05,0.1631578947368421,0.024927288850063494
100058671|F|0-36:C>G-36:C>G,Vu05 (old1),1696325.0,95.0,0.3368421052631579,-0.0057011157568866025,0.004707240976341181,0.22105263157894736,-0.025907243319153405
100013288|F|0-37:A>T-37:A>T,,,95.0,0.1736842105263158,0.015417817909177357,0.009575349664483822,0.13157894736842105,0.09847103307559318
100013358|F|0-37:G>A-37:G>A,,,95.0,0.08947368421052632,0.002969575334206672,0.002352992696795754,0.07894736842105263,0.03523884625089514
100013886|F|0-37:T>A-37:T>A,,,95.0,0.08421052631578947,0.0027452492890280918,-0.00728703479127927,0.08421052631578947,0.034458298963871474
100014325|F|0-37:G>A-37:G>A,,,95.0,0.12105263157894738,0.006786962504128406,-0.004987940280809526,0.11052631578947368,0.0604223643943582
100014339|F|0-37:C>G-37:C>G,,,95.0,0.15789473684210525,0.01272600926978808,-0.005825046487185742,0.1368421052631579,0.08853302940310687
100014760|F|0-37:A>T-37:A>T,,,95.0,0.43157894736842106,0.034350174798436224,-0.02373786372088575,0.2631578947368421,0.12547082943614596
100015763|F|0-37:C>T-37:C>T,Vu01 (old4),7877137.0,95.0,0.07894736842105263,-0.0001673778904612593,0.015320191975540024,0.05789473684210526,-0.0022913552656694345
100015778|F|0-37:G>T-37:G>T,Vu04 (old11),1978178.0,95.0,0.5263157894736842,0.13802649603340852,-0.009414665696499302,0.23157894736842105,0.3832038591124815
100015820|F|0-37:T>C-37:T>C,,,95.0,0.4473684210526316,0.017430458327766667,-0.03417821802796336,0.2789473684210526,0.06647781975267385
100016695|F|0-37:G>A-37:G>A,,,95.0,0.20526315789473684,-0.0017666490749859017,0.022370074746984776,0.14210526315789473,-0.010857742679205492
100017304|F|0-37:T>A-37:T>A,,,95.0,0.46842105263157896,0.046791940768428,-0.017298041045918807,0.2578947368421053,0.16281764417608635
100020367|F|0-37:A>T-37:A>T,,,95.0,0.1,0.004087153352706349,0.00016203142264263495,0.08947368421052632,0.04360892274138889
100020750|F|0-37:T>C-37:T>C,Vu09 (old8),38249509.0,95.0,0.3526315789473684,-0.003576675975345854,0.06742549800699206,0.1631578947368421,-0.01575581562634338
100022070|F|0-37:G>C-37:G>C,,,95.0,0.18947368421052632,-0.0023718826151272756,0.007545715461674727,0.1473684210526316,-0.015549020382870064
100029242|F|0-37:C>T-37:C>T,,,93.0,0.3763440860215054,0.011837967519488788,0.04036336768555971,0.1935483870967742,0.04817082765590978
100032856|F|0-37:A>G-37:A>G,,,95.0,0.18947368421052632,0.020116404332994203,-0.03943730293475625,0.18947368421052632,0.11822553630857538
100032857|F|0-37:C>A-37:C>A,Vu05 (old1),29700622.0,89.0,0.449438202247191,0.021292321526311674,0.01067600228778066,0.23595505617977527,0.07947168151879476
100034247|F|0-37:G>C-37:G>C,,,95.0,0.4789473684210526,0.13932598573361044,-0.014722779578467132,0.23684210526315788,0.38546906359609207
100035652|F|0-37:T>C-37:T>C,,,95.0,0.05789473684210526,0.0008225288323214599,-0.003249723771795079,0.05789473684210526,0.014829011780715584
100039244|F|0-37:G>C-37:G>C,,,95.0,0.35789473684210527,0.19040115379662934,-0.039962075276166936,0.23157894736842105,0.49840882077122406
100040451|F|0-37:G>A-37:G>A,,,95.0,0.3894736842105263,0.16729484382395993,0.004629241726015924,0.2,0.44980911514933425
100040569|F|0-37:C>T-37:C>T,,,95.0,0.07368421052631578,0.0018599978277397638,-0.005480098094699112,0.07368421052631578,0.026547084104181252
100041156|F|0-37:T>C-37:T>C,,,95.0,0.17894736842105263,0.007949439106487703,-0.011891440478027902,0.15789473684210525,0.051635582064779834
100046319|F|0-37:A>C-37:A>C,,,92.0,0.1358695652173913,0.008281527360173908,0.024037543985209044,0.09239130434782608,0.06640608140373737
100051142|F|0-37:G>C-37:G>C,,,94.0,0.2765957446808511,-0.004926765406395245,0.03214324795608301,0.1702127659574468,-0.024954587244033426
100013936|F|0-38:C>A-38:C>A,,,95.0,0.2578947368421053,0.004333827935629365,0.007333828216680554,0.18421052631578946,0.022125118178157335
100015014|F|0-38:C>T-38:C>T,,,95.0,0.04736842105263158,4.810697495029275e-05,0.008556673942921826,0.03684210526315789,0.0010585318157698797
100015067|F|0-38:T>A-38:T>A,,,94.0,0.25,0.02187762605083109,0.008470768111551414,0.17553191489361702,0.10626381003187813
100015585|F|0-38:T>C-38:T>C,,,95.0,0.38421052631578945,0.0032102518945313304,-0.052568034210648755,0.28947368421052627,0.013369593055702914
100016631|F|0-38:C>G-38:C>G,,,95.0,0.3263157894736842,0.03118680823435747,-0.04883910656406406,0.2631578947368421,0.12703094630331221
100016646|F|0-38:G>A-38:G>A,,,95.0,0.05789473684210526,-0.000639540340263005,-0.0029471589531012247,0.05789473684210526,-0.01177616369748258
100016658|F|0-38:T>C-38:T>C,Vu02 (old7),33337276.0,95.0,0.06315789473684211,0.0073763272600725505,0.005360419621879734,0.05263157894736842,0.11284252987192045
100017341|F|0-38:C>A-38:C>A,,,95.0,0.49473684210526314,0.1298952522965406,-0.017642376959015337,0.24210526315789474,0.366564890672659
100018000|F|0-38:T>A-38:T>A,,,95.0,0.35789473684210527,-0.0010222267763113986,-0.010930674682796942,0.24210526315789477,-0.004441521993370832
100019055|F|0-38:T>A-38:T>A,,,95.0,0.20526315789473684,0.023228811319249126,-0.014549478535047296,0.1736842105263158,0.12737639825135721
100019852|F|0-38:G>A-38:G>A,,,95.0,0.4789473684210526,0.08932489506955368,-0.025540023078223416,0.2578947368421053,0.27768280182100624
100020878|F|0-38:C>T-38:C>T,,,95.0,0.24736842105263163,0.02086063771757112,0.01981517821925293,0.1631578947368421,0.10234145102214517
100021166|F|0-38:T>C-38:T>C,,,95.0,0.3684210526315789,0.04364280888160238,-0.006679945219843361,0.23157894736842105,0.16251774244829825
100021294|F|0-38:G>A-38:G>A,,,95.0,0.4263157894736842,0.032569731845758246,-0.018834139356210682,0.2578947368421053,0.11990462157114838
100021509|F|0-38:C>A-38:C>A,,,95.0,0.05263157894736842,1.3853700489636983e-06,0.018644730104831978,0.031578947368421054,2.758324172308031e-05
100022140|F|0-38:C>A-38:C>A,,,95.0,0.12631578947368424,0.0014714487575296122,-0.005175726461804523,0.11578947368421053,0.01312794918780368
100022228|F|0-38:T>C-38:T>C,Vu03 (old3),4384995.0,95.0,0.28421052631578947,-0.0038887998473775606,0.026504647493611852,0.17894736842105263,-0.01929320201995279
100028702|F|0-38:A>G-38:A>G,,,95.0,0.41578947368421054,0.061965332172443634,-0.01601477422784721,0.24736842105263157,0.2112557884398924
100028947|F|0-38:C>A-38:C>A,,,95.0,0.06842105263157895,0.0011990724116300157,0.005966866089956075,0.05789473684210526,0.01843006401786889
100030288|F|0-38:C>G-38:C>G,,,95.0,0.22105263157894736,0.0066048020855310335,-0.0072458761762666775,0.17894736842105263,0.03704188968952194
100034526|F|0-38:G>A-38:G>A,,,95.0,0.19473684210526315,-0.001748223653334671,-0.005181330648223697,0.1631578947368421,-0.011190182578037803
100034680|F|0-38:A>C-38:A>C,,,95.0,0.1,0.004363534677474771,-0.010477470558115714,0.1,0.046476915593429605
100035171|F|0-38:C>T-38:C>T,,,95.0,0.25263157894736843,0.03603887791675811,0.003460263562131158,0.17894736842105263,0.16497804397637436
100035283|F|0-38:G>T-38:G>T,,,95.0,0.32631578947368417,0.013759529960566837,-0.0029034279246503134,0.22105263157894736,0.05933165925271966
100038927|F|0-38:C>G-38:C>G,,,95.0,0.2842105263157895,0.047058388360231705,-0.015785431320236024,0.21052631578947367,0.19461757601487897
100039148|F|0-38:G>A-38:G>A,,,95.0,0.4052631578947368,0.10432746719796371,-0.037267319079712966,0.2578947368421053,0.3210521583963617
100040739|F|0-38:C>T-38:C>T,,,95.0,0.5052631578947369,0.056524684876172133,-0.002458859759369108,0.24210526315789474,0.19085146090878954
100041002|F|0-38:A>G-38:A>G,,,95.0,0.08947368421052632,0.0032459566589750936,-0.008286509283962596,0.08947368421052632,0.03844411071839293
100044656|F|0-38:C>T-38:C>T,,,90.0,0.1388888888888889,0.007542835582386368,0.046807922979797995,0.07222222222222222,0.05959277829787527
100014259|F|0-39:T>A-39:T>A,,,95.0,0.41578947368421054,0.07609398138828387,-0.018938597716186886,0.24736842105263163,0.24987859801984377
100014662|F|0-39:T>C-39:T>C,,,95.0,0.5052631578947369,0.01613023815972078,-0.004681823081653295,0.25263157894736843,0.06108087899368527
100015188|F|0-39:T>C-39:T>C,,,95.0,0.14210526315789473,0.0025384261349908617,0.011568755711370322,0.11052631578947368,0.0203671258782118
100016571|F|0-39:C>T-39:C>T,,,95.0,0.09473684210526316,-0.0007225617890154983,0.0021652065158007713,0.08421052631578947,-0.008435902374896801
100017336|F|0-39:A>G-39:A>G,Vu07 (old2),40087974.0,95.0,0.2842105263157895,0.047334769685000125,-0.02642493330099436,0.22105263157894736,0.19562856208032872
100018025|F|0-39:C>T-39:C>T,,,95.0,0.24736842105263157,0.03516696064219106,-0.02547464090333356,0.20526315789473684,0.163601137451056
100020012|F|0-39:A>C-39:A>C,,,95.0,0.08947368421052632,0.002969575334206672,0.002352992696795754,0.07894736842105263,0.03523884625089514
100020403|F|0-39:T>G-39:T>G,,,95.0,0.16842105263157894,0.010183260150530787,0.023032624327191397,0.11578947368421053,0.06834157023711893
100021287|F|0-39:T>A-39:T>A,,,95.0,0.24736842105263157,0.03489057931742264,-0.014835138922575227,0.19473684210526315,0.1624387008290425
100022316|F|0-39:A>G-39:A>G,,,95.0,0.22105263157894736,-0.0031702430372308895,0.015941613564703534,0.15789473684210525,-0.01857570367129614
100029380|F|0-39:A>C-39:A>C,,,95.0,0.34210526315789475,0.03546375728377196,-0.028559577095230704,0.24736842105263157,0.13947140632008262
100030709|F|0-39:T>A-39:T>A,,,95.0,0.3263157894736842,-0.00542085539598108,-0.009516490395098198,0.23157894736842105,-0.025022227293892196
100033656|F|0-39:G>A-39:G>A,,,95.0,0.08947368421052632,0.002969575334206672,0.002352992696795754,0.07894736842105263,0.03523884625089514
100034437|F|0-39:T>A-39:T>A,,,95.0,0.19473684210526315,0.020562389586007108,-0.009798353410407745,0.1631578947368421,0.11822769835943778
100034576|F|0-39:C>T-39:C>T,,,95.0,0.35789473684210527,0.02490646925999881,0.02603279337150306,0.2,0.09925297858459617
100034887|F|0-39:C>G-39:C>G,,,95.0,0.12105263157894738,0.006786962504128406,-0.004987940280809526,0.11052631578947368,0.0604223643943582
100035003|F|0-39:A>G-39:A>G,,,95.0,0.22105263157894736,0.026966089466089478,-0.0008771929824561308,0.16842105263157894,0.13863604195442414
100035266|F|0-39:C>T-39:C>T,,,95.0,0.06315789473684211,0.0011296307379256687,-0.003929177783167587,0.06315789473684211,0.018715401947341156
100036115|F|0-39:C>T-39:C>T,,,93.0,0.08602150537634409,-0.0013726403929746102,0.01489904666537239,0.06451612903225806,-0.017588362392587747
100043408|F|0-39:C>A-39:C>A,,,94.0,0.05851063829787234,-0.001807738771475427,0.01862284728857402,0.03723404255319149,-0.0334462010166356
100043520|F|0-39:C>T-39:C>T,,,95.0,0.25263157894736843,-0.004955292345321676,0.011943715593970287,0.17894736842105263,-0.02665055662937839
100044894|F|0-39:G>A-39:G>A,,,95.0,0.28421052631578947,0.03335089163927665,-0.07644260333139787,0.27368421052631575,0.14463129463399116
100046610|F|0-39:T>C-39:T>C,,,95.0,0.2789473684210526,0.04705966982752698,-0.08689431913116123,0.2789473684210526,0.19680956329394558
100048542|F|0-39:C>A-39:C>A,Vu06 (old6),4481310.0,95.0,0.09473684210526316,-0.0007225617890154983,0.0021652065158007713,0.08421052631578947,-0.008435902374896801
100048863|F|0-39:A>G-39:A>G,,,94.0,0.07446808510638298,0.09086434486761928,0.018597770106580553,0.031914893617021274,0.642709488431357
100014000|F|0-40:A>G-40:A>G,,,95.0,0.2578947368421053,-0.0017486550071908284,0.01917486164090577,0.1736842105263158,-0.009149972215939184
100014414|F|0-40:G>C-40:G>C,,,95.0,0.12105263157894738,0.0070633438288968285,-0.015627442261567905,0.12105263157894738,0.06279167868347872
100014532|F|0-40:A>C-40:A>C,,,95.0,0.042105263157894736,-0.0012815586037726806,0.00927976711083672,0.031578947368421054,-0.03238127084737043
100015331|F|0-40:A>G-40:A>G,,,95.0,0.43157894736842106,-0.006474996060511356,0.01645753557892778,0.23157894736842105,-0.026804753290596565
100016381|F|0-40:C>G-40:C>G,Vu08 (old5),3031274.0,95.0,0.2736842105263158,-0.0035184904332893462,-0.010022153379538752,0.21052631578947367,-0.017861656627018514
100016472|F|0-40:C>G-40:C>G,,,95.0,0.46842105263157896,0.009115243745532813,-0.04124803700355485,0.2894736842105263,0.03542089137794721
100017806|F|0-40:A>G-40:A>G,Vu10 (old10),40484034.0,95.0,0.4105263157894737,0.15321782168242165,0.011797700507377953,0.2,0.41975700310835534
100018695|F|0-40:A>G-40:A>G,Vu08 (old5),10283963.0,95.0,0.38421052631578945,0.23863210362346315,-0.03779307138814781,0.22631578947368422,0.5586548284032528
100019141|F|0-40:G>A-40:G>A,,,95.0,0.1631578947368421,0.004411030830176203,0.03654517525485267,0.1,0.0312936262452704
100020699|F|0-40:A>G-40:A>G,,,95.0,0.3684210526315789,0.12406618502135895,-0.0021583773706014987,0.21052631578947367,0.37320532482479946
100020907|F|0-40:A>T-40:A>T,,,95.0,0.1368421052631579,-0.002351338207014791,0.02461873157968236,0.09473684210526316,-0.020096180257152305
100033630|F|0-40:T>C-40:T>C,,,95.0,0.49473684210526314,0.06113104028897918,-0.013994419087797753,0.2526315789473685,0.20392770233362226
100034728|F|0-40:G>C-40:G>C,,,95.0,0.23157894736842105,-0.00332191586904616,0.011213762656886603,0.16842105263157894,-0.018841025699111603
100041314|F|0-40:C>T-40:C>T,,,95.0,0.45263157894736844,0.005307727337209955,-0.004681823081653324,0.25263157894736843,0.02095783022907594
100016238|F|0-41:C>A-41:C>A,,,95.0,0.4842105263157895,0.007929971508731455,0.017955813286882925,0.23157894736842105,0.030800224333945386
100016587|F|0-41:C>T-41:C>T,Vu03 (old3),57417157.0,95.0,0.3,-0.0030205128720524636,0.0065041330109242065,0.20526315789473684,-0.014469746074673094
100016627|F|0-41:T>C-41:T>C,,,95.0,0.11578947368421053,0.022760342140055182,0.03526751262320022,0.06315789473684211,0.18781368464480114
100016704|F|0-41:C>T-41:C>T,,,95.0,0.39473684210526316,0.09356391016817289,0.015743997089497936,0.20526315789473684,0.29743330055751244
100017187|F|0-41:T>C-41:T>C,,,95.0,0.23684210526315788,0.0316046200982837,-0.009059948257741094,0.18421052631578946,0.1528600991902838
100017422|F|0-41:T>A-41:T>A,,,95.0,0.13157894736842105,0.008369193637050784,-0.007946950710108626,0.12105263157894738,0.06889649955262984
100017523|F|0-41:C>T-41:C>T,,,95.0,0.5052631578947369,0.09947266770685291,-0.04309355990170934,0.2736842105263158,0.3013745005343475
100017843|F|0-41:T>C-41:T>C,,,95.0,0.4421052631578947,0.08399865100221203,0.020243056321154758,0.21052631578947367,0.2668589082573345
100018223|F|0-41:G>A-41:G>A,Vu09 (old8),16423359.0,95.0,0.21578947368421053,-0.0005246648260892076,0.007107455834111194,0.1631578947368421,-0.0030909785935342997
100018797|F|0-41:C>G-41:C>G,,,95.0,0.21578947368421053,0.013599497679933374,0.02534917450027808,0.14210526315789473,0.07511296373943607
100019864|F|0-41:A>G-41:A>G,,,95.0,0.16842105263157894,0.006565177353562358,-0.01854786648929264,0.15789473684210525,0.044994073188347986
100020153|F|0-41:C>T-41:C>T,,,95.0,0.2789473684210526,0.01961775612671089,-0.08121541022644588,0.2789473684210526,0.09025894599387005
100020177|F|0-41:C>G-41:C>G,,,95.0,0.24210526315789474,-0.0014722736824224075,0.016430096502252727,0.16842105263157894,-0.008028589327959548
100020710|F|0-41:C>A-41:C>A,,,95.0,0.06842105263157895,0.0011990724116300157,0.005966866089956075,0.05789473684210526,0.01843006401786889
100020752|F|0-41:T>G-41:T>G,,,95.0,0.4473684210526316,0.025930978748322706,-0.04651964711387463,0.2894736842105263,0.09643891336538145
100021703|F|0-41:T>C-41:T>C,Vu07 (old2),38780837.0,95.0,0.2578947368421053,0.024788438880395315,-0.028646028561138903,0.21578947368421053,0.11696417930201483
100033142|F|0-41:A>C-41:A>C,,,93.0,0.43010752688172044,0.17101564948490489,0.01712105754198593,0.1935483870967742,0.448054304760186
100033253|F|0-41:A>G-41:A>G,,,95.0,0.30526315789473685,0.0010828902416145825,0.013045780384490044,0.2,0.005057194062094767
100033672|F|0-41:T>A-41:T>A,Vu02 (old7),6408415.0,95.0,0.12105263157894738,0.006786962504128406,-0.004987940280809526,0.11052631578947368,0.0604223643943582
100033896|F|0-41:A>G-41:A>G,,,86.0,0.5116279069767442,0.045594101355820094,0.0713720468807678,0.1744186046511628,0.1564738748474742
100034782|F|0-41:G>A-41:G>A,,,88.0,0.06818181818181818,-1.3671848297170559e-05,0.007120624853182986,0.056818181818181816,-0.0002138728112973337
100036101|F|0-41:G>C-41:G>C,,,95.0,0.4631578947368421,0.005231380853238837,-0.04609939438037904,0.29473684210526313,0.02060662934689119
100038715|F|0-41:T>A-41:T>A,,,95.0,0.4473684210526316,0.122882496514409,-0.02425384698304903,0.24736842105263157,0.3551547309548073
100040372|F|0-41:A>T-41:A>T,,,91.0,0.06043956043956044,0.00040439064096016425,0.018655466724286942,0.038461538461538464,0.007030264741452164
100041311|F|0-41:A>G-41:A>G,,,94.0,0.3404255319148936,0.050191151594503,0.002556732691424957,0.2127659574468085,0.1890340302673369
100041804|F|0-41:G>A-41:G>A,,,89.0,0.3707865168539326,0.044862434451293856,0.011429527896013762,0.21348314606741572,0.16629567759204514
100043186|F|0-41:T>C-41:T>C,,,95.0,0.38421052631578945,0.03460734985661674,-0.04848313354255627,0.2789473684210526,0.1305585051343771
100043219|F|0-41:C>T-41:C>T,,,95.0,0.32105263157894737,0.009514403490890718,-0.10443254396989539,0.32105263157894737,0.04207409247749703
100043228|F|0-41:G>A-41:G>A,,,95.0,0.30526315789473685,-0.004372051554707608,-0.017572278692822,0.23157894736842105,-0.02085558012676097
100044919|F|0-41:G>A-41:G>A,,,95.0,0.2631578947368421,0.03900440104357157,0.018580052281240763,0.16842105263157894,0.1725816407813429
100046913|F|0-41:A>T-41:A>T,,,95.0,0.5052631578947369,0.043459685001107286,-0.01033745776954604,0.25263157894736843,0.1520878604636827
100051143|F|0-41:A>G-41:A>G,,,95.0,0.5684210526315789,0.021008793598602995,-0.020976959750304374,0.2631578947368421,0.07982375950437877
100052829|F|0-41:A>T-41:A>T,,,95.0,0.04736842105263158,-0.001123522515437053,-0.0017831724962455065,0.04736842105263158,-0.025269430934874063
100056034|F|0-41:G>T-41:G>T,,,95.0,0.468421052631579,0.0860943223152587,-0.03601369626412075,0.26842105263157895,0.2703104193087272
100013459|F|0-42:G>A-42:G>A,,,95.0,0.05789473684210526,0.0008225288323214599,-0.003249723771795079,0.05789473684210526,0.014829011780715584
100014348|F|0-42:C>G-42:C>G,,,95.0,0.12105263157894737,0.011632609107211122,0.015173901273222158,0.08947368421052632,0.10003947059197234
100015729|F|0-42:C>A-42:C>A,Vu08 (old5),34737627.0,95.0,0.43157894736842106,0.11387381606275618,-0.01903010213706314,0.24210526315789477,0.337955666309998
100015913|F|0-42:T>A-42:T>A,,,93.0,0.13978494623655913,0.008635920890531248,0.03324226258923345,0.08602150537634409,0.06752104690611821
100015991|F|0-42:T>C-42:T>C,,,95.0,0.30526315789473685,0.2284164006252403,0.0189122611024139,0.14736842105263157,0.5787131716714304
100016318|F|0-42:A>T-42:A>T,,,95.0,0.4842105263157895,0.11159091513616025,-0.07757222969447078,0.30526315789473685,0.3289032918437328
100019939|F|0-42:C>T-42:C>T,,,95.0,0.12105263157894738,0.006786962504128406,-0.004987940280809526,0.11052631578947368,0.0604223643943582
100020363|F|0-42:C>T-42:C>T,,,95.0,0.05789473684210526,0.0002697661827846166,0.01802928018972162,0.03684210526315789,0.004892284161329296
100020677|F|0-42:G>T-42:G>T,,,95.0,0.15789473684210525,0.00450665599780598,0.006458197056668997,0.12631578947368424,0.03282805146313012
100020795|F|0-42:T>C-42:T>C,,,95.0,0.19473684210526315,0.02028600826123868,0.0008411485703505894,0.15263157894736842,0.11674813453434052
100020803|F|0-42:G>T-42:G>T,,,89.0,0.06179775280898876,-0.00035996186101431833,0.019147920144519215,0.03932584269662921,-0.006194085655098853
100029259|F|0-42:A>G-42:A>G,,,95.0,0.11578947368421053,0.006330309901738478,-0.014243943191311616,0.11578947368421053,0.05868144228198443
100040372|F|0-42:A>T-42:A>T,,,94.0,0.23404255319148937,0.030837455254610534,-0.007070372145380797,0.18085106382978725,0.15070733322495156
100040746|F|0-42:G>A-42:G>A,Vu07 (old2),31266697.0,95.0,0.4368421052631579,0.032092714303648524,0.0038849567712046862,0.23684210526315788,0.11763338689892897
100041652|F|0-42:T>C-42:T>C,,,95.0,0.3526315789473684,0.003984925637365936,-0.12462084463357806,0.3526315789473684,0.01717672493616868
100041924|F|0-42:C>T-42:C>T,,,95.0,0.35789473684210527,0.017305085486903668,-0.02530568846358324,0.2526315789473685,0.07073955135173528
100043188|F|0-42:C>T-42:C>T,,,95.0,0.37894736842105264,0.1753948254262457,-0.03125751818451309,0.23157894736842105,0.4668278874658666
100045027|F|0-42:C>G-42:C>G,,,95.0,0.24210526315789474,0.02061310672407238,-0.019887236419494452,0.2,0.10269282525861968
100045148|F|0-42:T>C-42:T>C,,,93.0,0.1827956989247312,0.016971948337207114,0.028504278307582776,0.11827956989247312,0.10364181724306233
100060051|F|0-42:G>A-42:G>A,,,95.0,0.2789473684210526,0.008521524519639313,-0.02600758984460176,0.22631578947368422,0.0408060900064713
100013387|F|0-43:C>G-43:C>G,,,95.0,0.3473684210526316,0.002669541964420471,0.027499069031327136,0.2,0.011598201652569346
100014346|F|0-43:T>C-43:T>C,Vu08 (old5),21386181.0,95.0,0.1,0.0038107720279379276,0.010801533403400985,0.07894736842105263,0.04073092467113723
100015327|F|0-43:T>G-43:T>G,Vu05 (old1),38169638.0,95.0,0.22631578947368422,0.0159571204292612,0.020214024798065545,0.15263157894736842,0.08451742684865296
100016098|F|0-43:C>A-43:C>A,,,95.0,0.08421052631578947,-0.0008677485701469783,-0.00653935057585312,0.08421052631578947,-0.011298305324691386
100016982|F|0-43:C>A-43:C>A,,,95.0,0.12105263157894738,0.006786962504128406,-0.004987940280809526,0.11052631578947368,0.0604223643943582
100020434|F|0-43:G>A-43:G>A,,,95.0,0.1,-0.00045369609676270935,0.0011017279268552803,0.08947368421052632,-0.005034259407113635
100020673|F|0-43:T>A-43:T>A,,,95.0,0.06842105263157895,-0.0012096925324826461,-0.004116963964162612,0.06842105263157895,-0.019172741266840834
100029329|F|0-43:G>A-43:G>A,,,95.0,0.07894736842105263,0.001730500362412806,0.014927439566658584,0.05789473684210526,0.02321178041298508
100032852|F|0-43:C>T-43:C>T,,,95.0,0.16842105263157894,0.006288796028793937,-0.007908364508534304,0.1473684210526316,0.04314816835795544
100033949|F|0-43:T>C-43:T>C,,,95.0,0.5157894736842106,0.11020900851231813,-0.024374719790679046,0.25263157894736843,0.32561336028155635
100034427|F|0-43:T>A-43:T>A,,,95.0,0.4105263157894737,0.0032459566589750884,-0.1688128250734362,0.4105263157894737,0.013250996006721872
100035246|F|0-43:C>A-43:C>A,,,95.0,0.5263157894736842,0.03251373770723373,0.0018381425215041438,0.24210526315789474,0.11760860041066983
100035304|F|0-43:G>A-43:G>A,,,95.0,0.08947368421052632,-0.0012290877131681498,0.013804182989242405,0.06842105263157895,-0.015174644040720053
100041682|F|0-43:T>C-43:T>C,,,95.0,0.06842105263157895,0.0008805160145755028,0.016615095902022897,0.04736842105263158,0.01357479598891422
100043410|F|0-43:T>A-43:T>A,,,95.0,0.31578947368421056,0.060610884212685665,-0.005824066520161607,0.21052631578947367,0.2284503726491862
100044452|F|0-43:C>T-43:C>T,Vu05 (old1),1696325.0,95.0,0.07368421052631578,0.0018599978277397638,-0.005480098094699112,0.07368421052631578,0.026547084104181252
100047216|F|0-43:T>C-43:T>C,,,95.0,0.06842105263157895,0.0014754537363984375,-0.004672635890802281,0.06842105263157895,0.02262137658504593
100048091|F|0-43:A>T-43:A>T,,,95.0,0.4263157894736842,0.037784784223829054,-0.0834071983477756,0.32105263157894737,0.13718460005210664
100051037|F|0-43:C>T-43:C>T,,,95.0,0.12631578947368421,0.007558717524155313,-0.006435443447327979,0.11578947368421053,0.06465263770555497
100058466|F|0-43:T>C-43:T>C,,,94.0,0.5425531914893617,-0.0035363781731222073,-0.11205016854905961,0.3617021276595745,-0.014368769988689979
100013045|F|0-44:C>T-44:C>T,,,95.0,0.11052631578947368,0.005635997067448683,-0.01292444821731748,0.11052631578947368,0.054592344457370344
100013210|F|0-44:C>T-44:C>T,,,95.0,0.21052631578947367,0.013307911918877566,-0.004097762735283929,0.16842105263157894,0.0749187743081568
100013433|F|0-44:A>G-44:A>G,,,95.0,0.06842105263157895,0.0011568973393439243,0.005975593921264554,0.05789473684210526,0.017790968077503584
100013537|F|0-44:C>G-44:C>G,,,95.0,0.23684210526315788,0.0018711941365900323,-0.002906827185265198,0.18421052631578946,0.010215341760081544
100014340|F|0-44:A>G-44:A>G,,,95.0,0.06842105263157895,0.0014754537363984375,-0.004672635890802281,0.06842105263157895,0.02262137658504593
100014467|F|0-44:T>A-44:T>A,,,95.0,0.06315789473684211,0.0005768680883888249,0.017349826178349112,0.042105263157894736,0.009609349971855505
100017600|F|0-44:G>A-44:G>A,Vu08 (old5),34751666.0,95.0,0.9263157894736842,0.0015836165029713448,0.005159403886059237,0.06315789473684211,0.022655161239587187
100018572|F|0-44:T>A-44:T>A,,,95.0,0.06842105263157895,-0.0012096925324826461,-0.004116963964162612,0.06842105263157895,-0.019172741266840834
100018573|F|0-44:G>C-44:G>C,,,95.0,0.08421052631578947,-0.0008677485701469783,-0.00653935057585312,0.08421052631578947,-0.011298305324691386
100020053|F|0-44:G>A-44:G>A,,,95.0,0.21052631578947367,0.02434372250040453,-0.006381545261001954,0.16842105263157894,0.1306111205243936
100021278|F|0-44:C>G-44:C>G,Vu09 (old8),41151722.0,94.0,0.10638297872340426,0.003735476216021761,0.04183013274188335,0.05319148936170213,0.03782488833291408
100022081|F|0-44:A>C-44:A>C,,,95.0,0.34210526315789475,0.06949933973263468,-0.0038560783679629073,0.21578947368421053,0.24694831509406065
100029409|F|0-44:A>G-44:A>G,,,95.0,0.06842105263157895,0.0014754537363984375,-0.004672635890802281,0.06842105263157895,0.02262137658504593
100029523|F|0-44:T>G-44:T>G,,,95.0,0.05263157894736842,0.0005541480195858068,-0.002634273856684715,0.05263157894736842,0.010962059159348513
100029801|F|0-44:C>T-44:C>T,,,95.0,0.38421052631578945,0.06824929829747593,-0.023698175056409376,0.24736842105263163,0.23379489188572727
100034920|F|0-44:G>C-44:G>C,,,95.0,0.10526315789473684,0.004704024001259024,-0.0010294553588271861,0.09473684210526316,0.047799578987025165
100035819|F|0-44:C>T-44:C>T,,,95.0,0.1368421052631579,0.008112865543741122,0.03303554585388205,0.08421052631578947,0.06471708911803498
100035931|F|0-44:G>C-44:G>C,,,95.0,0.3684210526315789,0.09897201701113519,0.0030346822579420066,0.21052631578947367,0.3166769980848055
100038393|F|0-44:G>A-44:G>A,Vu09 (old8),37413218.0,95.0,0.30526315789473685,0.19509779440524114,-0.005939610757098056,0.17894736842105263,0.530005030645577
100040243|F|0-44:T>G-44:T>G,,,95.0,0.3526315789473684,-0.0016420067019669027,-0.007051015858316346,0.23684210526315788,-0.007197077816461516
100051719|F|0-44:C>T-44:C>T,,,95.0,0.48421052631578954,0.03702090062453492,-0.040975881786577885,0.28421052631578947,0.13209694246808024
100059437|F|0-44:G>C-44:G>C,,,95.0,0.3157894736842105,0.06140652742035234,-0.1118117875333495,0.3157894736842105,0.23138726525598133
100012983|F|0-45:A>T-45:A>T,,,95.0,0.07894736842105263,0.002006881687181228,0.004287937585900227,0.06842105263157895,0.026860178915425983
100013996|F|0-45:C>T-45:C>T,Vu06 (old6),24104002.0,91.0,0.8406593406593407,0.004163281177453816,0.029569307097396965,0.1043956043956044,0.030140705506706583
100014708|F|0-45:A>T-45:A>T,,,95.0,0.43157894736842106,0.140865862325854,-0.024615914174488055,0.24210526315789474,0.3930900343578001
100014950|F|0-45:G>A-45:G>A,,,95.0,0.18421052631578946,0.01832723354900775,-0.01594274665157519,0.1631578947368421,0.11071022035612174
100014991|F|0-45:T>G-45:T>G,,,95.0,0.08421052631578947,0.0478025839619891,0.015135590687373374,0.05263157894736842,0.4136253861783892
100015370|F|0-45:C>T-45:C>T,Vu06 (old6),29854679.0,95.0,0.07894736842105263,0.0022832630119496494,-0.0063515643948581085,0.07894736842105263,0.03049267441842634
100015846|F|0-45:G>T-45:G>T,Vu07 (old2),7540868.0,95.0,0.05263157894736842,0.0002777666948173851,0.008005228124073635,0.042105263157894736,0.0055125282351565765
100016677|F|0-45:G>A-45:G>A,,,95.0,0.23157894736842105,0.03057248477755392,-0.027547363031234,0.2,0.15058473805893965
100018445|F|0-45:A>G-45:A>G,,,95.0,0.3894736842105263,-0.006433850570057108,0.01941654600822685,0.22105263157894736,-0.027490937595017622
100029747|F|0-45:G>A-45:G>A,,,95.0,0.2,0.011458997051529514,-0.009986139591402685,0.16842105263157894,0.06744795646497362
100032980|F|0-45:T>A-45:T>A,,,95.0,0.5,0.02786097239778641,-0.0441194935040436,0.2894736842105263,0.10197447345612227
100033324|F|0-45:A>T-45:A>T,,,94.0,0.06914893617021277,-0.0014711346495119783,-0.004178505352187145,0.06914893617021277,-0.023167731585684026
100034109|F|0-45:G>A-45:G>A,,,95.0,0.4105263157894737,0.12580851140628063,-0.003694751296618827,0.22105263157894736,0.36661081753145536
100034834|F|0-45:G>A-45:G>A,,,95.0,0.14210526315789473,-0.0018056063104764414,0.012467722336143393,0.11052631578947368,-0.014899163917152517
100035988|F|0-45:C>A-45:C>A,,,95.0,0.21578947368421053,0.02549735477442851,0.0017223839167812218,0.1631578947368421,0.13393041144229034
100038389|F|0-45:C>T-45:C>T,,,95.0,0.21052631578947367,0.004666807924034569,0.008272759121655565,0.15789473684210525,0.027317744842978057
100038944|F|0-45:C>T-45:C>T,,,95.0,0.07368421052631578,0.0013072351782029206,0.01579890586681757,0.05263157894736842,0.01874502318609772
100041089|F|0-45:A>G-45:A>G,,,95.0,0.32105263157894737,0.04129197444551448,-0.005185618003954176,0.21578947368421053,0.16392480345902322
100041312|F|0-45:T>A-45:T>A,,,95.0,0.2842105263157894,0.010632586034502673,-0.07174121153323194,0.27368421052631575,0.050017907903783285
100041653|F|0-45:T>C-45:T>C,,,87.0,0.4425287356321839,-0.004319556254772235,-0.07895986393237375,0.3275862068965517,-0.017680868849174438
100041895|F|0-45:G>A-45:G>A,,,95.0,0.07894736842105263,-0.0012968323085625147,0.004971617705064212,0.06842105263157895,-0.01798761681717897
100012937|F|0-46:C>T-46:C>T,,,95.0,0.07894736842105263,0.0022832630119496494,-0.0063515643948581085,0.07894736842105263,0.03049267441842634
100013040|F|0-46:A>G-46:A>G,,,95.0,0.09473684210526316,0.003785385121790652,-0.009349987872908073,0.09473684210526316,0.04245026422132421
100014001|F|0-46:T>A-46:T>A,,,95.0,0.05789473684210526,0.12361809337615795,0.024250141482739105,0.005263157894736842,0.8072681319828486
100014032|F|0-46:C>T-46:C>T,,,95.0,0.32105263157894737,-0.004271161980891769,0.004243349086303261,0.21578947368421053,-0.019795741121293817
100014176|F|0-46:T>C-46:T>C,,,95.0,0.14210526315789476,0.010382690466215818,-0.02180147950521465,0.14210526315789476,0.0794473225803755
100014343|F|0-46:C>T-46:C>T,,,95.0,0.07894736842105263,0.002006881687181228,0.004287937585900227,0.06842105263157895,0.026860178915425983
100014505|F|0-46:G>T-46:G>T,,,95.0,0.25263157894736843,0.02308155907731736,-0.015022925103570253,0.2,0.11093776132467444
100015126|F|0-46:T>G-46:T>G,,,95.0,0.06315789473684211,0.0011296307379256687,-0.003929177783167587,0.06315789473684211,0.018715401947341156
100015367|F|0-46:A>T-46:A>T,,,95.0,0.4368421052631579,0.0511091851948576,0.021114247005588286,0.21578947368421053,0.17745449648470207
100015798|F|0-46:G>A-46:G>A,,,95.0,0.04736842105263158,4.810697495029275e-05,0.008556673942921826,0.03684210526315789,0.0010585318157698797
100017065|F|0-46:G>A-46:G>A,,,95.0,0.12631578947368421,0.007282336199386892,0.00420405853343037,0.10526315789473684,0.06237570967503806
100017407|F|0-46:T>G-46:T>G,,,90.0,0.15,0.009781827059659097,0.03200363005050505,0.09444444444444444,0.07180381801669285
100017598|F|0-46:C>G-46:C>G,,,95.0,0.43157894736842106,0.11332105341321934,0.0022489018244536167,0.22105263157894736,0.3366412648802812
100018646|F|0-46:C>T-46:C>T,,,95.0,0.18947368421052632,0.00921220390611887,0.0051484711289465105,0.1473684210526316,0.056960708548841374
100018738|F|0-46:T>C-46:T>C,,,95.0,0.4052631578947368,0.025558789638963506,0.01078021912062658,0.22631578947368422,0.09730943356406424
100019269|F|0-46:T>G-46:T>G,,,95.0,0.05263157894736842,-0.0014795279837697105,0.008368887761926815,0.042105263157894736,-0.030197762429987507
100019277|F|0-46:C>T-46:C>T,,,95.0,0.18947368421052632,0.05758252510844679,0.01630319077263052,0.12631578947368421,0.2876228378323593
100019377|F|0-46:G>A-46:G>A,,,95.0,0.18421052631578946,0.018879996198544594,-0.03722175061309186,0.18421052631578946,0.11382489893749073
100020460|F|0-46:A>G-46:A>G,,,95.0,0.08421052631578947,0.0021924866394912486,0.013991969170237414,0.06315789473684211,0.027633245352421808
100020777|F|0-46:A>G-46:A>G,,,95.0,0.45789473684210524,0.025318947449236514,0.01810868814264401,0.22631578947368422,0.09386307541354309
100028792|F|0-46:G>T-46:G>T,,,95.0,0.14736842105263157,-0.0037561443680526226,0.021941921029357356,0.10526315789473684,-0.030426705435415986
100029240|F|0-46:A>G-46:A>G,Vu11 (old9),8096401.0,95.0,0.2631578947368421,0.014523715822417124,-0.018683071314650235,0.21052631578947367,0.07037810607617564
100029346|F|0-46:T>A-46:T>A,,,93.0,0.7956989247311828,0.01152396627222219,0.021354694348400104,0.13978494623655913,0.06674230014060943
100029543|F|0-46:T>C-46:T>C,,,95.0,0.24210526315789474,0.023959294906090053,0.011167214223241424,0.16842105263157894,0.11770858220464929
100032801|F|0-46:T>A-46:T>A,,,95.0,0.21578947368421053,0.02522097344966009,0.012361885897539556,0.15263157894736842,0.13259231883650507
100033255|F|0-46:T>C-46:T>C,,,92.0,0.09782608695652174,-0.00143477982776316,0.034884947163530106,0.05434782608695652,-0.01634182937251294
100033311|F|0-46:C>T-46:C>T,,,95.0,0.5263157894736842,0.03389564433107584,-0.05135936738228753,0.29473684210526313,0.12224641338011655
100033353|F|0-46:A>T-46:A>T,,,94.0,0.06914893617021277,-0.0014828523884749746,0.006544004628386556,0.05851063829787234,-0.023325635095862853
100033379|F|0-46:C>G-46:C>G,,,95.0,0.3105263157894737,0.04177584642079826,-0.08328127258517751,0.2894736842105263,0.16847255672951392
100034016|F|0-46:G>A-46:G>A,,,95.0,0.15789473684210525,0.01272600926978808,-0.005825046487185742,0.1368421052631579,0.08853302940310687
100034096|F|0-46:G>C-46:G>C,Vu02 (old7),21233031.0,94.0,0.25000000000000006,0.036391004276164624,-0.03734271034182982,0.21808510638297873,0.16759745033690662
100034184|F|0-46:T>C-46:T>C,,,95.0,0.8052631578947368,0.010178049270005712,0.0029329188072821483,0.15263157894736842,0.06140879003441162
100038566|F|0-46:T>A-46:T>A,,,95.0,0.17894736842105263,0.008502201756024546,-0.0331704444395446,0.17894736842105263,0.055109216592845615
100041891|F|0-46:G>A-46:G>A,,,95.0,0.10526315789473684,0.004704024001259024,-0.0010294553588271861,0.09473684210526316,0.047799578987025165
100043273|F|0-46:A>T-46:A>T,,,95.0,0.21052631578947367,0.01358429324364599,-0.014737264716042293,0.17894736842105263,0.07640450698549785
100044126|F|0-46:C>T-46:C>T,,,95.0,0.05263157894736842,0.0002777666948173851,0.008005228124073635,0.042105263157894736,0.0055125282351565765
100045297|F|0-46:T>C-46:T>C,,,95.0,0.3473684210526316,0.024060977919115756,-0.05100388434429175,0.27368421052631575,0.09751499858026653
100059434|F|0-46:A>G-46:A>G,,,95.0,0.6052631578947368,0.012225245225611801,-0.14732276071410194,0.38421052631578945,0.04907509722198775
100016684|F|0-47:T>C-47:T>C,,,95.0,0.8263157894736842,0.006270613046901279,0.022050605497125012,0.12105263157894737,0.041979322630694246
100016689|F|0-47:G>T-47:G>T,,,95.0,0.18421052631578946,0.017498089574702485,0.01597575929069987,0.13157894736842105,0.10601510531159783
100016740|F|0-47:T>C-47:T>C,Vu06 (old6),33896302.0,95.0,0.10526315789473684,0.004980405326027446,-0.011668957339585522,0.10526315789473684,0.05052422255718472
100016750|F|0-47:G>A-47:G>A,,,95.0,0.24210526315789474,0.0208894880488408,-0.03052673840025279,0.21052631578947367,0.10398519204262748
100018004|F|0-47:G>A-47:G>A,Vu08 (old5),35769922.0,95.0,0.34210526315789475,0.02168178117984361,-0.03628980197316359,0.2578947368421053,0.08912028380331233
100018158|F|0-47:G>T-47:G>T,contig_292,2803.0,95.0,0.18947368421052632,0.15111307619555422,0.028694628800740866,0.09473684210526316,0.550413686197363
100018613|F|0-47:T>C-47:T>C,,,95.0,0.39473684210526316,0.017719071840353793,0.03143954705924146,0.20526315789473684,0.06964447801446426
100018699|F|0-47:A>G-47:A>G,,,92.0,0.16304347826086957,0.012717019301381444,0.03688942565754158,0.09782608695652174,0.08625653467495821
100019738|F|0-47:G>A-47:G>A,,,95.0,0.2842105263157895,0.047611151009768544,-0.037064435281752725,0.23157894736842105,0.1966381853162148
100020485|F|0-47:G>T-47:G>T,,,95.0,0.5473684210526316,0.059025010186248165,0.01594868770165887,0.22105263157894736,0.19939108218026635
100021757|F|0-47:G>A-47:G>A,,,95.0,0.3,0.05392002230999931,-0.05819084000323391,0.2578947368421053,0.21259833256637617
100029687|F|0-47:A>T-47:A>T,,,95.0,0.20526315789473684,0.012502284601153485,-0.012329700105591463,0.1736842105263158,0.07191139466007193
100032753|F|0-47:A>G-47:A>G,,,95.0,0.2631578947368421,0.0007656688375163451,0.026493286000926097,0.16842105263157894,0.003912861857559195
100034114|F|0-47:T>A-47:T>A,,,95.0,0.17894736842105263,0.017129546507426697,-0.013791198426172938,0.15789473684210525,0.10624089042003446
100034510|F|0-47:C>T-47:C>T,,,95.0,0.22105263157894736,0.027242470790857898,-0.011516694963214495,0.17894736842105263,0.13993954274481482
100035996|F|0-47:A>G-47:A>G,,,95.0,0.32105263157894737,0.04129197444551448,-0.005185618003954176,0.21578947368421053,0.16392480345902322
100046635|F|0-47:T>A-47:T>A,,,95.0,0.3473684210526316,0.019539271764868738,-0.007738922085271774,0.23157894736842105,0.08028321226112219
100053824|F|0-47:A>G-47:A>G,,,95.0,0.24736842105263163,0.022242544341413227,-0.0333823316845388,0.21578947368421053,0.10868594396153672
100054502|F|0-47:T>C-47:T>C,,,95.0,0.21578947368421053,0.02549735477442851,0.0017223839167812218,0.1631578947368421,0.13393041144229034
100054653|F|0-47:T>C-47:T>C,,,95.0,0.24736842105263157,0.03461419799265422,-0.004195636941816863,0.18421052631578946,0.1612744964690022
100013022|F|0-48:G>C-48:G>C,,,95.0,0.3526315789473684,0.07516328664082125,-0.04410993882555853,0.2578947368421053,0.26012730532527734
100015478|F|0-48:C>T-48:C>T,,,95.0,0.14210526315789476,-0.0024804074670538886,0.012607367637079045,0.11052631578947368,-0.020558144379656276
100018271|F|0-48:A>G-48:A>G,,,95.0,0.6157894736842106,0.17160185540343692,-0.023921638161875862,0.22631578947368422,0.4588333894540535
100019637|F|0-48:C>G-48:C>G,,,95.0,0.05789473684210526,0.0005461475075530383,0.007389778208963263,0.04736842105263158,0.00987530889448481
100020980|F|0-48:G>A-48:G>A,,,95.0,0.1736842105263158,0.015141436584408936,0.02021485164524213,0.12105263157894738,0.09680673329205199
100029321|F|0-48:C>A-48:C>A,,,95.0,0.05789473684210526,0.0008225288323214599,-0.003249723771795079,0.05789473684210526,0.014829011780715584
100033416|F|0-48:G>A-48:G>A,,,95.0,0.14736842105263157,0.011309329857716958,-0.02350499905678172,0.14736842105263157,0.0836657514376004
100043126|F|0-48:T>A-48:T>A,Vu09 (old8),11448295.0,95.0,0.1631578947368421,0.013492430615126475,0.0029189236532190846,0.13157894736842105,0.09117104611518966
100058467|F|0-48:T>C-48:T>C,,,90.0,0.9111111111111111,-0.0027323774857954584,0.04892282196969698,0.03333333333333333,-0.03435925154455227
100015245|F|0-49:A>G-49:A>G,Vu03 (old3),7443089.0,95.0,0.06315789473684211,0.0011296307379256687,-0.003929177783167587,0.06315789473684211,0.018715401947341156
100015338|F|0-49:G>T-49:G>T,,,94.0,0.06914893617021277,0.006102947999349263,0.01565500079537729,0.047872340425531915,0.0876478909924397
100015350|F|0-49:A>G-49:A>G,,,95.0,0.1368421052631579,0.008942009518046388,0.0011170399116069976,0.11578947368421053,0.07105375014974097
100017261|F|0-49:C>T-49:C>T,,,95.0,0.07894736842105263,0.11147033756480762,0.023964481095211158,0.02631578947368421,0.6891494186696738
100017927|F|0-49:C>T-49:C>T,,,95.0,0.13157894736842105,0.00781643098751394,0.013332053251408087,0.1,0.06451942867150386
100017988|F|0-49:T>G-49:T>G,,,95.0,0.16842105263157894,0.014573954378101849,0.0009593877166033256,0.1368421052631579,0.09564503094697419
100019395|F|0-49:A>G-49:A>G,Vu07 (old2),128608.0,95.0,0.23157894736842105,0.03084886610232234,-0.03818686501199234,0.21052631578947367,0.1518240151601385
100019956|F|0-49:C>A-49:C>A,,,95.0,0.5210526315789473,0.14111618295086042,-0.004510941331824207,0.22631578947368422,0.38883440434954436
100021067|F|0-49:G>A-49:G>A,Vu03 (old3),51946113.0,95.0,0.5578947368421052,0.017797546756491048,0.002195983605151642,0.24210526315789477,0.06790396291986127
100021502|F|0-49:T>G-49:T>G,,,95.0,0.05789473684210526,0.0005461475075530383,0.007389778208963263,0.04736842105263158,0.00987530889448481
100033853|F|0-49:A>G-49:A>G,Vu06 (old6),26071343.0,95.0,0.47368421052631576,-0.004839916208789274,-0.05392562540270525,0.3052631578947369,-0.01963473838719756
100034348|F|0-49:T>G-49:T>G,,,95.0,0.24736842105263157,0.011160071977782498,-0.009924279173005817,0.19473684210526315,0.05694709357204626
100034724|F|0-49:G>A-49:G>A,,,95.0,0.22631578947368422,0.008936616020560307,-0.05240927955274306,0.22631578947368422,0.04887586544226701
100039964|F|0-49:C>G-49:C>G,,,95.0,0.09473684210526316,0.003785385121790652,-0.009349987872908073,0.09473684210526316,0.04245026422132421
100041050|F|0-49:T>A-49:T>A,,,95.0,0.34210526315789475,-0.0030417845994406556,0.01115579148261663,0.21578947368421053,-0.013585249285685816
100045141|F|0-49:C>T-49:C>T,,,95.0,0.32105263157894737,0.044145521889552064,-0.03752305984903612,0.24736842105263163,0.17380750581257012
100059436|F|0-49:A>C-49:A>C,,,95.0,0.3157894736842105,0.06140652742035234,-0.1118117875333495,0.3157894736842105,0.23138726525598133
100013622|F|0-50:C>T-50:C>T,,,95.0,0.18947368421052632,0.018734497709152094,0.01376020696903548,0.1368421052631579,0.11063452604097898
100013950|F|0-50:T>C-50:T>C,Vu01 (old4),30947226.0,95.0,0.07368421052631578,0.05186587431560204,0.015918461843758953,0.042105263157894736,0.47198164919924
100015009|F|0-50:G>A-50:G>A,,,95.0,0.3263157894736842,-0.004868092746444236,-0.030795494356614897,0.25263157894736843,-0.022436916639471206
100016225|F|0-50:A>C-50:A>C,,,93.0,0.3225806451612903,-0.0005080569206360124,0.026404457069287932,0.1935483870967742,-0.0023151924774034564
100017460|F|0-50:C>T-50:C>T,,,95.0,0.3157894736842105,0.042526751621588234,-0.04441091119783818,0.25263157894736843,0.16959995731260769
100018327|F|0-50:C>T-50:C>T,,,95.0,0.11052631578947368,0.14497376159504363,0.03231674004169759,0.03684210526315789,0.677027958020493
100019346|F|0-50:A>C-50:A>C,,,95.0,0.23684210526315788,0.008558485562832022,0.016873899068296356,0.1631578947368421,0.04538137167787432
100020518|F|0-50:T>G-50:T>G,,,95.0,0.26842105263157895,0.00010862245754370001,0.02382970500542658,0.1736842105263158,0.0005496461013449229
100021123|F|0-50:T>C-50:T>C,,,93.0,0.3172043010752688,0.023234827300729465,0.014426155526038955,0.1989247311827957,0.09820891932549311
100021416|F|0-50:T>G-50:T>G,,,95.0,0.4473684210526316,0.08184166447022546,0.00540387503460503,0.22631578947368422,0.26100688097234487
100021425|F|0-50:G>C-50:G>C,,,95.0,0.1631578947368421,0.013216049290358054,0.013558425633977392,0.12105263157894738,0.08940206977577932
100021588|F|0-50:T>C-50:T>C,,,95.0,0.09473684210526316,0.0029562411474853873,0.022568518069366977,0.06315789473684211,0.03333505500443169
100021804|F|0-50:G>A-50:G>A,,,95.0,0.9368421052631579,0.09646443739971189,0.0186711892144829,0.021052631578947368,0.7083168452224863
100022068|F|0-50:T>C-50:T>C,,,95.0,0.10526315789473684,-0.0015567308783165515,-0.010316143486771677,0.10526315789473684,-0.016669088255014626
100032869|F|0-50:G>A-50:G>A,,,89.0,0.09550561797752809,0.1050872940793365,-0.009107481695625818,0.07303370786516854,0.621768565760841
100033546|F|0-50:C>T-50:C>T,,,95.0,0.35789473684210527,0.017369694108278107,-0.13114212706742415,0.35789473684210527,0.07115160651853321
100034179|F|0-50:C>T-50:C>T,,,95.0,0.5736842105263158,0.08796893264844671,-0.040880916857147793,0.26842105263157895,0.27881586126247776
100041194|F|0-50:C>G-50:C>G,,,95.0,0.015789473684210527,-0.0005167083940125418,0.010521262834505619,0.005263157894736842,-0.033843209949682394
100045385|F|0-50:G>A-50:G>A,,,95.0,0.23684210526315788,0.03132823877351528,0.0015795537230172136,0.1736842105263158,0.15164303707365911
100013478|F|0-51:G>A-51:G>A,,,95.0,0.43157894736842106,0.048887114607684384,0.03674766094120932,0.2,0.17115253040789533
100014015|F|0-51:C>G-51:C>G,,,95.0,0.4368421052631579,0.021413148481644516,0.016677323808053843,0.22631578947368422,0.08098578429586197
100016158|F|0-51:C>A-51:C>A,,,95.0,0.06315789473684211,0.0005768680883888249,0.017349826178349112,0.042105263157894736,0.009609349971855505
100016880|F|0-51:C>A-51:C>A,,,95.0,0.06315789473684211,0.0011296307379256687,-0.003929177783167587,0.06315789473684211,0.018715401947341156
100017321|F|0-51:A>T-51:A>T,,,95.0,0.38421052631578945,0.05327116535615699,-0.15816854575343536,0.38421052631578945,0.1907220126749735
100017631|F|0-51:G>A-51:G>A,Vu03 (old3),64729430.0,95.0,0.1473684210526316,0.003432162987829098,-0.0007102617246929752,0.12631578947368424,0.02659814328845351
100018713|F|0-51:T>A-51:T>A,,,95.0,0.4473684210526316,0.0633214236848506,-0.06483964064609223,0.3,0.21214501950569023
100018958|F|0-51:A>G-51:A>G,,,95.0,0.06315789473684211,0.0011296307379256687,-0.003929177783167587,0.06315789473684211,0.018715401947341156
100019329|F|0-51:C>A-51:C>A,,,95.0,0.3263157894736842,-0.003607327287679196,-0.009891787141362681,0.23157894736842105,-0.01654131534795308
100020933|F|0-51:T>C-51:T>C,,,95.0,0.35789473684210527,0.04469076575800498,-0.030972960259887307,0.2526315789473685,0.1677900095434681
100021392|F|0-51:G>A-51:G>A,,,95.0,0.3526315789473684,0.0041126473101755915,0.0023404062453298417,0.22631578947368422,0.01766837544344308
100021866|F|0-51:G>C-51:G>C,,,95.0,0.23684210526315788,0.030775476123978438,0.022858557684533914,0.15263157894736842,0.14920313528170007
100022008|F|0-51:G>C-51:G>C,,,95.0,0.3157894736842105,-0.00489148975743027,0.02889579765640884,0.18947368421052632,-0.02291332098964632
100022102|F|0-51:T>G-51:T>G,,,95.0,0.5,-0.005297607838715928,0.005071666213431919,0.24736842105263157,-0.021435440200288453
100030243|F|0-51:A>G-51:A>G,,,85.0,0.15294117647058825,-0.0052644403406176266,0.07292741658066736,0.058823529411764705,-0.04162056903610973
100030431|F|0-51:C>T-51:C>T,,,95.0,0.1,0.004087153352706349,0.00016203142264263495,0.08947368421052632,0.04360892274138889
100033363|F|0-51:C>T-51:C>T,,,95.0,0.08947368421052632,-0.0006763250636313065,-0.00747482097227428,0.08947368421052632,-0.00831657593100525
100033716|F|0-51:T>C-51:T>C,,,95.0,0.10526315789473684,0.00415126135172218,0.020249548602689526,0.07368421052631578,0.042323092062134526
100033812|F|0-51:C>A-51:C>A,,,95.0,0.06315789473684211,0.0008532494131572468,0.0067103241975907625,0.05263157894736842,0.01417471967254278
100034528|F|0-51:A>G-51:A>G,Vu09 (old8),1037776.0,95.0,0.11578947368421053,0.00030884621243858825,0.00816676956320418,0.09473684210526316,0.0029923346345937965
100035964|F|0-51:G>A-51:G>A,,,95.0,0.23157894736842105,0.05848340921131036,0.009005896951567576,0.15789473684210525,0.2594833619610653
100040910|F|0-51:A>G-51:A>G,,,94.0,0.1276595744680851,-0.003753604702750665,0.03841295537641514,0.07446808510638298,-0.034396526189035256
100044377|F|0-51:A>T-51:A>T,,,95.0,0.1,0.004363534677474771,-0.010477470558115714,0.1,0.046476915593429605
100056908|F|0-51:C>T-51:C>T,,,95.0,0.43157894736842106,0.140865862325854,-0.024615914174488055,0.24210526315789474,0.3930900343578001
100013199|F|0-52:T>C-52:T>C,,,95.0,0.1,-0.0007300774215311311,0.011741229907613629,0.07894736842105263,-0.008115711709897893
100015028|F|0-52:A>T-52:A>T,,,95.0,0.12631578947368424,0.0011950674327611908,0.005463775518953827,0.10526315789473684,0.010677681096862528
100015139|F|0-52:T>C-52:T>C,,,95.0,0.08421052631578947,-0.0011441298949154,0.00410015140490523,0.07368421052631578,-0.014928580779523328
100015622|F|0-52:A>G-52:A>G,,,95.0,0.3,0.03707362340060288,-0.033539983879542434,0.23684210526315788,0.15423196476784007
100016783|F|0-52:G>T-52:G>T,Vu07 (old2),39495827.0,94.0,0.06914893617021277,0.05325503295494123,0.037892508559171506,0.015957446808510637,0.49722271379672406
100017630|F|0-52:A>T-52:A>T,,,95.0,0.15263157894736842,0.05420209624624164,0.04012704659988191,0.07894736842105263,0.3128069456723253
100017910|F|0-52:G>A-52:G>A,,,95.0,0.27368421052631575,0.027930354248693175,0.015216652334648927,0.17894736842105263,0.125758944809568
100019282|F|0-52:T>A-52:T>A,Vu04 (old11),1200237.0,95.0,0.3263157894736842,0.04580301325038443,-0.030699212596496123,0.24210526315789474,0.17807697975955286
100033391|F|0-52:T>C-52:T>C,,,95.0,0.43157894736842106,-0.00437072915602451,0.037186686168010456,0.21052631578947367,-0.01796124078939027
100033932|F|0-52:T>C-52:T>C,,,95.0,0.11578947368421053,0.0005852275372070097,-0.002472732417554155,0.10526315789473684,0.005661173788431084
100034443|F|0-52:T>G-52:T>G,,,95.0,0.5578947368421052,0.0725784789463047,0.012024072889947285,0.22105263157894736,0.23745214504579404
100034447|F|0-52:A>T-52:A>T,,,95.0,0.08421052631578947,0.00246886796425967,0.00335246718947908,0.07368421052631578,0.03105277679867597
100035464|F|0-52:G>A-52:G>A,,,95.0,0.05789473684210526,0.0005461475075530383,0.007389778208963263,0.04736842105263158,0.00987530889448481
100041229|F|0-52:A>T-52:A>T,,,95.0,0.46842105263157896,0.10906119164393155,-0.019601912895631124,0.24736842105263163,0.3237892599343451
100049954|F|0-52:G>A-52:G>A,,,95.0,0.07368421052631578,0.0018599978277397638,-0.005480098094699112,0.07368421052631578,0.026547084104181252
100056408|F|0-52:A>T-52:A>T,,,95.0,0.4368421052631579,0.09259509885295392,-0.019217888318058134,0.24736842105263163,0.2886870146746984
100013943|F|0-53:A>T-53:A>T,,,95.0,0.06315789473684211,-0.0015037688110582969,0.01778039918956728,0.042105263157894736,-0.02575745183942398
100014028|F|0-53:G>A-53:G>A,,,95.0,0.1368421052631579,0.002512554349326448,-0.008134736891103621,0.12631578947368424,0.020817625831200663
100014242|F|0-53:A>G-53:A>G,,,95.0,0.4421052631578947,0.031377620918624276,-0.03236123666938613,0.2736842105263158,0.11506253202142666
100016593|F|0-53:A>T-53:A>T,,,95.0,0.37894736842105264,0.0012913412054593463,-0.0058103469818240805,0.24210526315789474,0.005435252104609883
100017140|F|0-53:T>C-53:T>C,,,95.0,0.11052631578947368,-0.0022881306985307833,-0.0007022994926220743,0.1,-0.02358664926604085
100018174|F|0-53:C>T-53:C>T,,,95.0,0.3263157894736842,0.18005613909860882,-0.0055704081807647155,0.18947368421052632,0.49471488197414004
100018381|F|0-53:C>A-53:C>A,Vu07 (old2),28235227.0,95.0,0.20526315789473684,0.05048856460146786,0.043303150348990765,0.11052631578947368,0.2471077291545189
100018408|F|0-53:G>A-53:G>A,,,95.0,0.2578947368421053,-0.0014722736824224075,0.008535359660147466,0.18421052631578946,-0.007697212724582018
100018823|F|0-53:T>C-53:T>C,,,93.0,0.053763440860215055,0.008265185412175843,0.03887209040631543,0.010752688172043012,0.14277406380020036
100018973|F|0-53:T>G-53:T>G,,,95.0,0.13157894736842105,0.002249022331762173,-0.01726273160908134,0.13157894736842105,0.019294108334462833
100019308|F|0-53:A>G-53:A>G,,,94.0,0.1276595744680851,-0.003010555136746459,0.006233959469194566,0.10638297872340426,-0.027466969101720688
100019334|F|0-53:T>C-53:T>C,Vu04 (old11),4731471.0,95.0,0.08947368421052632,-0.0009527063883997284,0.0031646810084840693,0.07894736842105263,-0.011738714887290712
100019558|F|0-53:C>T-53:C>T,,,95.0,0.08421052631578947,0.0027452492890280918,-0.00728703479127927,0.08421052631578947,0.034458298963871474
100020809|F|0-53:C>G-53:C>G,,,95.0,0.1,0.004087153352706349,0.00016203142264263495,0.08947368421052632,0.04360892274138889
100021295|F|0-53:G>T-53:G>T,,,95.0,0.22631578947368422,0.028197163925850574,0.007098728002802715,0.1631578947368421,0.14208428269186124
100021507|F|0-53:A>C-53:A>C,,,95.0,0.11052631578947368,0.00508323441791184,0.008354555744199205,0.08947368421052632,0.04939424343981021
100021961|F|0-53:A>T-53:A>T,,,95.0,0.2631578947368421,0.004908098455176381,0.015053732816890712,0.17894736842105263,0.024675070146321403
100034117|F|0-53:T>C-53:T>C,,,87.0,0.05172413793103448,-0.001514893404993691,0.009493838782832059,0.040229885057471264,-0.03142356683028212
100034157|F|0-53:C>A-53:C>A,,,95.0,0.21578947368421053,0.03169260369066612,0.02160493486894167,0.14210526315789473,0.16219114266582887
100034572|F|0-53:G>A-53:G>A,,,95.0,0.17894736842105263,-0.004117118277151794,0.011770261430702844,0.1368421052631579,-0.028493104944727746
100034716|F|0-53:A>G-53:A>G,,,95.0,0.3263157894736842,0.06364306882740066,-0.034391085239981696,0.24210526315789477,0.23453609435805403
100034813|F|0-53:C>A-53:C>A,,,93.0,0.053763440860215055,0.0038884094567067417,0.018238106627146665,0.03225806451612903,0.07149838086106335
100040928|F|0-53:C>A-53:C>A,,,95.0,0.41578947368421054,0.12366267710318826,-0.039364907870850126,0.2578947368421053,0.36138335851307524
100041943|F|0-53:G>T-53:G>T,,,95.0,0.08421052631578947,-0.0020860398426380843,0.004295072970794542,0.07368421052631578,-0.02748650264752728
100044804|F|0-53:G>C-53:G>C,,,89.0,0.28651685393258425,0.047529467290740514,0.032487159618116615,0.16292134831460675,0.19564445306264303
100049137|F|0-53:C>A-53:C>A,,,95.0,0.05263157894736842,0.0002777666948173851,0.008005228124073635,0.042105263157894736,0.0055125282351565765
100058582|F|0-53:G>A-53:G>A,,,95.0,0.28421052631578947,-0.006451907609218044,0.04819967808083258,0.15789473684210525,-0.03231730404527261
100013444|F|0-54:G>C-54:G>C,Vu03 (old3),47172807.0,95.0,0.2,0.004219242089738525,0.023258996709760744,0.1368421052631579,0.025676930716075436
100014614|F|0-54:G>A-54:G>A,,,95.0,0.14210526315789473,-0.0009764623361711761,-0.019450783606131655,0.14210526315789473,-0.008024969164652458
100015285|F|0-54:T>C-54:T>C,,,95.0,0.1631578947368421,-0.0035274544072198054,0.01702337466344257,0.12105263157894737,-0.02621696301526265
100015288|F|0-54:A>G-54:A>G,,,95.0,0.30526315789473685,0.04658052070468287,0.014212676118448578,0.18947368421052632,0.18612339160617247
100015904|F|0-54:T>C-54:T>C,,,95.0,0.1,0.004363534677474771,-0.010477470558115714,0.1,0.046476915593429605
100015923|F|0-54:G>A-54:G>A,Vu09 (old8),37786229.0,95.0,0.06842105263157895,0.0009226910868615943,0.016606368070714417,0.04736842105263158,0.014217671993934613
100016417|F|0-54:G>T-54:G>T,,,95.0,0.28421052631578947,0.03196898501543455,-0.023245093427606136,0.22105263157894736,0.13913077182489572
100019246|F|0-54:A>C-54:A>C,,,95.0,0.4842105263157895,0.11795516345553005,-0.025977731474335873,0.25263157894736843,0.34228693886354045
100019344|F|0-54:A>C-54:A>C,,,95.0,0.1,-0.002323457634779379,0.0014886617815310587,0.08947368421052632,-0.02621262154613431
100021415|F|0-54:A>G-54:A>G,,,95.0,0.2,0.022429002555730673,-0.03342091788611311,0.18947368421052632,0.1256655102448724
100021973|F|0-54:T>C-54:T>C,,,95.0,0.16842105263157894,0.011012404124836053,-0.008885881615083623,0.14736842105263157,0.07366405754212413
100022075|F|0-54:C>G-54:C>G,,,95.0,0.22631578947368422,0.01706264572833489,-0.022343983124967826,0.19473684210526315,0.09006149361865251
100022134|F|0-54:T>C-54:T>C,,,94.0,0.30319148936170215,0.046050842039262616,0.07022548186185158,0.13297872340425532,0.1847538998191054
100028772|F|0-54:C>T-54:C>T,,,95.0,0.2736842105263158,0.04295395251616452,0.0015253186730266705,0.18947368421052632,0.18360081172206635
100033513|F|0-54:T>C-54:T>C,Vu06 (old6),29636850.0,95.0,0.06842105263157895,-0.0014860738572510682,0.006522538016595744,0.05789473684210526,-0.02361426182247545
100034929|F|0-54:T>A-54:T>A,,,95.0,0.32105263157894737,-0.003994780656123347,-0.006396152894455103,0.22631578947368422,-0.01850079111571088
100035013|F|0-54:A>T-54:A>T,,,93.0,0.13978494623655913,0.2192131053198601,0.032087372370613876,0.043010752688172046,0.7448343205858354
100035576|F|0-54:C>T-54:C>T,,,95.0,0.11052631578947368,0.004806853093143418,0.018994057724957554,0.07894736842105263,0.04678280871210642
100041955|F|0-54:C>T-54:C>T,,,95.0,0.29473684210526313,-0.0053512311053157315,0.010121956896150424,0.2,-0.026132793565335138
100047320|F|0-54:C>T-54:C>T,,,95.0,0.12631578947368421,0.007282336199386892,0.00420405853343037,0.10526315789473684,0.06237570967503806
100047334|F|0-54:C>T-54:C>T,,,95.0,0.12631578947368421,0.007282336199386892,0.00420405853343037,0.10526315789473684,0.06237570967503806
100058965|F|0-54:C>G-54:C>G,,,95.0,0.46842105263157896,0.11044309826777364,-0.07279942279942278,0.3,0.3270995617334644
100013876|F|0-55:T>G-55:T>G,Vu07 (old2),26537890.0,95.0,0.7157894736842105,0.12118362037193214,-0.009960507328928413,0.18947368421052632,0.4030093485490541
100014250|F|0-55:T>C-55:T>C,,,95.0,0.45263157894736844,-0.0009811442572230157,-0.013962692655392139,0.2631578947368421,-0.0039528150251578985
100015011|F|0-55:G>C-55:G>C,,,95.0,0.35789473684210527,0.22329800929376772,-0.01502292510357028,0.2,0.5469302877903345
100015889|F|0-55:C>G-55:C>G,Vu04 (old11),34569598.0,95.0,0.46842105263157896,0.0005166139369637495,0.002860615615284536,0.24736842105263157,0.0020603106602946415
100016303|F|0-55:T>G-55:T>G,,,95.0,0.38421052631578945,0.0482963015103254,0.03334248990021488,0.19473684210526315,0.17474876817446997
100017161|F|0-55:C>T-55:C>T,,,95.0,0.05789473684210526,0.0002697661827846166,0.01802928018972162,0.03684210526315789,0.004892284161329296
100017444|F|0-55:C>A-55:C>A,,,95.0,0.23684210526315788,0.0018711941365900323,-0.002906827185265198,0.18421052631578946,0.010215341760081544
100018350|F|0-55:C>G-55:C>G,,,95.0,0.19473684210526315,-0.0023009863028715144,0.016097673313293002,0.14210526315789473,-0.014759188710515188
100018369|F|0-55:T>C-55:T>C,,,95.0,0.3157894736842105,0.041697607647282975,-0.01249240525556312,0.22105263157894736,0.16661859085766068
100019086|F|0-55:A>G-55:A>G,,,95.0,0.29473684210526313,0.17089390926843812,-0.005186107987466244,0.17894736842105263,0.49584026090827643
100019409|F|0-55:T>C-55:T>C,Vu08 (old5),17257027.0,95.0,0.2,0.00398922343308602,-0.01902262988850422,0.17894736842105263,0.02433730101601952
100019858|F|0-55:G>C-55:G>C,Vu07 (old2),32970913.0,95.0,0.05789473684210526,0.0005461475075530383,0.007389778208963263,0.04736842105263158,0.00987530889448481
100021017|F|0-55:C>T-55:C>T,,,95.0,0.33157894736842103,0.037222865537695896,0.009934170715155457,0.20526315789473684,0.14746389710774077
100021056|F|0-55:T>C-55:T>C,,,95.0,0.21052631578947367,0.02406734117563611,0.004257956719756381,0.15789473684210525,0.12924141706644118
100021211|F|0-55:G>A-55:G>A,Vu06 (old6),30632173.0,95.0,0.06315789473684211,0.0014625446063967218,0.017166541720871103,0.042105263157894736,0.02408101212566741
100021344|F|0-55:A>T-55:A>T,,,95.0,0.1631578947368421,0.014045193264663317,-0.01836008030829764,0.15263157894736842,0.09469732020303852
100021359|F|0-55:A>T-55:A>T,,,95.0,0.12105263157894737,-0.002650682040344799,0.01812972680969286,0.08947368421052632,-0.025255961098954283
100033004|F|0-55:C>G-55:C>G,,,95.0,0.06315789473684211,0.0008532494131572468,0.0067103241975907625,0.05263157894736842,0.01417471967254278
100034659|F|0-55:C>T-55:C>T,,,93.0,0.22580645161290322,0.016471056659526733,0.00026720591236717987,0.17204301075268819,0.08724942029184819
100044894|F|0-55:A>G-55:A>G,,,95.0,0.15789473684210525,0.013002390594556502,-0.016464548467944047,0.14736842105263157,0.09035319455388285
100013053|F|0-56:A>T-56:A>T,,,95.0,0.6578947368421053,0.03574013860854037,-0.039199079075989095,0.2578947368421053,0.14046820108564062
100013547|F|0-56:A>T-56:A>T,,,95.0,0.20526315789473684,0.06997314888365372,0.0075240336912663,0.14210526315789473,0.31863556277869715
100015323|F|0-56:G>C-56:G>C,,,95.0,0.1631578947368421,0.005240174804481467,0.004626669312577654,0.13157894736842105,0.03704723024593762
100015393|F|0-56:G>A-56:G>A,,,95.0,0.07368421052631578,-0.0011344323045726485,-0.004860422071797278,0.07368421052631578,-0.01675938979327337
100015598|F|0-56:T>C-56:T>C,,,95.0,0.33157894736842103,0.019213810557547475,-0.01808590390933343,0.23684210526315788,0.08074046978954368
100016117|F|0-56:G>A-56:G>A,,,95.0,0.4052631578947368,0.07752296540524445,-0.021138011205922944,0.24736842105263163,0.25521680324026613
100016306|F|0-56:A>G-56:A>G,,,95.0,0.18421052631578946,0.008837842284637432,-0.013978984607167991,0.1631578947368421,0.055929780542920395
100016864|F|0-56:A>G-56:A>G,,,94.0,0.13297872340425532,0.006577773772552497,0.04575032487555614,0.06914893617021277,0.05414829051754583
100018444|F|0-56:T>G-56:T>G,,,95.0,0.11052631578947368,0.2789828104291867,0.015166827136266879,0.02631578947368421,0.870555095464682
100019372|F|0-56:G>A-56:G>A,,,93.0,0.14516129032258066,0.2895378241357368,0.004929145074699747,0.05913978494623656,0.818813047918906
100019390|F|0-56:C>T-56:C>T,,,95.0,0.22631578947368422,0.028197163925850574,0.007098728002802715,0.1631578947368421,0.14208428269186124
100020307|F|0-56:C>T-56:C>T,,,95.0,0.11052631578947368,0.005635997067448683,-0.01292444821731748,0.11052631578947368,0.054592344457370344
100020360|F|0-56:A>G-56:A>G,,,95.0,0.28421052631578947,0.09510117974586975,0.04834860244452773,0.1368421052631579,0.3392933723835589
100020957|F|0-56:G>A-56:G>A,,,95.0,0.06842105263157895,-0.0012096925324826461,-0.004116963964162612,0.06842105263157895,-0.019172741266840834
100032947|F|0-56:G>C-56:G>C,,,93.0,0.24193548387096775,0.03335302413232219,-0.010830862030704692,0.1881720430107527,0.1583006239518259
100033689|F|0-56:C>T-56:C>T,,,95.0,0.3473684210526316,-0.003361792486478288,-0.0029997096847690567,0.23157894736842105,-0.014926874263825793
100056084|F|0-56:G>T-56:G>T,Vu11 (old9),1725731.0,95.0,0.2,0.05309087833569402,0.023727665939041184,0.12631578947368421,0.2613584683397083
100059231|F|0-56:A>G-56:A>G,,,95.0,0.47368421052631576,-0.004314372932146294,0.02004176496960882,0.23157894736842105,-0.017445460324676382
100013175|F|0-57:A>T-57:A>T,,,95.0,0.38421052631578945,0.00999146511295653,-0.011642130742300555,0.24736842105263163,0.04066236522364716
100013521|F|0-57:C>G-57:C>G,Vu02 (old7),20518913.0,95.0,0.07894736842105263,0.00454217184815216,0.014345584146093479,0.05789473684210526,0.05915634776058968
100014483|F|0-57:T>A-57:T>A,,,95.0,0.24736842105263157,0.010054546678708812,0.032633728750027555,0.15263157894736842,0.051477340646322305
100015510|F|0-57:A>C-57:A>C,,,95.0,0.4263157894736842,0.11057985633158449,-0.003230859406580992,0.22631578947368422,0.33141002838536093
100016053|F|0-57:T>C-57:T>C,,,95.0,0.7526315789473684,0.010860658875950037,0.043049216393868356,0.14210526315789473,0.05540724539474921
100016636|F|0-57:G>T-57:G>T,,,95.0,0.12105263157894738,0.0062341998545915635,0.01629106368070716,0.08947368421052632,0.05566302166284374
100016712|F|0-57:C>A-57:C>A,Vu06 (old6),27002353.0,95.0,0.5947368421052631,0.10000227893373059,-0.02578994529334085,0.24736842105263157,0.31097096910911864
100017012|F|0-57:A>G-57:A>G,,,95.0,0.46842105263157896,0.012479976994796853,-0.03136203779242827,0.2789473684210526,0.047987857776355405
100017582|F|0-57:G>A-57:G>A,,,93.0,0.0967741935483871,0.07540949180011458,0.030483899440370468,0.04301075268817204,0.5064297729433558
100017923|F|0-57:A>G-57:A>G,,,95.0,0.5894736842105263,0.059607108046571836,-0.053488682605830284,0.28421052631578947,0.20530886666982553
100018462|F|0-57:G>T-57:G>T,,,95.0,0.09473684210526316,-0.0009989431137839202,0.012804708496559122,0.07368421052631578,-0.011684915139597003
100018867|F|0-57:G>A-57:G>A,,,95.0,0.24210526315789477,0.033504620486187325,-0.022555043522785468,0.2,0.15882762586435584
100021389|F|0-57:T>C-57:T>C,,,95.0,0.2736842105263158,-0.004347634407594611,0.021896352562736282,0.17894736842105263,-0.022125806591617544
100021743|F|0-57:T>C-57:T>C,,,95.0,0.05789473684210526,0.0005461475075530383,0.007389778208963263,0.04736842105263158,0.00987530889448481
100021838|F|0-57:A>G-57:A>G,Vu07 (old2),38535679.0,95.0,0.3,0.06694344534075372,0.013190203024668242,0.18421052631578946,0.2532435050686661
100022248|F|0-57:T>A-57:T>A,,,95.0,0.35789473684210527,0.22357439061853612,-0.025662427084328615,0.21052631578947367,0.5473884352581869
100033659|F|0-57:T>C-57:T>C,,,94.0,0.3882978723404255,-0.00524438210613169,-0.02086750838185818,0.26063829787234044,-0.022361584627598043
100034394|F|0-57:A>G-57:A>G,,,92.0,0.13043478260869565,0.007404636211220574,0.02565754159957059,0.08695652173913043,0.0616956877468967
100035956|F|0-57:T>G-57:T>G,,,95.0,0.30526315789473685,0.02409163552858568,-0.0022980226715371235,0.21052631578947367,0.10370025364996308
100036173|F|0-57:T>C-57:T>C,,,95.0,0.042105263157894736,-0.00014283165204824214,0.009044115665507854,0.031578947368421054,-0.003528429734030002
100040378|F|0-57:G>A-57:G>A,,,95.0,0.3368421052631579,-0.002716257272185217,-0.01707506792396436,0.24210526315789474,-0.012218115054273471
100047252|F|0-57:G>A-57:G>A,,,95.0,0.3052631578947369,0.005899522787876374,-0.06202713528689759,0.2736842105263158,0.02711718624657029
100057957|F|0-57:C>A-57:C>A,,,95.0,0.6263157894736842,0.003833252805550667,-0.12934869554139503,0.3631578947368421,0.016130336870680717
100013048|F|0-58:C>T-58:C>T,,,95.0,0.06842105263157895,0.0009226910868615943,0.016606368070714417,0.04736842105263158,0.014217671993934613
100013138|F|0-58:G>A-58:G>A,,,95.0,0.4263157894736842,0.0006575595966044203,0.019516778260411524,0.22631578947368422,0.002667691415170614
100013604|F|0-58:C>T-58:C>T,,,95.0,0.1631578947368421,-0.0018871132978799511,0.03784853139691848,0.1,-0.01387977063099856
100014294|F|0-58:C>T-58:C>T,,,95.0,0.06315789473684211,-0.0015226129922925073,0.0072019920279682665,0.05263157894736842,-0.02611195296663205
100014566|F|0-58:T>A-58:T>A,,,95.0,0.06842105263157895,0.0014754537363984375,-0.004672635890802281,0.06842105263157895,0.02262137658504593
100015576|F|0-58:G>T-58:G>T,,,95.0,0.12105263157894738,0.006786962504128406,-0.004987940280809526,0.11052631578947368,0.0604223643943582
100016024|F|0-58:G>A-58:G>A,,,95.0,0.3157894736842105,0.04142122632251455,-0.001852903274804785,0.21052631578947367,0.1656222081173063
100016293|F|0-58:A>G-58:A>G,,,95.0,0.39473684210526316,0.08575195014763513,-0.003803986995837604,0.22631578947368422,0.27817720837200594
100016817|F|0-58:C>T-58:C>T,,,95.0,0.4842105263157895,-0.005715608616739748,0.06310889638563663,0.18947368421052632,-0.023152585260437977
100017951|F|0-58:G>A-58:G>A,,,95.0,0.3684210526315789,0.21454607254643915,0.010864373788821989,0.17894736842105263,0.5305847067052119
100019025|F|0-58:C>A-58:C>A,,,95.0,0.10526315789473684,0.004704024001259024,-0.0010294553588271861,0.09473684210526316,0.047799578987025165
100019075|F|0-58:G>A-58:G>A,Vu09 (old8),41940020.0,95.0,0.14210526315789473,0.0025384261349908617,0.011568755711370322,0.11052631578947368,0.0203671258782118
100020025|F|0-58:A>C-58:A>C,,,95.0,0.32105263157894737,0.043869140564783644,-0.026883557868277695,0.23684210526315788,0.17283039891122895
100020292|F|0-58:T>C-58:T>C,Vu07 (old2),39103737.0,95.0,0.3105263157894737,0.03984117714741931,-0.008804758719869075,0.21578947368421053,0.1614140915547853
100020488|F|0-58:T>G-58:T>G,,,95.0,0.23684210526315788,0.01397095317288029,0.01575382738370854,0.1631578947368421,0.07243239006108965
100021572|F|0-58:T>G-58:T>G,,,95.0,0.2736842105263158,0.02764440127631373,0.004693521438003626,0.18947368421052632,0.12463009334619927
100021644|F|0-58:T>G-58:T>G,,,93.0,0.0913978494623656,0.002614280425107314,0.023934529933743145,0.05913978494623656,0.030509082519084237
100035121|F|0-58:G>A-58:G>A,,,90.0,0.06666666666666667,0.0007985052194167868,0.018053957294463623,0.044444444444444446,0.012615232841353978
100052903|F|0-58:C>A-58:C>A,,,95.0,0.07894736842105263,-0.001020450983794093,-0.0056678842756941235,0.07894736842105263,-0.0141221234099889
100013003|F|0-59:A>G-59:A>G,,,95.0,0.06315789473684211,-0.0015226129922925073,0.0072019920279682665,0.05263157894736842,-0.02611195296663205
100014470|F|0-59:T>C-59:T>C,,,95.0,0.11052631578947368,0.005359615742680262,-0.002284946236559144,0.1,0.05199740894984853
100014666|F|0-59:T>C-59:T>C,,,95.0,0.2631578947368421,0.014247334497648702,-0.0080435693338919,0.2,0.0690934740514276
100016054|F|0-59:T>A-59:T>A,,,95.0,0.1736842105263158,-0.0026286263194516242,-0.007854680689994781,0.15263157894736842,-0.018492144038160234
100016869|F|0-59:G>C-59:G>C,,,95.0,0.1368421052631579,-0.001798575557477948,0.003339727618165675,0.11578947368421053,-0.015329122691192614
100017511|F|0-59:G>C-59:G>C,,,95.0,0.20526315789473684,-0.0014902677502174797,0.011730572766226414,0.15263157894736842,-0.009149938675435072
100017697|F|0-59:C>T-59:C>T,,,95.0,0.07894736842105263,0.002006881687181228,0.004287937585900227,0.06842105263157895,0.026860178915425983
100019370|F|0-59:C>T-59:C>T,,,95.0,0.3263157894736842,-0.004868092746444236,-0.030795494356614897,0.25263157894736843,-0.022436916639471206
100021903|F|0-59:G>A-59:G>A,,,95.0,0.12105263157894737,0.033971638175398146,0.042297918550040794,0.05789473684210526,0.25320923527462486
100021941|F|0-59:G>A-59:G>A,,,95.0,0.2736842105263158,0.12642350550813064,0.026581115545461956,0.14736842105263157,0.4208883214740094
100033255|F|0-59:G>A-59:G>A,,,93.0,0.1827956989247312,0.0077935354894416095,0.01962838499030468,0.12903225806451615,0.04981353366178546
100034740|F|0-59:T>C-59:T>C,Vu08 (old5),34703845.0,95.0,0.22631578947368422,-0.0028018133184136555,-0.018233174578675408,0.19473684210526315,-0.016130013874554296
100034899|F|0-59:G>C-59:G>C,,,95.0,0.42105263157894735,0.04649829269514023,-0.027819579496149917,0.2631578947368421,0.1649831547281707
100041739|F|0-59:G>T-59:G>T,,,95.0,0.05789473684210526,0.0005461475075530383,0.007389778208963263,0.04736842105263158,0.00987530889448481
100047143|F|0-59:C>T-59:C>T,,,95.0,0.3736842105263158,0.008337610348502687,-0.02445777199597236,0.2578947368421053,0.03448505841356837
100013207|F|0-60:C>G-60:C>G,Vu07 (old2),29186793.0,95.0,0.4631578947368421,0.055799591638248956,-0.02481720552603402,0.2631578947368421,0.1897040129192079
100013678|F|0-60:A>T-60:A>T,,,95.0,0.3684210526315789,0.045024715505444485,-0.05987745512363509,0.28421052631578947,0.16715579696974786
100013794|F|0-60:G>A-60:G>A,,,95.0,0.4421052631578947,0.12030151747893689,-0.04018109790605545,0.2631578947368421,0.3504489286509214
100014531|F|0-60:G>C-60:G>C,,,94.0,0.3882978723404255,0.16711462476672476,0.06078113648775569,0.14361702127659576,0.44982200512238363
100014835|F|0-60:A>G-60:A>G,,,95.0,0.29473684210526313,0.14119338584540725,0.011542510969505879,0.16842105263157894,0.4396398274698753
100016319|F|0-60:C>A-60:C>A,,,95.0,0.1,-0.00045369609676270935,0.0011017279268552803,0.08947368421052632,-0.005034259407113635
100016325|F|0-60:C>T-60:C>T,Vu09 (old8),1016914.0,95.0,0.24736842105263163,0.021966163016644804,-0.02274282970378044,0.20526315789473684,0.10742109606812146
100016887|F|0-60:G>T-60:G>T,,,95.0,0.06842105263157895,0.03794313202042571,0.019527557897676757,0.03684210526315789,0.4023116052016332
100017267|F|0-60:T>C-60:T>C,Vu07 (old2),29861358.0,95.0,0.3526315789473684,0.00383626598540717,0.012979908226088206,0.21578947368421053,0.016492574535968484
100017587|F|0-60:T>A-60:T>A,,,95.0,0.12631578947368421,0.007282336199386892,0.00420405853343037,0.10526315789473684,0.06237570967503806
100018597|F|0-60:C>T-60:C>T,,,95.0,0.3210526315789473,0.00546200718357191,0.012811445769849867,0.20526315789473684,0.024434508346742715
100019200|F|0-60:C>T-60:C>T,,,95.0,0.3684210526315789,0.007292383280810184,-0.02032209678644316,0.25263157894736843,0.03043541947123734
100020682|F|0-60:A>G-60:A>G,,,95.0,0.49473684210526314,0.007301290580511364,-0.03460165565428722,0.28421052631578947,0.028419625542305538
100021071|F|0-60:A>G-60:A>G,Vu07 (old2),39201975.0,95.0,0.33157894736842103,0.06592494646930133,-0.03833474816072437,0.24736842105263157,0.23976315644317678
100021959|F|0-60:G>A-60:G>A,Vu02 (old7),21244140.0,95.0,0.2631578947368421,0.040386307667413676,-0.03461745762255097,0.22105263157894736,0.17805327510555427
100022323|F|0-60:G>C-60:G>C,,,95.0,0.3894736842105263,0.2339829056418919,-0.019753685288490027,0.21052631578947367,0.5508648757509939
100033420|F|0-60:C>A-60:C>A,,,95.0,0.33157894736842103,0.047775607028853806,-0.03457887142097672,0.24736842105263163,0.18335378237505798
100035739|F|0-60:C>T-60:C>T,,,95.0,0.28421052631578947,0.03169260369066612,-0.012605591446847801,0.21052631578947367,0.1380259759401726
100040003|F|0-60:C>T-60:C>T,,,95.0,0.3,0.0525381156861572,-0.004993330099442143,0.20526315789473684,0.2078182946415678
100048583|F|0-60:A>G-60:A>G,,,93.0,0.6397849462365591,0.07689997391068186,0.038367513682226476,0.1774193548387097,0.26273806253743165
100051794|F|0-60:T>C-60:T>C,Vu09 (old8),3361921.0,95.0,0.5789473684210527,0.07294714795631219,0.0090362453053455,0.22105263157894736,0.24072104296735647
100058484|F|0-60:G>A-60:G>A,,,95.0,0.1631578947368421,0.014045193264663317,-0.01836008030829764,0.15263157894736842,0.09469732020303852
100013918|F|0-61:T>G-61:T>G,,,95.0,0.3315789473684211,0.11927222531537574,0.003536945981767733,0.19473684210526315,0.37560611779505904
100014043|F|0-61:T>G-61:T>G,,,95.0,0.1736842105263158,0.007376138345974963,-0.02050740242590834,0.1631578947368421,0.04916552690464152
100014086|F|0-61:C>T-61:C>T,,,95.0,0.06842105263157895,-0.0014860738572510682,0.006522538016595744,0.05789473684210526,-0.02361426182247545
100014980|F|0-61:T>A-61:T>A,,,95.0,0.1736842105263158,0.006270613046901276,0.022050605497125043,0.12105263157894737,0.04197932263069422
100015006|F|0-61:G>T-61:G>T,,,95.0,0.29473684210526313,0.03422783088027119,0.012513658290398489,0.18947368421052632,0.14490106791334478
100015098|F|0-61:T>G-61:T>G,,,92.0,0.08152173913043478,0.014860697997223875,0.034535171438670915,0.03804347826086957,0.16995435566102454
100015112|F|0-61:C>T-61:C>T,,,95.0,0.5421052631578948,0.014517642234179727,0.04150855511212052,0.20526315789473684,0.05556155252014508
100016448|F|0-61:C>T-61:C>T,,,95.0,0.042105263157894736,-0.00014283165204824214,0.009044115665507854,0.031578947368421054,-0.003528429734030002
100016486|F|0-61:G>C-61:G>C,,,95.0,0.11578947368421053,0.006053928576970056,-0.003604441210553267,0.10526315789473684,0.05620443692838537
100017220|F|0-61:C>T-61:C>T,,,95.0,0.3894736842105263,0.0032332144030929153,-0.024913211670427253,0.2631578947368421,0.013389276770149054
100018124|F|0-61:T>A-61:T>A,,,95.0,0.4842105263157895,0.04760235705852589,-0.0220010252904989,0.2631578947368421,0.1648513802821231
100019105|F|0-61:T>C-61:T>C,,,95.0,0.13157894736842105,0.008369193637050784,-0.007946950710108626,0.12105263157894738,0.06889649955262984
100019590|F|0-61:C>T-61:C>T,,,95.0,0.3157894736842105,0.041697607647282975,-0.01249240525556312,0.22105263157894736,0.16661859085766068
100019601|F|0-61:A>G-61:A>G,,,95.0,0.4052631578947368,0.12882221077654682,-7.104760924782573e-06,0.21578947368421053,0.3738261716915
100019656|F|0-61:T>G-61:T>G,,,95.0,0.3263157894736842,0.06336668750263223,-0.023751583259223306,0.23157894736842105,0.2336581024768615
100019664|F|0-61:T>C-61:T>C,,,95.0,0.42105263157894735,0.07377629193061745,-0.022882260636929563,0.25263157894736843,0.2430644711397672
100021291|F|0-61:A>G-61:A>G,,,95.0,0.20526315789473684,0.00334132049543654,0.03189532359736098,0.13157894736842105,0.020030025168320868
100022089|F|0-61:C>T-61:C>T,,,86.0,0.05813953488372093,2.823671019654315e-05,0.020308766101299766,0.03488372093023256,0.0005113426315925917
100032755|F|0-61:C>T-61:C>T,Vu11 (old9),32264867.0,95.0,0.09473684210526316,0.003785385121790652,-0.009349987872908073,0.09473684210526316,0.04245026422132421
100033264|F|0-61:C>T-61:C>T,,,95.0,0.07368421052631578,0.0013072351782029206,0.01579890586681757,0.05263157894736842,0.01874502318609772
100034199|F|0-61:A>C-61:A>C,,,95.0,0.11052631578947368,0.00508323441791184,0.008354555744199205,0.08947368421052632,0.04939424343981021
100034945|F|0-61:G>A-61:G>A,,,95.0,0.4789473684210526,-0.005948593224724356,-0.005823852152375048,0.2578947368421053,-0.024169258254976622
100035689|F|0-61:C>T-61:C>T,,,95.0,0.18947368421052632,-0.0015427386408220108,-0.024372790480600308,0.17894736842105263,-0.010081161200718428
100035744|F|0-61:C>T-61:C>T,,,95.0,0.16842105263157894,0.014297573053333425,0.011598889697361689,0.12631578947368421,0.0939318145838685
100041804|F|0-61:A>T-61:A>T,,,87.0,0.31034482758620685,0.039707359472485666,0.03423005813445654,0.1724137931034483,0.16118191324484896
100051593|F|0-61:G>C-61:G>C,,,95.0,0.042105263157894736,-0.00014283165204824214,0.009044115665507854,0.031578947368421054,-0.003528429734030002
100054129|F|0-61:T>A-61:T>A,,,95.0,0.08421052631578947,0.00246886796425967,0.00335246718947908,0.07368421052631578,0.03105277679867597
100013419|F|0-62:G>T-62:G>T,,,95.0,0.18947368421052632,0.002360998014538023,-0.004016027360679297,0.15789473684210525,0.015111382710435587
100013911|F|0-62:A>G-62:A>G,,,95.0,0.4842105263157895,0.011612962041062169,-0.01455327590726565,0.2631578947368421,0.044627891790429385
100014062|F|0-62:G>A-62:G>A,,,95.0,0.13157894736842105,0.002249022331762173,-0.01726273160908134,0.13157894736842105,0.019294108334462833
100014402|F|0-62:C>T-62:C>T,,,94.0,0.46808510638297873,0.13454083011411336,0.009646356006820964,0.2127659574468085,0.3769145405735308
100015162|F|0-62:C>T-62:C>T,,,95.0,0.12105263157894738,0.006510581179359985,0.005651561699948809,0.1,0.05804615543379592
100015577|F|0-62:A>G-62:A>G,,,95.0,0.12105263157894738,0.006786962504128406,-0.004987940280809526,0.11052631578947368,0.0604223643943582
100016185|F|0-62:C>T-62:C>T,,,95.0,0.41578947368421054,0.04476238938953645,-0.03361936120849535,0.26842105263157895,0.1601149520332649
100017989|F|0-62:A>T-62:A>T,,,95.0,0.05789473684210526,0.0008225288323214599,-0.003249723771795079,0.05789473684210526,0.014829011780715584
100018152|F|0-62:T>C-62:T>C,,,95.0,0.18947368421052632,0.01956364168345736,-0.018158298973239527,0.16842105263157894,0.11519788572373037
100019357|F|0-62:A>C-62:A>C,Vu11 (old9),27999283.0,95.0,0.3526315789473684,0.0387850434391595,-0.0259994132447443,0.24736842105263157,0.1490849104722515
100020992|F|0-62:A>G-62:A>G,,,95.0,0.43157894736842106,0.06870431364435346,-0.009682594805684796,0.24210526315789474,0.22815728165182336
100021370|F|0-62:A>T-62:A>T,,,95.0,0.35789473684210527,0.029386000341959723,-0.017223441056208464,0.24210526315789474,0.11557105440847756
100039949|F|0-62:A>T-62:A>T,,,95.0,0.5,0.10237505259368482,-0.048957345710316826,0.2789473684210526,0.30801988596400276
100044397|F|0-62:C>G-62:C>G,,,95.0,0.3105263157894737,0.039288414497882465,0.012474245241647624,0.19473684210526315,0.15938537077701745
100058699|F|0-62:C>A-62:C>A,,,95.0,0.05263157894736842,0.0005541480195858068,-0.002634273856684715,0.05263157894736842,0.010962059159348513
100013019|F|0-63:A>T-63:A>T,,,95.0,0.05789473684210526,-0.0015204310344653885,0.007817441943078617,0.04736842105263158,-0.028331664889297597
100013153|F|0-63:C>A-63:C>A,,,95.0,0.12105263157894738,0.006786962504128406,-0.004987940280809526,0.11052631578947368,0.0604223643943582
100013673|F|0-63:C>A-63:C>A,,,95.0,0.29473684210526313,0.0356097375041133,-0.040683851613393246,0.24210526315789474,0.15023231185876668
100013879|F|0-63:G>A-63:G>A,,,95.0,0.23684210526315788,0.03188100142305213,-0.019699450238499457,0.19473684210526315,0.15407524152963378
100014058|F|0-63:C>T-63:C>T,,,95.0,0.1,0.004363534677474771,-0.010477470558115714,0.1,0.046476915593429605
100015224|F|0-63:G>C-63:G>C,,,95.0,0.2578947368421053,-0.0025876697430949652,-0.0018161238874311704,0.19473684210526315,-0.01359548309571907
100015287|F|0-63:T>C-63:T>C,,,95.0,0.4473684210526316,0.19092494646930136,-0.0383347481607244,0.24736842105263157,0.47736175000862835
100015308|F|0-63:C>T-63:C>T,,,95.0,0.4,-0.0056678511328699865,0.010915362698045198,0.23157894736842105,-0.023932508041507282
100015358|F|0-63:T>G-63:T>G,,,95.0,0.03684210526315789,-1.866786140979682e-05,-0.0011719486889266194,0.03684210526315789,-0.0005236208103445405
100015590|F|0-63:C>G-63:C>G,,,95.0,0.22105263157894736,0.02668970814132106,0.009762308998302204,0.15789473684210525,0.13733035203577565
100015853|F|0-63:C>G-63:C>G,,,95.0,0.05789473684210526,-0.0012440497096969667,-0.0028220600376797256,0.05789473684210526,-0.023111302978388544
100016790|F|0-63:A>T-63:A>T,,,95.0,0.24736842105263157,0.0343378166678858,0.006443865038941444,0.1736842105263158,0.16010852033552084
100018629|F|0-63:G>A-63:G>A,,,95.0,0.4473684210526316,0.007383518590054001,-0.02151676846074135,0.26842105263157895,0.029036070585724355
100018782|F|0-63:C>T-63:C>T,,,95.0,0.12105263157894738,0.006786962504128406,-0.004987940280809526,0.11052631578947368,0.0604223643943582
100018804|F|0-63:G>A-63:G>A,,,95.0,0.08947368421052632,0.002969575334206672,0.002352992696795754,0.07894736842105263,0.03523884625089514
100018930|F|0-63:C>G-63:C>G,Vu09 (old8),30816607.0,95.0,0.08947368421052632,-0.0009527063883997284,0.0031646810084840693,0.07894736842105263,-0.011738714887290712
100019659|F|0-63:G>T-63:G>T,,,95.0,0.10526315789473684,0.004980405326027446,-0.011668957339585522,0.10526315789473684,0.05052422255718472
100020774|F|0-63:A>G-63:A>G,,,95.0,0.22105263157894736,0.026413326816552635,0.020401810979060568,0.14736842105263157,0.13602246746952842
100020912|F|0-63:C>T-63:C>T,,,95.0,0.3736842105263158,0.0007930582330980362,-0.012314173753053216,0.24736842105263157,0.003362591874038429
100021316|F|0-63:C>A-63:C>A,,,95.0,0.19473684210526315,0.02028600826123868,0.0008411485703505894,0.15263157894736842,0.11674813453434052
100021541|F|0-63:C>G-63:C>G,,,95.0,0.12105263157894738,0.006510581179359985,0.005651561699948809,0.1,0.05804615543379592
100021950|F|0-63:C>T-63:C>T,,,95.0,0.09473684210526316,0.0032326224722538086,0.01192901608860864,0.07368421052631578,0.03638462016477396
100022149|F|0-63:C>T-63:C>T,,,95.0,0.10526315789473684,0.1216887011032382,0.0170906249004721,0.05263157894736842,0.6357459160142402
100033338|F|0-63:T>A-63:T>A,,,95.0,0.3631578947368421,0.08015297394617674,-0.052701309725927674,0.2684210526315789,0.2709035655569319
100034022|F|0-63:A>C-63:A>C,,,86.0,0.18023255813953487,0.015363235678634566,0.012066560239317733,0.13372093023255813,0.09533457307716825
100034297|F|0-63:T>C-63:T>C,,,95.0,0.06315789473684211,0.0008532494131572468,0.0067103241975907625,0.05263157894736842,0.01417471967254278
100036044|F|0-63:T>G-63:T>G,,,95.0,0.08421052631578947,0.0027452492890280918,-0.00728703479127927,0.08421052631578947,0.034458298963871474
100040596|F|0-63:G>T-63:G>T,,,95.0,0.34210526315789475,0.022590788588903392,-0.0470602214235491,0.26842105263157895,0.09260356052445193
100045098|F|0-63:G>T-63:G>T,,,95.0,0.06842105263157895,0.0011990724116300157,0.005966866089956075,0.05789473684210526,0.01843006401786889
100045520|F|0-63:C>T-63:C>T,,,95.0,0.22631578947368422,0.0019777290933554043,-0.050969187386844444,0.22631578947368422,0.011153173849253975
100049328|F|0-63:A>C-63:A>C,Vu08 (old5),12604325.0,95.0,0.3736842105263158,0.1789501352171546,-0.02801790032265417,0.22631578947368422,0.4743567193409706
100050471|F|0-63:C>G-63:C>G,,,95.0,0.06842105263157895,0.0009226910868615943,0.016606368070714417,0.04736842105263158,0.014217671993934613
100050516|F|0-63:C>G-63:C>G,,,95.0,0.4263157894736842,0.11057985633158449,-0.003230859406580992,0.22631578947368422,0.33141002838536093
100013726|F|0-64:C>G-64:C>G,Vu01 (old4),328264.0,95.0,0.48947368421052634,0.07424694306763852,-0.022083801880066704,0.2578947368421053,0.23946155969154892
100013978|F|0-64:G>A-64:G>A,,,95.0,0.17894736842105263,-0.0032266559353383815,0.02216829341192666,0.12631578947368424,-0.022213362876398714
100015143|F|0-64:A>T-64:A>T,,,95.0,0.16842105263157894,0.014297573053333425,0.011598889697361689,0.12631578947368421,0.0939318145838685
100015474|F|0-64:A>G-64:A>G,,,95.0,0.10526315789473684,0.004704024001259024,-0.0010294553588271861,0.09473684210526316,0.047799578987025165
100015669|F|0-64:A>C-64:A>C,,,95.0,0.06842105263157895,0.0009226910868615943,0.016606368070714417,0.04736842105263158,0.014217671993934613
100016503|F|0-64:G>C-64:G>C,Vu05 (old1),42344593.0,95.0,0.8947368421052632,-0.0004224906364097759,0.01061374722240596,0.08421052631578947,-0.0044754518762567174
100018351|F|0-64:C>T-64:C>T,,,95.0,0.3105263157894737,-0.004377142789637555,-0.010236398670184749,0.22631578947368422,-0.02067593911119426
100021995|F|0-64:T>A-64:T>A,,,95.0,0.26842105263157895,0.10416409743493954,0.023460778044818803,0.15263157894736842,0.3716742140617662
100033913|F|0-64:C>T-64:C>T,,,95.0,0.08421052631578947,0.00246886796425967,0.00335246718947908,0.07368421052631578,0.03105277679867597
100034038|F|0-64:A>C-64:A>C,,,95.0,0.37894736842105264,0.05329320533420869,-0.016571762985175573,0.24210526315789474,0.19113379128199953
100034130|F|0-64:A>T-64:A>T,,,95.0,0.2578947368421053,0.02423567623085847,-0.007367024599622202,0.19473684210526315,0.11453235831881478
100034532|F|0-64:T>C-64:T>C,,,95.0,0.05263157894736842,0.0005541480195858068,-0.002634273856684715,0.05263157894736842,0.010962059159348513
100034541|F|0-64:G>T-64:G>T,,,95.0,0.07368421052631578,0.012769582306396307,0.02400916146671664,0.042105263157894736,0.16187796238044352
100035750|F|0-64:T>C-64:T>C,,,95.0,0.3631578947368421,0.06014793132514123,-0.04856140840860706,0.26842105263157895,0.2148082286966773
100035865|F|0-64:G>A-64:G>A,,,89.0,0.6067415730337079,-0.004775360213025998,0.08416681794248626,0.15730337078651685,-0.020175177645267637
100040575|F|0-64:T>C-64:T>C,,,95.0,0.3368421052631579,0.05234105624239686,-0.01788648061992711,0.23157894736842105,0.19674609295080855
100040940|F|0-64:T>A-64:T>A,,,95.0,0.6052631578947368,0.09494581679201498,-0.0374535128142938,0.2578947368421053,0.30104539661873864
100041823|F|0-64:C>T-64:C>T,,,95.0,0.4473684210526316,0.09792891207847224,-0.019089880125533833,0.24736842105263163,0.3002043980791576
100048883|F|0-64:T>A-64:T>A,,,95.0,0.15789473684210525,0.005059418647342823,-0.014820806904847673,0.1473684210526316,0.03676715168239569
100014119|F|0-65:C>G-65:C>G,Vu07 (old2),13031414.0,95.0,0.06315789473684211,-0.0012462316675240857,-0.003437509952790083,0.06315789473684211,-0.021312521876812502
100014778|F|0-65:A>G-65:A>G,Vu03 (old3),51500985.0,95.0,0.4263157894736842,0.0012103222461412654,-0.0017622257011052024,0.24736842105263163,0.004903732772513205
100014938|F|0-65:C>T-65:C>T,,,95.0,0.29473684210526313,0.05297599652438364,-0.0971892095830975,0.29473684210526313,0.21146107744806888
100015193|F|0-65:C>A-65:C>A,,,95.0,0.07894736842105263,0.002006881687181228,0.004287937585900227,0.06842105263157895,0.026860178915425983
100015314|F|0-65:G>A-65:G>A,,,95.0,0.18947368421052632,0.01956364168345736,-0.018158298973239527,0.16842105263157894,0.11519788572373037
100016014|F|0-65:T>C-65:T>C,,,95.0,0.08421052631578947,-0.0011441298949154,0.00410015140490523,0.07368421052631578,-0.014928580779523328
100016551|F|0-65:A>C-65:A>C,Vu11 (old9),32255711.0,95.0,0.05789473684210526,0.05825121804253563,0.016612737856371133,0.02631578947368421,0.5757201486130203
100016572|F|0-65:A>T-65:A>T,,,95.0,0.20526315789473684,0.012225903276385062,-0.0016901981248330995,0.1631578947368421,0.07038775915889102
100016832|F|0-65:T>A-65:T>A,,,95.0,0.07894736842105263,-0.001929458392853869,0.005102535174691359,0.06842105263157895,-0.02694995258217773
100018345|F|0-65:A>C-65:A>C,,,95.0,0.07368421052631578,0.09100912722089935,0.018400350828194627,0.031578947368421054,0.6455077922275544
100018760|F|0-65:A>G-65:A>G,,,95.0,0.5052631578947369,0.09974904903162135,-0.053733061882467646,0.28421052631578947,0.3020625085036084
100019628|F|0-65:T>G-65:T>G,,,95.0,0.3526315789473684,0.06427763128119224,-0.020692616193465067,0.23684210526315788,0.22921332002683872
100020334|F|0-65:G>A-65:G>A,Vu08 (old5),423524.0,95.0,0.531578947368421,0.06386387162465926,0.02149827158316122,0.21578947368421053,0.21206551133197388
100022139|F|0-65:T>C-65:T>C,,,95.0,0.49473684210526314,0.13072439627084584,-0.04956088290129034,0.27368421052631575,0.36839575814555997
100033052|F|0-65:A>G-65:A>G,,,95.0,0.4,0.0448157103935801,0.00046814862179886635,0.23157894736842105,0.16186973966974275
100033734|F|0-65:A>G-65:A>G,,,95.0,0.12631578947368421,0.00700595487461847,0.014843560514188706,0.09473684210526316,0.06009240725249348
100034045|F|0-65:A>T-65:A>T,,,95.0,0.29473684210526313,0.0356097375041133,-0.040683851613393246,0.24210526315789474,0.15023231185876668
100034350|F|0-65:C>A-65:C>A,,,95.0,0.2578947368421053,-0.004607287389021787,0.009184128454077565,0.18421052631578946,-0.02440463815424364
100035332|F|0-65:G>A-65:G>A,Vu04 (old11),505287.0,94.0,0.425531914893617,0.16711954211032237,-0.031029607726531867,0.24468085106382978,0.43889801554460833
100035886|F|0-65:A>C-65:A>C,,,95.0,0.13157894736842105,0.008092812312282361,0.0026925512706497522,0.11052631578947368,0.06671090825013502
100041313|F|0-65:C>T-65:C>T,Vu03 (old3),62938472.0,95.0,0.14210526315789476,0.009829927816678975,-0.0005224755436979503,0.12105263157894738,0.075405964204844
100044458|F|0-65:A>T-65:A>T,,,95.0,0.05789473684210526,0.0008225288323214599,-0.003249723771795079,0.05789473684210526,0.014829011780715584
100044964|F|0-65:T>A-65:T>A,,,95.0,0.15263157894736842,0.01227469034208666,-0.02527252270461101,0.15263157894736842,0.08790633097156303
100046856|F|0-65:C>A-65:C>A,,,95.0,0.06842105263157895,0.0011990724116300157,0.005966866089956075,0.05789473684210526,0.01843006401786889
100047453|F|0-65:G>T-65:G>T,,,94.0,0.3829787234042553,0.0020439154589690692,0.02451015904506091,0.2127659574468085,0.00854051139099352
100049169|F|0-65:G>T-65:G>T,,,95.0,0.3684210526315789,0.08215313658862049,-0.035813997358988894,0.25263157894736843,0.2747865646828438
100014924|F|0-66:G>A-66:G>A,,,95.0,0.05789473684210526,0.0005461475075530383,0.007389778208963263,0.04736842105263158,0.00987530889448481
100015099|F|0-66:G>T-66:G>T,,,95.0,0.26842105263157895,0.015169609973495613,-0.00045167292620601664,0.19473684210526315,0.072424272365001
100015812|F|0-66:A>T-66:A>T,,,95.0,0.46842105263157896,0.09493702913790895,-0.037843631561797986,0.26842105263157895,0.2916522725099783
100016630|F|0-66:A>T-66:A>T,,,95.0,0.15263157894736842,0.004088239608767468,-0.002413781276260046,0.13157894736842105,0.030680188526986236
100016754|F|0-66:C>A-66:C>A,Vu01 (old4),1290094.0,95.0,0.41578947368421054,0.07554121873874703,0.0023404062453298417,0.22631578947368422,0.2483295884463745
100016920|F|0-66:T>A-66:T>A,,,95.0,0.28421052631578947,0.09537756107063818,0.0377091004637694,0.1473684210526316,0.340081414074704
100017244|F|0-66:T>A-66:T>A,,,95.0,0.18947368421052632,0.00948858523088729,-0.005491030851811824,0.15789473684210525,0.05861048206380489
100018919|F|0-66:C>A-66:C>A,,,95.0,0.06315789473684211,0.0005768680883888249,0.017349826178349112,0.042105263157894736,0.009609349971855505
100019762|F|0-66:A>G-66:A>G,,,95.0,0.3473684210526316,-0.0027758281842906914,0.018043642831418783,0.21052631578947367,-0.012293624191750572
100020016|F|0-66:T>C-66:T>C,,,94.0,0.06914893617021277,-0.0017626276158667553,0.017297936173252426,0.047872340425531915,-0.027798343640553808
100020602|F|0-66:T>C-66:T>C,,,95.0,0.9315789473684211,-0.0017624551820194885,0.01716203999735407,0.04736842105263158,-0.028078878046991815
100021048|F|0-66:C>T-66:C>T,,,95.0,0.5631578947368421,0.11665373423725962,-0.013614345002290638,0.23684210526315788,0.3432188457612614
100021487|F|0-66:T>G-66:T>G,,,95.0,0.3736842105263158,0.09741136301672543,-0.042890951719474664,0.2578947368421053,0.3118010237239651
100033204|F|0-66:T>C-66:T>C,,,95.0,0.14210526315789473,0.0030911887845277053,-0.009710248250146363,0.13157894736842105,0.024737448443712805
100033749|F|0-66:A>C-66:A>C,,,95.0,0.22631578947368422,0.007770071467966313,-0.020420950960000173,0.19473684210526315,0.0426725451893884
100034045|F|0-66:T>A-66:T>A,,,90.0,0.044444444444444446,-7.010094536132051e-05,0.009440928270042198,0.03333333333333333,-0.001641548370958669
100034369|F|0-66:G>A-66:G>A,,,95.0,0.22631578947368422,0.007770071467966313,-0.020420950960000173,0.19473684210526315,0.0426725451893884
100040044|F|0-66:G>T-66:G>T,,,95.0,0.47368421052631576,0.1388556400077138,-0.04133317163877428,0.2631578947368421,0.38498253359856394
100045123|F|0-66:C>G-66:C>G,,,94.0,0.9414893617021277,0.0008606978989819994,-0.003325512967689493,0.05851063829787234,0.015357039104639536
100013122|F|0-67:G>A-67:G>A,,,95.0,0.15789473684210525,0.005335799972111244,-0.02546030888560601,0.15789473684210525,0.03872970272558552
100013714|F|0-67:T>C-67:T>C,Vu09 (old8),42137897.0,95.0,0.6578947368421053,0.01155976383118195,-0.03419512245912927,0.2578947368421053,0.049136250885858546
100013767|F|0-67:G>C-67:G>C,,,95.0,0.10526315789473684,0.004980405326027446,-0.011668957339585522,0.10526315789473684,0.05052422255718472
100013842|F|0-67:A>G-67:A>G,,,95.0,0.10526315789473684,0.09715686739016237,0.022167313444902567,0.05263157894736842,0.5650108348396697
100013882|F|0-67:C>T-67:C>T,,,95.0,0.2894736842105263,-0.0063355018908538,0.045152072507760134,0.1631578947368421,-0.031367835927959886
100013883|F|0-67:A>T-67:A>T,,,95.0,0.07368421052631578,-0.00141081362934107,0.005779079908961057,0.06315789473684211,-0.020892845204055505
100015398|F|0-67:C>T-67:C>T,,,95.0,0.08421052631578947,0.00246886796425967,0.00335246718947908,0.07368421052631578,0.03105277679867597
100016888|F|0-67:C>T-67:C>T,,,94.0,0.0851063829787234,-0.0027905020703933737,0.025759327782917035,0.05319148936170213,-0.03663984409299977
100018159|F|0-67:G>A-67:G>A,,,95.0,0.09473684210526316,-0.0007225617890154983,0.0021652065158007713,0.08421052631578947,-0.008435902374896801
100018446|F|0-67:T>A-67:T>A,,,95.0,0.11052631578947368,-7.618275841987737e-05,0.009422260440936166,0.08947368421052632,-0.0007709263507671031
100019383|F|0-67:A>T-67:A>T,,,95.0,0.18421052631578946,0.017774470899470908,0.005336257309941479,0.14210526315789476,0.10758323545058551
100019870|F|0-67:G>A-67:G>A,,,95.0,0.18421052631578946,0.017774470899470908,0.005336257309941479,0.14210526315789476,0.10758323545058551
100020694|F|0-67:C>T-67:C>T,Vu10 (old10),36275606.0,95.0,0.1736842105263158,0.006823375696438119,0.0007716015356083574,0.14210526315789473,0.0455802587802431
100020853|F|0-67:A>G-67:A>G,,,95.0,0.10526315789473684,0.0010536368936033805,0.010308273126609289,0.08421052631578947,0.01102448502933555
100021285|F|0-67:T>C-67:T>C,,,95.0,0.06315789473684211,0.0005768680883888249,0.017349826178349112,0.042105263157894736,0.009609349971855505
100021376|F|0-67:G>C-67:G>C,,,95.0,0.25263157894736843,0.03686802189106338,-0.028458242380143876,0.21052631578947367,0.16839627033851265
100021616|F|0-67:G>T-67:G>T,,,95.0,0.15263157894736842,0.004088239608767468,-0.002413781276260046,0.13157894736842105,0.030680188526986236
100022286|F|0-67:T>G-67:T>G,,,95.0,0.10526315789473684,-0.00014610931164135975,-2.5754758352404166e-05,0.09473684210526316,-0.0015450678959272443
100032969|F|0-67:T>C-67:T>C,,,95.0,0.06315789473684211,-0.0015226129922925073,0.0072019920279682665,0.05263157894736842,-0.02611195296663205
100033819|F|0-67:C>G-67:C>G,,,95.0,0.3210526315789473,0.02928583808741957,-0.034447953951349516,0.24736842105263157,0.12091278162475222
100035377|F|0-67:C>G-67:C>G,,,95.0,0.22631578947368422,-0.004633886493961905,0.0033105735991983726,0.1736842105263158,-0.026884789750094853
100035529|F|0-67:G>T-67:G>T,,,95.0,0.24736842105263157,0.03516696064219106,-0.02547464090333356,0.20526315789473684,0.163601137451056
100040615|F|0-67:A>T-67:A>T,Vu08 (old5),12096567.0,95.0,0.5421052631578948,0.06083933173375991,-0.03157123012810621,0.26842105263157895,0.20437201311431116
100043978|F|0-67:T>A-67:T>A,,,95.0,0.3631578947368421,0.06042431264990965,-0.05920091038936537,0.2789473684210526,0.2156695807450218
100047217|F|0-67:G>A-67:G>A,,,95.0,0.07368421052631578,0.0015836165029713425,0.005159403886059222,0.06315789473684211,0.022655161239587163
100013352|F|0-68:T>C-68:T>C,,,95.0,0.38421052631578945,-0.0025581613610520205,-0.030209688443983872,0.26842105263157895,-0.010855618894070381
100013779|F|0-68:G>C-68:G>C,Vu08 (old5),35689785.0,95.0,0.21052631578947367,0.013031530594109147,0.006541739245474407,0.15789473684210525,0.07343030914570893
100014347|F|0-68:T>C-68:T>C,,,95.0,0.11052631578947368,-0.0020117493737623615,-0.01134180147338041,0.11052631578947368,-0.02070281086430209
100015005|F|0-68:T>A-68:T>A,,,95.0,0.3684210526315789,0.05734970737458169,-0.009516490395098226,0.23157894736842105,0.20525129071751452
100015052|F|0-68:T>A-68:T>A,,,95.0,0.5263157894736842,0.04971129643835974,-0.054632304122966255,0.2947368421052632,0.17152719256259022
100015799|F|0-68:C>T-68:C>T,,,95.0,0.21052631578947367,0.005219570573571412,-0.013006244839861134,0.17894736842105263,0.03049514726115737
100016960|F|0-68:T>A-68:T>A,,,95.0,0.03684210526315789,-1.866786140979682e-05,-0.0011719486889266194,0.03684210526315789,-0.0005236208103445405
100017048|F|0-68:G>T-68:G>T,,,95.0,0.15789473684210528,0.012941670455024042,0.004712630794973755,0.12631578947368421,0.08989138223065128
100017122|F|0-68:T>C-68:T>C,,,95.0,0.042105263157894736,-0.0012815586037726806,0.00927976711083672,0.031578947368421054,-0.03238127084737043
100017248|F|0-68:G>T-68:G>T,,,95.0,0.05789473684210526,-0.0012440497096969667,-0.0028220600376797256,0.05789473684210526,-0.023111302978388544
100017935|F|0-68:T>C-68:T>C,,,95.0,0.14210526315789476,0.009829927816678975,-0.0005224755436979503,0.12105263157894738,0.075405964204844
100018585|F|0-68:A>G-68:A>G,,,95.0,0.22105263157894736,0.000845362249583031,-0.027218614718614725,0.2,0.004868848041009643
100019028|F|0-68:T>A-68:T>A,Vu03 (old3),64483291.0,95.0,0.07368421052631578,0.00033720851562284203,0.01599964598691253,0.05263157894736842,0.004889316731657799
100019999|F|0-68:T>C-68:T>C,,,93.0,0.21505376344086022,0.26717329774222326,0.01700787410858221,0.0967741935483871,0.7013244122766449
100020579|F|0-68:T>C-68:T>C,Vu03 (old3),51968724.0,95.0,0.39473684210526316,0.0129057295479583,-0.04164051379671072,0.2789473684210526,0.05157905862588917
100020717|F|0-68:A>G-68:A>G,,,95.0,0.1,-0.00045369609676270935,0.0011017279268552803,0.08947368421052632,-0.005034259407113635
100021620|F|0-68:T>C-68:T>C,Vu02 (old7),26207208.0,95.0,0.5578947368421052,0.09648636088073674,-0.06699964108707737,0.29473684210526313,0.2975920698533829
100021651|F|0-68:A>T-68:A>T,,,95.0,0.22105263157894736,0.006881183410299456,-0.017885378157025043,0.18947368421052632,0.03855663750130903
100021963|F|0-68:T>G-68:T>G,,,95.0,0.3368421052631579,0.05006330322496012,-0.049162036322477676,0.2631578947368421,0.18959123748692738
100022031|F|0-68:A>C-68:A>C,,,95.0,0.4,0.08272661366895766,0.013787370429985022,0.21052631578947367,0.26943242857377975
100033136|F|0-68:A>G-68:A>G,,,95.0,0.15263157894736842,0.011169165043012975,0.0172854852184224,0.11052631578947368,0.08036471007779356
100033265|F|0-68:G>A-68:G>A,,,95.0,0.05789473684210526,0.0008225288323214599,-0.003249723771795079,0.05789473684210526,0.014829011780715584
100033855|F|0-68:T>A-68:T>A,,,95.0,0.042105263157894736,0.00013354967272017953,-0.0015953863152504885,0.042105263157894736,0.0032858861609439786
100034393|F|0-68:C>A-68:C>A,,,95.0,0.08947368421052632,-0.0006763250636313065,-0.00747482097227428,0.08947368421052632,-0.00831657593100525
100035489|F|0-68:C>A-68:C>A,,,94.0,0.07446808510638298,0.0016485294480460054,0.005146395015770752,0.06382978723404255,0.023342105169910008
100040251|F|0-68:A>C-68:A>C,,,95.0,0.28421052631578947,0.0314162223658977,-0.0019660894660894655,0.2,0.1369196084955676
100041283|F|0-68:T>A-68:T>A,,,95.0,0.45789473684210524,0.10341760967546472,-0.019217888318058107,0.24736842105263163,0.3119045422270151
100041505|F|0-68:C>A-68:C>A,,,95.0,0.06842105263157895,0.0014754537363984375,-0.004672635890802281,0.06842105263157895,0.02262137658504593
100044383|F|0-68:C>A-68:C>A,,,95.0,0.22105263157894736,-0.004177658948291543,0.02673239795480882,0.14736842105263157,-0.02458557707399824
100045002|F|0-68:G>C-68:G>C,,,94.0,0.9468085106382979,0.0005841500197657121,-0.0026957970642978793,0.05319148936170213,0.011436018461814166
