rs,clone,n_loci,placement,top_chrom,top_pos,top_bitscore,best_second_gap,het_obs
100013065|F|0-5:C>A-5:C>A,100013065,1,unique,Ss06,6008106.0,128.0,,0.4761904761904761
100013792|F|0-5:A>G-5:A>G,100013792,1,unique,Ss03,92725347.0,128.0,,0.4380952380952381
100014172|F|0-5:G>A-5:G>A,100014172,1,unique,Ss03,11899310.0,128.0,,0.3619047619047619
100014717|F|0-5:C>A-5:C>A,100014717,1,unique,Ss06,12102515.0,128.0,,0.2761904761904762
100014951|F|0-5:A>G-5:A>G,100014951,1,unique,Ss06,5807819.0,128.0,,0.0095238095238095
100015018|F|0-5:T>A-5:T>A,100015018,1,unique,Ss10,13421243.0,128.0,,0.2095238095238095
100016339|F|0-5:C>T-5:C>T,100016339,1,unique,Ss02,10468460.0,128.0,,0.0285714285714285
100016848|F|0-5:T>C-5:T>C,100016848,1,unique,Ss01,8569813.0,128.0,,0.0095238095238095
100017051|F|0-5:C>T-5:C>T,100017051,1,unique,Ss01,40850125.0,128.0,,0.0571428571428571
100017287|F|0-5:C>A-5:C>A,100017287,1,unique,Ss03,73979462.0,128.0,,0.2
100017309|F|0-5:C>G-5:C>G,100017309,1,unique,Ss04,70804724.0,128.0,,0.1238095238095238
100017546|F|0-5:C>G-5:C>G,100017546,1,unique,Ss03,80607181.0,115.0,,0.0952380952380952
100017572|F|0-5:C>T-5:C>T,100017572,1,unique,Ss08,8759564.0,128.0,,0.0095238095238095
100017633|F|0-5:T>C-5:T>C,100017633,1,unique,Ss02,8256267.0,128.0,,0.048076923076923
100017924|F|0-5:G>C-5:G>C,100017924,1,unique,Ss04,67792222.0,128.0,,0.4571428571428571
100018106|F|0-5:T>C-5:T>C,100018106,1,unique,Ss10,11160338.0,128.0,,0.3904761904761905
100018265|F|0-5:C>T-5:C>T,100018265,1,unique,Ss09,56110833.0,128.0,,0.4901960784313725
100018330|F|0-5:T>C-5:T>C,100018330,8,multi,Ss02,24850204.0,128.0,41.900000000000006,0.0
100018834|F|0-5:G>A-5:G>A,100018834,1,unique,Ss10,18894505.0,128.0,,0.0571428571428571
100019490|F|0-5:G>A-5:G>A,100019490,1,unique,Ss08,32416984.0,128.0,,0.0761904761904762
100019495|F|0-5:T>G-5:T>G,100019495,1,unique,Ss10,15257147.0,128.0,,0.4285714285714285
100019718|F|0-5:G>T-5:G>T,100019718,1,unique,Ss02,5484391.0,128.0,,0.019047619047619
100019745|F|0-5:G>T-5:G>T,100019745,1,unique,Ss10,14376602.0,128.0,,0.0095238095238095
100019838|F|0-5:G>C-5:G>C,100019838,1,unique,Ss11,36000660.0,128.0,,0.219047619047619
100022025|F|0-5:T>C-5:T>C,100022025,0,unplaced,,,,,0.0476190476190476
100028251|F|0-5:A>G-5:A>G,100028251,1,unique,Ss03,6327543.0,82.4,,0.2285714285714285
100028451|F|0-5:C>A-5:C>A,100028451,0,unplaced,,,,,0.3428571428571428
100028511|F|0-5:C>A-5:C>A,100028511,1,unique,Ss03,83812908.0,106.0,,0.4666666666666667
100029223|F|0-5:G>C-5:G>C,100029223,1,unique,Ss08,27756963.0,75.0,,0.0476190476190476
100029488|F|0-5:C>T-5:C>T,100029488,1,unique,Ss01,5795297.0,87.9,,0.3619047619047619
100029548|F|0-5:C>T-5:C>T,100029548,1,unique,Ss04,50446643.0,89.8,,0.4761904761904761
100029763|F|0-5:A>G-5:A>G,100029763,0,unplaced,,,,,0.01
100029979|F|0-5:G>A-5:G>A,100029979,0,unplaced,,,,,0.2761904761904762
100030119|F|0-5:A>G-5:A>G,100030119,261,multi,Ss07,49517177.0,91.6,0.0,0.0
100030265|F|0-5:T>C-5:T>C,100030265,2,multi,Ss04,38388992.0,87.9,3.700000000000003,0.4285714285714285
100030892|F|0-5:C>T-5:C>T,100030892,1,unique,Ss08,27735515.0,73.1,,0.0240963855421686
100032846|F|0-5:A>T-5:A>T,100032846,1,unique,Ss05,55945274.0,122.0,,0.0454545454545454
100033995|F|0-5:C>T-5:C>T,100033995,1,unique,Ss01,41625264.0,126.0,,0.0571428571428571
100034525|F|0-5:C>T-5:C>T,100034525,1,unique,Ss03,72780565.0,128.0,,0.0666666666666666
100035243|F|0-5:G>C-5:G>C,100035243,1,unique,Ss02,25568615.0,128.0,,0.0
100035486|F|0-5:T>C-5:T>C,100035486,1,unique,Ss04,59575554.0,128.0,,0.2524271844660194
100038846|F|0-5:G>A-5:G>A,100038846,1,unique,Ss04,64736529.0,106.0,,0.0285714285714285
100040976|F|0-5:T>C-5:T>C,100040976,2,multi,Ss01,17214578.0,128.0,6.0,0.419047619047619
100041361|F|0-5:G>A-5:G>A,100041361,1,unique,Ss08,28380471.0,128.0,,0.073170731707317
100041570|F|0-5:T>G-5:T>G,100041570,1,unique,Ss03,86678592.0,122.0,,0.0142857142857142
100041762|F|0-5:T>C-5:T>C,100041762,9,multi,Ss01,34627381.0,122.0,0.0,0.2886597938144329
100044261|F|0-5:T>A-5:T>A,100044261,1,unique,Ss09,62476898.0,126.0,,0.4666666666666667
100046187|F|0-5:T>A-5:T>A,100046187,1,unique,Ss02,9299817.0,93.5,,0.4476190476190476
100046329|F|0-5:T>C-5:T>C,100046329,0,unplaced,,,,,0.1428571428571428
100049636|F|0-5:T>C-5:T>C,100049636,192,multi,Ss06,57538084.0,76.8,0.0,0.0618556701030927
100049952|F|0-5:T>A-5:T>A,100049952,1002,multi,Ss08,23169021.0,128.0,6.0,0.1428571428571428
100050369|F|0-5:T>G-5:T>G,100050369,1,unique,Ss06,10579122.0,128.0,,0.010204081632653
100050445|F|0-5:T>G-5:T>G,100050445,1,unique,Ss04,61721579.0,128.0,,0.0
100050966|F|0-5:T>C-5:T>C,100050966,0,unplaced,,,,,0.0365853658536585
100053526|F|0-5:A>G-5:A>G,100053526,93,multi,Ss02,16645539.0,128.0,2.0,0.0
100053755|F|0-5:T>C-5:T>C,100053755,5,multi,Ss04,72445487.0,128.0,6.0,0.2692307692307692
100057366|F|0-5:C>T-5:C>T,100057366,1,unique,Ss04,53899825.0,121.0,,0.4476190476190476
100058631|F|0-5:C>A-5:C>A,100058631,34,multi,Ss01,12956322.0,108.0,6.0,0.0
100058683|F|0-5:G>C-5:G>C,100058683,20,multi,Ss01,13152337.0,117.0,2.0,0.0909090909090909
100060605|F|0-5:C>T-5:C>T,100060605,6,multi,Ss11,37437817.0,121.0,0.0,0.1442307692307692
100060618|F|0-5:A>G-5:A>G,100060618,52,multi,Ss04,8329671.0,128.0,6.0,0.2631578947368421
100013120|F|0-6:A>G-6:A>G,100013120,400,multi,Ss05,20353402.0,119.0,9.0,0.0285714285714285
100013453|F|0-6:G>A-6:G>A,100013453,1,unique,Ss10,16307675.0,128.0,,0.0194174757281553
100013715|F|0-6:A>G-6:A>G,100013715,1,unique,Ss02,5153958.0,128.0,,0.1714285714285714
100013722|F|0-6:A>G-6:A>G,100013722,1,unique,Ss09,61760479.0,128.0,,0.2095238095238095
100013776|F|0-6:T>A-6:T>A,100013776,1,unique,Ss05,6630879.0,128.0,,0.0204081632653061
100014420|F|0-6:A>T-6:A>T,100014420,1,unique,Ss05,372099.0,115.0,,0.2761904761904762
100015187|F|0-6:A>G-6:A>G,100015187,1,unique,Ss03,81740101.0,128.0,,0.037037037037037
100015632|F|0-6:T>G-6:T>G,100015632,1,unique,Ss04,1776996.0,128.0,,0.0095238095238095
100015734|F|0-6:T>C-6:T>C,100015734,1,unique,Ss07,148628.0,128.0,,0.3942307692307692
100016353|F|0-6:A>T-6:A>T,100016353,1,unique,Ss03,99360728.0,128.0,,0.0095238095238095
100016354|F|0-6:A>T-6:A>T,100016354,1,unique,Ss02,10086089.0,128.0,,0.0095238095238095
100016409|F|0-6:A>T-6:A>T,100016409,1,unique,Ss05,6388712.0,128.0,,0.4666666666666667
100016452|F|0-6:G>A-6:G>A,100016452,1,unique,Ss10,4298865.0,128.0,,0.4476190476190476
100016629|F|0-6:A>C-6:A>C,100016629,1,unique,Ss01,10773103.0,128.0,,0.0095238095238095
100017365|F|0-6:C>T-6:C>T,100017365,1,unique,Ss05,6314949.0,128.0,,0.1238095238095238
100017908|F|0-6:T>A-6:T>A,100017908,1,unique,Ss08,12354052.0,128.0,,0.0952380952380952
100018643|F|0-6:A>C-6:A>C,100018643,1,unique,Ss11,10639030.0,128.0,,0.0158730158730158
100018671|F|0-6:A>T-6:A>T,100018671,1,unique,Ss11,38898344.0,128.0,,0.3333333333333333
100019254|F|0-6:G>A-6:G>A,100019254,3,multi,Ss05,7746248.0,128.0,26.0,0.0673076923076923
100019337|F|0-6:G>T-6:G>T,100019337,1,unique,Ss04,73148263.0,128.0,,0.0476190476190476
100019381|F|0-6:G>A-6:G>A,100019381,1,unique,Ss01,40852083.0,128.0,,0.0285714285714285
100020399|F|0-6:A>C-6:A>C,100020399,1,unique,Ss04,3332976.0,128.0,,0.0476190476190476
100020451|F|0-6:A>G-6:A>G,100020451,1,unique,Ss03,81843888.0,128.0,,0.3809523809523809
100020620|F|0-6:C>A-6:C>A,100020620,1,unique,Ss05,55429318.0,128.0,,0.0476190476190476
100020858|F|0-6:G>T-6:G>T,100020858,1,unique,Ss05,51380015.0,128.0,,0.0095238095238095
100021232|F|0-6:T>G-6:T>G,100021232,1,unique,Ss05,53452105.0,128.0,,0.116504854368932
100028374|F|0-6:A>T-6:A>T,100028374,1,unique,Ss10,14589161.0,106.0,,0.0095238095238095
100028423|F|0-6:T>A-6:T>A,100028423,1,unique,Ss05,6630889.0,110.0,,0.0204081632653061
100028542|F|0-6:C>A-6:C>A,100028542,1,unique,Ss09,48752502.0,99.0,,0.1276595744680851
100028723|F|0-6:C>A-6:C>A,100028723,1,unique,Ss05,48368538.0,86.1,,0.0285714285714285
100029060|F|0-6:A>T-6:A>T,100029060,1,unique,Ss09,6910476.0,86.1,,0.0153846153846153
100032835|F|0-6:G>C-6:G>C,100032835,4,multi,Ss04,71394254.0,128.0,0.0,0.7373737373737373
100032952|F|0-6:C>A-6:C>A,100032952,3,multi,Ss06,12449262.0,128.0,6.0,0.019047619047619
100033155|F|0-6:A>T-6:A>T,100033155,1,unique,Ss02,9630431.0,128.0,,0.233009708737864
100033227|F|0-6:A>G-6:A>G,100033227,1,unique,Ss09,62503246.0,104.0,,0.4519230769230769
100033399|F|0-6:C>G-6:C>G,100033399,1,unique,Ss01,9781416.0,128.0,,0.0285714285714285
100033564|F|0-6:G>T-6:G>T,100033564,1,unique,Ss10,16741670.0,128.0,,0.019047619047619
100034117|F|0-6:C>A-6:C>A,100034117,1,unique,Ss08,19028526.0,128.0,,0.3653846153846153
100035362|F|0-6:C>A-6:C>A,100035362,1,unique,Ss10,14658469.0,128.0,,0.2666666666666666
100035421|F|0-6:T>A-6:T>A,100035421,1,unique,Ss10,13420042.0,128.0,,0.2285714285714285
100035442|F|0-6:A>T-6:A>T,100035442,1,unique,Ss04,656004.0,128.0,,0.3203883495145631
100035862|F|0-6:T>G-6:T>G,100035862,1,unique,Ss04,63690995.0,128.0,,0.4857142857142857
100038439|F|0-6:A>G-6:A>G,100038439,1,unique,Ss11,33688903.0,75.0,,0.0476190476190476
100038511|F|0-6:G>A-6:G>A,100038511,1,unique,Ss03,81740101.0,104.0,,0.0761904761904762
100038699|F|0-6:A>C-6:A>C,100038699,1,unique,Ss01,9987296.0,93.5,,0.3428571428571428
100040047|F|0-6:G>A-6:G>A,100040047,1,unique,Ss09,61640144.0,128.0,,0.2761904761904762
100040723|F|0-6:G>A-6:G>A,100040723,1,unique,Ss11,34052237.0,128.0,,0.3904761904761905
100043419|F|0-6:T>A-6:T>A,100043419,1,unique,Ss08,20696737.0,100.0,,0.3619047619047619
100043516|F|0-6:G>A-6:G>A,100043516,1,unique,Ss05,8049710.0,93.5,,0.0380952380952381
100046294|F|0-6:C>G-6:C>G,100046294,4,multi,Ss10,15124815.0,93.5,20.400000000000006,0.4519230769230769
100048403|F|0-6:A>G-6:A>G,100048403,198,multi,Ss09,46564387.0,128.0,0.0,0.0576923076923076
100051204|F|0-6:A>T-6:A>T,100051204,1,unique,Ss01,18195701.0,122.0,,0.0095238095238095
100051758|F|0-6:T>G-6:T>G,100051758,1,unique,Ss02,10114758.0,128.0,,0.4952380952380952
100054603|F|0-6:T>C-6:T>C,100054603,396,multi,Ss05,50868404.0,128.0,6.0,0.034090909090909
100058370|F|0-6:C>T-6:C>T,100058370,1262,multi,Ss09,36862177.0,128.0,0.0,0.5904761904761905
100059755|F|0-6:C>A-6:C>A,100059755,13,multi,Ss06,45595638.0,128.0,6.0,0.0125
100061263|F|0-6:A>G-6:A>G,100061263,467,multi,Ss04,45732693.0,99.0,0.0,0.050632911392405
100013356|F|0-7:G>A-7:G>A,100013356,1,unique,Ss09,62367248.0,128.0,,0.4380952380952381
100013639|F|0-7:C>T-7:C>T,100013639,1,unique,Ss05,1881632.0,128.0,,0.0380952380952381
100015059|F|0-7:C>A-7:C>A,100015059,1,unique,Ss03,13937136.0,128.0,,0.1047619047619047
100015153|F|0-7:G>C-7:G>C,100015153,0,unplaced,,,,,0.1714285714285714
100015597|F|0-7:A>G-7:A>G,100015597,1,unique,Ss02,27853718.0,128.0,,0.3238095238095238
100015847|F|0-7:G>A-7:G>A,100015847,58,multi,Ss03,40958322.0,128.0,18.0,0.0857142857142857
100016771|F|0-7:G>T-7:G>T,100016771,1,unique,Ss06,12283218.0,128.0,,0.0571428571428571
100016784|F|0-7:G>T-7:G>T,100016784,1,unique,Ss06,52272127.0,128.0,,0.0571428571428571
100017072|F|0-7:T>A-7:T>A,100017072,1,unique,Ss03,98513722.0,128.0,,0.0285714285714285
100017396|F|0-7:G>A-7:G>A,100017396,1,unique,Ss04,3183292.0,128.0,,0.0476190476190476
100017599|F|0-7:G>A-7:G>A,100017599,1,unique,Ss09,3699398.0,128.0,,0.019047619047619
100018412|F|0-7:A>G-7:A>G,100018412,1,unique,Ss09,1796854.0,128.0,,0.0095238095238095
100018989|F|0-7:C>T-7:C>T,100018989,2,multi,Ss06,6936070.0,128.0,18.0,0.1224489795918367
100019367|F|0-7:T>C-7:T>C,100019367,0,unplaced,,,,,0.0416666666666666
100019433|F|0-7:G>A-7:G>A,100019433,1,unique,Ss03,88838869.0,128.0,,0.4761904761904761
100020033|F|0-7:G>A-7:G>A,100020033,1,unique,Ss10,17020252.0,128.0,,0.5047619047619047
100020497|F|0-7:A>T-7:A>T,100020497,1,unique,Ss11,38455563.0,128.0,,0.0095238095238095
100020726|F|0-7:G>A-7:G>A,100020726,1,unique,Ss08,8508283.0,128.0,,0.238095238095238
100021715|F|0-7:C>A-7:C>A,100021715,1,unique,Ss10,14348917.0,128.0,,0.4761904761904761
100028722|F|0-7:C>T-7:C>T,100028722,1,unique,Ss10,11293614.0,100.0,,0.0444444444444444
100029664|F|0-7:G>A-7:G>A,100029664,1,unique,Ss05,10072763.0,111.0,,0.4952380952380952
100030034|F|0-7:T>A-7:T>A,100030034,1,unique,Ss03,82721442.0,100.0,,0.0380952380952381
100030298|F|0-7:G>T-7:G>T,100030298,1,unique,Ss06,2722865.0,93.5,,0.019047619047619
100032815|F|0-7:G>A-7:G>A,100032815,1,unique,Ss02,1259222.0,128.0,,0.5096153846153846
100032829|F|0-7:T>A-7:T>A,100032829,1,unique,Ss02,21875128.0,128.0,,0.2952380952380952
100033340|F|0-7:A>T-7:A>T,100033340,1,unique,Ss04,843637.0,128.0,,0.3714285714285714
100033573|F|0-7:C>G-7:C>G,100033573,0,unplaced,,,,,0.1809523809523809
100033589|F|0-7:G>A-7:G>A,100033589,1,unique,Ss11,37049359.0,128.0,,0.0588235294117647
100034080|F|0-7:C>T-7:C>T,100034080,2,multi,Ss01,46077849.0,128.0,6.0,0.0319148936170212
100034775|F|0-7:A>C-7:A>C,100034775,1,unique,Ss01,1921349.0,128.0,,0.0103092783505154
100034977|F|0-7:A>C-7:A>C,100034977,1,unique,Ss11,30044481.0,128.0,,0.5333333333333333
100038685|F|0-7:G>A-7:G>A,100038685,0,unplaced,,,,,0.0666666666666666
100043254|F|0-7:C>G-7:C>G,100043254,1,unique,Ss10,15229487.0,111.0,,0.4666666666666667
100043936|F|0-7:A>T-7:A>T,100043936,565,multi,Ss09,36862242.0,122.0,5.0,0.0104166666666666
100044743|F|0-7:G>A-7:G>A,100044743,1,unique,Ss05,20353344.0,115.0,,0.0103092783505154
100046246|F|0-7:G>A-7:G>A,100046246,1,unique,Ss03,83642657.0,84.2,,0.1333333333333333
100046553|F|0-7:C>T-7:C>T,100046553,1,unique,Ss03,82458736.0,124.0,,0.0761904761904762
100049944|F|0-7:A>G-7:A>G,100049944,1,unique,Ss01,46521464.0,122.0,,0.019047619047619
100052578|F|0-7:G>A-7:G>A,100052578,1,unique,Ss05,51051025.0,122.0,,0.0761904761904762
100053632|F|0-7:A>T-7:A>T,100053632,453,multi,Ss07,58892107.0,128.0,11.0,0.0865384615384615
100055392|F|0-7:A>T-7:A>T,100055392,69,multi,Ss07,109176.0,122.0,0.0,0.0
100059100|F|0-7:A>G-7:A>G,100059100,44,multi,Ss03,50522286.0,76.8,0.0,0.0
100059392|F|0-7:T>A-7:T>A,100059392,1110,multi,Ss09,55315147.0,102.0,0.0,0.0
100060288|F|0-7:C>T-7:C>T,100060288,14,multi,Ss06,52159399.0,128.0,6.0,0.0408163265306122
100013031|F|0-8:C>T-8:C>T,100013031,1,unique,Ss05,8513994.0,128.0,,0.5047619047619047
100013657|F|0-8:A>T-8:A>T,100013657,1,unique,Ss09,11764151.0,128.0,,0.0095238095238095
100014695|F|0-8:T>A-8:T>A,100014695,1,unique,Ss10,741260.0,128.0,,0.019047619047619
100015191|F|0-8:A>G-8:A>G,100015191,1,unique,Ss04,65586565.0,128.0,,0.0789473684210526
100016108|F|0-8:G>C-8:G>C,100016108,1,unique,Ss01,36254538.0,128.0,,0.0285714285714285
100016280|F|0-8:A>T-8:A>T,100016280,1,unique,Ss04,70921811.0,128.0,,0.019047619047619
100016734|F|0-8:G>C-8:G>C,100016734,1,unique,Ss03,6649128.0,128.0,,0.0
100017564|F|0-8:A>T-8:A>T,100017564,1,unique,Ss10,14625541.0,128.0,,0.1333333333333333
100017716|F|0-8:C>T-8:C>T,100017716,1,unique,Ss10,18851581.0,128.0,,0.1047619047619047
100017834|F|0-8:C>T-8:C>T,100017834,1,unique,Ss10,15619383.0,128.0,,0.1442307692307692
100017856|F|0-8:G>C-8:G>C,100017856,1,unique,Ss10,6634556.0,128.0,,0.3619047619047619
100018050|F|0-8:G>T-8:G>T,100018050,1,unique,Ss04,1449165.0,128.0,,0.3714285714285714
100018194|F|0-8:A>C-8:A>C,100018194,1,unique,Ss02,10263817.0,128.0,,0.2403846153846154
100018344|F|0-8:A>T-8:A>T,100018344,1,unique,Ss01,27055374.0,128.0,,0.0571428571428571
100018976|F|0-8:C>T-8:C>T,100018976,1,unique,Ss03,12988149.0,128.0,,0.1442307692307692
100019886|F|0-8:A>G-8:A>G,100019886,1,unique,Ss01,26625712.0,128.0,,0.019047619047619
100020593|F|0-8:G>C-8:G>C,100020593,1,unique,Ss05,3821067.0,128.0,,0.3523809523809524
100022176|F|0-8:G>A-8:G>A,100022176,1,unique,Ss10,9450262.0,128.0,,0.1142857142857142
100022245|F|0-8:T>C-8:T>C,100022245,2,multi,Ss04,71276008.0,113.0,43.599999999999994,0.4095238095238095
100022772|F|0-8:T>A-8:T>A,100022772,415,multi,Ss05,50875937.0,128.0,0.0,0.0246913580246913
100029192|F|0-8:A>G-8:A>G,100029192,0,unplaced,,,,,0.0
100029807|F|0-8:G>A-8:G>A,100029807,152,multi,Ss06,87554456.0,100.0,4.700000000000003,0.0106382978723404
100030615|F|0-8:C>T-8:C>T,100030615,1,unique,Ss03,84630605.0,104.0,,0.419047619047619
100030652|F|0-8:A>C-8:A>C,100030652,1,unique,Ss02,12391832.0,75.0,,0.1904761904761904
100030677|F|0-8:G>C-8:G>C,100030677,0,unplaced,,,,,0.0196078431372549
100030791|F|0-8:C>A-8:C>A,100030791,1,unique,Ss11,35651547.0,71.3,,0.0476190476190476
100033535|F|0-8:A>G-8:A>G,100033535,2,multi,Ss04,66960262.0,128.0,43.8,0.1809523809523809
100033667|F|0-8:G>A-8:G>A,100033667,1,unique,Ss10,7153145.0,128.0,,0.0095238095238095
100034578|F|0-8:C>T-8:C>T,100034578,2,multi,Ss09,64949451.0,128.0,17.0,0.0576923076923076
100034734|F|0-8:C>T-8:C>T,100034734,1,unique,Ss03,87043754.0,128.0,,0.0380952380952381
100034779|F|0-8:A>T-8:A>T,100034779,1,unique,Ss11,38917564.0,115.0,,0.3809523809523809
100035100|F|0-8:T>C-8:T>C,100035100,1,unique,Ss08,11517146.0,128.0,,0.4095238095238095
100038400|F|0-8:G>A-8:G>A,100038400,1,unique,Ss06,15626530.0,91.6,,0.0
100038609|F|0-8:A>T-8:A>T,100038609,1,unique,Ss01,27247319.0,82.4,,0.4476190476190476
100038770|F|0-8:C>T-8:C>T,100038770,0,unplaced,,,,,0.0571428571428571
100038930|F|0-8:G>C-8:G>C,100038930,1,unique,Ss09,12135696.0,87.9,,0.0380952380952381
100039000|F|0-8:C>T-8:C>T,100039000,1,unique,Ss11,27807481.0,111.0,,0.0285714285714285
100041049|F|0-8:C>T-8:C>T,100041049,1,unique,Ss07,8877656.0,122.0,,0.0
100041134|F|0-8:G>C-8:G>C,100041134,1,unique,Ss04,7048794.0,128.0,,0.1904761904761904
100041240|F|0-8:T>G-8:T>G,100041240,21,multi,Ss09,62181205.0,124.0,0.0,0.0099009900990099
100044127|F|0-8:G>A-8:G>A,100044127,1,unique,Ss09,14087083.0,128.0,,0.019047619047619
100051658|F|0-8:A>G-8:A>G,100051658,9,multi,Ss09,52331581.0,122.0,0.0,0.2765957446808511
100052450|F|0-8:A>G-8:A>G,100052450,15,multi,Ss05,7016499.0,128.0,6.0,0.1553398058252427
100052891|F|0-8:C>T-8:C>T,100052891,6,multi,Ss05,50746973.0,117.0,6.0,0.4952380952380952
100056219|F|0-8:T>A-8:T>A,100056219,52,multi,Ss02,11373575.0,128.0,0.0,0.0365853658536585
100059433|F|0-8:T>C-8:T>C,100059433,17,multi,Ss04,22720390.0,128.0,0.0,0.2211538461538461
100013628|F|0-9:A>C-9:A>C,100013628,1,unique,Ss05,54827560.0,128.0,,0.12
100013713|F|0-9:G>T-9:G>T,100013713,1,unique,Ss08,21870963.0,128.0,,0.4
100013884|F|0-9:G>A-9:G>A,100013884,1,unique,Ss04,65968545.0,128.0,,0.0285714285714285
100014153|F|0-9:C>A-9:C>A,100014153,0,unplaced,,,,,0.2952380952380952
100015194|F|0-9:C>T-9:C>T,100015194,1,unique,Ss02,3955678.0,128.0,,0.3714285714285714
100015232|F|0-9:G>T-9:G>T,100015232,1,unique,Ss01,3628937.0,128.0,,0.5238095238095238
100015354|F|0-9:A>G-9:A>G,100015354,1,unique,Ss09,33259296.0,128.0,,0.0135135135135135
100015727|F|0-9:C>T-9:C>T,100015727,1,unique,Ss03,79655970.0,128.0,,0.0588235294117647
100016574|F|0-9:G>A-9:G>A,100016574,1,unique,Ss09,43528993.0,128.0,,0.3142857142857143
100017042|F|0-9:A>G-9:A>G,100017042,1,unique,Ss05,11119472.0,128.0,,0.4380952380952381
100017310|F|0-9:T>G-9:T>G,100017310,1,unique,Ss01,44906108.0,128.0,,0.3047619047619048
100017454|F|0-9:A>G-9:A>G,100017454,1,unique,Ss09,45869177.0,128.0,,0.419047619047619
100017714|F|0-9:G>A-9:G>A,100017714,1,unique,Ss04,67924303.0,128.0,,0.0095238095238095
100017720|F|0-9:G>A-9:G>A,100017720,1,unique,Ss08,35184350.0,128.0,,0.0666666666666666
100019428|F|0-9:T>G-9:T>G,100019428,1,unique,Ss03,76847506.0,128.0,,0.0380952380952381
100019679|F|0-9:G>A-9:G>A,100019679,1,unique,Ss06,10574557.0,128.0,,0.0285714285714285
100021092|F|0-9:A>C-9:A>C,100021092,1,unique,Ss03,76916814.0,128.0,,0.0098039215686274
100021397|F|0-9:C>T-9:C>T,100021397,1,unique,Ss01,27420805.0,128.0,,0.419047619047619
100021780|F|0-9:A>G-9:A>G,100021780,1,unique,Ss04,66347830.0,128.0,,0.419047619047619
100021860|F|0-9:A>C-9:A>C,100021860,1,unique,Ss07,318691.0,128.0,,0.238095238095238
100022076|F|0-9:A>G-9:A>G,100022076,1,unique,Ss05,2720835.0,128.0,,0.0571428571428571
100028703|F|0-9:T>G-9:T>G,100028703,1,unique,Ss01,34482426.0,84.2,,0.5238095238095238
100028860|F|0-9:G>A-9:G>A,100028860,0,unplaced,,,,,0.0131578947368421
100028909|F|0-9:C>T-9:C>T,100028909,1,unique,Ss01,27271522.0,97.1,,0.4095238095238095
100029045|F|0-9:A>G-9:A>G,100029045,1,unique,Ss09,61633056.0,73.1,,0.0476190476190476
100029063|F|0-9:C>T-9:C>T,100029063,1,unique,Ss07,2761826.0,86.1,,0.1333333333333333
100029254|F|0-9:C>A-9:C>A,100029254,1,unique,Ss03,96443097.0,91.6,,0.0666666666666666
100029568|F|0-9:T>G-9:T>G,100029568,1,unique,Ss10,16988091.0,84.2,,0.4476190476190476
100030421|F|0-9:G>A-9:G>A,100030421,1,unique,Ss02,22325660.0,71.3,,0.0476190476190476
100033019|F|0-9:G>C-9:G>C,100033019,0,unplaced,,,,,0.0380952380952381
100033955|F|0-9:A>C-9:A>C,100033955,1,unique,Ss06,2764783.0,128.0,,0.0857142857142857
100034306|F|0-9:C>T-9:C>T,100034306,1,unique,Ss01,5796403.0,128.0,,0.3523809523809524
100034340|F|0-9:G>A-9:G>A,100034340,1,unique,Ss10,601600.0,128.0,,0.1238095238095238
100034584|F|0-9:T>C-9:T>C,100034584,1,unique,Ss01,32472930.0,128.0,,0.6
100035958|F|0-9:C>T-9:C>T,100035958,0,unplaced,,,,,0.0
100038486|F|0-9:G>A-9:G>A,100038486,1,unique,Ss03,101321363.0,84.2,,0.1142857142857142
100038536|F|0-9:T>A-9:T>A,100038536,1,unique,Ss06,11040868.0,108.0,,0.019047619047619
100038672|F|0-9:T>C-9:T>C,100038672,1,unique,Ss06,10795726.0,82.4,,0.0571428571428571
100038915|F|0-9:A>C-9:A>C,100038915,1,unique,Ss04,71968366.0,84.2,,0.2095238095238095
100041191|F|0-9:C>A-9:C>A,100041191,6,multi,Ss09,15671266.0,128.0,0.0,0.3823529411764705
100044760|F|0-9:A>T-9:A>T,100044760,1,unique,Ss07,161328.0,128.0,,0.4285714285714285
100048197|F|0-9:T>C-9:T>C,100048197,1,unique,Ss03,99530003.0,110.0,,0.0666666666666666
100048404|F|0-9:C>A-9:C>A,100048404,137,multi,Ss07,54453419.0,128.0,0.0,0.0571428571428571
100050926|F|0-9:A>G-9:A>G,100050926,1,unique,Ss06,28905958.0,71.3,,0.0105263157894736
100053633|F|0-9:C>T-9:C>T,100053633,508,multi,Ss06,33823552.0,128.0,6.0,0.0857142857142857
100054119|F|0-9:A>T-9:A>T,100054119,1,unique,Ss01,8526619.0,119.0,,0.2857142857142857
100059741|F|0-9:A>C-9:A>C,100059741,1,unique,Ss03,33377823.0,122.0,,0.0673076923076923
100060401|F|0-9:C>T-9:C>T,100060401,72,multi,Ss04,34380007.0,126.0,0.0,0.0105263157894736
100013328|F|0-10:A>G-10:A>G,100013328,1,unique,Ss08,30822071.0,128.0,,0.0380952380952381
100013385|F|0-10:G>T-10:G>T,100013385,1,unique,Ss01,5824288.0,128.0,,0.3428571428571428
100014107|F|0-10:A>C-10:A>C,100014107,1,unique,Ss08,9229134.0,128.0,,0.0952380952380952
100014526|F|0-10:T>C-10:T>C,100014526,1,unique,Ss09,56110898.0,128.0,,0.4158415841584158
100014743|F|0-10:C>G-10:C>G,100014743,1,unique,Ss06,5596552.0,128.0,,0.0576923076923076
100015336|F|0-10:G>C-10:G>C,100015336,1,unique,Ss10,12990579.0,128.0,,0.0380952380952381
100015480|F|0-10:T>C-10:T>C,100015480,1,unique,Ss01,1906906.0,128.0,,0.019047619047619
100016215|F|0-10:C>T-10:C>T,100016215,1,unique,Ss08,32735641.0,128.0,,0.0571428571428571
100016342|F|0-10:G>A-10:G>A,100016342,1,unique,Ss11,1862241.0,128.0,,0.0095238095238095
100018192|F|0-10:A>T-10:A>T,100018192,1,unique,Ss05,3745734.0,128.0,,0.0095238095238095
100018394|F|0-10:A>C-10:A>C,100018394,1,unique,Ss09,5218610.0,128.0,,0.0095238095238095
100018535|F|0-10:A>T-10:A>T,100018535,1,unique,Ss05,55945209.0,128.0,,0.1047619047619047
100018779|F|0-10:A>G-10:A>G,100018779,1,unique,Ss08,13049274.0,128.0,,0.3904761904761905
100019676|F|0-10:G>T-10:G>T,100019676,1,unique,Ss03,94625227.0,128.0,,0.3047619047619048
100020171|F|0-10:G>A-10:G>A,100020171,1,unique,Ss03,12376875.0,128.0,,0.1428571428571428
100020310|F|0-10:A>T-10:A>T,100020310,1,unique,Ss02,8962745.0,128.0,,0.0666666666666666
100021657|F|0-10:A>T-10:A>T,100021657,1,unique,Ss09,3994124.0,128.0,,0.0571428571428571
100021820|F|0-10:T>A-10:T>A,100021820,1,unique,Ss01,2840680.0,128.0,,0.1809523809523809
100022289|F|0-10:A>G-10:A>G,100022289,1,unique,Ss10,13667872.0,128.0,,0.238095238095238
100028589|F|0-10:A>T-10:A>T,100028589,1,unique,Ss09,61604228.0,69.4,,0.0857142857142857
100029049|F|0-10:A>G-10:A>G,100029049,1,unique,Ss01,46654890.0,100.0,,0.2285714285714285
100029174|F|0-10:G>A-10:G>A,100029174,1,unique,Ss06,81740326.0,67.6,,0.0192307692307692
100029902|F|0-10:T>C-10:T>C,100029902,1,unique,Ss03,65555034.0,108.0,,0.0476190476190476
100030268|F|0-10:A>C-10:A>C,100030268,1,unique,Ss10,1147347.0,73.1,,0.4761904761904761
100030458|F|0-10:C>T-10:C>T,100030458,1,unique,Ss05,55648272.0,89.8,,0.2571428571428571
100031046|F|0-10:C>T-10:C>T,100031046,0,unplaced,,,,,0.0106382978723404
100032947|F|0-10:A>C-10:A>C,100032947,1,unique,Ss01,42744653.0,128.0,,0.1188118811881188
100033213|F|0-10:T>C-10:T>C,100033213,1,unique,Ss02,9309600.0,128.0,,0.0
100034096|F|0-10:G>A-10:G>A,100034096,1,unique,Ss02,14309037.0,122.0,,0.0490196078431372
100034787|F|0-10:T>G-10:T>G,100034787,1,unique,Ss02,2812597.0,128.0,,0.0095238095238095
100036060|F|0-10:G>T-10:G>T,100036060,1,unique,Ss06,5758758.0,128.0,,0.3238095238095238
100038458|F|0-10:G>A-10:G>A,100038458,1,unique,Ss08,12356686.0,73.1,,0.0952380952380952
100040095|F|0-10:G>A-10:G>A,100040095,1,unique,Ss03,17614590.0,128.0,,0.0095238095238095
100040460|F|0-10:G>A-10:G>A,100040460,1,unique,Ss03,84597593.0,128.0,,0.4380952380952381
100040573|F|0-10:G>T-10:G>T,100040573,1,unique,Ss03,84597751.0,128.0,,0.2727272727272727
100041722|F|0-10:C>T-10:C>T,100041722,1,unique,Ss08,16551362.0,128.0,,0.238095238095238
100043120|F|0-10:T>G-10:T>G,100043120,1,unique,Ss07,7220205.0,106.0,,0.1333333333333333
100043216|F|0-10:A>G-10:A>G,100043216,1,unique,Ss11,24356564.0,93.5,,0.1809523809523809
100043373|F|0-10:C>G-10:C>G,100043373,1,unique,Ss04,71525838.0,97.1,,0.0095238095238095
100044509|F|0-10:A>G-10:A>G,100044509,1,unique,Ss08,20915533.0,128.0,,0.3689320388349514
100048111|F|0-10:T>A-10:T>A,100048111,1,unique,Ss03,89662349.0,91.6,,0.4857142857142857
100051040|F|0-10:T>C-10:T>C,100051040,57,multi,Ss06,78168172.0,78.7,0.0,0.0
100056874|F|0-10:G>A-10:G>A,100056874,10,multi,Ss03,63014762.0,122.0,5.0,0.0
100059134|F|0-10:A>G-10:A>G,100059134,22,multi,Ss08,23909949.0,99.0,5.5,0.0
100059522|F|0-10:G>T-10:G>T,100059522,1,unique,Ss03,10347558.0,119.0,,0.2571428571428571
100013144|F|0-11:A>G-11:A>G,100013144,2,multi,Ss11,7421083.0,128.0,20.0,0.010204081632653
100013239|F|0-11:G>A-11:G>A,100013239,1,unique,Ss03,100248275.0,128.0,,0.0857142857142857
100013515|F|0-11:T>A-11:T>A,100013515,1,unique,Ss03,87850996.0,128.0,,0.0380952380952381
100013529|F|0-11:C>G-11:C>G,100013529,1,unique,Ss09,62466919.0,128.0,,0.4666666666666667
100013847|F|0-11:C>A-11:C>A,100013847,1,unique,Ss11,31582813.0,128.0,,0.3238095238095238
100014023|F|0-11:A>G-11:A>G,100014023,1,unique,Ss06,14247014.0,128.0,,0.1523809523809524
100014256|F|0-11:C>T-11:C>T,100014256,1,unique,Ss03,78249470.0,128.0,,0.3714285714285714
100014687|F|0-11:C>A-11:C>A,100014687,1,unique,Ss08,11552899.0,128.0,,0.0285714285714285
100014874|F|0-11:C>G-11:C>G,100014874,1,unique,Ss05,6627077.0,128.0,,0.0952380952380952
100014895|F|0-11:G>A-11:G>A,100014895,1,unique,Ss03,84263344.0,128.0,,0.1333333333333333
100016193|F|0-11:G>T-11:G>T,100016193,1,unique,Ss01,697826.0,128.0,,0.0476190476190476
100017539|F|0-11:A>T-11:A>T,100017539,1,unique,Ss10,16662606.0,128.0,,0.1428571428571428
100017602|F|0-11:G>A-11:G>A,100017602,1,unique,Ss03,87887423.0,113.0,,0.0380952380952381
100017664|F|0-11:A>T-11:A>T,100017664,1,unique,Ss08,6837262.0,128.0,,0.0952380952380952
100017915|F|0-11:C>T-11:C>T,100017915,1,unique,Ss05,5268401.0,128.0,,0.0095238095238095
100018346|F|0-11:A>C-11:A>C,100018346,1,unique,Ss03,67491211.0,128.0,,0.4571428571428571
100018366|F|0-11:C>A-11:C>A,100018366,1,unique,Ss06,43103259.0,128.0,,0.2952380952380952
100019311|F|0-11:C>A-11:C>A,100019311,1,unique,Ss08,24818717.0,128.0,,0.2571428571428571
100019349|F|0-11:A>T-11:A>T,100019349,1,unique,Ss05,52550542.0,128.0,,0.135593220338983
100019693|F|0-11:A>C-11:A>C,100019693,1,unique,Ss04,59912666.0,128.0,,0.0
100020372|F|0-11:G>T-11:G>T,100020372,1,unique,Ss03,86492043.0,128.0,,0.1047619047619047
100020454|F|0-11:G>A-11:G>A,100020454,1,unique,Ss04,66571591.0,128.0,,0.4285714285714285
100020755|F|0-11:C>A-11:C>A,100020755,1,unique,Ss01,46921984.0,128.0,,0.2285714285714285
100020833|F|0-11:G>C-11:G>C,100020833,1,unique,Ss09,62318120.0,122.0,,0.0128205128205128
100021039|F|0-11:A>T-11:A>T,100021039,1,unique,Ss01,31961271.0,128.0,,0.0
100021307|F|0-11:T>C-11:T>C,100021307,1,unique,Ss01,9987231.0,128.0,,0.12
100021321|F|0-11:A>G-11:A>G,100021321,1,unique,Ss06,392877.0,128.0,,0.0095238095238095
100022037|F|0-11:G>A-11:G>A,100022037,1,unique,Ss04,73158888.0,128.0,,0.0377358490566037
100022151|F|0-11:T>C-11:T>C,100022151,1,unique,Ss07,2311603.0,128.0,,0.0095238095238095
100029079|F|0-11:G>A-11:G>A,100029079,545,multi,Ss03,21752904.0,99.0,11.099999999999994,0.1333333333333333
100029189|F|0-11:C>A-11:C>A,100029189,1,unique,Ss04,658509.0,78.7,,0.3809523809523809
100029339|F|0-11:C>T-11:C>T,100029339,3,multi,Ss02,9382922.0,87.9,0.0,0.5523809523809524
100029562|F|0-11:A>C-11:A>C,100029562,1,unique,Ss11,35403605.0,82.4,,0.0329670329670329
100029856|F|0-11:A>C-11:A>C,100029856,1,unique,Ss01,38693403.0,76.8,,0.019047619047619
100030229|F|0-11:A>T-11:A>T,100030229,2,multi,Ss09,15553825.0,104.0,36.400000000000006,0.3980582524271844
100030246|F|0-11:C>A-11:C>A,100030246,1,unique,Ss10,14458638.0,76.8,,0.4380952380952381
100030290|F|0-11:A>C-11:A>C,100030290,1,unique,Ss10,16971403.0,76.8,,0.5047619047619047
100030488|F|0-11:A>T-11:A>T,100030488,1,unique,Ss01,31961302.0,71.3,,0.0095238095238095
100032932|F|0-11:C>T-11:C>T,100032932,1,unique,Ss03,78912823.0,128.0,,0.0108695652173913
100033439|F|0-11:T>C-11:T>C,100033439,0,unplaced,,,,,0.0405405405405405
100034291|F|0-11:A>T-11:A>T,100034291,1,unique,Ss06,9228027.0,113.0,,0.1428571428571428
100034399|F|0-11:G>T-11:G>T,100034399,676,multi,Ss09,42611638.0,122.0,0.0,0.0294117647058823
100034804|F|0-11:G>A-11:G>A,100034804,1,unique,Ss05,53974153.0,128.0,,0.5142857142857142
100035126|F|0-11:T>C-11:T>C,100035126,1,unique,Ss04,71372914.0,128.0,,0.419047619047619
100036080|F|0-11:G>A-11:G>A,100036080,1,unique,Ss04,65168903.0,117.0,,0.3582089552238806
100038400|F|0-11:G>A-11:G>A,100038400,1,unique,Ss06,15626530.0,91.6,,0.5142857142857142
100038935|F|0-11:A>T-11:A>T,100038935,1,unique,Ss05,52550542.0,82.4,,0.2095238095238095
100038942|F|0-11:T>A-11:T>A,100038942,1,unique,Ss08,19312590.0,67.6,,0.7714285714285715
100040147|F|0-11:C>G-11:C>G,100040147,5,multi,Ss04,4179626.0,128.0,0.0,0.7619047619047619
100043453|F|0-11:G>C-11:G>C,100043453,1,unique,Ss04,57705363.0,110.0,,0.0095238095238095
100044383|F|0-11:A>T-11:A>T,100044383,1,unique,Ss10,6629751.0,126.0,,0.3238095238095238
100046295|F|0-11:G>A-11:G>A,100046295,1,unique,Ss10,15124815.0,93.5,,0.0263157894736842
100048771|F|0-11:G>A-11:G>A,100048771,1,unique,Ss11,35423792.0,124.0,,0.3142857142857143
100051141|F|0-11:G>A-11:G>A,100051141,0,unplaced,,,,,0.6857142857142857
100051489|F|0-11:T>C-11:T>C,100051489,1326,multi,Ss11,4682443.0,115.0,0.0,0.0952380952380952
100054559|F|0-11:G>A-11:G>A,100054559,11,multi,Ss03,19284742.0,128.0,0.0,0.1153846153846153
100055393|F|0-11:T>C-11:T>C,100055393,130,multi,Ss07,117645.0,122.0,0.0,0.025
100056174|F|0-11:G>A-11:G>A,100056174,1,unique,Ss09,61712225.0,121.0,,0.2
100058859|F|0-11:T>G-11:T>G,100058859,407,multi,Ss03,63238042.0,111.0,1.0,0.0
100060144|F|0-11:C>A-11:C>A,100060144,462,multi,Ss06,75318000.0,117.0,6.0,0.0126582278481012
100013102|F|0-12:T>C-12:T>C,100013102,1,unique,Ss01,40727636.0,128.0,,0.4380952380952381
100013341|F|0-12:G>C-12:G>C,100013341,1,unique,Ss01,6165915.0,128.0,,0.0095238095238095
100013408|F|0-12:A>T-12:A>T,100013408,1,unique,Ss03,17061310.0,128.0,,0.0526315789473684
100013638|F|0-12:A>T-12:A>T,100013638,1,unique,Ss03,84869185.0,128.0,,0.0285714285714285
100014230|F|0-12:A>G-12:A>G,100014230,1,unique,Ss04,73024747.0,128.0,,0.2666666666666666
100014274|F|0-12:C>T-12:C>T,100014274,1,unique,Ss05,6770631.0,128.0,,0.1428571428571428
100014327|F|0-12:T>C-12:T>C,100014327,1,unique,Ss10,6588259.0,128.0,,0.4095238095238095
100014556|F|0-12:G>A-12:G>A,100014556,1,unique,Ss08,12872169.0,128.0,,0.3809523809523809
100014678|F|0-12:C>T-12:C>T,100014678,1,unique,Ss03,19175271.0,128.0,,0.419047619047619
100014707|F|0-12:T>C-12:T>C,100014707,1,unique,Ss04,69125178.0,128.0,,0.3904761904761905
100014808|F|0-12:C>A-12:C>A,100014808,1,unique,Ss01,2082414.0,128.0,,0.0095238095238095
100015572|F|0-12:T>A-12:T>A,100015572,1,unique,Ss09,63193144.0,128.0,,0.0380952380952381
100016039|F|0-12:A>C-12:A>C,100016039,1,unique,Ss03,99456421.0,128.0,,0.0571428571428571
100017079|F|0-12:A>G-12:A>G,100017079,1,unique,Ss09,61641380.0,128.0,,0.2
100017269|F|0-12:A>G-12:A>G,100017269,1,unique,Ss02,18749162.0,128.0,,0.2095238095238095
100017913|F|0-12:C>T-12:C>T,100017913,1,unique,Ss07,1010245.0,128.0,,0.0285714285714285
100018171|F|0-12:T>C-12:T>C,100018171,1,unique,Ss03,75863788.0,128.0,,0.1047619047619047
100018426|F|0-12:A>G-12:A>G,100018426,1,unique,Ss02,15622630.0,128.0,,0.0095238095238095
100018441|F|0-12:A>C-12:A>C,100018441,1,unique,Ss06,6333836.0,128.0,,0.1523809523809524
100018758|F|0-12:C>T-12:C>T,100018758,1,unique,Ss08,34558102.0,128.0,,0.3809523809523809
100018913|F|0-12:G>A-12:G>A,100018913,1,unique,Ss03,9357109.0,128.0,,0.4
100019087|F|0-12:C>A-12:C>A,100019087,1,unique,Ss02,15978392.0,128.0,,0.1238095238095238
100019189|F|0-12:A>T-12:A>T,100019189,1,unique,Ss01,693630.0,128.0,,0.0476190476190476
100019240|F|0-12:A>C-12:A>C,100019240,1,unique,Ss10,5221618.0,128.0,,0.0485436893203883
100019731|F|0-12:C>A-12:C>A,100019731,1,unique,Ss08,6771016.0,128.0,,0.0
100019902|F|0-12:T>A-12:T>A,100019902,1,unique,Ss03,15878748.0,128.0,,0.1379310344827586
100019924|F|0-12:A>T-12:A>T,100019924,1,unique,Ss03,13139421.0,128.0,,0.1619047619047619
100019965|F|0-12:G>A-12:G>A,100019965,1,unique,Ss03,102305080.0,128.0,,0.0476190476190476
100020368|F|0-12:G>A-12:G>A,100020368,1,unique,Ss01,9344223.0,128.0,,0.0357142857142857
100021355|F|0-12:T>A-12:T>A,100021355,1,unique,Ss05,54474065.0,128.0,,0.0095238095238095
100021629|F|0-12:T>C-12:T>C,100021629,1,unique,Ss02,14332402.0,128.0,,0.219047619047619
100021690|F|0-12:G>A-12:G>A,100021690,1,unique,Ss11,38877611.0,128.0,,0.4
100021815|F|0-12:C>A-12:C>A,100021815,1,unique,Ss02,6508628.0,128.0,,0.2095238095238095
100021971|F|0-12:T>C-12:T>C,100021971,1,unique,Ss06,9019070.0,128.0,,0.145631067961165
100028492|F|0-12:T>C-12:T>C,100028492,25,multi,Ss07,11631089.0,86.1,5.599999999999994,0.0476190476190476
100028537|F|0-12:G>A-12:G>A,100028537,1,unique,Ss11,2133092.0,95.3,,0.0105263157894736
100028539|F|0-12:G>A-12:G>A,100028539,1,unique,Ss11,2133092.0,86.1,,0.0096153846153846
100029027|F|0-12:T>A-12:T>A,100029027,1,unique,Ss11,38819152.0,76.8,,0.1052631578947368
100029213|F|0-12:G>A-12:G>A,100029213,1,unique,Ss10,2653807.0,91.6,,0.4666666666666667
100029224|F|0-12:A>G-12:A>G,100029224,1,unique,Ss10,8687210.0,111.0,,0.1714285714285714
100029448|F|0-12:C>G-12:C>G,100029448,0,unplaced,,,,,0.019047619047619
100030367|F|0-12:G>A-12:G>A,100030367,2,multi,Ss08,7664213.0,110.0,10.0,0.0961538461538461
100030375|F|0-12:T>C-12:T>C,100030375,1,unique,Ss09,47165900.0,100.0,,0.3466666666666667
100030376|F|0-12:T>C-12:T>C,100030376,1,unique,Ss09,47165908.0,86.1,,0.4857142857142857
100033374|F|0-12:T>C-12:T>C,100033374,1,unique,Ss04,63010191.0,128.0,,0.0952380952380952
100033683|F|0-12:T>C-12:T>C,100033683,1,unique,Ss08,20921856.0,128.0,,0.0
100034183|F|0-12:A>G-12:A>G,100034183,2,multi,Ss06,14437874.0,128.0,9.0,0.0
100034506|F|0-12:G>A-12:G>A,100034506,1,unique,Ss08,2356471.0,128.0,,0.0192307692307692
100034726|F|0-12:C>T-12:C>T,100034726,1,unique,Ss08,9457825.0,128.0,,0.0095238095238095
100034732|F|0-12:A>C-12:A>C,100034732,1,unique,Ss08,1344780.0,128.0,,0.0571428571428571
100035981|F|0-12:G>A-12:G>A,100035981,1,unique,Ss08,385765.0,128.0,,0.3238095238095238
100039010|F|0-12:C>T-12:C>T,100039010,1,unique,Ss10,5826823.0,91.6,,0.1714285714285714
100040719|F|0-12:G>A-12:G>A,100040719,1,unique,Ss10,2653807.0,119.0,,0.1521739130434782
100040848|F|0-12:G>A-12:G>A,100040848,1,unique,Ss09,49568557.0,128.0,,0.0095238095238095
100042001|F|0-12:C>A-12:C>A,100042001,1,unique,Ss04,72400471.0,113.0,,0.3809523809523809
100043217|F|0-12:G>T-12:G>T,100043217,1,unique,Ss11,24356564.0,87.9,,0.1428571428571428
100043230|F|0-12:G>T-12:G>T,100043230,1,unique,Ss03,7482259.0,87.9,,0.1619047619047619
100043501|F|0-12:T>G-12:T>G,100043501,1,unique,Ss02,10581864.0,108.0,,0.4952380952380952
100049761|F|0-12:A>G-12:A>G,100049761,3,multi,Ss09,3667856.0,128.0,17.0,0.2105263157894736
100051692|F|0-12:T>A-12:T>A,100051692,1,unique,Ss08,19389087.0,119.0,,0.1619047619047619
100052747|F|0-12:T>G-12:T>G,100052747,1,unique,Ss01,9988423.0,128.0,,0.3461538461538461
100054888|F|0-12:A>G-12:A>G,100054888,1,unique,Ss02,4784327.0,121.0,,0.0857142857142857
100058870|F|0-12:T>G-12:T>G,100058870,4,multi,Ss06,29398383.0,100.0,4.700000000000003,0.0097087378640776
100013007|F|0-13:G>C-13:G>C,100013007,1,unique,Ss09,52292768.0,128.0,,0.0095238095238095
100013309|F|0-13:A>C-13:A>C,100013309,1,unique,Ss06,9116367.0,128.0,,0.1238095238095238
100013424|F|0-13:C>A-13:C>A,100013424,1,unique,Ss06,17455118.0,128.0,,0.2952380952380952
100013668|F|0-13:A>C-13:A>C,100013668,1,unique,Ss09,7338322.0,128.0,,0.0135135135135135
100014249|F|0-13:T>C-13:T>C,100014249,1,unique,Ss06,1032899.0,128.0,,0.0095238095238095
100014461|F|0-13:A>G-13:A>G,100014461,1,unique,Ss06,673666.0,128.0,,0.0571428571428571
100014644|F|0-13:T>C-13:T>C,100014644,1,unique,Ss03,102106409.0,128.0,,0.0285714285714285
100015115|F|0-13:C>T-13:C>T,100015115,1,unique,Ss04,65061772.0,128.0,,0.3809523809523809
100015956|F|0-13:C>T-13:C>T,100015956,1,unique,Ss07,127372.0,128.0,,0.4476190476190476
100016814|F|0-13:T>C-13:T>C,100016814,3,multi,Ss06,9624773.0,128.0,6.0,0.0405405405405405
100017335|F|0-13:C>T-13:C>T,100017335,1,unique,Ss11,7951357.0,128.0,,0.0217391304347826
100017576|F|0-13:A>G-13:A>G,100017576,2,multi,Ss06,8861505.0,128.0,0.0,0.0097087378640776
100017594|F|0-13:G>T-13:G>T,100017594,1,unique,Ss09,46097672.0,128.0,,0.4761904761904761
100018559|F|0-13:A>G-13:A>G,100018559,1,unique,Ss05,7875374.0,128.0,,0.0857142857142857
100018809|F|0-13:A>G-13:A>G,100018809,1,unique,Ss05,11150629.0,128.0,,0.1619047619047619
100018909|F|0-13:T>C-13:T>C,100018909,1,unique,Ss03,82379657.0,128.0,,0.0761904761904762
100019004|F|0-13:T>A-13:T>A,100019004,1,unique,Ss03,61393837.0,128.0,,0.1142857142857142
100019301|F|0-13:T>A-13:T>A,100019301,1,unique,Ss01,810752.0,128.0,,0.0476190476190476
100019538|F|0-13:G>A-13:G>A,100019538,1,unique,Ss02,10458890.0,128.0,,0.1774193548387097
100019569|F|0-13:A>T-13:A>T,100019569,8,multi,Ss06,106931087.0,128.0,26.0,0.0128205128205128
100019591|F|0-13:T>A-13:T>A,100019591,1,unique,Ss04,64199299.0,128.0,,0.0571428571428571
100019782|F|0-13:G>C-13:G>C,100019782,1,unique,Ss01,18146284.0,128.0,,0.0095238095238095
100020903|F|0-13:G>T-13:G>T,100020903,1,unique,Ss02,1009159.0,128.0,,0.2857142857142857
100021768|F|0-13:C>T-13:C>T,100021768,1,unique,Ss01,17179610.0,128.0,,0.419047619047619
100022019|F|0-13:C>T-13:C>T,100022019,1,unique,Ss03,69264554.0,128.0,,0.0210526315789473
100022144|F|0-13:T>A-13:T>A,100022144,1,unique,Ss04,758061.0,128.0,,0.2058823529411764
100028508|F|0-13:G>C-13:G>C,100028508,1,unique,Ss05,53587727.0,75.0,,0.019047619047619
100028644|F|0-13:T>C-13:T>C,100028644,1,unique,Ss07,2337055.0,86.1,,0.5047619047619047
100029006|F|0-13:A>C-13:A>C,100029006,2,multi,Ss01,36309278.0,86.1,9.299999999999997,0.1333333333333333
100029122|F|0-13:T>C-13:T>C,100029122,1,unique,Ss08,17244592.0,104.0,,0.3142857142857143
100029219|F|0-13:A>G-13:A>G,100029219,1,unique,Ss05,6805697.0,93.5,,0.1714285714285714
100029417|F|0-13:C>G-13:C>G,100029417,1,unique,Ss09,64360862.0,86.1,,0.0857142857142857
100029898|F|0-13:T>C-13:T>C,100029898,1,unique,Ss01,15889726.0,108.0,,0.0158730158730158
100030690|F|0-13:T>C-13:T>C,100030690,1,unique,Ss04,58402852.0,100.0,,0.0327868852459016
100033527|F|0-13:C>T-13:C>T,100033527,1,unique,Ss01,32475269.0,128.0,,0.6
100034394|F|0-13:G>T-13:G>T,100034394,1,unique,Ss07,395204.0,122.0,,0.3942307692307692
100035576|F|0-13:C>T-13:C>T,100035576,1,unique,Ss02,12391773.0,117.0,,0.0098039215686274
100036190|F|0-13:A>T-13:A>T,100036190,1,unique,Ss03,84388424.0,128.0,,0.1714285714285714
100038463|F|0-13:A>C-13:A>C,100038463,1,unique,Ss10,5375693.0,76.8,,0.2761904761904762
100038948|F|0-13:G>A-13:G>A,100038948,1,unique,Ss02,10458899.0,111.0,,0.2666666666666666
100039165|F|0-13:T>C-13:T>C,100039165,1,unique,Ss01,35569176.0,71.3,,0.0380952380952381
100039172|F|0-13:T>C-13:T>C,100039172,2,multi,Ss06,4562875.0,69.4,0.0,0.1521739130434782
100040013|F|0-13:A>G-13:A>G,100040013,1,unique,Ss09,2533626.0,128.0,,0.5047619047619047
100041851|F|0-13:G>T-13:G>T,100041851,1,unique,Ss05,54737979.0,128.0,,0.019047619047619
100046316|F|0-13:C>A-13:C>A,100046316,1,unique,Ss06,5630333.0,111.0,,0.125
100047319|F|0-13:T>C-13:T>C,100047319,1,unique,Ss02,12391769.0,124.0,,0.0098039215686274
100048795|F|0-13:A>C-13:A>C,100048795,10,multi,Ss03,86736832.0,128.0,6.0,0.0505050505050505
100049762|F|0-13:A>G-13:A>G,100049762,5,multi,Ss09,24714064.0,128.0,6.0,0.2285714285714285
100053362|F|0-13:G>A-13:G>A,100053362,15,multi,Ss06,55950104.0,102.0,0.0,0.0588235294117647
100059965|F|0-13:G>A-13:G>A,100059965,976,multi,Ss11,29554870.0,128.0,0.0,0.1047619047619047
100013227|F|0-14:G>A-14:G>A,100013227,1,unique,Ss04,5097503.0,128.0,,0.1428571428571428
100013428|F|0-14:G>T-14:G>T,100013428,1,unique,Ss03,100075529.0,128.0,,0.3904761904761905
100013964|F|0-14:T>G-14:T>G,100013964,1,unique,Ss09,49356598.0,128.0,,0.2666666666666666
100015893|F|0-14:C>T-14:C>T,100015893,1,unique,Ss01,10475359.0,128.0,,0.0288461538461538
100018591|F|0-14:C>T-14:C>T,100018591,1,unique,Ss06,8942143.0,128.0,,0.5523809523809524
100018802|F|0-14:G>A-14:G>A,100018802,1,unique,Ss01,40988289.0,128.0,,0.4476190476190476
100019323|F|0-14:A>G-14:A>G,100019323,1,unique,Ss03,39630393.0,128.0,,0.1333333333333333
100020057|F|0-14:G>A-14:G>A,100020057,1,unique,Ss07,3520655.0,128.0,,0.0380952380952381
100020381|F|0-14:G>A-14:G>A,100020381,1,unique,Ss02,29148236.0,128.0,,0.0333333333333333
100020509|F|0-14:T>C-14:T>C,100020509,1,unique,Ss01,44183639.0,128.0,,0.0666666666666666
100020966|F|0-14:C>A-14:C>A,100020966,1,unique,Ss04,59818770.0,128.0,,0.0095238095238095
100021043|F|0-14:C>T-14:C>T,100021043,1,unique,Ss08,10975287.0,128.0,,0.3428571428571428
100021718|F|0-14:T>C-14:T>C,100021718,1,unique,Ss02,8607207.0,128.0,,0.1809523809523809
100021884|F|0-14:G>A-14:G>A,100021884,1,unique,Ss01,38694352.0,128.0,,0.0194174757281553
100022067|F|0-14:T>C-14:T>C,100022067,1,unique,Ss06,2471858.0,128.0,,0.1904761904761904
100028239|F|0-14:T>G-14:T>G,100028239,1,unique,Ss04,196012.0,93.5,,0.01
100028240|F|0-14:T>G-14:T>G,100028240,1,unique,Ss04,196016.0,86.1,,0.0380952380952381
100028365|F|0-14:C>A-14:C>A,100028365,1,unique,Ss07,7058701.0,89.8,,0.5714285714285714
100028611|F|0-14:A>C-14:A>C,100028611,1,unique,Ss02,21951797.0,71.3,,0.1904761904761904
100028868|F|0-14:T>C-14:T>C,100028868,1,unique,Ss04,73486828.0,99.0,,0.2666666666666666
100029161|F|0-14:A>C-14:A>C,100029161,1,unique,Ss03,82318146.0,102.0,,0.0571428571428571
100029181|F|0-14:G>C-14:G>C,100029181,1,unique,Ss04,66983410.0,71.3,,0.1714285714285714
100029672|F|0-14:T>C-14:T>C,100029672,1,unique,Ss08,556263.0,97.1,,0.019047619047619
100030222|F|0-14:T>A-14:T>A,100030222,0,unplaced,,,,,0.1826923076923076
100030380|F|0-14:C>T-14:C>T,100030380,1,unique,Ss05,5585043.0,102.0,,0.1333333333333333
100033543|F|0-14:C>T-14:C>T,100033543,1,unique,Ss02,24221733.0,128.0,,0.0952380952380952
100033927|F|0-14:A>G-14:A>G,100033927,1,unique,Ss03,78457997.0,128.0,,0.3809523809523809
100034810|F|0-14:T>C-14:T>C,100034810,1,unique,Ss03,16429914.0,128.0,,0.0
100034817|F|0-14:G>A-14:G>A,100034817,1,unique,Ss09,10661820.0,119.0,,0.233009708737864
100034857|F|0-14:C>A-14:C>A,100034857,1,unique,Ss08,34782309.0,128.0,,0.019047619047619
100035301|F|0-14:G>T-14:G>T,100035301,2,multi,Ss10,14948714.0,128.0,0.0,0.0625
100035707|F|0-14:A>G-14:A>G,100035707,1,unique,Ss10,5871264.0,128.0,,0.0285714285714285
100035888|F|0-14:T>C-14:T>C,100035888,1,unique,Ss11,38914445.0,128.0,,0.3714285714285714
100036213|F|0-14:A>C-14:A>C,100036213,1,unique,Ss06,15639061.0,128.0,,0.2476190476190476
100038892|F|0-14:A>C-14:A>C,100038892,1,unique,Ss02,10088819.0,97.1,,0.4285714285714285
100040582|F|0-14:T>G-14:T>G,100040582,1,unique,Ss06,12350148.0,128.0,,0.0
100040647|F|0-14:T>A-14:T>A,100040647,2,multi,Ss07,4728533.0,128.0,11.0,0.2211538461538461
100040806|F|0-14:T>C-14:T>C,100040806,7,multi,Ss05,2567262.0,128.0,0.0,0.0097087378640776
100043192|F|0-14:C>A-14:C>A,100043192,1,unique,Ss04,658547.0,99.0,,0.0869565217391304
100043205|F|0-14:T>G-14:T>G,100043205,1,unique,Ss08,402130.0,106.0,,0.0149253731343283
100044127|F|0-14:A>G-14:A>G,100044127,1,unique,Ss09,14087083.0,128.0,,0.02
100044965|F|0-14:A>G-14:A>G,100044965,219,multi,Ss09,37778261.0,128.0,6.0,0.02
100047135|F|0-14:G>A-14:G>A,100047135,1,unique,Ss09,10661820.0,126.0,,0.2403846153846154
100058313|F|0-14:G>A-14:G>A,100058313,1,unique,Ss09,48920930.0,128.0,,0.029126213592233
100058976|F|0-14:G>A-14:G>A,100058976,1,unique,Ss06,10190841.0,119.0,,0.1047619047619047
100013397|F|0-15:G>T-15:G>T,100013397,1,unique,Ss07,5234328.0,128.0,,0.0476190476190476
100014335|F|0-15:A>C-15:A>C,100014335,1,unique,Ss04,67949864.0,128.0,,0.4857142857142857
100014460|F|0-15:A>T-15:A>T,100014460,1,unique,Ss09,10928680.0,128.0,,0.419047619047619
100014619|F|0-15:C>A-15:C>A,100014619,1,unique,Ss05,3632180.0,128.0,,0.019047619047619
100014627|F|0-15:C>G-15:C>G,100014627,1,unique,Ss09,64043545.0,128.0,,0.4380952380952381
100015215|F|0-15:G>A-15:G>A,100015215,1,unique,Ss03,13306509.0,128.0,,0.3047619047619048
100015825|F|0-15:C>G-15:C>G,100015825,1,unique,Ss05,56063589.0,128.0,,0.1047619047619047
100016059|F|0-15:A>T-15:A>T,100016059,1,unique,Ss10,14090409.0,128.0,,0.1523809523809524
100016234|F|0-15:C>T-15:C>T,100016234,1,unique,Ss06,732496.0,128.0,,0.2571428571428571
100016270|F|0-15:T>C-15:T>C,100016270,1,unique,Ss01,39999279.0,128.0,,0.0412371134020618
100016348|F|0-15:G>A-15:G>A,100016348,1,unique,Ss06,3316246.0,128.0,,0.1714285714285714
100016465|F|0-15:G>A-15:G>A,100016465,1,unique,Ss03,81750537.0,128.0,,0.1553398058252427
100016846|F|0-15:T>C-15:T>C,100016846,1,unique,Ss08,15990145.0,128.0,,0.125
100016973|F|0-15:G>T-15:G>T,100016973,1,unique,Ss04,69932633.0,128.0,,0.3904761904761905
100017056|F|0-15:G>A-15:G>A,100017056,1,unique,Ss10,15535005.0,128.0,,0.1523809523809524
100017206|F|0-15:G>C-15:G>C,100017206,1,unique,Ss01,41065534.0,128.0,,0.419047619047619
100017327|F|0-15:C>T-15:C>T,100017327,1,unique,Ss01,5002130.0,128.0,,0.0526315789473684
100017606|F|0-15:C>T-15:C>T,100017606,1,unique,Ss01,38690131.0,128.0,,0.0285714285714285
100017718|F|0-15:A>G-15:A>G,100017718,1,unique,Ss04,64178662.0,128.0,,0.2952380952380952
100017772|F|0-15:C>G-15:C>G,100017772,0,unplaced,,,,,0.0380952380952381
100018053|F|0-15:A>T-15:A>T,100018053,1,unique,Ss05,54830694.0,128.0,,0.2666666666666666
100018614|F|0-15:A>C-15:A>C,100018614,1,unique,Ss11,34231456.0,128.0,,0.0285714285714285
100018667|F|0-15:T>A-15:T>A,100018667,1,unique,Ss04,75205226.0,128.0,,0.02
100018697|F|0-15:T>C-15:T>C,100018697,1,unique,Ss03,89342796.0,128.0,,0.3333333333333333
100018871|F|0-15:C>A-15:C>A,100018871,1,unique,Ss05,6770533.0,128.0,,0.1619047619047619
100019023|F|0-15:C>G-15:C>G,100019023,1,unique,Ss05,56070325.0,128.0,,0.1428571428571428
100019065|F|0-15:C>T-15:C>T,100019065,1,unique,Ss01,7275155.0,128.0,,0.5142857142857142
100019698|F|0-15:C>A-15:C>A,100019698,1,unique,Ss10,14160108.0,128.0,,0.419047619047619
100020284|F|0-15:A>T-15:A>T,100020284,1,unique,Ss01,5798830.0,128.0,,0.3809523809523809
100021292|F|0-15:G>A-15:G>A,100021292,1,unique,Ss04,63867644.0,122.0,,0.0961538461538461
100022066|F|0-15:G>A-15:G>A,100022066,1,unique,Ss04,66364426.0,128.0,,0.0380952380952381
100022236|F|0-15:T>C-15:T>C,100022236,1,unique,Ss05,27060405.0,128.0,,0.0
100028546|F|0-15:C>G-15:C>G,100028546,1,unique,Ss02,25437999.0,75.0,,0.0476190476190476
100028785|F|0-15:C>T-15:C>T,100028785,1,unique,Ss07,4410864.0,111.0,,0.2666666666666666
100029003|F|0-15:A>G-15:A>G,100029003,1,unique,Ss04,1414666.0,100.0,,0.1333333333333333
100029165|F|0-15:A>T-15:A>T,100029165,1,unique,Ss08,7019256.0,71.3,,0.4285714285714285
100029469|F|0-15:C>T-15:C>T,100029469,1,unique,Ss01,5002130.0,80.5,,0.0857142857142857
100029682|F|0-15:A>G-15:A>G,100029682,1,unique,Ss10,14710940.0,80.5,,0.2666666666666666
100029852|F|0-15:A>T-15:A>T,100029852,1,unique,Ss04,75205226.0,99.0,,0.0666666666666666
100030002|F|0-15:C>G-15:C>G,100030002,1,unique,Ss05,4290032.0,111.0,,0.2788461538461538
100030019|F|0-15:C>A-15:C>A,100030019,1,unique,Ss03,77404408.0,111.0,,0.419047619047619
100030094|F|0-15:T>A-15:T>A,100030094,1,unique,Ss03,67491276.0,84.2,,0.4857142857142857
100030656|F|0-15:G>T-15:G>T,100030656,1,unique,Ss02,12287528.0,76.8,,0.0095238095238095
100033134|F|0-15:C>T-15:C>T,100033134,1,unique,Ss07,2233946.0,128.0,,0.2761904761904762
100033181|F|0-15:C>A-15:C>A,100033181,1,unique,Ss04,801715.0,128.0,,0.4476190476190476
100033601|F|0-15:C>A-15:C>A,100033601,1,unique,Ss10,16769142.0,128.0,,0.4857142857142857
100033857|F|0-15:C>A-15:C>A,100033857,1,unique,Ss03,92535148.0,128.0,,0.1333333333333333
100033945|F|0-15:G>T-15:G>T,100033945,4,multi,Ss03,52882137.0,122.0,5.0,0.7619047619047619
100033982|F|0-15:A>G-15:A>G,100033982,1,unique,Ss06,6023575.0,128.0,,0.5428571428571428
100034357|F|0-15:T>C-15:T>C,100034357,1,unique,Ss09,14568760.0,128.0,,0.3619047619047619
100034540|F|0-15:G>A-15:G>A,100034540,1,unique,Ss09,42850303.0,128.0,,0.3333333333333333
100034599|F|0-15:A>G-15:A>G,100034599,1,unique,Ss07,384603.0,128.0,,0.5523809523809524
100035152|F|0-15:C>A-15:C>A,100035152,1,unique,Ss04,67717792.0,128.0,,0.5142857142857142
100035177|F|0-15:C>A-15:C>A,100035177,1,unique,Ss05,52436323.0,128.0,,0.4571428571428571
100035732|F|0-15:A>G-15:A>G,100035732,1,unique,Ss04,54896645.0,78.7,,0.0
100035837|F|0-15:A>C-15:A>C,100035837,1,unique,Ss01,2838128.0,128.0,,0.057471264367816
100038568|F|0-15:C>T-15:C>T,100038568,1,unique,Ss10,15839389.0,71.3,,0.3904761904761905
100039004|F|0-15:T>C-15:T>C,100039004,1,unique,Ss06,9933547.0,110.0,,0.0380952380952381
100040439|F|0-15:T>G-15:T>G,100040439,1,unique,Ss04,63894753.0,128.0,,0.0952380952380952
100042883|F|0-15:C>G-15:C>G,100042883,2,multi,Ss03,99381142.0,128.0,6.0,0.0095238095238095
100043266|F|0-15:G>A-15:G>A,100043266,1,unique,Ss02,27842880.0,80.5,,0.3333333333333333
100044123|F|0-15:A>T-15:A>T,100044123,1,unique,Ss06,10654024.0,124.0,,0.0761904761904762
100047390|F|0-15:C>A-15:C>A,100047390,2,multi,Ss04,52672615.0,124.0,2.0,0.0727272727272727
100048192|F|0-15:C>T-15:C>T,100048192,3,multi,Ss11,33399080.0,82.4,0.0,0.6
100048208|F|0-15:C>T-15:C>T,100048208,0,unplaced,,,,,0.0
100048796|F|0-15:A>G-15:A>G,100048796,6,multi,Ss02,29044058.0,128.0,6.0,0.0114942528735632
100058869|F|0-15:T>C-15:T>C,100058869,6,multi,Ss06,94210945.0,100.0,6.5,0.0114942528735632
100059150|F|0-15:C>G-15:C>G,100059150,44,multi,Ss03,46245337.0,86.1,0.0,0.0
100059434|F|0-15:G>A-15:G>A,100059434,19,multi,Ss04,40945937.0,128.0,6.0,0.3904761904761905
100013697|F|0-16:T>C-16:T>C,100013697,1,unique,Ss08,8883709.0,128.0,,0.4476190476190476
100013923|F|0-16:T>C-16:T>C,100013923,1,unique,Ss02,653162.0,128.0,,0.1333333333333333
100014127|F|0-16:C>T-16:C>T,100014127,1,unique,Ss11,36258369.0,128.0,,0.419047619047619
100014246|F|0-16:A>C-16:A>C,100014246,1,unique,Ss05,10925156.0,128.0,,0.0
100014309|F|0-16:A>T-16:A>T,100014309,1,unique,Ss08,15868266.0,128.0,,0.0227272727272727
100014400|F|0-16:A>T-16:A>T,100014400,1,unique,Ss10,16381037.0,128.0,,0.2666666666666666
100014537|F|0-16:T>C-16:T>C,100014537,11,multi,Ss06,42756611.0,128.0,0.0,0.0246913580246913
100014679|F|0-16:C>A-16:C>A,100014679,1,unique,Ss10,14859758.0,128.0,,0.4857142857142857
100014947|F|0-16:G>C-16:G>C,100014947,1,unique,Ss03,82771926.0,128.0,,0.1428571428571428
100015147|F|0-16:C>G-16:C>G,100015147,1,unique,Ss10,14409028.0,128.0,,0.4095238095238095
100016088|F|0-16:G>A-16:G>A,100016088,1,unique,Ss05,54091023.0,128.0,,0.4571428571428571
100016589|F|0-16:G>A-16:G>A,100016589,1,unique,Ss01,2003918.0,128.0,,0.0
100016625|F|0-16:T>C-16:T>C,100016625,1,unique,Ss10,16411120.0,128.0,,0.2666666666666666
100016709|F|0-16:G>A-16:G>A,100016709,1,unique,Ss05,5172031.0,128.0,,0.0476190476190476
100017329|F|0-16:T>C-16:T>C,100017329,1,unique,Ss01,8519508.0,128.0,,0.2952380952380952
100018402|F|0-16:G>A-16:G>A,100018402,1,unique,Ss03,88698985.0,128.0,,0.0285714285714285
100019380|F|0-16:G>C-16:G>C,100019380,1,unique,Ss06,10535670.0,128.0,,0.0285714285714285
100019417|F|0-16:A>C-16:A>C,100019417,1,unique,Ss06,2569046.0,128.0,,0.0095238095238095
100019856|F|0-16:C>T-16:C>T,100019856,1,unique,Ss10,15948592.0,128.0,,0.1238095238095238
100020438|F|0-16:T>C-16:T>C,100020438,1,unique,Ss01,14296791.0,128.0,,0.0095238095238095
100020456|F|0-16:A>C-16:A>C,100020456,1,unique,Ss01,32467264.0,128.0,,0.5619047619047619
100022004|F|0-16:G>C-16:G>C,100022004,1,unique,Ss04,73447171.0,128.0,,0.1153846153846153
100022013|F|0-16:T>A-16:T>A,100022013,1,unique,Ss01,11694974.0,128.0,,0.0095238095238095
100022163|F|0-16:C>A-16:C>A,100022163,1,unique,Ss05,5593693.0,128.0,,0.0095238095238095
100022203|F|0-16:G>A-16:G>A,100022203,1,unique,Ss03,74854198.0,128.0,,0.1489361702127659
100028447|F|0-16:C>G-16:C>G,100028447,1,unique,Ss09,43242065.0,97.1,,0.125
100028579|F|0-16:T>A-16:T>A,100028579,1,unique,Ss08,15868276.0,110.0,,0.1333333333333333
100028837|F|0-16:A>C-16:A>C,100028837,0,unplaced,,,,,0.2095238095238095
100028939|F|0-16:C>T-16:C>T,100028939,1,unique,Ss04,60538133.0,106.0,,0.3714285714285714
100028940|F|0-16:C>T-16:C>T,100028940,1,unique,Ss04,60538133.0,97.1,,0.3523809523809524
100028983|F|0-16:G>A-16:G>A,100028983,1,unique,Ss03,16179484.0,106.0,,0.0571428571428571
100030012|F|0-16:C>G-16:C>G,100030012,1,unique,Ss04,68457703.0,73.1,,0.1553398058252427
100030037|F|0-16:T>A-16:T>A,100030037,1,unique,Ss05,50984197.0,82.4,,0.4380952380952381
100030054|F|0-16:G>A-16:G>A,100030054,1,unique,Ss03,78246744.0,75.0,,0.4476190476190476
100030532|F|0-16:G>A-16:G>A,100030532,1,unique,Ss05,1433040.0,69.4,,0.1428571428571428
100030897|F|0-16:G>T-16:G>T,100030897,2,multi,Ss06,62338477.0,110.0,29.5,0.0
100032747|F|0-16:T>A-16:T>A,100032747,1,unique,Ss05,53166238.0,128.0,,0.1714285714285714
100032976|F|0-16:C>T-16:C>T,100032976,1,unique,Ss03,7409111.0,117.0,,0.219047619047619
100033423|F|0-16:C>T-16:C>T,100033423,1,unique,Ss08,16674525.0,128.0,,0.3069306930693069
100033546|F|0-16:T>C-16:T>C,100033546,9,multi,Ss02,824849.0,128.0,6.0,0.0571428571428571
100033589|F|0-16:T>C-16:T>C,100033589,1,unique,Ss11,37049359.0,128.0,,0.2095238095238095
100033600|F|0-16:A>G-16:A>G,100033600,1,unique,Ss08,12781586.0,128.0,,0.1047619047619047
100034020|F|0-16:G>A-16:G>A,100034020,1,unique,Ss04,67447844.0,128.0,,0.4666666666666667
100034032|F|0-16:T>G-16:T>G,100034032,1,unique,Ss03,69123889.0,128.0,,0.0952380952380952
100034461|F|0-16:G>C-16:G>C,100034461,1,unique,Ss01,27059006.0,128.0,,0.0571428571428571
100034723|F|0-16:A>C-16:A>C,100034723,2,multi,Ss08,7092885.0,128.0,11.0,0.3142857142857143
100035349|F|0-16:C>T-16:C>T,100035349,1,unique,Ss03,10433068.0,128.0,,0.5047619047619047
100035791|F|0-16:G>A-16:G>A,100035791,3,multi,Ss09,8625848.0,128.0,0.0,0.7428571428571429
100036118|F|0-16:G>C-16:G>C,100036118,2,multi,Ss01,15790758.0,128.0,6.0,0.3300970873786408
100036187|F|0-16:T>C-16:T>C,100036187,3,multi,Ss07,42008439.0,128.0,11.0,0.4952380952380952
100038434|F|0-16:C>A-16:C>A,100038434,1,unique,Ss05,10925156.0,91.6,,0.0380952380952381
100038445|F|0-16:G>A-16:G>A,100038445,31,multi,Ss09,1381519.0,99.0,1.9000000000000057,0.0259740259740259
100038514|F|0-16:A>T-16:A>T,100038514,1,unique,Ss03,67492120.0,110.0,,0.4666666666666667
100038543|F|0-16:T>C-16:T>C,100038543,1,unique,Ss08,393504.0,73.1,,0.3047619047619048
100038643|F|0-16:G>T-16:G>T,100038643,1,unique,Ss01,2760135.0,84.2,,0.019047619047619
100038652|F|0-16:A>G-16:A>G,100038652,1,unique,Ss03,97691432.0,95.3,,0.2
100038681|F|0-16:G>A-16:G>A,100038681,1,unique,Ss01,42315475.0,104.0,,0.0285714285714285
100041434|F|0-16:C>G-16:C>G,100041434,1,unique,Ss11,329390.0,128.0,,0.019047619047619
100043951|F|0-16:T>C-16:T>C,100043951,0,unplaced,,,,,0.0
100044400|F|0-16:A>G-16:A>G,100044400,4,multi,Ss08,12953582.0,122.0,5.0,0.5096153846153846
100046346|F|0-16:T>C-16:T>C,100046346,0,unplaced,,,,,0.0
100048218|F|0-16:G>A-16:G>A,100048218,1,unique,Ss04,58245121.0,82.4,,0.2476190476190476
100048783|F|0-16:T>C-16:T>C,100048783,1,unique,Ss04,63977126.0,121.0,,0.0095238095238095
100059450|F|0-16:C>T-16:C>T,100059450,1664,multi,Ss07,64401759.0,128.0,0.0,0.0833333333333333
100059555|F|0-16:T>G-16:T>G,100059555,156,multi,Ss06,2111417.0,121.0,0.0,0.0
100014336|F|0-17:A>G-17:A>G,100014336,1,unique,Ss04,1084675.0,128.0,,0.5047619047619047
100014890|F|0-17:C>T-17:C>T,100014890,1,unique,Ss10,14065125.0,128.0,,0.1428571428571428
100015136|F|0-17:C>A-17:C>A,100015136,1,unique,Ss02,24517036.0,128.0,,0.0095238095238095
100015896|F|0-17:T>A-17:T>A,100015896,1,unique,Ss02,4408328.0,128.0,,0.1047619047619047
100016109|F|0-17:A>T-17:A>T,100016109,1,unique,Ss02,10175118.0,128.0,,0.0095238095238095
100016340|F|0-17:C>T-17:C>T,100016340,1,unique,Ss08,1972156.0,128.0,,0.0952380952380952
100016494|F|0-17:G>T-17:G>T,100016494,1,unique,Ss05,3070255.0,128.0,,0.0666666666666666
100016501|F|0-17:C>T-17:C>T,100016501,1,unique,Ss09,12114128.0,128.0,,0.4952380952380952
100016650|F|0-17:A>T-17:A>T,100016650,1,unique,Ss04,3940007.0,128.0,,0.0380952380952381
100016730|F|0-17:G>A-17:G>A,100016730,1,unique,Ss08,2786784.0,128.0,,0.019047619047619
100017135|F|0-17:G>A-17:G>A,100017135,1,unique,Ss06,5094612.0,128.0,,0.0
100017545|F|0-17:T>C-17:T>C,100017545,1,unique,Ss02,12180340.0,128.0,,0.1047619047619047
100019098|F|0-17:C>A-17:C>A,100019098,1,unique,Ss02,9843630.0,128.0,,0.3619047619047619
100019289|F|0-17:A>C-17:A>C,100019289,1,unique,Ss11,27635381.0,128.0,,0.0095238095238095
100019362|F|0-17:T>G-17:T>G,100019362,1,unique,Ss06,9796430.0,128.0,,0.019047619047619
100019847|F|0-17:A>C-17:A>C,100019847,1,unique,Ss11,465617.0,128.0,,0.019047619047619
100019974|F|0-17:C>T-17:C>T,100019974,1,unique,Ss03,65306553.0,128.0,,0.0285714285714285
100020010|F|0-17:T>C-17:T>C,100020010,1,unique,Ss03,13143107.0,128.0,,0.1428571428571428
100020203|F|0-17:C>G-17:C>G,100020203,1,unique,Ss01,34605069.0,128.0,,0.0095238095238095
100020253|F|0-17:T>C-17:T>C,100020253,1,unique,Ss09,63125438.0,117.0,,0.4761904761904761
100020311|F|0-17:G>A-17:G>A,100020311,1,unique,Ss04,66505297.0,128.0,,0.1142857142857142
100020671|F|0-17:A>T-17:A>T,100020671,1,unique,Ss03,81006550.0,128.0,,0.0178571428571428
100021184|F|0-17:T>G-17:T>G,100021184,1,unique,Ss10,15536279.0,128.0,,0.1523809523809524
100021186|F|0-17:C>T-17:C>T,100021186,1,unique,Ss04,3183357.0,128.0,,0.0476190476190476
100021561|F|0-17:A>T-17:A>T,100021561,1,unique,Ss07,26160271.0,128.0,,0.0
100029061|F|0-17:G>C-17:G>C,100029061,1,unique,Ss05,5172096.0,86.1,,0.0769230769230769
100029094|F|0-17:C>T-17:C>T,100029094,1,unique,Ss08,16723926.0,97.1,,0.375
100029826|F|0-17:A>G-17:A>G,100029826,0,unplaced,,,,,0.0116279069767441
100029921|F|0-17:C>T-17:C>T,100029921,2,multi,Ss08,8443886.0,91.6,0.0,0.2761904761904762
100030406|F|0-17:T>A-17:T>A,100030406,1,unique,Ss03,81006576.0,80.5,,0.0666666666666666
100030734|F|0-17:G>A-17:G>A,100030734,1,unique,Ss09,11851387.0,67.6,,0.0095238095238095
100030789|F|0-17:T>C-17:T>C,100030789,0,unplaced,,,,,0.0666666666666666
100030838|F|0-17:T>C-17:T>C,100030838,1,unique,Ss08,34560093.0,89.8,,0.2352941176470588
100031016|F|0-17:A>C-17:A>C,100031016,0,unplaced,,,,,0.0666666666666666
100033028|F|0-17:A>C-17:A>C,100033028,1,unique,Ss09,47247605.0,128.0,,0.4571428571428571
100033304|F|0-17:G>A-17:G>A,100033304,1,unique,Ss04,66650444.0,128.0,,0.4380952380952381
100034124|F|0-17:T>C-17:T>C,100034124,1,unique,Ss11,35656082.0,128.0,,0.0666666666666666
100034773|F|0-17:T>C-17:T>C,100034773,3,multi,Ss01,46580552.0,128.0,0.0,0.0666666666666666
100035052|F|0-17:C>T-17:C>T,100035052,463,multi,Ss03,34573770.0,117.0,11.0,0.0947368421052631
100035301|F|0-17:C>T-17:C>T,100035301,2,multi,Ss10,14948714.0,128.0,0.0,0.3142857142857143
100038943|F|0-17:C>T-17:C>T,100038943,1,unique,Ss08,19316895.0,67.6,,0.4285714285714285
100039121|F|0-17:A>G-17:A>G,100039121,1,unique,Ss10,13667650.0,93.5,,0.2476190476190476
100039240|F|0-17:G>A-17:G>A,100039240,1,unique,Ss08,16723974.0,99.0,,0.375
100039413|F|0-17:C>T-17:C>T,100039413,0,unplaced,,,,,0.0116279069767441
100040070|F|0-17:A>G-17:A>G,100040070,1,unique,Ss04,69138291.0,128.0,,0.3904761904761905
100040322|F|0-17:T>A-17:T>A,100040322,2,multi,Ss02,16065433.0,128.0,6.0,0.0114942528735632
100043431|F|0-17:C>G-17:C>G,100043431,1,unique,Ss04,67744289.0,84.2,,0.4
100043937|F|0-17:C>A-17:C>A,100043937,444,multi,Ss09,36862242.0,128.0,11.0,0.0095238095238095
100044681|F|0-17:G>C-17:G>C,100044681,5,multi,Ss02,27411635.0,128.0,6.0,0.1978021978021978
100047518|F|0-17:G>A-17:G>A,100047518,1,unique,Ss02,9220731.0,128.0,,0.0095238095238095
100047522|F|0-17:A>C-17:A>C,100047522,1,unique,Ss02,10590609.0,128.0,,0.4666666666666667
100050254|F|0-17:A>G-17:A>G,100050254,514,multi,Ss05,14039465.0,128.0,0.0,0.1052631578947368
100053722|F|0-17:A>T-17:A>T,100053722,1,unique,Ss09,11803687.0,119.0,,0.0666666666666666
100055826|F|0-17:G>A-17:G>A,100055826,2423,multi,Ss06,77519780.0,128.0,6.0,0.0119047619047619
100056636|F|0-17:G>A-17:G>A,100056636,226,multi,Ss11,1727160.0,71.3,0.0,0.0
100012992|F|0-18:G>T-18:G>T,100012992,1,unique,Ss11,28905156.0,128.0,,0.4
100013369|F|0-18:G>A-18:G>A,100013369,1,unique,Ss10,16146958.0,128.0,,0.050632911392405
100013718|F|0-18:C>A-18:C>A,100013718,2,multi,Ss11,32883847.0,128.0,34.5,0.1047619047619047
100013788|F|0-18:C>T-18:C>T,100013788,1,unique,Ss01,8748246.0,128.0,,0.1238095238095238
100014060|F|0-18:C>T-18:C>T,100014060,1,unique,Ss02,28844253.0,128.0,,0.1142857142857142
100014145|F|0-18:C>T-18:C>T,100014145,1,unique,Ss07,1136613.0,128.0,,0.0380952380952381
100017394|F|0-18:C>T-18:C>T,100017394,1,unique,Ss06,7212396.0,128.0,,0.3714285714285714
100017452|F|0-18:T>A-18:T>A,100017452,1,unique,Ss03,83990469.0,128.0,,0.019047619047619
100017864|F|0-18:T>C-18:T>C,100017864,1,unique,Ss03,6326229.0,128.0,,0.2857142857142857
100017911|F|0-18:G>A-18:G>A,100017911,1,unique,Ss05,46277661.0,128.0,,0.0095238095238095
100018236|F|0-18:A>G-18:A>G,100018236,8,multi,Ss06,40269225.0,128.0,0.0,0.0105263157894736
100018721|F|0-18:C>T-18:C>T,100018721,1,unique,Ss01,8756931.0,128.0,,0.0380952380952381
100019068|F|0-18:T>C-18:T>C,100019068,1,unique,Ss11,37282554.0,128.0,,0.2857142857142857
100019483|F|0-18:A>T-18:A>T,100019483,1,unique,Ss03,16340808.0,128.0,,0.4952380952380952
100020103|F|0-18:T>C-18:T>C,100020103,1,unique,Ss10,13645975.0,128.0,,0.2285714285714285
100021054|F|0-18:A>G-18:A>G,100021054,1,unique,Ss03,78072718.0,128.0,,0.2815533980582524
100021131|F|0-18:G>A-18:G>A,100021131,1,unique,Ss02,16238685.0,128.0,,0.019047619047619
100021290|F|0-18:A>G-18:A>G,100021290,1,unique,Ss09,2696976.0,128.0,,0.019047619047619
100021422|F|0-18:C>G-18:C>G,100021422,2,multi,Ss01,15863191.0,128.0,9.0,0.3428571428571428
100021842|F|0-18:C>G-18:C>G,100021842,1,unique,Ss03,9784199.0,128.0,,0.4857142857142857
100022261|F|0-18:G>A-18:G>A,100022261,2,multi,Ss09,9525351.0,128.0,0.0,0.1238095238095238
100028265|F|0-18:T>A-18:T>A,100028265,1,unique,Ss05,8300376.0,97.1,,0.019047619047619
100028279|F|0-18:C>T-18:C>T,100028279,1,unique,Ss07,217289.0,76.8,,0.3047619047619048
100028280|F|0-18:T>C-18:T>C,100028280,1,unique,Ss07,217289.0,104.0,,0.2222222222222222
100028393|F|0-18:G>A-18:G>A,100028393,1,unique,Ss08,34460252.0,100.0,,0.0095238095238095
100028824|F|0-18:T>A-18:T>A,100028824,1,unique,Ss07,44747584.0,71.3,,0.019047619047619
100029147|F|0-18:G>A-18:G>A,100029147,5,multi,Ss01,38063840.0,93.5,5.599999999999994,0.0206185567010309
100029163|F|0-18:G>T-18:G>T,100029163,0,unplaced,,,,,0.0277777777777777
100029235|F|0-18:C>T-18:C>T,100029235,2,multi,Ss10,14096314.0,80.5,7.400000000000006,0.1619047619047619
100029928|F|0-18:A>G-18:A>G,100029928,1,unique,Ss05,53587763.0,82.4,,0.0
100033259|F|0-18:G>T-18:G>T,100033259,1,unique,Ss10,2357594.0,128.0,,0.0095238095238095
100033468|F|0-18:T>A-18:T>A,100033468,1,unique,Ss04,1194516.0,128.0,,0.2285714285714285
100033779|F|0-18:G>A-18:G>A,100033779,1,unique,Ss10,14038496.0,128.0,,0.0095238095238095
100033981|F|0-18:C>A-18:C>A,100033981,1,unique,Ss09,58771598.0,128.0,,0.0666666666666666
100034034|F|0-18:A>G-18:A>G,100034034,1,unique,Ss07,2251745.0,128.0,,0.2952380952380952
100034321|F|0-18:C>G-18:C>G,100034321,1,unique,Ss08,16496204.0,128.0,,0.4571428571428571
100034479|F|0-18:C>T-18:C>T,100034479,1,unique,Ss04,6525171.0,128.0,,0.0380952380952381
100034658|F|0-18:A>G-18:A>G,100034658,1,unique,Ss03,53521469.0,128.0,,0.0206185567010309
100035052|F|0-18:T>C-18:T>C,100035052,463,multi,Ss03,34573770.0,117.0,11.0,0.28
100038530|F|0-18:T>G-18:T>G,100038530,1,unique,Ss03,92525265.0,93.5,,0.4761904761904761
100038678|F|0-18:A>T-18:A>T,100038678,1,unique,Ss06,12418433.0,87.9,,0.0095238095238095
100039160|F|0-18:T>A-18:T>A,100039160,1,unique,Ss02,321984.0,89.8,,0.1333333333333333
100040506|F|0-18:G>A-18:G>A,100040506,1,unique,Ss02,25841794.0,128.0,,0.1333333333333333
100041774|F|0-18:C>T-18:C>T,100041774,1,unique,Ss03,65636683.0,128.0,,0.0344827586206896
100043320|F|0-18:A>G-18:A>G,100043320,0,unplaced,,,,,0.3883495145631068
100044112|F|0-18:T>G-18:T>G,100044112,1,unique,Ss10,14593729.0,117.0,,0.2424242424242424
100044285|F|0-18:T>G-18:T>G,100044285,1,unique,Ss09,64189702.0,128.0,,0.0508474576271186
100044425|F|0-18:G>C-18:G>C,100044425,3,multi,Ss02,9434088.0,122.0,0.0,0.2115384615384615
100044498|F|0-18:G>A-18:G>A,100044498,2,multi,Ss08,13109904.0,128.0,17.0,0.0117647058823529
100046739|F|0-18:T>G-18:T>G,100046739,1,unique,Ss09,64189710.0,113.0,,0.0857142857142857
100048131|F|0-18:T>C-18:T>C,100048131,12,multi,Ss09,6191038.0,73.1,1.7999999999999972,0.0761904761904762
100048215|F|0-18:G>A-18:G>A,100048215,3,multi,Ss09,17789181.0,78.7,5.6000000000000085,0.0285714285714285
100048412|F|0-18:A>C-18:A>C,100048412,3,multi,Ss02,10137109.0,128.0,6.0,0.0
100050724|F|0-18:G>A-18:G>A,100050724,20,multi,Ss06,21531100.0,113.0,0.0,0.0
100050958|F|0-18:T>G-18:T>G,100050958,0,unplaced,,,,,0.0
100051761|F|0-18:G>A-18:G>A,100051761,241,multi,Ss06,24294200.0,128.0,0.0,0.0106382978723404
100053634|F|0-18:T>A-18:T>A,100053634,492,multi,Ss06,106492895.0,122.0,0.0,0.0
100055396|F|0-18:T>G-18:T>G,100055396,124,multi,Ss08,28938605.0,122.0,0.0,0.0379746835443038
100055977|F|0-18:A>G-18:A>G,100055977,16,multi,Ss03,100773733.0,100.0,0.0,0.1494252873563218
100061195|F|0-18:C>T-18:C>T,100061195,215,multi,Ss10,17561016.0,128.0,0.0,0.0
100013432|F|0-19:G>A-19:G>A,100013432,1,unique,Ss02,24243135.0,128.0,,0.1047619047619047
100013877|F|0-19:G>T-19:G>T,100013877,1,unique,Ss01,34079855.0,128.0,,0.5047619047619047
100013921|F|0-19:C>G-19:C>G,100013921,1,unique,Ss03,7284427.0,128.0,,0.0857142857142857
100013963|F|0-19:T>C-19:T>C,100013963,1,unique,Ss08,21023685.0,128.0,,0.1333333333333333
100014359|F|0-19:G>A-19:G>A,100014359,1,unique,Ss06,6116256.0,115.0,,0.0655737704918032
100014670|F|0-19:A>G-19:A>G,100014670,1,unique,Ss11,36976755.0,128.0,,0.1333333333333333
100014882|F|0-19:A>G-19:A>G,100014882,1,unique,Ss01,47035714.0,128.0,,0.4761904761904761
100015617|F|0-19:A>T-19:A>T,100015617,1,unique,Ss06,15194362.0,128.0,,0.1320754716981132
100015679|F|0-19:G>A-19:G>A,100015679,1,unique,Ss10,14080489.0,128.0,,0.1238095238095238
100016298|F|0-19:G>A-19:G>A,100016298,1,unique,Ss01,31539534.0,128.0,,0.5714285714285714
100016674|F|0-19:T>A-19:T>A,100016674,1,unique,Ss06,2541291.0,128.0,,0.0095238095238095
100016995|F|0-19:T>G-19:T>G,100016995,1,unique,Ss07,2968800.0,128.0,,0.2666666666666666
100017121|F|0-19:C>T-19:C>T,100017121,1,unique,Ss09,63306568.0,128.0,,0.1274509803921568
100017641|F|0-19:T>A-19:T>A,100017641,1,unique,Ss02,12237660.0,128.0,,0.0761904761904762
100017737|F|0-19:T>C-19:T>C,100017737,1,unique,Ss08,20923852.0,128.0,,0.3619047619047619
100019295|F|0-19:G>T-19:G>T,100019295,1,unique,Ss10,14656010.0,128.0,,0.2307692307692307
100019515|F|0-19:T>C-19:T>C,100019515,1,unique,Ss11,598001.0,128.0,,0.019047619047619
100021699|F|0-19:G>C-19:G>C,100021699,1,unique,Ss05,9404329.0,128.0,,0.1428571428571428
100021965|F|0-19:C>T-19:C>T,100021965,1,unique,Ss10,9286894.0,128.0,,0.1619047619047619
100022184|F|0-19:G>C-19:G>C,100022184,1,unique,Ss07,2251902.0,117.0,,0.2761904761904762
100028488|F|0-19:T>C-19:T>C,100028488,0,unplaced,,,,,0.1142857142857142
100028803|F|0-19:C>G-19:C>G,100028803,1,unique,Ss01,2089081.0,67.6,,0.019047619047619
100029518|F|0-19:G>C-19:G>C,100029518,1,unique,Ss09,62476844.0,76.8,,0.4380952380952381
100030242|F|0-19:A>G-19:A>G,100030242,1,unique,Ss08,27559243.0,86.1,,0.3333333333333333
100030341|F|0-19:G>A-19:G>A,100030341,0,unplaced,,,,,0.0138888888888888
100030430|F|0-19:A>C-19:A>C,100030430,1,unique,Ss01,46846909.0,99.0,,0.3809523809523809
100030715|F|0-19:G>A-19:G>A,100030715,1,unique,Ss06,12344842.0,82.4,,0.0
100032841|F|0-19:T>A-19:T>A,100032841,2,multi,Ss01,18202638.0,128.0,11.0,0.419047619047619
100032879|F|0-19:G>T-19:G>T,100032879,1,unique,Ss02,29534233.0,128.0,,0.1142857142857142
100033186|F|0-19:G>A-19:G>A,100033186,1,unique,Ss06,9862354.0,128.0,,0.0476190476190476
100034797|F|0-19:G>T-19:G>T,100034797,2,multi,Ss06,38384699.0,128.0,6.0,0.1333333333333333
100035017|F|0-19:T>C-19:T>C,100035017,1,unique,Ss08,18103529.0,128.0,,0.5047619047619047
100035288|F|0-19:C>G-19:C>G,100035288,1,unique,Ss03,3044435.0,128.0,,0.5142857142857142
100038395|F|0-19:T>A-19:T>A,100038395,1,unique,Ss04,55116220.0,91.6,,0.0101010101010101
100038653|F|0-19:G>C-19:G>C,100038653,2,multi,Ss03,73432391.0,95.3,5.5,0.219047619047619
100038797|F|0-19:T>G-19:T>G,100038797,2,multi,Ss04,4850923.0,75.0,5.599999999999994,0.3619047619047619
100039064|F|0-19:C>T-19:C>T,100039064,1,unique,Ss11,6934086.0,69.4,,0.1714285714285714
100040587|F|0-19:A>C-19:A>C,100040587,1,unique,Ss04,34772237.0,128.0,,0.0
100041774|F|0-19:G>A-19:G>A,100041774,1,unique,Ss03,65636683.0,128.0,,0.4857142857142857
100043193|F|0-19:A>G-19:A>G,100043193,1,unique,Ss04,658547.0,93.5,,0.3092783505154639
100046183|F|0-19:T>A-19:T>A,100046183,0,unplaced,,,,,0.1428571428571428
100053174|F|0-19:G>C-19:G>C,100053174,1,unique,Ss04,58438588.0,117.0,,0.1809523809523809
100055734|F|0-19:T>C-19:T>C,100055734,1,unique,Ss08,6837327.0,122.0,,0.1238095238095238
100057716|F|0-19:C>T-19:C>T,100057716,0,unplaced,,,,,0.010752688172043
100013405|F|0-20:A>C-20:A>C,100013405,1,unique,Ss04,70756501.0,128.0,,0.019047619047619
100013415|F|0-20:G>A-20:G>A,100013415,1,unique,Ss07,457323.0,128.0,,0.2761904761904762
100013491|F|0-20:G>A-20:G>A,100013491,1,unique,Ss03,84212376.0,128.0,,0.0761904761904762
100013605|F|0-20:C>T-20:C>T,100013605,1,unique,Ss08,32067676.0,128.0,,0.048076923076923
100013982|F|0-20:C>G-20:C>G,100013982,1,unique,Ss11,7288047.0,128.0,,0.219047619047619
100014308|F|0-20:G>A-20:G>A,100014308,1,unique,Ss11,27674431.0,128.0,,0.4857142857142857
100014939|F|0-20:G>T-20:G>T,100014939,1,unique,Ss05,54559567.0,128.0,,0.0857142857142857
100015095|F|0-20:A>T-20:A>T,100015095,1,unique,Ss10,14658404.0,128.0,,0.0095238095238095
100015316|F|0-20:T>A-20:T>A,100015316,1,unique,Ss01,27519865.0,128.0,,0.019047619047619
100015346|F|0-20:A>T-20:A>T,100015346,1,unique,Ss06,11359175.0,128.0,,0.0194174757281553
100015749|F|0-20:C>T-20:C>T,100015749,1,unique,Ss09,12317963.0,128.0,,0.4095238095238095
100016006|F|0-20:G>A-20:G>A,100016006,1,unique,Ss10,7243749.0,128.0,,0.1238095238095238
100016062|F|0-20:A>G-20:A>G,100016062,1,unique,Ss08,9220467.0,128.0,,0.0571428571428571
100016254|F|0-20:C>T-20:C>T,100016254,5,multi,Ss01,3065864.0,128.0,6.0,0.0163934426229508
100016359|F|0-20:G>C-20:G>C,100016359,1,unique,Ss08,3883231.0,128.0,,0.0761904761904762
100016959|F|0-20:G>C-20:G>C,100016959,1,unique,Ss03,89265068.0,128.0,,0.019047619047619
100018269|F|0-20:T>G-20:T>G,100018269,1,unique,Ss08,15012449.0,128.0,,0.0666666666666666
100018371|F|0-20:C>T-20:C>T,100018371,1,unique,Ss03,12597464.0,119.0,,0.3970588235294117
100018952|F|0-20:A>T-20:A>T,100018952,1,unique,Ss02,474546.0,128.0,,0.0476190476190476
100021519|F|0-20:C>T-20:C>T,100021519,1,unique,Ss01,26856819.0,128.0,,0.4761904761904761
100028246|F|0-20:A>G-20:A>G,100028246,16,multi,Ss09,22251647.0,75.0,0.0,0.0119047619047619
100028972|F|0-20:A>G-20:A>G,100028972,0,unplaced,,,,,0.037037037037037
100029193|F|0-20:T>A-20:T>A,100029193,1,unique,Ss09,4315847.0,102.0,,0.0
100029270|F|0-20:A>G-20:A>G,100029270,1,unique,Ss07,10181179.0,69.4,,0.0
100029761|F|0-20:T>G-20:T>G,100029761,1,unique,Ss02,3972461.0,80.5,,0.419047619047619
100030073|F|0-20:C>T-20:C>T,100030073,1,unique,Ss04,67496827.0,78.7,,0.0666666666666666
100030425|F|0-20:G>T-20:G>T,100030425,1,unique,Ss08,2471511.0,76.8,,0.019047619047619
100030710|F|0-20:T>A-20:T>A,100030710,1,unique,Ss02,16637011.0,106.0,,0.0333333333333333
100033254|F|0-20:A>G-20:A>G,100033254,1,unique,Ss04,69884257.0,128.0,,0.2857142857142857
100033723|F|0-20:T>C-20:T>C,100033723,1,unique,Ss10,14595839.0,128.0,,0.25
100034534|F|0-20:C>T-20:C>T,100034534,2,multi,Ss10,18652860.0,128.0,11.0,0.019047619047619
100034771|F|0-20:A>G-20:A>G,100034771,1,unique,Ss04,1403547.0,128.0,,0.1333333333333333
100035181|F|0-20:A>G-20:A>G,100035181,1,unique,Ss08,7233572.0,128.0,,0.1809523809523809
100035309|F|0-20:A>C-20:A>C,100035309,1,unique,Ss02,10228696.0,128.0,,0.1923076923076923
100035848|F|0-20:G>C-20:G>C,100035848,1,unique,Ss04,70645932.0,128.0,,0.019047619047619
100036304|F|0-20:T>A-20:T>A,100036304,2,multi,Ss06,29857335.0,128.0,20.0,0.1923076923076923
100038574|F|0-20:A>G-20:A>G,100038574,0,unplaced,,,,,0.0476190476190476
100038668|F|0-20:A>G-20:A>G,100038668,1,unique,Ss08,12710583.0,108.0,,0.1047619047619047
100038937|F|0-20:T>G-20:T>G,100038937,1,unique,Ss10,762645.0,106.0,,0.0095238095238095
100040576|F|0-20:T>A-20:T>A,100040576,3,multi,Ss03,22472508.0,117.0,4.0,0.1153846153846153
100043222|F|0-20:C>A-20:C>A,100043222,1,unique,Ss03,78087112.0,75.0,,0.4857142857142857
100044966|F|0-20:A>G-20:A>G,100044966,268,multi,Ss09,37785375.0,128.0,6.0,0.0095238095238095
100048103|F|0-20:A>T-20:A>T,100048103,17,multi,Ss05,42561315.0,102.0,4.900000000000006,0.0
100049879|F|0-20:G>A-20:G>A,100049879,64,multi,Ss11,5740455.0,128.0,6.0,0.0
100052713|F|0-20:C>T-20:C>T,100052713,1,unique,Ss02,11467073.0,128.0,,0.219047619047619
100054605|F|0-20:C>T-20:C>T,100054605,229,multi,Ss04,39977263.0,128.0,0.0,0.0454545454545454
100055358|F|0-20:C>T-20:C>T,100055358,2,multi,Ss03,89681219.0,119.0,11.0,0.0857142857142857
100059435|F|0-20:G>A-20:G>A,100059435,10,multi,Ss04,37457785.0,128.0,11.0,0.3809523809523809
100061267|F|0-20:T>G-20:T>G,100061267,358,multi,Ss09,27062525.0,99.0,0.0,0.0632911392405063
100013355|F|0-21:A>G-21:A>G,100013355,1,unique,Ss11,28317323.0,128.0,,0.3714285714285714
100014221|F|0-21:C>T-21:C>T,100014221,1,unique,Ss04,2998692.0,128.0,,0.0348837209302325
100015053|F|0-21:C>T-21:C>T,100015053,1,unique,Ss10,12815642.0,128.0,,0.3653846153846153
100015169|F|0-21:A>G-21:A>G,100015169,1,unique,Ss10,13718781.0,128.0,,0.1057692307692307
100015624|F|0-21:G>A-21:G>A,100015624,1,unique,Ss06,3088547.0,113.0,,0.0857142857142857
100015701|F|0-21:C>G-21:C>G,100015701,1,unique,Ss08,12361419.0,128.0,,0.0857142857142857
100016186|F|0-21:T>A-21:T>A,100016186,1,unique,Ss01,5657819.0,128.0,,0.0761904761904762
100017031|F|0-21:G>T-21:G>T,100017031,1,unique,Ss08,6987970.0,128.0,,0.3428571428571428
100017430|F|0-21:T>C-21:T>C,100017430,1,unique,Ss06,293034.0,128.0,,0.0095238095238095
100017645|F|0-21:T>C-21:T>C,100017645,1,unique,Ss03,84151044.0,128.0,,0.0673076923076923
100017860|F|0-21:C>T-21:C>T,100017860,1,unique,Ss05,38148106.0,128.0,,0.3523809523809524
100017865|F|0-21:A>G-21:A>G,100017865,1,unique,Ss08,7163325.0,128.0,,0.1809523809523809
100018830|F|0-21:C>T-21:C>T,100018830,1,unique,Ss04,67232898.0,128.0,,0.4666666666666667
100019303|F|0-21:A>G-21:A>G,100019303,1,unique,Ss04,71498370.0,128.0,,0.1809523809523809
100019760|F|0-21:A>T-21:A>T,100019760,1,unique,Ss03,97678268.0,128.0,,0.0961538461538461
100019832|F|0-21:T>C-21:T>C,100019832,1,unique,Ss08,263415.0,128.0,,0.0555555555555555
100021730|F|0-21:G>A-21:G>A,100021730,1,unique,Ss03,22854146.0,128.0,,0.0380952380952381
100021740|F|0-21:G>T-21:G>T,100021740,1,unique,Ss08,7526756.0,128.0,,0.019047619047619
100028302|F|0-21:C>T-21:C>T,100028302,0,unplaced,,,,,0.3861386138613861
100028642|F|0-21:G>A-21:G>A,100028642,1,unique,Ss05,51929032.0,76.8,,0.0095238095238095
100029349|F|0-21:A>C-21:A>C,100029349,1,unique,Ss03,99045636.0,106.0,,0.2285714285714285
100029976|F|0-21:C>T-21:C>T,100029976,1,unique,Ss03,33528078.0,86.1,,0.0857142857142857
100029993|F|0-21:G>A-21:G>A,100029993,1,unique,Ss05,309232.0,75.0,,0.0095238095238095
100030095|F|0-21:T>G-21:T>G,100030095,1,unique,Ss03,66299638.0,87.9,,0.0285714285714285
100030153|F|0-21:A>T-21:A>T,100030153,1,unique,Ss03,97678268.0,71.3,,0.1904761904761904
100030171|F|0-21:C>T-21:C>T,100030171,1,unique,Ss08,263443.0,76.8,,0.0754716981132075
100030735|F|0-21:A>G-21:A>G,100030735,0,unplaced,,,,,0.0952380952380952
100030849|F|0-21:A>G-21:A>G,100030849,1,unique,Ss02,21200221.0,78.7,,0.0761904761904762
100030857|F|0-21:C>T-21:C>T,100030857,1,unique,Ss05,55023905.0,111.0,,0.2289156626506024
100033325|F|0-21:T>C-21:T>C,100033325,1,unique,Ss03,87369610.0,128.0,,0.2
100033354|F|0-21:A>G-21:A>G,100033354,1,unique,Ss08,5998965.0,128.0,,0.0952380952380952
100033476|F|0-21:C>G-21:C>G,100033476,1,unique,Ss04,36394424.0,128.0,,0.0571428571428571
100034005|F|0-21:A>T-21:A>T,100034005,1,unique,Ss05,9384707.0,128.0,,0.1746031746031746
100034068|F|0-21:G>A-21:G>A,100034068,1,unique,Ss04,737459.0,128.0,,0.1333333333333333
100034178|F|0-21:C>A-21:C>A,100034178,1,unique,Ss06,18190709.0,128.0,,0.0095238095238095
100034586|F|0-21:G>A-21:G>A,100034586,1,unique,Ss06,10246537.0,128.0,,0.0857142857142857
100034688|F|0-21:G>A-21:G>A,100034688,1,unique,Ss10,826086.0,128.0,,0.019047619047619
100035082|F|0-21:A>T-21:A>T,100035082,1,unique,Ss10,14490818.0,128.0,,0.1739130434782608
100035699|F|0-21:A>T-21:A>T,100035699,1,unique,Ss06,11518384.0,128.0,,0.4857142857142857
100038655|F|0-21:A>T-21:A>T,100038655,1,unique,Ss05,9384707.0,108.0,,0.2476190476190476
100038659|F|0-21:T>A-21:T>A,100038659,1,unique,Ss09,4315847.0,110.0,,0.019047619047619
100038923|F|0-21:A>T-21:A>T,100038923,1,unique,Ss01,40729510.0,93.5,,0.0185185185185185
100039026|F|0-21:G>C-21:G>C,100039026,1,unique,Ss03,76847317.0,100.0,,0.0095238095238095
100039032|F|0-21:G>A-21:G>A,100039032,2,multi,Ss03,18954768.0,93.5,18.5,0.1346153846153846
100040057|F|0-21:A>C-21:A>C,100040057,2,multi,Ss06,92634428.0,128.0,11.0,0.0099009900990099
100040750|F|0-21:T>G-21:T>G,100040750,1,unique,Ss09,7192312.0,113.0,,0.4571428571428571
100041246|F|0-21:G>A-21:G>A,100041246,1,unique,Ss09,58719367.0,128.0,,0.1714285714285714
100041284|F|0-21:G>A-21:G>A,100041284,1,unique,Ss09,51059837.0,128.0,,0.0095238095238095
100041367|F|0-21:C>A-21:C>A,100041367,1,unique,Ss09,64958419.0,128.0,,0.0380952380952381
100041853|F|0-21:T>C-21:T>C,100041853,1,unique,Ss10,14595774.0,128.0,,0.24
100046302|F|0-21:A>G-21:A>G,100046302,1,unique,Ss04,3156869.0,95.3,,0.0476190476190476
100048177|F|0-21:T>C-21:T>C,100048177,307,multi,Ss06,14309498.0,102.0,2.0,0.0120481927710843
100051659|F|0-21:G>A-21:G>A,100051659,6,multi,Ss09,52331581.0,128.0,0.0,0.0121951219512195
100057222|F|0-21:C>T-21:C>T,100057222,499,multi,Ss09,29190731.0,100.0,0.0,0.0095238095238095
100060146|F|0-21:A>G-21:A>G,100060146,276,multi,Ss05,26916942.0,117.0,11.0,0.0135135135135135
100013004|F|0-22:T>A-22:T>A,100013004,1,unique,Ss06,5758823.0,128.0,,0.3238095238095238
100013268|F|0-22:C>T-22:C>T,100013268,1,unique,Ss02,2308256.0,128.0,,0.0285714285714285
100013348|F|0-22:C>T-22:C>T,100013348,1,unique,Ss04,75827094.0,128.0,,0.0095238095238095
100013484|F|0-22:G>A-22:G>A,100013484,1,unique,Ss10,16177452.0,128.0,,0.2761904761904762
100013584|F|0-22:T>C-22:T>C,100013584,1,unique,Ss07,6865738.0,128.0,,0.5047619047619047
100014054|F|0-22:T>C-22:T>C,100014054,1,unique,Ss11,30463712.0,128.0,,0.0
100014244|F|0-22:C>G-22:C>G,100014244,1,unique,Ss10,9875459.0,128.0,,0.0576923076923076
100014667|F|0-22:G>A-22:G>A,100014667,1,unique,Ss05,5758797.0,128.0,,0.0285714285714285
100014831|F|0-22:G>T-22:G>T,100014831,1,unique,Ss04,63955899.0,128.0,,0.3714285714285714
100015944|F|0-22:A>T-22:A>T,100015944,1,unique,Ss10,11582176.0,121.0,,0.1568627450980392
100016397|F|0-22:A>T-22:A>T,100016397,1,unique,Ss02,24205339.0,128.0,,0.1333333333333333
100017082|F|0-22:G>A-22:G>A,100017082,1,unique,Ss11,38896420.0,128.0,,0.3428571428571428
100017158|F|0-22:G>A-22:G>A,100017158,1,unique,Ss02,4236173.0,128.0,,0.3904761904761905
100017549|F|0-22:C>T-22:C>T,100017549,1,unique,Ss08,21771585.0,128.0,,0.4476190476190476
100017684|F|0-22:A>G-22:A>G,100017684,1,unique,Ss01,5795754.0,128.0,,0.3714285714285714
100017990|F|0-22:G>A-22:G>A,100017990,1,unique,Ss08,12810817.0,128.0,,0.0095238095238095
100018873|F|0-22:A>T-22:A>T,100018873,1,unique,Ss04,61708976.0,128.0,,0.419047619047619
100019466|F|0-22:C>T-22:C>T,100019466,1,unique,Ss05,55643606.0,128.0,,0.1238095238095238
100019588|F|0-22:A>G-22:A>G,100019588,1,unique,Ss07,355234.0,128.0,,0.3619047619047619
100020646|F|0-22:A>T-22:A>T,100020646,1,unique,Ss06,8763930.0,128.0,,0.0666666666666666
100020686|F|0-22:G>C-22:G>C,100020686,1,unique,Ss09,12310873.0,75.0,,0.0476190476190476
100021181|F|0-22:A>G-22:A>G,100021181,3,multi,Ss09,60798486.0,122.0,16.0,0.0108695652173913
100021642|F|0-22:G>T-22:G>T,100021642,1,unique,Ss01,46481644.0,128.0,,0.019047619047619
100028568|F|0-22:C>G-22:C>G,100028568,1,unique,Ss10,9875474.0,100.0,,0.0380952380952381
100028891|F|0-22:C>T-22:C>T,100028891,1,unique,Ss04,5815156.0,78.7,,0.019047619047619
100029056|F|0-22:A>T-22:A>T,100029056,1,unique,Ss10,11582176.0,95.3,,0.1714285714285714
100029330|F|0-22:A>G-22:A>G,100029330,1,unique,Ss03,74803694.0,106.0,,0.1619047619047619
100029899|F|0-22:T>G-22:T>G,100029899,0,unplaced,,,,,0.0096153846153846
100030469|F|0-22:G>T-22:G>T,100030469,1,unique,Ss08,12884123.0,73.1,,0.0285714285714285
100033142|F|0-22:A>G-22:A>G,100033142,1,unique,Ss08,13046986.0,122.0,,0.0
100033999|F|0-22:T>A-22:T>A,100033999,1,unique,Ss08,1085156.0,128.0,,0.0095238095238095
100034654|F|0-22:T>A-22:T>A,100034654,2,multi,Ss10,16873446.0,128.0,11.0,0.0153846153846153
100035150|F|0-22:T>A-22:T>A,100035150,3,multi,Ss04,63111983.0,128.0,17.0,0.1142857142857142
100035251|F|0-22:T>A-22:T>A,100035251,1,unique,Ss04,3510633.0,117.0,,0.3714285714285714
100035373|F|0-22:A>G-22:A>G,100035373,1,unique,Ss07,415037.0,128.0,,0.1764705882352941
100035378|F|0-22:G>A-22:G>A,100035378,1,unique,Ss10,4794947.0,117.0,,0.4952380952380952
100035564|F|0-22:A>G-22:A>G,100035564,1,unique,Ss10,1766610.0,128.0,,0.0101010101010101
100035608|F|0-22:C>T-22:C>T,100035608,2777,multi,Ss06,62705696.0,128.0,4.0,0.0097087378640776
100038451|F|0-22:G>T-22:G>T,100038451,11,multi,Ss08,1102789.0,95.3,5.5,0.0476190476190476
100038878|F|0-22:A>C-22:A>C,100038878,1,unique,Ss03,93391526.0,111.0,,0.0095238095238095
100038902|F|0-22:A>T-22:A>T,100038902,1,unique,Ss04,73447236.0,100.0,,0.2952380952380952
100038956|F|0-22:A>T-22:A>T,100038956,1,unique,Ss08,18336186.0,106.0,,0.1333333333333333
100039190|F|0-22:G>A-22:G>A,100039190,2,multi,Ss02,8320024.0,78.7,0.0,0.2857142857142857
100040128|F|0-22:T>C-22:T>C,100040128,3,multi,Ss08,12710298.0,128.0,17.0,0.1047619047619047
100040807|F|0-22:G>A-22:G>A,100040807,7,multi,Ss07,13128901.0,128.0,0.0,0.6476190476190476
100041269|F|0-22:G>C-22:G>C,100041269,1,unique,Ss05,5590273.0,128.0,,0.1428571428571428
100041989|F|0-22:G>T-22:G>T,100041989,1,unique,Ss06,1837750.0,128.0,,0.0857142857142857
100043153|F|0-22:T>A-22:T>A,100043153,1,unique,Ss06,9081364.0,111.0,,0.0095238095238095
100044115|F|0-22:C>T-22:C>T,100044115,1,unique,Ss09,42239685.0,128.0,,0.0666666666666666
100047208|F|0-22:G>C-22:G>C,100047208,1,unique,Ss08,402830.0,117.0,,0.2
100048405|F|0-22:G>A-22:G>A,100048405,226,multi,Ss10,13172986.0,128.0,0.0,0.0666666666666666
100050013|F|0-22:T>A-22:T>A,100050013,19,multi,Ss03,100773718.0,128.0,0.0,0.0576923076923076
100014320|F|0-23:C>T-23:C>T,100014320,1,unique,Ss04,1015114.0,128.0,,0.3428571428571428
100014429|F|0-23:C>T-23:C>T,100014429,1,unique,Ss10,12952386.0,128.0,,0.5238095238095238
100014913|F|0-23:C>A-23:C>A,100014913,1,unique,Ss11,32900790.0,128.0,,0.0095238095238095
100015678|F|0-23:A>G-23:A>G,100015678,1,unique,Ss04,3690715.0,128.0,,0.3142857142857143
100015767|F|0-23:A>T-23:A>T,100015767,1,unique,Ss04,75911714.0,128.0,,0.3142857142857143
100016129|F|0-23:C>A-23:C>A,100016129,1,unique,Ss09,6035613.0,128.0,,0.0701754385964912
100017777|F|0-23:A>G-23:A>G,100017777,1,unique,Ss03,5093134.0,128.0,,0.2285714285714285
100018213|F|0-23:A>G-23:A>G,100018213,1,unique,Ss02,10468525.0,128.0,,0.1346153846153846
100018506|F|0-23:C>T-23:C>T,100018506,1,unique,Ss07,2437131.0,128.0,,0.3619047619047619
100018789|F|0-23:A>C-23:A>C,100018789,1,unique,Ss05,55417934.0,115.0,,0.238095238095238
100019045|F|0-23:G>C-23:G>C,100019045,1,unique,Ss01,36149272.0,128.0,,0.4666666666666667
100019050|F|0-23:G>A-23:G>A,100019050,1,unique,Ss08,21346201.0,128.0,,0.0095238095238095
100019074|F|0-23:A>T-23:A>T,100019074,1,unique,Ss01,18451261.0,128.0,,0.1333333333333333
100019764|F|0-23:G>A-23:G>A,100019764,1,unique,Ss04,61743917.0,128.0,,0.0095238095238095
100019878|F|0-23:C>T-23:C>T,100019878,1,unique,Ss08,19063046.0,113.0,,0.0760869565217391
100021182|F|0-23:C>G-23:C>G,100021182,1,unique,Ss05,5282749.0,128.0,,0.0096153846153846
100021520|F|0-23:T>C-23:T>C,100021520,1,unique,Ss01,36065987.0,128.0,,0.219047619047619
100021654|F|0-23:G>T-23:G>T,100021654,1,unique,Ss01,46876613.0,128.0,,0.2666666666666666
100021859|F|0-23:T>A-23:T>A,100021859,1,unique,Ss09,59249139.0,128.0,,0.1538461538461538
100021948|F|0-23:C>G-23:C>G,100021948,1,unique,Ss07,4711983.0,128.0,,0.4571428571428571
100022290|F|0-23:T>A-23:T>A,100022290,2,multi,Ss01,46507267.0,128.0,22.0,0.019047619047619
100028749|F|0-23:C>A-23:C>A,100028749,1,unique,Ss09,12745947.0,84.2,,0.3238095238095238
100028760|F|0-23:G>T-23:G>T,100028760,1,unique,Ss05,600209.0,76.8,,0.4380952380952381
100029722|F|0-23:G>A-23:G>A,100029722,1,unique,Ss02,20892992.0,91.6,,0.0095238095238095
100029806|F|0-23:T>C-23:T>C,100029806,0,unplaced,,,,,0.0571428571428571
100029923|F|0-23:T>A-23:T>A,100029923,1,unique,Ss04,390601.0,108.0,,0.1363636363636363
100030947|F|0-23:C>T-23:C>T,100030947,0,unplaced,,,,,0.0125
100032816|F|0-23:T>G-23:T>G,100032816,1,unique,Ss03,59820964.0,128.0,,0.0113636363636363
100033258|F|0-23:G>A-23:G>A,100033258,1,unique,Ss10,9597835.0,128.0,,0.0380952380952381
100033344|F|0-23:G>A-23:G>A,100033344,8,multi,Ss04,24750766.0,128.0,6.0,0.233009708737864
100034001|F|0-23:A>G-23:A>G,100034001,1,unique,Ss04,64342347.0,128.0,,0.4571428571428571
100034088|F|0-23:T>C-23:T>C,100034088,1,unique,Ss04,58446440.0,128.0,,0.1619047619047619
100034274|F|0-23:G>T-23:G>T,100034274,1,unique,Ss04,16071679.0,128.0,,0.4571428571428571
100035374|F|0-23:A>G-23:A>G,100035374,1,unique,Ss07,415037.0,117.0,,0.4795918367346938
100038720|F|0-23:G>A-23:G>A,100038720,1,unique,Ss05,54497221.0,86.1,,0.5428571428571428
100038883|F|0-23:A>G-23:A>G,100038883,0,unplaced,,,,,0.5047619047619047
100040251|F|0-23:G>A-23:G>A,100040251,1,unique,Ss04,72399974.0,126.0,,0.0204081632653061
100043244|F|0-23:T>C-23:T>C,100043244,2,multi,Ss04,71377709.0,102.0,4.900000000000006,0.0
100044677|F|0-23:A>G-23:A>G,100044677,38,multi,Ss07,24745766.0,128.0,0.0,0.0106382978723404
100045000|F|0-23:G>A-23:G>A,100045000,4,multi,Ss09,12317193.0,128.0,2.0,0.1047619047619047
100046262|F|0-23:C>A-23:C>A,100046262,1,unique,Ss11,36000725.0,106.0,,0.2285714285714285
100048766|F|0-23:C>T-23:C>T,100048766,8,multi,Ss09,39152623.0,122.0,0.0,0.0
100049389|F|0-23:C>A-23:C>A,100049389,1,unique,Ss10,15838520.0,117.0,,0.4038461538461538
100049610|F|0-23:T>A-23:T>A,100049610,0,unplaced,,,,,0.0
100049850|F|0-23:C>T-23:C>T,100049850,27,multi,Ss03,40997917.0,128.0,0.0,0.0
100051260|F|0-23:G>A-23:G>A,100051260,1,unique,Ss04,3502688.0,119.0,,0.0761904761904762
100051718|F|0-23:T>C-23:T>C,100051718,4,multi,Ss04,67740607.0,128.0,11.0,0.6476190476190476
100058882|F|0-23:C>T-23:C>T,100058882,138,multi,Ss07,54774491.0,104.0,4.0,0.0238095238095238
100013445|F|0-24:G>T-24:G>T,100013445,1,unique,Ss09,61602860.0,128.0,,0.3428571428571428
100013532|F|0-24:T>G-24:T>G,100013532,1,unique,Ss09,61602795.0,128.0,,0.058252427184466
100014413|F|0-24:G>A-24:G>A,100014413,1,unique,Ss08,4481180.0,128.0,,0.0095238095238095
100014503|F|0-24:T>A-24:T>A,100014503,1,unique,Ss04,57112101.0,128.0,,0.1523809523809524
100014636|F|0-24:T>G-24:T>G,100014636,0,unplaced,,,,,0.0
100014819|F|0-24:A>T-24:A>T,100014819,1,unique,Ss11,28857194.0,128.0,,0.4095238095238095
100015485|F|0-24:C>T-24:C>T,100015485,1,unique,Ss07,17335265.0,128.0,,0.0380952380952381
100015490|F|0-24:T>C-24:T>C,100015490,1,unique,Ss06,10869822.0,128.0,,0.0476190476190476
100016009|F|0-24:G>A-24:G>A,100016009,1,unique,Ss10,14427911.0,115.0,,0.0555555555555555
100016064|F|0-24:A>G-24:A>G,100016064,1,unique,Ss06,17907322.0,128.0,,0.0142857142857142
100016885|F|0-24:T>G-24:T>G,100016885,1,unique,Ss11,2394562.0,128.0,,0.0095238095238095
100017127|F|0-24:C>T-24:C>T,100017127,1,unique,Ss05,38328880.0,128.0,,0.0285714285714285
100017196|F|0-24:T>C-24:T>C,100017196,1,unique,Ss10,2389662.0,128.0,,0.0096153846153846
100017553|F|0-24:C>A-24:C>A,100017553,1,unique,Ss03,82732257.0,128.0,,0.0571428571428571
100018009|F|0-24:G>T-24:G>T,100018009,1,unique,Ss06,9583721.0,128.0,,0.1238095238095238
100018014|F|0-24:G>A-24:G>A,100018014,1,unique,Ss01,38694287.0,128.0,,0.019047619047619
100019174|F|0-24:T>A-24:T>A,100019174,1,unique,Ss11,37246642.0,128.0,,0.1619047619047619
100019345|F|0-24:G>A-24:G>A,100019345,1,unique,Ss09,4017998.0,128.0,,0.1714285714285714
100019630|F|0-24:A>T-24:A>T,100019630,1,unique,Ss10,17521228.0,128.0,,0.4476190476190476
100019753|F|0-24:T>G-24:T>G,100019753,1,unique,Ss04,4004974.0,128.0,,0.1619047619047619
100019767|F|0-24:G>A-24:G>A,100019767,1,unique,Ss06,9451897.0,128.0,,0.1170212765957446
100019916|F|0-24:C>T-24:C>T,100019916,1,unique,Ss06,3090098.0,128.0,,0.0857142857142857
100020052|F|0-24:C>T-24:C>T,100020052,1,unique,Ss03,81829826.0,128.0,,0.0285714285714285
100021208|F|0-24:G>A-24:G>A,100021208,1,unique,Ss08,28384837.0,128.0,,0.4476190476190476
100021239|F|0-24:G>T-24:G>T,100021239,1,unique,Ss06,1110579.0,128.0,,0.0095238095238095
100021892|F|0-24:G>A-24:G>A,100021892,3,multi,Ss04,7963698.0,128.0,34.5,0.4095238095238095
100028469|F|0-24:A>G-24:A>G,100028469,1,unique,Ss04,13650311.0,87.9,,0.2761904761904762
100028477|F|0-24:T>G-24:T>G,100028477,1,unique,Ss04,34631293.0,76.8,,0.1619047619047619
100028820|F|0-24:T>G-24:T>G,100028820,1,unique,Ss05,40403989.0,97.1,,0.1047619047619047
100029095|F|0-24:T>G-24:T>G,100029095,1,unique,Ss02,4982919.0,102.0,,0.0571428571428571
100032762|F|0-24:G>A-24:G>A,100032762,1,unique,Ss03,66478736.0,128.0,,0.4095238095238095
100032842|F|0-24:A>C-24:A>C,100032842,2,multi,Ss01,18176486.0,128.0,11.0,0.6095238095238096
100033099|F|0-24:G>C-24:G>C,100033099,2,multi,Ss02,9574233.0,128.0,13.0,0.3142857142857143
100033408|F|0-24:A>G-24:A>G,100033408,1,unique,Ss11,33628197.0,128.0,,0.0631578947368421
100034159|F|0-24:A>G-24:A>G,100034159,1,unique,Ss09,46097607.0,128.0,,0.5238095238095238
100034296|F|0-24:T>G-24:T>G,100034296,1,unique,Ss10,26905.0,122.0,,0.1149425287356321
100034371|F|0-24:C>T-24:C>T,100034371,2,multi,Ss09,64200238.0,122.0,0.0,0.0192307692307692
100034432|F|0-24:T>A-24:T>A,100034432,1,unique,Ss09,53750071.0,128.0,,0.219047619047619
100034885|F|0-24:C>T-24:C>T,100034885,1,unique,Ss02,1284261.0,128.0,,0.0666666666666666
100035083|F|0-24:G>C-24:G>C,100035083,1,unique,Ss10,14490818.0,128.0,,0.4019607843137255
100035309|F|0-24:A>C-24:A>C,100035309,1,unique,Ss02,10228696.0,128.0,,0.01
100035929|F|0-24:A>G-24:A>G,100035929,1,unique,Ss06,11806628.0,128.0,,0.0153846153846153
100038633|F|0-24:T>A-24:T>A,100038633,0,unplaced,,,,,0.0380952380952381
100038635|F|0-24:A>T-24:A>T,100038635,0,unplaced,,,,,0.0476190476190476
100038675|F|0-24:G>A-24:G>A,100038675,1,unique,Ss10,14137717.0,73.1,,0.4857142857142857
100039159|F|0-24:G>A-24:G>A,100039159,0,unplaced,,,,,0.019047619047619
100040014|F|0-24:A>G-24:A>G,100040014,0,unplaced,,,,,0.0119047619047619
100041008|F|0-24:G>A-24:G>A,100041008,1,unique,Ss10,3236846.0,122.0,,0.2115384615384615
100041883|F|0-24:T>C-24:T>C,100041883,1,unique,Ss09,22045593.0,128.0,,0.0
100042115|F|0-24:A>G-24:A>G,100042115,20,multi,Ss07,22221169.0,128.0,0.0,0.0
100043320|F|0-24:A>G-24:A>G,100043320,0,unplaced,,,,,0.1466666666666666
100043433|F|0-24:C>T-24:C>T,100043433,1,unique,Ss11,892905.0,75.0,,0.0612244897959183
100044311|F|0-24:G>A-24:G>A,100044311,6,multi,Ss04,67712461.0,128.0,11.0,0.0105263157894736
100044498|F|0-24:C>T-24:C>T,100044498,2,multi,Ss08,13109904.0,128.0,17.0,0.4326923076923077
100046287|F|0-24:C>T-24:C>T,100046287,1,unique,Ss03,15753740.0,104.0,,0.2952380952380952
100047410|F|0-24:C>T-24:C>T,100047410,1,unique,Ss01,42711073.0,126.0,,0.1359223300970873
100048523|F|0-24:C>A-24:C>A,100048523,0,unplaced,,,,,0.0229885057471264
100053364|F|0-24:T>A-24:T>A,100053364,32,multi,Ss07,35043796.0,102.0,0.0,0.0
100061196|F|0-24:G>A-24:G>A,100061196,248,multi,Ss06,11469322.0,128.0,0.0,0.0
100013252|F|0-25:C>T-25:C>T,100013252,1,unique,Ss10,15615279.0,128.0,,0.0288461538461538
100013586|F|0-25:C>G-25:C>G,100013586,1,unique,Ss03,99251627.0,128.0,,0.0
100013981|F|0-25:C>T-25:C>T,100013981,2,multi,Ss02,1742708.0,128.0,6.0,0.1
100014059|F|0-25:C>G-25:C>G,100014059,1,unique,Ss03,84807344.0,128.0,,0.4761904761904761
100014109|F|0-25:C>A-25:C>A,100014109,1,unique,Ss03,81622389.0,128.0,,0.1333333333333333
100014225|F|0-25:G>A-25:G>A,100014225,1,unique,Ss10,7752029.0,128.0,,0.1904761904761904
100014432|F|0-25:C>A-25:C>A,100014432,1,unique,Ss08,20703495.0,128.0,,0.3619047619047619
100014650|F|0-25:G>T-25:G>T,100014650,1,unique,Ss02,27958995.0,128.0,,0.0285714285714285
100014698|F|0-25:C>G-25:C>G,100014698,1,unique,Ss08,18648616.0,128.0,,0.0144927536231884
100014740|F|0-25:C>T-25:C>T,100014740,1,unique,Ss04,13650922.0,128.0,,0.238095238095238
100015226|F|0-25:T>A-25:T>A,100015226,1,unique,Ss10,16581873.0,128.0,,0.3714285714285714
100016083|F|0-25:C>A-25:C>A,100016083,1,unique,Ss04,74757497.0,128.0,,0.2788461538461538
100016214|F|0-25:C>G-25:C>G,100016214,1,unique,Ss01,42476537.0,128.0,,0.0571428571428571
100018389|F|0-25:G>T-25:G>T,100018389,1,unique,Ss06,9420278.0,128.0,,0.0857142857142857
100019432|F|0-25:A>T-25:A>T,100019432,1,unique,Ss09,62501679.0,128.0,,0.0666666666666666
100019755|F|0-25:A>G-25:A>G,100019755,1,unique,Ss08,1344572.0,128.0,,0.0571428571428571
100020369|F|0-25:G>C-25:G>C,100020369,1,unique,Ss03,15850100.0,128.0,,0.4857142857142857
100020546|F|0-25:C>T-25:C>T,100020546,2,multi,Ss01,8200860.0,128.0,0.0,0.0571428571428571
100020599|F|0-25:T>G-25:T>G,100020599,1,unique,Ss04,408129.0,128.0,,0.019047619047619
100021104|F|0-25:C>T-25:C>T,100021104,1,unique,Ss07,2304244.0,128.0,,0.1238095238095238
100021632|F|0-25:A>G-25:A>G,100021632,1,unique,Ss04,6628413.0,128.0,,0.0571428571428571
100021834|F|0-25:C>A-25:C>A,100021834,1,unique,Ss08,1821037.0,128.0,,0.0952380952380952
100022062|F|0-25:G>T-25:G>T,100022062,1,unique,Ss09,6664182.0,128.0,,0.1142857142857142
100022485|F|0-25:G>A-25:G>A,100022485,2,multi,Ss07,49037267.0,128.0,54.900000000000006,0.0
100028480|F|0-25:T>A-25:T>A,100028480,0,unplaced,,,,,0.0
100028607|F|0-25:A>G-25:A>G,100028607,1,unique,Ss02,3701787.0,78.7,,0.0123456790123456
100028745|F|0-25:C>T-25:C>T,100028745,492,multi,Ss04,19229217.0,97.1,3.5999999999999943,0.02
100028799|F|0-25:A>T-25:A>T,100028799,0,unplaced,,,,,0.01
100029140|F|0-25:A>C-25:A>C,100029140,1,unique,Ss05,43863618.0,110.0,,0.0384615384615384
100029358|F|0-25:G>A-25:G>A,100029358,1,unique,Ss03,19176810.0,84.2,,0.419047619047619
100029425|F|0-25:A>T-25:A>T,100029425,0,unplaced,,,,,0.5523809523809524
100029504|F|0-25:T>C-25:T>C,100029504,1,unique,Ss10,16915537.0,80.5,,0.4857142857142857
100030465|F|0-25:G>C-25:G>C,100030465,1,unique,Ss06,6091905.0,71.3,,0.0097087378640776
100030636|F|0-25:G>A-25:G>A,100030636,1,unique,Ss07,3546898.0,86.1,,0.0571428571428571
100030726|F|0-25:C>G-25:C>G,100030726,0,unplaced,,,,,0.3523809523809524
100032847|F|0-25:A>T-25:A>T,100032847,1,unique,Ss05,55945274.0,128.0,,0.3809523809523809
100033188|F|0-25:G>T-25:G>T,100033188,1,unique,Ss03,17120739.0,128.0,,0.0096153846153846
100033778|F|0-25:A>T-25:A>T,100033778,1,unique,Ss08,19790908.0,128.0,,0.25
100034077|F|0-25:A>T-25:A>T,100034077,1,unique,Ss04,67447779.0,128.0,,0.0095238095238095
100034625|F|0-25:G>T-25:G>T,100034625,1,unique,Ss03,36115155.0,128.0,,0.0095238095238095
100035693|F|0-25:G>A-25:G>A,100035693,1,unique,Ss04,69235174.0,115.0,,0.0285714285714285
100035790|F|0-25:T>C-25:T>C,100035790,1,unique,Ss02,23187981.0,128.0,,0.0192307692307692
100035958|F|0-25:C>T-25:C>T,100035958,0,unplaced,,,,,0.2783505154639175
100036188|F|0-25:T>C-25:T>C,100036188,3,multi,Ss04,37436079.0,128.0,17.0,0.3809523809523809
100038335|F|0-25:T>G-25:T>G,100038335,1,unique,Ss03,19088698.0,110.0,,0.0476190476190476
100038392|F|0-25:C>T-25:C>T,100038392,2,multi,Ss02,1742721.0,104.0,5.0,0.2
100038684|F|0-25:C>T-25:C>T,100038684,1,unique,Ss09,7371843.0,93.5,,0.019047619047619
100039138|F|0-25:A>G-25:A>G,100039138,1,unique,Ss04,3557102.0,82.4,,0.1923076923076923
100040406|F|0-25:G>A-25:G>A,100040406,1,unique,Ss07,399731.0,128.0,,0.1443298969072164
100044112|F|0-25:G>A-25:G>A,100044112,1,unique,Ss10,14593729.0,117.0,,0.2476190476190476
100044961|F|0-25:A>T-25:A>T,100044961,1,unique,Ss10,18733351.0,122.0,,0.019047619047619
100046160|F|0-25:C>T-25:C>T,100046160,6,multi,Ss08,17218944.0,110.0,0.0,0.0140845070422535
100046760|F|0-25:T>G-25:T>G,100046760,1,unique,Ss02,11842731.0,122.0,,0.4666666666666667
100052700|F|0-25:C>T-25:C>T,100052700,357,multi,Ss07,13743493.0,128.0,0.0,0.0113636363636363
100058582|F|0-25:G>C-25:G>C,100058582,1,unique,Ss08,390892.0,117.0,,0.0217391304347826
100059639|F|0-25:C>A-25:C>A,100059639,0,unplaced,,,,,0.0138888888888888
100013240|F|0-26:A>G-26:A>G,100013240,1,unique,Ss08,9218488.0,128.0,,0.2571428571428571
100013349|F|0-26:G>A-26:G>A,100013349,1,unique,Ss09,3792789.0,128.0,,0.0571428571428571
100013762|F|0-26:A>T-26:A>T,100013762,1,unique,Ss04,1482206.0,128.0,,0.3714285714285714
100014491|F|0-26:A>T-26:A>T,100014491,0,unplaced,,,,,0.25
100014492|F|0-26:T>A-26:T>A,100014492,0,unplaced,,,,,0.3725490196078431
100015007|F|0-26:T>C-26:T>C,100015007,1,unique,Ss03,97536325.0,128.0,,0.0
100015538|F|0-26:G>C-26:G>C,100015538,1,unique,Ss07,11616202.0,128.0,,0.0
100015608|F|0-26:C>T-26:C>T,100015608,1,unique,Ss04,35226996.0,115.0,,0.0
100016127|F|0-26:G>C-26:G>C,100016127,1,unique,Ss01,6652367.0,128.0,,0.0857142857142857
100016239|F|0-26:C>T-26:C>T,100016239,1,unique,Ss04,3557197.0,128.0,,0.1403508771929824
100016316|F|0-26:T>C-26:T>C,100016316,1,unique,Ss04,51070748.0,128.0,,0.0
100016521|F|0-26:C>G-26:C>G,100016521,0,unplaced,,,,,0.2075471698113207
100016806|F|0-26:T>A-26:T>A,100016806,1,unique,Ss10,15351714.0,128.0,,0.2857142857142857
100016871|F|0-26:A>G-26:A>G,100016871,1,unique,Ss05,54093154.0,128.0,,0.4761904761904761
100017334|F|0-26:T>C-26:T>C,100017334,1,unique,Ss03,81917638.0,128.0,,0.1904761904761904
100017367|F|0-26:T>C-26:T>C,100017367,1,unique,Ss02,231294.0,128.0,,0.3523809523809524
100017508|F|0-26:G>A-26:G>A,100017508,1,unique,Ss09,62494302.0,128.0,,0.4095238095238095
100017615|F|0-26:C>A-26:C>A,100017615,1,unique,Ss11,35403645.0,128.0,,0.0761904761904762
100018574|F|0-26:G>T-26:G>T,100018574,1,unique,Ss05,1518931.0,128.0,,0.0761904761904762
100018641|F|0-26:C>A-26:C>A,100018641,1,unique,Ss04,64147602.0,128.0,,0.2761904761904762
100019787|F|0-26:A>G-26:A>G,100019787,1,unique,Ss02,9761736.0,128.0,,0.4666666666666667
100019826|F|0-26:T>C-26:T>C,100019826,1,unique,Ss04,39430575.0,128.0,,0.1692307692307692
100020208|F|0-26:C>G-26:C>G,100020208,1,unique,Ss03,11472975.0,128.0,,0.1809523809523809
100020482|F|0-26:C>G-26:C>G,100020482,1,unique,Ss04,60681223.0,128.0,,0.0285714285714285
100020692|F|0-26:C>G-26:C>G,100020692,0,unplaced,,,,,0.3880597014925373
100020887|F|0-26:A>G-26:A>G,100020887,1,unique,Ss06,14451845.0,128.0,,0.1904761904761904
100021489|F|0-26:C>G-26:C>G,100021489,1,unique,Ss02,9463389.0,128.0,,0.419047619047619
100021652|F|0-26:G>A-26:G>A,100021652,1,unique,Ss04,70889283.0,128.0,,0.0285714285714285
100021788|F|0-26:G>A-26:G>A,100021788,1,unique,Ss10,1798696.0,128.0,,0.0288461538461538
100021909|F|0-26:T>C-26:T>C,100021909,1,unique,Ss08,12622782.0,128.0,,0.4380952380952381
100021979|F|0-26:G>A-26:G>A,100021979,1,unique,Ss02,27846488.0,128.0,,0.3333333333333333
100028406|F|0-26:C>T-26:C>T,100028406,1,unique,Ss07,1087800.0,87.9,,0.1818181818181818
100028407|F|0-26:C>T-26:C>T,100028407,0,unplaced,,,,,0.3269230769230769
100028414|F|0-26:G>C-26:G>C,100028414,1,unique,Ss02,16490834.0,111.0,,0.0285714285714285
100028515|F|0-26:A>G-26:A>G,100028515,1,unique,Ss02,8089192.0,78.7,,0.0571428571428571
100028764|F|0-26:A>T-26:A>T,100028764,0,unplaced,,,,,0.4380952380952381
100029143|F|0-26:C>T-26:C>T,100029143,1,unique,Ss04,3557227.0,73.1,,0.238095238095238
100029554|F|0-26:A>T-26:A>T,100029554,1,unique,Ss11,24947381.0,91.6,,0.0208333333333333
100032809|F|0-26:G>A-26:G>A,100032809,1,unique,Ss05,5564568.0,128.0,,0.1523809523809524
100033466|F|0-26:G>A-26:G>A,100033466,1,unique,Ss01,3299962.0,128.0,,0.2095238095238095
100034049|F|0-26:T>A-26:T>A,100034049,1,unique,Ss05,440611.0,113.0,,0.019047619047619
100034612|F|0-26:G>A-26:G>A,100034612,1,unique,Ss08,12309683.0,128.0,,0.1904761904761904
100035290|F|0-26:T>C-26:T>C,100035290,1,unique,Ss02,12532583.0,128.0,,0.1714285714285714
100035644|F|0-26:C>G-26:C>G,100035644,1,unique,Ss03,59068359.0,128.0,,0.3619047619047619
100035792|F|0-26:T>C-26:T>C,100035792,3,multi,Ss08,12919777.0,128.0,11.0,0.3904761904761905
100040329|F|0-26:A>G-26:A>G,100040329,1,unique,Ss01,41159151.0,128.0,,0.4387755102040816
100041553|F|0-26:T>A-26:T>A,100041553,1,unique,Ss04,63000847.0,128.0,,0.1047619047619047
100043121|F|0-26:C>T-26:C>T,100043121,1,unique,Ss06,5153055.0,99.0,,0.6095238095238096
100043209|F|0-26:C>T-26:C>T,100043209,1,unique,Ss01,38691356.0,97.1,,0.019047619047619
100043485|F|0-26:C>T-26:C>T,100043485,0,unplaced,,,,,0.0380952380952381
100049606|F|0-26:A>G-26:A>G,100049606,233,multi,Ss10,3595670.0,106.0,6.0,0.0594059405940594
100049953|F|0-26:C>T-26:C>T,100049953,788,multi,Ss06,81609553.0,128.0,11.0,0.1428571428571428
100053981|F|0-26:G>A-26:G>A,100053981,1,unique,Ss08,20915598.0,122.0,,0.3619047619047619
100055827|F|0-26:G>A-26:G>A,100055827,1604,multi,Ss09,50599271.0,122.0,0.0,0.0
100057963|F|0-26:C>T-26:C>T,100057963,1,unique,Ss10,14655951.0,117.0,,0.238095238095238
100058921|F|0-26:G>A-26:G>A,100058921,1,unique,Ss05,39250139.0,117.0,,0.21
100060558|F|0-26:C>T-26:C>T,100060558,568,multi,Ss11,19458669.0,128.0,0.0,0.0101010101010101
100060605|F|0-26:G>C-26:G>C,100060605,6,multi,Ss11,37437817.0,121.0,0.0,0.3142857142857143
100012953|F|0-27:C>A-27:C>A,100012953,1,unique,Ss03,92858667.0,128.0,,0.4857142857142857
100013001|F|0-27:G>C-27:G>C,100013001,1,unique,Ss03,19548286.0,128.0,,0.4476190476190476
100013026|F|0-27:A>C-27:A>C,100013026,1,unique,Ss02,21200259.0,128.0,,0.0666666666666666
100013338|F|0-27:A>C-27:A>C,100013338,1,unique,Ss10,2633981.0,128.0,,0.0952380952380952
100013439|F|0-27:T>A-27:T>A,100013439,1,unique,Ss03,74200710.0,128.0,,0.0571428571428571
100013470|F|0-27:G>A-27:G>A,100013470,1,unique,Ss11,1288860.0,128.0,,0.019047619047619
100014449|F|0-27:C>G-27:C>G,100014449,1,unique,Ss03,97491430.0,128.0,,0.4285714285714285
100014677|F|0-27:A>C-27:A>C,100014677,1,unique,Ss01,32410898.0,128.0,,0.4761904761904761
100015160|F|0-27:A>C-27:A>C,100015160,1,unique,Ss03,9422613.0,128.0,,0.238095238095238
100015422|F|0-27:G>T-27:G>T,100015422,1,unique,Ss02,25790558.0,128.0,,0.019047619047619
100016329|F|0-27:A>C-27:A>C,100016329,1,unique,Ss03,74867977.0,128.0,,0.06
100016739|F|0-27:A>C-27:A>C,100016739,1,unique,Ss02,3966200.0,128.0,,0.419047619047619
100016810|F|0-27:G>A-27:G>A,100016810,1,unique,Ss09,8172406.0,128.0,,0.0967741935483871
100017198|F|0-27:A>T-27:A>T,100017198,1,unique,Ss02,10156576.0,128.0,,0.0095238095238095
100017423|F|0-27:G>C-27:G>C,100017423,1,unique,Ss03,74797856.0,128.0,,0.1904761904761904
100018681|F|0-27:G>T-27:G>T,100018681,2,multi,Ss08,5928618.0,128.0,41.900000000000006,0.0095238095238095
100019260|F|0-27:C>T-27:C>T,100019260,1,unique,Ss05,55067926.0,128.0,,0.419047619047619
100019497|F|0-27:C>T-27:C>T,100019497,1,unique,Ss08,21040915.0,128.0,,0.1333333333333333
100019651|F|0-27:G>T-27:G>T,100019651,1,unique,Ss05,6680324.0,128.0,,0.0857142857142857
100020022|F|0-27:C>A-27:C>A,100020022,1,unique,Ss04,41638311.0,128.0,,0.0095238095238095
100020066|F|0-27:G>C-27:G>C,100020066,1,unique,Ss09,13024941.0,128.0,,0.4571428571428571
100020862|F|0-27:A>C-27:A>C,100020862,1,unique,Ss07,1649467.0,128.0,,0.0571428571428571
100020911|F|0-27:G>A-27:G>A,100020911,1,unique,Ss09,59067080.0,128.0,,0.0666666666666666
100021798|F|0-27:T>C-27:T>C,100021798,1,unique,Ss10,18732654.0,128.0,,0.3619047619047619
100021819|F|0-27:T>G-27:T>G,100021819,1,unique,Ss01,35759774.0,128.0,,0.0476190476190476
100029118|F|0-27:C>T-27:C>T,100029118,1,unique,Ss04,73158853.0,73.1,,0.1447368421052631
100029238|F|0-27:T>G-27:T>G,100029238,1,unique,Ss05,6041426.0,80.5,,0.0095238095238095
100029871|F|0-27:T>G-27:T>G,100029871,1,unique,Ss06,6388335.0,71.3,,0.0857142857142857
100029909|F|0-27:G>T-27:G>T,100029909,1,unique,Ss03,101543310.0,84.2,,0.0961538461538461
100029934|F|0-27:G>C-27:G>C,100029934,1,unique,Ss08,393539.0,89.8,,0.3238095238095238
100033175|F|0-27:T>C-27:T>C,100033175,4,multi,Ss07,5160198.0,128.0,0.0,0.0857142857142857
100033389|F|0-27:G>C-27:G>C,100033389,1,unique,Ss02,10235528.0,128.0,,0.2285714285714285
100033592|F|0-27:T>C-27:T>C,100033592,2,multi,Ss08,28385465.0,128.0,17.0,0.5333333333333333
100034113|F|0-27:T>C-27:T>C,100034113,1,unique,Ss03,84099646.0,128.0,,0.0666666666666666
100034161|F|0-27:T>C-27:T>C,100034161,2,multi,Ss03,103750781.0,128.0,6.0,0.019047619047619
100034218|F|0-27:A>T-27:A>T,100034218,1,unique,Ss06,16086969.0,128.0,,0.4761904761904761
100034591|F|0-27:A>G-27:A>G,100034591,1,unique,Ss01,3354177.0,128.0,,0.1634615384615384
100034752|F|0-27:G>T-27:G>T,100034752,1,unique,Ss11,37483516.0,128.0,,0.3238095238095238
100034940|F|0-27:A>C-27:A>C,100034940,1,unique,Ss11,38877676.0,128.0,,0.419047619047619
100035121|F|0-27:C>T-27:C>T,100035121,1,unique,Ss03,19370646.0,128.0,,0.3203883495145631
100038790|F|0-27:T>A-27:T>A,100038790,1,unique,Ss10,15351779.0,111.0,,0.2857142857142857
100039167|F|0-27:C>T-27:C>T,100039167,1,unique,Ss09,49565755.0,97.1,,0.5428571428571428
100039170|F|0-27:C>G-27:C>G,100039170,1,unique,Ss01,19354494.0,102.0,,0.0095238095238095
100039187|F|0-27:A>C-27:A>C,100039187,0,unplaced,,,,,0.0673076923076923
100040573|F|0-27:G>T-27:G>T,100040573,1,unique,Ss03,84597751.0,128.0,,0.1733333333333333
100041207|F|0-27:C>A-27:C>A,100041207,1,unique,Ss07,5602438.0,128.0,,0.238095238095238
100041362|F|0-27:G>A-27:G>A,100041362,1,unique,Ss08,28380471.0,128.0,,0.5
100041853|F|0-27:G>A-27:G>A,100041853,1,unique,Ss10,14595774.0,128.0,,0.3689320388349514
100045081|F|0-27:C>A-27:C>A,100045081,1,unique,Ss08,2671704.0,124.0,,0.3333333333333333
100045226|F|0-27:G>T-27:G>T,100045226,1,unique,Ss04,2822389.0,128.0,,0.3142857142857143
100045401|F|0-27:C>T-27:C>T,100045401,3,multi,Ss03,25144334.0,128.0,6.0,0.0404040404040404
100048523|F|0-27:T>A-27:T>A,100048523,0,unplaced,,,,,0.0681818181818181
100049107|F|0-27:G>A-27:G>A,100049107,1,unique,Ss04,1467046.0,128.0,,0.0178571428571428
100050114|F|0-27:G>A-27:G>A,100050114,1,unique,Ss09,43250006.0,119.0,,0.3300970873786408
100053683|F|0-27:A>G-27:A>G,100053683,6,multi,Ss03,42363264.0,122.0,0.0,0.0138888888888888
100053808|F|0-27:T>C-27:T>C,100053808,189,multi,Ss04,23736053.0,128.0,0.0,0.0490196078431372
100058871|F|0-27:T>A-27:T>A,100058871,2,multi,Ss03,74838783.0,100.0,10.200000000000003,0.0673076923076923
100013410|F|0-28:G>T-28:G>T,100013410,1,unique,Ss04,3695727.0,121.0,,0.0277777777777777
100013447|F|0-28:T>A-28:T>A,100013447,1,unique,Ss05,54842843.0,128.0,,0.1904761904761904
100013696|F|0-28:C>A-28:C>A,100013696,1,unique,Ss06,2681460.0,128.0,,0.0666666666666666
100013832|F|0-28:A>G-28:A>G,100013832,2,multi,Ss04,15720467.0,122.0,0.0,0.0
100014138|F|0-28:A>G-28:A>G,100014138,1,unique,Ss04,70602673.0,128.0,,0.4476190476190476
100014150|F|0-28:T>A-28:T>A,100014150,1,unique,Ss01,20333450.0,128.0,,0.0761904761904762
100014488|F|0-28:T>A-28:T>A,100014488,1,unique,Ss11,34000401.0,128.0,,0.0952380952380952
100014497|F|0-28:A>G-28:A>G,100014497,1,unique,Ss02,6366809.0,128.0,,0.4095238095238095
100014583|F|0-28:G>A-28:G>A,100014583,13,multi,Ss01,26375508.0,128.0,43.8,0.0095238095238095
100014593|F|0-28:A>C-28:A>C,100014593,1,unique,Ss04,42215784.0,128.0,,0.1428571428571428
100015184|F|0-28:G>A-28:G>A,100015184,1,unique,Ss11,34721504.0,128.0,,0.0380952380952381
100015553|F|0-28:T>C-28:T>C,100015553,1,unique,Ss04,63464257.0,128.0,,0.4095238095238095
100015850|F|0-28:G>T-28:G>T,100015850,1,unique,Ss02,18961646.0,128.0,,0.1619047619047619
100015865|F|0-28:C>A-28:C>A,100015865,1,unique,Ss03,84845978.0,128.0,,0.0761904761904762
100016431|F|0-28:C>T-28:C>T,100016431,1,unique,Ss01,32001776.0,128.0,,0.1619047619047619
100016803|F|0-28:A>T-28:A>T,100016803,1,unique,Ss04,67283198.0,128.0,,0.3904761904761905
100016899|F|0-28:G>C-28:G>C,100016899,1,unique,Ss05,51381818.0,128.0,,0.2777777777777778
100017075|F|0-28:C>A-28:C>A,100017075,1,unique,Ss10,1130484.0,128.0,,0.0095238095238095
100017265|F|0-28:G>A-28:G>A,100017265,1,unique,Ss03,97368578.0,128.0,,0.4571428571428571
100017331|F|0-28:C>T-28:C>T,100017331,1,unique,Ss10,3522933.0,128.0,,0.0
100017662|F|0-28:T>C-28:T>C,100017662,1,unique,Ss11,10990122.0,128.0,,0.1333333333333333
100018935|F|0-28:A>T-28:A>T,100018935,1,unique,Ss03,84511651.0,128.0,,0.2952380952380952
100020245|F|0-28:G>T-28:G>T,100020245,2,multi,Ss06,12603618.0,128.0,56.7,0.4285714285714285
100020374|F|0-28:A>G-28:A>G,100020374,1,unique,Ss08,16729498.0,128.0,,0.1047619047619047
100021345|F|0-28:C>T-28:C>T,100021345,1,unique,Ss10,16899143.0,128.0,,0.4952380952380952
100022028|F|0-28:C>T-28:C>T,100022028,1,unique,Ss04,74991562.0,128.0,,0.0761904761904762
100022059|F|0-28:G>C-28:G>C,100022059,1,unique,Ss07,2251810.0,128.0,,0.2857142857142857
100022222|F|0-28:C>A-28:C>A,100022222,1,unique,Ss04,3788658.0,128.0,,0.4666666666666667
100022237|F|0-28:A>G-28:A>G,100022237,1,unique,Ss01,8860043.0,128.0,,0.0098039215686274
100028709|F|0-28:A>C-28:A>C,100028709,1,unique,Ss05,3931091.0,87.9,,0.0571428571428571
100028762|F|0-28:C>T-28:C>T,100028762,1,unique,Ss02,8101314.0,71.3,,0.0108695652173913
100028819|F|0-28:A>T-28:A>T,100028819,1,unique,Ss04,75267545.0,93.5,,0.3069306930693069
100029202|F|0-28:C>T-28:C>T,100029202,1,unique,Ss02,24377052.0,82.4,,0.4952380952380952
100029328|F|0-28:G>C-28:G>C,100029328,1,unique,Ss05,51381833.0,100.0,,0.5142857142857142
100029418|F|0-28:C>A-28:C>A,100029418,1,unique,Ss06,15008799.0,76.8,,0.0380952380952381
100029472|F|0-28:G>A-28:G>A,100029472,2,multi,Ss04,11995411.0,87.9,14.800000000000011,0.3333333333333333
100029779|F|0-28:G>A-28:G>A,100029779,1,unique,Ss04,64209632.0,111.0,,0.2857142857142857
100029965|F|0-28:C>T-28:C>T,100029965,1,unique,Ss11,36562201.0,76.8,,0.0
100030110|F|0-28:T>C-28:T>C,100030110,1,unique,Ss09,64196471.0,86.1,,0.1142857142857142
100033683|F|0-28:G>C-28:G>C,100033683,1,unique,Ss08,20921856.0,128.0,,0.3238095238095238
100033784|F|0-28:C>T-28:C>T,100033784,1,unique,Ss04,2861688.0,113.0,,0.238095238095238
100034980|F|0-28:T>C-28:T>C,100034980,1,unique,Ss04,67014061.0,128.0,,0.3333333333333333
100035765|F|0-28:G>A-28:G>A,100035765,1,unique,Ss08,8512644.0,128.0,,0.2952380952380952
100036017|F|0-28:C>A-28:C>A,100036017,1,unique,Ss04,65682057.0,128.0,,0.4285714285714285
100038435|F|0-28:C>A-28:C>A,100038435,1,unique,Ss05,11119537.0,108.0,,0.4476190476190476
100038773|F|0-28:C>G-28:C>G,100038773,1,unique,Ss01,37285873.0,69.4,,0.4761904761904761
100040340|F|0-28:T>C-28:T>C,100040340,1,unique,Ss03,92150335.0,128.0,,0.4711538461538461
100043241|F|0-28:A>C-28:A>C,100043241,2,multi,Ss02,24903317.0,87.9,0.0,0.638095238095238
100043433|F|0-28:G>A-28:G>A,100043433,1,unique,Ss11,892905.0,75.0,,0.0104166666666666
100043908|F|0-28:G>T-28:G>T,100043908,0,unplaced,,,,,0.0
100044506|F|0-28:G>A-28:G>A,100044506,1,unique,Ss01,19987475.0,128.0,,0.0380952380952381
100044877|F|0-28:G>T-28:G>T,100044877,1,unique,Ss03,66953431.0,122.0,,0.0
100044970|F|0-28:C>T-28:C>T,100044970,1,unique,Ss09,49340090.0,124.0,,0.2666666666666666
100046560|F|0-28:A>G-28:A>G,100046560,1,unique,Ss03,10951226.0,128.0,,0.019047619047619
100048696|F|0-28:G>C-28:G>C,100048696,1,unique,Ss03,84282067.0,128.0,,0.1333333333333333
100049642|F|0-28:T>A-28:T>A,100049642,6,multi,Ss11,5740421.0,71.3,0.0,0.0434782608695652
100049995|F|0-28:T>A-28:T>A,100049995,1,unique,Ss11,38112045.0,122.0,,0.0761904761904762
100052701|F|0-28:C>T-28:C>T,100052701,257,multi,Ss04,10091545.0,128.0,4.0,0.0227272727272727
100058916|F|0-28:C>T-28:C>T,100058916,682,multi,Ss11,7963313.0,128.0,0.0,0.2476190476190476
100059264|F|0-28:T>G-28:T>G,100059264,1,unique,Ss03,19147571.0,117.0,,0.4666666666666667
100059664|F|0-28:A>T-28:A>T,100059664,0,unplaced,,,,,0.0394736842105263
100060127|F|0-28:A>G-28:A>G,100060127,1150,multi,Ss09,23653232.0,128.0,0.0,0.0
100060347|F|0-28:A>G-28:A>G,100060347,0,unplaced,,,,,0.0111111111111111
100060559|F|0-28:G>A-28:G>A,100060559,348,multi,Ss04,19210854.0,128.0,0.0,0.0329670329670329
100013135|F|0-29:G>A-29:G>A,100013135,1,unique,Ss04,65773155.0,128.0,,0.0095238095238095
100013293|F|0-29:C>A-29:C>A,100013293,1,unique,Ss03,10398264.0,128.0,,0.5619047619047619
100013632|F|0-29:C>A-29:C>A,100013632,1,unique,Ss07,66100754.0,128.0,,0.0095238095238095
100013890|F|0-29:A>G-29:A>G,100013890,2,multi,Ss01,38531330.0,128.0,20.0,0.0095238095238095
100014044|F|0-29:G>A-29:G>A,100014044,1,unique,Ss03,34517596.0,128.0,,0.0337078651685393
100015125|F|0-29:C>A-29:C>A,100015125,1,unique,Ss11,33070613.0,128.0,,0.0095238095238095
100015199|F|0-29:A>G-29:A>G,100015199,1,unique,Ss06,29196050.0,128.0,,0.0761904761904762
100015387|F|0-29:C>T-29:C>T,100015387,1,unique,Ss03,12866443.0,128.0,,0.116504854368932
100015479|F|0-29:T>C-29:T>C,100015479,1,unique,Ss06,14263914.0,128.0,,0.4857142857142857
100015684|F|0-29:T>C-29:T>C,100015684,1,unique,Ss04,66076718.0,128.0,,0.1809523809523809
100016374|F|0-29:T>A-29:T>A,100016374,1,unique,Ss04,1105541.0,128.0,,0.4571428571428571
100016507|F|0-29:C>T-29:C>T,100016507,14,multi,Ss11,12239412.0,128.0,40.099999999999994,0.010752688172043
100016746|F|0-29:C>G-29:C>G,100016746,1,unique,Ss02,12984136.0,128.0,,0.0388349514563106
100016876|F|0-29:G>A-29:G>A,100016876,1,unique,Ss09,2871441.0,128.0,,0.0095238095238095
100017712|F|0-29:G>A-29:G>A,100017712,1,unique,Ss04,68552076.0,128.0,,0.419047619047619
100017888|F|0-29:G>T-29:G>T,100017888,1,unique,Ss09,1707983.0,128.0,,0.0625
100018700|F|0-29:T>C-29:T>C,100018700,1,unique,Ss04,67153059.0,128.0,,0.0095238095238095
100020174|F|0-29:T>C-29:T>C,100020174,1,unique,Ss04,71592129.0,128.0,,0.0
100020818|F|0-29:A>G-29:A>G,100020818,1,unique,Ss04,66343634.0,128.0,,0.3904761904761905
100028350|F|0-29:T>A-29:T>A,100028350,1,unique,Ss05,3947137.0,104.0,,0.0285714285714285
100028655|F|0-29:G>C-29:G>C,100028655,1,unique,Ss01,9444533.0,84.2,,0.0095238095238095
100028807|F|0-29:G>A-29:G>A,100028807,1,unique,Ss07,5488905.0,100.0,,0.1904761904761904
100028970|F|0-29:C>T-29:C>T,100028970,11,multi,Ss01,19950521.0,80.5,1.7999999999999972,0.0288461538461538
100028971|F|0-29:C>T-29:C>T,100028971,11,multi,Ss02,12394114.0,102.0,12.200000000000003,0.0288461538461538
100029217|F|0-29:C>A-29:C>A,100029217,1,unique,Ss06,1861317.0,67.6,,0.0095238095238095
100029651|F|0-29:G>T-29:G>T,100029651,1,unique,Ss06,10302796.0,99.0,,0.019047619047619
100029832|F|0-29:G>C-29:G>C,100029832,1,unique,Ss01,2672332.0,75.0,,0.019047619047619
100030262|F|0-29:A>G-29:A>G,100030262,1,unique,Ss08,3037555.0,84.2,,0.0153846153846153
100033415|F|0-29:T>C-29:T>C,100033415,3,multi,Ss08,14543157.0,128.0,6.0,0.2571428571428571
100034562|F|0-29:C>T-29:C>T,100034562,1,unique,Ss03,66491583.0,128.0,,0.3904761904761905
100034782|F|0-29:A>T-29:A>T,100034782,1,unique,Ss03,98892758.0,128.0,,0.1442307692307692
100035620|F|0-29:C>G-29:C>G,100035620,1,unique,Ss08,5990459.0,115.0,,0.0285714285714285
100035736|F|0-29:C>T-29:C>T,100035736,1,unique,Ss04,74972515.0,128.0,,0.4571428571428571
100035901|F|0-29:T>A-29:T>A,100035901,1,unique,Ss09,48989472.0,128.0,,0.4313725490196078
100038558|F|0-29:G>A-29:G>A,100038558,1,unique,Ss04,60297125.0,84.2,,0.1809523809523809
100041326|F|0-29:G>A-29:G>A,100041326,6,multi,Ss03,102993262.0,128.0,6.0,0.019047619047619
100043366|F|0-29:G>T-29:G>T,100043366,1,unique,Ss04,71975430.0,75.0,,0.2095238095238095
100045342|F|0-29:C>T-29:C>T,100045342,1,unique,Ss11,7208953.0,128.0,,0.2476190476190476
100050928|F|0-29:A>C-29:A>C,100050928,1,unique,Ss07,46371275.0,71.3,,0.0108695652173913
100052893|F|0-29:T>A-29:T>A,100052893,23,multi,Ss10,1854690.0,128.0,6.0,0.1304347826086956
100060502|F|0-29:G>A-29:G>A,100060502,0,unplaced,,,,,0.0
100061067|F|0-29:T>A-29:T>A,100061067,8,multi,Ss09,8926141.0,69.4,0.0,0.0
100012963|F|0-30:T>C-30:T>C,100012963,65,multi,Ss08,25304651.0,128.0,0.0,0.0098039215686274
100013042|F|0-30:A>G-30:A>G,100013042,1,unique,Ss08,31732030.0,128.0,,0.4380952380952381
100013542|F|0-30:C>G-30:C>G,100013542,1,unique,Ss01,34725486.0,128.0,,0.2
100013544|F|0-30:G>T-30:G>T,100013544,1,unique,Ss06,6518871.0,128.0,,0.019047619047619
100013630|F|0-30:A>G-30:A>G,100013630,1,unique,Ss03,2529781.0,128.0,,0.5047619047619047
100013640|F|0-30:A>G-30:A>G,100013640,1,unique,Ss05,3947189.0,128.0,,0.1428571428571428
100014668|F|0-30:A>T-30:A>T,100014668,1,unique,Ss09,48841063.0,128.0,,0.3238095238095238
100015397|F|0-30:G>C-30:G>C,100015397,1,unique,Ss01,45844609.0,128.0,,0.1142857142857142
100015429|F|0-30:C>A-30:C>A,100015429,1,unique,Ss02,24316217.0,128.0,,0.1523809523809524
100015600|F|0-30:C>A-30:C>A,100015600,1,unique,Ss10,15832695.0,128.0,,0.3904761904761905
100016549|F|0-30:A>G-30:A>G,100016549,1,unique,Ss01,34725421.0,128.0,,0.1619047619047619
100016921|F|0-30:C>T-30:C>T,100016921,1,unique,Ss07,1413342.0,128.0,,0.019047619047619
100017001|F|0-30:T>G-30:T>G,100017001,1,unique,Ss03,7103376.0,128.0,,0.419047619047619
100017030|F|0-30:G>T-30:G>T,100017030,1,unique,Ss04,65008445.0,128.0,,0.0095238095238095
100017201|F|0-30:C>G-30:C>G,100017201,1,unique,Ss03,82649730.0,128.0,,0.0761904761904762
100017282|F|0-30:C>G-30:C>G,100017282,1,unique,Ss03,93666012.0,128.0,,0.0761904761904762
100017285|F|0-30:C>T-30:C>T,100017285,2,multi,Ss10,9525196.0,128.0,0.0,0.4571428571428571
100017840|F|0-30:G>A-30:G>A,100017840,1,unique,Ss06,3408102.0,128.0,,0.1142857142857142
100018119|F|0-30:G>A-30:G>A,100018119,1,unique,Ss03,87852509.0,128.0,,0.0597014925373134
100018485|F|0-30:G>A-30:G>A,100018485,1,unique,Ss02,17301335.0,128.0,,0.2285714285714285
100018689|F|0-30:A>C-30:A>C,100018689,1,unique,Ss03,16467662.0,128.0,,0.1523809523809524
100018777|F|0-30:G>C-30:G>C,100018777,1,unique,Ss01,10609472.0,128.0,,0.0095238095238095
100019248|F|0-30:G>A-30:G>A,100019248,1,unique,Ss02,10401507.0,128.0,,0.1764705882352941
100019646|F|0-30:T>C-30:T>C,100019646,1,unique,Ss03,60678183.0,128.0,,0.3238095238095238
100019661|F|0-30:A>T-30:A>T,100019661,1,unique,Ss09,48965499.0,128.0,,0.4476190476190476
100019839|F|0-30:G>A-30:G>A,100019839,1,unique,Ss09,47201899.0,128.0,,0.2372881355932203
100019861|F|0-30:G>C-30:G>C,100019861,1,unique,Ss11,26858947.0,128.0,,0.0666666666666666
100020644|F|0-30:T>A-30:T>A,100020644,1,unique,Ss08,20888786.0,128.0,,0.3047619047619048
100020997|F|0-30:C>T-30:C>T,100020997,1,unique,Ss09,53934697.0,128.0,,0.0571428571428571
100021093|F|0-30:G>T-30:G>T,100021093,27,multi,Ss05,50442028.0,128.0,0.0,0.125
100028230|F|0-30:T>C-30:T>C,100028230,37,multi,Ss11,434017.0,93.5,1.9000000000000057,0.0520833333333333
100028348|F|0-30:A>C-30:A>C,100028348,1,unique,Ss03,83959463.0,87.9,,0.0380952380952381
100028946|F|0-30:A>G-30:A>G,100028946,1,unique,Ss02,23091992.0,89.8,,0.5142857142857142
100029037|F|0-30:A>C-30:A>C,100029037,1,unique,Ss03,75767285.0,99.0,,0.4
100029185|F|0-30:A>G-30:A>G,100029185,1,unique,Ss03,88392644.0,100.0,,0.1523809523809524
100029248|F|0-30:C>A-30:C>A,100029248,1,unique,Ss01,42461741.0,80.5,,0.0571428571428571
100029793|F|0-30:G>A-30:G>A,100029793,1,unique,Ss10,15400973.0,80.5,,0.1333333333333333
100029970|F|0-30:G>A-30:G>A,100029970,1,unique,Ss08,20919487.0,89.8,,0.3523809523809524
100030017|F|0-30:G>A-30:G>A,100030017,1,unique,Ss10,5194817.0,110.0,,0.2761904761904762
100030103|F|0-30:C>A-30:C>A,100030103,1,unique,Ss06,15321376.0,84.2,,0.029126213592233
100030203|F|0-30:A>C-30:A>C,100030203,1,unique,Ss06,13465194.0,91.6,,0.0285714285714285
100030568|F|0-30:G>A-30:G>A,100030568,1,unique,Ss09,1511374.0,108.0,,0.019047619047619
100033333|F|0-30:G>A-30:G>A,100033333,1,unique,Ss03,99045571.0,128.0,,0.2095238095238095
100033357|F|0-30:G>A-30:G>A,100033357,1,unique,Ss06,18434876.0,128.0,,0.2095238095238095
100033917|F|0-30:A>G-30:A>G,100033917,1,unique,Ss05,12809733.0,121.0,,0.0095238095238095
100034507|F|0-30:A>G-30:A>G,100034507,1,unique,Ss06,11799862.0,128.0,,0.2476190476190476
100035075|F|0-30:T>C-30:T>C,100035075,1,unique,Ss04,67584662.0,128.0,,0.3523809523809524
100035151|F|0-30:T>C-30:T>C,100035151,3,multi,Ss09,20299946.0,128.0,6.0,0.1238095238095238
100040392|F|0-30:G>A-30:G>A,100040392,1,unique,Ss09,61740565.0,128.0,,0.0285714285714285
100040427|F|0-30:T>C-30:T>C,100040427,1,unique,Ss06,7677230.0,115.0,,0.0952380952380952
100040977|F|0-30:G>T-30:G>T,100040977,2,multi,Ss01,17196203.0,128.0,11.0,0.4285714285714285
100041232|F|0-30:T>A-30:T>A,100041232,1,unique,Ss11,37013519.0,128.0,,0.1809523809523809
100041267|F|0-30:C>T-30:C>T,100041267,1,unique,Ss09,7498055.0,128.0,,0.0303030303030303
100041635|F|0-30:A>G-30:A>G,100041635,2,multi,Ss02,12391947.0,128.0,58.599999999999994,0.2115384615384615
100042884|F|0-30:G>A-30:G>A,100042884,2,multi,Ss03,99398003.0,128.0,6.0,0.0095238095238095
100043216|F|0-30:A>T-30:A>T,100043216,1,unique,Ss11,24356564.0,93.5,,0.1428571428571428
100043426|F|0-30:G>A-30:G>A,100043426,1,unique,Ss09,47201899.0,95.3,,0.4571428571428571
100044425|F|0-30:C>T-30:C>T,100044425,3,multi,Ss02,9434088.0,122.0,0.0,0.4903846153846153
100046473|F|0-30:G>A-30:G>A,100046473,1,unique,Ss11,350491.0,128.0,,0.0138888888888888
100046659|F|0-30:C>A-30:C>A,100046659,1,unique,Ss05,2300278.0,128.0,,0.1333333333333333
100051053|F|0-30:A>G-30:A>G,100051053,52,multi,Ss11,5238937.0,76.8,0.0,0.0125
100052894|F|0-30:A>C-30:A>C,100052894,0,unplaced,,,,,0.4761904761904761
100053878|F|0-30:C>T-30:C>T,100053878,65,multi,Ss07,60842609.0,128.0,6.0,0.0
100054606|F|0-30:G>A-30:G>A,100054606,355,multi,Ss06,67833125.0,128.0,0.0,0.0
100058374|F|0-30:G>A-30:G>A,100058374,1025,multi,Ss03,34071485.0,128.0,0.0,0.0510204081632653
100058672|F|0-30:C>T-30:C>T,100058672,17,multi,Ss10,7170133.0,128.0,0.0,0.3168316831683168
100058950|F|0-30:C>T-30:C>T,100058950,1,unique,Ss01,40591815.0,117.0,,0.0285714285714285
100060146|F|0-30:C>A-30:C>A,100060146,276,multi,Ss05,26916942.0,117.0,11.0,0.0129870129870129
100060581|F|0-30:C>A-30:C>A,100060581,1,unique,Ss04,43982119.0,122.0,,0.0
100013074|F|0-31:T>C-31:T>C,100013074,1,unique,Ss05,55643541.0,128.0,,0.1428571428571428
100013548|F|0-31:T>C-31:T>C,100013548,1,unique,Ss02,10294908.0,128.0,,0.2761904761904762
100014472|F|0-31:C>A-31:C>A,100014472,1,unique,Ss11,35488895.0,128.0,,0.4857142857142857
100014559|F|0-31:C>A-31:C>A,100014559,1,unique,Ss01,30836911.0,128.0,,0.1428571428571428
100014580|F|0-31:T>A-31:T>A,100014580,1,unique,Ss04,5005748.0,128.0,,0.1047619047619047
100014597|F|0-31:C>A-31:C>A,100014597,1,unique,Ss02,3564502.0,128.0,,0.019047619047619
100014812|F|0-31:G>T-31:G>T,100014812,1,unique,Ss08,33589350.0,128.0,,0.3904761904761905
100015392|F|0-31:C>T-31:C>T,100015392,1,unique,Ss03,73049028.0,128.0,,0.019047619047619
100015415|F|0-31:C>A-31:C>A,100015415,2,multi,Ss04,67529063.0,128.0,0.0,0.7523809523809524
100015801|F|0-31:A>T-31:A>T,100015801,1,unique,Ss04,66942665.0,128.0,,0.2476190476190476
100015905|F|0-31:G>A-31:G>A,100015905,1,unique,Ss06,5865394.0,128.0,,0.1047619047619047
100016042|F|0-31:G>A-31:G>A,100016042,1,unique,Ss02,4687278.0,128.0,,0.0666666666666666
100016207|F|0-31:T>A-31:T>A,100016207,1,unique,Ss01,12757734.0,128.0,,0.0380952380952381
100016220|F|0-31:G>A-31:G>A,100016220,2,multi,Ss06,14438293.0,113.0,25.099999999999994,0.2815533980582524
100016256|F|0-31:A>C-31:A>C,100016256,1,unique,Ss01,19574141.0,128.0,,0.1619047619047619
100017262|F|0-31:A>T-31:A>T,100017262,3,multi,Ss01,46580187.0,128.0,0.0,0.0095238095238095
100017301|F|0-31:G>A-31:G>A,100017301,1,unique,Ss09,16346010.0,128.0,,0.019047619047619
100017692|F|0-31:G>T-31:G>T,100017692,1,unique,Ss05,56490603.0,115.0,,0.3904761904761905
100017906|F|0-31:G>A-31:G>A,100017906,1,unique,Ss01,26571415.0,128.0,,0.4
100019488|F|0-31:C>T-31:C>T,100019488,1,unique,Ss09,4399914.0,128.0,,0.0490196078431372
100019536|F|0-31:G>A-31:G>A,100019536,1,unique,Ss02,24049156.0,128.0,,0.0857142857142857
100020314|F|0-31:G>A-31:G>A,100020314,1,unique,Ss01,45007485.0,128.0,,0.4952380952380952
100020470|F|0-31:T>C-31:T>C,100020470,1,unique,Ss06,2485919.0,128.0,,0.0380952380952381
100021368|F|0-31:T>C-31:T>C,100021368,1,unique,Ss03,43656777.0,128.0,,0.0666666666666666
100021906|F|0-31:C>G-31:C>G,100021906,1,unique,Ss04,6622090.0,128.0,,0.0571428571428571
100022099|F|0-31:T>C-31:T>C,100022099,1,unique,Ss08,17983337.0,128.0,,0.2857142857142857
100022516|F|0-31:C>A-31:C>A,100022516,3,multi,Ss03,60980929.0,117.0,0.0,0.02
100022600|F|0-31:A>T-31:A>T,100022600,1,unique,Ss01,18245850.0,128.0,,0.4380952380952381
100028495|F|0-31:A>T-31:A>T,100028495,0,unplaced,,,,,0.1619047619047619
100028894|F|0-31:A>C-31:A>C,100028894,1,unique,Ss05,9543282.0,104.0,,0.0761904761904762
100029002|F|0-31:C>A-31:C>A,100029002,1,unique,Ss04,70621665.0,93.5,,0.088235294117647
100029041|F|0-31:A>T-31:A>T,100029041,1,unique,Ss07,2200636.0,69.4,,0.0761904761904762
100029559|F|0-31:T>C-31:T>C,100029559,1,unique,Ss03,82608155.0,106.0,,0.0952380952380952
100029816|F|0-31:C>A-31:C>A,100029816,1,unique,Ss04,66024902.0,84.2,,0.1904761904761904
100029840|F|0-31:T>C-31:T>C,100029840,1,unique,Ss10,16252455.0,89.8,,0.3714285714285714
100033542|F|0-31:T>C-31:T>C,100033542,1,unique,Ss10,15394609.0,128.0,,0.0857142857142857
100034520|F|0-31:G>A-31:G>A,100034520,1,unique,Ss09,58309306.0,128.0,,0.4761904761904761
100035059|F|0-31:C>G-31:C>G,100035059,2,multi,Ss02,8987087.0,128.0,6.0,0.8
100035142|F|0-31:C>T-31:C>T,100035142,1,unique,Ss04,70488315.0,128.0,,0.0198019801980198
100035644|F|0-31:C>T-31:C>T,100035644,1,unique,Ss03,59068359.0,128.0,,0.0106382978723404
100036056|F|0-31:G>A-31:G>A,100036056,1,unique,Ss04,69113900.0,128.0,,0.3523809523809524
100039953|F|0-31:A>G-31:A>G,100039953,1,unique,Ss06,29837801.0,128.0,,0.4476190476190476
100043548|F|0-31:T>C-31:T>C,100043548,1,unique,Ss03,92141326.0,100.0,,0.0116279069767441
100044544|F|0-31:A>G-31:A>G,100044544,1,unique,Ss06,3420504.0,128.0,,0.1523809523809524
100044659|F|0-31:T>G-31:T>G,100044659,1,unique,Ss02,24124256.0,124.0,,0.0096153846153846
100045179|F|0-31:C>T-31:C>T,100045179,1,unique,Ss05,52550477.0,128.0,,0.2285714285714285
100046200|F|0-31:A>C-31:A>C,100046200,1,unique,Ss08,7019685.0,110.0,,0.4571428571428571
100050958|F|0-31:A>T-31:A>T,100050958,0,unplaced,,,,,0.0108695652173913
100059665|F|0-31:T>A-31:T>A,100059665,0,unplaced,,,,,0.0
100061065|F|0-31:T>C-31:T>C,100061065,3,multi,Ss06,88014161.0,69.4,0.0,0.0235294117647058
100013667|F|0-32:C>A-32:C>A,100013667,1,unique,Ss11,27893730.0,128.0,,0.238095238095238
100014234|F|0-32:G>T-32:G>T,100014234,1,unique,Ss09,15894608.0,128.0,,0.0096153846153846
100014280|F|0-32:A>T-32:A>T,100014280,1,unique,Ss06,14033132.0,128.0,,0.0380952380952381
100014878|F|0-32:G>A-32:G>A,100014878,1,unique,Ss05,8519205.0,128.0,,0.1904761904761904
100015230|F|0-32:C>T-32:C>T,100015230,1,unique,Ss08,5457162.0,128.0,,0.0095238095238095
100016173|F|0-32:C>T-32:C>T,100016173,1,unique,Ss03,67333578.0,128.0,,0.3904761904761905
100017493|F|0-32:T>C-32:T>C,100017493,1,unique,Ss03,11473332.0,128.0,,0.0833333333333333
100017621|F|0-32:G>A-32:G>A,100017621,1,unique,Ss08,1903408.0,128.0,,0.0952380952380952
100017892|F|0-32:A>G-32:A>G,100017892,1,unique,Ss01,27451834.0,128.0,,0.4571428571428571
100018023|F|0-32:C>G-32:C>G,100018023,1,unique,Ss02,3904296.0,128.0,,0.25
100018045|F|0-32:A>G-32:A>G,100018045,1,unique,Ss10,17875616.0,128.0,,0.0380952380952381
100018496|F|0-32:T>G-32:T>G,100018496,1,unique,Ss09,43881569.0,128.0,,0.4476190476190476
100018501|F|0-32:C>T-32:C>T,100018501,1,unique,Ss11,18999990.0,128.0,,0.0103092783505154
100019012|F|0-32:A>T-32:A>T,100019012,1,unique,Ss08,1811780.0,128.0,,0.0952380952380952
100019182|F|0-32:C>T-32:C>T,100019182,0,unplaced,,,,,0.1714285714285714
100019242|F|0-32:A>G-32:A>G,100019242,1,unique,Ss05,55074493.0,128.0,,0.4857142857142857
100019784|F|0-32:C>G-32:C>G,100019784,1,unique,Ss07,2348917.0,128.0,,0.238095238095238
100019896|F|0-32:C>T-32:C>T,100019896,1,unique,Ss08,20478723.0,128.0,,0.4476190476190476
100020429|F|0-32:G>A-32:G>A,100020429,1,unique,Ss05,55522824.0,128.0,,0.0571428571428571
100020859|F|0-32:T>C-32:T>C,100020859,0,unplaced,,,,,0.2285714285714285
100021521|F|0-32:T>G-32:T>G,100021521,1,unique,Ss01,45972546.0,128.0,,0.019047619047619
100021889|F|0-32:T>A-32:T>A,100021889,1,unique,Ss07,7053517.0,128.0,,0.2952380952380952
100021896|F|0-32:A>G-32:A>G,100021896,1,unique,Ss01,27050362.0,128.0,,0.0396039603960396
100022022|F|0-32:T>G-32:T>G,100022022,1,unique,Ss02,24649657.0,128.0,,0.1333333333333333
100029178|F|0-32:G>A-32:G>A,100029178,1,unique,Ss04,63429496.0,73.1,,0.4095238095238095
100029221|F|0-32:C>A-32:C>A,100029221,1,unique,Ss09,10127647.0,73.1,,0.0095238095238095
100029251|F|0-32:C>A-32:C>A,100029251,1,unique,Ss04,53844815.0,73.1,,0.4952380952380952
100029674|F|0-32:C>G-32:C>G,100029674,1,unique,Ss02,3904296.0,108.0,,0.419047619047619
100029850|F|0-32:T>C-32:T>C,100029850,1,unique,Ss10,4297867.0,100.0,,0.4095238095238095
100033601|F|0-32:C>A-32:C>A,100033601,1,unique,Ss10,16769142.0,128.0,,0.0129870129870129
100034454|F|0-32:T>C-32:T>C,100034454,1,unique,Ss01,8149605.0,128.0,,0.3238095238095238
100034493|F|0-32:C>T-32:C>T,100034493,1,unique,Ss01,46898846.0,128.0,,0.2571428571428571
100034571|F|0-32:T>A-32:T>A,100034571,1,unique,Ss05,11150564.0,128.0,,0.1523809523809524
100035010|F|0-32:A>C-32:A>C,100035010,1,unique,Ss01,34165682.0,128.0,,0.2095238095238095
100035727|F|0-32:C>A-32:C>A,100035727,1,unique,Ss08,20855949.0,128.0,,0.3714285714285714
100035857|F|0-32:C>A-32:C>A,100035857,1,unique,Ss02,10458955.0,128.0,,0.1683168316831683
100036100|F|0-32:C>T-32:C>T,100036100,1,unique,Ss05,6316808.0,128.0,,0.1333333333333333
100038675|F|0-32:A>T-32:A>T,100038675,1,unique,Ss10,14137717.0,73.1,,0.032258064516129
100038761|F|0-32:T>C-32:T>C,100038761,1,unique,Ss03,11473332.0,97.1,,0.1904761904761904
100038818|F|0-32:G>T-32:G>T,100038818,1,unique,Ss02,19658923.0,100.0,,0.1904761904761904
100040510|F|0-32:T>C-32:T>C,100040510,1,unique,Ss09,62326711.0,128.0,,0.4666666666666667
100058884|F|0-32:A>G-32:A>G,100058884,61,multi,Ss11,7280099.0,104.0,4.0,0.1011235955056179
100013163|F|0-33:C>A-33:C>A,100013163,1,unique,Ss05,54844945.0,128.0,,0.1809523809523809
100013231|F|0-33:C>T-33:C>T,100013231,1,unique,Ss03,101313144.0,128.0,,0.1333333333333333
100013326|F|0-33:T>A-33:T>A,100013326,1,unique,Ss08,17243434.0,128.0,,0.3238095238095238
100013864|F|0-33:G>A-33:G>A,100013864,1,unique,Ss04,70639954.0,128.0,,0.0571428571428571
100014047|F|0-33:T>C-33:T>C,100014047,1,unique,Ss01,6458010.0,128.0,,0.0857142857142857
100014140|F|0-33:C>G-33:C>G,100014140,1,unique,Ss09,12605034.0,128.0,,0.0891089108910891
100015076|F|0-33:T>C-33:T>C,100015076,1,unique,Ss01,40986664.0,128.0,,0.4571428571428571
100015328|F|0-33:T>C-33:T>C,100015328,1,unique,Ss11,33041425.0,128.0,,0.3904761904761905
100015680|F|0-33:A>G-33:A>G,100015680,1,unique,Ss04,65556643.0,128.0,,0.1142857142857142
100015855|F|0-33:A>T-33:A>T,100015855,1,unique,Ss08,9345249.0,128.0,,0.4
100016003|F|0-33:A>T-33:A>T,100016003,1,unique,Ss01,9540226.0,128.0,,0.4952380952380952
100016202|F|0-33:A>G-33:A>G,100016202,1,unique,Ss10,3147923.0,113.0,,0.0103092783505154
100016748|F|0-33:G>T-33:G>T,100016748,1,unique,Ss01,43811087.0,128.0,,0.0476190476190476
100017224|F|0-33:A>C-33:A>C,100017224,1,unique,Ss01,28100016.0,128.0,,0.171875
100017238|F|0-33:G>T-33:G>T,100017238,1,unique,Ss07,45764649.0,128.0,,0.0285714285714285
100017435|F|0-33:T>G-33:T>G,100017435,1,unique,Ss04,65880362.0,128.0,,0.4174757281553398
100017575|F|0-33:C>A-33:C>A,100017575,1,unique,Ss10,8708403.0,128.0,,0.0857142857142857
100019511|F|0-33:G>A-33:G>A,100019511,1,unique,Ss02,14299711.0,128.0,,0.2761904761904762
100020211|F|0-33:C>A-33:C>A,100020211,1,unique,Ss10,15977082.0,128.0,,0.419047619047619
100020264|F|0-33:T>A-33:T>A,100020264,1,unique,Ss03,96634453.0,128.0,,0.2285714285714285
100020287|F|0-33:A>G-33:A>G,100020287,1,unique,Ss05,54883026.0,128.0,,0.0761904761904762
100020908|F|0-33:C>G-33:C>G,100020908,1,unique,Ss07,6251066.0,128.0,,0.019047619047619
100021275|F|0-33:T>A-33:T>A,100021275,1,unique,Ss01,17703584.0,128.0,,0.419047619047619
100022074|F|0-33:A>G-33:A>G,100022074,1,unique,Ss04,68229369.0,128.0,,0.019047619047619
100022668|F|0-33:C>A-33:C>A,100022668,1,unique,Ss02,3567660.0,128.0,,0.0309278350515463
100028334|F|0-33:A>C-33:A>C,100028334,1,unique,Ss03,90666975.0,108.0,,0.5523809523809524
100028724|F|0-33:C>T-33:C>T,100028724,1,unique,Ss08,12545876.0,86.1,,0.019047619047619
100029137|F|0-33:C>A-33:C>A,100029137,1,unique,Ss01,30767964.0,91.6,,0.0095238095238095
100030143|F|0-33:C>T-33:C>T,100030143,1,unique,Ss02,3919436.0,71.3,,0.4380952380952381
100030370|F|0-33:G>A-33:G>A,100030370,1,unique,Ss06,14437939.0,80.5,,0.2857142857142857
100033115|F|0-33:C>G-33:C>G,100033115,1,unique,Ss07,318756.0,128.0,,0.4952380952380952
100033424|F|0-33:A>T-33:A>T,100033424,1,unique,Ss08,16674525.0,122.0,,0.1323529411764706
100033755|F|0-33:T>A-33:T>A,100033755,1,unique,Ss03,67483523.0,128.0,,0.4857142857142857
100034535|F|0-33:A>T-33:A>T,100034535,2,multi,Ss10,18656063.0,128.0,6.0,0.019047619047619
100034536|F|0-33:A>C-33:A>C,100034536,1,unique,Ss02,21239322.0,128.0,,0.0571428571428571
100034727|F|0-33:C>A-33:C>A,100034727,1,unique,Ss08,34424282.0,122.0,,0.0212765957446808
100034862|F|0-33:T>C-33:T>C,100034862,1,unique,Ss08,28822292.0,128.0,,0.0256410256410256
100035489|F|0-33:C>A-33:C>A,100035489,1,unique,Ss01,41159216.0,128.0,,0.203883495145631
100036033|F|0-33:T>C-33:T>C,100036033,1,unique,Ss11,25065734.0,128.0,,0.1047619047619047
100036086|F|0-33:A>G-33:A>G,100036086,1,unique,Ss02,10578679.0,128.0,,0.5047619047619047
100038931|F|0-33:A>G-33:A>G,100038931,1,unique,Ss03,94249455.0,75.0,,0.0285714285714285
100039052|F|0-33:G>C-33:G>C,100039052,1,unique,Ss01,46460621.0,100.0,,0.019047619047619
100039138|F|0-33:A>G-33:A>G,100039138,1,unique,Ss04,3557102.0,82.4,,0.0865384615384615
100040406|F|0-33:C>T-33:C>T,100040406,1,unique,Ss07,399731.0,128.0,,0.39
100041505|F|0-33:C>T-33:C>T,100041505,1,unique,Ss04,57647527.0,126.0,,0.1238095238095238
100041567|F|0-33:A>T-33:A>T,100041567,1,unique,Ss10,4297917.0,128.0,,0.4666666666666667
100041959|F|0-33:T>G-33:T>G,100041959,1,unique,Ss04,1449100.0,122.0,,0.2211538461538461
100044355|F|0-33:C>T-33:C>T,100044355,1,unique,Ss04,65802947.0,128.0,,0.019047619047619
100046561|F|0-33:G>T-33:G>T,100046561,5,multi,Ss07,65626972.0,128.0,6.0,0.019047619047619
100054560|F|0-33:A>G-33:A>G,100054560,14,multi,Ss03,19274233.0,128.0,11.0,0.2115384615384615
100055640|F|0-33:G>T-33:G>T,100055640,1,unique,Ss03,84611347.0,117.0,,0.4380952380952381
100055971|F|0-33:T>C-33:T>C,100055971,348,multi,Ss09,46176655.0,104.0,5.0,0.0
100056654|F|0-33:C>T-33:C>T,100056654,1,unique,Ss10,4264930.0,82.4,,0.0266666666666666
100058913|F|0-33:A>C-33:A>C,100058913,638,multi,Ss09,30743663.0,128.0,0.0,0.2476190476190476
100061069|F|0-33:C>T-33:C>T,100061069,2,multi,Ss03,19725553.0,69.4,0.0,0.0
100013230|F|0-34:C>A-34:C>A,100013230,1,unique,Ss11,35651941.0,128.0,,0.0571428571428571
100013384|F|0-34:G>A-34:G>A,100013384,1,unique,Ss11,2507406.0,128.0,,0.0952380952380952
100014038|F|0-34:G>C-34:G>C,100014038,1,unique,Ss09,15259477.0,128.0,,0.1904761904761904
100014517|F|0-34:C>T-34:C>T,100014517,1,unique,Ss02,3427001.0,128.0,,0.2666666666666666
100014823|F|0-34:G>A-34:G>A,100014823,1,unique,Ss02,17811332.0,128.0,,0.0095238095238095
100015063|F|0-34:T>C-34:T>C,100015063,1,unique,Ss05,6634812.0,128.0,,0.0485436893203883
100015319|F|0-34:T>A-34:T>A,100015319,1,unique,Ss01,44449824.0,128.0,,0.1047619047619047
100015435|F|0-34:C>G-34:C>G,100015435,1,unique,Ss07,1297432.0,128.0,,0.0095238095238095
100015642|F|0-34:T>C-34:T>C,100015642,1,unique,Ss05,9728381.0,128.0,,0.0208333333333333
100015871|F|0-34:C>A-34:C>A,100015871,2,multi,Ss02,12554680.0,128.0,0.0,0.0181818181818181
100015927|F|0-34:C>T-34:C>T,100015927,1,unique,Ss05,55947106.0,128.0,,0.25
100016557|F|0-34:A>C-34:A>C,100016557,4,multi,Ss08,26850397.0,122.0,14.0,0.0476190476190476
100016651|F|0-34:T>C-34:T>C,100016651,1,unique,Ss03,100168406.0,128.0,,0.4571428571428571
100016722|F|0-34:C>T-34:C>T,100016722,1,unique,Ss07,240978.0,128.0,,0.2058823529411764
100017243|F|0-34:C>G-34:C>G,100017243,1,unique,Ss10,13852176.0,128.0,,0.2666666666666666
100017362|F|0-34:C>A-34:C>A,100017362,1,unique,Ss04,58237882.0,128.0,,0.2476190476190476
100017652|F|0-34:G>A-34:G>A,100017652,25,multi,Ss07,20785475.0,128.0,13.0,0.099009900990099
100017653|F|0-34:G>A-34:G>A,100017653,1,unique,Ss06,3421000.0,128.0,,0.1238095238095238
100017658|F|0-34:T>G-34:T>G,100017658,1,unique,Ss01,41027307.0,128.0,,0.419047619047619
100017698|F|0-34:C>A-34:C>A,100017698,1,unique,Ss03,59857184.0,128.0,,0.1238095238095238
100017877|F|0-34:T>G-34:T>G,100017877,1,unique,Ss07,140574.0,128.0,,0.4285714285714285
100018233|F|0-34:G>A-34:G>A,100018233,1,unique,Ss01,19864631.0,128.0,,0.0149253731343283
100018361|F|0-34:C>A-34:C>A,100018361,1,unique,Ss04,67058083.0,128.0,,0.1428571428571428
100018705|F|0-34:T>C-34:T>C,100018705,1,unique,Ss10,15915247.0,128.0,,0.4476190476190476
100018998|F|0-34:T>C-34:T>C,100018998,1,unique,Ss01,35686272.0,128.0,,0.0095238095238095
100019747|F|0-34:A>T-34:A>T,100019747,1,unique,Ss11,27547.0,128.0,,0.019047619047619
100020050|F|0-34:T>G-34:T>G,100020050,2,multi,Ss11,27194737.0,128.0,6.0,0.1619047619047619
100020248|F|0-34:C>A-34:C>A,100020248,1,unique,Ss04,71432742.0,128.0,,0.3333333333333333
100020867|F|0-34:T>C-34:T>C,100020867,2,multi,Ss04,67566958.0,128.0,32.7,0.3523809523809524
100021685|F|0-34:T>A-34:T>A,100021685,1,unique,Ss06,2436138.0,128.0,,0.3142857142857143
100021781|F|0-34:C>G-34:C>G,100021781,1,unique,Ss03,99229412.0,128.0,,0.0761904761904762
100022113|F|0-34:G>C-34:G>C,100022113,1,unique,Ss09,14898839.0,122.0,,0.0952380952380952
100029461|F|0-34:G>A-34:G>A,100029461,1,unique,Ss06,5837081.0,86.1,,0.3619047619047619
100029593|F|0-34:A>G-34:A>G,100029593,1,unique,Ss03,9197839.0,87.9,,0.1142857142857142
100030731|F|0-34:T>C-34:T>C,100030731,1,unique,Ss10,13056215.0,71.3,,0.0666666666666666
100033514|F|0-34:C>T-34:C>T,100033514,1,unique,Ss05,48604047.0,128.0,,0.3142857142857143
100033560|F|0-34:A>T-34:A>T,100033560,1,unique,Ss10,2340665.0,128.0,,0.0
100034798|F|0-34:C>G-34:C>G,100034798,2,multi,Ss06,38386289.0,128.0,6.0,0.1538461538461538
100034936|F|0-34:G>C-34:G>C,100034936,1,unique,Ss03,6330329.0,128.0,,0.219047619047619
100035018|F|0-34:T>A-34:T>A,100035018,1,unique,Ss08,18103529.0,128.0,,0.0131578947368421
100035103|F|0-34:C>G-34:C>G,100035103,1,unique,Ss04,74112128.0,128.0,,0.0761904761904762
100035142|F|0-34:G>T-34:G>T,100035142,1,unique,Ss04,70488315.0,128.0,,0.0396039603960396
100035973|F|0-34:C>T-34:C>T,100035973,9,multi,Ss11,50261.0,128.0,11.0,0.0857142857142857
100036015|F|0-34:G>A-34:G>A,100036015,2,multi,Ss02,11692279.0,128.0,11.0,0.0952380952380952
100036126|F|0-34:T>C-34:T>C,100036126,1,unique,Ss10,2614511.0,128.0,,0.3428571428571428
100038348|F|0-34:A>G-34:A>G,100038348,1,unique,Ss10,5325601.0,106.0,,0.019047619047619
100038564|F|0-34:C>T-34:C>T,100038564,1,unique,Ss05,9728381.0,91.6,,0.019047619047619
100039191|F|0-34:C>A-34:C>A,100039191,1,unique,Ss01,31490032.0,104.0,,0.0666666666666666
100040444|F|0-34:C>A-34:C>A,100040444,2,multi,Ss02,10367990.0,126.0,0.0,0.1428571428571428
100041373|F|0-34:A>C-34:A>C,100041373,1,unique,Ss04,70639204.0,128.0,,0.1809523809523809
100042005|F|0-34:A>G-34:A>G,100042005,1,unique,Ss04,72709244.0,128.0,,0.2857142857142857
100043154|F|0-34:C>T-34:C>T,100043154,1,unique,Ss09,15977778.0,75.0,,0.019047619047619
100043997|F|0-34:A>G-34:A>G,100043997,1,unique,Ss03,72872262.0,128.0,,0.3333333333333333
100046319|F|0-34:T>C-34:T>C,100046319,1,unique,Ss02,10412804.0,106.0,,0.196078431372549
100046321|F|0-34:T>C-34:T>C,100046321,1,unique,Ss06,4034777.0,110.0,,0.5047619047619047
100047059|F|0-34:G>T-34:G>T,100047059,1,unique,Ss04,7195560.0,122.0,,0.375
100048973|F|0-34:A>G-34:A>G,100048973,13,multi,Ss05,11616052.0,128.0,6.0,0.0508474576271186
100054559|F|0-34:G>C-34:G>C,100054559,11,multi,Ss03,19284742.0,128.0,0.0,0.1274509803921568
100058673|F|0-34:G>A-34:G>A,100058673,18,multi,Ss09,62548881.0,128.0,0.0,0.5142857142857142
100059666|F|0-34:A>T-34:A>T,100059666,0,unplaced,,,,,0.0
100014218|F|0-35:C>T-35:C>T,100014218,1,unique,Ss03,31196201.0,128.0,,0.0181818181818181
100015791|F|0-35:G>A-35:G>A,100015791,1,unique,Ss04,6682507.0,128.0,,0.019047619047619
100016415|F|0-35:A>G-35:A>G,100016415,1,unique,Ss04,50818791.0,128.0,,0.1619047619047619
100016517|F|0-35:T>A-35:T>A,100016517,1,unique,Ss05,52124821.0,128.0,,0.3619047619047619
100016622|F|0-35:T>C-35:T>C,100016622,1,unique,Ss11,597936.0,128.0,,0.019047619047619
100016813|F|0-35:C>T-35:C>T,100016813,1,unique,Ss04,73265832.0,128.0,,0.3428571428571428
100016903|F|0-35:A>G-35:A>G,100016903,1,unique,Ss04,75627852.0,128.0,,0.1428571428571428
100016928|F|0-35:C>G-35:C>G,100016928,1,unique,Ss03,82221158.0,128.0,,0.0476190476190476
100017011|F|0-35:C>T-35:C>T,100017011,1,unique,Ss03,96347793.0,128.0,,0.3238095238095238
100017505|F|0-35:A>G-35:A>G,100017505,1,unique,Ss05,8668286.0,128.0,,0.5142857142857142
100017724|F|0-35:T>C-35:T>C,100017724,1,unique,Ss04,57419712.0,128.0,,0.0476190476190476
100018520|F|0-35:A>G-35:A>G,100018520,1,unique,Ss02,12198547.0,128.0,,0.1057692307692307
100018711|F|0-35:A>G-35:A>G,100018711,1,unique,Ss02,1641475.0,128.0,,0.1428571428571428
100019198|F|0-35:G>T-35:G>T,100019198,1,unique,Ss01,46921649.0,128.0,,0.1538461538461538
100019259|F|0-35:C>T-35:C>T,100019259,205,multi,Ss09,32557384.0,126.0,2.0,0.1683168316831683
100019402|F|0-35:A>C-35:A>C,100019402,1,unique,Ss08,16778379.0,128.0,,0.4
100019709|F|0-35:C>A-35:C>A,100019709,1,unique,Ss04,69068460.0,115.0,,0.0869565217391304
100019849|F|0-35:A>C-35:A>C,100019849,1,unique,Ss03,88822314.0,128.0,,0.4666666666666667
100021116|F|0-35:G>A-35:G>A,100021116,1,unique,Ss01,6454823.0,113.0,,0.0198019801980198
100021175|F|0-35:C>T-35:C>T,100021175,1,unique,Ss08,34709622.0,128.0,,0.0571428571428571
100021558|F|0-35:T>A-35:T>A,100021558,1,unique,Ss09,6865595.0,128.0,,0.0095238095238095
100021940|F|0-35:G>A-35:G>A,100021940,1,unique,Ss04,1075398.0,128.0,,0.419047619047619
100028460|F|0-35:G>A-35:G>A,100028460,1,unique,Ss04,43613611.0,86.1,,0.04
100028871|F|0-35:G>C-35:G>C,100028871,1,unique,Ss03,102763516.0,86.1,,0.5714285714285714
100029205|F|0-35:G>T-35:G>T,100029205,1,unique,Ss03,16999444.0,80.5,,0.0285714285714285
100030027|F|0-35:G>C-35:G>C,100030027,1,unique,Ss04,70485490.0,86.1,,0.0095238095238095
100030137|F|0-35:C>A-35:C>A,100030137,1,unique,Ss04,69068460.0,106.0,,0.1809523809523809
100030713|F|0-35:T>A-35:T>A,100030713,1,unique,Ss01,46975280.0,110.0,,0.1428571428571428
100030799|F|0-35:T>C-35:T>C,100030799,1,unique,Ss06,2039919.0,95.3,,0.0095238095238095
100032761|F|0-35:G>T-35:G>T,100032761,1,unique,Ss10,11013788.0,128.0,,0.1142857142857142
100033344|F|0-35:C>T-35:C>T,100033344,8,multi,Ss04,24750766.0,128.0,6.0,0.0851063829787234
100034111|F|0-35:T>A-35:T>A,100034111,2,multi,Ss10,13871528.0,128.0,6.0,0.0476190476190476
100035060|F|0-35:G>A-35:G>A,100035060,2,multi,Ss02,9416310.0,122.0,5.0,0.0235294117647058
100035334|F|0-35:T>C-35:T>C,100035334,1,unique,Ss10,16832618.0,128.0,,0.4215686274509804
100035857|F|0-35:G>A-35:G>A,100035857,1,unique,Ss02,10458955.0,128.0,,0.0326086956521739
100038635|F|0-35:G>T-35:G>T,100038635,0,unplaced,,,,,0.0388349514563106
100040405|F|0-35:T>A-35:T>A,100040405,1,unique,Ss01,34724340.0,128.0,,0.1428571428571428
100041512|F|0-35:G>A-35:G>A,100041512,1,unique,Ss08,28384772.0,128.0,,0.5333333333333333
100042026|F|0-35:C>T-35:C>T,100042026,5,multi,Ss06,29857400.0,128.0,6.0,0.1698113207547169
100044913|F|0-35:T>C-35:T>C,100044913,1,unique,Ss07,30665400.0,126.0,,0.1546391752577319
100047378|F|0-35:C>T-35:C>T,100047378,1,unique,Ss10,17706443.0,124.0,,0.2666666666666666
100048974|F|0-35:T>C-35:T>C,100048974,13,multi,Ss04,56210110.0,128.0,6.0,0.0357142857142857
100052894|F|0-35:T>G-35:T>G,100052894,0,unplaced,,,,,0.0
100053384|F|0-35:G>A-35:G>A,100053384,0,unplaced,,,,,0.0476190476190476
100053766|F|0-35:A>T-35:A>T,100053766,2053,multi,Ss06,63871620.0,128.0,6.0,0.0095238095238095
100055747|F|0-35:G>C-35:G>C,100055747,1,unique,Ss09,14898839.0,128.0,,0.0857142857142857
100058373|F|0-35:G>T-35:G>T,100058373,893,multi,Ss09,41852699.0,128.0,0.0,0.0103092783505154
100058466|F|0-35:C>T-35:C>T,100058466,8,multi,Ss03,19284677.0,128.0,7.0,0.2815533980582524
100013340|F|0-36:T>A-36:T>A,100013340,1,unique,Ss08,28638967.0,128.0,,0.4666666666666667
100014423|F|0-36:C>T-36:C>T,100014423,1,unique,Ss03,94552904.0,128.0,,0.2476190476190476
100014515|F|0-36:T>C-36:T>C,100014515,1,unique,Ss08,31971245.0,128.0,,0.4761904761904761
100014587|F|0-36:A>C-36:A>C,100014587,1,unique,Ss01,34723469.0,128.0,,0.1333333333333333
100014994|F|0-36:G>A-36:G>A,100014994,1,unique,Ss09,62444477.0,128.0,,0.3904761904761905
100015150|F|0-36:T>A-36:T>A,100015150,1,unique,Ss04,11574370.0,128.0,,0.0
100016297|F|0-36:A>G-36:A>G,100016297,1,unique,Ss10,12845169.0,128.0,,0.5142857142857142
100016438|F|0-36:T>C-36:T>C,100016438,1,unique,Ss01,42223037.0,128.0,,0.0095238095238095
100016523|F|0-36:G>T-36:G>T,100016523,1,unique,Ss03,73624354.0,128.0,,0.4095238095238095
100016736|F|0-36:C>A-36:C>A,100016736,1,unique,Ss01,31920589.0,128.0,,0.0285714285714285
100016967|F|0-36:A>T-36:A>T,100016967,5,multi,Ss05,15850766.0,119.0,9.0,0.0096153846153846
100017440|F|0-36:T>C-36:T>C,100017440,1,unique,Ss05,56088503.0,128.0,,0.0761904761904762
100017507|F|0-36:T>C-36:T>C,100017507,6,multi,Ss10,12067172.0,128.0,30.900000000000006,0.3809523809523809
100017532|F|0-36:T>C-36:T>C,100017532,10,multi,Ss09,60351911.0,128.0,6.0,0.0099009900990099
100017562|F|0-36:T>A-36:T>A,100017562,1,unique,Ss05,48599055.0,128.0,,0.2761904761904762
100018771|F|0-36:T>G-36:T>G,100018771,1,unique,Ss04,348212.0,128.0,,0.3809523809523809
100019249|F|0-36:C>A-36:C>A,100019249,1,unique,Ss09,54407013.0,128.0,,0.580952380952381
100019354|F|0-36:T>C-36:T>C,100019354,0,unplaced,,,,,0.25
100019426|F|0-36:T>C-36:T>C,100019426,1,unique,Ss09,53934762.0,128.0,,0.0285714285714285
100019962|F|0-36:T>C-36:T>C,100019962,1,unique,Ss01,6675405.0,128.0,,0.0
100020014|F|0-36:G>C-36:G>C,100020014,1,unique,Ss06,7067849.0,128.0,,0.3904761904761905
100020395|F|0-36:T>C-36:T>C,100020395,1,unique,Ss03,6327583.0,128.0,,0.2761904761904762
100021300|F|0-36:C>T-36:C>T,100021300,1,unique,Ss10,1972919.0,128.0,,0.1047619047619047
100021653|F|0-36:G>A-36:G>A,100021653,1,unique,Ss07,2486067.0,128.0,,0.1142857142857142
100022148|F|0-36:G>C-36:G>C,100022148,1,unique,Ss03,94738583.0,128.0,,0.1568627450980392
100022207|F|0-36:A>T-36:A>T,100022207,1,unique,Ss07,2958308.0,128.0,,0.0095238095238095
100029067|F|0-36:A>G-36:A>G,100029067,1,unique,Ss09,62516576.0,100.0,,0.0128205128205128
100029276|F|0-36:T>A-36:T>A,100029276,1,unique,Ss02,27343744.0,111.0,,0.019047619047619
100029336|F|0-36:T>A-36:T>A,100029336,0,unplaced,,,,,0.0571428571428571
100030808|F|0-36:G>C-36:G>C,100030808,1,unique,Ss03,94738583.0,93.5,,0.219047619047619
100034189|F|0-36:A>T-36:A>T,100034189,1,unique,Ss10,5191288.0,128.0,,0.2666666666666666
100036042|F|0-36:A>C-36:A>C,100036042,1,unique,Ss10,17096457.0,113.0,,0.0380952380952381
100036149|F|0-36:T>A-36:T>A,100036149,1,unique,Ss09,8219445.0,128.0,,0.0666666666666666
100036170|F|0-36:C>T-36:C>T,100036170,1,unique,Ss09,61478258.0,122.0,,0.0422535211267605
100038456|F|0-36:A>C-36:A>C,100038456,1,unique,Ss07,351641.0,82.4,,0.5142857142857142
100038470|F|0-36:A>G-36:A>G,100038470,1,unique,Ss07,3508504.0,93.5,,0.0380952380952381
100041077|F|0-36:G>C-36:G>C,100041077,1,unique,Ss08,34525680.0,128.0,,0.0761904761904762
100041553|F|0-36:C>T-36:C>T,100041553,1,unique,Ss04,63000847.0,128.0,,0.0769230769230769
100044399|F|0-36:G>A-36:G>A,100044399,3,multi,Ss08,12953582.0,128.0,11.0,0.4285714285714285
100044913|F|0-36:G>T-36:G>T,100044913,1,unique,Ss07,30665400.0,126.0,,0.1683168316831683
100045219|F|0-36:C>T-36:C>T,100045219,1,unique,Ss03,78378816.0,128.0,,0.0119047619047619
100045252|F|0-36:A>T-36:A>T,100045252,1,unique,Ss05,54826635.0,128.0,,0.3904761904761905
100046401|F|0-36:T>C-36:T>C,100046401,56,multi,Ss02,29570440.0,73.1,0.0,0.0
100049017|F|0-36:G>A-36:G>A,100049017,1,unique,Ss02,29233949.0,122.0,,0.3619047619047619
100049207|F|0-36:A>G-36:A>G,100049207,593,multi,Ss05,43539987.0,119.0,6.0,0.0493827160493827
100051054|F|0-36:C>A-36:C>A,100051054,52,multi,Ss11,5238937.0,76.8,0.0,0.0
100052563|F|0-36:T>C-36:T>C,100052563,1,unique,Ss04,71412425.0,122.0,,0.3238095238095238
100053633|F|0-36:C>T-36:C>T,100053633,508,multi,Ss06,33823552.0,128.0,6.0,0.0380952380952381
100053764|F|0-36:T>A-36:T>A,100053764,2133,multi,Ss06,93450996.0,128.0,6.0,0.0095238095238095
100055972|F|0-36:G>T-36:G>T,100055972,491,multi,Ss05,47962806.0,104.0,2.0,0.0112359550561797
100058466|F|0-36:G>C-36:G>C,100058466,8,multi,Ss03,19284677.0,128.0,7.0,0.0
100058671|F|0-36:C>G-36:C>G,100058671,15,multi,Ss08,33741032.0,128.0,6.0,0.4095238095238095
100013288|F|0-37:A>T-37:A>T,100013288,1,unique,Ss04,66347765.0,128.0,,0.2476190476190476
100013358|F|0-37:G>A-37:G>A,100013358,1,unique,Ss05,6691982.0,128.0,,0.1619047619047619
100013647|F|0-37:C>A-37:C>A,100013647,1,unique,Ss09,60535220.0,128.0,,0.0095238095238095
100013886|F|0-37:T>A-37:T>A,100013886,1,unique,Ss08,19445017.0,128.0,,0.1523809523809524
100014325|F|0-37:G>A-37:G>A,100014325,1,unique,Ss04,67900654.0,128.0,,0.2095238095238095
100014339|F|0-37:C>G-37:C>G,100014339,1,unique,Ss04,67244781.0,128.0,,0.2571428571428571
100014403|F|0-37:A>G-37:A>G,100014403,1,unique,Ss08,1126872.0,128.0,,0.0097087378640776
100014760|F|0-37:A>T-37:A>T,100014760,1,unique,Ss03,86669881.0,128.0,,0.4952380952380952
100014873|F|0-37:A>T-37:A>T,100014873,1,unique,Ss06,11042930.0,128.0,,0.0666666666666666
100015763|F|0-37:C>T-37:C>T,100015763,2,multi,Ss05,50268197.0,128.0,17.0,0.1047619047619047
100015778|F|0-37:G>T-37:G>T,100015778,1,unique,Ss04,67603526.0,128.0,,0.4519230769230769
100015820|F|0-37:T>C-37:T>C,100015820,1,unique,Ss08,7594630.0,128.0,,0.5142857142857142
100016246|F|0-37:G>A-37:G>A,100016246,1,unique,Ss11,970574.0,128.0,,0.0571428571428571
100016695|F|0-37:G>A-37:G>A,100016695,1,unique,Ss02,21509706.0,128.0,,0.2571428571428571
100017304|F|0-37:T>A-37:T>A,100017304,1,unique,Ss01,11097970.0,128.0,,0.4857142857142857
100017364|F|0-37:C>A-37:C>A,100017364,1,unique,Ss02,16609563.0,128.0,,0.0095238095238095
100017518|F|0-37:T>C-37:T>C,100017518,1,unique,Ss06,9426023.0,128.0,,0.0
100018207|F|0-37:G>A-37:G>A,100018207,2,multi,Ss02,18584921.0,121.0,21.0,0.0101010101010101
100018522|F|0-37:G>A-37:G>A,100018522,1,unique,Ss08,12563996.0,128.0,,0.0357142857142857
100018774|F|0-37:T>C-37:T>C,100018774,1,unique,Ss09,8938251.0,128.0,,0.0095238095238095
100019606|F|0-37:A>G-37:A>G,100019606,1,unique,Ss09,8412672.0,128.0,,0.0571428571428571
100019667|F|0-37:A>T-37:A>T,100019667,1,unique,Ss09,41848558.0,119.0,,0.0116279069767441
100020367|F|0-37:A>T-37:A>T,100020367,1,unique,Ss10,8687145.0,128.0,,0.1714285714285714
100020750|F|0-37:T>C-37:T>C,100020750,1,unique,Ss09,6910411.0,128.0,,0.3238095238095238
100021460|F|0-37:A>C-37:A>C,100021460,1,unique,Ss10,15749004.0,128.0,,0.3285714285714285
100022011|F|0-37:A>G-37:A>G,100022011,1,unique,Ss11,35651482.0,128.0,,0.0761904761904762
100022070|F|0-37:G>C-37:G>C,100022070,1,unique,Ss03,19121863.0,128.0,,0.2761904761904762
100029242|F|0-37:C>T-37:C>T,100029242,1,unique,Ss03,78989115.0,84.2,,0.3592233009708738
100029907|F|0-37:A>C-37:A>C,100029907,1,unique,Ss02,11997065.0,95.3,,0.0571428571428571
100030822|F|0-37:A>C-37:A>C,100030822,1,unique,Ss08,12884158.0,104.0,,0.0285714285714285
100032856|F|0-37:A>G-37:A>G,100032856,1,unique,Ss05,6393987.0,128.0,,0.3714285714285714
100032857|F|0-37:C>A-37:C>A,100032857,1,unique,Ss05,51374939.0,128.0,,0.4545454545454545
100034247|F|0-37:G>C-37:G>C,100034247,1,unique,Ss10,16999530.0,128.0,,0.4380952380952381
100035257|F|0-37:C>T-37:C>T,100035257,2,multi,Ss06,21219890.0,128.0,6.0,0.0380952380952381
100035652|F|0-37:T>C-37:T>C,100035652,1,unique,Ss06,3067208.0,128.0,,0.1142857142857142
100035772|F|0-37:G>A-37:G>A,100035772,1,unique,Ss08,26826784.0,124.0,,0.0857142857142857
100035923|F|0-37:C>T-37:C>T,100035923,1,unique,Ss09,2553270.0,128.0,,0.02
100038630|F|0-37:T>G-37:T>G,100038630,1,unique,Ss11,33628262.0,76.8,,0.0666666666666666
100039244|F|0-37:G>C-37:G>C,100039244,1,unique,Ss11,33634522.0,91.6,,0.4476190476190476
100040451|F|0-37:G>A-37:G>A,100040451,1,unique,Ss09,10932099.0,128.0,,0.4
100040569|F|0-37:C>T-37:C>T,100040569,1,unique,Ss10,14351849.0,126.0,,0.1333333333333333
100041156|F|0-37:T>C-37:T>C,100041156,1,unique,Ss04,59257848.0,124.0,,0.2952380952380952
100046319|F|0-37:A>C-37:A>C,100046319,1,unique,Ss02,10412804.0,106.0,,0.1683168316831683
100051040|F|0-37:C>T-37:C>T,100051040,57,multi,Ss06,78168172.0,78.7,0.0,0.0
100051142|F|0-37:G>C-37:G>C,100051142,0,unplaced,,,,,0.3173076923076923
100053879|F|0-37:G>A-37:G>A,100053879,7,multi,Ss08,26597852.0,128.0,11.0,0.043010752688172
100013676|F|0-38:A>T-38:A>T,100013676,2,multi,Ss10,14595038.0,128.0,0.0,0.0095238095238095
100013936|F|0-38:C>A-38:C>A,100013936,1,unique,Ss09,54572396.0,128.0,,0.3523809523809524
100014500|F|0-38:G>T-38:G>T,100014500,1,unique,Ss10,5319801.0,128.0,,0.019047619047619
100015014|F|0-38:C>T-38:C>T,100015014,1,unique,Ss05,3896198.0,128.0,,0.0666666666666666
100015067|F|0-38:T>A-38:T>A,100015067,1,unique,Ss04,63973805.0,128.0,,0.3269230769230769
100015527|F|0-38:G>A-38:G>A,100015527,1,unique,Ss01,42621978.0,128.0,,0.0096153846153846
100015557|F|0-38:C>A-38:C>A,100015557,1,unique,Ss10,1074406.0,113.0,,0.0357142857142857
100015585|F|0-38:T>C-38:T>C,100015585,1,unique,Ss10,10530367.0,128.0,,0.5428571428571428
100016174|F|0-38:A>G-38:A>G,100016174,1,unique,Ss01,2705990.0,128.0,,0.0095238095238095
100016487|F|0-38:G>A-38:G>A,100016487,1,unique,Ss07,1104524.0,128.0,,0.0097087378640776
100016631|F|0-38:C>G-38:C>G,100016631,1,unique,Ss03,77597539.0,128.0,,0.4952380952380952
100016646|F|0-38:G>A-38:G>A,100016646,1,unique,Ss04,72149247.0,128.0,,0.1238095238095238
100016658|F|0-38:T>C-38:T>C,100016658,1,unique,Ss02,520892.0,128.0,,0.0952380952380952
100016989|F|0-38:T>G-38:T>G,100016989,1,unique,Ss11,37308375.0,128.0,,0.0761904761904762
100017341|F|0-38:C>A-38:C>A,100017341,1,unique,Ss03,11918418.0,128.0,,0.4476190476190476
100018000|F|0-38:T>A-38:T>A,100018000,1,unique,Ss03,97473848.0,128.0,,0.4666666666666667
100018021|F|0-38:T>G-38:T>G,100018021,2,multi,Ss03,16864640.0,128.0,0.0,0.0476190476190476
100018085|F|0-38:C>A-38:C>A,100018085,1,unique,Ss01,42711008.0,128.0,,0.0576923076923076
100018992|F|0-38:C>A-38:C>A,100018992,1,unique,Ss01,42603567.0,128.0,,0.019047619047619
100019055|F|0-38:T>A-38:T>A,100019055,1,unique,Ss07,258317.0,128.0,,0.3238095238095238
100019852|F|0-38:G>A-38:G>A,100019852,1,unique,Ss04,55224118.0,128.0,,0.4666666666666667
100020878|F|0-38:C>T-38:C>T,100020878,1,unique,Ss03,73635729.0,128.0,,0.3333333333333333
100021166|F|0-38:T>C-38:T>C,100021166,1,unique,Ss01,41233184.0,128.0,,0.4476190476190476
100021240|F|0-38:C>A-38:C>A,100021240,1,unique,Ss10,1017862.0,128.0,,0.0571428571428571
100021294|F|0-38:G>A-38:G>A,100021294,1,unique,Ss03,84910398.0,128.0,,0.4666666666666667
100021509|F|0-38:C>A-38:C>A,100021509,1,unique,Ss04,3751306.0,128.0,,0.0571428571428571
100021624|F|0-38:A>G-38:A>G,100021624,1,unique,Ss10,16808259.0,117.0,,0.0123456790123456
100022140|F|0-38:C>A-38:C>A,100022140,1,unique,Ss04,61037041.0,128.0,,0.2095238095238095
100022228|F|0-38:T>C-38:T>C,100022228,1,unique,Ss03,15684652.0,128.0,,0.3428571428571428
100022356|F|0-38:T>G-38:T>G,100022356,2,multi,Ss03,92531155.0,128.0,11.0,0.0
100028702|F|0-38:A>G-38:A>G,100028702,1,unique,Ss04,56023341.0,84.2,,0.4857142857142857
100028947|F|0-38:C>A-38:C>A,100028947,1,unique,Ss10,1074406.0,93.5,,0.1047619047619047
100030288|F|0-38:C>G-38:C>G,100030288,1,unique,Ss05,8515543.0,89.8,,0.3428571428571428
100030491|F|0-38:C>G-38:C>G,100030491,2,multi,Ss05,50743149.0,110.0,0.0,0.0
100034526|F|0-38:G>A-38:G>A,100034526,1,unique,Ss10,5829715.0,128.0,,0.2952380952380952
100034680|F|0-38:A>C-38:A>C,100034680,1,unique,Ss04,66092475.0,128.0,,0.1904761904761904
100034883|F|0-38:C>A-38:C>A,100034883,1,unique,Ss11,33637821.0,128.0,,0.0380952380952381
100035171|F|0-38:C>T-38:C>T,100035171,2,multi,Ss08,26109627.0,128.0,11.0,0.3523809523809524
100035179|F|0-38:C>T-38:C>T,100035179,1,unique,Ss02,25674115.0,128.0,,0.0952380952380952
100035283|F|0-38:G>T-38:G>T,100035283,1,unique,Ss03,100204968.0,128.0,,0.4285714285714285
100038927|F|0-38:C>G-38:C>G,100038927,1,unique,Ss03,17230128.0,84.2,,0.4095238095238095
100039051|F|0-38:A>G-38:A>G,100039051,2,multi,Ss03,52897288.0,82.4,0.0,0.0761904761904762
100039148|F|0-38:G>A-38:G>A,100039148,1,unique,Ss06,11676794.0,104.0,,0.4952380952380952
100039970|F|0-38:T>C-38:T>C,100039970,1,unique,Ss10,1060835.0,128.0,,0.0285714285714285
100040739|F|0-38:C>T-38:C>T,100040739,1,unique,Ss06,1711162.0,128.0,,0.4571428571428571
100041002|F|0-38:A>G-38:A>G,100041002,1,unique,Ss03,22472573.0,122.0,,0.1714285714285714
100042322|F|0-38:G>T-38:G>T,100042322,16,multi,Ss11,27998441.0,128.0,0.0,0.0333333333333333
100044420|F|0-38:T>A-38:T>A,100044420,1,unique,Ss03,9173014.0,128.0,,0.0666666666666666
100044656|F|0-38:C>T-38:C>T,100044656,5,multi,Ss08,9178390.0,128.0,17.0,0.13
100050573|F|0-38:T>A-38:T>A,100050573,58,multi,Ss11,5238992.0,80.5,0.0,0.0289855072463768
100059453|F|0-38:A>G-38:A>G,100059453,1080,multi,Ss04,56257593.0,128.0,0.0,0.3452380952380952
100059554|F|0-38:T>A-38:T>A,100059554,89,multi,Ss08,15322734.0,115.0,0.0,0.0
100059667|F|0-38:G>T-38:G>T,100059667,0,unplaced,,,,,0.0
100060130|F|0-38:G>A-38:G>A,100060130,1146,multi,Ss09,53112375.0,128.0,0.0,0.0
100013506|F|0-39:T>C-39:T>C,100013506,1,unique,Ss05,56088360.0,128.0,,0.0571428571428571
100013881|F|0-39:T>A-39:T>A,100013881,0,unplaced,,,,,0.0526315789473684
100013948|F|0-39:A>T-39:A>T,100013948,1,unique,Ss02,8136630.0,128.0,,0.04
100014259|F|0-39:T>A-39:T>A,100014259,1,unique,Ss01,10830493.0,128.0,,0.4761904761904761
100014662|F|0-39:T>C-39:T>C,100014662,1,unique,Ss06,7629644.0,128.0,,0.4761904761904761
100014893|F|0-39:A>G-39:A>G,100014893,1,unique,Ss09,63193209.0,128.0,,0.0476190476190476
100015188|F|0-39:T>C-39:T>C,100015188,1,unique,Ss04,66396962.0,128.0,,0.219047619047619
100016506|F|0-39:G>A-39:G>A,100016506,3,multi,Ss03,24405144.0,128.0,13.0,0.0444444444444444
100016571|F|0-39:C>T-39:C>T,100016571,1,unique,Ss03,11473267.0,128.0,,0.1619047619047619
100017124|F|0-39:T>A-39:T>A,100017124,1,unique,Ss04,1267011.0,128.0,,0.0097087378640776
100017303|F|0-39:C>A-39:C>A,100017303,1,unique,Ss01,38379525.0,128.0,,0.0476190476190476
100017336|F|0-39:A>G-39:A>G,100017336,1,unique,Ss10,16987763.0,128.0,,0.419047619047619
100018025|F|0-39:C>T-39:C>T,100018025,1,unique,Ss06,19713363.0,128.0,,0.3904761904761905
100020012|F|0-39:A>C-39:A>C,100020012,1,unique,Ss06,17791290.0,128.0,,0.1428571428571428
100020361|F|0-39:G>A-39:G>A,100020361,1,unique,Ss04,36118101.0,128.0,,0.0380952380952381
100020403|F|0-39:T>G-39:T>G,100020403,1,unique,Ss06,2505573.0,128.0,,0.2476190476190476
100021287|F|0-39:T>A-39:T>A,100021287,1,unique,Ss05,56553650.0,128.0,,0.3523809523809524
100021318|F|0-39:G>A-39:G>A,100021318,1,unique,Ss03,76971599.0,128.0,,0.0095238095238095
100022090|F|0-39:G>A-39:G>A,100022090,5,multi,Ss04,39665485.0,128.0,6.0,0.0761904761904762
100022316|F|0-39:A>G-39:A>G,100022316,1,unique,Ss08,12377823.0,128.0,,0.3142857142857143
100029380|F|0-39:A>C-39:A>C,100029380,1,unique,Ss01,40729556.0,82.4,,0.4571428571428571
100030709|F|0-39:T>A-39:T>A,100030709,1,unique,Ss09,56193212.0,80.5,,0.4476190476190476
100032863|F|0-39:G>A-39:G>A,100032863,1,unique,Ss06,12289611.0,128.0,,0.0571428571428571
100033656|F|0-39:G>A-39:G>A,100033656,1,unique,Ss11,28614118.0,128.0,,0.1523809523809524
100034437|F|0-39:T>A-39:T>A,100034437,1,unique,Ss04,1650198.0,128.0,,0.3238095238095238
100034576|F|0-39:C>T-39:C>T,100034576,2,multi,Ss09,7042884.0,128.0,32.7,0.3714285714285714
100034818|F|0-39:C>A-39:C>A,100034818,1,unique,Ss09,10661820.0,119.0,,0.0701754385964912
100034887|F|0-39:C>G-39:C>G,100034887,1,unique,Ss01,2650537.0,128.0,,0.2095238095238095
100035003|F|0-39:A>G-39:A>G,100035003,1,unique,Ss08,27767854.0,128.0,,0.3142857142857143
100035093|F|0-39:T>C-39:T>C,100035093,2,multi,Ss11,31415129.0,128.0,0.0,0.075
100035266|F|0-39:C>T-39:C>T,100035266,5,multi,Ss01,18675597.0,128.0,6.0,0.1142857142857142
100036115|F|0-39:C>T-39:C>T,100036115,3,multi,Ss10,14240587.0,122.0,7.0,0.1287128712871287
100036162|F|0-39:G>C-39:G>C,100036162,1,unique,Ss06,11015926.0,128.0,,0.0380952380952381
100036234|F|0-39:T>G-39:T>G,100036234,1,unique,Ss03,13306574.0,128.0,,0.019047619047619
100038638|F|0-39:C>T-39:C>T,100038638,3,multi,Ss05,5482131.0,91.6,11.099999999999994,0.088235294117647
100039243|F|0-39:A>G-39:A>G,100039243,1,unique,Ss07,422686.0,87.9,,0.2386363636363636
100043408|F|0-39:C>A-39:C>A,100043408,1,unique,Ss03,82305257.0,100.0,,0.0673076923076923
100043520|F|0-39:C>T-39:C>T,100043520,1,unique,Ss02,9750889.0,84.2,,0.3333333333333333
100044878|F|0-39:G>T-39:G>T,100044878,1,unique,Ss03,66953431.0,122.0,,0.0095238095238095
100044894|F|0-39:G>A-39:G>A,100044894,2,multi,Ss05,54687990.0,128.0,0.0,0.5333333333333333
100046610|F|0-39:T>C-39:T>C,100046610,8,multi,Ss05,2567197.0,128.0,0.0,0.5333333333333333
100048542|F|0-39:C>A-39:C>A,100048542,1,unique,Ss06,44592891.0,128.0,,0.1809523809523809
100048863|F|0-39:A>G-39:A>G,100048863,1,unique,Ss01,44946120.0,124.0,,0.0594059405940594
100055314|F|0-39:T>A-39:T>A,100055314,0,unplaced,,,,,0.04
100057924|F|0-39:G>A-39:G>A,100057924,5,multi,Ss08,18122679.0,111.0,0.0,0.015625
100058463|F|0-39:G>T-39:G>T,100058463,16,multi,Ss03,19317763.0,128.0,0.0,0.0470588235294117
100014000|F|0-40:A>G-40:A>G,100014000,1,unique,Ss08,30959826.0,128.0,,0.3238095238095238
100014268|F|0-40:A>T-40:A>T,100014268,1,unique,Ss05,53944286.0,128.0,,0.0576923076923076
100014362|F|0-40:C>A-40:C>A,100014362,1,unique,Ss03,102347564.0,128.0,,0.1304347826086956
100014414|F|0-40:G>C-40:G>C,100014414,1,unique,Ss08,8536156.0,128.0,,0.238095238095238
100014532|F|0-40:A>C-40:A>C,100014532,1,unique,Ss03,74867280.0,128.0,,0.0761904761904762
100015331|F|0-40:A>G-40:A>G,100015331,1,unique,Ss09,47228454.0,128.0,,0.4476190476190476
100016019|F|0-40:A>T-40:A>T,100016019,1,unique,Ss03,84255627.0,128.0,,0.0857142857142857
100016381|F|0-40:C>G-40:C>G,100016381,1,unique,Ss08,32864810.0,128.0,,0.3809523809523809
100016472|F|0-40:C>G-40:C>G,100016472,1,unique,Ss02,10605652.0,128.0,,0.5333333333333333
100017129|F|0-40:G>A-40:G>A,100017129,1,unique,Ss04,6627627.0,128.0,,0.0571428571428571
100017458|F|0-40:A>G-40:A>G,100017458,225,multi,Ss09,47346029.0,115.0,0.0,0.0103092783505154
100017806|F|0-40:A>G-40:A>G,100017806,1,unique,Ss04,64569633.0,128.0,,0.3846153846153846
100018695|F|0-40:A>G-40:A>G,100018695,1,unique,Ss08,21850209.0,128.0,,0.4285714285714285
100019141|F|0-40:G>A-40:G>A,100019141,1,unique,Ss06,11801596.0,128.0,,0.2
100019757|F|0-40:C>T-40:C>T,100019757,1,unique,Ss02,4966190.0,128.0,,0.0384615384615384
100020197|F|0-40:T>C-40:T>C,100020197,1,unique,Ss04,61657560.0,128.0,,0.0380952380952381
100020699|F|0-40:A>G-40:A>G,100020699,1,unique,Ss01,30507856.0,113.0,,0.4
100020907|F|0-40:A>T-40:A>T,100020907,1,unique,Ss06,5816088.0,128.0,,0.1714285714285714
100029384|F|0-40:G>A-40:G>A,100029384,1,unique,Ss08,6686690.0,99.0,,0.019047619047619
100030139|F|0-40:A>G-40:A>G,100030139,2,multi,Ss03,79891633.0,104.0,16.099999999999994,0.0571428571428571
100032891|F|0-40:A>T-40:A>T,100032891,1,unique,Ss08,21796233.0,128.0,,0.0095238095238095
100033353|F|0-40:C>G-40:C>G,100033353,1,unique,Ss09,6495825.0,128.0,,0.0384615384615384
100033630|F|0-40:T>C-40:T>C,100033630,1,unique,Ss03,88840317.0,128.0,,0.4761904761904761
100034728|F|0-40:G>C-40:G>C,100034728,1,unique,Ss08,34424282.0,128.0,,0.3333333333333333
100034756|F|0-40:C>T-40:C>T,100034756,2,multi,Ss08,34615537.0,128.0,6.0,0.0576923076923076
100041314|F|0-40:C>T-40:C>T,100041314,1,unique,Ss04,65143309.0,128.0,,0.4666666666666667
100041416|F|0-40:G>A-40:G>A,100041416,1,unique,Ss11,33840530.0,128.0,,0.0476190476190476
100041973|F|0-40:T>C-40:T>C,100041973,1,unique,Ss08,13610911.0,128.0,,0.0285714285714285
100046873|F|0-40:T>C-40:T>C,100046873,1,unique,Ss04,66553822.0,128.0,,0.0786516853932584
100051661|F|0-40:G>A-40:G>A,100051661,6,multi,Ss09,52331581.0,128.0,4.0,0.01
100052685|F|0-40:G>A-40:G>A,100052685,1,unique,Ss01,45816678.0,121.0,,0.0095238095238095
100055008|F|0-40:C>T-40:C>T,100055008,1,unique,Ss08,2156855.0,119.0,,0.0095238095238095
100059154|F|0-40:G>A-40:G>A,100059154,58,multi,Ss06,62185434.0,86.1,0.0,0.0
100016238|F|0-41:C>A-41:C>A,100016238,1,unique,Ss10,12849794.0,128.0,,0.4476190476190476
100016587|F|0-41:C>T-41:C>T,100016587,2,multi,Ss06,19313742.0,128.0,0.0,0.3809523809523809
100016627|F|0-41:T>C-41:T>C,100016627,1,unique,Ss05,56449316.0,128.0,,0.116504854368932
100016704|F|0-41:C>T-41:C>T,100016704,1,unique,Ss04,341885.0,128.0,,0.3904761904761905
100017187|F|0-41:T>C-41:T>C,100017187,1,unique,Ss10,16245978.0,128.0,,0.3428571428571428
100017422|F|0-41:T>A-41:T>A,100017422,1,unique,Ss03,15503437.0,128.0,,0.2285714285714285
100017523|F|0-41:C>T-41:C>T,100017523,1,unique,Ss01,17927452.0,128.0,,0.5238095238095238
100017843|F|0-41:T>C-41:T>C,100017843,1,unique,Ss06,15464247.0,128.0,,0.4
100018223|F|0-41:G>A-41:G>A,100018223,1,unique,Ss09,42850082.0,128.0,,0.3047619047619048
100018797|F|0-41:C>G-41:C>G,100018797,1,unique,Ss03,15730621.0,128.0,,0.2666666666666666
100019221|F|0-41:C>T-41:C>T,100019221,4,multi,Ss08,6969984.0,128.0,20.0,0.0761904761904762
100019864|F|0-41:A>G-41:A>G,100019864,1,unique,Ss04,1208327.0,128.0,,0.2857142857142857
100019925|F|0-41:C>T-41:C>T,100019925,1,unique,Ss08,27928531.0,119.0,,0.0202020202020202
100019968|F|0-41:C>A-41:C>A,100019968,1,unique,Ss03,82414425.0,128.0,,0.0380952380952381
100020153|F|0-41:C>T-41:C>T,100020153,8,multi,Ss01,7210195.0,128.0,0.0,0.5714285714285714
100020177|F|0-41:C>G-41:C>G,100020177,1,unique,Ss08,34558167.0,128.0,,0.3428571428571428
100020235|F|0-41:G>A-41:G>A,100020235,1,unique,Ss10,12344458.0,128.0,,0.0761904761904762
100020710|F|0-41:C>A-41:C>A,100020710,3,multi,Ss06,8498490.0,128.0,15.0,0.1238095238095238
100020752|F|0-41:T>G-41:T>G,100020752,1,unique,Ss02,10556314.0,128.0,,0.5428571428571428
100021403|F|0-41:C>T-41:C>T,100021403,1,unique,Ss08,12374642.0,128.0,,0.1607142857142857
100021703|F|0-41:T>C-41:T>C,100021703,1,unique,Ss10,15431735.0,128.0,,0.4095238095238095
100029046|F|0-41:G>A-41:G>A,100029046,1,unique,Ss03,19157681.0,102.0,,0.2424242424242424
100032979|F|0-41:C>A-41:C>A,100032979,1,unique,Ss10,989258.0,122.0,,0.0886075949367088
100033142|F|0-41:A>C-41:A>C,100033142,1,unique,Ss08,13046986.0,122.0,,0.3627450980392157
100033253|F|0-41:A>G-41:A>G,100033253,1,unique,Ss06,4113807.0,128.0,,0.4095238095238095
100033672|F|0-41:T>A-41:T>A,100033672,1,unique,Ss02,19953650.0,128.0,,0.2
100033896|F|0-41:A>G-41:A>G,100033896,1,unique,Ss08,12951538.0,128.0,,0.3157894736842105
100034782|F|0-41:G>A-41:G>A,100034782,1,unique,Ss03,98892758.0,128.0,,0.1030927835051546
100035115|F|0-41:C>T-41:C>T,100035115,6,multi,Ss02,18514696.0,128.0,13.0,0.0666666666666666
100036101|F|0-41:G>C-41:G>C,100036101,1,unique,Ss01,19902312.0,128.0,,0.5619047619047619
100038507|F|0-41:T>A-41:T>A,100038507,1,unique,Ss05,309268.0,108.0,,0.0857142857142857
100038715|F|0-41:T>A-41:T>A,100038715,1,unique,Ss04,67632953.0,104.0,,0.4761904761904761
100040081|F|0-41:C>A-41:C>A,100040081,1,unique,Ss10,989258.0,128.0,,0.1168831168831168
100040372|F|0-41:A>T-41:A>T,100040372,1,unique,Ss03,99038680.0,122.0,,0.0707070707070707
100041311|F|0-41:A>G-41:A>G,100041311,2,multi,Ss03,75480180.0,128.0,6.0,0.4423076923076923
100041804|F|0-41:G>A-41:G>A,100041804,1,unique,Ss03,60062561.0,128.0,,0.4020618556701031
100043186|F|0-41:T>C-41:T>C,100043186,1,unique,Ss05,54091088.0,100.0,,0.5142857142857142
100043219|F|0-41:C>T-41:C>T,100043219,8,multi,Ss11,38444984.0,100.0,0.0,0.6190476190476191
100043228|F|0-41:G>A-41:G>A,100043228,1,unique,Ss03,19157681.0,86.1,,0.4571428571428571
100044919|F|0-41:G>A-41:G>A,100044919,14,multi,Ss09,59826510.0,128.0,6.0,0.3238095238095238
100046913|F|0-41:A>T-41:A>T,100046913,1,unique,Ss04,67823972.0,128.0,,0.4761904761904761
100047059|F|0-41:T>G-41:T>G,100047059,1,unique,Ss04,7195560.0,122.0,,0.010752688172043
100051143|F|0-41:A>G-41:A>G,100051143,0,unplaced,,,,,0.5238095238095238
100052829|F|0-41:A>T-41:A>T,100052829,1,unique,Ss07,2175294.0,117.0,,0.1047619047619047
100056034|F|0-41:G>T-41:G>T,100056034,1,unique,Ss09,53750136.0,122.0,,0.5428571428571428
100058463|F|0-41:T>C-41:T>C,100058463,16,multi,Ss03,19317763.0,128.0,0.0,0.0617283950617283
100013459|F|0-42:G>A-42:G>A,100013459,1,unique,Ss08,31006699.0,128.0,,0.1142857142857142
100014277|F|0-42:G>C-42:G>C,100014277,1,unique,Ss05,3957210.0,128.0,,0.019047619047619
100014348|F|0-42:C>G-42:C>G,100014348,1,unique,Ss02,4909649.0,128.0,,0.1619047619047619
100015037|F|0-42:A>T-42:A>T,100015037,1,unique,Ss06,6213916.0,128.0,,0.0095238095238095
100015729|F|0-42:C>A-42:C>A,100015729,0,unplaced,,,,,0.4571428571428571
100015913|F|0-42:T>A-42:T>A,100015913,1,unique,Ss08,9166862.0,128.0,,0.1553398058252427
100015960|F|0-42:A>C-42:A>C,100015960,1,unique,Ss01,18228631.0,128.0,,0.3333333333333333
100015991|F|0-42:T>C-42:T>C,100015991,1,unique,Ss08,20700595.0,128.0,,0.2666666666666666
100016318|F|0-42:A>T-42:A>T,100016318,1,unique,Ss08,13192455.0,128.0,,0.5714285714285714
100016696|F|0-42:C>T-42:C>T,100016696,1,unique,Ss04,64314827.0,128.0,,0.0095238095238095
100016958|F|0-42:A>C-42:A>C,100016958,1,unique,Ss10,14213821.0,128.0,,0.0285714285714285
100017831|F|0-42:G>A-42:G>A,100017831,1,unique,Ss04,67988195.0,128.0,,0.019047619047619
100019034|F|0-42:T>A-42:T>A,100019034,1,unique,Ss06,84007937.0,128.0,,0.0571428571428571
100019939|F|0-42:C>T-42:C>T,100019939,1,unique,Ss04,3554714.0,128.0,,0.2
100020007|F|0-42:G>A-42:G>A,100020007,1,unique,Ss11,35779279.0,128.0,,0.0095238095238095
100020306|F|0-42:T>C-42:T>C,100020306,1,unique,Ss08,31419962.0,128.0,,0.0097087378640776
100020363|F|0-42:C>T-42:C>T,100020363,1,unique,Ss05,48368580.0,128.0,,0.0666666666666666
100020543|F|0-42:G>T-42:G>T,100020543,1,unique,Ss08,34151162.0,128.0,,0.0095238095238095
100020677|F|0-42:G>T-42:G>T,100020677,1,unique,Ss03,80882649.0,128.0,,0.238095238095238
100020795|F|0-42:T>C-42:T>C,100020795,1,unique,Ss09,49358811.0,128.0,,0.2952380952380952
100020803|F|0-42:G>T-42:G>T,100020803,1,unique,Ss03,96383881.0,128.0,,0.0824742268041237
100021117|F|0-42:G>C-42:G>C,100021117,1,unique,Ss06,20611890.0,128.0,,0.0380952380952381
100021118|F|0-42:G>C-42:G>C,100021118,1,unique,Ss06,20611890.0,122.0,,0.0380952380952381
100022048|F|0-42:C>T-42:C>T,100022048,1,unique,Ss02,23322857.0,128.0,,0.0095238095238095
100029259|F|0-42:A>G-42:A>G,100029259,1,unique,Ss08,8523542.0,87.9,,0.2285714285714285
100029744|F|0-42:T>C-42:T>C,100029744,1,unique,Ss08,32938686.0,99.0,,0.0761904761904762
100030378|F|0-42:C>T-42:C>T,100030378,1,unique,Ss06,16802427.0,108.0,,0.0476190476190476
100030729|F|0-42:A>C-42:A>C,100030729,1,unique,Ss07,7946226.0,102.0,,0.015625
100034813|F|0-42:T>C-42:T>C,100034813,1,unique,Ss03,82675222.0,128.0,,0.09
100035073|F|0-42:G>T-42:G>T,100035073,2,multi,Ss02,2610761.0,128.0,11.0,0.019047619047619
100035278|F|0-42:T>G-42:T>G,100035278,2,multi,Ss09,59198413.0,128.0,6.0,0.125
100040372|F|0-42:A>T-42:A>T,100040372,1,unique,Ss03,99038680.0,122.0,,0.3269230769230769
100040746|F|0-42:G>A-42:G>A,100040746,1,unique,Ss10,5944802.0,126.0,,0.4380952380952381
100041652|F|0-42:T>C-42:T>C,100041652,2,multi,Ss07,5301965.0,128.0,6.0,0.6857142857142857
100041924|F|0-42:C>T-42:C>T,100041924,1,unique,Ss08,7050951.0,128.0,,0.4761904761904761
100043188|F|0-42:C>T-42:C>T,100043188,1,unique,Ss01,40979068.0,110.0,,0.4476190476190476
100043511|F|0-42:G>T-42:G>T,100043511,1,unique,Ss03,99519522.0,106.0,,0.0380952380952381
100043909|F|0-42:T>A-42:T>A,100043909,0,unplaced,,,,,0.0
100045027|F|0-42:C>G-42:C>G,100045027,1,unique,Ss05,39526304.0,124.0,,0.3653846153846153
100045148|F|0-42:T>C-42:T>C,100045148,2,multi,Ss02,10389756.0,128.0,13.0,0.2233009708737864
100060051|F|0-42:G>A-42:G>A,100060051,2,multi,Ss03,80712944.0,115.0,0.0,0.419047619047619
100061224|F|0-42:A>G-42:A>G,100061224,74,multi,Ss06,83886790.0,95.3,0.0,0.0535714285714285
100013365|F|0-43:A>T-43:A>T,100013365,1,unique,Ss07,42103675.0,128.0,,0.0095238095238095
100013387|F|0-43:C>G-43:C>G,100013387,1,unique,Ss03,97354843.0,111.0,,0.3714285714285714
100014346|F|0-43:T>C-43:T>C,100014346,1,unique,Ss08,12310583.0,128.0,,0.1428571428571428
100015327|F|0-43:T>G-43:T>G,100015327,1,unique,Ss05,11316704.0,128.0,,0.3047619047619048
100016066|F|0-43:G>C-43:G>C,100016066,1,unique,Ss05,57023028.0,128.0,,0.0666666666666666
100016098|F|0-43:C>A-43:C>A,100016098,1,unique,Ss02,24177931.0,128.0,,0.1523809523809524
100016982|F|0-43:C>A-43:C>A,100016982,1,unique,Ss07,2465863.0,128.0,,0.2
100017164|F|0-43:A>G-43:A>G,100017164,109,multi,Ss07,65261370.0,97.1,0.0,0.01
100017169|F|0-43:G>A-43:G>A,100017169,9,multi,Ss07,67952665.0,128.0,20.0,0.0196078431372549
100019238|F|0-43:A>C-43:A>C,100019238,1,unique,Ss08,30205325.0,128.0,,0.0571428571428571
100019508|F|0-43:G>A-43:G>A,100019508,1,unique,Ss09,13335334.0,128.0,,0.0285714285714285
100020079|F|0-43:T>G-43:T>G,100020079,1,unique,Ss01,11584721.0,128.0,,0.0095238095238095
100020434|F|0-43:G>A-43:G>A,100020434,1,unique,Ss08,9817615.0,128.0,,0.1619047619047619
100020673|F|0-43:T>A-43:T>A,100020673,1,unique,Ss10,13731312.0,128.0,,0.1238095238095238
100021822|F|0-43:C>T-43:C>T,100021822,1,unique,Ss11,34594884.0,128.0,,0.0095238095238095
100021907|F|0-43:G>A-43:G>A,100021907,1,unique,Ss11,36577909.0,128.0,,0.0095238095238095
100028464|F|0-43:A>G-43:A>G,100028464,1,unique,Ss03,83948069.0,110.0,,0.0380952380952381
100029329|F|0-43:G>A-43:G>A,100029329,1,unique,Ss08,8666641.0,110.0,,0.1238095238095238
100030496|F|0-43:C>T-43:C>T,100030496,1,unique,Ss04,3528085.0,100.0,,0.0666666666666666
100032792|F|0-43:C>A-43:C>A,100032792,6,multi,Ss10,13867082.0,128.0,34.5,0.0192307692307692
100032852|F|0-43:C>T-43:C>T,100032852,1,unique,Ss03,74397554.0,128.0,,0.2761904761904762
100033165|F|0-43:A>G-43:A>G,100033165,1,unique,Ss05,6589554.0,128.0,,0.0952380952380952
100033949|F|0-43:T>C-43:T>C,100033949,1,unique,Ss06,6502225.0,128.0,,0.4761904761904761
100034427|F|0-43:T>A-43:T>A,100034427,2,multi,Ss08,5957740.0,124.0,0.0,0.8
100034543|F|0-43:G>A-43:G>A,100034543,1,unique,Ss08,8354169.0,128.0,,0.0096153846153846
100034693|F|0-43:T>G-43:T>G,100034693,1,unique,Ss02,4569261.0,128.0,,0.0285714285714285
100035246|F|0-43:C>A-43:C>A,100035246,1,unique,Ss04,74690223.0,128.0,,0.4666666666666667
100035304|F|0-43:G>A-43:G>A,100035304,1,unique,Ss05,6211500.0,128.0,,0.1333333333333333
100035432|F|0-43:C>G-43:C>G,100035432,1,unique,Ss08,391052.0,128.0,,0.0285714285714285
100035725|F|0-43:G>A-43:G>A,100035725,1,unique,Ss08,34066330.0,128.0,,0.0388349514563106
100035907|F|0-43:C>G-43:C>G,100035907,1,unique,Ss03,64990866.0,128.0,,0.0571428571428571
100035956|F|0-43:T>G-43:T>G,100035956,1,unique,Ss10,5112509.0,128.0,,0.0208333333333333
100038321|F|0-43:A>C-43:A>C,100038321,2,multi,Ss03,58893522.0,97.1,14.699999999999989,0.053763440860215
100041682|F|0-43:T>C-43:T>C,100041682,1,unique,Ss03,82650281.0,128.0,,0.0857142857142857
100041762|F|0-43:C>T-43:C>T,100041762,9,multi,Ss01,34627381.0,122.0,0.0,0.0
100043410|F|0-43:T>A-43:T>A,100043410,1,unique,Ss07,149264.0,100.0,,0.4095238095238095
100043936|F|0-43:A>C-43:A>C,100043936,565,multi,Ss09,36862242.0,122.0,5.0,0.0204081632653061
100044452|F|0-43:C>T-43:C>T,100044452,15,multi,Ss04,59390483.0,128.0,0.0,0.1523809523809524
100045128|F|0-43:A>C-43:A>C,100045128,1,unique,Ss04,36314026.0,119.0,,0.0204081632653061
100045519|F|0-43:G>C-43:G>C,100045519,3,multi,Ss05,54032818.0,122.0,0.0,0.0192307692307692
100047216|F|0-43:T>C-43:T>C,100047216,3,multi,Ss09,61899905.0,128.0,4.0,0.1428571428571428
100048091|F|0-43:A>T-43:A>T,100048091,1,unique,Ss01,32463413.0,95.3,,0.6095238095238096
100051037|F|0-43:C>T-43:C>T,100051037,1,unique,Ss01,37902723.0,91.6,,0.2095238095238095
100058466|F|0-43:T>C-43:T>C,100058466,8,multi,Ss03,19284677.0,128.0,7.0,0.7019230769230769
100058872|F|0-43:A>G-43:A>G,100058872,6,multi,Ss03,48608922.0,100.0,4.700000000000003,0.0103092783505154
100060770|F|0-43:A>G-43:A>G,100060770,4,multi,Ss09,10644552.0,73.1,0.0,0.0126582278481012
100013045|F|0-44:C>T-44:C>T,100013045,1,unique,Ss04,4739052.0,128.0,,0.2095238095238095
100013210|F|0-44:C>T-44:C>T,100013210,1,unique,Ss08,6971484.0,128.0,,0.3142857142857143
100013433|F|0-44:A>G-44:A>G,100013433,1,unique,Ss06,18453826.0,128.0,,0.1238095238095238
100013537|F|0-44:C>G-44:C>G,100013537,1,unique,Ss06,3099188.0,128.0,,0.3619047619047619
100013576|F|0-44:C>T-44:C>T,100013576,1,unique,Ss04,68307699.0,128.0,,0.0095238095238095
100013834|F|0-44:C>T-44:C>T,100013834,1,unique,Ss02,554615.0,128.0,,0.0380952380952381
100014087|F|0-44:G>T-44:G>T,100014087,1,unique,Ss07,2516494.0,128.0,,0.0095238095238095
100014340|F|0-44:A>G-44:A>G,100014340,1,unique,Ss03,83623318.0,117.0,,0.1238095238095238
100014350|F|0-44:T>C-44:T>C,100014350,1,unique,Ss03,86009433.0,128.0,,0.0196078431372549
100014467|F|0-44:T>A-44:T>A,100014467,1,unique,Ss04,76297262.0,128.0,,0.0761904761904762
100015430|F|0-44:A>G-44:A>G,100015430,1,unique,Ss06,2029203.0,128.0,,0.0095238095238095
100016802|F|0-44:C>T-44:C>T,100016802,2,multi,Ss04,59259201.0,128.0,28.0,0.0285714285714285
100017151|F|0-44:A>G-44:A>G,100017151,1,unique,Ss11,2480890.0,128.0,,0.0857142857142857
100017495|F|0-44:T>G-44:T>G,100017495,1,unique,Ss05,465899.0,128.0,,0.0952380952380952
100017600|F|0-44:G>A-44:G>A,100017600,0,unplaced,,,,,0.1142857142857142
100018572|F|0-44:T>A-44:T>A,100018572,1,unique,Ss07,7228212.0,128.0,,0.1428571428571428
100018573|F|0-44:G>C-44:G>C,100018573,1,unique,Ss02,24180924.0,128.0,,0.1523809523809524
100018796|F|0-44:C>T-44:C>T,100018796,1,unique,Ss04,66211982.0,128.0,,0.0571428571428571
100020053|F|0-44:G>A-44:G>A,100020053,1,unique,Ss02,27822329.0,128.0,,0.3333333333333333
100020114|F|0-44:C>A-44:C>A,100020114,1,unique,Ss10,16654389.0,128.0,,0.0357142857142857
100021278|F|0-44:C>G-44:C>G,100021278,1,unique,Ss09,3753569.0,128.0,,0.0961538461538461
100021872|F|0-44:C>T-44:C>T,100021872,1,unique,Ss05,54122705.0,128.0,,0.0571428571428571
100022081|F|0-44:A>C-44:A>C,100022081,1,unique,Ss01,11365410.0,128.0,,0.4285714285714285
100028625|F|0-44:A>G-44:A>G,100028625,1,unique,Ss09,15533867.0,100.0,,0.0571428571428571
100028979|F|0-44:A>C-44:A>C,100028979,1,unique,Ss09,61599550.0,99.0,,0.08
100029409|F|0-44:A>G-44:A>G,100029409,1,unique,Ss02,8088382.0,100.0,,0.1333333333333333
100029523|F|0-44:T>G-44:T>G,100029523,1,unique,Ss05,465912.0,104.0,,0.1047619047619047
100029604|F|0-44:C>T-44:C>T,100029604,1,unique,Ss04,55658805.0,110.0,,0.0285714285714285
100029801|F|0-44:C>T-44:C>T,100029801,1,unique,Ss07,2411283.0,100.0,,0.4761904761904761
100030247|F|0-44:T>A-44:T>A,100030247,1,unique,Ss01,2527798.0,102.0,,0.0285714285714285
100034081|F|0-44:G>A-44:G>A,100034081,2,multi,Ss04,13628397.0,128.0,17.0,0.0
100034920|F|0-44:G>C-44:G>C,100034920,1,unique,Ss05,54845113.0,128.0,,0.1809523809523809
100035033|F|0-44:G>T-44:G>T,100035033,1,unique,Ss02,8102059.0,128.0,,0.0476190476190476
100035819|F|0-44:C>T-44:C>T,100035819,1,unique,Ss09,14553299.0,128.0,,0.1714285714285714
100035931|F|0-44:G>C-44:G>C,100035931,1,unique,Ss02,10088754.0,128.0,,0.4095238095238095
100038393|F|0-44:G>A-44:G>A,100038393,1,unique,Ss09,7824839.0,99.0,,0.3523809523809524
100040243|F|0-44:T>G-44:T>G,100040243,1,unique,Ss07,6915948.0,128.0,,0.4476190476190476
100040964|F|0-44:G>T-44:G>T,100040964,1,unique,Ss09,17024964.0,128.0,,0.0120481927710843
100041190|F|0-44:T>A-44:T>A,100041190,1,unique,Ss09,7452659.0,128.0,,0.0095238095238095
100041814|F|0-44:C>T-44:C>T,100041814,1,unique,Ss07,6709393.0,122.0,,0.3148148148148148
100047334|F|0-44:C>G-44:C>G,100047334,1,unique,Ss03,2271422.0,128.0,,0.0097087378640776
100049136|F|0-44:T>A-44:T>A,100049136,1,unique,Ss08,32994419.0,128.0,,0.0105263157894736
100051719|F|0-44:C>T-44:C>T,100051719,4,multi,Ss04,67684702.0,128.0,0.0,0.5238095238095238
100053868|F|0-44:C>T-44:C>T,100053868,94,multi,Ss06,90906411.0,128.0,0.0,0.0
100055572|F|0-44:G>T-44:G>T,100055572,236,multi,Ss08,1874971.0,128.0,0.0,0.0
100057774|F|0-44:T>A-44:T>A,100057774,1,unique,Ss01,43125839.0,119.0,,0.0666666666666666
100059437|F|0-44:G>C-44:G>C,100059437,2,multi,Ss03,52148963.0,128.0,20.0,0.6190476190476191
100012983|F|0-45:A>T-45:A>T,100012983,1,unique,Ss10,17017244.0,128.0,,0.1333333333333333
100013996|F|0-45:C>T-45:C>T,100013996,1,unique,Ss06,4212034.0,128.0,,0.2178217821782178
100014251|F|0-45:T>C-45:T>C,100014251,1,unique,Ss05,10144806.0,128.0,,0.0571428571428571
100014708|F|0-45:A>T-45:A>T,100014708,1,unique,Ss08,13042143.0,128.0,,0.4571428571428571
100014950|F|0-45:G>A-45:G>A,100014950,1,unique,Ss08,12198692.0,128.0,,0.3047619047619048
100014991|F|0-45:T>G-45:T>G,100014991,1,unique,Ss07,43771329.0,128.0,,0.0952380952380952
100015370|F|0-45:C>T-45:C>T,100015370,1,unique,Ss06,9344222.0,128.0,,0.1809523809523809
100015846|F|0-45:G>T-45:G>T,100015846,1,unique,Ss07,16161024.0,128.0,,0.0761904761904762
100016007|F|0-45:T>G-45:T>G,100016007,1,unique,Ss03,98218168.0,128.0,,0.0095238095238095
100016128|F|0-45:A>G-45:A>G,100016128,1,unique,Ss07,2854224.0,128.0,,0.0761904761904762
100016677|F|0-45:G>A-45:G>A,100016677,1,unique,Ss10,13416055.0,128.0,,0.3619047619047619
100017240|F|0-45:G>A-45:G>A,100017240,1,unique,Ss04,72955302.0,128.0,,0.0476190476190476
100017299|F|0-45:A>C-45:A>C,100017299,1,unique,Ss07,2451832.0,128.0,,0.0194174757281553
100017457|F|0-45:G>A-45:G>A,100017457,1,unique,Ss01,21984490.0,128.0,,0.0133333333333333
100017673|F|0-45:C>G-45:C>G,100017673,1,unique,Ss03,7254379.0,128.0,,0.0
100017786|F|0-45:T>A-45:T>A,100017786,1,unique,Ss06,1937225.0,128.0,,0.0096153846153846
100017979|F|0-45:T>A-45:T>A,100017979,0,unplaced,,,,,0.0666666666666666
100018445|F|0-45:A>G-45:A>G,100018445,1,unique,Ss09,45885808.0,128.0,,0.4476190476190476
100019084|F|0-45:G>A-45:G>A,100019084,1,unique,Ss03,98740345.0,128.0,,0.0761904761904762
100019228|F|0-45:G>T-45:G>T,100019228,1,unique,Ss02,20894943.0,128.0,,0.0285714285714285
100020037|F|0-45:A>T-45:A>T,100020037,1,unique,Ss01,10852925.0,128.0,,0.0689655172413793
100020487|F|0-45:C>T-45:C>T,100020487,1,unique,Ss01,2270216.0,128.0,,0.0285714285714285
100021000|F|0-45:T>G-45:T>G,100021000,1,unique,Ss06,15010727.0,128.0,,0.0666666666666666
100021331|F|0-45:C>T-45:C>T,100021331,1,unique,Ss01,8722292.0,128.0,,0.0666666666666666
100021976|F|0-45:G>T-45:G>T,100021976,1,unique,Ss03,73519344.0,128.0,,0.0380952380952381
100029747|F|0-45:G>A-45:G>A,100029747,1,unique,Ss05,8515587.0,97.1,,0.3142857142857143
100032980|F|0-45:T>A-45:T>A,100032980,1,unique,Ss11,38018184.0,128.0,,0.5619047619047619
100033324|F|0-45:A>T-45:A>T,100033324,1,unique,Ss09,53523368.0,128.0,,0.1634615384615384
100034109|F|0-45:G>A-45:G>A,100034109,1,unique,Ss08,12885919.0,128.0,,0.419047619047619
100034834|F|0-45:G>A-45:G>A,100034834,1,unique,Ss06,3334232.0,128.0,,0.2
100035988|F|0-45:C>A-45:C>A,100035988,1,unique,Ss02,27822394.0,128.0,,0.3238095238095238
100038389|F|0-45:C>T-45:C>T,100038389,1,unique,Ss09,59686557.0,108.0,,0.3047619047619048
100038590|F|0-45:T>A-45:T>A,100038590,1,unique,Ss03,99264521.0,106.0,,0.019047619047619
100038944|F|0-45:C>T-45:C>T,100038944,1,unique,Ss10,17607885.0,104.0,,0.1047619047619047
100041089|F|0-45:A>G-45:A>G,100041089,1,unique,Ss10,12678334.0,128.0,,0.4285714285714285
100041312|F|0-45:T>A-45:T>A,100041312,2,multi,Ss03,75288556.0,128.0,0.0,0.5619047619047619
100041653|F|0-45:T>C-45:T>C,100041653,2,multi,Ss08,5957675.0,122.0,0.0,0.631578947368421
100041895|F|0-45:G>A-45:G>A,100041895,1,unique,Ss11,10925864.0,128.0,,0.1238095238095238
100046699|F|0-45:A>G-45:A>G,100046699,494,multi,Ss04,32175566.0,115.0,2.0,0.0721649484536082
100048828|F|0-45:A>T-45:A>T,100048828,1,unique,Ss05,6307445.0,122.0,,0.0
100053765|F|0-45:C>T-45:C>T,100053765,510,multi,Ss06,89050287.0,128.0,6.0,0.0
100060108|F|0-45:A>T-45:A>T,100060108,150,multi,Ss01,14133670.0,126.0,4.0,0.0106382978723404
100012937|F|0-46:C>T-46:C>T,100012937,1,unique,Ss08,12740849.0,128.0,,0.1428571428571428
100013040|F|0-46:A>G-46:A>G,100013040,1,unique,Ss04,66133163.0,128.0,,0.1809523809523809
100013701|F|0-46:C>A-46:C>A,100013701,1,unique,Ss08,884568.0,128.0,,0.0
100014001|F|0-46:T>A-46:T>A,100014001,1,unique,Ss05,2168225.0,128.0,,0.0095238095238095
100014032|F|0-46:C>T-46:C>T,100014032,1,unique,Ss03,97354902.0,128.0,,0.4095238095238095
100014176|F|0-46:T>C-46:T>C,100014176,1,unique,Ss10,15672350.0,128.0,,0.2761904761904762
100014343|F|0-46:C>T-46:C>T,100014343,1,unique,Ss07,2481102.0,128.0,,0.1238095238095238
100014505|F|0-46:G>T-46:G>T,100014505,1,unique,Ss03,98739628.0,128.0,,0.4
100014685|F|0-46:C>T-46:C>T,100014685,1,unique,Ss03,85879960.0,128.0,,0.0095238095238095
100015126|F|0-46:T>G-46:T>G,100015126,1,unique,Ss10,12238559.0,128.0,,0.1142857142857142
100015367|F|0-46:A>T-46:A>T,100015367,1,unique,Ss09,62729941.0,128.0,,0.4095238095238095
100015777|F|0-46:C>G-46:C>G,100015777,1,unique,Ss08,367014.0,128.0,,0.0285714285714285
100015798|F|0-46:G>A-46:G>A,100015798,1,unique,Ss01,11367195.0,128.0,,0.0666666666666666
100016166|F|0-46:C>G-46:C>G,100016166,452,multi,Ss08,6392919.0,128.0,0.0,0.0434782608695652
100016498|F|0-46:C>A-46:C>A,100016498,628,multi,Ss11,2839554.0,108.0,0.0,0.0
100017065|F|0-46:G>A-46:G>A,100017065,1,unique,Ss04,49449011.0,128.0,,0.2
100017067|F|0-46:G>A-46:G>A,100017067,1,unique,Ss06,2335024.0,128.0,,0.0095238095238095
100017407|F|0-46:T>G-46:T>G,100017407,1,unique,Ss08,34058564.0,128.0,,0.1919191919191919
100017598|F|0-46:C>G-46:C>G,100017598,1,unique,Ss09,45505404.0,128.0,,0.419047619047619
100018393|F|0-46:C>T-46:C>T,100018393,1,unique,Ss06,5807469.0,128.0,,0.0
100018646|F|0-46:C>T-46:C>T,100018646,1,unique,Ss07,8570668.0,128.0,,0.2857142857142857
100018738|F|0-46:T>C-46:T>C,100018738,1,unique,Ss07,2322823.0,128.0,,0.4476190476190476
100018895|F|0-46:T>A-46:T>A,100018895,1,unique,Ss08,8737299.0,128.0,,0.0476190476190476
100018898|F|0-46:T>A-46:T>A,100018898,1,unique,Ss07,672190.0,128.0,,0.0099009900990099
100019163|F|0-46:T>A-46:T>A,100019163,1,unique,Ss03,98154247.0,128.0,,0.0095238095238095
100019269|F|0-46:T>G-46:T>G,100019269,1,unique,Ss03,82378369.0,128.0,,0.0761904761904762
100019277|F|0-46:C>T-46:C>T,100019277,1,unique,Ss11,1330198.0,128.0,,0.238095238095238
100019377|F|0-46:G>A-46:G>A,100019377,2,multi,Ss06,18131861.0,128.0,0.0,0.4
100019978|F|0-46:T>C-46:T>C,100019978,1,unique,Ss05,7117051.0,128.0,,0.0571428571428571
100020325|F|0-46:A>G-46:A>G,100020325,1,unique,Ss01,47025370.0,128.0,,0.0404040404040404
100020460|F|0-46:A>G-46:A>G,100020460,1,unique,Ss08,8666696.0,128.0,,0.1333333333333333
100020584|F|0-46:A>T-46:A>T,100020584,1,unique,Ss11,36619442.0,122.0,,0.0196078431372549
100020611|F|0-46:A>T-46:A>T,100020611,1,unique,Ss06,11436886.0,128.0,,0.0097087378640776
100020777|F|0-46:A>G-46:A>G,100020777,1,unique,Ss08,30928221.0,128.0,,0.4285714285714285
100022838|F|0-46:C>T-46:C>T,100022838,8,multi,Ss05,15850701.0,128.0,11.0,0.0101010101010101
100028792|F|0-46:G>T-46:G>T,100028792,1,unique,Ss06,2755327.0,100.0,,0.219047619047619
100029240|F|0-46:A>G-46:A>G,100029240,1,unique,Ss11,28908030.0,104.0,,0.3904761904761905
100029346|F|0-46:T>A-46:T>A,100029346,1,unique,Ss05,8512540.0,102.0,,0.2549019607843137
100029543|F|0-46:T>C-46:T>C,100029543,1,unique,Ss10,18278895.0,108.0,,0.3238095238095238
100032801|F|0-46:T>A-46:T>A,100032801,1,unique,Ss01,8519443.0,128.0,,0.3047619047619048
100033016|F|0-46:G>A-46:G>A,100033016,1,unique,Ss09,2890650.0,128.0,,0.0380952380952381
100033255|F|0-46:T>C-46:T>C,100033255,1,unique,Ss09,8685331.0,122.0,,0.1188118811881188
100033311|F|0-46:C>T-46:C>T,100033311,1,unique,Ss09,57009270.0,128.0,,0.5523809523809524
100033353|F|0-46:A>T-46:A>T,100033353,1,unique,Ss09,6495825.0,128.0,,0.1153846153846153
100033379|F|0-46:C>G-46:C>G,100033379,2,multi,Ss01,18176551.0,128.0,0.0,0.5904761904761905
100033805|F|0-46:G>C-46:G>C,100033805,1,unique,Ss03,92375521.0,128.0,,0.0961538461538461
100034016|F|0-46:G>A-46:G>A,100034016,1,unique,Ss04,67244716.0,128.0,,0.2571428571428571
100034096|F|0-46:G>C-46:G>C,100034096,1,unique,Ss02,14309037.0,122.0,,0.4038461538461538
100034184|F|0-46:T>C-46:T>C,100034184,2,multi,Ss06,14437874.0,128.0,9.0,0.2952380952380952
100035335|F|0-46:C>T-46:C>T,100035335,1,unique,Ss10,16832618.0,128.0,,0.0886075949367088
100038566|F|0-46:T>A-46:T>A,100038566,2,multi,Ss11,37427755.0,99.0,0.0,0.3428571428571428
100040372|F|0-46:C>G-46:C>G,100040372,1,unique,Ss03,99038680.0,122.0,,0.0204081632653061
100041891|F|0-46:G>A-46:G>A,100041891,3,multi,Ss08,21069245.0,126.0,4.0,0.1714285714285714
100043273|F|0-46:A>T-46:A>T,100043273,1,unique,Ss05,8512538.0,106.0,,0.3333333333333333
100044126|F|0-46:C>T-46:C>T,100044126,1,unique,Ss10,15556133.0,128.0,,0.0857142857142857
100045297|F|0-46:T>C-46:T>C,100045297,1,unique,Ss03,7215423.0,128.0,,0.5333333333333333
100047331|F|0-46:A>T-46:A>T,100047331,1,unique,Ss11,36619443.0,128.0,,0.0571428571428571
100049714|F|0-46:C>G-46:C>G,100049714,47,multi,Ss09,18983999.0,76.8,0.0,0.0133333333333333
100053906|F|0-46:G>A-46:G>A,100053906,10,multi,Ss01,33340504.0,128.0,6.0,0.0232558139534883
100057225|F|0-46:C>T-46:C>T,100057225,385,multi,Ss11,19767553.0,100.0,0.0,0.0
100057925|F|0-46:G>C-46:G>C,100057925,17,multi,Ss09,33168638.0,117.0,6.0,0.0
100059434|F|0-46:A>G-46:A>G,100059434,19,multi,Ss04,40945937.0,128.0,6.0,0.7619047619047619
100013995|F|0-47:C>T-47:C>T,100013995,1,unique,Ss02,121350.0,128.0,,0.019047619047619
100015875|F|0-47:A>T-47:A>T,100015875,2,multi,Ss04,60358311.0,128.0,34.5,0.0285714285714285
100016554|F|0-47:A>G-47:A>G,100016554,1,unique,Ss04,70490275.0,128.0,,0.0476190476190476
100016684|F|0-47:T>C-47:T>C,100016684,1,unique,Ss06,5830074.0,128.0,,0.2285714285714285
100016689|F|0-47:G>T-47:G>T,100016689,1,unique,Ss10,3422222.0,128.0,,0.2476190476190476
100016740|F|0-47:T>C-47:T>C,100016740,1,unique,Ss06,17130957.0,128.0,,0.2
100016743|F|0-47:T>A-47:T>A,100016743,1,unique,Ss09,4820402.0,128.0,,0.1694915254237288
100016750|F|0-47:G>A-47:G>A,100016750,1,unique,Ss02,14321730.0,128.0,,0.3904761904761905
100017018|F|0-47:G>T-47:G>T,100017018,1,unique,Ss09,59794366.0,128.0,,0.0476190476190476
100018004|F|0-47:G>A-47:G>A,100018004,1,unique,Ss08,7051016.0,115.0,,0.4761904761904761
100018158|F|0-47:G>T-47:G>T,100018158,1,unique,Ss04,58496461.0,128.0,,0.1714285714285714
100018613|F|0-47:T>C-47:T>C,100018613,1,unique,Ss09,12308524.0,128.0,,0.3809523809523809
100018699|F|0-47:A>G-47:A>G,100018699,2,multi,Ss08,8443821.0,128.0,0.0,0.1881188118811881
100019668|F|0-47:T>C-47:T>C,100019668,1,unique,Ss11,37999452.0,128.0,,0.0095238095238095
100019738|F|0-47:G>A-47:G>A,100019738,1,unique,Ss05,56638957.0,128.0,,0.4285714285714285
100020485|F|0-47:G>T-47:G>T,100020485,1,unique,Ss09,62444542.0,128.0,,0.4285714285714285
100020628|F|0-47:T>C-47:T>C,100020628,1,unique,Ss11,27178644.0,128.0,,0.03
100021098|F|0-47:G>A-47:G>A,100021098,1,unique,Ss01,45157162.0,128.0,,0.0833333333333333
100021537|F|0-47:T>A-47:T>A,100021537,1,unique,Ss09,45889880.0,128.0,,0.2307692307692307
100021757|F|0-47:G>A-47:G>A,100021757,1,unique,Ss10,17521630.0,128.0,,0.4761904761904761
100028900|F|0-47:T>C-47:T>C,100028900,1,unique,Ss07,7246956.0,99.0,,0.0109890109890109
100029687|F|0-47:A>T-47:A>T,100029687,1,unique,Ss03,12335041.0,95.3,,0.3428571428571428
100032753|F|0-47:A>G-47:A>G,100032753,1,unique,Ss03,96329098.0,128.0,,0.3142857142857143
100034114|F|0-47:T>A-47:T>A,100034114,1,unique,Ss09,4820410.0,113.0,,0.2857142857142857
100034510|F|0-47:C>T-47:C>T,100034510,1,unique,Ss11,36129803.0,128.0,,0.3333333333333333
100035838|F|0-47:A>C-47:A>C,100035838,1,unique,Ss01,2838128.0,128.0,,0.0121951219512195
100035996|F|0-47:A>G-47:A>G,100035996,1,unique,Ss10,12678269.0,128.0,,0.4285714285714285
100040047|F|0-47:A>G-47:A>G,100040047,1,unique,Ss09,61640144.0,128.0,,0.064516129032258
100040058|F|0-47:C>T-47:C>T,100040058,2,multi,Ss06,85141202.0,128.0,6.0,0.0098039215686274
100046464|F|0-47:T>C-47:T>C,100046464,9,multi,Ss09,56944699.0,128.0,0.0,0.1176470588235294
100046635|F|0-47:T>A-47:T>A,100046635,1,unique,Ss09,6655176.0,128.0,,0.4476190476190476
100052901|F|0-47:C>G-47:C>G,100052901,1,unique,Ss05,7290956.0,128.0,,0.0
100053824|F|0-47:A>G-47:A>G,100053824,1,unique,Ss01,16226281.0,128.0,,0.419047619047619
100054502|F|0-47:T>C-47:T>C,100054502,1,unique,Ss06,12125506.0,117.0,,0.3047619047619048
100054561|F|0-47:T>C-47:T>C,100054561,9,multi,Ss03,19284742.0,128.0,0.0,0.0638297872340425
100054653|F|0-47:T>C-47:T>C,100054653,1,unique,Ss05,55692990.0,121.0,,0.3428571428571428
100057475|F|0-47:G>A-47:G>A,100057475,72,multi,Ss08,1646558.0,128.0,0.0,0.0204081632653061
100058373|F|0-47:A>G-47:A>G,100058373,893,multi,Ss09,41852699.0,128.0,0.0,0.0206185567010309
100013022|F|0-48:G>C-48:G>C,100013022,1,unique,Ss01,11376230.0,128.0,,0.5047619047619047
100013423|F|0-48:T>G-48:T>G,100013423,1,unique,Ss08,34419984.0,128.0,,0.1739130434782608
100013540|F|0-48:T>A-48:T>A,100013540,1,unique,Ss04,65191858.0,128.0,,0.0
100013951|F|0-48:C>A-48:C>A,100013951,1,unique,Ss02,26560273.0,128.0,,0.019047619047619
100014521|F|0-48:A>T-48:A>T,100014521,1,unique,Ss06,8480290.0,128.0,,0.0140845070422535
100015120|F|0-48:A>G-48:A>G,100015120,1,unique,Ss09,57682392.0,128.0,,0.0571428571428571
100015217|F|0-48:T>A-48:T>A,100015217,1,unique,Ss06,9979842.0,128.0,,0.0576923076923076
100015478|F|0-48:C>T-48:C>T,100015478,1,unique,Ss06,5662306.0,128.0,,0.2
100016208|F|0-48:C>T-48:C>T,100016208,1,unique,Ss08,2146728.0,128.0,,0.0095238095238095
100017091|F|0-48:T>A-48:T>A,100017091,1,unique,Ss06,12790879.0,128.0,,0.0380952380952381
100017665|F|0-48:T>C-48:T>C,100017665,1,unique,Ss04,74403624.0,128.0,,0.0181818181818181
100018229|F|0-48:T>G-48:T>G,100018229,1,unique,Ss09,2895909.0,128.0,,0.0095238095238095
100018271|F|0-48:A>G-48:A>G,100018271,1,unique,Ss01,41002016.0,128.0,,0.4380952380952381
100019637|F|0-48:C>G-48:C>G,100019637,1,unique,Ss02,6558380.0,128.0,,0.0952380952380952
100020490|F|0-48:T>A-48:T>A,100020490,1,unique,Ss01,40348092.0,128.0,,0.0476190476190476
100020511|F|0-48:A>C-48:A>C,100020511,1,unique,Ss09,979716.0,128.0,,0.0095238095238095
100020980|F|0-48:G>A-48:G>A,100020980,1,unique,Ss08,33184752.0,128.0,,0.219047619047619
100029321|F|0-48:C>A-48:C>A,100029321,1,unique,Ss01,5675527.0,97.1,,0.1047619047619047
100029953|F|0-48:C>A-48:C>A,100029953,1,unique,Ss08,35302710.0,97.1,,0.0476190476190476
100030728|F|0-48:A>G-48:A>G,100030728,3,multi,Ss04,885011.0,102.0,8.5,0.0142857142857142
100033416|F|0-48:G>A-48:G>A,100033416,3,multi,Ss08,29240929.0,128.0,6.0,0.2952380952380952
100035658|F|0-48:T>A-48:T>A,100035658,1,unique,Ss10,9948239.0,128.0,,0.0769230769230769
100035860|F|0-48:G>T-48:G>T,100035860,181,multi,Ss11,22009235.0,128.0,0.0,0.019047619047619
100043126|F|0-48:T>A-48:T>A,100043126,1,unique,Ss09,49230568.0,102.0,,0.2761904761904762
100044509|F|0-48:G>A-48:G>A,100044509,1,unique,Ss08,20915533.0,128.0,,0.02
100046604|F|0-48:C>T-48:C>T,100046604,1,unique,Ss03,19369362.0,122.0,,0.019047619047619
100053767|F|0-48:A>G-48:A>G,100053767,540,multi,Ss06,107071117.0,128.0,6.0,0.0096153846153846
100056885|F|0-48:C>T-48:C>T,100056885,2,multi,Ss11,30490421.0,84.2,0.0,0.0
100058467|F|0-48:T>C-48:T>C,100058467,13,multi,Ss03,19283062.0,128.0,2.0,0.0808080808080808
100060015|F|0-48:A>T-48:A>T,100060015,2,multi,Ss11,30490421.0,84.2,0.0,0.0
100013287|F|0-49:A>T-49:A>T,100013287,1,unique,Ss03,72538930.0,128.0,,0.0204081632653061
100015245|F|0-49:A>G-49:A>G,100015245,1,unique,Ss03,19263236.0,128.0,,0.1238095238095238
100015338|F|0-49:G>T-49:G>T,100015338,1,unique,Ss02,12196026.0,128.0,,0.0865384615384615
100015350|F|0-49:A>G-49:A>G,100015350,1,unique,Ss02,9693570.0,128.0,,0.219047619047619
100015359|F|0-49:C>T-49:C>T,100015359,1,unique,Ss08,5846653.0,128.0,,0.0476190476190476
100016057|F|0-49:T>G-49:T>G,100016057,1,unique,Ss09,5436007.0,128.0,,0.019047619047619
100017261|F|0-49:C>T-49:C>T,100017261,1,unique,Ss01,12523182.0,128.0,,0.0571428571428571
100017449|F|0-49:C>T-49:C>T,100017449,1,unique,Ss02,4842851.0,128.0,,0.0483870967741935
100017717|F|0-49:A>T-49:A>T,100017717,1,unique,Ss05,8553138.0,128.0,,0.019047619047619
100017927|F|0-49:C>T-49:C>T,100017927,1,unique,Ss02,265028.0,128.0,,0.1809523809523809
100017988|F|0-49:T>G-49:T>G,100017988,1,unique,Ss06,6173809.0,128.0,,0.2666666666666666
100019395|F|0-49:A>G-49:A>G,100019395,1,unique,Ss07,229568.0,128.0,,0.3904761904761905
100019900|F|0-49:T>C-49:T>C,100019900,1,unique,Ss03,100258097.0,128.0,,0.0571428571428571
100019956|F|0-49:C>A-49:C>A,100019956,0,unplaced,,,,,0.419047619047619
100021067|F|0-49:G>A-49:G>A,100021067,1,unique,Ss03,97225870.0,128.0,,0.4571428571428571
100021502|F|0-49:T>G-49:T>G,100021502,1,unique,Ss06,3096001.0,128.0,,0.0857142857142857
100022154|F|0-49:T>G-49:T>G,100022154,2,multi,Ss08,21670538.0,128.0,15.0,0.0095238095238095
100033806|F|0-49:C>G-49:C>G,100033806,1,unique,Ss03,92375521.0,128.0,,0.0
100033853|F|0-49:A>G-49:A>G,100033853,1,unique,Ss06,13917292.0,128.0,,0.5904761904761905
100033919|F|0-49:T>C-49:T>C,100033919,1,unique,Ss03,75766216.0,128.0,,0.0857142857142857
100034348|F|0-49:T>G-49:T>G,100034348,1,unique,Ss03,74874720.0,128.0,,0.3904761904761905
100034724|F|0-49:G>A-49:G>A,100034724,2,multi,Ss02,3751876.0,128.0,6.0,0.4095238095238095
100039964|F|0-49:C>G-49:C>G,100039964,1,unique,Ss08,11285079.0,128.0,,0.1809523809523809
100040506|F|0-49:C>A-49:C>A,100040506,1,unique,Ss02,25841794.0,128.0,,0.0098039215686274
100040577|F|0-49:G>A-49:G>A,100040577,3,multi,Ss03,22472508.0,128.0,9.0,0.048076923076923
100041050|F|0-49:T>A-49:T>A,100041050,1,unique,Ss07,8877656.0,128.0,,0.4285714285714285
100045141|F|0-49:C>T-49:C>T,100045141,1,unique,Ss10,15225094.0,128.0,,0.4666666666666667
100048797|F|0-49:G>C-49:G>C,100048797,10,multi,Ss10,2600569.0,128.0,6.0,0.0505050505050505
100049126|F|0-49:A>G-49:A>G,100049126,1,unique,Ss04,70889056.0,124.0,,0.0666666666666666
100059436|F|0-49:A>C-49:A>C,100059436,6,multi,Ss04,24405695.0,128.0,17.0,0.6190476190476191
100060949|F|0-49:A>C-49:A>C,100060949,225,multi,Ss11,477415.0,108.0,0.0,0.0144927536231884
100013412|F|0-50:C>T-50:C>T,100013412,1,unique,Ss04,70445246.0,128.0,,0.0096153846153846
100013622|F|0-50:C>T-50:C>T,100013622,1,unique,Ss01,8526679.0,128.0,,0.2761904761904762
100013950|F|0-50:T>C-50:T>C,100013950,1,unique,Ss01,40800795.0,128.0,,0.0761904761904762
100014539|F|0-50:C>T-50:C>T,100014539,1,unique,Ss06,3500174.0,128.0,,0.0666666666666666
100014543|F|0-50:A>T-50:A>T,100014543,1,unique,Ss03,19019973.0,128.0,,0.019047619047619
100014709|F|0-50:C>G-50:C>G,100014709,1,unique,Ss05,1776525.0,128.0,,0.0380952380952381
100015009|F|0-50:G>A-50:G>A,100015009,1,unique,Ss05,1195743.0,128.0,,0.4761904761904761
100015912|F|0-50:C>G-50:C>G,100015912,1,unique,Ss09,57436183.0,128.0,,0.0095238095238095
100016225|F|0-50:A>C-50:A>C,100016225,1,unique,Ss04,38883917.0,128.0,,0.3786407766990291
100017460|F|0-50:C>T-50:C>T,100017460,1,unique,Ss07,399419.0,128.0,,0.4571428571428571
100017551|F|0-50:C>G-50:C>G,100017551,1,unique,Ss01,13978357.0,128.0,,0.1923076923076923
100017581|F|0-50:A>C-50:A>C,100017581,1,unique,Ss01,9474532.0,128.0,,0.0095238095238095
100018237|F|0-50:T>A-50:T>A,100018237,1,unique,Ss01,45882284.0,128.0,,0.0
100018327|F|0-50:C>T-50:C>T,100018327,1,unique,Ss01,10262276.0,128.0,,0.0761904761904762
100019346|F|0-50:A>C-50:A>C,100019346,1,unique,Ss09,7055094.0,128.0,,0.3238095238095238
100019507|F|0-50:C>T-50:C>T,100019507,2,multi,Ss11,11897886.0,128.0,6.0,0.0
100020342|F|0-50:T>G-50:T>G,100020342,1,unique,Ss05,5304247.0,128.0,,0.0285714285714285
100020518|F|0-50:T>G-50:T>G,100020518,1,unique,Ss07,8001543.0,128.0,,0.3333333333333333
100020869|F|0-50:A>C-50:A>C,100020869,1,unique,Ss06,1409635.0,128.0,,0.019047619047619
100021123|F|0-50:T>C-50:T>C,100021123,1,unique,Ss01,17173802.0,128.0,,0.3627450980392157
100021416|F|0-50:T>G-50:T>G,100021416,1,unique,Ss06,6048415.0,128.0,,0.4095238095238095
100021425|F|0-50:G>C-50:G>C,100021425,1,unique,Ss01,42699259.0,128.0,,0.219047619047619
100021588|F|0-50:T>C-50:T>C,100021588,1,unique,Ss04,67633005.0,122.0,,0.1142857142857142
100021804|F|0-50:G>A-50:G>A,100021804,1,unique,Ss02,894020.0,128.0,,0.0380952380952381
100022068|F|0-50:T>C-50:T>C,100022068,1,unique,Ss08,34679150.0,128.0,,0.2095238095238095
100028358|F|0-50:A>G-50:A>G,100028358,0,unplaced,,,,,0.0909090909090909
100029372|F|0-50:T>A-50:T>A,100029372,1,unique,Ss04,2729320.0,110.0,,0.0380952380952381
100032869|F|0-50:G>A-50:G>A,100032869,61,multi,Ss03,23121185.0,128.0,6.0,0.1414141414141414
100033546|F|0-50:C>T-50:C>T,100033546,9,multi,Ss02,824849.0,128.0,6.0,0.7238095238095238
100034179|F|0-50:C>T-50:C>T,100034179,2,multi,Ss02,24997480.0,128.0,17.0,0.5333333333333333
100035433|F|0-50:A>G-50:A>G,100035433,1,unique,Ss03,14848891.0,128.0,,0.0425531914893617
100035960|F|0-50:G>C-50:G>C,100035960,1,unique,Ss03,88117268.0,128.0,,0.0121951219512195
100038737|F|0-50:C>T-50:C>T,100038737,11,multi,Ss09,32255070.0,100.0,0.0,0.0617283950617283
100040709|F|0-50:C>T-50:C>T,100040709,1,unique,Ss01,19971617.0,128.0,,0.0380952380952381
100041194|F|0-50:C>G-50:C>G,100041194,1,unique,Ss05,6506333.0,115.0,,0.0285714285714285
100044815|F|0-50:C>T-50:C>T,100044815,0,unplaced,,,,,0.1833333333333333
100045385|F|0-50:G>A-50:G>A,100045385,1,unique,Ss08,26104644.0,128.0,,0.3428571428571428
100051635|F|0-50:A>G-50:A>G,100051635,2,multi,Ss11,30490421.0,86.1,0.0,0.0117647058823529
100058869|F|0-50:A>T-50:A>T,100058869,6,multi,Ss06,94210945.0,100.0,6.5,0.0
100059407|F|0-50:T>C-50:T>C,100059407,4,multi,Ss09,10644553.0,71.3,0.0,0.0
100059421|F|0-50:T>A-50:T>A,100059421,81,multi,Ss03,36828131.0,128.0,6.0,0.0
100013151|F|0-51:A>C-51:A>C,100013151,1,unique,Ss07,6496745.0,128.0,,0.0106382978723404
100013478|F|0-51:G>A-51:G>A,100013478,1,unique,Ss09,62447725.0,128.0,,0.3904761904761905
100014015|F|0-51:C>G-51:C>G,100014015,1,unique,Ss08,10377663.0,128.0,,0.419047619047619
100015210|F|0-51:G>T-51:G>T,100015210,1,unique,Ss04,630257.0,128.0,,0.0476190476190476
100015457|F|0-51:T>C-51:T>C,100015457,1,unique,Ss08,222881.0,128.0,,0.0666666666666666
100016158|F|0-51:C>A-51:C>A,100016158,1,unique,Ss01,47150425.0,128.0,,0.0857142857142857
100016880|F|0-51:C>A-51:C>A,100016880,1,unique,Ss01,17506961.0,128.0,,0.1142857142857142
100017321|F|0-51:A>T-51:A>T,100017321,2,multi,Ss01,31228795.0,128.0,0.0,0.7523809523809524
100017631|F|0-51:G>A-51:G>A,100017631,1,unique,Ss03,82280497.0,128.0,,0.2476190476190476
100018713|F|0-51:T>A-51:T>A,100018713,1,unique,Ss05,5943788.0,128.0,,0.580952380952381
100018735|F|0-51:T>A-51:T>A,100018735,1,unique,Ss06,29311017.0,128.0,,0.019047619047619
100018958|F|0-51:A>G-51:A>G,100018958,1,unique,Ss05,5177136.0,128.0,,0.1142857142857142
100019329|F|0-51:C>A-51:C>A,100019329,1,unique,Ss03,19161658.0,128.0,,0.4476190476190476
100019734|F|0-51:G>T-51:G>T,100019734,1,unique,Ss03,98918019.0,128.0,,0.0761904761904762
100019892|F|0-51:C>T-51:C>T,100019892,1,unique,Ss05,55067991.0,128.0,,0.0652173913043478
100020391|F|0-51:G>C-51:G>C,100020391,1,unique,Ss08,34102447.0,128.0,,0.0769230769230769
100020762|F|0-51:C>T-51:C>T,100020762,1,unique,Ss08,21034326.0,128.0,,0.0806451612903225
100020834|F|0-51:T>G-51:T>G,100020834,1,unique,Ss11,37956142.0,128.0,,0.0192307692307692
100020933|F|0-51:T>C-51:T>C,100020933,1,unique,Ss01,32243831.0,128.0,,0.4952380952380952
100021392|F|0-51:G>A-51:G>A,100021392,1,unique,Ss09,64886883.0,128.0,,0.4380952380952381
100021515|F|0-51:T>G-51:T>G,100021515,1,unique,Ss01,31821550.0,128.0,,0.0095238095238095
100021866|F|0-51:G>C-51:G>C,100021866,1,unique,Ss01,14537282.0,128.0,,0.3047619047619048
100022008|F|0-51:G>C-51:G>C,100022008,1,unique,Ss11,38274856.0,128.0,,0.3428571428571428
100022102|F|0-51:T>G-51:T>G,100022102,1,unique,Ss04,71636335.0,128.0,,0.4666666666666667
100022318|F|0-51:T>G-51:T>G,100022318,1,unique,Ss08,541413.0,128.0,,0.0388349514563106
100028685|F|0-51:A>G-51:A>G,100028685,1,unique,Ss04,63180984.0,110.0,,0.0
100029078|F|0-51:A>T-51:A>T,100029078,1,unique,Ss06,2967327.0,102.0,,0.0095238095238095
100029087|F|0-51:T>A-51:T>A,100029087,1,unique,Ss04,1063119.0,106.0,,0.108695652173913
100029875|F|0-51:C>T-51:C>T,100029875,1,unique,Ss01,17947496.0,106.0,,0.0095238095238095
100030243|F|0-51:A>G-51:A>G,100030243,1,unique,Ss08,5269725.0,110.0,,0.1368421052631579
100030431|F|0-51:C>T-51:C>T,100030431,1,unique,Ss08,21034326.0,106.0,,0.1619047619047619
100033363|F|0-51:C>T-51:C>T,100033363,1,unique,Ss04,67063419.0,128.0,,0.1619047619047619
100033716|F|0-51:T>C-51:T>C,100033716,1,unique,Ss07,2760694.0,128.0,,0.1523809523809524
100033812|F|0-51:C>A-51:C>A,100033812,1,unique,Ss04,57112391.0,128.0,,0.0952380952380952
100033830|F|0-51:G>C-51:G>C,100033830,1,unique,Ss02,1273633.0,128.0,,0.0476190476190476
100034436|F|0-51:G>C-51:G>C,100034436,2,multi,Ss02,12807980.0,128.0,6.0,0.0
100034528|F|0-51:A>G-51:A>G,100034528,1,unique,Ss06,15764852.0,128.0,,0.1714285714285714
100035964|F|0-51:G>A-51:G>A,100035964,1,unique,Ss04,1583547.0,128.0,,0.3047619047619048
100040910|F|0-51:A>G-51:A>G,100040910,1,unique,Ss01,31200589.0,128.0,,0.1359223300970873
100044377|F|0-51:A>T-51:A>T,100044377,1,unique,Ss04,63275747.0,128.0,,0.1904761904761904
100046718|F|0-51:G>A-51:G>A,100046718,4,multi,Ss03,14252931.0,128.0,6.0,0.0761904761904762
100056908|F|0-51:C>T-51:C>T,100056908,1,unique,Ss08,13042083.0,119.0,,0.4571428571428571
100061129|F|0-51:C>A-51:C>A,100061129,32,multi,Ss07,13654173.0,128.0,0.0,0.0106382978723404
100012994|F|0-52:C>T-52:C>T,100012994,1,unique,Ss02,8801928.0,128.0,,0.0571428571428571
100013199|F|0-52:T>C-52:T>C,100013199,1,unique,Ss04,36324292.0,128.0,,0.1619047619047619
100013766|F|0-52:T>G-52:T>G,100013766,1,unique,Ss03,44008987.0,128.0,,0.0666666666666666
100014867|F|0-52:T>C-52:T>C,100014867,1,unique,Ss10,5221683.0,128.0,,0.0416666666666666
100015028|F|0-52:A>T-52:A>T,100015028,1,unique,Ss11,30261512.0,128.0,,0.2095238095238095
100015139|F|0-52:T>C-52:T>C,100015139,1,unique,Ss07,35912062.0,128.0,,0.1333333333333333
100015559|F|0-52:C>G-52:C>G,100015559,1,unique,Ss02,23458796.0,128.0,,0.048076923076923
100015622|F|0-52:A>G-52:A>G,100015622,1,unique,Ss02,20756559.0,128.0,,0.4571428571428571
100016783|F|0-52:G>T-52:G>T,100016783,1,unique,Ss10,16317520.0,128.0,,0.029126213592233
100017470|F|0-52:A>T-52:A>T,100017470,163,multi,Ss03,40958257.0,128.0,11.0,0.0
100017630|F|0-52:A>T-52:A>T,100017630,1,unique,Ss09,13716597.0,128.0,,0.1619047619047619
100017910|F|0-52:G>A-52:G>A,100017910,1,unique,Ss08,28572805.0,128.0,,0.3619047619047619
100017939|F|0-52:A>G-52:A>G,100017939,1,unique,Ss08,19101524.0,128.0,,0.2307692307692307
100018163|F|0-52:G>A-52:G>A,100018163,1,unique,Ss01,11284135.0,128.0,,0.019047619047619
100019282|F|0-52:T>A-52:T>A,100019282,1,unique,Ss04,66835021.0,128.0,,0.4761904761904761
100021141|F|0-52:T>A-52:T>A,100021141,1,unique,Ss04,53441380.0,128.0,,0.0192307692307692
100021486|F|0-52:T>C-52:T>C,100021486,1,unique,Ss11,28614183.0,128.0,,0.0129870129870129
100032803|F|0-52:T>C-52:T>C,100032803,9,multi,Ss07,4175367.0,128.0,6.0,0.0125
100033116|F|0-52:A>C-52:A>C,100033116,1,unique,Ss07,318756.0,122.0,,0.0555555555555555
100033321|F|0-52:G>A-52:G>A,100033321,1,unique,Ss06,8804082.0,128.0,,0.0761904761904762
100033391|F|0-52:T>C-52:T>C,100033391,1,unique,Ss04,64614999.0,128.0,,0.4
100033932|F|0-52:T>C-52:T>C,100033932,1,unique,Ss04,51939322.0,128.0,,0.1904761904761904
100034416|F|0-52:G>A-52:G>A,100034416,2,multi,Ss08,9964934.0,128.0,6.0,0.019047619047619
100034443|F|0-52:T>G-52:T>G,100034443,1,unique,Ss05,52434386.0,128.0,,0.419047619047619
100034447|F|0-52:A>T-52:A>T,100034447,1,unique,Ss09,15211263.0,128.0,,0.1619047619047619
100034925|F|0-52:C>A-52:C>A,100034925,1,unique,Ss04,74112421.0,128.0,,0.0666666666666666
100035311|F|0-52:A>G-52:A>G,100035311,1,unique,Ss03,79891568.0,128.0,,0.0476190476190476
100035464|F|0-52:G>A-52:G>A,100035464,1,unique,Ss04,70036306.0,128.0,,0.0857142857142857
100035474|F|0-52:T>A-52:T>A,100035474,1,unique,Ss02,13475870.0,128.0,,0.0
100040367|F|0-52:G>A-52:G>A,100040367,1,unique,Ss09,2821314.0,128.0,,0.0095238095238095
100041229|F|0-52:A>T-52:A>T,100041229,1,unique,Ss02,3187687.0,128.0,,0.4857142857142857
100044697|F|0-52:A>C-52:A>C,100044697,1,unique,Ss05,7558564.0,128.0,,0.0109890109890109
100048486|F|0-52:T>A-52:T>A,100048486,1,unique,Ss04,61703443.0,122.0,,0.0098039215686274
100049954|F|0-52:G>A-52:G>A,100049954,411,multi,Ss05,50868339.0,128.0,6.0,0.1442307692307692
100050377|F|0-52:T>C-52:T>C,100050377,2,multi,Ss01,31200525.0,126.0,9.0,0.0097087378640776
100056408|F|0-52:A>T-52:A>T,100056408,1,unique,Ss03,12417520.0,128.0,,0.4571428571428571
100060017|F|0-52:C>G-52:C>G,100060017,2,multi,Ss11,30490421.0,84.2,0.0,0.0
100013471|F|0-53:A>G-53:A>G,100013471,1,unique,Ss08,8628175.0,128.0,,0.0476190476190476
100013627|F|0-53:G>A-53:G>A,100013627,1,unique,Ss04,70652095.0,128.0,,0.0096153846153846
100013943|F|0-53:A>T-53:A>T,100013943,1,unique,Ss03,82739916.0,128.0,,0.0761904761904762
100013988|F|0-53:C>T-53:C>T,100013988,0,unplaced,,,,,0.0095238095238095
100014028|F|0-53:G>A-53:G>A,100014028,1,unique,Ss04,61005989.0,128.0,,0.2285714285714285
100014242|F|0-53:A>G-53:A>G,100014242,1,unique,Ss04,67776079.0,128.0,,0.5047619047619047
100014904|F|0-53:C>G-53:C>G,100014904,1,unique,Ss05,3372550.0,128.0,,0.0095238095238095
100016593|F|0-53:A>T-53:A>T,100016593,1,unique,Ss08,12951473.0,128.0,,0.4476190476190476
100017140|F|0-53:T>C-53:T>C,100017140,1,unique,Ss07,7621181.0,128.0,,0.1809523809523809
100017488|F|0-53:T>C-53:T>C,100017488,1,unique,Ss09,43258136.0,128.0,,0.2535211267605634
100017999|F|0-53:C>T-53:C>T,100017999,1,unique,Ss03,98460554.0,128.0,,0.0095238095238095
100018030|F|0-53:G>C-53:G>C,100018030,1,unique,Ss09,3092501.0,128.0,,0.0095238095238095
100018174|F|0-53:C>T-53:C>T,100018174,1,unique,Ss04,651574.0,128.0,,0.3523809523809524
100018381|F|0-53:C>A-53:C>A,100018381,1,unique,Ss10,3135327.0,128.0,,0.2095238095238095
100018408|F|0-53:G>A-53:G>A,100018408,1,unique,Ss09,12747728.0,128.0,,0.3619047619047619
100018514|F|0-53:A>G-53:A>G,100018514,2,multi,Ss06,105270717.0,128.0,11.0,0.0098039215686274
100018823|F|0-53:T>C-53:T>C,100018823,1,unique,Ss09,11900317.0,128.0,,0.029126213592233
100018973|F|0-53:T>G-53:T>G,100018973,1,unique,Ss10,13667807.0,128.0,,0.238095238095238
100019308|F|0-53:A>G-53:A>G,100019308,1,unique,Ss02,25932644.0,128.0,,0.2115384615384615
100019334|F|0-53:T>C-53:T>C,100019334,1,unique,Ss04,2109406.0,128.0,,0.1809523809523809
100019423|F|0-53:T>G-53:T>G,100019423,1,unique,Ss02,8886573.0,128.0,,0.0095238095238095
100019557|F|0-53:C>T-53:C>T,100019557,1,unique,Ss01,18314900.0,128.0,,0.0476190476190476
100019558|F|0-53:C>T-53:C>T,100019558,1,unique,Ss08,20302798.0,128.0,,0.1904761904761904
100020538|F|0-53:C>T-53:C>T,100020538,1,unique,Ss03,80660196.0,128.0,,0.0444444444444444
100020809|F|0-53:C>G-53:C>G,100020809,1,unique,Ss01,39838028.0,113.0,,0.1619047619047619
100020822|F|0-53:G>A-53:G>A,100020822,72,multi,Ss11,2363391.0,117.0,0.0,0.02
100020893|F|0-53:C>T-53:C>T,100020893,1,unique,Ss09,21100945.0,128.0,,0.019047619047619
100021295|F|0-53:G>T-53:G>T,100021295,1,unique,Ss03,6648787.0,128.0,,0.3142857142857143
100021507|F|0-53:A>C-53:A>C,100021507,1,unique,Ss09,63642583.0,128.0,,0.1714285714285714
100021638|F|0-53:G>A-53:G>A,100021638,1,unique,Ss03,80516438.0,128.0,,0.0
100021961|F|0-53:A>T-53:A>T,100021961,1,unique,Ss10,6058189.0,128.0,,0.3428571428571428
100023317|F|0-53:T>G-53:T>G,100023317,1,unique,Ss10,2651532.0,111.0,,0.04
100032971|F|0-53:A>G-53:A>G,100032971,1,unique,Ss10,11765604.0,128.0,,0.0095238095238095
100033428|F|0-53:T>G-53:T>G,100033428,1,unique,Ss08,34884806.0,128.0,,0.0095238095238095
100033736|F|0-53:T>C-53:T>C,100033736,1,unique,Ss08,1100887.0,128.0,,0.0380952380952381
100034117|F|0-53:T>C-53:T>C,100034117,1,unique,Ss08,19028526.0,128.0,,0.0947368421052631
100034157|F|0-53:C>A-53:C>A,100034157,1,unique,Ss09,13580138.0,128.0,,0.2761904761904762
100034532|F|0-53:G>C-53:G>C,100034532,1,unique,Ss05,53083031.0,128.0,,0.0095238095238095
100034572|F|0-53:G>A-53:G>A,100034572,1,unique,Ss09,26973524.0,128.0,,0.2857142857142857
100034615|F|0-53:G>A-53:G>A,100034615,1,unique,Ss08,2241822.0,128.0,,0.0095238095238095
100034716|F|0-53:A>G-53:A>G,100034716,1,unique,Ss10,15958063.0,128.0,,0.4571428571428571
100034813|F|0-53:C>A-53:C>A,100034813,1,unique,Ss03,82675222.0,128.0,,0.058252427184466
100034863|F|0-53:G>A-53:G>A,100034863,1,unique,Ss08,28822292.0,128.0,,0.0
100034992|F|0-53:T>G-53:T>G,100034992,1,unique,Ss06,2637091.0,128.0,,0.0095238095238095
100035243|F|0-53:C>G-53:C>G,100035243,1,unique,Ss02,25568615.0,128.0,,0.0679611650485436
100040573|F|0-53:G>T-53:G>T,100040573,1,unique,Ss03,84597751.0,128.0,,0.0303030303030303
100040782|F|0-53:T>C-53:T>C,100040782,559,multi,Ss07,7328712.0,119.0,0.0,0.0
100040928|F|0-53:C>A-53:C>A,100040928,0,unplaced,,,,,0.4857142857142857
100041521|F|0-53:A>G-53:A>G,100041521,2,multi,Ss11,30490421.0,84.2,0.0,0.0
100041943|F|0-53:G>T-53:G>T,100041943,1,unique,Ss06,7119646.0,128.0,,0.1333333333333333
100041970|F|0-53:T>A-53:T>A,100041970,2,multi,Ss04,56679580.0,128.0,6.0,0.0106382978723404
100044804|F|0-53:G>C-53:G>C,100044804,5,multi,Ss05,53179821.0,128.0,0.0,0.3092783505154639
100046692|F|0-53:T>C-53:T>C,100046692,1,unique,Ss04,3085787.0,128.0,,0.0864197530864197
100048919|F|0-53:C>A-53:C>A,100048919,51,multi,Ss02,11415448.0,128.0,6.0,0.0285714285714285
100049137|F|0-53:C>A-53:C>A,100049137,1,unique,Ss08,32994419.0,126.0,,0.0857142857142857
100057815|F|0-53:C>A-53:C>A,100057815,46,multi,Ss04,52557894.0,119.0,0.0,0.0119047619047619
100058582|F|0-53:G>A-53:G>A,100058582,1,unique,Ss08,390892.0,117.0,,0.3047619047619048
100060182|F|0-53:T>G-53:T>G,100060182,1,unique,Ss03,75537847.0,115.0,,0.0666666666666666
100013209|F|0-54:A>G-54:A>G,100013209,0,unplaced,,,,,0.0135135135135135
100013444|F|0-54:G>C-54:G>C,100013444,1,unique,Ss03,92583989.0,128.0,,0.2666666666666666
100013458|F|0-54:T>A-54:T>A,100013458,1,unique,Ss02,8180287.0,128.0,,0.0571428571428571
100013526|F|0-54:T>C-54:T>C,100013526,1,unique,Ss03,91698031.0,128.0,,0.0096153846153846
100014614|F|0-54:G>A-54:G>A,100014614,1,unique,Ss07,7686872.0,128.0,,0.2666666666666666
100015212|F|0-54:C>T-54:C>T,100015212,5,multi,Ss04,60515075.0,128.0,53.0,0.0256410256410256
100015285|F|0-54:T>C-54:T>C,100015285,1,unique,Ss06,2755377.0,128.0,,0.2476190476190476
100015288|F|0-54:A>G-54:A>G,100015288,1,unique,Ss02,9792695.0,128.0,,0.3619047619047619
100015904|F|0-54:T>C-54:T>C,100015904,1,unique,Ss03,102729655.0,128.0,,0.1904761904761904
100015923|F|0-54:G>A-54:G>A,100015923,1,unique,Ss09,7407871.0,128.0,,0.0952380952380952
100016417|F|0-54:G>T-54:G>T,100016417,1,unique,Ss04,63805186.0,128.0,,0.419047619047619
100016785|F|0-54:G>A-54:G>A,100016785,1,unique,Ss03,97034930.0,128.0,,0.0095238095238095
100017686|F|0-54:T>G-54:T>G,100017686,444,multi,Ss03,32054542.0,128.0,6.0,0.07
100017871|F|0-54:G>C-54:G>C,100017871,1,unique,Ss03,73807139.0,128.0,,0.1333333333333333
100019132|F|0-54:A>G-54:A>G,100019132,2,multi,Ss01,10418836.0,128.0,32.7,0.0380952380952381
100019134|F|0-54:A>T-54:A>T,100019134,1,unique,Ss10,14585681.0,128.0,,0.0095238095238095
100019246|F|0-54:A>C-54:A>C,100019246,1,unique,Ss03,19540452.0,128.0,,0.4857142857142857
100019344|F|0-54:A>C-54:A>C,100019344,0,unplaced,,,,,0.1714285714285714
100020043|F|0-54:A>C-54:A>C,100020043,1,unique,Ss11,27356710.0,128.0,,0.019047619047619
100021101|F|0-54:C>A-54:C>A,100021101,1,unique,Ss08,9704611.0,128.0,,0.0594059405940594
100021412|F|0-54:C>A-54:C>A,100021412,1,unique,Ss01,34864504.0,128.0,,0.240506329113924
100021415|F|0-54:A>G-54:A>G,100021415,1,unique,Ss04,67333697.0,128.0,,0.3619047619047619
100021973|F|0-54:T>C-54:T>C,100021973,1,unique,Ss06,3493904.0,128.0,,0.2761904761904762
100022075|F|0-54:C>G-54:C>G,100022075,1,unique,Ss02,2063150.0,128.0,,0.3619047619047619
100022134|F|0-54:T>C-54:T>C,100022134,1,unique,Ss03,84455952.0,128.0,,0.25
100028772|F|0-54:C>T-54:C>T,100028772,1,unique,Ss04,73054205.0,110.0,,0.3428571428571428
100033222|F|0-54:G>A-54:G>A,100033222,1,unique,Ss05,48274242.0,115.0,,0.0095238095238095
100033513|F|0-54:T>C-54:T>C,100033513,1,unique,Ss06,9601199.0,128.0,,0.1428571428571428
100033770|F|0-54:G>A-54:G>A,100033770,1,unique,Ss07,1373899.0,128.0,,0.0380952380952381
100034929|F|0-54:T>A-54:T>A,100034929,1,unique,Ss04,615826.0,128.0,,0.4285714285714285
100034999|F|0-54:A>G-54:A>G,100034999,1,unique,Ss02,8256332.0,128.0,,0.0761904761904762
100035013|F|0-54:A>T-54:A>T,100035013,1,unique,Ss08,12776855.0,128.0,,0.08
100035576|F|0-54:C>T-54:C>T,100035576,1,unique,Ss02,12391773.0,117.0,,0.1428571428571428
100036427|F|0-54:A>C-54:A>C,100036427,1,unique,Ss01,3336393.0,100.0,,0.0
100040594|F|0-54:C>G-54:C>G,100040594,384,multi,Ss03,70381171.0,128.0,7.0,0.0380952380952381
100041955|F|0-54:C>T-54:C>T,100041955,1,unique,Ss08,35158609.0,128.0,,0.3809523809523809
100044853|F|0-54:A>T-54:A>T,100044853,5,multi,Ss02,11394262.0,128.0,2.0,0.0105263157894736
100045557|F|0-54:T>C-54:T>C,100045557,1,unique,Ss01,3336395.0,97.1,,0.0
100047320|F|0-54:C>T-54:C>T,100047320,1,unique,Ss02,12391769.0,124.0,,0.1923076923076923
100047334|F|0-54:C>T-54:C>T,100047334,1,unique,Ss03,2271422.0,128.0,,0.1904761904761904
100050061|F|0-54:A>G-54:A>G,100050061,1,unique,Ss04,69083023.0,122.0,,0.0380952380952381
100051547|F|0-54:G>A-54:G>A,100051547,2,multi,Ss03,92060977.0,99.0,7.400000000000006,0.1341463414634146
100052547|F|0-54:C>T-54:C>T,100052547,1,unique,Ss02,10035422.0,113.0,,0.0095238095238095
100057071|F|0-54:C>T-54:C>T,100057071,1,unique,Ss04,13894051.0,115.0,,0.0095238095238095
100058965|F|0-54:C>G-54:C>G,100058965,1,unique,Ss04,39081937.0,119.0,,0.580952380952381
100013126|F|0-55:T>A-55:T>A,100013126,1,unique,Ss04,64441221.0,128.0,,0.0666666666666666
100013876|F|0-55:T>G-55:T>G,100013876,1,unique,Ss10,1391568.0,128.0,,0.3619047619047619
100013941|F|0-55:T>A-55:T>A,100013941,1,unique,Ss01,42434106.0,128.0,,0.0571428571428571
100014226|F|0-55:C>G-55:C>G,100014226,1,unique,Ss02,8187746.0,128.0,,0.0761904761904762
100014250|F|0-55:T>C-55:T>C,100014250,1,unique,Ss03,94391900.0,128.0,,0.4952380952380952
100014732|F|0-55:G>T-55:G>T,100014732,1,unique,Ss10,13569489.0,128.0,,0.019047619047619
100014733|F|0-55:C>T-55:C>T,100014733,1,unique,Ss03,83531499.0,128.0,,0.0666666666666666
100015011|F|0-55:G>C-55:G>C,100015011,1,unique,Ss07,308623.0,128.0,,0.3809523809523809
100015105|F|0-55:C>A-55:C>A,100015105,1,unique,Ss06,11370205.0,128.0,,0.019047619047619
100015552|F|0-55:T>G-55:T>G,100015552,1,unique,Ss01,41550247.0,128.0,,0.0380952380952381
100015672|F|0-55:C>A-55:C>A,100015672,1,unique,Ss01,17298989.0,128.0,,0.0095238095238095
100015889|F|0-55:C>G-55:C>G,100015889,1,unique,Ss04,73098008.0,128.0,,0.4571428571428571
100016303|F|0-55:T>G-55:T>G,100016303,1,unique,Ss02,23923788.0,128.0,,0.3714285714285714
100016518|F|0-55:A>C-55:A>C,100016518,1,unique,Ss09,28636109.0,128.0,,0.0
100017161|F|0-55:C>T-55:C>T,100017161,1,unique,Ss03,50365761.0,128.0,,0.0666666666666666
100017320|F|0-55:A>G-55:A>G,100017320,1,unique,Ss02,25112020.0,128.0,,0.0095238095238095
100017444|F|0-55:C>A-55:C>A,100017444,1,unique,Ss08,27564410.0,128.0,,0.3428571428571428
100018350|F|0-55:C>G-55:C>G,100018350,1,unique,Ss11,38996499.0,128.0,,0.2666666666666666
100018369|F|0-55:T>C-55:T>C,100018369,1,unique,Ss04,69098816.0,128.0,,0.4
100018562|F|0-55:G>T-55:G>T,100018562,1,unique,Ss01,11717580.0,128.0,,0.0095238095238095
100018637|F|0-55:G>A-55:G>A,100018637,1,unique,Ss09,17287448.0,121.0,,0.0379746835443038
100019086|F|0-55:A>G-55:A>G,100019086,1,unique,Ss03,82624955.0,128.0,,0.3238095238095238
100019131|F|0-55:C>A-55:C>A,100019131,1,unique,Ss09,22520039.0,128.0,,0.0095238095238095
100019409|F|0-55:T>C-55:T>C,100019409,1,unique,Ss08,20927961.0,128.0,,0.3428571428571428
100019858|F|0-55:G>C-55:G>C,100019858,1,unique,Ss10,7879007.0,128.0,,0.0857142857142857
100020851|F|0-55:C>G-55:C>G,100020851,1,unique,Ss01,41137562.0,128.0,,0.2653061224489796
100021017|F|0-55:C>T-55:C>T,100021017,1,unique,Ss04,3076076.0,128.0,,0.4095238095238095
100021056|F|0-55:T>C-55:T>C,100021056,1,unique,Ss04,66822342.0,128.0,,0.2857142857142857
100021211|F|0-55:G>A-55:G>A,100021211,1,unique,Ss06,8479955.0,128.0,,0.0952380952380952
100021344|F|0-55:A>T-55:A>T,100021344,1,unique,Ss07,2234886.0,128.0,,0.2761904761904762
100021359|F|0-55:A>T-55:A>T,100021359,1,unique,Ss03,23823066.0,128.0,,0.1714285714285714
100022100|F|0-55:A>G-55:A>G,100022100,1,unique,Ss09,5054960.0,128.0,,0.010204081632653
100033004|F|0-55:C>G-55:C>G,100033004,1,unique,Ss06,6151855.0,128.0,,0.0952380952380952
100033158|F|0-55:C>G-55:C>G,100033158,1,unique,Ss03,69135487.0,128.0,,0.0095238095238095
100033188|F|0-55:A>G-55:A>G,100033188,1,unique,Ss03,17120739.0,128.0,,0.0096153846153846
100034135|F|0-55:A>T-55:A>T,100034135,1,unique,Ss09,57526081.0,128.0,,0.0095238095238095
100034659|F|0-55:C>T-55:C>T,100034659,1,unique,Ss03,53521469.0,128.0,,0.3203883495145631
100034888|F|0-55:G>T-55:G>T,100034888,1,unique,Ss01,10498556.0,128.0,,0.0095238095238095
100044894|F|0-55:A>G-55:A>G,100044894,2,multi,Ss05,54687990.0,128.0,0.0,0.2952380952380952
100046577|F|0-55:A>C-55:A>C,100046577,1,unique,Ss01,3336396.0,95.3,,0.0
100046643|F|0-55:G>A-55:G>A,100046643,1,unique,Ss09,1212595.0,124.0,,0.0476190476190476
100048474|F|0-55:G>A-55:G>A,100048474,2,multi,Ss08,4194014.0,121.0,6.0,0.0285714285714285
100056885|F|0-55:A>T-55:A>T,100056885,2,multi,Ss11,30490421.0,84.2,0.0,0.0
100013053|F|0-56:A>T-56:A>T,100013053,1,unique,Ss10,14502783.0,128.0,,0.4952380952380952
100013547|F|0-56:A>T-56:A>T,100013547,1,unique,Ss06,15641310.0,128.0,,0.2666666666666666
100013888|F|0-56:C>A-56:C>A,100013888,1,unique,Ss11,265633.0,128.0,,0.0095238095238095
100014355|F|0-56:T>G-56:T>G,100014355,1,unique,Ss03,86313511.0,128.0,,0.019047619047619
100015323|F|0-56:G>C-56:G>C,100015323,1,unique,Ss04,64211878.0,128.0,,0.2571428571428571
100015393|F|0-56:G>A-56:G>A,100015393,1,unique,Ss11,38230694.0,128.0,,0.1523809523809524
100015473|F|0-56:C>A-56:C>A,100015473,1,unique,Ss10,18652925.0,128.0,,0.0285714285714285
100015598|F|0-56:T>C-56:T>C,100015598,1,unique,Ss03,79698732.0,128.0,,0.4380952380952381
100016117|F|0-56:G>A-56:G>A,100016117,1,unique,Ss10,102269.0,128.0,,0.4476190476190476
100016279|F|0-56:T>A-56:T>A,100016279,1,unique,Ss09,61632991.0,128.0,,0.0571428571428571
100016306|F|0-56:A>G-56:A>G,100016306,2,multi,Ss06,14439754.0,128.0,56.7,0.3142857142857143
100016724|F|0-56:T>C-56:T>C,100016724,1,unique,Ss05,6489831.0,128.0,,0.0476190476190476
100016864|F|0-56:A>G-56:A>G,100016864,1,unique,Ss09,64720410.0,128.0,,0.1346153846153846
100017610|F|0-56:C>T-56:C>T,100017610,1,unique,Ss03,68629894.0,128.0,,0.0952380952380952
100018195|F|0-56:A>C-56:A>C,100018195,1,unique,Ss07,6783669.0,128.0,,0.0571428571428571
100018444|F|0-56:T>G-56:T>G,100018444,1,unique,Ss08,16466659.0,128.0,,0.0476190476190476
100018732|F|0-56:C>A-56:C>A,100018732,1,unique,Ss07,7476308.0,128.0,,0.0238095238095238
100018842|F|0-56:T>A-56:T>A,100018842,1,unique,Ss03,6864143.0,128.0,,0.0095238095238095
100019185|F|0-56:T>C-56:T>C,100019185,1,unique,Ss06,3096066.0,128.0,,0.0952380952380952
100019372|F|0-56:G>A-56:G>A,100019372,1,unique,Ss08,28078782.0,128.0,,0.116504854368932
100019390|F|0-56:C>T-56:C>T,100019390,1,unique,Ss09,58491201.0,128.0,,0.3142857142857143
100019579|F|0-56:T>A-56:T>A,100019579,1,unique,Ss04,62896969.0,128.0,,0.0833333333333333
100019684|F|0-56:G>T-56:G>T,100019684,1,unique,Ss06,16242038.0,128.0,,0.0095238095238095
100019798|F|0-56:T>A-56:T>A,100019798,1,unique,Ss02,3670260.0,128.0,,0.0192307692307692
100020307|F|0-56:C>T-56:C>T,100020307,1,unique,Ss08,10979466.0,128.0,,0.2095238095238095
100020315|F|0-56:C>T-56:C>T,100020315,1,unique,Ss09,61265763.0,128.0,,0.0666666666666666
100020360|F|0-56:A>G-56:A>G,100020360,1,unique,Ss09,61670172.0,128.0,,0.2476190476190476
100020935|F|0-56:T>C-56:T>C,100020935,1,unique,Ss01,30759120.0,128.0,,0.0095238095238095
100020957|F|0-56:G>A-56:G>A,100020957,1,unique,Ss07,5525314.0,128.0,,0.1523809523809524
100021684|F|0-56:G>A-56:G>A,100021684,1,unique,Ss01,32459720.0,128.0,,0.0439560439560439
100022963|F|0-56:C>A-56:C>A,100022963,1,unique,Ss01,3336396.0,95.3,,0.0112359550561797
100032844|F|0-56:T>C-56:T>C,100032844,1,unique,Ss05,53596050.0,128.0,,0.019047619047619
100032947|F|0-56:G>C-56:G>C,100032947,1,unique,Ss01,42744653.0,128.0,,0.3495145631067961
100032969|F|0-56:A>T-56:A>T,100032969,2,multi,Ss06,11391039.0,128.0,17.0,0.0196078431372549
100033038|F|0-56:C>T-56:C>T,100033038,1,unique,Ss06,6658504.0,128.0,,0.0095238095238095
100033484|F|0-56:G>A-56:G>A,100033484,1,unique,Ss06,560704.0,128.0,,0.0384615384615384
100033689|F|0-56:C>T-56:C>T,100033689,1,unique,Ss09,64043995.0,128.0,,0.4285714285714285
100033833|F|0-56:G>C-56:G>C,100033833,1,unique,Ss03,74959154.0,128.0,,0.0761904761904762
100034162|F|0-56:C>A-56:C>A,100034162,2,multi,Ss03,103759065.0,128.0,11.0,0.0095238095238095
100035636|F|0-56:C>A-56:C>A,100035636,1,unique,Ss03,77377715.0,128.0,,0.0095238095238095
100040407|F|0-56:A>C-56:A>C,100040407,1,unique,Ss07,399731.0,117.0,,0.010752688172043
100044780|F|0-56:T>A-56:T>A,100044780,609,multi,Ss11,6796488.0,128.0,0.0,0.0384615384615384
100049911|F|0-56:T>A-56:T>A,100049911,1,unique,Ss02,21440816.0,122.0,,0.0097087378640776
100051822|F|0-56:G>A-56:G>A,100051822,1,unique,Ss01,3336395.0,97.1,,0.0142857142857142
100053685|F|0-56:C>A-56:C>A,100053685,6,multi,Ss06,92842888.0,128.0,11.0,0.0454545454545454
100054608|F|0-56:G>A-56:G>A,100054608,382,multi,Ss05,45815767.0,128.0,0.0,0.0095238095238095
100056084|F|0-56:G>T-56:G>T,100056084,1,unique,Ss11,1323055.0,119.0,,0.238095238095238
100059231|F|0-56:A>G-56:A>G,100059231,1,unique,Ss04,3676823.0,117.0,,0.4285714285714285
100060105|F|0-56:G>A-56:G>A,100060105,137,multi,Ss01,14133670.0,121.0,4.0,0.0
100060288|F|0-56:A>G-56:A>G,100060288,14,multi,Ss06,52159399.0,128.0,6.0,0.044776119402985
100013175|F|0-57:A>T-57:A>T,100013175,1,unique,Ss02,11560720.0,128.0,,0.4571428571428571
100013521|F|0-57:C>G-57:C>G,100013521,1,unique,Ss02,12195961.0,128.0,,0.1142857142857142
100013587|F|0-57:T>G-57:T>G,100013587,1,unique,Ss05,56747931.0,128.0,,0.0761904761904762
100014048|F|0-57:G>T-57:G>T,100014048,1,unique,Ss02,6998723.0,128.0,,0.0217391304347826
100014443|F|0-57:G>A-57:G>A,100014443,1,unique,Ss04,57124754.0,128.0,,0.0095238095238095
100014483|F|0-57:T>A-57:T>A,100014483,1,unique,Ss04,64483765.0,128.0,,0.2761904761904762
100015510|F|0-57:A>C-57:A>C,100015510,1,unique,Ss07,35835782.0,128.0,,0.419047619047619
100016053|F|0-57:T>C-57:T>C,100016053,1,unique,Ss06,5670475.0,128.0,,0.2571428571428571
100016247|F|0-57:A>G-57:A>G,100016247,1,unique,Ss03,15880672.0,128.0,,0.1489361702127659
100016636|F|0-57:G>T-57:G>T,100016636,1,unique,Ss04,4436691.0,128.0,,0.1714285714285714
100016712|F|0-57:C>A-57:C>A,100016712,4,multi,Ss06,15865708.0,128.0,15.0,0.4666666666666667
100016972|F|0-57:G>T-57:G>T,100016972,1,unique,Ss11,30463777.0,128.0,,0.0
100017012|F|0-57:A>G-57:A>G,100017012,1,unique,Ss01,3187170.0,128.0,,0.5428571428571428
100017492|F|0-57:G>A-57:G>A,100017492,2,multi,Ss08,19275547.0,93.5,0.0,0.0123456790123456
100017582|F|0-57:G>A-57:G>A,100017582,2,multi,Ss06,104942537.0,128.0,7.0,0.0970873786407767
100017923|F|0-57:A>G-57:A>G,100017923,1,unique,Ss01,32459785.0,128.0,,0.5428571428571428
100018462|F|0-57:G>T-57:G>T,100018462,1,unique,Ss07,4783198.0,128.0,,0.1523809523809524
100018556|F|0-57:G>A-57:G>A,100018556,1,unique,Ss11,28029072.0,128.0,,0.0095238095238095
100018714|F|0-57:C>T-57:C>T,100018714,1,unique,Ss04,1234403.0,128.0,,0.03125
100018867|F|0-57:G>A-57:G>A,100018867,1,unique,Ss04,67579569.0,115.0,,0.3904761904761905
100019801|F|0-57:T>C-57:T>C,100019801,1,unique,Ss02,4402209.0,128.0,,0.0095238095238095
100020330|F|0-57:G>A-57:G>A,100020330,1,unique,Ss08,9256896.0,128.0,,0.019047619047619
100021099|F|0-57:T>A-57:T>A,100021099,1,unique,Ss02,27019063.0,128.0,,0.0285714285714285
100021389|F|0-57:T>C-57:T>C,100021389,1,unique,Ss06,12721738.0,128.0,,0.3428571428571428
100021666|F|0-57:A>C-57:A>C,100021666,1,unique,Ss06,6017524.0,128.0,,0.0857142857142857
100021743|F|0-57:T>C-57:T>C,100021743,1,unique,Ss08,32939781.0,128.0,,0.0952380952380952
100021838|F|0-57:A>G-57:A>G,100021838,1,unique,Ss10,14928897.0,128.0,,0.3333333333333333
100022248|F|0-57:T>A-57:T>A,100022248,1,unique,Ss07,309932.0,128.0,,0.4
100022394|F|0-57:C>T-57:C>T,100022394,1,unique,Ss03,13693065.0,128.0,,0.0561797752808988
100033031|F|0-57:C>G-57:C>G,100033031,1,unique,Ss08,33335462.0,128.0,,0.0285714285714285
100033659|F|0-57:T>C-57:T>C,100033659,1,unique,Ss11,32094374.0,128.0,,0.4903846153846153
100034394|F|0-57:A>G-57:A>G,100034394,1,unique,Ss07,395204.0,122.0,,0.1632653061224489
100035442|F|0-57:C>T-57:C>T,100035442,1,unique,Ss04,656004.0,128.0,,0.1111111111111111
100035956|F|0-57:T>G-57:T>G,100035956,1,unique,Ss10,5112509.0,128.0,,0.4
100036173|F|0-57:T>C-57:T>C,100036173,1,unique,Ss09,8514200.0,128.0,,0.0761904761904762
100040341|F|0-57:G>C-57:G>C,100040341,1,unique,Ss03,92150335.0,122.0,,0.0897435897435897
100040378|F|0-57:G>A-57:G>A,100040378,1,unique,Ss03,95296132.0,128.0,,0.4666666666666667
100044544|F|0-57:G>T-57:G>T,100044544,1,unique,Ss06,3420504.0,128.0,,0.0
100047252|F|0-57:G>A-57:G>A,100047252,5,multi,Ss07,10527237.0,128.0,11.0,0.5288461538461539
100047453|F|0-57:G>A-57:G>A,100047453,1,unique,Ss03,9346722.0,121.0,,0.1910112359550561
100057506|F|0-57:T>G-57:T>G,100057506,5,multi,Ss04,2762789.0,121.0,0.0,0.0103092783505154
100057957|F|0-57:C>A-57:C>A,100057957,1,unique,Ss01,36576264.0,121.0,,0.7238095238095238
100060288|F|0-57:A>T-57:A>T,100060288,14,multi,Ss06,52159399.0,128.0,6.0,0.0543478260869565
100013048|F|0-58:C>T-58:C>T,100013048,1,unique,Ss09,58709439.0,128.0,,0.0952380952380952
100013138|F|0-58:G>A-58:G>A,100013138,1,unique,Ss04,35847422.0,128.0,,0.4423076923076923
100013604|F|0-58:C>T-58:C>T,100013604,1,unique,Ss06,5596487.0,128.0,,0.1809523809523809
100013970|F|0-58:T>C-58:T>C,100013970,2,multi,Ss05,55965018.0,128.0,0.0,0.019047619047619
100014294|F|0-58:C>T-58:C>T,100014294,1,unique,Ss03,82414490.0,128.0,,0.0952380952380952
100014566|F|0-58:T>A-58:T>A,100014566,1,unique,Ss05,51807492.0,128.0,,0.1428571428571428
100014759|F|0-58:C>A-58:C>A,100014759,1,unique,Ss07,231884.0,128.0,,0.3225806451612903
100015576|F|0-58:G>T-58:G>T,100015576,1,unique,Ss01,7291041.0,128.0,,0.2
100016024|F|0-58:G>A-58:G>A,100016024,1,unique,Ss04,69090639.0,128.0,,0.3809523809523809
100016293|F|0-58:A>G-58:A>G,100016293,1,unique,Ss05,55174074.0,128.0,,0.4476190476190476
100016414|F|0-58:C>T-58:C>T,100016414,1,unique,Ss03,17854350.0,128.0,,0.125
100016817|F|0-58:C>T-58:C>T,100016817,1,unique,Ss11,38927415.0,128.0,,0.3523809523809524
100017951|F|0-58:G>A-58:G>A,100017951,1,unique,Ss08,22012428.0,128.0,,0.3428571428571428
100019025|F|0-58:C>A-58:C>A,100019025,1,unique,Ss03,81896189.0,128.0,,0.1714285714285714
100019075|F|0-58:G>A-58:G>A,100019075,1,unique,Ss09,2821732.0,128.0,,0.2095238095238095
100019239|F|0-58:A>G-58:A>G,100019239,5,multi,Ss08,1102724.0,128.0,20.0,0.0666666666666666
100020025|F|0-58:A>C-58:A>C,100020025,1,unique,Ss04,63716985.0,128.0,,0.4476190476190476
100020292|F|0-58:T>C-58:T>C,100020292,1,unique,Ss10,15819321.0,128.0,,0.4
100020488|F|0-58:T>G-58:T>G,100020488,1,unique,Ss01,41740170.0,128.0,,0.3238095238095238
100020706|F|0-58:C>T-58:C>T,100020706,0,unplaced,,,,,0.0
100021572|F|0-58:T>G-58:T>G,100021572,1,unique,Ss08,20839452.0,128.0,,0.3619047619047619
100021644|F|0-58:T>G-58:T>G,100021644,1,unique,Ss11,28228660.0,128.0,,0.1089108910891089
100033011|F|0-58:C>G-58:C>G,100033011,1,unique,Ss03,13123756.0,128.0,,0.0380952380952381
100033837|F|0-58:G>A-58:G>A,100033837,1,unique,Ss03,206113.0,128.0,,0.0761904761904762
100034611|F|0-58:T>A-58:T>A,100034611,1,unique,Ss08,32939716.0,128.0,,0.0095238095238095
100035121|F|0-58:G>A-58:G>A,100035121,1,unique,Ss03,19370646.0,128.0,,0.0824742268041237
100035366|F|0-58:A>G-58:A>G,100035366,1,unique,Ss03,99487196.0,128.0,,0.0380952380952381
100040834|F|0-58:G>T-58:G>T,100040834,2,multi,Ss05,43860646.0,128.0,6.0,0.019047619047619
100040839|F|0-58:G>A-58:G>A,100040839,1,unique,Ss10,13646551.0,128.0,,0.0571428571428571
100047220|F|0-58:A>G-58:A>G,100047220,0,unplaced,,,,,0.019047619047619
100050454|F|0-58:A>T-58:A>T,100050454,1,unique,Ss02,10284994.0,126.0,,0.0212765957446808
100051185|F|0-58:A>T-58:A>T,100051185,1,unique,Ss01,3336395.0,97.1,,0.0
100051635|F|0-58:G>A-58:G>A,100051635,2,multi,Ss11,30490421.0,86.1,0.0,0.0
100052903|F|0-58:C>A-58:C>A,100052903,1,unique,Ss05,7290956.0,124.0,,0.1714285714285714
100057618|F|0-58:T>C-58:T>C,100057618,1,unique,Ss04,7004091.0,117.0,,0.0
100058315|F|0-58:A>G-58:A>G,100058315,1,unique,Ss09,48920931.0,121.0,,0.0306122448979591
100060033|F|0-58:C>T-58:C>T,100060033,158,multi,Ss08,19407568.0,128.0,0.0,0.0097087378640776
100060670|F|0-58:C>T-58:C>T,100060670,1,unique,Ss01,3336396.0,95.3,,0.0
100013003|F|0-59:A>G-59:A>G,100013003,1,unique,Ss04,60162873.0,128.0,,0.1047619047619047
100014470|F|0-59:T>C-59:T>C,100014470,1,unique,Ss11,7507684.0,128.0,,0.1904761904761904
100014666|F|0-59:T>C-59:T>C,100014666,1,unique,Ss01,37090911.0,128.0,,0.3809523809523809
100015335|F|0-59:A>C-59:A>C,100015335,1,unique,Ss05,15271504.0,128.0,,0.0095238095238095
100016054|F|0-59:T>A-59:T>A,100016054,1,unique,Ss03,19082618.0,128.0,,0.2952380952380952
100016869|F|0-59:G>C-59:G>C,100016869,1,unique,Ss11,7343659.0,128.0,,0.2095238095238095
100017511|F|0-59:G>C-59:G>C,100017511,1,unique,Ss09,42850404.0,128.0,,0.2857142857142857
100017697|F|0-59:C>T-59:C>T,100017697,1,unique,Ss08,15868331.0,128.0,,0.1333333333333333
100017875|F|0-59:G>A-59:G>A,100017875,1,unique,Ss09,7925132.0,128.0,,0.0666666666666666
100018059|F|0-59:A>C-59:A>C,100018059,1,unique,Ss09,3936221.0,128.0,,0.0095238095238095
100019366|F|0-59:T>G-59:T>G,100019366,2,multi,Ss08,7499649.0,128.0,0.0,0.0095238095238095
100019370|F|0-59:C>T-59:C>T,100019370,1,unique,Ss03,94318441.0,128.0,,0.4857142857142857
100020439|F|0-59:C>T-59:C>T,100020439,1,unique,Ss06,8595312.0,128.0,,0.0380952380952381
100021571|F|0-59:T>G-59:T>G,100021571,1,unique,Ss02,8001090.0,128.0,,0.0285714285714285
100021681|F|0-59:G>A-59:G>A,100021681,1,unique,Ss08,12300889.0,128.0,,0.0208333333333333
100021903|F|0-59:G>A-59:G>A,100021903,1,unique,Ss05,53809241.0,128.0,,0.1142857142857142
100021941|F|0-59:G>A-59:G>A,100021941,1,unique,Ss03,96376423.0,128.0,,0.2761904761904762
100033255|F|0-59:G>A-59:G>A,100033255,1,unique,Ss09,8685331.0,122.0,,0.2745098039215686
100034740|F|0-59:T>C-59:T>C,100034740,0,unplaced,,,,,0.3846153846153846
100034899|F|0-59:G>C-59:G>C,100034899,1,unique,Ss04,884688.0,128.0,,0.4952380952380952
100034904|F|0-59:G>A-59:G>A,100034904,1,unique,Ss06,1711227.0,128.0,,0.0095238095238095
100035340|F|0-59:T>A-59:T>A,100035340,0,unplaced,,,,,0.0666666666666666
100040336|F|0-59:G>T-59:G>T,100040336,1,unique,Ss02,5965131.0,128.0,,0.0857142857142857
100041568|F|0-59:G>A-59:G>A,100041568,1,unique,Ss10,4297917.0,128.0,,0.0
100041739|F|0-59:G>T-59:G>T,100041739,1,unique,Ss08,12482768.0,128.0,,0.1047619047619047
100041895|F|0-59:G>C-59:G>C,100041895,1,unique,Ss11,10925864.0,128.0,,0.0576923076923076
100047143|F|0-59:C>T-59:C>T,100047143,1,unique,Ss03,97342407.0,122.0,,0.4952380952380952
100054609|F|0-59:C>T-59:C>T,100054609,547,multi,Ss06,81609488.0,128.0,6.0,0.0095238095238095
100060671|F|0-59:C>A-59:C>A,100060671,1,unique,Ss01,3336396.0,95.3,,0.0
100013207|F|0-60:C>G-60:C>G,100013207,1,unique,Ss10,4298930.0,128.0,,0.4857142857142857
100013678|F|0-60:A>T-60:A>T,100013678,1,unique,Ss07,384668.0,128.0,,0.5428571428571428
100013794|F|0-60:G>A-60:G>A,100013794,1,unique,Ss04,67631013.0,128.0,,0.4952380952380952
100014531|F|0-60:G>C-60:G>C,100014531,1,unique,Ss05,55055579.0,128.0,,0.2980769230769231
100014686|F|0-60:T>C-60:T>C,100014686,1,unique,Ss11,37916931.0,128.0,,0.0192307692307692
100014835|F|0-60:A>G-60:A>G,100014835,1,unique,Ss05,55241490.0,128.0,,0.3333333333333333
100015119|F|0-60:C>T-60:C>T,100015119,1,unique,Ss04,71439896.0,128.0,,0.0285714285714285
100015168|F|0-60:G>C-60:G>C,100015168,1,unique,Ss10,15749926.0,128.0,,0.0952380952380952
100016319|F|0-60:C>A-60:C>A,100016319,1,unique,Ss09,62905118.0,128.0,,0.1619047619047619
100016325|F|0-60:C>T-60:C>T,100016325,1,unique,Ss06,15740468.0,128.0,,0.3904761904761905
100016887|F|0-60:G>T-60:G>T,100016887,1,unique,Ss08,4841381.0,128.0,,0.0666666666666666
100017010|F|0-60:G>A-60:G>A,100017010,1,unique,Ss04,2238229.0,128.0,,0.0288461538461538
100017267|F|0-60:T>C-60:T>C,100017267,1,unique,Ss10,4794120.0,128.0,,0.4285714285714285
100017404|F|0-60:A>G-60:A>G,100017404,5,multi,Ss04,41770598.0,128.0,20.0,0.0571428571428571
100017587|F|0-60:T>A-60:T>A,100017587,1,unique,Ss03,73807074.0,128.0,,0.1904761904761904
100018597|F|0-60:C>T-60:C>T,100018597,1,unique,Ss03,93178690.0,128.0,,0.3809523809523809
100019200|F|0-60:C>T-60:C>T,100019200,1,unique,Ss10,11806736.0,128.0,,0.4952380952380952
100019431|F|0-60:A>G-60:A>G,100019431,1,unique,Ss01,13616339.0,128.0,,0.0476190476190476
100019797|F|0-60:T>C-60:T>C,100019797,1,unique,Ss07,13303466.0,128.0,,0.0416666666666666
100020682|F|0-60:A>G-60:A>G,100020682,1,unique,Ss02,11786017.0,128.0,,0.5333333333333333
100020940|F|0-60:T>A-60:T>A,100020940,1,unique,Ss02,12380902.0,128.0,,0.0095238095238095
100021071|F|0-60:A>G-60:A>G,100021071,1,unique,Ss10,15967563.0,128.0,,0.4571428571428571
100021959|F|0-60:G>A-60:G>A,100021959,1,unique,Ss02,14322467.0,128.0,,0.419047619047619
100022029|F|0-60:T>A-60:T>A,100022029,1,unique,Ss06,1245384.0,128.0,,0.0095238095238095
100022323|F|0-60:G>C-60:G>C,100022323,1,unique,Ss08,21851151.0,128.0,,0.4095238095238095
100033420|F|0-60:C>A-60:C>A,100033420,1,unique,Ss04,66834338.0,128.0,,0.4857142857142857
100034197|F|0-60:C>A-60:C>A,100034197,1,unique,Ss09,64222034.0,128.0,,0.0851063829787234
100035739|F|0-60:C>T-60:C>T,100035739,1,unique,Ss03,84759904.0,128.0,,0.3904761904761905
100040003|F|0-60:C>T-60:C>T,100040003,2,multi,Ss05,52987360.0,122.0,11.0,0.4
100041692|F|0-60:T>A-60:T>A,100041692,1,unique,Ss01,32356588.0,128.0,,0.0
100044452|F|0-60:C>T-60:C>T,100044452,15,multi,Ss04,59390483.0,128.0,0.0,0.0380952380952381
100044964|F|0-60:A>G-60:A>G,100044964,1,unique,Ss10,15322653.0,128.0,,0.0666666666666666
100048583|F|0-60:A>G-60:A>G,100048583,0,unplaced,,,,,0.3398058252427184
100051794|F|0-60:T>C-60:T>C,100051794,1,unique,Ss09,62494367.0,128.0,,0.4380952380952381
100058484|F|0-60:G>A-60:G>A,100058484,1,unique,Ss07,2239421.0,119.0,,0.2761904761904762
100060408|F|0-60:T>G-60:T>G,100060408,85,multi,Ss09,44161495.0,126.0,0.0,0.0105263157894736
100013918|F|0-61:T>G-61:T>G,100013918,1,unique,Ss03,67505288.0,128.0,,0.3619047619047619
100014043|F|0-61:T>G-61:T>G,100014043,1,unique,Ss07,2010692.0,128.0,,0.3047619047619048
100014086|F|0-61:C>T-61:C>T,100014086,1,unique,Ss09,5891404.0,128.0,,0.1142857142857142
100014980|F|0-61:T>A-61:T>A,100014980,1,unique,Ss03,16475816.0,128.0,,0.238095238095238
100015006|F|0-61:G>T-61:G>T,100015006,1,unique,Ss04,69112974.0,128.0,,0.3428571428571428
100015098|F|0-61:T>G-61:T>G,100015098,1,unique,Ss02,3406070.0,128.0,,0.0686274509803921
100015112|F|0-61:C>T-61:C>T,100015112,1,unique,Ss08,409218.0,128.0,,0.3904761904761905
100016448|F|0-61:C>T-61:C>T,100016448,1,unique,Ss11,33055264.0,128.0,,0.0666666666666666
100016486|F|0-61:G>C-61:G>C,100016486,1,unique,Ss06,31926840.0,122.0,,0.1904761904761904
100017220|F|0-61:C>T-61:C>T,100017220,1,unique,Ss06,1731064.0,128.0,,0.4952380952380952
100017332|F|0-61:A>C-61:A>C,100017332,1,unique,Ss10,18563297.0,128.0,,0.019047619047619
100017556|F|0-61:C>G-61:C>G,100017556,1,unique,Ss04,628024.0,128.0,,0.0095238095238095
100017887|F|0-61:C>T-61:C>T,100017887,1,unique,Ss04,67791401.0,128.0,,0.019047619047619
100018124|F|0-61:T>A-61:T>A,100018124,1,unique,Ss01,10817817.0,128.0,,0.5142857142857142
100019105|F|0-61:T>C-61:T>C,100019105,1,unique,Ss09,63665240.0,128.0,,0.219047619047619
100019590|F|0-61:C>T-61:C>T,100019590,1,unique,Ss10,1243048.0,128.0,,0.419047619047619
100019601|F|0-61:A>G-61:A>G,100019601,1,unique,Ss08,22457184.0,128.0,,0.4095238095238095
100019647|F|0-61:G>A-61:G>A,100019647,1,unique,Ss07,7628884.0,128.0,,0.0288461538461538
100019656|F|0-61:T>G-61:T>G,100019656,1,unique,Ss04,67321873.0,128.0,,0.4476190476190476
100019664|F|0-61:T>C-61:T>C,100019664,1,unique,Ss05,55117733.0,128.0,,0.5047619047619047
100020650|F|0-61:T>A-61:T>A,100020650,1,unique,Ss01,40791791.0,128.0,,0.058252427184466
100021291|F|0-61:A>G-61:A>G,100021291,1,unique,Ss11,33070332.0,128.0,,0.2476190476190476
100021800|F|0-61:T>A-61:T>A,100021800,1,unique,Ss08,3422266.0,128.0,,0.0
100022089|F|0-61:C>T-61:C>T,100022089,1,unique,Ss06,89036601.0,128.0,,0.0625
100022277|F|0-61:G>T-61:G>T,100022277,1,unique,Ss06,5050575.0,128.0,,0.0686274509803921
100032755|F|0-61:C>T-61:C>T,100032755,1,unique,Ss11,35410517.0,128.0,,0.1714285714285714
100032782|F|0-61:G>T-61:G>T,100032782,1,unique,Ss09,19511191.0,128.0,,0.0380952380952381
100032815|F|0-61:T>A-61:T>A,100032815,1,unique,Ss02,1259222.0,128.0,,0.0352941176470588
100033042|F|0-61:G>A-61:G>A,100033042,1,unique,Ss04,50189448.0,128.0,,0.0666666666666666
100033264|F|0-61:C>T-61:C>T,100033264,1,unique,Ss01,44989529.0,128.0,,0.1047619047619047
100033920|F|0-61:A>T-61:A>T,100033920,1,unique,Ss03,19512520.0,128.0,,0.0666666666666666
100034016|F|0-61:A>C-61:A>C,100034016,1,unique,Ss04,67244716.0,128.0,,0.0784313725490196
100034199|F|0-61:A>C-61:A>C,100034199,1,unique,Ss05,967525.0,128.0,,0.1619047619047619
100034945|F|0-61:G>A-61:G>A,100034945,1,unique,Ss09,47171645.0,128.0,,0.4857142857142857
100035495|F|0-61:A>C-61:A>C,100035495,1,unique,Ss03,6878635.0,128.0,,0.0095238095238095
100035597|F|0-61:C>T-61:C>T,100035597,12,multi,Ss10,9726942.0,128.0,0.0,0.0769230769230769
100035689|F|0-61:C>T-61:C>T,100035689,1,unique,Ss02,994959.0,128.0,,0.3238095238095238
100035744|F|0-61:C>T-61:C>T,100035744,1,unique,Ss04,59402097.0,128.0,,0.2666666666666666
100035974|F|0-61:T>C-61:T>C,100035974,9,multi,Ss11,45739.0,128.0,6.0,0.0967741935483871
100036461|F|0-61:A>G-61:A>G,100036461,3,multi,Ss03,59209416.0,128.0,0.0,0.088235294117647
100040190|F|0-61:C>A-61:C>A,100040190,1,unique,Ss01,3336395.0,97.1,,0.0117647058823529
100041782|F|0-61:C>T-61:C>T,100041782,139,multi,Ss11,18398707.0,128.0,0.0,0.0857142857142857
100041804|F|0-61:A>T-61:A>T,100041804,1,unique,Ss03,60062561.0,128.0,,0.3195876288659793
100044525|F|0-61:T>G-61:T>G,100044525,1,unique,Ss02,4937701.0,128.0,,0.0571428571428571
100046820|F|0-61:A>T-61:A>T,100046820,1,unique,Ss03,165413.0,124.0,,0.0095238095238095
100048524|F|0-61:C>T-61:C>T,100048524,0,unplaced,,,,,0.029126213592233
100051593|F|0-61:G>C-61:G>C,100051593,1,unique,Ss03,72779321.0,122.0,,0.0666666666666666
100052109|F|0-61:G>T-61:G>T,100052109,1,unique,Ss06,10281122.0,128.0,,0.0714285714285714
100054129|F|0-61:T>A-61:T>A,100054129,1,unique,Ss09,14873214.0,113.0,,0.1333333333333333
100054456|F|0-61:G>A-61:G>A,100054456,0,unplaced,,,,,0.0476190476190476
100013419|F|0-62:G>T-62:G>T,100013419,1,unique,Ss10,4560522.0,128.0,,0.3047619047619048
100013911|F|0-62:A>G-62:A>G,100013911,1,unique,Ss06,6008171.0,128.0,,0.4857142857142857
100014062|F|0-62:G>A-62:G>A,100014062,1,unique,Ss10,13646040.0,128.0,,0.238095238095238
100014402|F|0-62:C>T-62:C>T,100014402,1,unique,Ss04,5238730.0,128.0,,0.4134615384615384
100014802|F|0-62:A>T-62:A>T,100014802,1,unique,Ss01,41583999.0,128.0,,0.0095238095238095
100015162|F|0-62:C>T-62:C>T,100015162,1,unique,Ss03,94443828.0,128.0,,0.1809523809523809
100015180|F|0-62:C>T-62:C>T,100015180,1,unique,Ss08,12777489.0,128.0,,0.0285714285714285
100015577|F|0-62:A>G-62:A>G,100015577,1,unique,Ss03,94166597.0,128.0,,0.2
100015756|F|0-62:C>T-62:C>T,100015756,1,unique,Ss09,7550233.0,128.0,,0.0
100016185|F|0-62:C>T-62:C>T,100016185,1,unique,Ss09,49565803.0,128.0,,0.5142857142857142
100016278|F|0-62:A>C-62:A>C,100016278,1,unique,Ss04,67367642.0,95.3,,0.0
100016372|F|0-62:T>C-62:T>C,100016372,1,unique,Ss04,75014700.0,128.0,,0.0095238095238095
100016473|F|0-62:G>T-62:G>T,100016473,2,multi,Ss02,773176.0,128.0,22.0,0.0666666666666666
100016626|F|0-62:G>T-62:G>T,100016626,1,unique,Ss05,52532238.0,121.0,,0.0101010101010101
100016667|F|0-62:G>C-62:G>C,100016667,1,unique,Ss08,8723481.0,128.0,,0.0
100016828|F|0-62:G>T-62:G>T,100016828,1,unique,Ss03,97902932.0,128.0,,0.0
100017292|F|0-62:T>G-62:T>G,100017292,1,unique,Ss05,1922503.0,128.0,,0.0
100017538|F|0-62:C>T-62:C>T,100017538,3,multi,Ss05,7746183.0,128.0,22.0,0.019047619047619
100017989|F|0-62:A>T-62:A>T,100017989,1,unique,Ss09,16021696.0,128.0,,0.1047619047619047
100018118|F|0-62:G>A-62:G>A,100018118,1,unique,Ss10,3315182.0,128.0,,0.0208333333333333
100018152|F|0-62:T>C-62:T>C,100018152,2,multi,Ss02,27813847.0,128.0,9.0,0.3333333333333333
100018966|F|0-62:G>A-62:G>A,100018966,1,unique,Ss01,8620506.0,128.0,,0.0095238095238095
100019357|F|0-62:A>C-62:A>C,100019357,1,unique,Ss11,33053918.0,128.0,,0.4571428571428571
100020028|F|0-62:G>A-62:G>A,100020028,1,unique,Ss03,97115159.0,128.0,,0.0425531914893617
100020318|F|0-62:T>A-62:T>A,100020318,1,unique,Ss05,53609254.0,128.0,,0.0588235294117647
100020449|F|0-62:G>A-62:G>A,100020449,1,unique,Ss08,12019152.0,128.0,,0.0285714285714285
100020992|F|0-62:A>G-62:A>G,100020992,1,unique,Ss03,92141376.0,121.0,,0.4380952380952381
100021326|F|0-62:C>T-62:C>T,100021326,1,unique,Ss02,1284196.0,128.0,,0.0571428571428571
100021370|F|0-62:A>T-62:A>T,100021370,1,unique,Ss04,4682742.0,128.0,,0.4666666666666667
100032772|F|0-62:T>A-62:T>A,100032772,1,unique,Ss06,84800.0,128.0,,0.0095238095238095
100032913|F|0-62:C>A-62:C>A,100032913,1,unique,Ss01,71942.0,128.0,,0.0
100033733|F|0-62:A>G-62:A>G,100033733,1,unique,Ss01,35379382.0,128.0,,0.0099009900990099
100033878|F|0-62:A>G-62:A>G,100033878,1,unique,Ss11,33629830.0,128.0,,0.0
100035786|F|0-62:C>A-62:C>A,100035786,1,unique,Ss02,8242127.0,128.0,,0.0384615384615384
100035902|F|0-62:A>C-62:A>C,100035902,1,unique,Ss09,48989472.0,128.0,,0.0
100035944|F|0-62:G>A-62:G>A,100035944,1,unique,Ss02,4955773.0,128.0,,0.0571428571428571
100035969|F|0-62:A>G-62:A>G,100035969,1,unique,Ss01,10119578.0,128.0,,0.0405405405405405
100039949|F|0-62:A>T-62:A>T,100039949,2,multi,Ss10,16793346.0,128.0,6.0,0.5142857142857142
100040107|F|0-62:A>T-62:A>T,100040107,1,unique,Ss04,53429710.0,128.0,,0.0
100041091|F|0-62:C>G-62:C>G,100041091,1,unique,Ss11,34588423.0,128.0,,0.0
100041507|F|0-62:A>G-62:A>G,100041507,1,unique,Ss01,45974099.0,128.0,,0.019047619047619
100044397|F|0-62:C>G-62:C>G,100044397,1,unique,Ss04,69138226.0,128.0,,0.3714285714285714
100046700|F|0-62:C>A-62:C>A,100046700,460,multi,Ss09,20906644.0,117.0,0.0,0.0095238095238095
100047334|F|0-62:G>T-62:G>T,100047334,1,unique,Ss03,2271422.0,128.0,,0.0288461538461538
100049550|F|0-62:C>A-62:C>A,100049550,1,unique,Ss03,101948474.0,117.0,,0.0095238095238095
100052674|F|0-62:T>A-62:T>A,100052674,67,multi,Ss05,22286162.0,97.1,1.7999999999999972,0.0
100055482|F|0-62:T>A-62:T>A,100055482,1,unique,Ss02,10458628.0,128.0,,0.188235294117647
100058699|F|0-62:C>A-62:C>A,100058699,49,multi,Ss11,9836591.0,128.0,0.0,0.1142857142857142
100060019|F|0-62:C>G-62:C>G,100060019,2,multi,Ss11,30490421.0,84.2,0.0,0.0
100012959|F|0-63:T>C-63:T>C,100012959,1,unique,Ss03,96909476.0,128.0,,0.0761904761904762
100013019|F|0-63:A>T-63:A>T,100013019,1,unique,Ss06,10738356.0,128.0,,0.1047619047619047
100013153|F|0-63:C>A-63:C>A,100013153,1,unique,Ss09,61760544.0,128.0,,0.219047619047619
100013336|F|0-63:T>A-63:T>A,100013336,0,unplaced,,,,,0.0099009900990099
100013673|F|0-63:C>A-63:C>A,100013673,1,unique,Ss10,15256233.0,128.0,,0.4476190476190476
100013839|F|0-63:G>A-63:G>A,100013839,1,unique,Ss03,78153185.0,128.0,,0.1818181818181818
100013879|F|0-63:G>A-63:G>A,100013879,1,unique,Ss09,61606189.0,128.0,,0.3714285714285714
100014027|F|0-63:A>T-63:A>T,100014027,1,unique,Ss06,7466605.0,128.0,,0.019047619047619
100014058|F|0-63:C>T-63:C>T,100014058,1,unique,Ss04,66091179.0,128.0,,0.1904761904761904
100014389|F|0-63:G>C-63:G>C,100014389,1,unique,Ss02,16782709.0,128.0,,0.0666666666666666
100015224|F|0-63:G>C-63:G>C,100015224,1,unique,Ss02,3946523.0,128.0,,0.3523809523809524
100015287|F|0-63:T>C-63:T>C,100015287,1,unique,Ss09,61485456.0,128.0,,0.4476190476190476
100015308|F|0-63:C>T-63:C>T,100015308,1,unique,Ss04,69821342.0,128.0,,0.4476190476190476
100015358|F|0-63:T>G-63:T>G,100015358,1,unique,Ss02,3567595.0,128.0,,0.0666666666666666
100015590|F|0-63:C>G-63:C>G,100015590,1,unique,Ss08,9724007.0,128.0,,0.2857142857142857
100015853|F|0-63:C>G-63:C>G,100015853,1,unique,Ss06,9116432.0,128.0,,0.1238095238095238
100016151|F|0-63:C>G-63:C>G,100016151,1,unique,Ss08,2015654.0,128.0,,0.0666666666666666
100016790|F|0-63:A>T-63:A>T,100016790,1,unique,Ss11,38914510.0,122.0,,0.3238095238095238
100017171|F|0-63:T>G-63:T>G,100017171,1,unique,Ss03,17295802.0,128.0,,0.0
100017442|F|0-63:C>T-63:C>T,100017442,1,unique,Ss11,27975077.0,128.0,,0.0761904761904762
100018629|F|0-63:G>A-63:G>A,100018629,1,unique,Ss07,6866043.0,128.0,,0.5047619047619047
100018782|F|0-63:C>T-63:C>T,100018782,1,unique,Ss10,17424585.0,128.0,,0.2
100018804|F|0-63:G>A-63:G>A,100018804,1,unique,Ss08,21054602.0,128.0,,0.1428571428571428
100018930|F|0-63:C>G-63:C>G,100018930,1,unique,Ss09,15212077.0,128.0,,0.1714285714285714
100019659|F|0-63:G>T-63:G>T,100019659,1,unique,Ss04,66117427.0,128.0,,0.2
100020621|F|0-63:G>C-63:G>C,100020621,1,unique,Ss10,16472658.0,128.0,,0.0571428571428571
100020774|F|0-63:A>G-63:A>G,100020774,1,unique,Ss06,8942078.0,128.0,,0.2857142857142857
100020912|F|0-63:C>T-63:C>T,100020912,1,unique,Ss06,6039725.0,128.0,,0.4761904761904761
100021316|F|0-63:C>A-63:C>A,100021316,1,unique,Ss10,16179134.0,128.0,,0.2857142857142857
100021541|F|0-63:C>G-63:C>G,100021541,1,unique,Ss02,14333327.0,128.0,,0.2
100021564|F|0-63:C>T-63:C>T,100021564,1,unique,Ss02,1278031.0,128.0,,0.0476190476190476
100021950|F|0-63:C>T-63:C>T,100021950,1,unique,Ss03,74578022.0,128.0,,0.1333333333333333
100022149|F|0-63:C>T-63:C>T,100022149,1,unique,Ss04,16420127.0,128.0,,0.1047619047619047
100022768|F|0-63:C>T-63:C>T,100022768,1,unique,Ss05,1238962.0,128.0,,0.0097087378640776
100032792|F|0-63:G>C-63:G>C,100032792,6,multi,Ss10,13867082.0,128.0,34.5,0.0476190476190476
100033338|F|0-63:T>A-63:T>A,100033338,1,unique,Ss04,65879833.0,128.0,,0.5047619047619047
100034022|F|0-63:A>C-63:A>C,100034022,1,unique,Ss08,16687491.0,128.0,,0.25
100034112|F|0-63:A>C-63:A>C,100034112,2,multi,Ss10,13857014.0,128.0,6.0,0.0571428571428571
100034297|F|0-63:T>C-63:T>C,100034297,1,unique,Ss10,26905.0,128.0,,0.1047619047619047
100034757|F|0-63:C>T-63:C>T,100034757,2,multi,Ss08,34593126.0,128.0,6.0,0.0784313725490196
100035275|F|0-63:T>C-63:T>C,100035275,1,unique,Ss09,9677422.0,122.0,,0.0
100035486|F|0-63:C>T-63:C>T,100035486,1,unique,Ss04,59575554.0,128.0,,0.0404040404040404
100036044|F|0-63:T>G-63:T>G,100036044,1,unique,Ss03,16106046.0,128.0,,0.1619047619047619
100040596|F|0-63:G>T-63:G>T,100040596,1,unique,Ss03,7217660.0,122.0,,0.5238095238095238
100040615|F|0-63:G>A-63:G>A,100040615,1,unique,Ss08,13079532.0,124.0,,0.05
100041254|F|0-63:C>A-63:C>A,100041254,1,unique,Ss01,30422006.0,119.0,,0.0140845070422535
100041258|F|0-63:A>G-63:A>G,100041258,1,unique,Ss10,7570312.0,128.0,,0.0
100041765|F|0-63:G>C-63:G>C,100041765,1,unique,Ss05,55397506.0,126.0,,0.081967213114754
100042051|F|0-63:A>C-63:A>C,100042051,1,unique,Ss08,9145758.0,121.0,,0.0
100044263|F|0-63:A>G-63:A>G,100044263,1,unique,Ss03,84951639.0,122.0,,0.3295454545454545
100045098|F|0-63:G>T-63:G>T,100045098,1,unique,Ss07,17792883.0,128.0,,0.1047619047619047
100045520|F|0-63:C>T-63:C>T,100045520,2,multi,Ss05,54032818.0,128.0,0.0,0.4857142857142857
100049328|F|0-63:A>C-63:A>C,100049328,1,unique,Ss08,12997495.0,128.0,,0.419047619047619
100050471|F|0-63:C>G-63:C>G,100050471,1,unique,Ss02,8041579.0,128.0,,0.1047619047619047
100050516|F|0-63:C>G-63:C>G,100050516,1,unique,Ss08,19225127.0,122.0,,0.4423076923076923
100051260|F|0-63:A>T-63:A>T,100051260,1,unique,Ss04,3502688.0,119.0,,0.0384615384615384
100057085|F|0-63:A>T-63:A>T,100057085,1,unique,Ss05,4330659.0,128.0,,0.0
100057437|F|0-63:G>T-63:G>T,100057437,1,unique,Ss01,35491201.0,128.0,,0.0
100013404|F|0-64:T>A-64:T>A,100013404,1,unique,Ss08,7052638.0,128.0,,0.0095238095238095
100013564|F|0-64:C>A-64:C>A,100013564,1,unique,Ss02,3009555.0,121.0,,0.0147058823529411
100013716|F|0-64:G>A-64:G>A,100013716,1,unique,Ss07,9078574.0,128.0,,0.0
100013726|F|0-64:C>G-64:C>G,100013726,1,unique,Ss05,54509096.0,128.0,,0.4952380952380952
100013978|F|0-64:G>A-64:G>A,100013978,1,unique,Ss04,74249946.0,128.0,,0.238095238095238
100014326|F|0-64:A>G-64:A>G,100014326,1,unique,Ss05,3722756.0,128.0,,0.0571428571428571
100014630|F|0-64:C>T-64:C>T,100014630,1,unique,Ss03,101950535.0,128.0,,0.0
100015002|F|0-64:T>A-64:T>A,100015002,1,unique,Ss08,8857137.0,128.0,,0.0097087378640776
100015143|F|0-64:A>T-64:A>T,100015143,1,unique,Ss03,78193015.0,128.0,,0.2476190476190476
100015454|F|0-64:C>A-64:C>A,100015454,1,unique,Ss08,204962.0,128.0,,0.019047619047619
100015474|F|0-64:A>G-64:A>G,100015474,1,unique,Ss04,2109341.0,128.0,,0.1904761904761904
100015669|F|0-64:A>C-64:A>C,100015669,1,unique,Ss08,849715.0,128.0,,0.0857142857142857
100016232|F|0-64:C>G-64:C>G,100016232,1,unique,Ss01,6272294.0,128.0,,0.0095238095238095
100016503|F|0-64:G>C-64:G>C,100016503,1,unique,Ss05,6122289.0,128.0,,0.1619047619047619
100017793|F|0-64:G>A-64:G>A,100017793,1,unique,Ss04,58808843.0,128.0,,0.0380952380952381
100018351|F|0-64:C>T-64:C>T,100018351,1,unique,Ss08,12390468.0,128.0,,0.4476190476190476
100019708|F|0-64:C>T-64:C>T,100019708,1,unique,Ss02,1230637.0,128.0,,0.0673076923076923
100020924|F|0-64:G>C-64:G>C,100020924,1,unique,Ss10,7714954.0,128.0,,0.0
100021167|F|0-64:T>C-64:T>C,100021167,1,unique,Ss07,1034563.0,128.0,,0.0
100021227|F|0-64:A>T-64:A>T,100021227,1,unique,Ss07,3229101.0,128.0,,0.0
100021995|F|0-64:T>A-64:T>A,100021995,1,unique,Ss03,96634388.0,128.0,,0.2952380952380952
100033324|F|0-64:C>A-64:C>A,100033324,1,unique,Ss09,53523368.0,128.0,,0.019047619047619
100033913|F|0-64:C>T-64:C>T,100033913,1,unique,Ss06,2864377.0,128.0,,0.1428571428571428
100033963|F|0-64:C>A-64:C>A,100033963,0,unplaced,,,,,0.0158730158730158
100034038|F|0-64:A>C-64:A>C,100034038,1,unique,Ss06,14398846.0,128.0,,0.4761904761904761
100034130|F|0-64:A>T-64:A>T,100034130,1,unique,Ss11,38914510.0,128.0,,0.3619047619047619
100034175|F|0-64:C>A-64:C>A,100034175,1,unique,Ss08,3585498.0,121.0,,0.0
100034532|F|0-64:T>C-64:T>C,100034532,1,unique,Ss05,53083031.0,128.0,,0.1047619047619047
100034541|F|0-64:G>T-64:G>T,100034541,1,unique,Ss08,3385348.0,128.0,,0.0761904761904762
100035031|F|0-64:G>C-64:G>C,100035031,1,unique,Ss10,15120202.0,128.0,,0.0761904761904762
100035750|F|0-64:T>C-64:T>C,100035750,1,unique,Ss10,14346355.0,128.0,,0.5238095238095238
100035865|F|0-64:G>A-64:G>A,100035865,1,unique,Ss06,12602502.0,128.0,,0.3020833333333333
100040009|F|0-64:G>T-64:G>T,100040009,1,unique,Ss04,14027348.0,128.0,,0.0175438596491228
100040419|F|0-64:G>A-64:G>A,100040419,1,unique,Ss11,32454031.0,128.0,,0.019047619047619
100040575|F|0-64:T>C-64:T>C,100040575,1,unique,Ss07,149199.0,128.0,,0.4476190476190476
100040940|F|0-64:T>A-64:T>A,100040940,1,unique,Ss08,12628772.0,128.0,,0.4952380952380952
100041023|F|0-64:C>A-64:C>A,100041023,1,unique,Ss08,29791321.0,121.0,,0.0108695652173913
100041823|F|0-64:C>T-64:C>T,100041823,1,unique,Ss01,45303479.0,128.0,,0.4761904761904761
100044234|F|0-64:G>T-64:G>T,100044234,1,unique,Ss06,12603683.0,128.0,,0.1935483870967742
100044734|F|0-64:A>C-64:A>C,100044734,1,unique,Ss01,18785477.0,128.0,,0.0
100044923|F|0-64:C>G-64:C>G,100044923,1,unique,Ss05,9730362.0,128.0,,0.015625
100045365|F|0-64:C>A-64:C>A,100045365,1,unique,Ss04,62811415.0,121.0,,0.0096153846153846
100047118|F|0-64:A>T-64:A>T,100047118,1,unique,Ss09,24346515.0,128.0,,0.0
100048536|F|0-64:C>A-64:C>A,100048536,1,unique,Ss03,7303710.0,121.0,,0.0095238095238095
100048883|F|0-64:T>A-64:T>A,100048883,1,unique,Ss06,12721673.0,128.0,,0.2761904761904762
100054175|F|0-64:G>C-64:G>C,100054175,1,unique,Ss02,29234011.0,128.0,,0.0188679245283018
100056416|F|0-64:G>A-64:G>A,100056416,1,unique,Ss01,42716432.0,128.0,,0.0
100056528|F|0-64:C>A-64:C>A,100056528,1,unique,Ss03,10413790.0,128.0,,0.0
100012968|F|0-65:T>C-65:T>C,100012968,1,unique,Ss06,8840443.0,128.0,,0.0666666666666666
100013071|F|0-65:T>G-65:T>G,100013071,1,unique,Ss04,69638899.0,124.0,,0.0240963855421686
100013300|F|0-65:T>G-65:T>G,100013300,1,unique,Ss06,17016538.0,128.0,,0.0095238095238095
100013324|F|0-65:C>A-65:C>A,100013324,1,unique,Ss04,69080376.0,128.0,,0.0
100013451|F|0-65:G>A-65:G>A,100013451,1,unique,Ss11,37948578.0,128.0,,0.019047619047619
100014119|F|0-65:C>G-65:C>G,100014119,1,unique,Ss07,7227239.0,128.0,,0.1333333333333333
100014426|F|0-65:A>C-65:A>C,100014426,1,unique,Ss07,7732044.0,128.0,,0.0
100014773|F|0-65:C>G-65:C>G,100014773,2,multi,Ss05,2477950.0,128.0,0.0,0.1489361702127659
100014778|F|0-65:A>G-65:A>G,100014778,1,unique,Ss03,96852200.0,128.0,,0.4476190476190476
100014938|F|0-65:C>T-65:C>T,100014938,1,unique,Ss06,15865773.0,128.0,,0.5631067961165048
100015034|F|0-65:C>G-65:C>G,100015034,1,unique,Ss01,25440968.0,128.0,,0.0194174757281553
100015193|F|0-65:C>A-65:C>A,100015193,1,unique,Ss07,881107.0,128.0,,0.1238095238095238
100015314|F|0-65:G>A-65:G>A,100015314,1,unique,Ss04,53924147.0,128.0,,0.3238095238095238
100015343|F|0-65:T>A-65:T>A,100015343,1,unique,Ss01,45157227.0,128.0,,0.072463768115942
100016014|F|0-65:T>C-65:T>C,100016014,1,unique,Ss05,1433073.0,128.0,,0.1428571428571428
100016551|F|0-65:A>C-65:A>C,100016551,1,unique,Ss11,35402372.0,128.0,,0.0476190476190476
100016572|F|0-65:A>T-65:A>T,100016572,1,unique,Ss01,15198475.0,128.0,,0.3047619047619048
100016832|F|0-65:T>A-65:T>A,100016832,1,unique,Ss10,9956409.0,128.0,,0.1333333333333333
100017707|F|0-65:T>A-65:T>A,100017707,1,unique,Ss02,6671760.0,128.0,,0.0285714285714285
100018224|F|0-65:C>T-65:C>T,100018224,1,unique,Ss09,60714157.0,128.0,,0.0095238095238095
100018345|F|0-65:A>C-65:A>C,100018345,1,unique,Ss01,44788767.0,128.0,,0.0571428571428571
100018760|F|0-65:A>G-65:A>G,100018760,1,unique,Ss05,660460.0,128.0,,0.5428571428571428
100019585|F|0-65:A>C-65:A>C,100019585,1,unique,Ss01,10329407.0,128.0,,0.0095238095238095
100019628|F|0-65:T>G-65:T>G,100019628,1,unique,Ss06,14413825.0,128.0,,0.4666666666666667
100020334|F|0-65:G>A-65:G>A,100020334,1,unique,Ss08,27995629.0,128.0,,0.419047619047619
100020751|F|0-65:G>A-65:G>A,100020751,1,unique,Ss01,4799318.0,128.0,,0.0833333333333333
100020790|F|0-65:C>A-65:C>A,100020790,1,unique,Ss02,25144277.0,128.0,,0.0095238095238095
100021734|F|0-65:C>T-65:C>T,100021734,2,multi,Ss02,11401577.0,128.0,0.0,0.1964285714285714
100022139|F|0-65:T>C-65:T>C,100022139,1,unique,Ss10,16965767.0,128.0,,0.5047619047619047
100033052|F|0-65:A>G-65:A>G,100033052,1,unique,Ss03,14953409.0,128.0,,0.4285714285714285
100033547|F|0-65:C>A-65:C>A,100033547,1,unique,Ss04,2498784.0,128.0,,0.019047619047619
100033616|F|0-65:T>G-65:T>G,100033616,1,unique,Ss09,7109731.0,128.0,,0.0
100033734|F|0-65:A>G-65:A>G,100033734,1,unique,Ss01,35379382.0,128.0,,0.1809523809523809
100033896|F|0-65:C>T-65:C>T,100033896,1,unique,Ss08,12951538.0,128.0,,0.3666666666666666
100033941|F|0-65:C>A-65:C>A,100033941,1,unique,Ss01,13573585.0,124.0,,0.0
100034045|F|0-65:A>T-65:A>T,100034045,1,unique,Ss03,72779256.0,128.0,,0.4807692307692308
100034350|F|0-65:C>A-65:C>A,100034350,1,unique,Ss03,59063724.0,128.0,,0.3714285714285714
100035332|F|0-65:G>A-65:G>A,100035332,1,unique,Ss05,51902156.0,128.0,,0.4903846153846153
100035462|F|0-65:A>C-65:A>C,100035462,1,unique,Ss08,184451.0,128.0,,0.0095238095238095
100035737|F|0-65:C>T-65:C>T,100035737,1,unique,Ss04,74972515.0,128.0,,0.0
100035886|F|0-65:A>C-65:A>C,100035886,1,unique,Ss05,52551227.0,128.0,,0.219047619047619
100040379|F|0-65:G>A-65:G>A,100040379,1,unique,Ss03,95296132.0,128.0,,0.0149253731343283
100041313|F|0-65:C>T-65:C>T,100041313,1,unique,Ss03,80366135.0,128.0,,0.2285714285714285
100041353|F|0-65:C>A-65:C>A,100041353,1,unique,Ss07,3498768.0,122.0,,0.0096153846153846
100044235|F|0-65:G>T-65:G>T,100044235,1,unique,Ss06,12603683.0,128.0,,0.3085106382978723
100044291|F|0-65:C>A-65:C>A,100044291,1,unique,Ss03,55587834.0,122.0,,0.0135135135135135
100044349|F|0-65:G>C-65:G>C,100044349,13,multi,Ss06,71925865.0,121.0,22.0,0.0095238095238095
100044458|F|0-65:A>T-65:A>T,100044458,1,unique,Ss03,17172370.0,122.0,,0.1142857142857142
100044629|F|0-65:A>T-65:A>T,100044629,1,unique,Ss02,25128117.0,128.0,,0.0
100044964|F|0-65:T>A-65:T>A,100044964,1,unique,Ss10,15322653.0,128.0,,0.2980769230769231
100045023|F|0-65:T>A-65:T>A,100045023,1,unique,Ss07,44918348.0,128.0,,0.0
100046856|F|0-65:C>A-65:C>A,100046856,1,unique,Ss01,41864615.0,128.0,,0.1047619047619047
100046914|F|0-65:G>T-65:G>T,100046914,1,unique,Ss04,67823972.0,128.0,,0.0123456790123456
100047118|F|0-65:G>A-65:G>A,100047118,1,unique,Ss09,24346515.0,128.0,,0.0
100047147|F|0-65:C>A-65:C>A,100047147,1,unique,Ss01,44150310.0,122.0,,0.0181818181818181
100047453|F|0-65:G>T-65:G>T,100047453,1,unique,Ss03,9346722.0,121.0,,0.3846153846153846
100047813|F|0-65:T>A-65:T>A,100047813,1,unique,Ss05,53976806.0,128.0,,0.0147058823529411
100049169|F|0-65:G>T-65:G>T,100049169,1,unique,Ss03,6075804.0,128.0,,0.4952380952380952
100049272|F|0-65:T>A-65:T>A,100049272,1189,multi,Ss06,104674432.0,128.0,6.0,0.0918367346938775
100049407|F|0-65:C>A-65:C>A,100049407,1,unique,Ss03,7713780.0,128.0,,0.0
100051247|F|0-65:G>A-65:G>A,100051247,1,unique,Ss03,102141293.0,128.0,,0.0363636363636363
100052956|F|0-65:T>A-65:T>A,100052956,1,unique,Ss03,92731017.0,124.0,,0.0133333333333333
100053800|F|0-65:G>A-65:G>A,100053800,61,multi,Ss07,21753552.0,128.0,6.0,0.0126582278481012
100053880|F|0-65:G>A-65:G>A,100053880,22,multi,Ss08,26597852.0,122.0,0.0,0.0919540229885057
100054612|F|0-65:G>C-65:G>C,100054612,1,unique,Ss01,19971557.0,119.0,,0.0095238095238095
100013023|F|0-66:A>T-66:A>T,100013023,1,unique,Ss06,877016.0,128.0,,0.0571428571428571
100013241|F|0-66:C>A-66:C>A,100013241,1,unique,Ss08,27769506.0,128.0,,0.0095238095238095
100013608|F|0-66:T>A-66:T>A,100013608,1,unique,Ss05,3769931.0,128.0,,0.0098039215686274
100013623|F|0-66:C>A-66:C>A,100013623,1,unique,Ss10,1743117.0,128.0,,0.0095238095238095
100014363|F|0-66:C>A-66:C>A,100014363,1,unique,Ss01,9153487.0,124.0,,0.0185185185185185
100014510|F|0-66:G>A-66:G>A,100014510,1,unique,Ss02,9693505.0,128.0,,0.0097087378640776
100014924|F|0-66:G>A-66:G>A,100014924,1,unique,Ss04,37291596.0,128.0,,0.0952380952380952
100015099|F|0-66:G>T-66:G>T,100015099,1,unique,Ss02,23418241.0,128.0,,0.3523809523809524
100015178|F|0-66:G>T-66:G>T,100015178,1,unique,Ss03,85723196.0,128.0,,0.0285714285714285
100015351|F|0-66:A>T-66:A>T,100015351,1,unique,Ss10,4508419.0,128.0,,0.0095238095238095
100015812|F|0-66:A>T-66:A>T,100015812,1,unique,Ss08,20636725.0,128.0,,0.4857142857142857
100016355|F|0-66:T>A-66:T>A,100016355,1,unique,Ss11,37546005.0,128.0,,0.019047619047619
100016439|F|0-66:C>G-66:C>G,100016439,1,unique,Ss10,2708507.0,128.0,,0.0571428571428571
100016630|F|0-66:A>T-66:A>T,100016630,1,unique,Ss01,43750309.0,128.0,,0.2571428571428571
100016643|F|0-66:G>A-66:G>A,100016643,0,unplaced,,,,,0.0138888888888888
100016754|F|0-66:C>A-66:C>A,100016754,1,unique,Ss05,55110281.0,128.0,,0.4476190476190476
100016819|F|0-66:T>C-66:T>C,100016819,1,unique,Ss02,21197203.0,128.0,,0.04
100016920|F|0-66:T>A-66:T>A,100016920,1,unique,Ss09,61641315.0,128.0,,0.2761904761904762
100017244|F|0-66:T>A-66:T>A,100017244,1,unique,Ss09,5946232.0,128.0,,0.2952380952380952
100017530|F|0-66:A>G-66:A>G,100017530,1,unique,Ss09,11858441.0,128.0,,0.0095238095238095
100018046|F|0-66:C>T-66:C>T,100018046,1,unique,Ss01,17478006.0,108.0,,0.01
100018919|F|0-66:C>A-66:C>A,100018919,1,unique,Ss03,83284945.0,128.0,,0.0761904761904762
100018947|F|0-66:A>T-66:A>T,100018947,1,unique,Ss11,34492395.0,128.0,,0.0095238095238095
100019220|F|0-66:C>G-66:C>G,100019220,1,unique,Ss05,3025184.0,128.0,,0.0666666666666666
100019762|F|0-66:A>G-66:A>G,100019762,1,unique,Ss04,72634065.0,128.0,,0.4
100019799|F|0-66:G>A-66:G>A,100019799,61,multi,Ss06,28265844.0,128.0,51.2,0.0212765957446808
100019922|F|0-66:C>G-66:C>G,100019922,1,unique,Ss03,17192306.0,128.0,,0.01
100020016|F|0-66:T>C-66:T>C,100020016,225,multi,Ss06,24413665.0,99.0,0.0,0.0865384615384615
100020602|F|0-66:T>C-66:T>C,100020602,1,unique,Ss04,72322570.0,128.0,,0.0952380952380952
100020680|F|0-66:G>A-66:G>A,100020680,1,unique,Ss05,15439443.0,128.0,,0.0095238095238095
100020789|F|0-66:T>C-66:T>C,100020789,1,unique,Ss01,358958.0,128.0,,0.0388349514563106
100020923|F|0-66:G>T-66:G>T,100020923,1,unique,Ss09,61194179.0,128.0,,0.0476190476190476
100021048|F|0-66:C>T-66:C>T,100021048,1,unique,Ss09,45555242.0,128.0,,0.4476190476190476
100021087|F|0-66:A>G-66:A>G,100021087,1,unique,Ss03,17766798.0,128.0,,0.0571428571428571
100021173|F|0-66:C>G-66:C>G,100021173,1,unique,Ss06,10653939.0,128.0,,0.0380952380952381
100021487|F|0-66:T>G-66:T>G,100021487,1,unique,Ss03,65650210.0,128.0,,0.4857142857142857
100021596|F|0-66:A>C-66:A>C,100021596,1,unique,Ss01,38341979.0,128.0,,0.0119047619047619
100022256|F|0-66:C>A-66:C>A,100022256,1,unique,Ss03,6822036.0,128.0,,0.0095238095238095
100022313|F|0-66:C>T-66:C>T,100022313,1,unique,Ss09,5615260.0,128.0,,0.0096153846153846
100023490|F|0-66:G>A-66:G>A,100023490,3,multi,Ss08,2303715.0,128.0,13.0,0.0
100033166|F|0-66:C>A-66:C>A,100033166,1,unique,Ss08,21358339.0,128.0,,0.0095238095238095
100033204|F|0-66:T>C-66:T>C,100033204,1,unique,Ss07,7052770.0,128.0,,0.2571428571428571
100033615|F|0-66:C>A-66:C>A,100033615,1,unique,Ss11,35121041.0,128.0,,0.019047619047619
100033749|F|0-66:A>C-66:A>C,100033749,1,unique,Ss08,20919531.0,128.0,,0.3714285714285714
100034045|F|0-66:T>A-66:T>A,100034045,1,unique,Ss03,72779256.0,128.0,,0.0707070707070707
100034369|F|0-66:G>A-66:G>A,100034369,1,unique,Ss08,20917821.0,128.0,,0.3714285714285714
100035094|F|0-66:C>G-66:C>G,100035094,2,multi,Ss11,31415129.0,117.0,0.0,0.0491803278688524
100035321|F|0-66:C>A-66:C>A,100035321,1,unique,Ss03,91087231.0,124.0,,0.0149253731343283
100035571|F|0-66:G>T-66:G>T,100035571,2,multi,Ss02,9570664.0,128.0,6.0,0.0571428571428571
100040044|F|0-66:G>T-66:G>T,100040044,0,unplaced,,,,,0.4857142857142857
100041582|F|0-66:A>T-66:A>T,100041582,1,unique,Ss03,6822101.0,128.0,,0.019047619047619
100041635|F|0-66:G>C-66:G>C,100041635,2,multi,Ss02,12391947.0,128.0,58.599999999999994,0.0097087378640776
100044923|F|0-66:A>T-66:A>T,100044923,1,unique,Ss05,9730362.0,128.0,,0.0
100045123|F|0-66:C>G-66:C>G,100045123,1,unique,Ss06,12329006.0,128.0,,0.125
100045142|F|0-66:C>T-66:C>T,100045142,1,unique,Ss10,15225097.0,122.0,,0.0
100046578|F|0-66:G>C-66:G>C,100046578,1,unique,Ss01,3336396.0,95.3,,0.0125
100046746|F|0-66:A>T-66:A>T,100046746,1,unique,Ss10,15229560.0,128.0,,0.0222222222222222
100047065|F|0-66:A>G-66:A>G,100047065,2,multi,Ss04,49550949.0,128.0,18.0,0.0
100048897|F|0-66:T>G-66:T>G,100048897,1,unique,Ss04,8561349.0,108.0,,0.0219780219780219
100051795|F|0-66:A>C-66:A>C,100051795,1,unique,Ss09,62494367.0,128.0,,0.0
100052607|F|0-66:A>T-66:A>T,100052607,1,unique,Ss02,12581972.0,119.0,,0.0108695652173913
100053138|F|0-66:G>A-66:G>A,100053138,1,unique,Ss09,61273952.0,128.0,,0.0
100054958|F|0-66:A>C-66:A>C,100054958,11,multi,Ss09,33167293.0,122.0,0.0,0.0
100056182|F|0-66:A>T-66:A>T,100056182,1,unique,Ss06,18197771.0,128.0,,0.0
100013122|F|0-67:G>A-67:G>A,100013122,1,unique,Ss01,26458660.0,128.0,,0.3142857142857143
100013246|F|0-67:A>G-67:A>G,100013246,5,multi,Ss11,31600334.0,128.0,15.0,0.0285714285714285
100013714|F|0-67:T>C-67:T>C,100013714,1,unique,Ss09,2508239.0,128.0,,0.4952380952380952
100013767|F|0-67:G>C-67:G>C,100013767,1,unique,Ss06,13673458.0,128.0,,0.2
100013842|F|0-67:A>G-67:A>G,100013842,1,unique,Ss04,64912926.0,128.0,,0.1047619047619047
100013882|F|0-67:C>T-67:C>T,100013882,1,unique,Ss08,393711.0,128.0,,0.3142857142857143
100013883|F|0-67:A>T-67:A>T,100013883,1,unique,Ss02,2966475.0,128.0,,0.1142857142857142
100014177|F|0-67:T>A-67:T>A,100014177,1,unique,Ss10,8126360.0,128.0,,0.0952380952380952
100014456|F|0-67:C>T-67:C>T,100014456,1,unique,Ss04,71707990.0,128.0,,0.0095238095238095
100014648|F|0-67:T>C-67:T>C,100014648,1,unique,Ss01,4413659.0,128.0,,0.0952380952380952
100015398|F|0-67:C>T-67:C>T,100015398,1,unique,Ss04,3755875.0,128.0,,0.1428571428571428
100016259|F|0-67:T>C-67:T>C,100016259,1,unique,Ss01,32343414.0,128.0,,0.0571428571428571
100016333|F|0-67:A>C-67:A>C,100016333,1,unique,Ss10,2648797.0,128.0,,0.01
100016456|F|0-67:T>C-67:T>C,100016456,1,unique,Ss01,42603502.0,128.0,,0.0380952380952381
100016888|F|0-67:C>T-67:C>T,100016888,1,unique,Ss07,6552164.0,128.0,,0.0961538461538461
100017149|F|0-67:G>C-67:G>C,100017149,1,unique,Ss05,53760232.0,128.0,,0.019047619047619
100017676|F|0-67:A>T-67:A>T,100017676,1,unique,Ss04,60269582.0,128.0,,0.0095238095238095
100017889|F|0-67:C>T-67:C>T,100017889,1,unique,Ss04,60530221.0,128.0,,0.0095238095238095
100018159|F|0-67:G>A-67:G>A,100018159,1,unique,Ss11,10965745.0,128.0,,0.1523809523809524
100018446|F|0-67:T>A-67:T>A,100018446,1,unique,Ss01,33239330.0,128.0,,0.1809523809523809
100018546|F|0-67:A>T-67:A>T,100018546,1,unique,Ss03,88522618.0,128.0,,0.0095238095238095
100019383|F|0-67:A>T-67:A>T,100019383,1,unique,Ss11,38687043.0,128.0,,0.2761904761904762
100019411|F|0-67:G>C-67:G>C,100019411,1,unique,Ss03,103355496.0,128.0,,0.0666666666666666
100019794|F|0-67:C>A-67:C>A,100019794,1,unique,Ss08,7435571.0,128.0,,0.0097087378640776
100019810|F|0-67:A>G-67:A>G,100019810,1,unique,Ss10,739596.0,128.0,,0.0096153846153846
100019870|F|0-67:G>A-67:G>A,100019870,1,unique,Ss04,66775377.0,128.0,,0.2666666666666666
100020107|F|0-67:C>A-67:C>A,100020107,1,unique,Ss06,11701990.0,128.0,,0.0285714285714285
100020694|F|0-67:C>T-67:C>T,100020694,1,unique,Ss04,60224351.0,128.0,,0.2571428571428571
100020853|F|0-67:A>G-67:A>G,100020853,1,unique,Ss02,5986899.0,128.0,,0.1809523809523809
100021285|F|0-67:T>C-67:T>C,100021285,1,unique,Ss01,34855445.0,128.0,,0.0761904761904762
100021376|F|0-67:G>C-67:G>C,100021376,1,unique,Ss04,63440369.0,128.0,,0.4095238095238095
100021616|F|0-67:G>T-67:G>T,100021616,1,unique,Ss04,71550088.0,128.0,,0.2571428571428571
100022271|F|0-67:G>A-67:G>A,100022271,1,unique,Ss01,5429955.0,128.0,,0.0288461538461538
100022286|F|0-67:T>G-67:T>G,100022286,1,unique,Ss03,84528268.0,128.0,,0.1714285714285714
100032915|F|0-67:T>A-67:T>A,100032915,3,multi,Ss04,13746762.0,128.0,6.0,0.0210526315789473
100032969|F|0-67:T>C-67:T>C,100032969,2,multi,Ss06,11391039.0,128.0,17.0,0.1333333333333333
100033292|F|0-67:A>G-67:A>G,100033292,169,multi,Ss07,13627140.0,128.0,0.0,0.0192307692307692
100033469|F|0-67:G>A-67:G>A,100033469,2,multi,Ss05,12080909.0,128.0,0.0,0.0952380952380952
100033484|F|0-67:A>C-67:A>C,100033484,1,unique,Ss06,560704.0,128.0,,0.0380952380952381
100033743|F|0-67:C>A-67:C>A,100033743,1,unique,Ss01,6452317.0,124.0,,0.0149253731343283
100033799|F|0-67:T>C-67:T>C,100033799,1,unique,Ss09,53896435.0,128.0,,0.0476190476190476
100033819|F|0-67:C>G-67:C>G,100033819,1,unique,Ss10,1120791.0,128.0,,0.4857142857142857
100034180|F|0-67:T>A-67:T>A,100034180,1,unique,Ss02,24997480.0,128.0,,0.034090909090909
100034381|F|0-67:A>G-67:A>G,100034381,1,unique,Ss10,1626216.0,128.0,,0.0571428571428571
100035377|F|0-67:C>G-67:C>G,100035377,1,unique,Ss01,47016480.0,128.0,,0.3142857142857143
100035529|F|0-67:G>T-67:G>T,100035529,1,unique,Ss01,5824223.0,128.0,,0.3809523809523809
100035946|F|0-67:T>G-67:T>G,100035946,1,unique,Ss02,6883563.0,122.0,,0.0
100040615|F|0-67:A>T-67:A>T,100040615,1,unique,Ss08,13079532.0,124.0,,0.4952380952380952
100040752|F|0-67:G>C-67:G>C,100040752,2,multi,Ss06,18146663.0,128.0,6.0,0.0095238095238095
100040929|F|0-67:G>T-67:G>T,100040929,0,unplaced,,,,,0.0147058823529411
100043978|F|0-67:T>A-67:T>A,100043978,1,unique,Ss03,91489121.0,128.0,,0.5333333333333333
100047217|F|0-67:G>A-67:G>A,100047217,2,multi,Ss02,11664324.0,128.0,6.0,0.1142857142857142
100047391|F|0-67:C>A-67:C>A,100047391,2,multi,Ss04,49554209.0,124.0,5.0,0.0508474576271186
100049450|F|0-67:T>C-67:T>C,100049450,1,unique,Ss01,17350799.0,128.0,,0.0
100051823|F|0-67:G>T-67:G>T,100051823,1,unique,Ss01,3336395.0,97.1,,0.0140845070422535
100054503|F|0-67:T>G-67:T>G,100054503,1,unique,Ss06,12125500.0,128.0,,0.0
100055113|F|0-67:T>A-67:T>A,100055113,1,unique,Ss03,4716019.0,128.0,,0.0
100055716|F|0-67:A>T-67:A>T,100055716,1,unique,Ss03,12759458.0,128.0,,0.0185185185185185
100058046|F|0-67:T>G-67:T>G,100058046,2,multi,Ss01,4275517.0,128.0,6.0,0.0
100058676|F|0-67:T>C-67:T>C,100058676,15,multi,Ss09,6956997.0,128.0,6.0,0.0
100013352|F|0-68:T>C-68:T>C,100013352,1,unique,Ss11,30046942.0,128.0,,0.4952380952380952
100013779|F|0-68:G>C-68:G>C,100013779,1,unique,Ss08,6977245.0,128.0,,0.2952380952380952
100013822|F|0-68:C>T-68:C>T,100013822,1,unique,Ss06,10215009.0,128.0,,0.0857142857142857
100014347|F|0-68:T>C-68:T>C,100014347,5,multi,Ss01,42858905.0,128.0,18.0,0.2
100015005|F|0-68:T>A-68:T>A,100015005,1,unique,Ss08,12952456.0,128.0,,0.4476190476190476
100015052|F|0-68:T>A-68:T>A,100015052,1,unique,Ss08,10026019.0,128.0,,0.5523809523809524
100015131|F|0-68:C>A-68:C>A,100015131,1,unique,Ss02,1278096.0,128.0,,0.0571428571428571
100015799|F|0-68:C>T-68:C>T,100015799,1,unique,Ss01,40825388.0,128.0,,0.3428571428571428
100016144|F|0-68:A>T-68:A>T,100016144,1,unique,Ss02,9675361.0,128.0,,0.0495049504950495
100016403|F|0-68:A>G-68:A>G,100016403,1,unique,Ss08,34886712.0,128.0,,0.0
100016527|F|0-68:A>T-68:A>T,100016527,1,unique,Ss02,29163924.0,128.0,,0.0285714285714285
100016960|F|0-68:T>A-68:T>A,100016960,1,unique,Ss03,74966940.0,128.0,,0.0952380952380952
100017048|F|0-68:G>T-68:G>T,100017048,1,unique,Ss02,4846688.0,128.0,,0.238095238095238
100017122|F|0-68:T>C-68:T>C,100017122,1,unique,Ss03,74852285.0,128.0,,0.0761904761904762
100017248|F|0-68:G>T-68:G>T,100017248,1,unique,Ss06,10281328.0,128.0,,0.1238095238095238
100017487|F|0-68:A>T-68:A>T,100017487,1,unique,Ss09,440218.0,128.0,,0.0095238095238095
100017935|F|0-68:T>C-68:T>C,100017935,1,unique,Ss05,56643128.0,128.0,,0.219047619047619
100017959|F|0-68:T>G-68:T>G,100017959,1,unique,Ss03,86747975.0,128.0,,0.0095238095238095
100018585|F|0-68:A>G-68:A>G,100018585,1,unique,Ss07,4632879.0,128.0,,0.4
100018768|F|0-68:G>A-68:G>A,100018768,1,unique,Ss02,15548658.0,128.0,,0.0095238095238095
100019028|F|0-68:T>A-68:T>A,100019028,1,unique,Ss03,82594499.0,128.0,,0.0952380952380952
100019770|F|0-68:G>A-68:G>A,100019770,1,unique,Ss06,9856824.0,128.0,,0.0095238095238095
100019999|F|0-68:T>C-68:T>C,100019999,1,unique,Ss08,8797554.0,128.0,,0.174757281553398
100020280|F|0-68:C>T-68:C>T,100020280,1,unique,Ss09,12106385.0,128.0,,0.0095238095238095
100020323|F|0-68:A>C-68:A>C,100020323,247,multi,Ss06,32372297.0,110.0,0.0,0.0
100020579|F|0-68:T>C-68:T>C,100020579,2,multi,Ss03,97342753.0,128.0,30.900000000000006,0.5238095238095238
100020717|F|0-68:A>G-68:A>G,100020717,1,unique,Ss08,11910787.0,128.0,,0.1619047619047619
100020939|F|0-68:G>A-68:G>A,100020939,1,unique,Ss02,12534022.0,128.0,,0.019047619047619
100021188|F|0-68:A>G-68:A>G,100021188,1,unique,Ss05,40705957.0,128.0,,0.0192307692307692
100021356|F|0-68:C>A-68:C>A,100021356,1,unique,Ss08,6964259.0,128.0,,0.0761904761904762
100021620|F|0-68:T>C-68:T>C,100021620,1,unique,Ss02,9353039.0,128.0,,0.5619047619047619
100021651|F|0-68:A>T-68:A>T,100021651,1,unique,Ss08,20923917.0,128.0,,0.3619047619047619
100021963|F|0-68:T>G-68:T>G,100021963,1,unique,Ss02,16627267.0,128.0,,0.4952380952380952
100022031|F|0-68:A>C-68:A>C,100022031,1,unique,Ss02,10077659.0,128.0,,0.3904761904761905
100022112|F|0-68:T>C-68:T>C,100022112,1,unique,Ss06,16839267.0,128.0,,0.019047619047619
100033136|F|0-68:A>G-68:A>G,100033136,1,unique,Ss01,27783912.0,128.0,,0.2307692307692307
100033265|F|0-68:G>A-68:G>A,100033265,1,unique,Ss06,2568687.0,75.0,,0.1142857142857142
100033855|F|0-68:T>A-68:T>A,100033855,1,unique,Ss03,74989203.0,128.0,,0.1047619047619047
100034393|F|0-68:C>A-68:C>A,100034393,1,unique,Ss02,24167349.0,128.0,,0.1619047619047619
100034900|F|0-68:A>T-68:A>T,100034900,1,unique,Ss04,884688.0,122.0,,0.0114942528735632
100035489|F|0-68:C>A-68:C>A,100035489,1,unique,Ss01,41159216.0,128.0,,0.116504854368932
100035658|F|0-68:C>G-68:C>G,100035658,1,unique,Ss10,9948239.0,128.0,,0.0571428571428571
100040251|F|0-68:A>C-68:A>C,100040251,1,unique,Ss04,72399974.0,126.0,,0.3904761904761905
100041283|F|0-68:T>A-68:T>A,100041283,1,unique,Ss01,16181581.0,128.0,,0.4761904761904761
100041505|F|0-68:C>A-68:C>A,100041505,1,unique,Ss04,57647527.0,126.0,,0.1238095238095238
100041752|F|0-68:A>G-68:A>G,100041752,5,multi,Ss11,32838397.0,128.0,6.0,0.0285714285714285
100041793|F|0-68:A>T-68:A>T,100041793,1,unique,Ss04,74994616.0,124.0,,0.0761904761904762
100044383|F|0-68:C>A-68:C>A,100044383,1,unique,Ss10,6629751.0,126.0,,0.2666666666666666
100044476|F|0-68:A>T-68:A>T,100044476,1,unique,Ss02,384477.0,121.0,,0.1505376344086021
100045002|F|0-68:G>C-68:G>C,100045002,4,multi,Ss11,10684281.0,128.0,2.0,0.1057692307692307
100049843|F|0-68:A>T-68:A>T,100049843,1,unique,Ss03,90781498.0,128.0,,0.0
100051515|F|0-68:A>T-68:A>T,100051515,1,unique,Ss09,751432.0,121.0,,0.0104166666666666
100055405|F|0-68:T>G-68:T>G,100055405,1,unique,Ss08,385830.0,128.0,,0.0
100056416|F|0-68:G>A-68:G>A,100056416,1,unique,Ss01,42716432.0,128.0,,0.0
100058486|F|0-68:T>A-68:T>A,100058486,1,unique,Ss07,2239421.0,128.0,,0.0
100059231|F|0-68:C>A-68:C>A,100059231,1,unique,Ss04,3676823.0,117.0,,0.0
