rs_i,rs_j,pos_i,pos_j,r2
100034887|F|0-39:C>G-39:C>G,100021820|F|0-10:T>A-10:T>A,2650601.0,2840684.0,0.0004787220640479671
100034887|F|0-39:C>G-39:C>G,100017012|F|0-57:A>G-57:A>G,2650601.0,3187174.0,0.015559349638941008
100034887|F|0-39:C>G-39:C>G,100033466|F|0-26:G>A-26:G>A,2650601.0,3299966.0,0.031186871206403368
100034887|F|0-39:C>G-39:C>G,100015232|F|0-9:G>T-9:G>T,2650601.0,3629001.0,0.09581849386185268
100034887|F|0-39:C>G-39:C>G,100029321|F|0-48:C>A-48:C>A,2650601.0,5675574.0,0.009455919667187259
100034887|F|0-39:C>G-39:C>G,100029488|F|0-5:C>T-5:C>T,2650601.0,5795301.0,0.007198828030796595
100034887|F|0-39:C>G-39:C>G,100017684|F|0-22:A>G-22:A>G,2650601.0,5795818.0,0.013297281519755046
100034887|F|0-39:C>G-39:C>G,100034306|F|0-9:C>T-9:C>T,2650601.0,5796467.0,0.018235707391949702
100034887|F|0-39:C>G-39:C>G,100020284|F|0-15:A>T-15:A>T,2650601.0,5798894.0,0.01113616508272236
100034887|F|0-39:C>G-39:C>G,100035529|F|0-67:G>T-67:G>T,2650601.0,5824287.0,0.01113616508272236
100034887|F|0-39:C>G-39:C>G,100013385|F|0-10:G>T-10:G>T,2650601.0,5824292.0,0.004122687237732658
100034887|F|0-39:C>G-39:C>G,100016127|F|0-26:G>C-26:G>C,2650601.0,6652431.0,0.01049170604421575
100034887|F|0-39:C>G-39:C>G,100019065|F|0-15:C>T-15:C>T,2650601.0,7275159.0,0.00457244153907801
100034887|F|0-39:C>G-39:C>G,100015576|F|0-58:G>T-58:G>T,2650601.0,7291045.0,0.0008557051115761973
100034887|F|0-39:C>G-39:C>G,100034454|F|0-32:T>C-32:T>C,2650601.0,8149669.0,0.049204631528742514
100034887|F|0-39:C>G-39:C>G,100032801|F|0-46:T>A-46:T>A,2650601.0,8519507.0,0.006268125702981731
100034887|F|0-39:C>G-39:C>G,100017329|F|0-16:T>C-16:T>C,2650601.0,8519512.0,0.0010041487197103845
100034887|F|0-39:C>G-39:C>G,100054119|F|0-9:A>T-9:A>T,2650601.0,8526678.0,0.01742620398871983
100034887|F|0-39:C>G-39:C>G,100013622|F|0-50:C>T-50:C>T,2650601.0,8526683.0,0.011730157734354645
100034887|F|0-39:C>G-39:C>G,100013788|F|0-18:C>T-18:C>T,2650601.0,8748310.0,0.006586280271557415
100034887|F|0-39:C>G-39:C>G,100016003|F|0-33:A>T-33:A>T,2650601.0,9540230.0,0.03757900281344738
100034887|F|0-39:C>G-39:C>G,100038699|F|0-6:A>C-6:A>C,2650601.0,9987300.0,0.0025731310942578604
100034887|F|0-39:C>G-39:C>G,100052747|F|0-12:T>G-12:T>G,2650601.0,9988427.0,0.004249042298466993
100034887|F|0-39:C>G-39:C>G,100018327|F|0-50:C>T-50:C>T,2650601.0,10262280.0,0.006221796800218768
100034887|F|0-39:C>G-39:C>G,100018124|F|0-61:T>A-61:T>A,2650601.0,10817821.0,8.58408774258309e-05
100034887|F|0-39:C>G-39:C>G,100014259|F|0-39:T>A-39:T>A,2650601.0,10830557.0,0.00398782457398092
100034887|F|0-39:C>G-39:C>G,100017304|F|0-37:T>A-37:T>A,2650601.0,11098034.0,0.0073199839411321466
100034887|F|0-39:C>G-39:C>G,100022081|F|0-44:A>C-44:A>C,2650601.0,11365474.0,0.01230697514785018
100034887|F|0-39:C>G-39:C>G,100015798|F|0-46:G>A-46:G>A,2650601.0,11367259.0,0.0034188533691777196
100034887|F|0-39:C>G-39:C>G,100013022|F|0-48:G>C-48:G>C,2650601.0,11376234.0,0.019469146596944032
100034887|F|0-39:C>G-39:C>G,100017261|F|0-49:C>T-49:C>T,2650601.0,12523186.0,0.006053314520396032
100034887|F|0-39:C>G-39:C>G,100021866|F|0-51:G>C-51:G>C,2650601.0,14537286.0,0.01250463400685691
100034887|F|0-39:C>G-39:C>G,100016572|F|0-65:A>T-65:A>T,2650601.0,15198479.0,0.00032458547270243553
100034887|F|0-39:C>G-39:C>G,100036118|F|0-16:G>C-16:G>C,2650601.0,15790762.0,0.0017654610393439893
100034887|F|0-39:C>G-39:C>G,100021422|F|0-18:C>G-18:C>G,2650601.0,15863195.0,0.008147371134481064
100034887|F|0-39:C>G-39:C>G,100041283|F|0-68:T>A-68:T>A,2650601.0,16181585.0,0.001229093008640402
100034887|F|0-39:C>G-39:C>G,100053824|F|0-47:A>G-47:A>G,2650601.0,16226345.0,0.003289567006262083
100034887|F|0-39:C>G-39:C>G,100021123|F|0-50:T>C-50:T>C,2650601.0,17173866.0,0.007931833852688726
100034887|F|0-39:C>G-39:C>G,100021768|F|0-13:C>T-13:C>T,2650601.0,17179674.0,0.0003554539431216818
100034887|F|0-39:C>G-39:C>G,100040976|F|0-5:T>C-5:T>C,2650601.0,17196207.0,0.0022126340751593906
100034887|F|0-39:C>G-39:C>G,100040977|F|0-30:G>T-30:G>T,2650601.0,17196207.0,0.007000183147351551
100034887|F|0-39:C>G-39:C>G,100016880|F|0-51:C>A-51:C>A,2650601.0,17507025.0,0.017818293760089143
100034887|F|0-39:C>G-39:C>G,100021275|F|0-33:T>A-33:T>A,2650601.0,17703648.0,0.00013796194727939016
100034887|F|0-39:C>G-39:C>G,100017523|F|0-41:C>T-41:C>T,2650601.0,17927516.0,7.016786168680772e-05
100034887|F|0-39:C>G-39:C>G,100032842|F|0-24:A>C-24:A>C,2650601.0,18176550.0,0.019932015925216526
100034887|F|0-39:C>G-39:C>G,100032841|F|0-19:T>A-19:T>A,2650601.0,18176550.0,0.001930030674309624
100034887|F|0-39:C>G-39:C>G,100033379|F|0-46:C>G-46:C>G,2650601.0,18202707.0,0.005747899785045988
100034887|F|0-39:C>G-39:C>G,100022600|F|0-31:A>T-31:A>T,2650601.0,18245914.0,0.00022070226647179263
100034887|F|0-39:C>G-39:C>G,100019074|F|0-23:A>T-23:A>T,2650601.0,18451325.0,0.005882685672266518
100034887|F|0-39:C>G-39:C>G,100035266|F|0-39:C>T-39:C>T,2650601.0,18675661.0,0.004022590905333136
100034887|F|0-39:C>G-39:C>G,100016256|F|0-31:A>C-31:A>C,2650601.0,19574145.0,0.0010771246441079374
100034887|F|0-39:C>G-39:C>G,100036101|F|0-41:G>C-41:G>C,2650601.0,19902376.0,0.00012461149661815288
100034887|F|0-39:C>G-39:C>G,100044506|F|0-28:G>A-28:G>A,2650601.0,19987479.0,0.0011539987487220195
100034887|F|0-39:C>G-39:C>G,100013122|F|0-67:G>A-67:G>A,2650601.0,26458664.0,0.007563130260855071
100034887|F|0-39:C>G-39:C>G,100017906|F|0-31:G>A-31:G>A,2650601.0,26571479.0,0.0011234644486754846
100034887|F|0-39:C>G-39:C>G,100021519|F|0-20:C>T-20:C>T,2650601.0,26856823.0,0.011035931921711697
100034887|F|0-39:C>G-39:C>G,100038609|F|0-8:A>T-8:A>T,2650601.0,27247323.0,0.003248023089061013
100034887|F|0-39:C>G-39:C>G,100028909|F|0-9:C>T-9:C>T,2650601.0,27271569.0,0.046754531322589506
100034887|F|0-39:C>G-39:C>G,100021397|F|0-9:C>T-9:C>T,2650601.0,27420869.0,0.026469303070370938
100034887|F|0-39:C>G-39:C>G,100017892|F|0-32:A>G-32:A>G,2650601.0,27451898.0,0.04188290885593357
100034887|F|0-39:C>G-39:C>G,100033136|F|0-68:A>G-68:A>G,2650601.0,27783976.0,0.016224815668072094
100034887|F|0-39:C>G-39:C>G,100020699|F|0-40:A>G-40:A>G,2650601.0,30507860.0,0.017455485420886516
100034887|F|0-39:C>G-39:C>G,100014559|F|0-31:C>A-31:C>A,2650601.0,30836975.0,0.006861682918020949
100034887|F|0-39:C>G-39:C>G,100017321|F|0-51:A>T-51:A>T,2650601.0,31197415.0,0.0053550539755440624
100034887|F|0-39:C>G-39:C>G,100040910|F|0-51:A>G-51:A>G,2650601.0,31200593.0,0.00140504575911887
100034887|F|0-39:C>G-39:C>G,100016298|F|0-19:G>A-19:G>A,2650601.0,31539538.0,0.0258264765307019
100034887|F|0-39:C>G-39:C>G,100016431|F|0-28:C>T-28:C>T,2650601.0,32001840.0,0.020226007206026936
100034887|F|0-39:C>G-39:C>G,100020933|F|0-51:T>C-51:T>C,2650601.0,32243895.0,0.02693493774374125
100034887|F|0-39:C>G-39:C>G,100014677|F|0-27:A>C-27:A>C,2650601.0,32410962.0,0.0023638657772256455
100034887|F|0-39:C>G-39:C>G,100017923|F|0-57:A>G-57:A>G,2650601.0,32459789.0,0.006069245371113139
100034887|F|0-39:C>G-39:C>G,100048091|F|0-43:A>T-43:A>T,2650601.0,32463417.0,0.0031110041415778234
100034887|F|0-39:C>G-39:C>G,100020456|F|0-16:A>C-16:A>C,2650601.0,32467328.0,0.013696147473073746
100034887|F|0-39:C>G-39:C>G,100034584|F|0-9:T>C-9:T>C,2650601.0,32472994.0,0.0020393149576997836
100034887|F|0-39:C>G-39:C>G,100033527|F|0-13:C>T-13:C>T,2650601.0,32475333.0,0.0020393149576997836
100034887|F|0-39:C>G-39:C>G,100018446|F|0-67:T>A-67:T>A,2650601.0,33239334.0,0.002120070674624457
100034887|F|0-39:C>G-39:C>G,100013877|F|0-19:G>T-19:G>T,2650601.0,34079859.0,0.00031145834630535925
100034887|F|0-39:C>G-39:C>G,100035010|F|0-32:A>C-32:A>C,2650601.0,34165746.0,0.012374139238811964
100034887|F|0-39:C>G-39:C>G,100028703|F|0-9:T>G-9:T>G,2650601.0,34482430.0,4.967301358998951e-06
100034887|F|0-39:C>G-39:C>G,100014587|F|0-36:A>C-36:A>C,2650601.0,34723473.0,0.03990740235547208
100034887|F|0-39:C>G-39:C>G,100040405|F|0-35:T>A-35:T>A,2650601.0,34724344.0,0.0006003386285076405
100034887|F|0-39:C>G-39:C>G,100016549|F|0-30:A>G-30:A>G,2650601.0,34725485.0,0.022853466955579597
100034887|F|0-39:C>G-39:C>G,100013542|F|0-30:C>G-30:C>G,2650601.0,34725490.0,0.006514920844342652
100034887|F|0-39:C>G-39:C>G,100021285|F|0-67:T>C-67:T>C,2650601.0,34855449.0,3.188855854266938e-05
100034887|F|0-39:C>G-39:C>G,100033734|F|0-65:A>G-65:A>G,2650601.0,35379386.0,0.0014124051527894107
100034887|F|0-39:C>G-39:C>G,100021520|F|0-23:T>C-23:T>C,2650601.0,36065991.0,0.00967070025788534
100034887|F|0-39:C>G-39:C>G,100019045|F|0-23:G>C-23:G>C,2650601.0,36149336.0,0.00012771958997891621
100034887|F|0-39:C>G-39:C>G,100057957|F|0-57:C>A-57:C>A,2650601.0,36576268.0,0.020389700725676446
100034887|F|0-39:C>G-39:C>G,100014666|F|0-59:T>C-59:T>C,2650601.0,37090975.0,0.03455210500580055
100034887|F|0-39:C>G-39:C>G,100038773|F|0-28:C>G-28:C>G,2650601.0,37285877.0,0.01628212212635719
100034887|F|0-39:C>G-39:C>G,100051037|F|0-43:C>T-43:C>T,2650601.0,37902767.0,0.0453058698221332
100034887|F|0-39:C>G-39:C>G,100020809|F|0-53:C>G-53:C>G,2650601.0,39838084.0,0.0004787220640479747
100034887|F|0-39:C>G-39:C>G,100029380|F|0-39:A>C-39:A>C,2650601.0,40729560.0,0.010005387516354967
100034887|F|0-39:C>G-39:C>G,100013950|F|0-50:T>C-50:T>C,2650601.0,40800799.0,0.000435213302203978
100034887|F|0-39:C>G-39:C>G,100015799|F|0-68:C>T-68:C>T,2650601.0,40825452.0,0.009465289375799378
100034887|F|0-39:C>G-39:C>G,100043188|F|0-42:C>T-42:C>T,2650601.0,40979122.0,0.022245955235225427
100034887|F|0-39:C>G-39:C>G,100015076|F|0-33:T>C-33:T>C,2650601.0,40986668.0,0.015466722945774485
100034887|F|0-39:C>G-39:C>G,100018802|F|0-14:G>A-14:G>A,2650601.0,40988293.0,0.04685643984388264
100034887|F|0-39:C>G-39:C>G,100018271|F|0-48:A>G-48:A>G,2650601.0,41002080.0,0.02396564166104205
100034887|F|0-39:C>G-39:C>G,100017658|F|0-34:T>G-34:T>G,2650601.0,41027371.0,0.018842625701168278
100034887|F|0-39:C>G-39:C>G,100017206|F|0-15:G>C-15:G>C,2650601.0,41065538.0,0.02759796770067778
100034887|F|0-39:C>G-39:C>G,100040329|F|0-26:A>G-26:A>G,2650601.0,41159215.0,0.00641315102228084
100034887|F|0-39:C>G-39:C>G,100035489|F|0-33:C>A-33:C>A,2650601.0,41159220.0,0.009742250270333572
100034887|F|0-39:C>G-39:C>G,100021166|F|0-38:T>C-38:T>C,2650601.0,41233248.0,0.04244157984729368
100034887|F|0-39:C>G-39:C>G,100020488|F|0-58:T>G-58:T>G,2650601.0,41740174.0,0.013168287766997328
100034887|F|0-39:C>G-39:C>G,100046856|F|0-65:C>A-65:C>A,2650601.0,41864679.0,8.453464540304096e-05
100034887|F|0-39:C>G-39:C>G,100021425|F|0-50:G>C-50:G>C,2650601.0,42699263.0,0.00043609379984775137
100034887|F|0-39:C>G-39:C>G,100032947|F|0-10:A>C-10:A>C,2650601.0,42744717.0,0.00870323752469565
100034887|F|0-39:C>G-39:C>G,100014347|F|0-68:T>C-68:T>C,2650601.0,42858969.0,2.2309881464811718e-05
100034887|F|0-39:C>G-39:C>G,100016630|F|0-66:A>T-66:A>T,2650601.0,43750313.0,0.034458916330792844
100034887|F|0-39:C>G-39:C>G,100015319|F|0-34:T>A-34:T>A,2650601.0,44449888.0,3.6997180906167134e-05
100034887|F|0-39:C>G-39:C>G,100018345|F|0-65:A>C-65:A>C,2650601.0,44788831.0,0.029655146376594454
100034887|F|0-39:C>G-39:C>G,100017310|F|0-9:T>G-9:T>G,2650601.0,44906172.0,4.2182476955046635e-05
100034887|F|0-39:C>G-39:C>G,100048863|F|0-39:A>G-39:A>G,2650601.0,44946182.0,0.030322845560219098
100034887|F|0-39:C>G-39:C>G,100033264|F|0-61:C>T-61:C>T,2650601.0,44989593.0,0.022006237199643352
100034887|F|0-39:C>G-39:C>G,100020314|F|0-31:G>A-31:G>A,2650601.0,45007549.0,0.0067179762096668426
100034887|F|0-39:C>G-39:C>G,100041823|F|0-64:C>T-64:C>T,2650601.0,45303483.0,0.04519528346345749
100034887|F|0-39:C>G-39:C>G,100015397|F|0-30:G>C-30:G>C,2650601.0,45844613.0,0.005124265928742444
100034887|F|0-39:C>G-39:C>G,100029049|F|0-10:A>G-10:A>G,2650601.0,46654939.0,0.033830776220598914
100034887|F|0-39:C>G-39:C>G,100030430|F|0-19:A>C-19:A>C,2650601.0,46846957.0,0.009173896675297685
100034887|F|0-39:C>G-39:C>G,100021654|F|0-23:G>T-23:G>T,2650601.0,46876617.0,0.05126011279756185
100034887|F|0-39:C>G-39:C>G,100034493|F|0-32:C>T-32:C>T,2650601.0,46898850.0,0.06450618222702839
100034887|F|0-39:C>G-39:C>G,100019198|F|0-35:G>T-35:G>T,2650601.0,46921983.0,0.015178068923638674
100034887|F|0-39:C>G-39:C>G,100020755|F|0-11:C>A-11:C>A,2650601.0,46921988.0,0.08386952237154531
100034887|F|0-39:C>G-39:C>G,100030713|F|0-35:T>A-35:T>A,2650601.0,46975334.0,0.006586280271557425
100034887|F|0-39:C>G-39:C>G,100035377|F|0-67:C>G-67:C>G,2650601.0,47016484.0,0.003053037428783429
100034887|F|0-39:C>G-39:C>G,100014882|F|0-19:A>G-19:A>G,2650601.0,47035718.0,0.011864052907186728
100034887|F|0-39:C>G-39:C>G,100016158|F|0-51:C>A-51:C>A,2650601.0,47150489.0,0.015590355640101755
100021820|F|0-10:T>A-10:T>A,100017012|F|0-57:A>G-57:A>G,2840684.0,3187174.0,0.05369599228335155
100021820|F|0-10:T>A-10:T>A,100033466|F|0-26:G>A-26:G>A,2840684.0,3299966.0,0.017233994305727026
100021820|F|0-10:T>A-10:T>A,100015232|F|0-9:G>T-9:G>T,2840684.0,3629001.0,0.008492779895454373
100021820|F|0-10:T>A-10:T>A,100029321|F|0-48:C>A-48:C>A,2840684.0,5675574.0,0.0038256317326084807
100021820|F|0-10:T>A-10:T>A,100029488|F|0-5:C>T-5:C>T,2840684.0,5795301.0,0.264235494089469
100021820|F|0-10:T>A-10:T>A,100017684|F|0-22:A>G-22:A>G,2840684.0,5795818.0,0.255161957377201
100021820|F|0-10:T>A-10:T>A,100034306|F|0-9:C>T-9:C>T,2840684.0,5796467.0,0.27366224878456635
100021820|F|0-10:T>A-10:T>A,100020284|F|0-15:A>T-15:A>T,2840684.0,5798894.0,0.24642218246869455
100021820|F|0-10:T>A-10:T>A,100035529|F|0-67:G>T-67:G>T,2840684.0,5824287.0,0.24642218246869455
100021820|F|0-10:T>A-10:T>A,100013385|F|0-10:G>T-10:G>T,2840684.0,5824292.0,0.283463222280871
100021820|F|0-10:T>A-10:T>A,100016127|F|0-26:G>C-26:G>C,2840684.0,6652431.0,0.015251176168922397
100021820|F|0-10:T>A-10:T>A,100019065|F|0-15:C>T-15:C>T,2840684.0,7275159.0,0.08404195358639431
100021820|F|0-10:T>A-10:T>A,100015576|F|0-58:G>T-58:G>T,2840684.0,7291045.0,0.007659553024767556
100021820|F|0-10:T>A-10:T>A,100034454|F|0-32:T>C-32:T>C,2840684.0,8149669.0,0.0007871623487819796
100021820|F|0-10:T>A-10:T>A,100032801|F|0-46:T>A-46:T>A,2840684.0,8519507.0,0.007970351264023493
100021820|F|0-10:T>A-10:T>A,100017329|F|0-16:T>C-16:T>C,2840684.0,8519512.0,0.02297220646625074
100021820|F|0-10:T>A-10:T>A,100054119|F|0-9:A>T-9:A>T,2840684.0,8526678.0,0.005383678952229025
100021820|F|0-10:T>A-10:T>A,100013622|F|0-50:C>T-50:C>T,2840684.0,8526683.0,0.0025873416955409906
100021820|F|0-10:T>A-10:T>A,100013788|F|0-18:C>T-18:C>T,2840684.0,8748310.0,0.015894261335117916
100021820|F|0-10:T>A-10:T>A,100016003|F|0-33:A>T-33:A>T,2840684.0,9540230.0,0.01677951133352959
100021820|F|0-10:T>A-10:T>A,100038699|F|0-6:A>C-6:A>C,2840684.0,9987300.0,0.005167958656330759
100021820|F|0-10:T>A-10:T>A,100052747|F|0-12:T>G-12:T>G,2840684.0,9988427.0,0.007152884743416742
100021820|F|0-10:T>A-10:T>A,100018327|F|0-50:C>T-50:C>T,2840684.0,10262280.0,0.033783020997967976
100021820|F|0-10:T>A-10:T>A,100018124|F|0-61:T>A-61:T>A,2840684.0,10817821.0,0.03775390050044159
100021820|F|0-10:T>A-10:T>A,100014259|F|0-39:T>A-39:T>A,2840684.0,10830557.0,0.029566871271721293
100021820|F|0-10:T>A-10:T>A,100017304|F|0-37:T>A-37:T>A,2840684.0,11098034.0,0.01840235670361987
100021820|F|0-10:T>A-10:T>A,100022081|F|0-44:A>C-44:A>C,2840684.0,11365474.0,0.0013057342349771844
100021820|F|0-10:T>A-10:T>A,100015798|F|0-46:G>A-46:G>A,2840684.0,11367259.0,0.018563639872623754
100021820|F|0-10:T>A-10:T>A,100013022|F|0-48:G>C-48:G>C,2840684.0,11376234.0,0.008871710398319051
100021820|F|0-10:T>A-10:T>A,100017261|F|0-49:C>T-49:C>T,2840684.0,12523186.0,0.023120605732828564
100021820|F|0-10:T>A-10:T>A,100021866|F|0-51:G>C-51:G>C,2840684.0,14537286.0,0.14650545925606057
100021820|F|0-10:T>A-10:T>A,100016572|F|0-65:A>T-65:A>T,2840684.0,15198479.0,0.04322548028311429
100021820|F|0-10:T>A-10:T>A,100036118|F|0-16:G>C-16:G>C,2840684.0,15790762.0,0.0005934100712678161
100021820|F|0-10:T>A-10:T>A,100021422|F|0-18:C>G-18:C>G,2840684.0,15863195.0,0.003187744816062658
100021820|F|0-10:T>A-10:T>A,100041283|F|0-68:T>A-68:T>A,2840684.0,16181585.0,0.035822539932136056
100021820|F|0-10:T>A-10:T>A,100053824|F|0-47:A>G-47:A>G,2840684.0,16226345.0,0.022593360654388654
100021820|F|0-10:T>A-10:T>A,100021123|F|0-50:T>C-50:T>C,2840684.0,17173866.0,0.0042514330458231575
100021820|F|0-10:T>A-10:T>A,100021768|F|0-13:C>T-13:C>T,2840684.0,17179674.0,0.00579869376793016
100021820|F|0-10:T>A-10:T>A,100040976|F|0-5:T>C-5:T>C,2840684.0,17196207.0,0.021886886375820116
100021820|F|0-10:T>A-10:T>A,100040977|F|0-30:G>T-30:G>T,2840684.0,17196207.0,0.021886886375820116
100021820|F|0-10:T>A-10:T>A,100016880|F|0-51:C>A-51:C>A,2840684.0,17507025.0,0.0008872700102736565
100021820|F|0-10:T>A-10:T>A,100021275|F|0-33:T>A-33:T>A,2840684.0,17703648.0,0.018372576512111393
100021820|F|0-10:T>A-10:T>A,100017523|F|0-41:C>T-41:C>T,2840684.0,17927516.0,0.01952884768694622
100021820|F|0-10:T>A-10:T>A,100032842|F|0-24:A>C-24:A>C,2840684.0,18176550.0,0.0004117991287197401
100021820|F|0-10:T>A-10:T>A,100032841|F|0-19:T>A-19:T>A,2840684.0,18176550.0,0.0004462235397269426
100021820|F|0-10:T>A-10:T>A,100033379|F|0-46:C>G-46:C>G,2840684.0,18202707.0,8.823092354558228e-05
100021820|F|0-10:T>A-10:T>A,100022600|F|0-31:A>T-31:A>T,2840684.0,18245914.0,0.000214183453764555
100021820|F|0-10:T>A-10:T>A,100019074|F|0-23:A>T-23:A>T,2840684.0,18451325.0,0.010869057625852276
100021820|F|0-10:T>A-10:T>A,100035266|F|0-39:C>T-39:C>T,2840684.0,18675661.0,0.0008872700102736528
100021820|F|0-10:T>A-10:T>A,100016256|F|0-31:A>C-31:A>C,2840684.0,19574145.0,0.0163601946998378
100021820|F|0-10:T>A-10:T>A,100036101|F|0-41:G>C-41:G>C,2840684.0,19902376.0,0.00024171797872882115
100021820|F|0-10:T>A-10:T>A,100044506|F|0-28:G>A-28:G>A,2840684.0,19987479.0,0.015558467081559136
100021820|F|0-10:T>A-10:T>A,100013122|F|0-67:G>A-67:G>A,2840684.0,26458664.0,0.01132975551580204
100021820|F|0-10:T>A-10:T>A,100017906|F|0-31:G>A-31:G>A,2840684.0,26571479.0,0.034080292970939466
100021820|F|0-10:T>A-10:T>A,100021519|F|0-20:C>T-20:C>T,2840684.0,26856823.0,0.04409167669231027
100021820|F|0-10:T>A-10:T>A,100038609|F|0-8:A>T-8:A>T,2840684.0,27247323.0,0.028647592396024373
100021820|F|0-10:T>A-10:T>A,100028909|F|0-9:C>T-9:C>T,2840684.0,27271569.0,0.045373557589156656
100021820|F|0-10:T>A-10:T>A,100021397|F|0-9:C>T-9:C>T,2840684.0,27420869.0,0.011416661189924054
100021820|F|0-10:T>A-10:T>A,100017892|F|0-32:A>G-32:A>G,2840684.0,27451898.0,0.0032385558597620135
100021820|F|0-10:T>A-10:T>A,100033136|F|0-68:A>G-68:A>G,2840684.0,27783976.0,0.006692351846375956
100021820|F|0-10:T>A-10:T>A,100020699|F|0-40:A>G-40:A>G,2840684.0,30507860.0,0.030017694641051553
100021820|F|0-10:T>A-10:T>A,100014559|F|0-31:C>A-31:C>A,2840684.0,30836975.0,0.004360465116279092
100021820|F|0-10:T>A-10:T>A,100017321|F|0-51:A>T-51:A>T,2840684.0,31197415.0,0.06658171392163116
100021820|F|0-10:T>A-10:T>A,100040910|F|0-51:A>G-51:A>G,2840684.0,31200593.0,0.01695555446438354
100021820|F|0-10:T>A-10:T>A,100016298|F|0-19:G>A-19:G>A,2840684.0,31539538.0,0.03731929604022626
100021820|F|0-10:T>A-10:T>A,100016431|F|0-28:C>T-28:C>T,2840684.0,32001840.0,0.016360194699837786
100021820|F|0-10:T>A-10:T>A,100020933|F|0-51:T>C-51:T>C,2840684.0,32243895.0,0.017090159852596987
100021820|F|0-10:T>A-10:T>A,100014677|F|0-27:A>C-27:A>C,2840684.0,32410962.0,0.014014231169732726
100021820|F|0-10:T>A-10:T>A,100017923|F|0-57:A>G-57:A>G,2840684.0,32459789.0,0.03241045286279972
100021820|F|0-10:T>A-10:T>A,100048091|F|0-43:A>T-43:A>T,2840684.0,32463417.0,0.04922506170379111
100021820|F|0-10:T>A-10:T>A,100020456|F|0-16:A>C-16:A>C,2840684.0,32467328.0,0.04554811638429972
100021820|F|0-10:T>A-10:T>A,100034584|F|0-9:T>C-9:T>C,2840684.0,32472994.0,0.051032363604209076
100021820|F|0-10:T>A-10:T>A,100033527|F|0-13:C>T-13:C>T,2840684.0,32475333.0,0.051032363604209076
100021820|F|0-10:T>A-10:T>A,100018446|F|0-67:T>A-67:T>A,2840684.0,33239334.0,0.27427791539405033
100021820|F|0-10:T>A-10:T>A,100013877|F|0-19:G>T-19:G>T,2840684.0,34079859.0,0.003385903947251179
100021820|F|0-10:T>A-10:T>A,100035010|F|0-32:A>C-32:A>C,2840684.0,34165746.0,0.00011664743007293179
100021820|F|0-10:T>A-10:T>A,100028703|F|0-9:T>G-9:T>G,2840684.0,34482430.0,0.018232652916158214
100021820|F|0-10:T>A-10:T>A,100014587|F|0-36:A>C-36:A>C,2840684.0,34723473.0,0.003973565333779472
100021820|F|0-10:T>A-10:T>A,100040405|F|0-35:T>A-35:T>A,2840684.0,34724344.0,0.00023910198328802343
100021820|F|0-10:T>A-10:T>A,100016549|F|0-30:A>G-30:A>G,2840684.0,34725485.0,4.345379437023701e-33
100021820|F|0-10:T>A-10:T>A,100013542|F|0-30:C>G-30:C>G,2840684.0,34725490.0,0.00047872206404797407
100021820|F|0-10:T>A-10:T>A,100021285|F|0-67:T>C-67:T>C,2840684.0,34855449.0,0.007867428339643046
100021820|F|0-10:T>A-10:T>A,100033734|F|0-65:A>G-65:A>G,2840684.0,35379386.0,0.0015544783293448732
100021820|F|0-10:T>A-10:T>A,100021520|F|0-23:T>C-23:T>C,2840684.0,36065991.0,0.3137624194781089
100021820|F|0-10:T>A-10:T>A,100019045|F|0-23:G>C-23:G>C,2840684.0,36149336.0,0.000216810826848026
100021820|F|0-10:T>A-10:T>A,100057957|F|0-57:C>A-57:C>A,2840684.0,36576268.0,0.02286289629429539
100021820|F|0-10:T>A-10:T>A,100014666|F|0-59:T>C-59:T>C,2840684.0,37090975.0,0.0016292790011662236
100021820|F|0-10:T>A-10:T>A,100038773|F|0-28:C>G-28:C>G,2840684.0,37285877.0,0.02222404939738586
100021820|F|0-10:T>A-10:T>A,100051037|F|0-43:C>T-43:C>T,2840684.0,37902767.0,0.0018663588811669686
100021820|F|0-10:T>A-10:T>A,100020809|F|0-53:C>G-53:C>G,2840684.0,39838084.0,0.00013520822065981943
100021820|F|0-10:T>A-10:T>A,100029380|F|0-39:A>C-39:A>C,2840684.0,40729560.0,0.09658152242978799
100021820|F|0-10:T>A-10:T>A,100013950|F|0-50:T>C-50:T>C,2840684.0,40800799.0,0.025412162899879943
100021820|F|0-10:T>A-10:T>A,100015799|F|0-68:C>T-68:C>T,2840684.0,40825452.0,0.09770380320711963
100021820|F|0-10:T>A-10:T>A,100043188|F|0-42:C>T-42:C>T,2840684.0,40979122.0,0.01658512403819214
100021820|F|0-10:T>A-10:T>A,100015076|F|0-33:T>C-33:T>C,2840684.0,40986668.0,0.014966909800586575
100021820|F|0-10:T>A-10:T>A,100018802|F|0-14:G>A-14:G>A,2840684.0,40988293.0,0.01658512403819214
100021820|F|0-10:T>A-10:T>A,100018271|F|0-48:A>G-48:A>G,2840684.0,41002080.0,0.014328733664565184
100021820|F|0-10:T>A-10:T>A,100017658|F|0-34:T>G-34:T>G,2840684.0,41027371.0,0.009508635393367442
100021820|F|0-10:T>A-10:T>A,100017206|F|0-15:G>C-15:G>C,2840684.0,41065538.0,0.012805623186783485
100021820|F|0-10:T>A-10:T>A,100040329|F|0-26:A>G-26:A>G,2840684.0,41159215.0,0.018971678046240503
100021820|F|0-10:T>A-10:T>A,100035489|F|0-33:C>A-33:C>A,2840684.0,41159220.0,0.0018116718097397398
100021820|F|0-10:T>A-10:T>A,100021166|F|0-38:T>C-38:T>C,2840684.0,41233248.0,0.005235313567728459
100021820|F|0-10:T>A-10:T>A,100020488|F|0-58:T>G-58:T>G,2840684.0,41740174.0,0.038570222164479626
100021820|F|0-10:T>A-10:T>A,100046856|F|0-65:C>A-65:C>A,2840684.0,41864679.0,0.011257591467930664
100021820|F|0-10:T>A-10:T>A,100021425|F|0-50:G>C-50:G>C,2840684.0,42699263.0,0.006521628584988834
100021820|F|0-10:T>A-10:T>A,100032947|F|0-10:A>C-10:A>C,2840684.0,42744717.0,0.02024103372390406
100021820|F|0-10:T>A-10:T>A,100014347|F|0-68:T>C-68:T>C,2840684.0,42858969.0,0.0001421687468199084
100021820|F|0-10:T>A-10:T>A,100016630|F|0-66:A>T-66:A>T,2840684.0,43750313.0,0.0015409257719835394
100021820|F|0-10:T>A-10:T>A,100015319|F|0-34:T>A-34:T>A,2840684.0,44449888.0,0.000745127259892542
100021820|F|0-10:T>A-10:T>A,100018345|F|0-65:A>C-65:A>C,2840684.0,44788831.0,0.02286289629429539
100021820|F|0-10:T>A-10:T>A,100017310|F|0-9:T>G-9:T>G,2840684.0,44906172.0,0.0023351124666412507
100021820|F|0-10:T>A-10:T>A,100048863|F|0-39:A>G-39:A>G,2840684.0,44946182.0,0.023377664860841522
100021820|F|0-10:T>A-10:T>A,100033264|F|0-61:C>T-61:C>T,2840684.0,44989593.0,0.011819913366716802
100021820|F|0-10:T>A-10:T>A,100020314|F|0-31:G>A-31:G>A,2840684.0,45007549.0,0.002675625653818294
100021820|F|0-10:T>A-10:T>A,100041823|F|0-64:C>T-64:C>T,2840684.0,45303483.0,0.019814370633017008
100021820|F|0-10:T>A-10:T>A,100015397|F|0-30:G>C-30:G>C,2840684.0,45844613.0,0.0015830988001777468
100021820|F|0-10:T>A-10:T>A,100029049|F|0-10:A>G-10:A>G,2840684.0,46654939.0,0.009019833083270763
100021820|F|0-10:T>A-10:T>A,100030430|F|0-19:A>C-19:A>C,2840684.0,46846957.0,0.004688174696193947
100021820|F|0-10:T>A-10:T>A,100021654|F|0-23:G>T-23:G>T,2840684.0,46876617.0,0.0025809606607259325
100021820|F|0-10:T>A-10:T>A,100034493|F|0-32:C>T-32:C>T,2840684.0,46898850.0,0.006843918143136951
100021820|F|0-10:T>A-10:T>A,100019198|F|0-35:G>T-35:G>T,2840684.0,46921983.0,0.007901707112249023
100021820|F|0-10:T>A-10:T>A,100020755|F|0-11:C>A-11:C>A,2840684.0,46921988.0,0.006267524327890491
100021820|F|0-10:T>A-10:T>A,100030713|F|0-35:T>A-35:T>A,2840684.0,46975334.0,0.003973565333779498
100021820|F|0-10:T>A-10:T>A,100035377|F|0-67:C>G-67:C>G,2840684.0,47016484.0,0.0006240967021416371
100021820|F|0-10:T>A-10:T>A,100014882|F|0-19:A>G-19:A>G,2840684.0,47035718.0,0.005753391472868214
100021820|F|0-10:T>A-10:T>A,100016158|F|0-51:C>A-51:C>A,2840684.0,47150489.0,0.007867428339643046
100017012|F|0-57:A>G-57:A>G,100033466|F|0-26:G>A-26:G>A,3187174.0,3299966.0,0.015559349638940984
100017012|F|0-57:A>G-57:A>G,100015232|F|0-9:G>T-9:G>T,3187174.0,3629001.0,0.012080260421434869
100017012|F|0-57:A>G-57:A>G,100029321|F|0-48:C>A-48:C>A,3187174.0,5675574.0,0.013127426443056145
100017012|F|0-57:A>G-57:A>G,100029488|F|0-5:C>T-5:C>T,3187174.0,5795301.0,0.0010166751529633983
100017012|F|0-57:A>G-57:A>G,100017684|F|0-22:A>G-22:A>G,3187174.0,5795818.0,0.0033229686182069187
100017012|F|0-57:A>G-57:A>G,100034306|F|0-9:C>T-9:C>T,3187174.0,5796467.0,0.0011328681973184298
100017012|F|0-57:A>G-57:A>G,100020284|F|0-15:A>T-15:A>T,3187174.0,5798894.0,0.00695531771875239
100017012|F|0-57:A>G-57:A>G,100035529|F|0-67:G>T-67:G>T,3187174.0,5824287.0,0.00695531771875239
100017012|F|0-57:A>G-57:A>G,100013385|F|0-10:G>T-10:G>T,3187174.0,5824292.0,0.0039750353362736955
100017012|F|0-57:A>G-57:A>G,100016127|F|0-26:G>C-26:G>C,3187174.0,6652431.0,5.940802449647589e-06
100017012|F|0-57:A>G-57:A>G,100019065|F|0-15:C>T-15:C>T,3187174.0,7275159.0,0.03777696672961412
100017012|F|0-57:A>G-57:A>G,100015576|F|0-58:G>T-58:G>T,3187174.0,7291045.0,0.0380498429665969
100017012|F|0-57:A>G-57:A>G,100034454|F|0-32:T>C-32:T>C,3187174.0,8149669.0,0.028979743695410943
100017012|F|0-57:A>G-57:A>G,100032801|F|0-46:T>A-46:T>A,3187174.0,8519507.0,0.019921705456518637
100017012|F|0-57:A>G-57:A>G,100017329|F|0-16:T>C-16:T>C,3187174.0,8519512.0,0.03190810170620678
100017012|F|0-57:A>G-57:A>G,100054119|F|0-9:A>T-9:A>T,3187174.0,8526678.0,0.021051052202616556
100017012|F|0-57:A>G-57:A>G,100013622|F|0-50:C>T-50:C>T,3187174.0,8526683.0,0.016586400732694045
100017012|F|0-57:A>G-57:A>G,100013788|F|0-18:C>T-18:C>T,3187174.0,8748310.0,0.0018194852312383774
100017012|F|0-57:A>G-57:A>G,100016003|F|0-33:A>T-33:A>T,3187174.0,9540230.0,0.027655651335885437
100017012|F|0-57:A>G-57:A>G,100038699|F|0-6:A>C-6:A>C,3187174.0,9987300.0,0.06170087955937713
100017012|F|0-57:A>G-57:A>G,100052747|F|0-12:T>G-12:T>G,3187174.0,9988427.0,0.06897350741557887
100017012|F|0-57:A>G-57:A>G,100018327|F|0-50:C>T-50:C>T,3187174.0,10262280.0,0.008756735748205667
100017012|F|0-57:A>G-57:A>G,100018124|F|0-61:T>A-61:T>A,3187174.0,10817821.0,0.004226345590322448
100017012|F|0-57:A>G-57:A>G,100014259|F|0-39:T>A-39:T>A,3187174.0,10830557.0,0.025907602860404017
100017012|F|0-57:A>G-57:A>G,100017304|F|0-37:T>A-37:T>A,3187174.0,11098034.0,0.03697435132542937
100017012|F|0-57:A>G-57:A>G,100022081|F|0-44:A>C-44:A>C,3187174.0,11365474.0,5.978923100287207e-06
100017012|F|0-57:A>G-57:A>G,100015798|F|0-46:G>A-46:G>A,3187174.0,11367259.0,0.005824502525936243
100017012|F|0-57:A>G-57:A>G,100013022|F|0-48:G>C-48:G>C,3187174.0,11376234.0,3.4134882436362536e-05
100017012|F|0-57:A>G-57:A>G,100017261|F|0-49:C>T-49:C>T,3187174.0,12523186.0,0.05124042770935522
100017012|F|0-57:A>G-57:A>G,100021866|F|0-51:G>C-51:G>C,3187174.0,14537286.0,0.0020544618551002363
100017012|F|0-57:A>G-57:A>G,100016572|F|0-65:A>T-65:A>T,3187174.0,15198479.0,0.03312903072837627
100017012|F|0-57:A>G-57:A>G,100036118|F|0-16:G>C-16:G>C,3187174.0,15790762.0,0.06277840325028144
100017012|F|0-57:A>G-57:A>G,100021422|F|0-18:C>G-18:C>G,3187174.0,15863195.0,0.04335555293412526
100017012|F|0-57:A>G-57:A>G,100041283|F|0-68:T>A-68:T>A,3187174.0,16181585.0,0.036724826609208734
100017012|F|0-57:A>G-57:A>G,100053824|F|0-47:A>G-47:A>G,3187174.0,16226345.0,0.020447817988967935
100017012|F|0-57:A>G-57:A>G,100021123|F|0-50:T>C-50:T>C,3187174.0,17173866.0,0.013374129098867055
100017012|F|0-57:A>G-57:A>G,100021768|F|0-13:C>T-13:C>T,3187174.0,17179674.0,0.02310693712603073
100017012|F|0-57:A>G-57:A>G,100040976|F|0-5:T>C-5:T>C,3187174.0,17196207.0,0.04287755955286013
100017012|F|0-57:A>G-57:A>G,100040977|F|0-30:G>T-30:G>T,3187174.0,17196207.0,0.04287755955286013
100017012|F|0-57:A>G-57:A>G,100016880|F|0-51:C>A-51:C>A,3187174.0,17507025.0,0.0035356397771155405
100017012|F|0-57:A>G-57:A>G,100021275|F|0-33:T>A-33:T>A,3187174.0,17703648.0,0.0017995408738959546
100017012|F|0-57:A>G-57:A>G,100017523|F|0-41:C>T-41:C>T,3187174.0,17927516.0,0.0205457769243459
100017012|F|0-57:A>G-57:A>G,100032842|F|0-24:A>C-24:A>C,3187174.0,18176550.0,0.020004516053911695
100017012|F|0-57:A>G-57:A>G,100032841|F|0-19:T>A-19:T>A,3187174.0,18176550.0,0.014878463188426288
100017012|F|0-57:A>G-57:A>G,100033379|F|0-46:C>G-46:C>G,3187174.0,18202707.0,0.016648728751246348
100017012|F|0-57:A>G-57:A>G,100022600|F|0-31:A>T-31:A>T,3187174.0,18245914.0,0.00011333681986568156
100017012|F|0-57:A>G-57:A>G,100019074|F|0-23:A>T-23:A>T,3187174.0,18451325.0,0.02408825996956972
100017012|F|0-57:A>G-57:A>G,100035266|F|0-39:C>T-39:C>T,3187174.0,18675661.0,0.02408825996956972
100017012|F|0-57:A>G-57:A>G,100016256|F|0-31:A>C-31:A>C,3187174.0,19574145.0,0.020170919057533775
100017012|F|0-57:A>G-57:A>G,100036101|F|0-41:G>C-41:G>C,3187174.0,19902376.0,0.012969789892295231
100017012|F|0-57:A>G-57:A>G,100044506|F|0-28:G>A-28:G>A,3187174.0,19987479.0,0.03067405444299584
100017012|F|0-57:A>G-57:A>G,100013122|F|0-67:G>A-67:G>A,3187174.0,26458664.0,0.019726858877086514
100017012|F|0-57:A>G-57:A>G,100017906|F|0-31:G>A-31:G>A,3187174.0,26571479.0,0.01789432246951348
100017012|F|0-57:A>G-57:A>G,100021519|F|0-20:C>T-20:C>T,3187174.0,26856823.0,0.007310038388789565
100017012|F|0-57:A>G-57:A>G,100038609|F|0-8:A>T-8:A>T,3187174.0,27247323.0,4.7223568968448546e-05
100017012|F|0-57:A>G-57:A>G,100028909|F|0-9:C>T-9:C>T,3187174.0,27271569.0,0.015176992290603895
100017012|F|0-57:A>G-57:A>G,100021397|F|0-9:C>T-9:C>T,3187174.0,27420869.0,0.005866873567626403
100017012|F|0-57:A>G-57:A>G,100017892|F|0-32:A>G-32:A>G,3187174.0,27451898.0,0.013457787923465218
100017012|F|0-57:A>G-57:A>G,100033136|F|0-68:A>G-68:A>G,3187174.0,27783976.0,0.014831746838833561
100017012|F|0-57:A>G-57:A>G,100020699|F|0-40:A>G-40:A>G,3187174.0,30507860.0,8.796815552769879e-05
100017012|F|0-57:A>G-57:A>G,100014559|F|0-31:C>A-31:C>A,3187174.0,30836975.0,0.006056630416455914
100017012|F|0-57:A>G-57:A>G,100017321|F|0-51:A>T-51:A>T,3187174.0,31197415.0,0.009685480157552856
100017012|F|0-57:A>G-57:A>G,100040910|F|0-51:A>G-51:A>G,3187174.0,31200593.0,0.0012678488996695748
100017012|F|0-57:A>G-57:A>G,100016298|F|0-19:G>A-19:G>A,3187174.0,31539538.0,0.017778780297748438
100017012|F|0-57:A>G-57:A>G,100016431|F|0-28:C>T-28:C>T,3187174.0,32001840.0,0.07241415816776663
100017012|F|0-57:A>G-57:A>G,100020933|F|0-51:T>C-51:T>C,3187174.0,32243895.0,0.07793919420227698
100017012|F|0-57:A>G-57:A>G,100014677|F|0-27:A>C-27:A>C,3187174.0,32410962.0,0.13028581985191395
100017012|F|0-57:A>G-57:A>G,100017923|F|0-57:A>G-57:A>G,3187174.0,32459789.0,0.005420348427324659
100017012|F|0-57:A>G-57:A>G,100048091|F|0-43:A>T-43:A>T,3187174.0,32463417.0,0.0009366115069508977
100017012|F|0-57:A>G-57:A>G,100020456|F|0-16:A>C-16:A>C,3187174.0,32467328.0,0.003064726824545619
100017012|F|0-57:A>G-57:A>G,100034584|F|0-9:T>C-9:T>C,3187174.0,32472994.0,0.003433737025219684
100017012|F|0-57:A>G-57:A>G,100033527|F|0-13:C>T-13:C>T,3187174.0,32475333.0,0.003433737025219684
100017012|F|0-57:A>G-57:A>G,100018446|F|0-67:T>A-67:T>A,3187174.0,33239334.0,0.013058131281191826
100017012|F|0-57:A>G-57:A>G,100013877|F|0-19:G>T-19:G>T,3187174.0,34079859.0,0.000417214150469867
100017012|F|0-57:A>G-57:A>G,100035010|F|0-32:A>C-32:A>C,3187174.0,34165746.0,0.02423274200293877
100017012|F|0-57:A>G-57:A>G,100028703|F|0-9:T>G-9:T>G,3187174.0,34482430.0,0.0036489419459803897
100017012|F|0-57:A>G-57:A>G,100014587|F|0-36:A>C-36:A>C,3187174.0,34723473.0,0.0014737830373030818
100017012|F|0-57:A>G-57:A>G,100040405|F|0-35:T>A-35:T>A,3187174.0,34724344.0,0.0002301904805698416
100017012|F|0-57:A>G-57:A>G,100016549|F|0-30:A>G-30:A>G,3187174.0,34725485.0,5.2689259821280325e-06
100017012|F|0-57:A>G-57:A>G,100013542|F|0-30:C>G-30:C>G,3187174.0,34725490.0,0.007437782603954136
100017012|F|0-57:A>G-57:A>G,100021285|F|0-67:T>C-67:T>C,3187174.0,34855449.0,0.0174359788733223
100017012|F|0-57:A>G-57:A>G,100033734|F|0-65:A>G-65:A>G,3187174.0,35379386.0,0.006194366258587718
100017012|F|0-57:A>G-57:A>G,100021520|F|0-23:T>C-23:T>C,3187174.0,36065991.0,0.0071271500186416295
100017012|F|0-57:A>G-57:A>G,100019045|F|0-23:G>C-23:G>C,3187174.0,36149336.0,0.0305775992113427
100017012|F|0-57:A>G-57:A>G,100057957|F|0-57:C>A-57:C>A,3187174.0,36576268.0,0.0027689068426289738
100017012|F|0-57:A>G-57:A>G,100014666|F|0-59:T>C-59:T>C,3187174.0,37090975.0,0.015786261774417616
100017012|F|0-57:A>G-57:A>G,100038773|F|0-28:C>G-28:C>G,3187174.0,37285877.0,0.00016822103829070798
100017012|F|0-57:A>G-57:A>G,100051037|F|0-43:C>T-43:C>T,3187174.0,37902767.0,0.03624589324219016
100017012|F|0-57:A>G-57:A>G,100020809|F|0-53:C>G-53:C>G,3187174.0,39838084.0,0.0008940019526884718
100017012|F|0-57:A>G-57:A>G,100029380|F|0-39:A>C-39:A>C,3187174.0,40729560.0,0.0027640267447227858
100017012|F|0-57:A>G-57:A>G,100013950|F|0-50:T>C-50:T>C,3187174.0,40800799.0,0.03195432924642779
100017012|F|0-57:A>G-57:A>G,100015799|F|0-68:C>T-68:C>T,3187174.0,40825452.0,0.001919639025690751
100017012|F|0-57:A>G-57:A>G,100043188|F|0-42:C>T-42:C>T,3187174.0,40979122.0,0.030124525181383838
100017012|F|0-57:A>G-57:A>G,100015076|F|0-33:T>C-33:T>C,3187174.0,40986668.0,0.02338092944625024
100017012|F|0-57:A>G-57:A>G,100018802|F|0-14:G>A-14:G>A,3187174.0,40988293.0,0.016274330425472154
100017012|F|0-57:A>G-57:A>G,100018271|F|0-48:A>G-48:A>G,3187174.0,41002080.0,0.022383986763398526
100017012|F|0-57:A>G-57:A>G,100017658|F|0-34:T>G-34:T>G,3187174.0,41027371.0,0.02107326036863547
100017012|F|0-57:A>G-57:A>G,100017206|F|0-15:G>C-15:G>C,3187174.0,41065538.0,0.04181987765033952
100017012|F|0-57:A>G-57:A>G,100040329|F|0-26:A>G-26:A>G,3187174.0,41159215.0,0.046715466507638435
100017012|F|0-57:A>G-57:A>G,100035489|F|0-33:C>A-33:C>A,3187174.0,41159220.0,0.004652911038541508
100017012|F|0-57:A>G-57:A>G,100021166|F|0-38:T>C-38:T>C,3187174.0,41233248.0,0.01134042675603565
100017012|F|0-57:A>G-57:A>G,100020488|F|0-58:T>G-58:T>G,3187174.0,41740174.0,0.006358033587372104
100017012|F|0-57:A>G-57:A>G,100046856|F|0-65:C>A-65:C>A,3187174.0,41864679.0,5.8193106070125776e-05
100017012|F|0-57:A>G-57:A>G,100021425|F|0-50:G>C-50:G>C,3187174.0,42699263.0,0.05379797702735976
100017012|F|0-57:A>G-57:A>G,100032947|F|0-10:A>C-10:A>C,3187174.0,42744717.0,0.0029207165976504884
100017012|F|0-57:A>G-57:A>G,100014347|F|0-68:T>C-68:T>C,3187174.0,42858969.0,0.0006666106817851824
100017012|F|0-57:A>G-57:A>G,100016630|F|0-66:A>T-66:A>T,3187174.0,43750313.0,0.0033378623128488545
100017012|F|0-57:A>G-57:A>G,100015319|F|0-34:T>A-34:T>A,3187174.0,44449888.0,0.0011054615429888913
100017012|F|0-57:A>G-57:A>G,100018345|F|0-65:A>C-65:A>C,3187174.0,44788831.0,0.01002500241691808
100017012|F|0-57:A>G-57:A>G,100017310|F|0-9:T>G-9:T>G,3187174.0,44906172.0,0.010417962304203257
100017012|F|0-57:A>G-57:A>G,100048863|F|0-39:A>G-39:A>G,3187174.0,44946182.0,0.011168254668642104
100017012|F|0-57:A>G-57:A>G,100033264|F|0-61:C>T-61:C>T,3187174.0,44989593.0,0.005352337883012643
100017012|F|0-57:A>G-57:A>G,100020314|F|0-31:G>A-31:G>A,3187174.0,45007549.0,0.0025759031631933348
100017012|F|0-57:A>G-57:A>G,100041823|F|0-64:C>T-64:C>T,3187174.0,45303483.0,0.010978268019443328
100017012|F|0-57:A>G-57:A>G,100015397|F|0-30:G>C-30:G>C,3187174.0,45844613.0,0.0012250756309018643
100017012|F|0-57:A>G-57:A>G,100029049|F|0-10:A>G-10:A>G,3187174.0,46654939.0,0.02184853639434138
100017012|F|0-57:A>G-57:A>G,100030430|F|0-19:A>C-19:A>C,3187174.0,46846957.0,7.547002733020935e-07
100017012|F|0-57:A>G-57:A>G,100021654|F|0-23:G>T-23:G>T,3187174.0,46876617.0,0.00472726069424551
100017012|F|0-57:A>G-57:A>G,100034493|F|0-32:C>T-32:C>T,3187174.0,46898850.0,0.005501799248962302
100017012|F|0-57:A>G-57:A>G,100019198|F|0-35:G>T-35:G>T,3187174.0,46921983.0,0.0009438661836678821
100017012|F|0-57:A>G-57:A>G,100020755|F|0-11:C>A-11:C>A,3187174.0,46921988.0,0.005038438496611758
100017012|F|0-57:A>G-57:A>G,100030713|F|0-35:T>A-35:T>A,3187174.0,46975334.0,0.02696931984003086
100017012|F|0-57:A>G-57:A>G,100035377|F|0-67:C>G-67:C>G,3187174.0,47016484.0,0.013149413484195696
100017012|F|0-57:A>G-57:A>G,100014882|F|0-19:A>G-19:A>G,3187174.0,47035718.0,0.0014818854324734508
100017012|F|0-57:A>G-57:A>G,100016158|F|0-51:C>A-51:C>A,3187174.0,47150489.0,0.0009528178706285058
100033466|F|0-26:G>A-26:G>A,100015232|F|0-9:G>T-9:G>T,3299966.0,3629001.0,0.05630794913635577
100033466|F|0-26:G>A-26:G>A,100029321|F|0-48:C>A-48:C>A,3299966.0,5675574.0,0.002326898453659021
100033466|F|0-26:G>A-26:G>A,100029488|F|0-5:C>T-5:C>T,3299966.0,5795301.0,0.0071988280307966005
100033466|F|0-26:G>A-26:G>A,100017684|F|0-22:A>G-22:A>G,3299966.0,5795818.0,0.005630819268117519
100033466|F|0-26:G>A-26:G>A,100034306|F|0-9:C>T-9:C>T,3299966.0,5796467.0,0.0029545293887673035
100033466|F|0-26:G>A-26:G>A,100020284|F|0-15:A>T-15:A>T,3299966.0,5798894.0,0.004259694054964334
100033466|F|0-26:G>A-26:G>A,100035529|F|0-67:G>T-67:G>T,3299966.0,5824287.0,0.004259694054964334
100033466|F|0-26:G>A-26:G>A,100013385|F|0-10:G>T-10:G>T,3299966.0,5824292.0,0.004122687237732656
100033466|F|0-26:G>A-26:G>A,100016127|F|0-26:G>C-26:G>C,3299966.0,6652431.0,3.1422401211606125e-05
100033466|F|0-26:G>A-26:G>A,100019065|F|0-15:C>T-15:C>T,3299966.0,7275159.0,0.06103762071496802
100033466|F|0-26:G>A-26:G>A,100015576|F|0-58:G>T-58:G>T,3299966.0,7291045.0,0.017470939479698404
100033466|F|0-26:G>A-26:G>A,100034454|F|0-32:T>C-32:T>C,3299966.0,8149669.0,0.1951783788791583
100033466|F|0-26:G>A-26:G>A,100032801|F|0-46:T>A-46:T>A,3299966.0,8519507.0,7.914096200523632e-06
100033466|F|0-26:G>A-26:G>A,100017329|F|0-16:T>C-16:T>C,3299966.0,8519512.0,6.275929498189801e-05
100033466|F|0-26:G>A-26:G>A,100054119|F|0-9:A>T-9:A>T,3299966.0,8526678.0,0.0035696917783662034
100033466|F|0-26:G>A-26:G>A,100013622|F|0-50:C>T-50:C>T,3299966.0,8526683.0,0.0026229143037998738
100033466|F|0-26:G>A-26:G>A,100013788|F|0-18:C>T-18:C>T,3299966.0,8748310.0,0.06711965205733567
100033466|F|0-26:G>A-26:G>A,100016003|F|0-33:A>T-33:A>T,3299966.0,9540230.0,0.0006045686648289589
100033466|F|0-26:G>A-26:G>A,100038699|F|0-6:A>C-6:A>C,3299966.0,9987300.0,0.01400926929095942
100033466|F|0-26:G>A-26:G>A,100052747|F|0-12:T>G-12:T>G,3299966.0,9988427.0,0.010783978410867907
100033466|F|0-26:G>A-26:G>A,100018327|F|0-50:C>T-50:C>T,3299966.0,10262280.0,0.01612531800211279
100033466|F|0-26:G>A-26:G>A,100018124|F|0-61:T>A-61:T>A,3299966.0,10817821.0,0.01591307011167952
100033466|F|0-26:G>A-26:G>A,100014259|F|0-39:T>A-39:T>A,3299966.0,10830557.0,0.0014409987232517154
100033466|F|0-26:G>A-26:G>A,100017304|F|0-37:T>A-37:T>A,3299966.0,11098034.0,0.0003379761726798257
100033466|F|0-26:G>A-26:G>A,100022081|F|0-44:A>C-44:A>C,3299966.0,11365474.0,0.005919770303947711
100033466|F|0-26:G>A-26:G>A,100015798|F|0-46:G>A-46:G>A,3299966.0,11367259.0,0.007048996821657689
100033466|F|0-26:G>A-26:G>A,100013022|F|0-48:G>C-48:G>C,3299966.0,11376234.0,0.004314509477388588
100033466|F|0-26:G>A-26:G>A,100017261|F|0-49:C>T-49:C>T,3299966.0,12523186.0,0.01574743631736747
100033466|F|0-26:G>A-26:G>A,100021866|F|0-51:G>C-51:G>C,3299966.0,14537286.0,0.03379951202830122
100033466|F|0-26:G>A-26:G>A,100016572|F|0-65:A>T-65:A>T,3299966.0,15198479.0,0.0034535967897687133
100033466|F|0-26:G>A-26:G>A,100036118|F|0-16:G>C-16:G>C,3299966.0,15790762.0,0.014631116510633247
100033466|F|0-26:G>A-26:G>A,100021422|F|0-18:C>G-18:C>G,3299966.0,15863195.0,0.0005552705560170857
100033466|F|0-26:G>A-26:G>A,100041283|F|0-68:T>A-68:T>A,3299966.0,16181585.0,0.0009543815039153563
100033466|F|0-26:G>A-26:G>A,100053824|F|0-47:A>G-47:A>G,3299966.0,16226345.0,0.009790683783686385
100033466|F|0-26:G>A-26:G>A,100021123|F|0-50:T>C-50:T>C,3299966.0,17173866.0,0.013723283897020355
100033466|F|0-26:G>A-26:G>A,100021768|F|0-13:C>T-13:C>T,3299966.0,17179674.0,0.053776627054879254
100033466|F|0-26:G>A-26:G>A,100040976|F|0-5:T>C-5:T>C,3299966.0,17196207.0,0.01852419507333626
100033466|F|0-26:G>A-26:G>A,100040977|F|0-30:G>T-30:G>T,3299966.0,17196207.0,0.018524195073336247
100033466|F|0-26:G>A-26:G>A,100016880|F|0-51:C>A-51:C>A,3299966.0,17507025.0,0.005882685672266531
100033466|F|0-26:G>A-26:G>A,100021275|F|0-33:T>A-33:T>A,3299966.0,17703648.0,0.007038874861193344
100033466|F|0-26:G>A-26:G>A,100017523|F|0-41:C>T-41:C>T,3299966.0,17927516.0,0.021542329392614218
100033466|F|0-26:G>A-26:G>A,100032842|F|0-24:A>C-24:A>C,3299966.0,18176550.0,0.05599901653811304
100033466|F|0-26:G>A-26:G>A,100032841|F|0-19:T>A-19:T>A,3299966.0,18176550.0,0.04391087236024904
100033466|F|0-26:G>A-26:G>A,100033379|F|0-46:C>G-46:C>G,3299966.0,18202707.0,0.043420018760881786
100033466|F|0-26:G>A-26:G>A,100022600|F|0-31:A>T-31:A>T,3299966.0,18245914.0,0.0002207022664717917
100033466|F|0-26:G>A-26:G>A,100019074|F|0-23:A>T-23:A>T,3299966.0,18451325.0,0.004022590905333133
100033466|F|0-26:G>A-26:G>A,100035266|F|0-39:C>T-39:C>T,3299966.0,18675661.0,0.005882685672266531
100033466|F|0-26:G>A-26:G>A,100016256|F|0-31:A>C-31:A>C,3299966.0,19574145.0,0.00047872206404797016
100033466|F|0-26:G>A-26:G>A,100036101|F|0-41:G>C-41:G>C,3299966.0,19902376.0,0.02478613051817041
100033466|F|0-26:G>A-26:G>A,100044506|F|0-28:G>A-28:G>A,3299966.0,19987479.0,0.020180672333023054
100033466|F|0-26:G>A-26:G>A,100013122|F|0-67:G>A-67:G>A,3299966.0,26458664.0,0.01877934272300467
100033466|F|0-26:G>A-26:G>A,100017906|F|0-31:G>A-31:G>A,3299966.0,26571479.0,0.020184205227243325
100033466|F|0-26:G>A-26:G>A,100021519|F|0-20:C>T-20:C>T,3299966.0,26856823.0,8.227232035196147e-06
100033466|F|0-26:G>A-26:G>A,100038609|F|0-8:A>T-8:A>T,3299966.0,27247323.0,0.033997473510067766
100033466|F|0-26:G>A-26:G>A,100028909|F|0-9:C>T-9:C>T,3299966.0,27271569.0,0.06127677540450207
100033466|F|0-26:G>A-26:G>A,100021397|F|0-9:C>T-9:C>T,3299966.0,27420869.0,0.0172342867490337
100033466|F|0-26:G>A-26:G>A,100017892|F|0-32:A>G-32:A>G,3299966.0,27451898.0,0.05669933480866886
100033466|F|0-26:G>A-26:G>A,100033136|F|0-68:A>G-68:A>G,3299966.0,27783976.0,0.007468086813267833
100033466|F|0-26:G>A-26:G>A,100020699|F|0-40:A>G-40:A>G,3299966.0,30507860.0,0.009232653445758155
100033466|F|0-26:G>A-26:G>A,100014559|F|0-31:C>A-31:C>A,3299966.0,30836975.0,0.0004288551823763093
100033466|F|0-26:G>A-26:G>A,100017321|F|0-51:A>T-51:A>T,3299966.0,31197415.0,0.00032415009262395147
100033466|F|0-26:G>A-26:G>A,100040910|F|0-51:A>G-51:A>G,3299966.0,31200593.0,0.002347872419610307
100033466|F|0-26:G>A-26:G>A,100016298|F|0-19:G>A-19:G>A,3299966.0,31539538.0,0.015464408070041897
100033466|F|0-26:G>A-26:G>A,100016431|F|0-28:C>T-28:C>T,3299966.0,32001840.0,0.020226007206026863
100033466|F|0-26:G>A-26:G>A,100020933|F|0-51:T>C-51:T>C,3299966.0,32243895.0,0.00037713929765382137
100033466|F|0-26:G>A-26:G>A,100014677|F|0-27:A>C-27:A>C,3299966.0,32410962.0,0.0023638657772256486
100033466|F|0-26:G>A-26:G>A,100017923|F|0-57:A>G-57:A>G,3299966.0,32459789.0,0.001059988498764246
100033466|F|0-26:G>A-26:G>A,100048091|F|0-43:A>T-43:A>T,3299966.0,32463417.0,0.00024443093835055293
100033466|F|0-26:G>A-26:G>A,100020456|F|0-16:A>C-16:A>C,3299966.0,32467328.0,3.0027012054925308e-05
100033466|F|0-26:G>A-26:G>A,100034584|F|0-9:T>C-9:T>C,3299966.0,32472994.0,3.364243175735586e-05
100033466|F|0-26:G>A-26:G>A,100033527|F|0-13:C>T-13:C>T,3299966.0,32475333.0,3.364243175735586e-05
100033466|F|0-26:G>A-26:G>A,100018446|F|0-67:T>A-67:T>A,3299966.0,33239334.0,0.002120070674624464
100033466|F|0-26:G>A-26:G>A,100013877|F|0-19:G>T-19:G>T,3299966.0,34079859.0,0.01421228149919254
100033466|F|0-26:G>A-26:G>A,100035010|F|0-32:A>C-32:A>C,3299966.0,34165746.0,0.003652121485308577
100033466|F|0-26:G>A-26:G>A,100028703|F|0-9:T>G-9:T>G,3299966.0,34482430.0,4.967301358998842e-06
100033466|F|0-26:G>A-26:G>A,100014587|F|0-36:A>C-36:A>C,3299966.0,34723473.0,0.00047740788950638034
100033466|F|0-26:G>A-26:G>A,100040405|F|0-35:T>A-35:T>A,3299966.0,34724344.0,0.0006003386285076396
100033466|F|0-26:G>A-26:G>A,100016549|F|0-30:A>G-30:A>G,3299966.0,34725485.0,0.0016251354279523313
100033466|F|0-26:G>A-26:G>A,100013542|F|0-30:C>G-30:C>G,3299966.0,34725490.0,0.0008557051115761976
100033466|F|0-26:G>A-26:G>A,100021285|F|0-67:T>C-67:T>C,3299966.0,34855449.0,0.004258106780216172
100033466|F|0-26:G>A-26:G>A,100033734|F|0-65:A>G-65:A>G,3299966.0,35379386.0,0.0030418285370160205
100033466|F|0-26:G>A-26:G>A,100021520|F|0-23:T>C-23:T>C,3299966.0,36065991.0,6.358119827669488e-06
100033466|F|0-26:G>A-26:G>A,100019045|F|0-23:G>C-23:G>C,3299966.0,36149336.0,0.006491105613069977
100033466|F|0-26:G>A-26:G>A,100057957|F|0-57:C>A-57:C>A,3299966.0,36576268.0,0.00846145837742725
100033466|F|0-26:G>A-26:G>A,100014666|F|0-59:T>C-59:T>C,3299966.0,37090975.0,0.005177422602326007
100033466|F|0-26:G>A-26:G>A,100038773|F|0-28:C>G-28:C>G,3299966.0,37285877.0,3.5710472831373896e-05
100033466|F|0-26:G>A-26:G>A,100051037|F|0-43:C>T-43:C>T,3299966.0,37902767.0,0.0016957810546162186
100033466|F|0-26:G>A-26:G>A,100020809|F|0-53:C>G-53:C>G,3299966.0,39838084.0,0.007659553024767559
100033466|F|0-26:G>A-26:G>A,100029380|F|0-39:A>C-39:A>C,3299966.0,40729560.0,9.250543191896148e-05
100033466|F|0-26:G>A-26:G>A,100013950|F|0-50:T>C-50:T>C,3299966.0,40800799.0,0.03296176481060433
100033466|F|0-26:G>A-26:G>A,100015799|F|0-68:C>T-68:C>T,3299966.0,40825452.0,0.09446221902366721
100033466|F|0-26:G>A-26:G>A,100043188|F|0-42:C>T-42:C>T,3299966.0,40979122.0,0.00021098645770681375
100033466|F|0-26:G>A-26:G>A,100015076|F|0-33:T>C-33:T>C,3299966.0,40986668.0,0.0005201246064145001
100033466|F|0-26:G>A-26:G>A,100018802|F|0-14:G>A-14:G>A,3299966.0,40988293.0,0.00021098645770681375
100033466|F|0-26:G>A-26:G>A,100018271|F|0-48:A>G-48:A>G,3299966.0,41002080.0,0.0030733878481495245
100033466|F|0-26:G>A-26:G>A,100017658|F|0-34:T>G-34:T>G,3299966.0,41027371.0,0.010920952898907618
100033466|F|0-26:G>A-26:G>A,100017206|F|0-15:G>C-15:G>C,3299966.0,41065538.0,9.137176727556823e-05
100033466|F|0-26:G>A-26:G>A,100040329|F|0-26:A>G-26:A>G,3299966.0,41159215.0,0.0023792260280180505
100033466|F|0-26:G>A-26:G>A,100035489|F|0-33:C>A-33:C>A,3299966.0,41159220.0,0.023019068467317723
100033466|F|0-26:G>A-26:G>A,100021166|F|0-38:T>C-38:T>C,3299966.0,41233248.0,0.01079572586815093
100033466|F|0-26:G>A-26:G>A,100020488|F|0-58:T>G-58:T>G,3299966.0,41740174.0,1.5131614785402604e-05
100033466|F|0-26:G>A-26:G>A,100046856|F|0-65:C>A-65:C>A,3299966.0,41864679.0,0.017948947974963953
100033466|F|0-26:G>A-26:G>A,100021425|F|0-50:G>C-50:G>C,3299966.0,42699263.0,0.00045484839966012665
100033466|F|0-26:G>A-26:G>A,100032947|F|0-10:A>C-10:A>C,3299966.0,42744717.0,0.002175809381173912
100033466|F|0-26:G>A-26:G>A,100014347|F|0-68:T>C-68:T>C,3299966.0,42858969.0,0.002638492075111776
100033466|F|0-26:G>A-26:G>A,100016630|F|0-66:A>T-66:A>T,3299966.0,43750313.0,0.00870517181285013
100033466|F|0-26:G>A-26:G>A,100015319|F|0-34:T>A-34:T>A,3299966.0,44449888.0,0.00337816234545683
100033466|F|0-26:G>A-26:G>A,100018345|F|0-65:A>C-65:A>C,3299966.0,44788831.0,0.01473805059256526
100033466|F|0-26:G>A-26:G>A,100017310|F|0-9:T>G-9:T>G,3299966.0,44906172.0,0.0034167806333587924
100033466|F|0-26:G>A-26:G>A,100048863|F|0-39:A>G-39:A>G,3299966.0,44946182.0,0.015202951309772285
100033466|F|0-26:G>A-26:G>A,100033264|F|0-61:C>T-61:C>T,3299966.0,44989593.0,0.0012036449977172277
100033466|F|0-26:G>A-26:G>A,100020314|F|0-31:G>A-31:G>A,3299966.0,45007549.0,0.0004981981320984199
100033466|F|0-26:G>A-26:G>A,100041823|F|0-64:C>T-64:C>T,3299966.0,45303483.0,0.021425552278833398
100033466|F|0-26:G>A-26:G>A,100015397|F|0-30:G>C-30:G>C,3299966.0,45844613.0,0.005124265928742474
100033466|F|0-26:G>A-26:G>A,100029049|F|0-10:A>G-10:A>G,3299966.0,46654939.0,0.0012256775766260098
100033466|F|0-26:G>A-26:G>A,100030430|F|0-19:A>C-19:A>C,3299966.0,46846957.0,0.01850746901322241
100033466|F|0-26:G>A-26:G>A,100021654|F|0-23:G>T-23:G>T,3299966.0,46876617.0,0.13675058980771812
100033466|F|0-26:G>A-26:G>A,100034493|F|0-32:C>T-32:C>T,3299966.0,46898850.0,0.0915825955809322
100033466|F|0-26:G>A-26:G>A,100019198|F|0-35:G>T-35:G>T,3299966.0,46921983.0,0.1332991725236771
100033466|F|0-26:G>A-26:G>A,100020755|F|0-11:C>A-11:C>A,3299966.0,46921988.0,0.1464641298417896
100033466|F|0-26:G>A-26:G>A,100030713|F|0-35:T>A-35:T>A,3299966.0,46975334.0,0.009363040445216944
100033466|F|0-26:G>A-26:G>A,100035377|F|0-67:C>G-67:C>G,3299966.0,47016484.0,0.017848945039205286
100033466|F|0-26:G>A-26:G>A,100014882|F|0-19:A>G-19:A>G,3299966.0,47035718.0,0.011864052907186728
100033466|F|0-26:G>A-26:G>A,100016158|F|0-51:C>A-51:C>A,3299966.0,47150489.0,0.015590355640101779
100015232|F|0-9:G>T-9:G>T,100029321|F|0-48:C>A-48:C>A,3629001.0,5675574.0,0.018492741463910722
100015232|F|0-9:G>T-9:G>T,100029488|F|0-5:C>T-5:C>T,3629001.0,5795301.0,0.029834702974424122
100015232|F|0-9:G>T-9:G>T,100017684|F|0-22:A>G-22:A>G,3629001.0,5795818.0,0.02747890162689789
100015232|F|0-9:G>T-9:G>T,100034306|F|0-9:C>T-9:C>T,3629001.0,5796467.0,0.022932939387454863
100015232|F|0-9:G>T-9:G>T,100020284|F|0-15:A>T-15:A>T,3629001.0,5798894.0,0.03501887424393268
100015232|F|0-9:G>T-9:G>T,100035529|F|0-67:G>T-67:G>T,3629001.0,5824287.0,0.03501887424393268
100015232|F|0-9:G>T-9:G>T,100013385|F|0-10:G>T-10:G>T,3629001.0,5824292.0,0.034917173779312013
100015232|F|0-9:G>T-9:G>T,100016127|F|0-26:G>C-26:G>C,3629001.0,6652431.0,0.0014379032105322656
100015232|F|0-9:G>T-9:G>T,100019065|F|0-15:C>T-15:C>T,3629001.0,7275159.0,0.02197503821427785
100015232|F|0-9:G>T-9:G>T,100015576|F|0-58:G>T-58:G>T,3629001.0,7291045.0,0.03850347557437934
100015232|F|0-9:G>T-9:G>T,100034454|F|0-32:T>C-32:T>C,3629001.0,8149669.0,0.04617445729390317
100015232|F|0-9:G>T-9:G>T,100032801|F|0-46:T>A-46:T>A,3629001.0,8519507.0,0.017432548206459
100015232|F|0-9:G>T-9:G>T,100017329|F|0-16:T>C-16:T>C,3629001.0,8519512.0,0.007917388303621436
100015232|F|0-9:G>T-9:G>T,100054119|F|0-9:A>T-9:A>T,3629001.0,8526678.0,0.004322621225175285
100015232|F|0-9:G>T-9:G>T,100013622|F|0-50:C>T-50:C>T,3629001.0,8526683.0,0.002307297378318261
100015232|F|0-9:G>T-9:G>T,100013788|F|0-18:C>T-18:C>T,3629001.0,8748310.0,0.00461403434646835
100015232|F|0-9:G>T-9:G>T,100016003|F|0-33:A>T-33:A>T,3629001.0,9540230.0,0.03371347314929334
100015232|F|0-9:G>T-9:G>T,100038699|F|0-6:A>C-6:A>C,3629001.0,9987300.0,0.0012680192205018685
100015232|F|0-9:G>T-9:G>T,100052747|F|0-12:T>G-12:T>G,3629001.0,9988427.0,1.4341067030486822e-05
100015232|F|0-9:G>T-9:G>T,100018327|F|0-50:C>T-50:C>T,3629001.0,10262280.0,0.12198902129909465
100015232|F|0-9:G>T-9:G>T,100018124|F|0-61:T>A-61:T>A,3629001.0,10817821.0,0.05960888676629348
100015232|F|0-9:G>T-9:G>T,100014259|F|0-39:T>A-39:T>A,3629001.0,10830557.0,0.04662277929171541
100015232|F|0-9:G>T-9:G>T,100017304|F|0-37:T>A-37:T>A,3629001.0,11098034.0,0.023145377527445922
100015232|F|0-9:G>T-9:G>T,100022081|F|0-44:A>C-44:A>C,3629001.0,11365474.0,3.944317595190557e-05
100015232|F|0-9:G>T-9:G>T,100015798|F|0-46:G>A-46:G>A,3629001.0,11367259.0,8.003004034178658e-05
100015232|F|0-9:G>T-9:G>T,100013022|F|0-48:G>C-48:G>C,3629001.0,11376234.0,0.0021261570996421154
100015232|F|0-9:G>T-9:G>T,100017261|F|0-49:C>T-49:C>T,3629001.0,12523186.0,0.10395274339140044
100015232|F|0-9:G>T-9:G>T,100021866|F|0-51:G>C-51:G>C,3629001.0,14537286.0,0.022205825913689033
100015232|F|0-9:G>T-9:G>T,100016572|F|0-65:A>T-65:A>T,3629001.0,15198479.0,0.004880568258316125
100015232|F|0-9:G>T-9:G>T,100036118|F|0-16:G>C-16:G>C,3629001.0,15790762.0,0.0076726667047000655
100015232|F|0-9:G>T-9:G>T,100021422|F|0-18:C>G-18:C>G,3629001.0,15863195.0,0.022415429225803193
100015232|F|0-9:G>T-9:G>T,100041283|F|0-68:T>A-68:T>A,3629001.0,16181585.0,0.0020102106541164703
100015232|F|0-9:G>T-9:G>T,100053824|F|0-47:A>G-47:A>G,3629001.0,16226345.0,0.02466617848375381
100015232|F|0-9:G>T-9:G>T,100021123|F|0-50:T>C-50:T>C,3629001.0,17173866.0,0.00115490440632172
100015232|F|0-9:G>T-9:G>T,100021768|F|0-13:C>T-13:C>T,3629001.0,17179674.0,0.00017516497036909498
100015232|F|0-9:G>T-9:G>T,100040976|F|0-5:T>C-5:T>C,3629001.0,17196207.0,0.00033874405659487216
100015232|F|0-9:G>T-9:G>T,100040977|F|0-30:G>T-30:G>T,3629001.0,17196207.0,0.0003387440565948727
100015232|F|0-9:G>T-9:G>T,100016880|F|0-51:C>A-51:C>A,3629001.0,17507025.0,2.1709904219118975e-05
100015232|F|0-9:G>T-9:G>T,100021275|F|0-33:T>A-33:T>A,3629001.0,17703648.0,0.0034687034153131277
100015232|F|0-9:G>T-9:G>T,100017523|F|0-41:C>T-41:C>T,3629001.0,17927516.0,0.004486927747416381
100015232|F|0-9:G>T-9:G>T,100032842|F|0-24:A>C-24:A>C,3629001.0,18176550.0,1.990318097614185e-06
100015232|F|0-9:G>T-9:G>T,100032841|F|0-19:T>A-19:T>A,3629001.0,18176550.0,5.757188277909372e-05
100015232|F|0-9:G>T-9:G>T,100033379|F|0-46:C>G-46:C>G,3629001.0,18202707.0,0.0004929645935430206
100015232|F|0-9:G>T-9:G>T,100022600|F|0-31:A>T-31:A>T,3629001.0,18245914.0,0.0014364004752589218
100015232|F|0-9:G>T-9:G>T,100019074|F|0-23:A>T-23:A>T,3629001.0,18451325.0,0.0019823018716617694
100015232|F|0-9:G>T-9:G>T,100035266|F|0-39:C>T-39:C>T,3629001.0,18675661.0,0.008780718174352517
100015232|F|0-9:G>T-9:G>T,100016256|F|0-31:A>C-31:A>C,3629001.0,19574145.0,0.042994698220737725
100015232|F|0-9:G>T-9:G>T,100036101|F|0-41:G>C-41:G>C,3629001.0,19902376.0,0.0018926826105394978
100015232|F|0-9:G>T-9:G>T,100044506|F|0-28:G>A-28:G>A,3629001.0,19987479.0,0.011284337095718976
100015232|F|0-9:G>T-9:G>T,100013122|F|0-67:G>A-67:G>A,3629001.0,26458664.0,0.006328117513381786
100015232|F|0-9:G>T-9:G>T,100017906|F|0-31:G>A-31:G>A,3629001.0,26571479.0,0.07912056738399906
100015232|F|0-9:G>T-9:G>T,100021519|F|0-20:C>T-20:C>T,3629001.0,26856823.0,0.03582394231112774
100015232|F|0-9:G>T-9:G>T,100038609|F|0-8:A>T-8:A>T,3629001.0,27247323.0,0.005152106922349258
100015232|F|0-9:G>T-9:G>T,100028909|F|0-9:C>T-9:C>T,3629001.0,27271569.0,0.05947865984179092
100015232|F|0-9:G>T-9:G>T,100021397|F|0-9:C>T-9:C>T,3629001.0,27420869.0,0.022626961424712325
100015232|F|0-9:G>T-9:G>T,100017892|F|0-32:A>G-32:A>G,3629001.0,27451898.0,0.053911284573143196
100015232|F|0-9:G>T-9:G>T,100033136|F|0-68:A>G-68:A>G,3629001.0,27783976.0,3.993289676028234e-07
100015232|F|0-9:G>T-9:G>T,100020699|F|0-40:A>G-40:A>G,3629001.0,30507860.0,0.07475945356206024
100015232|F|0-9:G>T-9:G>T,100014559|F|0-31:C>A-31:C>A,3629001.0,30836975.0,0.008928968677700676
100015232|F|0-9:G>T-9:G>T,100017321|F|0-51:A>T-51:A>T,3629001.0,31197415.0,0.00015973867351409726
100015232|F|0-9:G>T-9:G>T,100040910|F|0-51:A>G-51:A>G,3629001.0,31200593.0,0.004118951503985281
100015232|F|0-9:G>T-9:G>T,100016298|F|0-19:G>A-19:G>A,3629001.0,31539538.0,0.03740205769036523
100015232|F|0-9:G>T-9:G>T,100016431|F|0-28:C>T-28:C>T,3629001.0,32001840.0,0.0005307987434659013
100015232|F|0-9:G>T-9:G>T,100020933|F|0-51:T>C-51:T>C,3629001.0,32243895.0,0.019246868322641917
100015232|F|0-9:G>T-9:G>T,100014677|F|0-27:A>C-27:A>C,3629001.0,32410962.0,0.03806436552515835
100015232|F|0-9:G>T-9:G>T,100017923|F|0-57:A>G-57:A>G,3629001.0,32459789.0,0.02313290212462532
100015232|F|0-9:G>T-9:G>T,100048091|F|0-43:A>T-43:A>T,3629001.0,32463417.0,0.010351538234939046
100015232|F|0-9:G>T-9:G>T,100020456|F|0-16:A>C-16:A>C,3629001.0,32467328.0,0.03199498771540317
100015232|F|0-9:G>T-9:G>T,100034584|F|0-9:T>C-9:T>C,3629001.0,32472994.0,0.017976166550615517
100015232|F|0-9:G>T-9:G>T,100033527|F|0-13:C>T-13:C>T,3629001.0,32475333.0,0.017976166550615517
100015232|F|0-9:G>T-9:G>T,100018446|F|0-67:T>A-67:T>A,3629001.0,33239334.0,0.010590959208609139
100015232|F|0-9:G>T-9:G>T,100013877|F|0-19:G>T-19:G>T,3629001.0,34079859.0,0.011600880019146833
100015232|F|0-9:G>T-9:G>T,100035010|F|0-32:A>C-32:A>C,3629001.0,34165746.0,0.0017997373897169324
100015232|F|0-9:G>T-9:G>T,100028703|F|0-9:T>G-9:T>G,3629001.0,34482430.0,0.0386566863373913
100015232|F|0-9:G>T-9:G>T,100014587|F|0-36:A>C-36:A>C,3629001.0,34723473.0,0.004614034346468361
100015232|F|0-9:G>T-9:G>T,100040405|F|0-35:T>A-35:T>A,3629001.0,34724344.0,0.00029584226060467113
100015232|F|0-9:G>T-9:G>T,100016549|F|0-30:A>G-30:A>G,3629001.0,34725485.0,0.0008008542445274955
100015232|F|0-9:G>T-9:G>T,100013542|F|0-30:C>G-30:C>G,3629001.0,34725490.0,0.0004216849001520723
100015232|F|0-9:G>T-9:G>T,100021285|F|0-67:T>C-67:T>C,3629001.0,34855449.0,0.014778554489129504
100015232|F|0-9:G>T-9:G>T,100033734|F|0-65:A>G-65:A>G,3629001.0,35379386.0,0.008368821201718033
100015232|F|0-9:G>T-9:G>T,100021520|F|0-23:T>C-23:T>C,3629001.0,36065991.0,0.017624433198228342
100015232|F|0-9:G>T-9:G>T,100019045|F|0-23:G>C-23:G>C,3629001.0,36149336.0,6.293923200776264e-05
100015232|F|0-9:G>T-9:G>T,100057957|F|0-57:C>A-57:C>A,3629001.0,36576268.0,0.03425674468112701
100015232|F|0-9:G>T-9:G>T,100014666|F|0-59:T>C-59:T>C,3629001.0,37090975.0,0.0005689451245537029
100015232|F|0-9:G>T-9:G>T,100038773|F|0-28:C>G-28:C>G,3629001.0,37285877.0,0.001822442722358847
100015232|F|0-9:G>T-9:G>T,100051037|F|0-43:C>T-43:C>T,3629001.0,37902767.0,0.01847010623369607
100015232|F|0-9:G>T-9:G>T,100020809|F|0-53:C>G-53:C>G,3629001.0,39838084.0,0.008492779895454362
100015232|F|0-9:G>T-9:G>T,100029380|F|0-39:A>C-39:A>C,3629001.0,40729560.0,0.03472556519303647
100015232|F|0-9:G>T-9:G>T,100013950|F|0-50:T>C-50:T>C,3629001.0,40800799.0,0.09951287633256393
100015232|F|0-9:G>T-9:G>T,100015799|F|0-68:C>T-68:C>T,3629001.0,40825452.0,0.02457735905061668
100015232|F|0-9:G>T-9:G>T,100043188|F|0-42:C>T-42:C>T,3629001.0,40979122.0,0.00018035920428190983
100015232|F|0-9:G>T-9:G>T,100015076|F|0-33:T>C-33:T>C,3629001.0,40986668.0,6.01360313323115e-05
100015232|F|0-9:G>T-9:G>T,100018802|F|0-14:G>A-14:G>A,3629001.0,40988293.0,0.007108045307023801
100015232|F|0-9:G>T-9:G>T,100018271|F|0-48:A>G-48:A>G,3629001.0,41002080.0,0.002925981609587637
100015232|F|0-9:G>T-9:G>T,100017658|F|0-34:T>G-34:T>G,3629001.0,41027371.0,0.0017341876716514056
100015232|F|0-9:G>T-9:G>T,100017206|F|0-15:G>C-15:G>C,3629001.0,41065538.0,0.003508810253332932
100015232|F|0-9:G>T-9:G>T,100040329|F|0-26:A>G-26:A>G,3629001.0,41159215.0,0.0065202491983498275
100015232|F|0-9:G>T-9:G>T,100035489|F|0-33:C>A-33:C>A,3629001.0,41159220.0,0.00772597070768036
100015232|F|0-9:G>T-9:G>T,100021166|F|0-38:T>C-38:T>C,3629001.0,41233248.0,0.0457043595316838
100015232|F|0-9:G>T-9:G>T,100020488|F|0-58:T>G-58:T>G,3629001.0,41740174.0,0.0005387497129153825
100015232|F|0-9:G>T-9:G>T,100046856|F|0-65:C>A-65:C>A,3629001.0,41864679.0,0.0065836680144595984
100015232|F|0-9:G>T-9:G>T,100021425|F|0-50:G>C-50:G>C,3629001.0,42699263.0,0.005510639920677293
100015232|F|0-9:G>T-9:G>T,100032947|F|0-10:A>C-10:A>C,3629001.0,42744717.0,0.0015890777955138505
100015232|F|0-9:G>T-9:G>T,100014347|F|0-68:T>C-68:T>C,3629001.0,42858969.0,0.0013002286093583457
100015232|F|0-9:G>T-9:G>T,100016630|F|0-66:A>T-66:A>T,3629001.0,43750313.0,0.00931990926910239
100015232|F|0-9:G>T-9:G>T,100015319|F|0-34:T>A-34:T>A,3629001.0,44449888.0,0.019455491141084504
100015232|F|0-9:G>T-9:G>T,100018345|F|0-65:A>C-65:A>C,3629001.0,44788831.0,0.06945867214363409
100015232|F|0-9:G>T-9:G>T,100017310|F|0-9:T>G-9:T>G,3629001.0,44906172.0,0.017482035482656904
100015232|F|0-9:G>T-9:G>T,100048863|F|0-39:A>G-39:A>G,3629001.0,44946182.0,0.06742707769902745
100015232|F|0-9:G>T-9:G>T,100033264|F|0-61:C>T-61:C>T,3629001.0,44989593.0,0.0041275202576275035
100015232|F|0-9:G>T-9:G>T,100020314|F|0-31:G>A-31:G>A,3629001.0,45007549.0,0.0016056672347026825
100015232|F|0-9:G>T-9:G>T,100041823|F|0-64:C>T-64:C>T,3629001.0,45303483.0,0.0035927710035697272
100015232|F|0-9:G>T-9:G>T,100015397|F|0-30:G>C-30:G>C,3629001.0,45844613.0,0.028471133540319868
100015232|F|0-9:G>T-9:G>T,100029049|F|0-10:A>G-10:A>G,3629001.0,46654939.0,0.03404289844651492
100015232|F|0-9:G>T-9:G>T,100030430|F|0-19:A>C-19:A>C,3629001.0,46846957.0,0.0020991444809034146
100015232|F|0-9:G>T-9:G>T,100021654|F|0-23:G>T-23:G>T,3629001.0,46876617.0,0.05939045261986607
100015232|F|0-9:G>T-9:G>T,100034493|F|0-32:C>T-32:C>T,3629001.0,46898850.0,0.07056523408770593
100015232|F|0-9:G>T-9:G>T,100019198|F|0-35:G>T-35:G>T,3629001.0,46921983.0,0.061549483197866905
100015232|F|0-9:G>T-9:G>T,100020755|F|0-11:C>A-11:C>A,3629001.0,46921988.0,0.06462224008209232
100015232|F|0-9:G>T-9:G>T,100030713|F|0-35:T>A-35:T>A,3629001.0,46975334.0,0.02285891521699894
100015232|F|0-9:G>T-9:G>T,100035377|F|0-67:C>G-67:C>G,3629001.0,47016484.0,0.0002627619701651229
100015232|F|0-9:G>T-9:G>T,100014882|F|0-19:A>G-19:A>G,3629001.0,47035718.0,0.015356658213205204
100015232|F|0-9:G>T-9:G>T,100016158|F|0-51:C>A-51:C>A,3629001.0,47150489.0,1.5714436484187558e-05
100029321|F|0-48:C>A-48:C>A,100029488|F|0-5:C>T-5:C>T,5675574.0,5795301.0,0.046597920352073295
100029321|F|0-48:C>A-48:C>A,100017684|F|0-22:A>G-22:A>G,5675574.0,5795818.0,0.04373565496657723
100029321|F|0-48:C>A-48:C>A,100034306|F|0-9:C>T-9:C>T,5675574.0,5796467.0,0.049587923173143034
100029321|F|0-48:C>A-48:C>A,100020284|F|0-15:A>T-15:A>T,5675574.0,5798894.0,0.04099492461561424
100029321|F|0-48:C>A-48:C>A,100035529|F|0-67:G>T-67:G>T,5675574.0,5824287.0,0.04099492461561424
100029321|F|0-48:C>A-48:C>A,100013385|F|0-10:G>T-10:G>T,5675574.0,5824292.0,0.029754318889832914
100029321|F|0-48:C>A-48:C>A,100016127|F|0-26:G>C-26:G>C,5675574.0,6652431.0,0.018142491896087295
100029321|F|0-48:C>A-48:C>A,100019065|F|0-15:C>T-15:C>T,5675574.0,7275159.0,0.0027381294504582256
100029321|F|0-48:C>A-48:C>A,100015576|F|0-58:G>T-58:G>T,5675574.0,7291045.0,0.014635599142641387
100029321|F|0-48:C>A-48:C>A,100034454|F|0-32:T>C-32:T>C,5675574.0,8149669.0,0.011383344815648845
100029321|F|0-48:C>A-48:C>A,100032801|F|0-46:T>A-46:T>A,5675574.0,8519507.0,0.014777212451631069
100029321|F|0-48:C>A-48:C>A,100017329|F|0-16:T>C-16:T>C,5675574.0,8519512.0,0.021189684299440435
100029321|F|0-48:C>A-48:C>A,100054119|F|0-9:A>T-9:A>T,5675574.0,8526678.0,0.018133891780101132
100029321|F|0-48:C>A-48:C>A,100013622|F|0-50:C>T-50:C>T,5675574.0,8526683.0,0.01065915216858611
100029321|F|0-48:C>A-48:C>A,100013788|F|0-18:C>T-18:C>T,5675574.0,8748310.0,0.12770952069513192
100029321|F|0-48:C>A-48:C>A,100016003|F|0-33:A>T-33:A>T,5675574.0,9540230.0,0.012615861244553217
100029321|F|0-48:C>A-48:C>A,100038699|F|0-6:A>C-6:A>C,5675574.0,9987300.0,0.046266233766233726
100029321|F|0-48:C>A-48:C>A,100052747|F|0-12:T>G-12:T>G,5675574.0,9988427.0,0.04212305102069711
100029321|F|0-48:C>A-48:C>A,100018327|F|0-50:C>T-50:C>T,5675574.0,10262280.0,0.020024271844660164
100029321|F|0-48:C>A-48:C>A,100018124|F|0-61:T>A-61:T>A,5675574.0,10817821.0,0.0002762708458910983
100029321|F|0-48:C>A-48:C>A,100014259|F|0-39:T>A-39:T>A,5675574.0,10830557.0,0.0016497791242215008
100029321|F|0-48:C>A-48:C>A,100017304|F|0-37:T>A-37:T>A,5675574.0,11098034.0,0.00021000765117055214
100029321|F|0-48:C>A-48:C>A,100022081|F|0-44:A>C-44:A>C,5675574.0,11365474.0,0.0005180989223542372
100029321|F|0-48:C>A-48:C>A,100015798|F|0-46:G>A-46:G>A,5675574.0,11367259.0,0.009296806236640266
100029321|F|0-48:C>A-48:C>A,100013022|F|0-48:G>C-48:G>C,5675574.0,11376234.0,0.004202248764435025
100029321|F|0-48:C>A-48:C>A,100017261|F|0-49:C>T-49:C>T,5675574.0,12523186.0,0.0024665257223396757
100029321|F|0-48:C>A-48:C>A,100021866|F|0-51:G>C-51:G>C,5675574.0,14537286.0,0.03720417513520954
100029321|F|0-48:C>A-48:C>A,100016572|F|0-65:A>T-65:A>T,5675574.0,15198479.0,0.007308503317334822
100029321|F|0-48:C>A-48:C>A,100036118|F|0-16:G>C-16:G>C,5675574.0,15790762.0,0.02861842248813013
100029321|F|0-48:C>A-48:C>A,100021422|F|0-18:C>G-18:C>G,5675574.0,15863195.0,0.006980455743706585
100029321|F|0-48:C>A-48:C>A,100041283|F|0-68:T>A-68:T>A,5675574.0,16181585.0,0.008061278134676659
100029321|F|0-48:C>A-48:C>A,100053824|F|0-47:A>G-47:A>G,5675574.0,16226345.0,0.07180119361647999
100029321|F|0-48:C>A-48:C>A,100021123|F|0-50:T>C-50:T>C,5675574.0,17173866.0,0.009643061739995141
100029321|F|0-48:C>A-48:C>A,100021768|F|0-13:C>T-13:C>T,5675574.0,17179674.0,0.010801206667348413
100029321|F|0-48:C>A-48:C>A,100040976|F|0-5:T>C-5:T>C,5675574.0,17196207.0,0.003659279798138202
100029321|F|0-48:C>A-48:C>A,100040977|F|0-30:G>T-30:G>T,5675574.0,17196207.0,0.003659279798138202
100029321|F|0-48:C>A-48:C>A,100016880|F|0-51:C>A-51:C>A,5675574.0,17507025.0,0.06683009092647647
100029321|F|0-48:C>A-48:C>A,100021275|F|0-33:T>A-33:T>A,5675574.0,17703648.0,0.0011025011025011014
100029321|F|0-48:C>A-48:C>A,100017523|F|0-41:C>T-41:C>T,5675574.0,17927516.0,0.010706176781103329
100029321|F|0-48:C>A-48:C>A,100032842|F|0-24:A>C-24:A>C,5675574.0,18176550.0,0.0075061626785764704
100029321|F|0-48:C>A-48:C>A,100032841|F|0-19:T>A-19:T>A,5675574.0,18176550.0,0.000656734049911788
100029321|F|0-48:C>A-48:C>A,100033379|F|0-46:C>G-46:C>G,5675574.0,18202707.0,0.005325245840421556
100029321|F|0-48:C>A-48:C>A,100022600|F|0-31:A>T-31:A>T,5675574.0,18245914.0,0.01678958059229511
100029321|F|0-48:C>A-48:C>A,100019074|F|0-23:A>T-23:A>T,5675574.0,18451325.0,0.06683009092647645
100029321|F|0-48:C>A-48:C>A,100035266|F|0-39:C>T-39:C>T,5675574.0,18675661.0,0.06683009092647645
100029321|F|0-48:C>A-48:C>A,100016256|F|0-31:A>C-31:A>C,5675574.0,19574145.0,0.003825631732608503
100029321|F|0-48:C>A-48:C>A,100036101|F|0-41:G>C-41:G>C,5675574.0,19902376.0,9.591065389752438e-05
100029321|F|0-48:C>A-48:C>A,100044506|F|0-28:G>A-28:G>A,5675574.0,19987479.0,0.00487775135662458
100029321|F|0-48:C>A-48:C>A,100013122|F|0-67:G>A-67:G>A,5675574.0,26458664.0,0.031968031968031885
100029321|F|0-48:C>A-48:C>A,100017906|F|0-31:G>A-31:G>A,5675574.0,26571479.0,0.0014610679447315824
100029321|F|0-48:C>A-48:C>A,100021519|F|0-20:C>T-20:C>T,5675574.0,26856823.0,0.004750193644355963
100029321|F|0-48:C>A-48:C>A,100038609|F|0-8:A>T-8:A>T,5675574.0,27247323.0,0.0003592534712866666
100029321|F|0-48:C>A-48:C>A,100028909|F|0-9:C>T-9:C>T,5675574.0,27271569.0,0.011184780589112748
100029321|F|0-48:C>A-48:C>A,100021397|F|0-9:C>T-9:C>T,5675574.0,27420869.0,0.008221962400404027
100029321|F|0-48:C>A-48:C>A,100017892|F|0-32:A>G-32:A>G,5675574.0,27451898.0,0.008668171803765033
100029321|F|0-48:C>A-48:C>A,100033136|F|0-68:A>G-68:A>G,5675574.0,27783976.0,0.048452793778149164
100029321|F|0-48:C>A-48:C>A,100020699|F|0-40:A>G-40:A>G,5675574.0,30507860.0,0.007622811970638043
100029321|F|0-48:C>A-48:C>A,100014559|F|0-31:C>A-31:C>A,5675574.0,30836975.0,0.017349837662337685
100029321|F|0-48:C>A-48:C>A,100017321|F|0-51:A>T-51:A>T,5675574.0,31197415.0,0.014561870259255037
100029321|F|0-48:C>A-48:C>A,100040910|F|0-51:A>G-51:A>G,5675574.0,31200593.0,0.00013525941331691017
100029321|F|0-48:C>A-48:C>A,100016298|F|0-19:G>A-19:G>A,5675574.0,31539538.0,6.581256581256603e-05
100029321|F|0-48:C>A-48:C>A,100016431|F|0-28:C>T-28:C>T,5675574.0,32001840.0,0.008607671398369052
100029321|F|0-48:C>A-48:C>A,100020933|F|0-51:T>C-51:T>C,5675574.0,32243895.0,0.0033165665526479287
100029321|F|0-48:C>A-48:C>A,100014677|F|0-27:A>C-27:A>C,5675574.0,32410962.0,0.00011497136167899977
100029321|F|0-48:C>A-48:C>A,100017923|F|0-57:A>G-57:A>G,5675574.0,32459789.0,0.002540258779859443
100029321|F|0-48:C>A-48:C>A,100048091|F|0-43:A>T-43:A>T,5675574.0,32463417.0,0.0012416994124311187
100029321|F|0-48:C>A-48:C>A,100020456|F|0-16:A>C-16:A>C,5675574.0,32467328.0,0.0007051771757654087
100029321|F|0-48:C>A-48:C>A,100034584|F|0-9:T>C-9:T>C,5675574.0,32472994.0,0.0007900844402745535
100029321|F|0-48:C>A-48:C>A,100033527|F|0-13:C>T-13:C>T,5675574.0,32475333.0,0.0007900844402745535
100029321|F|0-48:C>A-48:C>A,100018446|F|0-67:T>A-67:T>A,5675574.0,33239334.0,0.0016317705045729857
100029321|F|0-48:C>A-48:C>A,100013877|F|0-19:G>T-19:G>T,5675574.0,34079859.0,0.017925820188751187
100029321|F|0-48:C>A-48:C>A,100035010|F|0-32:A>C-32:A>C,5675574.0,34165746.0,0.025439757356336086
100029321|F|0-48:C>A-48:C>A,100028703|F|0-9:T>G-9:T>G,5675574.0,34482430.0,0.021304302761256385
100029321|F|0-48:C>A-48:C>A,100014587|F|0-36:A>C-36:A>C,5675574.0,34723473.0,0.0004866236880625371
100029321|F|0-48:C>A-48:C>A,100040405|F|0-35:T>A-35:T>A,5675574.0,34724344.0,0.0055764041153651455
100029321|F|0-48:C>A-48:C>A,100016549|F|0-30:A>G-30:A>G,5675574.0,34725485.0,0.0005636724386724401
100029321|F|0-48:C>A-48:C>A,100013542|F|0-30:C>G-30:C>G,5675574.0,34725490.0,0.014635599142641394
100029321|F|0-48:C>A-48:C>A,100021285|F|0-67:T>C-67:T>C,5675574.0,34855449.0,0.01841163923286002
100029321|F|0-48:C>A-48:C>A,100033734|F|0-65:A>G-65:A>G,5675574.0,35379386.0,0.021188610568557746
100029321|F|0-48:C>A-48:C>A,100021520|F|0-23:T>C-23:T>C,5675574.0,36065991.0,0.044217324146901514
100029321|F|0-48:C>A-48:C>A,100019045|F|0-23:G>C-23:G>C,5675574.0,36149336.0,0.005737576947096072
100029321|F|0-48:C>A-48:C>A,100057957|F|0-57:C>A-57:C>A,5675574.0,36576268.0,0.00312904272777558
100029321|F|0-48:C>A-48:C>A,100014666|F|0-59:T>C-59:T>C,5675574.0,37090975.0,0.00012769924274349105
100029321|F|0-48:C>A-48:C>A,100038773|F|0-28:C>G-28:C>G,5675574.0,37285877.0,0.054764521518627436
100029321|F|0-48:C>A-48:C>A,100051037|F|0-43:C>T-43:C>T,5675574.0,37902767.0,0.09188334544723159
100029321|F|0-48:C>A-48:C>A,100020809|F|0-53:C>G-53:C>G,5675574.0,39838084.0,0.02893133997785157
100029321|F|0-48:C>A-48:C>A,100029380|F|0-39:A>C-39:A>C,5675574.0,40729560.0,0.005795661533366449
100029321|F|0-48:C>A-48:C>A,100013950|F|0-50:T>C-50:T>C,5675574.0,40800799.0,0.002210866207345069
100029321|F|0-48:C>A-48:C>A,100015799|F|0-68:C>T-68:C>T,5675574.0,40825452.0,0.00938667229280948
100029321|F|0-48:C>A-48:C>A,100043188|F|0-42:C>T-42:C>T,5675574.0,40979122.0,0.012358123803906948
100029321|F|0-48:C>A-48:C>A,100015076|F|0-33:T>C-33:T>C,5675574.0,40986668.0,0.013772697844427804
100029321|F|0-48:C>A-48:C>A,100018802|F|0-14:G>A-14:G>A,5675574.0,40988293.0,0.025197944625655486
100029321|F|0-48:C>A-48:C>A,100018271|F|0-48:A>G-48:A>G,5675574.0,41002080.0,0.026129465985839418
100029321|F|0-48:C>A-48:C>A,100017658|F|0-34:T>G-34:T>G,5675574.0,41027371.0,0.022252451106206068
100029321|F|0-48:C>A-48:C>A,100017206|F|0-15:G>C-15:G>C,5675574.0,41065538.0,0.019927875974807354
100029321|F|0-48:C>A-48:C>A,100040329|F|0-26:A>G-26:A>G,5675574.0,41159215.0,9.556371686509579e-05
100029321|F|0-48:C>A-48:C>A,100035489|F|0-33:C>A-33:C>A,5675574.0,41159220.0,0.013362229130832232
100029321|F|0-48:C>A-48:C>A,100021166|F|0-38:T>C-38:T>C,5675574.0,41233248.0,0.08042510412178645
100029321|F|0-48:C>A-48:C>A,100020488|F|0-58:T>G-58:T>G,5675574.0,41740174.0,0.0017004643401291476
100029321|F|0-48:C>A-48:C>A,100046856|F|0-65:C>A-65:C>A,5675574.0,41864679.0,0.017620185016681823
100029321|F|0-48:C>A-48:C>A,100021425|F|0-50:G>C-50:G>C,5675574.0,42699263.0,0.041403203210783335
100029321|F|0-48:C>A-48:C>A,100032947|F|0-10:A>C-10:A>C,5675574.0,42744717.0,0.001610575060063548
100029321|F|0-48:C>A-48:C>A,100014347|F|0-68:T>C-68:T>C,5675574.0,42858969.0,0.0011706975992690253
100029321|F|0-48:C>A-48:C>A,100016630|F|0-66:A>T-66:A>T,5675574.0,43750313.0,0.0017554735296670763
100029321|F|0-48:C>A-48:C>A,100015319|F|0-34:T>A-34:T>A,5675574.0,44449888.0,0.021361227305578052
100029321|F|0-48:C>A-48:C>A,100018345|F|0-65:A>C-65:A>C,5675574.0,44788831.0,0.01355156634987677
100029321|F|0-48:C>A-48:C>A,100017310|F|0-9:T>G-9:T>G,5675574.0,44906172.0,0.0007584628486267847
100029321|F|0-48:C>A-48:C>A,100048863|F|0-39:A>G-39:A>G,5675574.0,44946182.0,0.013856686064132873
100029321|F|0-48:C>A-48:C>A,100033264|F|0-61:C>T-61:C>T,5675574.0,44989593.0,0.002488319694396301
100029321|F|0-48:C>A-48:C>A,100020314|F|0-31:G>A-31:G>A,5675574.0,45007549.0,0.010486547560200548
100029321|F|0-48:C>A-48:C>A,100041823|F|0-64:C>T-64:C>T,5675574.0,45303483.0,0.0029361520392910366
100029321|F|0-48:C>A-48:C>A,100015397|F|0-30:G>C-30:G>C,5675574.0,45844613.0,0.0019034177075578302
100029321|F|0-48:C>A-48:C>A,100029049|F|0-10:A>G-10:A>G,5675574.0,46654939.0,0.005027230833682443
100029321|F|0-48:C>A-48:C>A,100030430|F|0-19:A>C-19:A>C,5675574.0,46846957.0,0.006735003502244874
100029321|F|0-48:C>A-48:C>A,100021654|F|0-23:G>T-23:G>T,5675574.0,46876617.0,0.010632864020714462
100029321|F|0-48:C>A-48:C>A,100034493|F|0-32:C>T-32:C>T,5675574.0,46898850.0,0.014609341932672016
100029321|F|0-48:C>A-48:C>A,100019198|F|0-35:G>T-35:G>T,5675574.0,46921983.0,0.013674478302530687
100029321|F|0-48:C>A-48:C>A,100020755|F|0-11:C>A-11:C>A,5675574.0,46921988.0,0.013378945227349462
100029321|F|0-48:C>A-48:C>A,100030713|F|0-35:T>A-35:T>A,5675574.0,46975334.0,0.07482325827649548
100029321|F|0-48:C>A-48:C>A,100035377|F|0-67:C>G-67:C>G,5675574.0,47016484.0,0.012522317607063365
100029321|F|0-48:C>A-48:C>A,100014882|F|0-19:A>G-19:A>G,5675574.0,47035718.0,0.03858337842712838
100029321|F|0-48:C>A-48:C>A,100016158|F|0-51:C>A-51:C>A,5675574.0,47150489.0,0.0010767454444780063
100029488|F|0-5:C>T-5:C>T,100017684|F|0-22:A>G-22:A>G,5795301.0,5795818.0,0.9690354205292253
100029488|F|0-5:C>T-5:C>T,100034306|F|0-9:C>T-9:C>T,5795301.0,5796467.0,0.9077846370951673
100029488|F|0-5:C>T-5:C>T,100020284|F|0-15:A>T-15:A>T,5795301.0,5798894.0,0.9392211637600595
100029488|F|0-5:C>T-5:C>T,100035529|F|0-67:G>T-67:G>T,5795301.0,5824287.0,0.9392211637600595
100029488|F|0-5:C>T-5:C>T,100013385|F|0-10:G>T-10:G>T,5795301.0,5824292.0,0.8787159180125014
100029488|F|0-5:C>T-5:C>T,100016127|F|0-26:G>C-26:G>C,5795301.0,6652431.0,0.023606992352114924
100029488|F|0-5:C>T-5:C>T,100019065|F|0-15:C>T-15:C>T,5795301.0,7275159.0,0.11274544983528731
100029488|F|0-5:C>T-5:C>T,100015576|F|0-58:G>T-58:G>T,5795301.0,7291045.0,0.04233360808860308
100029488|F|0-5:C>T-5:C>T,100034454|F|0-32:T>C-32:T>C,5795301.0,8149669.0,0.014322803639491451
100029488|F|0-5:C>T-5:C>T,100032801|F|0-46:T>A-46:T>A,5795301.0,8519507.0,0.010462540884390557
100029488|F|0-5:C>T-5:C>T,100017329|F|0-16:T>C-16:T>C,5795301.0,8519512.0,0.0038489587553683004
100029488|F|0-5:C>T-5:C>T,100054119|F|0-9:A>T-9:A>T,5795301.0,8526678.0,0.0019589734978871067
100029488|F|0-5:C>T-5:C>T,100013622|F|0-50:C>T-50:C>T,5795301.0,8526683.0,0.001080760942164158
100029488|F|0-5:C>T-5:C>T,100013788|F|0-18:C>T-18:C>T,5795301.0,8748310.0,0.001726857716484618
100029488|F|0-5:C>T-5:C>T,100016003|F|0-33:A>T-33:A>T,5795301.0,9540230.0,0.020655090937693164
100029488|F|0-5:C>T-5:C>T,100038699|F|0-6:A>C-6:A>C,5795301.0,9987300.0,0.0010958840900701355
100029488|F|0-5:C>T-5:C>T,100052747|F|0-12:T>G-12:T>G,5795301.0,9988427.0,0.0004919277815495441
100029488|F|0-5:C>T-5:C>T,100018327|F|0-50:C>T-50:C>T,5795301.0,10262280.0,0.08322927274319056
100029488|F|0-5:C>T-5:C>T,100018124|F|0-61:T>A-61:T>A,5795301.0,10817821.0,0.004674603953379351
100029488|F|0-5:C>T-5:C>T,100014259|F|0-39:T>A-39:T>A,5795301.0,10830557.0,0.061831148340723036
100029488|F|0-5:C>T-5:C>T,100017304|F|0-37:T>A-37:T>A,5795301.0,11098034.0,0.026233505604300062
100029488|F|0-5:C>T-5:C>T,100022081|F|0-44:A>C-44:A>C,5795301.0,11365474.0,0.00044178977875168
100029488|F|0-5:C>T-5:C>T,100015798|F|0-46:G>A-46:G>A,5795301.0,11367259.0,0.015930646117368084
100029488|F|0-5:C>T-5:C>T,100013022|F|0-48:G>C-48:G>C,5795301.0,11376234.0,5.7903289462712966e-05
100029488|F|0-5:C>T-5:C>T,100017261|F|0-49:C>T-49:C>T,5795301.0,12523186.0,0.03634783280537747
100029488|F|0-5:C>T-5:C>T,100021866|F|0-51:G>C-51:G>C,5795301.0,14537286.0,0.07458780193343147
100029488|F|0-5:C>T-5:C>T,100016572|F|0-65:A>T-65:A>T,5795301.0,15198479.0,0.0022118301314459072
100029488|F|0-5:C>T-5:C>T,100036118|F|0-16:G>C-16:G>C,5795301.0,15790762.0,0.1646964649923641
100029488|F|0-5:C>T-5:C>T,100021422|F|0-18:C>G-18:C>G,5795301.0,15863195.0,0.10178087177018892
100029488|F|0-5:C>T-5:C>T,100041283|F|0-68:T>A-68:T>A,5795301.0,16181585.0,0.015297835802366946
100029488|F|0-5:C>T-5:C>T,100053824|F|0-47:A>G-47:A>G,5795301.0,16226345.0,0.019282857566074885
100029488|F|0-5:C>T-5:C>T,100021123|F|0-50:T>C-50:T>C,5795301.0,17173866.0,0.0053609995010387166
100029488|F|0-5:C>T-5:C>T,100021768|F|0-13:C>T-13:C>T,5795301.0,17179674.0,0.01650011771784341
100029488|F|0-5:C>T-5:C>T,100040976|F|0-5:T>C-5:T>C,5795301.0,17196207.0,0.0009117066784337597
100029488|F|0-5:C>T-5:C>T,100040977|F|0-30:G>T-30:G>T,5795301.0,17196207.0,0.0009117066784337597
100029488|F|0-5:C>T-5:C>T,100016880|F|0-51:C>A-51:C>A,5795301.0,17507025.0,0.0014092916516564571
100029488|F|0-5:C>T-5:C>T,100021275|F|0-33:T>A-33:T>A,5795301.0,17703648.0,0.009455660618451312
100029488|F|0-5:C>T-5:C>T,100017523|F|0-41:C>T-41:C>T,5795301.0,17927516.0,0.00171034520908106
100029488|F|0-5:C>T-5:C>T,100032842|F|0-24:A>C-24:A>C,5795301.0,18176550.0,0.02862468379709757
100029488|F|0-5:C>T-5:C>T,100032841|F|0-19:T>A-19:T>A,5795301.0,18176550.0,0.003944064369516326
100029488|F|0-5:C>T-5:C>T,100033379|F|0-46:C>G-46:C>G,5795301.0,18202707.0,0.04386669037181698
100029488|F|0-5:C>T-5:C>T,100022600|F|0-31:A>T-31:A>T,5795301.0,18245914.0,0.0032208038160083515
100029488|F|0-5:C>T-5:C>T,100019074|F|0-23:A>T-23:A>T,5795301.0,18451325.0,0.00030020413881439616
100029488|F|0-5:C>T-5:C>T,100035266|F|0-39:C>T-39:C>T,5795301.0,18675661.0,0.01614431146512963
100029488|F|0-5:C>T-5:C>T,100016256|F|0-31:A>C-31:A>C,5795301.0,19574145.0,0.14863246542532638
100029488|F|0-5:C>T-5:C>T,100036101|F|0-41:G>C-41:G>C,5795301.0,19902376.0,0.0438931679231155
100029488|F|0-5:C>T-5:C>T,100044506|F|0-28:G>A-28:G>A,5795301.0,19987479.0,0.01581582518366005
100029488|F|0-5:C>T-5:C>T,100013122|F|0-67:G>A-67:G>A,5795301.0,26458664.0,0.007513416815742391
100029488|F|0-5:C>T-5:C>T,100017906|F|0-31:G>A-31:G>A,5795301.0,26571479.0,0.05909822106992052
100029488|F|0-5:C>T-5:C>T,100021519|F|0-20:C>T-20:C>T,5795301.0,26856823.0,0.026066016300671534
100029488|F|0-5:C>T-5:C>T,100038609|F|0-8:A>T-8:A>T,5795301.0,27247323.0,0.007058077500999434
100029488|F|0-5:C>T-5:C>T,100028909|F|0-9:C>T-9:C>T,5795301.0,27271569.0,0.003224976778834554
100029488|F|0-5:C>T-5:C>T,100021397|F|0-9:C>T-9:C>T,5795301.0,27420869.0,0.05738005598348656
100029488|F|0-5:C>T-5:C>T,100017892|F|0-32:A>G-32:A>G,5795301.0,27451898.0,0.03314649747444385
100029488|F|0-5:C>T-5:C>T,100033136|F|0-68:A>G-68:A>G,5795301.0,27783976.0,0.003382517015085593
100029488|F|0-5:C>T-5:C>T,100020699|F|0-40:A>G-40:A>G,5795301.0,30507860.0,0.006500072223024687
100029488|F|0-5:C>T-5:C>T,100014559|F|0-31:C>A-31:C>A,5795301.0,30836975.0,5.89816045468591e-34
100029488|F|0-5:C>T-5:C>T,100017321|F|0-51:A>T-51:A>T,5795301.0,31197415.0,0.02185016321684055
100029488|F|0-5:C>T-5:C>T,100040910|F|0-51:A>G-51:A>G,5795301.0,31200593.0,0.0070171325401711575
100029488|F|0-5:C>T-5:C>T,100016298|F|0-19:G>A-19:G>A,5795301.0,31539538.0,0.0553313280057466
100029488|F|0-5:C>T-5:C>T,100016431|F|0-28:C>T-28:C>T,5795301.0,32001840.0,1.2037062152420224e-33
100029488|F|0-5:C>T-5:C>T,100020933|F|0-51:T>C-51:T>C,5795301.0,32243895.0,0.0011760406069703383
100029488|F|0-5:C>T-5:C>T,100014677|F|0-27:A>C-27:A>C,5795301.0,32410962.0,0.05268507958546135
100029488|F|0-5:C>T-5:C>T,100017923|F|0-57:A>G-57:A>G,5795301.0,32459789.0,0.007223103612841631
100029488|F|0-5:C>T-5:C>T,100048091|F|0-43:A>T-43:A>T,5795301.0,32463417.0,0.011212898337118398
100029488|F|0-5:C>T-5:C>T,100020456|F|0-16:A>C-16:A>C,5795301.0,32467328.0,0.01988093985358003
100029488|F|0-5:C>T-5:C>T,100034584|F|0-9:T>C-9:T>C,5795301.0,32472994.0,0.01402433375861612
100029488|F|0-5:C>T-5:C>T,100033527|F|0-13:C>T-13:C>T,5795301.0,32475333.0,0.01402433375861612
100029488|F|0-5:C>T-5:C>T,100018446|F|0-67:T>A-67:T>A,5795301.0,33239334.0,0.1005309774038281
100029488|F|0-5:C>T-5:C>T,100013877|F|0-19:G>T-19:G>T,5795301.0,34079859.0,0.011792190145237455
100029488|F|0-5:C>T-5:C>T,100035010|F|0-32:A>C-32:A>C,5795301.0,34165746.0,0.03395931197311315
100029488|F|0-5:C>T-5:C>T,100028703|F|0-9:T>G-9:T>G,5795301.0,34482430.0,0.005942578905770031
100029488|F|0-5:C>T-5:C>T,100014587|F|0-36:A>C-36:A>C,5795301.0,34723473.0,2.3901144864839038e-05
100029488|F|0-5:C>T-5:C>T,100040405|F|0-35:T>A-35:T>A,5795301.0,34724344.0,0.00014382074182738824
100029488|F|0-5:C>T-5:C>T,100016549|F|0-30:A>G-30:A>G,5795301.0,34725485.0,0.0030523255813953475
100029488|F|0-5:C>T-5:C>T,100013542|F|0-30:C>G-30:C>G,5795301.0,34725490.0,0.015661950234501825
100029488|F|0-5:C>T-5:C>T,100021285|F|0-67:T>C-67:T>C,5795301.0,34855449.0,0.006180947230163013
100029488|F|0-5:C>T-5:C>T,100033734|F|0-65:A>G-65:A>G,5795301.0,35379386.0,0.00017896954449694356
100029488|F|0-5:C>T-5:C>T,100021520|F|0-23:T>C-23:T>C,5795301.0,36065991.0,0.20807402554864057
100029488|F|0-5:C>T-5:C>T,100019045|F|0-23:G>C-23:G>C,5795301.0,36149336.0,0.021617914116830096
100029488|F|0-5:C>T-5:C>T,100057957|F|0-57:C>A-57:C>A,5795301.0,36576268.0,0.04562405498040687
100029488|F|0-5:C>T-5:C>T,100014666|F|0-59:T>C-59:T>C,5795301.0,37090975.0,8.820156998794533e-05
100029488|F|0-5:C>T-5:C>T,100038773|F|0-28:C>G-28:C>G,5795301.0,37285877.0,0.003502997914494271
100029488|F|0-5:C>T-5:C>T,100051037|F|0-43:C>T-43:C>T,5795301.0,37902767.0,0.05020663259041482
100029488|F|0-5:C>T-5:C>T,100020809|F|0-53:C>G-53:C>G,5795301.0,39838084.0,0.029359499343274247
100029488|F|0-5:C>T-5:C>T,100029380|F|0-39:A>C-39:A>C,5795301.0,40729560.0,0.02224143565165299
100029488|F|0-5:C>T-5:C>T,100013950|F|0-50:T>C-50:T>C,5795301.0,40800799.0,0.037745854974810124
100029488|F|0-5:C>T-5:C>T,100015799|F|0-68:C>T-68:C>T,5795301.0,40825452.0,0.07019022032455009
100029488|F|0-5:C>T-5:C>T,100043188|F|0-42:C>T-42:C>T,5795301.0,40979122.0,0.025894531358246677
100029488|F|0-5:C>T-5:C>T,100015076|F|0-33:T>C-33:T>C,5795301.0,40986668.0,0.030420944094773927
100029488|F|0-5:C>T-5:C>T,100018802|F|0-14:G>A-14:G>A,5795301.0,40988293.0,0.025894531358246712
100029488|F|0-5:C>T-5:C>T,100018271|F|0-48:A>G-48:A>G,5795301.0,41002080.0,0.029123821254108114
100029488|F|0-5:C>T-5:C>T,100017658|F|0-34:T>G-34:T>G,5795301.0,41027371.0,0.03834568420008252
100029488|F|0-5:C>T-5:C>T,100017206|F|0-15:G>C-15:G>C,5795301.0,41065538.0,0.013194752616295763
100029488|F|0-5:C>T-5:C>T,100040329|F|0-26:A>G-26:A>G,5795301.0,41159215.0,9.954682095655523e-05
100029488|F|0-5:C>T-5:C>T,100035489|F|0-33:C>A-33:C>A,5795301.0,41159220.0,0.0015453554889563942
100029488|F|0-5:C>T-5:C>T,100021166|F|0-38:T>C-38:T>C,5795301.0,41233248.0,0.06882469178567496
100029488|F|0-5:C>T-5:C>T,100020488|F|0-58:T>G-58:T>G,5795301.0,41740174.0,0.00449154587130422
100029488|F|0-5:C>T-5:C>T,100046856|F|0-65:C>A-65:C>A,5795301.0,41864679.0,0.00810065175529552
100029488|F|0-5:C>T-5:C>T,100021425|F|0-50:G>C-50:G>C,5795301.0,42699263.0,0.005859961450170945
100029488|F|0-5:C>T-5:C>T,100032947|F|0-10:A>C-10:A>C,5795301.0,42744717.0,0.00042630171380989327
100029488|F|0-5:C>T-5:C>T,100014347|F|0-68:T>C-68:T>C,5795301.0,42858969.0,0.03168866540959562
100029488|F|0-5:C>T-5:C>T,100016630|F|0-66:A>T-66:A>T,5795301.0,43750313.0,0.0039428293366777995
100029488|F|0-5:C>T-5:C>T,100015319|F|0-34:T>A-34:T>A,5795301.0,44449888.0,0.0011835198018969935
100029488|F|0-5:C>T-5:C>T,100018345|F|0-65:A>C-65:A>C,5795301.0,44788831.0,0.06962009773826766
100029488|F|0-5:C>T-5:C>T,100017310|F|0-9:T>G-9:T>G,5795301.0,44906172.0,0.01034802026033441
100029488|F|0-5:C>T-5:C>T,100048863|F|0-39:A>G-39:A>G,5795301.0,44946182.0,0.07118762608000613
100029488|F|0-5:C>T-5:C>T,100033264|F|0-61:C>T-61:C>T,5795301.0,44989593.0,0.0007899691473160826
100029488|F|0-5:C>T-5:C>T,100020314|F|0-31:G>A-31:G>A,5795301.0,45007549.0,0.004729662042655637
100029488|F|0-5:C>T-5:C>T,100041823|F|0-64:C>T-64:C>T,5795301.0,45303483.0,0.002027993385277774
100029488|F|0-5:C>T-5:C>T,100015397|F|0-30:G>C-30:G>C,5795301.0,45844613.0,0.0016928708974331902
100029488|F|0-5:C>T-5:C>T,100029049|F|0-10:A>G-10:A>G,5795301.0,46654939.0,0.0007074871396420576
100029488|F|0-5:C>T-5:C>T,100030430|F|0-19:A>C-19:A>C,5795301.0,46846957.0,0.010585845589855236
100029488|F|0-5:C>T-5:C>T,100021654|F|0-23:G>T-23:G>T,5795301.0,46876617.0,6.209830161144925e-05
100029488|F|0-5:C>T-5:C>T,100034493|F|0-32:C>T-32:C>T,5795301.0,46898850.0,0.00010050396709258801
100029488|F|0-5:C>T-5:C>T,100019198|F|0-35:G>T-35:G>T,5795301.0,46921983.0,0.005159895793472206
100029488|F|0-5:C>T-5:C>T,100020755|F|0-11:C>A-11:C>A,5795301.0,46921988.0,0.0021205909380080496
100029488|F|0-5:C>T-5:C>T,100030713|F|0-35:T>A-35:T>A,5795301.0,46975334.0,0.007743970936207837
100029488|F|0-5:C>T-5:C>T,100035377|F|0-67:C>G-67:C>G,5795301.0,47016484.0,0.00037539651256639813
100029488|F|0-5:C>T-5:C>T,100014882|F|0-19:A>G-19:A>G,5795301.0,47035718.0,0.00363588385935769
100029488|F|0-5:C>T-5:C>T,100016158|F|0-51:C>A-51:C>A,5795301.0,47150489.0,0.0010200977362280791
100017684|F|0-22:A>G-22:A>G,100034306|F|0-9:C>T-9:C>T,5795818.0,5796467.0,0.9391432966617392
100017684|F|0-22:A>G-22:A>G,100020284|F|0-15:A>T-15:A>T,5795818.0,5798894.0,0.9690656687888013
100017684|F|0-22:A>G-22:A>G,100035529|F|0-67:G>T-67:G>T,5795818.0,5824287.0,0.9690656687888013
100017684|F|0-22:A>G-22:A>G,100013385|F|0-10:G>T-10:G>T,5795818.0,5824292.0,0.8509448120608497
100017684|F|0-22:A>G-22:A>G,100016127|F|0-26:G>C-26:G>C,5795818.0,6652431.0,0.02570363551111116
100017684|F|0-22:A>G-22:A>G,100019065|F|0-15:C>T-15:C>T,5795818.0,7275159.0,0.12860331099757152
100017684|F|0-22:A>G-22:A>G,100015576|F|0-58:G>T-58:G>T,5795818.0,7291045.0,0.05576162811178745
100017684|F|0-22:A>G-22:A>G,100034454|F|0-32:T>C-32:T>C,5795818.0,8149669.0,0.011276092933425977
100017684|F|0-22:A>G-22:A>G,100032801|F|0-46:T>A-46:T>A,5795818.0,8519507.0,0.013251220007288587
100017684|F|0-22:A>G-22:A>G,100017329|F|0-16:T>C-16:T>C,5795818.0,8519512.0,0.005535144933400229
100017684|F|0-22:A>G-22:A>G,100054119|F|0-9:A>T-9:A>T,5795818.0,8526678.0,0.0031981718686243223
100017684|F|0-22:A>G-22:A>G,100013622|F|0-50:C>T-50:C>T,5795818.0,8526683.0,0.0019963225183366857
100017684|F|0-22:A>G-22:A>G,100013788|F|0-18:C>T-18:C>T,5795818.0,8748310.0,0.0011696018102571705
100017684|F|0-22:A>G-22:A>G,100016003|F|0-33:A>T-33:A>T,5795818.0,9540230.0,0.02086870117915118
100017684|F|0-22:A>G-22:A>G,100038699|F|0-6:A>C-6:A>C,5795818.0,9987300.0,0.002145082208950826
100017684|F|0-22:A>G-22:A>G,100052747|F|0-12:T>G-12:T>G,5795818.0,9988427.0,0.0012877864234242704
100017684|F|0-22:A>G-22:A>G,100018327|F|0-50:C>T-50:C>T,5795818.0,10262280.0,0.06927634055406719
100017684|F|0-22:A>G-22:A>G,100018124|F|0-61:T>A-61:T>A,5795818.0,10817821.0,0.008832745204361217
100017684|F|0-22:A>G-22:A>G,100014259|F|0-39:T>A-39:T>A,5795818.0,10830557.0,0.0595610354898946
100017684|F|0-22:A>G-22:A>G,100017304|F|0-37:T>A-37:T>A,5795818.0,11098034.0,0.025664036985989683
100017684|F|0-22:A>G-22:A>G,100022081|F|0-44:A>C-44:A>C,5795818.0,11365474.0,0.0015373489515437136
100017684|F|0-22:A>G-22:A>G,100015798|F|0-46:G>A-46:G>A,5795818.0,11367259.0,0.01726934058763118
100017684|F|0-22:A>G-22:A>G,100013022|F|0-48:G>C-48:G>C,5795818.0,11376234.0,0.0001632093546716905
100017684|F|0-22:A>G-22:A>G,100017261|F|0-49:C>T-49:C>T,5795818.0,12523186.0,0.03857965154858713
100017684|F|0-22:A>G-22:A>G,100021866|F|0-51:G>C-51:G>C,5795818.0,14537286.0,0.08280544021797492
100017684|F|0-22:A>G-22:A>G,100016572|F|0-65:A>T-65:A>T,5795818.0,15198479.0,1.3636543954299873e-05
100017684|F|0-22:A>G-22:A>G,100036118|F|0-16:G>C-16:G>C,5795818.0,15790762.0,0.1785050142346466
100017684|F|0-22:A>G-22:A>G,100021422|F|0-18:C>G-18:C>G,5795818.0,15863195.0,0.1114375552486511
100017684|F|0-22:A>G-22:A>G,100041283|F|0-68:T>A-68:T>A,5795818.0,16181585.0,0.01581948829542794
100017684|F|0-22:A>G-22:A>G,100053824|F|0-47:A>G-47:A>G,5795818.0,16226345.0,0.023986200749416164
100017684|F|0-22:A>G-22:A>G,100021123|F|0-50:T>C-50:T>C,5795818.0,17173866.0,0.00688956442361495
100017684|F|0-22:A>G-22:A>G,100021768|F|0-13:C>T-13:C>T,5795818.0,17179674.0,0.0192365635781924
100017684|F|0-22:A>G-22:A>G,100040976|F|0-5:T>C-5:T>C,5795818.0,17196207.0,0.004858501526356696
100017684|F|0-22:A>G-22:A>G,100040977|F|0-30:G>T-30:G>T,5795818.0,17196207.0,0.0016840547259514155
100017684|F|0-22:A>G-22:A>G,100016880|F|0-51:C>A-51:C>A,5795818.0,17507025.0,0.0019750534986662043
100017684|F|0-22:A>G-22:A>G,100021275|F|0-33:T>A-33:T>A,5795818.0,17703648.0,0.004662924370953568
100017684|F|0-22:A>G-22:A>G,100017523|F|0-41:C>T-41:C>T,5795818.0,17927516.0,0.00019505773578995357
100017684|F|0-22:A>G-22:A>G,100032842|F|0-24:A>C-24:A>C,5795818.0,18176550.0,0.03371792152310647
100017684|F|0-22:A>G-22:A>G,100032841|F|0-19:T>A-19:T>A,5795818.0,18176550.0,0.004728383045488506
100017684|F|0-22:A>G-22:A>G,100033379|F|0-46:C>G-46:C>G,5795818.0,18202707.0,0.035279452014136334
100017684|F|0-22:A>G-22:A>G,100022600|F|0-31:A>T-31:A>T,5795818.0,18245914.0,0.0005406985851452285
100017684|F|0-22:A>G-22:A>G,100019074|F|0-23:A>T-23:A>T,5795818.0,18451325.0,0.00010793006132026345
100017684|F|0-22:A>G-22:A>G,100035266|F|0-39:C>T-39:C>T,5795818.0,18675661.0,0.014411994360987381
100017684|F|0-22:A>G-22:A>G,100016256|F|0-31:A>C-31:A>C,5795818.0,19574145.0,0.14191139025632327
100017684|F|0-22:A>G-22:A>G,100036101|F|0-41:G>C-41:G>C,5795818.0,19902376.0,0.044722367826873506
100017684|F|0-22:A>G-22:A>G,100044506|F|0-28:G>A-28:G>A,5795818.0,19987479.0,0.01703318784638821
100017684|F|0-22:A>G-22:A>G,100013122|F|0-67:G>A-67:G>A,5795818.0,26458664.0,0.009800418559542643
100017684|F|0-22:A>G-22:A>G,100017906|F|0-31:G>A-31:G>A,5795818.0,26571479.0,0.06709991828883524
100017684|F|0-22:A>G-22:A>G,100021519|F|0-20:C>T-20:C>T,5795818.0,26856823.0,0.03316283226921739
100017684|F|0-22:A>G-22:A>G,100038609|F|0-8:A>T-8:A>T,5795818.0,27247323.0,0.0036413748289448647
100017684|F|0-22:A>G-22:A>G,100028909|F|0-9:C>T-9:C>T,5795818.0,27271569.0,0.0008496916781720104
100017684|F|0-22:A>G-22:A>G,100021397|F|0-9:C>T-9:C>T,5795818.0,27420869.0,0.04514265147786982
100017684|F|0-22:A>G-22:A>G,100017892|F|0-32:A>G-32:A>G,5795818.0,27451898.0,0.022820971973514348
100017684|F|0-22:A>G-22:A>G,100033136|F|0-68:A>G-68:A>G,5795818.0,27783976.0,0.0046698056787100265
100017684|F|0-22:A>G-22:A>G,100020699|F|0-40:A>G-40:A>G,5795818.0,30507860.0,0.005454617581720092
100017684|F|0-22:A>G-22:A>G,100014559|F|0-31:C>A-31:C>A,5795818.0,30836975.0,6.566578190665841e-05
100017684|F|0-22:A>G-22:A>G,100017321|F|0-51:A>T-51:A>T,5795818.0,31197415.0,0.013119349222102585
100017684|F|0-22:A>G-22:A>G,100040910|F|0-51:A>G-51:A>G,5795818.0,31200593.0,0.008519039350660588
100017684|F|0-22:A>G-22:A>G,100016298|F|0-19:G>A-19:G>A,5795818.0,31539538.0,0.053859018275076685
100017684|F|0-22:A>G-22:A>G,100016431|F|0-28:C>T-28:C>T,5795818.0,32001840.0,7.330133794231566e-05
100017684|F|0-22:A>G-22:A>G,100020933|F|0-51:T>C-51:T>C,5795818.0,32243895.0,0.002974076010736479
100017684|F|0-22:A>G-22:A>G,100014677|F|0-27:A>C-27:A>C,5795818.0,32410962.0,0.05286305115198435
100017684|F|0-22:A>G-22:A>G,100017923|F|0-57:A>G-57:A>G,5795818.0,32459789.0,0.01179226099978618
100017684|F|0-22:A>G-22:A>G,100048091|F|0-43:A>T-43:A>T,5795818.0,32463417.0,0.01758449582020884
100017684|F|0-22:A>G-22:A>G,100020456|F|0-16:A>C-16:A>C,5795818.0,32467328.0,0.02756405252111563
100017684|F|0-22:A>G-22:A>G,100034584|F|0-9:T>C-9:T>C,5795818.0,32472994.0,0.021005586098839155
100017684|F|0-22:A>G-22:A>G,100033527|F|0-13:C>T-13:C>T,5795818.0,32475333.0,0.021005586098839155
100017684|F|0-22:A>G-22:A>G,100018446|F|0-67:T>A-67:T>A,5795818.0,33239334.0,0.09496119110473075
100017684|F|0-22:A>G-22:A>G,100013877|F|0-19:G>T-19:G>T,5795818.0,34079859.0,0.01165450439456228
100017684|F|0-22:A>G-22:A>G,100035010|F|0-32:A>C-32:A>C,5795818.0,34165746.0,0.030315409468940895
100017684|F|0-22:A>G-22:A>G,100028703|F|0-9:T>G-9:T>G,5795818.0,34482430.0,0.006298421933845134
100017684|F|0-22:A>G-22:A>G,100014587|F|0-36:A>C-36:A>C,5795818.0,34723473.0,0.00014918390436953778
100017684|F|0-22:A>G-22:A>G,100040405|F|0-35:T>A-35:T>A,5795818.0,34724344.0,0.00034507076643771825
100017684|F|0-22:A>G-22:A>G,100016549|F|0-30:A>G-30:A>G,5795818.0,34725485.0,0.0039814200398142026
100017684|F|0-22:A>G-22:A>G,100013542|F|0-30:C>G-30:C>G,5795818.0,34725490.0,0.01329728151975505
100017684|F|0-22:A>G-22:A>G,100021285|F|0-67:T>C-67:T>C,5795818.0,34855449.0,0.007133377571333782
100017684|F|0-22:A>G-22:A>G,100033734|F|0-65:A>G-65:A>G,5795818.0,35379386.0,0.0005078907636541059
100017684|F|0-22:A>G-22:A>G,100021520|F|0-23:T>C-23:T>C,5795818.0,36065991.0,0.19889965762279932
100017684|F|0-22:A>G-22:A>G,100019045|F|0-23:G>C-23:G>C,5795818.0,36149336.0,0.015902562656572253
100017684|F|0-22:A>G-22:A>G,100057957|F|0-57:C>A-57:C>A,5795818.0,36576268.0,0.04995273727883024
100017684|F|0-22:A>G-22:A>G,100014666|F|0-59:T>C-59:T>C,5795818.0,37090975.0,0.0005505282134698819
100017684|F|0-22:A>G-22:A>G,100038773|F|0-28:C>G-28:C>G,5795818.0,37285877.0,0.003797364125564881
100017684|F|0-22:A>G-22:A>G,100051037|F|0-43:C>T-43:C>T,5795818.0,37902767.0,0.04574236106196441
100017684|F|0-22:A>G-22:A>G,100020809|F|0-53:C>G-53:C>G,5795818.0,39838084.0,0.02646178299717591
100017684|F|0-22:A>G-22:A>G,100029380|F|0-39:A>C-39:A>C,5795818.0,40729560.0,0.03484649051239938
100017684|F|0-22:A>G-22:A>G,100013950|F|0-50:T>C-50:T>C,5795818.0,40800799.0,0.040132745154848715
100017684|F|0-22:A>G-22:A>G,100015799|F|0-68:C>T-68:C>T,5795818.0,40825452.0,0.06295830049420387
100017684|F|0-22:A>G-22:A>G,100043188|F|0-42:C>T-42:C>T,5795818.0,40979122.0,0.03267913161502113
100017684|F|0-22:A>G-22:A>G,100015076|F|0-33:T>C-33:T>C,5795818.0,40986668.0,0.028279421770135933
100017684|F|0-22:A>G-22:A>G,100018802|F|0-14:G>A-14:G>A,5795818.0,40988293.0,0.023849852987571734
100017684|F|0-22:A>G-22:A>G,100018271|F|0-48:A>G-48:A>G,5795818.0,41002080.0,0.03627625241392945
100017684|F|0-22:A>G-22:A>G,100017658|F|0-34:T>G-34:T>G,5795818.0,41027371.0,0.04616255745767313
100017684|F|0-22:A>G-22:A>G,100017206|F|0-15:G>C-15:G>C,5795818.0,41065538.0,0.018904225793735414
100017684|F|0-22:A>G-22:A>G,100040329|F|0-26:A>G-26:A>G,5795818.0,41159215.0,0.001092019849844165
100017684|F|0-22:A>G-22:A>G,100035489|F|0-33:C>A-33:C>A,5795818.0,41159220.0,0.0009009267018029183
100017684|F|0-22:A>G-22:A>G,100021166|F|0-38:T>C-38:T>C,5795818.0,41233248.0,0.0588269749069901
100017684|F|0-22:A>G-22:A>G,100020488|F|0-58:T>G-58:T>G,5795818.0,41740174.0,0.006508268675417865
100017684|F|0-22:A>G-22:A>G,100046856|F|0-65:C>A-65:C>A,5795818.0,41864679.0,0.006932615945122359
100017684|F|0-22:A>G-22:A>G,100021425|F|0-50:G>C-50:G>C,5795818.0,42699263.0,0.004319129775334152
100017684|F|0-22:A>G-22:A>G,100032947|F|0-10:A>C-10:A>C,5795818.0,42744717.0,0.0008162038364868495
100017684|F|0-22:A>G-22:A>G,100014347|F|0-68:T>C-68:T>C,5795818.0,42858969.0,0.0282884078504516
100017684|F|0-22:A>G-22:A>G,100016630|F|0-66:A>T-66:A>T,5795818.0,43750313.0,0.005443356750161559
100017684|F|0-22:A>G-22:A>G,100015319|F|0-34:T>A-34:T>A,5795818.0,44449888.0,0.0016586452653216907
100017684|F|0-22:A>G-22:A>G,100018345|F|0-65:A>C-65:A>C,5795818.0,44788831.0,0.0726521568828046
100017684|F|0-22:A>G-22:A>G,100017310|F|0-9:T>G-9:T>G,5795818.0,44906172.0,0.013667094542408647
100017684|F|0-22:A>G-22:A>G,100048863|F|0-39:A>G-39:A>G,5795818.0,44946182.0,0.07428795342291244
100017684|F|0-22:A>G-22:A>G,100033264|F|0-61:C>T-61:C>T,5795818.0,44989593.0,0.0012000361150386733
100017684|F|0-22:A>G-22:A>G,100020314|F|0-31:G>A-31:G>A,5795818.0,45007549.0,0.005458461928039872
100017684|F|0-22:A>G-22:A>G,100041823|F|0-64:C>T-64:C>T,5795818.0,45303483.0,0.0054231225878635415
100017684|F|0-22:A>G-22:A>G,100015397|F|0-30:G>C-30:G>C,5795818.0,45844613.0,0.001185814394819934
100017684|F|0-22:A>G-22:A>G,100029049|F|0-10:A>G-10:A>G,5795818.0,46654939.0,0.0030027880643020612
100017684|F|0-22:A>G-22:A>G,100030430|F|0-19:A>C-19:A>C,5795818.0,46846957.0,0.007551409074187848
100017684|F|0-22:A>G-22:A>G,100021654|F|0-23:G>T-23:G>T,5795818.0,46876617.0,0.0003875993029414134
100017684|F|0-22:A>G-22:A>G,100034493|F|0-32:C>T-32:C>T,5795818.0,46898850.0,0.00045110555388182006
100017684|F|0-22:A>G-22:A>G,100019198|F|0-35:G>T-35:G>T,5795818.0,46921983.0,0.006550274734332679
100017684|F|0-22:A>G-22:A>G,100020755|F|0-11:C>A-11:C>A,5795818.0,46921988.0,0.0032213735428520372
100017684|F|0-22:A>G-22:A>G,100030713|F|0-35:T>A-35:T>A,5795818.0,46975334.0,0.006498450874337028
100017684|F|0-22:A>G-22:A>G,100035377|F|0-67:C>G-67:C>G,5795818.0,47016484.0,3.0096003125818477e-05
100017684|F|0-22:A>G-22:A>G,100014882|F|0-19:A>G-19:A>G,5795818.0,47035718.0,0.006534177311435541
100017684|F|0-22:A>G-22:A>G,100016158|F|0-51:C>A-51:C>A,5795818.0,47150489.0,0.001429617212697336
100034306|F|0-9:C>T-9:C>T,100020284|F|0-15:A>T-15:A>T,5796467.0,5798894.0,0.9104112288831513
100034306|F|0-9:C>T-9:C>T,100035529|F|0-67:G>T-67:G>T,5796467.0,5824287.0,0.9104112288831513
100034306|F|0-9:C>T-9:C>T,100013385|F|0-10:G>T-10:G>T,5796467.0,5824292.0,0.8482425079866796
100034306|F|0-9:C>T-9:C>T,100016127|F|0-26:G>C-26:G>C,5796467.0,6652431.0,0.021611325519313985
100034306|F|0-9:C>T-9:C>T,100019065|F|0-15:C>T-15:C>T,5796467.0,7275159.0,0.11638012681370404
100034306|F|0-9:C>T-9:C>T,100015576|F|0-58:G>T-58:G>T,5796467.0,7291045.0,0.04653672315569118
100034306|F|0-9:C>T-9:C>T,100034454|F|0-32:T>C-32:T>C,5796467.0,8149669.0,0.004128699343077021
100034306|F|0-9:C>T-9:C>T,100032801|F|0-46:T>A-46:T>A,5796467.0,8519507.0,0.008005227774217964
100034306|F|0-9:C>T-9:C>T,100017329|F|0-16:T>C-16:T>C,5796467.0,8519512.0,0.012495534409405368
100034306|F|0-9:C>T-9:C>T,100054119|F|0-9:A>T-9:A>T,5796467.0,8526678.0,0.0038472570067026434
100034306|F|0-9:C>T-9:C>T,100013622|F|0-50:C>T-50:C>T,5796467.0,8526683.0,0.00044356386236698593
100034306|F|0-9:C>T-9:C>T,100013788|F|0-18:C>T-18:C>T,5796467.0,8748310.0,0.0023948883503051
100034306|F|0-9:C>T-9:C>T,100016003|F|0-33:A>T-33:A>T,5796467.0,9540230.0,0.02045592593216853
100034306|F|0-9:C>T-9:C>T,100038699|F|0-6:A>C-6:A>C,5796467.0,9987300.0,0.0028110667258470115
100034306|F|0-9:C>T-9:C>T,100052747|F|0-12:T>G-12:T>G,5796467.0,9988427.0,0.005581597817844264
100034306|F|0-9:C>T-9:C>T,100018327|F|0-50:C>T-50:C>T,5796467.0,10262280.0,0.062186617565853114
100034306|F|0-9:C>T-9:C>T,100018124|F|0-61:T>A-61:T>A,5796467.0,10817821.0,0.009180523796057516
100034306|F|0-9:C>T-9:C>T,100014259|F|0-39:T>A-39:T>A,5796467.0,10830557.0,0.040206691573564844
100034306|F|0-9:C>T-9:C>T,100017304|F|0-37:T>A-37:T>A,5796467.0,11098034.0,0.026827865875801948
100034306|F|0-9:C>T-9:C>T,100022081|F|0-44:A>C-44:A>C,5796467.0,11365474.0,0.0008676374762727804
100034306|F|0-9:C>T-9:C>T,100015798|F|0-46:G>A-46:G>A,5796467.0,11367259.0,0.01465404357122729
100034306|F|0-9:C>T-9:C>T,100013022|F|0-48:G>C-48:G>C,5796467.0,11376234.0,8.354727624740067e-07
100034306|F|0-9:C>T-9:C>T,100017261|F|0-49:C>T-49:C>T,5796467.0,12523186.0,0.034202458737187635
100034306|F|0-9:C>T-9:C>T,100021866|F|0-51:G>C-51:G>C,5796467.0,14537286.0,0.08222679221692039
100034306|F|0-9:C>T-9:C>T,100016572|F|0-65:A>T-65:A>T,5796467.0,15198479.0,0.0011534665735541052
100034306|F|0-9:C>T-9:C>T,100036118|F|0-16:G>C-16:G>C,5796467.0,15790762.0,0.17657378158087644
100034306|F|0-9:C>T-9:C>T,100021422|F|0-18:C>G-18:C>G,5796467.0,15863195.0,0.11159923792226764
100034306|F|0-9:C>T-9:C>T,100041283|F|0-68:T>A-68:T>A,5796467.0,16181585.0,0.009174007610256305
100034306|F|0-9:C>T-9:C>T,100053824|F|0-47:A>G-47:A>G,5796467.0,16226345.0,0.024172653023145398
100034306|F|0-9:C>T-9:C>T,100021123|F|0-50:T>C-50:T>C,5796467.0,17173866.0,0.0013323317638705102
100034306|F|0-9:C>T-9:C>T,100021768|F|0-13:C>T-13:C>T,5796467.0,17179674.0,0.013979610737738997
100034306|F|0-9:C>T-9:C>T,100040976|F|0-5:T>C-5:T>C,5796467.0,17196207.0,0.0023094892868783853
100034306|F|0-9:C>T-9:C>T,100040977|F|0-30:G>T-30:G>T,5796467.0,17196207.0,0.0003741809310966279
100034306|F|0-9:C>T-9:C>T,100016880|F|0-51:C>A-51:C>A,5796467.0,17507025.0,0.0009388419189407449
100034306|F|0-9:C>T-9:C>T,100021275|F|0-33:T>A-33:T>A,5796467.0,17703648.0,0.010258325005328995
100034306|F|0-9:C>T-9:C>T,100017523|F|0-41:C>T-41:C>T,5796467.0,17927516.0,0.00021200919179259386
100034306|F|0-9:C>T-9:C>T,100032842|F|0-24:A>C-24:A>C,5796467.0,18176550.0,0.03694111486021137
100034306|F|0-9:C>T-9:C>T,100032841|F|0-19:T>A-19:T>A,5796467.0,18176550.0,0.006858673773090089
100034306|F|0-9:C>T-9:C>T,100033379|F|0-46:C>G-46:C>G,5796467.0,18202707.0,0.038622757516070125
100034306|F|0-9:C>T-9:C>T,100022600|F|0-31:A>T-31:A>T,5796467.0,18245914.0,8.786152313961021e-05
100034306|F|0-9:C>T-9:C>T,100019074|F|0-23:A>T-23:A>T,5796467.0,18451325.0,0.0005895753453227026
100034306|F|0-9:C>T-9:C>T,100035266|F|0-39:C>T-39:C>T,5796467.0,18675661.0,0.017989401012839617
100034306|F|0-9:C>T-9:C>T,100016256|F|0-31:A>C-31:A>C,5796467.0,19574145.0,0.12362973399807997
100034306|F|0-9:C>T-9:C>T,100036101|F|0-41:G>C-41:G>C,5796467.0,19902376.0,0.043099354034154255
100034306|F|0-9:C>T-9:C>T,100044506|F|0-28:G>A-28:G>A,5796467.0,19987479.0,0.014651825734701147
100034306|F|0-9:C>T-9:C>T,100013122|F|0-67:G>A-67:G>A,5796467.0,26458664.0,0.012910136911468445
100034306|F|0-9:C>T-9:C>T,100017906|F|0-31:G>A-31:G>A,5796467.0,26571479.0,0.06532407780520462
100034306|F|0-9:C>T-9:C>T,100021519|F|0-20:C>T-20:C>T,5796467.0,26856823.0,0.03771912722603052
100034306|F|0-9:C>T-9:C>T,100038609|F|0-8:A>T-8:A>T,5796467.0,27247323.0,0.0010791282439458348
100034306|F|0-9:C>T-9:C>T,100028909|F|0-9:C>T-9:C>T,5796467.0,27271569.0,0.00011777317367457293
100034306|F|0-9:C>T-9:C>T,100021397|F|0-9:C>T-9:C>T,5796467.0,27420869.0,0.04730074609174039
100034306|F|0-9:C>T-9:C>T,100017892|F|0-32:A>G-32:A>G,5796467.0,27451898.0,0.01808315740868944
100034306|F|0-9:C>T-9:C>T,100033136|F|0-68:A>G-68:A>G,5796467.0,27783976.0,0.0023025893174595407
100034306|F|0-9:C>T-9:C>T,100020699|F|0-40:A>G-40:A>G,5796467.0,30507860.0,0.007643793782203435
100034306|F|0-9:C>T-9:C>T,100014559|F|0-31:C>A-31:C>A,5796467.0,30836975.0,6.588437638703875e-05
100034306|F|0-9:C>T-9:C>T,100017321|F|0-51:A>T-51:A>T,5796467.0,31197415.0,0.019030043793829117
100034306|F|0-9:C>T-9:C>T,100040910|F|0-51:A>G-51:A>G,5796467.0,31200593.0,0.011867020681860622
100034306|F|0-9:C>T-9:C>T,100016298|F|0-19:G>A-19:G>A,5796467.0,31539538.0,0.044085363659265145
100034306|F|0-9:C>T-9:C>T,100016431|F|0-28:C>T-28:C>T,5796467.0,32001840.0,7.354535038553241e-05
100034306|F|0-9:C>T-9:C>T,100020933|F|0-51:T>C-51:T>C,5796467.0,32243895.0,0.001796676522666418
100034306|F|0-9:C>T-9:C>T,100014677|F|0-27:A>C-27:A>C,5796467.0,32410962.0,0.06497402059180095
100034306|F|0-9:C>T-9:C>T,100017923|F|0-57:A>G-57:A>G,5796467.0,32459789.0,0.014185559944847013
100034306|F|0-9:C>T-9:C>T,100048091|F|0-43:A>T-43:A>T,5796467.0,32463417.0,0.020192917902475866
100034306|F|0-9:C>T-9:C>T,100020456|F|0-16:A>C-16:A>C,5796467.0,32467328.0,0.030372775966885864
100034306|F|0-9:C>T-9:C>T,100034584|F|0-9:T>C-9:T>C,5796467.0,32472994.0,0.02359855216281119
100034306|F|0-9:C>T-9:C>T,100033527|F|0-13:C>T-13:C>T,5796467.0,32475333.0,0.02359855216281119
100034306|F|0-9:C>T-9:C>T,100018446|F|0-67:T>A-67:T>A,5796467.0,33239334.0,0.10633805047251704
100034306|F|0-9:C>T-9:C>T,100013877|F|0-19:G>T-19:G>T,5796467.0,34079859.0,0.011938822948712045
100034306|F|0-9:C>T-9:C>T,100035010|F|0-32:A>C-32:A>C,5796467.0,34165746.0,0.02393166028540614
100034306|F|0-9:C>T-9:C>T,100028703|F|0-9:T>G-9:T>G,5796467.0,34482430.0,0.00560036100617751
100034306|F|0-9:C>T-9:C>T,100014587|F|0-36:A>C-36:A>C,5796467.0,34723473.0,5.9872208757625216e-06
100034306|F|0-9:C>T-9:C>T,100040405|F|0-35:T>A-35:T>A,5796467.0,34724344.0,2.9181870060698087e-05
100034306|F|0-9:C>T-9:C>T,100016549|F|0-30:A>G-30:A>G,5796467.0,34725485.0,0.002247003994673766
100034306|F|0-9:C>T-9:C>T,100013542|F|0-30:C>G-30:C>G,5796467.0,34725490.0,0.018235707391949702
100034306|F|0-9:C>T-9:C>T,100021285|F|0-67:T>C-67:T>C,5796467.0,34855449.0,0.014285458535905614
100034306|F|0-9:C>T-9:C>T,100033734|F|0-65:A>G-65:A>G,5796467.0,35379386.0,0.0016448312247405149
100034306|F|0-9:C>T-9:C>T,100021520|F|0-23:T>C-23:T>C,5796467.0,36065991.0,0.2176128229653104
100034306|F|0-9:C>T-9:C>T,100019045|F|0-23:G>C-23:G>C,5796467.0,36149336.0,0.012936954195191488
100034306|F|0-9:C>T-9:C>T,100057957|F|0-57:C>A-57:C>A,5796467.0,36576268.0,0.04151381403464852
100034306|F|0-9:C>T-9:C>T,100014666|F|0-59:T>C-59:T>C,5796467.0,37090975.0,2.209443455923099e-05
100034306|F|0-9:C>T-9:C>T,100038773|F|0-28:C>G-28:C>G,5796467.0,37285877.0,0.0009355682690718938
100034306|F|0-9:C>T-9:C>T,100051037|F|0-43:C>T-43:C>T,5796467.0,37902767.0,0.05492166727362457
100034306|F|0-9:C>T-9:C>T,100020809|F|0-53:C>G-53:C>G,5796467.0,39838084.0,0.03243349952001989
100034306|F|0-9:C>T-9:C>T,100029380|F|0-39:A>C-39:A>C,5796467.0,40729560.0,0.03902128673608232
100034306|F|0-9:C>T-9:C>T,100013950|F|0-50:T>C-50:T>C,5796467.0,40800799.0,0.035452729693741775
100034306|F|0-9:C>T-9:C>T,100015799|F|0-68:C>T-68:C>T,5796467.0,40825452.0,0.0454538353194538
100034306|F|0-9:C>T-9:C>T,100043188|F|0-42:C>T-42:C>T,5796467.0,40979122.0,0.028044858940010804
100034306|F|0-9:C>T-9:C>T,100015076|F|0-33:T>C-33:T>C,5796467.0,40986668.0,0.02377701742262074
100034306|F|0-9:C>T-9:C>T,100018802|F|0-14:G>A-14:G>A,5796467.0,40988293.0,0.028044858940010804
100034306|F|0-9:C>T-9:C>T,100018271|F|0-48:A>G-48:A>G,5796467.0,41002080.0,0.03127256118114207
100034306|F|0-9:C>T-9:C>T,100017658|F|0-34:T>G-34:T>G,5796467.0,41027371.0,0.041008197531383926
100034306|F|0-9:C>T-9:C>T,100017206|F|0-15:G>C-15:G>C,5796467.0,41065538.0,0.01364032339819135
100034306|F|0-9:C>T-9:C>T,100040329|F|0-26:A>G-26:A>G,5796467.0,41159215.0,0.0015060371698256652
100034306|F|0-9:C>T-9:C>T,100035489|F|0-33:C>A-33:C>A,5796467.0,41159220.0,5.004433450640612e-05
100034306|F|0-9:C>T-9:C>T,100021166|F|0-38:T>C-38:T>C,5796467.0,41233248.0,0.05239656760969587
100034306|F|0-9:C>T-9:C>T,100020488|F|0-58:T>G-58:T>G,5796467.0,41740174.0,0.012388044990292276
100034306|F|0-9:C>T-9:C>T,100046856|F|0-65:C>A-65:C>A,5796467.0,41864679.0,0.00936755239298767
100034306|F|0-9:C>T-9:C>T,100021425|F|0-50:G>C-50:G>C,5796467.0,42699263.0,0.0029523317792020647
100034306|F|0-9:C>T-9:C>T,100032947|F|0-10:A>C-10:A>C,5796467.0,42744717.0,0.00016176215174311474
100034306|F|0-9:C>T-9:C>T,100014347|F|0-68:T>C-68:T>C,5796467.0,42858969.0,0.009994396146193706
100034306|F|0-9:C>T-9:C>T,100016630|F|0-66:A>T-66:A>T,5796467.0,43750313.0,0.0026840121337780363
100034306|F|0-9:C>T-9:C>T,100015319|F|0-34:T>A-34:T>A,5796467.0,44449888.0,0.0007884372270362417
100034306|F|0-9:C>T-9:C>T,100018345|F|0-65:A>C-65:A>C,5796467.0,44788831.0,0.06669319471257605
100034306|F|0-9:C>T-9:C>T,100017310|F|0-9:T>G-9:T>G,5796467.0,44906172.0,0.026543843181768556
100034306|F|0-9:C>T-9:C>T,100048863|F|0-39:A>G-39:A>G,5796467.0,44946182.0,0.0681948224940547
100034306|F|0-9:C>T-9:C>T,100033264|F|0-61:C>T-61:C>T,5796467.0,44989593.0,0.00046525372598754357
100034306|F|0-9:C>T-9:C>T,100020314|F|0-31:G>A-31:G>A,5796467.0,45007549.0,0.0013270327321027895
100034306|F|0-9:C>T-9:C>T,100041823|F|0-64:C>T-64:C>T,5796467.0,45303483.0,0.008883894717357434
100034306|F|0-9:C>T-9:C>T,100015397|F|0-30:G>C-30:G>C,5796467.0,45844613.0,0.002292325731296692
100034306|F|0-9:C>T-9:C>T,100029049|F|0-10:A>G-10:A>G,5796467.0,46654939.0,0.0013894444504101936
100034306|F|0-9:C>T-9:C>T,100030430|F|0-19:A>C-19:A>C,5796467.0,46846957.0,0.007634493531171537
100034306|F|0-9:C>T-9:C>T,100021654|F|0-23:G>T-23:G>T,5796467.0,46876617.0,0.0011238908869171404
100034306|F|0-9:C>T-9:C>T,100034493|F|0-32:C>T-32:C>T,5796467.0,46898850.0,0.0013637834291290224
100034306|F|0-9:C>T-9:C>T,100019198|F|0-35:G>T-35:G>T,5796467.0,46921983.0,0.016642146245895093
100034306|F|0-9:C>T-9:C>T,100020755|F|0-11:C>A-11:C>A,5796467.0,46921988.0,0.005159934508126243
100034306|F|0-9:C>T-9:C>T,100030713|F|0-35:T>A-35:T>A,5796467.0,46975334.0,0.0023948883503051048
100034306|F|0-9:C>T-9:C>T,100035377|F|0-67:C>G-67:C>G,5796467.0,47016484.0,6.6870454376378345e-06
100034306|F|0-9:C>T-9:C>T,100014882|F|0-19:A>G-19:A>G,5796467.0,47035718.0,0.004585899356413654
100034306|F|0-9:C>T-9:C>T,100016158|F|0-51:C>A-51:C>A,5796467.0,47150489.0,0.0006795687145821095
100020284|F|0-15:A>T-15:A>T,100035529|F|0-67:G>T-67:G>T,5798894.0,5824287.0,1.0000000000000004
100020284|F|0-15:A>T-15:A>T,100013385|F|0-10:G>T-10:G>T,5798894.0,5824292.0,0.8825843830677846
100020284|F|0-15:A>T-15:A>T,100016127|F|0-26:G>C-26:G>C,5798894.0,6652431.0,0.027905024274498928
100020284|F|0-15:A>T-15:A>T,100019065|F|0-15:C>T-15:C>T,5798894.0,7275159.0,0.1249409541804439
100020284|F|0-15:A>T-15:A>T,100015576|F|0-58:G>T-58:G>T,5798894.0,7291045.0,0.07106213592512026
100020284|F|0-15:A>T-15:A>T,100034454|F|0-32:T>C-32:T>C,5798894.0,8149669.0,0.01617147186501758
100020284|F|0-15:A>T-15:A>T,100032801|F|0-46:T>A-46:T>A,5798894.0,8519507.0,0.01637549448063913
100020284|F|0-15:A>T-15:A>T,100017329|F|0-16:T>C-16:T>C,5798894.0,8519512.0,0.007528951284207804
100020284|F|0-15:A>T-15:A>T,100054119|F|0-9:A>T-9:A>T,5798894.0,8526678.0,0.004740461621452525
100020284|F|0-15:A>T-15:A>T,100013622|F|0-50:C>T-50:C>T,5798894.0,8526683.0,0.0031909624488091217
100020284|F|0-15:A>T-15:A>T,100013788|F|0-18:C>T-18:C>T,5798894.0,8748310.0,0.0007215712840867923
100020284|F|0-15:A>T-15:A>T,100016003|F|0-33:A>T-33:A>T,5798894.0,9540230.0,0.029492340273658425
100020284|F|0-15:A>T-15:A>T,100038699|F|0-6:A>C-6:A>C,5798894.0,9987300.0,0.003543600795755974
100020284|F|0-15:A>T-15:A>T,100052747|F|0-12:T>G-12:T>G,5798894.0,9988427.0,0.0024591987803695933
100020284|F|0-15:A>T-15:A>T,100018327|F|0-50:C>T-50:C>T,5798894.0,10262280.0,0.07302810806535277
100020284|F|0-15:A>T-15:A>T,100018124|F|0-61:T>A-61:T>A,5798894.0,10817821.0,0.014304161210533984
100020284|F|0-15:A>T-15:A>T,100014259|F|0-39:T>A-39:T>A,5798894.0,10830557.0,0.07070130308737547
100020284|F|0-15:A>T-15:A>T,100017304|F|0-37:T>A-37:T>A,5798894.0,11098034.0,0.017479763366337848
100020284|F|0-15:A>T-15:A>T,100022081|F|0-44:A>C-44:A>C,5798894.0,11365474.0,0.0032940942240281923
100020284|F|0-15:A>T-15:A>T,100015798|F|0-46:G>A-46:G>A,5798894.0,11367259.0,0.006550128223472049
100020284|F|0-15:A>T-15:A>T,100013022|F|0-48:G>C-48:G>C,5798894.0,11376234.0,0.00109852861333716
100020284|F|0-15:A>T-15:A>T,100017261|F|0-49:C>T-49:C>T,5798894.0,12523186.0,0.04090201098019883
100020284|F|0-15:A>T-15:A>T,100021866|F|0-51:G>C-51:G>C,5798894.0,14537286.0,0.07525074052445334
100020284|F|0-15:A>T-15:A>T,100016572|F|0-65:A>T-65:A>T,5798894.0,15198479.0,0.0005055690303886516
100020284|F|0-15:A>T-15:A>T,100036118|F|0-16:G>C-16:G>C,5798894.0,15790762.0,0.1668008775108026
100020284|F|0-15:A>T-15:A>T,100021422|F|0-18:C>G-18:C>G,5798894.0,15863195.0,0.12159882276855612
100020284|F|0-15:A>T-15:A>T,100041283|F|0-68:T>A-68:T>A,5798894.0,16181585.0,0.010426007910361865
100020284|F|0-15:A>T-15:A>T,100053824|F|0-47:A>G-47:A>G,5798894.0,16226345.0,0.01914957921986253
100020284|F|0-15:A>T-15:A>T,100021123|F|0-50:T>C-50:T>C,5798894.0,17173866.0,0.004345198058845006
100020284|F|0-15:A>T-15:A>T,100021768|F|0-13:C>T-13:C>T,5798894.0,17179674.0,0.01462889088466066
100020284|F|0-15:A>T-15:A>T,100040976|F|0-5:T>C-5:T>C,5798894.0,17196207.0,0.002691827268836239
100020284|F|0-15:A>T-15:A>T,100040977|F|0-30:G>T-30:G>T,5798894.0,17196207.0,0.0005394755231520436
100020284|F|0-15:A>T-15:A>T,100016880|F|0-51:C>A-51:C>A,5798894.0,17507025.0,0.002636873754966816
100020284|F|0-15:A>T-15:A>T,100021275|F|0-33:T>A-33:T>A,5798894.0,17703648.0,0.004137669091249996
100020284|F|0-15:A>T-15:A>T,100017523|F|0-41:C>T-41:C>T,5798894.0,17927516.0,0.0016601793373636447
100020284|F|0-15:A>T-15:A>T,100032842|F|0-24:A>C-24:A>C,5798894.0,18176550.0,0.025845537067296857
100020284|F|0-15:A>T-15:A>T,100032841|F|0-19:T>A-19:T>A,5798894.0,18176550.0,0.0023841278590783326
100020284|F|0-15:A>T-15:A>T,100033379|F|0-46:C>G-46:C>G,5798894.0,18202707.0,0.02765455907153327
100020284|F|0-15:A>T-15:A>T,100022600|F|0-31:A>T-31:A>T,5798894.0,18245914.0,0.0019058156145090157
100020284|F|0-15:A>T-15:A>T,100019074|F|0-23:A>T-23:A>T,5798894.0,18451325.0,1.1984276629062756e-05
100020284|F|0-15:A>T-15:A>T,100035266|F|0-39:C>T-39:C>T,5798894.0,18675661.0,0.028190014700712664
100020284|F|0-15:A>T-15:A>T,100016256|F|0-31:A>C-31:A>C,5798894.0,19574145.0,0.13544429708222852
100020284|F|0-15:A>T-15:A>T,100036101|F|0-41:G>C-41:G>C,5798894.0,19902376.0,0.03419000922867972
100020284|F|0-15:A>T-15:A>T,100044506|F|0-28:G>A-28:G>A,5798894.0,19987479.0,0.0018913214032203888
100020284|F|0-15:A>T-15:A>T,100013122|F|0-67:G>A-67:G>A,5798894.0,26458664.0,0.012395429504182811
100020284|F|0-15:A>T-15:A>T,100017906|F|0-31:G>A-31:G>A,5798894.0,26571479.0,0.07564805237980904
100020284|F|0-15:A>T-15:A>T,100021519|F|0-20:C>T-20:C>T,5798894.0,26856823.0,0.04112924393741209
100020284|F|0-15:A>T-15:A>T,100038609|F|0-8:A>T-8:A>T,5798894.0,27247323.0,0.0074911674389425194
100020284|F|0-15:A>T-15:A>T,100028909|F|0-9:C>T-9:C>T,5798894.0,27271569.0,0.002554633078721219
100020284|F|0-15:A>T-15:A>T,100021397|F|0-9:C>T-9:C>T,5798894.0,27420869.0,0.055058862489813475
100020284|F|0-15:A>T-15:A>T,100017892|F|0-32:A>G-32:A>G,5798894.0,27451898.0,0.029760045978631612
100020284|F|0-15:A>T-15:A>T,100033136|F|0-68:A>G-68:A>G,5798894.0,27783976.0,0.006166191183793641
100020284|F|0-15:A>T-15:A>T,100020699|F|0-40:A>G-40:A>G,5798894.0,30507860.0,0.008579244031830248
100020284|F|0-15:A>T-15:A>T,100014559|F|0-31:C>A-31:C>A,5798894.0,30836975.0,0.0002624889478337746
100020284|F|0-15:A>T-15:A>T,100017321|F|0-51:A>T-51:A>T,5798894.0,31197415.0,0.015499734087358066
100020284|F|0-15:A>T-15:A>T,100040910|F|0-51:A>G-51:A>G,5798894.0,31200593.0,0.010170945795452253
100020284|F|0-15:A>T-15:A>T,100016298|F|0-19:G>A-19:G>A,5798894.0,31539538.0,0.06627715248404914
100020284|F|0-15:A>T-15:A>T,100016431|F|0-28:C>T-28:C>T,5798894.0,32001840.0,0.0006592745666522694
100020284|F|0-15:A>T-15:A>T,100020933|F|0-51:T>C-51:T>C,5798894.0,32243895.0,0.0055912542102363365
100020284|F|0-15:A>T-15:A>T,100014677|F|0-27:A>C-27:A>C,5798894.0,32410962.0,0.06554165026793013
100020284|F|0-15:A>T-15:A>T,100017923|F|0-57:A>G-57:A>G,5798894.0,32459789.0,0.017478973299731755
100020284|F|0-15:A>T-15:A>T,100048091|F|0-43:A>T-43:A>T,5798894.0,32463417.0,0.02538909162121941
100020284|F|0-15:A>T-15:A>T,100020456|F|0-16:A>C-16:A>C,5798894.0,32467328.0,0.036511156186612506
100020284|F|0-15:A>T-15:A>T,100034584|F|0-9:T>C-9:T>C,5798894.0,32472994.0,0.029399707684911573
100020284|F|0-15:A>T-15:A>T,100033527|F|0-13:C>T-13:C>T,5798894.0,32475333.0,0.029399707684911573
100020284|F|0-15:A>T-15:A>T,100018446|F|0-67:T>A-67:T>A,5798894.0,33239334.0,0.08961666698668795
100020284|F|0-15:A>T-15:A>T,100013877|F|0-19:G>T-19:G>T,5798894.0,34079859.0,0.006494418020874614
100020284|F|0-15:A>T-15:A>T,100035010|F|0-32:A>C-32:A>C,5798894.0,34165746.0,0.02690052910349313
100020284|F|0-15:A>T-15:A>T,100028703|F|0-9:T>G-9:T>G,5798894.0,34482430.0,0.011939717668106649
100020284|F|0-15:A>T-15:A>T,100014587|F|0-36:A>C-36:A>C,5798894.0,34723473.0,0.0003816575386905327
100020284|F|0-15:A>T-15:A>T,100040405|F|0-35:T>A-35:T>A,5798894.0,34724344.0,0.0006329877019532192
100020284|F|0-15:A>T-15:A>T,100016549|F|0-30:A>G-30:A>G,5798894.0,34725485.0,0.005035643236074281
100020284|F|0-15:A>T-15:A>T,100013542|F|0-30:C>G-30:C>G,5798894.0,34725490.0,0.01113616508272239
100020284|F|0-15:A>T-15:A>T,100021285|F|0-67:T>C-67:T>C,5798894.0,34855449.0,0.008158040836469036
100020284|F|0-15:A>T-15:A>T,100033734|F|0-65:A>G-65:A>G,5798894.0,35379386.0,0.0010044640253447455
100020284|F|0-15:A>T-15:A>T,100021520|F|0-23:T>C-23:T>C,5798894.0,36065991.0,0.19007001780799782
100020284|F|0-15:A>T-15:A>T,100019045|F|0-23:G>C-23:G>C,5798894.0,36149336.0,0.011076108969369766
100020284|F|0-15:A>T-15:A>T,100057957|F|0-57:C>A-57:C>A,5798894.0,36576268.0,0.054507603236802434
100020284|F|0-15:A>T-15:A>T,100014666|F|0-59:T>C-59:T>C,5798894.0,37090975.0,0.0014084176427783368
100020284|F|0-15:A>T-15:A>T,100038773|F|0-28:C>G-28:C>G,5798894.0,37285877.0,0.00813665317818349
100020284|F|0-15:A>T-15:A>T,100051037|F|0-43:C>T-43:C>T,5798894.0,37902767.0,0.04151897378010697
100020284|F|0-15:A>T-15:A>T,100020809|F|0-53:C>G-53:C>G,5798894.0,39838084.0,0.023733884399481892
100020284|F|0-15:A>T-15:A>T,100029380|F|0-39:A>C-39:A>C,5798894.0,40729560.0,0.038274919917090595
100020284|F|0-15:A>T-15:A>T,100013950|F|0-50:T>C-50:T>C,5798894.0,40800799.0,0.027071775258091367
100020284|F|0-15:A>T-15:A>T,100015799|F|0-68:C>T-68:C>T,5798894.0,40825452.0,0.0561655526721504
100020284|F|0-15:A>T-15:A>T,100043188|F|0-42:C>T-42:C>T,5798894.0,40979122.0,0.04026839863022786
100020284|F|0-15:A>T-15:A>T,100015076|F|0-33:T>C-33:T>C,5798894.0,40986668.0,0.0355174030425012
100020284|F|0-15:A>T-15:A>T,100018802|F|0-14:G>A-14:G>A,5798894.0,40988293.0,0.021906335810493505
100020284|F|0-15:A>T-15:A>T,100018271|F|0-48:A>G-48:A>G,5798894.0,41002080.0,0.03400297158422584
100020284|F|0-15:A>T-15:A>T,100017658|F|0-34:T>G-34:T>G,5798894.0,41027371.0,0.04339205688531018
100020284|F|0-15:A>T-15:A>T,100017206|F|0-15:G>C-15:G>C,5798894.0,41065538.0,0.025644816095145972
100020284|F|0-15:A>T-15:A>T,100040329|F|0-26:A>G-26:A>G,5798894.0,41159215.0,1.8247735747530402e-05
100020284|F|0-15:A>T-15:A>T,100035489|F|0-33:C>A-33:C>A,5798894.0,41159220.0,0.003870987504951326
100020284|F|0-15:A>T-15:A>T,100021166|F|0-38:T>C-38:T>C,5798894.0,41233248.0,0.049658142356091395
100020284|F|0-15:A>T-15:A>T,100020488|F|0-58:T>G-58:T>G,5798894.0,41740174.0,0.0013336692203962399
100020284|F|0-15:A>T-15:A>T,100046856|F|0-65:C>A-65:C>A,5798894.0,41864679.0,0.0058607279224180235
100020284|F|0-15:A>T-15:A>T,100021425|F|0-50:G>C-50:G>C,5798894.0,42699263.0,0.003016468049895217
100020284|F|0-15:A>T-15:A>T,100032947|F|0-10:A>C-10:A>C,5798894.0,42744717.0,0.0013317453970978286
100020284|F|0-15:A>T-15:A>T,100014347|F|0-68:T>C-68:T>C,5798894.0,42858969.0,0.02510185915358329
100020284|F|0-15:A>T-15:A>T,100016630|F|0-66:A>T-66:A>T,5798894.0,43750313.0,0.007187617796627808
100020284|F|0-15:A>T-15:A>T,100015319|F|0-34:T>A-34:T>A,5798894.0,44449888.0,0.0022144403540868074
100020284|F|0-15:A>T-15:A>T,100018345|F|0-65:A>C-65:A>C,5798894.0,44788831.0,0.055488818522263526
100020284|F|0-15:A>T-15:A>T,100017310|F|0-9:T>G-9:T>G,5798894.0,44906172.0,0.011385995999478205
100020284|F|0-15:A>T-15:A>T,100048863|F|0-39:A>G-39:A>G,5798894.0,44946182.0,0.0569399102224036
100020284|F|0-15:A>T-15:A>T,100033264|F|0-61:C>T-61:C>T,5798894.0,44989593.0,0.0016959308172354278
100020284|F|0-15:A>T-15:A>T,100020314|F|0-31:G>A-31:G>A,5798894.0,45007549.0,0.006242534461124127
100020284|F|0-15:A>T-15:A>T,100041823|F|0-64:C>T-64:C>T,5798894.0,45303483.0,0.002544352392620521
100020284|F|0-15:A>T-15:A>T,100015397|F|0-30:G>C-30:G>C,5798894.0,45844613.0,0.0007697798577438389
100020284|F|0-15:A>T-15:A>T,100029049|F|0-10:A>G-10:A>G,5798894.0,46654939.0,0.0019492812526739017
100020284|F|0-15:A>T-15:A>T,100030430|F|0-19:A>C-19:A>C,5798894.0,46846957.0,0.010496736239613322
100020284|F|0-15:A>T-15:A>T,100021654|F|0-23:G>T-23:G>T,5798894.0,46876617.0,0.000991596222018386
100020284|F|0-15:A>T-15:A>T,100034493|F|0-32:C>T-32:C>T,5798894.0,46898850.0,0.0010529515382304397
100020284|F|0-15:A>T-15:A>T,100019198|F|0-35:G>T-35:G>T,5798894.0,46921983.0,0.008109530006553147
100020284|F|0-15:A>T-15:A>T,100020755|F|0-11:C>A-11:C>A,5798894.0,46921988.0,0.004552551874635504
100020284|F|0-15:A>T-15:A>T,100030713|F|0-35:T>A-35:T>A,5798894.0,46975334.0,0.005367059137835632
100020284|F|0-15:A>T-15:A>T,100035377|F|0-67:C>G-67:C>G,5798894.0,47016484.0,0.0004954742315934574
100020284|F|0-15:A>T-15:A>T,100014882|F|0-19:A>G-19:A>G,5798894.0,47035718.0,0.005396565539345711
100020284|F|0-15:A>T-15:A>T,100016158|F|0-51:C>A-51:C>A,5798894.0,47150489.0,0.0019086673400777207
100035529|F|0-67:G>T-67:G>T,100013385|F|0-10:G>T-10:G>T,5824287.0,5824292.0,0.8825843830677846
100035529|F|0-67:G>T-67:G>T,100016127|F|0-26:G>C-26:G>C,5824287.0,6652431.0,0.027905024274498928
100035529|F|0-67:G>T-67:G>T,100019065|F|0-15:C>T-15:C>T,5824287.0,7275159.0,0.1249409541804439
100035529|F|0-67:G>T-67:G>T,100015576|F|0-58:G>T-58:G>T,5824287.0,7291045.0,0.07106213592512026
100035529|F|0-67:G>T-67:G>T,100034454|F|0-32:T>C-32:T>C,5824287.0,8149669.0,0.01617147186501758
100035529|F|0-67:G>T-67:G>T,100032801|F|0-46:T>A-46:T>A,5824287.0,8519507.0,0.01637549448063913
100035529|F|0-67:G>T-67:G>T,100017329|F|0-16:T>C-16:T>C,5824287.0,8519512.0,0.007528951284207804
100035529|F|0-67:G>T-67:G>T,100054119|F|0-9:A>T-9:A>T,5824287.0,8526678.0,0.004740461621452525
100035529|F|0-67:G>T-67:G>T,100013622|F|0-50:C>T-50:C>T,5824287.0,8526683.0,0.0031909624488091217
100035529|F|0-67:G>T-67:G>T,100013788|F|0-18:C>T-18:C>T,5824287.0,8748310.0,0.0007215712840867923
100035529|F|0-67:G>T-67:G>T,100016003|F|0-33:A>T-33:A>T,5824287.0,9540230.0,0.029492340273658425
100035529|F|0-67:G>T-67:G>T,100038699|F|0-6:A>C-6:A>C,5824287.0,9987300.0,0.003543600795755974
100035529|F|0-67:G>T-67:G>T,100052747|F|0-12:T>G-12:T>G,5824287.0,9988427.0,0.0024591987803695933
100035529|F|0-67:G>T-67:G>T,100018327|F|0-50:C>T-50:C>T,5824287.0,10262280.0,0.07302810806535277
100035529|F|0-67:G>T-67:G>T,100018124|F|0-61:T>A-61:T>A,5824287.0,10817821.0,0.014304161210533984
100035529|F|0-67:G>T-67:G>T,100014259|F|0-39:T>A-39:T>A,5824287.0,10830557.0,0.07070130308737547
100035529|F|0-67:G>T-67:G>T,100017304|F|0-37:T>A-37:T>A,5824287.0,11098034.0,0.017479763366337848
100035529|F|0-67:G>T-67:G>T,100022081|F|0-44:A>C-44:A>C,5824287.0,11365474.0,0.0032940942240281923
100035529|F|0-67:G>T-67:G>T,100015798|F|0-46:G>A-46:G>A,5824287.0,11367259.0,0.006550128223472049
100035529|F|0-67:G>T-67:G>T,100013022|F|0-48:G>C-48:G>C,5824287.0,11376234.0,0.00109852861333716
100035529|F|0-67:G>T-67:G>T,100017261|F|0-49:C>T-49:C>T,5824287.0,12523186.0,0.04090201098019883
100035529|F|0-67:G>T-67:G>T,100021866|F|0-51:G>C-51:G>C,5824287.0,14537286.0,0.07525074052445334
100035529|F|0-67:G>T-67:G>T,100016572|F|0-65:A>T-65:A>T,5824287.0,15198479.0,0.0005055690303886516
100035529|F|0-67:G>T-67:G>T,100036118|F|0-16:G>C-16:G>C,5824287.0,15790762.0,0.1668008775108026
100035529|F|0-67:G>T-67:G>T,100021422|F|0-18:C>G-18:C>G,5824287.0,15863195.0,0.12159882276855612
100035529|F|0-67:G>T-67:G>T,100041283|F|0-68:T>A-68:T>A,5824287.0,16181585.0,0.010426007910361865
100035529|F|0-67:G>T-67:G>T,100053824|F|0-47:A>G-47:A>G,5824287.0,16226345.0,0.01914957921986253
100035529|F|0-67:G>T-67:G>T,100021123|F|0-50:T>C-50:T>C,5824287.0,17173866.0,0.004345198058845006
100035529|F|0-67:G>T-67:G>T,100021768|F|0-13:C>T-13:C>T,5824287.0,17179674.0,0.01462889088466066
100035529|F|0-67:G>T-67:G>T,100040976|F|0-5:T>C-5:T>C,5824287.0,17196207.0,0.002691827268836239
100035529|F|0-67:G>T-67:G>T,100040977|F|0-30:G>T-30:G>T,5824287.0,17196207.0,0.0005394755231520436
100035529|F|0-67:G>T-67:G>T,100016880|F|0-51:C>A-51:C>A,5824287.0,17507025.0,0.002636873754966816
100035529|F|0-67:G>T-67:G>T,100021275|F|0-33:T>A-33:T>A,5824287.0,17703648.0,0.004137669091249996
100035529|F|0-67:G>T-67:G>T,100017523|F|0-41:C>T-41:C>T,5824287.0,17927516.0,0.0016601793373636447
100035529|F|0-67:G>T-67:G>T,100032842|F|0-24:A>C-24:A>C,5824287.0,18176550.0,0.025845537067296857
100035529|F|0-67:G>T-67:G>T,100032841|F|0-19:T>A-19:T>A,5824287.0,18176550.0,0.0023841278590783326
100035529|F|0-67:G>T-67:G>T,100033379|F|0-46:C>G-46:C>G,5824287.0,18202707.0,0.02765455907153327
100035529|F|0-67:G>T-67:G>T,100022600|F|0-31:A>T-31:A>T,5824287.0,18245914.0,0.0019058156145090157
100035529|F|0-67:G>T-67:G>T,100019074|F|0-23:A>T-23:A>T,5824287.0,18451325.0,1.1984276629062756e-05
100035529|F|0-67:G>T-67:G>T,100035266|F|0-39:C>T-39:C>T,5824287.0,18675661.0,0.028190014700712664
100035529|F|0-67:G>T-67:G>T,100016256|F|0-31:A>C-31:A>C,5824287.0,19574145.0,0.13544429708222852
100035529|F|0-67:G>T-67:G>T,100036101|F|0-41:G>C-41:G>C,5824287.0,19902376.0,0.03419000922867972
100035529|F|0-67:G>T-67:G>T,100044506|F|0-28:G>A-28:G>A,5824287.0,19987479.0,0.0018913214032203888
100035529|F|0-67:G>T-67:G>T,100013122|F|0-67:G>A-67:G>A,5824287.0,26458664.0,0.012395429504182811
100035529|F|0-67:G>T-67:G>T,100017906|F|0-31:G>A-31:G>A,5824287.0,26571479.0,0.07564805237980904
100035529|F|0-67:G>T-67:G>T,100021519|F|0-20:C>T-20:C>T,5824287.0,26856823.0,0.04112924393741209
100035529|F|0-67:G>T-67:G>T,100038609|F|0-8:A>T-8:A>T,5824287.0,27247323.0,0.0074911674389425194
100035529|F|0-67:G>T-67:G>T,100028909|F|0-9:C>T-9:C>T,5824287.0,27271569.0,0.002554633078721219
100035529|F|0-67:G>T-67:G>T,100021397|F|0-9:C>T-9:C>T,5824287.0,27420869.0,0.055058862489813475
100035529|F|0-67:G>T-67:G>T,100017892|F|0-32:A>G-32:A>G,5824287.0,27451898.0,0.029760045978631612
100035529|F|0-67:G>T-67:G>T,100033136|F|0-68:A>G-68:A>G,5824287.0,27783976.0,0.006166191183793641
100035529|F|0-67:G>T-67:G>T,100020699|F|0-40:A>G-40:A>G,5824287.0,30507860.0,0.008579244031830248
100035529|F|0-67:G>T-67:G>T,100014559|F|0-31:C>A-31:C>A,5824287.0,30836975.0,0.0002624889478337746
100035529|F|0-67:G>T-67:G>T,100017321|F|0-51:A>T-51:A>T,5824287.0,31197415.0,0.015499734087358066
100035529|F|0-67:G>T-67:G>T,100040910|F|0-51:A>G-51:A>G,5824287.0,31200593.0,0.010170945795452253
100035529|F|0-67:G>T-67:G>T,100016298|F|0-19:G>A-19:G>A,5824287.0,31539538.0,0.06627715248404914
100035529|F|0-67:G>T-67:G>T,100016431|F|0-28:C>T-28:C>T,5824287.0,32001840.0,0.0006592745666522694
100035529|F|0-67:G>T-67:G>T,100020933|F|0-51:T>C-51:T>C,5824287.0,32243895.0,0.0055912542102363365
100035529|F|0-67:G>T-67:G>T,100014677|F|0-27:A>C-27:A>C,5824287.0,32410962.0,0.06554165026793013
100035529|F|0-67:G>T-67:G>T,100017923|F|0-57:A>G-57:A>G,5824287.0,32459789.0,0.017478973299731755
100035529|F|0-67:G>T-67:G>T,100048091|F|0-43:A>T-43:A>T,5824287.0,32463417.0,0.02538909162121941
100035529|F|0-67:G>T-67:G>T,100020456|F|0-16:A>C-16:A>C,5824287.0,32467328.0,0.036511156186612506
100035529|F|0-67:G>T-67:G>T,100034584|F|0-9:T>C-9:T>C,5824287.0,32472994.0,0.029399707684911573
100035529|F|0-67:G>T-67:G>T,100033527|F|0-13:C>T-13:C>T,5824287.0,32475333.0,0.029399707684911573
100035529|F|0-67:G>T-67:G>T,100018446|F|0-67:T>A-67:T>A,5824287.0,33239334.0,0.08961666698668795
100035529|F|0-67:G>T-67:G>T,100013877|F|0-19:G>T-19:G>T,5824287.0,34079859.0,0.006494418020874614
100035529|F|0-67:G>T-67:G>T,100035010|F|0-32:A>C-32:A>C,5824287.0,34165746.0,0.02690052910349313
100035529|F|0-67:G>T-67:G>T,100028703|F|0-9:T>G-9:T>G,5824287.0,34482430.0,0.011939717668106649
100035529|F|0-67:G>T-67:G>T,100014587|F|0-36:A>C-36:A>C,5824287.0,34723473.0,0.0003816575386905327
100035529|F|0-67:G>T-67:G>T,100040405|F|0-35:T>A-35:T>A,5824287.0,34724344.0,0.0006329877019532192
100035529|F|0-67:G>T-67:G>T,100016549|F|0-30:A>G-30:A>G,5824287.0,34725485.0,0.005035643236074281
100035529|F|0-67:G>T-67:G>T,100013542|F|0-30:C>G-30:C>G,5824287.0,34725490.0,0.01113616508272239
100035529|F|0-67:G>T-67:G>T,100021285|F|0-67:T>C-67:T>C,5824287.0,34855449.0,0.008158040836469036
100035529|F|0-67:G>T-67:G>T,100033734|F|0-65:A>G-65:A>G,5824287.0,35379386.0,0.0010044640253447455
100035529|F|0-67:G>T-67:G>T,100021520|F|0-23:T>C-23:T>C,5824287.0,36065991.0,0.19007001780799782
100035529|F|0-67:G>T-67:G>T,100019045|F|0-23:G>C-23:G>C,5824287.0,36149336.0,0.011076108969369766
100035529|F|0-67:G>T-67:G>T,100057957|F|0-57:C>A-57:C>A,5824287.0,36576268.0,0.054507603236802434
100035529|F|0-67:G>T-67:G>T,100014666|F|0-59:T>C-59:T>C,5824287.0,37090975.0,0.0014084176427783368
100035529|F|0-67:G>T-67:G>T,100038773|F|0-28:C>G-28:C>G,5824287.0,37285877.0,0.00813665317818349
100035529|F|0-67:G>T-67:G>T,100051037|F|0-43:C>T-43:C>T,5824287.0,37902767.0,0.04151897378010697
100035529|F|0-67:G>T-67:G>T,100020809|F|0-53:C>G-53:C>G,5824287.0,39838084.0,0.023733884399481892
100035529|F|0-67:G>T-67:G>T,100029380|F|0-39:A>C-39:A>C,5824287.0,40729560.0,0.038274919917090595
100035529|F|0-67:G>T-67:G>T,100013950|F|0-50:T>C-50:T>C,5824287.0,40800799.0,0.027071775258091367
100035529|F|0-67:G>T-67:G>T,100015799|F|0-68:C>T-68:C>T,5824287.0,40825452.0,0.0561655526721504
100035529|F|0-67:G>T-67:G>T,100043188|F|0-42:C>T-42:C>T,5824287.0,40979122.0,0.04026839863022786
100035529|F|0-67:G>T-67:G>T,100015076|F|0-33:T>C-33:T>C,5824287.0,40986668.0,0.0355174030425012
100035529|F|0-67:G>T-67:G>T,100018802|F|0-14:G>A-14:G>A,5824287.0,40988293.0,0.021906335810493505
100035529|F|0-67:G>T-67:G>T,100018271|F|0-48:A>G-48:A>G,5824287.0,41002080.0,0.03400297158422584
100035529|F|0-67:G>T-67:G>T,100017658|F|0-34:T>G-34:T>G,5824287.0,41027371.0,0.04339205688531018
100035529|F|0-67:G>T-67:G>T,100017206|F|0-15:G>C-15:G>C,5824287.0,41065538.0,0.025644816095145972
100035529|F|0-67:G>T-67:G>T,100040329|F|0-26:A>G-26:A>G,5824287.0,41159215.0,1.8247735747530402e-05
100035529|F|0-67:G>T-67:G>T,100035489|F|0-33:C>A-33:C>A,5824287.0,41159220.0,0.003870987504951326
100035529|F|0-67:G>T-67:G>T,100021166|F|0-38:T>C-38:T>C,5824287.0,41233248.0,0.049658142356091395
100035529|F|0-67:G>T-67:G>T,100020488|F|0-58:T>G-58:T>G,5824287.0,41740174.0,0.0013336692203962399
100035529|F|0-67:G>T-67:G>T,100046856|F|0-65:C>A-65:C>A,5824287.0,41864679.0,0.0058607279224180235
100035529|F|0-67:G>T-67:G>T,100021425|F|0-50:G>C-50:G>C,5824287.0,42699263.0,0.003016468049895217
100035529|F|0-67:G>T-67:G>T,100032947|F|0-10:A>C-10:A>C,5824287.0,42744717.0,0.0013317453970978286
100035529|F|0-67:G>T-67:G>T,100014347|F|0-68:T>C-68:T>C,5824287.0,42858969.0,0.02510185915358329
100035529|F|0-67:G>T-67:G>T,100016630|F|0-66:A>T-66:A>T,5824287.0,43750313.0,0.007187617796627808
100035529|F|0-67:G>T-67:G>T,100015319|F|0-34:T>A-34:T>A,5824287.0,44449888.0,0.0022144403540868074
100035529|F|0-67:G>T-67:G>T,100018345|F|0-65:A>C-65:A>C,5824287.0,44788831.0,0.055488818522263526
100035529|F|0-67:G>T-67:G>T,100017310|F|0-9:T>G-9:T>G,5824287.0,44906172.0,0.011385995999478205
100035529|F|0-67:G>T-67:G>T,100048863|F|0-39:A>G-39:A>G,5824287.0,44946182.0,0.0569399102224036
100035529|F|0-67:G>T-67:G>T,100033264|F|0-61:C>T-61:C>T,5824287.0,44989593.0,0.0016959308172354278
100035529|F|0-67:G>T-67:G>T,100020314|F|0-31:G>A-31:G>A,5824287.0,45007549.0,0.006242534461124127
100035529|F|0-67:G>T-67:G>T,100041823|F|0-64:C>T-64:C>T,5824287.0,45303483.0,0.002544352392620521
100035529|F|0-67:G>T-67:G>T,100015397|F|0-30:G>C-30:G>C,5824287.0,45844613.0,0.0007697798577438389
100035529|F|0-67:G>T-67:G>T,100029049|F|0-10:A>G-10:A>G,5824287.0,46654939.0,0.0019492812526739017
100035529|F|0-67:G>T-67:G>T,100030430|F|0-19:A>C-19:A>C,5824287.0,46846957.0,0.010496736239613322
100035529|F|0-67:G>T-67:G>T,100021654|F|0-23:G>T-23:G>T,5824287.0,46876617.0,0.000991596222018386
100035529|F|0-67:G>T-67:G>T,100034493|F|0-32:C>T-32:C>T,5824287.0,46898850.0,0.0010529515382304397
100035529|F|0-67:G>T-67:G>T,100019198|F|0-35:G>T-35:G>T,5824287.0,46921983.0,0.008109530006553147
100035529|F|0-67:G>T-67:G>T,100020755|F|0-11:C>A-11:C>A,5824287.0,46921988.0,0.004552551874635504
100035529|F|0-67:G>T-67:G>T,100030713|F|0-35:T>A-35:T>A,5824287.0,46975334.0,0.005367059137835632
100035529|F|0-67:G>T-67:G>T,100035377|F|0-67:C>G-67:C>G,5824287.0,47016484.0,0.0004954742315934574
100035529|F|0-67:G>T-67:G>T,100014882|F|0-19:A>G-19:A>G,5824287.0,47035718.0,0.005396565539345711
100035529|F|0-67:G>T-67:G>T,100016158|F|0-51:C>A-51:C>A,5824287.0,47150489.0,0.0019086673400777207
100013385|F|0-10:G>T-10:G>T,100016127|F|0-26:G>C-26:G>C,5824292.0,6652431.0,0.019713245017005738
100013385|F|0-10:G>T-10:G>T,100019065|F|0-15:C>T-15:C>T,5824292.0,7275159.0,0.12016030154712778
100013385|F|0-10:G>T-10:G>T,100015576|F|0-58:G>T-58:G>T,5824292.0,7291045.0,0.03437157813885464
100013385|F|0-10:G>T-10:G>T,100034454|F|0-32:T>C-32:T>C,5824292.0,8149669.0,0.021566892568291036
100013385|F|0-10:G>T-10:G>T,100032801|F|0-46:T>A-46:T>A,5824292.0,8519507.0,0.011369164053363159
100013385|F|0-10:G>T-10:G>T,100017329|F|0-16:T>C-16:T>C,5824292.0,8519512.0,0.009899378032498636
100013385|F|0-10:G>T-10:G>T,100054119|F|0-9:A>T-9:A>T,5824292.0,8526678.0,0.006376733358075518
100013385|F|0-10:G>T-10:G>T,100013622|F|0-50:C>T-50:C>T,5824292.0,8526683.0,0.0016427238052384747
100013385|F|0-10:G>T-10:G>T,100013788|F|0-18:C>T-18:C>T,5824292.0,8748310.0,0.0031756970925262504
100013385|F|0-10:G>T-10:G>T,100016003|F|0-33:A>T-33:A>T,5824292.0,9540230.0,0.020270894087882164
100013385|F|0-10:G>T-10:G>T,100038699|F|0-6:A>C-6:A>C,5824292.0,9987300.0,0.005328864411808342
100013385|F|0-10:G>T-10:G>T,100052747|F|0-12:T>G-12:T>G,5824292.0,9988427.0,0.0037268090710120367
100013385|F|0-10:G>T-10:G>T,100018327|F|0-50:C>T-50:C>T,5824292.0,10262280.0,0.07555890516990753
100013385|F|0-10:G>T-10:G>T,100018124|F|0-61:T>A-61:T>A,5824292.0,10817821.0,0.009366763122826067
100013385|F|0-10:G>T-10:G>T,100014259|F|0-39:T>A-39:T>A,5824292.0,10830557.0,0.06664159709848583
100013385|F|0-10:G>T-10:G>T,100017304|F|0-37:T>A-37:T>A,5824292.0,11098034.0,0.027448457657433402
100013385|F|0-10:G>T-10:G>T,100022081|F|0-44:A>C-44:A>C,5824292.0,11365474.0,0.0014380876629832636
100013385|F|0-10:G>T-10:G>T,100015798|F|0-46:G>A-46:G>A,5824292.0,11367259.0,0.013437349384241232
100013385|F|0-10:G>T-10:G>T,100013022|F|0-48:G>C-48:G>C,5824292.0,11376234.0,0.0014777092639600416
100013385|F|0-10:G>T-10:G>T,100017261|F|0-49:C>T-49:C>T,5824292.0,12523186.0,0.03213975222777652
100013385|F|0-10:G>T-10:G>T,100021866|F|0-51:G>C-51:G>C,5824292.0,14537286.0,0.07412403098029925
100013385|F|0-10:G>T-10:G>T,100016572|F|0-65:A>T-65:A>T,5824292.0,15198479.0,0.00043581659604109864
100013385|F|0-10:G>T-10:G>T,100036118|F|0-16:G>C-16:G>C,5824292.0,15790762.0,0.1168348372426679
100013385|F|0-10:G>T-10:G>T,100021422|F|0-18:C>G-18:C>G,5824292.0,15863195.0,0.08391400548198538
100013385|F|0-10:G>T-10:G>T,100041283|F|0-68:T>A-68:T>A,5824292.0,16181585.0,0.004602889855513149
100013385|F|0-10:G>T-10:G>T,100053824|F|0-47:A>G-47:A>G,5824292.0,16226345.0,0.019468751446845386
100013385|F|0-10:G>T-10:G>T,100021123|F|0-50:T>C-50:T>C,5824292.0,17173866.0,0.0007122050777621528
100013385|F|0-10:G>T-10:G>T,100021768|F|0-13:C>T-13:C>T,5824292.0,17179674.0,0.011671292256692228
100013385|F|0-10:G>T-10:G>T,100040976|F|0-5:T>C-5:T>C,5824292.0,17196207.0,7.181181201719396e-05
100013385|F|0-10:G>T-10:G>T,100040977|F|0-30:G>T-30:G>T,5824292.0,17196207.0,7.181181201719396e-05
100013385|F|0-10:G>T-10:G>T,100016880|F|0-51:C>A-51:C>A,5824292.0,17507025.0,0.006198358185746998
100013385|F|0-10:G>T-10:G>T,100021275|F|0-33:T>A-33:T>A,5824292.0,17703648.0,0.011102814841132597
100013385|F|0-10:G>T-10:G>T,100017523|F|0-41:C>T-41:C>T,5824292.0,17927516.0,0.0017660668027497353
100013385|F|0-10:G>T-10:G>T,100032842|F|0-24:A>C-24:A>C,5824292.0,18176550.0,0.0197118991833784
100013385|F|0-10:G>T-10:G>T,100032841|F|0-19:T>A-19:T>A,5824292.0,18176550.0,0.0025914265100325205
100013385|F|0-10:G>T-10:G>T,100033379|F|0-46:C>G-46:C>G,5824292.0,18202707.0,0.03372561178482914
100013385|F|0-10:G>T-10:G>T,100022600|F|0-31:A>T-31:A>T,5824292.0,18245914.0,0.004895523972179427
100013385|F|0-10:G>T-10:G>T,100019074|F|0-23:A>T-23:A>T,5824292.0,18451325.0,0.0009772065565332082
100013385|F|0-10:G>T-10:G>T,100035266|F|0-39:C>T-39:C>T,5824292.0,18675661.0,0.03851219296411275
100013385|F|0-10:G>T-10:G>T,100016256|F|0-31:A>C-31:A>C,5824292.0,19574145.0,0.13008041730058706
100013385|F|0-10:G>T-10:G>T,100036101|F|0-41:G>C-41:G>C,5824292.0,19902376.0,0.04233954901210369
100013385|F|0-10:G>T-10:G>T,100044506|F|0-28:G>A-28:G>A,5824292.0,19987479.0,0.013539178999229002
100013385|F|0-10:G>T-10:G>T,100013122|F|0-67:G>A-67:G>A,5824292.0,26458664.0,0.010274382937934357
100013385|F|0-10:G>T-10:G>T,100017906|F|0-31:G>A-31:G>A,5824292.0,26571479.0,0.0719231605361335
100013385|F|0-10:G>T-10:G>T,100021519|F|0-20:C>T-20:C>T,5824292.0,26856823.0,0.030153240232349096
100013385|F|0-10:G>T-10:G>T,100038609|F|0-8:A>T-8:A>T,5824292.0,27247323.0,0.003201017677788931
100013385|F|0-10:G>T-10:G>T,100028909|F|0-9:C>T-9:C>T,5824292.0,27271569.0,0.0014862040950977824
100013385|F|0-10:G>T-10:G>T,100021397|F|0-9:C>T-9:C>T,5824292.0,27420869.0,0.059913621876672644
100013385|F|0-10:G>T-10:G>T,100017892|F|0-32:A>G-32:A>G,5824292.0,27451898.0,0.027430145064391835
100013385|F|0-10:G>T-10:G>T,100033136|F|0-68:A>G-68:A>G,5824292.0,27783976.0,0.0050933031626311945
100013385|F|0-10:G>T-10:G>T,100020699|F|0-40:A>G-40:A>G,5824292.0,30507860.0,0.01436879607592733
100013385|F|0-10:G>T-10:G>T,100014559|F|0-31:C>A-31:C>A,5824292.0,30836975.0,0.0002642412105028931
100013385|F|0-10:G>T-10:G>T,100017321|F|0-51:A>T-51:A>T,5824292.0,31197415.0,0.029382472603571082
100013385|F|0-10:G>T-10:G>T,100040910|F|0-51:A>G-51:A>G,5824292.0,31200593.0,0.010094125825934766
100013385|F|0-10:G>T-10:G>T,100016298|F|0-19:G>A-19:G>A,5824292.0,31539538.0,0.07307040017320397
100013385|F|0-10:G>T-10:G>T,100016431|F|0-28:C>T-28:C>T,5824292.0,32001840.0,0.003613344925016303
100013385|F|0-10:G>T-10:G>T,100020933|F|0-51:T>C-51:T>C,5824292.0,32243895.0,0.0004892318952035979
100013385|F|0-10:G>T-10:G>T,100014677|F|0-27:A>C-27:A>C,5824292.0,32410962.0,0.06487146748781804
100013385|F|0-10:G>T-10:G>T,100017923|F|0-57:A>G-57:A>G,5824292.0,32459789.0,0.015483854605178843
100013385|F|0-10:G>T-10:G>T,100048091|F|0-43:A>T-43:A>T,5824292.0,32463417.0,0.021589871971681916
100013385|F|0-10:G>T-10:G>T,100020456|F|0-16:A>C-16:A>C,5824292.0,32467328.0,0.031863846365289515
100013385|F|0-10:G>T-10:G>T,100034584|F|0-9:T>C-9:T>C,5824292.0,32472994.0,0.024980074827272887
100013385|F|0-10:G>T-10:G>T,100033527|F|0-13:C>T-13:C>T,5824292.0,32475333.0,0.024980074827272887
100013385|F|0-10:G>T-10:G>T,100018446|F|0-67:T>A-67:T>A,5824292.0,33239334.0,0.11239546558458487
100013385|F|0-10:G>T-10:G>T,100013877|F|0-19:G>T-19:G>T,5824292.0,34079859.0,0.006908636803093791
100013385|F|0-10:G>T-10:G>T,100035010|F|0-32:A>C-32:A>C,5824292.0,34165746.0,0.01564987036569705
100013385|F|0-10:G>T-10:G>T,100028703|F|0-9:T>G-9:T>G,5824292.0,34482430.0,0.005271164745386438
100013385|F|0-10:G>T-10:G>T,100014587|F|0-36:A>C-36:A>C,5824292.0,34723473.0,9.605132983066105e-05
100013385|F|0-10:G>T-10:G>T,100040405|F|0-35:T>A-35:T>A,5824292.0,34724344.0,1.4449280136863447e-06
100013385|F|0-10:G>T-10:G>T,100016549|F|0-30:A>G-30:A>G,5824292.0,34725485.0,0.0015645861148197607
100013385|F|0-10:G>T-10:G>T,100013542|F|0-30:C>G-30:C>G,5824292.0,34725490.0,0.010941999950819232
100013385|F|0-10:G>T-10:G>T,100021285|F|0-67:T>C-67:T>C,5824292.0,34855449.0,0.012943857313627455
100013385|F|0-10:G>T-10:G>T,100033734|F|0-65:A>G-65:A>G,5824292.0,35379386.0,0.004598479591081879
100013385|F|0-10:G>T-10:G>T,100021520|F|0-23:T>C-23:T>C,5824292.0,36065991.0,0.19307433385358871
100013385|F|0-10:G>T-10:G>T,100019045|F|0-23:G>C-23:G>C,5824292.0,36149336.0,0.026233538732048343
100013385|F|0-10:G>T-10:G>T,100057957|F|0-57:C>A-57:C>A,5824292.0,36576268.0,0.03761509538236842
100013385|F|0-10:G>T-10:G>T,100014666|F|0-59:T>C-59:T>C,5824292.0,37090975.0,0.00012061312822209477
100013385|F|0-10:G>T-10:G>T,100038773|F|0-28:C>G-28:C>G,5824292.0,37285877.0,0.0007921145468897684
100013385|F|0-10:G>T-10:G>T,100051037|F|0-43:C>T-43:C>T,5824292.0,37902767.0,0.04196796009603791
100013385|F|0-10:G>T-10:G>T,100020809|F|0-53:C>G-53:C>G,5824292.0,39838084.0,0.035690998851181474
100013385|F|0-10:G>T-10:G>T,100029380|F|0-39:A>C-39:A>C,5824292.0,40729560.0,0.01725661537788088
100013385|F|0-10:G>T-10:G>T,100013950|F|0-50:T>C-50:T>C,5824292.0,40800799.0,0.0332493402784307
100013385|F|0-10:G>T-10:G>T,100015799|F|0-68:C>T-68:C>T,5824292.0,40825452.0,0.03778804952933635
100013385|F|0-10:G>T-10:G>T,100043188|F|0-42:C>T-42:C>T,5824292.0,40979122.0,0.03030577687147891
100013385|F|0-10:G>T-10:G>T,100015076|F|0-33:T>C-33:T>C,5824292.0,40986668.0,0.03501785784703097
100013385|F|0-10:G>T-10:G>T,100018802|F|0-14:G>A-14:G>A,5824292.0,40988293.0,0.021805487328795472
100013385|F|0-10:G>T-10:G>T,100018271|F|0-48:A>G-48:A>G,5824292.0,41002080.0,0.024679524824241975
100013385|F|0-10:G>T-10:G>T,100017658|F|0-34:T>G-34:T>G,5824292.0,41027371.0,0.024911637416716686
100013385|F|0-10:G>T-10:G>T,100017206|F|0-15:G>C-15:G>C,5824292.0,41065538.0,0.020545913069277576
100013385|F|0-10:G>T-10:G>T,100040329|F|0-26:A>G-26:A>G,5824292.0,41159215.0,0.0013168109676512617
100013385|F|0-10:G>T-10:G>T,100035489|F|0-33:C>A-33:C>A,5824292.0,41159220.0,0.0033636876730056774
100013385|F|0-10:G>T-10:G>T,100021166|F|0-38:T>C-38:T>C,5824292.0,41233248.0,0.06194871202677829
100013385|F|0-10:G>T-10:G>T,100020488|F|0-58:T>G-58:T>G,5824292.0,41740174.0,0.0015756576739190454
100013385|F|0-10:G>T-10:G>T,100046856|F|0-65:C>A-65:C>A,5824292.0,41864679.0,0.01073644902332621
100013385|F|0-10:G>T-10:G>T,100021425|F|0-50:G>C-50:G>C,5824292.0,42699263.0,0.004253606363392191
100013385|F|0-10:G>T-10:G>T,100032947|F|0-10:A>C-10:A>C,5824292.0,42744717.0,2.2808544384840882e-05
100013385|F|0-10:G>T-10:G>T,100014347|F|0-68:T>C-68:T>C,5824292.0,42858969.0,0.02367463782684075
100013385|F|0-10:G>T-10:G>T,100016630|F|0-66:A>T-66:A>T,5824292.0,43750313.0,0.0016658363432556936
100013385|F|0-10:G>T-10:G>T,100015319|F|0-34:T>A-34:T>A,5824292.0,44449888.0,0.0004730872191589938
100013385|F|0-10:G>T-10:G>T,100018345|F|0-65:A>C-65:A>C,5824292.0,44788831.0,0.04529957578073128
100013385|F|0-10:G>T-10:G>T,100017310|F|0-9:T>G-9:T>G,5824292.0,44906172.0,0.009382728884414184
100013385|F|0-10:G>T-10:G>T,100048863|F|0-39:A>G-39:A>G,5824292.0,44946182.0,0.04650241663067287
100013385|F|0-10:G>T-10:G>T,100033264|F|0-61:C>T-61:C>T,5824292.0,44989593.0,0.003555819913120631
100013385|F|0-10:G>T-10:G>T,100020314|F|0-31:G>A-31:G>A,5824292.0,45007549.0,0.0009801336697405742
100013385|F|0-10:G>T-10:G>T,100041823|F|0-64:C>T-64:C>T,5824292.0,45303483.0,0.0015734731510474384
100013385|F|0-10:G>T-10:G>T,100015397|F|0-30:G>C-30:G>C,5824292.0,45844613.0,3.215540040648638e-05
100013385|F|0-10:G>T-10:G>T,100029049|F|0-10:A>G-10:A>G,5824292.0,46654939.0,8.142577199707286e-05
100013385|F|0-10:G>T-10:G>T,100030430|F|0-19:A>C-19:A>C,5824292.0,46846957.0,0.01070403774440191
100013385|F|0-10:G>T-10:G>T,100021654|F|0-23:G>T-23:G>T,5824292.0,46876617.0,0.000471812884469007
100013385|F|0-10:G>T-10:G>T,100034493|F|0-32:C>T-32:C>T,5824292.0,46898850.0,0.0006617406622834974
100013385|F|0-10:G>T-10:G>T,100019198|F|0-35:G>T-35:G>T,5824292.0,46921983.0,0.014400020711273649
100013385|F|0-10:G>T-10:G>T,100020755|F|0-11:C>A-11:C>A,5824292.0,46921988.0,0.003740359486407454
100013385|F|0-10:G>T-10:G>T,100030713|F|0-35:T>A-35:T>A,5824292.0,46975334.0,0.0031756970925262444
100013385|F|0-10:G>T-10:G>T,100035377|F|0-67:C>G-67:C>G,5824292.0,47016484.0,0.0022331512114499596
100013385|F|0-10:G>T-10:G>T,100014882|F|0-19:A>G-19:A>G,5824292.0,47035718.0,0.002225189141076993
100013385|F|0-10:G>T-10:G>T,100016158|F|0-51:C>A-51:C>A,5824292.0,47150489.0,0.004486602291427334
100016127|F|0-26:G>C-26:G>C,100019065|F|0-15:C>T-15:C>T,6652431.0,7275159.0,0.0012377412970407354
100016127|F|0-26:G>C-26:G>C,100015576|F|0-58:G>T-58:G>T,6652431.0,7291045.0,0.010491706044215765
100016127|F|0-26:G>C-26:G>C,100034454|F|0-32:T>C-32:T>C,6652431.0,8149669.0,0.0006606270814212883
100016127|F|0-26:G>C-26:G>C,100032801|F|0-46:T>A-46:T>A,6652431.0,8519507.0,0.01436286776539625
100016127|F|0-26:G>C-26:G>C,100017329|F|0-16:T>C-16:T>C,6652431.0,8519512.0,0.03199027196408118
100016127|F|0-26:G>C-26:G>C,100054119|F|0-9:A>T-9:A>T,6652431.0,8526678.0,0.00509730216802637
100016127|F|0-26:G>C-26:G>C,100013622|F|0-50:C>T-50:C>T,6652431.0,8526683.0,0.008393784258036522
100016127|F|0-26:G>C-26:G>C,100013788|F|0-18:C>T-18:C>T,6652431.0,8748310.0,0.008828986666850579
100016127|F|0-26:G>C-26:G>C,100016003|F|0-33:A>T-33:A>T,6652431.0,9540230.0,0.042364451420606415
100016127|F|0-26:G>C-26:G>C,100038699|F|0-6:A>C-6:A>C,6652431.0,9987300.0,6.325237029934953e-05
100016127|F|0-26:G>C-26:G>C,100052747|F|0-12:T>G-12:T>G,6652431.0,9988427.0,4.471080108811186e-06
100016127|F|0-26:G>C-26:G>C,100018327|F|0-50:C>T-50:C>T,6652431.0,10262280.0,0.02118492213461915
100016127|F|0-26:G>C-26:G>C,100018124|F|0-61:T>A-61:T>A,6652431.0,10817821.0,0.1110293030265845
100016127|F|0-26:G>C-26:G>C,100014259|F|0-39:T>A-39:T>A,6652431.0,10830557.0,0.05120033717436479
100016127|F|0-26:G>C-26:G>C,100017304|F|0-37:T>A-37:T>A,6652431.0,11098034.0,0.08218855038600886
100016127|F|0-26:G>C-26:G>C,100022081|F|0-44:A>C-44:A>C,6652431.0,11365474.0,0.08976878389987046
100016127|F|0-26:G>C-26:G>C,100015798|F|0-46:G>A-46:G>A,6652431.0,11367259.0,0.011641033087606337
100016127|F|0-26:G>C-26:G>C,100013022|F|0-48:G>C-48:G>C,6652431.0,11376234.0,0.09795417247963888
100016127|F|0-26:G>C-26:G>C,100017261|F|0-49:C>T-49:C>T,6652431.0,12523186.0,0.00094204998996633
100016127|F|0-26:G>C-26:G>C,100021866|F|0-51:G>C-51:G>C,6652431.0,14537286.0,0.07441615315949975
100016127|F|0-26:G>C-26:G>C,100016572|F|0-65:A>T-65:A>T,6652431.0,15198479.0,0.0015321149797824063
100016127|F|0-26:G>C-26:G>C,100036118|F|0-16:G>C-16:G>C,6652431.0,15790762.0,0.018644783870194536
100016127|F|0-26:G>C-26:G>C,100021422|F|0-18:C>G-18:C>G,6652431.0,15863195.0,0.0025347061062193804
100016127|F|0-26:G>C-26:G>C,100041283|F|0-68:T>A-68:T>A,6652431.0,16181585.0,0.12575319960557269
100016127|F|0-26:G>C-26:G>C,100053824|F|0-47:A>G-47:A>G,6652431.0,16226345.0,0.17167596601615354
100016127|F|0-26:G>C-26:G>C,100021123|F|0-50:T>C-50:T>C,6652431.0,17173866.0,0.003330221283257456
100016127|F|0-26:G>C-26:G>C,100021768|F|0-13:C>T-13:C>T,6652431.0,17179674.0,0.003425536573029044
100016127|F|0-26:G>C-26:G>C,100040976|F|0-5:T>C-5:T>C,6652431.0,17196207.0,0.00036953796834892326
100016127|F|0-26:G>C-26:G>C,100040977|F|0-30:G>T-30:G>T,6652431.0,17196207.0,0.000232063003263613
100016127|F|0-26:G>C-26:G>C,100016880|F|0-51:C>A-51:C>A,6652431.0,17507025.0,0.014909109111421723
100016127|F|0-26:G>C-26:G>C,100021275|F|0-33:T>A-33:T>A,6652431.0,17703648.0,0.0254169465578862
100016127|F|0-26:G>C-26:G>C,100017523|F|0-41:C>T-41:C>T,6652431.0,17927516.0,0.04928899627477818
100016127|F|0-26:G>C-26:G>C,100032842|F|0-24:A>C-24:A>C,6652431.0,18176550.0,0.011409664036370814
100016127|F|0-26:G>C-26:G>C,100032841|F|0-19:T>A-19:T>A,6652431.0,18176550.0,0.02489033068193357
100016127|F|0-26:G>C-26:G>C,100033379|F|0-46:C>G-46:C>G,6652431.0,18202707.0,0.011304826946109629
100016127|F|0-26:G>C-26:G>C,100022600|F|0-31:A>T-31:A>T,6652431.0,18245914.0,0.025014534958026413
100016127|F|0-26:G>C-26:G>C,100019074|F|0-23:A>T-23:A>T,6652431.0,18451325.0,0.0057184634992510554
100016127|F|0-26:G>C-26:G>C,100035266|F|0-39:C>T-39:C>T,6652431.0,18675661.0,0.003157885617253313
100016127|F|0-26:G>C-26:G>C,100016256|F|0-31:A>C-31:A>C,6652431.0,19574145.0,0.005189636335258313
100016127|F|0-26:G>C-26:G>C,100036101|F|0-41:G>C-41:G>C,6652431.0,19902376.0,0.039089921137268106
100016127|F|0-26:G>C-26:G>C,100044506|F|0-28:G>A-28:G>A,6652431.0,19987479.0,0.009756525731570634
100016127|F|0-26:G>C-26:G>C,100013122|F|0-67:G>A-67:G>A,6652431.0,26458664.0,0.02926100744892681
100016127|F|0-26:G>C-26:G>C,100017906|F|0-31:G>A-31:G>A,6652431.0,26571479.0,0.0005095566587462219
100016127|F|0-26:G>C-26:G>C,100021519|F|0-20:C>T-20:C>T,6652431.0,26856823.0,0.003172664191543419
100016127|F|0-26:G>C-26:G>C,100038609|F|0-8:A>T-8:A>T,6652431.0,27247323.0,0.04531544021992104
100016127|F|0-26:G>C-26:G>C,100028909|F|0-9:C>T-9:C>T,6652431.0,27271569.0,0.004001232213380593
100016127|F|0-26:G>C-26:G>C,100021397|F|0-9:C>T-9:C>T,6652431.0,27420869.0,0.08066242024903343
100016127|F|0-26:G>C-26:G>C,100017892|F|0-32:A>G-32:A>G,6652431.0,27451898.0,0.049142155301864
100016127|F|0-26:G>C-26:G>C,100033136|F|0-68:A>G-68:A>G,6652431.0,27783976.0,5.8085710126489394e-05
100016127|F|0-26:G>C-26:G>C,100020699|F|0-40:A>G-40:A>G,6652431.0,30507860.0,0.028724102713743812
100016127|F|0-26:G>C-26:G>C,100014559|F|0-31:C>A-31:C>A,6652431.0,30836975.0,0.004649049217002236
100016127|F|0-26:G>C-26:G>C,100017321|F|0-51:A>T-51:A>T,6652431.0,31197415.0,0.023235314836859536
100016127|F|0-26:G>C-26:G>C,100040910|F|0-51:A>G-51:A>G,6652431.0,31200593.0,0.011557400777451578
100016127|F|0-26:G>C-26:G>C,100016298|F|0-19:G>A-19:G>A,6652431.0,31539538.0,0.005713767458733908
100016127|F|0-26:G>C-26:G>C,100016431|F|0-28:C>T-28:C>T,6652431.0,32001840.0,0.03431514638007539
100016127|F|0-26:G>C-26:G>C,100020933|F|0-51:T>C-51:T>C,6652431.0,32243895.0,0.04406299978853643
100016127|F|0-26:G>C-26:G>C,100014677|F|0-27:A>C-27:A>C,6652431.0,32410962.0,0.005279563493232588
100016127|F|0-26:G>C-26:G>C,100017923|F|0-57:A>G-57:A>G,6652431.0,32459789.0,0.04258854822233538
100016127|F|0-26:G>C-26:G>C,100048091|F|0-43:A>T-43:A>T,6652431.0,32463417.0,0.0430537639573488
100016127|F|0-26:G>C-26:G>C,100020456|F|0-16:A>C-16:A>C,6652431.0,32467328.0,0.0393868246834098
100016127|F|0-26:G>C-26:G>C,100034584|F|0-9:T>C-9:T>C,6652431.0,32472994.0,0.04412921802298394
100016127|F|0-26:G>C-26:G>C,100033527|F|0-13:C>T-13:C>T,6652431.0,32475333.0,0.04412921802298394
100016127|F|0-26:G>C-26:G>C,100018446|F|0-67:T>A-67:T>A,6652431.0,33239334.0,0.0012849736411849866
100016127|F|0-26:G>C-26:G>C,100013877|F|0-19:G>T-19:G>T,6652431.0,34079859.0,0.013742868897925581
100016127|F|0-26:G>C-26:G>C,100035010|F|0-32:A>C-32:A>C,6652431.0,34165746.0,0.03136108273490203
100016127|F|0-26:G>C-26:G>C,100028703|F|0-9:T>G-9:T>G,6652431.0,34482430.0,0.03251133505811492
100016127|F|0-26:G>C-26:G>C,100014587|F|0-36:A>C-36:A>C,6652431.0,34723473.0,0.008828986666850579
100016127|F|0-26:G>C-26:G>C,100040405|F|0-35:T>A-35:T>A,6652431.0,34724344.0,0.004391262301137657
100016127|F|0-26:G>C-26:G>C,100016549|F|0-30:A>G-30:A>G,6652431.0,34725485.0,0.0062420102269095615
100016127|F|0-26:G>C-26:G>C,100013542|F|0-30:C>G-30:C>G,6652431.0,34725490.0,0.001832367462389195
100016127|F|0-26:G>C-26:G>C,100021285|F|0-67:T>C-67:T>C,6652431.0,34855449.0,0.2464105247608638
100016127|F|0-26:G>C-26:G>C,100033734|F|0-65:A>G-65:A>G,6652431.0,35379386.0,0.1441804094980065
100016127|F|0-26:G>C-26:G>C,100021520|F|0-23:T>C-23:T>C,6652431.0,36065991.0,0.004411255002048077
100016127|F|0-26:G>C-26:G>C,100019045|F|0-23:G>C-23:G>C,6652431.0,36149336.0,0.039020828609252635
100016127|F|0-26:G>C-26:G>C,100057957|F|0-57:C>A-57:C>A,6652431.0,36576268.0,0.00019843660304883688
100016127|F|0-26:G>C-26:G>C,100014666|F|0-59:T>C-59:T>C,6652431.0,37090975.0,3.5352978276302612e-06
100016127|F|0-26:G>C-26:G>C,100038773|F|0-28:C>G-28:C>G,6652431.0,37285877.0,0.00563464896319572
100016127|F|0-26:G>C-26:G>C,100051037|F|0-43:C>T-43:C>T,6652431.0,37902767.0,0.012028700412363421
100016127|F|0-26:G>C-26:G>C,100020809|F|0-53:C>G-53:C>G,6652431.0,39838084.0,0.015251176168922404
100016127|F|0-26:G>C-26:G>C,100029380|F|0-39:A>C-39:A>C,6652431.0,40729560.0,0.0022135600857132415
100016127|F|0-26:G>C-26:G>C,100013950|F|0-50:T>C-50:T>C,6652431.0,40800799.0,0.015935658694898745
100016127|F|0-26:G>C-26:G>C,100015799|F|0-68:C>T-68:C>T,6652431.0,40825452.0,0.0011076075331157348
100016127|F|0-26:G>C-26:G>C,100043188|F|0-42:C>T-42:C>T,6652431.0,40979122.0,0.023913339026139194
100016127|F|0-26:G>C-26:G>C,100015076|F|0-33:T>C-33:T>C,6652431.0,40986668.0,0.025998901434293484
100016127|F|0-26:G>C-26:G>C,100018802|F|0-14:G>A-14:G>A,6652431.0,40988293.0,0.03470786309186903
100016127|F|0-26:G>C-26:G>C,100018271|F|0-48:A>G-48:A>G,6652431.0,41002080.0,0.02489033068193358
100016127|F|0-26:G>C-26:G>C,100017658|F|0-34:T>G-34:T>G,6652431.0,41027371.0,0.021033314511575397
100016127|F|0-26:G>C-26:G>C,100017206|F|0-15:G>C-15:G>C,6652431.0,41065538.0,0.01955629165306197
100016127|F|0-26:G>C-26:G>C,100040329|F|0-26:A>G-26:A>G,6652431.0,41159215.0,0.0062570187717216055
100016127|F|0-26:G>C-26:G>C,100035489|F|0-33:C>A-33:C>A,6652431.0,41159220.0,0.043923280469595684
100016127|F|0-26:G>C-26:G>C,100021166|F|0-38:T>C-38:T>C,6652431.0,41233248.0,0.00023003730580307483
100016127|F|0-26:G>C-26:G>C,100020488|F|0-58:T>G-58:T>G,6652431.0,41740174.0,0.004582960626041152
100016127|F|0-26:G>C-26:G>C,100046856|F|0-65:C>A-65:C>A,6652431.0,41864679.0,0.006059504980122259
100016127|F|0-26:G>C-26:G>C,100021425|F|0-50:G>C-50:G>C,6652431.0,42699263.0,0.003327053325096643
100016127|F|0-26:G>C-26:G>C,100032947|F|0-10:A>C-10:A>C,6652431.0,42744717.0,0.00017835227175199762
100016127|F|0-26:G>C-26:G>C,100014347|F|0-68:T>C-68:T>C,6652431.0,42858969.0,0.00016318880173146495
100016127|F|0-26:G>C-26:G>C,100016630|F|0-66:A>T-66:A>T,6652431.0,43750313.0,0.006182287195493524
100016127|F|0-26:G>C-26:G>C,100015319|F|0-34:T>A-34:T>A,6652431.0,44449888.0,0.004802352146082693
100016127|F|0-26:G>C-26:G>C,100018345|F|0-65:A>C-65:A>C,6652431.0,44788831.0,0.014337044570278408
100016127|F|0-26:G>C-26:G>C,100017310|F|0-9:T>G-9:T>G,6652431.0,44906172.0,0.009556292535718228
100016127|F|0-26:G>C-26:G>C,100048863|F|0-39:A>G-39:A>G,6652431.0,44946182.0,0.014659849685909936
100016127|F|0-26:G>C-26:G>C,100033264|F|0-61:C>T-61:C>T,6652431.0,44989593.0,0.006474882559834637
100016127|F|0-26:G>C-26:G>C,100020314|F|0-31:G>A-31:G>A,6652431.0,45007549.0,0.01905235050988413
100016127|F|0-26:G>C-26:G>C,100041823|F|0-64:C>T-64:C>T,6652431.0,45303483.0,0.04471675358679926
100016127|F|0-26:G>C-26:G>C,100015397|F|0-30:G>C-30:G>C,6652431.0,45844613.0,0.006059504980122259
100016127|F|0-26:G>C-26:G>C,100029049|F|0-10:A>G-10:A>G,6652431.0,46654939.0,0.0039588036990072075
100016127|F|0-26:G>C-26:G>C,100030430|F|0-19:A>C-19:A>C,6652431.0,46846957.0,0.008335378460928109
100016127|F|0-26:G>C-26:G>C,100021654|F|0-23:G>T-23:G>T,6652431.0,46876617.0,0.014000770602413988
100016127|F|0-26:G>C-26:G>C,100034493|F|0-32:C>T-32:C>T,6652431.0,46898850.0,0.008288558118986222
100016127|F|0-26:G>C-26:G>C,100019198|F|0-35:G>T-35:G>T,6652431.0,46921983.0,0.008347189823117761
100016127|F|0-26:G>C-26:G>C,100020755|F|0-11:C>A-11:C>A,6652431.0,46921988.0,0.007590496929887234
100016127|F|0-26:G>C-26:G>C,100030713|F|0-35:T>A-35:T>A,6652431.0,46975334.0,0.0014571276823220202
100016127|F|0-26:G>C-26:G>C,100035377|F|0-67:C>G-67:C>G,6652431.0,47016484.0,0.007216525559148707
100016127|F|0-26:G>C-26:G>C,100014882|F|0-19:A>G-19:A>G,6652431.0,47035718.0,0.0002528014141898382
100016127|F|0-26:G>C-26:G>C,100016158|F|0-51:C>A-51:C>A,6652431.0,47150489.0,0.014498651029008448
100019065|F|0-15:C>T-15:C>T,100015576|F|0-58:G>T-58:G>T,7275159.0,7291045.0,0.0010069332261706757
100019065|F|0-15:C>T-15:C>T,100034454|F|0-32:T>C-32:T>C,7275159.0,8149669.0,0.08279342676000978
100019065|F|0-15:C>T-15:C>T,100032801|F|0-46:T>A-46:T>A,7275159.0,8519507.0,8.042863435320633e-05
100019065|F|0-15:C>T-15:C>T,100017329|F|0-16:T>C-16:T>C,7275159.0,8519512.0,0.0010987175203680392
100019065|F|0-15:C>T-15:C>T,100054119|F|0-9:A>T-9:A>T,7275159.0,8526678.0,0.0006854545731208576
100019065|F|0-15:C>T-15:C>T,100013622|F|0-50:C>T-50:C>T,7275159.0,8526683.0,0.00015117100971950658
100019065|F|0-15:C>T-15:C>T,100013788|F|0-18:C>T-18:C>T,7275159.0,8748310.0,0.06822782027275946
100019065|F|0-15:C>T-15:C>T,100016003|F|0-33:A>T-33:A>T,7275159.0,9540230.0,0.023814208160488848
100019065|F|0-15:C>T-15:C>T,100038699|F|0-6:A>C-6:A>C,7275159.0,9987300.0,3.475881044374181e-05
100019065|F|0-15:C>T-15:C>T,100052747|F|0-12:T>G-12:T>G,7275159.0,9988427.0,0.0016102024466254892
100019065|F|0-15:C>T-15:C>T,100018327|F|0-50:C>T-50:C>T,7275159.0,10262280.0,0.2599613031601995
100019065|F|0-15:C>T-15:C>T,100018124|F|0-61:T>A-61:T>A,7275159.0,10817821.0,0.00011955239976741554
100019065|F|0-15:C>T-15:C>T,100014259|F|0-39:T>A-39:T>A,7275159.0,10830557.0,0.009453369522212785
100019065|F|0-15:C>T-15:C>T,100017304|F|0-37:T>A-37:T>A,7275159.0,11098034.0,0.008456731711373228
100019065|F|0-15:C>T-15:C>T,100022081|F|0-44:A>C-44:A>C,7275159.0,11365474.0,0.003892363991460452
100019065|F|0-15:C>T-15:C>T,100015798|F|0-46:G>A-46:G>A,7275159.0,11367259.0,0.016807384055721526
100019065|F|0-15:C>T-15:C>T,100013022|F|0-48:G>C-48:G>C,7275159.0,11376234.0,0.002624140713475946
100019065|F|0-15:C>T-15:C>T,100017261|F|0-49:C>T-49:C>T,7275159.0,12523186.0,0.1779137157840557
100019065|F|0-15:C>T-15:C>T,100021866|F|0-51:G>C-51:G>C,7275159.0,14537286.0,0.07557864903164874
100019065|F|0-15:C>T-15:C>T,100016572|F|0-65:A>T-65:A>T,7275159.0,15198479.0,0.013057580634077052
100019065|F|0-15:C>T-15:C>T,100036118|F|0-16:G>C-16:G>C,7275159.0,15790762.0,0.034767570224599725
100019065|F|0-15:C>T-15:C>T,100021422|F|0-18:C>G-18:C>G,7275159.0,15863195.0,0.030398683879007186
100019065|F|0-15:C>T-15:C>T,100041283|F|0-68:T>A-68:T>A,7275159.0,16181585.0,0.11013425116905241
100019065|F|0-15:C>T-15:C>T,100053824|F|0-47:A>G-47:A>G,7275159.0,16226345.0,0.00029233289856272175
100019065|F|0-15:C>T-15:C>T,100021123|F|0-50:T>C-50:T>C,7275159.0,17173866.0,0.010205097311773702
100019065|F|0-15:C>T-15:C>T,100021768|F|0-13:C>T-13:C>T,7275159.0,17179674.0,0.024478384485395577
100019065|F|0-15:C>T-15:C>T,100040976|F|0-5:T>C-5:T>C,7275159.0,17196207.0,0.01932308721758069
100019065|F|0-15:C>T-15:C>T,100040977|F|0-30:G>T-30:G>T,7275159.0,17196207.0,0.012874202320543092
100019065|F|0-15:C>T-15:C>T,100016880|F|0-51:C>A-51:C>A,7275159.0,17507025.0,0.019424642722629202
100019065|F|0-15:C>T-15:C>T,100021275|F|0-33:T>A-33:T>A,7275159.0,17703648.0,0.003561304272579296
100019065|F|0-15:C>T-15:C>T,100017523|F|0-41:C>T-41:C>T,7275159.0,17927516.0,0.015614147166613848
100019065|F|0-15:C>T-15:C>T,100032842|F|0-24:A>C-24:A>C,7275159.0,18176550.0,0.00042731496439573973
100019065|F|0-15:C>T-15:C>T,100032841|F|0-19:T>A-19:T>A,7275159.0,18176550.0,0.00046828325384558437
100019065|F|0-15:C>T-15:C>T,100033379|F|0-46:C>G-46:C>G,7275159.0,18202707.0,0.00018558294084575008
100019065|F|0-15:C>T-15:C>T,100022600|F|0-31:A>T-31:A>T,7275159.0,18245914.0,7.725559522052739e-06
100019065|F|0-15:C>T-15:C>T,100019074|F|0-23:A>T-23:A>T,7275159.0,18451325.0,0.023645953677724506
100019065|F|0-15:C>T-15:C>T,100035266|F|0-39:C>T-39:C>T,7275159.0,18675661.0,0.0017353396727055833
100019065|F|0-15:C>T-15:C>T,100016256|F|0-31:A>C-31:A>C,7275159.0,19574145.0,0.06338066998309103
100019065|F|0-15:C>T-15:C>T,100036101|F|0-41:G>C-41:G>C,7275159.0,19902376.0,0.021480920835706324
100019065|F|0-15:C>T-15:C>T,100044506|F|0-28:G>A-28:G>A,7275159.0,19987479.0,0.024043099482034418
100019065|F|0-15:C>T-15:C>T,100013122|F|0-67:G>A-67:G>A,7275159.0,26458664.0,0.008443435735321957
100019065|F|0-15:C>T-15:C>T,100017906|F|0-31:G>A-31:G>A,7275159.0,26571479.0,0.04778583212503987
100019065|F|0-15:C>T-15:C>T,100021519|F|0-20:C>T-20:C>T,7275159.0,26856823.0,0.09893285615763212
100019065|F|0-15:C>T-15:C>T,100038609|F|0-8:A>T-8:A>T,7275159.0,27247323.0,0.03240471516206187
100019065|F|0-15:C>T-15:C>T,100028909|F|0-9:C>T-9:C>T,7275159.0,27271569.0,0.08242261683609786
100019065|F|0-15:C>T-15:C>T,100021397|F|0-9:C>T-9:C>T,7275159.0,27420869.0,0.0032705527310689327
100019065|F|0-15:C>T-15:C>T,100017892|F|0-32:A>G-32:A>G,7275159.0,27451898.0,0.01987988417057373
100019065|F|0-15:C>T-15:C>T,100033136|F|0-68:A>G-68:A>G,7275159.0,27783976.0,0.0029145350812136966
100019065|F|0-15:C>T-15:C>T,100020699|F|0-40:A>G-40:A>G,7275159.0,30507860.0,0.04690435011682778
100019065|F|0-15:C>T-15:C>T,100014559|F|0-31:C>A-31:C>A,7275159.0,30836975.0,0.00020855286266244794
100019065|F|0-15:C>T-15:C>T,100017321|F|0-51:A>T-51:A>T,7275159.0,31197415.0,0.03608061576254497
100019065|F|0-15:C>T-15:C>T,100040910|F|0-51:A>G-51:A>G,7275159.0,31200593.0,0.005190212447627432
100019065|F|0-15:C>T-15:C>T,100016298|F|0-19:G>A-19:G>A,7275159.0,31539538.0,0.12975963318429062
100019065|F|0-15:C>T-15:C>T,100016431|F|0-28:C>T-28:C>T,7275159.0,32001840.0,0.00023280319553017524
100019065|F|0-15:C>T-15:C>T,100020933|F|0-51:T>C-51:T>C,7275159.0,32243895.0,0.06579928607369873
100019065|F|0-15:C>T-15:C>T,100014677|F|0-27:A>C-27:A>C,7275159.0,32410962.0,0.09311364441660785
100019065|F|0-15:C>T-15:C>T,100017923|F|0-57:A>G-57:A>G,7275159.0,32459789.0,0.0653778066879519
100019065|F|0-15:C>T-15:C>T,100048091|F|0-43:A>T-43:A>T,7275159.0,32463417.0,0.0706433514652691
100019065|F|0-15:C>T-15:C>T,100020456|F|0-16:A>C-16:A>C,7275159.0,32467328.0,0.06292055760052262
100019065|F|0-15:C>T-15:C>T,100034584|F|0-9:T>C-9:T>C,7275159.0,32472994.0,0.08582478254075723
100019065|F|0-15:C>T-15:C>T,100033527|F|0-13:C>T-13:C>T,7275159.0,32475333.0,0.08582478254075723
100019065|F|0-15:C>T-15:C>T,100018446|F|0-67:T>A-67:T>A,7275159.0,33239334.0,0.03378127305398478
100019065|F|0-15:C>T-15:C>T,100013877|F|0-19:G>T-19:G>T,7275159.0,34079859.0,0.010812197957923023
100019065|F|0-15:C>T-15:C>T,100035010|F|0-32:A>C-32:A>C,7275159.0,34165746.0,0.00010904603634348687
100019065|F|0-15:C>T-15:C>T,100028703|F|0-9:T>G-9:T>G,7275159.0,34482430.0,0.03344513113248417
100019065|F|0-15:C>T-15:C>T,100014587|F|0-36:A>C-36:A>C,7275159.0,34723473.0,0.004851756108285125
100019065|F|0-15:C>T-15:C>T,100040405|F|0-35:T>A-35:T>A,7275159.0,34724344.0,0.0024131120021530957
100019065|F|0-15:C>T-15:C>T,100016549|F|0-30:A>G-30:A>G,7275159.0,34725485.0,0.014274894625921998
100019065|F|0-15:C>T-15:C>T,100013542|F|0-30:C>G-30:C>G,7275159.0,34725490.0,0.012503325048776881
100019065|F|0-15:C>T-15:C>T,100021285|F|0-67:T>C-67:T>C,7275159.0,34855449.0,0.00593035508613716
100019065|F|0-15:C>T-15:C>T,100033734|F|0-65:A>G-65:A>G,7275159.0,35379386.0,0.0340315640312026
100019065|F|0-15:C>T-15:C>T,100021520|F|0-23:T>C-23:T>C,7275159.0,36065991.0,0.03408888526098636
100019065|F|0-15:C>T-15:C>T,100019045|F|0-23:G>C-23:G>C,7275159.0,36149336.0,0.0005119406720156839
100019065|F|0-15:C>T-15:C>T,100057957|F|0-57:C>A-57:C>A,7275159.0,36576268.0,0.006610081417331375
100019065|F|0-15:C>T-15:C>T,100014666|F|0-59:T>C-59:T>C,7275159.0,37090975.0,0.0029549036246817816
100019065|F|0-15:C>T-15:C>T,100038773|F|0-28:C>G-28:C>G,7275159.0,37285877.0,0.058537956300523754
100019065|F|0-15:C>T-15:C>T,100051037|F|0-43:C>T-43:C>T,7275159.0,37902767.0,0.002104282504898727
100019065|F|0-15:C>T-15:C>T,100020809|F|0-53:C>G-53:C>G,7275159.0,39838084.0,0.016820030877055383
100019065|F|0-15:C>T-15:C>T,100029380|F|0-39:A>C-39:A>C,7275159.0,40729560.0,0.08395377360120218
100019065|F|0-15:C>T-15:C>T,100013950|F|0-50:T>C-50:T>C,7275159.0,40800799.0,0.15398034501353033
100019065|F|0-15:C>T-15:C>T,100015799|F|0-68:C>T-68:C>T,7275159.0,40825452.0,0.04018099995054657
100019065|F|0-15:C>T-15:C>T,100043188|F|0-42:C>T-42:C>T,7275159.0,40979122.0,0.026106452233510536
100019065|F|0-15:C>T-15:C>T,100015076|F|0-33:T>C-33:T>C,7275159.0,40986668.0,0.020487921996505287
100019065|F|0-15:C>T-15:C>T,100018802|F|0-14:G>A-14:G>A,7275159.0,40988293.0,0.013140997157146042
100019065|F|0-15:C>T-15:C>T,100018271|F|0-48:A>G-48:A>G,7275159.0,41002080.0,0.026617891742796534
100019065|F|0-15:C>T-15:C>T,100017658|F|0-34:T>G-34:T>G,7275159.0,41027371.0,0.011558349333810964
100019065|F|0-15:C>T-15:C>T,100017206|F|0-15:G>C-15:G>C,7275159.0,41065538.0,0.015750951980614238
100019065|F|0-15:C>T-15:C>T,100040329|F|0-26:A>G-26:A>G,7275159.0,41159215.0,0.0018622133735166483
100019065|F|0-15:C>T-15:C>T,100035489|F|0-33:C>A-33:C>A,7275159.0,41159220.0,6.187976688342243e-07
100019065|F|0-15:C>T-15:C>T,100021166|F|0-38:T>C-38:T>C,7275159.0,41233248.0,0.01687982860481727
100019065|F|0-15:C>T-15:C>T,100020488|F|0-58:T>G-58:T>G,7275159.0,41740174.0,0.010907173678850485
100019065|F|0-15:C>T-15:C>T,100046856|F|0-65:C>A-65:C>A,7275159.0,41864679.0,0.010243979582933428
100019065|F|0-15:C>T-15:C>T,100021425|F|0-50:G>C-50:G>C,7275159.0,42699263.0,0.001828301695508858
100019065|F|0-15:C>T-15:C>T,100032947|F|0-10:A>C-10:A>C,7275159.0,42744717.0,0.004608431543231657
100019065|F|0-15:C>T-15:C>T,100014347|F|0-68:T>C-68:T>C,7275159.0,42858969.0,0.004727763289407121
100019065|F|0-15:C>T-15:C>T,100016630|F|0-66:A>T-66:A>T,7275159.0,43750313.0,0.0014663487376699864
100019065|F|0-15:C>T-15:C>T,100015319|F|0-34:T>A-34:T>A,7275159.0,44449888.0,0.0014573341602147952
100019065|F|0-15:C>T-15:C>T,100018345|F|0-65:A>C-65:A>C,7275159.0,44788831.0,0.16616293146901712
100019065|F|0-15:C>T-15:C>T,100017310|F|0-9:T>G-9:T>G,7275159.0,44906172.0,0.04340634662889315
100019065|F|0-15:C>T-15:C>T,100048863|F|0-39:A>G-39:A>G,7275159.0,44946182.0,0.16282881373584293
100019065|F|0-15:C>T-15:C>T,100033264|F|0-61:C>T-61:C>T,7275159.0,44989593.0,0.0004008947748655649
100019065|F|0-15:C>T-15:C>T,100020314|F|0-31:G>A-31:G>A,7275159.0,45007549.0,0.02700347479225995
100019065|F|0-15:C>T-15:C>T,100041823|F|0-64:C>T-64:C>T,7275159.0,45303483.0,0.017867521630037738
100019065|F|0-15:C>T-15:C>T,100015397|F|0-30:G>C-30:G>C,7275159.0,45844613.0,0.005302472263797617
100019065|F|0-15:C>T-15:C>T,100029049|F|0-10:A>G-10:A>G,7275159.0,46654939.0,0.013427228151874677
100019065|F|0-15:C>T-15:C>T,100030430|F|0-19:A>C-19:A>C,7275159.0,46846957.0,0.00916922182501198
100019065|F|0-15:C>T-15:C>T,100021654|F|0-23:G>T-23:G>T,7275159.0,46876617.0,0.007693784899008284
100019065|F|0-15:C>T-15:C>T,100034493|F|0-32:C>T-32:C>T,7275159.0,46898850.0,0.004554776669179425
100019065|F|0-15:C>T-15:C>T,100019198|F|0-35:G>T-35:G>T,7275159.0,46921983.0,7.70791560046e-05
100019065|F|0-15:C>T-15:C>T,100020755|F|0-11:C>A-11:C>A,7275159.0,46921988.0,0.004171174024168769
100019065|F|0-15:C>T-15:C>T,100030713|F|0-35:T>A-35:T>A,7275159.0,46975334.0,0.004851756108285122
100019065|F|0-15:C>T-15:C>T,100035377|F|0-67:C>G-67:C>G,7275159.0,47016484.0,0.010186905038309718
100019065|F|0-15:C>T-15:C>T,100014882|F|0-19:A>G-19:A>G,7275159.0,47035718.0,0.02637096066034425
100019065|F|0-15:C>T-15:C>T,100016158|F|0-51:C>A-51:C>A,7275159.0,47150489.0,0.002274617406327342
100015576|F|0-58:G>T-58:G>T,100034454|F|0-32:T>C-32:T>C,7291045.0,8149669.0,0.016933533719522834
100015576|F|0-58:G>T-58:G>T,100032801|F|0-46:T>A-46:T>A,7291045.0,8519507.0,7.914096200523407e-06
100015576|F|0-58:G>T-58:G>T,100017329|F|0-16:T>C-16:T>C,7291045.0,8519512.0,6.275929498189881e-05
100015576|F|0-58:G>T-58:G>T,100054119|F|0-9:A>T-9:A>T,7291045.0,8526678.0,0.0002874788302153942
100015576|F|0-58:G>T-58:G>T,100013622|F|0-50:C>T-50:C>T,7291045.0,8526683.0,0.0008148586227338511
100015576|F|0-58:G>T-58:G>T,100013788|F|0-18:C>T-18:C>T,7291045.0,8748310.0,0.04638650942734433
100015576|F|0-58:G>T-58:G>T,100016003|F|0-33:A>T-33:A>T,7291045.0,9540230.0,0.008518183281955763
100015576|F|0-58:G>T-58:G>T,100038699|F|0-6:A>C-6:A>C,7291045.0,9987300.0,7.147586372938427e-05
100015576|F|0-58:G>T-58:G>T,100052747|F|0-12:T>G-12:T>G,7291045.0,9988427.0,0.0005256484669827679
100015576|F|0-58:G>T-58:G>T,100018327|F|0-50:C>T-50:C>T,7291045.0,10262280.0,0.02827720617957187
100015576|F|0-58:G>T-58:G>T,100018124|F|0-61:T>A-61:T>A,7291045.0,10817821.0,8.584087742583039e-05
100015576|F|0-58:G>T-58:G>T,100014259|F|0-39:T>A-39:T>A,7291045.0,10830557.0,0.01934052125161614
100015576|F|0-58:G>T-58:G>T,100017304|F|0-37:T>A-37:T>A,7291045.0,11098034.0,0.03353813556144285
100015576|F|0-58:G>T-58:G>T,100022081|F|0-44:A>C-44:A>C,7291045.0,11365474.0,8.004016095115963e-05
100015576|F|0-58:G>T-58:G>T,100015798|F|0-46:G>A-46:G>A,7291045.0,11367259.0,0.016818353465831704
100015576|F|0-58:G>T-58:G>T,100013022|F|0-48:G>C-48:G>C,7291045.0,11376234.0,0.010528484735691143
100015576|F|0-58:G>T-58:G>T,100017261|F|0-49:C>T-49:C>T,7291045.0,12523186.0,0.02998941772279463
100015576|F|0-58:G>T-58:G>T,100021866|F|0-51:G>C-51:G>C,7291045.0,14537286.0,0.031069399461449397
100015576|F|0-58:G>T-58:G>T,100016572|F|0-65:A>T-65:A>T,7291045.0,15198479.0,0.021021509491732995
100015576|F|0-58:G>T-58:G>T,100036118|F|0-16:G>C-16:G>C,7291045.0,15790762.0,0.03996037571973409
100015576|F|0-58:G>T-58:G>T,100021422|F|0-18:C>G-18:C>G,7291045.0,15863195.0,0.10699621758821498
100015576|F|0-58:G>T-58:G>T,100041283|F|0-68:T>A-68:T>A,7291045.0,16181585.0,0.06849907272818391
100015576|F|0-58:G>T-58:G>T,100053824|F|0-47:A>G-47:A>G,7291045.0,16226345.0,0.0032895670062620813
100015576|F|0-58:G>T-58:G>T,100021123|F|0-50:T>C-50:T>C,7291045.0,17173866.0,0.00019719991190376515
100015576|F|0-58:G>T-58:G>T,100021768|F|0-13:C>T-13:C>T,7291045.0,17179674.0,0.0002879176939285631
100015576|F|0-58:G>T-58:G>T,100040976|F|0-5:T>C-5:T>C,7291045.0,17196207.0,0.009895308692482535
100015576|F|0-58:G>T-58:G>T,100040977|F|0-30:G>T-30:G>T,7291045.0,17196207.0,0.009895308692482545
100015576|F|0-58:G>T-58:G>T,100016880|F|0-51:C>A-51:C>A,7291045.0,17507025.0,0.021538483293955826
100015576|F|0-58:G>T-58:G>T,100021275|F|0-33:T>A-33:T>A,7291045.0,17703648.0,0.013404833285656654
100015576|F|0-58:G>T-58:G>T,100017523|F|0-41:C>T-41:C>T,7291045.0,17927516.0,7.016786168680887e-05
100015576|F|0-58:G>T-58:G>T,100032842|F|0-24:A>C-24:A>C,7291045.0,18176550.0,0.00209036136670911
100015576|F|0-58:G>T-58:G>T,100032841|F|0-19:T>A-19:T>A,7291045.0,18176550.0,0.007843150603663402
100015576|F|0-58:G>T-58:G>T,100033379|F|0-46:C>G-46:C>G,7291045.0,18202707.0,0.0001577108262749264
100015576|F|0-58:G>T-58:G>T,100022600|F|0-31:A>T-31:A>T,7291045.0,18245914.0,0.01508823626722482
100015576|F|0-58:G>T-58:G>T,100019074|F|0-23:A>T-23:A>T,7291045.0,18451325.0,0.0040225909053331396
100015576|F|0-58:G>T-58:G>T,100035266|F|0-39:C>T-39:C>T,7291045.0,18675661.0,4.405487605894877e-05
100015576|F|0-58:G>T-58:G>T,100016256|F|0-31:A>C-31:A>C,7291045.0,19574145.0,0.12255284839628114
100015576|F|0-58:G>T-58:G>T,100036101|F|0-41:G>C-41:G>C,7291045.0,19902376.0,0.07917660397666249
100015576|F|0-58:G>T-58:G>T,100044506|F|0-28:G>A-28:G>A,7291045.0,19987479.0,0.008583461767353884
100015576|F|0-58:G>T-58:G>T,100013122|F|0-67:G>A-67:G>A,7291045.0,26458664.0,0.012841347890101946
100015576|F|0-58:G>T-58:G>T,100017906|F|0-31:G>A-31:G>A,7291045.0,26571479.0,0.021727808240402834
100015576|F|0-58:G>T-58:G>T,100021519|F|0-20:C>T-20:C>T,7291045.0,26856823.0,0.017789332468102787
100015576|F|0-58:G>T-58:G>T,100038609|F|0-8:A>T-8:A>T,7291045.0,27247323.0,0.0049563258902280615
100015576|F|0-58:G>T-58:G>T,100028909|F|0-9:C>T-9:C>T,7291045.0,27271569.0,0.025451111432704957
100015576|F|0-58:G>T-58:G>T,100021397|F|0-9:C>T-9:C>T,7291045.0,27420869.0,0.0006652754638448342
100015576|F|0-58:G>T-58:G>T,100017892|F|0-32:A>G-32:A>G,7291045.0,27451898.0,0.009315060878679879
100015576|F|0-58:G>T-58:G>T,100033136|F|0-68:A>G-68:A>G,7291045.0,27783976.0,0.016224815668072115
100015576|F|0-58:G>T-58:G>T,100020699|F|0-40:A>G-40:A>G,7291045.0,30507860.0,0.0009538838381459394
100015576|F|0-58:G>T-58:G>T,100014559|F|0-31:C>A-31:C>A,7291045.0,30836975.0,0.0068616829180209605
100015576|F|0-58:G>T-58:G>T,100017321|F|0-51:A>T-51:A>T,7291045.0,31197415.0,0.0013816012272504586
100015576|F|0-58:G>T-58:G>T,100040910|F|0-51:A>G-51:A>G,7291045.0,31200593.0,3.009021256887606e-05
100015576|F|0-58:G>T-58:G>T,100016298|F|0-19:G>A-19:G>A,7291045.0,31539538.0,0.003294193435038494
100015576|F|0-58:G>T-58:G>T,100016431|F|0-28:C>T-28:C>T,7291045.0,32001840.0,0.005864345284587681
100015576|F|0-58:G>T-58:G>T,100020933|F|0-51:T>C-51:T>C,7291045.0,32243895.0,0.02606712586505694
100015576|F|0-58:G>T-58:G>T,100014677|F|0-27:A>C-27:A>C,7291045.0,32410962.0,0.07724220653155094
100015576|F|0-58:G>T-58:G>T,100017923|F|0-57:A>G-57:A>G,7291045.0,32459789.0,0.011278301662871986
100015576|F|0-58:G>T-58:G>T,100048091|F|0-43:A>T-43:A>T,7291045.0,32463417.0,0.004179608353431791
100015576|F|0-58:G>T-58:G>T,100020456|F|0-16:A>C-16:A>C,7291045.0,32467328.0,0.011251090777172627
100015576|F|0-58:G>T-58:G>T,100034584|F|0-9:T>C-9:T>C,7291045.0,32472994.0,0.005316877378142296
100015576|F|0-58:G>T-58:G>T,100033527|F|0-13:C>T-13:C>T,7291045.0,32475333.0,0.005316877378142296
100015576|F|0-58:G>T-58:G>T,100018446|F|0-67:T>A-67:T>A,7291045.0,33239334.0,1.792634736107389e-05
100015576|F|0-58:G>T-58:G>T,100013877|F|0-19:G>T-19:G>T,7291045.0,34079859.0,0.007224899648406205
100015576|F|0-58:G>T-58:G>T,100035010|F|0-32:A>C-32:A>C,7291045.0,34165746.0,9.266875724332232e-05
100015576|F|0-58:G>T-58:G>T,100028703|F|0-9:T>G-9:T>G,7291045.0,34482430.0,0.0010929442795729603
100015576|F|0-58:G>T-58:G>T,100014587|F|0-36:A>C-36:A>C,7291045.0,34723473.0,0.04638650942734435
100015576|F|0-58:G>T-58:G>T,100040405|F|0-35:T>A-35:T>A,7291045.0,34724344.0,0.03752644069545464
100015576|F|0-58:G>T-58:G>T,100016549|F|0-30:A>G-30:A>G,7291045.0,34725485.0,0.05373104008667392
100015576|F|0-58:G>T-58:G>T,100013542|F|0-30:C>G-30:C>G,7291045.0,34725490.0,0.031186871206403358
100015576|F|0-58:G>T-58:G>T,100021285|F|0-67:T>C-67:T>C,7291045.0,34855449.0,0.0029117009750812624
100015576|F|0-58:G>T-58:G>T,100033734|F|0-65:A>G-65:A>G,7291045.0,35379386.0,0.0014124051527894164
100015576|F|0-58:G>T-58:G>T,100021520|F|0-23:T>C-23:T>C,7291045.0,36065991.0,0.008704266044079567
100015576|F|0-58:G>T-58:G>T,100019045|F|0-23:G>C-23:G>C,7291045.0,36149336.0,0.013271141911482454
100015576|F|0-58:G>T-58:G>T,100057957|F|0-57:C>A-57:C>A,7291045.0,36576268.0,9.266875724332147e-05
100015576|F|0-58:G>T-58:G>T,100014666|F|0-59:T>C-59:T>C,7291045.0,37090975.0,0.012084647663608119
100015576|F|0-58:G>T-58:G>T,100038773|F|0-28:C>G-28:C>G,7291045.0,37285877.0,0.0746001662699387
100015576|F|0-58:G>T-58:G>T,100051037|F|0-43:C>T-43:C>T,7291045.0,37902767.0,0.012374139238811975
100015576|F|0-58:G>T-58:G>T,100020809|F|0-53:C>G-53:C>G,7291045.0,39838084.0,0.034587669127465914
100015576|F|0-58:G>T-58:G>T,100029380|F|0-39:A>C-39:A>C,7291045.0,40729560.0,0.002131325151412886
100015576|F|0-58:G>T-58:G>T,100013950|F|0-50:T>C-50:T>C,7291045.0,40800799.0,0.00043521330220397755
100015576|F|0-58:G>T-58:G>T,100015799|F|0-68:C>T-68:C>T,7291045.0,40825452.0,0.00017600744707064916
100015576|F|0-58:G>T-58:G>T,100043188|F|0-42:C>T-42:C>T,7291045.0,40979122.0,0.04685643984388266
100015576|F|0-58:G>T-58:G>T,100015076|F|0-33:T>C-33:T>C,7291045.0,40986668.0,0.03689138690921544
100015576|F|0-58:G>T-58:G>T,100018802|F|0-14:G>A-14:G>A,7291045.0,40988293.0,0.0334184475212292
100015576|F|0-58:G>T-58:G>T,100018271|F|0-48:A>G-48:A>G,7291045.0,41002080.0,0.02396564166104205
100015576|F|0-58:G>T-58:G>T,100017658|F|0-34:T>G-34:T>G,7291045.0,41027371.0,0.04112727444019546
100015576|F|0-58:G>T-58:G>T,100017206|F|0-15:G>C-15:G>C,7291045.0,41065538.0,0.018174507255200797
100015576|F|0-58:G>T-58:G>T,100040329|F|0-26:A>G-26:A>G,7291045.0,41159215.0,0.03352448196273241
100015576|F|0-58:G>T-58:G>T,100035489|F|0-33:C>A-33:C>A,7291045.0,41159220.0,0.003642090558205662
100015576|F|0-58:G>T-58:G>T,100021166|F|0-38:T>C-38:T>C,7291045.0,41233248.0,0.0043933854677463266
100015576|F|0-58:G>T-58:G>T,100020488|F|0-58:T>G-58:T>G,7291045.0,41740174.0,0.0010932591682454023
100015576|F|0-58:G>T-58:G>T,100046856|F|0-65:C>A-65:C>A,7291045.0,41864679.0,0.03167504537267689
100015576|F|0-58:G>T-58:G>T,100021425|F|0-50:G>C-50:G>C,7291045.0,42699263.0,0.0004548483996601268
100015576|F|0-58:G>T-58:G>T,100032947|F|0-10:A>C-10:A>C,7291045.0,42744717.0,0.0001028265303012257
100015576|F|0-58:G>T-58:G>T,100014347|F|0-68:T>C-68:T>C,7291045.0,42858969.0,0.04823954119728767
100015576|F|0-58:G>T-58:G>T,100016630|F|0-66:A>T-66:A>T,7291045.0,43750313.0,9.445715942761899e-07
100015576|F|0-58:G>T-58:G>T,100015319|F|0-34:T>A-34:T>A,7291045.0,44449888.0,0.003378162345456833
100015576|F|0-58:G>T-58:G>T,100018345|F|0-65:A>C-65:A>C,7291045.0,44788831.0,0.01473805059256517
100015576|F|0-58:G>T-58:G>T,100017310|F|0-9:T>G-9:T>G,7291045.0,44906172.0,0.024297106726106903
100015576|F|0-58:G>T-58:G>T,100048863|F|0-39:A>G-39:A>G,7291045.0,44946182.0,0.015202951309772304
100015576|F|0-58:G>T-58:G>T,100033264|F|0-61:C>T-61:C>T,7291045.0,44989593.0,0.0004898305594158365
100015576|F|0-58:G>T-58:G>T,100020314|F|0-31:G>A-31:G>A,7291045.0,45007549.0,0.00671797620966684
100015576|F|0-58:G>T-58:G>T,100041823|F|0-64:C>T-64:C>T,7291045.0,45303483.0,0.0003674166419697886
100015576|F|0-58:G>T-58:G>T,100015397|F|0-30:G>C-30:G>C,7291045.0,45844613.0,8.453464540304112e-05
100015576|F|0-58:G>T-58:G>T,100029049|F|0-10:A>G-10:A>G,7291045.0,46654939.0,0.004130825586271959
100015576|F|0-58:G>T-58:G>T,100030430|F|0-19:A>C-19:A>C,7291045.0,46846957.0,0.009173896675297675
100015576|F|0-58:G>T-58:G>T,100021654|F|0-23:G>T-23:G>T,7291045.0,46876617.0,0.041520691366025035
100015576|F|0-58:G>T-58:G>T,100034493|F|0-32:C>T-32:C>T,7291045.0,46898850.0,0.03379301050176246
100015576|F|0-58:G>T-58:G>T,100019198|F|0-35:G>T-35:G>T,7291045.0,46921983.0,0.02018782634182499
100015576|F|0-58:G>T-58:G>T,100020755|F|0-11:C>A-11:C>A,7291045.0,46921988.0,0.030946967950638813
100015576|F|0-58:G>T-58:G>T,100030713|F|0-35:T>A-35:T>A,7291045.0,46975334.0,0.006586280271557414
100015576|F|0-58:G>T-58:G>T,100035377|F|0-67:C>G-67:C>G,7291045.0,47016484.0,0.008916481165227863
100015576|F|0-58:G>T-58:G>T,100014882|F|0-19:A>G-19:A>G,7291045.0,47035718.0,0.031162536114120662
100015576|F|0-58:G>T-58:G>T,100016158|F|0-51:C>A-51:C>A,7291045.0,47150489.0,0.0029117009750812585
100034454|F|0-32:T>C-32:T>C,100032801|F|0-46:T>A-46:T>A,8149669.0,8519507.0,0.000999031656933665
100034454|F|0-32:T>C-32:T>C,100017329|F|0-16:T>C-16:T>C,8149669.0,8519512.0,0.0016511210242743726
100034454|F|0-32:T>C-32:T>C,100054119|F|0-9:A>T-9:A>T,8149669.0,8526678.0,0.0015207664596261395
100034454|F|0-32:T>C-32:T>C,100013622|F|0-50:C>T-50:C>T,8149669.0,8526683.0,0.0012117311128866106
100034454|F|0-32:T>C-32:T>C,100013788|F|0-18:C>T-18:C>T,8149669.0,8748310.0,0.32001002523397
100034454|F|0-32:T>C-32:T>C,100016003|F|0-33:A>T-33:A>T,8149669.0,9540230.0,2.3756681102562223e-05
100034454|F|0-32:T>C-32:T>C,100038699|F|0-6:A>C-6:A>C,8149669.0,9987300.0,0.0008357526172253016
100034454|F|0-32:T>C-32:T>C,100052747|F|0-12:T>G-12:T>G,8149669.0,9988427.0,0.00016083526545528076
100034454|F|0-32:T>C-32:T>C,100018327|F|0-50:C>T-50:C>T,8149669.0,10262280.0,0.021634776411314092
100034454|F|0-32:T>C-32:T>C,100018124|F|0-61:T>A-61:T>A,8149669.0,10817821.0,0.0011433830775963718
100034454|F|0-32:T>C-32:T>C,100014259|F|0-39:T>A-39:T>A,8149669.0,10830557.0,0.002596049413239855
100034454|F|0-32:T>C-32:T>C,100017304|F|0-37:T>A-37:T>A,8149669.0,11098034.0,0.00228029965059277
100034454|F|0-32:T>C-32:T>C,100022081|F|0-44:A>C-44:A>C,8149669.0,11365474.0,0.0003954148720914751
100034454|F|0-32:T>C-32:T>C,100015798|F|0-46:G>A-46:G>A,8149669.0,11367259.0,0.02326181159920233
100034454|F|0-32:T>C-32:T>C,100013022|F|0-48:G>C-48:G>C,8149669.0,11376234.0,0.003616708595360064
100034454|F|0-32:T>C-32:T>C,100017261|F|0-49:C>T-49:C>T,8149669.0,12523186.0,0.005639028521976083
100034454|F|0-32:T>C-32:T>C,100021866|F|0-51:G>C-51:G>C,8149669.0,14537286.0,0.03971691753246346
100034454|F|0-32:T>C-32:T>C,100016572|F|0-65:A>T-65:A>T,8149669.0,15198479.0,0.00958630783331611
100034454|F|0-32:T>C-32:T>C,100036118|F|0-16:G>C-16:G>C,8149669.0,15790762.0,0.02456708298214688
100034454|F|0-32:T>C-32:T>C,100021422|F|0-18:C>G-18:C>G,8149669.0,15863195.0,0.007639745702409893
100034454|F|0-32:T>C-32:T>C,100041283|F|0-68:T>A-68:T>A,8149669.0,16181585.0,0.011989279465093289
100034454|F|0-32:T>C-32:T>C,100053824|F|0-47:A>G-47:A>G,8149669.0,16226345.0,0.0021539611536131775
100034454|F|0-32:T>C-32:T>C,100021123|F|0-50:T>C-50:T>C,8149669.0,17173866.0,0.002012401176686666
100034454|F|0-32:T>C-32:T>C,100021768|F|0-13:C>T-13:C>T,8149669.0,17179674.0,0.006494140726470947
100034454|F|0-32:T>C-32:T>C,100040976|F|0-5:T>C-5:T>C,8149669.0,17196207.0,0.0010221902966557248
100034454|F|0-32:T>C-32:T>C,100040977|F|0-30:G>T-30:G>T,8149669.0,17196207.0,0.0010221902966557257
100034454|F|0-32:T>C-32:T>C,100016880|F|0-51:C>A-51:C>A,8149669.0,17507025.0,0.006310276736399295
100034454|F|0-32:T>C-32:T>C,100021275|F|0-33:T>A-33:T>A,8149669.0,17703648.0,0.005999970370516702
100034454|F|0-32:T>C-32:T>C,100017523|F|0-41:C>T-41:C>T,8149669.0,17927516.0,0.061574027760652704
100034454|F|0-32:T>C-32:T>C,100032842|F|0-24:A>C-24:A>C,8149669.0,18176550.0,0.04873749168941241
100034454|F|0-32:T>C-32:T>C,100032841|F|0-19:T>A-19:T>A,8149669.0,18176550.0,0.04592818173935421
100034454|F|0-32:T>C-32:T>C,100033379|F|0-46:C>G-46:C>G,8149669.0,18202707.0,0.03597237294438165
100034454|F|0-32:T>C-32:T>C,100022600|F|0-31:A>T-31:A>T,8149669.0,18245914.0,0.02128527396511085
100034454|F|0-32:T>C-32:T>C,100019074|F|0-23:A>T-23:A>T,8149669.0,18451325.0,0.0016280482182093432
100034454|F|0-32:T>C-32:T>C,100035266|F|0-39:C>T-39:C>T,8149669.0,18675661.0,0.03969003488220506
100034454|F|0-32:T>C-32:T>C,100016256|F|0-31:A>C-31:A>C,8149669.0,19574145.0,0.0007871623487819738
100034454|F|0-32:T>C-32:T>C,100036101|F|0-41:G>C-41:G>C,8149669.0,19902376.0,0.027179153001346126
100034454|F|0-32:T>C-32:T>C,100044506|F|0-28:G>A-28:G>A,8149669.0,19987479.0,0.009032819243250471
100034454|F|0-32:T>C-32:T>C,100013122|F|0-67:G>A-67:G>A,8149669.0,26458664.0,0.0098260145766084
100034454|F|0-32:T>C-32:T>C,100017906|F|0-31:G>A-31:G>A,8149669.0,26571479.0,0.0037074521388910657
100034454|F|0-32:T>C-32:T>C,100021519|F|0-20:C>T-20:C>T,8149669.0,26856823.0,2.7150008210763862e-05
100034454|F|0-32:T>C-32:T>C,100038609|F|0-8:A>T-8:A>T,8149669.0,27247323.0,0.018923527266634495
100034454|F|0-32:T>C-32:T>C,100028909|F|0-9:C>T-9:C>T,8149669.0,27271569.0,0.042195820506444055
100034454|F|0-32:T>C-32:T>C,100021397|F|0-9:C>T-9:C>T,8149669.0,27420869.0,0.05217150596253531
100034454|F|0-32:T>C-32:T>C,100017892|F|0-32:A>G-32:A>G,8149669.0,27451898.0,0.0757487226749273
100034454|F|0-32:T>C-32:T>C,100033136|F|0-68:A>G-68:A>G,8149669.0,27783976.0,0.00011607035521673919
100034454|F|0-32:T>C-32:T>C,100020699|F|0-40:A>G-40:A>G,8149669.0,30507860.0,0.001239285345450786
100034454|F|0-32:T>C-32:T>C,100014559|F|0-31:C>A-31:C>A,8149669.0,30836975.0,0.06142781736605924
100034454|F|0-32:T>C-32:T>C,100017321|F|0-51:A>T-51:A>T,8149669.0,31197415.0,0.014675765562434651
100034454|F|0-32:T>C-32:T>C,100040910|F|0-51:A>G-51:A>G,8149669.0,31200593.0,0.0032551186677556142
100034454|F|0-32:T>C-32:T>C,100016298|F|0-19:G>A-19:G>A,8149669.0,31539538.0,0.00809152382786589
100034454|F|0-32:T>C-32:T>C,100016431|F|0-28:C>T-28:C>T,8149669.0,32001840.0,0.02527665764422105
100034454|F|0-32:T>C-32:T>C,100020933|F|0-51:T>C-51:T>C,8149669.0,32243895.0,0.028763069643162793
100034454|F|0-32:T>C-32:T>C,100014677|F|0-27:A>C-27:A>C,8149669.0,32410962.0,0.003868546745106385
100034454|F|0-32:T>C-32:T>C,100017923|F|0-57:A>G-57:A>G,8149669.0,32459789.0,0.01899886219369582
100034454|F|0-32:T>C-32:T>C,100048091|F|0-43:A>T-43:A>T,8149669.0,32463417.0,0.01481872637947024
100034454|F|0-32:T>C-32:T>C,100020456|F|0-16:A>C-16:A>C,8149669.0,32467328.0,0.008714907943809696
100034454|F|0-32:T>C-32:T>C,100034584|F|0-9:T>C-9:T>C,8149669.0,32472994.0,0.017545787435512227
100034454|F|0-32:T>C-32:T>C,100033527|F|0-13:C>T-13:C>T,8149669.0,32475333.0,0.017545787435512227
100034454|F|0-32:T>C-32:T>C,100018446|F|0-67:T>A-67:T>A,8149669.0,33239334.0,0.001245372838099074
100034454|F|0-32:T>C-32:T>C,100013877|F|0-19:G>T-19:G>T,8149669.0,34079859.0,0.0066071477325470125
100034454|F|0-32:T>C-32:T>C,100035010|F|0-32:A>C-32:A>C,8149669.0,34165746.0,0.04083487380660349
100034454|F|0-32:T>C-32:T>C,100028703|F|0-9:T>G-9:T>G,8149669.0,34482430.0,0.015415935100225002
100034454|F|0-32:T>C-32:T>C,100014587|F|0-36:A>C-36:A>C,8149669.0,34723473.0,0.020762487397255606
100034454|F|0-32:T>C-32:T>C,100040405|F|0-35:T>A-35:T>A,8149669.0,34724344.0,0.020175028191655266
100034454|F|0-32:T>C-32:T>C,100016549|F|0-30:A>G-30:A>G,8149669.0,34725485.0,0.024049881235154412
100034454|F|0-32:T>C-32:T>C,100013542|F|0-30:C>G-30:C>G,8149669.0,34725490.0,0.0017758968697378257
100034454|F|0-32:T>C-32:T>C,100021285|F|0-67:T>C-67:T>C,8149669.0,34855449.0,0.028729124086247174
100034454|F|0-32:T>C-32:T>C,100033734|F|0-65:A>G-65:A>G,8149669.0,35379386.0,0.004291167809051469
100034454|F|0-32:T>C-32:T>C,100021520|F|0-23:T>C-23:T>C,8149669.0,36065991.0,0.0050600515205245595
100034454|F|0-32:T>C-32:T>C,100019045|F|0-23:G>C-23:G>C,8149669.0,36149336.0,0.005782453261351811
100034454|F|0-32:T>C-32:T>C,100057957|F|0-57:C>A-57:C>A,8149669.0,36576268.0,0.05394039267228006
100034454|F|0-32:T>C-32:T>C,100014666|F|0-59:T>C-59:T>C,8149669.0,37090975.0,0.00029194898133161275
100034454|F|0-32:T>C-32:T>C,100038773|F|0-28:C>G-28:C>G,8149669.0,37285877.0,0.005072158312672295
100034454|F|0-32:T>C-32:T>C,100051037|F|0-43:C>T-43:C>T,8149669.0,37902767.0,0.040834873806603514
100034454|F|0-32:T>C-32:T>C,100020809|F|0-53:C>G-53:C>G,8149669.0,39838084.0,0.005597598924671799
100034454|F|0-32:T>C-32:T>C,100029380|F|0-39:A>C-39:A>C,8149669.0,40729560.0,0.005235171700652013
100034454|F|0-32:T>C-32:T>C,100013950|F|0-50:T>C-50:T>C,8149669.0,40800799.0,0.012612724380062428
100034454|F|0-32:T>C-32:T>C,100015799|F|0-68:C>T-68:C>T,8149669.0,40825452.0,0.007560361411000694
100034454|F|0-32:T>C-32:T>C,100043188|F|0-42:C>T-42:C>T,8149669.0,40979122.0,0.06768174470217797
100034454|F|0-32:T>C-32:T>C,100015076|F|0-33:T>C-33:T>C,8149669.0,40986668.0,0.07450095193763559
100034454|F|0-32:T>C-32:T>C,100018802|F|0-14:G>A-14:G>A,8149669.0,40988293.0,0.04105229615703807
100034454|F|0-32:T>C-32:T>C,100018271|F|0-48:A>G-48:A>G,8149669.0,41002080.0,0.057001528804206565
100034454|F|0-32:T>C-32:T>C,100017658|F|0-34:T>G-34:T>G,8149669.0,41027371.0,0.058737744062540134
100034454|F|0-32:T>C-32:T>C,100017206|F|0-15:G>C-15:G>C,8149669.0,41065538.0,0.06162631456756658
100034454|F|0-32:T>C-32:T>C,100040329|F|0-26:A>G-26:A>G,8149669.0,41159215.0,0.019695977513030583
100034454|F|0-32:T>C-32:T>C,100035489|F|0-33:C>A-33:C>A,8149669.0,41159220.0,0.006176703351080249
100034454|F|0-32:T>C-32:T>C,100021166|F|0-38:T>C-38:T>C,8149669.0,41233248.0,0.050679098512906674
100034454|F|0-32:T>C-32:T>C,100020488|F|0-58:T>G-58:T>G,8149669.0,41740174.0,0.01997383634779302
100034454|F|0-32:T>C-32:T>C,100046856|F|0-65:C>A-65:C>A,8149669.0,41864679.0,0.003215287128513148
100034454|F|0-32:T>C-32:T>C,100021425|F|0-50:G>C-50:G>C,8149669.0,42699263.0,7.069336047958511e-06
100034454|F|0-32:T>C-32:T>C,100032947|F|0-10:A>C-10:A>C,8149669.0,42744717.0,0.012699605686537772
100034454|F|0-32:T>C-32:T>C,100014347|F|0-68:T>C-68:T>C,8149669.0,42858969.0,0.0015499041627307618
100034454|F|0-32:T>C-32:T>C,100016630|F|0-66:A>T-66:A>T,8149669.0,43750313.0,0.02872721775487848
100034454|F|0-32:T>C-32:T>C,100015319|F|0-34:T>A-34:T>A,8149669.0,44449888.0,0.008438712933551787
100034454|F|0-32:T>C-32:T>C,100018345|F|0-65:A>C-65:A>C,8149669.0,44788831.0,0.003980566208579697
100034454|F|0-32:T>C-32:T>C,100017310|F|0-9:T>G-9:T>G,8149669.0,44906172.0,3.0826940799293544e-05
100034454|F|0-32:T>C-32:T>C,100048863|F|0-39:A>G-39:A>G,8149669.0,44946182.0,0.004309563158175888
100034454|F|0-32:T>C-32:T>C,100033264|F|0-61:C>T-61:C>T,8149669.0,44989593.0,0.04879870221558397
100034454|F|0-32:T>C-32:T>C,100020314|F|0-31:G>A-31:G>A,8149669.0,45007549.0,0.007891825166562368
100034454|F|0-32:T>C-32:T>C,100041823|F|0-64:C>T-64:C>T,8149669.0,45303483.0,0.0006413124136780296
100034454|F|0-32:T>C-32:T>C,100015397|F|0-30:G>C-30:G>C,8149669.0,45844613.0,0.04696254494656846
100034454|F|0-32:T>C-32:T>C,100029049|F|0-10:A>G-10:A>G,8149669.0,46654939.0,0.006322152836308849
100034454|F|0-32:T>C-32:T>C,100030430|F|0-19:A>C-19:A>C,8149669.0,46846957.0,0.006295403138920265
100034454|F|0-32:T>C-32:T>C,100021654|F|0-23:G>T-23:G>T,8149669.0,46876617.0,0.06659710968544001
100034454|F|0-32:T>C-32:T>C,100034493|F|0-32:C>T-32:C>T,8149669.0,46898850.0,0.06423821491723251
100034454|F|0-32:T>C-32:T>C,100019198|F|0-35:G>T-35:G>T,8149669.0,46921983.0,0.059762392672508984
100034454|F|0-32:T>C-32:T>C,100020755|F|0-11:C>A-11:C>A,8149669.0,46921988.0,0.041107236513311156
100034454|F|0-32:T>C-32:T>C,100030713|F|0-35:T>A-35:T>A,8149669.0,46975334.0,0.011969047090118869
100034454|F|0-32:T>C-32:T>C,100035377|F|0-67:C>G-67:C>G,8149669.0,47016484.0,0.0017596034511637687
100034454|F|0-32:T>C-32:T>C,100014882|F|0-19:A>G-19:A>G,8149669.0,47035718.0,0.055694217636579536
100034454|F|0-32:T>C-32:T>C,100016158|F|0-51:C>A-51:C>A,8149669.0,47150489.0,0.028729124086247212
100032801|F|0-46:T>A-46:T>A,100017329|F|0-16:T>C-16:T>C,8519507.0,8519512.0,0.8085922160652746
100032801|F|0-46:T>A-46:T>A,100054119|F|0-9:A>T-9:A>T,8519507.0,8526678.0,0.7367638331873083
100032801|F|0-46:T>A-46:T>A,100013622|F|0-50:C>T-50:C>T,8519507.0,8526683.0,0.7598692595174723
100032801|F|0-46:T>A-46:T>A,100013788|F|0-18:C>T-18:C>T,8519507.0,8748310.0,0.023358772731367643
100032801|F|0-46:T>A-46:T>A,100016003|F|0-33:A>T-33:A>T,8519507.0,9540230.0,0.03356468377074791
100032801|F|0-46:T>A-46:T>A,100038699|F|0-6:A>C-6:A>C,8519507.0,9987300.0,0.37781587490889734
100032801|F|0-46:T>A-46:T>A,100052747|F|0-12:T>G-12:T>G,8519507.0,9988427.0,0.35440523578159955
100032801|F|0-46:T>A-46:T>A,100018327|F|0-50:C>T-50:C>T,8519507.0,10262280.0,0.034299410230771786
100032801|F|0-46:T>A-46:T>A,100018124|F|0-61:T>A-61:T>A,8519507.0,10817821.0,0.0018341975951631521
100032801|F|0-46:T>A-46:T>A,100014259|F|0-39:T>A-39:T>A,8519507.0,10830557.0,5.611121825351864e-06
100032801|F|0-46:T>A-46:T>A,100017304|F|0-37:T>A-37:T>A,8519507.0,11098034.0,0.013077388121656805
100032801|F|0-46:T>A-46:T>A,100022081|F|0-44:A>C-44:A>C,8519507.0,11365474.0,0.030703256828937195
100032801|F|0-46:T>A-46:T>A,100015798|F|0-46:G>A-46:G>A,8519507.0,11367259.0,0.027098380084967108
100032801|F|0-46:T>A-46:T>A,100013022|F|0-48:G>C-48:G>C,8519507.0,11376234.0,0.027776807773954304
100032801|F|0-46:T>A-46:T>A,100017261|F|0-49:C>T-49:C>T,8519507.0,12523186.0,0.03749774652965549
100032801|F|0-46:T>A-46:T>A,100021866|F|0-51:G>C-51:G>C,8519507.0,14537286.0,0.0149649098665199
100032801|F|0-46:T>A-46:T>A,100016572|F|0-65:A>T-65:A>T,8519507.0,15198479.0,0.009175550445930894
100032801|F|0-46:T>A-46:T>A,100036118|F|0-16:G>C-16:G>C,8519507.0,15790762.0,0.014848354140818858
100032801|F|0-46:T>A-46:T>A,100021422|F|0-18:C>G-18:C>G,8519507.0,15863195.0,0.00040596359110616696
100032801|F|0-46:T>A-46:T>A,100041283|F|0-68:T>A-68:T>A,8519507.0,16181585.0,0.0012628995600939624
100032801|F|0-46:T>A-46:T>A,100053824|F|0-47:A>G-47:A>G,8519507.0,16226345.0,0.07233116461378926
100032801|F|0-46:T>A-46:T>A,100021123|F|0-50:T>C-50:T>C,8519507.0,17173866.0,0.05253161064078259
100032801|F|0-46:T>A-46:T>A,100021768|F|0-13:C>T-13:C>T,8519507.0,17179674.0,0.0585523298854192
100032801|F|0-46:T>A-46:T>A,100040976|F|0-5:T>C-5:T>C,8519507.0,17196207.0,0.031553081105706725
100032801|F|0-46:T>A-46:T>A,100040977|F|0-30:G>T-30:G>T,8519507.0,17196207.0,0.04194542682787147
100032801|F|0-46:T>A-46:T>A,100016880|F|0-51:C>A-51:C>A,8519507.0,17507025.0,0.021500432259748507
100032801|F|0-46:T>A-46:T>A,100021275|F|0-33:T>A-33:T>A,8519507.0,17703648.0,0.016760946993505152
100032801|F|0-46:T>A-46:T>A,100017523|F|0-41:C>T-41:C>T,8519507.0,17927516.0,0.08610152801893686
100032801|F|0-46:T>A-46:T>A,100032842|F|0-24:A>C-24:A>C,8519507.0,18176550.0,0.019746490676723235
100032801|F|0-46:T>A-46:T>A,100032841|F|0-19:T>A-19:T>A,8519507.0,18176550.0,0.007375100231348426
100032801|F|0-46:T>A-46:T>A,100033379|F|0-46:C>G-46:C>G,8519507.0,18202707.0,0.022118575693321197
100032801|F|0-46:T>A-46:T>A,100022600|F|0-31:A>T-31:A>T,8519507.0,18245914.0,0.010053687496224347
100032801|F|0-46:T>A-46:T>A,100019074|F|0-23:A>T-23:A>T,8519507.0,18451325.0,0.06279261350709936
100032801|F|0-46:T>A-46:T>A,100035266|F|0-39:C>T-39:C>T,8519507.0,18675661.0,0.0018212384421406544
100032801|F|0-46:T>A-46:T>A,100016256|F|0-31:A>C-31:A>C,8519507.0,19574145.0,6.587067160350015e-05
100032801|F|0-46:T>A-46:T>A,100036101|F|0-41:G>C-41:G>C,8519507.0,19902376.0,0.006531360053445452
100032801|F|0-46:T>A-46:T>A,100044506|F|0-28:G>A-28:G>A,8519507.0,19987479.0,0.010162345570141205
100032801|F|0-46:T>A-46:T>A,100013122|F|0-67:G>A-67:G>A,8519507.0,26458664.0,0.005232940384997632
100032801|F|0-46:T>A-46:T>A,100017906|F|0-31:G>A-31:G>A,8519507.0,26571479.0,0.0012277388493429546
100032801|F|0-46:T>A-46:T>A,100021519|F|0-20:C>T-20:C>T,8519507.0,26856823.0,0.009896590828368614
100032801|F|0-46:T>A-46:T>A,100038609|F|0-8:A>T-8:A>T,8519507.0,27247323.0,0.008240918751871202
100032801|F|0-46:T>A-46:T>A,100028909|F|0-9:C>T-9:C>T,8519507.0,27271569.0,0.03610162121202333
100032801|F|0-46:T>A-46:T>A,100021397|F|0-9:C>T-9:C>T,8519507.0,27420869.0,0.008194711561030521
100032801|F|0-46:T>A-46:T>A,100017892|F|0-32:A>G-32:A>G,8519507.0,27451898.0,6.992833165477993e-05
100032801|F|0-46:T>A-46:T>A,100033136|F|0-68:A>G-68:A>G,8519507.0,27783976.0,0.012216070386044778
100032801|F|0-46:T>A-46:T>A,100020699|F|0-40:A>G-40:A>G,8519507.0,30507860.0,2.5926213994971024e-05
100032801|F|0-46:T>A-46:T>A,100014559|F|0-31:C>A-31:C>A,8519507.0,30836975.0,0.0021243291592128854
100032801|F|0-46:T>A-46:T>A,100017321|F|0-51:A>T-51:A>T,8519507.0,31197415.0,0.010515872573852822
100032801|F|0-46:T>A-46:T>A,100040910|F|0-51:A>G-51:A>G,8519507.0,31200593.0,0.002384824289179706
100032801|F|0-46:T>A-46:T>A,100016298|F|0-19:G>A-19:G>A,8519507.0,31539538.0,0.0012590855614111449
100032801|F|0-46:T>A-46:T>A,100016431|F|0-28:C>T-28:C>T,8519507.0,32001840.0,0.002371344177725994
100032801|F|0-46:T>A-46:T>A,100020933|F|0-51:T>C-51:T>C,8519507.0,32243895.0,0.013612258174904425
100032801|F|0-46:T>A-46:T>A,100014677|F|0-27:A>C-27:A>C,8519507.0,32410962.0,0.04639566557405548
100032801|F|0-46:T>A-46:T>A,100017923|F|0-57:A>G-57:A>G,8519507.0,32459789.0,0.0020640746175707293
100032801|F|0-46:T>A-46:T>A,100048091|F|0-43:A>T-43:A>T,8519507.0,32463417.0,0.0033997521235184344
100032801|F|0-46:T>A-46:T>A,100020456|F|0-16:A>C-16:A>C,8519507.0,32467328.0,0.004344866128644935
100032801|F|0-46:T>A-46:T>A,100034584|F|0-9:T>C-9:T>C,8519507.0,32472994.0,0.00486801224045896
100032801|F|0-46:T>A-46:T>A,100033527|F|0-13:C>T-13:C>T,8519507.0,32475333.0,0.00486801224045896
100032801|F|0-46:T>A-46:T>A,100018446|F|0-67:T>A-67:T>A,8519507.0,33239334.0,0.0012211260197119117
100032801|F|0-46:T>A-46:T>A,100013877|F|0-19:G>T-19:G>T,8519507.0,34079859.0,0.00961631276887893
100032801|F|0-46:T>A-46:T>A,100035010|F|0-32:A>C-32:A>C,8519507.0,34165746.0,0.0038309471771321986
100032801|F|0-46:T>A-46:T>A,100028703|F|0-9:T>G-9:T>G,8519507.0,34482430.0,0.0014462548197102473
100032801|F|0-46:T>A-46:T>A,100014587|F|0-36:A>C-36:A>C,8519507.0,34723473.0,0.012355053345516766
100032801|F|0-46:T>A-46:T>A,100040405|F|0-35:T>A-35:T>A,8519507.0,34724344.0,0.00456939701125748
100032801|F|0-46:T>A-46:T>A,100016549|F|0-30:A>G-30:A>G,8519507.0,34725485.0,0.0006211488769628321
100032801|F|0-46:T>A-46:T>A,100013542|F|0-30:C>G-30:C>G,8519507.0,34725490.0,7.914096200523768e-06
100032801|F|0-46:T>A-46:T>A,100021285|F|0-67:T>C-67:T>C,8519507.0,34855449.0,0.0027180319230075867
100032801|F|0-46:T>A-46:T>A,100033734|F|0-65:A>G-65:A>G,8519507.0,35379386.0,0.0021818550842297555
100032801|F|0-46:T>A-46:T>A,100021520|F|0-23:T>C-23:T>C,8519507.0,36065991.0,5.599088468397337e-05
100032801|F|0-46:T>A-46:T>A,100019045|F|0-23:G>C-23:G>C,8519507.0,36149336.0,0.08722641896980639
100032801|F|0-46:T>A-46:T>A,100057957|F|0-57:C>A-57:C>A,8519507.0,36576268.0,0.0026196084802209366
100032801|F|0-46:T>A-46:T>A,100014666|F|0-59:T>C-59:T>C,8519507.0,37090975.0,0.004652569995233098
100032801|F|0-46:T>A-46:T>A,100038773|F|0-28:C>G-28:C>G,8519507.0,37285877.0,0.0007641491366665342
100032801|F|0-46:T>A-46:T>A,100051037|F|0-43:C>T-43:C>T,8519507.0,37902767.0,0.002619608480220934
100032801|F|0-46:T>A-46:T>A,100020809|F|0-53:C>G-53:C>G,8519507.0,39838084.0,6.587067160350015e-05
100032801|F|0-46:T>A-46:T>A,100029380|F|0-39:A>C-39:A>C,8519507.0,40729560.0,0.018768878852752278
100032801|F|0-46:T>A-46:T>A,100013950|F|0-50:T>C-50:T>C,8519507.0,40800799.0,0.04014563928992363
100032801|F|0-46:T>A-46:T>A,100015799|F|0-68:C>T-68:C>T,8519507.0,40825452.0,0.02690897661932841
100032801|F|0-46:T>A-46:T>A,100043188|F|0-42:C>T-42:C>T,8519507.0,40979122.0,0.0026809453307933807
100032801|F|0-46:T>A-46:T>A,100015076|F|0-33:T>C-33:T>C,8519507.0,40986668.0,0.003958858732678773
100032801|F|0-46:T>A-46:T>A,100018802|F|0-14:G>A-14:G>A,8519507.0,40988293.0,0.022998903554219643
100032801|F|0-46:T>A-46:T>A,100018271|F|0-48:A>G-48:A>G,8519507.0,41002080.0,0.007419595456107496
100032801|F|0-46:T>A-46:T>A,100017658|F|0-34:T>G-34:T>G,8519507.0,41027371.0,0.007837834935913831
100032801|F|0-46:T>A-46:T>A,100017206|F|0-15:G>C-15:G>C,8519507.0,41065538.0,0.008544138256169155
100032801|F|0-46:T>A-46:T>A,100040329|F|0-26:A>G-26:A>G,8519507.0,41159215.0,0.01617843685554799
100032801|F|0-46:T>A-46:T>A,100035489|F|0-33:C>A-33:C>A,8519507.0,41159220.0,0.0010927127377409287
100032801|F|0-46:T>A-46:T>A,100021166|F|0-38:T>C-38:T>C,8519507.0,41233248.0,0.029393000364564312
100032801|F|0-46:T>A-46:T>A,100020488|F|0-58:T>G-58:T>G,8519507.0,41740174.0,0.01469103846653542
100032801|F|0-46:T>A-46:T>A,100046856|F|0-65:C>A-65:C>A,8519507.0,41864679.0,0.014599926316709004
100032801|F|0-46:T>A-46:T>A,100021425|F|0-50:G>C-50:G>C,8519507.0,42699263.0,0.05695475225612854
100032801|F|0-46:T>A-46:T>A,100032947|F|0-10:A>C-10:A>C,8519507.0,42744717.0,0.12184558041930343
100032801|F|0-46:T>A-46:T>A,100014347|F|0-68:T>C-68:T>C,8519507.0,42858969.0,0.0149346253997417
100032801|F|0-46:T>A-46:T>A,100016630|F|0-66:A>T-66:A>T,8519507.0,43750313.0,0.023586457945047698
100032801|F|0-46:T>A-46:T>A,100015319|F|0-34:T>A-34:T>A,8519507.0,44449888.0,0.033125733437510366
100032801|F|0-46:T>A-46:T>A,100018345|F|0-65:A>C-65:A>C,8519507.0,44788831.0,0.013147786784239796
100032801|F|0-46:T>A-46:T>A,100017310|F|0-9:T>G-9:T>G,8519507.0,44906172.0,0.04095428018416968
100032801|F|0-46:T>A-46:T>A,100048863|F|0-39:A>G-39:A>G,8519507.0,44946182.0,0.01372437423706781
100032801|F|0-46:T>A-46:T>A,100033264|F|0-61:C>T-61:C>T,8519507.0,44989593.0,0.016447759689134804
100032801|F|0-46:T>A-46:T>A,100020314|F|0-31:G>A-31:G>A,8519507.0,45007549.0,0.005097093030624852
100032801|F|0-46:T>A-46:T>A,100041823|F|0-64:C>T-64:C>T,8519507.0,45303483.0,0.001711362645766643
100032801|F|0-46:T>A-46:T>A,100015397|F|0-30:G>C-30:G>C,8519507.0,45844613.0,0.0003249755971574984
100032801|F|0-46:T>A-46:T>A,100029049|F|0-10:A>G-10:A>G,8519507.0,46654939.0,0.0066905247946601925
100032801|F|0-46:T>A-46:T>A,100030430|F|0-19:A>C-19:A>C,8519507.0,46846957.0,0.0014713814140129556
100032801|F|0-46:T>A-46:T>A,100021654|F|0-23:G>T-23:G>T,8519507.0,46876617.0,0.011717073768801645
100032801|F|0-46:T>A-46:T>A,100034493|F|0-32:C>T-32:C>T,8519507.0,46898850.0,0.011073021997401239
100032801|F|0-46:T>A-46:T>A,100019198|F|0-35:G>T-35:G>T,8519507.0,46921983.0,0.0036857579365456253
100032801|F|0-46:T>A-46:T>A,100020755|F|0-11:C>A-11:C>A,8519507.0,46921988.0,0.010140453655421499
100032801|F|0-46:T>A-46:T>A,100030713|F|0-35:T>A-35:T>A,8519507.0,46975334.0,0.004204150096738361
100032801|F|0-46:T>A-46:T>A,100035377|F|0-67:C>G-67:C>G,8519507.0,47016484.0,0.010691153642145653
100032801|F|0-46:T>A-46:T>A,100014882|F|0-19:A>G-19:A>G,8519507.0,47035718.0,0.0004367453041144908
100032801|F|0-46:T>A-46:T>A,100016158|F|0-51:C>A-51:C>A,8519507.0,47150489.0,0.019762068200413218
100017329|F|0-16:T>C-16:T>C,100054119|F|0-9:A>T-9:A>T,8519512.0,8526678.0,0.7531533415514646
100017329|F|0-16:T>C-16:T>C,100013622|F|0-50:C>T-50:C>T,8519512.0,8526683.0,0.7177348969325723
100017329|F|0-16:T>C-16:T>C,100013788|F|0-18:C>T-18:C>T,8519512.0,8748310.0,0.018753290050886127
100017329|F|0-16:T>C-16:T>C,100016003|F|0-33:A>T-33:A>T,8519512.0,9540230.0,0.018358432529472984
100017329|F|0-16:T>C-16:T>C,100038699|F|0-6:A>C-6:A>C,8519512.0,9987300.0,0.3354081978319791
100017329|F|0-16:T>C-16:T>C,100052747|F|0-12:T>G-12:T>G,8519512.0,9988427.0,0.3517312316687181
100017329|F|0-16:T>C-16:T>C,100018327|F|0-50:C>T-50:C>T,8519512.0,10262280.0,0.04113527959135336
100017329|F|0-16:T>C-16:T>C,100018124|F|0-61:T>A-61:T>A,8519512.0,10817821.0,0.005322859135764331
100017329|F|0-16:T>C-16:T>C,100014259|F|0-39:T>A-39:T>A,8519512.0,10830557.0,0.004549086499229336
100017329|F|0-16:T>C-16:T>C,100017304|F|0-37:T>A-37:T>A,8519512.0,11098034.0,0.012937972019314136
100017329|F|0-16:T>C-16:T>C,100022081|F|0-44:A>C-44:A>C,8519512.0,11365474.0,0.01711785734878626
100017329|F|0-16:T>C-16:T>C,100015798|F|0-46:G>A-46:G>A,8519512.0,11367259.0,0.034732061532233884
100017329|F|0-16:T>C-16:T>C,100013022|F|0-48:G>C-48:G>C,8519512.0,11376234.0,0.021839674615374168
100017329|F|0-16:T>C-16:T>C,100017261|F|0-49:C>T-49:C>T,8519512.0,12523186.0,0.033678389109472344
100017329|F|0-16:T>C-16:T>C,100021866|F|0-51:G>C-51:G>C,8519512.0,14537286.0,0.027657372064436834
100017329|F|0-16:T>C-16:T>C,100016572|F|0-65:A>T-65:A>T,8519512.0,15198479.0,0.011372862539766725
100017329|F|0-16:T>C-16:T>C,100036118|F|0-16:G>C-16:G>C,8519512.0,15790762.0,0.007269474392702594
100017329|F|0-16:T>C-16:T>C,100021422|F|0-18:C>G-18:C>G,8519512.0,15863195.0,3.411474044069083e-05
100017329|F|0-16:T>C-16:T>C,100041283|F|0-68:T>A-68:T>A,8519512.0,16181585.0,0.003117947660793326
100017329|F|0-16:T>C-16:T>C,100053824|F|0-47:A>G-47:A>G,8519512.0,16226345.0,0.0689136588818116
100017329|F|0-16:T>C-16:T>C,100021123|F|0-50:T>C-50:T>C,8519512.0,17173866.0,0.05533307301435896
100017329|F|0-16:T>C-16:T>C,100021768|F|0-13:C>T-13:C>T,8519512.0,17179674.0,0.061575763395429244
100017329|F|0-16:T>C-16:T>C,100040976|F|0-5:T>C-5:T>C,8519512.0,17196207.0,0.03255602259644976
100017329|F|0-16:T>C-16:T>C,100040977|F|0-30:G>T-30:G>T,8519512.0,17196207.0,0.0435246044282615
100017329|F|0-16:T>C-16:T>C,100016880|F|0-51:C>A-51:C>A,8519512.0,17507025.0,0.014074591047115292
100017329|F|0-16:T>C-16:T>C,100021275|F|0-33:T>A-33:T>A,8519512.0,17703648.0,0.015053749809847312
100017329|F|0-16:T>C-16:T>C,100017523|F|0-41:C>T-41:C>T,8519512.0,17927516.0,0.09216663481522192
100017329|F|0-16:T>C-16:T>C,100032842|F|0-24:A>C-24:A>C,8519512.0,18176550.0,0.019488895960721026
100017329|F|0-16:T>C-16:T>C,100032841|F|0-19:T>A-19:T>A,8519512.0,18176550.0,0.00938581030783379
100017329|F|0-16:T>C-16:T>C,100033379|F|0-46:C>G-46:C>G,8519512.0,18202707.0,0.022393438790617944
100017329|F|0-16:T>C-16:T>C,100022600|F|0-31:A>T-31:A>T,8519512.0,18245914.0,0.0033975503351737365
100017329|F|0-16:T>C-16:T>C,100019074|F|0-23:A>T-23:A>T,8519512.0,18451325.0,0.051296650014692954
100017329|F|0-16:T>C-16:T>C,100035266|F|0-39:C>T-39:C>T,8519512.0,18675661.0,0.00011631893427368074
100017329|F|0-16:T>C-16:T>C,100016256|F|0-31:A>C-31:A>C,8519512.0,19574145.0,0.0006381168462847426
100017329|F|0-16:T>C-16:T>C,100036101|F|0-41:G>C-41:G>C,8519512.0,19902376.0,0.008112291188557382
100017329|F|0-16:T>C-16:T>C,100044506|F|0-28:G>A-28:G>A,8519512.0,19987479.0,0.00815870834764687
100017329|F|0-16:T>C-16:T>C,100013122|F|0-67:G>A-67:G>A,8519512.0,26458664.0,0.00594121325828643
100017329|F|0-16:T>C-16:T>C,100017906|F|0-31:G>A-31:G>A,8519512.0,26571479.0,0.0019857081270330773
100017329|F|0-16:T>C-16:T>C,100021519|F|0-20:C>T-20:C>T,8519512.0,26856823.0,0.014543565582784454
100017329|F|0-16:T>C-16:T>C,100038609|F|0-8:A>T-8:A>T,8519512.0,27247323.0,0.005408106466956787
100017329|F|0-16:T>C-16:T>C,100028909|F|0-9:C>T-9:C>T,8519512.0,27271569.0,0.03534163951747826
100017329|F|0-16:T>C-16:T>C,100021397|F|0-9:C>T-9:C>T,8519512.0,27420869.0,0.007577025709699966
100017329|F|0-16:T>C-16:T>C,100017892|F|0-32:A>G-32:A>G,8519512.0,27451898.0,2.6535423393629414e-05
100017329|F|0-16:T>C-16:T>C,100033136|F|0-68:A>G-68:A>G,8519512.0,27783976.0,0.012521206924859052
100017329|F|0-16:T>C-16:T>C,100020699|F|0-40:A>G-40:A>G,8519512.0,30507860.0,0.0006296394485684005
100017329|F|0-16:T>C-16:T>C,100014559|F|0-31:C>A-31:C>A,8519512.0,30836975.0,0.0005716463414634168
100017329|F|0-16:T>C-16:T>C,100017321|F|0-51:A>T-51:A>T,8519512.0,31197415.0,0.018467332867600182
100017329|F|0-16:T>C-16:T>C,100040910|F|0-51:A>G-51:A>G,8519512.0,31200593.0,0.0057756984911086695
100017329|F|0-16:T>C-16:T>C,100016298|F|0-19:G>A-19:G>A,8519512.0,31539538.0,0.0007827949901120639
100017329|F|0-16:T>C-16:T>C,100016431|F|0-28:C>T-28:C>T,8519512.0,32001840.0,0.011982416335791264
100017329|F|0-16:T>C-16:T>C,100020933|F|0-51:T>C-51:T>C,8519512.0,32243895.0,0.007938580456468393
100017329|F|0-16:T>C-16:T>C,100014677|F|0-27:A>C-27:A>C,8519512.0,32410962.0,0.03867722006895217
100017329|F|0-16:T>C-16:T>C,100017923|F|0-57:A>G-57:A>G,8519512.0,32459789.0,0.0011566089038594193
100017329|F|0-16:T>C-16:T>C,100048091|F|0-43:A>T-43:A>T,8519512.0,32463417.0,0.001871070951975179
100017329|F|0-16:T>C-16:T>C,100020456|F|0-16:A>C-16:A>C,8519512.0,32467328.0,0.0026538875400066234
100017329|F|0-16:T>C-16:T>C,100034584|F|0-9:T>C-9:T>C,8519512.0,32472994.0,0.0029734303997032323
100017329|F|0-16:T>C-16:T>C,100033527|F|0-13:C>T-13:C>T,8519512.0,32475333.0,0.0029734303997032323
100017329|F|0-16:T>C-16:T>C,100018446|F|0-67:T>A-67:T>A,8519512.0,33239334.0,0.0038338335813554525
100017329|F|0-16:T>C-16:T>C,100013877|F|0-19:G>T-19:G>T,8519512.0,34079859.0,0.010015127090926071
100017329|F|0-16:T>C-16:T>C,100035010|F|0-32:A>C-32:A>C,8519512.0,34165746.0,0.0002446750972261551
100017329|F|0-16:T>C-16:T>C,100028703|F|0-9:T>G-9:T>G,8519512.0,34482430.0,0.001062336145521402
100017329|F|0-16:T>C-16:T>C,100014587|F|0-36:A>C-36:A>C,8519512.0,34723473.0,0.0020836988945428995
100017329|F|0-16:T>C-16:T>C,100040405|F|0-35:T>A-35:T>A,8519512.0,34724344.0,0.0011284447260057097
100017329|F|0-16:T>C-16:T>C,100016549|F|0-30:A>G-30:A>G,8519512.0,34725485.0,0.0024136178861788615
100017329|F|0-16:T>C-16:T>C,100013542|F|0-30:C>G-30:C>G,8519512.0,34725490.0,0.0022593346193483556
100017329|F|0-16:T>C-16:T>C,100021285|F|0-67:T>C-67:T>C,8519512.0,34855449.0,0.0013471355643788984
100017329|F|0-16:T>C-16:T>C,100033734|F|0-65:A>G-65:A>G,8519512.0,35379386.0,0.00326061308106484
100017329|F|0-16:T>C-16:T>C,100021520|F|0-23:T>C-23:T>C,8519512.0,36065991.0,7.52316384526264e-35
100017329|F|0-16:T>C-16:T>C,100019045|F|0-23:G>C-23:G>C,8519512.0,36149336.0,0.0828825486488427
100017329|F|0-16:T>C-16:T>C,100057957|F|0-57:C>A-57:C>A,8519512.0,36576268.0,0.003914801555618516
100017329|F|0-16:T>C-16:T>C,100014666|F|0-59:T>C-59:T>C,8519512.0,37090975.0,0.003417512051226724
100017329|F|0-16:T>C-16:T>C,100038773|F|0-28:C>G-28:C>G,8519512.0,37285877.0,0.00023783825885704028
100017329|F|0-16:T>C-16:T>C,100051037|F|0-43:C>T-43:C>T,8519512.0,37902767.0,0.0039148015556185215
100017329|F|0-16:T>C-16:T>C,100020809|F|0-53:C>G-53:C>G,8519512.0,39838084.0,0.0006381168462847408
100017329|F|0-16:T>C-16:T>C,100029380|F|0-39:A>C-39:A>C,8519512.0,40729560.0,0.019783753165400507
100017329|F|0-16:T>C-16:T>C,100013950|F|0-50:T>C-50:T>C,8519512.0,40800799.0,0.035966305965876535
100017329|F|0-16:T>C-16:T>C,100015799|F|0-68:C>T-68:C>T,8519512.0,40825452.0,0.01672977018578853
100017329|F|0-16:T>C-16:T>C,100043188|F|0-42:C>T-42:C>T,8519512.0,40979122.0,0.005261194873301861
100017329|F|0-16:T>C-16:T>C,100015076|F|0-33:T>C-33:T>C,8519512.0,40986668.0,0.0069523058099779066
100017329|F|0-16:T>C-16:T>C,100018802|F|0-14:G>A-14:G>A,8519512.0,40988293.0,0.01546147064807077
100017329|F|0-16:T>C-16:T>C,100018271|F|0-48:A>G-48:A>G,8519512.0,41002080.0,0.011465768270788665
100017329|F|0-16:T>C-16:T>C,100017658|F|0-34:T>G-34:T>G,8519512.0,41027371.0,0.012312949216448705
100017329|F|0-16:T>C-16:T>C,100017206|F|0-15:G>C-15:G>C,8519512.0,41065538.0,0.01570739534110139
100017329|F|0-16:T>C-16:T>C,100040329|F|0-26:A>G-26:A>G,8519512.0,41159215.0,0.015266431456398756
100017329|F|0-16:T>C-16:T>C,100035489|F|0-33:C>A-33:C>A,8519512.0,41159220.0,0.0004342100859163042
100017329|F|0-16:T>C-16:T>C,100021166|F|0-38:T>C-38:T>C,8519512.0,41233248.0,0.03363050514391404
100017329|F|0-16:T>C-16:T>C,100020488|F|0-58:T>G-58:T>G,8519512.0,41740174.0,0.0032361357133124428
100017329|F|0-16:T>C-16:T>C,100046856|F|0-65:C>A-65:C>A,8519512.0,41864679.0,0.011161061053285688
100017329|F|0-16:T>C-16:T>C,100021425|F|0-50:G>C-50:G>C,8519512.0,42699263.0,0.06096672118324693
100017329|F|0-16:T>C-16:T>C,100032947|F|0-10:A>C-10:A>C,8519512.0,42744717.0,0.09844451765329663
100017329|F|0-16:T>C-16:T>C,100014347|F|0-68:T>C-68:T>C,8519512.0,42858969.0,0.03943795712088404
100017329|F|0-16:T>C-16:T>C,100016630|F|0-66:A>T-66:A>T,8519512.0,43750313.0,0.01459533884789591
100017329|F|0-16:T>C-16:T>C,100015319|F|0-34:T>A-34:T>A,8519512.0,44449888.0,0.0430788055772633
100017329|F|0-16:T>C-16:T>C,100018345|F|0-65:A>C-65:A>C,8519512.0,44788831.0,0.010337522857805112
100017329|F|0-16:T>C-16:T>C,100017310|F|0-9:T>G-9:T>G,8519512.0,44906172.0,0.06499900039984002
100017329|F|0-16:T>C-16:T>C,100048863|F|0-39:A>G-39:A>G,8519512.0,44946182.0,0.010828604092096595
100017329|F|0-16:T>C-16:T>C,100033264|F|0-61:C>T-61:C>T,8519512.0,44989593.0,0.01293214550375357
100017329|F|0-16:T>C-16:T>C,100020314|F|0-31:G>A-31:G>A,8519512.0,45007549.0,0.0010308284002266683
100017329|F|0-16:T>C-16:T>C,100041823|F|0-64:C>T-64:C>T,8519512.0,45303483.0,0.010390462649021106
100017329|F|0-16:T>C-16:T>C,100015397|F|0-30:G>C-30:G>C,8519512.0,45844613.0,9.224017399409539e-05
100017329|F|0-16:T>C-16:T>C,100029049|F|0-10:A>G-10:A>G,8519512.0,46654939.0,0.002861305074744294
100017329|F|0-16:T>C-16:T>C,100030430|F|0-19:A>C-19:A>C,8519512.0,46846957.0,3.8413016756162924e-05
100017329|F|0-16:T>C-16:T>C,100021654|F|0-23:G>T-23:G>T,8519512.0,46876617.0,0.005413722361522653
100017329|F|0-16:T>C-16:T>C,100034493|F|0-32:C>T-32:C>T,8519512.0,46898850.0,0.010990956957004219
100017329|F|0-16:T>C-16:T>C,100019198|F|0-35:G>T-35:G>T,8519512.0,46921983.0,0.0006208899576031776
100017329|F|0-16:T>C-16:T>C,100020755|F|0-11:C>A-11:C>A,8519512.0,46921988.0,0.0008216571527417355
100017329|F|0-16:T>C-16:T>C,100030713|F|0-35:T>A-35:T>A,8519512.0,46975334.0,2.5748028260411386e-34
100017329|F|0-16:T>C-16:T>C,100035377|F|0-67:C>G-67:C>G,8519512.0,47016484.0,0.00930901964386877
100017329|F|0-16:T>C-16:T>C,100014882|F|0-19:A>G-19:A>G,8519512.0,47035718.0,2.7083389842945504e-35
100017329|F|0-16:T>C-16:T>C,100016158|F|0-51:C>A-51:C>A,8519512.0,47150489.0,0.03039474617129886
100054119|F|0-9:A>T-9:A>T,100013622|F|0-50:C>T-50:C>T,8526678.0,8526683.0,0.8609489785452638
100054119|F|0-9:A>T-9:A>T,100013788|F|0-18:C>T-18:C>T,8526678.0,8748310.0,0.03376901366993055
100054119|F|0-9:A>T-9:A>T,100016003|F|0-33:A>T-33:A>T,8526678.0,9540230.0,0.0174193085223718
100054119|F|0-9:A>T-9:A>T,100038699|F|0-6:A>C-6:A>C,8526678.0,9987300.0,0.41298134777376716
100054119|F|0-9:A>T-9:A>T,100052747|F|0-12:T>G-12:T>G,8526678.0,9988427.0,0.3895394451605223
100054119|F|0-9:A>T-9:A>T,100018327|F|0-50:C>T-50:C>T,8526678.0,10262280.0,0.054679037504735996
100054119|F|0-9:A>T-9:A>T,100018124|F|0-61:T>A-61:T>A,8526678.0,10817821.0,0.014471532950489236
100054119|F|0-9:A>T-9:A>T,100014259|F|0-39:T>A-39:T>A,8526678.0,10830557.0,0.003729844121160073
100054119|F|0-9:A>T-9:A>T,100017304|F|0-37:T>A-37:T>A,8526678.0,11098034.0,0.034893340485801394
100054119|F|0-9:A>T-9:A>T,100022081|F|0-44:A>C-44:A>C,8526678.0,11365474.0,0.01813766489432824
100054119|F|0-9:A>T-9:A>T,100015798|F|0-46:G>A-46:G>A,8526678.0,11367259.0,0.03076955724992612
100054119|F|0-9:A>T-9:A>T,100013022|F|0-48:G>C-48:G>C,8526678.0,11376234.0,0.015296231567742725
100054119|F|0-9:A>T-9:A>T,100017261|F|0-49:C>T-49:C>T,8526678.0,12523186.0,0.03359639548876382
100054119|F|0-9:A>T-9:A>T,100021866|F|0-51:G>C-51:G>C,8526678.0,14537286.0,0.021994608777255387
100054119|F|0-9:A>T-9:A>T,100016572|F|0-65:A>T-65:A>T,8526678.0,15198479.0,0.008242099618061036
100054119|F|0-9:A>T-9:A>T,100036118|F|0-16:G>C-16:G>C,8526678.0,15790762.0,0.009184249795597035
100054119|F|0-9:A>T-9:A>T,100021422|F|0-18:C>G-18:C>G,8526678.0,15863195.0,0.0058511003955953
100054119|F|0-9:A>T-9:A>T,100041283|F|0-68:T>A-68:T>A,8526678.0,16181585.0,0.0031508820783603224
100054119|F|0-9:A>T-9:A>T,100053824|F|0-47:A>G-47:A>G,8526678.0,16226345.0,0.07280778962411087
100054119|F|0-9:A>T-9:A>T,100021123|F|0-50:T>C-50:T>C,8526678.0,17173866.0,0.11530187192674338
100054119|F|0-9:A>T-9:A>T,100021768|F|0-13:C>T-13:C>T,8526678.0,17179674.0,0.09210040080730031
100054119|F|0-9:A>T-9:A>T,100040976|F|0-5:T>C-5:T>C,8526678.0,17196207.0,0.05742390438562786
100054119|F|0-9:A>T-9:A>T,100040977|F|0-30:G>T-30:G>T,8526678.0,17196207.0,0.07125117728101932
100054119|F|0-9:A>T-9:A>T,100016880|F|0-51:C>A-51:C>A,8526678.0,17507025.0,0.011722280215929916
100054119|F|0-9:A>T-9:A>T,100021275|F|0-33:T>A-33:T>A,8526678.0,17703648.0,0.005629067000908177
100054119|F|0-9:A>T-9:A>T,100017523|F|0-41:C>T-41:C>T,8526678.0,17927516.0,0.08655891736823933
100054119|F|0-9:A>T-9:A>T,100032842|F|0-24:A>C-24:A>C,8526678.0,18176550.0,0.04846898435844043
100054119|F|0-9:A>T-9:A>T,100032841|F|0-19:T>A-19:T>A,8526678.0,18176550.0,0.022166802234767215
100054119|F|0-9:A>T-9:A>T,100033379|F|0-46:C>G-46:C>G,8526678.0,18202707.0,0.04982833723563374
100054119|F|0-9:A>T-9:A>T,100022600|F|0-31:A>T-31:A>T,8526678.0,18245914.0,0.012984782013972617
100054119|F|0-9:A>T-9:A>T,100019074|F|0-23:A>T-23:A>T,8526678.0,18451325.0,0.07017359449833015
100054119|F|0-9:A>T-9:A>T,100035266|F|0-39:C>T-39:C>T,8526678.0,18675661.0,1.4800477481527006e-05
100054119|F|0-9:A>T-9:A>T,100016256|F|0-31:A>C-31:A>C,8526678.0,19574145.0,0.0010634427559958603
100054119|F|0-9:A>T-9:A>T,100036101|F|0-41:G>C-41:G>C,8526678.0,19902376.0,0.00725848019970138
100054119|F|0-9:A>T-9:A>T,100044506|F|0-28:G>A-28:G>A,8526678.0,19987479.0,0.008474432636734959
100054119|F|0-9:A>T-9:A>T,100013122|F|0-67:G>A-67:G>A,8526678.0,26458664.0,0.00013885031935573374
100054119|F|0-9:A>T-9:A>T,100017906|F|0-31:G>A-31:G>A,8526678.0,26571479.0,0.0009926831013286172
100054119|F|0-9:A>T-9:A>T,100021519|F|0-20:C>T-20:C>T,8526678.0,26856823.0,0.018641731732572095
100054119|F|0-9:A>T-9:A>T,100038609|F|0-8:A>T-8:A>T,8526678.0,27247323.0,0.008777169435415002
100054119|F|0-9:A>T-9:A>T,100028909|F|0-9:C>T-9:C>T,8526678.0,27271569.0,0.026123929191869576
100054119|F|0-9:A>T-9:A>T,100021397|F|0-9:C>T-9:C>T,8526678.0,27420869.0,0.007481647037218942
100054119|F|0-9:A>T-9:A>T,100017892|F|0-32:A>G-32:A>G,8526678.0,27451898.0,2.7562286633445546e-07
100054119|F|0-9:A>T-9:A>T,100033136|F|0-68:A>G-68:A>G,8526678.0,27783976.0,0.009724611110061055
100054119|F|0-9:A>T-9:A>T,100020699|F|0-40:A>G-40:A>G,8526678.0,30507860.0,0.0003204625124260979
100054119|F|0-9:A>T-9:A>T,100014559|F|0-31:C>A-31:C>A,8526678.0,30836975.0,0.0009526674689129542
100054119|F|0-9:A>T-9:A>T,100017321|F|0-51:A>T-51:A>T,8526678.0,31197415.0,0.0065505332739890865
100054119|F|0-9:A>T-9:A>T,100040910|F|0-51:A>G-51:A>G,8526678.0,31200593.0,0.004277951953955722
100054119|F|0-9:A>T-9:A>T,100016298|F|0-19:G>A-19:G>A,8526678.0,31539538.0,0.003252349822746935
100054119|F|0-9:A>T-9:A>T,100016431|F|0-28:C>T-28:C>T,8526678.0,32001840.0,0.0010634427559958548
100054119|F|0-9:A>T-9:A>T,100020933|F|0-51:T>C-51:T>C,8526678.0,32243895.0,0.011143407107352397
100054119|F|0-9:A>T-9:A>T,100014677|F|0-27:A>C-27:A>C,8526678.0,32410962.0,0.036452968223228646
100054119|F|0-9:A>T-9:A>T,100017923|F|0-57:A>G-57:A>G,8526678.0,32459789.0,0.0068719035595841485
100054119|F|0-9:A>T-9:A>T,100048091|F|0-43:A>T-43:A>T,8526678.0,32463417.0,0.004540994283003616
100054119|F|0-9:A>T-9:A>T,100020456|F|0-16:A>C-16:A>C,8526678.0,32467328.0,0.016696835982379626
100054119|F|0-9:A>T-9:A>T,100034584|F|0-9:T>C-9:T>C,8526678.0,32472994.0,0.00610159015585846
100054119|F|0-9:A>T-9:A>T,100033527|F|0-13:C>T-13:C>T,8526678.0,32475333.0,0.00610159015585846
100054119|F|0-9:A>T-9:A>T,100018446|F|0-67:T>A-67:T>A,8526678.0,33239334.0,0.0005414851345919552
100054119|F|0-9:A>T-9:A>T,100013877|F|0-19:G>T-19:G>T,8526678.0,34079859.0,0.01511156525628081
100054119|F|0-9:A>T-9:A>T,100035010|F|0-32:A>C-32:A>C,8526678.0,34165746.0,0.006610272225801414
100054119|F|0-9:A>T-9:A>T,100028703|F|0-9:T>G-9:T>G,8526678.0,34482430.0,0.0036083458543831495
100054119|F|0-9:A>T-9:A>T,100014587|F|0-36:A>C-36:A>C,8526678.0,34723473.0,0.0013851734496879006
100054119|F|0-9:A>T-9:A>T,100040405|F|0-35:T>A-35:T>A,8526678.0,34724344.0,0.006472994514510758
100054119|F|0-9:A>T-9:A>T,100016549|F|0-30:A>G-30:A>G,8526678.0,34725485.0,5.6407942238266994e-05
100054119|F|0-9:A>T-9:A>T,100013542|F|0-30:C>G-30:C>G,8526678.0,34725490.0,0.003569691778366215
100054119|F|0-9:A>T-9:A>T,100021285|F|0-67:T>C-67:T>C,8526678.0,34855449.0,0.0016931128088881475
100054119|F|0-9:A>T-9:A>T,100033734|F|0-65:A>G-65:A>G,8526678.0,35379386.0,0.0008679976758141801
100054119|F|0-9:A>T-9:A>T,100021520|F|0-23:T>C-23:T>C,8526678.0,36065991.0,0.0038452738089184914
100054119|F|0-9:A>T-9:A>T,100019045|F|0-23:G>C-23:G>C,8526678.0,36149336.0,0.06703330168436292
100054119|F|0-9:A>T-9:A>T,100057957|F|0-57:C>A-57:C>A,8526678.0,36576268.0,0.004920218004287409
100054119|F|0-9:A>T-9:A>T,100014666|F|0-59:T>C-59:T>C,8526678.0,37090975.0,0.00017970671863518808
100054119|F|0-9:A>T-9:A>T,100038773|F|0-28:C>G-28:C>G,8526678.0,37285877.0,0.001778771618927169
100054119|F|0-9:A>T-9:A>T,100051037|F|0-43:C>T-43:C>T,8526678.0,37902767.0,0.01166534512050849
100054119|F|0-9:A>T-9:A>T,100020809|F|0-53:C>G-53:C>G,8526678.0,39838084.0,0.0010634427559958603
100054119|F|0-9:A>T-9:A>T,100029380|F|0-39:A>C-39:A>C,8526678.0,40729560.0,0.00034728387024652484
100054119|F|0-9:A>T-9:A>T,100013950|F|0-50:T>C-50:T>C,8526678.0,40800799.0,0.03591058484884433
100054119|F|0-9:A>T-9:A>T,100015799|F|0-68:C>T-68:C>T,8526678.0,40825452.0,0.011471651309587409
100054119|F|0-9:A>T-9:A>T,100043188|F|0-42:C>T-42:C>T,8526678.0,40979122.0,0.00019579846740475207
100054119|F|0-9:A>T-9:A>T,100015076|F|0-33:T>C-33:T>C,8526678.0,40986668.0,0.0005968892928328715
100054119|F|0-9:A>T-9:A>T,100018802|F|0-14:G>A-14:G>A,8526678.0,40988293.0,0.00411595005403455
100054119|F|0-9:A>T-9:A>T,100018271|F|0-48:A>G-48:A>G,8526678.0,41002080.0,0.005368982882771953
100054119|F|0-9:A>T-9:A>T,100017658|F|0-34:T>G-34:T>G,8526678.0,41027371.0,0.010255064642131021
100054119|F|0-9:A>T-9:A>T,100017206|F|0-15:G>C-15:G>C,8526678.0,41065538.0,0.009271688767055577
100054119|F|0-9:A>T-9:A>T,100040329|F|0-26:A>G-26:A>G,8526678.0,41159215.0,0.005324776052659482
100054119|F|0-9:A>T-9:A>T,100035489|F|0-33:C>A-33:C>A,8526678.0,41159220.0,0.0025865722079607286
100054119|F|0-9:A>T-9:A>T,100021166|F|0-38:T>C-38:T>C,8526678.0,41233248.0,0.017822414609247127
100054119|F|0-9:A>T-9:A>T,100020488|F|0-58:T>G-58:T>G,8526678.0,41740174.0,0.015178673470073767
100054119|F|0-9:A>T-9:A>T,100046856|F|0-65:C>A-65:C>A,8526678.0,41864679.0,0.011804709236818513
100054119|F|0-9:A>T-9:A>T,100021425|F|0-50:G>C-50:G>C,8526678.0,42699263.0,0.0850955196415853
100054119|F|0-9:A>T-9:A>T,100032947|F|0-10:A>C-10:A>C,8526678.0,42744717.0,0.10955295190984854
100054119|F|0-9:A>T-9:A>T,100014347|F|0-68:T>C-68:T>C,8526678.0,42858969.0,0.033502300650315016
100054119|F|0-9:A>T-9:A>T,100016630|F|0-66:A>T-66:A>T,8526678.0,43750313.0,0.05957518016444326
100054119|F|0-9:A>T-9:A>T,100015319|F|0-34:T>A-34:T>A,8526678.0,44449888.0,0.05893161898847996
100054119|F|0-9:A>T-9:A>T,100018345|F|0-65:A>C-65:A>C,8526678.0,44788831.0,0.010820318009751497
100054119|F|0-9:A>T-9:A>T,100017310|F|0-9:T>G-9:T>G,8526678.0,44906172.0,0.02551118541752968
100054119|F|0-9:A>T-9:A>T,100048863|F|0-39:A>G-39:A>G,8526678.0,44946182.0,0.011319747666625298
100054119|F|0-9:A>T-9:A>T,100033264|F|0-61:C>T-61:C>T,8526678.0,44989593.0,0.005475569374963211
100054119|F|0-9:A>T-9:A>T,100020314|F|0-31:G>A-31:G>A,8526678.0,45007549.0,0.001740587931923679
100054119|F|0-9:A>T-9:A>T,100041823|F|0-64:C>T-64:C>T,8526678.0,45303483.0,0.005101166674761084
100054119|F|0-9:A>T-9:A>T,100015397|F|0-30:G>C-30:G>C,8526678.0,45844613.0,0.005979481401427149
100054119|F|0-9:A>T-9:A>T,100029049|F|0-10:A>G-10:A>G,8526678.0,46654939.0,0.003833465558402242
100054119|F|0-9:A>T-9:A>T,100030430|F|0-19:A>C-19:A>C,8526678.0,46846957.0,0.0015090994838598461
100054119|F|0-9:A>T-9:A>T,100021654|F|0-23:G>T-23:G>T,8526678.0,46876617.0,0.00914124970478087
100054119|F|0-9:A>T-9:A>T,100034493|F|0-32:C>T-32:C>T,8526678.0,46898850.0,0.008248264550227544
100054119|F|0-9:A>T-9:A>T,100019198|F|0-35:G>T-35:G>T,8526678.0,46921983.0,0.002200605266196363
100054119|F|0-9:A>T-9:A>T,100020755|F|0-11:C>A-11:C>A,8526678.0,46921988.0,0.0003072432598509871
100054119|F|0-9:A>T-9:A>T,100030713|F|0-35:T>A-35:T>A,8526678.0,46975334.0,0.0026188435533161963
100054119|F|0-9:A>T-9:A>T,100035377|F|0-67:C>G-67:C>G,8526678.0,47016484.0,0.005996451079973067
100054119|F|0-9:A>T-9:A>T,100014882|F|0-19:A>G-19:A>G,8526678.0,47035718.0,4.896522763738501e-05
100054119|F|0-9:A>T-9:A>T,100016158|F|0-51:C>A-51:C>A,8526678.0,47150489.0,0.01689702096101642
100013622|F|0-50:C>T-50:C>T,100013788|F|0-18:C>T-18:C>T,8526683.0,8748310.0,0.028669322187012982
100013622|F|0-50:C>T-50:C>T,100016003|F|0-33:A>T-33:A>T,8526683.0,9540230.0,0.018159961762079947
100013622|F|0-50:C>T-50:C>T,100038699|F|0-6:A>C-6:A>C,8526683.0,9987300.0,0.4122298127665736
100013622|F|0-50:C>T-50:C>T,100052747|F|0-12:T>G-12:T>G,8526683.0,9988427.0,0.38972556393250196
100013622|F|0-50:C>T-50:C>T,100018327|F|0-50:C>T-50:C>T,8526683.0,10262280.0,0.06446804075522247
100013622|F|0-50:C>T-50:C>T,100018124|F|0-61:T>A-61:T>A,8526683.0,10817821.0,0.010270874301988682
100013622|F|0-50:C>T-50:C>T,100014259|F|0-39:T>A-39:T>A,8526683.0,10830557.0,0.0025589365659458314
100013622|F|0-50:C>T-50:C>T,100017304|F|0-37:T>A-37:T>A,8526683.0,11098034.0,0.03583961408469585
100013622|F|0-50:C>T-50:C>T,100022081|F|0-44:A>C-44:A>C,8526683.0,11365474.0,0.007875093632094697
100013622|F|0-50:C>T-50:C>T,100015798|F|0-46:G>A-46:G>A,8526683.0,11367259.0,0.0392398971969432
100013622|F|0-50:C>T-50:C>T,100013022|F|0-48:G>C-48:G>C,8526683.0,11376234.0,0.010672694832539326
100013622|F|0-50:C>T-50:C>T,100017261|F|0-49:C>T-49:C>T,8526683.0,12523186.0,0.029962475980088055
100013622|F|0-50:C>T-50:C>T,100021866|F|0-51:G>C-51:G>C,8526683.0,14537286.0,0.03758743219851956
100013622|F|0-50:C>T-50:C>T,100016572|F|0-65:A>T-65:A>T,8526683.0,15198479.0,0.010346683969336103
100013622|F|0-50:C>T-50:C>T,100036118|F|0-16:G>C-16:G>C,8526683.0,15790762.0,0.00788575192299622
100013622|F|0-50:C>T-50:C>T,100021422|F|0-18:C>G-18:C>G,8526683.0,15863195.0,3.1036551862078136e-05
100013622|F|0-50:C>T-50:C>T,100041283|F|0-68:T>A-68:T>A,8526683.0,16181585.0,0.0006124145340208409
100013622|F|0-50:C>T-50:C>T,100053824|F|0-47:A>G-47:A>G,8526683.0,16226345.0,0.06967599403438945
100013622|F|0-50:C>T-50:C>T,100021123|F|0-50:T>C-50:T>C,8526683.0,17173866.0,0.07323707215355216
100013622|F|0-50:C>T-50:C>T,100021768|F|0-13:C>T-13:C>T,8526683.0,17179674.0,0.06612055731159815
100013622|F|0-50:C>T-50:C>T,100040976|F|0-5:T>C-5:T>C,8526683.0,17196207.0,0.06017333508545527
100013622|F|0-50:C>T-50:C>T,100040977|F|0-30:G>T-30:G>T,8526683.0,17196207.0,0.06017333508545527
100013622|F|0-50:C>T-50:C>T,100016880|F|0-51:C>A-51:C>A,8526683.0,17507025.0,0.006220065688910486
100013622|F|0-50:C>T-50:C>T,100021275|F|0-33:T>A-33:T>A,8526683.0,17703648.0,0.0017313745355384824
100013622|F|0-50:C>T-50:C>T,100017523|F|0-41:C>T-41:C>T,8526683.0,17927516.0,0.0930811609422684
100013622|F|0-50:C>T-50:C>T,100032842|F|0-24:A>C-24:A>C,8526683.0,18176550.0,0.04959735047456303
100013622|F|0-50:C>T-50:C>T,100032841|F|0-19:T>A-19:T>A,8526683.0,18176550.0,0.026457203463577578
100013622|F|0-50:C>T-50:C>T,100033379|F|0-46:C>G-46:C>G,8526683.0,18202707.0,0.051727385824840315
100013622|F|0-50:C>T-50:C>T,100022600|F|0-31:A>T-31:A>T,8526683.0,18245914.0,0.009824632722462985
100013622|F|0-50:C>T-50:C>T,100019074|F|0-23:A>T-23:A>T,8526683.0,18451325.0,0.08763877892833538
100013622|F|0-50:C>T-50:C>T,100035266|F|0-39:C>T-39:C>T,8526683.0,18675661.0,0.0006039120698800392
100013622|F|0-50:C>T-50:C>T,100016256|F|0-31:A>C-31:A>C,8526683.0,19574145.0,7.187060265391698e-05
100013622|F|0-50:C>T-50:C>T,100036101|F|0-41:G>C-41:G>C,8526683.0,19902376.0,0.008997962725420689
100013622|F|0-50:C>T-50:C>T,100044506|F|0-28:G>A-28:G>A,8526683.0,19987479.0,0.006620726309712524
100013622|F|0-50:C>T-50:C>T,100013122|F|0-67:G>A-67:G>A,8526683.0,26458664.0,0.00020436080943563018
100013622|F|0-50:C>T-50:C>T,100017906|F|0-31:G>A-31:G>A,8526683.0,26571479.0,0.0047703861785997346
100013622|F|0-50:C>T-50:C>T,100021519|F|0-20:C>T-20:C>T,8526683.0,26856823.0,0.03455046057399524
100013622|F|0-50:C>T-50:C>T,100038609|F|0-8:A>T-8:A>T,8526683.0,27247323.0,0.010265457578890812
100013622|F|0-50:C>T-50:C>T,100028909|F|0-9:C>T-9:C>T,8526683.0,27271569.0,0.03354147631585738
100013622|F|0-50:C>T-50:C>T,100021397|F|0-9:C>T-9:C>T,8526683.0,27420869.0,0.001179097534664391
100013622|F|0-50:C>T-50:C>T,100017892|F|0-32:A>G-32:A>G,8526683.0,27451898.0,0.00020929755003396027
100013622|F|0-50:C>T-50:C>T,100033136|F|0-68:A>G-68:A>G,8526683.0,27783976.0,0.009951001693942824
100013622|F|0-50:C>T-50:C>T,100020699|F|0-40:A>G-40:A>G,8526683.0,30507860.0,0.00017679839325620777
100013622|F|0-50:C>T-50:C>T,100014559|F|0-31:C>A-31:C>A,8526683.0,30836975.0,0.0023178269355888033
100013622|F|0-50:C>T-50:C>T,100017321|F|0-51:A>T-51:A>T,8526683.0,31197415.0,0.005056671833260289
100013622|F|0-50:C>T-50:C>T,100040910|F|0-51:A>G-51:A>G,8526683.0,31200593.0,0.0007247993275924929
100013622|F|0-50:C>T-50:C>T,100016298|F|0-19:G>A-19:G>A,8526683.0,31539538.0,0.0025409273945383266
100013622|F|0-50:C>T-50:C>T,100016431|F|0-28:C>T-28:C>T,8526683.0,32001840.0,7.18706026539126e-05
100013622|F|0-50:C>T-50:C>T,100020933|F|0-51:T>C-51:T>C,8526683.0,32243895.0,0.006022832236663368
100013622|F|0-50:C>T-50:C>T,100014677|F|0-27:A>C-27:A>C,8526683.0,32410962.0,0.04942641075307752
100013622|F|0-50:C>T-50:C>T,100017923|F|0-57:A>G-57:A>G,8526683.0,32459789.0,0.001976031417311782
100013622|F|0-50:C>T-50:C>T,100048091|F|0-43:A>T-43:A>T,8526683.0,32463417.0,0.0027792800655678956
100013622|F|0-50:C>T-50:C>T,100020456|F|0-16:A>C-16:A>C,8526683.0,32467328.0,0.01377862277987617
100013622|F|0-50:C>T-50:C>T,100034584|F|0-9:T>C-9:T>C,8526683.0,32472994.0,0.004000291087686659
100013622|F|0-50:C>T-50:C>T,100033527|F|0-13:C>T-13:C>T,8526683.0,32475333.0,0.004000291087686659
100013622|F|0-50:C>T-50:C>T,100018446|F|0-67:T>A-67:T>A,8526683.0,33239334.0,0.0016485801118094185
100013622|F|0-50:C>T-50:C>T,100013877|F|0-19:G>T-19:G>T,8526683.0,34079859.0,0.023308283913779357
100013622|F|0-50:C>T-50:C>T,100035010|F|0-32:A>C-32:A>C,8526683.0,34165746.0,0.0012703197921869478
100013622|F|0-50:C>T-50:C>T,100028703|F|0-9:T>G-9:T>G,8526683.0,34482430.0,0.0007957891122394081
100013622|F|0-50:C>T-50:C>T,100014587|F|0-36:A>C-36:A>C,8526683.0,34723473.0,0.0036568012993638886
100013622|F|0-50:C>T-50:C>T,100040405|F|0-35:T>A-35:T>A,8526683.0,34724344.0,0.010659152168586102
100013622|F|0-50:C>T-50:C>T,100016549|F|0-30:A>G-30:A>G,8526683.0,34725485.0,0.0002439817826935577
100013622|F|0-50:C>T-50:C>T,100013542|F|0-30:C>G-30:C>G,8526683.0,34725490.0,0.0026229143037998837
100013622|F|0-50:C>T-50:C>T,100021285|F|0-67:T>C-67:T>C,8526683.0,34855449.0,0.005108723199830529
100013622|F|0-50:C>T-50:C>T,100033734|F|0-65:A>G-65:A>G,8526683.0,35379386.0,0.005665155424478225
100013622|F|0-50:C>T-50:C>T,100021520|F|0-23:T>C-23:T>C,8526683.0,36065991.0,0.003211090442023217
100013622|F|0-50:C>T-50:C>T,100019045|F|0-23:G>C-23:G>C,8526683.0,36149336.0,0.062792706309463
100013622|F|0-50:C>T-50:C>T,100057957|F|0-57:C>A-57:C>A,8526683.0,36576268.0,0.00680177583699235
100013622|F|0-50:C>T-50:C>T,100014666|F|0-59:T>C-59:T>C,8526683.0,37090975.0,2.3990342447746065e-06
100013622|F|0-50:C>T-50:C>T,100038773|F|0-28:C>G-28:C>G,8526683.0,37285877.0,0.00133240173054913
100013622|F|0-50:C>T-50:C>T,100051037|F|0-43:C>T-43:C>T,8526683.0,37902767.0,0.014846046722210852
100013622|F|0-50:C>T-50:C>T,100020809|F|0-53:C>G-53:C>G,8526683.0,39838084.0,0.002587341695541
100013622|F|0-50:C>T-50:C>T,100029380|F|0-39:A>C-39:A>C,8526683.0,40729560.0,0.00031997610845056616
100013622|F|0-50:C>T-50:C>T,100013950|F|0-50:T>C-50:T>C,8526683.0,40800799.0,0.031935458991205846
100013622|F|0-50:C>T-50:C>T,100015799|F|0-68:C>T-68:C>T,8526683.0,40825452.0,0.010569607914522413
100013622|F|0-50:C>T-50:C>T,100043188|F|0-42:C>T-42:C>T,8526683.0,40979122.0,0.0035492302024272416
100013622|F|0-50:C>T-50:C>T,100015076|F|0-33:T>C-33:T>C,8526683.0,40986668.0,0.004881084522091578
100013622|F|0-50:C>T-50:C>T,100018802|F|0-14:G>A-14:G>A,8526683.0,40988293.0,0.007337090718109916
100013622|F|0-50:C>T-50:C>T,100018271|F|0-48:A>G-48:A>G,8526683.0,41002080.0,0.008841163917211497
100013622|F|0-50:C>T-50:C>T,100017658|F|0-34:T>G-34:T>G,8526683.0,41027371.0,0.009832205109566429
100013622|F|0-50:C>T-50:C>T,100017206|F|0-15:G>C-15:G>C,8526683.0,41065538.0,0.006597784140420763
100013622|F|0-50:C>T-50:C>T,100040329|F|0-26:A>G-26:A>G,8526683.0,41159215.0,0.00866526440177077
100013622|F|0-50:C>T-50:C>T,100035489|F|0-33:C>A-33:C>A,8526683.0,41159220.0,0.0015473766429932527
100013622|F|0-50:C>T-50:C>T,100021166|F|0-38:T>C-38:T>C,8526683.0,41233248.0,0.013923920852772224
100013622|F|0-50:C>T-50:C>T,100020488|F|0-58:T>G-58:T>G,8526683.0,41740174.0,0.013468975694507558
100013622|F|0-50:C>T-50:C>T,100046856|F|0-65:C>A-65:C>A,8526683.0,41864679.0,0.008673785478370055
100013622|F|0-50:C>T-50:C>T,100021425|F|0-50:G>C-50:G>C,8526683.0,42699263.0,0.09159879910696507
100013622|F|0-50:C>T-50:C>T,100032947|F|0-10:A>C-10:A>C,8526683.0,42744717.0,0.1631395473877938
100013622|F|0-50:C>T-50:C>T,100014347|F|0-68:T>C-68:T>C,8526683.0,42858969.0,0.017484000405275625
100013622|F|0-50:C>T-50:C>T,100016630|F|0-66:A>T-66:A>T,8526683.0,43750313.0,0.04623543412449348
100013622|F|0-50:C>T-50:C>T,100015319|F|0-34:T>A-34:T>A,8526683.0,44449888.0,0.0735988396396474
100013622|F|0-50:C>T-50:C>T,100018345|F|0-65:A>C-65:A>C,8526683.0,44788831.0,0.008237670031514072
100013622|F|0-50:C>T-50:C>T,100017310|F|0-9:T>G-9:T>G,8526683.0,44906172.0,0.025939396525059454
100013622|F|0-50:C>T-50:C>T,100048863|F|0-39:A>G-39:A>G,8526683.0,44946182.0,0.008655496657995336
100013622|F|0-50:C>T-50:C>T,100033264|F|0-61:C>T-61:C>T,8526683.0,44989593.0,0.0033037991111370775
100013622|F|0-50:C>T-50:C>T,100020314|F|0-31:G>A-31:G>A,8526683.0,45007549.0,0.0010085705988162803
100013622|F|0-50:C>T-50:C>T,100041823|F|0-64:C>T-64:C>T,8526683.0,45303483.0,0.006785173493293985
100013622|F|0-50:C>T-50:C>T,100015397|F|0-30:G>C-30:G>C,8526683.0,45844613.0,0.010051686841352775
100013622|F|0-50:C>T-50:C>T,100029049|F|0-10:A>G-10:A>G,8526683.0,46654939.0,0.012041845499192004
100013622|F|0-50:C>T-50:C>T,100030430|F|0-19:A>C-19:A>C,8526683.0,46846957.0,0.000639508395044257
100013622|F|0-50:C>T-50:C>T,100021654|F|0-23:G>T-23:G>T,8526683.0,46876617.0,0.0036521260618148006
100013622|F|0-50:C>T-50:C>T,100034493|F|0-32:C>T-32:C>T,8526683.0,46898850.0,0.0027435550704437385
100013622|F|0-50:C>T-50:C>T,100019198|F|0-35:G>T-35:G>T,8526683.0,46921983.0,0.003030800864265531
100013622|F|0-50:C>T-50:C>T,100020755|F|0-11:C>A-11:C>A,8526683.0,46921988.0,0.00048507961996520913
100013622|F|0-50:C>T-50:C>T,100030713|F|0-35:T>A-35:T>A,8526683.0,46975334.0,0.01521814428743275
100013622|F|0-50:C>T-50:C>T,100035377|F|0-67:C>G-67:C>G,8526683.0,47016484.0,0.010003202037541433
100013622|F|0-50:C>T-50:C>T,100014882|F|0-19:A>G-19:A>G,8526683.0,47035718.0,0.00021178974192149263
100013622|F|0-50:C>T-50:C>T,100016158|F|0-51:C>A-51:C>A,8526683.0,47150489.0,0.01384549333494726
100013788|F|0-18:C>T-18:C>T,100016003|F|0-33:A>T-33:A>T,8748310.0,9540230.0,0.018925787639930206
100013788|F|0-18:C>T-18:C>T,100038699|F|0-6:A>C-6:A>C,8748310.0,9987300.0,0.002373101518784985
100013788|F|0-18:C>T-18:C>T,100052747|F|0-12:T>G-12:T>G,8748310.0,9988427.0,0.0014302688053840558
100013788|F|0-18:C>T-18:C>T,100018327|F|0-50:C>T-50:C>T,8748310.0,10262280.0,0.012073558905995901
100013788|F|0-18:C>T-18:C>T,100018124|F|0-61:T>A-61:T>A,8748310.0,10817821.0,0.018365054791609794
100013788|F|0-18:C>T-18:C>T,100014259|F|0-39:T>A-39:T>A,8748310.0,10830557.0,0.030906501564547634
100013788|F|0-18:C>T-18:C>T,100017304|F|0-37:T>A-37:T>A,8748310.0,11098034.0,0.03824536125598821
100013788|F|0-18:C>T-18:C>T,100022081|F|0-44:A>C-44:A>C,8748310.0,11365474.0,0.007861795669847117
100013788|F|0-18:C>T-18:C>T,100015798|F|0-46:G>A-46:G>A,8748310.0,11367259.0,0.013601152273202128
100013788|F|0-18:C>T-18:C>T,100013022|F|0-48:G>C-48:G>C,8748310.0,11376234.0,0.0045139571555248845
100013788|F|0-18:C>T-18:C>T,100017261|F|0-49:C>T-49:C>T,8748310.0,12523186.0,0.005655010875020905
100013788|F|0-18:C>T-18:C>T,100021866|F|0-51:G>C-51:G>C,8748310.0,14537286.0,0.05984390206667546
100013788|F|0-18:C>T-18:C>T,100016572|F|0-65:A>T-65:A>T,8748310.0,15198479.0,5.498318736315285e-05
100013788|F|0-18:C>T-18:C>T,100036118|F|0-16:G>C-16:G>C,8748310.0,15790762.0,0.05650373854142502
100013788|F|0-18:C>T-18:C>T,100021422|F|0-18:C>G-18:C>G,8748310.0,15863195.0,0.0003389514536780467
100013788|F|0-18:C>T-18:C>T,100041283|F|0-68:T>A-68:T>A,8748310.0,16181585.0,0.010816969200440367
100013788|F|0-18:C>T-18:C>T,100053824|F|0-47:A>G-47:A>G,8748310.0,16226345.0,0.00040731745813540714
100013788|F|0-18:C>T-18:C>T,100021123|F|0-50:T>C-50:T>C,8748310.0,17173866.0,0.00036726661087459444
100013788|F|0-18:C>T-18:C>T,100021768|F|0-13:C>T-13:C>T,8748310.0,17179674.0,0.0004720632942464921
100013788|F|0-18:C>T-18:C>T,100040976|F|0-5:T>C-5:T>C,8748310.0,17196207.0,0.0008341296227562376
100013788|F|0-18:C>T-18:C>T,100040977|F|0-30:G>T-30:G>T,8748310.0,17196207.0,0.0008341296227562376
100013788|F|0-18:C>T-18:C>T,100016880|F|0-51:C>A-51:C>A,8748310.0,17507025.0,0.028892548611713025
100013788|F|0-18:C>T-18:C>T,100021275|F|0-33:T>A-33:T>A,8748310.0,17703648.0,0.03890276552147048
100013788|F|0-18:C>T-18:C>T,100017523|F|0-41:C>T-41:C>T,8748310.0,17927516.0,0.06028526835730265
100013788|F|0-18:C>T-18:C>T,100032842|F|0-24:A>C-24:A>C,8748310.0,18176550.0,0.04466231302004059
100013788|F|0-18:C>T-18:C>T,100032841|F|0-19:T>A-19:T>A,8748310.0,18176550.0,0.10462411040646842
100013788|F|0-18:C>T-18:C>T,100033379|F|0-46:C>G-46:C>G,8748310.0,18202707.0,0.03519548578389686
100013788|F|0-18:C>T-18:C>T,100022600|F|0-31:A>T-31:A>T,8748310.0,18245914.0,0.0692049365839369
100013788|F|0-18:C>T-18:C>T,100019074|F|0-23:A>T-23:A>T,8748310.0,18451325.0,0.007963508711103393
100013788|F|0-18:C>T-18:C>T,100035266|F|0-39:C>T-39:C>T,8748310.0,18675661.0,0.007963508711103408
100013788|F|0-18:C>T-18:C>T,100016256|F|0-31:A>C-31:A>C,8748310.0,19574145.0,9.606327914015865e-33
100013788|F|0-18:C>T-18:C>T,100036101|F|0-41:G>C-41:G>C,8748310.0,19902376.0,0.006375643467720324
100013788|F|0-18:C>T-18:C>T,100044506|F|0-28:G>A-28:G>A,8748310.0,19987479.0,0.011399331239233968
100013788|F|0-18:C>T-18:C>T,100013122|F|0-67:G>A-67:G>A,8748310.0,26458664.0,0.0605146651909241
100013788|F|0-18:C>T-18:C>T,100017906|F|0-31:G>A-31:G>A,8748310.0,26571479.0,0.01064012207480935
100013788|F|0-18:C>T-18:C>T,100021519|F|0-20:C>T-20:C>T,8748310.0,26856823.0,0.00015365021698824787
100013788|F|0-18:C>T-18:C>T,100038609|F|0-8:A>T-8:A>T,8748310.0,27247323.0,0.023881309889847324
100013788|F|0-18:C>T-18:C>T,100028909|F|0-9:C>T-9:C>T,8748310.0,27271569.0,0.031198867620704736
100013788|F|0-18:C>T-18:C>T,100021397|F|0-9:C>T-9:C>T,8748310.0,27420869.0,0.038516219725067656
100013788|F|0-18:C>T-18:C>T,100017892|F|0-32:A>G-32:A>G,8748310.0,27451898.0,0.06644295191423587
100013788|F|0-18:C>T-18:C>T,100033136|F|0-68:A>G-68:A>G,8748310.0,27783976.0,0.028417804275652072
100013788|F|0-18:C>T-18:C>T,100020699|F|0-40:A>G-40:A>G,8748310.0,30507860.0,0.005946981545198623
100013788|F|0-18:C>T-18:C>T,100014559|F|0-31:C>A-31:C>A,8748310.0,30836975.0,0.17442296163069543
100013788|F|0-18:C>T-18:C>T,100017321|F|0-51:A>T-51:A>T,8748310.0,31197415.0,0.04878289149502311
100013788|F|0-18:C>T-18:C>T,100040910|F|0-51:A>G-51:A>G,8748310.0,31200593.0,7.104272729291052e-05
100013788|F|0-18:C>T-18:C>T,100016298|F|0-19:G>A-19:G>A,8748310.0,31539538.0,0.00031110246937585053
100013788|F|0-18:C>T-18:C>T,100016431|F|0-28:C>T-28:C>T,8748310.0,32001840.0,0.03576208800401542
100013788|F|0-18:C>T-18:C>T,100020933|F|0-51:T>C-51:T>C,8748310.0,32243895.0,0.005242593933418558
100013788|F|0-18:C>T-18:C>T,100014677|F|0-27:A>C-27:A>C,8748310.0,32410962.0,0.010267905078921884
100013788|F|0-18:C>T-18:C>T,100017923|F|0-57:A>G-57:A>G,8748310.0,32459789.0,0.00017955685368510648
100013788|F|0-18:C>T-18:C>T,100048091|F|0-43:A>T-43:A>T,8748310.0,32463417.0,0.0013338044132920367
100013788|F|0-18:C>T-18:C>T,100020456|F|0-16:A>C-16:A>C,8748310.0,32467328.0,5.086428594680654e-06
100013788|F|0-18:C>T-18:C>T,100034584|F|0-9:T>C-9:T>C,8748310.0,32472994.0,0.0018464315999671729
100013788|F|0-18:C>T-18:C>T,100033527|F|0-13:C>T-13:C>T,8748310.0,32475333.0,0.0018464315999671729
100013788|F|0-18:C>T-18:C>T,100018446|F|0-67:T>A-67:T>A,8748310.0,33239334.0,0.0003347890457024273
100013788|F|0-18:C>T-18:C>T,100013877|F|0-19:G>T-19:G>T,8748310.0,34079859.0,0.0001550483750930268
100013788|F|0-18:C>T-18:C>T,100035010|F|0-32:A>C-32:A>C,8748310.0,34165746.0,0.005023436372338252
100013788|F|0-18:C>T-18:C>T,100028703|F|0-9:T>G-9:T>G,8748310.0,34482430.0,0.06487372506477757
100013788|F|0-18:C>T-18:C>T,100014587|F|0-36:A>C-36:A>C,8748310.0,34723473.0,0.0018632575953625495
100013788|F|0-18:C>T-18:C>T,100040405|F|0-35:T>A-35:T>A,8748310.0,34724344.0,0.0004866236880625339
100013788|F|0-18:C>T-18:C>T,100016549|F|0-30:A>G-30:A>G,8748310.0,34725485.0,0.0021582733812949514
100013788|F|0-18:C>T-18:C>T,100013542|F|0-30:C>G-30:C>G,8748310.0,34725490.0,0.024357545382978508
100013788|F|0-18:C>T-18:C>T,100021285|F|0-67:T>C-67:T>C,8748310.0,34855449.0,0.020913501756734097
100013788|F|0-18:C>T-18:C>T,100033734|F|0-65:A>G-65:A>G,8748310.0,35379386.0,0.029430281632213975
100013788|F|0-18:C>T-18:C>T,100021520|F|0-23:T>C-23:T>C,8748310.0,36065991.0,8.443949066099139e-06
100013788|F|0-18:C>T-18:C>T,100019045|F|0-23:G>C-23:G>C,8748310.0,36149336.0,0.00044125641586828247
100013788|F|0-18:C>T-18:C>T,100057957|F|0-57:C>A-57:C>A,8748310.0,36576268.0,0.01097749044692436
100013788|F|0-18:C>T-18:C>T,100014666|F|0-59:T>C-59:T>C,8748310.0,37090975.0,0.006875915197045881
100013788|F|0-18:C>T-18:C>T,100038773|F|0-28:C>G-28:C>G,8748310.0,37285877.0,0.08507062962768476
100013788|F|0-18:C>T-18:C>T,100051037|F|0-43:C>T-43:C>T,8748310.0,37902767.0,0.005023436372338256
100013788|F|0-18:C>T-18:C>T,100020809|F|0-53:C>G-53:C>G,8748310.0,39838084.0,0.003973565333779495
100013788|F|0-18:C>T-18:C>T,100029380|F|0-39:A>C-39:A>C,8748310.0,40729560.0,0.00012285253764201515
100013788|F|0-18:C>T-18:C>T,100013950|F|0-50:T>C-50:T>C,8748310.0,40800799.0,0.018618907690748768
100013788|F|0-18:C>T-18:C>T,100015799|F|0-68:C>T-68:C>T,8748310.0,40825452.0,0.00023374801963483573
100013788|F|0-18:C>T-18:C>T,100043188|F|0-42:C>T-42:C>T,8748310.0,40979122.0,0.028707802988378318
100013788|F|0-18:C>T-18:C>T,100015076|F|0-33:T>C-33:T>C,8748310.0,40986668.0,0.03118180561036415
100013788|F|0-18:C>T-18:C>T,100018802|F|0-14:G>A-14:G>A,8748310.0,40988293.0,0.028707802988378318
100013788|F|0-18:C>T-18:C>T,100018271|F|0-48:A>G-48:A>G,8748310.0,41002080.0,0.029852240290352952
100013788|F|0-18:C>T-18:C>T,100017658|F|0-34:T>G-34:T>G,8748310.0,41027371.0,0.02527622171037887
100013788|F|0-18:C>T-18:C>T,100017206|F|0-15:G>C-15:G>C,8748310.0,41065538.0,0.019753150548153364
100013788|F|0-18:C>T-18:C>T,100040329|F|0-26:A>G-26:A>G,8748310.0,41159215.0,0.019396312357819533
100013788|F|0-18:C>T-18:C>T,100035489|F|0-33:C>A-33:C>A,8748310.0,41159220.0,0.02619381617111643
100013788|F|0-18:C>T-18:C>T,100021166|F|0-38:T>C-38:T>C,8748310.0,41233248.0,0.07426097037062301
100013788|F|0-18:C>T-18:C>T,100020488|F|0-58:T>G-58:T>G,8748310.0,41740174.0,2.0095655319319713e-05
100013788|F|0-18:C>T-18:C>T,100046856|F|0-65:C>A-65:C>A,8748310.0,41864679.0,0.005727901755029103
100013788|F|0-18:C>T-18:C>T,100021425|F|0-50:G>C-50:G>C,8748310.0,42699263.0,0.0028905447070914766
100013788|F|0-18:C>T-18:C>T,100032947|F|0-10:A>C-10:A>C,8748310.0,42744717.0,0.003146332039227948
100013788|F|0-18:C>T-18:C>T,100014347|F|0-68:T>C-68:T>C,8748310.0,42858969.0,0.007233595363091732
100013788|F|0-18:C>T-18:C>T,100016630|F|0-66:A>T-66:A>T,8748310.0,43750313.0,0.03625347324581477
100013788|F|0-18:C>T-18:C>T,100015319|F|0-34:T>A-34:T>A,8748310.0,44449888.0,6.065973528091412e-05
100013788|F|0-18:C>T-18:C>T,100018345|F|0-65:A>C-65:A>C,8748310.0,44788831.0,0.01675111864046249
100013788|F|0-18:C>T-18:C>T,100017310|F|0-9:T>G-9:T>G,8748310.0,44906172.0,0.012604670362071007
100013788|F|0-18:C>T-18:C>T,100048863|F|0-39:A>G-39:A>G,8748310.0,44946182.0,0.017128277737875112
100013788|F|0-18:C>T-18:C>T,100033264|F|0-61:C>T-61:C>T,8748310.0,44989593.0,0.09837440483544459
100013788|F|0-18:C>T-18:C>T,100020314|F|0-31:G>A-31:G>A,8748310.0,45007549.0,0.027743005793091715
100013788|F|0-18:C>T-18:C>T,100041823|F|0-64:C>T-64:C>T,8748310.0,45303483.0,0.045310836532567664
100013788|F|0-18:C>T-18:C>T,100015397|F|0-30:G>C-30:G>C,8748310.0,45844613.0,0.021780346423498128
100013788|F|0-18:C>T-18:C>T,100029049|F|0-10:A>G-10:A>G,8748310.0,46654939.0,3.626131352982151e-05
100013788|F|0-18:C>T-18:C>T,100030430|F|0-19:A>C-19:A>C,8748310.0,46846957.0,0.00038165753869053395
100013788|F|0-18:C>T-18:C>T,100021654|F|0-23:G>T-23:G>T,8748310.0,46876617.0,0.03230686478854296
100013788|F|0-18:C>T-18:C>T,100034493|F|0-32:C>T-32:C>T,8748310.0,46898850.0,0.020901961876771374
100013788|F|0-18:C>T-18:C>T,100019198|F|0-35:G>T-35:G>T,8748310.0,46921983.0,0.0558292735370773
100013788|F|0-18:C>T-18:C>T,100020755|F|0-11:C>A-11:C>A,8748310.0,46921988.0,0.036864125720699865
100013788|F|0-18:C>T-18:C>T,100030713|F|0-35:T>A-35:T>A,8748310.0,46975334.0,0.03234822214171104
100013788|F|0-18:C>T-18:C>T,100035377|F|0-67:C>G-67:C>G,8748310.0,47016484.0,9.0323221648671e-05
100013788|F|0-18:C>T-18:C>T,100014882|F|0-19:A>G-19:A>G,8748310.0,47035718.0,0.10679425209832151
100013788|F|0-18:C>T-18:C>T,100016158|F|0-51:C>A-51:C>A,8748310.0,47150489.0,0.07952359042998115
100016003|F|0-33:A>T-33:A>T,100038699|F|0-6:A>C-6:A>C,9540230.0,9987300.0,0.04008438818565396
100016003|F|0-33:A>T-33:A>T,100052747|F|0-12:T>G-12:T>G,9540230.0,9988427.0,0.036044246549135156
100016003|F|0-33:A>T-33:A>T,100018327|F|0-50:C>T-50:C>T,9540230.0,10262280.0,0.1507780450265395
100016003|F|0-33:A>T-33:A>T,100018124|F|0-61:T>A-61:T>A,9540230.0,10817821.0,0.16237159287151287
100016003|F|0-33:A>T-33:A>T,100014259|F|0-39:T>A-39:T>A,9540230.0,10830557.0,0.11817139977726511
100016003|F|0-33:A>T-33:A>T,100017304|F|0-37:T>A-37:T>A,9540230.0,11098034.0,0.05704677912799744
100016003|F|0-33:A>T-33:A>T,100022081|F|0-44:A>C-44:A>C,9540230.0,11365474.0,0.01832206716696642
100016003|F|0-33:A>T-33:A>T,100015798|F|0-46:G>A-46:G>A,9540230.0,11367259.0,0.0036192766115556076
100016003|F|0-33:A>T-33:A>T,100013022|F|0-48:G>C-48:G>C,9540230.0,11376234.0,0.029871859335243747
100016003|F|0-33:A>T-33:A>T,100017261|F|0-49:C>T-49:C>T,9540230.0,12523186.0,0.13072809341575875
100016003|F|0-33:A>T-33:A>T,100021866|F|0-51:G>C-51:G>C,9540230.0,14537286.0,0.003732243474714022
100016003|F|0-33:A>T-33:A>T,100016572|F|0-65:A>T-65:A>T,9540230.0,15198479.0,0.07522702256466711
100016003|F|0-33:A>T-33:A>T,100036118|F|0-16:G>C-16:G>C,9540230.0,15790762.0,0.0018246579173472137
100016003|F|0-33:A>T-33:A>T,100021422|F|0-18:C>G-18:C>G,9540230.0,15863195.0,0.0038444611210784367
100016003|F|0-33:A>T-33:A>T,100041283|F|0-68:T>A-68:T>A,9540230.0,16181585.0,0.003551680255867417
100016003|F|0-33:A>T-33:A>T,100053824|F|0-47:A>G-47:A>G,9540230.0,16226345.0,0.009087888268104534
100016003|F|0-33:A>T-33:A>T,100021123|F|0-50:T>C-50:T>C,9540230.0,17173866.0,0.03192456931986168
100016003|F|0-33:A>T-33:A>T,100021768|F|0-13:C>T-13:C>T,9540230.0,17179674.0,0.03460801577018071
100016003|F|0-33:A>T-33:A>T,100040976|F|0-5:T>C-5:T>C,9540230.0,17196207.0,0.035895663410635055
100016003|F|0-33:A>T-33:A>T,100040977|F|0-30:G>T-30:G>T,9540230.0,17196207.0,0.035895663410635055
100016003|F|0-33:A>T-33:A>T,100016880|F|0-51:C>A-51:C>A,9540230.0,17507025.0,0.0003050175385084645
100016003|F|0-33:A>T-33:A>T,100021275|F|0-33:T>A-33:T>A,9540230.0,17703648.0,0.013432371027307754
100016003|F|0-33:A>T-33:A>T,100017523|F|0-41:C>T-41:C>T,9540230.0,17927516.0,0.03289161320658129
100016003|F|0-33:A>T-33:A>T,100032842|F|0-24:A>C-24:A>C,9540230.0,18176550.0,0.04600857950923426
100016003|F|0-33:A>T-33:A>T,100032841|F|0-19:T>A-19:T>A,9540230.0,18176550.0,0.018875028301942345
100016003|F|0-33:A>T-33:A>T,100033379|F|0-46:C>G-46:C>G,9540230.0,18202707.0,0.029043918853135457
100016003|F|0-33:A>T-33:A>T,100022600|F|0-31:A>T-31:A>T,9540230.0,18245914.0,0.01426019213345034
100016003|F|0-33:A>T-33:A>T,100019074|F|0-23:A>T-23:A>T,9540230.0,18451325.0,0.012020891818563516
100016003|F|0-33:A>T-33:A>T,100035266|F|0-39:C>T-39:C>T,9540230.0,18675661.0,0.012020891818563511
100016003|F|0-33:A>T-33:A>T,100016256|F|0-31:A>C-31:A>C,9540230.0,19574145.0,0.00020715446090777332
100016003|F|0-33:A>T-33:A>T,100036101|F|0-41:G>C-41:G>C,9540230.0,19902376.0,0.002854551432578183
100016003|F|0-33:A>T-33:A>T,100044506|F|0-28:G>A-28:G>A,9540230.0,19987479.0,0.027749714414003864
100016003|F|0-33:A>T-33:A>T,100013122|F|0-67:G>A-67:G>A,9540230.0,26458664.0,0.009424549508937707
100016003|F|0-33:A>T-33:A>T,100017906|F|0-31:G>A-31:G>A,9540230.0,26571479.0,0.07227769252577214
100016003|F|0-33:A>T-33:A>T,100021519|F|0-20:C>T-20:C>T,9540230.0,26856823.0,0.029481350647085045
100016003|F|0-33:A>T-33:A>T,100038609|F|0-8:A>T-8:A>T,9540230.0,27247323.0,0.004376980583714115
100016003|F|0-33:A>T-33:A>T,100028909|F|0-9:C>T-9:C>T,9540230.0,27271569.0,0.0029149128107223378
100016003|F|0-33:A>T-33:A>T,100021397|F|0-9:C>T-9:C>T,9540230.0,27420869.0,0.0007042758686999632
100016003|F|0-33:A>T-33:A>T,100017892|F|0-32:A>G-32:A>G,9540230.0,27451898.0,0.020705161286581564
100016003|F|0-33:A>T-33:A>T,100033136|F|0-68:A>G-68:A>G,9540230.0,27783976.0,0.0067263162730059195
100016003|F|0-33:A>T-33:A>T,100020699|F|0-40:A>G-40:A>G,9540230.0,30507860.0,0.0035785992376526146
100016003|F|0-33:A>T-33:A>T,100014559|F|0-31:C>A-31:C>A,9540230.0,30836975.0,0.0001855758712298809
100016003|F|0-33:A>T-33:A>T,100017321|F|0-51:A>T-51:A>T,9540230.0,31197415.0,0.024416320887623147
100016003|F|0-33:A>T-33:A>T,100040910|F|0-51:A>G-51:A>G,9540230.0,31200593.0,0.0002083320483906005
100016003|F|0-33:A>T-33:A>T,100016298|F|0-19:G>A-19:G>A,9540230.0,31539538.0,0.016156979764574694
100016003|F|0-33:A>T-33:A>T,100016431|F|0-28:C>T-28:C>T,9540230.0,32001840.0,0.03775390050044155
100016003|F|0-33:A>T-33:A>T,100020933|F|0-51:T>C-51:T>C,9540230.0,32243895.0,0.013334420059611935
100016003|F|0-33:A>T-33:A>T,100014677|F|0-27:A>C-27:A>C,9540230.0,32410962.0,0.09019270323323424
100016003|F|0-33:A>T-33:A>T,100017923|F|0-57:A>G-57:A>G,9540230.0,32459789.0,0.06513607445422909
100016003|F|0-33:A>T-33:A>T,100048091|F|0-43:A>T-43:A>T,9540230.0,32463417.0,0.06216536079148001
100016003|F|0-33:A>T-33:A>T,100020456|F|0-16:A>C-16:A>C,9540230.0,32467328.0,0.052983656948660605
100016003|F|0-33:A>T-33:A>T,100034584|F|0-9:T>C-9:T>C,9540230.0,32472994.0,0.07264985260886178
100016003|F|0-33:A>T-33:A>T,100033527|F|0-13:C>T-13:C>T,9540230.0,32475333.0,0.07264985260886178
100016003|F|0-33:A>T-33:A>T,100018446|F|0-67:T>A-67:T>A,9540230.0,33239334.0,0.0004810650190462471
100016003|F|0-33:A>T-33:A>T,100013877|F|0-19:G>T-19:G>T,9540230.0,34079859.0,0.024377518128730593
100016003|F|0-33:A>T-33:A>T,100035010|F|0-32:A>C-32:A>C,9540230.0,34165746.0,6.547188520909576e-05
100016003|F|0-33:A>T-33:A>T,100028703|F|0-9:T>G-9:T>G,9540230.0,34482430.0,0.024532675404500347
100016003|F|0-33:A>T-33:A>T,100014587|F|0-36:A>C-36:A>C,9540230.0,34723473.0,0.009313224525864564
100016003|F|0-33:A>T-33:A>T,100040405|F|0-35:T>A-35:T>A,9540230.0,34724344.0,0.004156493607970391
100016003|F|0-33:A>T-33:A>T,100016549|F|0-30:A>G-30:A>G,9540230.0,34725485.0,0.010787818409126461
100016003|F|0-33:A>T-33:A>T,100013542|F|0-30:C>G-30:C>G,9540230.0,34725490.0,0.0018591661041295576
100016003|F|0-33:A>T-33:A>T,100021285|F|0-67:T>C-67:T>C,9540230.0,34855449.0,0.03283142669457803
100016003|F|0-33:A>T-33:A>T,100033734|F|0-65:A>G-65:A>G,9540230.0,35379386.0,0.03624917069413466
100016003|F|0-33:A>T-33:A>T,100021520|F|0-23:T>C-23:T>C,9540230.0,36065991.0,0.03329085310424825
100016003|F|0-33:A>T-33:A>T,100019045|F|0-23:G>C-23:G>C,9540230.0,36149336.0,0.0358013150975351
100016003|F|0-33:A>T-33:A>T,100057957|F|0-57:C>A-57:C>A,9540230.0,36576268.0,0.0006415997219734568
100016003|F|0-33:A>T-33:A>T,100014666|F|0-59:T>C-59:T>C,9540230.0,37090975.0,0.057261436037434076
100016003|F|0-33:A>T-33:A>T,100038773|F|0-28:C>G-28:C>G,9540230.0,37285877.0,3.897948812713676e-05
100016003|F|0-33:A>T-33:A>T,100051037|F|0-43:C>T-43:C>T,9540230.0,37902767.0,6.54718852090961e-05
100016003|F|0-33:A>T-33:A>T,100020809|F|0-53:C>G-53:C>G,9540230.0,39838084.0,0.003314471374524366
100016003|F|0-33:A>T-33:A>T,100029380|F|0-39:A>C-39:A>C,9540230.0,40729560.0,0.009493350651613082
100016003|F|0-33:A>T-33:A>T,100013950|F|0-50:T>C-50:T>C,9540230.0,40800799.0,0.0030132349024605716
100016003|F|0-33:A>T-33:A>T,100015799|F|0-68:C>T-68:C>T,9540230.0,40825452.0,0.05214812445311011
100016003|F|0-33:A>T-33:A>T,100043188|F|0-42:C>T-42:C>T,9540230.0,40979122.0,0.00025858057351118153
100016003|F|0-33:A>T-33:A>T,100015076|F|0-33:T>C-33:T>C,9540230.0,40986668.0,0.0002393570197875068
100016003|F|0-33:A>T-33:A>T,100018802|F|0-14:G>A-14:G>A,9540230.0,40988293.0,0.0002585805735111822
100016003|F|0-33:A>T-33:A>T,100018271|F|0-48:A>G-48:A>G,9540230.0,41002080.0,4.424151215279016e-05
100016003|F|0-33:A>T-33:A>T,100017658|F|0-34:T>G-34:T>G,9540230.0,41027371.0,0.0014355524506567134
100016003|F|0-33:A>T-33:A>T,100017206|F|0-15:G>C-15:G>C,9540230.0,41065538.0,0.004402199576535818
100016003|F|0-33:A>T-33:A>T,100040329|F|0-26:A>G-26:A>G,9540230.0,41159215.0,0.029558734700324166
100016003|F|0-33:A>T-33:A>T,100035489|F|0-33:C>A-33:C>A,9540230.0,41159220.0,0.002934267759567875
100016003|F|0-33:A>T-33:A>T,100021166|F|0-38:T>C-38:T>C,9540230.0,41233248.0,0.008887644618642282
100016003|F|0-33:A>T-33:A>T,100020488|F|0-58:T>G-58:T>G,9540230.0,41740174.0,0.007569269290505389
100016003|F|0-33:A>T-33:A>T,100046856|F|0-65:C>A-65:C>A,9540230.0,41864679.0,0.00028386949393963986
100016003|F|0-33:A>T-33:A>T,100021425|F|0-50:G>C-50:G>C,9540230.0,42699263.0,0.012206148282097661
100016003|F|0-33:A>T-33:A>T,100032947|F|0-10:A>C-10:A>C,9540230.0,42744717.0,0.011107854977739902
100016003|F|0-33:A>T-33:A>T,100014347|F|0-68:T>C-68:T>C,9540230.0,42858969.0,0.003765670432337099
100016003|F|0-33:A>T-33:A>T,100016630|F|0-66:A>T-66:A>T,9540230.0,43750313.0,0.0033847649200854564
100016003|F|0-33:A>T-33:A>T,100015319|F|0-34:T>A-34:T>A,9540230.0,44449888.0,0.0033918532274883886
100016003|F|0-33:A>T-33:A>T,100018345|F|0-65:A>C-65:A>C,9540230.0,44788831.0,0.048036932579057626
100016003|F|0-33:A>T-33:A>T,100017310|F|0-9:T>G-9:T>G,9540230.0,44906172.0,0.000292053830132271
100016003|F|0-33:A>T-33:A>T,100048863|F|0-39:A>G-39:A>G,9540230.0,44946182.0,0.05022849378828367
100016003|F|0-33:A>T-33:A>T,100033264|F|0-61:C>T-61:C>T,9540230.0,44989593.0,0.0029059919575445477
100016003|F|0-33:A>T-33:A>T,100020314|F|0-31:G>A-31:G>A,9540230.0,45007549.0,0.006658136076470797
100016003|F|0-33:A>T-33:A>T,100041823|F|0-64:C>T-64:C>T,9540230.0,45303483.0,0.008835110867238927
100016003|F|0-33:A>T-33:A>T,100015397|F|0-30:G>C-30:G>C,9540230.0,45844613.0,0.0033511904228666406
100016003|F|0-33:A>T-33:A>T,100029049|F|0-10:A>G-10:A>G,9540230.0,46654939.0,0.015568641962705885
100016003|F|0-33:A>T-33:A>T,100030430|F|0-19:A>C-19:A>C,9540230.0,46846957.0,0.09302131093925078
100016003|F|0-33:A>T-33:A>T,100021654|F|0-23:G>T-23:G>T,9540230.0,46876617.0,0.024196975870937793
100016003|F|0-33:A>T-33:A>T,100034493|F|0-32:C>T-32:C>T,9540230.0,46898850.0,0.035454588363652596
100016003|F|0-33:A>T-33:A>T,100019198|F|0-35:G>T-35:G>T,9540230.0,46921983.0,0.006189983820079845
100016003|F|0-33:A>T-33:A>T,100020755|F|0-11:C>A-11:C>A,9540230.0,46921988.0,0.03246860796068535
100016003|F|0-33:A>T-33:A>T,100030713|F|0-35:T>A-35:T>A,9540230.0,46975334.0,0.009713747988950602
100016003|F|0-33:A>T-33:A>T,100035377|F|0-67:C>G-67:C>G,9540230.0,47016484.0,0.02929490513024482
100016003|F|0-33:A>T-33:A>T,100014882|F|0-19:A>G-19:A>G,9540230.0,47035718.0,0.02539611902250348
100016003|F|0-33:A>T-33:A>T,100016158|F|0-51:C>A-51:C>A,9540230.0,47150489.0,0.0005930137158058873
100038699|F|0-6:A>C-6:A>C,100052747|F|0-12:T>G-12:T>G,9987300.0,9988427.0,0.9604449793918673
100038699|F|0-6:A>C-6:A>C,100018327|F|0-50:C>T-50:C>T,9987300.0,10262280.0,0.06263243566034823
100038699|F|0-6:A>C-6:A>C,100018124|F|0-61:T>A-61:T>A,9987300.0,10817821.0,0.0004948689899463473
100038699|F|0-6:A>C-6:A>C,100014259|F|0-39:T>A-39:T>A,9987300.0,10830557.0,0.009932620817843851
100038699|F|0-6:A>C-6:A>C,100017304|F|0-37:T>A-37:T>A,9987300.0,11098034.0,0.022193700969081735
100038699|F|0-6:A>C-6:A>C,100022081|F|0-44:A>C-44:A>C,9987300.0,11365474.0,0.0031192540057788302
100038699|F|0-6:A>C-6:A>C,100015798|F|0-46:G>A-46:G>A,9987300.0,11367259.0,0.006706719686491465
100038699|F|0-6:A>C-6:A>C,100013022|F|0-48:G>C-48:G>C,9987300.0,11376234.0,0.0013245956497490259
100038699|F|0-6:A>C-6:A>C,100017261|F|0-49:C>T-49:C>T,9987300.0,12523186.0,0.03835594315245474
100038699|F|0-6:A>C-6:A>C,100021866|F|0-51:G>C-51:G>C,9987300.0,14537286.0,5.4354858782022574e-33
100038699|F|0-6:A>C-6:A>C,100016572|F|0-65:A>T-65:A>T,9987300.0,15198479.0,0.012952426781400952
100038699|F|0-6:A>C-6:A>C,100036118|F|0-16:G>C-16:G>C,9987300.0,15790762.0,0.0014175907258064508
100038699|F|0-6:A>C-6:A>C,100021422|F|0-18:C>G-18:C>G,9987300.0,15863195.0,0.003147084805653715
100038699|F|0-6:A>C-6:A>C,100041283|F|0-68:T>A-68:T>A,9987300.0,16181585.0,0.038033807829181476
100038699|F|0-6:A>C-6:A>C,100053824|F|0-47:A>G-47:A>G,9987300.0,16226345.0,0.1464181803884561
100038699|F|0-6:A>C-6:A>C,100021123|F|0-50:T>C-50:T>C,9987300.0,17173866.0,0.2012815625070032
100038699|F|0-6:A>C-6:A>C,100021768|F|0-13:C>T-13:C>T,9987300.0,17179674.0,0.12467191601049843
100038699|F|0-6:A>C-6:A>C,100040976|F|0-5:T>C-5:T>C,9987300.0,17196207.0,0.16254078241248934
100038699|F|0-6:A>C-6:A>C,100040977|F|0-30:G>T-30:G>T,9987300.0,17196207.0,0.1877058177826564
100038699|F|0-6:A>C-6:A>C,100016880|F|0-51:C>A-51:C>A,9987300.0,17507025.0,0.03391343150379295
100038699|F|0-6:A>C-6:A>C,100021275|F|0-33:T>A-33:T>A,9987300.0,17703648.0,0.017144548394548403
100038699|F|0-6:A>C-6:A>C,100017523|F|0-41:C>T-41:C>T,9987300.0,17927516.0,0.044229173468277254
100038699|F|0-6:A>C-6:A>C,100032842|F|0-24:A>C-24:A>C,9987300.0,18176550.0,0.09351700838769797
100038699|F|0-6:A>C-6:A>C,100032841|F|0-19:T>A-19:T>A,9987300.0,18176550.0,0.0573259525234391
100038699|F|0-6:A>C-6:A>C,100033379|F|0-46:C>G-46:C>G,9987300.0,18202707.0,0.09295127795527162
100038699|F|0-6:A>C-6:A>C,100022600|F|0-31:A>T-31:A>T,9987300.0,18245914.0,0.014102641783809981
100038699|F|0-6:A>C-6:A>C,100019074|F|0-23:A>T-23:A>T,9987300.0,18451325.0,0.17168674698795158
100038699|F|0-6:A>C-6:A>C,100035266|F|0-39:C>T-39:C>T,9987300.0,18675661.0,0.004769076305220881
100038699|F|0-6:A>C-6:A>C,100016256|F|0-31:A>C-31:A>C,9987300.0,19574145.0,0.00032299741602067196
100038699|F|0-6:A>C-6:A>C,100036101|F|0-41:G>C-41:G>C,9987300.0,19902376.0,0.009238998298079245
100038699|F|0-6:A>C-6:A>C,100044506|F|0-28:G>A-28:G>A,9987300.0,19987479.0,0.020906690140845067
100038699|F|0-6:A>C-6:A>C,100013122|F|0-67:G>A-67:G>A,9987300.0,26458664.0,0.08288817663817664
100038699|F|0-6:A>C-6:A>C,100017906|F|0-31:G>A-31:G>A,9987300.0,26571479.0,0.005088377075522238
100038699|F|0-6:A>C-6:A>C,100021519|F|0-20:C>T-20:C>T,9987300.0,26856823.0,0.009048871486579098
100038699|F|0-6:A>C-6:A>C,100038609|F|0-8:A>T-8:A>T,9987300.0,27247323.0,0.0006843591516827991
100038699|F|0-6:A>C-6:A>C,100028909|F|0-9:C>T-9:C>T,9987300.0,27271569.0,0.030591210946204983
100038699|F|0-6:A>C-6:A>C,100021397|F|0-9:C>T-9:C>T,9987300.0,27420869.0,0.0017045709415511607
100038699|F|0-6:A>C-6:A>C,100017892|F|0-32:A>G-32:A>G,9987300.0,27451898.0,0.0024478928080622912
100038699|F|0-6:A>C-6:A>C,100033136|F|0-68:A>G-68:A>G,9987300.0,27783976.0,0.035971391174270666
100038699|F|0-6:A>C-6:A>C,100020699|F|0-40:A>G-40:A>G,9987300.0,30507860.0,0.002868357487922693
100038699|F|0-6:A>C-6:A>C,100014559|F|0-31:C>A-31:C>A,9987300.0,30836975.0,0.0002893518518518528
100038699|F|0-6:A>C-6:A>C,100017321|F|0-51:A>T-51:A>T,9987300.0,31197415.0,0.002957658779576592
100038699|F|0-6:A>C-6:A>C,100040910|F|0-51:A>G-51:A>G,9987300.0,31200593.0,0.0006141383790807217
100038699|F|0-6:A>C-6:A>C,100016298|F|0-19:G>A-19:G>A,9987300.0,31539538.0,0.0035660660660660755
100038699|F|0-6:A>C-6:A>C,100016431|F|0-28:C>T-28:C>T,9987300.0,32001840.0,0.005167958656330745
100038699|F|0-6:A>C-6:A>C,100020933|F|0-51:T>C-51:T>C,9987300.0,32243895.0,0.02387431596478702
100038699|F|0-6:A>C-6:A>C,100014677|F|0-27:A>C-27:A>C,9987300.0,32410962.0,0.044049056189639973
100038699|F|0-6:A>C-6:A>C,100017923|F|0-57:A>G-57:A>G,9987300.0,32459789.0,0.013209080544771054
100038699|F|0-6:A>C-6:A>C,100048091|F|0-43:A>T-43:A>T,9987300.0,32463417.0,0.007349575184941037
100038699|F|0-6:A>C-6:A>C,100020456|F|0-16:A>C-16:A>C,9987300.0,32467328.0,0.004515067244846667
100038699|F|0-6:A>C-6:A>C,100034584|F|0-9:T>C-9:T>C,9987300.0,32472994.0,0.005058706520208423
100038699|F|0-6:A>C-6:A>C,100033527|F|0-13:C>T-13:C>T,9987300.0,32475333.0,0.005058706520208423
100038699|F|0-6:A>C-6:A>C,100018446|F|0-67:T>A-67:T>A,9987300.0,33239334.0,0.0033429564517982366
100038699|F|0-6:A>C-6:A>C,100013877|F|0-19:G>T-19:G>T,9987300.0,34079859.0,0.002559267241379311
100038699|F|0-6:A>C-6:A>C,100035010|F|0-32:A>C-32:A>C,9987300.0,34165746.0,0.05078537486800431
100038699|F|0-6:A>C-6:A>C,100028703|F|0-9:T>G-9:T>G,9987300.0,34482430.0,0.043555781966378
100038699|F|0-6:A>C-6:A>C,100014587|F|0-36:A>C-36:A>C,9987300.0,34723473.0,0.009492406075139901
100038699|F|0-6:A>C-6:A>C,100040405|F|0-35:T>A-35:T>A,9987300.0,34724344.0,0.02413269600769596
100038699|F|0-6:A>C-6:A>C,100016549|F|0-30:A>G-30:A>G,9987300.0,34725485.0,0.010995370370370367
100038699|F|0-6:A>C-6:A>C,100013542|F|0-30:C>G-30:C>G,9987300.0,34725490.0,0.0011436138196701544
100038699|F|0-6:A>C-6:A>C,100021285|F|0-67:T>C-67:T>C,9987300.0,34855449.0,9.58898578811363e-05
100038699|F|0-6:A>C-6:A>C,100033734|F|0-65:A>G-65:A>G,9987300.0,35379386.0,0.016768665103097786
100038699|F|0-6:A>C-6:A>C,100021520|F|0-23:T>C-23:T>C,9987300.0,36065991.0,0.0015486437141366718
100038699|F|0-6:A>C-6:A>C,100019045|F|0-23:G>C-23:G>C,9987300.0,36149336.0,0.03742094646167263
100038699|F|0-6:A>C-6:A>C,100057957|F|0-57:C>A-57:C>A,9987300.0,36576268.0,0.003413557432828814
100038699|F|0-6:A>C-6:A>C,100014666|F|0-59:T>C-59:T>C,9987300.0,37090975.0,0.015568666011143859
100038699|F|0-6:A>C-6:A>C,100038773|F|0-28:C>G-28:C>G,9987300.0,37285877.0,0.008697980028386045
100038699|F|0-6:A>C-6:A>C,100051037|F|0-43:C>T-43:C>T,9987300.0,37902767.0,0.02257127771911296
100038699|F|0-6:A>C-6:A>C,100020809|F|0-53:C>G-53:C>G,9987300.0,39838084.0,0.06330749354005168
100038699|F|0-6:A>C-6:A>C,100029380|F|0-39:A>C-39:A>C,9987300.0,40729560.0,0.0009012598664238025
100038699|F|0-6:A>C-6:A>C,100013950|F|0-50:T>C-50:T>C,9987300.0,40800799.0,0.025088028169014075
100038699|F|0-6:A>C-6:A>C,100015799|F|0-68:C>T-68:C>T,9987300.0,40825452.0,0.019053349378259164
100038699|F|0-6:A>C-6:A>C,100043188|F|0-42:C>T-42:C>T,9987300.0,40979122.0,0.011036131706312421
100038699|F|0-6:A>C-6:A>C,100015076|F|0-33:T>C-33:T>C,9987300.0,40986668.0,0.013639826535396176
100038699|F|0-6:A>C-6:A>C,100018802|F|0-14:G>A-14:G>A,9987300.0,40988293.0,0.035340078261765065
100038699|F|0-6:A>C-6:A>C,100018271|F|0-48:A>G-48:A>G,9987300.0,41002080.0,0.020016706562936352
100038699|F|0-6:A>C-6:A>C,100017658|F|0-34:T>G-34:T>G,9987300.0,41027371.0,0.0296686673498268
100038699|F|0-6:A>C-6:A>C,100017206|F|0-15:G>C-15:G>C,9987300.0,41065538.0,0.006774524223381006
100038699|F|0-6:A>C-6:A>C,100040329|F|0-26:A>G-26:A>G,9987300.0,41159215.0,0.02626275499986842
100038699|F|0-6:A>C-6:A>C,100035489|F|0-33:C>A-33:C>A,9987300.0,41159220.0,0.004327882656600498
100038699|F|0-6:A>C-6:A>C,100021166|F|0-38:T>C-38:T>C,9987300.0,41233248.0,0.050026329647182725
100038699|F|0-6:A>C-6:A>C,100020488|F|0-58:T>G-58:T>G,9987300.0,41740174.0,0.0009213997517070104
100038699|F|0-6:A>C-6:A>C,100046856|F|0-65:C>A-65:C>A,9987300.0,41864679.0,0.026893135173389957
100038699|F|0-6:A>C-6:A>C,100021425|F|0-50:G>C-50:G>C,9987300.0,42699263.0,0.13506995059928745
100038699|F|0-6:A>C-6:A>C,100032947|F|0-10:A>C-10:A>C,9987300.0,42744717.0,0.13924410343847649
100038699|F|0-6:A>C-6:A>C,100014347|F|0-68:T>C-68:T>C,9987300.0,42858969.0,0.06656656656656643
100038699|F|0-6:A>C-6:A>C,100016630|F|0-66:A>T-66:A>T,9987300.0,43750313.0,0.07874103942652358
100038699|F|0-6:A>C-6:A>C,100015319|F|0-34:T>A-34:T>A,9987300.0,44449888.0,0.07520610830054339
100038699|F|0-6:A>C-6:A>C,100018345|F|0-65:A>C-65:A>C,9987300.0,44788831.0,0.036852487387070254
100038699|F|0-6:A>C-6:A>C,100017310|F|0-9:T>G-9:T>G,9987300.0,44906172.0,0.027350865209471626
100038699|F|0-6:A>C-6:A>C,100048863|F|0-39:A>G-39:A>G,9987300.0,44946182.0,0.03785489407164947
100038699|F|0-6:A>C-6:A>C,100033264|F|0-61:C>T-61:C>T,9987300.0,44989593.0,0.04610212094525173
100038699|F|0-6:A>C-6:A>C,100020314|F|0-31:G>A-31:G>A,9987300.0,45007549.0,0.0011739990113692547
100038699|F|0-6:A>C-6:A>C,100041823|F|0-64:C>T-64:C>T,9987300.0,45303483.0,0.01848997259591433
100038699|F|0-6:A>C-6:A>C,100015397|F|0-30:G>C-30:G>C,9987300.0,45844613.0,0.008509156050955414
100038699|F|0-6:A>C-6:A>C,100029049|F|0-10:A>G-10:A>G,9987300.0,46654939.0,0.0005985383064516153
100038699|F|0-6:A>C-6:A>C,100030430|F|0-19:A>C-19:A>C,9987300.0,46846957.0,0.0035436007957559694
100038699|F|0-6:A>C-6:A>C,100021654|F|0-23:G>T-23:G>T,9987300.0,46876617.0,0.013872663551401869
100038699|F|0-6:A>C-6:A>C,100034493|F|0-32:C>T-32:C>T,9987300.0,46898850.0,0.0051730396902226515
100038699|F|0-6:A>C-6:A>C,100019198|F|0-35:G>T-35:G>T,9987300.0,46921983.0,0.007469004368459099
100038699|F|0-6:A>C-6:A>C,100020755|F|0-11:C>A-11:C>A,9987300.0,46921988.0,0.011463258471237213
100038699|F|0-6:A>C-6:A>C,100030713|F|0-35:T>A-35:T>A,9987300.0,46975334.0,7.703719777548943e-34
100038699|F|0-6:A>C-6:A>C,100035377|F|0-67:C>G-67:C>G,9987300.0,47016484.0,0.005011072748831693
100038699|F|0-6:A>C-6:A>C,100014882|F|0-19:A>G-19:A>G,9987300.0,47035718.0,0.0034360532407407334
100038699|F|0-6:A>C-6:A>C,100016158|F|0-51:C>A-51:C>A,9987300.0,47150489.0,0.03461623869509041
100052747|F|0-12:T>G-12:T>G,100018327|F|0-50:C>T-50:C>T,9988427.0,10262280.0,0.0679935166692968
100052747|F|0-12:T>G-12:T>G,100018124|F|0-61:T>A-61:T>A,9988427.0,10817821.0,8.955005402294937e-05
100052747|F|0-12:T>G-12:T>G,100014259|F|0-39:T>A-39:T>A,9988427.0,10830557.0,0.014570759751703735
100052747|F|0-12:T>G-12:T>G,100017304|F|0-37:T>A-37:T>A,9988427.0,11098034.0,0.022919083292773708
100052747|F|0-12:T>G-12:T>G,100022081|F|0-44:A>C-44:A>C,9988427.0,11365474.0,0.0008298313689226814
100052747|F|0-12:T>G-12:T>G,100015798|F|0-46:G>A-46:G>A,9988427.0,11367259.0,0.0054802911978399085
100052747|F|0-12:T>G-12:T>G,100013022|F|0-48:G>C-48:G>C,9988427.0,11376234.0,3.7556374697375535e-05
100052747|F|0-12:T>G-12:T>G,100017261|F|0-49:C>T-49:C>T,9988427.0,12523186.0,0.041832254498675746
100052747|F|0-12:T>G-12:T>G,100021866|F|0-51:G>C-51:G>C,9988427.0,14537286.0,9.509743083085522e-05
100052747|F|0-12:T>G-12:T>G,100016572|F|0-65:A>T-65:A>T,9988427.0,15198479.0,0.016331942346476534
100052747|F|0-12:T>G-12:T>G,100036118|F|0-16:G>C-16:G>C,9988427.0,15790762.0,0.0034045370393066964
100052747|F|0-12:T>G-12:T>G,100021422|F|0-18:C>G-18:C>G,9988427.0,15863195.0,0.006066731711813481
100052747|F|0-12:T>G-12:T>G,100041283|F|0-68:T>A-68:T>A,9988427.0,16181585.0,0.04385602500497313
100052747|F|0-12:T>G-12:T>G,100053824|F|0-47:A>G-47:A>G,9988427.0,16226345.0,0.15426449331302955
100052747|F|0-12:T>G-12:T>G,100021123|F|0-50:T>C-50:T>C,9988427.0,17173866.0,0.22543632914097422
100052747|F|0-12:T>G-12:T>G,100021768|F|0-13:C>T-13:C>T,9988427.0,17179674.0,0.14478678372361667
100052747|F|0-12:T>G-12:T>G,100040976|F|0-5:T>C-5:T>C,9988427.0,17196207.0,0.1863083320170701
100052747|F|0-12:T>G-12:T>G,100040977|F|0-30:G>T-30:G>T,9988427.0,17196207.0,0.2131773408379335
100052747|F|0-12:T>G-12:T>G,100016880|F|0-51:C>A-51:C>A,9988427.0,17507025.0,0.030210929562914435
100052747|F|0-12:T>G-12:T>G,100021275|F|0-33:T>A-33:T>A,9988427.0,17703648.0,0.021786798135140513
100052747|F|0-12:T>G-12:T>G,100017523|F|0-41:C>T-41:C>T,9988427.0,17927516.0,0.04948307066952575
100052747|F|0-12:T>G-12:T>G,100032842|F|0-24:A>C-24:A>C,9988427.0,18176550.0,0.08300669528040769
100052747|F|0-12:T>G-12:T>G,100032841|F|0-19:T>A-19:T>A,9988427.0,18176550.0,0.053984943980597874
100052747|F|0-12:T>G-12:T>G,100033379|F|0-46:C>G-46:C>G,9988427.0,18202707.0,0.08291442189782781
100052747|F|0-12:T>G-12:T>G,100022600|F|0-31:A>T-31:A>T,9988427.0,18245914.0,0.012512480186488652
100052747|F|0-12:T>G-12:T>G,100019074|F|0-23:A>T-23:A>T,9988427.0,18451325.0,0.1631605945943951
100052747|F|0-12:T>G-12:T>G,100035266|F|0-39:C>T-39:C>T,9988427.0,18675661.0,0.00345199274513761
100052747|F|0-12:T>G-12:T>G,100016256|F|0-31:A>C-31:A>C,9988427.0,19574145.0,0.0025171743207944366
100052747|F|0-12:T>G-12:T>G,100036101|F|0-41:G>C-41:G>C,9988427.0,19902376.0,0.011112414675602922
100052747|F|0-12:T>G-12:T>G,100044506|F|0-28:G>A-28:G>A,9988427.0,19987479.0,0.023018754674398623
100052747|F|0-12:T>G-12:T>G,100013122|F|0-67:G>A-67:G>A,9988427.0,26458664.0,0.08207950625070866
100052747|F|0-12:T>G-12:T>G,100017906|F|0-31:G>A-31:G>A,9988427.0,26571479.0,0.005193762986537152
100052747|F|0-12:T>G-12:T>G,100021519|F|0-20:C>T-20:C>T,9988427.0,26856823.0,0.013327714059963738
100052747|F|0-12:T>G-12:T>G,100038609|F|0-8:A>T-8:A>T,9988427.0,27247323.0,7.925737146512308e-05
100052747|F|0-12:T>G-12:T>G,100028909|F|0-9:C>T-9:C>T,9988427.0,27271569.0,0.02702610230978135
100052747|F|0-12:T>G-12:T>G,100021397|F|0-9:C>T-9:C>T,9988427.0,27420869.0,0.0008783715391183963
100052747|F|0-12:T>G-12:T>G,100017892|F|0-32:A>G-32:A>G,9988427.0,27451898.0,0.0016272758831820892
100052747|F|0-12:T>G-12:T>G,100033136|F|0-68:A>G-68:A>G,9988427.0,27783976.0,0.041439866560967806
100052747|F|0-12:T>G-12:T>G,100020699|F|0-40:A>G-40:A>G,9988427.0,30507860.0,0.0029897258905713666
100052747|F|0-12:T>G-12:T>G,100014559|F|0-31:C>A-31:C>A,9988427.0,30836975.0,2.47484089022933e-05
100052747|F|0-12:T>G-12:T>G,100017321|F|0-51:A>T-51:A>T,9988427.0,31197415.0,0.0071955921833576205
100052747|F|0-12:T>G-12:T>G,100040910|F|0-51:A>G-51:A>G,9988427.0,31200593.0,0.0014077320963590775
100052747|F|0-12:T>G-12:T>G,100016298|F|0-19:G>A-19:G>A,9988427.0,31539538.0,0.0004800463855387169
100052747|F|0-12:T>G-12:T>G,100016431|F|0-28:C>T-28:C>T,9988427.0,32001840.0,0.0071528847434167145
100052747|F|0-12:T>G-12:T>G,100020933|F|0-51:T>C-51:T>C,9988427.0,32243895.0,0.023975741038392562
100052747|F|0-12:T>G-12:T>G,100014677|F|0-27:A>C-27:A>C,9988427.0,32410962.0,0.02977403232445867
100052747|F|0-12:T>G-12:T>G,100017923|F|0-57:A>G-57:A>G,9988427.0,32459789.0,0.018249862851594592
100052747|F|0-12:T>G-12:T>G,100048091|F|0-43:A>T-43:A>T,9988427.0,32463417.0,0.011289024802619854
100052747|F|0-12:T>G-12:T>G,100020456|F|0-16:A>C-16:A>C,9988427.0,32467328.0,0.007353301005249649
100052747|F|0-12:T>G-12:T>G,100034584|F|0-9:T>C-9:T>C,9988427.0,32472994.0,0.008238679453283515
100052747|F|0-12:T>G-12:T>G,100033527|F|0-13:C>T-13:C>T,9988427.0,32475333.0,0.008238679453283515
100052747|F|0-12:T>G-12:T>G,100018446|F|0-67:T>A-67:T>A,9988427.0,33239334.0,0.005000138440662357
100052747|F|0-12:T>G-12:T>G,100013877|F|0-19:G>T-19:G>T,9988427.0,34079859.0,0.003977325798810844
100052747|F|0-12:T>G-12:T>G,100035010|F|0-32:A>C-32:A>C,9988427.0,34165746.0,0.044255113135877745
100052747|F|0-12:T>G-12:T>G,100028703|F|0-9:T>G-9:T>G,9988427.0,34482430.0,0.05022330321506854
100052747|F|0-12:T>G-12:T>G,100014587|F|0-36:A>C-36:A>C,9988427.0,34723473.0,0.007485225504476614
100052747|F|0-12:T>G-12:T>G,100040405|F|0-35:T>A-35:T>A,9988427.0,34724344.0,0.02117316296117452
100052747|F|0-12:T>G-12:T>G,100016549|F|0-30:A>G-30:A>G,9988427.0,34725485.0,0.008670386209352074
100052747|F|0-12:T>G-12:T>G,100013542|F|0-30:C>G-30:C>G,9988427.0,34725490.0,0.00037367320855483896
100052747|F|0-12:T>G-12:T>G,100021285|F|0-67:T>C-67:T>C,9988427.0,34855449.0,1.0844968729047979e-06
100052747|F|0-12:T>G-12:T>G,100033734|F|0-65:A>G-65:A>G,9988427.0,35379386.0,0.021736972383155806
100052747|F|0-12:T>G-12:T>G,100021520|F|0-23:T>C-23:T>C,9988427.0,36065991.0,0.002914651026727736
100052747|F|0-12:T>G-12:T>G,100019045|F|0-23:G>C-23:G>C,9988427.0,36149336.0,0.04810924977287839
100052747|F|0-12:T>G-12:T>G,100057957|F|0-57:C>A-57:C>A,9988427.0,36576268.0,0.0036969868541690716
100052747|F|0-12:T>G-12:T>G,100014666|F|0-59:T>C-59:T>C,9988427.0,37090975.0,0.025144490597937393
100052747|F|0-12:T>G-12:T>G,100038773|F|0-28:C>G-28:C>G,9988427.0,37285877.0,0.010187518226963531
100052747|F|0-12:T>G-12:T>G,100051037|F|0-43:C>T-43:C>T,9988427.0,37902767.0,0.027257916182392913
100052747|F|0-12:T>G-12:T>G,100020809|F|0-53:C>G-53:C>G,9988427.0,39838084.0,0.06982082193812517
100052747|F|0-12:T>G-12:T>G,100029380|F|0-39:A>C-39:A>C,9988427.0,40729560.0,9.173776826538694e-07
100052747|F|0-12:T>G-12:T>G,100013950|F|0-50:T>C-50:T>C,9988427.0,40800799.0,0.028059712020727032
100052747|F|0-12:T>G-12:T>G,100015799|F|0-68:C>T-68:C>T,9988427.0,40825452.0,0.015386519024314942
100052747|F|0-12:T>G-12:T>G,100043188|F|0-42:C>T-42:C>T,9988427.0,40979122.0,0.012481664473103773
100052747|F|0-12:T>G-12:T>G,100015076|F|0-33:T>C-33:T>C,9988427.0,40986668.0,0.015353024447580856
100052747|F|0-12:T>G-12:T>G,100018802|F|0-14:G>A-14:G>A,9988427.0,40988293.0,0.027887011904228824
100052747|F|0-12:T>G-12:T>G,100018271|F|0-48:A>G-48:A>G,9988427.0,41002080.0,0.022033134963112985
100052747|F|0-12:T>G-12:T>G,100017658|F|0-34:T>G-34:T>G,9988427.0,41027371.0,0.022924774079318044
100052747|F|0-12:T>G-12:T>G,100017206|F|0-15:G>C-15:G>C,9988427.0,41065538.0,0.008957496972925819
100052747|F|0-12:T>G-12:T>G,100040329|F|0-26:A>G-26:A>G,9988427.0,41159215.0,0.024008904070084193
100052747|F|0-12:T>G-12:T>G,100035489|F|0-33:C>A-33:C>A,9988427.0,41159220.0,0.002704399784935174
100052747|F|0-12:T>G-12:T>G,100021166|F|0-38:T>C-38:T>C,9988427.0,41233248.0,0.04946266265448043
100052747|F|0-12:T>G-12:T>G,100020488|F|0-58:T>G-58:T>G,9988427.0,41740174.0,0.0004136040844871892
100052747|F|0-12:T>G-12:T>G,100046856|F|0-65:C>A-65:C>A,9988427.0,41864679.0,0.0302258465617637
100052747|F|0-12:T>G-12:T>G,100021425|F|0-50:G>C-50:G>C,9988427.0,42699263.0,0.12347767428304805
100052747|F|0-12:T>G-12:T>G,100032947|F|0-10:A>C-10:A>C,9988427.0,42744717.0,0.1305008844156817
100052747|F|0-12:T>G-12:T>G,100014347|F|0-68:T>C-68:T>C,9988427.0,42858969.0,0.08385147257346309
100052747|F|0-12:T>G-12:T>G,100016630|F|0-66:A>T-66:A>T,9988427.0,43750313.0,0.08737783551832808
100052747|F|0-12:T>G-12:T>G,100015319|F|0-34:T>A-34:T>A,9988427.0,44449888.0,0.09515408481826017
100052747|F|0-12:T>G-12:T>G,100018345|F|0-65:A>C-65:A>C,9988427.0,44788831.0,0.04024237850999815
100052747|F|0-12:T>G-12:T>G,100017310|F|0-9:T>G-9:T>G,9988427.0,44906172.0,0.03666493040869469
100052747|F|0-12:T>G-12:T>G,100048863|F|0-39:A>G-39:A>G,9988427.0,44946182.0,0.040286730209210725
100052747|F|0-12:T>G-12:T>G,100033264|F|0-61:C>T-61:C>T,9988427.0,44989593.0,0.05034284339361737
100052747|F|0-12:T>G-12:T>G,100020314|F|0-31:G>A-31:G>A,9988427.0,45007549.0,0.0034345946274037895
100052747|F|0-12:T>G-12:T>G,100041823|F|0-64:C>T-64:C>T,9988427.0,45303483.0,0.02901900234032795
100052747|F|0-12:T>G-12:T>G,100015397|F|0-30:G>C-30:G>C,9988427.0,45844613.0,0.015576435172074233
100052747|F|0-12:T>G-12:T>G,100029049|F|0-10:A>G-10:A>G,9988427.0,46654939.0,7.521510570145115e-05
100052747|F|0-12:T>G-12:T>G,100030430|F|0-19:A>C-19:A>C,9988427.0,46846957.0,0.0012869324536474642
100052747|F|0-12:T>G-12:T>G,100021654|F|0-23:G>T-23:G>T,9988427.0,46876617.0,0.010041427494617597
100052747|F|0-12:T>G-12:T>G,100034493|F|0-32:C>T-32:C>T,9988427.0,46898850.0,0.0030517091095442423
100052747|F|0-12:T>G-12:T>G,100019198|F|0-35:G>T-35:G>T,9988427.0,46921983.0,0.005301666235447287
100052747|F|0-12:T>G-12:T>G,100020755|F|0-11:C>A-11:C>A,9988427.0,46921988.0,0.008297431734323088
100052747|F|0-12:T>G-12:T>G,100030713|F|0-35:T>A-35:T>A,9988427.0,46975334.0,0.0001183615205806663
100052747|F|0-12:T>G-12:T>G,100035377|F|0-67:C>G-67:C>G,9988427.0,47016484.0,0.008347635896089008
100052747|F|0-12:T>G-12:T>G,100014882|F|0-19:A>G-19:A>G,9988427.0,47035718.0,0.007946714098526314
100052747|F|0-12:T>G-12:T>G,100016158|F|0-51:C>A-51:C>A,9988427.0,47150489.0,0.03792377114860227
100018327|F|0-50:C>T-50:C>T,100018124|F|0-61:T>A-61:T>A,10262280.0,10817821.0,0.17996570632677292
100018327|F|0-50:C>T-50:C>T,100014259|F|0-39:T>A-39:T>A,10262280.0,10830557.0,0.2775162542730304
100018327|F|0-50:C>T-50:C>T,100017304|F|0-37:T>A-37:T>A,10262280.0,11098034.0,0.1773802376717459
100018327|F|0-50:C>T-50:C>T,100022081|F|0-44:A>C-44:A>C,10262280.0,11365474.0,0.06492984854893563
100018327|F|0-50:C>T-50:C>T,100015798|F|0-46:G>A-46:G>A,10262280.0,11367259.0,0.012848467147403647
100018327|F|0-50:C>T-50:C>T,100013022|F|0-48:G>C-48:G>C,10262280.0,11376234.0,0.10198477590073304
100018327|F|0-50:C>T-50:C>T,100017261|F|0-49:C>T-49:C>T,10262280.0,12523186.0,0.5639615521078576
100018327|F|0-50:C>T-50:C>T,100021866|F|0-51:G>C-51:G>C,10262280.0,14537286.0,0.003147797967014577
100018327|F|0-50:C>T-50:C>T,100016572|F|0-65:A>T-65:A>T,10262280.0,15198479.0,0.01393746607972017
100018327|F|0-50:C>T-50:C>T,100036118|F|0-16:G>C-16:G>C,10262280.0,15790762.0,0.0002334797485291487
100018327|F|0-50:C>T-50:C>T,100021422|F|0-18:C>G-18:C>G,10262280.0,15863195.0,0.017754529682468878
100018327|F|0-50:C>T-50:C>T,100041283|F|0-68:T>A-68:T>A,10262280.0,16181585.0,0.16147879637810314
100018327|F|0-50:C>T-50:C>T,100053824|F|0-47:A>G-47:A>G,10262280.0,16226345.0,0.060465383358216426
100018327|F|0-50:C>T-50:C>T,100021123|F|0-50:T>C-50:T>C,10262280.0,17173866.0,0.04903877347896299
100018327|F|0-50:C>T-50:C>T,100021768|F|0-13:C>T-13:C>T,10262280.0,17179674.0,0.07047662731478936
100018327|F|0-50:C>T-50:C>T,100040976|F|0-5:T>C-5:T>C,10262280.0,17196207.0,0.07021221973384338
100018327|F|0-50:C>T-50:C>T,100040977|F|0-30:G>T-30:G>T,10262280.0,17196207.0,0.08660104349520686
100018327|F|0-50:C>T-50:C>T,100016880|F|0-51:C>A-51:C>A,10262280.0,17507025.0,0.022107848871213025
100018327|F|0-50:C>T-50:C>T,100021275|F|0-33:T>A-33:T>A,10262280.0,17703648.0,0.021020700632351223
100018327|F|0-50:C>T-50:C>T,100017523|F|0-41:C>T-41:C>T,10262280.0,17927516.0,0.05905424368429417
100018327|F|0-50:C>T-50:C>T,100032842|F|0-24:A>C-24:A>C,10262280.0,18176550.0,0.06784612342027796
100018327|F|0-50:C>T-50:C>T,100032841|F|0-19:T>A-19:T>A,10262280.0,18176550.0,0.03577000077191804
100018327|F|0-50:C>T-50:C>T,100033379|F|0-46:C>G-46:C>G,10262280.0,18202707.0,0.08082712597430813
100018327|F|0-50:C>T-50:C>T,100022600|F|0-31:A>T-31:A>T,10262280.0,18245914.0,0.018327755453559583
100018327|F|0-50:C>T-50:C>T,100019074|F|0-23:A>T-23:A>T,10262280.0,18451325.0,0.008581134524227298
100018327|F|0-50:C>T-50:C>T,100035266|F|0-39:C>T-39:C>T,10262280.0,18675661.0,0.022107848871213007
100018327|F|0-50:C>T-50:C>T,100016256|F|0-31:A>C-31:A>C,10262280.0,19574145.0,0.03378302099796804
100018327|F|0-50:C>T-50:C>T,100036101|F|0-41:G>C-41:G>C,10262280.0,19902376.0,0.02634024361375063
100018327|F|0-50:C>T-50:C>T,100044506|F|0-28:G>A-28:G>A,10262280.0,19987479.0,0.007056904534000127
100018327|F|0-50:C>T-50:C>T,100013122|F|0-67:G>A-67:G>A,10262280.0,26458664.0,0.034425121803762684
100018327|F|0-50:C>T-50:C>T,100017906|F|0-31:G>A-31:G>A,10262280.0,26571479.0,0.12195501546311008
100018327|F|0-50:C>T-50:C>T,100021519|F|0-20:C>T-20:C>T,10262280.0,26856823.0,0.05546212775985462
100018327|F|0-50:C>T-50:C>T,100038609|F|0-8:A>T-8:A>T,10262280.0,27247323.0,0.053825729018594365
100018327|F|0-50:C>T-50:C>T,100028909|F|0-9:C>T-9:C>T,10262280.0,27271569.0,0.033881553509326805
100018327|F|0-50:C>T-50:C>T,100021397|F|0-9:C>T-9:C>T,10262280.0,27420869.0,0.03104539572667711
100018327|F|0-50:C>T-50:C>T,100017892|F|0-32:A>G-32:A>G,10262280.0,27451898.0,0.027927393177516618
100018327|F|0-50:C>T-50:C>T,100033136|F|0-68:A>G-68:A>G,10262280.0,27783976.0,0.022765195642634732
100018327|F|0-50:C>T-50:C>T,100020699|F|0-40:A>G-40:A>G,10262280.0,30507860.0,0.10674335162515802
100018327|F|0-50:C>T-50:C>T,100014559|F|0-31:C>A-31:C>A,10262280.0,30836975.0,6.862575127137961e-05
100018327|F|0-50:C>T-50:C>T,100017321|F|0-51:A>T-51:A>T,10262280.0,31197415.0,0.16266669890821991
100018327|F|0-50:C>T-50:C>T,100040910|F|0-51:A>G-51:A>G,10262280.0,31200593.0,0.027811786681239837
100018327|F|0-50:C>T-50:C>T,100016298|F|0-19:G>A-19:G>A,10262280.0,31539538.0,0.07174954080293916
100018327|F|0-50:C>T-50:C>T,100016431|F|0-28:C>T-28:C>T,10262280.0,32001840.0,0.002757797632487174
100018327|F|0-50:C>T-50:C>T,100020933|F|0-51:T>C-51:T>C,10262280.0,32243895.0,0.11998274835391083
100018327|F|0-50:C>T-50:C>T,100014677|F|0-27:A>C-27:A>C,10262280.0,32410962.0,0.14556782356472542
100018327|F|0-50:C>T-50:C>T,100017923|F|0-57:A>G-57:A>G,10262280.0,32459789.0,0.10043401235265943
100018327|F|0-50:C>T-50:C>T,100048091|F|0-43:A>T-43:A>T,10262280.0,32463417.0,0.06758368175015093
100018327|F|0-50:C>T-50:C>T,100020456|F|0-16:A>C-16:A>C,10262280.0,32467328.0,0.10463889159099041
100018327|F|0-50:C>T-50:C>T,100034584|F|0-9:T>C-9:T>C,10262280.0,32472994.0,0.0966659283596046
100018327|F|0-50:C>T-50:C>T,100033527|F|0-13:C>T-13:C>T,10262280.0,32475333.0,0.0966659283596046
100018327|F|0-50:C>T-50:C>T,100018446|F|0-67:T>A-67:T>A,10262280.0,33239334.0,0.0043631231470710975
100018327|F|0-50:C>T-50:C>T,100013877|F|0-19:G>T-19:G>T,10262280.0,34079859.0,0.04280486605980432
100018327|F|0-50:C>T-50:C>T,100035010|F|0-32:A>C-32:A>C,10262280.0,34165746.0,0.030624667722144713
100018327|F|0-50:C>T-50:C>T,100028703|F|0-9:T>G-9:T>G,10262280.0,34482430.0,0.10055028074863485
100018327|F|0-50:C>T-50:C>T,100014587|F|0-36:A>C-36:A>C,10262280.0,34723473.0,0.0038977140063261436
100018327|F|0-50:C>T-50:C>T,100040405|F|0-35:T>A-35:T>A,10262280.0,34724344.0,0.02002427184466019
100018327|F|0-50:C>T-50:C>T,100016549|F|0-30:A>G-30:A>G,10262280.0,34725485.0,0.004514852057327776
100018327|F|0-50:C>T-50:C>T,100013542|F|0-30:C>G-30:C>G,10262280.0,34725490.0,1.2021343896088161e-05
100018327|F|0-50:C>T-50:C>T,100021285|F|0-67:T>C-67:T>C,10262280.0,34855449.0,0.01600248363061632
100018327|F|0-50:C>T-50:C>T,100033734|F|0-65:A>G-65:A>G,10262280.0,35379386.0,0.03873248456592446
100018327|F|0-50:C>T-50:C>T,100021520|F|0-23:T>C-23:T>C,10262280.0,36065991.0,0.044868726924654566
100018327|F|0-50:C>T-50:C>T,100019045|F|0-23:G>C-23:G>C,10262280.0,36149336.0,0.02891396680817578
100018327|F|0-50:C>T-50:C>T,100057957|F|0-57:C>A-57:C>A,10262280.0,36576268.0,0.00015396455995793755
100018327|F|0-50:C>T-50:C>T,100014666|F|0-59:T>C-59:T>C,10262280.0,37090975.0,0.03381744054267461
100018327|F|0-50:C>T-50:C>T,100038773|F|0-28:C>G-28:C>G,10262280.0,37285877.0,0.025607001756481777
100018327|F|0-50:C>T-50:C>T,100051037|F|0-43:C>T-43:C>T,10262280.0,37902767.0,0.004745440378917578
100018327|F|0-50:C>T-50:C>T,100020809|F|0-53:C>G-53:C>G,10262280.0,39838084.0,0.006205044673096171
100018327|F|0-50:C>T-50:C>T,100029380|F|0-39:A>C-39:A>C,10262280.0,40729560.0,0.059876708123962584
100018327|F|0-50:C>T-50:C>T,100013950|F|0-50:T>C-50:T>C,10262280.0,40800799.0,0.21840102101280726
100018327|F|0-50:C>T-50:C>T,100015799|F|0-68:C>T-68:C>T,10262280.0,40825452.0,0.02648747978389431
100018327|F|0-50:C>T-50:C>T,100043188|F|0-42:C>T-42:C>T,10262280.0,40979122.0,0.07373171336792834
100018327|F|0-50:C>T-50:C>T,100015076|F|0-33:T>C-33:T>C,10262280.0,40986668.0,0.08656519016602567
100018327|F|0-50:C>T-50:C>T,100018802|F|0-14:G>A-14:G>A,10262280.0,40988293.0,0.07373171336792837
100018327|F|0-50:C>T-50:C>T,100018271|F|0-48:A>G-48:A>G,10262280.0,41002080.0,0.06831856624924991
100018327|F|0-50:C>T-50:C>T,100017658|F|0-34:T>G-34:T>G,10262280.0,41027371.0,0.07297550369521665
100018327|F|0-50:C>T-50:C>T,100017206|F|0-15:G>C-15:G>C,10262280.0,41065538.0,0.035751212966347416
100018327|F|0-50:C>T-50:C>T,100040329|F|0-26:A>G-26:A>G,10262280.0,41159215.0,0.04155838156438707
100018327|F|0-50:C>T-50:C>T,100035489|F|0-33:C>A-33:C>A,10262280.0,41159220.0,0.018941715268026724
100018327|F|0-50:C>T-50:C>T,100021166|F|0-38:T>C-38:T>C,10262280.0,41233248.0,0.022217693961125627
100018327|F|0-50:C>T-50:C>T,100020488|F|0-58:T>G-58:T>G,10262280.0,41740174.0,0.0007845249072129834
100018327|F|0-50:C>T-50:C>T,100046856|F|0-65:C>A-65:C>A,10262280.0,41864679.0,0.011264653656899066
100018327|F|0-50:C>T-50:C>T,100021425|F|0-50:G>C-50:G>C,10262280.0,42699263.0,0.03906341613324551
100018327|F|0-50:C>T-50:C>T,100032947|F|0-10:A>C-10:A>C,10262280.0,42744717.0,0.023760130635200414
100018327|F|0-50:C>T-50:C>T,100014347|F|0-68:T>C-68:T>C,10262280.0,42858969.0,0.02671197053998715
100018327|F|0-50:C>T-50:C>T,100016630|F|0-66:A>T-66:A>T,10262280.0,43750313.0,0.03993351769737609
100018327|F|0-50:C>T-50:C>T,100015319|F|0-34:T>A-34:T>A,10262280.0,44449888.0,0.018566119288135095
100018327|F|0-50:C>T-50:C>T,100018345|F|0-65:A>C-65:A>C,10262280.0,44788831.0,0.3194702374239693
100018327|F|0-50:C>T-50:C>T,100017310|F|0-9:T>G-9:T>G,10262280.0,44906172.0,0.027648302676155583
100018327|F|0-50:C>T-50:C>T,100048863|F|0-39:A>G-39:A>G,10262280.0,44946182.0,0.31830967123261994
100018327|F|0-50:C>T-50:C>T,100033264|F|0-61:C>T-61:C>T,10262280.0,44989593.0,1.8550853156027677e-05
100018327|F|0-50:C>T-50:C>T,100020314|F|0-31:G>A-31:G>A,10262280.0,45007549.0,3.4279845576146164e-07
100018327|F|0-50:C>T-50:C>T,100041823|F|0-64:C>T-64:C>T,10262280.0,45303483.0,0.010075692081874334
100018327|F|0-50:C>T-50:C>T,100015397|F|0-30:G>C-30:G>C,10262280.0,45844613.0,0.0019018282286633048
100018327|F|0-50:C>T-50:C>T,100029049|F|0-10:A>G-10:A>G,10262280.0,46654939.0,0.004815919869357094
100018327|F|0-50:C>T-50:C>T,100030430|F|0-19:A>C-19:A>C,10262280.0,46846957.0,0.07692721573705855
100018327|F|0-50:C>T-50:C>T,100021654|F|0-23:G>T-23:G>T,10262280.0,46876617.0,0.03136868575576506
100018327|F|0-50:C>T-50:C>T,100034493|F|0-32:C>T-32:C>T,10262280.0,46898850.0,0.026585239120131266
100018327|F|0-50:C>T-50:C>T,100019198|F|0-35:G>T-35:G>T,10262280.0,46921983.0,0.00901902704788387
100018327|F|0-50:C>T-50:C>T,100020755|F|0-11:C>A-11:C>A,10262280.0,46921988.0,0.014110776256381543
100018327|F|0-50:C>T-50:C>T,100030713|F|0-35:T>A-35:T>A,10262280.0,46975334.0,0.006386014627964734
100018327|F|0-50:C>T-50:C>T,100035377|F|0-67:C>G-67:C>G,10262280.0,47016484.0,0.011995963616829173
100018327|F|0-50:C>T-50:C>T,100014882|F|0-19:A>G-19:A>G,10262280.0,47035718.0,0.016695922907998144
100018327|F|0-50:C>T-50:C>T,100016158|F|0-51:C>A-51:C>A,10262280.0,47150489.0,0.00412863271296325
100018124|F|0-61:T>A-61:T>A,100014259|F|0-39:T>A-39:T>A,10817821.0,10830557.0,0.5848705703609592
100018124|F|0-61:T>A-61:T>A,100017304|F|0-37:T>A-37:T>A,10817821.0,11098034.0,0.3608602571366823
100018124|F|0-61:T>A-61:T>A,100022081|F|0-44:A>C-44:A>C,10817821.0,11365474.0,0.0838395626976291
100018124|F|0-61:T>A-61:T>A,100015798|F|0-46:G>A-46:G>A,10817821.0,11367259.0,0.016186074198574884
100018124|F|0-61:T>A-61:T>A,100013022|F|0-48:G>C-48:G>C,10817821.0,11376234.0,0.1306976210292199
100018124|F|0-61:T>A-61:T>A,100017261|F|0-49:C>T-49:C>T,10817821.0,12523186.0,0.08831321754489246
100018124|F|0-61:T>A-61:T>A,100021866|F|0-51:G>C-51:G>C,10817821.0,14537286.0,0.01096822572160851
100018124|F|0-61:T>A-61:T>A,100016572|F|0-65:A>T-65:A>T,10817821.0,15198479.0,0.023911259911535053
100018124|F|0-61:T>A-61:T>A,100036118|F|0-16:G>C-16:G>C,10817821.0,15790762.0,0.047058776529630385
100018124|F|0-61:T>A-61:T>A,100021422|F|0-18:C>G-18:C>G,10817821.0,15863195.0,0.00384446112107844
100018124|F|0-61:T>A-61:T>A,100041283|F|0-68:T>A-68:T>A,10817821.0,16181585.0,0.004978170938630882
100018124|F|0-61:T>A-61:T>A,100053824|F|0-47:A>G-47:A>G,10817821.0,16226345.0,0.04228666302358152
100018124|F|0-61:T>A-61:T>A,100021123|F|0-50:T>C-50:T>C,10817821.0,17173866.0,0.04229520117605488
100018124|F|0-61:T>A-61:T>A,100021768|F|0-13:C>T-13:C>T,10817821.0,17179674.0,0.04603481351047728
100018124|F|0-61:T>A-61:T>A,100040976|F|0-5:T>C-5:T>C,10817821.0,17196207.0,0.04846634070327621
100018124|F|0-61:T>A-61:T>A,100040977|F|0-30:G>T-30:G>T,10817821.0,17196207.0,0.04846634070327624
100018124|F|0-61:T>A-61:T>A,100016880|F|0-51:C>A-51:C>A,10817821.0,17507025.0,0.000819263928663556
100018124|F|0-61:T>A-61:T>A,100021275|F|0-33:T>A-33:T>A,10817821.0,17703648.0,0.0053071572058913585
100018124|F|0-61:T>A-61:T>A,100017523|F|0-41:C>T-41:C>T,10817821.0,17927516.0,0.008419590383475346
100018124|F|0-61:T>A-61:T>A,100032842|F|0-24:A>C-24:A>C,10817821.0,18176550.0,0.0506574885666984
100018124|F|0-61:T>A-61:T>A,100032841|F|0-19:T>A-19:T>A,10817821.0,18176550.0,0.006481092198259226
100018124|F|0-61:T>A-61:T>A,100033379|F|0-46:C>G-46:C>G,10817821.0,18202707.0,0.031818663509224424
100018124|F|0-61:T>A-61:T>A,100022600|F|0-31:A>T-31:A>T,10817821.0,18245914.0,0.01681309723548815
100018124|F|0-61:T>A-61:T>A,100019074|F|0-23:A>T-23:A>T,10817821.0,18451325.0,0.014592123769338938
100018124|F|0-61:T>A-61:T>A,100035266|F|0-39:C>T-39:C>T,10817821.0,18675661.0,0.0008192639286635532
100018124|F|0-61:T>A-61:T>A,100016256|F|0-31:A>C-31:A>C,10817821.0,19574145.0,0.01677951133352959
100018124|F|0-61:T>A-61:T>A,100036101|F|0-41:G>C-41:G>C,10817821.0,19902376.0,0.008263458664048639
100018124|F|0-61:T>A-61:T>A,100044506|F|0-28:G>A-28:G>A,10817821.0,19987479.0,0.004226012427117805
100018124|F|0-61:T>A-61:T>A,100013122|F|0-67:G>A-67:G>A,10817821.0,26458664.0,0.01010975272578648
100018124|F|0-61:T>A-61:T>A,100017906|F|0-31:G>A-31:G>A,10817821.0,26571479.0,0.10642086969099095
100018124|F|0-61:T>A-61:T>A,100021519|F|0-20:C>T-20:C>T,10817821.0,26856823.0,0.04376549625508795
100018124|F|0-61:T>A-61:T>A,100038609|F|0-8:A>T-8:A>T,10817821.0,27247323.0,0.020547492184657956
100018124|F|0-61:T>A-61:T>A,100028909|F|0-9:C>T-9:C>T,10817821.0,27271569.0,0.0008068066441639003
100018124|F|0-61:T>A-61:T>A,100021397|F|0-9:C>T-9:C>T,10817821.0,27420869.0,0.00783812102756517
100018124|F|0-61:T>A-61:T>A,100017892|F|0-32:A>G-32:A>G,10817821.0,27451898.0,0.0011444613461348053
100018124|F|0-61:T>A-61:T>A,100033136|F|0-68:A>G-68:A>G,10817821.0,27783976.0,0.0075258054415056385
100018124|F|0-61:T>A-61:T>A,100020699|F|0-40:A>G-40:A>G,10817821.0,30507860.0,0.12085448133879595
100018124|F|0-61:T>A-61:T>A,100014559|F|0-31:C>A-31:C>A,10817821.0,30836975.0,0.00041754571026722564
100018124|F|0-61:T>A-61:T>A,100017321|F|0-51:A>T-51:A>T,10817821.0,31197415.0,0.05904020261571865
100018124|F|0-61:T>A-61:T>A,100040910|F|0-51:A>G-51:A>G,10817821.0,31200593.0,0.0032642304457034203
100018124|F|0-61:T>A-61:T>A,100016298|F|0-19:G>A-19:G>A,10817821.0,31539538.0,0.018474170372904563
100018124|F|0-61:T>A-61:T>A,100016431|F|0-28:C>T-28:C>T,10817821.0,32001840.0,0.007457560592679826
100018124|F|0-61:T>A-61:T>A,100020933|F|0-51:T>C-51:T>C,10817821.0,32243895.0,0.021399221572696123
100018124|F|0-61:T>A-61:T>A,100014677|F|0-27:A>C-27:A>C,10817821.0,32410962.0,0.09183502525430244
100018124|F|0-61:T>A-61:T>A,100017923|F|0-57:A>G-57:A>G,10817821.0,32459789.0,0.10633947588004464
100018124|F|0-61:T>A-61:T>A,100048091|F|0-43:A>T-43:A>T,10817821.0,32463417.0,0.09314686715118932
100018124|F|0-61:T>A-61:T>A,100020456|F|0-16:A>C-16:A>C,10817821.0,32467328.0,0.11048908500974747
100018124|F|0-61:T>A-61:T>A,100034584|F|0-9:T>C-9:T>C,10817821.0,32472994.0,0.10624402458321391
100018124|F|0-61:T>A-61:T>A,100033527|F|0-13:C>T-13:C>T,10817821.0,32475333.0,0.10624402458321391
100018124|F|0-61:T>A-61:T>A,100018446|F|0-67:T>A-67:T>A,10817821.0,33239334.0,0.020573923051898788
100018124|F|0-61:T>A-61:T>A,100013877|F|0-19:G>T-19:G>T,10817821.0,34079859.0,0.0005726132675184513
100018124|F|0-61:T>A-61:T>A,100035010|F|0-32:A>C-32:A>C,10817821.0,34165746.0,0.0017233091297759245
100018124|F|0-61:T>A-61:T>A,100028703|F|0-9:T>G-9:T>G,10817821.0,34482430.0,0.03669957027321438
100018124|F|0-61:T>A-61:T>A,100014587|F|0-36:A>C-36:A>C,10817821.0,34723473.0,0.04648180190025175
100018124|F|0-61:T>A-61:T>A,100040405|F|0-35:T>A-35:T>A,10817821.0,34724344.0,0.07315697663798919
100018124|F|0-61:T>A-61:T>A,100016549|F|0-30:A>G-30:A>G,10817821.0,34725485.0,0.07508985779027967
100018124|F|0-61:T>A-61:T>A,100013542|F|0-30:C>G-30:C>G,10817821.0,34725490.0,0.0006045686648289625
100018124|F|0-61:T>A-61:T>A,100021285|F|0-67:T>C-67:T>C,10817821.0,34855449.0,0.02015939990623533
100018124|F|0-61:T>A-61:T>A,100033734|F|0-65:A>G-65:A>G,10817821.0,35379386.0,0.0014353331098485506
100018124|F|0-61:T>A-61:T>A,100021520|F|0-23:T>C-23:T>C,10817821.0,36065991.0,0.038309242861450675
100018124|F|0-61:T>A-61:T>A,100019045|F|0-23:G>C-23:G>C,10817821.0,36149336.0,0.0008842770299149784
100018124|F|0-61:T>A-61:T>A,100057957|F|0-57:C>A-57:C>A,10817821.0,36576268.0,0.0034516926400689854
100018124|F|0-61:T>A-61:T>A,100014666|F|0-59:T>C-59:T>C,10817821.0,37090975.0,0.025729960571826003
100018124|F|0-61:T>A-61:T>A,100038773|F|0-28:C>G-28:C>G,10817821.0,37285877.0,0.00520496473559394
100018124|F|0-61:T>A-61:T>A,100051037|F|0-43:C>T-43:C>T,10817821.0,37902767.0,0.01577377372025361
100018124|F|0-61:T>A-61:T>A,100020809|F|0-53:C>G-53:C>G,10817821.0,39838084.0,0.00020715446090777104
100018124|F|0-61:T>A-61:T>A,100029380|F|0-39:A>C-39:A>C,10817821.0,40729560.0,0.046273879883895766
100018124|F|0-61:T>A-61:T>A,100013950|F|0-50:T>C-50:T>C,10817821.0,40800799.0,0.024498216050483176
100018124|F|0-61:T>A-61:T>A,100015799|F|0-68:C>T-68:C>T,10817821.0,40825452.0,0.0346624557198975
100018124|F|0-61:T>A-61:T>A,100043188|F|0-42:C>T-42:C>T,10817821.0,40979122.0,0.013632426492728477
100018124|F|0-61:T>A-61:T>A,100015076|F|0-33:T>C-33:T>C,10817821.0,40986668.0,0.009191892017234575
100018124|F|0-61:T>A-61:T>A,100018802|F|0-14:G>A-14:G>A,10817821.0,40988293.0,0.0052531341421077635
100018124|F|0-61:T>A-61:T>A,100018271|F|0-48:A>G-48:A>G,10817821.0,41002080.0,0.00879995766281928
100018124|F|0-61:T>A-61:T>A,100017658|F|0-34:T>G-34:T>G,10817821.0,41027371.0,0.01810070578798033
100018124|F|0-61:T>A-61:T>A,100017206|F|0-15:G>C-15:G>C,10817821.0,41065538.0,0.01949838356587382
100018124|F|0-61:T>A-61:T>A,100040329|F|0-26:A>G-26:A>G,10817821.0,41159215.0,0.0021136808295884354
100018124|F|0-61:T>A-61:T>A,100035489|F|0-33:C>A-33:C>A,10817821.0,41159220.0,0.031715860940347104
100018124|F|0-61:T>A-61:T>A,100021166|F|0-38:T>C-38:T>C,10817821.0,41233248.0,0.0007346193755096536
100018124|F|0-61:T>A-61:T>A,100020488|F|0-58:T>G-58:T>G,10817821.0,41740174.0,0.0011933385191994909
100018124|F|0-61:T>A-61:T>A,100046856|F|0-65:C>A-65:C>A,10817821.0,41864679.0,0.009787245319979338
100018124|F|0-61:T>A-61:T>A,100021425|F|0-50:G>C-50:G>C,10817821.0,42699263.0,0.003149180106038789
100018124|F|0-61:T>A-61:T>A,100032947|F|0-10:A>C-10:A>C,10817821.0,42744717.0,0.00427334718819956
100018124|F|0-61:T>A-61:T>A,100014347|F|0-68:T>C-68:T>C,10817821.0,42858969.0,0.007434197307615032
100018124|F|0-61:T>A-61:T>A,100016630|F|0-66:A>T-66:A>T,10817821.0,43750313.0,0.015383288556012125
100018124|F|0-61:T>A-61:T>A,100015319|F|0-34:T>A-34:T>A,10817821.0,44449888.0,0.004687441940627863
100018124|F|0-61:T>A-61:T>A,100018345|F|0-65:A>C-65:A>C,10817821.0,44788831.0,0.046355579912582
100018124|F|0-61:T>A-61:T>A,100017310|F|0-9:T>G-9:T>G,10817821.0,44906172.0,0.004672861282116323
100018124|F|0-61:T>A-61:T>A,100048863|F|0-39:A>G-39:A>G,10817821.0,44946182.0,0.04864659363118228
100018124|F|0-61:T>A-61:T>A,100033264|F|0-61:C>T-61:C>T,10817821.0,44989593.0,0.0004349156272972803
100018124|F|0-61:T>A-61:T>A,100020314|F|0-31:G>A-31:G>A,10817821.0,45007549.0,0.006157273863462831
100018124|F|0-61:T>A-61:T>A,100041823|F|0-64:C>T-64:C>T,10817821.0,45303483.0,0.008835110867238925
100018124|F|0-61:T>A-61:T>A,100015397|F|0-30:G>C-30:G>C,10817821.0,45844613.0,0.0033511904228666297
100018124|F|0-61:T>A-61:T>A,100029049|F|0-10:A>G-10:A>G,10817821.0,46654939.0,0.05495487576183773
100018124|F|0-61:T>A-61:T>A,100030430|F|0-19:A>C-19:A>C,10817821.0,46846957.0,0.06309535578959406
100018124|F|0-61:T>A-61:T>A,100021654|F|0-23:G>T-23:G>T,10817821.0,46876617.0,0.03621604865246178
100018124|F|0-61:T>A-61:T>A,100034493|F|0-32:C>T-32:C>T,10817821.0,46898850.0,0.038300204820846416
100018124|F|0-61:T>A-61:T>A,100019198|F|0-35:G>T-35:G>T,10817821.0,46921983.0,0.00015432092626237997
100018124|F|0-61:T>A-61:T>A,100020755|F|0-11:C>A-11:C>A,10817821.0,46921988.0,0.004197900769069625
100018124|F|0-61:T>A-61:T>A,100030713|F|0-35:T>A-35:T>A,10817821.0,46975334.0,0.009313224525864533
100018124|F|0-61:T>A-61:T>A,100035377|F|0-67:C>G-67:C>G,10817821.0,47016484.0,0.007487119132609286
100018124|F|0-61:T>A-61:T>A,100014882|F|0-19:A>G-19:A>G,10817821.0,47035718.0,0.0097671511173621
100018124|F|0-61:T>A-61:T>A,100016158|F|0-51:C>A-51:C>A,10817821.0,47150489.0,0.008701168787274144
100014259|F|0-39:T>A-39:T>A,100017304|F|0-37:T>A-37:T>A,10830557.0,11098034.0,0.3273288774846767
100014259|F|0-39:T>A-39:T>A,100022081|F|0-44:A>C-44:A>C,10830557.0,11365474.0,0.08445604506665944
100014259|F|0-39:T>A-39:T>A,100015798|F|0-46:G>A-46:G>A,10830557.0,11367259.0,0.004791692375325848
100014259|F|0-39:T>A-39:T>A,100013022|F|0-48:G>C-48:G>C,10830557.0,11376234.0,0.14442323461540896
100014259|F|0-39:T>A-39:T>A,100017261|F|0-49:C>T-49:C>T,10830557.0,12523186.0,0.1295738955649694
100014259|F|0-39:T>A-39:T>A,100021866|F|0-51:G>C-51:G>C,10830557.0,14537286.0,0.024073898316783877
100014259|F|0-39:T>A-39:T>A,100016572|F|0-65:A>T-65:A>T,10830557.0,15198479.0,0.0014597139162760653
100014259|F|0-39:T>A-39:T>A,100036118|F|0-16:G>C-16:G>C,10830557.0,15790762.0,0.011932523091329139
100014259|F|0-39:T>A-39:T>A,100021422|F|0-18:C>G-18:C>G,10830557.0,15863195.0,4.378647961082855e-06
100014259|F|0-39:T>A-39:T>A,100041283|F|0-68:T>A-68:T>A,10830557.0,16181585.0,0.0600535874928893
100014259|F|0-39:T>A-39:T>A,100053824|F|0-47:A>G-47:A>G,10830557.0,16226345.0,0.007058148972499137
100014259|F|0-39:T>A-39:T>A,100021123|F|0-50:T>C-50:T>C,10830557.0,17173866.0,0.16140431219505214
100014259|F|0-39:T>A-39:T>A,100021768|F|0-13:C>T-13:C>T,10830557.0,17179674.0,0.19648602532954806
100014259|F|0-39:T>A-39:T>A,100040976|F|0-5:T>C-5:T>C,10830557.0,17196207.0,0.16753879932995738
100014259|F|0-39:T>A-39:T>A,100040977|F|0-30:G>T-30:G>T,10830557.0,17196207.0,0.18775172509477325
100014259|F|0-39:T>A-39:T>A,100016880|F|0-51:C>A-51:C>A,10830557.0,17507025.0,9.331004314657437e-07
100014259|F|0-39:T>A-39:T>A,100021275|F|0-33:T>A-33:T>A,10830557.0,17703648.0,0.039562143999876384
100014259|F|0-39:T>A-39:T>A,100017523|F|0-41:C>T-41:C>T,10830557.0,17927516.0,0.03425827146649004
100014259|F|0-39:T>A-39:T>A,100032842|F|0-24:A>C-24:A>C,10830557.0,18176550.0,0.10228938077931816
100014259|F|0-39:T>A-39:T>A,100032841|F|0-19:T>A-19:T>A,10830557.0,18176550.0,0.053929259992791884
100014259|F|0-39:T>A-39:T>A,100033379|F|0-46:C>G-46:C>G,10830557.0,18202707.0,0.12186041367269626
100014259|F|0-39:T>A-39:T>A,100022600|F|0-31:A>T-31:A>T,10830557.0,18245914.0,0.01753343112044937
100014259|F|0-39:T>A-39:T>A,100019074|F|0-23:A>T-23:A>T,10830557.0,18451325.0,0.00824487541243035
100014259|F|0-39:T>A-39:T>A,100035266|F|0-39:C>T-39:C>T,10830557.0,18675661.0,0.008244875412430372
100014259|F|0-39:T>A-39:T>A,100016256|F|0-31:A>C-31:A>C,10830557.0,19574145.0,0.0018479294544825795
100014259|F|0-39:T>A-39:T>A,100036101|F|0-41:G>C-41:G>C,10830557.0,19902376.0,0.008374035551885999
100014259|F|0-39:T>A-39:T>A,100044506|F|0-28:G>A-28:G>A,10830557.0,19987479.0,0.0006912992826849551
100014259|F|0-39:T>A-39:T>A,100013122|F|0-67:G>A-67:G>A,10830557.0,26458664.0,0.026320179201220144
100014259|F|0-39:T>A-39:T>A,100017906|F|0-31:G>A-31:G>A,10830557.0,26571479.0,0.08214733544660469
100014259|F|0-39:T>A-39:T>A,100021519|F|0-20:C>T-20:C>T,10830557.0,26856823.0,0.005967947609578972
100014259|F|0-39:T>A-39:T>A,100038609|F|0-8:A>T-8:A>T,10830557.0,27247323.0,0.01157371700936309
100014259|F|0-39:T>A-39:T>A,100028909|F|0-9:C>T-9:C>T,10830557.0,27271569.0,0.00043844884636088874
100014259|F|0-39:T>A-39:T>A,100021397|F|0-9:C>T-9:C>T,10830557.0,27420869.0,0.00011260661280809485
100014259|F|0-39:T>A-39:T>A,100017892|F|0-32:A>G-32:A>G,10830557.0,27451898.0,0.011358682417531917
100014259|F|0-39:T>A-39:T>A,100033136|F|0-68:A>G-68:A>G,10830557.0,27783976.0,0.0009762882556241736
100014259|F|0-39:T>A-39:T>A,100020699|F|0-40:A>G-40:A>G,10830557.0,30507860.0,0.19701718320672384
100014259|F|0-39:T>A-39:T>A,100014559|F|0-31:C>A-31:C>A,10830557.0,30836975.0,0.005564107032218103
100014259|F|0-39:T>A-39:T>A,100017321|F|0-51:A>T-51:A>T,10830557.0,31197415.0,0.058703103371650155
100014259|F|0-39:T>A-39:T>A,100040910|F|0-51:A>G-51:A>G,10830557.0,31200593.0,0.004337780372689107
100014259|F|0-39:T>A-39:T>A,100016298|F|0-19:G>A-19:G>A,10830557.0,31539538.0,0.039190445091932126
100014259|F|0-39:T>A-39:T>A,100016431|F|0-28:C>T-28:C>T,10830557.0,32001840.0,5.133137373562759e-05
100014259|F|0-39:T>A-39:T>A,100020933|F|0-51:T>C-51:T>C,10830557.0,32243895.0,0.031173630624965212
100014259|F|0-39:T>A-39:T>A,100014677|F|0-27:A>C-27:A>C,10830557.0,32410962.0,0.10825877922328005
100014259|F|0-39:T>A-39:T>A,100017923|F|0-57:A>G-57:A>G,10830557.0,32459789.0,0.038500024226454495
100014259|F|0-39:T>A-39:T>A,100048091|F|0-43:A>T-43:A>T,10830557.0,32463417.0,0.022000965513523357
100014259|F|0-39:T>A-39:T>A,100020456|F|0-16:A>C-16:A>C,10830557.0,32467328.0,0.03617622878433611
100014259|F|0-39:T>A-39:T>A,100034584|F|0-9:T>C-9:T>C,10830557.0,32472994.0,0.030817634787812114
100014259|F|0-39:T>A-39:T>A,100033527|F|0-13:C>T-13:C>T,10830557.0,32475333.0,0.030817634787812114
100014259|F|0-39:T>A-39:T>A,100018446|F|0-67:T>A-67:T>A,10830557.0,33239334.0,0.03235981151224613
100014259|F|0-39:T>A-39:T>A,100013877|F|0-19:G>T-19:G>T,10830557.0,34079859.0,5.6972752780982355e-05
100014259|F|0-39:T>A-39:T>A,100035010|F|0-32:A>C-32:A>C,10830557.0,34165746.0,0.017342969188554762
100014259|F|0-39:T>A-39:T>A,100028703|F|0-9:T>G-9:T>G,10830557.0,34482430.0,0.021518503561236
100014259|F|0-39:T>A-39:T>A,100014587|F|0-36:A>C-36:A>C,10830557.0,34723473.0,0.0032761894573560334
100014259|F|0-39:T>A-39:T>A,100040405|F|0-35:T>A-35:T>A,10830557.0,34724344.0,0.022480095028886878
100014259|F|0-39:T>A-39:T>A,100016549|F|0-30:A>G-30:A>G,10830557.0,34725485.0,0.010692572800495686
100014259|F|0-39:T>A-39:T>A,100013542|F|0-30:C>G-30:C>G,10830557.0,34725490.0,0.003987824573980929
100014259|F|0-39:T>A-39:T>A,100021285|F|0-67:T>C-67:T>C,10830557.0,34855449.0,0.013523284181291576
100014259|F|0-39:T>A-39:T>A,100033734|F|0-65:A>G-65:A>G,10830557.0,35379386.0,0.022666219556453603
100014259|F|0-39:T>A-39:T>A,100021520|F|0-23:T>C-23:T>C,10830557.0,36065991.0,0.03299692828594871
100014259|F|0-39:T>A-39:T>A,100019045|F|0-23:G>C-23:G>C,10830557.0,36149336.0,0.01674526925223716
100014259|F|0-39:T>A-39:T>A,100057957|F|0-57:C>A-57:C>A,10830557.0,36576268.0,1.9627624704113163e-06
100014259|F|0-39:T>A-39:T>A,100014666|F|0-59:T>C-59:T>C,10830557.0,37090975.0,0.08293033303725149
100014259|F|0-39:T>A-39:T>A,100038773|F|0-28:C>G-28:C>G,10830557.0,37285877.0,0.0010989607358966804
100014259|F|0-39:T>A-39:T>A,100051037|F|0-43:C>T-43:C>T,10830557.0,37902767.0,0.0012023146857813574
100014259|F|0-39:T>A-39:T>A,100020809|F|0-53:C>G-53:C>G,10830557.0,39838084.0,5.1331373735627204e-05
100014259|F|0-39:T>A-39:T>A,100029380|F|0-39:A>C-39:A>C,10830557.0,40729560.0,0.014626119812298138
100014259|F|0-39:T>A-39:T>A,100013950|F|0-50:T>C-50:T>C,10830557.0,40800799.0,0.035325938748974585
100014259|F|0-39:T>A-39:T>A,100015799|F|0-68:C>T-68:C>T,10830557.0,40825452.0,0.05168770885617283
100014259|F|0-39:T>A-39:T>A,100043188|F|0-42:C>T-42:C>T,10830557.0,40979122.0,0.060144549458916736
100014259|F|0-39:T>A-39:T>A,100015076|F|0-33:T>C-33:T>C,10830557.0,40986668.0,0.06270560034647613
100014259|F|0-39:T>A-39:T>A,100018802|F|0-14:G>A-14:G>A,10830557.0,40988293.0,0.04046546135930634
100014259|F|0-39:T>A-39:T>A,100018271|F|0-48:A>G-48:A>G,10830557.0,41002080.0,0.04987239960489362
100014259|F|0-39:T>A-39:T>A,100017658|F|0-34:T>G-34:T>G,10830557.0,41027371.0,0.06584023522766057
100014259|F|0-39:T>A-39:T>A,100017206|F|0-15:G>C-15:G>C,10830557.0,41065538.0,0.049244949054378345
100014259|F|0-39:T>A-39:T>A,100040329|F|0-26:A>G-26:A>G,10830557.0,41159215.0,0.0133130101416615
100014259|F|0-39:T>A-39:T>A,100035489|F|0-33:C>A-33:C>A,10830557.0,41159220.0,0.03262573744968826
100014259|F|0-39:T>A-39:T>A,100021166|F|0-38:T>C-38:T>C,10830557.0,41233248.0,0.013490426628376143
100014259|F|0-39:T>A-39:T>A,100020488|F|0-58:T>G-58:T>G,10830557.0,41740174.0,0.003433210109862733
100014259|F|0-39:T>A-39:T>A,100046856|F|0-65:C>A-65:C>A,10830557.0,41864679.0,0.008003220230625364
100014259|F|0-39:T>A-39:T>A,100021425|F|0-50:G>C-50:G>C,10830557.0,42699263.0,0.017452407144482887
100014259|F|0-39:T>A-39:T>A,100032947|F|0-10:A>C-10:A>C,10830557.0,42744717.0,0.017290000112902732
100014259|F|0-39:T>A-39:T>A,100014347|F|0-68:T>C-68:T>C,10830557.0,42858969.0,0.04027276413428825
100014259|F|0-39:T>A-39:T>A,100016630|F|0-66:A>T-66:A>T,10830557.0,43750313.0,0.02392251647258247
100014259|F|0-39:T>A-39:T>A,100015319|F|0-34:T>A-34:T>A,10830557.0,44449888.0,0.001694372700088388
100014259|F|0-39:T>A-39:T>A,100018345|F|0-65:A>C-65:A>C,10830557.0,44788831.0,0.07733725754976575
100014259|F|0-39:T>A-39:T>A,100017310|F|0-9:T>G-9:T>G,10830557.0,44906172.0,0.008756627460539963
100014259|F|0-39:T>A-39:T>A,100048863|F|0-39:A>G-39:A>G,10830557.0,44946182.0,0.07788791524109509
100014259|F|0-39:T>A-39:T>A,100033264|F|0-61:C>T-61:C>T,10830557.0,44989593.0,0.01561648283922548
100014259|F|0-39:T>A-39:T>A,100020314|F|0-31:G>A-31:G>A,10830557.0,45007549.0,0.0021390280363183965
100014259|F|0-39:T>A-39:T>A,100041823|F|0-64:C>T-64:C>T,10830557.0,45303483.0,4.688515845099841e-05
100014259|F|0-39:T>A-39:T>A,100015397|F|0-30:G>C-30:G>C,10830557.0,45844613.0,0.0010967800653517389
100014259|F|0-39:T>A-39:T>A,100029049|F|0-10:A>G-10:A>G,10830557.0,46654939.0,0.046332673469540724
100014259|F|0-39:T>A-39:T>A,100030430|F|0-19:A>C-19:A>C,10830557.0,46846957.0,0.05526666021614594
100014259|F|0-39:T>A-39:T>A,100021654|F|0-23:G>T-23:G>T,10830557.0,46876617.0,0.034658587534308526
100014259|F|0-39:T>A-39:T>A,100034493|F|0-32:C>T-32:C>T,10830557.0,46898850.0,0.028340326835254486
100014259|F|0-39:T>A-39:T>A,100019198|F|0-35:G>T-35:G>T,10830557.0,46921983.0,0.0018993205177379264
100014259|F|0-39:T>A-39:T>A,100020755|F|0-11:C>A-11:C>A,10830557.0,46921988.0,0.004849624462812084
100014259|F|0-39:T>A-39:T>A,100030713|F|0-35:T>A-35:T>A,10830557.0,46975334.0,0.003514381803107696
100014259|F|0-39:T>A-39:T>A,100035377|F|0-67:C>G-67:C>G,10830557.0,47016484.0,0.011843827082706197
100014259|F|0-39:T>A-39:T>A,100014882|F|0-19:A>G-19:A>G,10830557.0,47035718.0,0.02517189678206319
100014259|F|0-39:T>A-39:T>A,100016158|F|0-51:C>A-51:C>A,10830557.0,47150489.0,0.013908269484308894
100017304|F|0-37:T>A-37:T>A,100022081|F|0-44:A>C-44:A>C,11098034.0,11365474.0,0.08454918555901386
100017304|F|0-37:T>A-37:T>A,100015798|F|0-46:G>A-46:G>A,11098034.0,11367259.0,0.0006979456081126378
100017304|F|0-37:T>A-37:T>A,100013022|F|0-48:G>C-48:G>C,11098034.0,11376234.0,0.11761269213119485
100017304|F|0-37:T>A-37:T>A,100017261|F|0-49:C>T-49:C>T,11098034.0,12523186.0,0.06280518560650777
100017304|F|0-37:T>A-37:T>A,100021866|F|0-51:G>C-51:G>C,11098034.0,14537286.0,0.04632423414149306
100017304|F|0-37:T>A-37:T>A,100016572|F|0-65:A>T-65:A>T,11098034.0,15198479.0,0.0001517325093798272
100017304|F|0-37:T>A-37:T>A,100036118|F|0-16:G>C-16:G>C,11098034.0,15790762.0,0.1002358319137316
100017304|F|0-37:T>A-37:T>A,100021422|F|0-18:C>G-18:C>G,11098034.0,15863195.0,0.03031770594684264
100017304|F|0-37:T>A-37:T>A,100041283|F|0-68:T>A-68:T>A,11098034.0,16181585.0,0.061196990772292806
100017304|F|0-37:T>A-37:T>A,100053824|F|0-47:A>G-47:A>G,11098034.0,16226345.0,0.07322154586049308
100017304|F|0-37:T>A-37:T>A,100021123|F|0-50:T>C-50:T>C,11098034.0,17173866.0,0.028583693675849235
100017304|F|0-37:T>A-37:T>A,100021768|F|0-13:C>T-13:C>T,11098034.0,17179674.0,0.025194488552336625
100017304|F|0-37:T>A-37:T>A,100040976|F|0-5:T>C-5:T>C,11098034.0,17196207.0,0.04351528034781789
100017304|F|0-37:T>A-37:T>A,100040977|F|0-30:G>T-30:G>T,11098034.0,17196207.0,0.054060077897329424
100017304|F|0-37:T>A-37:T>A,100016880|F|0-51:C>A-51:C>A,11098034.0,17507025.0,0.015902094765772815
100017304|F|0-37:T>A-37:T>A,100021275|F|0-33:T>A-33:T>A,11098034.0,17703648.0,0.01585994606299173
100017304|F|0-37:T>A-37:T>A,100017523|F|0-41:C>T-41:C>T,11098034.0,17927516.0,0.017971468564845206
100017304|F|0-37:T>A-37:T>A,100032842|F|0-24:A>C-24:A>C,11098034.0,18176550.0,0.043081299557756796
100017304|F|0-37:T>A-37:T>A,100032841|F|0-19:T>A-19:T>A,11098034.0,18176550.0,0.014710259324832465
100017304|F|0-37:T>A-37:T>A,100033379|F|0-46:C>G-46:C>G,11098034.0,18202707.0,0.03762517120737872
100017304|F|0-37:T>A-37:T>A,100022600|F|0-31:A>T-31:A>T,11098034.0,18245914.0,0.06729691013642478
100017304|F|0-37:T>A-37:T>A,100019074|F|0-23:A>T-23:A>T,11098034.0,18451325.0,0.0012009273828122815
100017304|F|0-37:T>A-37:T>A,100035266|F|0-39:C>T-39:C>T,11098034.0,18675661.0,0.00012254833825380064
100017304|F|0-37:T>A-37:T>A,100016256|F|0-31:A>C-31:A>C,11098034.0,19574145.0,0.018402356703619876
100017304|F|0-37:T>A-37:T>A,100036101|F|0-41:G>C-41:G>C,11098034.0,19902376.0,0.02363783790879505
100017304|F|0-37:T>A-37:T>A,100044506|F|0-28:G>A-28:G>A,11098034.0,19987479.0,0.010155534034850542
100017304|F|0-37:T>A-37:T>A,100013122|F|0-67:G>A-67:G>A,11098034.0,26458664.0,0.003833729722054594
100017304|F|0-37:T>A-37:T>A,100017906|F|0-31:G>A-31:G>A,11098034.0,26571479.0,0.051283013029102924
100017304|F|0-37:T>A-37:T>A,100021519|F|0-20:C>T-20:C>T,11098034.0,26856823.0,0.009249115557191885
100017304|F|0-37:T>A-37:T>A,100038609|F|0-8:A>T-8:A>T,11098034.0,27247323.0,0.10134213312857683
100017304|F|0-37:T>A-37:T>A,100028909|F|0-9:C>T-9:C>T,11098034.0,27271569.0,0.028371502967885487
100017304|F|0-37:T>A-37:T>A,100021397|F|0-9:C>T-9:C>T,11098034.0,27420869.0,0.10009745402977335
100017304|F|0-37:T>A-37:T>A,100017892|F|0-32:A>G-32:A>G,11098034.0,27451898.0,0.04699490187316049
100017304|F|0-37:T>A-37:T>A,100033136|F|0-68:A>G-68:A>G,11098034.0,27783976.0,0.03634453223179413
100017304|F|0-37:T>A-37:T>A,100020699|F|0-40:A>G-40:A>G,11098034.0,30507860.0,0.10986938464316512
100017304|F|0-37:T>A-37:T>A,100014559|F|0-31:C>A-31:C>A,11098034.0,30836975.0,0.008950546069835407
100017304|F|0-37:T>A-37:T>A,100017321|F|0-51:A>T-51:A>T,11098034.0,31197415.0,0.04081501590999593
100017304|F|0-37:T>A-37:T>A,100040910|F|0-51:A>G-51:A>G,11098034.0,31200593.0,0.0012816458791449848
100017304|F|0-37:T>A-37:T>A,100016298|F|0-19:G>A-19:G>A,11098034.0,31539538.0,0.0010538919168360846
100017304|F|0-37:T>A-37:T>A,100016431|F|0-28:C>T-28:C>T,11098034.0,32001840.0,0.013049870681791356
100017304|F|0-37:T>A-37:T>A,100020933|F|0-51:T>C-51:T>C,11098034.0,32243895.0,0.01234011683921466
100017304|F|0-37:T>A-37:T>A,100014677|F|0-27:A>C-27:A>C,11098034.0,32410962.0,0.07574959089835424
100017304|F|0-37:T>A-37:T>A,100017923|F|0-57:A>G-57:A>G,11098034.0,32459789.0,0.03764229540009332
100017304|F|0-37:T>A-37:T>A,100048091|F|0-43:A>T-43:A>T,11098034.0,32463417.0,0.023763977490608643
100017304|F|0-37:T>A-37:T>A,100020456|F|0-16:A>C-16:A>C,11098034.0,32467328.0,0.04582335401236553
100017304|F|0-37:T>A-37:T>A,100034584|F|0-9:T>C-9:T>C,11098034.0,32472994.0,0.030698991614627386
100017304|F|0-37:T>A-37:T>A,100033527|F|0-13:C>T-13:C>T,11098034.0,32475333.0,0.030698991614627386
100017304|F|0-37:T>A-37:T>A,100018446|F|0-67:T>A-67:T>A,11098034.0,33239334.0,0.0030161217739630266
100017304|F|0-37:T>A-37:T>A,100013877|F|0-19:G>T-19:G>T,11098034.0,34079859.0,0.01184438689361673
100017304|F|0-37:T>A-37:T>A,100035010|F|0-32:A>C-32:A>C,11098034.0,34165746.0,0.002526132361733966
100017304|F|0-37:T>A-37:T>A,100028703|F|0-9:T>G-9:T>G,11098034.0,34482430.0,0.01601407299460886
100017304|F|0-37:T>A-37:T>A,100014587|F|0-36:A>C-36:A>C,11098034.0,34723473.0,4.149887289061263e-06
100017304|F|0-37:T>A-37:T>A,100040405|F|0-35:T>A-35:T>A,11098034.0,34724344.0,0.006472780411405245
100017304|F|0-37:T>A-37:T>A,100016549|F|0-30:A>G-30:A>G,11098034.0,34725485.0,0.006580718351022926
100017304|F|0-37:T>A-37:T>A,100013542|F|0-30:C>G-30:C>G,11098034.0,34725490.0,0.006785646611913859
100017304|F|0-37:T>A-37:T>A,100021285|F|0-67:T>C-67:T>C,11098034.0,34855449.0,0.011510527897318136
100017304|F|0-37:T>A-37:T>A,100033734|F|0-65:A>G-65:A>G,11098034.0,35379386.0,0.011319143513135229
100017304|F|0-37:T>A-37:T>A,100021520|F|0-23:T>C-23:T>C,11098034.0,36065991.0,0.0003276852315245123
100017304|F|0-37:T>A-37:T>A,100019045|F|0-23:G>C-23:G>C,11098034.0,36149336.0,0.010859882808095205
100017304|F|0-37:T>A-37:T>A,100057957|F|0-57:C>A-57:C>A,11098034.0,36576268.0,0.00025777855311676047
100017304|F|0-37:T>A-37:T>A,100014666|F|0-59:T>C-59:T>C,11098034.0,37090975.0,0.010619537089596849
100017304|F|0-37:T>A-37:T>A,100038773|F|0-28:C>G-28:C>G,11098034.0,37285877.0,0.01964820895044778
100017304|F|0-37:T>A-37:T>A,100051037|F|0-43:C>T-43:C>T,11098034.0,37902767.0,0.00678508236974996
100017304|F|0-37:T>A-37:T>A,100020809|F|0-53:C>G-53:C>G,11098034.0,39838084.0,5.0976057350747586e-05
100017304|F|0-37:T>A-37:T>A,100029380|F|0-39:A>C-39:A>C,11098034.0,40729560.0,0.0701673260860246
100017304|F|0-37:T>A-37:T>A,100013950|F|0-50:T>C-50:T>C,11098034.0,40800799.0,0.005470583073893295
100017304|F|0-37:T>A-37:T>A,100015799|F|0-68:C>T-68:C>T,11098034.0,40825452.0,0.015401684939334529
100017304|F|0-37:T>A-37:T>A,100043188|F|0-42:C>T-42:C>T,11098034.0,40979122.0,0.020088643238603425
100017304|F|0-37:T>A-37:T>A,100015076|F|0-33:T>C-33:T>C,11098034.0,40986668.0,0.01992817939293552
100017304|F|0-37:T>A-37:T>A,100018802|F|0-14:G>A-14:G>A,11098034.0,40988293.0,0.014344624246159272
100017304|F|0-37:T>A-37:T>A,100018271|F|0-48:A>G-48:A>G,11098034.0,41002080.0,0.00900405254598314
100017304|F|0-37:T>A-37:T>A,100017658|F|0-34:T>G-34:T>G,11098034.0,41027371.0,0.019413299950407942
100017304|F|0-37:T>A-37:T>A,100017206|F|0-15:G>C-15:G>C,11098034.0,41065538.0,0.0024907766665907757
100017304|F|0-37:T>A-37:T>A,100040329|F|0-26:A>G-26:A>G,11098034.0,41159215.0,0.008805683799974935
100017304|F|0-37:T>A-37:T>A,100035489|F|0-33:C>A-33:C>A,11098034.0,41159220.0,0.005365770916668872
100017304|F|0-37:T>A-37:T>A,100021166|F|0-38:T>C-38:T>C,11098034.0,41233248.0,0.0363173255882617
100017304|F|0-37:T>A-37:T>A,100020488|F|0-58:T>G-58:T>G,11098034.0,41740174.0,0.0027085433354043517
100017304|F|0-37:T>A-37:T>A,100046856|F|0-65:C>A-65:C>A,11098034.0,41864679.0,0.0023043980494916495
100017304|F|0-37:T>A-37:T>A,100021425|F|0-50:G>C-50:G>C,11098034.0,42699263.0,0.03673921773864798
100017304|F|0-37:T>A-37:T>A,100032947|F|0-10:A>C-10:A>C,11098034.0,42744717.0,0.0494454718947431
100017304|F|0-37:T>A-37:T>A,100014347|F|0-68:T>C-68:T>C,11098034.0,42858969.0,0.014826349851730564
100017304|F|0-37:T>A-37:T>A,100016630|F|0-66:A>T-66:A>T,11098034.0,43750313.0,0.08774278841414898
100017304|F|0-37:T>A-37:T>A,100015319|F|0-34:T>A-34:T>A,11098034.0,44449888.0,0.02479492712627156
100017304|F|0-37:T>A-37:T>A,100018345|F|0-65:A>C-65:A>C,11098034.0,44788831.0,0.018624500462685677
100017304|F|0-37:T>A-37:T>A,100017310|F|0-9:T>G-9:T>G,11098034.0,44906172.0,7.186788413384079e-05
100017304|F|0-37:T>A-37:T>A,100048863|F|0-39:A>G-39:A>G,11098034.0,44946182.0,0.01855989904780273
100017304|F|0-37:T>A-37:T>A,100033264|F|0-61:C>T-61:C>T,11098034.0,44989593.0,0.004883051220450382
100017304|F|0-37:T>A-37:T>A,100020314|F|0-31:G>A-31:G>A,11098034.0,45007549.0,0.0003834536882154262
100017304|F|0-37:T>A-37:T>A,100041823|F|0-64:C>T-64:C>T,11098034.0,45303483.0,0.01345601883946105
100017304|F|0-37:T>A-37:T>A,100015397|F|0-30:G>C-30:G>C,11098034.0,45844613.0,0.0011176624468357064
100017304|F|0-37:T>A-37:T>A,100029049|F|0-10:A>G-10:A>G,11098034.0,46654939.0,0.007326842706581115
100017304|F|0-37:T>A-37:T>A,100030430|F|0-19:A>C-19:A>C,11098034.0,46846957.0,0.011222181896521116
100017304|F|0-37:T>A-37:T>A,100021654|F|0-23:G>T-23:G>T,11098034.0,46876617.0,0.014760489759303747
100017304|F|0-37:T>A-37:T>A,100034493|F|0-32:C>T-32:C>T,11098034.0,46898850.0,0.01431353252228824
100017304|F|0-37:T>A-37:T>A,100019198|F|0-35:G>T-35:G>T,11098034.0,46921983.0,0.005381931948290861
100017304|F|0-37:T>A-37:T>A,100020755|F|0-11:C>A-11:C>A,11098034.0,46921988.0,0.007074300353137154
100017304|F|0-37:T>A-37:T>A,100030713|F|0-35:T>A-35:T>A,11098034.0,46975334.0,0.013960220840401959
100017304|F|0-37:T>A-37:T>A,100035377|F|0-67:C>G-67:C>G,11098034.0,47016484.0,0.025811543986713897
100017304|F|0-37:T>A-37:T>A,100014882|F|0-19:A>G-19:A>G,11098034.0,47035718.0,0.011369945489155524
100017304|F|0-37:T>A-37:T>A,100016158|F|0-51:C>A-51:C>A,11098034.0,47150489.0,0.0008692759253495895
100022081|F|0-44:A>C-44:A>C,100015798|F|0-46:G>A-46:G>A,11365474.0,11367259.0,0.002967344496434288
100022081|F|0-44:A>C-44:A>C,100013022|F|0-48:G>C-48:G>C,11365474.0,11376234.0,0.8214833361681051
100022081|F|0-44:A>C-44:A>C,100017261|F|0-49:C>T-49:C>T,11365474.0,12523186.0,0.038927373687393414
100022081|F|0-44:A>C-44:A>C,100021866|F|0-51:G>C-51:G>C,11365474.0,14537286.0,0.034338531770666744
100022081|F|0-44:A>C-44:A>C,100016572|F|0-65:A>T-65:A>T,11365474.0,15198479.0,0.005221583024976871
100022081|F|0-44:A>C-44:A>C,100036118|F|0-16:G>C-16:G>C,11365474.0,15790762.0,0.008100076915560903
100022081|F|0-44:A>C-44:A>C,100021422|F|0-18:C>G-18:C>G,11365474.0,15863195.0,0.0004455248421867453
100022081|F|0-44:A>C-44:A>C,100041283|F|0-68:T>A-68:T>A,11365474.0,16181585.0,0.05205704256160471
100022081|F|0-44:A>C-44:A>C,100053824|F|0-47:A>G-47:A>G,11365474.0,16226345.0,0.011144823732346898
100022081|F|0-44:A>C-44:A>C,100021123|F|0-50:T>C-50:T>C,11365474.0,17173866.0,0.0025784429253131636
100022081|F|0-44:A>C-44:A>C,100021768|F|0-13:C>T-13:C>T,11365474.0,17179674.0,0.0005025967498743503
100022081|F|0-44:A>C-44:A>C,100040976|F|0-5:T>C-5:T>C,11365474.0,17196207.0,0.0010963973292020567
100022081|F|0-44:A>C-44:A>C,100040977|F|0-30:G>T-30:G>T,11365474.0,17196207.0,7.947258747174604e-05
100022081|F|0-44:A>C-44:A>C,100016880|F|0-51:C>A-51:C>A,11365474.0,17507025.0,0.001335127745022643
100022081|F|0-44:A>C-44:A>C,100021275|F|0-33:T>A-33:T>A,11365474.0,17703648.0,0.02339983191047018
100022081|F|0-44:A>C-44:A>C,100017523|F|0-41:C>T-41:C>T,11365474.0,17927516.0,0.04899475089318189
100022081|F|0-44:A>C-44:A>C,100032842|F|0-24:A>C-24:A>C,11365474.0,18176550.0,0.05321076762749549
100022081|F|0-44:A>C-44:A>C,100032841|F|0-19:T>A-19:T>A,11365474.0,18176550.0,0.01754083001218112
100022081|F|0-44:A>C-44:A>C,100033379|F|0-46:C>G-46:C>G,11365474.0,18202707.0,0.049625091579241526
100022081|F|0-44:A>C-44:A>C,100022600|F|0-31:A>T-31:A>T,11365474.0,18245914.0,0.03095316673714171
100022081|F|0-44:A>C-44:A>C,100019074|F|0-23:A>T-23:A>T,11365474.0,18451325.0,0.016668328158971592
100022081|F|0-44:A>C-44:A>C,100035266|F|0-39:C>T-39:C>T,11365474.0,18675661.0,0.0013351277450226414
100022081|F|0-44:A>C-44:A>C,100016256|F|0-31:A>C-31:A>C,11365474.0,19574145.0,0.005222936939908722
100022081|F|0-44:A>C-44:A>C,100036101|F|0-41:G>C-41:G>C,11365474.0,19902376.0,0.004540934038932074
100022081|F|0-44:A>C-44:A>C,100044506|F|0-28:G>A-28:G>A,11365474.0,19987479.0,0.035227915959111684
100022081|F|0-44:A>C-44:A>C,100013122|F|0-67:G>A-67:G>A,11365474.0,26458664.0,0.061114141965205794
100022081|F|0-44:A>C-44:A>C,100017906|F|0-31:G>A-31:G>A,11365474.0,26571479.0,0.0024074348425623063
100022081|F|0-44:A>C-44:A>C,100021519|F|0-20:C>T-20:C>T,11365474.0,26856823.0,0.006677336941703954
100022081|F|0-44:A>C-44:A>C,100038609|F|0-8:A>T-8:A>T,11365474.0,27247323.0,0.07004036569455485
100022081|F|0-44:A>C-44:A>C,100028909|F|0-9:C>T-9:C>T,11365474.0,27271569.0,0.016504842400328505
100022081|F|0-44:A>C-44:A>C,100021397|F|0-9:C>T-9:C>T,11365474.0,27420869.0,0.17500126458930418
100022081|F|0-44:A>C-44:A>C,100017892|F|0-32:A>G-32:A>G,11365474.0,27451898.0,0.05523554567910875
100022081|F|0-44:A>C-44:A>C,100033136|F|0-68:A>G-68:A>G,11365474.0,27783976.0,0.03025589204156643
100022081|F|0-44:A>C-44:A>C,100020699|F|0-40:A>G-40:A>G,11365474.0,30507860.0,0.0656233939767705
100022081|F|0-44:A>C-44:A>C,100014559|F|0-31:C>A-31:C>A,11365474.0,30836975.0,0.0046788810086682425
100022081|F|0-44:A>C-44:A>C,100017321|F|0-51:A>T-51:A>T,11365474.0,31197415.0,0.021819035590530736
100022081|F|0-44:A>C-44:A>C,100040910|F|0-51:A>G-51:A>G,11365474.0,31200593.0,0.0015889197211960808
100022081|F|0-44:A>C-44:A>C,100016298|F|0-19:G>A-19:G>A,11365474.0,31539538.0,0.045083381253594026
100022081|F|0-44:A>C-44:A>C,100016431|F|0-28:C>T-28:C>T,11365474.0,32001840.0,0.005222936939908742
100022081|F|0-44:A>C-44:A>C,100020933|F|0-51:T>C-51:T>C,11365474.0,32243895.0,0.0036448129755341876
100022081|F|0-44:A>C-44:A>C,100014677|F|0-27:A>C-27:A>C,11365474.0,32410962.0,0.0716393522583162
100022081|F|0-44:A>C-44:A>C,100017923|F|0-57:A>G-57:A>G,11365474.0,32459789.0,0.02399632081545202
100022081|F|0-44:A>C-44:A>C,100048091|F|0-43:A>T-43:A>T,11365474.0,32463417.0,0.02899370569323856
100022081|F|0-44:A>C-44:A>C,100020456|F|0-16:A>C-16:A>C,11365474.0,32467328.0,0.03963956013392813
100022081|F|0-44:A>C-44:A>C,100034584|F|0-9:T>C-9:T>C,11365474.0,32472994.0,0.03412952026535069
100022081|F|0-44:A>C-44:A>C,100033527|F|0-13:C>T-13:C>T,11365474.0,32475333.0,0.03412952026535069
100022081|F|0-44:A>C-44:A>C,100018446|F|0-67:T>A-67:T>A,11365474.0,33239334.0,0.01251708263963758
100022081|F|0-44:A>C-44:A>C,100013877|F|0-19:G>T-19:G>T,11365474.0,34079859.0,0.02773928244703495
100022081|F|0-44:A>C-44:A>C,100035010|F|0-32:A>C-32:A>C,11365474.0,34165746.0,0.035061573065122885
100022081|F|0-44:A>C-44:A>C,100028703|F|0-9:T>G-9:T>G,11365474.0,34482430.0,0.0011802266275987494
100022081|F|0-44:A>C-44:A>C,100014587|F|0-36:A>C-36:A>C,11365474.0,34723473.0,0.004630338282565437
100022081|F|0-44:A>C-44:A>C,100040405|F|0-35:T>A-35:T>A,11365474.0,34724344.0,0.0005180989223542384
100022081|F|0-44:A>C-44:A>C,100016549|F|0-30:A>G-30:A>G,11365474.0,34725485.0,0.00536347517730497
100022081|F|0-44:A>C-44:A>C,100013542|F|0-30:C>G-30:C>G,11365474.0,34725490.0,0.012306975147850173
100022081|F|0-44:A>C-44:A>C,100021285|F|0-67:T>C-67:T>C,11365474.0,34855449.0,0.035568372367914707
100022081|F|0-44:A>C-44:A>C,100033734|F|0-65:A>G-65:A>G,11365474.0,35379386.0,0.00624024068980007
100022081|F|0-44:A>C-44:A>C,100021520|F|0-23:T>C-23:T>C,11365474.0,36065991.0,0.008393544878411506
100022081|F|0-44:A>C-44:A>C,100019045|F|0-23:G>C-23:G>C,11365474.0,36149336.0,0.03394285177374559
100022081|F|0-44:A>C-44:A>C,100057957|F|0-57:C>A-57:C>A,11365474.0,36576268.0,0.0003775765700320277
100022081|F|0-44:A>C-44:A>C,100014666|F|0-59:T>C-59:T>C,11365474.0,37090975.0,0.009037845980041431
100022081|F|0-44:A>C-44:A>C,100038773|F|0-28:C>G-28:C>G,11365474.0,37285877.0,1.2133095201118207e-05
100022081|F|0-44:A>C-44:A>C,100051037|F|0-43:C>T-43:C>T,11365474.0,37902767.0,0.00037757657003202524
100022081|F|0-44:A>C-44:A>C,100020809|F|0-53:C>G-53:C>G,11365474.0,39838084.0,0.011751608114794664
100022081|F|0-44:A>C-44:A>C,100029380|F|0-39:A>C-39:A>C,11365474.0,40729560.0,0.0013580462220155213
100022081|F|0-44:A>C-44:A>C,100013950|F|0-50:T>C-50:T>C,11365474.0,40800799.0,0.054193858977347194
100022081|F|0-44:A>C-44:A>C,100015799|F|0-68:C>T-68:C>T,11365474.0,40825452.0,0.010158230278823255
100022081|F|0-44:A>C-44:A>C,100043188|F|0-42:C>T-42:C>T,11365474.0,40979122.0,0.005263826719863647
100022081|F|0-44:A>C-44:A>C,100015076|F|0-33:T>C-33:T>C,11365474.0,40986668.0,0.007792939721299538
100022081|F|0-44:A>C-44:A>C,100018802|F|0-14:G>A-14:G>A,11365474.0,40988293.0,0.026078125924319195
100022081|F|0-44:A>C-44:A>C,100018271|F|0-48:A>G-48:A>G,11365474.0,41002080.0,0.00415939833029866
100022081|F|0-44:A>C-44:A>C,100017658|F|0-34:T>G-34:T>G,11365474.0,41027371.0,0.02691110924228401
100022081|F|0-44:A>C-44:A>C,100017206|F|0-15:G>C-15:G>C,11365474.0,41065538.0,1.8965633324134352e-05
100022081|F|0-44:A>C-44:A>C,100040329|F|0-26:A>G-26:A>G,11365474.0,41159215.0,0.0037896348490777127
100022081|F|0-44:A>C-44:A>C,100035489|F|0-33:C>A-33:C>A,11365474.0,41159220.0,0.014844651942860136
100022081|F|0-44:A>C-44:A>C,100021166|F|0-38:T>C-38:T>C,11365474.0,41233248.0,0.0006176262982756842
100022081|F|0-44:A>C-44:A>C,100020488|F|0-58:T>G-58:T>G,11365474.0,41740174.0,0.008558183763223528
100022081|F|0-44:A>C-44:A>C,100046856|F|0-65:C>A-65:C>A,11365474.0,41864679.0,0.007528873228832582
100022081|F|0-44:A>C-44:A>C,100021425|F|0-50:G>C-50:G>C,11365474.0,42699263.0,0.026061589782822952
100022081|F|0-44:A>C-44:A>C,100032947|F|0-10:A>C-10:A>C,11365474.0,42744717.0,0.011776779398160747
100022081|F|0-44:A>C-44:A>C,100014347|F|0-68:T>C-68:T>C,11365474.0,42858969.0,0.002570960017768523
100022081|F|0-44:A>C-44:A>C,100016630|F|0-66:A>T-66:A>T,11365474.0,43750313.0,0.024743343205937587
100022081|F|0-44:A>C-44:A>C,100015319|F|0-34:T>A-34:T>A,11365474.0,44449888.0,7.973241800517583e-05
100022081|F|0-44:A>C-44:A>C,100018345|F|0-65:A>C-65:A>C,11365474.0,44788831.0,0.06470601451391875
100022081|F|0-44:A>C-44:A>C,100017310|F|0-9:T>G-9:T>G,11365474.0,44906172.0,0.0004602178041313034
100022081|F|0-44:A>C-44:A>C,100048863|F|0-39:A>G-39:A>G,11365474.0,44946182.0,0.06653098220738157
100022081|F|0-44:A>C-44:A>C,100033264|F|0-61:C>T-61:C>T,11365474.0,44989593.0,0.002845779813935188
100022081|F|0-44:A>C-44:A>C,100020314|F|0-31:G>A-31:G>A,11365474.0,45007549.0,0.005797688286829122
100022081|F|0-44:A>C-44:A>C,100041823|F|0-64:C>T-64:C>T,11365474.0,45303483.0,0.056234031951997804
100022081|F|0-44:A>C-44:A>C,100015397|F|0-30:G>C-30:G>C,11365474.0,45844613.0,0.0013599027269578776
100022081|F|0-44:A>C-44:A>C,100029049|F|0-10:A>G-10:A>G,11365474.0,46654939.0,0.011084539197742702
100022081|F|0-44:A>C-44:A>C,100030430|F|0-19:A>C-19:A>C,11365474.0,46846957.0,0.026825018341892864
100022081|F|0-44:A>C-44:A>C,100021654|F|0-23:G>T-23:G>T,11365474.0,46876617.0,0.04178266056870151
100022081|F|0-44:A>C-44:A>C,100034493|F|0-32:C>T-32:C>T,11365474.0,46898850.0,0.024212797997066066
100022081|F|0-44:A>C-44:A>C,100019198|F|0-35:G>T-35:G>T,11365474.0,46921983.0,0.041519771592229256
100022081|F|0-44:A>C-44:A>C,100020755|F|0-11:C>A-11:C>A,11365474.0,46921988.0,0.05816116308703447
100022081|F|0-44:A>C-44:A>C,100030713|F|0-35:T>A-35:T>A,11365474.0,46975334.0,0.000833375852509478
100022081|F|0-44:A>C-44:A>C,100035377|F|0-67:C>G-67:C>G,11365474.0,47016484.0,0.0013523260007212426
100022081|F|0-44:A>C-44:A>C,100014882|F|0-19:A>G-19:A>G,11365474.0,47035718.0,0.005357626576044127
100022081|F|0-44:A>C-44:A>C,100016158|F|0-51:C>A-51:C>A,11365474.0,47150489.0,0.02226620484908461
100015798|F|0-46:G>A-46:G>A,100013022|F|0-48:G>C-48:G>C,11367259.0,11376234.0,0.00031502176514013497
100015798|F|0-46:G>A-46:G>A,100017261|F|0-49:C>T-49:C>T,11367259.0,12523186.0,0.008793303097558686
100015798|F|0-46:G>A-46:G>A,100021866|F|0-51:G>C-51:G>C,11367259.0,14537286.0,0.0013482725601769896
100015798|F|0-46:G>A-46:G>A,100016572|F|0-65:A>T-65:A>T,11367259.0,15198479.0,0.0002963337768356488
100015798|F|0-46:G>A-46:G>A,100036118|F|0-16:G>C-16:G>C,11367259.0,15790762.0,0.012715834560299863
100015798|F|0-46:G>A-46:G>A,100021422|F|0-18:C>G-18:C>G,11367259.0,15863195.0,0.005817192792105937
100015798|F|0-46:G>A-46:G>A,100041283|F|0-68:T>A-68:T>A,11367259.0,16181585.0,0.010467810944906324
100015798|F|0-46:G>A-46:G>A,100053824|F|0-47:A>G-47:A>G,11367259.0,16226345.0,0.06850437402542488
100015798|F|0-46:G>A-46:G>A,100021123|F|0-50:T>C-50:T>C,11367259.0,17173866.0,0.00019064337352867733
100015798|F|0-46:G>A-46:G>A,100021768|F|0-13:C>T-13:C>T,11367259.0,17179674.0,0.004254201108678859
100015798|F|0-46:G>A-46:G>A,100040976|F|0-5:T>C-5:T>C,11367259.0,17196207.0,0.014928479032206647
100015798|F|0-46:G>A-46:G>A,100040977|F|0-30:G>T-30:G>T,11367259.0,17196207.0,0.014928479032206654
100015798|F|0-46:G>A-46:G>A,100016880|F|0-51:C>A-51:C>A,11367259.0,17507025.0,0.0070031161992368
100015798|F|0-46:G>A-46:G>A,100021275|F|0-33:T>A-33:T>A,11367259.0,17703648.0,0.022779522260850057
100015798|F|0-46:G>A-46:G>A,100017523|F|0-41:C>T-41:C>T,11367259.0,17927516.0,0.002747286242029406
100015798|F|0-46:G>A-46:G>A,100032842|F|0-24:A>C-24:A>C,11367259.0,18176550.0,0.0010677976588693442
100015798|F|0-46:G>A-46:G>A,100032841|F|0-19:T>A-19:T>A,11367259.0,18176550.0,0.007711175011360503
100015798|F|0-46:G>A-46:G>A,100033379|F|0-46:C>G-46:C>G,11367259.0,18202707.0,0.0012991661474421017
100015798|F|0-46:G>A-46:G>A,100022600|F|0-31:A>T-31:A>T,11367259.0,18245914.0,0.0075246438434138
100015798|F|0-46:G>A-46:G>A,100019074|F|0-23:A>T-23:A>T,11367259.0,18451325.0,0.07705510840040622
100015798|F|0-46:G>A-46:G>A,100035266|F|0-39:C>T-39:C>T,11367259.0,18675661.0,0.007003116199236811
100015798|F|0-46:G>A-46:G>A,100016256|F|0-31:A>C-31:A>C,11367259.0,19574145.0,0.0036668918266911225
100015798|F|0-46:G>A-46:G>A,100036101|F|0-41:G>C-41:G>C,11367259.0,19902376.0,0.0045764025713429714
100015798|F|0-46:G>A-46:G>A,100044506|F|0-28:G>A-28:G>A,11367259.0,19987479.0,0.16831278125182622
100015798|F|0-46:G>A-46:G>A,100013122|F|0-67:G>A-67:G>A,11367259.0,26458664.0,0.006436854984572821
100015798|F|0-46:G>A-46:G>A,100017906|F|0-31:G>A-31:G>A,11367259.0,26571479.0,0.01122382191680354
100015798|F|0-46:G>A-46:G>A,100021519|F|0-20:C>T-20:C>T,11367259.0,26856823.0,0.02013541110741312
100015798|F|0-46:G>A-46:G>A,100038609|F|0-8:A>T-8:A>T,11367259.0,27247323.0,0.03887351285274034
100015798|F|0-46:G>A-46:G>A,100028909|F|0-9:C>T-9:C>T,11367259.0,27271569.0,0.015392476527638454
100015798|F|0-46:G>A-46:G>A,100021397|F|0-9:C>T-9:C>T,11367259.0,27420869.0,0.018720150697621472
100015798|F|0-46:G>A-46:G>A,100017892|F|0-32:A>G-32:A>G,11367259.0,27451898.0,0.012243087380227837
100015798|F|0-46:G>A-46:G>A,100033136|F|0-68:A>G-68:A>G,11367259.0,27783976.0,0.017765977586533237
100015798|F|0-46:G>A-46:G>A,100020699|F|0-40:A>G-40:A>G,11367259.0,30507860.0,0.026841286307054017
100015798|F|0-46:G>A-46:G>A,100014559|F|0-31:C>A-31:C>A,11367259.0,30836975.0,0.016629927385892116
100015798|F|0-46:G>A-46:G>A,100017321|F|0-51:A>T-51:A>T,11367259.0,31197415.0,4.1338755600109475e-05
100015798|F|0-46:G>A-46:G>A,100040910|F|0-51:A>G-51:A>G,11367259.0,31200593.0,0.0059557586176918415
100015798|F|0-46:G>A-46:G>A,100016298|F|0-19:G>A-19:G>A,11367259.0,31539538.0,7.0090837725690346e-06
100015798|F|0-46:G>A-46:G>A,100016431|F|0-28:C>T-28:C>T,11367259.0,32001840.0,0.027730869439351654
100015798|F|0-46:G>A-46:G>A,100020933|F|0-51:T>C-51:T>C,11367259.0,32243895.0,0.0007799519311931925
100015798|F|0-46:G>A-46:G>A,100014677|F|0-27:A>C-27:A>C,11367259.0,32410962.0,7.377076054921892e-05
100015798|F|0-46:G>A-46:G>A,100017923|F|0-57:A>G-57:A>G,11367259.0,32459789.0,0.0009677278302874658
100015798|F|0-46:G>A-46:G>A,100048091|F|0-43:A>T-43:A>T,11367259.0,32463417.0,0.00032857217099702666
100015798|F|0-46:G>A-46:G>A,100020456|F|0-16:A>C-16:A>C,11367259.0,32467328.0,0.00014198944818910684
100015798|F|0-46:G>A-46:G>A,100034584|F|0-9:T>C-9:T>C,11367259.0,32472994.0,0.0001590857695806966
100015798|F|0-46:G>A-46:G>A,100033527|F|0-13:C>T-13:C>T,11367259.0,32475333.0,0.0001590857695806966
100015798|F|0-46:G>A-46:G>A,100018446|F|0-67:T>A-67:T>A,11367259.0,33239334.0,0.019159761764794236
100015798|F|0-46:G>A-46:G>A,100013877|F|0-19:G>T-19:G>T,11367259.0,34079859.0,0.06037488473951123
100015798|F|0-46:G>A-46:G>A,100035010|F|0-32:A>C-32:A>C,11367259.0,34165746.0,0.0003702454135575523
100015798|F|0-46:G>A-46:G>A,100028703|F|0-9:T>G-9:T>G,11367259.0,34482430.0,0.0013697385025460704
100015798|F|0-46:G>A-46:G>A,100014587|F|0-36:A>C-36:A>C,11367259.0,34723473.0,0.01679154601629894
100015798|F|0-46:G>A-46:G>A,100040405|F|0-35:T>A-35:T>A,11367259.0,34724344.0,0.03883979091447988
100015798|F|0-46:G>A-46:G>A,100016549|F|0-30:A>G-30:A>G,11367259.0,34725485.0,0.0026149723374827337
100015798|F|0-46:G>A-46:G>A,100013542|F|0-30:C>G-30:C>G,11367259.0,34725490.0,0.01681835346583169
100015798|F|0-46:G>A-46:G>A,100021285|F|0-67:T>C-67:T>C,11367259.0,34855449.0,0.005069116086075434
100015798|F|0-46:G>A-46:G>A,100033734|F|0-65:A>G-65:A>G,11367259.0,35379386.0,0.00030837502782674156
100015798|F|0-46:G>A-46:G>A,100021520|F|0-23:T>C-23:T>C,11367259.0,36065991.0,0.024655192566185476
100015798|F|0-46:G>A-46:G>A,100019045|F|0-23:G>C-23:G>C,11367259.0,36149336.0,0.0019263149536401724
100015798|F|0-46:G>A-46:G>A,100057957|F|0-57:C>A-57:C>A,11367259.0,36576268.0,0.0026076012040644058
100015798|F|0-46:G>A-46:G>A,100014666|F|0-59:T>C-59:T>C,11367259.0,37090975.0,0.029406724684512536
100015798|F|0-46:G>A-46:G>A,100038773|F|0-28:C>G-28:C>G,11367259.0,37285877.0,0.01737764825695851
100015798|F|0-46:G>A-46:G>A,100051037|F|0-43:C>T-43:C>T,11367259.0,37902767.0,0.00037024541355755203
100015798|F|0-46:G>A-46:G>A,100020809|F|0-53:C>G-53:C>G,11367259.0,39838084.0,0.018563639872623737
100015798|F|0-46:G>A-46:G>A,100029380|F|0-39:A>C-39:A>C,11367259.0,40729560.0,0.0018139355599392343
100015798|F|0-46:G>A-46:G>A,100013950|F|0-50:T>C-50:T>C,11367259.0,40800799.0,0.03927541737284002
100015798|F|0-46:G>A-46:G>A,100015799|F|0-68:C>T-68:C>T,11367259.0,40825452.0,0.010822835058495782
100015798|F|0-46:G>A-46:G>A,100043188|F|0-42:C>T-42:C>T,11367259.0,40979122.0,0.01726279519610518
100015798|F|0-46:G>A-46:G>A,100015076|F|0-33:T>C-33:T>C,11367259.0,40986668.0,0.018657852400433484
100015798|F|0-46:G>A-46:G>A,100018802|F|0-14:G>A-14:G>A,11367259.0,40988293.0,0.01726279519610522
100015798|F|0-46:G>A-46:G>A,100018271|F|0-48:A>G-48:A>G,11367259.0,41002080.0,0.007711175011360498
100015798|F|0-46:G>A-46:G>A,100017658|F|0-34:T>G-34:T>G,11367259.0,41027371.0,0.006126573328449567
100015798|F|0-46:G>A-46:G>A,100017206|F|0-15:G>C-15:G>C,11367259.0,41065538.0,0.02090687951159522
100015798|F|0-46:G>A-46:G>A,100040329|F|0-26:A>G-26:A>G,11367259.0,41159215.0,0.016113201936874783
100015798|F|0-46:G>A-46:G>A,100035489|F|0-33:C>A-33:C>A,11367259.0,41159220.0,0.04810059928386358
100015798|F|0-46:G>A-46:G>A,100021166|F|0-38:T>C-38:T>C,11367259.0,41233248.0,0.0008849383492950003
100015798|F|0-46:G>A-46:G>A,100020488|F|0-58:T>G-58:T>G,11367259.0,41740174.0,0.01958784394631306
100015798|F|0-46:G>A-46:G>A,100046856|F|0-65:C>A-65:C>A,11367259.0,41864679.0,0.00039974099426487295
100015798|F|0-46:G>A-46:G>A,100021425|F|0-50:G>C-50:G>C,11367259.0,42699263.0,0.012798954792349656
100015798|F|0-46:G>A-46:G>A,100032947|F|0-10:A>C-10:A>C,11367259.0,42744717.0,0.01594941884836198
100015798|F|0-46:G>A-46:G>A,100014347|F|0-68:T>C-68:T>C,11367259.0,42858969.0,0.005898310877563981
100015798|F|0-46:G>A-46:G>A,100016630|F|0-66:A>T-66:A>T,11367259.0,43750313.0,0.006403589374409897
100015798|F|0-46:G>A-46:G>A,100015319|F|0-34:T>A-34:T>A,11367259.0,44449888.0,0.00588120045062381
100015798|F|0-46:G>A-46:G>A,100018345|F|0-65:A>C-65:A>C,11367259.0,44788831.0,0.0005263400035929134
100015798|F|0-46:G>A-46:G>A,100017310|F|0-9:T>G-9:T>G,11367259.0,44906172.0,0.01365128222569899
100015798|F|0-46:G>A-46:G>A,100048863|F|0-39:A>G-39:A>G,11367259.0,44946182.0,0.0005734728079567831
100015798|F|0-46:G>A-46:G>A,100033264|F|0-61:C>T-61:C>T,11367259.0,44989593.0,0.0006584464774141249
100015798|F|0-46:G>A-46:G>A,100020314|F|0-31:G>A-31:G>A,11367259.0,45007549.0,0.016934147347003256
100015798|F|0-46:G>A-46:G>A,100041823|F|0-64:C>T-64:C>T,11367259.0,45303483.0,0.008844175055356068
100015798|F|0-46:G>A-46:G>A,100015397|F|0-30:G>C-30:G>C,11367259.0,45844613.0,0.004401280492639484
100015798|F|0-46:G>A-46:G>A,100029049|F|0-10:A>G-10:A>G,11367259.0,46654939.0,0.0010122473564449248
100015798|F|0-46:G>A-46:G>A,100030430|F|0-19:A>C-19:A>C,11367259.0,46846957.0,0.06154210737752744
100015798|F|0-46:G>A-46:G>A,100021654|F|0-23:G>T-23:G>T,11367259.0,46876617.0,0.020371214177686347
100015798|F|0-46:G>A-46:G>A,100034493|F|0-32:C>T-32:C>T,11367259.0,46898850.0,0.024969070467116383
100015798|F|0-46:G>A-46:G>A,100019198|F|0-35:G>T-35:G>T,11367259.0,46921983.0,0.007587979154394956
100015798|F|0-46:G>A-46:G>A,100020755|F|0-11:C>A-11:C>A,11367259.0,46921988.0,0.0005007393837732849
100015798|F|0-46:G>A-46:G>A,100030713|F|0-35:T>A-35:T>A,11367259.0,46975334.0,0.002257530075524644
100015798|F|0-46:G>A-46:G>A,100035377|F|0-67:C>G-67:C>G,11367259.0,47016484.0,0.0025214045890605283
100015798|F|0-46:G>A-46:G>A,100014882|F|0-19:A>G-19:A>G,11367259.0,47035718.0,0.027662517289073305
100015798|F|0-46:G>A-46:G>A,100016158|F|0-51:C>A-51:C>A,11367259.0,47150489.0,0.0001274063977612657
100013022|F|0-48:G>C-48:G>C,100017261|F|0-49:C>T-49:C>T,11376234.0,12523186.0,0.050665378279874156
100013022|F|0-48:G>C-48:G>C,100021866|F|0-51:G>C-51:G>C,11376234.0,14537286.0,0.03029760592696918
100013022|F|0-48:G>C-48:G>C,100016572|F|0-65:A>T-65:A>T,11376234.0,15198479.0,0.0019369748599626622
100013022|F|0-48:G>C-48:G>C,100036118|F|0-16:G>C-16:G>C,11376234.0,15790762.0,0.002905063921860116
100013022|F|0-48:G>C-48:G>C,100021422|F|0-18:C>G-18:C>G,11376234.0,15863195.0,0.006030601271664379
100013022|F|0-48:G>C-48:G>C,100041283|F|0-68:T>A-68:T>A,11376234.0,16181585.0,0.0894642297150046
100013022|F|0-48:G>C-48:G>C,100053824|F|0-47:A>G-47:A>G,11376234.0,16226345.0,0.0072469645854820255
100013022|F|0-48:G>C-48:G>C,100021123|F|0-50:T>C-50:T>C,11376234.0,17173866.0,0.0001552947059355045
100013022|F|0-48:G>C-48:G>C,100021768|F|0-13:C>T-13:C>T,11376234.0,17179674.0,0.004759322123217583
100013022|F|0-48:G>C-48:G>C,100040976|F|0-5:T>C-5:T>C,11376234.0,17196207.0,0.00010476465679741484
100013022|F|0-48:G>C-48:G>C,100040977|F|0-30:G>T-30:G>T,11376234.0,17196207.0,0.0013333961870256564
100013022|F|0-48:G>C-48:G>C,100016880|F|0-51:C>A-51:C>A,11376234.0,17507025.0,0.0007282336260826916
100013022|F|0-48:G>C-48:G>C,100021275|F|0-33:T>A-33:T>A,11376234.0,17703648.0,0.030054508582116033
100013022|F|0-48:G>C-48:G>C,100017523|F|0-41:C>T-41:C>T,11376234.0,17927516.0,0.05804513471422497
100013022|F|0-48:G>C-48:G>C,100032842|F|0-24:A>C-24:A>C,11376234.0,18176550.0,0.059030952409416554
100013022|F|0-48:G>C-48:G>C,100032841|F|0-19:T>A-19:T>A,11376234.0,18176550.0,0.023978710845388086
100013022|F|0-48:G>C-48:G>C,100033379|F|0-46:C>G-46:C>G,11376234.0,18202707.0,0.05488196019664678
100013022|F|0-48:G>C-48:G>C,100022600|F|0-31:A>T-31:A>T,11376234.0,18245914.0,0.03180597568126594
100013022|F|0-48:G>C-48:G>C,100019074|F|0-23:A>T-23:A>T,11376234.0,18451325.0,0.005968099951395093
100013022|F|0-48:G>C-48:G>C,100035266|F|0-39:C>T-39:C>T,11376234.0,18675661.0,0.0005420454825436708
100013022|F|0-48:G>C-48:G>C,100016256|F|0-31:A>C-31:A>C,11376234.0,19574145.0,0.0005544818998949443
100013022|F|0-48:G>C-48:G>C,100036101|F|0-41:G>C-41:G>C,11376234.0,19902376.0,0.0025823741977371293
100013022|F|0-48:G>C-48:G>C,100044506|F|0-28:G>A-28:G>A,11376234.0,19987479.0,0.01651571447648522
100013022|F|0-48:G>C-48:G>C,100013122|F|0-67:G>A-67:G>A,11376234.0,26458664.0,0.060420152444692274
100013022|F|0-48:G>C-48:G>C,100017906|F|0-31:G>A-31:G>A,11376234.0,26571479.0,4.779642070528903e-06
100013022|F|0-48:G>C-48:G>C,100021519|F|0-20:C>T-20:C>T,11376234.0,26856823.0,0.010482414473201833
100013022|F|0-48:G>C-48:G>C,100038609|F|0-8:A>T-8:A>T,11376234.0,27247323.0,0.08124177009254546
100013022|F|0-48:G>C-48:G>C,100028909|F|0-9:C>T-9:C>T,11376234.0,27271569.0,0.010054700847817268
100013022|F|0-48:G>C-48:G>C,100021397|F|0-9:C>T-9:C>T,11376234.0,27420869.0,0.15287910347984518
100013022|F|0-48:G>C-48:G>C,100017892|F|0-32:A>G-32:A>G,11376234.0,27451898.0,0.05752258681966501
100013022|F|0-48:G>C-48:G>C,100033136|F|0-68:A>G-68:A>G,11376234.0,27783976.0,0.04034679867397561
100013022|F|0-48:G>C-48:G>C,100020699|F|0-40:A>G-40:A>G,11376234.0,30507860.0,0.07070976502824998
100013022|F|0-48:G>C-48:G>C,100014559|F|0-31:C>A-31:C>A,11376234.0,30836975.0,0.007947573898494164
100013022|F|0-48:G>C-48:G>C,100017321|F|0-51:A>T-51:A>T,11376234.0,31197415.0,0.047676761502980745
100013022|F|0-48:G>C-48:G>C,100040910|F|0-51:A>G-51:A>G,11376234.0,31200593.0,0.007958330725274637
100013022|F|0-48:G>C-48:G>C,100016298|F|0-19:G>A-19:G>A,11376234.0,31539538.0,0.03383277309657677
100013022|F|0-48:G>C-48:G>C,100016431|F|0-28:C>T-28:C>T,11376234.0,32001840.0,0.00887171039831903
100013022|F|0-48:G>C-48:G>C,100020933|F|0-51:T>C-51:T>C,11376234.0,32243895.0,0.002582312132239222
100013022|F|0-48:G>C-48:G>C,100014677|F|0-27:A>C-27:A>C,11376234.0,32410962.0,0.08508120057172895
100013022|F|0-48:G>C-48:G>C,100017923|F|0-57:A>G-57:A>G,11376234.0,32459789.0,0.05666456011994643
100013022|F|0-48:G>C-48:G>C,100048091|F|0-43:A>T-43:A>T,11376234.0,32463417.0,0.04212612146923086
100013022|F|0-48:G>C-48:G>C,100020456|F|0-16:A>C-16:A>C,11376234.0,32467328.0,0.043653928172152655
100013022|F|0-48:G>C-48:G>C,100034584|F|0-9:T>C-9:T>C,11376234.0,32472994.0,0.04891010456803926
100013022|F|0-48:G>C-48:G>C,100033527|F|0-13:C>T-13:C>T,11376234.0,32475333.0,0.04891010456803926
100013022|F|0-48:G>C-48:G>C,100018446|F|0-67:T>A-67:T>A,11376234.0,33239334.0,4.6717355959144315e-05
100013022|F|0-48:G>C-48:G>C,100013877|F|0-19:G>T-19:G>T,11376234.0,34079859.0,0.024766452872281124
100013022|F|0-48:G>C-48:G>C,100035010|F|0-32:A>C-32:A>C,11376234.0,34165746.0,0.012553806867137314
100013022|F|0-48:G>C-48:G>C,100028703|F|0-9:T>G-9:T>G,11376234.0,34482430.0,0.0017285765467620568
100013022|F|0-48:G>C-48:G>C,100014587|F|0-36:A>C-36:A>C,11376234.0,34723473.0,0.0006068764620205671
100013022|F|0-48:G>C-48:G>C,100040405|F|0-35:T>A-35:T>A,11376234.0,34724344.0,0.0015645258255408932
100013022|F|0-48:G>C-48:G>C,100016549|F|0-30:A>G-30:A>G,11376234.0,34725485.0,0.0007029652351738265
100013022|F|0-48:G>C-48:G>C,100013542|F|0-30:C>G-30:C>G,11376234.0,34725490.0,0.004314509477388573
100013022|F|0-48:G>C-48:G>C,100021285|F|0-67:T>C-67:T>C,11376234.0,34855449.0,0.03764660533859051
100013022|F|0-48:G>C-48:G>C,100033734|F|0-65:A>G-65:A>G,11376234.0,35379386.0,0.010455985139119602
100013022|F|0-48:G>C-48:G>C,100021520|F|0-23:T>C-23:T>C,11376234.0,36065991.0,0.0134063350169805
100013022|F|0-48:G>C-48:G>C,100019045|F|0-23:G>C-23:G>C,11376234.0,36149336.0,0.03487803129277703
100013022|F|0-48:G>C-48:G>C,100057957|F|0-57:C>A-57:C>A,11376234.0,36576268.0,7.214493062602339e-06
100013022|F|0-48:G>C-48:G>C,100014666|F|0-59:T>C-59:T>C,11376234.0,37090975.0,0.010366847803733646
100013022|F|0-48:G>C-48:G>C,100038773|F|0-28:C>G-28:C>G,11376234.0,37285877.0,6.927029689669074e-05
100013022|F|0-48:G>C-48:G>C,100051037|F|0-43:C>T-43:C>T,11376234.0,37902767.0,0.012553806867137326
100013022|F|0-48:G>C-48:G>C,100020809|F|0-53:C>G-53:C>G,11376234.0,39838084.0,0.01996134839621788
100013022|F|0-48:G>C-48:G>C,100029380|F|0-39:A>C-39:A>C,11376234.0,40729560.0,0.003201963312091042
100013022|F|0-48:G>C-48:G>C,100013950|F|0-50:T>C-50:T>C,11376234.0,40800799.0,0.05095520136995964
100013022|F|0-48:G>C-48:G>C,100015799|F|0-68:C>T-68:C>T,11376234.0,40825452.0,0.030453367588757795
100013022|F|0-48:G>C-48:G>C,100043188|F|0-42:C>T-42:C>T,11376234.0,40979122.0,0.019473901440417822
100013022|F|0-48:G>C-48:G>C,100015076|F|0-33:T>C-33:T>C,11376234.0,40986668.0,0.024804489198369726
100013022|F|0-48:G>C-48:G>C,100018802|F|0-14:G>A-14:G>A,11376234.0,40988293.0,0.04494075663415598
100013022|F|0-48:G>C-48:G>C,100018271|F|0-48:A>G-48:A>G,11376234.0,41002080.0,0.016987128780285608
100013022|F|0-48:G>C-48:G>C,100017658|F|0-34:T>G-34:T>G,11376234.0,41027371.0,0.04549998150715921
100013022|F|0-48:G>C-48:G>C,100017206|F|0-15:G>C-15:G>C,11376234.0,41065538.0,0.004736127861861506
100013022|F|0-48:G>C-48:G>C,100040329|F|0-26:A>G-26:A>G,11376234.0,41159215.0,0.005195958588590875
100013022|F|0-48:G>C-48:G>C,100035489|F|0-33:C>A-33:C>A,11376234.0,41159220.0,0.005974084080073917
100013022|F|0-48:G>C-48:G>C,100021166|F|0-38:T>C-38:T>C,11376234.0,41233248.0,0.004130068750776462
100013022|F|0-48:G>C-48:G>C,100020488|F|0-58:T>G-58:T>G,11376234.0,41740174.0,0.005265666916967594
100013022|F|0-48:G>C-48:G>C,100046856|F|0-65:C>A-65:C>A,11376234.0,41864679.0,0.006722000987563105
100013022|F|0-48:G>C-48:G>C,100021425|F|0-50:G>C-50:G>C,11376234.0,42699263.0,0.024201665368561553
100013022|F|0-48:G>C-48:G>C,100032947|F|0-10:A>C-10:A>C,11376234.0,42744717.0,0.018708643160457762
100013022|F|0-48:G>C-48:G>C,100014347|F|0-68:T>C-68:T>C,11376234.0,42858969.0,0.0010639473829657904
100013022|F|0-48:G>C-48:G>C,100016630|F|0-66:A>T-66:A>T,11376234.0,43750313.0,0.007119131797540659
100013022|F|0-48:G>C-48:G>C,100015319|F|0-34:T>A-34:T>A,11376234.0,44449888.0,0.00045520851653752
100013022|F|0-48:G>C-48:G>C,100018345|F|0-65:A>C-65:A>C,11376234.0,44788831.0,0.08237832094894434
100013022|F|0-48:G>C-48:G>C,100017310|F|0-9:T>G-9:T>G,11376234.0,44906172.0,0.005558958792389348
100013022|F|0-48:G>C-48:G>C,100048863|F|0-39:A>G-39:A>G,11376234.0,44946182.0,0.08468415313964214
100013022|F|0-48:G>C-48:G>C,100033264|F|0-61:C>T-61:C>T,11376234.0,44989593.0,0.016247133097227508
100013022|F|0-48:G>C-48:G>C,100020314|F|0-31:G>A-31:G>A,11376234.0,45007549.0,0.004516934230140315
100013022|F|0-48:G>C-48:G>C,100041823|F|0-64:C>T-64:C>T,11376234.0,45303483.0,0.04624361305425442
100013022|F|0-48:G>C-48:G>C,100015397|F|0-30:G>C-30:G>C,11376234.0,45844613.0,0.002735558665866203
100013022|F|0-48:G>C-48:G>C,100029049|F|0-10:A>G-10:A>G,11376234.0,46654939.0,0.003508829138405614
100013022|F|0-48:G>C-48:G>C,100030430|F|0-19:A>C-19:A>C,11376234.0,46846957.0,0.03153436366890985
100013022|F|0-48:G>C-48:G>C,100021654|F|0-23:G>T-23:G>T,11376234.0,46876617.0,0.027573481503875348
100013022|F|0-48:G>C-48:G>C,100034493|F|0-32:C>T-32:C>T,11376234.0,46898850.0,0.02203038707590931
100013022|F|0-48:G>C-48:G>C,100019198|F|0-35:G>T-35:G>T,11376234.0,46921983.0,0.012895023365481576
100013022|F|0-48:G>C-48:G>C,100020755|F|0-11:C>A-11:C>A,11376234.0,46921988.0,0.030778801920787406
100013022|F|0-48:G>C-48:G>C,100030713|F|0-35:T>A-35:T>A,11376234.0,46975334.0,0.0003209925088373256
100013022|F|0-48:G>C-48:G>C,100035377|F|0-67:C>G-67:C>G,11376234.0,47016484.0,0.0013895847315832839
100013022|F|0-48:G>C-48:G>C,100014882|F|0-19:A>G-19:A>G,11376234.0,47035718.0,0.004538773470905365
100013022|F|0-48:G>C-48:G>C,100016158|F|0-51:C>A-51:C>A,11376234.0,47150489.0,0.02287967418513855
100017261|F|0-49:C>T-49:C>T,100021866|F|0-51:G>C-51:G>C,12523186.0,14537286.0,0.029020418234532143
100017261|F|0-49:C>T-49:C>T,100016572|F|0-65:A>T-65:A>T,12523186.0,15198479.0,0.01421890798786656
100017261|F|0-49:C>T-49:C>T,100036118|F|0-16:G>C-16:G>C,12523186.0,15790762.0,0.044599455527944684
100017261|F|0-49:C>T-49:C>T,100021422|F|0-18:C>G-18:C>G,12523186.0,15863195.0,0.050962829046484165
100017261|F|0-49:C>T-49:C>T,100041283|F|0-68:T>A-68:T>A,12523186.0,16181585.0,0.08851537283787114
100017261|F|0-49:C>T-49:C>T,100053824|F|0-47:A>G-47:A>G,12523186.0,16226345.0,0.008706529073882063
100017261|F|0-49:C>T-49:C>T,100021123|F|0-50:T>C-50:T>C,12523186.0,17173866.0,0.03958084165661343
100017261|F|0-49:C>T-49:C>T,100021768|F|0-13:C>T-13:C>T,12523186.0,17179674.0,0.06153940059818135
100017261|F|0-49:C>T-49:C>T,100040976|F|0-5:T>C-5:T>C,12523186.0,17196207.0,0.061652796569065436
100017261|F|0-49:C>T-49:C>T,100040977|F|0-30:G>T-30:G>T,12523186.0,17196207.0,0.061652796569065436
100017261|F|0-49:C>T-49:C>T,100016880|F|0-51:C>A-51:C>A,12523186.0,17507025.0,0.015130288596245364
100017261|F|0-49:C>T-49:C>T,100021275|F|0-33:T>A-33:T>A,12523186.0,17703648.0,0.08095779142290775
100017261|F|0-49:C>T-49:C>T,100017523|F|0-41:C>T-41:C>T,12523186.0,17927516.0,0.09956324169191175
100017261|F|0-49:C>T-49:C>T,100032842|F|0-24:A>C-24:A>C,12523186.0,18176550.0,0.07417260885584882
100017261|F|0-49:C>T-49:C>T,100032841|F|0-19:T>A-19:T>A,12523186.0,18176550.0,0.06848357062335583
100017261|F|0-49:C>T-49:C>T,100033379|F|0-46:C>G-46:C>G,12523186.0,18202707.0,0.06686975258191542
100017261|F|0-49:C>T-49:C>T,100022600|F|0-31:A>T-31:A>T,12523186.0,18245914.0,0.07124699861344413
100017261|F|0-49:C>T-49:C>T,100019074|F|0-23:A>T-23:A>T,12523186.0,18451325.0,0.015130288596245383
100017261|F|0-49:C>T-49:C>T,100035266|F|0-39:C>T-39:C>T,12523186.0,18675661.0,0.015130288596245397
100017261|F|0-49:C>T-49:C>T,100016256|F|0-31:A>C-31:A>C,12523186.0,19574145.0,0.01027582477014603
100017261|F|0-49:C>T-49:C>T,100036101|F|0-41:G>C-41:G>C,12523186.0,19902376.0,0.07542873136227139
100017261|F|0-49:C>T-49:C>T,100044506|F|0-28:G>A-28:G>A,12523186.0,19987479.0,0.007369800196528024
100017261|F|0-49:C>T-49:C>T,100013122|F|0-67:G>A-67:G>A,12523186.0,26458664.0,0.03005963029218846
100017261|F|0-49:C>T-49:C>T,100017906|F|0-31:G>A-31:G>A,12523186.0,26571479.0,0.1749137404865421
100017261|F|0-49:C>T-49:C>T,100021519|F|0-20:C>T-20:C>T,12523186.0,26856823.0,0.08644772132757929
100017261|F|0-49:C>T-49:C>T,100038609|F|0-8:A>T-8:A>T,12523186.0,27247323.0,0.06728022773328181
100017261|F|0-49:C>T-49:C>T,100028909|F|0-9:C>T-9:C>T,12523186.0,27271569.0,0.06979775930745628
100017261|F|0-49:C>T-49:C>T,100021397|F|0-9:C>T-9:C>T,12523186.0,27420869.0,0.04867102928336044
100017261|F|0-49:C>T-49:C>T,100017892|F|0-32:A>G-32:A>G,12523186.0,27451898.0,0.05145735013689274
100017261|F|0-49:C>T-49:C>T,100033136|F|0-68:A>G-68:A>G,12523186.0,27783976.0,0.020107495086187532
100017261|F|0-49:C>T-49:C>T,100020699|F|0-40:A>G-40:A>G,12523186.0,30507860.0,0.0902957532861475
100017261|F|0-49:C>T-49:C>T,100014559|F|0-31:C>A-31:C>A,12523186.0,30836975.0,0.009205426356589176
100017261|F|0-49:C>T-49:C>T,100017321|F|0-51:A>T-51:A>T,12523186.0,31197415.0,0.1113267108807091
100017261|F|0-49:C>T-49:C>T,100040910|F|0-51:A>G-51:A>G,12523186.0,31200593.0,0.017464863211092658
100017261|F|0-49:C>T-49:C>T,100016298|F|0-19:G>A-19:G>A,12523186.0,31539538.0,0.15210559396605913
100017261|F|0-49:C>T-49:C>T,100016431|F|0-28:C>T-28:C>T,12523186.0,32001840.0,6.093762714662738e-35
100017261|F|0-49:C>T-49:C>T,100020933|F|0-51:T>C-51:T>C,12523186.0,32243895.0,0.19764951944624348
100017261|F|0-49:C>T-49:C>T,100014677|F|0-27:A>C-27:A>C,12523186.0,32410962.0,0.08640790575167921
100017261|F|0-49:C>T-49:C>T,100017923|F|0-57:A>G-57:A>G,12523186.0,32459789.0,0.08778973029447029
100017261|F|0-49:C>T-49:C>T,100048091|F|0-43:A>T-43:A>T,12523186.0,32463417.0,0.05336419800401664
100017261|F|0-49:C>T-49:C>T,100020456|F|0-16:A>C-16:A>C,12523186.0,32467328.0,0.0769789803220036
100017261|F|0-49:C>T-49:C>T,100034584|F|0-9:T>C-9:T>C,12523186.0,32472994.0,0.08624767883986213
100017261|F|0-49:C>T-49:C>T,100033527|F|0-13:C>T-13:C>T,12523186.0,32475333.0,0.08624767883986213
100017261|F|0-49:C>T-49:C>T,100018446|F|0-67:T>A-67:T>A,12523186.0,33239334.0,0.0037577258844183623
100017261|F|0-49:C>T-49:C>T,100013877|F|0-19:G>T-19:G>T,12523186.0,34079859.0,0.16172424930945342
100017261|F|0-49:C>T-49:C>T,100035010|F|0-32:A>C-32:A>C,12523186.0,34165746.0,0.017245401635519738
100017261|F|0-49:C>T-49:C>T,100028703|F|0-9:T>G-9:T>G,12523186.0,34482430.0,0.14728583444893345
100017261|F|0-49:C>T-49:C>T,100014587|F|0-36:A>C-36:A>C,12523186.0,34723473.0,0.016939936422954546
100017261|F|0-49:C>T-49:C>T,100040405|F|0-35:T>A-35:T>A,12523186.0,34724344.0,0.013704318936877001
100017261|F|0-49:C>T-49:C>T,100016549|F|0-30:A>G-30:A>G,12523186.0,34725485.0,0.019622093023255828
100017261|F|0-49:C>T-49:C>T,100013542|F|0-30:C>G-30:C>G,12523186.0,34725490.0,0.015747436317367455
100017261|F|0-49:C>T-49:C>T,100021285|F|0-67:T>C-67:T>C,12523186.0,34855449.0,0.0037266765819361923
100017261|F|0-49:C>T-49:C>T,100033734|F|0-65:A>G-65:A>G,12523186.0,35379386.0,0.0011505185003374827
100017261|F|0-49:C>T-49:C>T,100021520|F|0-23:T>C-23:T>C,12523186.0,36065991.0,0.017119772900971723
100017261|F|0-49:C>T-49:C>T,100019045|F|0-23:G>C-23:G>C,12523186.0,36149336.0,0.05833637629230663
100017261|F|0-49:C>T-49:C>T,100057957|F|0-57:C>A-57:C>A,12523186.0,36576268.0,0.0032477100267675257
100017261|F|0-49:C>T-49:C>T,100014666|F|0-59:T>C-59:T>C,12523186.0,37090975.0,0.018783014337655266
100017261|F|0-49:C>T-49:C>T,100038773|F|0-28:C>G-28:C>G,12523186.0,37285877.0,0.0056123748090307155
100017261|F|0-49:C>T-49:C>T,100051037|F|0-43:C>T-43:C>T,12523186.0,37902767.0,0.007097075219174351
100017261|F|0-49:C>T-49:C>T,100020809|F|0-53:C>G-53:C>G,12523186.0,39838084.0,0.010275824770146028
100017261|F|0-49:C>T-49:C>T,100029380|F|0-39:A>C-39:A>C,12523186.0,40729560.0,0.03177023764137769
100017261|F|0-49:C>T-49:C>T,100013950|F|0-50:T>C-50:T>C,12523186.0,40800799.0,0.342395458019436
100017261|F|0-49:C>T-49:C>T,100015799|F|0-68:C>T-68:C>T,12523186.0,40825452.0,0.016661069599529878
100017261|F|0-49:C>T-49:C>T,100043188|F|0-42:C>T-42:C>T,12523186.0,40979122.0,0.07246158156777369
100017261|F|0-49:C>T-49:C>T,100015076|F|0-33:T>C-33:T>C,12523186.0,40986668.0,0.07065329975250503
100017261|F|0-49:C>T-49:C>T,100018802|F|0-14:G>A-14:G>A,12523186.0,40988293.0,0.07246158156777371
100017261|F|0-49:C>T-49:C>T,100018271|F|0-48:A>G-48:A>G,12523186.0,41002080.0,0.0676407039372053
100017261|F|0-49:C>T-49:C>T,100017658|F|0-34:T>G-34:T>G,12523186.0,41027371.0,0.0712100785407154
100017261|F|0-49:C>T-49:C>T,100017206|F|0-15:G>C-15:G>C,12523186.0,41065538.0,0.042502728570229055
100017261|F|0-49:C>T-49:C>T,100040329|F|0-26:A>G-26:A>G,12523186.0,41159215.0,0.03800800015137105
100017261|F|0-49:C>T-49:C>T,100035489|F|0-33:C>A-33:C>A,12523186.0,41159220.0,0.004405384945578675
100017261|F|0-49:C>T-49:C>T,100021166|F|0-38:T>C-38:T>C,12523186.0,41233248.0,0.009269260443072854
100017261|F|0-49:C>T-49:C>T,100020488|F|0-58:T>G-58:T>G,12523186.0,41740174.0,0.017786150448226526
100017261|F|0-49:C>T-49:C>T,100046856|F|0-65:C>A-65:C>A,12523186.0,41864679.0,0.0037031550881350744
100017261|F|0-49:C>T-49:C>T,100021425|F|0-50:G>C-50:G>C,12523186.0,42699263.0,0.012818665672248989
100017261|F|0-49:C>T-49:C>T,100032947|F|0-10:A>C-10:A>C,12523186.0,42744717.0,0.009549158389341552
100017261|F|0-49:C>T-49:C>T,100014347|F|0-68:T>C-68:T>C,12523186.0,42858969.0,0.014486247044386497
100017261|F|0-49:C>T-49:C>T,100016630|F|0-66:A>T-66:A>T,12523186.0,43750313.0,0.02343829200543388
100017261|F|0-49:C>T-49:C>T,100015319|F|0-34:T>A-34:T>A,12523186.0,44449888.0,0.01270638064237809
100017261|F|0-49:C>T-49:C>T,100018345|F|0-65:A>C-65:A>C,12523186.0,44788831.0,0.2580056973060572
100017261|F|0-49:C>T-49:C>T,100017310|F|0-9:T>G-9:T>G,12523186.0,44906172.0,0.022636294319481484
100017261|F|0-49:C>T-49:C>T,100048863|F|0-39:A>G-39:A>G,12523186.0,44946182.0,0.25716536198970696
100017261|F|0-49:C>T-49:C>T,100033264|F|0-61:C>T-61:C>T,12523186.0,44989593.0,0.00012288408958250092
100017261|F|0-49:C>T-49:C>T,100020314|F|0-31:G>A-31:G>A,12523186.0,45007549.0,0.004831070595132724
100017261|F|0-49:C>T-49:C>T,100041823|F|0-64:C>T-64:C>T,12523186.0,45303483.0,0.02765929711127346
100017261|F|0-49:C>T-49:C>T,100015397|F|0-30:G>C-30:G>C,12523186.0,45844613.0,9.257887720338298e-06
100017261|F|0-49:C>T-49:C>T,100029049|F|0-10:A>G-10:A>G,12523186.0,46654939.0,0.00937734433608398
100017261|F|0-49:C>T-49:C>T,100030430|F|0-19:A>C-19:A>C,12523186.0,46846957.0,0.0291815742397137
100017261|F|0-49:C>T-49:C>T,100021654|F|0-23:G>T-23:G>T,12523186.0,46876617.0,0.005917191914801138
100017261|F|0-49:C>T-49:C>T,100034493|F|0-32:C>T-32:C>T,12523186.0,46898850.0,0.004102973952587867
100017261|F|0-49:C>T-49:C>T,100019198|F|0-35:G>T-35:G>T,12523186.0,46921983.0,0.0020246788338399565
100017261|F|0-49:C>T-49:C>T,100020755|F|0-11:C>A-11:C>A,12523186.0,46921988.0,0.003757422068283034
100017261|F|0-49:C>T-49:C>T,100030713|F|0-35:T>A-35:T>A,12523186.0,46975334.0,0.016939936422954584
100017261|F|0-49:C>T-49:C>T,100035377|F|0-67:C>G-67:C>G,12523186.0,47016484.0,0.004219039694010134
100017261|F|0-49:C>T-49:C>T,100014882|F|0-19:A>G-19:A>G,12523186.0,47035718.0,0.001211240310077522
100017261|F|0-49:C>T-49:C>T,100016158|F|0-51:C>A-51:C>A,12523186.0,47150489.0,3.380205516495482e-05
100021866|F|0-51:G>C-51:G>C,100016572|F|0-65:A>T-65:A>T,14537286.0,15198479.0,0.009811800830354062
100021866|F|0-51:G>C-51:G>C,100036118|F|0-16:G>C-16:G>C,14537286.0,15790762.0,0.007014170392316253
100021866|F|0-51:G>C-51:G>C,100021422|F|0-18:C>G-18:C>G,14537286.0,15863195.0,0.003610504478665798
100021866|F|0-51:G>C-51:G>C,100041283|F|0-68:T>A-68:T>A,14537286.0,16181585.0,0.06691624503242494
100021866|F|0-51:G>C-51:G>C,100053824|F|0-47:A>G-47:A>G,14537286.0,16226345.0,0.033229241169061084
100021866|F|0-51:G>C-51:G>C,100021123|F|0-50:T>C-50:T>C,14537286.0,17173866.0,0.01612103252115135
100021866|F|0-51:G>C-51:G>C,100021768|F|0-13:C>T-13:C>T,14537286.0,17179674.0,0.0073536066612363065
100021866|F|0-51:G>C-51:G>C,100040976|F|0-5:T>C-5:T>C,14537286.0,17196207.0,0.02323684585976876
100021866|F|0-51:G>C-51:G>C,100040977|F|0-30:G>T-30:G>T,14537286.0,17196207.0,0.031707949115875225
100021866|F|0-51:G>C-51:G>C,100016880|F|0-51:C>A-51:C>A,14537286.0,17507025.0,0.01731727972899553
100021866|F|0-51:G>C-51:G>C,100021275|F|0-33:T>A-33:T>A,14537286.0,17703648.0,0.00178672857717951
100021866|F|0-51:G>C-51:G>C,100017523|F|0-41:C>T-41:C>T,14537286.0,17927516.0,0.003586812221855612
100021866|F|0-51:G>C-51:G>C,100032842|F|0-24:A>C-24:A>C,14537286.0,18176550.0,0.002598752598752604
100021866|F|0-51:G>C-51:G>C,100032841|F|0-19:T>A-19:T>A,14537286.0,18176550.0,0.006287531727852393
100021866|F|0-51:G>C-51:G>C,100033379|F|0-46:C>G-46:C>G,14537286.0,18202707.0,2.648282641672571e-06
100021866|F|0-51:G>C-51:G>C,100022600|F|0-31:A>T-31:A>T,14537286.0,18245914.0,0.02016069410389699
100021866|F|0-51:G>C-51:G>C,100019074|F|0-23:A>T-23:A>T,14537286.0,18451325.0,0.012889755307702982
100021866|F|0-51:G>C-51:G>C,100035266|F|0-39:C>T-39:C>T,14537286.0,18675661.0,0.006817721815644529
100021866|F|0-51:G>C-51:G>C,100016256|F|0-31:A>C-31:A>C,14537286.0,19574145.0,0.0014650545925606012
100021866|F|0-51:G>C-51:G>C,100036101|F|0-41:G>C-41:G>C,14537286.0,19902376.0,0.08939195189478166
100021866|F|0-51:G>C-51:G>C,100044506|F|0-28:G>A-28:G>A,14537286.0,19987479.0,0.005085553106437023
100021866|F|0-51:G>C-51:G>C,100013122|F|0-67:G>A-67:G>A,14537286.0,26458664.0,0.005998775760048975
100021866|F|0-51:G>C-51:G>C,100017906|F|0-31:G>A-31:G>A,14537286.0,26571479.0,0.0277488104861911
100021866|F|0-51:G>C-51:G>C,100021519|F|0-20:C>T-20:C>T,14537286.0,26856823.0,0.057407794405159494
100021866|F|0-51:G>C-51:G>C,100038609|F|0-8:A>T-8:A>T,14537286.0,27247323.0,0.06719487766490202
100021866|F|0-51:G>C-51:G>C,100028909|F|0-9:C>T-9:C>T,14537286.0,27271569.0,0.13364875231550197
100021866|F|0-51:G>C-51:G>C,100021397|F|0-9:C>T-9:C>T,14537286.0,27420869.0,0.0002623606677453793
100021866|F|0-51:G>C-51:G>C,100017892|F|0-32:A>G-32:A>G,14537286.0,27451898.0,0.00900526251198372
100021866|F|0-51:G>C-51:G>C,100033136|F|0-68:A>G-68:A>G,14537286.0,27783976.0,0.006705697263559682
100021866|F|0-51:G>C-51:G>C,100020699|F|0-40:A>G-40:A>G,14537286.0,30507860.0,0.0024233075769807327
100021866|F|0-51:G>C-51:G>C,100014559|F|0-31:C>A-31:C>A,14537286.0,30836975.0,0.08399646330680824
100021866|F|0-51:G>C-51:G>C,100017321|F|0-51:A>T-51:A>T,14537286.0,31197415.0,0.043805391585268943
100021866|F|0-51:G>C-51:G>C,100040910|F|0-51:A>G-51:A>G,14537286.0,31200593.0,0.000216505420282449
100021866|F|0-51:G>C-51:G>C,100016298|F|0-19:G>A-19:G>A,14537286.0,31539538.0,0.06815004659832245
100021866|F|0-51:G>C-51:G>C,100016431|F|0-28:C>T-28:C>T,14537286.0,32001840.0,0.00586021837024244
100021866|F|0-51:G>C-51:G>C,100020933|F|0-51:T>C-51:T>C,14537286.0,32243895.0,0.0020518689757410935
100021866|F|0-51:G>C-51:G>C,100014677|F|0-27:A>C-27:A>C,14537286.0,32410962.0,0.004896332815560211
100021866|F|0-51:G>C-51:G>C,100017923|F|0-57:A>G-57:A>G,14537286.0,32459789.0,0.02348171556100864
100021866|F|0-51:G>C-51:G>C,100048091|F|0-43:A>T-43:A>T,14537286.0,32463417.0,0.04283898312493775
100021866|F|0-51:G>C-51:G>C,100020456|F|0-16:A>C-16:A>C,14537286.0,32467328.0,0.04163503546695152
100021866|F|0-51:G>C-51:G>C,100034584|F|0-9:T>C-9:T>C,14537286.0,32472994.0,0.04664812592241464
100021866|F|0-51:G>C-51:G>C,100033527|F|0-13:C>T-13:C>T,14537286.0,32475333.0,0.04664812592241464
100021866|F|0-51:G>C-51:G>C,100018446|F|0-67:T>A-67:T>A,14537286.0,33239334.0,0.08026478567255221
100021866|F|0-51:G>C-51:G>C,100013877|F|0-19:G>T-19:G>T,14537286.0,34079859.0,0.02027659633931928
100021866|F|0-51:G>C-51:G>C,100035010|F|0-32:A>C-32:A>C,14537286.0,34165746.0,0.036426632756239884
100021866|F|0-51:G>C-51:G>C,100028703|F|0-9:T>G-9:T>G,14537286.0,34482430.0,0.0008935195006830603
100021866|F|0-51:G>C-51:G>C,100014587|F|0-36:A>C-36:A>C,14537286.0,34723473.0,0.0013787378585195516
100021866|F|0-51:G>C-51:G>C,100040405|F|0-35:T>A-35:T>A,14537286.0,34724344.0,0.003796490865456381
100021866|F|0-51:G>C-51:G>C,100016549|F|0-30:A>G-30:A>G,14537286.0,34725485.0,2.210433244916002e-05
100021866|F|0-51:G>C-51:G>C,100013542|F|0-30:C>G-30:C>G,14537286.0,34725490.0,0.012504634006856863
100021866|F|0-51:G>C-51:G>C,100021285|F|0-67:T>C-67:T>C,14537286.0,34855449.0,0.02361436678798349
100021866|F|0-51:G>C-51:G>C,100033734|F|0-65:A>G-65:A>G,14537286.0,35379386.0,0.03033950854895266
100021866|F|0-51:G>C-51:G>C,100021520|F|0-23:T>C-23:T>C,14537286.0,36065991.0,0.029900001245314507
100021866|F|0-51:G>C-51:G>C,100019045|F|0-23:G>C-23:G>C,14537286.0,36149336.0,0.006873709857534435
100021866|F|0-51:G>C-51:G>C,100057957|F|0-57:C>A-57:C>A,14537286.0,36576268.0,0.014340973449592334
100021866|F|0-51:G>C-51:G>C,100014666|F|0-59:T>C-59:T>C,14537286.0,37090975.0,0.009585064513352578
100021866|F|0-51:G>C-51:G>C,100038773|F|0-28:C>G-28:C>G,14537286.0,37285877.0,0.007625087126565861
100021866|F|0-51:G>C-51:G>C,100051037|F|0-43:C>T-43:C>T,14537286.0,37902767.0,0.01666928090661843
100021866|F|0-51:G>C-51:G>C,100020809|F|0-53:C>G-53:C>G,14537286.0,39838084.0,0.005860218370242434
100021866|F|0-51:G>C-51:G>C,100029380|F|0-39:A>C-39:A>C,14537286.0,40729560.0,0.044092707744488424
100021866|F|0-51:G>C-51:G>C,100013950|F|0-50:T>C-50:T>C,14537286.0,40800799.0,0.018527944857473735
100021866|F|0-51:G>C-51:G>C,100015799|F|0-68:C>T-68:C>T,14537286.0,40825452.0,2.393971023374811e-06
100021866|F|0-51:G>C-51:G>C,100043188|F|0-42:C>T-42:C>T,14537286.0,40979122.0,0.06840409997467929
100021866|F|0-51:G>C-51:G>C,100015076|F|0-33:T>C-33:T>C,14537286.0,40986668.0,0.06280148630650609
100021866|F|0-51:G>C-51:G>C,100018802|F|0-14:G>A-14:G>A,14537286.0,40988293.0,0.0566395350838162
100021866|F|0-51:G>C-51:G>C,100018271|F|0-48:A>G-48:A>G,14537286.0,41002080.0,0.08500594078737464
100021866|F|0-51:G>C-51:G>C,100017658|F|0-34:T>G-34:T>G,14537286.0,41027371.0,0.04876495318774174
100021866|F|0-51:G>C-51:G>C,100017206|F|0-15:G>C-15:G>C,14537286.0,41065538.0,0.0548073066123607
100021866|F|0-51:G>C-51:G>C,100040329|F|0-26:A>G-26:A>G,14537286.0,41159215.0,0.0182938660235003
100021866|F|0-51:G>C-51:G>C,100035489|F|0-33:C>A-33:C>A,14537286.0,41159220.0,0.0035516276284048025
100021866|F|0-51:G>C-51:G>C,100021166|F|0-38:T>C-38:T>C,14537286.0,41233248.0,0.019361195268206222
100021866|F|0-51:G>C-51:G>C,100020488|F|0-58:T>G-58:T>G,14537286.0,41740174.0,0.02667338440792489
100021866|F|0-51:G>C-51:G>C,100046856|F|0-65:C>A-65:C>A,14537286.0,41864679.0,0.006467629120275749
100021866|F|0-51:G>C-51:G>C,100021425|F|0-50:G>C-50:G>C,14537286.0,42699263.0,0.004678642961542348
100021866|F|0-51:G>C-51:G>C,100032947|F|0-10:A>C-10:A>C,14537286.0,42744717.0,0.023058076448201296
100021866|F|0-51:G>C-51:G>C,100014347|F|0-68:T>C-68:T>C,14537286.0,42858969.0,0.0017068982586223927
100021866|F|0-51:G>C-51:G>C,100016630|F|0-66:A>T-66:A>T,14537286.0,43750313.0,7.226786982070845e-05
100021866|F|0-51:G>C-51:G>C,100015319|F|0-34:T>A-34:T>A,14537286.0,44449888.0,0.005725506684976356
100021866|F|0-51:G>C-51:G>C,100018345|F|0-65:A>C-65:A>C,14537286.0,44788831.0,0.02711340292813558
100021866|F|0-51:G>C-51:G>C,100017310|F|0-9:T>G-9:T>G,14537286.0,44906172.0,0.025302213332173768
100021866|F|0-51:G>C-51:G>C,100048863|F|0-39:A>G-39:A>G,14537286.0,44946182.0,0.027976481617347386
100021866|F|0-51:G>C-51:G>C,100033264|F|0-61:C>T-61:C>T,14537286.0,44989593.0,0.017940425174060762
100021866|F|0-51:G>C-51:G>C,100020314|F|0-31:G>A-31:G>A,14537286.0,45007549.0,0.0013783794060610677
100021866|F|0-51:G>C-51:G>C,100041823|F|0-64:C>T-64:C>T,14537286.0,45303483.0,0.06187627124692236
100021866|F|0-51:G>C-51:G>C,100015397|F|0-30:G>C-30:G>C,14537286.0,45844613.0,0.002555373464664029
100021866|F|0-51:G>C-51:G>C,100029049|F|0-10:A>G-10:A>G,14537286.0,46654939.0,0.00012032600325147546
100021866|F|0-51:G>C-51:G>C,100030430|F|0-19:A>C-19:A>C,14537286.0,46846957.0,0.0023943917145691517
100021866|F|0-51:G>C-51:G>C,100021654|F|0-23:G>T-23:G>T,14537286.0,46876617.0,4.957981110092182e-05
100021866|F|0-51:G>C-51:G>C,100034493|F|0-32:C>T-32:C>T,14537286.0,46898850.0,8.024322041079207e-05
100021866|F|0-51:G>C-51:G>C,100019198|F|0-35:G>T-35:G>T,14537286.0,46921983.0,2.5342281270480078e-05
100021866|F|0-51:G>C-51:G>C,100020755|F|0-11:C>A-11:C>A,14537286.0,46921988.0,0.0016930978046165116
100021866|F|0-51:G>C-51:G>C,100030713|F|0-35:T>A-35:T>A,14537286.0,46975334.0,0.0013787378585195464
100021866|F|0-51:G>C-51:G>C,100035377|F|0-67:C>G-67:C>G,14537286.0,47016484.0,0.00010198797457710479
100021866|F|0-51:G>C-51:G>C,100014882|F|0-19:A>G-19:A>G,14537286.0,47035718.0,0.06038800011052173
100021866|F|0-51:G>C-51:G>C,100016158|F|0-51:C>A-51:C>A,14537286.0,47150489.0,0.019127637098266658
100016572|F|0-65:A>T-65:A>T,100036118|F|0-16:G>C-16:G>C,15198479.0,15790762.0,0.07631770022955385
100016572|F|0-65:A>T-65:A>T,100021422|F|0-18:C>G-18:C>G,15198479.0,15863195.0,0.12368131305372061
100016572|F|0-65:A>T-65:A>T,100041283|F|0-68:T>A-68:T>A,15198479.0,16181585.0,0.04679348128287934
100016572|F|0-65:A>T-65:A>T,100053824|F|0-47:A>G-47:A>G,15198479.0,16226345.0,0.102176701590818
100016572|F|0-65:A>T-65:A>T,100021123|F|0-50:T>C-50:T>C,15198479.0,17173866.0,0.029005435042207272
100016572|F|0-65:A>T-65:A>T,100021768|F|0-13:C>T-13:C>T,15198479.0,17179674.0,0.043685096428163844
100016572|F|0-65:A>T-65:A>T,100040976|F|0-5:T>C-5:T>C,15198479.0,17196207.0,0.08044800043549842
100016572|F|0-65:A>T-65:A>T,100040977|F|0-30:G>T-30:G>T,15198479.0,17196207.0,0.05090643717486751
100016572|F|0-65:A>T-65:A>T,100016880|F|0-51:C>A-51:C>A,15198479.0,17507025.0,0.013235346276410055
100016572|F|0-65:A>T-65:A>T,100021275|F|0-33:T>A-33:T>A,15198479.0,17703648.0,0.006355644942601465
100016572|F|0-65:A>T-65:A>T,100017523|F|0-41:C>T-41:C>T,15198479.0,17927516.0,0.030846865950900644
100016572|F|0-65:A>T-65:A>T,100032842|F|0-24:A>C-24:A>C,15198479.0,18176550.0,0.0009384560253656947
100016572|F|0-65:A>T-65:A>T,100032841|F|0-19:T>A-19:T>A,15198479.0,18176550.0,0.02450660382191085
100016572|F|0-65:A>T-65:A>T,100033379|F|0-46:C>G-46:C>G,15198479.0,18202707.0,0.012701959473537992
100016572|F|0-65:A>T-65:A>T,100022600|F|0-31:A>T-31:A>T,15198479.0,18245914.0,0.00014522171173259618
100016572|F|0-65:A>T-65:A>T,100019074|F|0-23:A>T-23:A>T,15198479.0,18451325.0,0.0026409987777195614
100016572|F|0-65:A>T-65:A>T,100035266|F|0-39:C>T-39:C>T,15198479.0,18675661.0,0.0792313274838484
100016572|F|0-65:A>T-65:A>T,100016256|F|0-31:A>C-31:A>C,15198479.0,19574145.0,7.504423660262811e-05
100016572|F|0-65:A>T-65:A>T,100036101|F|0-41:G>C-41:G>C,15198479.0,19902376.0,0.019916727862477397
100016572|F|0-65:A>T-65:A>T,100044506|F|0-28:G>A-28:G>A,15198479.0,19987479.0,0.0017282704378444621
100016572|F|0-65:A>T-65:A>T,100013122|F|0-67:G>A-67:G>A,15198479.0,26458664.0,0.02133848940914158
100016572|F|0-65:A>T-65:A>T,100017906|F|0-31:G>A-31:G>A,15198479.0,26571479.0,0.02193061773712766
100016572|F|0-65:A>T-65:A>T,100021519|F|0-20:C>T-20:C>T,15198479.0,26856823.0,0.00830572844658591
100016572|F|0-65:A>T-65:A>T,100038609|F|0-8:A>T-8:A>T,15198479.0,27247323.0,1.7617941547896297e-06
100016572|F|0-65:A>T-65:A>T,100028909|F|0-9:C>T-9:C>T,15198479.0,27271569.0,3.3381511711052782e-06
100016572|F|0-65:A>T-65:A>T,100021397|F|0-9:C>T-9:C>T,15198479.0,27420869.0,5.766365782591184e-05
100016572|F|0-65:A>T-65:A>T,100017892|F|0-32:A>G-32:A>G,15198479.0,27451898.0,0.002868011711047822
100016572|F|0-65:A>T-65:A>T,100033136|F|0-68:A>G-68:A>G,15198479.0,27783976.0,0.010979825859321665
100016572|F|0-65:A>T-65:A>T,100020699|F|0-40:A>G-40:A>G,15198479.0,30507860.0,0.04550338197069945
100016572|F|0-65:A>T-65:A>T,100014559|F|0-31:C>A-31:C>A,15198479.0,30836975.0,0.005445397418478263
100016572|F|0-65:A>T-65:A>T,100017321|F|0-51:A>T-51:A>T,15198479.0,31197415.0,0.007878277451405053
100016572|F|0-65:A>T-65:A>T,100040910|F|0-51:A>G-51:A>G,15198479.0,31200593.0,0.0048301332523603335
100016572|F|0-65:A>T-65:A>T,100016298|F|0-19:G>A-19:G>A,15198479.0,31539538.0,0.012567934782608703
100016572|F|0-65:A>T-65:A>T,100016431|F|0-28:C>T-28:C>T,15198479.0,32001840.0,7.504423660262778e-05
100016572|F|0-65:A>T-65:A>T,100020933|F|0-51:T>C-51:T>C,15198479.0,32243895.0,0.08067837317288896
100016572|F|0-65:A>T-65:A>T,100014677|F|0-27:A>C-27:A>C,15198479.0,32410962.0,0.00982407634939116
100016572|F|0-65:A>T-65:A>T,100017923|F|0-57:A>G-57:A>G,15198479.0,32459789.0,0.01374558405073669
100016572|F|0-65:A>T-65:A>T,100048091|F|0-43:A>T-43:A>T,15198479.0,32463417.0,0.010689652238399594
100016572|F|0-65:A>T-65:A>T,100020456|F|0-16:A>C-16:A>C,15198479.0,32467328.0,0.011633447275231143
100016572|F|0-65:A>T-65:A>T,100034584|F|0-9:T>C-9:T>C,15198479.0,32472994.0,0.013034179203174071
100016572|F|0-65:A>T-65:A>T,100033527|F|0-13:C>T-13:C>T,15198479.0,32475333.0,0.013034179203174071
100016572|F|0-65:A>T-65:A>T,100018446|F|0-67:T>A-67:T>A,15198479.0,33239334.0,0.01088941172833956
100016572|F|0-65:A>T-65:A>T,100013877|F|0-19:G>T-19:G>T,15198479.0,34079859.0,0.012819843333541577
100016572|F|0-65:A>T-65:A>T,100035010|F|0-32:A>C-32:A>C,15198479.0,34165746.0,0.01603336193241824
100016572|F|0-65:A>T-65:A>T,100028703|F|0-9:T>G-9:T>G,15198479.0,34482430.0,0.053587236843562515
100016572|F|0-65:A>T-65:A>T,100014587|F|0-36:A>C-36:A>C,15198479.0,34723473.0,5.498318736315181e-05
100016572|F|0-65:A>T-65:A>T,100040405|F|0-35:T>A-35:T>A,15198479.0,34724344.0,0.007308503317334824
100016572|F|0-65:A>T-65:A>T,100016549|F|0-30:A>G-30:A>G,15198479.0,34725485.0,6.368885869565017e-05
100016572|F|0-65:A>T-65:A>T,100013542|F|0-30:C>G-30:C>G,15198479.0,34725490.0,0.00032458547270243455
100016572|F|0-65:A>T-65:A>T,100021285|F|0-67:T>C-67:T>C,15198479.0,34855449.0,0.021047933518705732
100016572|F|0-65:A>T-65:A>T,100033734|F|0-65:A>G-65:A>G,15198479.0,35379386.0,0.006216301479866935
100016572|F|0-65:A>T-65:A>T,100021520|F|0-23:T>C-23:T>C,15198479.0,36065991.0,0.007371561798326191
100016572|F|0-65:A>T-65:A>T,100019045|F|0-23:G>C-23:G>C,15198479.0,36149336.0,7.500160003414239e-07
100016572|F|0-65:A>T-65:A>T,100057957|F|0-57:C>A-57:C>A,15198479.0,36576268.0,0.024023948624948315
100016572|F|0-65:A>T-65:A>T,100014666|F|0-59:T>C-59:T>C,15198479.0,37090975.0,0.005533478421187627
100016572|F|0-65:A>T-65:A>T,100038773|F|0-28:C>G-28:C>G,15198479.0,37285877.0,0.002008368499087591
100016572|F|0-65:A>T-65:A>T,100051037|F|0-43:C>T-43:C>T,15198479.0,37902767.0,0.0021307633373123334
100016572|F|0-65:A>T-65:A>T,100020809|F|0-53:C>G-53:C>G,15198479.0,39838084.0,7.504423660262818e-05
100016572|F|0-65:A>T-65:A>T,100029380|F|0-39:A>C-39:A>C,15198479.0,40729560.0,0.0044918626752197535
100016572|F|0-65:A>T-65:A>T,100013950|F|0-50:T>C-50:T>C,15198479.0,40800799.0,0.005492989640743018
100016572|F|0-65:A>T-65:A>T,100015799|F|0-68:C>T-68:C>T,15198479.0,40825452.0,0.03252347060900955
100016572|F|0-65:A>T-65:A>T,100043188|F|0-42:C>T-42:C>T,15198479.0,40979122.0,0.04057230174880122
100016572|F|0-65:A>T-65:A>T,100015076|F|0-33:T>C-33:T>C,15198479.0,40986668.0,0.025598084067143652
100016572|F|0-65:A>T-65:A>T,100018802|F|0-14:G>A-14:G>A,15198479.0,40988293.0,0.008991127553693015
100016572|F|0-65:A>T-65:A>T,100018271|F|0-48:A>G-48:A>G,15198479.0,41002080.0,0.033406654925454665
100016572|F|0-65:A>T-65:A>T,100017658|F|0-34:T>G-34:T>G,15198479.0,41027371.0,0.034388142411830976
100016572|F|0-65:A>T-65:A>T,100017206|F|0-15:G>C-15:G>C,15198479.0,41065538.0,0.0060092852377962615
100016572|F|0-65:A>T-65:A>T,100040329|F|0-26:A>G-26:A>G,15198479.0,41159215.0,0.04599026029998689
100016572|F|0-65:A>T-65:A>T,100035489|F|0-33:C>A-33:C>A,15198479.0,41159220.0,0.009220489880273129
100016572|F|0-65:A>T-65:A>T,100021166|F|0-38:T>C-38:T>C,15198479.0,41233248.0,0.020122862147125505
100016572|F|0-65:A>T-65:A>T,100020488|F|0-58:T>G-58:T>G,15198479.0,41740174.0,0.00023720245324265274
100016572|F|0-65:A>T-65:A>T,100046856|F|0-65:C>A-65:C>A,15198479.0,41864679.0,0.0002769315978953215
100016572|F|0-65:A>T-65:A>T,100021425|F|0-50:G>C-50:G>C,15198479.0,42699263.0,0.03107087895328942
100016572|F|0-65:A>T-65:A>T,100032947|F|0-10:A>C-10:A>C,15198479.0,42744717.0,0.0003713826031357736
100016572|F|0-65:A>T-65:A>T,100014347|F|0-68:T>C-68:T>C,15198479.0,42858969.0,0.0007608783084326589
100016572|F|0-65:A>T-65:A>T,100016630|F|0-66:A>T-66:A>T,15198479.0,43750313.0,0.001095130017815855
100016572|F|0-65:A>T-65:A>T,100015319|F|0-34:T>A-34:T>A,15198479.0,44449888.0,0.02213436652247234
100016572|F|0-65:A>T-65:A>T,100018345|F|0-65:A>C-65:A>C,15198479.0,44788831.0,0.004941950553234467
100016572|F|0-65:A>T-65:A>T,100017310|F|0-9:T>G-9:T>G,15198479.0,44906172.0,0.012801808624376335
100016572|F|0-65:A>T-65:A>T,100048863|F|0-39:A>G-39:A>G,15198479.0,44946182.0,0.005299683625777802
100016572|F|0-65:A>T-65:A>T,100033264|F|0-61:C>T-61:C>T,15198479.0,44989593.0,0.015283306889322805
100016572|F|0-65:A>T-65:A>T,100020314|F|0-31:G>A-31:G>A,15198479.0,45007549.0,0.00870458477508651
100016572|F|0-65:A>T-65:A>T,100041823|F|0-64:C>T-64:C>T,15198479.0,45303483.0,0.00246758627412751
100016572|F|0-65:A>T-65:A>T,100015397|F|0-30:G>C-30:G>C,15198479.0,45844613.0,0.013328414912766533
100016572|F|0-65:A>T-65:A>T,100029049|F|0-10:A>G-10:A>G,15198479.0,46654939.0,0.0027180761307854153
100016572|F|0-65:A>T-65:A>T,100030430|F|0-19:A>C-19:A>C,15198479.0,46846957.0,0.028494879663533652
100016572|F|0-65:A>T-65:A>T,100021654|F|0-23:G>T-23:G>T,15198479.0,46876617.0,0.010321166446566435
100016572|F|0-65:A>T-65:A>T,100034493|F|0-32:C>T-32:C>T,15198479.0,46898850.0,0.009312918262553132
100016572|F|0-65:A>T-65:A>T,100019198|F|0-35:G>T-35:G>T,15198479.0,46921983.0,0.005484486299544837
100016572|F|0-65:A>T-65:A>T,100020755|F|0-11:C>A-11:C>A,15198479.0,46921988.0,0.008528585607462233
100016572|F|0-65:A>T-65:A>T,100030713|F|0-35:T>A-35:T>A,15198479.0,46975334.0,0.0015639662183296848
100016572|F|0-65:A>T-65:A>T,100035377|F|0-67:C>G-67:C>G,15198479.0,47016484.0,0.00011610323016457925
100016572|F|0-65:A>T-65:A>T,100014882|F|0-19:A>G-19:A>G,15198479.0,47035718.0,0.011147761690443866
100016572|F|0-65:A>T-65:A>T,100016158|F|0-51:C>A-51:C>A,15198479.0,47150489.0,0.034344834191734064
100036118|F|0-16:G>C-16:G>C,100021422|F|0-18:C>G-18:C>G,15790762.0,15863195.0,0.5781816591032153
100036118|F|0-16:G>C-16:G>C,100041283|F|0-68:T>A-68:T>A,15790762.0,16181585.0,0.024283002621954302
100036118|F|0-16:G>C-16:G>C,100053824|F|0-47:A>G-47:A>G,15790762.0,16226345.0,0.018173241112908946
100036118|F|0-16:G>C-16:G>C,100021123|F|0-50:T>C-50:T>C,15790762.0,17173866.0,0.003465954159537059
100036118|F|0-16:G>C-16:G>C,100021768|F|0-13:C>T-13:C>T,15790762.0,17179674.0,0.004185840728452296
100036118|F|0-16:G>C-16:G>C,100040976|F|0-5:T>C-5:T>C,15790762.0,17196207.0,0.011435301014039879
100036118|F|0-16:G>C-16:G>C,100040977|F|0-30:G>T-30:G>T,15790762.0,17196207.0,0.006216158673891687
100036118|F|0-16:G>C-16:G>C,100016880|F|0-51:C>A-51:C>A,15790762.0,17507025.0,0.007214309607381147
100036118|F|0-16:G>C-16:G>C,100021275|F|0-33:T>A-33:T>A,15790762.0,17703648.0,0.008959409161022088
100036118|F|0-16:G>C-16:G>C,100017523|F|0-41:C>T-41:C>T,15790762.0,17927516.0,0.02019260721422711
100036118|F|0-16:G>C-16:G>C,100032842|F|0-24:A>C-24:A>C,15790762.0,18176550.0,0.014225743858604157
100036118|F|0-16:G>C-16:G>C,100032841|F|0-19:T>A-19:T>A,15790762.0,18176550.0,0.012976165416238387
100036118|F|0-16:G>C-16:G>C,100033379|F|0-46:C>G-46:C>G,15790762.0,18202707.0,0.016641468408610725
100036118|F|0-16:G>C-16:G>C,100022600|F|0-31:A>T-31:A>T,15790762.0,18245914.0,2.901300564476836e-06
100036118|F|0-16:G>C-16:G>C,100019074|F|0-23:A>T-23:A>T,15790762.0,18451325.0,0.0005077960531642692
100036118|F|0-16:G>C-16:G>C,100035266|F|0-39:C>T-39:C>T,15790762.0,18675661.0,0.03702103651501167
100036118|F|0-16:G>C-16:G>C,100016256|F|0-31:A>C-31:A>C,15790762.0,19574145.0,0.12476446748405898
100036118|F|0-16:G>C-16:G>C,100036101|F|0-41:G>C-41:G>C,15790762.0,19902376.0,0.05967374526849369
100036118|F|0-16:G>C-16:G>C,100044506|F|0-28:G>A-28:G>A,15790762.0,19987479.0,0.012495540911801455
100036118|F|0-16:G>C-16:G>C,100013122|F|0-67:G>A-67:G>A,15790762.0,26458664.0,0.00044353223221670806
100036118|F|0-16:G>C-16:G>C,100017906|F|0-31:G>A-31:G>A,15790762.0,26571479.0,0.023162502753684533
100036118|F|0-16:G>C-16:G>C,100021519|F|0-20:C>T-20:C>T,15790762.0,26856823.0,0.04837805882034919
100036118|F|0-16:G>C-16:G>C,100038609|F|0-8:A>T-8:A>T,15790762.0,27247323.0,0.02409613395755255
100036118|F|0-16:G>C-16:G>C,100028909|F|0-9:C>T-9:C>T,15790762.0,27271569.0,0.012619602780931742
100036118|F|0-16:G>C-16:G>C,100021397|F|0-9:C>T-9:C>T,15790762.0,27420869.0,0.01167173861420226
100036118|F|0-16:G>C-16:G>C,100017892|F|0-32:A>G-32:A>G,15790762.0,27451898.0,0.0004996958605167532
100036118|F|0-16:G>C-16:G>C,100033136|F|0-68:A>G-68:A>G,15790762.0,27783976.0,0.0029109912772637345
100036118|F|0-16:G>C-16:G>C,100020699|F|0-40:A>G-40:A>G,15790762.0,30507860.0,0.00875427331697055
100036118|F|0-16:G>C-16:G>C,100014559|F|0-31:C>A-31:C>A,15790762.0,30836975.0,0.018435242355510792
100036118|F|0-16:G>C-16:G>C,100017321|F|0-51:A>T-51:A>T,15790762.0,31197415.0,0.003943048120957691
100036118|F|0-16:G>C-16:G>C,100040910|F|0-51:A>G-51:A>G,15790762.0,31200593.0,0.009447130253822048
100036118|F|0-16:G>C-16:G>C,100016298|F|0-19:G>A-19:G>A,15790762.0,31539538.0,0.0233753473735833
100036118|F|0-16:G>C-16:G>C,100016431|F|0-28:C>T-28:C>T,15790762.0,32001840.0,0.036930619373593425
100036118|F|0-16:G>C-16:G>C,100020933|F|0-51:T>C-51:T>C,15790762.0,32243895.0,0.08100453386190162
100036118|F|0-16:G>C-16:G>C,100014677|F|0-27:A>C-27:A>C,15790762.0,32410962.0,5.911813825795058e-06
100036118|F|0-16:G>C-16:G>C,100017923|F|0-57:A>G-57:A>G,15790762.0,32459789.0,0.0025105080102830373
100036118|F|0-16:G>C-16:G>C,100048091|F|0-43:A>T-43:A>T,15790762.0,32463417.0,0.005548414590953068
100036118|F|0-16:G>C-16:G>C,100020456|F|0-16:A>C-16:A>C,15790762.0,32467328.0,0.003149266174075867
100036118|F|0-16:G>C-16:G>C,100034584|F|0-9:T>C-9:T>C,15790762.0,32472994.0,0.0035284553838822006
100036118|F|0-16:G>C-16:G>C,100033527|F|0-13:C>T-13:C>T,15790762.0,32475333.0,0.0035284553838822006
100036118|F|0-16:G>C-16:G>C,100018446|F|0-67:T>A-67:T>A,15790762.0,33239334.0,1.547410306234709e-06
100036118|F|0-16:G>C-16:G>C,100013877|F|0-19:G>T-19:G>T,15790762.0,34079859.0,6.449766233314638e-06
100036118|F|0-16:G>C-16:G>C,100035010|F|0-32:A>C-32:A>C,15790762.0,34165746.0,0.04045031849303404
100036118|F|0-16:G>C-16:G>C,100028703|F|0-9:T>G-9:T>G,15790762.0,34482430.0,0.007320888811973113
100036118|F|0-16:G>C-16:G>C,100014587|F|0-36:A>C-36:A>C,15790762.0,34723473.0,0.006512871859770251
100036118|F|0-16:G>C-16:G>C,100040405|F|0-35:T>A-35:T>A,15790762.0,34724344.0,0.0029149592846669523
100036118|F|0-16:G>C-16:G>C,100016549|F|0-30:A>G-30:A>G,15790762.0,34725485.0,0.007544076570900545
100036118|F|0-16:G>C-16:G>C,100013542|F|0-30:C>G-30:C>G,15790762.0,34725490.0,0.0005852446604253279
100036118|F|0-16:G>C-16:G>C,100021285|F|0-67:T>C-67:T>C,15790762.0,34855449.0,0.0007046744596305346
100036118|F|0-16:G>C-16:G>C,100033734|F|0-65:A>G-65:A>G,15790762.0,35379386.0,0.005907736274541089
100036118|F|0-16:G>C-16:G>C,100021520|F|0-23:T>C-23:T>C,15790762.0,36065991.0,0.01349380726563686
100036118|F|0-16:G>C-16:G>C,100019045|F|0-23:G>C-23:G>C,15790762.0,36149336.0,0.000617481250890344
100036118|F|0-16:G>C-16:G>C,100057957|F|0-57:C>A-57:C>A,15790762.0,36576268.0,0.060082943777250944
100036118|F|0-16:G>C-16:G>C,100014666|F|0-59:T>C-59:T>C,15790762.0,37090975.0,0.0006435610994147883
100036118|F|0-16:G>C-16:G>C,100038773|F|0-28:C>G-28:C>G,15790762.0,37285877.0,0.024127210199846958
100036118|F|0-16:G>C-16:G>C,100051037|F|0-43:C>T-43:C>T,15790762.0,37902767.0,0.08800472417140698
100036118|F|0-16:G>C-16:G>C,100020809|F|0-53:C>G-53:C>G,15790762.0,39838084.0,0.026373780945236312
100036118|F|0-16:G>C-16:G>C,100029380|F|0-39:A>C-39:A>C,15790762.0,40729560.0,7.359077538339554e-06
100036118|F|0-16:G>C-16:G>C,100013950|F|0-50:T>C-50:T>C,15790762.0,40800799.0,0.04781456981556683
100036118|F|0-16:G>C-16:G>C,100015799|F|0-68:C>T-68:C>T,15790762.0,40825452.0,0.00015557674391522233
100036118|F|0-16:G>C-16:G>C,100043188|F|0-42:C>T-42:C>T,15790762.0,40979122.0,0.03861931130228108
100036118|F|0-16:G>C-16:G>C,100015076|F|0-33:T>C-33:T>C,15790762.0,40986668.0,0.03364568180464816
100036118|F|0-16:G>C-16:G>C,100018802|F|0-14:G>A-14:G>A,15790762.0,40988293.0,0.02913991233622454
100036118|F|0-16:G>C-16:G>C,100018271|F|0-48:A>G-48:A>G,15790762.0,41002080.0,0.03221105892698137
100036118|F|0-16:G>C-16:G>C,100017658|F|0-34:T>G-34:T>G,15790762.0,41027371.0,0.05300362938643097
100036118|F|0-16:G>C-16:G>C,100017206|F|0-15:G>C-15:G>C,15790762.0,41065538.0,0.01966377201931535
100036118|F|0-16:G>C-16:G>C,100040329|F|0-26:A>G-26:A>G,15790762.0,41159215.0,0.002694762472728467
100036118|F|0-16:G>C-16:G>C,100035489|F|0-33:C>A-33:C>A,15790762.0,41159220.0,0.0006744074696923839
100036118|F|0-16:G>C-16:G>C,100021166|F|0-38:T>C-38:T>C,15790762.0,41233248.0,0.053241542529811996
100036118|F|0-16:G>C-16:G>C,100020488|F|0-58:T>G-58:T>G,15790762.0,41740174.0,0.0028121269034961345
100036118|F|0-16:G>C-16:G>C,100046856|F|0-65:C>A-65:C>A,15790762.0,41864679.0,0.03903842202588874
100036118|F|0-16:G>C-16:G>C,100021425|F|0-50:G>C-50:G>C,15790762.0,42699263.0,0.00021376368087557576
100036118|F|0-16:G>C-16:G>C,100032947|F|0-10:A>C-10:A>C,15790762.0,42744717.0,0.025236750542060274
100036118|F|0-16:G>C-16:G>C,100014347|F|0-68:T>C-68:T>C,15790762.0,42858969.0,0.004074990529123598
100036118|F|0-16:G>C-16:G>C,100016630|F|0-66:A>T-66:A>T,15790762.0,43750313.0,0.046600668798513684
100036118|F|0-16:G>C-16:G>C,100015319|F|0-34:T>A-34:T>A,15790762.0,44449888.0,0.004885203040852969
100036118|F|0-16:G>C-16:G>C,100018345|F|0-65:A>C-65:A>C,15790762.0,44788831.0,0.0011518860227117814
100036118|F|0-16:G>C-16:G>C,100017310|F|0-9:T>G-9:T>G,15790762.0,44906172.0,0.00499900846113167
100036118|F|0-16:G>C-16:G>C,100048863|F|0-39:A>G-39:A>G,15790762.0,44946182.0,0.0013381403668427357
100036118|F|0-16:G>C-16:G>C,100033264|F|0-61:C>T-61:C>T,15790762.0,44989593.0,0.0024214313916883167
100036118|F|0-16:G>C-16:G>C,100020314|F|0-31:G>A-31:G>A,15790762.0,45007549.0,0.00032619302168210626
100036118|F|0-16:G>C-16:G>C,100041823|F|0-64:C>T-64:C>T,15790762.0,45303483.0,0.01065290824352668
100036118|F|0-16:G>C-16:G>C,100015397|F|0-30:G>C-30:G>C,15790762.0,45844613.0,3.812345900965699e-05
100036118|F|0-16:G>C-16:G>C,100029049|F|0-10:A>G-10:A>G,15790762.0,46654939.0,0.004398532514145415
100036118|F|0-16:G>C-16:G>C,100030430|F|0-19:A>C-19:A>C,15790762.0,46846957.0,0.0005715485154445132
100036118|F|0-16:G>C-16:G>C,100021654|F|0-23:G>T-23:G>T,15790762.0,46876617.0,0.0059084680952291285
100036118|F|0-16:G>C-16:G>C,100034493|F|0-32:C>T-32:C>T,15790762.0,46898850.0,0.001983056489671485
100036118|F|0-16:G>C-16:G>C,100019198|F|0-35:G>T-35:G>T,15790762.0,46921983.0,0.0007896388881883756
100036118|F|0-16:G>C-16:G>C,100020755|F|0-11:C>A-11:C>A,15790762.0,46921988.0,0.0018160437533959624
100036118|F|0-16:G>C-16:G>C,100030713|F|0-35:T>A-35:T>A,15790762.0,46975334.0,0.0801976740180436
100036118|F|0-16:G>C-16:G>C,100035377|F|0-67:C>G-67:C>G,15790762.0,47016484.0,0.04464051236002268
100036118|F|0-16:G>C-16:G>C,100014882|F|0-19:A>G-19:A>G,15790762.0,47035718.0,0.013785864717216914
100036118|F|0-16:G>C-16:G>C,100016158|F|0-51:C>A-51:C>A,15790762.0,47150489.0,0.0007046744596305389
100021422|F|0-18:C>G-18:C>G,100041283|F|0-68:T>A-68:T>A,15863195.0,16181585.0,0.05861223587306002
100021422|F|0-18:C>G-18:C>G,100053824|F|0-47:A>G-47:A>G,15863195.0,16226345.0,0.004771860154363376
100021422|F|0-18:C>G-18:C>G,100021123|F|0-50:T>C-50:T>C,15863195.0,17173866.0,0.017246366657318494
100021422|F|0-18:C>G-18:C>G,100021768|F|0-13:C>T-13:C>T,15863195.0,17179674.0,0.019710157696719015
100021422|F|0-18:C>G-18:C>G,100040976|F|0-5:T>C-5:T>C,15863195.0,17196207.0,0.01687665413820614
100021422|F|0-18:C>G-18:C>G,100040977|F|0-30:G>T-30:G>T,15863195.0,17196207.0,0.01687665413820614
100021422|F|0-18:C>G-18:C>G,100016880|F|0-51:C>A-51:C>A,15863195.0,17507025.0,0.0030158915993774957
100021422|F|0-18:C>G-18:C>G,100021275|F|0-33:T>A-33:T>A,15863195.0,17703648.0,9.795062798596309e-05
100021422|F|0-18:C>G-18:C>G,100017523|F|0-41:C>T-41:C>T,15863195.0,17927516.0,0.007947357552643032
100021422|F|0-18:C>G-18:C>G,100032842|F|0-24:A>C-24:A>C,15863195.0,18176550.0,0.0021098227507390667
100021422|F|0-18:C>G-18:C>G,100032841|F|0-19:T>A-19:T>A,15863195.0,18176550.0,0.002669803211297267
100021422|F|0-18:C>G-18:C>G,100033379|F|0-46:C>G-46:C>G,15863195.0,18202707.0,0.003479003676567426
100021422|F|0-18:C>G-18:C>G,100022600|F|0-31:A>T-31:A>T,15863195.0,18245914.0,0.013754098660167077
100021422|F|0-18:C>G-18:C>G,100019074|F|0-23:A>T-23:A>T,15863195.0,18451325.0,0.023013431819149367
100021422|F|0-18:C>G-18:C>G,100035266|F|0-39:C>T-39:C>T,15863195.0,18675661.0,0.06840110737413728
100021422|F|0-18:C>G-18:C>G,100016256|F|0-31:A>C-31:A>C,15863195.0,19574145.0,0.12028857479387518
100021422|F|0-18:C>G-18:C>G,100036101|F|0-41:G>C-41:G>C,15863195.0,19902376.0,0.06509468276489519
100021422|F|0-18:C>G-18:C>G,100044506|F|0-28:G>A-28:G>A,15863195.0,19987479.0,0.030737279981419806
100021422|F|0-18:C>G-18:C>G,100013122|F|0-67:G>A-67:G>A,15863195.0,26458664.0,0.011008426202772495
100021422|F|0-18:C>G-18:C>G,100017906|F|0-31:G>A-31:G>A,15863195.0,26571479.0,0.023251858104591364
100021422|F|0-18:C>G-18:C>G,100021519|F|0-20:C>T-20:C>T,15863195.0,26856823.0,0.0582477752379611
100021422|F|0-18:C>G-18:C>G,100038609|F|0-8:A>T-8:A>T,15863195.0,27247323.0,0.0395892287240542
100021422|F|0-18:C>G-18:C>G,100028909|F|0-9:C>T-9:C>T,15863195.0,27271569.0,0.05397539494565932
100021422|F|0-18:C>G-18:C>G,100021397|F|0-9:C>T-9:C>T,15863195.0,27420869.0,0.016508117317721137
100021422|F|0-18:C>G-18:C>G,100017892|F|0-32:A>G-32:A>G,15863195.0,27451898.0,0.007842550881719604
100021422|F|0-18:C>G-18:C>G,100033136|F|0-68:A>G-68:A>G,15863195.0,27783976.0,0.018783262106944434
100021422|F|0-18:C>G-18:C>G,100020699|F|0-40:A>G-40:A>G,15863195.0,30507860.0,0.03136682542121167
100021422|F|0-18:C>G-18:C>G,100014559|F|0-31:C>A-31:C>A,15863195.0,30836975.0,0.0005245141342756187
100021422|F|0-18:C>G-18:C>G,100017321|F|0-51:A>T-51:A>T,15863195.0,31197415.0,2.2185649515142844e-05
100021422|F|0-18:C>G-18:C>G,100040910|F|0-51:A>G-51:A>G,15863195.0,31200593.0,0.06423362914609915
100021422|F|0-18:C>G-18:C>G,100016298|F|0-19:G>A-19:G>A,15863195.0,31539538.0,0.011796469614490828
100021422|F|0-18:C>G-18:C>G,100016431|F|0-28:C>T-28:C>T,15863195.0,32001840.0,0.009368066398225006
100021422|F|0-18:C>G-18:C>G,100020933|F|0-51:T>C-51:T>C,15863195.0,32243895.0,0.13238398619865158
100021422|F|0-18:C>G-18:C>G,100014677|F|0-27:A>C-27:A>C,15863195.0,32410962.0,6.463214999627742e-08
100021422|F|0-18:C>G-18:C>G,100017923|F|0-57:A>G-57:A>G,15863195.0,32459789.0,0.004941704932297758
100021422|F|0-18:C>G-18:C>G,100048091|F|0-43:A>T-43:A>T,15863195.0,32463417.0,0.0010097574951492014
100021422|F|0-18:C>G-18:C>G,100020456|F|0-16:A>C-16:A>C,15863195.0,32467328.0,0.001848811351123759
100021422|F|0-18:C>G-18:C>G,100034584|F|0-9:T>C-9:T>C,15863195.0,32472994.0,0.0020714185480271317
100021422|F|0-18:C>G-18:C>G,100033527|F|0-13:C>T-13:C>T,15863195.0,32475333.0,0.0020714185480271317
100021422|F|0-18:C>G-18:C>G,100018446|F|0-67:T>A-67:T>A,15863195.0,33239334.0,0.015786563180967196
100021422|F|0-18:C>G-18:C>G,100013877|F|0-19:G>T-19:G>T,15863195.0,34079859.0,0.0025188101620567736
100021422|F|0-18:C>G-18:C>G,100035010|F|0-32:A>C-32:A>C,15863195.0,34165746.0,0.023890458120181132
100021422|F|0-18:C>G-18:C>G,100028703|F|0-9:T>G-9:T>G,15863195.0,34482430.0,0.01060370685718781
100021422|F|0-18:C>G-18:C>G,100014587|F|0-36:A>C-36:A>C,15863195.0,34723473.0,0.022376092059214755
100021422|F|0-18:C>G-18:C>G,100040405|F|0-35:T>A-35:T>A,15863195.0,34724344.0,0.005981381202229299
100021422|F|0-18:C>G-18:C>G,100016549|F|0-30:A>G-30:A>G,15863195.0,34725485.0,0.025918973301923724
100021422|F|0-18:C>G-18:C>G,100013542|F|0-30:C>G-30:C>G,15863195.0,34725490.0,0.000555270556017089
100021422|F|0-18:C>G-18:C>G,100021285|F|0-67:T>C-67:T>C,15863195.0,34855449.0,7.70400197222432e-06
100021422|F|0-18:C>G-18:C>G,100033734|F|0-65:A>G-65:A>G,15863195.0,35379386.0,0.005283778422128362
100021422|F|0-18:C>G-18:C>G,100021520|F|0-23:T>C-23:T>C,15863195.0,36065991.0,0.016454735480017992
100021422|F|0-18:C>G-18:C>G,100019045|F|0-23:G>C-23:G>C,15863195.0,36149336.0,0.00542374507444537
100021422|F|0-18:C>G-18:C>G,100057957|F|0-57:C>A-57:C>A,15863195.0,36576268.0,0.033328389321930364
100021422|F|0-18:C>G-18:C>G,100014666|F|0-59:T>C-59:T>C,15863195.0,37090975.0,0.0012508208511835906
100021422|F|0-18:C>G-18:C>G,100038773|F|0-28:C>G-28:C>G,15863195.0,37285877.0,0.043310466693318825
100021422|F|0-18:C>G-18:C>G,100051037|F|0-43:C>T-43:C>T,15863195.0,37902767.0,0.03687315221460607
100021422|F|0-18:C>G-18:C>G,100020809|F|0-53:C>G-53:C>G,15863195.0,39838084.0,0.021078149396006243
100021422|F|0-18:C>G-18:C>G,100029380|F|0-39:A>C-39:A>C,15863195.0,40729560.0,1.8102299716155642e-05
100021422|F|0-18:C>G-18:C>G,100013950|F|0-50:T>C-50:T>C,15863195.0,40800799.0,0.03784900214004887
100021422|F|0-18:C>G-18:C>G,100015799|F|0-68:C>T-68:C>T,15863195.0,40825452.0,0.007465248986916019
100021422|F|0-18:C>G-18:C>G,100043188|F|0-42:C>T-42:C>T,15863195.0,40979122.0,0.026993063310594888
100021422|F|0-18:C>G-18:C>G,100015076|F|0-33:T>C-33:T>C,15863195.0,40986668.0,0.023300419069454893
100021422|F|0-18:C>G-18:C>G,100018802|F|0-14:G>A-14:G>A,15863195.0,40988293.0,0.0194550968210979
100021422|F|0-18:C>G-18:C>G,100018271|F|0-48:A>G-48:A>G,15863195.0,41002080.0,0.022306909279689046
100021422|F|0-18:C>G-18:C>G,100017658|F|0-34:T>G-34:T>G,15863195.0,41027371.0,0.03853664415962765
100021422|F|0-18:C>G-18:C>G,100017206|F|0-15:G>C-15:G>C,15863195.0,41065538.0,0.03027652928789538
100021422|F|0-18:C>G-18:C>G,100040329|F|0-26:A>G-26:A>G,15863195.0,41159215.0,0.002256506835119633
100021422|F|0-18:C>G-18:C>G,100035489|F|0-33:C>A-33:C>A,15863195.0,41159220.0,0.0003819820152772276
100021422|F|0-18:C>G-18:C>G,100021166|F|0-38:T>C-38:T>C,15863195.0,41233248.0,0.01814931421968419
100021422|F|0-18:C>G-18:C>G,100020488|F|0-58:T>G-58:T>G,15863195.0,41740174.0,0.0011844365043330535
100021422|F|0-18:C>G-18:C>G,100046856|F|0-65:C>A-65:C>A,15863195.0,41864679.0,0.005204933867494919
100021422|F|0-18:C>G-18:C>G,100021425|F|0-50:G>C-50:G>C,15863195.0,42699263.0,0.00173083493872056
100021422|F|0-18:C>G-18:C>G,100032947|F|0-10:A>C-10:A>C,15863195.0,42744717.0,0.0295681987459294
100021422|F|0-18:C>G-18:C>G,100014347|F|0-68:T>C-68:T>C,15863195.0,42858969.0,0.0006374370331967504
100021422|F|0-18:C>G-18:C>G,100016630|F|0-66:A>T-66:A>T,15863195.0,43750313.0,0.012980551507851169
100021422|F|0-18:C>G-18:C>G,100015319|F|0-34:T>A-34:T>A,15863195.0,44449888.0,0.019326625709842123
100021422|F|0-18:C>G-18:C>G,100018345|F|0-65:A>C-65:A>C,15863195.0,44788831.0,0.001617531277868354
100021422|F|0-18:C>G-18:C>G,100017310|F|0-9:T>G-9:T>G,15863195.0,44906172.0,2.2929579640464926e-05
100021422|F|0-18:C>G-18:C>G,100048863|F|0-39:A>G-39:A>G,15863195.0,44946182.0,0.0014046817271198937
100021422|F|0-18:C>G-18:C>G,100033264|F|0-61:C>T-61:C>T,15863195.0,44989593.0,0.006513413091476015
100021422|F|0-18:C>G-18:C>G,100020314|F|0-31:G>A-31:G>A,15863195.0,45007549.0,0.0007871783092784002
100021422|F|0-18:C>G-18:C>G,100041823|F|0-64:C>T-64:C>T,15863195.0,45303483.0,0.0006602333528762365
100021422|F|0-18:C>G-18:C>G,100015397|F|0-30:G>C-30:G>C,15863195.0,45844613.0,0.000394103591336382
100021422|F|0-18:C>G-18:C>G,100029049|F|0-10:A>G-10:A>G,15863195.0,46654939.0,0.000997971997416316
100021422|F|0-18:C>G-18:C>G,100030430|F|0-19:A>C-19:A>C,15863195.0,46846957.0,0.015935427230663
100021422|F|0-18:C>G-18:C>G,100021654|F|0-23:G>T-23:G>T,15863195.0,46876617.0,0.0042140010787842744
100021422|F|0-18:C>G-18:C>G,100034493|F|0-32:C>T-32:C>T,15863195.0,46898850.0,0.0009351301058018276
100021422|F|0-18:C>G-18:C>G,100019198|F|0-35:G>T-35:G>T,15863195.0,46921983.0,0.000971035521849495
100021422|F|0-18:C>G-18:C>G,100020755|F|0-11:C>A-11:C>A,15863195.0,46921988.0,0.0008563735809337648
100021422|F|0-18:C>G-18:C>G,100030713|F|0-35:T>A-35:T>A,15863195.0,46975334.0,0.0047665048173475355
100021422|F|0-18:C>G-18:C>G,100035377|F|0-67:C>G-67:C>G,15863195.0,47016484.0,0.037738815356051884
100021422|F|0-18:C>G-18:C>G,100014882|F|0-19:A>G-19:A>G,15863195.0,47035718.0,9.393710738123409e-05
100021422|F|0-18:C>G-18:C>G,100016158|F|0-51:C>A-51:C>A,15863195.0,47150489.0,0.016657978264442444
100041283|F|0-68:T>A-68:T>A,100053824|F|0-47:A>G-47:A>G,16181585.0,16226345.0,0.11926627238680969
100041283|F|0-68:T>A-68:T>A,100021123|F|0-50:T>C-50:T>C,16181585.0,17173866.0,0.1063194687776616
100041283|F|0-68:T>A-68:T>A,100021768|F|0-13:C>T-13:C>T,16181585.0,17179674.0,0.10404261355675751
100041283|F|0-68:T>A-68:T>A,100040976|F|0-5:T>C-5:T>C,16181585.0,17196207.0,0.12342255196471777
100041283|F|0-68:T>A-68:T>A,100040977|F|0-30:G>T-30:G>T,16181585.0,17196207.0,0.14046447189549663
100041283|F|0-68:T>A-68:T>A,100016880|F|0-51:C>A-51:C>A,16181585.0,17507025.0,0.032416364747245296
100041283|F|0-68:T>A-68:T>A,100021275|F|0-33:T>A-33:T>A,16181585.0,17703648.0,0.024980624958382925
100041283|F|0-68:T>A-68:T>A,100017523|F|0-41:C>T-41:C>T,16181585.0,17927516.0,0.0075365718488258834
100041283|F|0-68:T>A-68:T>A,100032842|F|0-24:A>C-24:A>C,16181585.0,18176550.0,1.2540918633690139e-05
100041283|F|0-68:T>A-68:T>A,100032841|F|0-19:T>A-19:T>A,16181585.0,18176550.0,0.00032749038443108034
100041283|F|0-68:T>A-68:T>A,100033379|F|0-46:C>G-46:C>G,16181585.0,18202707.0,0.0007518219958386898
100041283|F|0-68:T>A-68:T>A,100022600|F|0-31:A>T-31:A>T,16181585.0,18245914.0,0.002070888023694897
100041283|F|0-68:T>A-68:T>A,100019074|F|0-23:A>T-23:A>T,16181585.0,18451325.0,0.00797697015821292
100041283|F|0-68:T>A-68:T>A,100035266|F|0-39:C>T-39:C>T,16181585.0,18675661.0,0.0020580542811816606
100041283|F|0-68:T>A-68:T>A,100016256|F|0-31:A>C-31:A>C,16181585.0,19574145.0,0.05351268310849955
100041283|F|0-68:T>A-68:T>A,100036101|F|0-41:G>C-41:G>C,16181585.0,19902376.0,0.006386420800984296
100041283|F|0-68:T>A-68:T>A,100044506|F|0-28:G>A-28:G>A,16181585.0,19987479.0,0.024438781264096997
100041283|F|0-68:T>A-68:T>A,100013122|F|0-67:G>A-67:G>A,16181585.0,26458664.0,0.05831109134045076
100041283|F|0-68:T>A-68:T>A,100017906|F|0-31:G>A-31:G>A,16181585.0,26571479.0,0.010658108046288124
100041283|F|0-68:T>A-68:T>A,100021519|F|0-20:C>T-20:C>T,16181585.0,26856823.0,0.004974574245820146
100041283|F|0-68:T>A-68:T>A,100038609|F|0-8:A>T-8:A>T,16181585.0,27247323.0,0.029532936607551543
100041283|F|0-68:T>A-68:T>A,100028909|F|0-9:C>T-9:C>T,16181585.0,27271569.0,0.04017481153635874
100041283|F|0-68:T>A-68:T>A,100021397|F|0-9:C>T-9:C>T,16181585.0,27420869.0,0.10689306926212254
100041283|F|0-68:T>A-68:T>A,100017892|F|0-32:A>G-32:A>G,16181585.0,27451898.0,0.14190661460362589
100041283|F|0-68:T>A-68:T>A,100033136|F|0-68:A>G-68:A>G,16181585.0,27783976.0,0.06692635621258629
100041283|F|0-68:T>A-68:T>A,100020699|F|0-40:A>G-40:A>G,16181585.0,30507860.0,0.01137363646913195
100041283|F|0-68:T>A-68:T>A,100014559|F|0-31:C>A-31:C>A,16181585.0,30836975.0,0.021305975682087787
100041283|F|0-68:T>A-68:T>A,100017321|F|0-51:A>T-51:A>T,16181585.0,31197415.0,0.021499115860008994
100041283|F|0-68:T>A-68:T>A,100040910|F|0-51:A>G-51:A>G,16181585.0,31200593.0,0.01737373469539922
100041283|F|0-68:T>A-68:T>A,100016298|F|0-19:G>A-19:G>A,16181585.0,31539538.0,0.06377440607867657
100041283|F|0-68:T>A-68:T>A,100016431|F|0-28:C>T-28:C>T,16181585.0,32001840.0,0.0031449143424646165
100041283|F|0-68:T>A-68:T>A,100020933|F|0-51:T>C-51:T>C,16181585.0,32243895.0,0.1422937448086139
100041283|F|0-68:T>A-68:T>A,100014677|F|0-27:A>C-27:A>C,16181585.0,32410962.0,0.03436480656691436
100041283|F|0-68:T>A-68:T>A,100017923|F|0-57:A>G-57:A>G,16181585.0,32459789.0,0.001140842763050118
100041283|F|0-68:T>A-68:T>A,100048091|F|0-43:A>T-43:A>T,16181585.0,32463417.0,0.0004460128038810473
100041283|F|0-68:T>A-68:T>A,100020456|F|0-16:A>C-16:A>C,16181585.0,32467328.0,0.0004652199642517793
100041283|F|0-68:T>A-68:T>A,100034584|F|0-9:T>C-9:T>C,16181585.0,32472994.0,5.708496272140384e-06
100041283|F|0-68:T>A-68:T>A,100033527|F|0-13:C>T-13:C>T,16181585.0,32475333.0,5.708496272140384e-06
100041283|F|0-68:T>A-68:T>A,100018446|F|0-67:T>A-67:T>A,16181585.0,33239334.0,0.01083911885826581
100041283|F|0-68:T>A-68:T>A,100013877|F|0-19:G>T-19:G>T,16181585.0,34079859.0,0.0003324048792626244
100041283|F|0-68:T>A-68:T>A,100035010|F|0-32:A>C-32:A>C,16181585.0,34165746.0,0.02671963251624355
100041283|F|0-68:T>A-68:T>A,100028703|F|0-9:T>G-9:T>G,16181585.0,34482430.0,0.04447242854009138
100041283|F|0-68:T>A-68:T>A,100014587|F|0-36:A>C-36:A>C,16181585.0,34723473.0,0.047528258531964435
100041283|F|0-68:T>A-68:T>A,100040405|F|0-35:T>A-35:T>A,16181585.0,34724344.0,0.020524256289380843
100041283|F|0-68:T>A-68:T>A,100016549|F|0-30:A>G-30:A>G,16181585.0,34725485.0,0.023358726275207645
100041283|F|0-68:T>A-68:T>A,100013542|F|0-30:C>G-30:C>G,16181585.0,34725490.0,4.3375500746057214e-06
100041283|F|0-68:T>A-68:T>A,100021285|F|0-67:T>C-67:T>C,16181585.0,34855449.0,0.07169745199867589
100041283|F|0-68:T>A-68:T>A,100033734|F|0-65:A>G-65:A>G,16181585.0,35379386.0,0.14966582237078888
100041283|F|0-68:T>A-68:T>A,100021520|F|0-23:T>C-23:T>C,16181585.0,36065991.0,0.004176900071842681
100041283|F|0-68:T>A-68:T>A,100019045|F|0-23:G>C-23:G>C,16181585.0,36149336.0,0.013048399362294339
100041283|F|0-68:T>A-68:T>A,100057957|F|0-57:C>A-57:C>A,16181585.0,36576268.0,4.697358581323277e-07
100041283|F|0-68:T>A-68:T>A,100014666|F|0-59:T>C-59:T>C,16181585.0,37090975.0,0.03991748811135964
100041283|F|0-68:T>A-68:T>A,100038773|F|0-28:C>G-28:C>G,16181585.0,37285877.0,0.006466057825934484
100041283|F|0-68:T>A-68:T>A,100051037|F|0-43:C>T-43:C>T,16181585.0,37902767.0,0.009672918224623909
100041283|F|0-68:T>A-68:T>A,100020809|F|0-53:C>G-53:C>G,16181585.0,39838084.0,0.0001965571464040392
100041283|F|0-68:T>A-68:T>A,100029380|F|0-39:A>C-39:A>C,16181585.0,40729560.0,0.0109766665694339
100041283|F|0-68:T>A-68:T>A,100013950|F|0-50:T>C-50:T>C,16181585.0,40800799.0,0.0720579221175215
100041283|F|0-68:T>A-68:T>A,100015799|F|0-68:C>T-68:C>T,16181585.0,40825452.0,0.00028906561147011935
100041283|F|0-68:T>A-68:T>A,100043188|F|0-42:C>T-42:C>T,16181585.0,40979122.0,0.02929779616687395
100041283|F|0-68:T>A-68:T>A,100015076|F|0-33:T>C-33:T>C,16181585.0,40986668.0,0.029015529561725307
100041283|F|0-68:T>A-68:T>A,100018802|F|0-14:G>A-14:G>A,16181585.0,40988293.0,0.04592363431277813
100041283|F|0-68:T>A-68:T>A,100018271|F|0-48:A>G-48:A>G,16181585.0,41002080.0,0.04373007404946428
100041283|F|0-68:T>A-68:T>A,100017658|F|0-34:T>G-34:T>G,16181585.0,41027371.0,0.044264398589015645
100041283|F|0-68:T>A-68:T>A,100017206|F|0-15:G>C-15:G>C,16181585.0,41065538.0,0.008479971678707508
100041283|F|0-68:T>A-68:T>A,100040329|F|0-26:A>G-26:A>G,16181585.0,41159215.0,0.011312567536656761
100041283|F|0-68:T>A-68:T>A,100035489|F|0-33:C>A-33:C>A,16181585.0,41159220.0,0.007586171629442879
100041283|F|0-68:T>A-68:T>A,100021166|F|0-38:T>C-38:T>C,16181585.0,41233248.0,0.0296472061527045
100041283|F|0-68:T>A-68:T>A,100020488|F|0-58:T>G-58:T>G,16181585.0,41740174.0,0.0027398656036899363
100041283|F|0-68:T>A-68:T>A,100046856|F|0-65:C>A-65:C>A,16181585.0,41864679.0,0.0013097275426706247
100041283|F|0-68:T>A-68:T>A,100021425|F|0-50:G>C-50:G>C,16181585.0,42699263.0,0.05423706722139795
100041283|F|0-68:T>A-68:T>A,100032947|F|0-10:A>C-10:A>C,16181585.0,42744717.0,0.0047437556031618925
100041283|F|0-68:T>A-68:T>A,100014347|F|0-68:T>C-68:T>C,16181585.0,42858969.0,6.927364578610126e-05
100041283|F|0-68:T>A-68:T>A,100016630|F|0-66:A>T-66:A>T,16181585.0,43750313.0,0.017266534701387195
100041283|F|0-68:T>A-68:T>A,100015319|F|0-34:T>A-34:T>A,16181585.0,44449888.0,0.027223186583689767
100041283|F|0-68:T>A-68:T>A,100018345|F|0-65:A>C-65:A>C,16181585.0,44788831.0,0.1241023347751093
100041283|F|0-68:T>A-68:T>A,100017310|F|0-9:T>G-9:T>G,16181585.0,44906172.0,0.002095669739221749
100041283|F|0-68:T>A-68:T>A,100048863|F|0-39:A>G-39:A>G,16181585.0,44946182.0,0.1205588364416303
100041283|F|0-68:T>A-68:T>A,100033264|F|0-61:C>T-61:C>T,16181585.0,44989593.0,0.06168759431545191
100041283|F|0-68:T>A-68:T>A,100020314|F|0-31:G>A-31:G>A,16181585.0,45007549.0,0.054533892267394656
100041283|F|0-68:T>A-68:T>A,100041823|F|0-64:C>T-64:C>T,16181585.0,45303483.0,0.004488294527871302
100041283|F|0-68:T>A-68:T>A,100015397|F|0-30:G>C-30:G>C,16181585.0,45844613.0,0.026796820103361405
100041283|F|0-68:T>A-68:T>A,100029049|F|0-10:A>G-10:A>G,16181585.0,46654939.0,0.004850189415681351
100041283|F|0-68:T>A-68:T>A,100030430|F|0-19:A>C-19:A>C,16181585.0,46846957.0,0.006159394852601061
100041283|F|0-68:T>A-68:T>A,100021654|F|0-23:G>T-23:G>T,16181585.0,46876617.0,0.0002598363654504945
100041283|F|0-68:T>A-68:T>A,100034493|F|0-32:C>T-32:C>T,16181585.0,46898850.0,0.00012445180915896363
100041283|F|0-68:T>A-68:T>A,100019198|F|0-35:G>T-35:G>T,16181585.0,46921983.0,0.0027495623040867546
100041283|F|0-68:T>A-68:T>A,100020755|F|0-11:C>A-11:C>A,16181585.0,46921988.0,0.004946871608490453
100041283|F|0-68:T>A-68:T>A,100030713|F|0-35:T>A-35:T>A,16181585.0,46975334.0,0.007396662740981602
100041283|F|0-68:T>A-68:T>A,100035377|F|0-67:C>G-67:C>G,16181585.0,47016484.0,0.0016556531801721493
100041283|F|0-68:T>A-68:T>A,100014882|F|0-19:A>G-19:A>G,16181585.0,47035718.0,0.03434186869810199
100041283|F|0-68:T>A-68:T>A,100016158|F|0-51:C>A-51:C>A,16181585.0,47150489.0,0.07126748324091697
100053824|F|0-47:A>G-47:A>G,100021123|F|0-50:T>C-50:T>C,16226345.0,17173866.0,0.007815962817219356
100053824|F|0-47:A>G-47:A>G,100021768|F|0-13:C>T-13:C>T,16226345.0,17179674.0,0.009215607603189754
100053824|F|0-47:A>G-47:A>G,100040976|F|0-5:T>C-5:T>C,16226345.0,17196207.0,0.029588818894334786
100053824|F|0-47:A>G-47:A>G,100040977|F|0-30:G>T-30:G>T,16226345.0,17196207.0,0.0406497646520511
100053824|F|0-47:A>G-47:A>G,100016880|F|0-51:C>A-51:C>A,16226345.0,17507025.0,0.11787276494513102
100053824|F|0-47:A>G-47:A>G,100021275|F|0-33:T>A-33:T>A,16226345.0,17703648.0,0.00022254003145722782
100053824|F|0-47:A>G-47:A>G,100017523|F|0-41:C>T-41:C>T,16226345.0,17927516.0,0.00019962943785597662
100053824|F|0-47:A>G-47:A>G,100032842|F|0-24:A>C-24:A>C,16226345.0,18176550.0,0.0007182671360136783
100053824|F|0-47:A>G-47:A>G,100032841|F|0-19:T>A-19:T>A,16226345.0,18176550.0,0.012140488869067824
100053824|F|0-47:A>G-47:A>G,100033379|F|0-46:C>G-46:C>G,16226345.0,18202707.0,0.0018044730695572105
100053824|F|0-47:A>G-47:A>G,100022600|F|0-31:A>T-31:A>T,16226345.0,18245914.0,0.010148818927080788
100053824|F|0-47:A>G-47:A>G,100019074|F|0-23:A>T-23:A>T,16226345.0,18451325.0,0.030085309390427983
100053824|F|0-47:A>G-47:A>G,100035266|F|0-39:C>T-39:C>T,16226345.0,18675661.0,0.030085309390428003
100053824|F|0-47:A>G-47:A>G,100016256|F|0-31:A>C-31:A>C,16226345.0,19574145.0,0.003830708207837526
100053824|F|0-47:A>G-47:A>G,100036101|F|0-41:G>C-41:G>C,16226345.0,19902376.0,0.037325433107081564
100053824|F|0-47:A>G-47:A>G,100044506|F|0-28:G>A-28:G>A,16226345.0,19987479.0,0.00947564367094284
100053824|F|0-47:A>G-47:A>G,100013122|F|0-67:G>A-67:G>A,16226345.0,26458664.0,0.028313099969150955
100053824|F|0-47:A>G-47:A>G,100017906|F|0-31:G>A-31:G>A,16226345.0,26571479.0,0.00251784353036745
100053824|F|0-47:A>G-47:A>G,100021519|F|0-20:C>T-20:C>T,16226345.0,26856823.0,0.0019656951804570178
100053824|F|0-47:A>G-47:A>G,100038609|F|0-8:A>T-8:A>T,16226345.0,27247323.0,0.008238922512649297
100053824|F|0-47:A>G-47:A>G,100028909|F|0-9:C>T-9:C>T,16226345.0,27271569.0,0.051155336854019386
100053824|F|0-47:A>G-47:A>G,100021397|F|0-9:C>T-9:C>T,16226345.0,27420869.0,0.057600269257065996
100053824|F|0-47:A>G-47:A>G,100017892|F|0-32:A>G-32:A>G,16226345.0,27451898.0,0.03005928847988657
100053824|F|0-47:A>G-47:A>G,100033136|F|0-68:A>G-68:A>G,16226345.0,27783976.0,0.06994155139184643
100053824|F|0-47:A>G-47:A>G,100020699|F|0-40:A>G-40:A>G,16226345.0,30507860.0,0.004807840241238197
100053824|F|0-47:A>G-47:A>G,100014559|F|0-31:C>A-31:C>A,16226345.0,30836975.0,0.010084925690021259
100053824|F|0-47:A>G-47:A>G,100017321|F|0-51:A>T-51:A>T,16226345.0,31197415.0,0.0015546795059926588
100053824|F|0-47:A>G-47:A>G,100040910|F|0-51:A>G-51:A>G,16226345.0,31200593.0,0.010854767345748067
100053824|F|0-47:A>G-47:A>G,100016298|F|0-19:G>A-19:G>A,16226345.0,31539538.0,0.00804307492205582
100053824|F|0-47:A>G-47:A>G,100016431|F|0-28:C>T-28:C>T,16226345.0,32001840.0,0.04135601310093982
100053824|F|0-47:A>G-47:A>G,100020933|F|0-51:T>C-51:T>C,16226345.0,32243895.0,0.037712011135509926
100053824|F|0-47:A>G-47:A>G,100014677|F|0-27:A>C-27:A>C,16226345.0,32410962.0,0.0062644191307730124
100053824|F|0-47:A>G-47:A>G,100017923|F|0-57:A>G-57:A>G,16226345.0,32459789.0,0.005938439472782448
100053824|F|0-47:A>G-47:A>G,100048091|F|0-43:A>T-43:A>T,16226345.0,32463417.0,0.009944385895916114
100053824|F|0-47:A>G-47:A>G,100020456|F|0-16:A>C-16:A>C,16226345.0,32467328.0,0.011500453929734577
100053824|F|0-47:A>G-47:A>G,100034584|F|0-9:T>C-9:T>C,16226345.0,32472994.0,0.01288517271721842
100053824|F|0-47:A>G-47:A>G,100033527|F|0-13:C>T-13:C>T,16226345.0,32475333.0,0.01288517271721842
100053824|F|0-47:A>G-47:A>G,100018446|F|0-67:T>A-67:T>A,16226345.0,33239334.0,0.03181584650142612
100053824|F|0-47:A>G-47:A>G,100013877|F|0-19:G>T-19:G>T,16226345.0,34079859.0,0.0007809258852527027
100053824|F|0-47:A>G-47:A>G,100035010|F|0-32:A>C-32:A>C,16226345.0,34165746.0,0.007623433332511255
100053824|F|0-47:A>G-47:A>G,100028703|F|0-9:T>G-9:T>G,16226345.0,34482430.0,0.06527346497608452
100053824|F|0-47:A>G-47:A>G,100014587|F|0-36:A>C-36:A>C,16226345.0,34723473.0,0.0057279017550290945
100053824|F|0-47:A>G-47:A>G,100040405|F|0-35:T>A-35:T>A,16226345.0,34724344.0,0.008388403292861892
100053824|F|0-47:A>G-47:A>G,100016549|F|0-30:A>G-30:A>G,16226345.0,34725485.0,0.01770022410945977
100053824|F|0-47:A>G-47:A>G,100013542|F|0-30:C>G-30:C>G,16226345.0,34725490.0,0.011884881064929503
100053824|F|0-47:A>G-47:A>G,100021285|F|0-67:T>C-67:T>C,16226345.0,34855449.0,0.05949761557958458
100053824|F|0-47:A>G-47:A>G,100033734|F|0-65:A>G-65:A>G,16226345.0,35379386.0,0.05270882700592129
100053824|F|0-47:A>G-47:A>G,100021520|F|0-23:T>C-23:T>C,16226345.0,36065991.0,0.0028075981247238065
100053824|F|0-47:A>G-47:A>G,100019045|F|0-23:G>C-23:G>C,16226345.0,36149336.0,0.006517706395193371
100053824|F|0-47:A>G-47:A>G,100057957|F|0-57:C>A-57:C>A,16226345.0,36576268.0,0.001287075586405017
100053824|F|0-47:A>G-47:A>G,100014666|F|0-59:T>C-59:T>C,16226345.0,37090975.0,0.004825086063460461
100053824|F|0-47:A>G-47:A>G,100038773|F|0-28:C>G-28:C>G,16226345.0,37285877.0,0.004727026412716126
100053824|F|0-47:A>G-47:A>G,100051037|F|0-43:C>T-43:C>T,16226345.0,37902767.0,0.005919538812549951
100053824|F|0-47:A>G-47:A>G,100020809|F|0-53:C>G-53:C>G,16226345.0,39838084.0,0.056991556806399134
100053824|F|0-47:A>G-47:A>G,100029380|F|0-39:A>C-39:A>C,16226345.0,40729560.0,0.020457964490542567
100053824|F|0-47:A>G-47:A>G,100013950|F|0-50:T>C-50:T>C,16226345.0,40800799.0,1.0175466576292062e-05
100053824|F|0-47:A>G-47:A>G,100015799|F|0-68:C>T-68:C>T,16226345.0,40825452.0,0.026446662118901103
100053824|F|0-47:A>G-47:A>G,100043188|F|0-42:C>T-42:C>T,16226345.0,40979122.0,0.032437524063262724
100053824|F|0-47:A>G-47:A>G,100015076|F|0-33:T>C-33:T>C,16226345.0,40986668.0,0.03790533884507562
100053824|F|0-47:A>G-47:A>G,100018802|F|0-14:G>A-14:G>A,16226345.0,40988293.0,0.04297575734917466
100053824|F|0-47:A>G-47:A>G,100018271|F|0-48:A>G-48:A>G,16226345.0,41002080.0,0.03628908786200468
100053824|F|0-47:A>G-47:A>G,100017658|F|0-34:T>G-34:T>G,16226345.0,41027371.0,0.018428616762411656
100053824|F|0-47:A>G-47:A>G,100017206|F|0-15:G>C-15:G>C,16226345.0,41065538.0,0.008012243198152287
100053824|F|0-47:A>G-47:A>G,100040329|F|0-26:A>G-26:A>G,16226345.0,41159215.0,0.03457162561502971
100053824|F|0-47:A>G-47:A>G,100035489|F|0-33:C>A-33:C>A,16226345.0,41159220.0,0.004131244980514232
100053824|F|0-47:A>G-47:A>G,100021166|F|0-38:T>C-38:T>C,16226345.0,41233248.0,0.00858648366723353
100053824|F|0-47:A>G-47:A>G,100020488|F|0-58:T>G-58:T>G,16226345.0,41740174.0,0.00668176983872818
100053824|F|0-47:A>G-47:A>G,100046856|F|0-65:C>A-65:C>A,16226345.0,41864679.0,0.015033571341636581
100053824|F|0-47:A>G-47:A>G,100021425|F|0-50:G>C-50:G>C,16226345.0,42699263.0,0.0032192737574253272
100053824|F|0-47:A>G-47:A>G,100032947|F|0-10:A>C-10:A>C,16226345.0,42744717.0,0.011004863498062394
100053824|F|0-47:A>G-47:A>G,100014347|F|0-68:T>C-68:T>C,16226345.0,42858969.0,0.0007660071354338777
100053824|F|0-47:A>G-47:A>G,100016630|F|0-66:A>T-66:A>T,16226345.0,43750313.0,0.00979570077577067
100053824|F|0-47:A>G-47:A>G,100015319|F|0-34:T>A-34:T>A,16226345.0,44449888.0,0.02526557179836951
100053824|F|0-47:A>G-47:A>G,100018345|F|0-65:A>C-65:A>C,16226345.0,44788831.0,0.01443901141235663
100053824|F|0-47:A>G-47:A>G,100017310|F|0-9:T>G-9:T>G,16226345.0,44906172.0,2.7554441776014687e-05
100053824|F|0-47:A>G-47:A>G,100048863|F|0-39:A>G-39:A>G,16226345.0,44946182.0,0.015192035494583308
100053824|F|0-47:A>G-47:A>G,100033264|F|0-61:C>T-61:C>T,16226345.0,44989593.0,0.018063069758919033
100053824|F|0-47:A>G-47:A>G,100020314|F|0-31:G>A-31:G>A,16226345.0,45007549.0,0.037636535818273864
100053824|F|0-47:A>G-47:A>G,100041823|F|0-64:C>T-64:C>T,16226345.0,45303483.0,0.00064265516551941
100053824|F|0-47:A>G-47:A>G,100015397|F|0-30:G>C-30:G>C,16226345.0,45844613.0,0.00047359369999233576
100053824|F|0-47:A>G-47:A>G,100029049|F|0-10:A>G-10:A>G,16226345.0,46654939.0,0.01583866972581788
100053824|F|0-47:A>G-47:A>G,100030430|F|0-19:A>C-19:A>C,16226345.0,46846957.0,0.01914957921986253
100053824|F|0-47:A>G-47:A>G,100021654|F|0-23:G>T-23:G>T,16226345.0,46876617.0,0.025799320065347763
100053824|F|0-47:A>G-47:A>G,100034493|F|0-32:C>T-32:C>T,16226345.0,46898850.0,0.02658826318194553
100053824|F|0-47:A>G-47:A>G,100019198|F|0-35:G>T-35:G>T,16226345.0,46921983.0,0.021341603172242353
100053824|F|0-47:A>G-47:A>G,100020755|F|0-11:C>A-11:C>A,16226345.0,46921988.0,0.024349003428146932
100053824|F|0-47:A>G-47:A>G,100030713|F|0-35:T>A-35:T>A,16226345.0,46975334.0,0.0007700845692872449
100053824|F|0-47:A>G-47:A>G,100035377|F|0-67:C>G-67:C>G,16226345.0,47016484.0,0.0029872376004538557
100053824|F|0-47:A>G-47:A>G,100014882|F|0-19:A>G-19:A>G,16226345.0,47035718.0,0.0015573395848077385
100053824|F|0-47:A>G-47:A>G,100016158|F|0-51:C>A-51:C>A,16226345.0,47150489.0,0.035971008410276895
100021123|F|0-50:T>C-50:T>C,100021768|F|0-13:C>T-13:C>T,17173866.0,17179674.0,0.7653489808734606
100021123|F|0-50:T>C-50:T>C,100040976|F|0-5:T>C-5:T>C,17173866.0,17196207.0,0.7570487618561724
100021123|F|0-50:T>C-50:T>C,100040977|F|0-30:G>T-30:G>T,17173866.0,17196207.0,0.7570487618561724
100021123|F|0-50:T>C-50:T>C,100016880|F|0-51:C>A-51:C>A,17173866.0,17507025.0,0.025114988821956584
100021123|F|0-50:T>C-50:T>C,100021275|F|0-33:T>A-33:T>A,17173866.0,17703648.0,0.1509349545484632
100021123|F|0-50:T>C-50:T>C,100017523|F|0-41:C>T-41:C>T,17173866.0,17927516.0,0.18007823250093669
100021123|F|0-50:T>C-50:T>C,100032842|F|0-24:A>C-24:A>C,17173866.0,18176550.0,0.20499682637373798
100021123|F|0-50:T>C-50:T>C,100032841|F|0-19:T>A-19:T>A,17173866.0,18176550.0,0.17089351480692097
100021123|F|0-50:T>C-50:T>C,100033379|F|0-46:C>G-46:C>G,17173866.0,18202707.0,0.23907940864233715
100021123|F|0-50:T>C-50:T>C,100022600|F|0-31:A>T-31:A>T,17173866.0,18245914.0,0.09379606289101523
100021123|F|0-50:T>C-50:T>C,100019074|F|0-23:A>T-23:A>T,17173866.0,18451325.0,0.06353124020458482
100021123|F|0-50:T>C-50:T>C,100035266|F|0-39:C>T-39:C>T,17173866.0,18675661.0,0.004212028510820662
100021123|F|0-50:T>C-50:T>C,100016256|F|0-31:A>C-31:A>C,17173866.0,19574145.0,3.857084705529838e-06
100021123|F|0-50:T>C-50:T>C,100036101|F|0-41:G>C-41:G>C,17173866.0,19902376.0,0.0012381538993113054
100021123|F|0-50:T>C-50:T>C,100044506|F|0-28:G>A-28:G>A,17173866.0,19987479.0,0.04385263085267869
100021123|F|0-50:T>C-50:T>C,100013122|F|0-67:G>A-67:G>A,17173866.0,26458664.0,0.13450454268210518
100021123|F|0-50:T>C-50:T>C,100017906|F|0-31:G>A-31:G>A,17173866.0,26571479.0,0.009393221642044982
100021123|F|0-50:T>C-50:T>C,100021519|F|0-20:C>T-20:C>T,17173866.0,26856823.0,0.05513395594098675
100021123|F|0-50:T>C-50:T>C,100038609|F|0-8:A>T-8:A>T,17173866.0,27247323.0,0.012100807007673298
100021123|F|0-50:T>C-50:T>C,100028909|F|0-9:C>T-9:C>T,17173866.0,27271569.0,0.0008413919768907688
100021123|F|0-50:T>C-50:T>C,100021397|F|0-9:C>T-9:C>T,17173866.0,27420869.0,0.0028824987783777774
100021123|F|0-50:T>C-50:T>C,100017892|F|0-32:A>G-32:A>G,17173866.0,27451898.0,0.02821251741487417
100021123|F|0-50:T>C-50:T>C,100033136|F|0-68:A>G-68:A>G,17173866.0,27783976.0,0.09165657972721619
100021123|F|0-50:T>C-50:T>C,100020699|F|0-40:A>G-40:A>G,17173866.0,30507860.0,0.031405459161798883
100021123|F|0-50:T>C-50:T>C,100014559|F|0-31:C>A-31:C>A,17173866.0,30836975.0,0.0013273899875100475
100021123|F|0-50:T>C-50:T>C,100017321|F|0-51:A>T-51:A>T,17173866.0,31197415.0,0.0001412759344446346
100021123|F|0-50:T>C-50:T>C,100040910|F|0-51:A>G-51:A>G,17173866.0,31200593.0,0.0012373252616259482
100021123|F|0-50:T>C-50:T>C,100016298|F|0-19:G>A-19:G>A,17173866.0,31539538.0,6.977011721781269e-05
100021123|F|0-50:T>C-50:T>C,100016431|F|0-28:C>T-28:C>T,17173866.0,32001840.0,0.012443880960368423
100021123|F|0-50:T>C-50:T>C,100020933|F|0-51:T>C-51:T>C,17173866.0,32243895.0,0.03959331742765297
100021123|F|0-50:T>C-50:T>C,100014677|F|0-27:A>C-27:A>C,17173866.0,32410962.0,0.0002558617288363148
100021123|F|0-50:T>C-50:T>C,100017923|F|0-57:A>G-57:A>G,17173866.0,32459789.0,0.02023531870969531
100021123|F|0-50:T>C-50:T>C,100048091|F|0-43:A>T-43:A>T,17173866.0,32463417.0,0.04464405072151493
100021123|F|0-50:T>C-50:T>C,100020456|F|0-16:A>C-16:A>C,17173866.0,32467328.0,0.024066405419038196
100021123|F|0-50:T>C-50:T>C,100034584|F|0-9:T>C-9:T>C,17173866.0,32472994.0,0.036287246807354005
100021123|F|0-50:T>C-50:T>C,100033527|F|0-13:C>T-13:C>T,17173866.0,32475333.0,0.036287246807354005
100021123|F|0-50:T>C-50:T>C,100018446|F|0-67:T>A-67:T>A,17173866.0,33239334.0,0.018526673619677504
100021123|F|0-50:T>C-50:T>C,100013877|F|0-19:G>T-19:G>T,17173866.0,34079859.0,0.008354041143298047
100021123|F|0-50:T>C-50:T>C,100035010|F|0-32:A>C-32:A>C,17173866.0,34165746.0,0.026239598507544502
100021123|F|0-50:T>C-50:T>C,100028703|F|0-9:T>G-9:T>G,17173866.0,34482430.0,0.014305561938523139
100021123|F|0-50:T>C-50:T>C,100014587|F|0-36:A>C-36:A>C,17173866.0,34723473.0,0.00041786778837287576
100021123|F|0-50:T>C-50:T>C,100040405|F|0-35:T>A-35:T>A,17173866.0,34724344.0,0.00964306173999513
100021123|F|0-50:T>C-50:T>C,100016549|F|0-30:A>G-30:A>G,17173866.0,34725485.0,0.00042541715759640536
100021123|F|0-50:T>C-50:T>C,100013542|F|0-30:C>G-30:C>G,17173866.0,34725490.0,0.00019719991190376643
100021123|F|0-50:T>C-50:T>C,100021285|F|0-67:T>C-67:T>C,17173866.0,34855449.0,0.0005952542398926493
100021123|F|0-50:T>C-50:T>C,100033734|F|0-65:A>G-65:A>G,17173866.0,35379386.0,0.057950522264103126
100021123|F|0-50:T>C-50:T>C,100021520|F|0-23:T>C-23:T>C,17173866.0,36065991.0,0.0003580280025676604
100021123|F|0-50:T>C-50:T>C,100019045|F|0-23:G>C-23:G>C,17173866.0,36149336.0,0.03161907264089321
100021123|F|0-50:T>C-50:T>C,100057957|F|0-57:C>A-57:C>A,17173866.0,36576268.0,0.00362375755502748
100021123|F|0-50:T>C-50:T>C,100014666|F|0-59:T>C-59:T>C,17173866.0,37090975.0,0.04409130693567751
100021123|F|0-50:T>C-50:T>C,100038773|F|0-28:C>G-28:C>G,17173866.0,37285877.0,0.00025048893464314716
100021123|F|0-50:T>C-50:T>C,100051037|F|0-43:C>T-43:C>T,17173866.0,37902767.0,0.0017298201353585763
100021123|F|0-50:T>C-50:T>C,100020809|F|0-53:C>G-53:C>G,17173866.0,39838084.0,0.021928143684489726
100021123|F|0-50:T>C-50:T>C,100029380|F|0-39:A>C-39:A>C,17173866.0,40729560.0,0.0005579241411100443
100021123|F|0-50:T>C-50:T>C,100013950|F|0-50:T>C-50:T>C,17173866.0,40800799.0,0.016702450156148168
100021123|F|0-50:T>C-50:T>C,100015799|F|0-68:C>T-68:C>T,17173866.0,40825452.0,0.0006269712632558684
100021123|F|0-50:T>C-50:T>C,100043188|F|0-42:C>T-42:C>T,17173866.0,40979122.0,0.013345829655203067
100021123|F|0-50:T>C-50:T>C,100015076|F|0-33:T>C-33:T>C,17173866.0,40986668.0,0.011649742047184532
100021123|F|0-50:T>C-50:T>C,100018802|F|0-14:G>A-14:G>A,17173866.0,40988293.0,0.008657873639477929
100021123|F|0-50:T>C-50:T>C,100018271|F|0-48:A>G-48:A>G,17173866.0,41002080.0,0.02957349363298255
100021123|F|0-50:T>C-50:T>C,100017658|F|0-34:T>G-34:T>G,17173866.0,41027371.0,0.043259622349961294
100021123|F|0-50:T>C-50:T>C,100017206|F|0-15:G>C-15:G>C,17173866.0,41065538.0,0.0173033693462799
100021123|F|0-50:T>C-50:T>C,100040329|F|0-26:A>G-26:A>G,17173866.0,41159215.0,0.005345998724725753
100021123|F|0-50:T>C-50:T>C,100035489|F|0-33:C>A-33:C>A,17173866.0,41159220.0,0.008060328341860027
100021123|F|0-50:T>C-50:T>C,100021166|F|0-38:T>C-38:T>C,17173866.0,41233248.0,0.022448106707789302
100021123|F|0-50:T>C-50:T>C,100020488|F|0-58:T>G-58:T>G,17173866.0,41740174.0,0.003955349691708269
100021123|F|0-50:T>C-50:T>C,100046856|F|0-65:C>A-65:C>A,17173866.0,41864679.0,0.03131668413020971
100021123|F|0-50:T>C-50:T>C,100021425|F|0-50:G>C-50:G>C,17173866.0,42699263.0,0.014920975088667533
100021123|F|0-50:T>C-50:T>C,100032947|F|0-10:A>C-10:A>C,17173866.0,42744717.0,1.0079381102890903e-05
100021123|F|0-50:T>C-50:T>C,100014347|F|0-68:T>C-68:T>C,17173866.0,42858969.0,0.018974590751172592
100021123|F|0-50:T>C-50:T>C,100016630|F|0-66:A>T-66:A>T,17173866.0,43750313.0,0.05493088980784847
100021123|F|0-50:T>C-50:T>C,100015319|F|0-34:T>A-34:T>A,17173866.0,44449888.0,0.1293229897853503
100021123|F|0-50:T>C-50:T>C,100018345|F|0-65:A>C-65:A>C,17173866.0,44788831.0,0.03626872189620232
100021123|F|0-50:T>C-50:T>C,100017310|F|0-9:T>G-9:T>G,17173866.0,44906172.0,0.09360422736402804
100021123|F|0-50:T>C-50:T>C,100048863|F|0-39:A>G-39:A>G,17173866.0,44946182.0,0.03372504554007141
100021123|F|0-50:T>C-50:T>C,100033264|F|0-61:C>T-61:C>T,17173866.0,44989593.0,0.02170000074176677
100021123|F|0-50:T>C-50:T>C,100020314|F|0-31:G>A-31:G>A,17173866.0,45007549.0,0.0053490983412964295
100021123|F|0-50:T>C-50:T>C,100041823|F|0-64:C>T-64:C>T,17173866.0,45303483.0,0.05551159044005149
100021123|F|0-50:T>C-50:T>C,100015397|F|0-30:G>C-30:G>C,17173866.0,45844613.0,0.057449882487866054
100021123|F|0-50:T>C-50:T>C,100029049|F|0-10:A>G-10:A>G,17173866.0,46654939.0,0.033309604349149535
100021123|F|0-50:T>C-50:T>C,100030430|F|0-19:A>C-19:A>C,17173866.0,46846957.0,0.0222555989218959
100021123|F|0-50:T>C-50:T>C,100021654|F|0-23:G>T-23:G>T,17173866.0,46876617.0,0.02514440700200974
100021123|F|0-50:T>C-50:T>C,100034493|F|0-32:C>T-32:C>T,17173866.0,46898850.0,0.018942327740600496
100021123|F|0-50:T>C-50:T>C,100019198|F|0-35:G>T-35:G>T,17173866.0,46921983.0,0.008833961699950406
100021123|F|0-50:T>C-50:T>C,100020755|F|0-11:C>A-11:C>A,17173866.0,46921988.0,0.004834580484962173
100021123|F|0-50:T>C-50:T>C,100030713|F|0-35:T>A-35:T>A,17173866.0,46975334.0,0.009677883270557706
100021123|F|0-50:T>C-50:T>C,100035377|F|0-67:C>G-67:C>G,17173866.0,47016484.0,0.0035562900153008254
100021123|F|0-50:T>C-50:T>C,100014882|F|0-19:A>G-19:A>G,17173866.0,47035718.0,0.011035898795054962
100021123|F|0-50:T>C-50:T>C,100016158|F|0-51:C>A-51:C>A,17173866.0,47150489.0,0.03371843199879428
100021768|F|0-13:C>T-13:C>T,100040976|F|0-5:T>C-5:T>C,17179674.0,17196207.0,0.7843764315410093
100021768|F|0-13:C>T-13:C>T,100040977|F|0-30:G>T-30:G>T,17179674.0,17196207.0,0.7843764315410093
100021768|F|0-13:C>T-13:C>T,100016880|F|0-51:C>A-51:C>A,17179674.0,17507025.0,0.04648515321127037
100021768|F|0-13:C>T-13:C>T,100021275|F|0-33:T>A-33:T>A,17179674.0,17703648.0,0.13364682065469466
100021768|F|0-13:C>T-13:C>T,100017523|F|0-41:C>T-41:C>T,17179674.0,17927516.0,0.1803096264534024
100021768|F|0-13:C>T-13:C>T,100032842|F|0-24:A>C-24:A>C,17179674.0,18176550.0,0.1688577662647715
100021768|F|0-13:C>T-13:C>T,100032841|F|0-19:T>A-19:T>A,17179674.0,18176550.0,0.11793500285085542
100021768|F|0-13:C>T-13:C>T,100033379|F|0-46:C>G-46:C>G,17179674.0,18202707.0,0.1785096601343359
100021768|F|0-13:C>T-13:C>T,100022600|F|0-31:A>T-31:A>T,17179674.0,18245914.0,0.041736481921824754
100021768|F|0-13:C>T-13:C>T,100019074|F|0-23:A>T-23:A>T,17179674.0,18451325.0,0.06989243061484783
100021768|F|0-13:C>T-13:C>T,100035266|F|0-39:C>T-39:C>T,17179674.0,18675661.0,0.04648515321127025
100021768|F|0-13:C>T-13:C>T,100016256|F|0-31:A>C-31:A>C,17179674.0,19574145.0,0.0014496734419825353
100021768|F|0-13:C>T-13:C>T,100036101|F|0-41:G>C-41:G>C,17179674.0,19902376.0,0.0016152931649408163
100021768|F|0-13:C>T-13:C>T,100044506|F|0-28:G>A-28:G>A,17179674.0,19987479.0,0.031070940076152496
100021768|F|0-13:C>T-13:C>T,100013122|F|0-67:G>A-67:G>A,17179674.0,26458664.0,0.14839491217443965
100021768|F|0-13:C>T-13:C>T,100017906|F|0-31:G>A-31:G>A,17179674.0,26571479.0,0.015198706080325943
100021768|F|0-13:C>T-13:C>T,100021519|F|0-20:C>T-20:C>T,17179674.0,26856823.0,0.03838131114009424
100021768|F|0-13:C>T-13:C>T,100038609|F|0-8:A>T-8:A>T,17179674.0,27247323.0,0.008496150118164689
100021768|F|0-13:C>T-13:C>T,100028909|F|0-9:C>T-9:C>T,17179674.0,27271569.0,0.00015923851877119521
100021768|F|0-13:C>T-13:C>T,100021397|F|0-9:C>T-9:C>T,17179674.0,27420869.0,0.00890608294471871
100021768|F|0-13:C>T-13:C>T,100017892|F|0-32:A>G-32:A>G,17179674.0,27451898.0,0.02462358261103755
100021768|F|0-13:C>T-13:C>T,100033136|F|0-68:A>G-68:A>G,17179674.0,27783976.0,0.10112201288974973
100021768|F|0-13:C>T-13:C>T,100020699|F|0-40:A>G-40:A>G,17179674.0,30507860.0,0.05368595229944083
100021768|F|0-13:C>T-13:C>T,100014559|F|0-31:C>A-31:C>A,17179674.0,30836975.0,0.00129866579177602
100021768|F|0-13:C>T-13:C>T,100017321|F|0-51:A>T-51:A>T,17179674.0,31197415.0,1.6342913549256774e-05
100021768|F|0-13:C>T-13:C>T,100040910|F|0-51:A>G-51:A>G,17179674.0,31200593.0,0.001556728423402166
100021768|F|0-13:C>T-13:C>T,100016298|F|0-19:G>A-19:G>A,17179674.0,31539538.0,0.004612683549691425
100021768|F|0-13:C>T-13:C>T,100016431|F|0-28:C>T-28:C>T,17179674.0,32001840.0,0.013047060977842867
100021768|F|0-13:C>T-13:C>T,100020933|F|0-51:T>C-51:T>C,17179674.0,32243895.0,0.030602438078537783
100021768|F|0-13:C>T-13:C>T,100014677|F|0-27:A>C-27:A>C,17179674.0,32410962.0,0.0026629819867775464
100021768|F|0-13:C>T-13:C>T,100017923|F|0-57:A>G-57:A>G,17179674.0,32459789.0,0.0049203500144844575
100021768|F|0-13:C>T-13:C>T,100048091|F|0-43:A>T-43:A>T,17179674.0,32463417.0,0.026646821586326058
100021768|F|0-13:C>T-13:C>T,100020456|F|0-16:A>C-16:A>C,17179674.0,32467328.0,0.011876343511359733
100021768|F|0-13:C>T-13:C>T,100034584|F|0-9:T>C-9:T>C,17179674.0,32472994.0,0.020377383910661385
100021768|F|0-13:C>T-13:C>T,100033527|F|0-13:C>T-13:C>T,17179674.0,32475333.0,0.020377383910661385
100021768|F|0-13:C>T-13:C>T,100018446|F|0-67:T>A-67:T>A,17179674.0,33239334.0,0.0062732915882929285
100021768|F|0-13:C>T-13:C>T,100013877|F|0-19:G>T-19:G>T,17179674.0,34079859.0,0.01030919087700243
100021768|F|0-13:C>T-13:C>T,100035010|F|0-32:A>C-32:A>C,17179674.0,34165746.0,0.010102353890029836
100021768|F|0-13:C>T-13:C>T,100028703|F|0-9:T>G-9:T>G,17179674.0,34482430.0,0.009909373274341727
100021768|F|0-13:C>T-13:C>T,100014587|F|0-36:A>C-36:A>C,17179674.0,34723473.0,0.0003823712683396604
100021768|F|0-13:C>T-13:C>T,100040405|F|0-35:T>A-35:T>A,17179674.0,34724344.0,0.010801206667348413
100021768|F|0-13:C>T-13:C>T,100016549|F|0-30:A>G-30:A>G,17179674.0,34725485.0,0.0004429133858267696
100021768|F|0-13:C>T-13:C>T,100013542|F|0-30:C>G-30:C>G,17179674.0,34725490.0,0.0027867589140739874
100021768|F|0-13:C>T-13:C>T,100021285|F|0-67:T>C-67:T>C,17179674.0,34855449.0,0.0005770081792101563
100021768|F|0-13:C>T-13:C>T,100033734|F|0-65:A>G-65:A>G,17179674.0,35379386.0,0.04876534232693202
100021768|F|0-13:C>T-13:C>T,100021520|F|0-23:T>C-23:T>C,17179674.0,36065991.0,4.9289613446206635e-05
100021768|F|0-13:C>T-13:C>T,100019045|F|0-23:G>C-23:G>C,17179674.0,36149336.0,0.045978443690613324
100021768|F|0-13:C>T-13:C>T,100057957|F|0-57:C>A-57:C>A,17179674.0,36576268.0,0.010102353890029846
100021768|F|0-13:C>T-13:C>T,100014666|F|0-59:T>C-59:T>C,17179674.0,37090975.0,0.062018519808917864
100021768|F|0-13:C>T-13:C>T,100038773|F|0-28:C>G-28:C>G,17179674.0,37285877.0,0.0009354584554667868
100021768|F|0-13:C>T-13:C>T,100051037|F|0-43:C>T-43:C>T,17179674.0,37902767.0,3.118010459885778e-05
100021768|F|0-13:C>T-13:C>T,100020809|F|0-53:C>G-53:C>G,17179674.0,39838084.0,0.0057986937679301576
100021768|F|0-13:C>T-13:C>T,100029380|F|0-39:A>C-39:A>C,17179674.0,40729560.0,0.0060310084190295845
100021768|F|0-13:C>T-13:C>T,100013950|F|0-50:T>C-50:T>C,17179674.0,40800799.0,0.032592756891304094
100021768|F|0-13:C>T-13:C>T,100015799|F|0-68:C>T-68:C>T,17179674.0,40825452.0,0.006405336517050904
100021768|F|0-13:C>T-13:C>T,100043188|F|0-42:C>T-42:C>T,17179674.0,40979122.0,0.016443727666571824
100021768|F|0-13:C>T-13:C>T,100015076|F|0-33:T>C-33:T>C,17179674.0,40986668.0,0.014472303128072425
100021768|F|0-13:C>T-13:C>T,100018802|F|0-14:G>A-14:G>A,17179674.0,40988293.0,0.010984276293544882
100021768|F|0-13:C>T-13:C>T,100018271|F|0-48:A>G-48:A>G,17179674.0,41002080.0,0.0349229797801308
100021768|F|0-13:C>T-13:C>T,100017658|F|0-34:T>G-34:T>G,17179674.0,41027371.0,0.031988549191561876
100021768|F|0-13:C>T-13:C>T,100017206|F|0-15:G>C-15:G>C,17179674.0,41065538.0,0.020562825254544788
100021768|F|0-13:C>T-13:C>T,100040329|F|0-26:A>G-26:A>G,17179674.0,41159215.0,0.002269073297565872
100021768|F|0-13:C>T-13:C>T,100035489|F|0-33:C>A-33:C>A,17179674.0,41159220.0,0.009176341305279053
100021768|F|0-13:C>T-13:C>T,100021166|F|0-38:T>C-38:T>C,17179674.0,41233248.0,0.025875097958726726
100021768|F|0-13:C>T-13:C>T,100020488|F|0-58:T>G-58:T>G,17179674.0,41740174.0,0.0013361632868517145
100021768|F|0-13:C>T-13:C>T,100046856|F|0-65:C>A-65:C>A,17179674.0,41864679.0,0.019439498804687625
100021768|F|0-13:C>T-13:C>T,100021425|F|0-50:G>C-50:G>C,17179674.0,42699263.0,0.005059954240413827
100021768|F|0-13:C>T-13:C>T,100032947|F|0-10:A>C-10:A>C,17179674.0,42744717.0,0.0011478744185109838
100021768|F|0-13:C>T-13:C>T,100014347|F|0-68:T>C-68:T>C,17179674.0,42858969.0,0.021285346088495662
100021768|F|0-13:C>T-13:C>T,100016630|F|0-66:A>T-66:A>T,17179674.0,43750313.0,0.046134844521941346
100021768|F|0-13:C>T-13:C>T,100015319|F|0-34:T>A-34:T>A,17179674.0,44449888.0,0.08234742158073388
100021768|F|0-13:C>T-13:C>T,100018345|F|0-65:A>C-65:A>C,17179674.0,44788831.0,0.07691438913324829
100021768|F|0-13:C>T-13:C>T,100017310|F|0-9:T>G-9:T>G,17179674.0,44906172.0,0.032700830428983266
100021768|F|0-13:C>T-13:C>T,100048863|F|0-39:A>G-39:A>G,17179674.0,44946182.0,0.07304892347403648
100021768|F|0-13:C>T-13:C>T,100033264|F|0-61:C>T-61:C>T,17179674.0,44989593.0,0.03668299718809912
100021768|F|0-13:C>T-13:C>T,100020314|F|0-31:G>A-31:G>A,17179674.0,45007549.0,0.006642768269883223
100021768|F|0-13:C>T-13:C>T,100041823|F|0-64:C>T-64:C>T,17179674.0,45303483.0,0.03136070995609849
100021768|F|0-13:C>T-13:C>T,100015397|F|0-30:G>C-30:G>C,17179674.0,45844613.0,0.04326215791497407
100021768|F|0-13:C>T-13:C>T,100029049|F|0-10:A>G-10:A>G,17179674.0,46654939.0,0.02503294069088134
100021768|F|0-13:C>T-13:C>T,100030430|F|0-19:A>C-19:A>C,17179674.0,46846957.0,0.04637558567778495
100021768|F|0-13:C>T-13:C>T,100021654|F|0-23:G>T-23:G>T,17179674.0,46876617.0,0.04055056786126026
100021768|F|0-13:C>T-13:C>T,100034493|F|0-32:C>T-32:C>T,17179674.0,46898850.0,0.03239869096711411
100021768|F|0-13:C>T-13:C>T,100019198|F|0-35:G>T-35:G>T,17179674.0,46921983.0,0.01003048822989022
100021768|F|0-13:C>T-13:C>T,100020755|F|0-11:C>A-11:C>A,17179674.0,46921988.0,0.011544019098676498
100021768|F|0-13:C>T-13:C>T,100030713|F|0-35:T>A-35:T>A,17179674.0,46975334.0,0.01087633829943919
100021768|F|0-13:C>T-13:C>T,100035377|F|0-67:C>G-67:C>G,17179674.0,47016484.0,0.007414327446357345
100021768|F|0-13:C>T-13:C>T,100014882|F|0-19:A>G-19:A>G,17179674.0,47035718.0,0.006358336067366575
100021768|F|0-13:C>T-13:C>T,100016158|F|0-51:C>A-51:C>A,17179674.0,47150489.0,0.03609400750778259
100040976|F|0-5:T>C-5:T>C,100040977|F|0-30:G>T-30:G>T,17196207.0,17196207.0,0.948539153124216
100040976|F|0-5:T>C-5:T>C,100016880|F|0-51:C>A-51:C>A,17196207.0,17507025.0,0.07652150864710204
100040976|F|0-5:T>C-5:T>C,100021275|F|0-33:T>A-33:T>A,17196207.0,17703648.0,0.19210943401393435
100040976|F|0-5:T>C-5:T>C,100017523|F|0-41:C>T-41:C>T,17196207.0,17927516.0,0.2578723454008093
100040976|F|0-5:T>C-5:T>C,100032842|F|0-24:A>C-24:A>C,17196207.0,18176550.0,0.19440976140226662
100040976|F|0-5:T>C-5:T>C,100032841|F|0-19:T>A-19:T>A,17196207.0,18176550.0,0.15432570842702506
100040976|F|0-5:T>C-5:T>C,100033379|F|0-46:C>G-46:C>G,17196207.0,18202707.0,0.17648611836867845
100040976|F|0-5:T>C-5:T>C,100022600|F|0-31:A>T-31:A>T,17196207.0,18245914.0,0.07643318880085213
100040976|F|0-5:T>C-5:T>C,100019074|F|0-23:A>T-23:A>T,17196207.0,18451325.0,0.07652150864710212
100040976|F|0-5:T>C-5:T>C,100035266|F|0-39:C>T-39:C>T,17196207.0,18675661.0,0.031291191109112604
100040976|F|0-5:T>C-5:T>C,100016256|F|0-31:A>C-31:A>C,17196207.0,19574145.0,0.0009700559058535222
100040976|F|0-5:T>C-5:T>C,100036101|F|0-41:G>C-41:G>C,17196207.0,19902376.0,0.00028853521390637555
100040976|F|0-5:T>C-5:T>C,100044506|F|0-28:G>A-28:G>A,17196207.0,19987479.0,0.03092098143195071
100040976|F|0-5:T>C-5:T>C,100013122|F|0-67:G>A-67:G>A,17196207.0,26458664.0,0.22698359086943004
100040976|F|0-5:T>C-5:T>C,100017906|F|0-31:G>A-31:G>A,17196207.0,26571479.0,0.019796209160548594
100040976|F|0-5:T>C-5:T>C,100021519|F|0-20:C>T-20:C>T,17196207.0,26856823.0,0.04805221682781304
100040976|F|0-5:T>C-5:T>C,100038609|F|0-8:A>T-8:A>T,17196207.0,27247323.0,0.004954714394377616
100040976|F|0-5:T>C-5:T>C,100028909|F|0-9:C>T-9:C>T,17196207.0,27271569.0,0.001048159875092627
100040976|F|0-5:T>C-5:T>C,100021397|F|0-9:C>T-9:C>T,17196207.0,27420869.0,8.425483714719988e-05
100040976|F|0-5:T>C-5:T>C,100017892|F|0-32:A>G-32:A>G,17196207.0,27451898.0,0.06323241463197554
100040976|F|0-5:T>C-5:T>C,100033136|F|0-68:A>G-68:A>G,17196207.0,27783976.0,0.15627537444366088
100040976|F|0-5:T>C-5:T>C,100020699|F|0-40:A>G-40:A>G,17196207.0,30507860.0,0.038659440175631055
100040976|F|0-5:T>C-5:T>C,100014559|F|0-31:C>A-31:C>A,17196207.0,30836975.0,0.0008690084156604483
100040976|F|0-5:T>C-5:T>C,100017321|F|0-51:A>T-51:A>T,17196207.0,31197415.0,0.002756027410930193
100040976|F|0-5:T>C-5:T>C,100040910|F|0-51:A>G-51:A>G,17196207.0,31200593.0,0.003984002038143152
100040976|F|0-5:T>C-5:T>C,100016298|F|0-19:G>A-19:G>A,17196207.0,31539538.0,0.002143471682439847
100040976|F|0-5:T>C-5:T>C,100016431|F|0-28:C>T-28:C>T,17196207.0,32001840.0,0.011883184846705646
100040976|F|0-5:T>C-5:T>C,100020933|F|0-51:T>C-51:T>C,17196207.0,32243895.0,0.04491881289121535
100040976|F|0-5:T>C-5:T>C,100014677|F|0-27:A>C-27:A>C,17196207.0,32410962.0,0.0003122503322478451
100040976|F|0-5:T>C-5:T>C,100017923|F|0-57:A>G-57:A>G,17196207.0,32459789.0,0.01426828258549446
100040976|F|0-5:T>C-5:T>C,100048091|F|0-43:A>T-43:A>T,17196207.0,32463417.0,0.026472843087525386
100040976|F|0-5:T>C-5:T>C,100020456|F|0-16:A>C-16:A>C,17196207.0,32467328.0,0.011623349732530014
100040976|F|0-5:T>C-5:T>C,100034584|F|0-9:T>C-9:T>C,17196207.0,32472994.0,0.020201271879117223
100040976|F|0-5:T>C-5:T>C,100033527|F|0-13:C>T-13:C>T,17196207.0,32475333.0,0.020201271879117223
100040976|F|0-5:T>C-5:T>C,100018446|F|0-67:T>A-67:T>A,17196207.0,33239334.0,0.03255638598446879
100040976|F|0-5:T>C-5:T>C,100013877|F|0-19:G>T-19:G>T,17196207.0,34079859.0,0.02310843469136273
100040976|F|0-5:T>C-5:T>C,100035010|F|0-32:A>C-32:A>C,17196207.0,34165746.0,0.012523805604850733
100040976|F|0-5:T>C-5:T>C,100028703|F|0-9:T>G-9:T>G,17196207.0,34482430.0,0.022471778953448908
100040976|F|0-5:T>C-5:T>C,100014587|F|0-36:A>C-36:A>C,17196207.0,34723473.0,0.00017768441668180272
100040976|F|0-5:T>C-5:T>C,100040405|F|0-35:T>A-35:T>A,17196207.0,34724344.0,0.012603294985292758
100040976|F|0-5:T>C-5:T>C,100016549|F|0-30:A>G-30:A>G,17196207.0,34725485.0,0.0009662001463593163
100040976|F|0-5:T>C-5:T>C,100013542|F|0-30:C>G-30:C>G,17196207.0,34725490.0,0.0006873972026025985
100040976|F|0-5:T>C-5:T>C,100021285|F|0-67:T>C-67:T>C,17196207.0,34855449.0,0.0003687568605927556
100040976|F|0-5:T>C-5:T>C,100033734|F|0-65:A>G-65:A>G,17196207.0,35379386.0,0.0548215063230892
100040976|F|0-5:T>C-5:T>C,100021520|F|0-23:T>C-23:T>C,17196207.0,36065991.0,0.0074210355436681585
100040976|F|0-5:T>C-5:T>C,100019045|F|0-23:G>C-23:G>C,17196207.0,36149336.0,0.019487315107361777
100040976|F|0-5:T>C-5:T>C,100057957|F|0-57:C>A-57:C>A,17196207.0,36576268.0,0.005737831757111542
100040976|F|0-5:T>C-5:T>C,100014666|F|0-59:T>C-59:T>C,17196207.0,37090975.0,0.0875565442364547
100040976|F|0-5:T>C-5:T>C,100038773|F|0-28:C>G-28:C>G,17196207.0,37285877.0,9.520950347336314e-05
100040976|F|0-5:T>C-5:T>C,100051037|F|0-43:C>T-43:C>T,17196207.0,37902767.0,0.0047467767529792435
100040976|F|0-5:T>C-5:T>C,100020809|F|0-53:C>G-53:C>G,17196207.0,39838084.0,0.0218868863758201
100040976|F|0-5:T>C-5:T>C,100029380|F|0-39:A>C-39:A>C,17196207.0,40729560.0,9.184946584849382e-05
100040976|F|0-5:T>C-5:T>C,100013950|F|0-50:T>C-50:T>C,17196207.0,40800799.0,0.01984112413228
100040976|F|0-5:T>C-5:T>C,100015799|F|0-68:C>T-68:C>T,17196207.0,40825452.0,0.0006340475614927074
100040976|F|0-5:T>C-5:T>C,100043188|F|0-42:C>T-42:C>T,17196207.0,40979122.0,0.03416238202832441
100040976|F|0-5:T>C-5:T>C,100015076|F|0-33:T>C-33:T>C,17196207.0,40986668.0,0.02331276377740825
100040976|F|0-5:T>C-5:T>C,100018802|F|0-14:G>A-14:G>A,17196207.0,40988293.0,0.018747348593902775
100040976|F|0-5:T>C-5:T>C,100018271|F|0-48:A>G-48:A>G,17196207.0,41002080.0,0.04845333663758532
100040976|F|0-5:T>C-5:T>C,100017658|F|0-34:T>G-34:T>G,17196207.0,41027371.0,0.044983794900274585
100040976|F|0-5:T>C-5:T>C,100017206|F|0-15:G>C-15:G>C,17196207.0,41065538.0,0.021983837951533202
100040976|F|0-5:T>C-5:T>C,100040329|F|0-26:A>G-26:A>G,17196207.0,41159215.0,0.0007685055164600699
100040976|F|0-5:T>C-5:T>C,100035489|F|0-33:C>A-33:C>A,17196207.0,41159220.0,0.011316920393219215
100040976|F|0-5:T>C-5:T>C,100021166|F|0-38:T>C-38:T>C,17196207.0,41233248.0,0.017923705006216824
100040976|F|0-5:T>C-5:T>C,100020488|F|0-58:T>G-58:T>G,17196207.0,41740174.0,0.002623506000527382
100040976|F|0-5:T>C-5:T>C,100046856|F|0-65:C>A-65:C>A,17196207.0,41864679.0,0.018629349703202906
100040976|F|0-5:T>C-5:T>C,100021425|F|0-50:G>C-50:G>C,17196207.0,42699263.0,0.006812688616296446
100040976|F|0-5:T>C-5:T>C,100032947|F|0-10:A>C-10:A>C,17196207.0,42744717.0,0.0007521867920078832
100040976|F|0-5:T>C-5:T>C,100014347|F|0-68:T>C-68:T>C,17196207.0,42858969.0,0.013943867813242148
100040976|F|0-5:T>C-5:T>C,100016630|F|0-66:A>T-66:A>T,17196207.0,43750313.0,0.06891468413280674
100040976|F|0-5:T>C-5:T>C,100015319|F|0-34:T>A-34:T>A,17196207.0,44449888.0,0.1189529601664499
100040976|F|0-5:T>C-5:T>C,100018345|F|0-65:A>C-65:A>C,17196207.0,44788831.0,0.05860786329700249
100040976|F|0-5:T>C-5:T>C,100017310|F|0-9:T>G-9:T>G,17196207.0,44906172.0,0.04923431286102456
100040976|F|0-5:T>C-5:T>C,100048863|F|0-39:A>G-39:A>G,17196207.0,44946182.0,0.05512786952183119
100040976|F|0-5:T>C-5:T>C,100033264|F|0-61:C>T-61:C>T,17196207.0,44989593.0,0.022331093475168432
100040976|F|0-5:T>C-5:T>C,100020314|F|0-31:G>A-31:G>A,17196207.0,45007549.0,0.010689976901201463
100040976|F|0-5:T>C-5:T>C,100041823|F|0-64:C>T-64:C>T,17196207.0,45303483.0,0.04290024021304145
100040976|F|0-5:T>C-5:T>C,100015397|F|0-30:G>C-30:G>C,17196207.0,45844613.0,0.06925462500087369
100040976|F|0-5:T>C-5:T>C,100029049|F|0-10:A>G-10:A>G,17196207.0,46654939.0,0.05861947722283211
100040976|F|0-5:T>C-5:T>C,100030430|F|0-19:A>C-19:A>C,17196207.0,46846957.0,0.04244550469213595
100040976|F|0-5:T>C-5:T>C,100021654|F|0-23:G>T-23:G>T,17196207.0,46876617.0,0.03335402197441445
100040976|F|0-5:T>C-5:T>C,100034493|F|0-32:C>T-32:C>T,17196207.0,46898850.0,0.025482353466239796
100040976|F|0-5:T>C-5:T>C,100019198|F|0-35:G>T-35:G>T,17196207.0,46921983.0,0.0025567184019627473
100040976|F|0-5:T>C-5:T>C,100020755|F|0-11:C>A-11:C>A,17196207.0,46921988.0,0.007481452071217818
100040976|F|0-5:T>C-5:T>C,100030713|F|0-35:T>A-35:T>A,17196207.0,46975334.0,0.0050541345189490565
100040976|F|0-5:T>C-5:T>C,100035377|F|0-67:C>G-67:C>G,17196207.0,47016484.0,0.005689080864898087
100040976|F|0-5:T>C-5:T>C,100014882|F|0-19:A>G-19:A>G,17196207.0,47035718.0,0.019324002927186244
100040976|F|0-5:T>C-5:T>C,100016158|F|0-51:C>A-51:C>A,17196207.0,47150489.0,0.03568485468307259
100040977|F|0-30:G>T-30:G>T,100016880|F|0-51:C>A-51:C>A,17196207.0,17507025.0,0.10659652881559177
100040977|F|0-30:G>T-30:G>T,100021275|F|0-33:T>A-33:T>A,17196207.0,17703648.0,0.17273289501610006
100040977|F|0-30:G>T-30:G>T,100017523|F|0-41:C>T-41:C>T,17196207.0,17927516.0,0.2334681888895221
100040977|F|0-30:G>T-30:G>T,100032842|F|0-24:A>C-24:A>C,17196207.0,18176550.0,0.19440976140226662
100040977|F|0-30:G>T-30:G>T,100032841|F|0-19:T>A-19:T>A,17196207.0,18176550.0,0.15432570842702506
100040977|F|0-30:G>T-30:G>T,100033379|F|0-46:C>G-46:C>G,17196207.0,18202707.0,0.20389944694416517
100040977|F|0-30:G>T-30:G>T,100022600|F|0-31:A>T-31:A>T,17196207.0,18245914.0,0.06348652197810675
100040977|F|0-30:G>T-30:G>T,100019074|F|0-23:A>T-23:A>T,17196207.0,18451325.0,0.07652150864710212
100040977|F|0-30:G>T-30:G>T,100035266|F|0-39:C>T-39:C>T,17196207.0,18675661.0,0.031291191109112604
100040977|F|0-30:G>T-30:G>T,100016256|F|0-31:A>C-31:A>C,17196207.0,19574145.0,0.0009700559058535231
100040977|F|0-30:G>T-30:G>T,100036101|F|0-41:G>C-41:G>C,17196207.0,19902376.0,0.00028853521390637506
100040977|F|0-30:G>T-30:G>T,100044506|F|0-28:G>A-28:G>A,17196207.0,19987479.0,0.03092098143195071
100040977|F|0-30:G>T-30:G>T,100013122|F|0-67:G>A-67:G>A,17196207.0,26458664.0,0.2269835908694301
100040977|F|0-30:G>T-30:G>T,100017906|F|0-31:G>A-31:G>A,17196207.0,26571479.0,0.027706652665716938
100040977|F|0-30:G>T-30:G>T,100021519|F|0-20:C>T-20:C>T,17196207.0,26856823.0,0.07166021004679929
100040977|F|0-30:G>T-30:G>T,100038609|F|0-8:A>T-8:A>T,17196207.0,27247323.0,0.008659719154091763
100040977|F|0-30:G>T-30:G>T,100028909|F|0-9:C>T-9:C>T,17196207.0,27271569.0,0.00014882505262814945
100040977|F|0-30:G>T-30:G>T,100021397|F|0-9:C>T-9:C>T,17196207.0,27420869.0,0.0009946613121729817
100040977|F|0-30:G>T-30:G>T,100017892|F|0-32:A>G-32:A>G,17196207.0,27451898.0,0.05182145437778097
100040977|F|0-30:G>T-30:G>T,100033136|F|0-68:A>G-68:A>G,17196207.0,27783976.0,0.18126342869950676
100040977|F|0-30:G>T-30:G>T,100020699|F|0-40:A>G-40:A>G,17196207.0,30507860.0,0.04832243592802922
100040977|F|0-30:G>T-30:G>T,100014559|F|0-31:C>A-31:C>A,17196207.0,30836975.0,5.431302597877728e-05
100040977|F|0-30:G>T-30:G>T,100017321|F|0-51:A>T-51:A>T,17196207.0,31197415.0,0.0001749750182151723
100040977|F|0-30:G>T-30:G>T,100040910|F|0-51:A>G-51:A>G,17196207.0,31200593.0,0.0010585614938205825
100040977|F|0-30:G>T-30:G>T,100016298|F|0-19:G>A-19:G>A,17196207.0,31539538.0,0.002143471682439848
100040977|F|0-30:G>T-30:G>T,100016431|F|0-28:C>T-28:C>T,17196207.0,32001840.0,0.01188318484670565
100040977|F|0-30:G>T-30:G>T,100020933|F|0-51:T>C-51:T>C,17196207.0,32243895.0,0.04491881289121532
100040977|F|0-30:G>T-30:G>T,100014677|F|0-27:A>C-27:A>C,17196207.0,32410962.0,0.0003122503322478446
100040977|F|0-30:G>T-30:G>T,100017923|F|0-57:A>G-57:A>G,17196207.0,32459789.0,0.014268282585494467
100040977|F|0-30:G>T-30:G>T,100048091|F|0-43:A>T-43:A>T,17196207.0,32463417.0,0.026472843087525406
100040977|F|0-30:G>T-30:G>T,100020456|F|0-16:A>C-16:A>C,17196207.0,32467328.0,0.011623349732530014
100040977|F|0-30:G>T-30:G>T,100034584|F|0-9:T>C-9:T>C,17196207.0,32472994.0,0.020201271879117213
100040977|F|0-30:G>T-30:G>T,100033527|F|0-13:C>T-13:C>T,17196207.0,32475333.0,0.020201271879117213
100040977|F|0-30:G>T-30:G>T,100018446|F|0-67:T>A-67:T>A,17196207.0,33239334.0,0.03255638598446879
100040977|F|0-30:G>T-30:G>T,100013877|F|0-19:G>T-19:G>T,17196207.0,34079859.0,0.023108434691362742
100040977|F|0-30:G>T-30:G>T,100035010|F|0-32:A>C-32:A>C,17196207.0,34165746.0,0.012523805604850733
100040977|F|0-30:G>T-30:G>T,100028703|F|0-9:T>G-9:T>G,17196207.0,34482430.0,0.030632843723036457
100040977|F|0-30:G>T-30:G>T,100014587|F|0-36:A>C-36:A>C,17196207.0,34723473.0,0.00017768441668180272
100040977|F|0-30:G>T-30:G>T,100040405|F|0-35:T>A-35:T>A,17196207.0,34724344.0,0.012603294985292758
100040977|F|0-30:G>T-30:G>T,100016549|F|0-30:A>G-30:A>G,17196207.0,34725485.0,0.0009662001463593155
100040977|F|0-30:G>T-30:G>T,100013542|F|0-30:C>G-30:C>G,17196207.0,34725490.0,0.0006873972026025979
100040977|F|0-30:G>T-30:G>T,100021285|F|0-67:T>C-67:T>C,17196207.0,34855449.0,0.0003687568605927556
100040977|F|0-30:G>T-30:G>T,100033734|F|0-65:A>G-65:A>G,17196207.0,35379386.0,0.07136476679535865
100040977|F|0-30:G>T-30:G>T,100021520|F|0-23:T>C-23:T>C,17196207.0,36065991.0,0.007421035543668154
100040977|F|0-30:G>T-30:G>T,100019045|F|0-23:G>C-23:G>C,17196207.0,36149336.0,0.02697707605980322
100040977|F|0-30:G>T-30:G>T,100057957|F|0-57:C>A-57:C>A,17196207.0,36576268.0,0.012523805604850714
100040977|F|0-30:G>T-30:G>T,100014666|F|0-59:T>C-59:T>C,17196207.0,37090975.0,0.07229121941268485
100040977|F|0-30:G>T-30:G>T,100038773|F|0-28:C>G-28:C>G,17196207.0,37285877.0,9.52095034733626e-05
100040977|F|0-30:G>T-30:G>T,100051037|F|0-43:C>T-43:C>T,17196207.0,37902767.0,0.0047467767529792435
100040977|F|0-30:G>T-30:G>T,100020809|F|0-53:C>G-53:C>G,17196207.0,39838084.0,0.0218868863758201
100040977|F|0-30:G>T-30:G>T,100029380|F|0-39:A>C-39:A>C,17196207.0,40729560.0,0.00379581976210614
100040977|F|0-30:G>T-30:G>T,100013950|F|0-50:T>C-50:T>C,17196207.0,40800799.0,0.01984112413228
100040977|F|0-30:G>T-30:G>T,100015799|F|0-68:C>T-68:C>T,17196207.0,40825452.0,0.0006340475614927074
100040977|F|0-30:G>T-30:G>T,100043188|F|0-42:C>T-42:C>T,17196207.0,40979122.0,0.02588102981884475
100040977|F|0-30:G>T-30:G>T,100015076|F|0-33:T>C-33:T>C,17196207.0,40986668.0,0.02331276377740826
100040977|F|0-30:G>T-30:G>T,100018802|F|0-14:G>A-14:G>A,17196207.0,40988293.0,0.02588102981884474
100040977|F|0-30:G>T-30:G>T,100018271|F|0-48:A>G-48:A>G,17196207.0,41002080.0,0.038630187199341
100040977|F|0-30:G>T-30:G>T,100017658|F|0-34:T>G-34:T>G,17196207.0,41027371.0,0.03563537103483645
100040977|F|0-30:G>T-30:G>T,100017206|F|0-15:G>C-15:G>C,17196207.0,41065538.0,0.015871498373271696
100040977|F|0-30:G>T-30:G>T,100040329|F|0-26:A>G-26:A>G,17196207.0,41159215.0,1.7183807512776774e-05
100040977|F|0-30:G>T-30:G>T,100035489|F|0-33:C>A-33:C>A,17196207.0,41159220.0,0.011316920393219215
100040977|F|0-30:G>T-30:G>T,100021166|F|0-38:T>C-38:T>C,17196207.0,41233248.0,0.02499726876876098
100040977|F|0-30:G>T-30:G>T,100020488|F|0-58:T>G-58:T>G,17196207.0,41740174.0,0.002623506000527383
100040977|F|0-30:G>T-30:G>T,100046856|F|0-65:C>A-65:C>A,17196207.0,41864679.0,0.018629349703202906
100040977|F|0-30:G>T-30:G>T,100021425|F|0-50:G>C-50:G>C,17196207.0,42699263.0,0.006812688616296446
100040977|F|0-30:G>T-30:G>T,100032947|F|0-10:A>C-10:A>C,17196207.0,42744717.0,0.0007521867920078824
100040977|F|0-30:G>T-30:G>T,100014347|F|0-68:T>C-68:T>C,17196207.0,42858969.0,0.024965847139282973
100040977|F|0-30:G>T-30:G>T,100016630|F|0-66:A>T-66:A>T,17196207.0,43750313.0,0.08724568554248813
100040977|F|0-30:G>T-30:G>T,100015319|F|0-34:T>A-34:T>A,17196207.0,44449888.0,0.1189529601664499
100040977|F|0-30:G>T-30:G>T,100018345|F|0-65:A>C-65:A>C,17196207.0,44788831.0,0.05860786329700249
100040977|F|0-30:G>T-30:G>T,100017310|F|0-9:T>G-9:T>G,17196207.0,44906172.0,0.060025687858775156
100040977|F|0-30:G>T-30:G>T,100048863|F|0-39:A>G-39:A>G,17196207.0,44946182.0,0.05512786952183119
100040977|F|0-30:G>T-30:G>T,100033264|F|0-61:C>T-61:C>T,17196207.0,44989593.0,0.02233109347516845
100040977|F|0-30:G>T-30:G>T,100020314|F|0-31:G>A-31:G>A,17196207.0,45007549.0,0.010689976901201463
100040977|F|0-30:G>T-30:G>T,100041823|F|0-64:C>T-64:C>T,17196207.0,45303483.0,0.06464493509817727
100040977|F|0-30:G>T-30:G>T,100015397|F|0-30:G>C-30:G>C,17196207.0,45844613.0,0.06925462500087372
100040977|F|0-30:G>T-30:G>T,100029049|F|0-10:A>G-10:A>G,17196207.0,46654939.0,0.05861947722283211
100040977|F|0-30:G>T-30:G>T,100030430|F|0-19:A>C-19:A>C,17196207.0,46846957.0,0.04244550469213596
100040977|F|0-30:G>T-30:G>T,100021654|F|0-23:G>T-23:G>T,17196207.0,46876617.0,0.03335402197441443
100040977|F|0-30:G>T-30:G>T,100034493|F|0-32:C>T-32:C>T,17196207.0,46898850.0,0.025482353466239786
100040977|F|0-30:G>T-30:G>T,100019198|F|0-35:G>T-35:G>T,17196207.0,46921983.0,0.0025567184019627473
100040977|F|0-30:G>T-30:G>T,100020755|F|0-11:C>A-11:C>A,17196207.0,46921988.0,0.007481452071217818
100040977|F|0-30:G>T-30:G>T,100030713|F|0-35:T>A-35:T>A,17196207.0,46975334.0,0.005054134518949058
100040977|F|0-30:G>T-30:G>T,100035377|F|0-67:C>G-67:C>G,17196207.0,47016484.0,0.0056890808648980915
100040977|F|0-30:G>T-30:G>T,100014882|F|0-19:A>G-19:A>G,17196207.0,47035718.0,0.019324002927186244
100040977|F|0-30:G>T-30:G>T,100016158|F|0-51:C>A-51:C>A,17196207.0,47150489.0,0.03568485468307257
100016880|F|0-51:C>A-51:C>A,100021275|F|0-33:T>A-33:T>A,17507025.0,17703648.0,0.0654593425677763
100016880|F|0-51:C>A-51:C>A,100017523|F|0-41:C>T-41:C>T,17507025.0,17927516.0,0.03777696486238786
100016880|F|0-51:C>A-51:C>A,100032842|F|0-24:A>C-24:A>C,17507025.0,18176550.0,0.0019163326184514378
100016880|F|0-51:C>A-51:C>A,100032841|F|0-19:T>A-19:T>A,17507025.0,18176550.0,9.936514459994359e-05
100016880|F|0-51:C>A-51:C>A,100033379|F|0-46:C>G-46:C>G,17507025.0,18202707.0,0.0010842090406353857
100016880|F|0-51:C>A-51:C>A,100022600|F|0-31:A>T-31:A>T,17507025.0,18245914.0,0.018536579668163706
100016880|F|0-51:C>A-51:C>A,100019074|F|0-23:A>T-23:A>T,17507025.0,18451325.0,0.0021330301124175403
100016880|F|0-51:C>A-51:C>A,100035266|F|0-39:C>T-39:C>T,17507025.0,18675661.0,0.11044277511653054
100016880|F|0-51:C>A-51:C>A,100016256|F|0-31:A>C-31:A>C,17507025.0,19574145.0,0.014196320164378409
100016880|F|0-51:C>A-51:C>A,100036101|F|0-41:G>C-41:G>C,17507025.0,19902376.0,3.3229196875026627e-05
100016880|F|0-51:C>A-51:C>A,100044506|F|0-28:G>A-28:G>A,17507025.0,19987479.0,0.00044190847898636747
100016880|F|0-51:C>A-51:C>A,100013122|F|0-67:G>A-67:G>A,17507025.0,26458664.0,0.08238080527237154
100016880|F|0-51:C>A-51:C>A,100017906|F|0-31:G>A-31:G>A,17507025.0,26571479.0,0.06508734455766306
100016880|F|0-51:C>A-51:C>A,100021519|F|0-20:C>T-20:C>T,17507025.0,26856823.0,0.04654688998042483
100016880|F|0-51:C>A-51:C>A,100038609|F|0-8:A>T-8:A>T,17507025.0,27247323.0,0.0002551700578246601
100016880|F|0-51:C>A-51:C>A,100028909|F|0-9:C>T-9:C>T,17507025.0,27271569.0,0.004175546953155585
100016880|F|0-51:C>A-51:C>A,100021397|F|0-9:C>T-9:C>T,17507025.0,27420869.0,0.008351735565597065
100016880|F|0-51:C>A-51:C>A,100017892|F|0-32:A>G-32:A>G,17507025.0,27451898.0,0.00957011739123237
100016880|F|0-51:C>A-51:C>A,100033136|F|0-68:A>G-68:A>G,17507025.0,27783976.0,0.18240839198228995
100016880|F|0-51:C>A-51:C>A,100020699|F|0-40:A>G-40:A>G,17507025.0,30507860.0,0.01591147197485602
100016880|F|0-51:C>A-51:C>A,100014559|F|0-31:C>A-31:C>A,17507025.0,30836975.0,0.0017884036144578265
100016880|F|0-51:C>A-51:C>A,100017321|F|0-51:A>T-51:A>T,17507025.0,31197415.0,0.00027569805998589635
100016880|F|0-51:C>A-51:C>A,100040910|F|0-51:A>G-51:A>G,17507025.0,31200593.0,0.0038728896420504276
100016880|F|0-51:C>A-51:C>A,100016298|F|0-19:G>A-19:G>A,17507025.0,31539538.0,0.003907521979811136
100016880|F|0-51:C>A-51:C>A,100016431|F|0-28:C>T-28:C>T,17507025.0,32001840.0,0.001996357523115708
100016880|F|0-51:C>A-51:C>A,100020933|F|0-51:T>C-51:T>C,17507025.0,32243895.0,0.016263125306364666
100016880|F|0-51:C>A-51:C>A,100014677|F|0-27:A>C-27:A>C,17507025.0,32410962.0,0.0001269344277901763
100016880|F|0-51:C>A-51:C>A,100017923|F|0-57:A>G-57:A>G,17507025.0,32459789.0,0.0018267746526872781
100016880|F|0-51:C>A-51:C>A,100048091|F|0-43:A>T-43:A>T,17507025.0,32463417.0,0.00016016604321041463
100016880|F|0-51:C>A-51:C>A,100020456|F|0-16:A>C-16:A>C,17507025.0,32467328.0,0.004725065420051224
100016880|F|0-51:C>A-51:C>A,100034584|F|0-9:T>C-9:T>C,17507025.0,32472994.0,0.00036775746840339704
100016880|F|0-51:C>A-51:C>A,100033527|F|0-13:C>T-13:C>T,17507025.0,32475333.0,0.00036775746840339704
100016880|F|0-51:C>A-51:C>A,100018446|F|0-67:T>A-67:T>A,17507025.0,33239334.0,0.001995572777147894
100016880|F|0-51:C>A-51:C>A,100013877|F|0-19:G>T-19:G>T,17507025.0,34079859.0,0.0066251596424010285
100016880|F|0-51:C>A-51:C>A,100035010|F|0-32:A>C-32:A>C,17507025.0,34165746.0,0.0421559522143484
100016880|F|0-51:C>A-51:C>A,100028703|F|0-9:T>G-9:T>G,17507025.0,34482430.0,0.03712276513082393
100016880|F|0-51:C>A-51:C>A,100014587|F|0-36:A>C-36:A>C,17507025.0,34723473.0,0.023402964375487636
100016880|F|0-51:C>A-51:C>A,100040405|F|0-35:T>A-35:T>A,17507025.0,34724344.0,0.0189328743545611
100016880|F|0-51:C>A-51:C>A,100016549|F|0-30:A>G-30:A>G,17507025.0,34725485.0,0.027108433734939718
100016880|F|0-51:C>A-51:C>A,100013542|F|0-30:C>G-30:C>G,17507025.0,34725490.0,0.005882685672266524
100016880|F|0-51:C>A-51:C>A,100021285|F|0-67:T>C-67:T>C,17507025.0,34855449.0,0.07994259012795345
100016880|F|0-51:C>A-51:C>A,100033734|F|0-65:A>G-65:A>G,17507025.0,35379386.0,0.09836355094962097
100016880|F|0-51:C>A-51:C>A,100021520|F|0-23:T>C-23:T>C,17507025.0,36065991.0,0.014435676980221359
100016880|F|0-51:C>A-51:C>A,100019045|F|0-23:G>C-23:G>C,17507025.0,36149336.0,0.001348869471999874
100016880|F|0-51:C>A-51:C>A,100057957|F|0-57:C>A-57:C>A,17507025.0,36576268.0,0.019745825964894454
100016880|F|0-51:C>A-51:C>A,100014666|F|0-59:T>C-59:T>C,17507025.0,37090975.0,0.019258449728116037
100016880|F|0-51:C>A-51:C>A,100038773|F|0-28:C>G-28:C>G,17507025.0,37285877.0,0.007174913156274743
100016880|F|0-51:C>A-51:C>A,100051037|F|0-43:C>T-43:C>T,17507025.0,37902767.0,0.005091114192779571
100016880|F|0-51:C>A-51:C>A,100020809|F|0-53:C>G-53:C>G,17507025.0,39838084.0,0.010869057625852272
100016880|F|0-51:C>A-51:C>A,100029380|F|0-39:A>C-39:A>C,17507025.0,40729560.0,0.007927886409024061
100016880|F|0-51:C>A-51:C>A,100013950|F|0-50:T>C-50:T>C,17507025.0,40800799.0,0.0031399070460244867
100016880|F|0-51:C>A-51:C>A,100015799|F|0-68:C>T-68:C>T,17507025.0,40825452.0,0.00293593145143753
100016880|F|0-51:C>A-51:C>A,100043188|F|0-42:C>T-42:C>T,17507025.0,40979122.0,0.0025160884501862837
100016880|F|0-51:C>A-51:C>A,100015076|F|0-33:T>C-33:T>C,17507025.0,40986668.0,0.0031669104924150425
100016880|F|0-51:C>A-51:C>A,100018802|F|0-14:G>A-14:G>A,17507025.0,40988293.0,0.009212242854643801
100016880|F|0-51:C>A-51:C>A,100018271|F|0-48:A>G-48:A>G,17507025.0,41002080.0,0.0030318761581334362
100016880|F|0-51:C>A-51:C>A,100017658|F|0-34:T>G-34:T>G,17507025.0,41027371.0,0.001866050058821139
100016880|F|0-51:C>A-51:C>A,100017206|F|0-15:G>C-15:G>C,17507025.0,41065538.0,0.0014208458382265528
100016880|F|0-51:C>A-51:C>A,100040329|F|0-26:A>G-26:A>G,17507025.0,41159215.0,0.014621034991175341
100016880|F|0-51:C>A-51:C>A,100035489|F|0-33:C>A-33:C>A,17507025.0,41159220.0,0.05739376708932496
100016880|F|0-51:C>A-51:C>A,100021166|F|0-38:T>C-38:T>C,17507025.0,41233248.0,0.0028788138335331813
100016880|F|0-51:C>A-51:C>A,100020488|F|0-58:T>G-58:T>G,17507025.0,41740174.0,0.0011849072266720522
100016880|F|0-51:C>A-51:C>A,100046856|F|0-65:C>A-65:C>A,17507025.0,41864679.0,0.019453610620827254
100016880|F|0-51:C>A-51:C>A,100021425|F|0-50:G>C-50:G>C,17507025.0,42699263.0,2.34172842975399e-05
100016880|F|0-51:C>A-51:C>A,100032947|F|0-10:A>C-10:A>C,17507025.0,42744717.0,0.0014941479472878685
100016880|F|0-51:C>A-51:C>A,100014347|F|0-68:T>C-68:T>C,17507025.0,42858969.0,0.0007035865469600535
100016880|F|0-51:C>A-51:C>A,100016630|F|0-66:A>T-66:A>T,17507025.0,43750313.0,0.007059187053357337
100016880|F|0-51:C>A-51:C>A,100015319|F|0-34:T>A-34:T>A,17507025.0,44449888.0,0.0168303907027773
100016880|F|0-51:C>A-51:C>A,100018345|F|0-65:A>C-65:A>C,17507025.0,44788831.0,0.014961641709393058
100016880|F|0-51:C>A-51:C>A,100017310|F|0-9:T>G-9:T>G,17507025.0,44906172.0,0.0012509052603858054
100016880|F|0-51:C>A-51:C>A,100048863|F|0-39:A>G-39:A>G,17507025.0,44946182.0,0.015298509915274872
100016880|F|0-51:C>A-51:C>A,100033264|F|0-61:C>T-61:C>T,17507025.0,44989593.0,0.01871687542773478
100016880|F|0-51:C>A-51:C>A,100020314|F|0-31:G>A-31:G>A,17507025.0,45007549.0,0.06228597037681129
100016880|F|0-51:C>A-51:C>A,100041823|F|0-64:C>T-64:C>T,17507025.0,45303483.0,0.015217821960487671
100016880|F|0-51:C>A-51:C>A,100015397|F|0-30:G>C-30:G>C,17507025.0,45844613.0,0.000924078479523191
100016880|F|0-51:C>A-51:C>A,100029049|F|0-10:A>G-10:A>G,17507025.0,46654939.0,0.0023400051820184056
100016880|F|0-51:C>A-51:C>A,100030430|F|0-19:A>C-19:A>C,17507025.0,46846957.0,0.011270546376487379
100016880|F|0-51:C>A-51:C>A,100021654|F|0-23:G>T-23:G>T,17507025.0,46876617.0,0.006204725443831402
100016880|F|0-51:C>A-51:C>A,100034493|F|0-32:C>T-32:C>T,17507025.0,46898850.0,0.000940839835625172
100016880|F|0-51:C>A-51:C>A,100019198|F|0-35:G>T-35:G>T,17507025.0,46921983.0,0.009354098249751282
100016880|F|0-51:C>A-51:C>A,100020755|F|0-11:C>A-11:C>A,17507025.0,46921988.0,0.00859866772052752
100016880|F|0-51:C>A-51:C>A,100030713|F|0-35:T>A-35:T>A,17507025.0,46975334.0,0.06285935107335808
100016880|F|0-51:C>A-51:C>A,100035377|F|0-67:C>G-67:C>G,17507025.0,47016484.0,0.0009189299571165954
100016880|F|0-51:C>A-51:C>A,100014882|F|0-19:A>G-19:A>G,17507025.0,47035718.0,0.0016733601070950412
100016880|F|0-51:C>A-51:C>A,100016158|F|0-51:C>A-51:C>A,17507025.0,47150489.0,0.01513028859624539
100021275|F|0-33:T>A-33:T>A,100017523|F|0-41:C>T-41:C>T,17703648.0,17927516.0,0.5261761328117835
100021275|F|0-33:T>A-33:T>A,100032842|F|0-24:A>C-24:A>C,17703648.0,18176550.0,0.20088624002883132
100021275|F|0-33:T>A-33:T>A,100032841|F|0-19:T>A-19:T>A,17703648.0,18176550.0,0.3190458705494613
100021275|F|0-33:T>A-33:T>A,100033379|F|0-46:C>G-46:C>G,17703648.0,18202707.0,0.1994729430831665
100021275|F|0-33:T>A-33:T>A,100022600|F|0-31:A>T-31:A>T,17703648.0,18245914.0,0.34062176573082986
100021275|F|0-33:T>A-33:T>A,100019074|F|0-23:A>T-23:A>T,17703648.0,18451325.0,0.0023013050121483826
100021275|F|0-33:T>A-33:T>A,100035266|F|0-39:C>T-39:C>T,17703648.0,18675661.0,0.006763018811211573
100021275|F|0-33:T>A-33:T>A,100016256|F|0-31:A>C-31:A>C,17703648.0,19574145.0,0.010334574288062668
100021275|F|0-33:T>A-33:T>A,100036101|F|0-41:G>C-41:G>C,17703648.0,19902376.0,0.004300452194325288
100021275|F|0-33:T>A-33:T>A,100044506|F|0-28:G>A-28:G>A,17703648.0,19987479.0,0.025826476530701917
100021275|F|0-33:T>A-33:T>A,100013122|F|0-67:G>A-67:G>A,17703648.0,26458664.0,0.031667466282850776
100021275|F|0-33:T>A-33:T>A,100017906|F|0-31:G>A-31:G>A,17703648.0,26571479.0,0.010056768894476443
100021275|F|0-33:T>A-33:T>A,100021519|F|0-20:C>T-20:C>T,17703648.0,26856823.0,0.00020844289947279768
100021275|F|0-33:T>A-33:T>A,100038609|F|0-8:A>T-8:A>T,17703648.0,27247323.0,0.06367375195176032
100021275|F|0-33:T>A-33:T>A,100028909|F|0-9:C>T-9:C>T,17703648.0,27271569.0,0.01402680103041116
100021275|F|0-33:T>A-33:T>A,100021397|F|0-9:C>T-9:C>T,17703648.0,27420869.0,0.17636266122337999
100021275|F|0-33:T>A-33:T>A,100017892|F|0-32:A>G-32:A>G,17703648.0,27451898.0,0.10080850609938997
100021275|F|0-33:T>A-33:T>A,100033136|F|0-68:A>G-68:A>G,17703648.0,27783976.0,0.030370612831345793
100021275|F|0-33:T>A-33:T>A,100020699|F|0-40:A>G-40:A>G,17703648.0,30507860.0,0.16229887914670507
100021275|F|0-33:T>A-33:T>A,100014559|F|0-31:C>A-31:C>A,17703648.0,30836975.0,0.06583506583506593
100021275|F|0-33:T>A-33:T>A,100017321|F|0-51:A>T-51:A>T,17703648.0,31197415.0,0.023935708867215744
100021275|F|0-33:T>A-33:T>A,100040910|F|0-51:A>G-51:A>G,17703648.0,31200593.0,0.02925656006701974
100021275|F|0-33:T>A-33:T>A,100016298|F|0-19:G>A-19:G>A,17703648.0,31539538.0,8.990279260549507e-05
100021275|F|0-33:T>A-33:T>A,100016431|F|0-28:C>T-28:C>T,17703648.0,32001840.0,0.010334574288062668
100021275|F|0-33:T>A-33:T>A,100020933|F|0-51:T>C-51:T>C,17703648.0,32243895.0,0.013911951813450738
100021275|F|0-33:T>A-33:T>A,100014677|F|0-27:A>C-27:A>C,17703648.0,32410962.0,0.00452785296946841
100021275|F|0-33:T>A-33:T>A,100017923|F|0-57:A>G-57:A>G,17703648.0,32459789.0,0.007062611055955461
100021275|F|0-33:T>A-33:T>A,100048091|F|0-43:A>T-43:A>T,17703648.0,32463417.0,0.006374395794303498
100021275|F|0-33:T>A-33:T>A,100020456|F|0-16:A>C-16:A>C,17703648.0,32467328.0,0.002235691573926871
100021275|F|0-33:T>A-33:T>A,100034584|F|0-9:T>C-9:T>C,17703648.0,32472994.0,0.009764261190116698
100021275|F|0-33:T>A-33:T>A,100033527|F|0-13:C>T-13:C>T,17703648.0,32475333.0,0.009764261190116698
100021275|F|0-33:T>A-33:T>A,100018446|F|0-67:T>A-67:T>A,17703648.0,33239334.0,0.013168446467308897
100021275|F|0-33:T>A-33:T>A,100013877|F|0-19:G>T-19:G>T,17703648.0,34079859.0,0.11052664069905384
100021275|F|0-33:T>A-33:T>A,100035010|F|0-32:A>C-32:A>C,17703648.0,34165746.0,0.004840759856599357
100021275|F|0-33:T>A-33:T>A,100028703|F|0-9:T>G-9:T>G,17703648.0,34482430.0,0.006673617855482355
100021275|F|0-33:T>A-33:T>A,100014587|F|0-36:A>C-36:A>C,17703648.0,34723473.0,0.009348030930764743
100021275|F|0-33:T>A-33:T>A,100040405|F|0-35:T>A-35:T>A,17703648.0,34724344.0,0.0216225216225216
100021275|F|0-33:T>A-33:T>A,100016549|F|0-30:A>G-30:A>G,17703648.0,34725485.0,0.010828135828135825
100021275|F|0-33:T>A-33:T>A,100013542|F|0-30:C>G-30:C>G,17703648.0,34725490.0,0.013404833285656625
100021275|F|0-33:T>A-33:T>A,100021285|F|0-67:T>C-67:T>C,17703648.0,34855449.0,1.5109026736933738e-05
100021275|F|0-33:T>A-33:T>A,100033734|F|0-65:A>G-65:A>G,17703648.0,35379386.0,0.038035041333194394
100021275|F|0-33:T>A-33:T>A,100021520|F|0-23:T>C-23:T>C,17703648.0,36065991.0,0.0037114579368100475
100021275|F|0-33:T>A-33:T>A,100019045|F|0-23:G>C-23:G>C,17703648.0,36149336.0,0.05100593913155235
100021275|F|0-33:T>A-33:T>A,100057957|F|0-57:C>A-57:C>A,17703648.0,36576268.0,4.390711888072015e-05
100021275|F|0-33:T>A-33:T>A,100014666|F|0-59:T>C-59:T>C,17703648.0,37090975.0,0.034496715912645075
100021275|F|0-33:T>A-33:T>A,100038773|F|0-28:C>G-28:C>G,17703648.0,37285877.0,0.002508649862664462
100021275|F|0-33:T>A-33:T>A,100051037|F|0-43:C>T-43:C>T,17703648.0,37902767.0,0.007708443558496359
100021275|F|0-33:T>A-33:T>A,100020809|F|0-53:C>G-53:C>G,17703648.0,39838084.0,0.018372576512111403
100021275|F|0-33:T>A-33:T>A,100029380|F|0-39:A>C-39:A>C,17703648.0,40729560.0,0.007158640355361676
100021275|F|0-33:T>A-33:T>A,100013950|F|0-50:T>C-50:T>C,17703648.0,40800799.0,0.05075803051155161
100021275|F|0-33:T>A-33:T>A,100015799|F|0-68:C>T-68:C>T,17703648.0,40825452.0,0.0003171041077178253
100021275|F|0-33:T>A-33:T>A,100043188|F|0-42:C>T-42:C>T,17703648.0,40979122.0,0.06936429549960602
100021275|F|0-33:T>A-33:T>A,100015076|F|0-33:T>C-33:T>C,17703648.0,40986668.0,0.057901133850500844
100021275|F|0-33:T>A-33:T>A,100018802|F|0-14:G>A-14:G>A,17703648.0,40988293.0,0.06936429549960592
100021275|F|0-33:T>A-33:T>A,100018271|F|0-48:A>G-48:A>G,17703648.0,41002080.0,0.05543227939996357
100021275|F|0-33:T>A-33:T>A,100017658|F|0-34:T>G-34:T>G,17703648.0,41027371.0,0.09011862272731844
100021275|F|0-33:T>A-33:T>A,100017206|F|0-15:G>C-15:G>C,17703648.0,41065538.0,0.04640957258285766
100021275|F|0-33:T>A-33:T>A,100040329|F|0-26:A>G-26:A>G,17703648.0,41159215.0,0.012060648162947904
100021275|F|0-33:T>A-33:T>A,100035489|F|0-33:C>A-33:C>A,17703648.0,41159220.0,0.013783146103543718
100021275|F|0-33:T>A-33:T>A,100021166|F|0-38:T>C-38:T>C,17703648.0,41233248.0,0.022115261451754388
100021275|F|0-33:T>A-33:T>A,100020488|F|0-58:T>G-58:T>G,17703648.0,41740174.0,0.05131302338006244
100021275|F|0-33:T>A-33:T>A,100046856|F|0-65:C>A-65:C>A,17703648.0,41864679.0,0.013920706595865839
100021275|F|0-33:T>A-33:T>A,100021425|F|0-50:G>C-50:G>C,17703648.0,42699263.0,0.0008353133353133348
100021275|F|0-33:T>A-33:T>A,100032947|F|0-10:A>C-10:A>C,17703648.0,42744717.0,0.0036369243530368837
100021275|F|0-33:T>A-33:T>A,100014347|F|0-68:T>C-68:T>C,17703648.0,42858969.0,0.008699299239839775
100021275|F|0-33:T>A-33:T>A,100016630|F|0-66:A>T-66:A>T,17703648.0,43750313.0,0.005439934602968604
100021275|F|0-33:T>A-33:T>A,100015319|F|0-34:T>A-34:T>A,17703648.0,44449888.0,0.03790322297910837
100021275|F|0-33:T>A-33:T>A,100018345|F|0-65:A>C-65:A>C,17703648.0,44788831.0,0.09493816779983616
100021275|F|0-33:T>A-33:T>A,100017310|F|0-9:T>G-9:T>G,17703648.0,44906172.0,0.010118094134487584
100021275|F|0-33:T>A-33:T>A,100048863|F|0-39:A>G-39:A>G,17703648.0,44946182.0,0.09172372674827654
100021275|F|0-33:T>A-33:T>A,100033264|F|0-61:C>T-61:C>T,17703648.0,44989593.0,0.03364646528451007
100021275|F|0-33:T>A-33:T>A,100020314|F|0-31:G>A-31:G>A,17703648.0,45007549.0,0.030862595741488457
100021275|F|0-33:T>A-33:T>A,100041823|F|0-64:C>T-64:C>T,17703648.0,45303483.0,0.045686769902016464
100021275|F|0-33:T>A-33:T>A,100015397|F|0-30:G>C-30:G>C,17703648.0,45844613.0,0.006294112583921511
100021275|F|0-33:T>A-33:T>A,100029049|F|0-10:A>G-10:A>G,17703648.0,46654939.0,0.004191536449600962
100021275|F|0-33:T>A-33:T>A,100030430|F|0-19:A>C-19:A>C,17703648.0,46846957.0,0.026926730341849676
100021275|F|0-33:T>A-33:T>A,100021654|F|0-23:G>T-23:G>T,17703648.0,46876617.0,0.01967280004663185
100021275|F|0-33:T>A-33:T>A,100034493|F|0-32:C>T-32:C>T,17703648.0,46898850.0,0.02668941560519495
100021275|F|0-33:T>A-33:T>A,100019198|F|0-35:G>T-35:G>T,17703648.0,46921983.0,0.04248791844253677
100021275|F|0-33:T>A-33:T>A,100020755|F|0-11:C>A-11:C>A,17703648.0,46921988.0,0.024441636808658053
100021275|F|0-33:T>A-33:T>A,100030713|F|0-35:T>A-35:T>A,17703648.0,46975334.0,0.038902765521470525
100021275|F|0-33:T>A-33:T>A,100035377|F|0-67:C>G-67:C>G,17703648.0,47016484.0,0.002877714742121524
100021275|F|0-33:T>A-33:T>A,100014882|F|0-19:A>G-19:A>G,17703648.0,47035718.0,0.012474012474012438
100021275|F|0-33:T>A-33:T>A,100016158|F|0-51:C>A-51:C>A,17703648.0,47150489.0,0.03266949306193506
100017523|F|0-41:C>T-41:C>T,100032842|F|0-24:A>C-24:A>C,17927516.0,18176550.0,0.356655618771867
100017523|F|0-41:C>T-41:C>T,100032841|F|0-19:T>A-19:T>A,17927516.0,18176550.0,0.46949039866572173
100017523|F|0-41:C>T-41:C>T,100033379|F|0-46:C>G-46:C>G,17927516.0,18202707.0,0.33975961673858535
100017523|F|0-41:C>T-41:C>T,100022600|F|0-31:A>T-31:A>T,17927516.0,18245914.0,0.38347418700740604
100017523|F|0-41:C>T-41:C>T,100019074|F|0-23:A>T-23:A>T,17927516.0,18451325.0,0.021685419444673882
100017523|F|0-41:C>T-41:C>T,100035266|F|0-39:C>T-39:C>T,17927516.0,18675661.0,0.010031310354050875
100017523|F|0-41:C>T-41:C>T,100016256|F|0-31:A>C-31:A>C,17927516.0,19574145.0,0.004381819010090439
100017523|F|0-41:C>T-41:C>T,100036101|F|0-41:G>C-41:G>C,17927516.0,19902376.0,0.0005186488554362802
100017523|F|0-41:C>T-41:C>T,100044506|F|0-28:G>A-28:G>A,17927516.0,19987479.0,0.07397901118759585
100017523|F|0-41:C>T-41:C>T,100013122|F|0-67:G>A-67:G>A,17927516.0,26458664.0,0.06065257791506567
100017523|F|0-41:C>T-41:C>T,100017906|F|0-31:G>A-31:G>A,17927516.0,26571479.0,0.0001102319947413842
100017523|F|0-41:C>T-41:C>T,100021519|F|0-20:C>T-20:C>T,17927516.0,26856823.0,0.005440797825633233
100017523|F|0-41:C>T-41:C>T,100038609|F|0-8:A>T-8:A>T,17927516.0,27247323.0,0.09053776299372927
100017523|F|0-41:C>T-41:C>T,100028909|F|0-9:C>T-9:C>T,17927516.0,27271569.0,0.04320834870448217
100017523|F|0-41:C>T-41:C>T,100021397|F|0-9:C>T-9:C>T,17927516.0,27420869.0,0.19494708813740735
100017523|F|0-41:C>T-41:C>T,100017892|F|0-32:A>G-32:A>G,17927516.0,27451898.0,0.16074758293877137
100017523|F|0-41:C>T-41:C>T,100033136|F|0-68:A>G-68:A>G,17927516.0,27783976.0,0.05700420196076861
100017523|F|0-41:C>T-41:C>T,100020699|F|0-40:A>G-40:A>G,17927516.0,30507860.0,0.07224508154835414
100017523|F|0-41:C>T-41:C>T,100014559|F|0-31:C>A-31:C>A,17927516.0,30836975.0,0.08146374061377734
100017523|F|0-41:C>T-41:C>T,100017321|F|0-51:A>T-51:A>T,17927516.0,31197415.0,0.019540459808528927
100017523|F|0-41:C>T-41:C>T,100040910|F|0-51:A>G-51:A>G,17927516.0,31200593.0,0.00333829279781084
100017523|F|0-41:C>T-41:C>T,100016298|F|0-19:G>A-19:G>A,17927516.0,31539538.0,0.002144161791566297
100017523|F|0-41:C>T-41:C>T,100016431|F|0-28:C>T-28:C>T,17927516.0,32001840.0,0.06253558982301893
100017523|F|0-41:C>T-41:C>T,100020933|F|0-51:T>C-51:T>C,17927516.0,32243895.0,0.023359097601335532
100017523|F|0-41:C>T-41:C>T,100014677|F|0-27:A>C-27:A>C,17927516.0,32410962.0,2.1497627951729314e-07
100017523|F|0-41:C>T-41:C>T,100017923|F|0-57:A>G-57:A>G,17927516.0,32459789.0,0.016436855974616253
100017523|F|0-41:C>T-41:C>T,100048091|F|0-43:A>T-43:A>T,17927516.0,32463417.0,0.019298182466167
100017523|F|0-41:C>T-41:C>T,100020456|F|0-16:A>C-16:A>C,17927516.0,32467328.0,0.023536350330835298
100017523|F|0-41:C>T-41:C>T,100034584|F|0-9:T>C-9:T>C,17927516.0,32472994.0,0.026370258165346522
100017523|F|0-41:C>T-41:C>T,100033527|F|0-13:C>T-13:C>T,17927516.0,32475333.0,0.026370258165346522
100017523|F|0-41:C>T-41:C>T,100018446|F|0-67:T>A-67:T>A,17927516.0,33239334.0,0.01631723972381437
100017523|F|0-41:C>T-41:C>T,100013877|F|0-19:G>T-19:G>T,17927516.0,34079859.0,0.08914149836198461
100017523|F|0-41:C>T-41:C>T,100035010|F|0-32:A>C-32:A>C,17927516.0,34165746.0,7.446578555715527e-05
100017523|F|0-41:C>T-41:C>T,100028703|F|0-9:T>G-9:T>G,17927516.0,34482430.0,0.0020658878777461494
100017523|F|0-41:C>T-41:C>T,100014587|F|0-36:A>C-36:A>C,17927516.0,34723473.0,0.0011274036598341347
100017523|F|0-41:C>T-41:C>T,100040405|F|0-35:T>A-35:T>A,17927516.0,34724344.0,3.206473578657722e-05
100017523|F|0-41:C>T-41:C>T,100016549|F|0-30:A>G-30:A>G,17927516.0,34725485.0,0.0013059092393078663
100017523|F|0-41:C>T-41:C>T,100013542|F|0-30:C>G-30:C>G,17927516.0,34725490.0,0.012582994387632222
100017523|F|0-41:C>T-41:C>T,100021285|F|0-67:T>C-67:T>C,17927516.0,34855449.0,0.013262369598888447
100017523|F|0-41:C>T-41:C>T,100033734|F|0-65:A>G-65:A>G,17927516.0,35379386.0,0.010281127974798358
100017523|F|0-41:C>T-41:C>T,100021520|F|0-23:T>C-23:T>C,17927516.0,36065991.0,0.0016553779089818167
100017523|F|0-41:C>T-41:C>T,100019045|F|0-23:G>C-23:G>C,17927516.0,36149336.0,0.1524444588085915
100017523|F|0-41:C>T-41:C>T,100057957|F|0-57:C>A-57:C>A,17927516.0,36576268.0,0.008806742670032819
100017523|F|0-41:C>T-41:C>T,100014666|F|0-59:T>C-59:T>C,17927516.0,37090975.0,0.027765017233957072
100017523|F|0-41:C>T-41:C>T,100038773|F|0-28:C>G-28:C>G,17927516.0,37285877.0,0.004827678960801282
100017523|F|0-41:C>T-41:C>T,100051037|F|0-43:C>T-43:C>T,17927516.0,37902767.0,0.021100707735236934
100017523|F|0-41:C>T-41:C>T,100020809|F|0-53:C>G-53:C>G,17927516.0,39838084.0,0.023856570166047947
100017523|F|0-41:C>T-41:C>T,100029380|F|0-39:A>C-39:A>C,17927516.0,40729560.0,0.017061449987422615
100017523|F|0-41:C>T-41:C>T,100013950|F|0-50:T>C-50:T>C,17927516.0,40800799.0,0.10163344989952777
100017523|F|0-41:C>T-41:C>T,100015799|F|0-68:C>T-68:C>T,17927516.0,40825452.0,0.0002673990601696481
100017523|F|0-41:C>T-41:C>T,100043188|F|0-42:C>T-42:C>T,17927516.0,40979122.0,0.0537104153826183
100017523|F|0-41:C>T-41:C>T,100015076|F|0-33:T>C-33:T>C,17927516.0,40986668.0,0.044146126376565537
100017523|F|0-41:C>T-41:C>T,100018802|F|0-14:G>A-14:G>A,17927516.0,40988293.0,0.0537104153826183
100017523|F|0-41:C>T-41:C>T,100018271|F|0-48:A>G-48:A>G,17927516.0,41002080.0,0.05191604668215251
100017523|F|0-41:C>T-41:C>T,100017658|F|0-34:T>G-34:T>G,17927516.0,41027371.0,0.08522611672230555
100017523|F|0-41:C>T-41:C>T,100017206|F|0-15:G>C-15:G>C,17927516.0,41065538.0,0.028890344482670895
100017523|F|0-41:C>T-41:C>T,100040329|F|0-26:A>G-26:A>G,17927516.0,41159215.0,0.007087432797016083
100017523|F|0-41:C>T-41:C>T,100035489|F|0-33:C>A-33:C>A,17927516.0,41159220.0,0.007606499130895982
100017523|F|0-41:C>T-41:C>T,100021166|F|0-38:T>C-38:T>C,17927516.0,41233248.0,0.03997219527366069
100017523|F|0-41:C>T-41:C>T,100020488|F|0-58:T>G-58:T>G,17927516.0,41740174.0,0.05601810307563514
100017523|F|0-41:C>T-41:C>T,100046856|F|0-65:C>A-65:C>A,17927516.0,41864679.0,0.017312395116564867
100017523|F|0-41:C>T-41:C>T,100021425|F|0-50:G>C-50:G>C,17927516.0,42699263.0,0.008910546168936297
100017523|F|0-41:C>T-41:C>T,100032947|F|0-10:A>C-10:A>C,17927516.0,42744717.0,0.0034375422708793264
100017523|F|0-41:C>T-41:C>T,100014347|F|0-68:T>C-68:T>C,17927516.0,42858969.0,0.010981738699662298
100017523|F|0-41:C>T-41:C>T,100016630|F|0-66:A>T-66:A>T,17927516.0,43750313.0,0.005119282341960942
100017523|F|0-41:C>T-41:C>T,100015319|F|0-34:T>A-34:T>A,17927516.0,44449888.0,0.04896519630755813
100017523|F|0-41:C>T-41:C>T,100018345|F|0-65:A>C-65:A>C,17927516.0,44788831.0,0.09143790846293308
100017523|F|0-41:C>T-41:C>T,100017310|F|0-9:T>G-9:T>G,17927516.0,44906172.0,0.010086342544275146
100017523|F|0-41:C>T-41:C>T,100048863|F|0-39:A>G-39:A>G,17927516.0,44946182.0,0.0884526362552963
100017523|F|0-41:C>T-41:C>T,100033264|F|0-61:C>T-61:C>T,17927516.0,44989593.0,0.0551587080814133
100017523|F|0-41:C>T-41:C>T,100020314|F|0-31:G>A-31:G>A,17927516.0,45007549.0,0.0043143056611940145
100017523|F|0-41:C>T-41:C>T,100041823|F|0-64:C>T-64:C>T,17927516.0,45303483.0,0.017216920015987174
100017523|F|0-41:C>T-41:C>T,100015397|F|0-30:G>C-30:G>C,17927516.0,45844613.0,0.002273904065578269
100017523|F|0-41:C>T-41:C>T,100029049|F|0-10:A>G-10:A>G,17927516.0,46654939.0,0.020343452813497174
100017523|F|0-41:C>T-41:C>T,100030430|F|0-19:A>C-19:A>C,17927516.0,46846957.0,0.014872037348311487
100017523|F|0-41:C>T-41:C>T,100021654|F|0-23:G>T-23:G>T,17927516.0,46876617.0,0.05526753595064423
100017523|F|0-41:C>T-41:C>T,100034493|F|0-32:C>T-32:C>T,17927516.0,46898850.0,0.05691810318263246
100017523|F|0-41:C>T-41:C>T,100019198|F|0-35:G>T-35:G>T,17927516.0,46921983.0,0.02018631630877142
100017523|F|0-41:C>T-41:C>T,100020755|F|0-11:C>A-11:C>A,17927516.0,46921988.0,0.038813029223192526
100017523|F|0-41:C>T-41:C>T,100030713|F|0-35:T>A-35:T>A,17927516.0,46975334.0,0.015854113966417456
100017523|F|0-41:C>T-41:C>T,100035377|F|0-67:C>G-67:C>G,17927516.0,47016484.0,0.021344683799654828
100017523|F|0-41:C>T-41:C>T,100014882|F|0-19:A>G-19:A>G,17927516.0,47035718.0,0.012912432664054835
100017523|F|0-41:C>T-41:C>T,100016158|F|0-51:C>A-51:C>A,17927516.0,47150489.0,0.042204013677880806
100032842|F|0-24:A>C-24:A>C,100032841|F|0-19:T>A-19:T>A,18176550.0,18176550.0,0.762911688231289
100032842|F|0-24:A>C-24:A>C,100033379|F|0-46:C>G-46:C>G,18176550.0,18202707.0,0.8868362344386892
100032842|F|0-24:A>C-24:A>C,100022600|F|0-31:A>T-31:A>T,18176550.0,18245914.0,0.40942555539643744
100032842|F|0-24:A>C-24:A>C,100019074|F|0-23:A>T-23:A>T,18176550.0,18451325.0,0.09223099293726637
100032842|F|0-24:A>C-24:A>C,100035266|F|0-39:C>T-39:C>T,18176550.0,18675661.0,0.030184110159182865
100032842|F|0-24:A>C-24:A>C,100016256|F|0-31:A>C-31:A>C,18176550.0,19574145.0,0.0004117991287197376
100032842|F|0-24:A>C-24:A>C,100036101|F|0-41:G>C-41:G>C,18176550.0,19902376.0,0.0018660996694272241
100032842|F|0-24:A>C-24:A>C,100044506|F|0-28:G>A-28:G>A,18176550.0,19987479.0,0.07719077747003934
100032842|F|0-24:A>C-24:A>C,100013122|F|0-67:G>A-67:G>A,18176550.0,26458664.0,0.06968241451000065
100032842|F|0-24:A>C-24:A>C,100017906|F|0-31:G>A-31:G>A,18176550.0,26571479.0,0.0043639441299341795
100032842|F|0-24:A>C-24:A>C,100021519|F|0-20:C>T-20:C>T,18176550.0,26856823.0,3.195755859291395e-05
100032842|F|0-24:A>C-24:A>C,100038609|F|0-8:A>T-8:A>T,18176550.0,27247323.0,0.021355953177387015
100032842|F|0-24:A>C-24:A>C,100028909|F|0-9:C>T-9:C>T,18176550.0,27271569.0,8.981345343850094e-05
100032842|F|0-24:A>C-24:A>C,100021397|F|0-9:C>T-9:C>T,18176550.0,27420869.0,0.047684174366896925
100032842|F|0-24:A>C-24:A>C,100017892|F|0-32:A>G-32:A>G,18176550.0,27451898.0,0.039195102031755184
100032842|F|0-24:A>C-24:A>C,100033136|F|0-68:A>G-68:A>G,18176550.0,27783976.0,0.04409048230135067
100032842|F|0-24:A>C-24:A>C,100020699|F|0-40:A>G-40:A>G,18176550.0,30507860.0,0.086675412293853
100032842|F|0-24:A>C-24:A>C,100014559|F|0-31:C>A-31:C>A,18176550.0,30836975.0,0.06723264212488343
100032842|F|0-24:A>C-24:A>C,100017321|F|0-51:A>T-51:A>T,18176550.0,31197415.0,0.05142673269739892
100032842|F|0-24:A>C-24:A>C,100040910|F|0-51:A>G-51:A>G,18176550.0,31200593.0,0.012527736105609354
100032842|F|0-24:A>C-24:A>C,100016298|F|0-19:G>A-19:G>A,18176550.0,31539538.0,0.029624568650663742
100032842|F|0-24:A>C-24:A>C,100016431|F|0-28:C>T-28:C>T,18176550.0,32001840.0,0.03335572942629885
100032842|F|0-24:A>C-24:A>C,100020933|F|0-51:T>C-51:T>C,18176550.0,32243895.0,0.013914139347942715
100032842|F|0-24:A>C-24:A>C,100014677|F|0-27:A>C-27:A>C,18176550.0,32410962.0,0.00957699851163566
100032842|F|0-24:A>C-24:A>C,100017923|F|0-57:A>G-57:A>G,18176550.0,32459789.0,0.0030646861216601234
100032842|F|0-24:A>C-24:A>C,100048091|F|0-43:A>T-43:A>T,18176550.0,32463417.0,0.002924912501436068
100032842|F|0-24:A>C-24:A>C,100020456|F|0-16:A>C-16:A>C,18176550.0,32467328.0,0.011159481177229664
100032842|F|0-24:A>C-24:A>C,100034584|F|0-9:T>C-9:T>C,18176550.0,32472994.0,0.005672120265013914
100032842|F|0-24:A>C-24:A>C,100033527|F|0-13:C>T-13:C>T,18176550.0,32475333.0,0.005672120265013914
100032842|F|0-24:A>C-24:A>C,100018446|F|0-67:T>A-67:T>A,18176550.0,33239334.0,0.03174878155265419
100032842|F|0-24:A>C-24:A>C,100013877|F|0-19:G>T-19:G>T,18176550.0,34079859.0,0.10520787583064611
100032842|F|0-24:A>C-24:A>C,100035010|F|0-32:A>C-32:A>C,18176550.0,34165746.0,0.024879666106043447
100032842|F|0-24:A>C-24:A>C,100028703|F|0-9:T>G-9:T>G,18176550.0,34482430.0,0.0038029975801156363
100032842|F|0-24:A>C-24:A>C,100014587|F|0-36:A>C-36:A>C,18176550.0,34723473.0,0.02443897631196068
100032842|F|0-24:A>C-24:A>C,100040405|F|0-35:T>A-35:T>A,18176550.0,34724344.0,0.023747493575079784
100032842|F|0-24:A>C-24:A>C,100016549|F|0-30:A>G-30:A>G,18176550.0,34725485.0,0.011892280211245736
100032842|F|0-24:A>C-24:A>C,100013542|F|0-30:C>G-30:C>G,18176550.0,34725490.0,0.08086702161495732
100032842|F|0-24:A>C-24:A>C,100021285|F|0-67:T>C-67:T>C,18176550.0,34855449.0,0.016540033919243993
100032842|F|0-24:A>C-24:A>C,100033734|F|0-65:A>G-65:A>G,18176550.0,35379386.0,0.010190360499704525
100032842|F|0-24:A>C-24:A>C,100021520|F|0-23:T>C-23:T>C,18176550.0,36065991.0,0.001071980188055954
100032842|F|0-24:A>C-24:A>C,100019045|F|0-23:G>C-23:G>C,18176550.0,36149336.0,0.15945417770652123
100032842|F|0-24:A>C-24:A>C,100057957|F|0-57:C>A-57:C>A,18176550.0,36576268.0,0.004030976320966498
100032842|F|0-24:A>C-24:A>C,100014666|F|0-59:T>C-59:T>C,18176550.0,37090975.0,0.024828383464331003
100032842|F|0-24:A>C-24:A>C,100038773|F|0-28:C>G-28:C>G,18176550.0,37285877.0,0.00023479857279882374
100032842|F|0-24:A>C-24:A>C,100051037|F|0-43:C>T-43:C>T,18176550.0,37902767.0,0.012234889005453041
100032842|F|0-24:A>C-24:A>C,100020809|F|0-53:C>G-53:C>G,18176550.0,39838084.0,0.02975248705000095
100032842|F|0-24:A>C-24:A>C,100029380|F|0-39:A>C-39:A>C,18176550.0,40729560.0,0.00198934095203174
100032842|F|0-24:A>C-24:A>C,100013950|F|0-50:T>C-50:T>C,18176550.0,40800799.0,0.07594897593076284
100032842|F|0-24:A>C-24:A>C,100015799|F|0-68:C>T-68:C>T,18176550.0,40825452.0,0.0005088805972660077
100032842|F|0-24:A>C-24:A>C,100043188|F|0-42:C>T-42:C>T,18176550.0,40979122.0,0.06170671646367543
100032842|F|0-24:A>C-24:A>C,100015076|F|0-33:T>C-33:T>C,18176550.0,40986668.0,0.05646862488852891
100032842|F|0-24:A>C-24:A>C,100018802|F|0-14:G>A-14:G>A,18176550.0,40988293.0,0.07818941548688137
100032842|F|0-24:A>C-24:A>C,100018271|F|0-48:A>G-48:A>G,18176550.0,41002080.0,0.06929053426608053
100032842|F|0-24:A>C-24:A>C,100017658|F|0-34:T>G-34:T>G,18176550.0,41027371.0,0.11890901396148751
100032842|F|0-24:A>C-24:A>C,100017206|F|0-15:G>C-15:G>C,18176550.0,41065538.0,0.03816099804522561
100032842|F|0-24:A>C-24:A>C,100040329|F|0-26:A>G-26:A>G,18176550.0,41159215.0,0.015435607330381573
100032842|F|0-24:A>C-24:A>C,100035489|F|0-33:C>A-33:C>A,18176550.0,41159220.0,0.003875065845831364
100032842|F|0-24:A>C-24:A>C,100021166|F|0-38:T>C-38:T>C,18176550.0,41233248.0,0.039092348599620956
100032842|F|0-24:A>C-24:A>C,100020488|F|0-58:T>G-58:T>G,18176550.0,41740174.0,0.0235106759620341
100032842|F|0-24:A>C-24:A>C,100046856|F|0-65:C>A-65:C>A,18176550.0,41864679.0,0.014252556971643324
100032842|F|0-24:A>C-24:A>C,100021425|F|0-50:G>C-50:G>C,18176550.0,42699263.0,0.0017667964536367065
100032842|F|0-24:A>C-24:A>C,100032947|F|0-10:A>C-10:A>C,18176550.0,42744717.0,0.0020379317495465314
100032842|F|0-24:A>C-24:A>C,100014347|F|0-68:T>C-68:T>C,18176550.0,42858969.0,0.012848722774165466
100032842|F|0-24:A>C-24:A>C,100016630|F|0-66:A>T-66:A>T,18176550.0,43750313.0,0.019900571286495614
100032842|F|0-24:A>C-24:A>C,100015319|F|0-34:T>A-34:T>A,18176550.0,44449888.0,0.07745537012269567
100032842|F|0-24:A>C-24:A>C,100018345|F|0-65:A>C-65:A>C,18176550.0,44788831.0,0.1264819693523763
100032842|F|0-24:A>C-24:A>C,100017310|F|0-9:T>G-9:T>G,18176550.0,44906172.0,0.0043905550547721295
100032842|F|0-24:A>C-24:A>C,100048863|F|0-39:A>G-39:A>G,18176550.0,44946182.0,0.12468250179181936
100032842|F|0-24:A>C-24:A>C,100033264|F|0-61:C>T-61:C>T,18176550.0,44989593.0,0.05507127635082819
100032842|F|0-24:A>C-24:A>C,100020314|F|0-31:G>A-31:G>A,18176550.0,45007549.0,1.1517133578938838e-07
100032842|F|0-24:A>C-24:A>C,100041823|F|0-64:C>T-64:C>T,18176550.0,45303483.0,0.00909241930967612
100032842|F|0-24:A>C-24:A>C,100015397|F|0-30:G>C-30:G>C,18176550.0,45844613.0,0.0037846296768985197
100032842|F|0-24:A>C-24:A>C,100029049|F|0-10:A>G-10:A>G,18176550.0,46654939.0,0.036091152331419296
100032842|F|0-24:A>C-24:A>C,100030430|F|0-19:A>C-19:A>C,18176550.0,46846957.0,0.030733262302822344
100032842|F|0-24:A>C-24:A>C,100021654|F|0-23:G>T-23:G>T,18176550.0,46876617.0,0.0634956580815426
100032842|F|0-24:A>C-24:A>C,100034493|F|0-32:C>T-32:C>T,18176550.0,46898850.0,0.07098485306416676
100032842|F|0-24:A>C-24:A>C,100019198|F|0-35:G>T-35:G>T,18176550.0,46921983.0,0.016071800811129182
100032842|F|0-24:A>C-24:A>C,100020755|F|0-11:C>A-11:C>A,18176550.0,46921988.0,0.028430140522033416
100032842|F|0-24:A>C-24:A>C,100030713|F|0-35:T>A-35:T>A,18176550.0,46975334.0,0.010266716729133
100032842|F|0-24:A>C-24:A>C,100035377|F|0-67:C>G-67:C>G,18176550.0,47016484.0,0.013965017033398117
100032842|F|0-24:A>C-24:A>C,100014882|F|0-19:A>G-19:A>G,18176550.0,47035718.0,0.019904400629077376
100032842|F|0-24:A>C-24:A>C,100016158|F|0-51:C>A-51:C>A,18176550.0,47150489.0,0.04124798164242833
100032841|F|0-19:T>A-19:T>A,100033379|F|0-46:C>G-46:C>G,18176550.0,18202707.0,0.7605039297984979
100032841|F|0-19:T>A-19:T>A,100022600|F|0-31:A>T-31:A>T,18176550.0,18245914.0,0.4618539784925651
100032841|F|0-19:T>A-19:T>A,100019074|F|0-23:A>T-23:A>T,18176550.0,18451325.0,0.04644160123438101
100032841|F|0-19:T>A-19:T>A,100035266|F|0-39:C>T-39:C>T,18176550.0,18675661.0,0.01570374856697886
100032841|F|0-19:T>A-19:T>A,100016256|F|0-31:A>C-31:A>C,18176550.0,19574145.0,0.0031731451713915893
100032841|F|0-19:T>A-19:T>A,100036101|F|0-41:G>C-41:G>C,18176550.0,19902376.0,0.0014557609733292962
100032841|F|0-19:T>A-19:T>A,100044506|F|0-28:G>A-28:G>A,18176550.0,19987479.0,0.06372559865476525
100032841|F|0-19:T>A-19:T>A,100013122|F|0-67:G>A-67:G>A,18176550.0,26458664.0,0.06560155135110243
100032841|F|0-19:T>A-19:T>A,100017906|F|0-31:G>A-31:G>A,18176550.0,26571479.0,0.0001327627440214092
100032841|F|0-19:T>A-19:T>A,100021519|F|0-20:C>T-20:C>T,18176550.0,26856823.0,0.0047292559042739525
100032841|F|0-19:T>A-19:T>A,100038609|F|0-8:A>T-8:A>T,18176550.0,27247323.0,0.04335731765459602
100032841|F|0-19:T>A-19:T>A,100028909|F|0-9:C>T-9:C>T,18176550.0,27271569.0,0.007237545198368715
100032841|F|0-19:T>A-19:T>A,100021397|F|0-9:C>T-9:C>T,18176550.0,27420869.0,0.07917019705165435
100032841|F|0-19:T>A-19:T>A,100017892|F|0-32:A>G-32:A>G,18176550.0,27451898.0,0.10525684640000137
100032841|F|0-19:T>A-19:T>A,100033136|F|0-68:A>G-68:A>G,18176550.0,27783976.0,0.04509219372936279
100032841|F|0-19:T>A-19:T>A,100020699|F|0-40:A>G-40:A>G,18176550.0,30507860.0,0.10976894855983159
100032841|F|0-19:T>A-19:T>A,100014559|F|0-31:C>A-31:C>A,18176550.0,30836975.0,0.12010023937761785
100032841|F|0-19:T>A-19:T>A,100017321|F|0-51:A>T-51:A>T,18176550.0,31197415.0,0.06013356555645215
100032841|F|0-19:T>A-19:T>A,100040910|F|0-51:A>G-51:A>G,18176550.0,31200593.0,0.016455923385943316
100032841|F|0-19:T>A-19:T>A,100016298|F|0-19:G>A-19:G>A,18176550.0,31539538.0,0.003943968654471336
100032841|F|0-19:T>A-19:T>A,100016431|F|0-28:C>T-28:C>T,18176550.0,32001840.0,0.053993048306960056
100032841|F|0-19:T>A-19:T>A,100020933|F|0-51:T>C-51:T>C,18176550.0,32243895.0,0.01495715662831246
100032841|F|0-19:T>A-19:T>A,100014677|F|0-27:A>C-27:A>C,18176550.0,32410962.0,0.0010499698150918232
100032841|F|0-19:T>A-19:T>A,100017923|F|0-57:A>G-57:A>G,18176550.0,32459789.0,0.0004929570803099931
100032841|F|0-19:T>A-19:T>A,100048091|F|0-43:A>T-43:A>T,18176550.0,32463417.0,0.001029919440831558
100032841|F|0-19:T>A-19:T>A,100020456|F|0-16:A>C-16:A>C,18176550.0,32467328.0,0.0023153107914896274
100032841|F|0-19:T>A-19:T>A,100034584|F|0-9:T>C-9:T>C,18176550.0,32472994.0,0.0025940871225308467
100032841|F|0-19:T>A-19:T>A,100033527|F|0-13:C>T-13:C>T,18176550.0,32475333.0,0.0025940871225308467
100032841|F|0-19:T>A-19:T>A,100018446|F|0-67:T>A-67:T>A,18176550.0,33239334.0,0.017921875203065613
100032841|F|0-19:T>A-19:T>A,100013877|F|0-19:G>T-19:G>T,18176550.0,34079859.0,0.11707577539775893
100032841|F|0-19:T>A-19:T>A,100035010|F|0-32:A>C-32:A>C,18176550.0,34165746.0,0.0025953639860544254
100032841|F|0-19:T>A-19:T>A,100028703|F|0-9:T>G-9:T>G,18176550.0,34482430.0,0.00237883794543763
100032841|F|0-19:T>A-19:T>A,100014587|F|0-36:A>C-36:A>C,18176550.0,34723473.0,0.008916116657840699
100032841|F|0-19:T>A-19:T>A,100040405|F|0-35:T>A-35:T>A,18176550.0,34724344.0,0.00524828627386977
100032841|F|0-19:T>A-19:T>A,100016549|F|0-30:A>G-30:A>G,18176550.0,34725485.0,0.0036654697785757106
100032841|F|0-19:T>A-19:T>A,100013542|F|0-30:C>G-30:C>G,18176550.0,34725490.0,0.031126060325493917
100032841|F|0-19:T>A-19:T>A,100021285|F|0-67:T>C-67:T>C,18176550.0,34855449.0,0.026225581656298232
100032841|F|0-19:T>A-19:T>A,100033734|F|0-65:A>G-65:A>G,18176550.0,35379386.0,0.027512636011804634
100032841|F|0-19:T>A-19:T>A,100021520|F|0-23:T>C-23:T>C,18176550.0,36065991.0,0.0005926492527878251
100032841|F|0-19:T>A-19:T>A,100019045|F|0-23:G>C-23:G>C,18176550.0,36149336.0,0.11039442689439241
100032841|F|0-19:T>A-19:T>A,100057957|F|0-57:C>A-57:C>A,18176550.0,36576268.0,0.002595363986054418
100032841|F|0-19:T>A-19:T>A,100014666|F|0-59:T>C-59:T>C,18176550.0,37090975.0,0.018595457121219322
100032841|F|0-19:T>A-19:T>A,100038773|F|0-28:C>G-28:C>G,18176550.0,37285877.0,0.00439460163611107
100032841|F|0-19:T>A-19:T>A,100051037|F|0-43:C>T-43:C>T,18176550.0,37902767.0,0.013536557853488
100032841|F|0-19:T>A-19:T>A,100020809|F|0-53:C>G-53:C>G,18176550.0,39838084.0,0.023996910358648912
100032841|F|0-19:T>A-19:T>A,100029380|F|0-39:A>C-39:A>C,18176550.0,40729560.0,0.0004966595049592351
100032841|F|0-19:T>A-19:T>A,100013950|F|0-50:T>C-50:T>C,18176550.0,40800799.0,0.054281930361342046
100032841|F|0-19:T>A-19:T>A,100015799|F|0-68:C>T-68:C>T,18176550.0,40825452.0,5.063549572555426e-05
100032841|F|0-19:T>A-19:T>A,100043188|F|0-42:C>T-42:C>T,18176550.0,40979122.0,0.04081697595519487
100032841|F|0-19:T>A-19:T>A,100015076|F|0-33:T>C-33:T>C,18176550.0,40986668.0,0.03927004976933409
100032841|F|0-19:T>A-19:T>A,100018802|F|0-14:G>A-14:G>A,18176550.0,40988293.0,0.05003931968725618
100032841|F|0-19:T>A-19:T>A,100018271|F|0-48:A>G-48:A>G,18176550.0,41002080.0,0.04631768555257233
100032841|F|0-19:T>A-19:T>A,100017658|F|0-34:T>G-34:T>G,18176550.0,41027371.0,0.08175108354641579
100032841|F|0-19:T>A-19:T>A,100017206|F|0-15:G>C-15:G>C,18176550.0,41065538.0,0.037600613855239925
100032841|F|0-19:T>A-19:T>A,100040329|F|0-26:A>G-26:A>G,18176550.0,41159215.0,0.009545193349839895
100032841|F|0-19:T>A-19:T>A,100035489|F|0-33:C>A-33:C>A,18176550.0,41159220.0,0.0015088193829550344
100032841|F|0-19:T>A-19:T>A,100021166|F|0-38:T>C-38:T>C,18176550.0,41233248.0,0.04071537816842088
100032841|F|0-19:T>A-19:T>A,100020488|F|0-58:T>G-58:T>G,18176550.0,41740174.0,0.024486788261135494
100032841|F|0-19:T>A-19:T>A,100046856|F|0-65:C>A-65:C>A,18176550.0,41864679.0,0.02593672454802218
100032841|F|0-19:T>A-19:T>A,100021425|F|0-50:G>C-50:G>C,18176550.0,42699263.0,0.0004975765633260224
100032841|F|0-19:T>A-19:T>A,100032947|F|0-10:A>C-10:A>C,18176550.0,42744717.0,0.0005520732412862113
100032841|F|0-19:T>A-19:T>A,100014347|F|0-68:T>C-68:T>C,18176550.0,42858969.0,0.0009710274521764603
100032841|F|0-19:T>A-19:T>A,100016630|F|0-66:A>T-66:A>T,18176550.0,43750313.0,0.01219019955265395
100032841|F|0-19:T>A-19:T>A,100015319|F|0-34:T>A-34:T>A,18176550.0,44449888.0,0.1033377510210382
100032841|F|0-19:T>A-19:T>A,100018345|F|0-65:A>C-65:A>C,18176550.0,44788831.0,0.08202032687557215
100032841|F|0-19:T>A-19:T>A,100017310|F|0-9:T>G-9:T>G,18176550.0,44906172.0,0.0044736145039291275
100032841|F|0-19:T>A-19:T>A,100048863|F|0-39:A>G-39:A>G,18176550.0,44946182.0,0.07870726271269145
100032841|F|0-19:T>A-19:T>A,100033264|F|0-61:C>T-61:C>T,18176550.0,44989593.0,0.09087668297565046
100032841|F|0-19:T>A-19:T>A,100020314|F|0-31:G>A-31:G>A,18176550.0,45007549.0,0.0006833998780629612
100032841|F|0-19:T>A-19:T>A,100041823|F|0-64:C>T-64:C>T,18176550.0,45303483.0,0.020289316163624817
100032841|F|0-19:T>A-19:T>A,100015397|F|0-30:G>C-30:G>C,18176550.0,45844613.0,0.006518263502155541
100032841|F|0-19:T>A-19:T>A,100029049|F|0-10:A>G-10:A>G,18176550.0,46654939.0,0.03700881739734745
100032841|F|0-19:T>A-19:T>A,100030430|F|0-19:A>C-19:A>C,18176550.0,46846957.0,0.0008360556981556233
100032841|F|0-19:T>A-19:T>A,100021654|F|0-23:G>T-23:G>T,18176550.0,46876617.0,0.02316523767177295
100032841|F|0-19:T>A-19:T>A,100034493|F|0-32:C>T-32:C>T,18176550.0,46898850.0,0.029484919557649574
100032841|F|0-19:T>A-19:T>A,100019198|F|0-35:G>T-35:G>T,18176550.0,46921983.0,0.007043652232220379
100032841|F|0-19:T>A-19:T>A,100020755|F|0-11:C>A-11:C>A,18176550.0,46921988.0,0.010898625011141238
100032841|F|0-19:T>A-19:T>A,100030713|F|0-35:T>A-35:T>A,18176550.0,46975334.0,0.01758198468155457
100032841|F|0-19:T>A-19:T>A,100035377|F|0-67:C>G-67:C>G,18176550.0,47016484.0,0.010386554280903551
100032841|F|0-19:T>A-19:T>A,100014882|F|0-19:A>G-19:A>G,18176550.0,47035718.0,0.02034359103830041
100032841|F|0-19:T>A-19:T>A,100016158|F|0-51:C>A-51:C>A,18176550.0,47150489.0,0.08906873016784266
100033379|F|0-46:C>G-46:C>G,100022600|F|0-31:A>T-31:A>T,18202707.0,18245914.0,0.2920357965306895
100033379|F|0-46:C>G-46:C>G,100019074|F|0-23:A>T-23:A>T,18202707.0,18451325.0,0.07482967011817228
100033379|F|0-46:C>G-46:C>G,100035266|F|0-39:C>T-39:C>T,18202707.0,18675661.0,0.045537180671568
100033379|F|0-46:C>G-46:C>G,100016256|F|0-31:A>C-31:A>C,18202707.0,19574145.0,8.823092354558219e-05
100033379|F|0-46:C>G-46:C>G,100036101|F|0-41:G>C-41:G>C,18202707.0,19902376.0,0.011046221013555534
100033379|F|0-46:C>G-46:C>G,100044506|F|0-28:G>A-28:G>A,18202707.0,19987479.0,0.06891086936957222
100033379|F|0-46:C>G-46:C>G,100013122|F|0-67:G>A-67:G>A,18202707.0,26458664.0,0.05326861636765781
100033379|F|0-46:C>G-46:C>G,100017906|F|0-31:G>A-31:G>A,18202707.0,26571479.0,0.006211914177808283
100033379|F|0-46:C>G-46:C>G,100021519|F|0-20:C>T-20:C>T,18202707.0,26856823.0,0.0035667658845988863
100033379|F|0-46:C>G-46:C>G,100038609|F|0-8:A>T-8:A>T,18202707.0,27247323.0,0.006265908156907447
100033379|F|0-46:C>G-46:C>G,100028909|F|0-9:C>T-9:C>T,18202707.0,27271569.0,0.004690769938575617
100033379|F|0-46:C>G-46:C>G,100021397|F|0-9:C>T-9:C>T,18202707.0,27420869.0,0.02272996229851383
100033379|F|0-46:C>G-46:C>G,100017892|F|0-32:A>G-32:A>G,18202707.0,27451898.0,0.035502426534402456
100033379|F|0-46:C>G-46:C>G,100033136|F|0-68:A>G-68:A>G,18202707.0,27783976.0,0.03355528685890156
100033379|F|0-46:C>G-46:C>G,100020699|F|0-40:A>G-40:A>G,18202707.0,30507860.0,0.10314800666759287
100033379|F|0-46:C>G-46:C>G,100014559|F|0-31:C>A-31:C>A,18202707.0,30836975.0,0.05343117678381252
100033379|F|0-46:C>G-46:C>G,100017321|F|0-51:A>T-51:A>T,18202707.0,31197415.0,0.07197549922614474
100033379|F|0-46:C>G-46:C>G,100040910|F|0-51:A>G-51:A>G,18202707.0,31200593.0,0.005797804882984706
100033379|F|0-46:C>G-46:C>G,100016298|F|0-19:G>A-19:G>A,18202707.0,31539538.0,0.026446874190484422
100033379|F|0-46:C>G-46:C>G,100016431|F|0-28:C>T-28:C>T,18202707.0,32001840.0,0.03185136339995538
100033379|F|0-46:C>G-46:C>G,100020933|F|0-51:T>C-51:T>C,18202707.0,32243895.0,0.010074779710065578
100033379|F|0-46:C>G-46:C>G,100014677|F|0-27:A>C-27:A>C,18202707.0,32410962.0,0.014236133512104933
100033379|F|0-46:C>G-46:C>G,100017923|F|0-57:A>G-57:A>G,18202707.0,32459789.0,0.00019536129879381482
100033379|F|0-46:C>G-46:C>G,100048091|F|0-43:A>T-43:A>T,18202707.0,32463417.0,0.00011069961101130684
100033379|F|0-46:C>G-46:C>G,100020456|F|0-16:A>C-16:A>C,18202707.0,32467328.0,0.0037822967415031693
100033379|F|0-46:C>G-46:C>G,100034584|F|0-9:T>C-9:T>C,18202707.0,32472994.0,0.0009799276797175197
100033379|F|0-46:C>G-46:C>G,100033527|F|0-13:C>T-13:C>T,18202707.0,32475333.0,0.0009799276797175197
100033379|F|0-46:C>G-46:C>G,100018446|F|0-67:T>A-67:T>A,18202707.0,33239334.0,0.03044890326460081
100033379|F|0-46:C>G-46:C>G,100013877|F|0-19:G>T-19:G>T,18202707.0,34079859.0,0.07372150918683365
100033379|F|0-46:C>G-46:C>G,100035010|F|0-32:A>C-32:A>C,18202707.0,34165746.0,0.031906921470525734
100033379|F|0-46:C>G-46:C>G,100028703|F|0-9:T>G-9:T>G,18202707.0,34482430.0,9.154990324191472e-07
100033379|F|0-46:C>G-46:C>G,100014587|F|0-36:A>C-36:A>C,18202707.0,34723473.0,0.01868233847426853
100033379|F|0-46:C>G-46:C>G,100040405|F|0-35:T>A-35:T>A,18202707.0,34724344.0,0.018341216823644937
100033379|F|0-46:C>G-46:C>G,100016549|F|0-30:A>G-30:A>G,18202707.0,34725485.0,0.008519701810436622
100033379|F|0-46:C>G-46:C>G,100013542|F|0-30:C>G-30:C>G,18202707.0,34725490.0,0.06378721456287484
100033379|F|0-46:C>G-46:C>G,100021285|F|0-67:T>C-67:T>C,18202707.0,34855449.0,0.015756475685414953
100033379|F|0-46:C>G-46:C>G,100033734|F|0-65:A>G-65:A>G,18202707.0,35379386.0,0.015179933741896816
100033379|F|0-46:C>G-46:C>G,100021520|F|0-23:T>C-23:T>C,18202707.0,36065991.0,0.00037967421140259935
100033379|F|0-46:C>G-46:C>G,100019045|F|0-23:G>C-23:G>C,18202707.0,36149336.0,0.1901225948198289
100033379|F|0-46:C>G-46:C>G,100057957|F|0-57:C>A-57:C>A,18202707.0,36576268.0,0.0022806171160989312
100033379|F|0-46:C>G-46:C>G,100014666|F|0-59:T>C-59:T>C,18202707.0,37090975.0,0.00923595992724322
100033379|F|0-46:C>G-46:C>G,100038773|F|0-28:C>G-28:C>G,18202707.0,37285877.0,0.00013855568316970197
100033379|F|0-46:C>G-46:C>G,100051037|F|0-43:C>T-43:C>T,18202707.0,37902767.0,0.01822553818852879
100033379|F|0-46:C>G-46:C>G,100020809|F|0-53:C>G-53:C>G,18202707.0,39838084.0,0.02258711642766924
100033379|F|0-46:C>G-46:C>G,100029380|F|0-39:A>C-39:A>C,18202707.0,40729560.0,0.00013366591595523716
100033379|F|0-46:C>G-46:C>G,100013950|F|0-50:T>C-50:T>C,18202707.0,40800799.0,0.06859470856019997
100033379|F|0-46:C>G-46:C>G,100015799|F|0-68:C>T-68:C>T,18202707.0,40825452.0,0.0017445012168256391
100033379|F|0-46:C>G-46:C>G,100043188|F|0-42:C>T-42:C>T,18202707.0,40979122.0,0.049715543175404935
100033379|F|0-46:C>G-46:C>G,100015076|F|0-33:T>C-33:T>C,18202707.0,40986668.0,0.05872123589598406
100033379|F|0-46:C>G-46:C>G,100018802|F|0-14:G>A-14:G>A,18202707.0,40988293.0,0.0788292948150429
100033379|F|0-46:C>G-46:C>G,100018271|F|0-48:A>G-48:A>G,18202707.0,41002080.0,0.05621741300095785
100033379|F|0-46:C>G-46:C>G,100017658|F|0-34:T>G-34:T>G,18202707.0,41027371.0,0.11577444468297364
100033379|F|0-46:C>G-46:C>G,100017206|F|0-15:G>C-15:G>C,18202707.0,41065538.0,0.031992454271320636
100033379|F|0-46:C>G-46:C>G,100040329|F|0-26:A>G-26:A>G,18202707.0,41159215.0,0.013228759317491592
100033379|F|0-46:C>G-46:C>G,100035489|F|0-33:C>A-33:C>A,18202707.0,41159220.0,0.008645358643547648
100033379|F|0-46:C>G-46:C>G,100021166|F|0-38:T>C-38:T>C,18202707.0,41233248.0,0.06209022909316675
100033379|F|0-46:C>G-46:C>G,100020488|F|0-58:T>G-58:T>G,18202707.0,41740174.0,0.015687190997197807
100033379|F|0-46:C>G-46:C>G,100046856|F|0-65:C>A-65:C>A,18202707.0,41864679.0,0.010648249425123605
100033379|F|0-46:C>G-46:C>G,100021425|F|0-50:G>C-50:G>C,18202707.0,42699263.0,0.0040104928324593
100033379|F|0-46:C>G-46:C>G,100032947|F|0-10:A>C-10:A>C,18202707.0,42744717.0,0.0010946360503501279
100033379|F|0-46:C>G-46:C>G,100014347|F|0-68:T>C-68:T>C,18202707.0,42858969.0,0.008890794034563996
100033379|F|0-46:C>G-46:C>G,100016630|F|0-66:A>T-66:A>T,18202707.0,43750313.0,0.025006371671062993
100033379|F|0-46:C>G-46:C>G,100015319|F|0-34:T>A-34:T>A,18202707.0,44449888.0,0.09351950875226958
100033379|F|0-46:C>G-46:C>G,100018345|F|0-65:A>C-65:A>C,18202707.0,44788831.0,0.11267315484243141
100033379|F|0-46:C>G-46:C>G,100017310|F|0-9:T>G-9:T>G,18202707.0,44906172.0,0.01645072801550307
100033379|F|0-46:C>G-46:C>G,100048863|F|0-39:A>G-39:A>G,18202707.0,44946182.0,0.1111487214201594
100033379|F|0-46:C>G-46:C>G,100033264|F|0-61:C>T-61:C>T,18202707.0,44989593.0,0.04412517251130016
100033379|F|0-46:C>G-46:C>G,100020314|F|0-31:G>A-31:G>A,18202707.0,45007549.0,0.0012381573565340435
100033379|F|0-46:C>G-46:C>G,100041823|F|0-64:C>T-64:C>T,18202707.0,45303483.0,0.0011842039284230361
100033379|F|0-46:C>G-46:C>G,100015397|F|0-30:G>C-30:G>C,18202707.0,45844613.0,0.002462302354449443
100033379|F|0-46:C>G-46:C>G,100029049|F|0-10:A>G-10:A>G,18202707.0,46654939.0,0.026964115479748568
100033379|F|0-46:C>G-46:C>G,100030430|F|0-19:A>C-19:A>C,18202707.0,46846957.0,0.020974928178574773
100033379|F|0-46:C>G-46:C>G,100021654|F|0-23:G>T-23:G>T,18202707.0,46876617.0,0.04853915977426764
100033379|F|0-46:C>G-46:C>G,100034493|F|0-32:C>T-32:C>T,18202707.0,46898850.0,0.05491484679691582
100033379|F|0-46:C>G-46:C>G,100019198|F|0-35:G>T-35:G>T,18202707.0,46921983.0,0.011518670601596665
100033379|F|0-46:C>G-46:C>G,100020755|F|0-11:C>A-11:C>A,18202707.0,46921988.0,0.02082642948587229
100033379|F|0-46:C>G-46:C>G,100030713|F|0-35:T>A-35:T>A,18202707.0,46975334.0,0.01868233847426852
100033379|F|0-46:C>G-46:C>G,100035377|F|0-67:C>G-67:C>G,18202707.0,47016484.0,0.003289651811339152
100033379|F|0-46:C>G-46:C>G,100014882|F|0-19:A>G-19:A>G,18202707.0,47035718.0,0.019229649227902042
100033379|F|0-46:C>G-46:C>G,100016158|F|0-51:C>A-51:C>A,18202707.0,47150489.0,0.03296150577680363
100022600|F|0-31:A>T-31:A>T,100019074|F|0-23:A>T-23:A>T,18245914.0,18451325.0,0.05284248968729974
100022600|F|0-31:A>T-31:A>T,100035266|F|0-39:C>T-39:C>T,18245914.0,18675661.0,1.9710446244502182e-05
100022600|F|0-31:A>T-31:A>T,100016256|F|0-31:A>C-31:A>C,18245914.0,19574145.0,0.002623747308615806
100022600|F|0-31:A>T-31:A>T,100036101|F|0-41:G>C-41:G>C,18245914.0,19902376.0,0.0010193139306590739
100022600|F|0-31:A>T-31:A>T,100044506|F|0-28:G>A-28:G>A,18245914.0,19987479.0,0.06667184395758934
100022600|F|0-31:A>T-31:A>T,100013122|F|0-67:G>A-67:G>A,18245914.0,26458664.0,0.03107249835315756
100022600|F|0-31:A>T-31:A>T,100017906|F|0-31:G>A-31:G>A,18245914.0,26571479.0,0.005016329488285607
100022600|F|0-31:A>T-31:A>T,100021519|F|0-20:C>T-20:C>T,18245914.0,26856823.0,3.6809186468665565e-06
100022600|F|0-31:A>T-31:A>T,100038609|F|0-8:A>T-8:A>T,18245914.0,27247323.0,0.11925186500745225
100022600|F|0-31:A>T-31:A>T,100028909|F|0-9:C>T-9:C>T,18245914.0,27271569.0,0.028745587013487468
100022600|F|0-31:A>T-31:A>T,100021397|F|0-9:C>T-9:C>T,18245914.0,27420869.0,0.19141120117979257
100022600|F|0-31:A>T-31:A>T,100017892|F|0-32:A>G-32:A>G,18245914.0,27451898.0,0.08316677876394271
100022600|F|0-31:A>T-31:A>T,100033136|F|0-68:A>G-68:A>G,18245914.0,27783976.0,0.11820656065427455
100022600|F|0-31:A>T-31:A>T,100020699|F|0-40:A>G-40:A>G,18245914.0,30507860.0,0.0690754810428036
100022600|F|0-31:A>T-31:A>T,100014559|F|0-31:C>A-31:C>A,18245914.0,30836975.0,0.13474258765551803
100022600|F|0-31:A>T-31:A>T,100017321|F|0-51:A>T-51:A>T,18245914.0,31197415.0,0.0606601878921082
100022600|F|0-31:A>T-31:A>T,100040910|F|0-51:A>G-51:A>G,18245914.0,31200593.0,0.045028157618420835
100022600|F|0-31:A>T-31:A>T,100016298|F|0-19:G>A-19:G>A,18245914.0,31539538.0,0.0001048066971479477
100022600|F|0-31:A>T-31:A>T,100016431|F|0-28:C>T-28:C>T,18245914.0,32001840.0,0.007710604335524008
100022600|F|0-31:A>T-31:A>T,100020933|F|0-51:T>C-51:T>C,18245914.0,32243895.0,0.025017684376819536
100022600|F|0-31:A>T-31:A>T,100014677|F|0-27:A>C-27:A>C,18245914.0,32410962.0,0.001103092787892538
100022600|F|0-31:A>T-31:A>T,100017923|F|0-57:A>G-57:A>G,18245914.0,32459789.0,0.010275396018216035
100022600|F|0-31:A>T-31:A>T,100048091|F|0-43:A>T-43:A>T,18245914.0,32463417.0,0.00828260486820717
100022600|F|0-31:A>T-31:A>T,100020456|F|0-16:A>C-16:A>C,18245914.0,32467328.0,0.02337675440809077
100022600|F|0-31:A>T-31:A>T,100034584|F|0-9:T>C-9:T>C,18245914.0,32472994.0,0.01192137159820537
100022600|F|0-31:A>T-31:A>T,100033527|F|0-13:C>T-13:C>T,18245914.0,32475333.0,0.01192137159820537
100022600|F|0-31:A>T-31:A>T,100018446|F|0-67:T>A-67:T>A,18245914.0,33239334.0,0.009615543673157975
100022600|F|0-31:A>T-31:A>T,100013877|F|0-19:G>T-19:G>T,18245914.0,34079859.0,0.16070038982770676
100022600|F|0-31:A>T-31:A>T,100035010|F|0-32:A>C-32:A>C,18245914.0,34165746.0,0.0037857130791882562
100022600|F|0-31:A>T-31:A>T,100028703|F|0-9:T>G-9:T>G,18245914.0,34482430.0,0.005227649469623324
100022600|F|0-31:A>T-31:A>T,100014587|F|0-36:A>C-36:A>C,18245914.0,34723473.0,0.0006277091753645062
100022600|F|0-31:A>T-31:A>T,100040405|F|0-35:T>A-35:T>A,18245914.0,34724344.0,0.00026859551823196645
100022600|F|0-31:A>T-31:A>T,100016549|F|0-30:A>G-30:A>G,18245914.0,34725485.0,0.00024741476813701753
100022600|F|0-31:A>T-31:A>T,100013542|F|0-30:C>G-30:C>G,18245914.0,34725490.0,0.06787297107526752
100022600|F|0-31:A>T-31:A>T,100021285|F|0-67:T>C-67:T>C,18245914.0,34855449.0,0.015224638988152295
100022600|F|0-31:A>T-31:A>T,100033734|F|0-65:A>G-65:A>G,18245914.0,35379386.0,0.003153096117846323
100022600|F|0-31:A>T-31:A>T,100021520|F|0-23:T>C-23:T>C,18245914.0,36065991.0,0.0011378661368761883
100022600|F|0-31:A>T-31:A>T,100019045|F|0-23:G>C-23:G>C,18245914.0,36149336.0,0.13183356507501479
100022600|F|0-31:A>T-31:A>T,100057957|F|0-57:C>A-57:C>A,18245914.0,36576268.0,0.009122488497236729
100022600|F|0-31:A>T-31:A>T,100014666|F|0-59:T>C-59:T>C,18245914.0,37090975.0,0.016817233544527334
100022600|F|0-31:A>T-31:A>T,100038773|F|0-28:C>G-28:C>G,18245914.0,37285877.0,1.597710442237413e-05
100022600|F|0-31:A>T-31:A>T,100051037|F|0-43:C>T-43:C>T,18245914.0,37902767.0,0.038991411508956846
100022600|F|0-31:A>T-31:A>T,100020809|F|0-53:C>G-53:C>G,18245914.0,39838084.0,0.058311445287400246
100022600|F|0-31:A>T-31:A>T,100029380|F|0-39:A>C-39:A>C,18245914.0,40729560.0,0.00180284163600677
100022600|F|0-31:A>T-31:A>T,100013950|F|0-50:T>C-50:T>C,18245914.0,40800799.0,0.056094524815722586
100022600|F|0-31:A>T-31:A>T,100015799|F|0-68:C>T-68:C>T,18245914.0,40825452.0,0.004234833782774029
100022600|F|0-31:A>T-31:A>T,100043188|F|0-42:C>T-42:C>T,18245914.0,40979122.0,0.04639990664773248
100022600|F|0-31:A>T-31:A>T,100015076|F|0-33:T>C-33:T>C,18245914.0,40986668.0,0.035546994929300434
100022600|F|0-31:A>T-31:A>T,100018802|F|0-14:G>A-14:G>A,18245914.0,40988293.0,0.04639990664773248
100022600|F|0-31:A>T-31:A>T,100018271|F|0-48:A>G-48:A>G,18245914.0,41002080.0,0.042696574944891305
100022600|F|0-31:A>T-31:A>T,100017658|F|0-34:T>G-34:T>G,18245914.0,41027371.0,0.06699825075344075
100022600|F|0-31:A>T-31:A>T,100017206|F|0-15:G>C-15:G>C,18245914.0,41065538.0,0.0196622282575409
100022600|F|0-31:A>T-31:A>T,100040329|F|0-26:A>G-26:A>G,18245914.0,41159215.0,0.015906993297041826
100022600|F|0-31:A>T-31:A>T,100035489|F|0-33:C>A-33:C>A,18245914.0,41159220.0,0.0005123752680089688
100022600|F|0-31:A>T-31:A>T,100021166|F|0-38:T>C-38:T>C,18245914.0,41233248.0,0.001965630046887956
100022600|F|0-31:A>T-31:A>T,100020488|F|0-58:T>G-58:T>G,18245914.0,41740174.0,0.0753516330559444
100022600|F|0-31:A>T-31:A>T,100046856|F|0-65:C>A-65:C>A,18245914.0,41864679.0,0.04614225927858451
100022600|F|0-31:A>T-31:A>T,100021425|F|0-50:G>C-50:G>C,18245914.0,42699263.0,0.00019511128320866416
100022600|F|0-31:A>T-31:A>T,100032947|F|0-10:A>C-10:A>C,18245914.0,42744717.0,0.002657264827994885
100022600|F|0-31:A>T-31:A>T,100014347|F|0-68:T>C-68:T>C,18245914.0,42858969.0,0.0011804790040369306
100022600|F|0-31:A>T-31:A>T,100016630|F|0-66:A>T-66:A>T,18245914.0,43750313.0,0.034567615322231994
100022600|F|0-31:A>T-31:A>T,100015319|F|0-34:T>A-34:T>A,18245914.0,44449888.0,0.06431493126710962
100022600|F|0-31:A>T-31:A>T,100018345|F|0-65:A>C-65:A>C,18245914.0,44788831.0,0.08562437393181312
100022600|F|0-31:A>T-31:A>T,100017310|F|0-9:T>G-9:T>G,18245914.0,44906172.0,0.008322870560937033
100022600|F|0-31:A>T-31:A>T,100048863|F|0-39:A>G-39:A>G,18245914.0,44946182.0,0.08207502937342778
100022600|F|0-31:A>T-31:A>T,100033264|F|0-61:C>T-61:C>T,18245914.0,44989593.0,0.10168608898943525
100022600|F|0-31:A>T-31:A>T,100020314|F|0-31:G>A-31:G>A,18245914.0,45007549.0,0.00022289717689134207
100022600|F|0-31:A>T-31:A>T,100041823|F|0-64:C>T-64:C>T,18245914.0,45303483.0,0.03609533984423396
100022600|F|0-31:A>T-31:A>T,100015397|F|0-30:G>C-30:G>C,18245914.0,45844613.0,0.01725136697222217
100022600|F|0-31:A>T-31:A>T,100029049|F|0-10:A>G-10:A>G,18245914.0,46654939.0,0.011967895368473721
100022600|F|0-31:A>T-31:A>T,100030430|F|0-19:A>C-19:A>C,18245914.0,46846957.0,0.0019058156145090193
100022600|F|0-31:A>T-31:A>T,100021654|F|0-23:G>T-23:G>T,18245914.0,46876617.0,0.0016308705677694644
100022600|F|0-31:A>T-31:A>T,100034493|F|0-32:C>T-32:C>T,18245914.0,46898850.0,0.0006423975835715102
100022600|F|0-31:A>T-31:A>T,100019198|F|0-35:G>T-35:G>T,18245914.0,46921983.0,0.004457833226799371
100022600|F|0-31:A>T-31:A>T,100020755|F|0-11:C>A-11:C>A,18245914.0,46921988.0,4.737729602623772e-05
100022600|F|0-31:A>T-31:A>T,100030713|F|0-35:T>A-35:T>A,18245914.0,46975334.0,0.020753634610489007
100022600|F|0-31:A>T-31:A>T,100035377|F|0-67:C>G-67:C>G,18245914.0,47016484.0,0.02144934561318469
100022600|F|0-31:A>T-31:A>T,100014882|F|0-19:A>G-19:A>G,18245914.0,47035718.0,0.03597770489982241
100022600|F|0-31:A>T-31:A>T,100016158|F|0-51:C>A-51:C>A,18245914.0,47150489.0,0.12606457631131043
100019074|F|0-23:A>T-23:A>T,100035266|F|0-39:C>T-39:C>T,18451325.0,18675661.0,0.0021330301124175524
100019074|F|0-23:A>T-23:A>T,100016256|F|0-31:A>C-31:A>C,18451325.0,19574145.0,0.010869057625852278
100019074|F|0-23:A>T-23:A>T,100036101|F|0-41:G>C-41:G>C,18451325.0,19902376.0,0.011094981677256073
100019074|F|0-23:A>T-23:A>T,100044506|F|0-28:G>A-28:G>A,18451325.0,19987479.0,0.0004419084789863672
100019074|F|0-23:A>T-23:A>T,100013122|F|0-67:G>A-67:G>A,18451325.0,26458664.0,0.1792297394707032
100019074|F|0-23:A>T-23:A>T,100017906|F|0-31:G>A-31:G>A,18451325.0,26571479.0,0.04237867377383135
100019074|F|0-23:A>T-23:A>T,100021519|F|0-20:C>T-20:C>T,18451325.0,26856823.0,0.028688317579763763
100019074|F|0-23:A>T-23:A>T,100038609|F|0-8:A>T-8:A>T,18451325.0,27247323.0,0.013018880501258144
100019074|F|0-23:A>T-23:A>T,100028909|F|0-9:C>T-9:C>T,18451325.0,27271569.0,0.0004834822643965346
100019074|F|0-23:A>T-23:A>T,100021397|F|0-9:C>T-9:C>T,18451325.0,27420869.0,0.0013627379927461127
100019074|F|0-23:A>T-23:A>T,100017892|F|0-32:A>G-32:A>G,18451325.0,27451898.0,0.0027321838890145955
100019074|F|0-23:A>T-23:A>T,100033136|F|0-68:A>G-68:A>G,18451325.0,27783976.0,0.13607308816417515
100019074|F|0-23:A>T-23:A>T,100020699|F|0-40:A>G-40:A>G,18451325.0,30507860.0,0.0013968919154880356
100019074|F|0-23:A>T-23:A>T,100014559|F|0-31:C>A-31:C>A,18451325.0,30836975.0,0.009736864123159323
100019074|F|0-23:A>T-23:A>T,100017321|F|0-51:A>T-51:A>T,18451325.0,31197415.0,0.0002756980599858962
100019074|F|0-23:A>T-23:A>T,100040910|F|0-51:A>G-51:A>G,18451325.0,31200593.0,0.0029991657388038426
100019074|F|0-23:A>T-23:A>T,100016298|F|0-19:G>A-19:G>A,18451325.0,31539538.0,0.003907521979811137
100019074|F|0-23:A>T-23:A>T,100016431|F|0-28:C>T-28:C>T,18451325.0,32001840.0,0.0008872700102736619
100019074|F|0-23:A>T-23:A>T,100020933|F|0-51:T>C-51:T>C,18451325.0,32243895.0,0.0008427715143228128
100019074|F|0-23:A>T-23:A>T,100014677|F|0-27:A>C-27:A>C,18451325.0,32410962.0,0.021041364756656127
100019074|F|0-23:A>T-23:A>T,100017923|F|0-57:A>G-57:A>G,18451325.0,32459789.0,0.011587113846400583
100019074|F|0-23:A>T-23:A>T,100048091|F|0-43:A>T-43:A>T,18451325.0,32463417.0,0.02288951455128354
100019074|F|0-23:A>T-23:A>T,100020456|F|0-16:A>C-16:A>C,18451325.0,32467328.0,0.0010565451852659472
100019074|F|0-23:A>T-23:A>T,100034584|F|0-9:T>C-9:T>C,18451325.0,32472994.0,0.020042463898687284
100019074|F|0-23:A>T-23:A>T,100033527|F|0-13:C>T-13:C>T,18451325.0,32475333.0,0.020042463898687284
100019074|F|0-23:A>T-23:A>T,100018446|F|0-67:T>A-67:T>A,18451325.0,33239334.0,0.03296744371488018
100019074|F|0-23:A>T-23:A>T,100013877|F|0-19:G>T-19:G>T,18451325.0,34079859.0,0.022956048331256047
100019074|F|0-23:A>T-23:A>T,100035010|F|0-32:A>C-32:A>C,18451325.0,34165746.0,0.04215595221434834
100019074|F|0-23:A>T-23:A>T,100028703|F|0-9:T>G-9:T>G,18451325.0,34482430.0,0.002259675482367574
100019074|F|0-23:A>T-23:A>T,100014587|F|0-36:A>C-36:A>C,18451325.0,34723473.0,0.1098639160960386
100019074|F|0-23:A>T-23:A>T,100040405|F|0-35:T>A-35:T>A,18451325.0,34724344.0,0.12783710599975676
100019074|F|0-23:A>T-23:A>T,100016549|F|0-30:A>G-30:A>G,18451325.0,34725485.0,0.12725903614457793
100019074|F|0-23:A>T-23:A>T,100013542|F|0-30:C>G-30:C>G,18451325.0,34725490.0,0.005882685672266514
100019074|F|0-23:A>T-23:A>T,100021285|F|0-67:T>C-67:T>C,18451325.0,34855449.0,0.015130288596245383
100019074|F|0-23:A>T-23:A>T,100033734|F|0-65:A>G-65:A>G,18451325.0,35379386.0,0.016446171669969215
100019074|F|0-23:A>T-23:A>T,100021520|F|0-23:T>C-23:T>C,18451325.0,36065991.0,0.005703565435450715
100019074|F|0-23:A>T-23:A>T,100019045|F|0-23:G>C-23:G>C,18451325.0,36149336.0,0.017167787932889537
100019074|F|0-23:A>T-23:A>T,100057957|F|0-57:C>A-57:C>A,18451325.0,36576268.0,0.0753430829972478
100019074|F|0-23:A>T-23:A>T,100014666|F|0-59:T>C-59:T>C,18451325.0,37090975.0,0.01925844972811605
100019074|F|0-23:A>T-23:A>T,100038773|F|0-28:C>G-28:C>G,18451325.0,37285877.0,0.0026712690176765416
100019074|F|0-23:A>T-23:A>T,100051037|F|0-43:C>T-43:C>T,18451325.0,37902767.0,4.7709316675363405e-06
100019074|F|0-23:A>T-23:A>T,100020809|F|0-53:C>G-53:C>G,18451325.0,39838084.0,0.010869057625852255
100019074|F|0-23:A>T-23:A>T,100029380|F|0-39:A>C-39:A>C,18451325.0,40729560.0,0.00010972853161279143
100019074|F|0-23:A>T-23:A>T,100013950|F|0-50:T>C-50:T>C,18451325.0,40800799.0,0.0031399070460244633
100019074|F|0-23:A>T-23:A>T,100015799|F|0-68:C>T-68:C>T,18451325.0,40825452.0,0.01378256709147057
100019074|F|0-23:A>T-23:A>T,100043188|F|0-42:C>T-42:C>T,18451325.0,40979122.0,0.009212242854643796
100019074|F|0-23:A>T-23:A>T,100015076|F|0-33:T>C-33:T>C,18451325.0,40986668.0,0.010478152648098246
100019074|F|0-23:A>T-23:A>T,100018802|F|0-14:G>A-14:G>A,18451325.0,40988293.0,0.020107305961566388
100019074|F|0-23:A>T-23:A>T,100018271|F|0-48:A>G-48:A>G,18451325.0,41002080.0,0.010031373248830149
100019074|F|0-23:A>T-23:A>T,100017658|F|0-34:T>G-34:T>G,18451325.0,41027371.0,0.007709582290514701
100019074|F|0-23:A>T-23:A>T,100017206|F|0-15:G>C-15:G>C,18451325.0,41065538.0,0.0022625600677882015
100019074|F|0-23:A>T-23:A>T,100040329|F|0-26:A>G-26:A>G,18451325.0,41159215.0,0.002455830924344156
100019074|F|0-23:A>T-23:A>T,100035489|F|0-33:C>A-33:C>A,18451325.0,41159220.0,0.0005306376395092881
100019074|F|0-23:A>T-23:A>T,100021166|F|0-38:T>C-38:T>C,18451325.0,41233248.0,0.00999852490530843
100019074|F|0-23:A>T-23:A>T,100020488|F|0-58:T>G-58:T>G,18451325.0,41740174.0,0.01357384846649162
100019074|F|0-23:A>T-23:A>T,100046856|F|0-65:C>A-65:C>A,18451325.0,41864679.0,0.0029744775279461726
100019074|F|0-23:A>T-23:A>T,100021425|F|0-50:G>C-50:G>C,18451325.0,42699263.0,0.0038817807673844074
100019074|F|0-23:A>T-23:A>T,100032947|F|0-10:A>C-10:A>C,18451325.0,42744717.0,0.0006174795088281544
100019074|F|0-23:A>T-23:A>T,100014347|F|0-68:T>C-68:T>C,18451325.0,42858969.0,0.0024835506763217574
100019074|F|0-23:A>T-23:A>T,100016630|F|0-66:A>T-66:A>T,18451325.0,43750313.0,0.007059187053357275
100019074|F|0-23:A>T-23:A>T,100015319|F|0-34:T>A-34:T>A,18451325.0,44449888.0,0.09274958180106613
100019074|F|0-23:A>T-23:A>T,100018345|F|0-65:A>C-65:A>C,18451325.0,44788831.0,0.014961641709393025
100019074|F|0-23:A>T-23:A>T,100017310|F|0-9:T>G-9:T>G,18451325.0,44906172.0,0.00633270788070314
100019074|F|0-23:A>T-23:A>T,100048863|F|0-39:A>G-39:A>G,18451325.0,44946182.0,0.015298509915274868
100019074|F|0-23:A>T-23:A>T,100033264|F|0-61:C>T-61:C>T,18451325.0,44989593.0,0.0035339508628967602
100019074|F|0-23:A>T-23:A>T,100020314|F|0-31:G>A-31:G>A,18451325.0,45007549.0,0.0011814435200019054
100019074|F|0-23:A>T-23:A>T,100041823|F|0-64:C>T-64:C>T,18451325.0,45303483.0,0.006128775190447894
100019074|F|0-23:A>T-23:A>T,100015397|F|0-30:G>C-30:G>C,18451325.0,45844613.0,0.040109482516051474
100019074|F|0-23:A>T-23:A>T,100029049|F|0-10:A>G-10:A>G,18451325.0,46654939.0,0.002340005182018395
100019074|F|0-23:A>T-23:A>T,100030430|F|0-19:A>C-19:A>C,18451325.0,46846957.0,0.011270546376487374
100019074|F|0-23:A>T-23:A>T,100021654|F|0-23:G>T-23:G>T,18451325.0,46876617.0,0.006204725443831397
100019074|F|0-23:A>T-23:A>T,100034493|F|0-32:C>T-32:C>T,18451325.0,46898850.0,0.000940839835625164
100019074|F|0-23:A>T-23:A>T,100019198|F|0-35:G>T-35:G>T,18451325.0,46921983.0,0.005761441062657228
100019074|F|0-23:A>T-23:A>T,100020755|F|0-11:C>A-11:C>A,18451325.0,46921988.0,0.0011575557549346408
100019074|F|0-23:A>T-23:A>T,100030713|F|0-35:T>A-35:T>A,18451325.0,46975334.0,0.02889254861171295
100019074|F|0-23:A>T-23:A>T,100035377|F|0-67:C>G-67:C>G,18451325.0,47016484.0,0.0009189299571166009
100019074|F|0-23:A>T-23:A>T,100014882|F|0-19:A>G-19:A>G,18451325.0,47035718.0,0.0627771502677374
100019074|F|0-23:A>T-23:A>T,100016158|F|0-51:C>A-51:C>A,18451325.0,47150489.0,0.014506426870271804
100035266|F|0-39:C>T-39:C>T,100016256|F|0-31:A>C-31:A>C,18675661.0,19574145.0,0.001996357523115702
100035266|F|0-39:C>T-39:C>T,100036101|F|0-41:G>C-41:G>C,18675661.0,19902376.0,0.008799146256799615
100035266|F|0-39:C>T-39:C>T,100044506|F|0-28:G>A-28:G>A,18675661.0,19987479.0,0.01924953334464604
100035266|F|0-39:C>T-39:C>T,100013122|F|0-67:G>A-67:G>A,18675661.0,26458664.0,0.022706209453197356
100035266|F|0-39:C>T-39:C>T,100017906|F|0-31:G>A-31:G>A,18675661.0,26571479.0,0.0033728916738190026
100035266|F|0-39:C>T-39:C>T,100021519|F|0-20:C>T-20:C>T,18675661.0,26856823.0,0.015130288596245428
100035266|F|0-39:C>T-39:C>T,100038609|F|0-8:A>T-8:A>T,18675661.0,27247323.0,0.04032728424069727
100035266|F|0-39:C>T-39:C>T,100028909|F|0-9:C>T-9:C>T,18675661.0,27271569.0,0.02206197433134058
100035266|F|0-39:C>T-39:C>T,100021397|F|0-9:C>T-9:C>T,18675661.0,27420869.0,0.014994171275331423
100035266|F|0-39:C>T-39:C>T,100017892|F|0-32:A>G-32:A>G,18675661.0,27451898.0,0.0015087836458063124
100035266|F|0-39:C>T-39:C>T,100033136|F|0-68:A>G-68:A>G,18675661.0,27783976.0,0.006056011630666274
100035266|F|0-39:C>T-39:C>T,100020699|F|0-40:A>G-40:A>G,18675661.0,30507860.0,4.910948140387657e-05
100035266|F|0-39:C>T-39:C>T,100014559|F|0-31:C>A-31:C>A,18675661.0,30836975.0,0.012717536813922337
100035266|F|0-39:C>T-39:C>T,100017321|F|0-51:A>T-51:A>T,18675661.0,31197415.0,0.01785535666951745
100035266|F|0-39:C>T-39:C>T,100040910|F|0-51:A>G-51:A>G,18675661.0,31200593.0,0.0029991657388038413
100035266|F|0-39:C>T-39:C>T,100016298|F|0-19:G>A-19:G>A,18675661.0,31539538.0,0.018343644849668946
100035266|F|0-39:C>T-39:C>T,100016431|F|0-28:C>T-28:C>T,18675661.0,32001840.0,0.014196320164378412
100035266|F|0-39:C>T-39:C>T,100020933|F|0-51:T>C-51:T>C,18675661.0,32243895.0,0.016263125306364694
100035266|F|0-39:C>T-39:C>T,100014677|F|0-27:A>C-27:A>C,18675661.0,32410962.0,0.000126934427790176
100035266|F|0-39:C>T-39:C>T,100017923|F|0-57:A>G-57:A>G,18675661.0,32459789.0,5.457214325967277e-05
100035266|F|0-39:C>T-39:C>T,100048091|F|0-43:A>T-43:A>T,18675661.0,32463417.0,0.0001601660432104156
100035266|F|0-39:C>T-39:C>T,100020456|F|0-16:A>C-16:A>C,18675661.0,32467328.0,0.00032823602100710527
100035266|F|0-39:C>T-39:C>T,100034584|F|0-9:T>C-9:T>C,18675661.0,32472994.0,0.00036775746840339595
100035266|F|0-39:C>T-39:C>T,100033527|F|0-13:C>T-13:C>T,18675661.0,32475333.0,0.00036775746840339595
100035266|F|0-39:C>T-39:C>T,100018446|F|0-67:T>A-67:T>A,18675661.0,33239334.0,0.01279627299269466
100035266|F|0-39:C>T-39:C>T,100013877|F|0-19:G>T-19:G>T,18675661.0,34079859.0,0.00013848497438027996
100035266|F|0-39:C>T-39:C>T,100035010|F|0-32:A>C-32:A>C,18675661.0,34165746.0,0.018537189942451928
100035266|F|0-39:C>T-39:C>T,100028703|F|0-9:T>G-9:T>G,18675661.0,34482430.0,0.009329472756026651
100035266|F|0-39:C>T-39:C>T,100014587|F|0-36:A>C-36:A>C,18675661.0,34723473.0,7.223137152928151e-05
100035266|F|0-39:C>T-39:C>T,100040405|F|0-35:T>A-35:T>A,18675661.0,34724344.0,0.003655313896277744
100035266|F|0-39:C>T-39:C>T,100016549|F|0-30:A>G-30:A>G,18675661.0,34725485.0,8.366800535475357e-05
100035266|F|0-39:C>T-39:C>T,100013542|F|0-30:C>G-30:C>G,18675661.0,34725490.0,0.021538483293955826
100035266|F|0-39:C>T-39:C>T,100021285|F|0-67:T>C-67:T>C,18675661.0,34855449.0,0.014506426870271719
100035266|F|0-39:C>T-39:C>T,100033734|F|0-65:A>G-65:A>G,18675661.0,35379386.0,0.035111421941062475
100035266|F|0-39:C>T-39:C>T,100021520|F|0-23:T>C-23:T>C,18675661.0,36065991.0,0.00010605803495672684
100035266|F|0-39:C>T-39:C>T,100019045|F|0-23:G>C-23:G>C,18675661.0,36149336.0,0.007035255841816711
100035266|F|0-39:C>T-39:C>T,100057957|F|0-57:C>A-57:C>A,18675661.0,36576268.0,0.005091114192779575
100035266|F|0-39:C>T-39:C>T,100014666|F|0-59:T>C-59:T>C,18675661.0,37090975.0,0.019258449728116005
100035266|F|0-39:C>T-39:C>T,100038773|F|0-28:C>G-28:C>G,18675661.0,37285877.0,0.007174913156274738
100035266|F|0-39:C>T-39:C>T,100051037|F|0-43:C>T-43:C>T,18675661.0,37902767.0,0.018537189942451928
100035266|F|0-39:C>T-39:C>T,100020809|F|0-53:C>G-53:C>G,18675661.0,39838084.0,0.0019963575231157116
100035266|F|0-39:C>T-39:C>T,100029380|F|0-39:A>C-39:A>C,18675661.0,40729560.0,0.00010972853161279018
100035266|F|0-39:C>T-39:C>T,100013950|F|0-50:T>C-50:T>C,18675661.0,40800799.0,0.0002851782717725359
100035266|F|0-39:C>T-39:C>T,100015799|F|0-68:C>T-68:C>T,18675661.0,40825452.0,0.03048294260072782
100035266|F|0-39:C>T-39:C>T,100043188|F|0-42:C>T-42:C>T,18675661.0,40979122.0,0.020107305961566374
100035266|F|0-39:C>T-39:C>T,100015076|F|0-33:T>C-33:T>C,18675661.0,40986668.0,0.02203751715723652
100035266|F|0-39:C>T-39:C>T,100018802|F|0-14:G>A-14:G>A,18675661.0,40988293.0,0.009212242854643784
100035266|F|0-39:C>T-39:C>T,100018271|F|0-48:A>G-48:A>G,18675661.0,41002080.0,0.010031373248830154
100035266|F|0-39:C>T-39:C>T,100017658|F|0-34:T>G-34:T>G,18675661.0,41027371.0,0.017532580916551563
100035266|F|0-39:C>T-39:C>T,100017206|F|0-15:G>C-15:G>C,18675661.0,41065538.0,0.030785194528615837
100035266|F|0-39:C>T-39:C>T,100040329|F|0-26:A>G-26:A>G,18675661.0,41159215.0,0.020939396793327996
100035266|F|0-39:C>T-39:C>T,100035489|F|0-33:C>A-33:C>A,18675661.0,41159220.0,0.09718687327350349
100035266|F|0-39:C>T-39:C>T,100021166|F|0-38:T>C-38:T>C,18675661.0,41233248.0,0.03712123375016654
100035266|F|0-39:C>T-39:C>T,100020488|F|0-58:T>G-58:T>G,18675661.0,41740174.0,0.013573848466491666
100035266|F|0-39:C>T-39:C>T,100046856|F|0-65:C>A-65:C>A,18675661.0,41864679.0,0.0029744775279461726
100035266|F|0-39:C>T-39:C>T,100021425|F|0-50:G>C-50:G>C,18675661.0,42699263.0,0.0038817807673844126
100035266|F|0-39:C>T-39:C>T,100032947|F|0-10:A>C-10:A>C,18675661.0,42744717.0,0.010436166019577022
100035266|F|0-39:C>T-39:C>T,100014347|F|0-68:T>C-68:T>C,18675661.0,42858969.0,0.010585456368588935
100035266|F|0-39:C>T-39:C>T,100016630|F|0-66:A>T-66:A>T,18675661.0,43750313.0,0.021570151574038084
100035266|F|0-39:C>T-39:C>T,100015319|F|0-34:T>A-34:T>A,18675661.0,44449888.0,0.0017913136525867393
100035266|F|0-39:C>T-39:C>T,100018345|F|0-65:A>C-65:A>C,18675661.0,44788831.0,0.0028249216506999455
100035266|F|0-39:C>T-39:C>T,100017310|F|0-9:T>G-9:T>G,18675661.0,44906172.0,0.006332707880703138
100035266|F|0-39:C>T-39:C>T,100048863|F|0-39:A>G-39:A>G,18675661.0,44946182.0,0.0029682057928020564
100035266|F|0-39:C>T-39:C>T,100033264|F|0-61:C>T-61:C>T,18675661.0,44989593.0,0.018716875427734734
100035266|F|0-39:C>T-39:C>T,100020314|F|0-31:G>A-31:G>A,18675661.0,45007549.0,0.062285970376811314
100035266|F|0-39:C>T-39:C>T,100041823|F|0-64:C>T-64:C>T,18675661.0,45303483.0,0.006128775190447892
100035266|F|0-39:C>T-39:C>T,100015397|F|0-30:G>C-30:G>C,18675661.0,45844613.0,0.019453610620827236
100035266|F|0-39:C>T-39:C>T,100029049|F|0-10:A>G-10:A>G,18675661.0,46654939.0,0.002340005182018395
100035266|F|0-39:C>T-39:C>T,100030430|F|0-19:A>C-19:A>C,18675661.0,46846957.0,0.011270546376487379
100035266|F|0-39:C>T-39:C>T,100021654|F|0-23:G>T-23:G>T,18675661.0,46876617.0,0.00018766655406673492
100035266|F|0-39:C>T-39:C>T,100034493|F|0-32:C>T-32:C>T,18675661.0,46898850.0,0.0009408398356251697
100035266|F|0-39:C>T-39:C>T,100019198|F|0-35:G>T-35:G>T,18675661.0,46921983.0,0.0015347855484289898
100035266|F|0-39:C>T-39:C>T,100020755|F|0-11:C>A-11:C>A,18675661.0,46921988.0,0.0008616024381212721
100035266|F|0-39:C>T-39:C>T,100030713|F|0-35:T>A-35:T>A,18675661.0,46975334.0,0.06285935107335805
100035266|F|0-39:C>T-39:C>T,100035377|F|0-67:C>G-67:C>G,18675661.0,47016484.0,0.03621548340253663
100035266|F|0-39:C>T-39:C>T,100014882|F|0-19:A>G-19:A>G,18675661.0,47035718.0,5.882906626506119e-05
100035266|F|0-39:C>T-39:C>T,100016158|F|0-51:C>A-51:C>A,18675661.0,47150489.0,0.015130288596245411
100016256|F|0-31:A>C-31:A>C,100036101|F|0-41:G>C-41:G>C,19574145.0,19902376.0,0.08272797821993796
100016256|F|0-31:A>C-31:A>C,100044506|F|0-28:G>A-28:G>A,19574145.0,19987479.0,0.015558467081559094
100016256|F|0-31:A>C-31:A>C,100013122|F|0-67:G>A-67:G>A,19574145.0,26458664.0,0.01132975551580204
100016256|F|0-31:A>C-31:A>C,100017906|F|0-31:G>A-31:G>A,19574145.0,26571479.0,0.021359350282133985
100016256|F|0-31:A>C-31:A>C,100021519|F|0-20:C>T-20:C>T,19574145.0,26856823.0,0.030198342181653647
100016256|F|0-31:A>C-31:A>C,100038609|F|0-8:A>T-8:A>T,19574145.0,27247323.0,0.07333783653382218
100016256|F|0-31:A>C-31:A>C,100028909|F|0-9:C>T-9:C>T,19574145.0,27271569.0,0.03473913002919802
100016256|F|0-31:A>C-31:A>C,100021397|F|0-9:C>T-9:C>T,19574145.0,27420869.0,0.019666982752955118
100016256|F|0-31:A>C-31:A>C,100017892|F|0-32:A>G-32:A>G,19574145.0,27451898.0,0.039672309282084636
100016256|F|0-31:A>C-31:A>C,100033136|F|0-68:A>G-68:A>G,19574145.0,27783976.0,8.262162773303513e-05
100016256|F|0-31:A>C-31:A>C,100020699|F|0-40:A>G-40:A>G,19574145.0,30507860.0,0.01080637007077857
100016256|F|0-31:A>C-31:A>C,100014559|F|0-31:C>A-31:C>A,19574145.0,30836975.0,0.00012112403100775126
100016256|F|0-31:A>C-31:A>C,100017321|F|0-51:A>T-51:A>T,19574145.0,31197415.0,0.00123808972168322
100016256|F|0-31:A>C-31:A>C,100040910|F|0-51:A>G-51:A>G,19574145.0,31200593.0,0.030935671631079794
100016256|F|0-31:A>C-31:A>C,100016298|F|0-19:G>A-19:G>A,19574145.0,31539538.0,0.013434946574481436
100016256|F|0-31:A>C-31:A>C,100016431|F|0-28:C>T-28:C>T,19574145.0,32001840.0,0.03461330448891296
100016256|F|0-31:A>C-31:A>C,100020933|F|0-51:T>C-51:T>C,19574145.0,32243895.0,0.06439856082864392
100016256|F|0-31:A>C-31:A>C,100014677|F|0-27:A>C-27:A>C,19574145.0,32410962.0,0.0023761153194356514
100016256|F|0-31:A>C-31:A>C,100017923|F|0-57:A>G-57:A>G,19574145.0,32459789.0,0.00882250512711372
100016256|F|0-31:A>C-31:A>C,100048091|F|0-43:A>T-43:A>T,19574145.0,32463417.0,0.014272355168554844
100016256|F|0-31:A>C-31:A>C,100020456|F|0-16:A>C-16:A>C,19574145.0,32467328.0,0.0039987372408712965
100016256|F|0-31:A>C-31:A>C,100034584|F|0-9:T>C-9:T>C,19574145.0,32472994.0,0.011830547941167816
100016256|F|0-31:A>C-31:A>C,100033527|F|0-13:C>T-13:C>T,19574145.0,32475333.0,0.011830547941167816
100016256|F|0-31:A>C-31:A>C,100018446|F|0-67:T>A-67:T>A,19574145.0,33239334.0,0.00411245520790747
100016256|F|0-31:A>C-31:A>C,100013877|F|0-19:G>T-19:G>T,19574145.0,34079859.0,0.0033859039472511777
100016256|F|0-31:A>C-31:A>C,100035010|F|0-32:A>C-32:A>C,19574145.0,34165746.0,0.07885366272930412
100016256|F|0-31:A>C-31:A>C,100028703|F|0-9:T>G-9:T>G,19574145.0,34482430.0,0.0002250944804463953
100016256|F|0-31:A>C-31:A>C,100014587|F|0-36:A>C-36:A>C,19574145.0,34723473.0,0.003973565333779496
100016256|F|0-31:A>C-31:A>C,100040405|F|0-35:T>A-35:T>A,19574145.0,34724344.0,0.00023910198328802902
100016256|F|0-31:A>C-31:A>C,100016549|F|0-30:A>G-30:A>G,19574145.0,34725485.0,0.018410852713178282
100016256|F|0-31:A>C-31:A>C,100013542|F|0-30:C>G-30:C>G,19574145.0,34725490.0,0.034587669127466004
100016256|F|0-31:A>C-31:A>C,100021285|F|0-67:T>C-67:T>C,19574145.0,34855449.0,0.010275824770146033
100016256|F|0-31:A>C-31:A>C,100033734|F|0-65:A>G-65:A>G,19574145.0,35379386.0,0.01175574236567051
100016256|F|0-31:A>C-31:A>C,100021520|F|0-23:T>C-23:T>C,19574145.0,36065991.0,0.09335080248935466
100016256|F|0-31:A>C-31:A>C,100019045|F|0-23:G>C-23:G>C,19574145.0,36149336.0,0.0026559326288883266
100016256|F|0-31:A>C-31:A>C,100057957|F|0-57:C>A-57:C>A,19574145.0,36576268.0,0.009448441835907853
100016256|F|0-31:A>C-31:A>C,100014666|F|0-59:T>C-59:T>C,19574145.0,37090975.0,0.014663511010495981
100016256|F|0-31:A>C-31:A>C,100038773|F|0-28:C>G-28:C>G,19574145.0,37285877.0,0.04238191733152261
100016256|F|0-31:A>C-31:A>C,100051037|F|0-43:C>T-43:C>T,19574145.0,37902767.0,0.00419930748262567
100016256|F|0-31:A>C-31:A>C,100020809|F|0-53:C>G-53:C>G,19574145.0,39838084.0,0.004867495943753384
100016256|F|0-31:A>C-31:A>C,100029380|F|0-39:A>C-39:A>C,19574145.0,40729560.0,0.0015090862879654373
100016256|F|0-31:A>C-31:A>C,100013950|F|0-50:T>C-50:T>C,19574145.0,40800799.0,0.025412162899879936
100016256|F|0-31:A>C-31:A>C,100015799|F|0-68:C>T-68:C>T,19574145.0,40825452.0,3.792426894396897e-33
100016256|F|0-31:A>C-31:A>C,100043188|F|0-42:C>T-42:C>T,19574145.0,40979122.0,0.014793521132831864
100016256|F|0-31:A>C-31:A>C,100015076|F|0-33:T>C-33:T>C,19574145.0,40986668.0,0.016779511333529597
100016256|F|0-31:A>C-31:A>C,100018802|F|0-14:G>A-14:G>A,19574145.0,40988293.0,0.007371166239196517
100016256|F|0-31:A>C-31:A>C,100018271|F|0-48:A>G-48:A>G,19574145.0,41002080.0,0.01606404743016994
100016256|F|0-31:A>C-31:A>C,100017658|F|0-34:T>G-34:T>G,19574145.0,41027371.0,0.005870126952027872
100016256|F|0-31:A>C-31:A>C,100017206|F|0-15:G>C-15:G>C,19574145.0,41065538.0,0.014356477205944048
100016256|F|0-31:A>C-31:A>C,100040329|F|0-26:A>G-26:A>G,19574145.0,41159215.0,0.0014671554769852446
100016256|F|0-31:A>C-31:A>C,100035489|F|0-33:C>A-33:C>A,19574145.0,41159220.0,0.0018116718097397357
100016256|F|0-31:A>C-31:A>C,100021166|F|0-38:T>C-38:T>C,19574145.0,41233248.0,0.03272070979830284
100016256|F|0-31:A>C-31:A>C,100020488|F|0-58:T>G-58:T>G,19574145.0,41740174.0,0.006171235546316741
100016256|F|0-31:A>C-31:A>C,100046856|F|0-65:C>A-65:C>A,19574145.0,41864679.0,0.0007035994667456688
100016256|F|0-31:A>C-31:A>C,100021425|F|0-50:G>C-50:G>C,19574145.0,42699263.0,0.0012882229303681648
100016256|F|0-31:A>C-31:A>C,100032947|F|0-10:A>C-10:A>C,19574145.0,42744717.0,4.182031761137191e-05
100016256|F|0-31:A>C-31:A>C,100014347|F|0-68:T>C-68:T>C,19574145.0,42858969.0,0.0278650743767023
100016256|F|0-31:A>C-31:A>C,100016630|F|0-66:A>T-66:A>T,19574145.0,43750313.0,0.0078009367206666735
100016256|F|0-31:A>C-31:A>C,100015319|F|0-34:T>A-34:T>A,19574145.0,44449888.0,0.009127808933683666
100016256|F|0-31:A>C-31:A>C,100018345|F|0-65:A>C-65:A>C,19574145.0,44788831.0,0.02286289629429539
100016256|F|0-31:A>C-31:A>C,100017310|F|0-9:T>G-9:T>G,19574145.0,44906172.0,0.00019062142584826453
100016256|F|0-31:A>C-31:A>C,100048863|F|0-39:A>G-39:A>G,19574145.0,44946182.0,0.02337766486084151
100016256|F|0-31:A>C-31:A>C,100033264|F|0-61:C>T-61:C>T,19574145.0,44989593.0,0.028601271850327164
100016256|F|0-31:A>C-31:A>C,100020314|F|0-31:G>A-31:G>A,19574145.0,45007549.0,0.009228178275414162
100016256|F|0-31:A>C-31:A>C,100041823|F|0-64:C>T-64:C>T,19574145.0,45303483.0,8.294288139402061e-35
100016256|F|0-31:A>C-31:A>C,100015397|F|0-30:G>C-30:G>C,19574145.0,45844613.0,0.00158309880017775
100016256|F|0-31:A>C-31:A>C,100029049|F|0-10:A>G-10:A>G,19574145.0,46654939.0,0.00400881470367594
100016256|F|0-31:A>C-31:A>C,100030430|F|0-19:A>C-19:A>C,19574145.0,46846957.0,0.010548393066436365
100016256|F|0-31:A>C-31:A>C,100021654|F|0-23:G>T-23:G>T,19574145.0,46876617.0,2.919664656707978e-32
100016256|F|0-31:A>C-31:A>C,100034493|F|0-32:C>T-32:C>T,19574145.0,46898850.0,0.000427744883946054
100016256|F|0-31:A>C-31:A>C,100019198|F|0-35:G>T-35:G>T,19574145.0,46921983.0,0.010265184543095168
100016256|F|0-31:A>C-31:A>C,100020755|F|0-11:C>A-11:C>A,19574145.0,46921988.0,0.0003917202704931503
100016256|F|0-31:A>C-31:A>C,100030713|F|0-35:T>A-35:T>A,19574145.0,46975334.0,4.345379437023701e-33
100016256|F|0-31:A>C-31:A>C,100035377|F|0-67:C>G-67:C>G,19574145.0,47016484.0,0.00027737631206295124
100016256|F|0-31:A>C-31:A>C,100014882|F|0-19:A>G-19:A>G,19574145.0,47035718.0,0.03595869670542633
100016256|F|0-31:A>C-31:A>C,100016158|F|0-51:C>A-51:C>A,19574145.0,47150489.0,0.02312060573282855
100036101|F|0-41:G>C-41:G>C,100044506|F|0-28:G>A-28:G>A,19902376.0,19987479.0,0.048155453508799045
100036101|F|0-41:G>C-41:G>C,100013122|F|0-67:G>A-67:G>A,19902376.0,26458664.0,0.02903902261123266
100036101|F|0-41:G>C-41:G>C,100017906|F|0-31:G>A-31:G>A,19902376.0,26571479.0,0.016388597183138214
100036101|F|0-41:G>C-41:G>C,100021519|F|0-20:C>T-20:C>T,19902376.0,26856823.0,0.024390473455679188
100036101|F|0-41:G>C-41:G>C,100038609|F|0-8:A>T-8:A>T,19902376.0,27247323.0,0.08171640774671556
100036101|F|0-41:G>C-41:G>C,100028909|F|0-9:C>T-9:C>T,19902376.0,27271569.0,0.15835372961140207
100036101|F|0-41:G>C-41:G>C,100021397|F|0-9:C>T-9:C>T,19902376.0,27420869.0,0.037397061720564395
100036101|F|0-41:G>C-41:G>C,100017892|F|0-32:A>G-32:A>G,19902376.0,27451898.0,0.08488208566093043
100036101|F|0-41:G>C-41:G>C,100033136|F|0-68:A>G-68:A>G,19902376.0,27783976.0,1.7286979406195332e-05
100036101|F|0-41:G>C-41:G>C,100020699|F|0-40:A>G-40:A>G,19902376.0,30507860.0,0.035714073351726675
100036101|F|0-41:G>C-41:G>C,100014559|F|0-31:C>A-31:C>A,19902376.0,30836975.0,0.009148773705324643
100036101|F|0-41:G>C-41:G>C,100017321|F|0-51:A>T-51:A>T,19902376.0,31197415.0,0.010559587814840905
100036101|F|0-41:G>C-41:G>C,100040910|F|0-51:A>G-51:A>G,19902376.0,31200593.0,0.008154134395072182
100036101|F|0-41:G>C-41:G>C,100016298|F|0-19:G>A-19:G>A,19902376.0,31539538.0,0.11736353421254922
100036101|F|0-41:G>C-41:G>C,100016431|F|0-28:C>T-28:C>T,19902376.0,32001840.0,0.003867487659661083
100036101|F|0-41:G>C-41:G>C,100020933|F|0-51:T>C-51:T>C,19902376.0,32243895.0,0.06621371867078364
100036101|F|0-41:G>C-41:G>C,100014677|F|0-27:A>C-27:A>C,19902376.0,32410962.0,0.0007132850037366322
100036101|F|0-41:G>C-41:G>C,100017923|F|0-57:A>G-57:A>G,19902376.0,32459789.0,0.052380560116800236
100036101|F|0-41:G>C-41:G>C,100048091|F|0-43:A>T-43:A>T,19902376.0,32463417.0,0.03950883423317645
100036101|F|0-41:G>C-41:G>C,100020456|F|0-16:A>C-16:A>C,19902376.0,32467328.0,0.05707788659564133
100036101|F|0-41:G>C-41:G>C,100034584|F|0-9:T>C-9:T>C,19902376.0,32472994.0,0.05058753705906996
100036101|F|0-41:G>C-41:G>C,100033527|F|0-13:C>T-13:C>T,19902376.0,32475333.0,0.05058753705906996
100036101|F|0-41:G>C-41:G>C,100018446|F|0-67:T>A-67:T>A,19902376.0,33239334.0,0.0026933668839764693
100036101|F|0-41:G>C-41:G>C,100013877|F|0-19:G>T-19:G>T,19902376.0,34079859.0,0.03923875726250655
100036101|F|0-41:G>C-41:G>C,100035010|F|0-32:A>C-32:A>C,19902376.0,34165746.0,0.0007695902527618031
100036101|F|0-41:G>C-41:G>C,100028703|F|0-9:T>G-9:T>G,19902376.0,34482430.0,0.08445359779554136
100036101|F|0-41:G>C-41:G>C,100014587|F|0-36:A>C-36:A>C,19902376.0,34723473.0,0.0014217291374777682
100036101|F|0-41:G>C-41:G>C,100040405|F|0-35:T>A-35:T>A,19902376.0,34724344.0,0.003779886233387315
100036101|F|0-41:G>C-41:G>C,100016549|F|0-30:A>G-30:A>G,19902376.0,34725485.0,0.007385120350109428
100036101|F|0-41:G>C-41:G>C,100013542|F|0-30:C>G-30:C>G,19902376.0,34725490.0,0.0038407308012356335
100036101|F|0-41:G>C-41:G>C,100021285|F|0-67:T>C-67:T>C,19902376.0,34855449.0,0.01741641646735541
100036101|F|0-41:G>C-41:G>C,100033734|F|0-65:A>G-65:A>G,19902376.0,35379386.0,0.011336529005463744
100036101|F|0-41:G>C-41:G>C,100021520|F|0-23:T>C-23:T>C,19902376.0,36065991.0,0.017108027449892663
100036101|F|0-41:G>C-41:G>C,100019045|F|0-23:G>C-23:G>C,19902376.0,36149336.0,0.04251926739863801
100036101|F|0-41:G>C-41:G>C,100057957|F|0-57:C>A-57:C>A,19902376.0,36576268.0,0.0064906106812021806
100036101|F|0-41:G>C-41:G>C,100014666|F|0-59:T>C-59:T>C,19902376.0,37090975.0,0.020576754258567104
100036101|F|0-41:G>C-41:G>C,100038773|F|0-28:C>G-28:C>G,19902376.0,37285877.0,0.006269628268300081
100036101|F|0-41:G>C-41:G>C,100051037|F|0-43:C>T-43:C>T,19902376.0,37902767.0,0.01850886942296179
100036101|F|0-41:G>C-41:G>C,100020809|F|0-53:C>G-53:C>G,19902376.0,39838084.0,0.017464123963157094
100036101|F|0-41:G>C-41:G>C,100029380|F|0-39:A>C-39:A>C,19902376.0,40729560.0,0.006952042304886942
100036101|F|0-41:G>C-41:G>C,100013950|F|0-50:T>C-50:T>C,19902376.0,40800799.0,0.023546251065840778
100036101|F|0-41:G>C-41:G>C,100015799|F|0-68:C>T-68:C>T,19902376.0,40825452.0,0.0009874475665342178
100036101|F|0-41:G>C-41:G>C,100043188|F|0-42:C>T-42:C>T,19902376.0,40979122.0,0.02273872040932612
100036101|F|0-41:G>C-41:G>C,100015076|F|0-33:T>C-33:T>C,19902376.0,40986668.0,0.023546058037651623
100036101|F|0-41:G>C-41:G>C,100018802|F|0-14:G>A-14:G>A,19902376.0,40988293.0,0.01609805659263874
100036101|F|0-41:G>C-41:G>C,100018271|F|0-48:A>G-48:A>G,19902376.0,41002080.0,0.02254207441396348
100036101|F|0-41:G>C-41:G>C,100017658|F|0-34:T>G-34:T>G,19902376.0,41027371.0,0.0026994327251201097
100036101|F|0-41:G>C-41:G>C,100017206|F|0-15:G>C-15:G>C,19902376.0,41065538.0,0.009955446365797996
100036101|F|0-41:G>C-41:G>C,100040329|F|0-26:A>G-26:A>G,19902376.0,41159215.0,0.017744594252777395
100036101|F|0-41:G>C-41:G>C,100035489|F|0-33:C>A-33:C>A,19902376.0,41159220.0,0.003908929979551932
100036101|F|0-41:G>C-41:G>C,100021166|F|0-38:T>C-38:T>C,19902376.0,41233248.0,0.0027238869818619177
100036101|F|0-41:G>C-41:G>C,100020488|F|0-58:T>G-58:T>G,19902376.0,41740174.0,0.030807626248426093
100036101|F|0-41:G>C-41:G>C,100046856|F|0-65:C>A-65:C>A,19902376.0,41864679.0,0.01719557938089729
100036101|F|0-41:G>C-41:G>C,100021425|F|0-50:G>C-50:G>C,19902376.0,42699263.0,0.00046092209938054443
100036101|F|0-41:G>C-41:G>C,100032947|F|0-10:A>C-10:A>C,19902376.0,42744717.0,0.0067474611681319855
100036101|F|0-41:G>C-41:G>C,100014347|F|0-68:T>C-68:T>C,19902376.0,42858969.0,0.00032544657818180724
100036101|F|0-41:G>C-41:G>C,100016630|F|0-66:A>T-66:A>T,19902376.0,43750313.0,0.0008017299433971965
100036101|F|0-41:G>C-41:G>C,100015319|F|0-34:T>A-34:T>A,19902376.0,44449888.0,0.0025913188512219475
100036101|F|0-41:G>C-41:G>C,100018345|F|0-65:A>C-65:A>C,19902376.0,44788831.0,0.005379333331792923
100036101|F|0-41:G>C-41:G>C,100017310|F|0-9:T>G-9:T>G,19902376.0,44906172.0,0.009392823833267587
100036101|F|0-41:G>C-41:G>C,100048863|F|0-39:A>G-39:A>G,19902376.0,44946182.0,0.004678684119213258
100036101|F|0-41:G>C-41:G>C,100033264|F|0-61:C>T-61:C>T,19902376.0,44989593.0,0.001529127125674585
100036101|F|0-41:G>C-41:G>C,100020314|F|0-31:G>A-31:G>A,19902376.0,45007549.0,0.013327045324501265
100036101|F|0-41:G>C-41:G>C,100041823|F|0-64:C>T-64:C>T,19902376.0,45303483.0,0.012418924355565127
100036101|F|0-41:G>C-41:G>C,100015397|F|0-30:G>C-30:G>C,19902376.0,45844613.0,0.008196107262818992
100036101|F|0-41:G>C-41:G>C,100029049|F|0-10:A>G-10:A>G,19902376.0,46654939.0,0.02075465871391259
100036101|F|0-41:G>C-41:G>C,100030430|F|0-19:A>C-19:A>C,19902376.0,46846957.0,0.0017522338918909525
100036101|F|0-41:G>C-41:G>C,100021654|F|0-23:G>T-23:G>T,19902376.0,46876617.0,0.038663878606924426
100036101|F|0-41:G>C-41:G>C,100034493|F|0-32:C>T-32:C>T,19902376.0,46898850.0,0.029121194244208178
100036101|F|0-41:G>C-41:G>C,100019198|F|0-35:G>T-35:G>T,19902376.0,46921983.0,0.03316581057531167
100036101|F|0-41:G>C-41:G>C,100020755|F|0-11:C>A-11:C>A,19902376.0,46921988.0,0.02666861139562676
100036101|F|0-41:G>C-41:G>C,100030713|F|0-35:T>A-35:T>A,19902376.0,46975334.0,1.9677911937407805e-05
100036101|F|0-41:G>C-41:G>C,100035377|F|0-67:C>G-67:C>G,19902376.0,47016484.0,0.006212302592990958
100036101|F|0-41:G>C-41:G>C,100014882|F|0-19:A>G-19:A>G,19902376.0,47035718.0,0.0502598468271335
100036101|F|0-41:G>C-41:G>C,100016158|F|0-51:C>A-51:C>A,19902376.0,47150489.0,0.002233505928451489
100044506|F|0-28:G>A-28:G>A,100013122|F|0-67:G>A-67:G>A,19987479.0,26458664.0,0.004369808595160702
100044506|F|0-28:G>A-28:G>A,100017906|F|0-31:G>A-31:G>A,19987479.0,26571479.0,0.012263592265968588
100044506|F|0-28:G>A-28:G>A,100021519|F|0-20:C>T-20:C>T,19987479.0,26856823.0,0.034597117589256474
100044506|F|0-28:G>A-28:G>A,100038609|F|0-8:A>T-8:A>T,19987479.0,27247323.0,0.07469244930161868
100044506|F|0-28:G>A-28:G>A,100028909|F|0-9:C>T-9:C>T,19987479.0,27271569.0,0.04195197256543689
100044506|F|0-28:G>A-28:G>A,100021397|F|0-9:C>T-9:C>T,19987479.0,27420869.0,0.04699929492173069
100044506|F|0-28:G>A-28:G>A,100017892|F|0-32:A>G-32:A>G,19987479.0,27451898.0,0.03952194615240684
100044506|F|0-28:G>A-28:G>A,100033136|F|0-68:A>G-68:A>G,19987479.0,27783976.0,0.0026336026630990154
100044506|F|0-28:G>A-28:G>A,100020699|F|0-40:A>G-40:A>G,19987479.0,30507860.0,0.009568279240661347
100044506|F|0-28:G>A-28:G>A,100014559|F|0-31:C>A-31:C>A,19987479.0,30836975.0,0.013937793427230066
100044506|F|0-28:G>A-28:G>A,100017321|F|0-51:A>T-51:A>T,19987479.0,31197415.0,0.0018526476417659202
100044506|F|0-28:G>A-28:G>A,100040910|F|0-51:A>G-51:A>G,19987479.0,31200593.0,0.00047918663515934194
100044506|F|0-28:G>A-28:G>A,100016298|F|0-19:G>A-19:G>A,19987479.0,31539538.0,0.01492196421773886
100044506|F|0-28:G>A-28:G>A,100016431|F|0-28:C>T-28:C>T,19987479.0,32001840.0,0.015558467081559143
100044506|F|0-28:G>A-28:G>A,100020933|F|0-51:T>C-51:T>C,19987479.0,32243895.0,0.007921592725517984
100044506|F|0-28:G>A-28:G>A,100014677|F|0-27:A>C-27:A>C,19987479.0,32410962.0,6.18283891231497e-05
100044506|F|0-28:G>A-28:G>A,100017923|F|0-57:A>G-57:A>G,19987479.0,32459789.0,0.005643958035512004
100044506|F|0-28:G>A-28:G>A,100048091|F|0-43:A>T-43:A>T,19987479.0,32463417.0,0.004549379334676506
100044506|F|0-28:G>A-28:G>A,100020456|F|0-16:A>C-16:A>C,19987479.0,32467328.0,0.0033657829328914684
100044506|F|0-28:G>A-28:G>A,100034584|F|0-9:T>C-9:T>C,19987479.0,32472994.0,0.003771041967903752
100044506|F|0-28:G>A-28:G>A,100033527|F|0-13:C>T-13:C>T,19987479.0,32475333.0,0.003771041967903752
100044506|F|0-28:G>A-28:G>A,100018446|F|0-67:T>A-67:T>A,19987479.0,33239334.0,0.016058085847036673
100044506|F|0-28:G>A-28:G>A,100013877|F|0-19:G>T-19:G>T,19987479.0,34079859.0,0.04132011898980097
100044506|F|0-28:G>A-28:G>A,100035010|F|0-32:A>C-32:A>C,19987479.0,34165746.0,0.02141677945178996
100044506|F|0-28:G>A-28:G>A,100028703|F|0-9:T>G-9:T>G,19987479.0,34482430.0,0.013076420827563487
100044506|F|0-28:G>A-28:G>A,100014587|F|0-36:A>C-36:A>C,19987479.0,34723473.0,0.0008106191103455216
100044506|F|0-28:G>A-28:G>A,100040405|F|0-35:T>A-35:T>A,19987479.0,34724344.0,0.004877751356624569
100044506|F|0-28:G>A-28:G>A,100016549|F|0-30:A>G-30:A>G,19987479.0,34725485.0,0.0009389671361502215
100044506|F|0-28:G>A-28:G>A,100013542|F|0-30:C>G-30:C>G,19987479.0,34725490.0,0.0006103795034562755
100044506|F|0-28:G>A-28:G>A,100021285|F|0-67:T>C-67:T>C,19987479.0,34855449.0,0.00031986980019653015
100044506|F|0-28:G>A-28:G>A,100033734|F|0-65:A>G-65:A>G,19987479.0,35379386.0,0.006511142492598505
100044506|F|0-28:G>A-28:G>A,100021520|F|0-23:T>C-23:T>C,19987479.0,36065991.0,0.02066388943992592
100044506|F|0-28:G>A-28:G>A,100019045|F|0-23:G>C-23:G>C,19987479.0,36149336.0,0.05038079310011184
100044506|F|0-28:G>A-28:G>A,100057957|F|0-57:C>A-57:C>A,19987479.0,36576268.0,0.00781749631899101
100044506|F|0-28:G>A-28:G>A,100014666|F|0-59:T>C-59:T>C,19987479.0,37090975.0,0.0010179068511363182
100044506|F|0-28:G>A-28:G>A,100038773|F|0-28:C>G-28:C>G,19987479.0,37285877.0,0.03548434769199126
100044506|F|0-28:G>A-28:G>A,100051037|F|0-43:C>T-43:C>T,19987479.0,37902767.0,0.000929547719261717
100044506|F|0-28:G>A-28:G>A,100020809|F|0-53:C>G-53:C>G,19987479.0,39838084.0,0.015558467081559143
100044506|F|0-28:G>A-28:G>A,100029380|F|0-39:A>C-39:A>C,19987479.0,40729560.0,0.0023281767105364417
100044506|F|0-28:G>A-28:G>A,100013950|F|0-50:T>C-50:T>C,19987479.0,40800799.0,0.11390969053759187
100044506|F|0-28:G>A-28:G>A,100015799|F|0-68:C>T-68:C>T,19987479.0,40825452.0,0.0033622311486245877
100044506|F|0-28:G>A-28:G>A,100043188|F|0-42:C>T-42:C>T,19987479.0,40979122.0,0.00026106593220117665
100044506|F|0-28:G>A-28:G>A,100015076|F|0-33:T>C-33:T>C,19987479.0,40986668.0,0.00014857074939085996
100044506|F|0-28:G>A-28:G>A,100018802|F|0-14:G>A-14:G>A,19987479.0,40988293.0,0.008631492383401426
100044506|F|0-28:G>A-28:G>A,100018271|F|0-48:A>G-48:A>G,19987479.0,41002080.0,0.007649126355981472
100044506|F|0-28:G>A-28:G>A,100017658|F|0-34:T>G-34:T>G,19987479.0,41027371.0,0.008907198129488385
100044506|F|0-28:G>A-28:G>A,100017206|F|0-15:G>C-15:G>C,19987479.0,41065538.0,8.827533996599029e-05
100044506|F|0-28:G>A-28:G>A,100040329|F|0-26:A>G-26:A>G,19987479.0,41159215.0,0.0017225405638357576
100044506|F|0-28:G>A-28:G>A,100035489|F|0-33:C>A-33:C>A,19987479.0,41159220.0,0.027955884204307294
100044506|F|0-28:G>A-28:G>A,100021166|F|0-38:T>C-38:T>C,19987479.0,41233248.0,0.028740571390427783
100044506|F|0-28:G>A-28:G>A,100020488|F|0-58:T>G-58:T>G,19987479.0,41740174.0,0.03226552049728537
100044506|F|0-28:G>A-28:G>A,100046856|F|0-65:C>A-65:C>A,19987479.0,41864679.0,0.0006868439938997038
100044506|F|0-28:G>A-28:G>A,100021425|F|0-50:G>C-50:G>C,19987479.0,42699263.0,0.011863271465527837
100044506|F|0-28:G>A-28:G>A,100032947|F|0-10:A>C-10:A>C,19987479.0,42744717.0,0.013367448939159272
100044506|F|0-28:G>A-28:G>A,100014347|F|0-68:T>C-68:T>C,19987479.0,42858969.0,0.00018126778690158904
100044506|F|0-28:G>A-28:G>A,100016630|F|0-66:A>T-66:A>T,19987479.0,43750313.0,0.0030698576813978835
100044506|F|0-28:G>A-28:G>A,100015319|F|0-34:T>A-34:T>A,19987479.0,44449888.0,0.0003711136973612335
100044506|F|0-28:G>A-28:G>A,100018345|F|0-65:A>C-65:A>C,19987479.0,44788831.0,0.14292725731368155
100044506|F|0-28:G>A-28:G>A,100017310|F|0-9:T>G-9:T>G,19987479.0,44906172.0,0.012338374509351152
100044506|F|0-28:G>A-28:G>A,100048863|F|0-39:A>G-39:A>G,19987479.0,44946182.0,0.1423981697056315
100044506|F|0-28:G>A-28:G>A,100033264|F|0-61:C>T-61:C>T,19987479.0,44989593.0,0.0011628556012428628
100044506|F|0-28:G>A-28:G>A,100020314|F|0-31:G>A-31:G>A,19987479.0,45007549.0,0.0019189531653589342
100044506|F|0-28:G>A-28:G>A,100041823|F|0-64:C>T-64:C>T,19987479.0,45303483.0,0.03487968167750906
100044506|F|0-28:G>A-28:G>A,100015397|F|0-30:G>C-30:G>C,19987479.0,45844613.0,0.0020184803086032094
100044506|F|0-28:G>A-28:G>A,100029049|F|0-10:A>G-10:A>G,19987479.0,46654939.0,0.0017392662426169911
100044506|F|0-28:G>A-28:G>A,100030430|F|0-19:A>C-19:A>C,19987479.0,46846957.0,0.007991416669779955
100044506|F|0-28:G>A-28:G>A,100021654|F|0-23:G>T-23:G>T,19987479.0,46876617.0,0.01382947216006315
100044506|F|0-28:G>A-28:G>A,100034493|F|0-32:C>T-32:C>T,19987479.0,46898850.0,0.01166607583545806
100044506|F|0-28:G>A-28:G>A,100019198|F|0-35:G>T-35:G>T,19987479.0,46921983.0,0.00724227352866058
100044506|F|0-28:G>A-28:G>A,100020755|F|0-11:C>A-11:C>A,19987479.0,46921988.0,0.010683560583358329
100044506|F|0-28:G>A-28:G>A,100030713|F|0-35:T>A-35:T>A,19987479.0,46975334.0,0.000810619110345522
100044506|F|0-28:G>A-28:G>A,100035377|F|0-67:C>G-67:C>G,19987479.0,47016484.0,0.05976852957039174
100044506|F|0-28:G>A-28:G>A,100014882|F|0-19:A>G-19:A>G,19987479.0,47035718.0,0.03550469483568063
100044506|F|0-28:G>A-28:G>A,100016158|F|0-51:C>A-51:C>A,19987479.0,47150489.0,0.002507779233540772
100013122|F|0-67:G>A-67:G>A,100017906|F|0-31:G>A-31:G>A,26458664.0,26571479.0,0.20777883070330846
100013122|F|0-67:G>A-67:G>A,100021519|F|0-20:C>T-20:C>T,26458664.0,26856823.0,0.08182736421939085
100013122|F|0-67:G>A-67:G>A,100038609|F|0-8:A>T-8:A>T,26458664.0,27247323.0,0.01123789764868603
100013122|F|0-67:G>A-67:G>A,100028909|F|0-9:C>T-9:C>T,26458664.0,27271569.0,0.031112756744525728
100013122|F|0-67:G>A-67:G>A,100021397|F|0-9:C>T-9:C>T,26458664.0,27420869.0,0.031885655724977466
100013122|F|0-67:G>A-67:G>A,100017892|F|0-32:A>G-32:A>G,26458664.0,27451898.0,0.09303827947895732
100013122|F|0-67:G>A-67:G>A,100033136|F|0-68:A>G-68:A>G,26458664.0,27783976.0,0.24272193774811618
100013122|F|0-67:G>A-67:G>A,100020699|F|0-40:A>G-40:A>G,26458664.0,30507860.0,0.004459308807134891
100013122|F|0-67:G>A-67:G>A,100014559|F|0-31:C>A-31:C>A,26458664.0,30836975.0,0.010149572649572624
100013122|F|0-67:G>A-67:G>A,100017321|F|0-51:A>T-51:A>T,26458664.0,31197415.0,0.010928569147747222
100013122|F|0-67:G>A-67:G>A,100040910|F|0-51:A>G-51:A>G,26458664.0,31200593.0,0.00020256285320439872
100013122|F|0-67:G>A-67:G>A,100016298|F|0-19:G>A-19:G>A,26458664.0,31539538.0,0.005824670824670819
100013122|F|0-67:G>A-67:G>A,100016431|F|0-28:C>T-28:C>T,26458664.0,32001840.0,0.011329755515802042
100013122|F|0-67:G>A-67:G>A,100020933|F|0-51:T>C-51:T>C,26458664.0,32243895.0,0.0002779607972327438
100013122|F|0-67:G>A-67:G>A,100014677|F|0-27:A>C-27:A>C,26458664.0,32410962.0,0.00703496094189684
100013122|F|0-67:G>A-67:G>A,100017923|F|0-57:A>G-57:A>G,26458664.0,32459789.0,0.024492654692321914
100013122|F|0-67:G>A-67:G>A,100048091|F|0-43:A>T-43:A>T,26458664.0,32463417.0,0.017853219072731297
100013122|F|0-67:G>A-67:G>A,100020456|F|0-16:A>C-16:A>C,26458664.0,32467328.0,0.012621098735352113
100013122|F|0-67:G>A-67:G>A,100034584|F|0-9:T>C-9:T>C,26458664.0,32472994.0,0.014140749406909089
100013122|F|0-67:G>A-67:G>A,100033527|F|0-13:C>T-13:C>T,26458664.0,32475333.0,0.014140749406909089
100013122|F|0-67:G>A-67:G>A,100018446|F|0-67:T>A-67:T>A,26458664.0,33239334.0,0.03156073502505766
100013122|F|0-67:G>A-67:G>A,100013877|F|0-19:G>T-19:G>T,26458664.0,34079859.0,0.014616489832007066
100013122|F|0-67:G>A-67:G>A,100035010|F|0-32:A>C-32:A>C,26458664.0,34165746.0,0.04776216391844698
100013122|F|0-67:G>A-67:G>A,100028703|F|0-9:T>G-9:T>G,26458664.0,34482430.0,0.024151939078072532
100013122|F|0-67:G>A-67:G>A,100014587|F|0-36:A>C-36:A>C,26458664.0,34723473.0,0.017054049068437542
100013122|F|0-67:G>A-67:G>A,100040405|F|0-35:T>A-35:T>A,26458664.0,34724344.0,0.031968031968031836
100013122|F|0-67:G>A-67:G>A,100016549|F|0-30:A>G-30:A>G,26458664.0,34725485.0,0.04106837606837611
100013122|F|0-67:G>A-67:G>A,100013542|F|0-30:C>G-30:C>G,26458664.0,34725490.0,0.004000333361113423
100013122|F|0-67:G>A-67:G>A,100021285|F|0-67:T>C-67:T>C,26458664.0,34855449.0,0.059630292188431654
100013122|F|0-67:G>A-67:G>A,100033734|F|0-65:A>G-65:A>G,26458664.0,35379386.0,0.11208646235031462
100013122|F|0-67:G>A-67:G>A,100021520|F|0-23:T>C-23:T>C,26458664.0,36065991.0,0.018207535813169612
100013122|F|0-67:G>A-67:G>A,100019045|F|0-23:G>C-23:G>C,26458664.0,36149336.0,0.010581012053043438
100013122|F|0-67:G>A-67:G>A,100057957|F|0-57:C>A-57:C>A,26458664.0,36576268.0,0.014323233964205493
100013122|F|0-67:G>A-67:G>A,100014666|F|0-59:T>C-59:T>C,26458664.0,37090975.0,0.11581952953634356
100013122|F|0-67:G>A-67:G>A,100038773|F|0-28:C>G-28:C>G,26458664.0,37285877.0,0.040031934306569296
100013122|F|0-67:G>A-67:G>A,100051037|F|0-43:C>T-43:C>T,26458664.0,37902767.0,0.0060921127446998576
100013122|F|0-67:G>A-67:G>A,100020809|F|0-53:C>G-53:C>G,26458664.0,39838084.0,0.07081097197376257
100013122|F|0-67:G>A-67:G>A,100029380|F|0-39:A>C-39:A>C,26458664.0,40729560.0,0.007737845032926997
100013122|F|0-67:G>A-67:G>A,100013950|F|0-50:T>C-50:T>C,26458664.0,40800799.0,0.005484832069339099
100013122|F|0-67:G>A-67:G>A,100015799|F|0-68:C>T-68:C>T,26458664.0,40825452.0,0.00022678885494770054
100013122|F|0-67:G>A-67:G>A,100043188|F|0-42:C>T-42:C>T,26458664.0,40979122.0,0.000582210498799932
100013122|F|0-67:G>A-67:G>A,100015076|F|0-33:T>C-33:T>C,26458664.0,40986668.0,0.001202110906752256
100013122|F|0-67:G>A-67:G>A,100018802|F|0-14:G>A-14:G>A,26458664.0,40988293.0,0.0032348328224139117
100013122|F|0-67:G>A-67:G>A,100018271|F|0-48:A>G-48:A>G,26458664.0,41002080.0,0.0011508539336187416
100013122|F|0-67:G>A-67:G>A,100017658|F|0-34:T>G-34:T>G,26458664.0,41027371.0,0.0020522955305563983
100013122|F|0-67:G>A-67:G>A,100017206|F|0-15:G>C-15:G>C,26458664.0,41065538.0,0.00453577709895399
100013122|F|0-67:G>A-67:G>A,100040329|F|0-26:A>G-26:A>G,26458664.0,41159215.0,6.14637807341986e-06
100013122|F|0-67:G>A-67:G>A,100035489|F|0-33:C>A-33:C>A,26458664.0,41159220.0,0.1055416023556763
100013122|F|0-67:G>A-67:G>A,100021166|F|0-38:T>C-38:T>C,26458664.0,41233248.0,0.0262759752096245
100013122|F|0-67:G>A-67:G>A,100020488|F|0-58:T>G-58:T>G,26458664.0,41740174.0,0.018564675547915795
100013122|F|0-67:G>A-67:G>A,100046856|F|0-65:C>A-65:C>A,26458664.0,41864679.0,0.016331863465621425
100013122|F|0-67:G>A-67:G>A,100021425|F|0-50:G>C-50:G>C,26458664.0,42699263.0,0.04579221798609558
100013122|F|0-67:G>A-67:G>A,100032947|F|0-10:A>C-10:A>C,26458664.0,42744717.0,0.0005606925044265214
100013122|F|0-67:G>A-67:G>A,100014347|F|0-68:T>C-68:T>C,26458664.0,42858969.0,0.0011880011880011896
100013122|F|0-67:G>A-67:G>A,100016630|F|0-66:A>T-66:A>T,26458664.0,43750313.0,0.04730288601256336
100013122|F|0-67:G>A-67:G>A,100015319|F|0-34:T>A-34:T>A,26458664.0,44449888.0,0.06918320577679768
100013122|F|0-67:G>A-67:G>A,100018345|F|0-65:A>C-65:A>C,26458664.0,44788831.0,0.04776216391844674
100013122|F|0-67:G>A-67:G>A,100017310|F|0-9:T>G-9:T>G,26458664.0,44906172.0,0.008984867591424953
100013122|F|0-67:G>A-67:G>A,100048863|F|0-39:A>G-39:A>G,26458664.0,44946182.0,0.04563597810324494
100013122|F|0-67:G>A-67:G>A,100033264|F|0-61:C>T-61:C>T,26458664.0,44989593.0,0.0005419503437997442
100013122|F|0-67:G>A-67:G>A,100020314|F|0-31:G>A-31:G>A,26458664.0,45007549.0,0.0005355083209754516
100013122|F|0-67:G>A-67:G>A,100041823|F|0-64:C>T-64:C>T,26458664.0,45303483.0,0.0035213291939749226
100013122|F|0-67:G>A-67:G>A,100015397|F|0-30:G>C-30:G>C,26458664.0,45844613.0,0.055895802711089446
100013122|F|0-67:G>A-67:G>A,100029049|F|0-10:A>G-10:A>G,26458664.0,46654939.0,0.07818961952026444
100013122|F|0-67:G>A-67:G>A,100030430|F|0-19:A>C-19:A>C,26458664.0,46846957.0,0.03597905189417133
100013122|F|0-67:G>A-67:G>A,100021654|F|0-23:G>T-23:G>T,26458664.0,46876617.0,0.06604960460100649
100013122|F|0-67:G>A-67:G>A,100034493|F|0-32:C>T-32:C>T,26458664.0,46898850.0,0.03872837391714447
100013122|F|0-67:G>A-67:G>A,100019198|F|0-35:G>T-35:G>T,26458664.0,46921983.0,0.023177733671463814
100013122|F|0-67:G>A-67:G>A,100020755|F|0-11:C>A-11:C>A,26458664.0,46921988.0,0.05457810511001997
100013122|F|0-67:G>A-67:G>A,100030713|F|0-35:T>A-35:T>A,26458664.0,46975334.0,0.03545471315255482
100013122|F|0-67:G>A-67:G>A,100035377|F|0-67:C>G-67:C>G,26458664.0,47016484.0,0.0029335071707953103
100013122|F|0-67:G>A-67:G>A,100014882|F|0-19:A>G-19:A>G,26458664.0,47035718.0,0.0043269230769230746
100013122|F|0-67:G>A-67:G>A,100016158|F|0-51:C>A-51:C>A,26458664.0,47150489.0,0.0049288163387000575
100017906|F|0-31:G>A-31:G>A,100021519|F|0-20:C>T-20:C>T,26571479.0,26856823.0,0.3566656430512311
100017906|F|0-31:G>A-31:G>A,100038609|F|0-8:A>T-8:A>T,26571479.0,27247323.0,0.04857377646700601
100017906|F|0-31:G>A-31:G>A,100028909|F|0-9:C>T-9:C>T,26571479.0,27271569.0,0.008465535314628108
100017906|F|0-31:G>A-31:G>A,100021397|F|0-9:C>T-9:C>T,26571479.0,27420869.0,0.004058549150308143
100017906|F|0-31:G>A-31:G>A,100017892|F|0-32:A>G-32:A>G,26571479.0,27451898.0,0.0015312853546946075
100017906|F|0-31:G>A-31:G>A,100033136|F|0-68:A>G-68:A>G,26571479.0,27783976.0,0.11986680442388152
100017906|F|0-31:G>A-31:G>A,100020699|F|0-40:A>G-40:A>G,26571479.0,30507860.0,0.07834004797279989
100017906|F|0-31:G>A-31:G>A,100014559|F|0-31:C>A-31:C>A,26571479.0,30836975.0,0.030530262453133276
100017906|F|0-31:G>A-31:G>A,100017321|F|0-51:A>T-51:A>T,26571479.0,31197415.0,0.16575645960748464
100017906|F|0-31:G>A-31:G>A,100040910|F|0-51:A>G-51:A>G,26571479.0,31200593.0,6.983398779951498e-05
100017906|F|0-31:G>A-31:G>A,100016298|F|0-19:G>A-19:G>A,26571479.0,31539538.0,0.18183709955268632
100017906|F|0-31:G>A-31:G>A,100016431|F|0-28:C>T-28:C>T,26571479.0,32001840.0,0.021359350282133985
100017906|F|0-31:G>A-31:G>A,100020933|F|0-51:T>C-51:T>C,26571479.0,32243895.0,0.09863131946841863
100017906|F|0-31:G>A-31:G>A,100014677|F|0-27:A>C-27:A>C,26571479.0,32410962.0,0.06260389661384629
100017906|F|0-31:G>A-31:G>A,100017923|F|0-57:A>G-57:A>G,26571479.0,32459789.0,0.16443937839719044
100017906|F|0-31:G>A-31:G>A,100048091|F|0-43:A>T-43:A>T,26571479.0,32463417.0,0.11391129067850564
100017906|F|0-31:G>A-31:G>A,100020456|F|0-16:A>C-16:A>C,26571479.0,32467328.0,0.12254275860564619
100017906|F|0-31:G>A-31:G>A,100034584|F|0-9:T>C-9:T>C,26571479.0,32472994.0,0.1372975901234366
100017906|F|0-31:G>A-31:G>A,100033527|F|0-13:C>T-13:C>T,26571479.0,32475333.0,0.1372975901234366
100017906|F|0-31:G>A-31:G>A,100018446|F|0-67:T>A-67:T>A,26571479.0,33239334.0,0.044048124808559276
100017906|F|0-31:G>A-31:G>A,100013877|F|0-19:G>T-19:G>T,26571479.0,34079859.0,0.019896449628247877
100017906|F|0-31:G>A-31:G>A,100035010|F|0-32:A>C-32:A>C,26571479.0,34165746.0,0.002353017365468947
100017906|F|0-31:G>A-31:G>A,100028703|F|0-9:T>G-9:T>G,26571479.0,34482430.0,0.034193370061728595
100017906|F|0-31:G>A-31:G>A,100014587|F|0-36:A>C-36:A>C,26571479.0,34723473.0,0.0037763040772523957
100017906|F|0-31:G>A-31:G>A,100040405|F|0-35:T>A-35:T>A,26571479.0,34724344.0,0.0014610679447315798
100017906|F|0-31:G>A-31:G>A,100016549|F|0-30:A>G-30:A>G,26571479.0,34725485.0,0.004374218889484029
100017906|F|0-31:G>A-31:G>A,100013542|F|0-30:C>G-30:C>G,26571479.0,34725490.0,0.01236971497312335
100017906|F|0-31:G>A-31:G>A,100021285|F|0-67:T>C-67:T>C,26571479.0,34855449.0,0.0024414244964562058
100017906|F|0-31:G>A-31:G>A,100033734|F|0-65:A>G-65:A>G,26571479.0,35379386.0,0.04296443482811923
100017906|F|0-31:G>A-31:G>A,100021520|F|0-23:T>C-23:T>C,26571479.0,36065991.0,0.020117132001076263
100017906|F|0-31:G>A-31:G>A,100019045|F|0-23:G>C-23:G>C,26571479.0,36149336.0,0.03330822566207239
100017906|F|0-31:G>A-31:G>A,100057957|F|0-57:C>A-57:C>A,26571479.0,36576268.0,0.02423518805191483
100017906|F|0-31:G>A-31:G>A,100014666|F|0-59:T>C-59:T>C,26571479.0,37090975.0,0.009132376803762915
100017906|F|0-31:G>A-31:G>A,100038773|F|0-28:C>G-28:C>G,26571479.0,37285877.0,0.026128268935291764
100017906|F|0-31:G>A-31:G>A,100051037|F|0-43:C>T-43:C>T,26571479.0,37902767.0,0.027499379259285285
100017906|F|0-31:G>A-31:G>A,100020809|F|0-53:C>G-53:C>G,26571479.0,39838084.0,0.08999327362638719
100017906|F|0-31:G>A-31:G>A,100029380|F|0-39:A>C-39:A>C,26571479.0,40729560.0,0.04170983811438827
100017906|F|0-31:G>A-31:G>A,100013950|F|0-50:T>C-50:T>C,26571479.0,40800799.0,0.11596913654754774
100017906|F|0-31:G>A-31:G>A,100015799|F|0-68:C>T-68:C>T,26571479.0,40825452.0,0.01957811814161606
100017906|F|0-31:G>A-31:G>A,100043188|F|0-42:C>T-42:C>T,26571479.0,40979122.0,0.11091928589476371
100017906|F|0-31:G>A-31:G>A,100015076|F|0-33:T>C-33:T>C,26571479.0,40986668.0,0.10333754696707534
100017906|F|0-31:G>A-31:G>A,100018802|F|0-14:G>A-14:G>A,26571479.0,40988293.0,0.08163400170663303
100017906|F|0-31:G>A-31:G>A,100018271|F|0-48:A>G-48:A>G,26571479.0,41002080.0,0.08482295255688177
100017906|F|0-31:G>A-31:G>A,100017658|F|0-34:T>G-34:T>G,26571479.0,41027371.0,0.08482398564720839
100017906|F|0-31:G>A-31:G>A,100017206|F|0-15:G>C-15:G>C,26571479.0,41065538.0,0.08165815542222034
100017906|F|0-31:G>A-31:G>A,100040329|F|0-26:A>G-26:A>G,26571479.0,41159215.0,0.12674701747046155
100017906|F|0-31:G>A-31:G>A,100035489|F|0-33:C>A-33:C>A,26571479.0,41159220.0,0.011980052792938957
100017906|F|0-31:G>A-31:G>A,100021166|F|0-38:T>C-38:T>C,26571479.0,41233248.0,0.00035697332314557845
100017906|F|0-31:G>A-31:G>A,100020488|F|0-58:T>G-58:T>G,26571479.0,41740174.0,0.027835711699526956
100017906|F|0-31:G>A-31:G>A,100046856|F|0-65:C>A-65:C>A,26571479.0,41864679.0,0.03707730478065224
100017906|F|0-31:G>A-31:G>A,100021425|F|0-50:G>C-50:G>C,26571479.0,42699263.0,0.011549374512985192
100017906|F|0-31:G>A-31:G>A,100032947|F|0-10:A>C-10:A>C,26571479.0,42744717.0,0.03542994012304168
100017906|F|0-31:G>A-31:G>A,100014347|F|0-68:T>C-68:T>C,26571479.0,42858969.0,6.204076905737396e-06
100017906|F|0-31:G>A-31:G>A,100016630|F|0-66:A>T-66:A>T,26571479.0,43750313.0,0.0002803008617062561
100017906|F|0-31:G>A-31:G>A,100015319|F|0-34:T>A-34:T>A,26571479.0,44449888.0,0.020594672175198777
100017906|F|0-31:G>A-31:G>A,100018345|F|0-65:A>C-65:A>C,26571479.0,44788831.0,0.0825339116732622
100017906|F|0-31:G>A-31:G>A,100017310|F|0-9:T>G-9:T>G,26571479.0,44906172.0,0.04804762615575089
100017906|F|0-31:G>A-31:G>A,100048863|F|0-39:A>G-39:A>G,26571479.0,44946182.0,0.0870640842036529
100017906|F|0-31:G>A-31:G>A,100033264|F|0-61:C>T-61:C>T,26571479.0,44989593.0,0.013967299668369218
100017906|F|0-31:G>A-31:G>A,100020314|F|0-31:G>A-31:G>A,26571479.0,45007549.0,3.203650785119282e-05
100017906|F|0-31:G>A-31:G>A,100041823|F|0-64:C>T-64:C>T,26571479.0,45303483.0,0.0960886028519891
100017906|F|0-31:G>A-31:G>A,100015397|F|0-30:G>C-30:G>C,26571479.0,45844613.0,0.013114127709223895
100017906|F|0-31:G>A-31:G>A,100029049|F|0-10:A>G-10:A>G,26571479.0,46654939.0,0.001816351918724188
100017906|F|0-31:G>A-31:G>A,100030430|F|0-19:A>C-19:A>C,26571479.0,46846957.0,0.022376995960838697
100017906|F|0-31:G>A-31:G>A,100021654|F|0-23:G>T-23:G>T,26571479.0,46876617.0,0.001251445419459485
100017906|F|0-31:G>A-31:G>A,100034493|F|0-32:C>T-32:C>T,26571479.0,46898850.0,0.0042937637501808375
100017906|F|0-31:G>A-31:G>A,100019198|F|0-35:G>T-35:G>T,26571479.0,46921983.0,0.000999476938999155
100017906|F|0-31:G>A-31:G>A,100020755|F|0-11:C>A-11:C>A,26571479.0,46921988.0,7.597427511045188e-06
100017906|F|0-31:G>A-31:G>A,100030713|F|0-35:T>A-35:T>A,26571479.0,46975334.0,0.0037763040772523923
100017906|F|0-31:G>A-31:G>A,100035377|F|0-67:C>G-67:C>G,26571479.0,47016484.0,0.004524346775579144
100017906|F|0-31:G>A-31:G>A,100014882|F|0-19:A>G-19:A>G,26571479.0,47035718.0,0.0020155440992679803
100017906|F|0-31:G>A-31:G>A,100016158|F|0-51:C>A-51:C>A,26571479.0,47150489.0,0.0024414244964562027
100021519|F|0-20:C>T-20:C>T,100038609|F|0-8:A>T-8:A>T,26856823.0,27247323.0,0.05273987912254547
100021519|F|0-20:C>T-20:C>T,100028909|F|0-9:C>T-9:C>T,26856823.0,27271569.0,0.0321585774768307
100021519|F|0-20:C>T-20:C>T,100021397|F|0-9:C>T-9:C>T,26856823.0,27420869.0,0.003863546526477383
100021519|F|0-20:C>T-20:C>T,100017892|F|0-32:A>G-32:A>G,26856823.0,27451898.0,0.025727560836519628
100021519|F|0-20:C>T-20:C>T,100033136|F|0-68:A>G-68:A>G,26856823.0,27783976.0,0.08680338253476425
100021519|F|0-20:C>T-20:C>T,100020699|F|0-40:A>G-40:A>G,26856823.0,30507860.0,0.0510732857349209
100021519|F|0-20:C>T-20:C>T,100014559|F|0-31:C>A-31:C>A,26856823.0,30836975.0,0.016954892422085144
100021519|F|0-20:C>T-20:C>T,100017321|F|0-51:A>T-51:A>T,26856823.0,31197415.0,0.03153870659445679
100021519|F|0-20:C>T-20:C>T,100040910|F|0-51:A>G-51:A>G,26856823.0,31200593.0,0.000307932775340154
100021519|F|0-20:C>T-20:C>T,100016298|F|0-19:G>A-19:G>A,26856823.0,31539538.0,0.11006426454931424
100021519|F|0-20:C>T-20:C>T,100016431|F|0-28:C>T-28:C>T,26856823.0,32001840.0,0.010275824770146033
100021519|F|0-20:C>T-20:C>T,100020933|F|0-51:T>C-51:T>C,26856823.0,32243895.0,0.04675985727192634
100021519|F|0-20:C>T-20:C>T,100014677|F|0-27:A>C-27:A>C,26856823.0,32410962.0,0.07277072578423939
100021519|F|0-20:C>T-20:C>T,100017923|F|0-57:A>G-57:A>G,26856823.0,32459789.0,0.1204690094898
100021519|F|0-20:C>T-20:C>T,100048091|F|0-43:A>T-43:A>T,26856823.0,32463417.0,0.156825398215885
100021519|F|0-20:C>T-20:C>T,100020456|F|0-16:A>C-16:A>C,26856823.0,32467328.0,0.15751094713377303
100021519|F|0-20:C>T-20:C>T,100034584|F|0-9:T>C-9:T>C,26856823.0,32472994.0,0.17647614355672392
100021519|F|0-20:C>T-20:C>T,100033527|F|0-13:C>T-13:C>T,26856823.0,32475333.0,0.17647614355672392
100021519|F|0-20:C>T-20:C>T,100018446|F|0-67:T>A-67:T>A,26856823.0,33239334.0,0.03178956342403245
100021519|F|0-20:C>T-20:C>T,100013877|F|0-19:G>T-19:G>T,26856823.0,34079859.0,0.05592014940164784
100021519|F|0-20:C>T-20:C>T,100035010|F|0-32:A>C-32:A>C,26856823.0,34165746.0,0.06034543676757072
100021519|F|0-20:C>T-20:C>T,100028703|F|0-9:T>G-9:T>G,26856823.0,34482430.0,0.000322107541970694
100021519|F|0-20:C>T-20:C>T,100014587|F|0-36:A>C-36:A>C,26856823.0,34723473.0,0.0026675384893793605
100021519|F|0-20:C>T-20:C>T,100040405|F|0-35:T>A-35:T>A,26856823.0,34724344.0,0.0004317190482354209
100021519|F|0-20:C>T-20:C>T,100016549|F|0-30:A>G-30:A>G,26856823.0,34725485.0,0.0030898987501977605
100021519|F|0-20:C>T-20:C>T,100013542|F|0-30:C>G-30:C>G,26856823.0,34725490.0,0.02803545011443568
100021519|F|0-20:C>T-20:C>T,100021285|F|0-67:T>C-67:T>C,26856823.0,34855449.0,0.00425095335592322
100021519|F|0-20:C>T-20:C>T,100033734|F|0-65:A>G-65:A>G,26856823.0,35379386.0,0.06496344012232128
100021519|F|0-20:C>T-20:C>T,100021520|F|0-23:T>C-23:T>C,26856823.0,36065991.0,0.04213821132776726
100021519|F|0-20:C>T-20:C>T,100019045|F|0-23:G>C-23:G>C,26856823.0,36149336.0,0.004307339477315927
100021519|F|0-20:C>T-20:C>T,100057957|F|0-57:C>A-57:C>A,26856823.0,36576268.0,0.03182633039463672
100021519|F|0-20:C>T-20:C>T,100014666|F|0-59:T>C-59:T>C,26856823.0,37090975.0,0.0026617973799933576
100021519|F|0-20:C>T-20:C>T,100038773|F|0-28:C>G-28:C>G,26856823.0,37285877.0,0.023865529915921543
100021519|F|0-20:C>T-20:C>T,100051037|F|0-43:C>T-43:C>T,26856823.0,37902767.0,0.0005457746567107502
100021519|F|0-20:C>T-20:C>T,100020809|F|0-53:C>G-53:C>G,26856823.0,39838084.0,0.044091676692310316
100021519|F|0-20:C>T-20:C>T,100029380|F|0-39:A>C-39:A>C,26856823.0,40729560.0,0.0661404477917739
100021519|F|0-20:C>T-20:C>T,100013950|F|0-50:T>C-50:T>C,26856823.0,40800799.0,0.08235473193535509
100021519|F|0-20:C>T-20:C>T,100015799|F|0-68:C>T-68:C>T,26856823.0,40825452.0,0.02931820868721935
100021519|F|0-20:C>T-20:C>T,100043188|F|0-42:C>T-42:C>T,26856823.0,40979122.0,0.011991066012800774
100021519|F|0-20:C>T-20:C>T,100015076|F|0-33:T>C-33:T>C,26856823.0,40986668.0,0.00859151432136001
100021519|F|0-20:C>T-20:C>T,100018802|F|0-14:G>A-14:G>A,26856823.0,40988293.0,0.00182123844214065
100021519|F|0-20:C>T-20:C>T,100018271|F|0-48:A>G-48:A>G,26856823.0,41002080.0,0.004729255904273951
100021519|F|0-20:C>T-20:C>T,100017658|F|0-34:T>G-34:T>G,26856823.0,41027371.0,0.006419876526766604
100021519|F|0-20:C>T-20:C>T,100017206|F|0-15:G>C-15:G>C,26856823.0,41065538.0,0.01277064151717835
100021519|F|0-20:C>T-20:C>T,100040329|F|0-26:A>G-26:A>G,26856823.0,41159215.0,0.03405813089048649
100021519|F|0-20:C>T-20:C>T,100035489|F|0-33:C>A-33:C>A,26856823.0,41159220.0,0.007500605428390085
100021519|F|0-20:C>T-20:C>T,100021166|F|0-38:T>C-38:T>C,26856823.0,41233248.0,0.010157126886905975
100021519|F|0-20:C>T-20:C>T,100020488|F|0-58:T>G-58:T>G,26856823.0,41740174.0,0.037784731925770296
100021519|F|0-20:C>T-20:C>T,100046856|F|0-65:C>A-65:C>A,26856823.0,41864679.0,0.06399732163640157
100021519|F|0-20:C>T-20:C>T,100021425|F|0-50:G>C-50:G>C,26856823.0,42699263.0,0.003598998756055398
100021519|F|0-20:C>T-20:C>T,100032947|F|0-10:A>C-10:A>C,26856823.0,42744717.0,0.09697913543577226
100021519|F|0-20:C>T-20:C>T,100014347|F|0-68:T>C-68:T>C,26856823.0,42858969.0,0.009620594219550065
100021519|F|0-20:C>T-20:C>T,100016630|F|0-66:A>T-66:A>T,26856823.0,43750313.0,0.010859306111690644
100021519|F|0-20:C>T-20:C>T,100015319|F|0-34:T>A-34:T>A,26856823.0,44449888.0,0.03908996831408349
100021519|F|0-20:C>T-20:C>T,100018345|F|0-65:A>C-65:A>C,26856823.0,44788831.0,0.029350548205333678
100021519|F|0-20:C>T-20:C>T,100017310|F|0-9:T>G-9:T>G,26856823.0,44906172.0,0.0341669454667113
100021519|F|0-20:C>T-20:C>T,100048863|F|0-39:A>G-39:A>G,26856823.0,44946182.0,0.03151800564679626
100021519|F|0-20:C>T-20:C>T,100033264|F|0-61:C>T-61:C>T,26856823.0,44989593.0,0.021573837977327863
100021519|F|0-20:C>T-20:C>T,100020314|F|0-31:G>A-31:G>A,26856823.0,45007549.0,0.026093435224392662
100021519|F|0-20:C>T-20:C>T,100041823|F|0-64:C>T-64:C>T,26856823.0,45303483.0,0.08380270973756064
100021519|F|0-20:C>T-20:C>T,100015397|F|0-30:G>C-30:G>C,26856823.0,45844613.0,0.0013015834388858476
100021519|F|0-20:C>T-20:C>T,100029049|F|0-10:A>G-10:A>G,26856823.0,46654939.0,0.008147883590795659
100021519|F|0-20:C>T-20:C>T,100030430|F|0-19:A>C-19:A>C,26856823.0,46846957.0,0.028990220170481463
100021519|F|0-20:C>T-20:C>T,100021654|F|0-23:G>T-23:G>T,26856823.0,46876617.0,0.005613797355499479
100021519|F|0-20:C>T-20:C>T,100034493|F|0-32:C>T-32:C>T,26856823.0,46898850.0,0.015051933558492917
100021519|F|0-20:C>T-20:C>T,100019198|F|0-35:G>T-35:G>T,26856823.0,46921983.0,2.869442791723102e-05
100021519|F|0-20:C>T-20:C>T,100020755|F|0-11:C>A-11:C>A,26856823.0,46921988.0,0.003111883051092766
100021519|F|0-20:C>T-20:C>T,100030713|F|0-35:T>A-35:T>A,26856823.0,46975334.0,0.016939936422954625
100021519|F|0-20:C>T-20:C>T,100035377|F|0-67:C>G-67:C>G,26856823.0,47016484.0,0.013644173563087914
100021519|F|0-20:C>T-20:C>T,100014882|F|0-19:A>G-19:A>G,26856823.0,47035718.0,0.00015449493750988638
100021519|F|0-20:C>T-20:C>T,100016158|F|0-51:C>A-51:C>A,26856823.0,47150489.0,0.0028255758766459575
100038609|F|0-8:A>T-8:A>T,100028909|F|0-9:C>T-9:C>T,27247323.0,27271569.0,0.5898351483739538
100038609|F|0-8:A>T-8:A>T,100021397|F|0-9:C>T-9:C>T,27247323.0,27420869.0,0.5307584968431553
100038609|F|0-8:A>T-8:A>T,100017892|F|0-32:A>G-32:A>G,27247323.0,27451898.0,0.31020660403000994
100038609|F|0-8:A>T-8:A>T,100033136|F|0-68:A>G-68:A>G,27247323.0,27783976.0,0.004284767718649242
100038609|F|0-8:A>T-8:A>T,100020699|F|0-40:A>G-40:A>G,27247323.0,30507860.0,0.10013079559805162
100038609|F|0-8:A>T-8:A>T,100014559|F|0-31:C>A-31:C>A,27247323.0,30836975.0,0.009238848547717803
100038609|F|0-8:A>T-8:A>T,100017321|F|0-51:A>T-51:A>T,27247323.0,31197415.0,0.12029900838659995
100038609|F|0-8:A>T-8:A>T,100040910|F|0-51:A>G-51:A>G,27247323.0,31200593.0,0.004307481212559074
100038609|F|0-8:A>T-8:A>T,100016298|F|0-19:G>A-19:G>A,27247323.0,31539538.0,0.003096613210721096
100038609|F|0-8:A>T-8:A>T,100016431|F|0-28:C>T-28:C>T,27247323.0,32001840.0,0.004583614783363885
100038609|F|0-8:A>T-8:A>T,100020933|F|0-51:T>C-51:T>C,27247323.0,32243895.0,0.006419540280949281
100038609|F|0-8:A>T-8:A>T,100014677|F|0-27:A>C-27:A>C,27247323.0,32410962.0,0.020748026404467733
100038609|F|0-8:A>T-8:A>T,100017923|F|0-57:A>G-57:A>G,27247323.0,32459789.0,0.1519266529044496
100038609|F|0-8:A>T-8:A>T,100048091|F|0-43:A>T-43:A>T,27247323.0,32463417.0,0.1839183581922172
100038609|F|0-8:A>T-8:A>T,100020456|F|0-16:A>C-16:A>C,27247323.0,32467328.0,0.14096266498939158
100038609|F|0-8:A>T-8:A>T,100034584|F|0-9:T>C-9:T>C,27247323.0,32472994.0,0.17788845852463106
100038609|F|0-8:A>T-8:A>T,100033527|F|0-13:C>T-13:C>T,27247323.0,32475333.0,0.17788845852463106
100038609|F|0-8:A>T-8:A>T,100018446|F|0-67:T>A-67:T>A,27247323.0,33239334.0,0.04602344162336356
100038609|F|0-8:A>T-8:A>T,100013877|F|0-19:G>T-19:G>T,27247323.0,34079859.0,0.0019872498052495224
100038609|F|0-8:A>T-8:A>T,100035010|F|0-32:A>C-32:A>C,27247323.0,34165746.0,0.005063489420620707
100038609|F|0-8:A>T-8:A>T,100028703|F|0-9:T>G-9:T>G,27247323.0,34482430.0,0.033820703766569635
100038609|F|0-8:A>T-8:A>T,100014587|F|0-36:A>C-36:A>C,27247323.0,34723473.0,0.030900176124660457
100038609|F|0-8:A>T-8:A>T,100040405|F|0-35:T>A-35:T>A,27247323.0,34724344.0,0.06307143755276533
100038609|F|0-8:A>T-8:A>T,100016549|F|0-30:A>G-30:A>G,27247323.0,34725485.0,0.012141251728907324
100038609|F|0-8:A>T-8:A>T,100013542|F|0-30:C>G-30:C>G,27247323.0,34725490.0,4.495533687281682e-05
100038609|F|0-8:A>T-8:A>T,100021285|F|0-67:T>C-67:T>C,27247323.0,34855449.0,0.025967534738975232
100038609|F|0-8:A>T-8:A>T,100033734|F|0-65:A>G-65:A>G,27247323.0,35379386.0,0.00616750055653483
100038609|F|0-8:A>T-8:A>T,100021520|F|0-23:T>C-23:T>C,27247323.0,36065991.0,0.011931895661660119
100038609|F|0-8:A>T-8:A>T,100019045|F|0-23:G>C-23:G>C,27247323.0,36149336.0,0.03852629907280351
100038609|F|0-8:A>T-8:A>T,100057957|F|0-57:C>A-57:C>A,27247323.0,36576268.0,0.017967308863543793
100038609|F|0-8:A>T-8:A>T,100014666|F|0-59:T>C-59:T>C,27247323.0,37090975.0,0.001034284385365793
100038609|F|0-8:A>T-8:A>T,100038773|F|0-28:C>G-28:C>G,27247323.0,37285877.0,0.031049345791561923
100038609|F|0-8:A>T-8:A>T,100051037|F|0-43:C>T-43:C>T,27247323.0,37902767.0,0.013804786462600785
100038609|F|0-8:A>T-8:A>T,100020809|F|0-53:C>G-53:C>G,27247323.0,39838084.0,0.018334459133455636
100038609|F|0-8:A>T-8:A>T,100029380|F|0-39:A>C-39:A>C,27247323.0,40729560.0,0.05725375824773821
100038609|F|0-8:A>T-8:A>T,100013950|F|0-50:T>C-50:T>C,27247323.0,40800799.0,0.06577457483490141
100038609|F|0-8:A>T-8:A>T,100015799|F|0-68:C>T-68:C>T,27247323.0,40825452.0,0.01619493086867296
100038609|F|0-8:A>T-8:A>T,100043188|F|0-42:C>T-42:C>T,27247323.0,40979122.0,0.009951632255161698
100038609|F|0-8:A>T-8:A>T,100015076|F|0-33:T>C-33:T>C,27247323.0,40986668.0,0.0064791470918368
100038609|F|0-8:A>T-8:A>T,100018802|F|0-14:G>A-14:G>A,27247323.0,40988293.0,0.019998202192747946
100038609|F|0-8:A>T-8:A>T,100018271|F|0-48:A>G-48:A>G,27247323.0,41002080.0,0.009851978217630017
100038609|F|0-8:A>T-8:A>T,100017658|F|0-34:T>G-34:T>G,27247323.0,41027371.0,0.018660354218716077
100038609|F|0-8:A>T-8:A>T,100017206|F|0-15:G>C-15:G>C,27247323.0,41065538.0,0.00014979702503108069
100038609|F|0-8:A>T-8:A>T,100040329|F|0-26:A>G-26:A>G,27247323.0,41159215.0,0.02536586002439191
100038609|F|0-8:A>T-8:A>T,100035489|F|0-33:C>A-33:C>A,27247323.0,41159220.0,1.2183381488042006e-05
100038609|F|0-8:A>T-8:A>T,100021166|F|0-38:T>C-38:T>C,27247323.0,41233248.0,0.003196839786828198
100038609|F|0-8:A>T-8:A>T,100020488|F|0-58:T>G-58:T>G,27247323.0,41740174.0,0.06759544727508757
100038609|F|0-8:A>T-8:A>T,100046856|F|0-65:C>A-65:C>A,27247323.0,41864679.0,0.027767132700795547
100038609|F|0-8:A>T-8:A>T,100021425|F|0-50:G>C-50:G>C,27247323.0,42699263.0,0.0733569583731539
100038609|F|0-8:A>T-8:A>T,100032947|F|0-10:A>C-10:A>C,27247323.0,42744717.0,0.11145847704046428
100038609|F|0-8:A>T-8:A>T,100014347|F|0-68:T>C-68:T>C,27247323.0,42858969.0,0.03140403296004955
100038609|F|0-8:A>T-8:A>T,100016630|F|0-66:A>T-66:A>T,27247323.0,43750313.0,0.02445491938197064
100038609|F|0-8:A>T-8:A>T,100015319|F|0-34:T>A-34:T>A,27247323.0,44449888.0,0.017912996018556743
100038609|F|0-8:A>T-8:A>T,100018345|F|0-65:A>C-65:A>C,27247323.0,44788831.0,0.05917628063287868
100038609|F|0-8:A>T-8:A>T,100017310|F|0-9:T>G-9:T>G,27247323.0,44906172.0,0.014539827222637929
100038609|F|0-8:A>T-8:A>T,100048863|F|0-39:A>G-39:A>G,27247323.0,44946182.0,0.05710041867287828
100038609|F|0-8:A>T-8:A>T,100033264|F|0-61:C>T-61:C>T,27247323.0,44989593.0,0.03425840153039124
100038609|F|0-8:A>T-8:A>T,100020314|F|0-31:G>A-31:G>A,27247323.0,45007549.0,0.0005127752834108982
100038609|F|0-8:A>T-8:A>T,100041823|F|0-64:C>T-64:C>T,27247323.0,45303483.0,0.1945381258954653
100038609|F|0-8:A>T-8:A>T,100015397|F|0-30:G>C-30:G>C,27247323.0,45844613.0,0.0025809723286729933
100038609|F|0-8:A>T-8:A>T,100029049|F|0-10:A>G-10:A>G,27247323.0,46654939.0,0.002512318464730276
100038609|F|0-8:A>T-8:A>T,100030430|F|0-19:A>C-19:A>C,27247323.0,46846957.0,0.0014462974784551499
100038609|F|0-8:A>T-8:A>T,100021654|F|0-23:G>T-23:G>T,27247323.0,46876617.0,0.01710164036142245
100038609|F|0-8:A>T-8:A>T,100034493|F|0-32:C>T-32:C>T,27247323.0,46898850.0,0.011269697493101099
100038609|F|0-8:A>T-8:A>T,100019198|F|0-35:G>T-35:G>T,27247323.0,46921983.0,0.02995579313437684
100038609|F|0-8:A>T-8:A>T,100020755|F|0-11:C>A-11:C>A,27247323.0,46921988.0,0.03535063712074396
100038609|F|0-8:A>T-8:A>T,100030713|F|0-35:T>A-35:T>A,27247323.0,46975334.0,0.001973939520582701
100038609|F|0-8:A>T-8:A>T,100035377|F|0-67:C>G-67:C>G,27247323.0,47016484.0,0.003010122084951533
100038609|F|0-8:A>T-8:A>T,100014882|F|0-19:A>G-19:A>G,27247323.0,47035718.0,0.00908216632088521
100038609|F|0-8:A>T-8:A>T,100016158|F|0-51:C>A-51:C>A,27247323.0,47150489.0,0.015439544533436309
100028909|F|0-9:C>T-9:C>T,100021397|F|0-9:C>T-9:C>T,27271569.0,27420869.0,0.39460039989240747
100028909|F|0-9:C>T-9:C>T,100017892|F|0-32:A>G-32:A>G,27271569.0,27451898.0,0.42063154753603266
100028909|F|0-9:C>T-9:C>T,100033136|F|0-68:A>G-68:A>G,27271569.0,27783976.0,0.03005340908170401
100028909|F|0-9:C>T-9:C>T,100020699|F|0-40:A>G-40:A>G,27271569.0,30507860.0,0.0489893440764575
100028909|F|0-9:C>T-9:C>T,100014559|F|0-31:C>A-31:C>A,27271569.0,30836975.0,0.0019450294156972952
100028909|F|0-9:C>T-9:C>T,100017321|F|0-51:A>T-51:A>T,27271569.0,31197415.0,0.04361914481344772
100028909|F|0-9:C>T-9:C>T,100040910|F|0-51:A>G-51:A>G,27271569.0,31200593.0,0.0009704613228881052
100028909|F|0-9:C>T-9:C>T,100016298|F|0-19:G>A-19:G>A,27271569.0,31539538.0,0.04197699504558722
100028909|F|0-9:C>T-9:C>T,100016431|F|0-28:C>T-28:C>T,27271569.0,32001840.0,0.0003987910334984472
100028909|F|0-9:C>T-9:C>T,100020933|F|0-51:T>C-51:T>C,27271569.0,32243895.0,0.019910191791835164
100028909|F|0-9:C>T-9:C>T,100014677|F|0-27:A>C-27:A>C,27271569.0,32410962.0,0.008954000085225436
100028909|F|0-9:C>T-9:C>T,100017923|F|0-57:A>G-57:A>G,27271569.0,32459789.0,0.05168637464990719
100028909|F|0-9:C>T-9:C>T,100048091|F|0-43:A>T-43:A>T,27271569.0,32463417.0,0.05692828515757104
100028909|F|0-9:C>T-9:C>T,100020456|F|0-16:A>C-16:A>C,27271569.0,32467328.0,0.04759117383878481
100028909|F|0-9:C>T-9:C>T,100034584|F|0-9:T>C-9:T>C,27271569.0,32472994.0,0.06495506810704955
100028909|F|0-9:C>T-9:C>T,100033527|F|0-13:C>T-13:C>T,27271569.0,32475333.0,0.06495506810704955
100028909|F|0-9:C>T-9:C>T,100018446|F|0-67:T>A-67:T>A,27271569.0,33239334.0,0.07007044751156401
100028909|F|0-9:C>T-9:C>T,100013877|F|0-19:G>T-19:G>T,27271569.0,34079859.0,0.0002421050973376782
100028909|F|0-9:C>T-9:C>T,100035010|F|0-32:A>C-32:A>C,27271569.0,34165746.0,9.530380948388119e-07
100028909|F|0-9:C>T-9:C>T,100028703|F|0-9:T>G-9:T>G,27271569.0,34482430.0,0.046007629309085266
100028909|F|0-9:C>T-9:C>T,100014587|F|0-36:A>C-36:A>C,27271569.0,34723473.0,0.005771556040366251
100028909|F|0-9:C>T-9:C>T,100040405|F|0-35:T>A-35:T>A,27271569.0,34724344.0,0.025536654146762528
100028909|F|0-9:C>T-9:C>T,100016549|F|0-30:A>G-30:A>G,27271569.0,34725485.0,1.671346436689403e-05
100028909|F|0-9:C>T-9:C>T,100013542|F|0-30:C>G-30:C>G,27271569.0,34725490.0,0.004302512908299256
100028909|F|0-9:C>T-9:C>T,100021285|F|0-67:T>C-67:T>C,27271569.0,34855449.0,0.016260063060289705
100028909|F|0-9:C>T-9:C>T,100033734|F|0-65:A>G-65:A>G,27271569.0,35379386.0,0.007315470123734338
100028909|F|0-9:C>T-9:C>T,100021520|F|0-23:T>C-23:T>C,27271569.0,36065991.0,0.03222403010118477
100028909|F|0-9:C>T-9:C>T,100019045|F|0-23:G>C-23:G>C,27271569.0,36149336.0,0.0006621090574708292
100028909|F|0-9:C>T-9:C>T,100057957|F|0-57:C>A-57:C>A,27271569.0,36576268.0,0.04640702520383376
100028909|F|0-9:C>T-9:C>T,100014666|F|0-59:T>C-59:T>C,27271569.0,37090975.0,0.009945250832123475
100028909|F|0-9:C>T-9:C>T,100038773|F|0-28:C>G-28:C>G,27271569.0,37285877.0,0.06081851263830695
100028909|F|0-9:C>T-9:C>T,100051037|F|0-43:C>T-43:C>T,27271569.0,37902767.0,0.008783199082033713
100028909|F|0-9:C>T-9:C>T,100020809|F|0-53:C>G-53:C>G,27271569.0,39838084.0,0.00017724045933264227
100028909|F|0-9:C>T-9:C>T,100029380|F|0-39:A>C-39:A>C,27271569.0,40729560.0,0.062153538103410795
100028909|F|0-9:C>T-9:C>T,100013950|F|0-50:T>C-50:T>C,27271569.0,40800799.0,0.055550965237877364
100028909|F|0-9:C>T-9:C>T,100015799|F|0-68:C>T-68:C>T,27271569.0,40825452.0,0.01073221627053947
100028909|F|0-9:C>T-9:C>T,100043188|F|0-42:C>T-42:C>T,27271569.0,40979122.0,0.0035398466958642743
100028909|F|0-9:C>T-9:C>T,100015076|F|0-33:T>C-33:T>C,27271569.0,40986668.0,0.0013427658390516462
100028909|F|0-9:C>T-9:C>T,100018802|F|0-14:G>A-14:G>A,27271569.0,40988293.0,0.010091091014060886
100028909|F|0-9:C>T-9:C>T,100018271|F|0-48:A>G-48:A>G,27271569.0,41002080.0,0.009277142966194035
100028909|F|0-9:C>T-9:C>T,100017658|F|0-34:T>G-34:T>G,27271569.0,41027371.0,0.006460293476983674
100028909|F|0-9:C>T-9:C>T,100017206|F|0-15:G>C-15:G>C,27271569.0,41065538.0,0.0012888474411062599
100028909|F|0-9:C>T-9:C>T,100040329|F|0-26:A>G-26:A>G,27271569.0,41159215.0,0.01996856634171005
100028909|F|0-9:C>T-9:C>T,100035489|F|0-33:C>A-33:C>A,27271569.0,41159220.0,0.0012495022905655488
100028909|F|0-9:C>T-9:C>T,100021166|F|0-38:T>C-38:T>C,27271569.0,41233248.0,1.0693448765548477e-05
100028909|F|0-9:C>T-9:C>T,100020488|F|0-58:T>G-58:T>G,27271569.0,41740174.0,0.014287210894414945
100028909|F|0-9:C>T-9:C>T,100046856|F|0-65:C>A-65:C>A,27271569.0,41864679.0,0.00018459329434518425
100028909|F|0-9:C>T-9:C>T,100021425|F|0-50:G>C-50:G>C,27271569.0,42699263.0,0.09366050012922499
100028909|F|0-9:C>T-9:C>T,100032947|F|0-10:A>C-10:A>C,27271569.0,42744717.0,0.1085593209580175
100028909|F|0-9:C>T-9:C>T,100014347|F|0-68:T>C-68:T>C,27271569.0,42858969.0,0.0220138911474652
100028909|F|0-9:C>T-9:C>T,100016630|F|0-66:A>T-66:A>T,27271569.0,43750313.0,0.017157806461404898
100028909|F|0-9:C>T-9:C>T,100015319|F|0-34:T>A-34:T>A,27271569.0,44449888.0,0.04643287883984094
100028909|F|0-9:C>T-9:C>T,100018345|F|0-65:A>C-65:A>C,27271569.0,44788831.0,0.04997827073143779
100028909|F|0-9:C>T-9:C>T,100017310|F|0-9:T>G-9:T>G,27271569.0,44906172.0,0.0012650174587204826
100028909|F|0-9:C>T-9:C>T,100048863|F|0-39:A>G-39:A>G,27271569.0,44946182.0,0.04773905214287234
100028909|F|0-9:C>T-9:C>T,100033264|F|0-61:C>T-61:C>T,27271569.0,44989593.0,6.411611693719985e-05
100028909|F|0-9:C>T-9:C>T,100020314|F|0-31:G>A-31:G>A,27271569.0,45007549.0,3.350954595754872e-05
100028909|F|0-9:C>T-9:C>T,100041823|F|0-64:C>T-64:C>T,27271569.0,45303483.0,0.12767700233298968
100028909|F|0-9:C>T-9:C>T,100015397|F|0-30:G>C-30:G>C,27271569.0,45844613.0,0.019116583759366996
100028909|F|0-9:C>T-9:C>T,100029049|F|0-10:A>G-10:A>G,27271569.0,46654939.0,0.025474958917226315
100028909|F|0-9:C>T-9:C>T,100030430|F|0-19:A>C-19:A>C,27271569.0,46846957.0,0.0006783582891512784
100028909|F|0-9:C>T-9:C>T,100021654|F|0-23:G>T-23:G>T,27271569.0,46876617.0,0.05132126964847369
100028909|F|0-9:C>T-9:C>T,100034493|F|0-32:C>T-32:C>T,27271569.0,46898850.0,0.03743696289591508
100028909|F|0-9:C>T-9:C>T,100019198|F|0-35:G>T-35:G>T,27271569.0,46921983.0,0.07042685357020978
100028909|F|0-9:C>T-9:C>T,100020755|F|0-11:C>A-11:C>A,27271569.0,46921988.0,0.08907929792070282
100028909|F|0-9:C>T-9:C>T,100030713|F|0-35:T>A-35:T>A,27271569.0,46975334.0,0.010911848138817445
100028909|F|0-9:C>T-9:C>T,100035377|F|0-67:C>G-67:C>G,27271569.0,47016484.0,0.0011643398754428282
100028909|F|0-9:C>T-9:C>T,100014882|F|0-19:A>G-19:A>G,27271569.0,47035718.0,0.0038075361010830333
100028909|F|0-9:C>T-9:C>T,100016158|F|0-51:C>A-51:C>A,27271569.0,47150489.0,0.008118079459696451
100021397|F|0-9:C>T-9:C>T,100017892|F|0-32:A>G-32:A>G,27420869.0,27451898.0,0.5525340230440713
100021397|F|0-9:C>T-9:C>T,100033136|F|0-68:A>G-68:A>G,27420869.0,27783976.0,0.02250442288953658
100021397|F|0-9:C>T-9:C>T,100020699|F|0-40:A>G-40:A>G,27420869.0,30507860.0,0.05118393568657726
100021397|F|0-9:C>T-9:C>T,100014559|F|0-31:C>A-31:C>A,27420869.0,30836975.0,0.03359869129323105
100021397|F|0-9:C>T-9:C>T,100017321|F|0-51:A>T-51:A>T,27420869.0,31197415.0,0.054253679304143744
100021397|F|0-9:C>T-9:C>T,100040910|F|0-51:A>G-51:A>G,27420869.0,31200593.0,0.002870390047426087
100021397|F|0-9:C>T-9:C>T,100016298|F|0-19:G>A-19:G>A,27420869.0,31539538.0,0.004588156990256318
100021397|F|0-9:C>T-9:C>T,100016431|F|0-28:C>T-28:C>T,27420869.0,32001840.0,0.0016054679798330777
100021397|F|0-9:C>T-9:C>T,100020933|F|0-51:T>C-51:T>C,27420869.0,32243895.0,0.027853900423510748
100021397|F|0-9:C>T-9:C>T,100014677|F|0-27:A>C-27:A>C,27420869.0,32410962.0,0.0002626889065088024
100021397|F|0-9:C>T-9:C>T,100017923|F|0-57:A>G-57:A>G,27420869.0,32459789.0,0.06810347935336762
100021397|F|0-9:C>T-9:C>T,100048091|F|0-43:A>T-43:A>T,27420869.0,32463417.0,0.07702877015676722
100021397|F|0-9:C>T-9:C>T,100020456|F|0-16:A>C-16:A>C,27420869.0,32467328.0,0.06499210154233423
100021397|F|0-9:C>T-9:C>T,100034584|F|0-9:T>C-9:T>C,27420869.0,32472994.0,0.08636131753066117
100021397|F|0-9:C>T-9:C>T,100033527|F|0-13:C>T-13:C>T,27420869.0,32475333.0,0.08636131753066117
100021397|F|0-9:C>T-9:C>T,100018446|F|0-67:T>A-67:T>A,27420869.0,33239334.0,0.008537281354542441
100021397|F|0-9:C>T-9:C>T,100013877|F|0-19:G>T-19:G>T,27420869.0,34079859.0,0.0509828835245949
100021397|F|0-9:C>T-9:C>T,100035010|F|0-32:A>C-32:A>C,27420869.0,34165746.0,0.010308246639942797
100021397|F|0-9:C>T-9:C>T,100028703|F|0-9:T>G-9:T>G,27420869.0,34482430.0,0.024337198198978317
100021397|F|0-9:C>T-9:C>T,100014587|F|0-36:A>C-36:A>C,27420869.0,34723473.0,0.02747942945603147
100021397|F|0-9:C>T-9:C>T,100040405|F|0-35:T>A-35:T>A,27420869.0,34724344.0,0.04846339570804632
100021397|F|0-9:C>T-9:C>T,100016549|F|0-30:A>G-30:A>G,27420869.0,34725485.0,0.010097059615125819
100021397|F|0-9:C>T-9:C>T,100013542|F|0-30:C>G-30:C>G,27420869.0,34725490.0,0.004685468170658685
100021397|F|0-9:C>T-9:C>T,100021285|F|0-67:T>C-67:T>C,27420869.0,34855449.0,0.06743493629765945
100021397|F|0-9:C>T-9:C>T,100033734|F|0-65:A>G-65:A>G,27420869.0,35379386.0,0.03153160350510534
100021397|F|0-9:C>T-9:C>T,100021520|F|0-23:T>C-23:T>C,27420869.0,36065991.0,0.0003411669045358132
100021397|F|0-9:C>T-9:C>T,100019045|F|0-23:G>C-23:G>C,27420869.0,36149336.0,0.028005640112786345
100021397|F|0-9:C>T-9:C>T,100057957|F|0-57:C>A-57:C>A,27420869.0,36576268.0,0.013355819686842234
100021397|F|0-9:C>T-9:C>T,100014666|F|0-59:T>C-59:T>C,27420869.0,37090975.0,0.00402523273109657
100021397|F|0-9:C>T-9:C>T,100038773|F|0-28:C>G-28:C>G,27420869.0,37285877.0,0.014233871324211927
100021397|F|0-9:C>T-9:C>T,100051037|F|0-43:C>T-43:C>T,27420869.0,37902767.0,0.01756774788455051
100021397|F|0-9:C>T-9:C>T,100020809|F|0-53:C>G-53:C>G,27420869.0,39838084.0,0.01609927613110382
100021397|F|0-9:C>T-9:C>T,100029380|F|0-39:A>C-39:A>C,27420869.0,40729560.0,0.008605123419613439
100021397|F|0-9:C>T-9:C>T,100013950|F|0-50:T>C-50:T>C,27420869.0,40800799.0,0.06295488920604758
100021397|F|0-9:C>T-9:C>T,100015799|F|0-68:C>T-68:C>T,27420869.0,40825452.0,2.914903757165208e-05
100021397|F|0-9:C>T-9:C>T,100043188|F|0-42:C>T-42:C>T,27420869.0,40979122.0,0.021753608639707784
100021397|F|0-9:C>T-9:C>T,100015076|F|0-33:T>C-33:T>C,27420869.0,40986668.0,0.01580806902168498
100021397|F|0-9:C>T-9:C>T,100018802|F|0-14:G>A-14:G>A,27420869.0,40988293.0,0.04373362834275526
100021397|F|0-9:C>T-9:C>T,100018271|F|0-48:A>G-48:A>G,27420869.0,41002080.0,0.020517712687424618
100021397|F|0-9:C>T-9:C>T,100017658|F|0-34:T>G-34:T>G,27420869.0,41027371.0,0.04222314773296857
100021397|F|0-9:C>T-9:C>T,100017206|F|0-15:G>C-15:G>C,27420869.0,41065538.0,0.007945096492221011
100021397|F|0-9:C>T-9:C>T,100040329|F|0-26:A>G-26:A>G,27420869.0,41159215.0,0.0158733253436482
100021397|F|0-9:C>T-9:C>T,100035489|F|0-33:C>A-33:C>A,27420869.0,41159220.0,0.00522754125123362
100021397|F|0-9:C>T-9:C>T,100021166|F|0-38:T>C-38:T>C,27420869.0,41233248.0,0.00017220035702874471
100021397|F|0-9:C>T-9:C>T,100020488|F|0-58:T>G-58:T>G,27420869.0,41740174.0,0.023095157008726018
100021397|F|0-9:C>T-9:C>T,100046856|F|0-65:C>A-65:C>A,27420869.0,41864679.0,0.015147156386526753
100021397|F|0-9:C>T-9:C>T,100021425|F|0-50:G>C-50:G>C,27420869.0,42699263.0,0.016181008131956876
100021397|F|0-9:C>T-9:C>T,100032947|F|0-10:A>C-10:A>C,27420869.0,42744717.0,0.0020981875969920696
100021397|F|0-9:C>T-9:C>T,100014347|F|0-68:T>C-68:T>C,27420869.0,42858969.0,0.02943112672624182
100021397|F|0-9:C>T-9:C>T,100016630|F|0-66:A>T-66:A>T,27420869.0,43750313.0,0.002424748840157696
100021397|F|0-9:C>T-9:C>T,100015319|F|0-34:T>A-34:T>A,27420869.0,44449888.0,0.05784907489544611
100021397|F|0-9:C>T-9:C>T,100018345|F|0-65:A>C-65:A>C,27420869.0,44788831.0,0.05663945681473363
100021397|F|0-9:C>T-9:C>T,100017310|F|0-9:T>G-9:T>G,27420869.0,44906172.0,0.0010059762933744523
100021397|F|0-9:C>T-9:C>T,100048863|F|0-39:A>G-39:A>G,27420869.0,44946182.0,0.05431794201507464
100021397|F|0-9:C>T-9:C>T,100033264|F|0-61:C>T-61:C>T,27420869.0,44989593.0,0.048157847440841416
100021397|F|0-9:C>T-9:C>T,100020314|F|0-31:G>A-31:G>A,27420869.0,45007549.0,0.004887725353030385
100021397|F|0-9:C>T-9:C>T,100041823|F|0-64:C>T-64:C>T,27420869.0,45303483.0,0.2170687816702902
100021397|F|0-9:C>T-9:C>T,100015397|F|0-30:G>C-30:G>C,27420869.0,45844613.0,0.0022000172285665154
100021397|F|0-9:C>T-9:C>T,100029049|F|0-10:A>G-10:A>G,27420869.0,46654939.0,0.011012708043028134
100021397|F|0-9:C>T-9:C>T,100030430|F|0-19:A>C-19:A>C,27420869.0,46846957.0,0.0014462631809463884
100021397|F|0-9:C>T-9:C>T,100021654|F|0-23:G>T-23:G>T,27420869.0,46876617.0,0.039852625462667705
100021397|F|0-9:C>T-9:C>T,100034493|F|0-32:C>T-32:C>T,27420869.0,46898850.0,0.03902544259071163
100021397|F|0-9:C>T-9:C>T,100019198|F|0-35:G>T-35:G>T,27420869.0,46921983.0,0.08786959008388982
100021397|F|0-9:C>T-9:C>T,100020755|F|0-11:C>A-11:C>A,27420869.0,46921988.0,0.075239096854179
100021397|F|0-9:C>T-9:C>T,100030713|F|0-35:T>A-35:T>A,27420869.0,46975334.0,0.025616971098131557
100021397|F|0-9:C>T-9:C>T,100035377|F|0-67:C>G-67:C>G,27420869.0,47016484.0,0.0054021162935035056
100021397|F|0-9:C>T-9:C>T,100014882|F|0-19:A>G-19:A>G,27420869.0,47035718.0,0.053623544946844265
100021397|F|0-9:C>T-9:C>T,100016158|F|0-51:C>A-51:C>A,27420869.0,47150489.0,0.022657430922627682
100017892|F|0-32:A>G-32:A>G,100033136|F|0-68:A>G-68:A>G,27451898.0,27783976.0,0.05184585724118961
100017892|F|0-32:A>G-32:A>G,100020699|F|0-40:A>G-40:A>G,27451898.0,30507860.0,0.059157720727359635
100017892|F|0-32:A>G-32:A>G,100014559|F|0-31:C>A-31:C>A,27451898.0,30836975.0,0.033046552908840975
100017892|F|0-32:A>G-32:A>G,100017321|F|0-51:A>T-51:A>T,27451898.0,31197415.0,0.04731683580069914
100017892|F|0-32:A>G-32:A>G,100040910|F|0-51:A>G-51:A>G,27451898.0,31200593.0,0.01302786284466223
100017892|F|0-32:A>G-32:A>G,100016298|F|0-19:G>A-19:G>A,27451898.0,31539538.0,0.004347166681110784
100017892|F|0-32:A>G-32:A>G,100016431|F|0-28:C>T-28:C>T,27451898.0,32001840.0,0.0032385558597620057
100017892|F|0-32:A>G-32:A>G,100020933|F|0-51:T>C-51:T>C,27451898.0,32243895.0,0.06491426596995856
100017892|F|0-32:A>G-32:A>G,100014677|F|0-27:A>C-27:A>C,27451898.0,32410962.0,0.005115804261278282
100017892|F|0-32:A>G-32:A>G,100017923|F|0-57:A>G-57:A>G,27451898.0,32459789.0,0.020927354495700972
100017892|F|0-32:A>G-32:A>G,100048091|F|0-43:A>T-43:A>T,27451898.0,32463417.0,0.01382891891589923
100017892|F|0-32:A>G-32:A>G,100020456|F|0-16:A>C-16:A>C,27451898.0,32467328.0,0.016584601704242755
100017892|F|0-32:A>G-32:A>G,100034584|F|0-9:T>C-9:T>C,27451898.0,32472994.0,0.018581480236439293
100017892|F|0-32:A>G-32:A>G,100033527|F|0-13:C>T-13:C>T,27451898.0,32475333.0,0.018581480236439293
100017892|F|0-32:A>G-32:A>G,100018446|F|0-67:T>A-67:T>A,27451898.0,33239334.0,0.005373026787325767
100017892|F|0-32:A>G-32:A>G,100013877|F|0-19:G>T-19:G>T,27451898.0,34079859.0,0.021838082237702363
100017892|F|0-32:A>G-32:A>G,100035010|F|0-32:A>C-32:A>C,27451898.0,34165746.0,0.020130595399508854
100017892|F|0-32:A>G-32:A>G,100028703|F|0-9:T>G-9:T>G,27451898.0,34482430.0,0.030159473391037084
100017892|F|0-32:A>G-32:A>G,100014587|F|0-36:A>C-36:A>C,27451898.0,34723473.0,0.016350181421514193
100017892|F|0-32:A>G-32:A>G,100040405|F|0-35:T>A-35:T>A,27451898.0,34724344.0,0.020560291746732448
100017892|F|0-32:A>G-32:A>G,100016549|F|0-30:A>G-30:A>G,27451898.0,34725485.0,0.0029823255458848825
100017892|F|0-32:A>G-32:A>G,100013542|F|0-30:C>G-30:C>G,27451898.0,34725490.0,0.0039754897119423285
100017892|F|0-32:A>G-32:A>G,100021285|F|0-67:T>C-67:T>C,27451898.0,34855449.0,0.03980297675483922
100017892|F|0-32:A>G-32:A>G,100033734|F|0-65:A>G-65:A>G,27451898.0,35379386.0,0.06254293289756803
100017892|F|0-32:A>G-32:A>G,100021520|F|0-23:T>C-23:T>C,27451898.0,36065991.0,0.006193828108366183
100017892|F|0-32:A>G-32:A>G,100019045|F|0-23:G>C-23:G>C,27451898.0,36149336.0,0.008372529812625608
100017892|F|0-32:A>G-32:A>G,100057957|F|0-57:C>A-57:C>A,27451898.0,36576268.0,0.02416302705798523
100017892|F|0-32:A>G-32:A>G,100014666|F|0-59:T>C-59:T>C,27451898.0,37090975.0,0.014924929429204242
100017892|F|0-32:A>G-32:A>G,100038773|F|0-28:C>G-28:C>G,27451898.0,37285877.0,0.043549911643054606
100017892|F|0-32:A>G-32:A>G,100051037|F|0-43:C>T-43:C>T,27451898.0,37902767.0,0.03059653625669413
100017892|F|0-32:A>G-32:A>G,100020809|F|0-53:C>G-53:C>G,27451898.0,39838084.0,0.0032385558597620104
100017892|F|0-32:A>G-32:A>G,100029380|F|0-39:A>C-39:A>C,27451898.0,40729560.0,0.012115477522535043
100017892|F|0-32:A>G-32:A>G,100013950|F|0-50:T>C-50:T>C,27451898.0,40800799.0,0.05117018725576846
100017892|F|0-32:A>G-32:A>G,100015799|F|0-68:C>T-68:C>T,27451898.0,40825452.0,0.0025322850844480935
100017892|F|0-32:A>G-32:A>G,100043188|F|0-42:C>T-42:C>T,27451898.0,40979122.0,0.04900965078114333
100017892|F|0-32:A>G-32:A>G,100015076|F|0-33:T>C-33:T>C,27451898.0,40986668.0,0.03869998511706314
100017892|F|0-32:A>G-32:A>G,100018802|F|0-14:G>A-14:G>A,27451898.0,40988293.0,0.07030488138819758
100017892|F|0-32:A>G-32:A>G,100018271|F|0-48:A>G-48:A>G,27451898.0,41002080.0,0.06609935103225432
100017892|F|0-32:A>G-32:A>G,100017658|F|0-34:T>G-34:T>G,27451898.0,41027371.0,0.06861339801649297
100017892|F|0-32:A>G-32:A>G,100017206|F|0-15:G>C-15:G>C,27451898.0,41065538.0,0.028235541421614902
100017892|F|0-32:A>G-32:A>G,100040329|F|0-26:A>G-26:A>G,27451898.0,41159215.0,0.007920448248947314
100017892|F|0-32:A>G-32:A>G,100035489|F|0-33:C>A-33:C>A,27451898.0,41159220.0,0.01084845345713142
100017892|F|0-32:A>G-32:A>G,100021166|F|0-38:T>C-38:T>C,27451898.0,41233248.0,0.014959684160021507
100017892|F|0-32:A>G-32:A>G,100020488|F|0-58:T>G-58:T>G,27451898.0,41740174.0,1.599459510642064e-06
100017892|F|0-32:A>G-32:A>G,100046856|F|0-65:C>A-65:C>A,27451898.0,41864679.0,0.00461021179875762
100017892|F|0-32:A>G-32:A>G,100021425|F|0-50:G>C-50:G>C,27451898.0,42699263.0,0.023182132940867
100017892|F|0-32:A>G-32:A>G,100032947|F|0-10:A>C-10:A>C,27451898.0,42744717.0,0.00044519789632278334
100017892|F|0-32:A>G-32:A>G,100014347|F|0-68:T>C-68:T>C,27451898.0,42858969.0,0.01398191595168236
100017892|F|0-32:A>G-32:A>G,100016630|F|0-66:A>T-66:A>T,27451898.0,43750313.0,0.009166596442910471
100017892|F|0-32:A>G-32:A>G,100015319|F|0-34:T>A-34:T>A,27451898.0,44449888.0,0.0890371249861916
100017892|F|0-32:A>G-32:A>G,100018345|F|0-65:A>C-65:A>C,27451898.0,44788831.0,0.046036958333595265
100017892|F|0-32:A>G-32:A>G,100017310|F|0-9:T>G-9:T>G,27451898.0,44906172.0,0.0006420702447376519
100017892|F|0-32:A>G-32:A>G,100048863|F|0-39:A>G-39:A>G,27451898.0,44946182.0,0.04362938245466191
100017892|F|0-32:A>G-32:A>G,100033264|F|0-61:C>T-61:C>T,27451898.0,44989593.0,0.0030935879568976385
100017892|F|0-32:A>G-32:A>G,100020314|F|0-31:G>A-31:G>A,27451898.0,45007549.0,0.01706220199270461
100017892|F|0-32:A>G-32:A>G,100041823|F|0-64:C>T-64:C>T,27451898.0,45303483.0,0.09359420224359019
100017892|F|0-32:A>G-32:A>G,100015397|F|0-30:G>C-30:G>C,27451898.0,45844613.0,0.018209616287992666
100017892|F|0-32:A>G-32:A>G,100029049|F|0-10:A>G-10:A>G,27451898.0,46654939.0,0.07800424467660659
100017892|F|0-32:A>G-32:A>G,100030430|F|0-19:A>C-19:A>C,27451898.0,46846957.0,0.0002381557027962616
100017892|F|0-32:A>G-32:A>G,100021654|F|0-23:G>T-23:G>T,27451898.0,46876617.0,0.039175382415521806
100017892|F|0-32:A>G-32:A>G,100034493|F|0-32:C>T-32:C>T,27451898.0,46898850.0,0.025118856037523084
100017892|F|0-32:A>G-32:A>G,100019198|F|0-35:G>T-35:G>T,27451898.0,46921983.0,0.05719656764483422
100017892|F|0-32:A>G-32:A>G,100020755|F|0-11:C>A-11:C>A,27451898.0,46921988.0,0.05879582476454093
100017892|F|0-32:A>G-32:A>G,100030713|F|0-35:T>A-35:T>A,27451898.0,46975334.0,0.04804951274893972
100017892|F|0-32:A>G-32:A>G,100035377|F|0-67:C>G-67:C>G,27451898.0,47016484.0,0.029079352262345648
100017892|F|0-32:A>G-32:A>G,100014882|F|0-19:A>G-19:A>G,27451898.0,47035718.0,0.030492787543899808
100017892|F|0-32:A>G-32:A>G,100016158|F|0-51:C>A-51:C>A,27451898.0,47150489.0,3.262525434382032e-05
100033136|F|0-68:A>G-68:A>G,100020699|F|0-40:A>G-40:A>G,27783976.0,30507860.0,0.014001577184481766
100033136|F|0-68:A>G-68:A>G,100014559|F|0-31:C>A-31:C>A,27783976.0,30836975.0,0.005995231862378458
100033136|F|0-68:A>G-68:A>G,100017321|F|0-51:A>T-51:A>T,27783976.0,31197415.0,0.00016975422196679907
100033136|F|0-68:A>G-68:A>G,100040910|F|0-51:A>G-51:A>G,27783976.0,31200593.0,0.00020830526673703485
100033136|F|0-68:A>G-68:A>G,100016298|F|0-19:G>A-19:G>A,27783976.0,31539538.0,0.0010107339950271921
100033136|F|0-68:A>G-68:A>G,100016431|F|0-28:C>T-28:C>T,27783976.0,32001840.0,0.006692351846375956
100033136|F|0-68:A>G-68:A>G,100020933|F|0-51:T>C-51:T>C,27783976.0,32243895.0,0.020450719835228278
100033136|F|0-68:A>G-68:A>G,100014677|F|0-27:A>C-27:A>C,27783976.0,32410962.0,0.02331896656451116
100033136|F|0-68:A>G-68:A>G,100017923|F|0-57:A>G-57:A>G,27783976.0,32459789.0,0.016427785320817016
100033136|F|0-68:A>G-68:A>G,100048091|F|0-43:A>T-43:A>T,27783976.0,32463417.0,0.02031772546393923
100033136|F|0-68:A>G-68:A>G,100020456|F|0-16:A>C-16:A>C,27783976.0,32467328.0,0.00841055310565627
100033136|F|0-68:A>G-68:A>G,100034584|F|0-9:T>C-9:T>C,27783976.0,32472994.0,0.016841637019109998
100033136|F|0-68:A>G-68:A>G,100033527|F|0-13:C>T-13:C>T,27783976.0,32475333.0,0.016841637019109998
100033136|F|0-68:A>G-68:A>G,100018446|F|0-67:T>A-67:T>A,27783976.0,33239334.0,0.020298883344845087
100033136|F|0-68:A>G-68:A>G,100013877|F|0-19:G>T-19:G>T,27783976.0,34079859.0,0.005507841940410992
100033136|F|0-68:A>G-68:A>G,100035010|F|0-32:A>C-32:A>C,27783976.0,34165746.0,0.03892463623662186
100033136|F|0-68:A>G-68:A>G,100028703|F|0-9:T>G-9:T>G,27783976.0,34482430.0,0.03567723147488058
100033136|F|0-68:A>G-68:A>G,100014587|F|0-36:A>C-36:A>C,27783976.0,34723473.0,0.02841780427565209
100033136|F|0-68:A>G-68:A>G,100040405|F|0-35:T>A-35:T>A,27783976.0,34724344.0,0.02549846687842197
100033136|F|0-68:A>G-68:A>G,100016549|F|0-30:A>G-30:A>G,27783976.0,34725485.0,0.0056796933433059145
100033136|F|0-68:A>G-68:A>G,100013542|F|0-30:C>G-30:C>G,27783976.0,34725490.0,8.103392809535985e-07
100033136|F|0-68:A>G-68:A>G,100021285|F|0-67:T>C-67:T>C,27783976.0,34855449.0,0.027311068254161394
100033136|F|0-68:A>G-68:A>G,100033734|F|0-65:A>G-65:A>G,27783976.0,35379386.0,0.16909238380732686
100033136|F|0-68:A>G-68:A>G,100021520|F|0-23:T>C-23:T>C,27783976.0,36065991.0,0.00021507755081975072
100033136|F|0-68:A>G-68:A>G,100019045|F|0-23:G>C-23:G>C,27783976.0,36149336.0,0.0004242503870000254
100033136|F|0-68:A>G-68:A>G,100057957|F|0-57:C>A-57:C>A,27783976.0,36576268.0,0.012738727738423682
100033136|F|0-68:A>G-68:A>G,100014666|F|0-59:T>C-59:T>C,27783976.0,37090975.0,0.09438921285050164
100033136|F|0-68:A>G-68:A>G,100038773|F|0-28:C>G-28:C>G,27783976.0,37285877.0,0.0212407155413853
100033136|F|0-68:A>G-68:A>G,100051037|F|0-43:C>T-43:C>T,27783976.0,37902767.0,0.003134726913869644
100033136|F|0-68:A>G-68:A>G,100020809|F|0-53:C>G-53:C>G,27783976.0,39838084.0,0.016193839035675135
100033136|F|0-68:A>G-68:A>G,100029380|F|0-39:A>C-39:A>C,27783976.0,40729560.0,0.0012363541245182302
100033136|F|0-68:A>G-68:A>G,100013950|F|0-50:T>C-50:T>C,27783976.0,40800799.0,0.0032132147158693883
100033136|F|0-68:A>G-68:A>G,100015799|F|0-68:C>T-68:C>T,27783976.0,40825452.0,0.012559099660050387
100033136|F|0-68:A>G-68:A>G,100043188|F|0-42:C>T-42:C>T,27783976.0,40979122.0,0.0008152684381158474
100033136|F|0-68:A>G-68:A>G,100015076|F|0-33:T>C-33:T>C,27783976.0,40986668.0,0.00040535503455511467
100033136|F|0-68:A>G-68:A>G,100018802|F|0-14:G>A-14:G>A,27783976.0,40988293.0,3.4659089727535485e-07
100033136|F|0-68:A>G-68:A>G,100018271|F|0-48:A>G-48:A>G,27783976.0,41002080.0,0.00038807104520020624
100033136|F|0-68:A>G-68:A>G,100017658|F|0-34:T>G-34:T>G,27783976.0,41027371.0,0.00130372700370424
100033136|F|0-68:A>G-68:A>G,100017206|F|0-15:G>C-15:G>C,27783976.0,41065538.0,0.011584343416615147
100033136|F|0-68:A>G-68:A>G,100040329|F|0-26:A>G-26:A>G,27783976.0,41159215.0,0.0031306884866169017
100033136|F|0-68:A>G-68:A>G,100035489|F|0-33:C>A-33:C>A,27783976.0,41159220.0,0.01233531290256086
100033136|F|0-68:A>G-68:A>G,100021166|F|0-38:T>C-38:T>C,27783976.0,41233248.0,0.002129068048648209
100033136|F|0-68:A>G-68:A>G,100020488|F|0-58:T>G-58:T>G,27783976.0,41740174.0,6.528833417598865e-05
100033136|F|0-68:A>G-68:A>G,100046856|F|0-65:C>A-65:C>A,27783976.0,41864679.0,0.010411952322196756
100033136|F|0-68:A>G-68:A>G,100021425|F|0-50:G>C-50:G>C,27783976.0,42699263.0,0.025316812802693437
100033136|F|0-68:A>G-68:A>G,100032947|F|0-10:A>C-10:A>C,27783976.0,42744717.0,0.0001391334475971125
100033136|F|0-68:A>G-68:A>G,100014347|F|0-68:T>C-68:T>C,27783976.0,42858969.0,0.01261997653171922
100033136|F|0-68:A>G-68:A>G,100016630|F|0-66:A>T-66:A>T,27783976.0,43750313.0,0.038981890907241315
100033136|F|0-68:A>G-68:A>G,100015319|F|0-34:T>A-34:T>A,27783976.0,44449888.0,0.15318613694296843
100033136|F|0-68:A>G-68:A>G,100018345|F|0-65:A>C-65:A>C,27783976.0,44788831.0,0.032546979439066405
100033136|F|0-68:A>G-68:A>G,100017310|F|0-9:T>G-9:T>G,27783976.0,44906172.0,0.001863727209191118
100033136|F|0-68:A>G-68:A>G,100048863|F|0-39:A>G-39:A>G,27783976.0,44946182.0,0.028847760516190826
100033136|F|0-68:A>G-68:A>G,100033264|F|0-61:C>T-61:C>T,27783976.0,44989593.0,0.00016697806263949835
100033136|F|0-68:A>G-68:A>G,100020314|F|0-31:G>A-31:G>A,27783976.0,45007549.0,0.00519169786793682
100033136|F|0-68:A>G-68:A>G,100041823|F|0-64:C>T-64:C>T,27783976.0,45303483.0,0.011791424479542234
100033136|F|0-68:A>G-68:A>G,100015397|F|0-30:G>C-30:G>C,27783976.0,45844613.0,0.043676366901847945
100033136|F|0-68:A>G-68:A>G,100029049|F|0-10:A>G-10:A>G,27783976.0,46654939.0,0.02808481313484695
100033136|F|0-68:A>G-68:A>G,100030430|F|0-19:A>C-19:A>C,27783976.0,46846957.0,0.00013503151479320652
100033136|F|0-68:A>G-68:A>G,100021654|F|0-23:G>T-23:G>T,27783976.0,46876617.0,0.0011184196730020459
100033136|F|0-68:A>G-68:A>G,100034493|F|0-32:C>T-32:C>T,27783976.0,46898850.0,0.0003346918915866153
100033136|F|0-68:A>G-68:A>G,100019198|F|0-35:G>T-35:G>T,27783976.0,46921983.0,0.0037538194898815674
100033136|F|0-68:A>G-68:A>G,100020755|F|0-11:C>A-11:C>A,27783976.0,46921988.0,0.0003065041879512195
100033136|F|0-68:A>G-68:A>G,100030713|F|0-35:T>A-35:T>A,27783976.0,46975334.0,0.07135727468885042
100033136|F|0-68:A>G-68:A>G,100035377|F|0-67:C>G-67:C>G,27783976.0,47016484.0,1.6902670199324587e-05
100033136|F|0-68:A>G-68:A>G,100014882|F|0-19:A>G-19:A>G,27783976.0,47035718.0,0.00011930082897033011
100033136|F|0-68:A>G-68:A>G,100016158|F|0-51:C>A-51:C>A,27783976.0,47150489.0,0.0010787014489224373
100020699|F|0-40:A>G-40:A>G,100014559|F|0-31:C>A-31:C>A,30507860.0,30836975.0,0.026890851449275357
100020699|F|0-40:A>G-40:A>G,100017321|F|0-51:A>T-51:A>T,30507860.0,31197415.0,0.09437774107964703
100020699|F|0-40:A>G-40:A>G,100040910|F|0-51:A>G-51:A>G,30507860.0,31200593.0,0.015940781436470347
100020699|F|0-40:A>G-40:A>G,100016298|F|0-19:G>A-19:G>A,30507860.0,31539538.0,0.006016451233842546
100020699|F|0-40:A>G-40:A>G,100016431|F|0-28:C>T-28:C>T,30507860.0,32001840.0,0.004802831142568249
100020699|F|0-40:A>G-40:A>G,100020933|F|0-51:T>C-51:T>C,30507860.0,32243895.0,0.0004204101107904324
100020699|F|0-40:A>G-40:A>G,100014677|F|0-27:A>C-27:A>C,30507860.0,32410962.0,0.10381078940336687
100020699|F|0-40:A>G-40:A>G,100017923|F|0-57:A>G-57:A>G,30507860.0,32459789.0,0.18674190359063422
100020699|F|0-40:A>G-40:A>G,100048091|F|0-43:A>T-43:A>T,30507860.0,32463417.0,0.15168847267203578
100020699|F|0-40:A>G-40:A>G,100020456|F|0-16:A>C-16:A>C,30507860.0,32467328.0,0.17146001377139486
100020699|F|0-40:A>G-40:A>G,100034584|F|0-9:T>C-9:T>C,30507860.0,32472994.0,0.1708701851545707
100020699|F|0-40:A>G-40:A>G,100033527|F|0-13:C>T-13:C>T,30507860.0,32475333.0,0.1708701851545707
100020699|F|0-40:A>G-40:A>G,100018446|F|0-67:T>A-67:T>A,30507860.0,33239334.0,0.07284126163391934
100020699|F|0-40:A>G-40:A>G,100013877|F|0-19:G>T-19:G>T,30507860.0,34079859.0,0.05205730468099304
100020699|F|0-40:A>G-40:A>G,100035010|F|0-32:A>C-32:A>C,30507860.0,34165746.0,0.00010330104219273668
100020699|F|0-40:A>G-40:A>G,100028703|F|0-9:T>G-9:T>G,30507860.0,34482430.0,0.041430873330527807
100020699|F|0-40:A>G-40:A>G,100014587|F|0-36:A>C-36:A>C,30507860.0,34723473.0,0.0122614951517047
100020699|F|0-40:A>G-40:A>G,100040405|F|0-35:T>A-35:T>A,30507860.0,34724344.0,0.0016998400150574078
100020699|F|0-40:A>G-40:A>G,100016549|F|0-30:A>G-30:A>G,30507860.0,34725485.0,0.014202898550724718
100020699|F|0-40:A>G-40:A>G,100013542|F|0-30:C>G-30:C>G,30507860.0,34725490.0,0.016560483301144673
100020699|F|0-40:A>G-40:A>G,100021285|F|0-67:T>C-67:T>C,30507860.0,34855449.0,0.0010111223458038451
100020699|F|0-40:A>G-40:A>G,100033734|F|0-65:A>G-65:A>G,30507860.0,35379386.0,0.011710833237734702
100020699|F|0-40:A>G-40:A>G,100021520|F|0-23:T>C-23:T>C,30507860.0,36065991.0,0.027069299857113708
100020699|F|0-40:A>G-40:A>G,100019045|F|0-23:G>C-23:G>C,30507860.0,36149336.0,0.016133677518453727
100020699|F|0-40:A>G-40:A>G,100057957|F|0-57:C>A-57:C>A,30507860.0,36576268.0,0.00010330104219273622
100020699|F|0-40:A>G-40:A>G,100014666|F|0-59:T>C-59:T>C,30507860.0,37090975.0,0.0004104142618955963
100020699|F|0-40:A>G-40:A>G,100038773|F|0-28:C>G-28:C>G,30507860.0,37285877.0,0.003099214535068228
100020699|F|0-40:A>G-40:A>G,100051037|F|0-43:C>T-43:C>T,30507860.0,37902767.0,0.00010330104219273683
100020699|F|0-40:A>G-40:A>G,100020809|F|0-53:C>G-53:C>G,30507860.0,39838084.0,0.030017694641051553
100020699|F|0-40:A>G-40:A>G,100029380|F|0-39:A>C-39:A>C,30507860.0,40729560.0,0.08913191969588971
100020699|F|0-40:A>G-40:A>G,100013950|F|0-50:T>C-50:T>C,30507860.0,40800799.0,0.08683213410900163
100020699|F|0-40:A>G-40:A>G,100015799|F|0-68:C>T-68:C>T,30507860.0,40825452.0,0.0932428190237011
100020699|F|0-40:A>G-40:A>G,100043188|F|0-42:C>T-42:C>T,30507860.0,40979122.0,0.016078947898617982
100020699|F|0-40:A>G-40:A>G,100015076|F|0-33:T>C-33:T>C,30507860.0,40986668.0,0.017738845064106543
100020699|F|0-40:A>G-40:A>G,100018802|F|0-14:G>A-14:G>A,30507860.0,40988293.0,0.01607894789861799
100020699|F|0-40:A>G-40:A>G,100018271|F|0-48:A>G-48:A>G,30507860.0,41002080.0,0.0078057918975879504
100020699|F|0-40:A>G-40:A>G,100017658|F|0-34:T>G-34:T>G,30507860.0,41027371.0,0.013919917511599957
100020699|F|0-40:A>G-40:A>G,100017206|F|0-15:G>C-15:G>C,30507860.0,41065538.0,0.003924030764401188
100020699|F|0-40:A>G-40:A>G,100040329|F|0-26:A>G-26:A>G,30507860.0,41159215.0,0.0025736253885065984
100020699|F|0-40:A>G-40:A>G,100035489|F|0-33:C>A-33:C>A,30507860.0,41159220.0,0.0004595783382184804
100020699|F|0-40:A>G-40:A>G,100021166|F|0-38:T>C-38:T>C,30507860.0,41233248.0,0.019168555532660215
100020699|F|0-40:A>G-40:A>G,100020488|F|0-58:T>G-58:T>G,30507860.0,41740174.0,0.01870445712897744
100020699|F|0-40:A>G-40:A>G,100046856|F|0-65:C>A-65:C>A,30507860.0,41864679.0,0.020008307947936874
100020699|F|0-40:A>G-40:A>G,100021425|F|0-50:G>C-50:G>C,30507860.0,42699263.0,0.002426242236024845
100020699|F|0-40:A>G-40:A>G,100032947|F|0-10:A>C-10:A>C,30507860.0,42744717.0,0.009038627265651054
100020699|F|0-40:A>G-40:A>G,100014347|F|0-68:T>C-68:T>C,30507860.0,42858969.0,0.015699317329752098
100020699|F|0-40:A>G-40:A>G,100016630|F|0-66:A>T-66:A>T,30507860.0,43750313.0,0.024648421212236114
100020699|F|0-40:A>G-40:A>G,100015319|F|0-34:T>A-34:T>A,30507860.0,44449888.0,0.02441986215998233
100020699|F|0-40:A>G-40:A>G,100018345|F|0-65:A>C-65:A>C,30507860.0,44788831.0,0.19397640145080555
100020699|F|0-40:A>G-40:A>G,100017310|F|0-9:T>G-9:T>G,30507860.0,44906172.0,0.020736813970064164
100020699|F|0-40:A>G-40:A>G,100048863|F|0-39:A>G-39:A>G,30507860.0,44946182.0,0.19108800414304522
100020699|F|0-40:A>G-40:A>G,100033264|F|0-61:C>T-61:C>T,30507860.0,44989593.0,0.006949629544540796
100020699|F|0-40:A>G-40:A>G,100020314|F|0-31:G>A-31:G>A,30507860.0,45007549.0,0.01088031120376539
100020699|F|0-40:A>G-40:A>G,100041823|F|0-64:C>T-64:C>T,30507860.0,45303483.0,0.09417527783193609
100020699|F|0-40:A>G-40:A>G,100015397|F|0-30:G>C-30:G>C,30507860.0,45844613.0,0.02000830794793685
100020699|F|0-40:A>G-40:A>G,100029049|F|0-10:A>G-10:A>G,30507860.0,46654939.0,0.009861500701262255
100020699|F|0-40:A>G-40:A>G,100030430|F|0-19:A>C-19:A>C,30507860.0,46846957.0,0.012413865182793226
100020699|F|0-40:A>G-40:A>G,100021654|F|0-23:G>T-23:G>T,30507860.0,46876617.0,0.015451036164160862
100020699|F|0-40:A>G-40:A>G,100034493|F|0-32:C>T-32:C>T,30507860.0,46898850.0,0.01252420135527591
100020699|F|0-40:A>G-40:A>G,100019198|F|0-35:G>T-35:G>T,30507860.0,46921983.0,0.006823155292776955
100020699|F|0-40:A>G-40:A>G,100020755|F|0-11:C>A-11:C>A,30507860.0,46921988.0,0.00602258711069996
100020699|F|0-40:A>G-40:A>G,100030713|F|0-35:T>A-35:T>A,30507860.0,46975334.0,0.02318188927119175
100020699|F|0-40:A>G-40:A>G,100035377|F|0-67:C>G-67:C>G,30507860.0,47016484.0,6.140997297961243e-05
100020699|F|0-40:A>G-40:A>G,100014882|F|0-19:A>G-19:A>G,30507860.0,47035718.0,0.006544384057971024
100020699|F|0-40:A>G-40:A>G,100016158|F|0-51:C>A-51:C>A,30507860.0,47150489.0,0.004838378412537914
100014559|F|0-31:C>A-31:C>A,100017321|F|0-51:A>T-51:A>T,30836975.0,31197415.0,0.05964611872146145
100014559|F|0-31:C>A-31:C>A,100040910|F|0-51:A>G-51:A>G,30836975.0,31200593.0,4.145011098478708e-05
100014559|F|0-31:C>A-31:C>A,100016298|F|0-19:G>A-19:G>A,30836975.0,31539538.0,0.03343186936936931
100014559|F|0-31:C>A-31:C>A,100016431|F|0-28:C>T-28:C>T,30836975.0,32001840.0,0.009811046511627869
100014559|F|0-31:C>A-31:C>A,100020933|F|0-51:T>C-51:T>C,30836975.0,32243895.0,0.04153283369022121
100014559|F|0-31:C>A-31:C>A,100014677|F|0-27:A>C-27:A>C,30836975.0,32410962.0,0.08032219417617792
100014559|F|0-31:C>A-31:C>A,100017923|F|0-57:A>G-57:A>G,30836975.0,32459789.0,0.009275628581992927
100014559|F|0-31:C>A-31:C>A,100048091|F|0-43:A>T-43:A>T,30836975.0,32463417.0,0.016699626455723978
100014559|F|0-31:C>A-31:C>A,100020456|F|0-16:A>C-16:A>C,30836975.0,32467328.0,0.016175881410256422
100014559|F|0-31:C>A-31:C>A,100034584|F|0-9:T>C-9:T>C,30836975.0,32472994.0,0.018123547739754976
100014559|F|0-31:C>A-31:C>A,100033527|F|0-13:C>T-13:C>T,30836975.0,32475333.0,0.018123547739754976
100014559|F|0-31:C>A-31:C>A,100018446|F|0-67:T>A-67:T>A,30836975.0,33239334.0,0.012382583591864837
100014559|F|0-31:C>A-31:C>A,100013877|F|0-19:G>T-19:G>T,30836975.0,34079859.0,0.0836027298850573
100014559|F|0-31:C>A-31:C>A,100035010|F|0-32:A>C-32:A>C,30836975.0,34165746.0,0.008464229144667375
100014559|F|0-31:C>A-31:C>A,100028703|F|0-9:T>G-9:T>G,30836975.0,34482430.0,0.016333418237391848
100014559|F|0-31:C>A-31:C>A,100014587|F|0-36:A>C-36:A>C,30836975.0,34723473.0,1.7496057917638927e-32
100014559|F|0-31:C>A-31:C>A,100040405|F|0-35:T>A-35:T>A,30836975.0,34724344.0,0.0002141955266955215
100014559|F|0-31:C>A-31:C>A,100016549|F|0-30:A>G-30:A>G,30836975.0,34725485.0,0.004123263888888872
100014559|F|0-31:C>A-31:C>A,100013542|F|0-30:C>G-30:C>G,30836975.0,34725490.0,0.015438786565547128
100014559|F|0-31:C>A-31:C>A,100021285|F|0-67:T>C-67:T>C,30836975.0,34855449.0,0.00704790455426358
100014559|F|0-31:C>A-31:C>A,100033734|F|0-65:A>G-65:A>G,30836975.0,35379386.0,0.001392553503371447
100014559|F|0-31:C>A-31:C>A,100021520|F|0-23:T>C-23:T>C,30836975.0,36065991.0,0.0023229655712050084
100014559|F|0-31:C>A-31:C>A,100019045|F|0-23:G>C-23:G>C,30836975.0,36149336.0,0.014032854923127253
100014559|F|0-31:C>A-31:C>A,100057957|F|0-57:C>A-57:C>A,30836975.0,36576268.0,0.020481344596972907
100014559|F|0-31:C>A-31:C>A,100014666|F|0-59:T>C-59:T>C,30836975.0,37090975.0,0.005838249754178985
100014559|F|0-31:C>A-31:C>A,100038773|F|0-28:C>G-28:C>G,30836975.0,37285877.0,0.0007223236009732368
100014559|F|0-31:C>A-31:C>A,100051037|F|0-43:C>T-43:C>T,30836975.0,37902767.0,0.012644095388947594
100014559|F|0-31:C>A-31:C>A,100020809|F|0-53:C>G-53:C>G,30836975.0,39838084.0,0.053415697674418616
100014559|F|0-31:C>A-31:C>A,100029380|F|0-39:A>C-39:A>C,30836975.0,40729560.0,0.03379724499089249
100014559|F|0-31:C>A-31:C>A,100013950|F|0-50:T>C-50:T>C,30836975.0,40800799.0,0.00940801056338032
100014559|F|0-31:C>A-31:C>A,100015799|F|0-68:C>T-68:C>T,30836975.0,40825452.0,0.028580024067388646
100014559|F|0-31:C>A-31:C>A,100043188|F|0-42:C>T-42:C>T,30836975.0,40979122.0,0.08089087117701567
100014559|F|0-31:C>A-31:C>A,100015076|F|0-33:T>C-33:T>C,30836975.0,40986668.0,0.08578244647601177
100014559|F|0-31:C>A-31:C>A,100018802|F|0-14:G>A-14:G>A,30836975.0,40988293.0,0.10129701498300887
100014559|F|0-31:C>A-31:C>A,100018271|F|0-48:A>G-48:A>G,30836975.0,41002080.0,0.0821247568821066
100014559|F|0-31:C>A-31:C>A,100017658|F|0-34:T>G-34:T>G,30836975.0,41027371.0,0.07305619601815257
100014559|F|0-31:C>A-31:C>A,100017206|F|0-15:G>C-15:G>C,30836975.0,41065538.0,0.13353222355929936
100014559|F|0-31:C>A-31:C>A,100040329|F|0-26:A>G-26:A>G,30836975.0,41159215.0,0.16226256561308117
100014559|F|0-31:C>A-31:C>A,100035489|F|0-33:C>A-33:C>A,30836975.0,41159220.0,0.00011622438298696433
100014559|F|0-31:C>A-31:C>A,100021166|F|0-38:T>C-38:T>C,30836975.0,41233248.0,0.05745211295418641
100014559|F|0-31:C>A-31:C>A,100020488|F|0-58:T>G-58:T>G,30836975.0,41740174.0,0.03455249068901306
100014559|F|0-31:C>A-31:C>A,100046856|F|0-65:C>A-65:C>A,30836975.0,41864679.0,0.07626725053078542
100014559|F|0-31:C>A-31:C>A,100021425|F|0-50:G>C-50:G>C,30836975.0,42699263.0,0.0025965743440233223
100014559|F|0-31:C>A-31:C>A,100032947|F|0-10:A>C-10:A>C,30836975.0,42744717.0,0.0005994245524296651
100014559|F|0-31:C>A-31:C>A,100014347|F|0-68:T>C-68:T>C,30836975.0,42858969.0,0.04597678035178028
100014559|F|0-31:C>A-31:C>A,100016630|F|0-66:A>T-66:A>T,30836975.0,43750313.0,0.010439370822435326
100014559|F|0-31:C>A-31:C>A,100015319|F|0-34:T>A-34:T>A,30836975.0,44449888.0,0.0006675098369870643
100014559|F|0-31:C>A-31:C>A,100018345|F|0-65:A>C-65:A>C,30836975.0,44788831.0,0.008464229144667365
100014559|F|0-31:C>A-31:C>A,100017310|F|0-9:T>G-9:T>G,30836975.0,44906172.0,0.0020918715846994515
100014559|F|0-31:C>A-31:C>A,100048863|F|0-39:A>G-39:A>G,30836975.0,44946182.0,0.00875632690792268
100014559|F|0-31:C>A-31:C>A,100033264|F|0-61:C>T-61:C>T,30836975.0,44989593.0,0.05764943857331523
100014559|F|0-31:C>A-31:C>A,100020314|F|0-31:G>A-31:G>A,30836975.0,45007549.0,0.00019566650189487152
100014559|F|0-31:C>A-31:C>A,100041823|F|0-64:C>T-64:C>T,30836975.0,45303483.0,0.017750373692077787
100014559|F|0-31:C>A-31:C>A,100015397|F|0-30:G>C-30:G>C,30836975.0,45844613.0,0.010084925690021215
100014559|F|0-31:C>A-31:C>A,100029049|F|0-10:A>G-10:A>G,30836975.0,46654939.0,0.03601205477150534
100014559|F|0-31:C>A-31:C>A,100030430|F|0-19:A>C-19:A>C,30836975.0,46846957.0,0.047838610742705595
100014559|F|0-31:C>A-31:C>A,100021654|F|0-23:G>T-23:G>T,30836975.0,46876617.0,0.02080899532710275
100014559|F|0-31:C>A-31:C>A,100034493|F|0-32:C>T-32:C>T,30836975.0,46898850.0,0.027685342045821276
100014559|F|0-31:C>A-31:C>A,100019198|F|0-35:G>T-35:G>T,30836975.0,46921983.0,0.04558335166619551
100014559|F|0-31:C>A-31:C>A,100020755|F|0-11:C>A-11:C>A,30836975.0,46921988.0,0.025353686465720976
100014559|F|0-31:C>A-31:C>A,100030713|F|0-35:T>A-35:T>A,30836975.0,46975334.0,0.03203687050359709
100014559|F|0-31:C>A-31:C>A,100035377|F|0-67:C>G-67:C>G,30836975.0,47016484.0,0.00304391609123247
100014559|F|0-31:C>A-31:C>A,100014882|F|0-19:A>G-19:A>G,30836975.0,47035718.0,0.04638671874999992
100014559|F|0-31:C>A-31:C>A,100016158|F|0-51:C>A-51:C>A,30836975.0,47150489.0,0.009205426356589216
100017321|F|0-51:A>T-51:A>T,100040910|F|0-51:A>G-51:A>G,31197415.0,31200593.0,0.023984081134757317
100017321|F|0-51:A>T-51:A>T,100016298|F|0-19:G>A-19:G>A,31197415.0,31539538.0,0.060583622227457654
100017321|F|0-51:A>T-51:A>T,100016431|F|0-28:C>T-28:C>T,31197415.0,32001840.0,0.03975643661849462
100017321|F|0-51:A>T-51:A>T,100020933|F|0-51:T>C-51:T>C,31197415.0,32243895.0,0.015913457564113068
100017321|F|0-51:A>T-51:A>T,100014677|F|0-27:A>C-27:A>C,31197415.0,32410962.0,0.02538781260352689
100017321|F|0-51:A>T-51:A>T,100017923|F|0-57:A>G-57:A>G,31197415.0,32459789.0,0.15387665085656985
100017321|F|0-51:A>T-51:A>T,100048091|F|0-43:A>T-43:A>T,31197415.0,32463417.0,0.09714395013426082
100017321|F|0-51:A>T-51:A>T,100020456|F|0-16:A>C-16:A>C,31197415.0,32467328.0,0.1290297132359984
100017321|F|0-51:A>T-51:A>T,100034584|F|0-9:T>C-9:T>C,31197415.0,32472994.0,0.11425804216444345
100017321|F|0-51:A>T-51:A>T,100033527|F|0-13:C>T-13:C>T,31197415.0,32475333.0,0.11425804216444345
100017321|F|0-51:A>T-51:A>T,100018446|F|0-67:T>A-67:T>A,31197415.0,33239334.0,0.04336407808875978
100017321|F|0-51:A>T-51:A>T,100013877|F|0-19:G>T-19:G>T,31197415.0,34079859.0,0.016833426375230838
100017321|F|0-51:A>T-51:A>T,100035010|F|0-32:A>C-32:A>C,31197415.0,34165746.0,0.0009234772980415358
100017321|F|0-51:A>T-51:A>T,100028703|F|0-9:T>G-9:T>G,31197415.0,34482430.0,0.07312126773707087
100017321|F|0-51:A>T-51:A>T,100014587|F|0-36:A>C-36:A>C,31197415.0,34723473.0,0.0011199010903357087
100017321|F|0-51:A>T-51:A>T,100040405|F|0-35:T>A-35:T>A,31197415.0,34724344.0,0.001246003892330177
100017321|F|0-51:A>T-51:A>T,100016549|F|0-30:A>G-30:A>G,31197415.0,34725485.0,0.0010507471980074734
100017321|F|0-51:A>T-51:A>T,100013542|F|0-30:C>G-30:C>G,31197415.0,34725490.0,0.005355053975544054
100017321|F|0-51:A>T-51:A>T,100021285|F|0-67:T>C-67:T>C,31197415.0,34855449.0,0.012924371542761163
100017321|F|0-51:A>T-51:A>T,100033734|F|0-65:A>G-65:A>G,31197415.0,35379386.0,0.03128220799092238
100017321|F|0-51:A>T-51:A>T,100021520|F|0-23:T>C-23:T>C,31197415.0,36065991.0,0.03788609615350875
100017321|F|0-51:A>T-51:A>T,100019045|F|0-23:G>C-23:G>C,31197415.0,36149336.0,0.01163693069536832
100017321|F|0-51:A>T-51:A>T,100057957|F|0-57:C>A-57:C>A,31197415.0,36576268.0,0.006170432683140453
100017321|F|0-51:A>T-51:A>T,100014666|F|0-59:T>C-59:T>C,31197415.0,37090975.0,0.0033475131971919423
100017321|F|0-51:A>T-51:A>T,100038773|F|0-28:C>G-28:C>G,31197415.0,37285877.0,0.005568193180681921
100017321|F|0-51:A>T-51:A>T,100051037|F|0-43:C>T-43:C>T,31197415.0,37902767.0,0.037558469361857076
100017321|F|0-51:A>T-51:A>T,100020809|F|0-53:C>G-53:C>G,31197415.0,39838084.0,0.039756436618494574
100017321|F|0-51:A>T-51:A>T,100029380|F|0-39:A>C-39:A>C,31197415.0,40729560.0,0.056248256197728504
100017321|F|0-51:A>T-51:A>T,100013950|F|0-50:T>C-50:T>C,31197415.0,40800799.0,0.04657161524564563
100017321|F|0-51:A>T-51:A>T,100015799|F|0-68:C>T-68:C>T,31197415.0,40825452.0,0.07958085878317313
100017321|F|0-51:A>T-51:A>T,100043188|F|0-42:C>T-42:C>T,31197415.0,40979122.0,0.09026637251179247
100017321|F|0-51:A>T-51:A>T,100015076|F|0-33:T>C-33:T>C,31197415.0,40986668.0,0.108958494254142
100017321|F|0-51:A>T-51:A>T,100018802|F|0-14:G>A-14:G>A,31197415.0,40988293.0,0.113250588328984
100017321|F|0-51:A>T-51:A>T,100018271|F|0-48:A>G-48:A>G,31197415.0,41002080.0,0.06347885286548884
100017321|F|0-51:A>T-51:A>T,100017658|F|0-34:T>G-34:T>G,31197415.0,41027371.0,0.09037379589385663
100017321|F|0-51:A>T-51:A>T,100017206|F|0-15:G>C-15:G>C,31197415.0,41065538.0,0.049408705521162916
100017321|F|0-51:A>T-51:A>T,100040329|F|0-26:A>G-26:A>G,31197415.0,41159215.0,0.11848119655825261
100017321|F|0-51:A>T-51:A>T,100035489|F|0-33:C>A-33:C>A,31197415.0,41159220.0,0.07804647477937682
100017321|F|0-51:A>T-51:A>T,100021166|F|0-38:T>C-38:T>C,31197415.0,41233248.0,0.023608151894849338
100017321|F|0-51:A>T-51:A>T,100020488|F|0-58:T>G-58:T>G,31197415.0,41740174.0,0.0005261345373842532
100017321|F|0-51:A>T-51:A>T,100046856|F|0-65:C>A-65:C>A,31197415.0,41864679.0,0.01808554306700194
100017321|F|0-51:A>T-51:A>T,100021425|F|0-50:G>C-50:G>C,31197415.0,42699263.0,0.05492885643850132
100017321|F|0-51:A>T-51:A>T,100032947|F|0-10:A>C-10:A>C,31197415.0,42744717.0,0.01936472244428666
100017321|F|0-51:A>T-51:A>T,100014347|F|0-68:T>C-68:T>C,31197415.0,42858969.0,6.771582114047897e-05
100017321|F|0-51:A>T-51:A>T,100016630|F|0-66:A>T-66:A>T,31197415.0,43750313.0,0.01806759959654348
100017321|F|0-51:A>T-51:A>T,100015319|F|0-34:T>A-34:T>A,31197415.0,44449888.0,0.0028749692867598127
100017321|F|0-51:A>T-51:A>T,100018345|F|0-65:A>C-65:A>C,31197415.0,44788831.0,0.1355016365503703
100017321|F|0-51:A>T-51:A>T,100017310|F|0-9:T>G-9:T>G,31197415.0,44906172.0,0.027928056672723228
100017321|F|0-51:A>T-51:A>T,100048863|F|0-39:A>G-39:A>G,31197415.0,44946182.0,0.13426985592534993
100017321|F|0-51:A>T-51:A>T,100033264|F|0-61:C>T-61:C>T,31197415.0,44989593.0,0.03901485677059787
100017321|F|0-51:A>T-51:A>T,100020314|F|0-31:G>A-31:G>A,31197415.0,45007549.0,3.93974892718797e-05
100017321|F|0-51:A>T-51:A>T,100041823|F|0-64:C>T-64:C>T,31197415.0,45303483.0,0.1438307300537777
100017321|F|0-51:A>T-51:A>T,100015397|F|0-30:G>C-30:G>C,31197415.0,45844613.0,4.957523934925818e-07
100017321|F|0-51:A>T-51:A>T,100029049|F|0-10:A>G-10:A>G,31197415.0,46654939.0,0.011569517535049995
100017321|F|0-51:A>T-51:A>T,100030430|F|0-19:A>C-19:A>C,31197415.0,46846957.0,0.048763588796654586
100017321|F|0-51:A>T-51:A>T,100021654|F|0-23:G>T-23:G>T,31197415.0,46876617.0,0.009958275625283685
100017321|F|0-51:A>T-51:A>T,100034493|F|0-32:C>T-32:C>T,31197415.0,46898850.0,0.005991869791283645
100017321|F|0-51:A>T-51:A>T,100019198|F|0-35:G>T-35:G>T,31197415.0,46921983.0,0.0024176971261443644
100017321|F|0-51:A>T-51:A>T,100020755|F|0-11:C>A-11:C>A,31197415.0,46921988.0,0.0054872353673723635
100017321|F|0-51:A>T-51:A>T,100030713|F|0-35:T>A-35:T>A,31197415.0,46975334.0,0.04878289149502314
100017321|F|0-51:A>T-51:A>T,100035377|F|0-67:C>G-67:C>G,31197415.0,47016484.0,0.015431968473528745
100017321|F|0-51:A>T-51:A>T,100014882|F|0-19:A>G-19:A>G,31197415.0,47035718.0,0.039731378424657536
100017321|F|0-51:A>T-51:A>T,100016158|F|0-51:C>A-51:C>A,31197415.0,47150489.0,0.03153870659445684
100040910|F|0-51:A>G-51:A>G,100016298|F|0-19:G>A-19:G>A,31200593.0,31539538.0,0.007266086941253422
100040910|F|0-51:A>G-51:A>G,100016431|F|0-28:C>T-28:C>T,31200593.0,32001840.0,0.007147281785526799
100040910|F|0-51:A>G-51:A>G,100020933|F|0-51:T>C-51:T>C,31200593.0,32243895.0,0.04282124870318733
100040910|F|0-51:A>G-51:A>G,100014677|F|0-27:A>C-27:A>C,31200593.0,32410962.0,4.8767807201177715e-05
100040910|F|0-51:A>G-51:A>G,100017923|F|0-57:A>G-57:A>G,31200593.0,32459789.0,0.01833451475087408
100040910|F|0-51:A>G-51:A>G,100048091|F|0-43:A>T-43:A>T,31200593.0,32463417.0,0.005291017753533128
100040910|F|0-51:A>G-51:A>G,100020456|F|0-16:A>C-16:A>C,31200593.0,32467328.0,0.0019588076919402333
100040910|F|0-51:A>G-51:A>G,100034584|F|0-9:T>C-9:T>C,31200593.0,32472994.0,0.006353706653096962
100040910|F|0-51:A>G-51:A>G,100033527|F|0-13:C>T-13:C>T,31200593.0,32475333.0,0.006353706653096962
100040910|F|0-51:A>G-51:A>G,100018446|F|0-67:T>A-67:T>A,31200593.0,33239334.0,0.009829783203016395
100040910|F|0-51:A>G-51:A>G,100013877|F|0-19:G>T-19:G>T,31200593.0,34079859.0,0.008649217599256253
100040910|F|0-51:A>G-51:A>G,100035010|F|0-32:A>C-32:A>C,31200593.0,34165746.0,0.0013694374188666465
100040910|F|0-51:A>G-51:A>G,100028703|F|0-9:T>G-9:T>G,31200593.0,34482430.0,3.930105026471933e-05
100040910|F|0-51:A>G-51:A>G,100014587|F|0-36:A>C-36:A>C,31200593.0,34723473.0,7.104272729291045e-05
100040910|F|0-51:A>G-51:A>G,100040405|F|0-35:T>A-35:T>A,31200593.0,34724344.0,0.005236710125454655
100040910|F|0-51:A>G-51:A>G,100016549|F|0-30:A>G-30:A>G,31200593.0,34725485.0,8.229115911428654e-05
100040910|F|0-51:A>G-51:A>G,100013542|F|0-30:C>G-30:C>G,31200593.0,34725490.0,0.027686338920317476
100040910|F|0-51:A>G-51:A>G,100021285|F|0-67:T>C-67:T>C,31200593.0,34855449.0,0.009285788816661658
100040910|F|0-51:A>G-51:A>G,100033734|F|0-65:A>G-65:A>G,31200593.0,35379386.0,0.0052544750674558246
100040910|F|0-51:A>G-51:A>G,100021520|F|0-23:T>C-23:T>C,31200593.0,36065991.0,0.018313404872960327
100040910|F|0-51:A>G-51:A>G,100019045|F|0-23:G>C-23:G>C,31200593.0,36149336.0,0.00010940020079748491
100040910|F|0-51:A>G-51:A>G,100057957|F|0-57:C>A-57:C>A,31200593.0,36576268.0,0.014847113003476943
100040910|F|0-51:A>G-51:A>G,100014666|F|0-59:T>C-59:T>C,31200593.0,37090975.0,0.003135529840366845
100040910|F|0-51:A>G-51:A>G,100038773|F|0-28:C>G-28:C>G,31200593.0,37285877.0,0.0001552109995269754
100040910|F|0-51:A>G-51:A>G,100051037|F|0-43:C>T-43:C>T,31200593.0,37902767.0,0.0022883698450900875
100040910|F|0-51:A>G-51:A>G,100020809|F|0-53:C>G-53:C>G,31200593.0,39838084.0,0.0015108535945095654
100040910|F|0-51:A>G-51:A>G,100029380|F|0-39:A>C-39:A>C,31200593.0,40729560.0,0.0018363744318741612
100040910|F|0-51:A>G-51:A>G,100013950|F|0-50:T>C-50:T>C,31200593.0,40800799.0,0.008519779006451676
100040910|F|0-51:A>G-51:A>G,100015799|F|0-68:C>T-68:C>T,31200593.0,40825452.0,5.570249940046353e-05
100040910|F|0-51:A>G-51:A>G,100043188|F|0-42:C>T-42:C>T,31200593.0,40979122.0,0.0006009533066110831
100040910|F|0-51:A>G-51:A>G,100015076|F|0-33:T>C-33:T>C,31200593.0,40986668.0,0.0010159804234881919
100040910|F|0-51:A>G-51:A>G,100018802|F|0-14:G>A-14:G>A,31200593.0,40988293.0,0.0027684606819727764
100040910|F|0-51:A>G-51:A>G,100018271|F|0-48:A>G-48:A>G,31200593.0,41002080.0,0.0009726598937613602
100040910|F|0-51:A>G-51:A>G,100017658|F|0-34:T>G-34:T>G,31200593.0,41027371.0,0.00195699001582725
100040910|F|0-51:A>G-51:A>G,100017206|F|0-15:G>C-15:G>C,31200593.0,41065538.0,1.2378333200103757e-06
100040910|F|0-51:A>G-51:A>G,100040329|F|0-26:A>G-26:A>G,31200593.0,41159215.0,0.0008929702296484569
100040910|F|0-51:A>G-51:A>G,100035489|F|0-33:C>A-33:C>A,31200593.0,41159220.0,0.02513303192143453
100040910|F|0-51:A>G-51:A>G,100021166|F|0-38:T>C-38:T>C,31200593.0,41233248.0,0.002831439882320974
100040910|F|0-51:A>G-51:A>G,100020488|F|0-58:T>G-58:T>G,31200593.0,41740174.0,0.05370575617705429
100040910|F|0-51:A>G-51:A>G,100046856|F|0-65:C>A-65:C>A,31200593.0,41864679.0,0.0012579540246770078
100040910|F|0-51:A>G-51:A>G,100021425|F|0-50:G>C-50:G>C,31200593.0,42699263.0,0.011822419053238135
100040910|F|0-51:A>G-51:A>G,100032947|F|0-10:A>C-10:A>C,31200593.0,42744717.0,0.007836360803227747
100040910|F|0-51:A>G-51:A>G,100014347|F|0-68:T>C-68:T>C,31200593.0,42858969.0,0.004066898983254342
100040910|F|0-51:A>G-51:A>G,100016630|F|0-66:A>T-66:A>T,31200593.0,43750313.0,0.0005273234694769094
100040910|F|0-51:A>G-51:A>G,100015319|F|0-34:T>A-34:T>A,31200593.0,44449888.0,1.1708796880721878e-05
100040910|F|0-51:A>G-51:A>G,100018345|F|0-65:A>C-65:A>C,31200593.0,44788831.0,0.0015771748024543944
100040910|F|0-51:A>G-51:A>G,100017310|F|0-9:T>G-9:T>G,31200593.0,44906172.0,0.003067280477771532
100040910|F|0-51:A>G-51:A>G,100048863|F|0-39:A>G-39:A>G,31200593.0,44946182.0,0.0014532504809961053
100040910|F|0-51:A>G-51:A>G,100033264|F|0-61:C>T-61:C>T,31200593.0,44989593.0,0.02876385825844174
100040910|F|0-51:A>G-51:A>G,100020314|F|0-31:G>A-31:G>A,31200593.0,45007549.0,0.002320159163609072
100040910|F|0-51:A>G-51:A>G,100041823|F|0-64:C>T-64:C>T,31200593.0,45303483.0,0.0003767449787365119
100040910|F|0-51:A>G-51:A>G,100015397|F|0-30:G>C-30:G>C,31200593.0,45844613.0,0.014595460710144042
100040910|F|0-51:A>G-51:A>G,100029049|F|0-10:A>G-10:A>G,31200593.0,46654939.0,0.00022475565446096146
100040910|F|0-51:A>G-51:A>G,100030430|F|0-19:A>C-19:A>C,31200593.0,46846957.0,7.366914111690127e-05
100040910|F|0-51:A>G-51:A>G,100021654|F|0-23:G>T-23:G>T,31200593.0,46876617.0,0.0006928896370516636
100040910|F|0-51:A>G-51:A>G,100034493|F|0-32:C>T-32:C>T,31200593.0,46898850.0,3.65948704918936e-05
100040910|F|0-51:A>G-51:A>G,100019198|F|0-35:G>T-35:G>T,31200593.0,46921983.0,0.002075933161472762
100040910|F|0-51:A>G-51:A>G,100020755|F|0-11:C>A-11:C>A,31200593.0,46921988.0,3.3512855689828354e-05
100040910|F|0-51:A>G-51:A>G,100030713|F|0-35:T>A-35:T>A,31200593.0,46975334.0,0.0426433970575691
100040910|F|0-51:A>G-51:A>G,100035377|F|0-67:C>G-67:C>G,31200593.0,47016484.0,0.03878658570094256
100040910|F|0-51:A>G-51:A>G,100014882|F|0-19:A>G-19:A>G,31200593.0,47035718.0,0.008682761998538246
100040910|F|0-51:A>G-51:A>G,100016158|F|0-51:C>A-51:C>A,31200593.0,47150489.0,0.023252036819502123
100016298|F|0-19:G>A-19:G>A,100016431|F|0-28:C>T-28:C>T,31539538.0,32001840.0,0.02388434946574478
100016298|F|0-19:G>A-19:G>A,100020933|F|0-51:T>C-51:T>C,31539538.0,32243895.0,0.23962613577174643
100016298|F|0-19:G>A-19:G>A,100014677|F|0-27:A>C-27:A>C,31539538.0,32410962.0,0.0145353320836201
100016298|F|0-19:G>A-19:G>A,100017923|F|0-57:A>G-57:A>G,31539538.0,32459789.0,0.04559967621531693
100016298|F|0-19:G>A-19:G>A,100048091|F|0-43:A>T-43:A>T,31539538.0,32463417.0,0.04554018421849669
100016298|F|0-19:G>A-19:G>A,100020456|F|0-16:A>C-16:A>C,31539538.0,32467328.0,0.05139415433533072
100016298|F|0-19:G>A-19:G>A,100034584|F|0-9:T>C-9:T>C,31539538.0,32472994.0,0.057582297126023516
100016298|F|0-19:G>A-19:G>A,100033527|F|0-13:C>T-13:C>T,31539538.0,32475333.0,0.057582297126023516
100016298|F|0-19:G>A-19:G>A,100018446|F|0-67:T>A-67:T>A,31539538.0,33239334.0,0.028931076888677732
100016298|F|0-19:G>A-19:G>A,100013877|F|0-19:G>T-19:G>T,31539538.0,34079859.0,0.0028541472506989638
100016298|F|0-19:G>A-19:G>A,100035010|F|0-32:A>C-32:A>C,31539538.0,34165746.0,0.008219412654470749
100016298|F|0-19:G>A-19:G>A,100028703|F|0-9:T>G-9:T>G,31539538.0,34482430.0,0.060182635513761386
100016298|F|0-19:G>A-19:G>A,100014587|F|0-36:A>C-36:A>C,31539538.0,34723473.0,0.0005881781061637182
100016298|F|0-19:G>A-19:G>A,100040405|F|0-35:T>A-35:T>A,31539538.0,34724344.0,0.003539253539253542
100016298|F|0-19:G>A-19:G>A,100016549|F|0-30:A>G-30:A>G,31539538.0,34725485.0,0.00036036036036035695
100016298|F|0-19:G>A-19:G>A,100013542|F|0-30:C>G-30:C>G,31539538.0,34725490.0,0.00023425375538051746
100016298|F|0-19:G>A-19:G>A,100021285|F|0-67:T>C-67:T>C,31539538.0,34855449.0,0.0009624450031426785
100016298|F|0-19:G>A-19:G>A,100033734|F|0-65:A>G-65:A>G,31539538.0,35379386.0,0.006563621669162571
100016298|F|0-19:G>A-19:G>A,100021520|F|0-23:T>C-23:T>C,31539538.0,36065991.0,0.03300342596117242
100016298|F|0-19:G>A-19:G>A,100019045|F|0-23:G>C-23:G>C,31539538.0,36149336.0,5.9676948783917164e-05
100016298|F|0-19:G>A-19:G>A,100057957|F|0-57:C>A-57:C>A,31539538.0,36576268.0,0.008219412654470756
100016298|F|0-19:G>A-19:G>A,100014666|F|0-59:T>C-59:T>C,31539538.0,37090975.0,0.03265566451407163
100016298|F|0-19:G>A-19:G>A,100038773|F|0-28:C>G-28:C>G,31539538.0,37285877.0,0.0051847011244821484
100016298|F|0-19:G>A-19:G>A,100051037|F|0-43:C>T-43:C>T,31539538.0,37902767.0,0.007880504580610162
100016298|F|0-19:G>A-19:G>A,100020809|F|0-53:C>G-53:C>G,31539538.0,39838084.0,0.005971087366436212
100016298|F|0-19:G>A-19:G>A,100029380|F|0-39:A>C-39:A>C,31539538.0,40729560.0,1.6614975631368978e-05
100016298|F|0-19:G>A-19:G>A,100013950|F|0-50:T>C-50:T>C,31539538.0,40800799.0,0.05999000761324695
100016298|F|0-19:G>A-19:G>A,100015799|F|0-68:C>T-68:C>T,31539538.0,40825452.0,0.0012903697921748454
100016298|F|0-19:G>A-19:G>A,100043188|F|0-42:C>T-42:C>T,31539538.0,40979122.0,0.017590110963604893
100016298|F|0-19:G>A-19:G>A,100015076|F|0-33:T>C-33:T>C,31539538.0,40986668.0,0.018474170372904525
100016298|F|0-19:G>A-19:G>A,100018802|F|0-14:G>A-14:G>A,31539538.0,40988293.0,0.007238934949778306
100016298|F|0-19:G>A-19:G>A,100018271|F|0-48:A>G-48:A>G,31539538.0,41002080.0,0.0176864476684943
100016298|F|0-19:G>A-19:G>A,100017658|F|0-34:T>G-34:T>G,31539538.0,41027371.0,0.001163218554522897
100016298|F|0-19:G>A-19:G>A,100017206|F|0-15:G>C-15:G>C,31539538.0,41065538.0,0.04197699504558715
100016298|F|0-19:G>A-19:G>A,100040329|F|0-26:A>G-26:A>G,31539538.0,41159215.0,0.06610831353099392
100016298|F|0-19:G>A-19:G>A,100035489|F|0-33:C>A-33:C>A,31539538.0,41159220.0,1.5871323992528256e-07
100016298|F|0-19:G>A-19:G>A,100021166|F|0-38:T>C-38:T>C,31539538.0,41233248.0,0.025419495324708642
100016298|F|0-19:G>A-19:G>A,100020488|F|0-58:T>G-58:T>G,31539538.0,41740174.0,0.005103427449796163
100016298|F|0-19:G>A-19:G>A,100046856|F|0-65:C>A-65:C>A,31539538.0,41864679.0,0.000774660010328797
100016298|F|0-19:G>A-19:G>A,100021425|F|0-50:G>C-50:G>C,31539538.0,42699263.0,0.0026815262784650484
100016298|F|0-19:G>A-19:G>A,100032947|F|0-10:A>C-10:A>C,31539538.0,42744717.0,0.025283727621483412
100016298|F|0-19:G>A-19:G>A,100014347|F|0-68:T>C-68:T>C,31539538.0,42858969.0,0.01221346829454939
100016298|F|0-19:G>A-19:G>A,100016630|F|0-66:A>T-66:A>T,31539538.0,43750313.0,0.0009543108932821245
100016298|F|0-19:G>A-19:G>A,100015319|F|0-34:T>A-34:T>A,31539538.0,44449888.0,0.00014242741898728382
100016298|F|0-19:G>A-19:G>A,100018345|F|0-65:A>C-65:A>C,31539538.0,44788831.0,0.03858557607237641
100016298|F|0-19:G>A-19:G>A,100017310|F|0-9:T>G-9:T>G,31539538.0,44906172.0,0.00841825431989367
100016298|F|0-19:G>A-19:G>A,100048863|F|0-39:A>G-39:A>G,31539538.0,44946182.0,0.03677016828612569
100016298|F|0-19:G>A-19:G>A,100033264|F|0-61:C>T-61:C>T,31539538.0,44989593.0,0.0034988753614909585
100016298|F|0-19:G>A-19:G>A,100020314|F|0-31:G>A-31:G>A,31539538.0,45007549.0,0.0021642997421544154
100016298|F|0-19:G>A-19:G>A,100041823|F|0-64:C>T-64:C>T,31539538.0,45303483.0,0.005096351957338504
100016298|F|0-19:G>A-19:G>A,100015397|F|0-30:G>C-30:G>C,31539538.0,45844613.0,0.0007746600103288063
100016298|F|0-19:G>A-19:G>A,100029049|F|0-10:A>G-10:A>G,31539538.0,46654939.0,8.514058413251836e-05
100016298|F|0-19:G>A-19:G>A,100030430|F|0-19:A>C-19:A>C,31539538.0,46846957.0,0.012601709799985662
100016298|F|0-19:G>A-19:G>A,100021654|F|0-23:G>T-23:G>T,31539538.0,46876617.0,0.0015281636776963905
100016298|F|0-19:G>A-19:G>A,100034493|F|0-32:C>T-32:C>T,31539538.0,46898850.0,0.0010596269066743497
100016298|F|0-19:G>A-19:G>A,100019198|F|0-35:G>T-35:G>T,31539538.0,46921983.0,0.0005228900291598589
100016298|F|0-19:G>A-19:G>A,100020755|F|0-11:C>A-11:C>A,31539538.0,46921988.0,0.0009703852788959208
100016298|F|0-19:G>A-19:G>A,100030713|F|0-35:T>A-35:T>A,31539538.0,46975334.0,0.0003111024693758508
100016298|F|0-19:G>A-19:G>A,100035377|F|0-67:C>G-67:C>G,31539538.0,47016484.0,0.015322525915746276
100016298|F|0-19:G>A-19:G>A,100014882|F|0-19:A>G-19:A>G,31539538.0,47035718.0,8.621903153153234e-05
100016298|F|0-19:G>A-19:G>A,100016158|F|0-51:C>A-51:C>A,31539538.0,47150489.0,0.018875707102451282
100016431|F|0-28:C>T-28:C>T,100020933|F|0-51:T>C-51:T>C,32001840.0,32243895.0,0.00023654200488023604
100016431|F|0-28:C>T-28:C>T,100014677|F|0-27:A>C-27:A>C,32001840.0,32410962.0,0.015711456397901044
100016431|F|0-28:C>T-28:C>T,100017923|F|0-57:A>G-57:A>G,32001840.0,32459789.0,0.019850636536005894
100016431|F|0-28:C>T-28:C>T,100048091|F|0-43:A>T-43:A>T,32001840.0,32463417.0,0.01864144348545934
100016431|F|0-28:C>T-28:C>T,100020456|F|0-16:A>C-16:A>C,32001840.0,32467328.0,0.018056797853309523
100016431|F|0-28:C>T-28:C>T,100034584|F|0-9:T>C-9:T>C,32001840.0,32472994.0,0.010080466884782022
100016431|F|0-28:C>T-28:C>T,100033527|F|0-13:C>T-13:C>T,32001840.0,32475333.0,0.010080466884782022
100016431|F|0-28:C>T-28:C>T,100018446|F|0-67:T>A-67:T>A,32001840.0,33239334.0,0.009253024217791766
100016431|F|0-28:C>T-28:C>T,100013877|F|0-19:G>T-19:G>T,32001840.0,34079859.0,0.01528947251180607
100016431|F|0-28:C>T-28:C>T,100035010|F|0-32:A>C-32:A>C,32001840.0,34165746.0,0.009448441835907788
100016431|F|0-28:C>T-28:C>T,100028703|F|0-9:T>G-9:T>G,32001840.0,34482430.0,0.0005064625810043952
100016431|F|0-28:C>T-28:C>T,100014587|F|0-36:A>C-36:A>C,32001840.0,34723473.0,7.52316384526264e-35
100016431|F|0-28:C>T-28:C>T,100040405|F|0-35:T>A-35:T>A,32001840.0,34724344.0,0.00382563173260849
100016431|F|0-28:C>T-28:C>T,100016549|F|0-30:A>G-30:A>G,32001840.0,34725485.0,0.004602713178294582
100016431|F|0-28:C>T-28:C>T,100013542|F|0-30:C>G-30:C>G,32001840.0,34725490.0,0.16384262642041858
100016431|F|0-28:C>T-28:C>T,100021285|F|0-67:T>C-67:T>C,32001840.0,34855449.0,0.0006422390481341245
100016431|F|0-28:C>T-28:C>T,100033734|F|0-65:A>G-65:A>G,32001840.0,35379386.0,0.0015544783293448688
100016431|F|0-28:C>T-28:C>T,100021520|F|0-23:T>C-23:T>C,32001840.0,36065991.0,0.023337700622338666
100016431|F|0-28:C>T-28:C>T,100019045|F|0-23:G>C-23:G>C,32001840.0,36149336.0,0.028673231850651616
100016431|F|0-28:C>T-28:C>T,100057957|F|0-57:C>A-57:C>A,32001840.0,36576268.0,0.00011664743007293696
100016431|F|0-28:C>T-28:C>T,100014666|F|0-59:T>C-59:T>C,32001840.0,37090975.0,0.014663511010496007
100016431|F|0-28:C>T-28:C>T,100038773|F|0-28:C>G-28:C>G,32001840.0,37285877.0,0.07665029281955504
100016431|F|0-28:C>T-28:C>T,100051037|F|0-43:C>T-43:C>T,32001840.0,37902767.0,0.02286289629429542
100016431|F|0-28:C>T-28:C>T,100020809|F|0-53:C>G-53:C>G,32001840.0,39838084.0,0.00013520822065981634
100016431|F|0-28:C>T-28:C>T,100029380|F|0-39:A>C-39:A>C,32001840.0,40729560.0,0.0543271063667556
100016431|F|0-28:C>T-28:C>T,100013950|F|0-50:T>C-50:T>C,32001840.0,40800799.0,0.015688120973905435
100016431|F|0-28:C>T-28:C>T,100015799|F|0-68:C>T-68:C>T,32001840.0,40825452.0,0.001993955167492231
100016431|F|0-28:C>T-28:C>T,100043188|F|0-42:C>T-42:C>T,32001840.0,40979122.0,0.0025082440675043647
100016431|F|0-28:C>T-28:C>T,100015076|F|0-33:T>C-33:T>C,32001840.0,40986668.0,0.0033144713745243606
100016431|F|0-28:C>T-28:C>T,100018802|F|0-14:G>A-14:G>A,32001840.0,40988293.0,0.00020475461775545904
100016431|F|0-28:C>T-28:C>T,100018271|F|0-48:A>G-48:A>G,32001840.0,41002080.0,0.0004462235397269425
100016431|F|0-28:C>T-28:C>T,100017658|F|0-34:T>G-34:T>G,32001840.0,41027371.0,0.00392958911664675
100016431|F|0-28:C>T-28:C>T,100017206|F|0-15:G>C-15:G>C,32001840.0,41065538.0,0.002171195626824883
100016431|F|0-28:C>T-28:C>T,100040329|F|0-26:A>G-26:A>G,32001840.0,41159215.0,0.0012947074503056337
100016431|F|0-28:C>T-28:C>T,100035489|F|0-33:C>A-33:C>A,32001840.0,41159220.0,0.009784321567181994
100016431|F|0-28:C>T-28:C>T,100021166|F|0-38:T>C-38:T>C,32001840.0,41233248.0,0.005235313567728425
100016431|F|0-28:C>T-28:C>T,100020488|F|0-58:T>G-58:T>G,32001840.0,41740174.0,0.0015428088865791776
100016431|F|0-28:C>T-28:C>T,100046856|F|0-65:C>A-65:C>A,32001840.0,41864679.0,0.0007035994667456719
100016431|F|0-28:C>T-28:C>T,100021425|F|0-50:G>C-50:G>C,32001840.0,42699263.0,0.009742185910909196
100016431|F|0-28:C>T-28:C>T,100032947|F|0-10:A>C-10:A>C,32001840.0,42744717.0,4.182031761137306e-05
100016431|F|0-28:C>T-28:C>T,100014347|F|0-68:T>C-68:T>C,32001840.0,42858969.0,0.00014216874681990865
100016431|F|0-28:C>T-28:C>T,100016630|F|0-66:A>T-66:A>T,32001840.0,43750313.0,0.0015409257719835384
100016431|F|0-28:C>T-28:C>T,100015319|F|0-34:T>A-34:T>A,32001840.0,44449888.0,0.009127808933683677
100016431|F|0-28:C>T-28:C>T,100018345|F|0-65:A>C-65:A>C,32001840.0,44788831.0,0.0041993074826256515
100016431|F|0-28:C>T-28:C>T,100017310|F|0-9:T>G-9:T>G,32001840.0,44906172.0,0.0023351124666412502
100016431|F|0-28:C>T-28:C>T,100048863|F|0-39:A>G-39:A>G,32001840.0,44946182.0,0.00399781989960119
100016431|F|0-28:C>T-28:C>T,100033264|F|0-61:C>T-61:C>T,32001840.0,44989593.0,0.011819913366716847
100016431|F|0-28:C>T-28:C>T,100020314|F|0-31:G>A-31:G>A,32001840.0,45007549.0,0.0034946947315177834
100016431|F|0-28:C>T-28:C>T,100041823|F|0-64:C>T-64:C>T,32001840.0,45303483.0,0.004953592658254254
100016431|F|0-28:C>T-28:C>T,100015397|F|0-30:G>C-30:G>C,32001840.0,45844613.0,0.0015830988001777528
100016431|F|0-28:C>T-28:C>T,100029049|F|0-10:A>G-10:A>G,32001840.0,46654939.0,0.0017816954238559649
100016431|F|0-28:C>T-28:C>T,100030430|F|0-19:A>C-19:A>C,32001840.0,46846957.0,0.021170038862500754
100016431|F|0-28:C>T-28:C>T,100021654|F|0-23:G>T-23:G>T,32001840.0,46876617.0,3.009265538105056e-36
100016431|F|0-28:C>T-28:C>T,100034493|F|0-32:C>T-32:C>T,32001840.0,46898850.0,0.00042774488394606145
100016431|F|0-28:C>T-28:C>T,100019198|F|0-35:G>T-35:G>T,32001840.0,46921983.0,0.003180233837176419
100016431|F|0-28:C>T-28:C>T,100020755|F|0-11:C>A-11:C>A,32001840.0,46921988.0,0.006267524327890495
100016431|F|0-28:C>T-28:C>T,100030713|F|0-35:T>A-35:T>A,32001840.0,46975334.0,0.003973565333779493
100016431|F|0-28:C>T-28:C>T,100035377|F|0-67:C>G-67:C>G,32001840.0,47016484.0,0.009985547234266194
100016431|F|0-28:C>T-28:C>T,100014882|F|0-19:A>G-19:A>G,32001840.0,47035718.0,1.2037062152420224e-33
100016431|F|0-28:C>T-28:C>T,100016158|F|0-51:C>A-51:C>A,32001840.0,47150489.0,0.007867428339643046
100020933|F|0-51:T>C-51:T>C,100014677|F|0-27:A>C-27:A>C,32243895.0,32410962.0,0.0034977524519987143
100020933|F|0-51:T>C-51:T>C,100017923|F|0-57:A>G-57:A>G,32243895.0,32459789.0,0.017894946086762353
100020933|F|0-51:T>C-51:T>C,100048091|F|0-43:A>T-43:A>T,32243895.0,32463417.0,0.007266768910237842
100020933|F|0-51:T>C-51:T>C,100020456|F|0-16:A>C-16:A>C,32243895.0,32467328.0,0.019228346914453544
100020933|F|0-51:T>C-51:T>C,100034584|F|0-9:T>C-9:T>C,32243895.0,32472994.0,0.01418739805624983
100020933|F|0-51:T>C-51:T>C,100033527|F|0-13:C>T-13:C>T,32243895.0,32475333.0,0.01418739805624983
100020933|F|0-51:T>C-51:T>C,100018446|F|0-67:T>A-67:T>A,32243895.0,33239334.0,0.1004652460533803
100020933|F|0-51:T>C-51:T>C,100013877|F|0-19:G>T-19:G>T,32243895.0,34079859.0,0.024957542641955252
100020933|F|0-51:T>C-51:T>C,100035010|F|0-32:A>C-32:A>C,32243895.0,34165746.0,0.1321496769919208
100020933|F|0-51:T>C-51:T>C,100028703|F|0-9:T>G-9:T>G,32243895.0,34482430.0,0.05291693165096054
100020933|F|0-51:T>C-51:T>C,100014587|F|0-36:A>C-36:A>C,32243895.0,34723473.0,0.00012035339608398976
100020933|F|0-51:T>C-51:T>C,100040405|F|0-35:T>A-35:T>A,32243895.0,34724344.0,4.171417447648777e-05
100020933|F|0-51:T>C-51:T>C,100016549|F|0-30:A>G-30:A>G,32243895.0,34725485.0,0.00013940935046395468
100020933|F|0-51:T>C-51:T>C,100013542|F|0-30:C>G-30:C>G,32243895.0,34725490.0,0.01569470769601965
100020933|F|0-51:T>C-51:T>C,100021285|F|0-67:T>C-67:T>C,32243895.0,34855449.0,0.07622955156615678
100020933|F|0-51:T>C-51:T>C,100033734|F|0-65:A>G-65:A>G,32243895.0,35379386.0,0.08950259803118367
100020933|F|0-51:T>C-51:T>C,100021520|F|0-23:T>C-23:T>C,32243895.0,36065991.0,0.010935976314704778
100020933|F|0-51:T>C-51:T>C,100019045|F|0-23:G>C-23:G>C,32243895.0,36149336.0,0.010718195821153974
100020933|F|0-51:T>C-51:T>C,100057957|F|0-57:C>A-57:C>A,32243895.0,36576268.0,0.010150390390933586
100020933|F|0-51:T>C-51:T>C,100014666|F|0-59:T>C-59:T>C,32243895.0,37090975.0,0.06829034886585435
100020933|F|0-51:T>C-51:T>C,100038773|F|0-28:C>G-28:C>G,32243895.0,37285877.0,0.0013373528814142133
100020933|F|0-51:T>C-51:T>C,100051037|F|0-43:C>T-43:C>T,32243895.0,37902767.0,0.006055553545627018
100020933|F|0-51:T>C-51:T>C,100020809|F|0-53:C>G-53:C>G,32243895.0,39838084.0,0.0005322195109805292
100020933|F|0-51:T>C-51:T>C,100029380|F|0-39:A>C-39:A>C,32243895.0,40729560.0,0.013209607306256638
100020933|F|0-51:T>C-51:T>C,100013950|F|0-50:T>C-50:T>C,32243895.0,40800799.0,0.09025306370701001
100020933|F|0-51:T>C-51:T>C,100015799|F|0-68:C>T-68:C>T,32243895.0,40825452.0,0.07654086688981822
100020933|F|0-51:T>C-51:T>C,100043188|F|0-42:C>T-42:C>T,32243895.0,40979122.0,0.08693909222791338
100020933|F|0-51:T>C-51:T>C,100015076|F|0-33:T>C-33:T>C,32243895.0,40986668.0,0.07814490553763569
100020933|F|0-51:T>C-51:T>C,100018802|F|0-14:G>A-14:G>A,32243895.0,40988293.0,0.07354742227020412
100020933|F|0-51:T>C-51:T>C,100018271|F|0-48:A>G-48:A>G,32243895.0,41002080.0,0.088091952625529
100020933|F|0-51:T>C-51:T>C,100017658|F|0-34:T>G-34:T>G,32243895.0,41027371.0,0.09213163193239483
100020933|F|0-51:T>C-51:T>C,100017206|F|0-15:G>C-15:G>C,32243895.0,41065538.0,0.09510360272145288
100020933|F|0-51:T>C-51:T>C,100040329|F|0-26:A>G-26:A>G,32243895.0,41159215.0,0.07342481397165267
100020933|F|0-51:T>C-51:T>C,100035489|F|0-33:C>A-33:C>A,32243895.0,41159220.0,0.00667025526847947
100020933|F|0-51:T>C-51:T>C,100021166|F|0-38:T>C-38:T>C,32243895.0,41233248.0,0.014919839755624784
100020933|F|0-51:T>C-51:T>C,100020488|F|0-58:T>G-58:T>G,32243895.0,41740174.0,0.0009887939181510445
100020933|F|0-51:T>C-51:T>C,100046856|F|0-65:C>A-65:C>A,32243895.0,41864679.0,0.00017922537132257626
100020933|F|0-51:T>C-51:T>C,100021425|F|0-50:G>C-50:G>C,32243895.0,42699263.0,0.008955591643203623
100020933|F|0-51:T>C-51:T>C,100032947|F|0-10:A>C-10:A>C,32243895.0,42744717.0,0.005926216613635492
100020933|F|0-51:T>C-51:T>C,100014347|F|0-68:T>C-68:T>C,32243895.0,42858969.0,0.006415887438371383
100020933|F|0-51:T>C-51:T>C,100016630|F|0-66:A>T-66:A>T,32243895.0,43750313.0,0.014870862262414375
100020933|F|0-51:T>C-51:T>C,100015319|F|0-34:T>A-34:T>A,32243895.0,44449888.0,0.0007077575280485012
100020933|F|0-51:T>C-51:T>C,100018345|F|0-65:A>C-65:A>C,32243895.0,44788831.0,0.02019280993286595
100020933|F|0-51:T>C-51:T>C,100017310|F|0-9:T>G-9:T>G,32243895.0,44906172.0,2.084284059395469e-05
100020933|F|0-51:T>C-51:T>C,100048863|F|0-39:A>G-39:A>G,32243895.0,44946182.0,0.019146341772087835
100020933|F|0-51:T>C-51:T>C,100033264|F|0-61:C>T-61:C>T,32243895.0,44989593.0,0.039553920722790015
100020933|F|0-51:T>C-51:T>C,100020314|F|0-31:G>A-31:G>A,32243895.0,45007549.0,0.0026727563427436755
100020933|F|0-51:T>C-51:T>C,100041823|F|0-64:C>T-64:C>T,32243895.0,45303483.0,0.0007261789304884634
100020933|F|0-51:T>C-51:T>C,100015397|F|0-30:G>C-30:G>C,32243895.0,45844613.0,0.00017922537132257626
100020933|F|0-51:T>C-51:T>C,100029049|F|0-10:A>G-10:A>G,32243895.0,46654939.0,0.015872294199419757
100020933|F|0-51:T>C-51:T>C,100030430|F|0-19:A>C-19:A>C,32243895.0,46846957.0,0.03237693046081146
100020933|F|0-51:T>C-51:T>C,100021654|F|0-23:G>T-23:G>T,32243895.0,46876617.0,0.0024515199423642588
100020933|F|0-51:T>C-51:T>C,100034493|F|0-32:C>T-32:C>T,32243895.0,46898850.0,0.0012697938065259651
100020933|F|0-51:T>C-51:T>C,100019198|F|0-35:G>T-35:G>T,32243895.0,46921983.0,0.005658406425315367
100020933|F|0-51:T>C-51:T>C,100020755|F|0-11:C>A-11:C>A,32243895.0,46921988.0,0.0011628519522529476
100020933|F|0-51:T>C-51:T>C,100030713|F|0-35:T>A-35:T>A,32243895.0,46975334.0,0.024268058786375675
100020933|F|0-51:T>C-51:T>C,100035377|F|0-67:C>G-67:C>G,32243895.0,47016484.0,0.045881355260098046
100020933|F|0-51:T>C-51:T>C,100014882|F|0-19:A>G-19:A>G,32243895.0,47035718.0,6.97046752319768e-06
100020933|F|0-51:T>C-51:T>C,100016158|F|0-51:C>A-51:C>A,32243895.0,47150489.0,0.05139264105373233
100014677|F|0-27:A>C-27:A>C,100017923|F|0-57:A>G-57:A>G,32410962.0,32459789.0,0.1295690116511498
100014677|F|0-27:A>C-27:A>C,100048091|F|0-43:A>T-43:A>T,32410962.0,32463417.0,0.15273266746264014
100014677|F|0-27:A>C-27:A>C,100020456|F|0-16:A>C-16:A>C,32410962.0,32467328.0,0.16715569990743673
100014677|F|0-27:A>C-27:A>C,100034584|F|0-9:T>C-9:T>C,32410962.0,32472994.0,0.16622573778390579
100014677|F|0-27:A>C-27:A>C,100033527|F|0-13:C>T-13:C>T,32410962.0,32475333.0,0.16622573778390579
100014677|F|0-27:A>C-27:A>C,100018446|F|0-67:T>A-67:T>A,32410962.0,33239334.0,0.09131554194475623
100014677|F|0-27:A>C-27:A>C,100013877|F|0-19:G>T-19:G>T,32410962.0,34079859.0,0.0005151410795918975
100014677|F|0-27:A>C-27:A>C,100035010|F|0-32:A>C-32:A>C,32410962.0,34165746.0,0.021228721910047276
100014677|F|0-27:A>C-27:A>C,100028703|F|0-9:T>G-9:T>G,32410962.0,34482430.0,0.007407450476483963
100014677|F|0-27:A>C-27:A>C,100014587|F|0-36:A>C-36:A>C,32410962.0,34723473.0,0.00014211633327227593
100014677|F|0-27:A>C-27:A>C,100040405|F|0-35:T>A-35:T>A,32410962.0,34724344.0,0.003251741673602954
100014677|F|0-27:A>C-27:A>C,100016549|F|0-30:A>G-30:A>G,32410962.0,34725485.0,0.011893656716417917
100014677|F|0-27:A>C-27:A>C,100013542|F|0-30:C>G-30:C>G,32410962.0,34725490.0,0.013264091878888646
100014677|F|0-27:A>C-27:A>C,100021285|F|0-67:T>C-67:T>C,32410962.0,34855449.0,0.026035179778263286
100014677|F|0-27:A>C-27:A>C,100033734|F|0-65:A>G-65:A>G,32410962.0,35379386.0,0.001973776160328265
100014677|F|0-27:A>C-27:A>C,100021520|F|0-23:T>C-23:T>C,32410962.0,36065991.0,0.06760934350616424
100014677|F|0-27:A>C-27:A>C,100019045|F|0-23:G>C-23:G>C,32410962.0,36149336.0,0.014898879153846882
100014677|F|0-27:A>C-27:A>C,100057957|F|0-57:C>A-57:C>A,32410962.0,36576268.0,0.002336754021061843
100014677|F|0-27:A>C-27:A>C,100014666|F|0-59:T>C-59:T>C,32410962.0,37090975.0,0.0006474654318205987
100014677|F|0-27:A>C-27:A>C,100038773|F|0-28:C>G-28:C>G,32410962.0,37285877.0,0.002166069609018023
100014677|F|0-27:A>C-27:A>C,100051037|F|0-43:C>T-43:C>T,32410962.0,37902767.0,0.00026700462529887436
100014677|F|0-27:A>C-27:A>C,100020809|F|0-53:C>G-53:C>G,32410962.0,39838084.0,0.0023761153194356514
100014677|F|0-27:A>C-27:A>C,100029380|F|0-39:A>C-39:A>C,32410962.0,40729560.0,0.0699491932814231
100014677|F|0-27:A>C-27:A>C,100013950|F|0-50:T>C-50:T>C,32410962.0,40800799.0,0.052266757554398496
100014677|F|0-27:A>C-27:A>C,100015799|F|0-68:C>T-68:C>T,32410962.0,40825452.0,0.11793865668472245
100014677|F|0-27:A>C-27:A>C,100043188|F|0-42:C>T-42:C>T,32410962.0,40979122.0,0.005673195924102979
100014677|F|0-27:A>C-27:A>C,100015076|F|0-33:T>C-33:T>C,32410962.0,40986668.0,0.005808633674516476
100014677|F|0-27:A>C-27:A>C,100018802|F|0-14:G>A-14:G>A,32410962.0,40988293.0,0.0056731959241029745
100014677|F|0-27:A>C-27:A>C,100018271|F|0-48:A>G-48:A>G,32410962.0,41002080.0,0.013628328418105903
100014677|F|0-27:A>C-27:A>C,100017658|F|0-34:T>G-34:T>G,32410962.0,41027371.0,0.0009718515845171532
100014677|F|0-27:A>C-27:A>C,100017206|F|0-15:G>C-15:G>C,32410962.0,41065538.0,0.01865632022516427
100014677|F|0-27:A>C-27:A>C,100040329|F|0-26:A>G-26:A>G,32410962.0,41159215.0,0.0006614850668913289
100014677|F|0-27:A>C-27:A>C,100035489|F|0-33:C>A-33:C>A,32410962.0,41159220.0,0.0017046171230563614
100014677|F|0-27:A>C-27:A>C,100021166|F|0-38:T>C-38:T>C,32410962.0,41233248.0,0.002995893129834524
100014677|F|0-27:A>C-27:A>C,100020488|F|0-58:T>G-58:T>G,32410962.0,41740174.0,0.004806725491831022
100014677|F|0-27:A>C-27:A>C,100046856|F|0-65:C>A-65:C>A,32410962.0,41864679.0,0.0008320028743506149
100014677|F|0-27:A>C-27:A>C,100021425|F|0-50:G>C-50:G>C,32410962.0,42699263.0,0.023066449394256682
100014677|F|0-27:A>C-27:A>C,100032947|F|0-10:A>C-10:A>C,32410962.0,42744717.0,0.01568038142557857
100014677|F|0-27:A>C-27:A>C,100014347|F|0-68:T>C-68:T>C,32410962.0,42858969.0,0.008340225965335686
100014677|F|0-27:A>C-27:A>C,100016630|F|0-66:A>T-66:A>T,32410962.0,43750313.0,0.00992052405289821
100014677|F|0-27:A>C-27:A>C,100015319|F|0-34:T>A-34:T>A,32410962.0,44449888.0,0.005099736907171315
100014677|F|0-27:A>C-27:A>C,100018345|F|0-65:A>C-65:A>C,32410962.0,44788831.0,0.09851404509226004
100014677|F|0-27:A>C-27:A>C,100017310|F|0-9:T>G-9:T>G,32410962.0,44906172.0,0.07000676463391815
100014677|F|0-27:A>C-27:A>C,100048863|F|0-39:A>G-39:A>G,32410962.0,44946182.0,0.10160806135076679
100014677|F|0-27:A>C-27:A>C,100033264|F|0-61:C>T-61:C>T,32410962.0,44989593.0,0.00011365969128636005
100014677|F|0-27:A>C-27:A>C,100020314|F|0-31:G>A-31:G>A,32410962.0,45007549.0,0.00938808617492341
100014677|F|0-27:A>C-27:A>C,100041823|F|0-64:C>T-64:C>T,32410962.0,45303483.0,0.061733012594636996
100014677|F|0-27:A>C-27:A>C,100015397|F|0-30:G>C-30:G>C,32410962.0,45844613.0,0.004700178388686011
100014677|F|0-27:A>C-27:A>C,100029049|F|0-10:A>G-10:A>G,32410962.0,46654939.0,0.0002045556727746462
100014677|F|0-27:A>C-27:A>C,100030430|F|0-19:A>C-19:A>C,32410962.0,46846957.0,0.0006706986211088427
100014677|F|0-27:A>C-27:A>C,100021654|F|0-23:G>T-23:G>T,32410962.0,46876617.0,0.0122078926423408
100014677|F|0-27:A>C-27:A>C,100034493|F|0-32:C>T-32:C>T,32410962.0,46898850.0,0.0024223665568292
100014677|F|0-27:A>C-27:A>C,100019198|F|0-35:G>T-35:G>T,32410962.0,46921983.0,0.0017460999014923143
100014677|F|0-27:A>C-27:A>C,100020755|F|0-11:C>A-11:C>A,32410962.0,46921988.0,0.011313212566703399
100014677|F|0-27:A>C-27:A>C,100030713|F|0-35:T>A-35:T>A,32410962.0,46975334.0,0.0040424201464113905
100014677|F|0-27:A>C-27:A>C,100035377|F|0-67:C>G-67:C>G,32410962.0,47016484.0,0.04074020338101228
100014677|F|0-27:A>C-27:A>C,100014882|F|0-19:A>G-19:A>G,32410962.0,47035718.0,0.006414675245098021
100014677|F|0-27:A>C-27:A>C,100016158|F|0-51:C>A-51:C>A,32410962.0,47150489.0,0.007305087081691398
100017923|F|0-57:A>G-57:A>G,100048091|F|0-43:A>T-43:A>T,32459789.0,32463417.0,0.818242210393501
100017923|F|0-57:A>G-57:A>G,100020456|F|0-16:A>C-16:A>C,32459789.0,32467328.0,0.8509601267871784
100017923|F|0-57:A>G-57:A>G,100034584|F|0-9:T>C-9:T>C,32459789.0,32472994.0,0.8466047644856121
100017923|F|0-57:A>G-57:A>G,100033527|F|0-13:C>T-13:C>T,32459789.0,32475333.0,0.8466047644856121
100017923|F|0-57:A>G-57:A>G,100018446|F|0-67:T>A-67:T>A,32459789.0,33239334.0,0.08791061777423695
100017923|F|0-57:A>G-57:A>G,100013877|F|0-19:G>T-19:G>T,32459789.0,34079859.0,0.011381892248551262
100017923|F|0-57:A>G-57:A>G,100035010|F|0-32:A>C-32:A>C,32459789.0,34165746.0,0.00011479166776480148
100017923|F|0-57:A>G-57:A>G,100028703|F|0-9:T>G-9:T>G,32459789.0,34482430.0,0.04531990747294157
100017923|F|0-57:A>G-57:A>G,100014587|F|0-36:A>C-36:A>C,32459789.0,34723473.0,0.03950749550110332
100017923|F|0-57:A>G-57:A>G,100040405|F|0-35:T>A-35:T>A,32459789.0,34724344.0,0.010495074346987807
100017923|F|0-57:A>G-57:A>G,100016549|F|0-30:A>G-30:A>G,32459789.0,34725485.0,0.04576284895544458
100017923|F|0-57:A>G-57:A>G,100013542|F|0-30:C>G-30:C>G,32459789.0,34725490.0,0.020454803568627947
100017923|F|0-57:A>G-57:A>G,100021285|F|0-67:T>C-67:T>C,32459789.0,34855449.0,0.006242825265384588
100017923|F|0-57:A>G-57:A>G,100033734|F|0-65:A>G-65:A>G,32459789.0,35379386.0,0.0018449901000531202
100017923|F|0-57:A>G-57:A>G,100021520|F|0-23:T>C-23:T>C,32459789.0,36065991.0,0.08542101192847594
100017923|F|0-57:A>G-57:A>G,100019045|F|0-23:G>C-23:G>C,32459789.0,36149336.0,0.01496531241954715
100017923|F|0-57:A>G-57:A>G,100057957|F|0-57:C>A-57:C>A,32459789.0,36576268.0,0.0022151570683847906
100017923|F|0-57:A>G-57:A>G,100014666|F|0-59:T>C-59:T>C,32459789.0,37090975.0,0.01807050523791059
100017923|F|0-57:A>G-57:A>G,100038773|F|0-28:C>G-28:C>G,32459789.0,37285877.0,0.001480766544809744
100017923|F|0-57:A>G-57:A>G,100051037|F|0-43:C>T-43:C>T,32459789.0,37902767.0,0.0096707587553538
100017923|F|0-57:A>G-57:A>G,100020809|F|0-53:C>G-53:C>G,32459789.0,39838084.0,0.08847012085800139
100017923|F|0-57:A>G-57:A>G,100029380|F|0-39:A>C-39:A>C,32459789.0,40729560.0,0.04788808270369049
100017923|F|0-57:A>G-57:A>G,100013950|F|0-50:T>C-50:T>C,32459789.0,40800799.0,0.10624962568905731
100017923|F|0-57:A>G-57:A>G,100015799|F|0-68:C>T-68:C>T,32459789.0,40825452.0,0.14900957289395336
100017923|F|0-57:A>G-57:A>G,100043188|F|0-42:C>T-42:C>T,32459789.0,40979122.0,0.0020587276791795405
100017923|F|0-57:A>G-57:A>G,100015076|F|0-33:T>C-33:T>C,32459789.0,40986668.0,0.0006631261800213648
100017923|F|0-57:A>G-57:A>G,100018802|F|0-14:G>A-14:G>A,32459789.0,40988293.0,7.7746028270253e-06
100017923|F|0-57:A>G-57:A>G,100018271|F|0-48:A>G-48:A>G,32459789.0,41002080.0,2.2404311186919787e-06
100017923|F|0-57:A>G-57:A>G,100017658|F|0-34:T>G-34:T>G,32459789.0,41027371.0,0.0002733574136308719
100017923|F|0-57:A>G-57:A>G,100017206|F|0-15:G>C-15:G>C,32459789.0,41065538.0,0.0015326330252716412
100017923|F|0-57:A>G-57:A>G,100040329|F|0-26:A>G-26:A>G,32459789.0,41159215.0,0.004620756621288386
100017923|F|0-57:A>G-57:A>G,100035489|F|0-33:C>A-33:C>A,32459789.0,41159220.0,0.00026056083759228325
100017923|F|0-57:A>G-57:A>G,100021166|F|0-38:T>C-38:T>C,32459789.0,41233248.0,0.01811258487039769
100017923|F|0-57:A>G-57:A>G,100020488|F|0-58:T>G-58:T>G,32459789.0,41740174.0,0.0006274458769834252
100017923|F|0-57:A>G-57:A>G,100046856|F|0-65:C>A-65:C>A,32459789.0,41864679.0,0.026892767185617762
100017923|F|0-57:A>G-57:A>G,100021425|F|0-50:G>C-50:G>C,32459789.0,42699263.0,0.0002732730838948364
100017923|F|0-57:A>G-57:A>G,100032947|F|0-10:A>C-10:A>C,32459789.0,42744717.0,7.580077534884357e-05
100017923|F|0-57:A>G-57:A>G,100014347|F|0-68:T>C-68:T>C,32459789.0,42858969.0,0.004976868953574456
100017923|F|0-57:A>G-57:A>G,100016630|F|0-66:A>T-66:A>T,32459789.0,43750313.0,0.05639261987552475
100017923|F|0-57:A>G-57:A>G,100015319|F|0-34:T>A-34:T>A,32459789.0,44449888.0,0.0362979444976005
100017923|F|0-57:A>G-57:A>G,100018345|F|0-65:A>C-65:A>C,32459789.0,44788831.0,0.11939050895462909
100017923|F|0-57:A>G-57:A>G,100017310|F|0-9:T>G-9:T>G,32459789.0,44906172.0,0.12472836711128084
100017923|F|0-57:A>G-57:A>G,100048863|F|0-39:A>G-39:A>G,32459789.0,44946182.0,0.12397866899008583
100017923|F|0-57:A>G-57:A>G,100033264|F|0-61:C>T-61:C>T,32459789.0,44989593.0,0.020189453801861063
100017923|F|0-57:A>G-57:A>G,100020314|F|0-31:G>A-31:G>A,32459789.0,45007549.0,0.00037532875536434006
100017923|F|0-57:A>G-57:A>G,100041823|F|0-64:C>T-64:C>T,32459789.0,45303483.0,0.09178928243659663
100017923|F|0-57:A>G-57:A>G,100015397|F|0-30:G>C-30:G>C,32459789.0,45844613.0,0.03729651748147992
100017923|F|0-57:A>G-57:A>G,100029049|F|0-10:A>G-10:A>G,32459789.0,46654939.0,0.023841452641654617
100017923|F|0-57:A>G-57:A>G,100030430|F|0-19:A>C-19:A>C,32459789.0,46846957.0,0.016142507109430052
100017923|F|0-57:A>G-57:A>G,100021654|F|0-23:G>T-23:G>T,32459789.0,46876617.0,0.015424059589158158
100017923|F|0-57:A>G-57:A>G,100034493|F|0-32:C>T-32:C>T,32459789.0,46898850.0,0.01928068149298338
100017923|F|0-57:A>G-57:A>G,100019198|F|0-35:G>T-35:G>T,32459789.0,46921983.0,0.004828684961459683
100017923|F|0-57:A>G-57:A>G,100020755|F|0-11:C>A-11:C>A,32459789.0,46921988.0,0.004390953021559803
100017923|F|0-57:A>G-57:A>G,100030713|F|0-35:T>A-35:T>A,32459789.0,46975334.0,0.009656168575954555
100017923|F|0-57:A>G-57:A>G,100035377|F|0-67:C>G-67:C>G,32459789.0,47016484.0,0.022110042584393242
100017923|F|0-57:A>G-57:A>G,100014882|F|0-19:A>G-19:A>G,32459789.0,47035718.0,0.036404892309114395
100017923|F|0-57:A>G-57:A>G,100016158|F|0-51:C>A-51:C>A,32459789.0,47150489.0,0.001322287466625399
100048091|F|0-43:A>T-43:A>T,100020456|F|0-16:A>C-16:A>C,32463417.0,32467328.0,0.8659684958106736
100048091|F|0-43:A>T-43:A>T,100034584|F|0-9:T>C-9:T>C,32463417.0,32472994.0,0.9702359319349051
100048091|F|0-43:A>T-43:A>T,100033527|F|0-13:C>T-13:C>T,32463417.0,32475333.0,0.9702359319349051
100048091|F|0-43:A>T-43:A>T,100018446|F|0-67:T>A-67:T>A,32463417.0,33239334.0,0.07333910953352525
100048091|F|0-43:A>T-43:A>T,100013877|F|0-19:G>T-19:G>T,32463417.0,34079859.0,0.013138453844929825
100048091|F|0-43:A>T-43:A>T,100035010|F|0-32:A>C-32:A>C,32463417.0,34165746.0,0.003709455456950759
100048091|F|0-43:A>T-43:A>T,100028703|F|0-9:T>G-9:T>G,32463417.0,34482430.0,0.039048367105223816
100048091|F|0-43:A>T-43:A>T,100014587|F|0-36:A>C-36:A>C,32463417.0,34723473.0,0.022058160986043084
100048091|F|0-43:A>T-43:A>T,100040405|F|0-35:T>A-35:T>A,32463417.0,34724344.0,0.008459679191386484
100048091|F|0-43:A>T-43:A>T,100016549|F|0-30:A>G-30:A>G,32463417.0,34725485.0,0.025550703142166654
100048091|F|0-43:A>T-43:A>T,100013542|F|0-30:C>G-30:C>G,32463417.0,34725490.0,0.021005884197227362
100048091|F|0-43:A>T-43:A>T,100021285|F|0-67:T>C-67:T>C,32463417.0,34855449.0,0.010765586914197193
100048091|F|0-43:A>T-43:A>T,100033734|F|0-65:A>G-65:A>G,32463417.0,35379386.0,0.00037699389330768856
100048091|F|0-43:A>T-43:A>T,100021520|F|0-23:T>C-23:T>C,32463417.0,36065991.0,0.0747436718752417
100048091|F|0-43:A>T-43:A>T,100019045|F|0-23:G>C-23:G>C,32463417.0,36149336.0,0.013132891023099032
100048091|F|0-43:A>T-43:A>T,100057957|F|0-57:C>A-57:C>A,32463417.0,36576268.0,0.010107378607391478
100048091|F|0-43:A>T-43:A>T,100014666|F|0-59:T>C-59:T>C,32463417.0,37090975.0,0.03558733566288068
100048091|F|0-43:A>T-43:A>T,100038773|F|0-28:C>G-28:C>G,32463417.0,37285877.0,0.0003079454744044385
100048091|F|0-43:A>T-43:A>T,100051037|F|0-43:C>T-43:C>T,32463417.0,37902767.0,0.003362281332508236
100048091|F|0-43:A>T-43:A>T,100020809|F|0-53:C>G-53:C>G,32463417.0,39838084.0,0.03211279912924831
100048091|F|0-43:A>T-43:A>T,100029380|F|0-39:A>C-39:A>C,32463417.0,40729560.0,0.0576346038161313
100048091|F|0-43:A>T-43:A>T,100013950|F|0-50:T>C-50:T>C,32463417.0,40800799.0,0.06417410196180388
100048091|F|0-43:A>T-43:A>T,100015799|F|0-68:C>T-68:C>T,32463417.0,40825452.0,0.08903010168749372
100048091|F|0-43:A>T-43:A>T,100043188|F|0-42:C>T-42:C>T,32463417.0,40979122.0,0.00010454576278849091
100048091|F|0-43:A>T-43:A>T,100015076|F|0-33:T>C-33:T>C,32463417.0,40986668.0,0.0010757902082384914
100048091|F|0-43:A>T-43:A>T,100018802|F|0-14:G>A-14:G>A,32463417.0,40988293.0,0.0013306102051326913
100048091|F|0-43:A>T-43:A>T,100018271|F|0-48:A>G-48:A>G,32463417.0,41002080.0,0.0033558183791358082
100048091|F|0-43:A>T-43:A>T,100017658|F|0-34:T>G-34:T>G,32463417.0,41027371.0,0.001542755519425721
100048091|F|0-43:A>T-43:A>T,100017206|F|0-15:G>C-15:G>C,32463417.0,41065538.0,0.0006348692621475926
100048091|F|0-43:A>T-43:A>T,100040329|F|0-26:A>G-26:A>G,32463417.0,41159215.0,0.00019356836681453318
100048091|F|0-43:A>T-43:A>T,100035489|F|0-33:C>A-33:C>A,32463417.0,41159220.0,0.0020534009297164865
100048091|F|0-43:A>T-43:A>T,100021166|F|0-38:T>C-38:T>C,32463417.0,41233248.0,0.013129242987062887
100048091|F|0-43:A>T-43:A>T,100020488|F|0-58:T>G-58:T>G,32463417.0,41740174.0,0.0003314392195711195
100048091|F|0-43:A>T-43:A>T,100046856|F|0-65:C>A-65:C>A,32463417.0,41864679.0,0.022528383206882503
100048091|F|0-43:A>T-43:A>T,100021425|F|0-50:G>C-50:G>C,32463417.0,42699263.0,0.000350257816659008
100048091|F|0-43:A>T-43:A>T,100032947|F|0-10:A>C-10:A>C,32463417.0,42744717.0,0.0002027058638077938
100048091|F|0-43:A>T-43:A>T,100014347|F|0-68:T>C-68:T>C,32463417.0,42858969.0,0.008399231701802557
100048091|F|0-43:A>T-43:A>T,100016630|F|0-66:A>T-66:A>T,32463417.0,43750313.0,0.05103681094069596
100048091|F|0-43:A>T-43:A>T,100015319|F|0-34:T>A-34:T>A,32463417.0,44449888.0,0.05702905019114459
100048091|F|0-43:A>T-43:A>T,100018345|F|0-65:A>C-65:A>C,32463417.0,44788831.0,0.07835189221209285
100048091|F|0-43:A>T-43:A>T,100017310|F|0-9:T>G-9:T>G,32463417.0,44906172.0,0.0693992673200989
100048091|F|0-43:A>T-43:A>T,100048863|F|0-39:A>G-39:A>G,32463417.0,44946182.0,0.0822795970694255
100048091|F|0-43:A>T-43:A>T,100033264|F|0-61:C>T-61:C>T,32463417.0,44989593.0,0.030451013567938556
100048091|F|0-43:A>T-43:A>T,100020314|F|0-31:G>A-31:G>A,32463417.0,45007549.0,0.00031314243484046884
100048091|F|0-43:A>T-43:A>T,100041823|F|0-64:C>T-64:C>T,32463417.0,45303483.0,0.0878016264103982
100048091|F|0-43:A>T-43:A>T,100015397|F|0-30:G>C-30:G>C,32463417.0,45844613.0,0.05723063245006693
100048091|F|0-43:A>T-43:A>T,100029049|F|0-10:A>G-10:A>G,32463417.0,46654939.0,0.026051523592829647
100048091|F|0-43:A>T-43:A>T,100030430|F|0-19:A>C-19:A>C,32463417.0,46846957.0,0.0036597824129363434
100048091|F|0-43:A>T-43:A>T,100021654|F|0-23:G>T-23:G>T,32463417.0,46876617.0,0.017804446799204055
100048091|F|0-43:A>T-43:A>T,100034493|F|0-32:C>T-32:C>T,32463417.0,46898850.0,0.02160477479817317
100048091|F|0-43:A>T-43:A>T,100019198|F|0-35:G>T-35:G>T,32463417.0,46921983.0,0.010632274390352622
100048091|F|0-43:A>T-43:A>T,100020755|F|0-11:C>A-11:C>A,32463417.0,46921988.0,0.010888564355741329
100048091|F|0-43:A>T-43:A>T,100030713|F|0-35:T>A-35:T>A,32463417.0,46975334.0,0.0013338044132920424
100048091|F|0-43:A>T-43:A>T,100035377|F|0-67:C>G-67:C>G,32463417.0,47016484.0,0.006621855423012936
100048091|F|0-43:A>T-43:A>T,100014882|F|0-19:A>G-19:A>G,32463417.0,47035718.0,0.025028839815425207
100048091|F|0-43:A>T-43:A>T,100016158|F|0-51:C>A-51:C>A,32463417.0,47150489.0,0.003278972037834773
100020456|F|0-16:A>C-16:A>C,100034584|F|0-9:T>C-9:T>C,32467328.0,32472994.0,0.8925339366515833
100020456|F|0-16:A>C-16:A>C,100033527|F|0-13:C>T-13:C>T,32467328.0,32475333.0,0.8925339366515833
100020456|F|0-16:A>C-16:A>C,100018446|F|0-67:T>A-67:T>A,32467328.0,33239334.0,0.049531016765945825
100020456|F|0-16:A>C-16:A>C,100013877|F|0-19:G>T-19:G>T,32467328.0,34079859.0,0.01699819102044001
100020456|F|0-16:A>C-16:A>C,100035010|F|0-32:A>C-32:A>C,32467328.0,34165746.0,0.0006904394443993159
100020456|F|0-16:A>C-16:A>C,100028703|F|0-9:T>G-9:T>G,32467328.0,34482430.0,0.042598090119703176
100020456|F|0-16:A>C-16:A>C,100014587|F|0-36:A>C-36:A>C,32467328.0,34723473.0,0.017110745792506227
100020456|F|0-16:A>C-16:A>C,100040405|F|0-35:T>A-35:T>A,32467328.0,34724344.0,0.0007051771757654127
100020456|F|0-16:A>C-16:A>C,100016549|F|0-30:A>G-30:A>G,32467328.0,34725485.0,0.019819947209653178
100020456|F|0-16:A>C-16:A>C,100013542|F|0-30:C>G-30:C>G,32467328.0,34725490.0,0.0325580134128825
100020456|F|0-16:A>C-16:A>C,100021285|F|0-67:T>C-67:T>C,32467328.0,34855449.0,0.01031253288435232
100020456|F|0-16:A>C-16:A>C,100033734|F|0-65:A>G-65:A>G,32467328.0,35379386.0,0.001851044862840612
100020456|F|0-16:A>C-16:A>C,100021520|F|0-23:T>C-23:T>C,32467328.0,36065991.0,0.06882926518386348
100020456|F|0-16:A>C-16:A>C,100019045|F|0-23:G>C-23:G>C,32467328.0,36149336.0,0.01572054049973578
100020456|F|0-16:A>C-16:A>C,100057957|F|0-57:C>A-57:C>A,32467328.0,36576268.0,0.0070311641430189226
100020456|F|0-16:A>C-16:A>C,100014666|F|0-59:T>C-59:T>C,32467328.0,37090975.0,0.025696502222400188
100020456|F|0-16:A>C-16:A>C,100038773|F|0-28:C>G-28:C>G,32467328.0,37285877.0,0.0008830573744096173
100020456|F|0-16:A>C-16:A>C,100051037|F|0-43:C>T-43:C>T,32467328.0,37902767.0,0.003967189792008091
100020456|F|0-16:A>C-16:A>C,100020809|F|0-53:C>G-53:C>G,32467328.0,39838084.0,0.04554811638429978
100020456|F|0-16:A>C-16:A>C,100029380|F|0-39:A>C-39:A>C,32467328.0,40729560.0,0.057814779442672375
100020456|F|0-16:A>C-16:A>C,100013950|F|0-50:T>C-50:T>C,32467328.0,40800799.0,0.09385422641429267
100020456|F|0-16:A>C-16:A>C,100015799|F|0-68:C>T-68:C>T,32467328.0,40825452.0,0.10209582305568704
100020456|F|0-16:A>C-16:A>C,100043188|F|0-42:C>T-42:C>T,32467328.0,40979122.0,0.0020296990258283376
100020456|F|0-16:A>C-16:A>C,100015076|F|0-33:T>C-33:T>C,32467328.0,40986668.0,0.0005857638955181759
100020456|F|0-16:A>C-16:A>C,100018802|F|0-14:G>A-14:G>A,32467328.0,40988293.0,1.2842878649998718e-05
100020456|F|0-16:A>C-16:A>C,100018271|F|0-48:A>G-48:A>G,32467328.0,41002080.0,6.346620957456064e-08
100020456|F|0-16:A>C-16:A>C,100017658|F|0-34:T>G-34:T>G,32467328.0,41027371.0,0.0002871524610655048
100020456|F|0-16:A>C-16:A>C,100017206|F|0-15:G>C-15:G>C,32467328.0,41065538.0,9.075184271616813e-07
100020456|F|0-16:A>C-16:A>C,100040329|F|0-26:A>G-26:A>G,32467328.0,41159215.0,0.003378547998393356
100020456|F|0-16:A>C-16:A>C,100035489|F|0-33:C>A-33:C>A,32467328.0,41159220.0,0.007892518566905262
100020456|F|0-16:A>C-16:A>C,100021166|F|0-38:T>C-38:T>C,32467328.0,41233248.0,0.018824655272243796
100020456|F|0-16:A>C-16:A>C,100020488|F|0-58:T>G-58:T>G,32467328.0,41740174.0,0.0005055739528299564
100020456|F|0-16:A>C-16:A>C,100046856|F|0-65:C>A-65:C>A,32467328.0,41864679.0,0.021083414992650644
100020456|F|0-16:A>C-16:A>C,100021425|F|0-50:G>C-50:G>C,32467328.0,42699263.0,0.0005342796459243045
100020456|F|0-16:A>C-16:A>C,100032947|F|0-10:A>C-10:A>C,32467328.0,42744717.0,0.0029395987996320007
100020456|F|0-16:A>C-16:A>C,100014347|F|0-68:T>C-68:T>C,32467328.0,42858969.0,0.00125369794487442
100020456|F|0-16:A>C-16:A>C,100016630|F|0-66:A>T-66:A>T,32467328.0,43750313.0,0.02746491930552648
100020456|F|0-16:A>C-16:A>C,100015319|F|0-34:T>A-34:T>A,32467328.0,44449888.0,0.028546656696145836
100020456|F|0-16:A>C-16:A>C,100018345|F|0-65:A>C-65:A>C,32467328.0,44788831.0,0.10712099294270508
100020456|F|0-16:A>C-16:A>C,100017310|F|0-9:T>G-9:T>G,32467328.0,44906172.0,0.09020102366293305
100020456|F|0-16:A>C-16:A>C,100048863|F|0-39:A>G-39:A>G,32467328.0,44946182.0,0.11135081301289694
100020456|F|0-16:A>C-16:A>C,100033264|F|0-61:C>T-61:C>T,32467328.0,44989593.0,0.028120647710359374
100020456|F|0-16:A>C-16:A>C,100020314|F|0-31:G>A-31:G>A,32467328.0,45007549.0,0.00013532162931715138
100020456|F|0-16:A>C-16:A>C,100041823|F|0-64:C>T-64:C>T,32467328.0,45303483.0,0.07396059493131514
100020456|F|0-16:A>C-16:A>C,100015397|F|0-30:G>C-30:G>C,32467328.0,45844613.0,0.01569299939476038
100020456|F|0-16:A>C-16:A>C,100029049|F|0-10:A>G-10:A>G,32467328.0,46654939.0,0.03810019180594057
100020456|F|0-16:A>C-16:A>C,100030430|F|0-19:A>C-19:A>C,32467328.0,46846957.0,0.016619601191833627
100020456|F|0-16:A>C-16:A>C,100021654|F|0-23:G>T-23:G>T,32467328.0,46876617.0,0.018091618387110393
100020456|F|0-16:A>C-16:A>C,100034493|F|0-32:C>T-32:C>T,32467328.0,46898850.0,0.012401962609453667
100020456|F|0-16:A>C-16:A>C,100019198|F|0-35:G>T-35:G>T,32467328.0,46921983.0,0.005390781305571867
100020456|F|0-16:A>C-16:A>C,100020755|F|0-11:C>A-11:C>A,32467328.0,46921988.0,0.005319650364237353
100020456|F|0-16:A>C-16:A>C,100030713|F|0-35:T>A-35:T>A,32467328.0,46975334.0,0.006963320746118037
100020456|F|0-16:A>C-16:A>C,100035377|F|0-67:C>G-67:C>G,32467328.0,47016484.0,0.013570488676420894
100020456|F|0-16:A>C-16:A>C,100014882|F|0-19:A>G-19:A>G,32467328.0,47035718.0,0.03660452311934408
100020456|F|0-16:A>C-16:A>C,100016158|F|0-51:C>A-51:C>A,32467328.0,47150489.0,0.010312532884352316
100034584|F|0-9:T>C-9:T>C,100033527|F|0-13:C>T-13:C>T,32472994.0,32475333.0,1.0000000000000022
100034584|F|0-9:T>C-9:T>C,100018446|F|0-67:T>A-67:T>A,32472994.0,33239334.0,0.075090305820859
100034584|F|0-9:T>C-9:T>C,100013877|F|0-19:G>T-19:G>T,32472994.0,34079859.0,0.019044868012761677
100034584|F|0-9:T>C-9:T>C,100035010|F|0-32:A>C-32:A>C,32472994.0,34165746.0,0.0024900191787018714
100034584|F|0-9:T>C-9:T>C,100028703|F|0-9:T>G-9:T>G,32472994.0,34482430.0,0.047727137726004586
100034584|F|0-9:T>C-9:T>C,100014587|F|0-36:A>C-36:A>C,32472994.0,34723473.0,0.019170975007066566
100034584|F|0-9:T>C-9:T>C,100040405|F|0-35:T>A-35:T>A,32472994.0,34724344.0,0.007012342326030548
100034584|F|0-9:T>C-9:T>C,100016549|F|0-30:A>G-30:A>G,32472994.0,34725485.0,0.022206379383185378
100034584|F|0-9:T>C-9:T>C,100013542|F|0-30:C>G-30:C>G,32472994.0,34725490.0,0.022992885655553623
100034584|F|0-9:T>C-9:T>C,100021285|F|0-67:T>C-67:T>C,32472994.0,34855449.0,0.011554219353317395
100034584|F|0-9:T>C-9:T>C,100033734|F|0-65:A>G-65:A>G,32472994.0,35379386.0,0.00010157809725412945
100034584|F|0-9:T>C-9:T>C,100021520|F|0-23:T>C-23:T>C,32472994.0,36065991.0,0.07711669255074172
100034584|F|0-9:T>C-9:T>C,100019045|F|0-23:G>C-23:G>C,32472994.0,36149336.0,0.017613381244317404
100034584|F|0-9:T>C-9:T>C,100057957|F|0-57:C>A-57:C>A,32472994.0,36576268.0,0.007877755516386194
100034584|F|0-9:T>C-9:T>C,100014666|F|0-59:T>C-59:T>C,32472994.0,37090975.0,0.028790504391130248
100034584|F|0-9:T>C-9:T>C,100038773|F|0-28:C>G-28:C>G,32472994.0,37285877.0,0.002039910077433317
100034584|F|0-9:T>C-9:T>C,100051037|F|0-43:C>T-43:C>T,32472994.0,37902767.0,0.004444861566711244
100034584|F|0-9:T>C-9:T>C,100020809|F|0-53:C>G-53:C>G,32472994.0,39838084.0,0.03388156925162854
100034584|F|0-9:T>C-9:T>C,100029380|F|0-39:A>C-39:A>C,32472994.0,40729560.0,0.06477600130205616
100034584|F|0-9:T>C-9:T>C,100013950|F|0-50:T>C-50:T>C,32472994.0,40800799.0,0.10515479866949906
100034584|F|0-9:T>C-9:T>C,100015799|F|0-68:C>T-68:C>T,32472994.0,40825452.0,0.09368722918468286
100034584|F|0-9:T>C-9:T>C,100043188|F|0-42:C>T-42:C>T,32472994.0,40979122.0,0.0004816722285456495
100034584|F|0-9:T>C-9:T>C,100015076|F|0-33:T>C-33:T>C,32472994.0,40986668.0,7.42749134399614e-08
100034584|F|0-9:T>C-9:T>C,100018802|F|0-14:G>A-14:G>A,32472994.0,40988293.0,1.438923286007431e-05
100034584|F|0-9:T>C-9:T>C,100018271|F|0-48:A>G-48:A>G,32472994.0,41002080.0,0.0006553303615921801
100034584|F|0-9:T>C-9:T>C,100017658|F|0-34:T>G-34:T>G,32472994.0,41027371.0,5.072213288447432e-05
100034584|F|0-9:T>C-9:T>C,100017206|F|0-15:G>C-15:G>C,32472994.0,41065538.0,1.0167887067309664e-06
100034584|F|0-9:T>C-9:T>C,100040329|F|0-26:A>G-26:A>G,32472994.0,41159215.0,0.0013098076188507739
100034584|F|0-9:T>C-9:T>C,100035489|F|0-33:C>A-33:C>A,32472994.0,41159220.0,0.0028610223939284905
100034584|F|0-9:T>C-9:T>C,100021166|F|0-38:T>C-38:T>C,32472994.0,41233248.0,0.01420787306507129
100034584|F|0-9:T>C-9:T>C,100020488|F|0-58:T>G-58:T>G,32472994.0,41740174.0,1.9914183146759175e-05
100034584|F|0-9:T>C-9:T>C,100046856|F|0-65:C>A-65:C>A,32472994.0,41864679.0,0.023621975733210652
100034584|F|0-9:T>C-9:T>C,100021425|F|0-50:G>C-50:G>C,32472994.0,42699263.0,6.108499890993848e-05
100034584|F|0-9:T>C-9:T>C,100032947|F|0-10:A>C-10:A>C,32472994.0,42744717.0,0.00047153718488552676
100034584|F|0-9:T>C-9:T>C,100014347|F|0-68:T>C-68:T>C,32472994.0,42858969.0,0.0064602897302516935
100034584|F|0-9:T>C-9:T>C,100016630|F|0-66:A>T-66:A>T,32472994.0,43750313.0,0.044405392145487804
100034584|F|0-9:T>C-9:T>C,100015319|F|0-34:T>A-34:T>A,32472994.0,44449888.0,0.051958367263190926
100034584|F|0-9:T>C-9:T>C,100018345|F|0-65:A>C-65:A>C,32472994.0,44788831.0,0.12001895787243577
100034584|F|0-9:T>C-9:T>C,100017310|F|0-9:T>G-9:T>G,32472994.0,44906172.0,0.08588766647966917
100034584|F|0-9:T>C-9:T>C,100048863|F|0-39:A>G-39:A>G,32472994.0,44946182.0,0.12475807186742813
100034584|F|0-9:T>C-9:T>C,100033264|F|0-61:C>T-61:C>T,32472994.0,44989593.0,0.03150653051452173
100034584|F|0-9:T>C-9:T>C,100020314|F|0-31:G>A-31:G>A,32472994.0,45007549.0,0.0015130968513551702
100034584|F|0-9:T>C-9:T>C,100041823|F|0-64:C>T-64:C>T,32472994.0,45303483.0,0.09808528988843232
100034584|F|0-9:T>C-9:T>C,100015397|F|0-30:G>C-30:G>C,32472994.0,45844613.0,0.05199781227547559
100034584|F|0-9:T>C-9:T>C,100029049|F|0-10:A>G-10:A>G,32472994.0,46654939.0,0.028441090191749473
100034584|F|0-9:T>C-9:T>C,100030430|F|0-19:A>C-19:A>C,32472994.0,46846957.0,0.005606032717773897
100034584|F|0-9:T>C-9:T>C,100021654|F|0-23:G>T-23:G>T,32472994.0,46876617.0,0.020269950132073007
100034584|F|0-9:T>C-9:T>C,100034493|F|0-32:C>T-32:C>T,32472994.0,46898850.0,0.024050441881779606
100034584|F|0-9:T>C-9:T>C,100019198|F|0-35:G>T-35:G>T,32472994.0,46921983.0,0.012109049479049961
100034584|F|0-9:T>C-9:T>C,100020755|F|0-11:C>A-11:C>A,32472994.0,46921988.0,0.012724973932349963
100034584|F|0-9:T>C-9:T>C,100030713|F|0-35:T>A-35:T>A,32472994.0,46975334.0,0.0018464315999671712
100034584|F|0-9:T>C-9:T>C,100035377|F|0-67:C>G-67:C>G,32472994.0,47016484.0,0.008713660923065683
100034584|F|0-9:T>C-9:T>C,100014882|F|0-19:A>G-19:A>G,32472994.0,47035718.0,0.03070375211237859
100034584|F|0-9:T>C-9:T>C,100016158|F|0-51:C>A-51:C>A,32472994.0,47150489.0,0.0038319866920152055
100033527|F|0-13:C>T-13:C>T,100018446|F|0-67:T>A-67:T>A,32475333.0,33239334.0,0.075090305820859
100033527|F|0-13:C>T-13:C>T,100013877|F|0-19:G>T-19:G>T,32475333.0,34079859.0,0.019044868012761677
100033527|F|0-13:C>T-13:C>T,100035010|F|0-32:A>C-32:A>C,32475333.0,34165746.0,0.0024900191787018714
100033527|F|0-13:C>T-13:C>T,100028703|F|0-9:T>G-9:T>G,32475333.0,34482430.0,0.047727137726004586
100033527|F|0-13:C>T-13:C>T,100014587|F|0-36:A>C-36:A>C,32475333.0,34723473.0,0.019170975007066566
100033527|F|0-13:C>T-13:C>T,100040405|F|0-35:T>A-35:T>A,32475333.0,34724344.0,0.007012342326030548
100033527|F|0-13:C>T-13:C>T,100016549|F|0-30:A>G-30:A>G,32475333.0,34725485.0,0.022206379383185378
100033527|F|0-13:C>T-13:C>T,100013542|F|0-30:C>G-30:C>G,32475333.0,34725490.0,0.022992885655553623
100033527|F|0-13:C>T-13:C>T,100021285|F|0-67:T>C-67:T>C,32475333.0,34855449.0,0.011554219353317395
100033527|F|0-13:C>T-13:C>T,100033734|F|0-65:A>G-65:A>G,32475333.0,35379386.0,0.00010157809725412945
100033527|F|0-13:C>T-13:C>T,100021520|F|0-23:T>C-23:T>C,32475333.0,36065991.0,0.07711669255074172
100033527|F|0-13:C>T-13:C>T,100019045|F|0-23:G>C-23:G>C,32475333.0,36149336.0,0.017613381244317404
100033527|F|0-13:C>T-13:C>T,100057957|F|0-57:C>A-57:C>A,32475333.0,36576268.0,0.007877755516386194
100033527|F|0-13:C>T-13:C>T,100014666|F|0-59:T>C-59:T>C,32475333.0,37090975.0,0.028790504391130248
100033527|F|0-13:C>T-13:C>T,100038773|F|0-28:C>G-28:C>G,32475333.0,37285877.0,0.002039910077433317
100033527|F|0-13:C>T-13:C>T,100051037|F|0-43:C>T-43:C>T,32475333.0,37902767.0,0.004444861566711244
100033527|F|0-13:C>T-13:C>T,100020809|F|0-53:C>G-53:C>G,32475333.0,39838084.0,0.03388156925162854
100033527|F|0-13:C>T-13:C>T,100029380|F|0-39:A>C-39:A>C,32475333.0,40729560.0,0.06477600130205616
100033527|F|0-13:C>T-13:C>T,100013950|F|0-50:T>C-50:T>C,32475333.0,40800799.0,0.10515479866949906
100033527|F|0-13:C>T-13:C>T,100015799|F|0-68:C>T-68:C>T,32475333.0,40825452.0,0.09368722918468286
100033527|F|0-13:C>T-13:C>T,100043188|F|0-42:C>T-42:C>T,32475333.0,40979122.0,0.0004816722285456495
100033527|F|0-13:C>T-13:C>T,100015076|F|0-33:T>C-33:T>C,32475333.0,40986668.0,7.42749134399614e-08
100033527|F|0-13:C>T-13:C>T,100018802|F|0-14:G>A-14:G>A,32475333.0,40988293.0,1.438923286007431e-05
100033527|F|0-13:C>T-13:C>T,100018271|F|0-48:A>G-48:A>G,32475333.0,41002080.0,0.0006553303615921801
100033527|F|0-13:C>T-13:C>T,100017658|F|0-34:T>G-34:T>G,32475333.0,41027371.0,5.072213288447432e-05
100033527|F|0-13:C>T-13:C>T,100017206|F|0-15:G>C-15:G>C,32475333.0,41065538.0,1.0167887067309664e-06
100033527|F|0-13:C>T-13:C>T,100040329|F|0-26:A>G-26:A>G,32475333.0,41159215.0,0.0013098076188507739
100033527|F|0-13:C>T-13:C>T,100035489|F|0-33:C>A-33:C>A,32475333.0,41159220.0,0.0028610223939284905
100033527|F|0-13:C>T-13:C>T,100021166|F|0-38:T>C-38:T>C,32475333.0,41233248.0,0.01420787306507129
100033527|F|0-13:C>T-13:C>T,100020488|F|0-58:T>G-58:T>G,32475333.0,41740174.0,1.9914183146759175e-05
100033527|F|0-13:C>T-13:C>T,100046856|F|0-65:C>A-65:C>A,32475333.0,41864679.0,0.023621975733210652
100033527|F|0-13:C>T-13:C>T,100021425|F|0-50:G>C-50:G>C,32475333.0,42699263.0,6.108499890993848e-05
100033527|F|0-13:C>T-13:C>T,100032947|F|0-10:A>C-10:A>C,32475333.0,42744717.0,0.00047153718488552676
100033527|F|0-13:C>T-13:C>T,100014347|F|0-68:T>C-68:T>C,32475333.0,42858969.0,0.0064602897302516935
100033527|F|0-13:C>T-13:C>T,100016630|F|0-66:A>T-66:A>T,32475333.0,43750313.0,0.044405392145487804
100033527|F|0-13:C>T-13:C>T,100015319|F|0-34:T>A-34:T>A,32475333.0,44449888.0,0.051958367263190926
100033527|F|0-13:C>T-13:C>T,100018345|F|0-65:A>C-65:A>C,32475333.0,44788831.0,0.12001895787243577
100033527|F|0-13:C>T-13:C>T,100017310|F|0-9:T>G-9:T>G,32475333.0,44906172.0,0.08588766647966917
100033527|F|0-13:C>T-13:C>T,100048863|F|0-39:A>G-39:A>G,32475333.0,44946182.0,0.12475807186742813
100033527|F|0-13:C>T-13:C>T,100033264|F|0-61:C>T-61:C>T,32475333.0,44989593.0,0.03150653051452173
100033527|F|0-13:C>T-13:C>T,100020314|F|0-31:G>A-31:G>A,32475333.0,45007549.0,0.0015130968513551702
100033527|F|0-13:C>T-13:C>T,100041823|F|0-64:C>T-64:C>T,32475333.0,45303483.0,0.09808528988843232
100033527|F|0-13:C>T-13:C>T,100015397|F|0-30:G>C-30:G>C,32475333.0,45844613.0,0.05199781227547559
100033527|F|0-13:C>T-13:C>T,100029049|F|0-10:A>G-10:A>G,32475333.0,46654939.0,0.028441090191749473
100033527|F|0-13:C>T-13:C>T,100030430|F|0-19:A>C-19:A>C,32475333.0,46846957.0,0.005606032717773897
100033527|F|0-13:C>T-13:C>T,100021654|F|0-23:G>T-23:G>T,32475333.0,46876617.0,0.020269950132073007
100033527|F|0-13:C>T-13:C>T,100034493|F|0-32:C>T-32:C>T,32475333.0,46898850.0,0.024050441881779606
100033527|F|0-13:C>T-13:C>T,100019198|F|0-35:G>T-35:G>T,32475333.0,46921983.0,0.012109049479049961
100033527|F|0-13:C>T-13:C>T,100020755|F|0-11:C>A-11:C>A,32475333.0,46921988.0,0.012724973932349963
100033527|F|0-13:C>T-13:C>T,100030713|F|0-35:T>A-35:T>A,32475333.0,46975334.0,0.0018464315999671712
100033527|F|0-13:C>T-13:C>T,100035377|F|0-67:C>G-67:C>G,32475333.0,47016484.0,0.008713660923065683
100033527|F|0-13:C>T-13:C>T,100014882|F|0-19:A>G-19:A>G,32475333.0,47035718.0,0.03070375211237859
100033527|F|0-13:C>T-13:C>T,100016158|F|0-51:C>A-51:C>A,32475333.0,47150489.0,0.0038319866920152055
100018446|F|0-67:T>A-67:T>A,100013877|F|0-19:G>T-19:G>T,33239334.0,34079859.0,0.048057274146449606
100018446|F|0-67:T>A-67:T>A,100035010|F|0-32:A>C-32:A>C,33239334.0,34165746.0,0.013093380391351772
100018446|F|0-67:T>A-67:T>A,100028703|F|0-9:T>G-9:T>G,33239334.0,34482430.0,0.027026489539416092
100018446|F|0-67:T>A-67:T>A,100014587|F|0-36:A>C-36:A>C,33239334.0,34723473.0,0.036910492288692254
100018446|F|0-67:T>A-67:T>A,100040405|F|0-35:T>A-35:T>A,33239334.0,34724344.0,0.029860392967942056
100018446|F|0-67:T>A-67:T>A,100016549|F|0-30:A>G-30:A>G,33239334.0,34725485.0,0.04275465356773522
100018446|F|0-67:T>A-67:T>A,100013542|F|0-30:C>G-30:C>G,33239334.0,34725490.0,0.01098100815536767
100018446|F|0-67:T>A-67:T>A,100021285|F|0-67:T>C-67:T>C,33239334.0,34855449.0,0.0092624185325028
100018446|F|0-67:T>A-67:T>A,100033734|F|0-65:A>G-65:A>G,33239334.0,35379386.0,0.010905392463157528
100018446|F|0-67:T>A-67:T>A,100021520|F|0-23:T>C-23:T>C,33239334.0,36065991.0,0.34087929854202753
100018446|F|0-67:T>A-67:T>A,100019045|F|0-23:G>C-23:G>C,33239334.0,36149336.0,0.011265277209746991
100018446|F|0-67:T>A-67:T>A,100057957|F|0-57:C>A-57:C>A,33239334.0,36576268.0,0.02691676430987094
100018446|F|0-67:T>A-67:T>A,100014666|F|0-59:T>C-59:T>C,33239334.0,37090975.0,0.05042890306363694
100018446|F|0-67:T>A-67:T>A,100038773|F|0-28:C>G-28:C>G,33239334.0,37285877.0,0.026723103284294107
100018446|F|0-67:T>A-67:T>A,100051037|F|0-43:C>T-43:C>T,33239334.0,37902767.0,0.007076447803928822
100018446|F|0-67:T>A-67:T>A,100020809|F|0-53:C>G-53:C>G,33239334.0,39838084.0,0.009253024217791773
100018446|F|0-67:T>A-67:T>A,100029380|F|0-39:A>C-39:A>C,33239334.0,40729560.0,0.09499268200337943
100018446|F|0-67:T>A-67:T>A,100013950|F|0-50:T>C-50:T>C,33239334.0,40800799.0,0.026228206883493244
100018446|F|0-67:T>A-67:T>A,100015799|F|0-68:C>T-68:C>T,33239334.0,40825452.0,0.29166464445846524
100018446|F|0-67:T>A-67:T>A,100043188|F|0-42:C>T-42:C>T,33239334.0,40979122.0,0.018035390308349768
100018446|F|0-67:T>A-67:T>A,100015076|F|0-33:T>C-33:T>C,33239334.0,40986668.0,0.016325060808848595
100018446|F|0-67:T>A-67:T>A,100018802|F|0-14:G>A-14:G>A,33239334.0,40988293.0,0.018035390308349768
100018446|F|0-67:T>A-67:T>A,100018271|F|0-48:A>G-48:A>G,33239334.0,41002080.0,0.015628974284234296
100018446|F|0-67:T>A-67:T>A,100017658|F|0-34:T>G-34:T>G,33239334.0,41027371.0,0.018993155329201376
100018446|F|0-67:T>A-67:T>A,100017206|F|0-15:G>C-15:G>C,33239334.0,41065538.0,0.01935346581597034
100018446|F|0-67:T>A-67:T>A,100040329|F|0-26:A>G-26:A>G,33239334.0,41159215.0,0.033936015689552484
100018446|F|0-67:T>A-67:T>A,100035489|F|0-33:C>A-33:C>A,33239334.0,41159220.0,0.007676312744902112
100018446|F|0-67:T>A-67:T>A,100021166|F|0-38:T>C-38:T>C,33239334.0,41233248.0,0.0024015252135642083
100018446|F|0-67:T>A-67:T>A,100020488|F|0-58:T>G-58:T>G,33239334.0,41740174.0,0.020310613369691404
100018446|F|0-67:T>A-67:T>A,100046856|F|0-65:C>A-65:C>A,33239334.0,41864679.0,5.928111764667171e-05
100018446|F|0-67:T>A-67:T>A,100021425|F|0-50:G>C-50:G>C,33239334.0,42699263.0,0.007841872160298599
100018446|F|0-67:T>A-67:T>A,100032947|F|0-10:A>C-10:A>C,33239334.0,42744717.0,0.012311655474653281
100018446|F|0-67:T>A-67:T>A,100014347|F|0-68:T>C-68:T>C,33239334.0,42858969.0,0.00123808991440843
100018446|F|0-67:T>A-67:T>A,100016630|F|0-66:A>T-66:A>T,33239334.0,43750313.0,0.023661383637365217
100018446|F|0-67:T>A-67:T>A,100015319|F|0-34:T>A-34:T>A,33239334.0,44449888.0,0.010746279848839708
100018446|F|0-67:T>A-67:T>A,100018345|F|0-65:A>C-65:A>C,33239334.0,44788831.0,0.023597077365085827
100018446|F|0-67:T>A-67:T>A,100017310|F|0-9:T>G-9:T>G,33239334.0,44906172.0,0.031566277315340646
100018446|F|0-67:T>A-67:T>A,100048863|F|0-39:A>G-39:A>G,33239334.0,44946182.0,0.024128376354222866
100018446|F|0-67:T>A-67:T>A,100033264|F|0-61:C>T-61:C>T,33239334.0,44989593.0,0.0036938931912969407
100018446|F|0-67:T>A-67:T>A,100020314|F|0-31:G>A-31:G>A,33239334.0,45007549.0,5.111844604013457e-07
100018446|F|0-67:T>A-67:T>A,100041823|F|0-64:C>T-64:C>T,33239334.0,45303483.0,0.04035642572609104
100018446|F|0-67:T>A-67:T>A,100015397|F|0-30:G>C-30:G>C,33239334.0,45844613.0,0.002836025135193882
100018446|F|0-67:T>A-67:T>A,100029049|F|0-10:A>G-10:A>G,33239334.0,46654939.0,0.007181547519765124
100018446|F|0-67:T>A-67:T>A,100030430|F|0-19:A>C-19:A>C,33239334.0,46846957.0,0.03288973801222851
100018446|F|0-67:T>A-67:T>A,100021654|F|0-23:G>T-23:G>T,33239334.0,46876617.0,0.015101141404671944
100018446|F|0-67:T>A-67:T>A,100034493|F|0-32:C>T-32:C>T,33239334.0,46898850.0,0.010827791464905291
100018446|F|0-67:T>A-67:T>A,100019198|F|0-35:G>T-35:G>T,33239334.0,46921983.0,0.024731854066107437
100018446|F|0-67:T>A-67:T>A,100020755|F|0-11:C>A-11:C>A,33239334.0,46921988.0,0.021042129639816047
100018446|F|0-67:T>A-67:T>A,100030713|F|0-35:T>A-35:T>A,33239334.0,46975334.0,0.000334789045702426
100018446|F|0-67:T>A-67:T>A,100035377|F|0-67:C>G-67:C>G,33239334.0,47016484.0,0.009192881732450194
100018446|F|0-67:T>A-67:T>A,100014882|F|0-19:A>G-19:A>G,33239334.0,47035718.0,0.014663585832471565
100018446|F|0-67:T>A-67:T>A,100016158|F|0-51:C>A-51:C>A,33239334.0,47150489.0,0.0092624185325028
100013877|F|0-19:G>T-19:G>T,100035010|F|0-32:A>C-32:A>C,34079859.0,34165746.0,0.034450897571277686
100013877|F|0-19:G>T-19:G>T,100028703|F|0-9:T>G-9:T>G,34079859.0,34482430.0,0.008081500088807649
100013877|F|0-19:G>T-19:G>T,100014587|F|0-36:A>C-36:A>C,34079859.0,34723473.0,0.0026918120675873056
100013877|F|0-19:G>T-19:G>T,100040405|F|0-35:T>A-35:T>A,34079859.0,34724344.0,0.0035476377071204687
100013877|F|0-19:G>T-19:G>T,100016549|F|0-30:A>G-30:A>G,34079859.0,34725485.0,0.0008431114303959124
100013877|F|0-19:G>T-19:G>T,100013542|F|0-30:C>G-30:C>G,34079859.0,34725490.0,0.12868457428923685
100013877|F|0-19:G>T-19:G>T,100021285|F|0-67:T>C-67:T>C,34079859.0,34855449.0,0.07150511923059767
100013877|F|0-19:G>T-19:G>T,100033734|F|0-65:A>G-65:A>G,34079859.0,35379386.0,0.019200157873276693
100013877|F|0-19:G>T-19:G>T,100021520|F|0-23:T>C-23:T>C,34079859.0,36065991.0,0.020306625834187755
100013877|F|0-19:G>T-19:G>T,100019045|F|0-23:G>C-23:G>C,34079859.0,36149336.0,0.030118364108753598
100013877|F|0-19:G>T-19:G>T,100057957|F|0-57:C>A-57:C>A,34079859.0,36576268.0,0.02316045426776227
100013877|F|0-19:G>T-19:G>T,100014666|F|0-59:T>C-59:T>C,34079859.0,37090975.0,0.002417593440251356
100013877|F|0-19:G>T-19:G>T,100038773|F|0-28:C>G-28:C>G,34079859.0,37285877.0,0.10813272794487828
100013877|F|0-19:G>T-19:G>T,100051037|F|0-43:C>T-43:C>T,34079859.0,37902767.0,0.0002913010231948453
100013877|F|0-19:G>T-19:G>T,100020809|F|0-53:C>G-53:C>G,34079859.0,39838084.0,0.02560589860108698
100013877|F|0-19:G>T-19:G>T,100029380|F|0-39:A>C-39:A>C,34079859.0,40729560.0,0.0033122526851328393
100013877|F|0-19:G>T-19:G>T,100013950|F|0-50:T>C-50:T>C,34079859.0,40800799.0,0.028079215233932347
100013877|F|0-19:G>T-19:G>T,100015799|F|0-68:C>T-68:C>T,34079859.0,40825452.0,0.0005532733031799403
100013877|F|0-19:G>T-19:G>T,100043188|F|0-42:C>T-42:C>T,34079859.0,40979122.0,0.010068789747850838
100013877|F|0-19:G>T-19:G>T,100015076|F|0-33:T>C-33:T>C,34079859.0,40986668.0,0.010091375628016543
100013877|F|0-19:G>T-19:G>T,100018802|F|0-14:G>A-14:G>A,34079859.0,40988293.0,0.010068789747850831
100013877|F|0-19:G>T-19:G>T,100018271|F|0-48:A>G-48:A>G,34079859.0,41002080.0,0.0029425648486349253
100013877|F|0-19:G>T-19:G>T,100017658|F|0-34:T>G-34:T>G,34079859.0,41027371.0,0.002978519157929459
100013877|F|0-19:G>T-19:G>T,100017206|F|0-15:G>C-15:G>C,34079859.0,41065538.0,0.0019986998077375284
100013877|F|0-19:G>T-19:G>T,100040329|F|0-26:A>G-26:A>G,34079859.0,41159215.0,0.0015371892593719783
100013877|F|0-19:G>T-19:G>T,100035489|F|0-33:C>A-33:C>A,34079859.0,41159220.0,0.002197224421259929
100013877|F|0-19:G>T-19:G>T,100021166|F|0-38:T>C-38:T>C,34079859.0,41233248.0,0.029009426467650788
100013877|F|0-19:G>T-19:G>T,100020488|F|0-58:T>G-58:T>G,34079859.0,41740174.0,0.03002659517541032
100013877|F|0-19:G>T-19:G>T,100046856|F|0-65:C>A-65:C>A,34079859.0,41864679.0,0.06772396710349712
100013877|F|0-19:G>T-19:G>T,100021425|F|0-50:G>C-50:G>C,34079859.0,42699263.0,0.12007467703830331
100013877|F|0-19:G>T-19:G>T,100032947|F|0-10:A>C-10:A>C,34079859.0,42744717.0,0.045965356016844504
100013877|F|0-19:G>T-19:G>T,100014347|F|0-68:T>C-68:T>C,34079859.0,42858969.0,0.00043285280354246006
100013877|F|0-19:G>T-19:G>T,100016630|F|0-66:A>T-66:A>T,34079859.0,43750313.0,0.020026004870276292
100013877|F|0-19:G>T-19:G>T,100015319|F|0-34:T>A-34:T>A,34079859.0,44449888.0,0.0712406233645403
100013877|F|0-19:G>T-19:G>T,100018345|F|0-65:A>C-65:A>C,34079859.0,44788831.0,0.008350755764321259
100013877|F|0-19:G>T-19:G>T,100017310|F|0-9:T>G-9:T>G,34079859.0,44906172.0,0.0006712832108535869
100013877|F|0-19:G>T-19:G>T,100048863|F|0-39:A>G-39:A>G,34079859.0,44946182.0,0.007446494974007804
100013877|F|0-19:G>T-19:G>T,100033264|F|0-61:C>T-61:C>T,34079859.0,44989593.0,0.04001746787328481
100013877|F|0-19:G>T-19:G>T,100020314|F|0-31:G>A-31:G>A,34079859.0,45007549.0,0.015454516830396817
100013877|F|0-19:G>T-19:G>T,100041823|F|0-64:C>T-64:C>T,34079859.0,45303483.0,0.0015516811848186615
100013877|F|0-19:G>T-19:G>T,100015397|F|0-30:G>C-30:G>C,34079859.0,45844613.0,0.0314269285208775
100013877|F|0-19:G>T-19:G>T,100029049|F|0-10:A>G-10:A>G,34079859.0,46654939.0,0.013707480727042387
100013877|F|0-19:G>T-19:G>T,100030430|F|0-19:A>C-19:A>C,34079859.0,46846957.0,0.025886920459973362
100013877|F|0-19:G>T-19:G>T,100021654|F|0-23:G>T-23:G>T,34079859.0,46876617.0,0.006993679951301601
100013877|F|0-19:G>T-19:G>T,100034493|F|0-32:C>T-32:C>T,34079859.0,46898850.0,0.007014220382548299
100013877|F|0-19:G>T-19:G>T,100019198|F|0-35:G>T-35:G>T,34079859.0,46921983.0,0.002643890689663602
100013877|F|0-19:G>T-19:G>T,100020755|F|0-11:C>A-11:C>A,34079859.0,46921988.0,0.00033287138936441917
100013877|F|0-19:G>T-19:G>T,100030713|F|0-35:T>A-35:T>A,34079859.0,46975334.0,0.004410264891535056
100013877|F|0-19:G>T-19:G>T,100035377|F|0-67:C>G-67:C>G,34079859.0,47016484.0,0.0024623562617101164
100013877|F|0-19:G>T-19:G>T,100014882|F|0-19:A>G-19:A>G,34079859.0,47035718.0,0.0740902877554276
100013877|F|0-19:G>T-19:G>T,100016158|F|0-51:C>A-51:C>A,34079859.0,47150489.0,0.028404281386438503
100035010|F|0-32:A>C-32:A>C,100028703|F|0-9:T>G-9:T>G,34165746.0,34482430.0,0.03059894747657431
100035010|F|0-32:A>C-32:A>C,100014587|F|0-36:A>C-36:A>C,34165746.0,34723473.0,0.00015193758404047694
100035010|F|0-32:A>C-32:A>C,100040405|F|0-35:T>A-35:T>A,34165746.0,34724344.0,0.0076888968124448455
100035010|F|0-32:A>C-32:A>C,100016549|F|0-30:A>G-30:A>G,34165746.0,34725485.0,0.002474920802534319
100035010|F|0-32:A>C-32:A>C,100013542|F|0-30:C>G-30:C>G,34165746.0,34725490.0,0.012374139238811971
100035010|F|0-32:A>C-32:A>C,100021285|F|0-67:T>C-67:T>C,34165746.0,34855449.0,0.21988385906534635
100035010|F|0-32:A>C-32:A>C,100033734|F|0-65:A>G-65:A>G,34165746.0,35379386.0,0.1673574097343927
100035010|F|0-32:A>C-32:A>C,100021520|F|0-23:T>C-23:T>C,34165746.0,36065991.0,0.0010472904303682076
100035010|F|0-32:A>C-32:A>C,100019045|F|0-23:G>C-23:G>C,34165746.0,36149336.0,0.014798552942871078
100035010|F|0-32:A>C-32:A>C,100057957|F|0-57:C>A-57:C>A,34165746.0,36576268.0,0.023606197083213883
100035010|F|0-32:A>C-32:A>C,100014666|F|0-59:T>C-59:T>C,34165746.0,37090975.0,0.0405098541271458
100035010|F|0-32:A>C-32:A>C,100038773|F|0-28:C>G-28:C>G,34165746.0,37285877.0,0.00323919561581329
100035010|F|0-32:A>C-32:A>C,100051037|F|0-43:C>T-43:C>T,34165746.0,37902767.0,0.021699436557840124
100035010|F|0-32:A>C-32:A>C,100020809|F|0-53:C>G-53:C>G,34165746.0,39838084.0,0.00011664743007293523
100035010|F|0-32:A>C-32:A>C,100029380|F|0-39:A>C-39:A>C,34165746.0,40729560.0,0.0026290961967905574
100035010|F|0-32:A>C-32:A>C,100013950|F|0-50:T>C-50:T>C,34165746.0,40800799.0,0.017996353694146556
100035010|F|0-32:A>C-32:A>C,100015799|F|0-68:C>T-68:C>T,34165746.0,40825452.0,1.9060761896774302e-05
100035010|F|0-32:A>C-32:A>C,100043188|F|0-42:C>T-42:C>T,34165746.0,40979122.0,0.011231140140123486
100035010|F|0-32:A>C-32:A>C,100015076|F|0-33:T>C-33:T>C,34165746.0,40986668.0,0.013234108154108713
100035010|F|0-32:A>C-32:A>C,100018802|F|0-14:G>A-14:G>A,34165746.0,40988293.0,0.01937781179139431
100035010|F|0-32:A>C-32:A>C,100018271|F|0-48:A>G-48:A>G,34165746.0,41002080.0,0.012669817187034948
100035010|F|0-32:A>C-32:A>C,100017658|F|0-34:T>G-34:T>G,34165746.0,41027371.0,0.025501908576606717
100035010|F|0-32:A>C-32:A>C,100017206|F|0-15:G>C-15:G>C,34165746.0,41065538.0,0.009980320822272798
100035010|F|0-32:A>C-32:A>C,100040329|F|0-26:A>G-26:A>G,34165746.0,41159215.0,4.1843002249712724e-05
100035010|F|0-32:A>C-32:A>C,100035489|F|0-33:C>A-33:C>A,34165746.0,41159220.0,0.12072691028715467
100035010|F|0-32:A>C-32:A>C,100021166|F|0-38:T>C-38:T>C,34165746.0,41233248.0,0.0450412127096294
100035010|F|0-32:A>C-32:A>C,100020488|F|0-58:T>G-58:T>G,34165746.0,41740174.0,0.058535333573236384
100035010|F|0-32:A>C-32:A>C,100046856|F|0-65:C>A-65:C>A,34165746.0,41864679.0,0.006256767936292279
100035010|F|0-32:A>C-32:A>C,100021425|F|0-50:G>C-50:G>C,34165746.0,42699263.0,0.06607408388004454
100035010|F|0-32:A>C-32:A>C,100032947|F|0-10:A>C-10:A>C,34165746.0,42744717.0,0.010426948946329418
100035010|F|0-32:A>C-32:A>C,100014347|F|0-68:T>C-68:T>C,34165746.0,42858969.0,0.00028573603019220716
100035010|F|0-32:A>C-32:A>C,100016630|F|0-66:A>T-66:A>T,34165746.0,43750313.0,0.0036539929240137063
100035010|F|0-32:A>C-32:A>C,100015319|F|0-34:T>A-34:T>A,34165746.0,44449888.0,0.004275505679602412
100035010|F|0-32:A>C-32:A>C,100018345|F|0-65:A>C-65:A>C,34165746.0,44788831.0,0.01619101726231558
100035010|F|0-32:A>C-32:A>C,100017310|F|0-9:T>G-9:T>G,34165746.0,44906172.0,0.005920335139439483
100035010|F|0-32:A>C-32:A>C,100048863|F|0-39:A>G-39:A>G,34165746.0,44946182.0,0.016693241048146866
100035010|F|0-32:A>C-32:A>C,100033264|F|0-61:C>T-61:C>T,34165746.0,44989593.0,0.03937066087861403
100035010|F|0-32:A>C-32:A>C,100020314|F|0-31:G>A-31:G>A,34165746.0,45007549.0,0.03624226881882634
100035010|F|0-32:A>C-32:A>C,100041823|F|0-64:C>T-64:C>T,34165746.0,45303483.0,0.002488978648647365
100035010|F|0-32:A>C-32:A>C,100015397|F|0-30:G>C-30:G>C,34165746.0,45844613.0,0.00030644879236475824
100035010|F|0-32:A>C-32:A>C,100029049|F|0-10:A>G-10:A>G,34165746.0,46654939.0,0.004922165071362891
100035010|F|0-32:A>C-32:A>C,100030430|F|0-19:A>C-19:A>C,34165746.0,46846957.0,0.0012059932384550973
100035010|F|0-32:A>C-32:A>C,100021654|F|0-23:G>T-23:G>T,34165746.0,46876617.0,0.013051544967383456
100035010|F|0-32:A>C-32:A>C,100034493|F|0-32:C>T-32:C>T,34165746.0,46898850.0,0.001979042188558967
100035010|F|0-32:A>C-32:A>C,100019198|F|0-35:G>T-35:G>T,34165746.0,46921983.0,0.0032283979012360463
100035010|F|0-32:A>C-32:A>C,100020755|F|0-11:C>A-11:C>A,34165746.0,46921988.0,0.007837600260621457
100035010|F|0-32:A>C-32:A>C,100030713|F|0-35:T>A-35:T>A,34165746.0,46975334.0,0.13222368251122432
100035010|F|0-32:A>C-32:A>C,100035377|F|0-67:C>G-67:C>G,34165746.0,47016484.0,0.05632631808512838
100035010|F|0-32:A>C-32:A>C,100014882|F|0-19:A>G-19:A>G,34165746.0,47035718.0,0.002148368752199928
100035010|F|0-32:A>C-32:A>C,100016158|F|0-51:C>A-51:C>A,34165746.0,47150489.0,0.014292763561798547
100028703|F|0-9:T>G-9:T>G,100014587|F|0-36:A>C-36:A>C,34482430.0,34723473.0,0.000897906229270271
100028703|F|0-9:T>G-9:T>G,100040405|F|0-35:T>A-35:T>A,34482430.0,34724344.0,0.002134730611551807
100028703|F|0-9:T>G-9:T>G,100016549|F|0-30:A>G-30:A>G,34482430.0,34725485.0,0.00013266259127186223
100028703|F|0-9:T>G-9:T>G,100013542|F|0-30:C>G-30:C>G,34482430.0,34725490.0,0.020558556480148208
100028703|F|0-9:T>G-9:T>G,100021285|F|0-67:T>C-67:T>C,34482430.0,34855449.0,0.006753019523984426
100028703|F|0-9:T>G-9:T>G,100033734|F|0-65:A>G-65:A>G,34482430.0,35379386.0,0.049832297683037596
100028703|F|0-9:T>G-9:T>G,100021520|F|0-23:T>C-23:T>C,34482430.0,36065991.0,0.07090086793472673
100028703|F|0-9:T>G-9:T>G,100019045|F|0-23:G>C-23:G>C,34482430.0,36149336.0,0.03477708560278805
100028703|F|0-9:T>G-9:T>G,100057957|F|0-57:C>A-57:C>A,34482430.0,36576268.0,0.03008790932138968
100028703|F|0-9:T>G-9:T>G,100014666|F|0-59:T>C-59:T>C,34482430.0,37090975.0,0.0021714400780215677
100028703|F|0-9:T>G-9:T>G,100038773|F|0-28:C>G-28:C>G,34482430.0,37285877.0,0.011870145130163502
100028703|F|0-9:T>G-9:T>G,100051037|F|0-43:C>T-43:C>T,34482430.0,37902767.0,0.03008790932138978
100028703|F|0-9:T>G-9:T>G,100020809|F|0-53:C>G-53:C>G,34482430.0,39838084.0,0.0027574073854683807
100028703|F|0-9:T>G-9:T>G,100029380|F|0-39:A>C-39:A>C,34482430.0,40729560.0,0.0563707273076505
100028703|F|0-9:T>G-9:T>G,100013950|F|0-50:T>C-50:T>C,34482430.0,40800799.0,0.0627668199723046
100028703|F|0-9:T>G-9:T>G,100015799|F|0-68:C>T-68:C>T,34482430.0,40825452.0,0.009416074637104125
100028703|F|0-9:T>G-9:T>G,100043188|F|0-42:C>T-42:C>T,34482430.0,40979122.0,0.012981173488971355
100028703|F|0-9:T>G-9:T>G,100015076|F|0-33:T>C-33:T>C,34482430.0,40986668.0,0.012689096623206827
100028703|F|0-9:T>G-9:T>G,100018802|F|0-14:G>A-14:G>A,34482430.0,40988293.0,0.012981173488971367
100028703|F|0-9:T>G-9:T>G,100018271|F|0-48:A>G-48:A>G,34482430.0,41002080.0,0.012148044478141867
100028703|F|0-9:T>G-9:T>G,100017658|F|0-34:T>G-34:T>G,34482430.0,41027371.0,0.008161752187090547
100028703|F|0-9:T>G-9:T>G,100017206|F|0-15:G>C-15:G>C,34482430.0,41065538.0,0.0030914885673773295
100028703|F|0-9:T>G-9:T>G,100040329|F|0-26:A>G-26:A>G,34482430.0,41159215.0,0.02616119143000464
100028703|F|0-9:T>G-9:T>G,100035489|F|0-33:C>A-33:C>A,34482430.0,41159220.0,0.01678626984138631
100028703|F|0-9:T>G-9:T>G,100021166|F|0-38:T>C-38:T>C,34482430.0,41233248.0,0.013050981064383096
100028703|F|0-9:T>G-9:T>G,100020488|F|0-58:T>G-58:T>G,34482430.0,41740174.0,0.017433198530353477
100028703|F|0-9:T>G-9:T>G,100046856|F|0-65:C>A-65:C>A,34482430.0,41864679.0,0.015448212309898719
100028703|F|0-9:T>G-9:T>G,100021425|F|0-50:G>C-50:G>C,34482430.0,42699263.0,0.036608748732008714
100028703|F|0-9:T>G-9:T>G,100032947|F|0-10:A>C-10:A>C,34482430.0,42744717.0,9.476384077296957e-05
100028703|F|0-9:T>G-9:T>G,100014347|F|0-68:T>C-68:T>C,34482430.0,42858969.0,7.933120515901992e-05
100028703|F|0-9:T>G-9:T>G,100016630|F|0-66:A>T-66:A>T,34482430.0,43750313.0,0.005976298221544971
100028703|F|0-9:T>G-9:T>G,100015319|F|0-34:T>A-34:T>A,34482430.0,44449888.0,0.007834869194774493
100028703|F|0-9:T>G-9:T>G,100018345|F|0-65:A>C-65:A>C,34482430.0,44788831.0,0.01772078596592399
100028703|F|0-9:T>G-9:T>G,100017310|F|0-9:T>G-9:T>G,34482430.0,44906172.0,0.005077541067118737
100028703|F|0-9:T>G-9:T>G,100048863|F|0-39:A>G-39:A>G,34482430.0,44946182.0,0.016272583066786476
100028703|F|0-9:T>G-9:T>G,100033264|F|0-61:C>T-61:C>T,34482430.0,44989593.0,0.0021103761732069607
100028703|F|0-9:T>G-9:T>G,100020314|F|0-31:G>A-31:G>A,34482430.0,45007549.0,0.0035959995457234216
100028703|F|0-9:T>G-9:T>G,100041823|F|0-64:C>T-64:C>T,34482430.0,45303483.0,0.008910642856979654
100028703|F|0-9:T>G-9:T>G,100015397|F|0-30:G>C-30:G>C,34482430.0,45844613.0,0.017528902531222523
100028703|F|0-9:T>G-9:T>G,100029049|F|0-10:A>G-10:A>G,34482430.0,46654939.0,0.0037980871937291377
100028703|F|0-9:T>G-9:T>G,100030430|F|0-19:A>C-19:A>C,34482430.0,46846957.0,0.0031784971576283285
100028703|F|0-9:T>G-9:T>G,100021654|F|0-23:G>T-23:G>T,34482430.0,46876617.0,0.006855804342961639
100028703|F|0-9:T>G-9:T>G,100034493|F|0-32:C>T-32:C>T,34482430.0,46898850.0,0.0020516289003880642
100028703|F|0-9:T>G-9:T>G,100019198|F|0-35:G>T-35:G>T,34482430.0,46921983.0,0.008669832006517632
100028703|F|0-9:T>G-9:T>G,100020755|F|0-11:C>A-11:C>A,34482430.0,46921988.0,0.005665087812474016
100028703|F|0-9:T>G-9:T>G,100030713|F|0-35:T>A-35:T>A,34482430.0,46975334.0,0.0008979062292702738
100028703|F|0-9:T>G-9:T>G,100035377|F|0-67:C>G-67:C>G,34482430.0,47016484.0,0.001896030743263877
100028703|F|0-9:T>G-9:T>G,100014882|F|0-19:A>G-19:A>G,34482430.0,47035718.0,6.633129563593289e-06
100028703|F|0-9:T>G-9:T>G,100016158|F|0-51:C>A-51:C>A,34482430.0,47150489.0,0.00661233547370539
100014587|F|0-36:A>C-36:A>C,100040405|F|0-35:T>A-35:T>A,34723473.0,34724344.0,0.7401546295431201
100014587|F|0-36:A>C-36:A>C,100016549|F|0-30:A>G-30:A>G,34723473.0,34725485.0,0.7320293764988032
100014587|F|0-36:A>C-36:A>C,100013542|F|0-30:C>G-30:C>G,34723473.0,34725490.0,0.00936304044521693
100014587|F|0-36:A>C-36:A>C,100021285|F|0-67:T>C-67:T>C,34723473.0,34855449.0,0.0037775012548101174
100014587|F|0-36:A>C-36:A>C,100033734|F|0-65:A>G-65:A>G,34723473.0,35379386.0,0.0001265478382465528
100014587|F|0-36:A>C-36:A>C,100021520|F|0-23:T>C-23:T>C,34723473.0,36065991.0,0.026480224271287177
100014587|F|0-36:A>C-36:A>C,100019045|F|0-23:G>C-23:G>C,34723473.0,36149336.0,0.00044125641586828523
100014587|F|0-36:A>C-36:A>C,100057957|F|0-57:C>A-57:C>A,34723473.0,36576268.0,0.016751118640462543
100014587|F|0-36:A>C-36:A>C,100014666|F|0-59:T>C-59:T>C,34723473.0,37090975.0,0.032278601897243235
100014587|F|0-36:A>C-36:A>C,100038773|F|0-28:C>G-28:C>G,34723473.0,37285877.0,0.0036923016331460333
100014587|F|0-36:A>C-36:A>C,100051037|F|0-43:C>T-43:C>T,34723473.0,37902767.0,0.010977490446924393
100014587|F|0-36:A>C-36:A>C,100020809|F|0-53:C>G-53:C>G,34723473.0,39838084.0,0.035762088004015424
100014587|F|0-36:A>C-36:A>C,100029380|F|0-39:A>C-39:A>C,34723473.0,40729560.0,0.002830522467272062
100014587|F|0-36:A>C-36:A>C,100013950|F|0-50:T>C-50:T>C,34723473.0,40800799.0,0.005583561319958101
100014587|F|0-36:A>C-36:A>C,100015799|F|0-68:C>T-68:C>T,34723473.0,40825452.0,0.04365893566735065
100014587|F|0-36:A>C-36:A>C,100043188|F|0-42:C>T-42:C>T,34723473.0,40979122.0,0.0006000760096278852
100014587|F|0-36:A>C-36:A>C,100015076|F|0-33:T>C-33:T>C,34723473.0,40986668.0,0.00034149895273654344
100014587|F|0-36:A>C-36:A>C,100018802|F|0-14:G>A-14:G>A,34723473.0,40988293.0,0.00020419253105393397
100014587|F|0-36:A>C-36:A>C,100018271|F|0-48:A>G-48:A>G,34723473.0,41002080.0,0.00032693773168179937
100014587|F|0-36:A>C-36:A>C,100017658|F|0-34:T>G-34:T>G,34723473.0,41027371.0,0.0008886171695055016
100014587|F|0-36:A>C-36:A>C,100017206|F|0-15:G>C-15:G>C,34723473.0,41065538.0,0.005771556040366266
100014587|F|0-36:A>C-36:A>C,100040329|F|0-26:A>G-26:A>G,34723473.0,41159215.0,0.009390029609936151
100014587|F|0-36:A>C-36:A>C,100035489|F|0-33:C>A-33:C>A,34723473.0,41159220.0,0.010149940057596982
100014587|F|0-36:A>C-36:A>C,100021166|F|0-38:T>C-38:T>C,34723473.0,41233248.0,0.005834668757884692
100014587|F|0-36:A>C-36:A>C,100020488|F|0-58:T>G-58:T>G,34723473.0,41740174.0,0.027510952132149026
100014587|F|0-36:A>C-36:A>C,100046856|F|0-65:C>A-65:C>A,34723473.0,41864679.0,0.021780346423498128
100014587|F|0-36:A>C-36:A>C,100021425|F|0-50:G>C-50:G>C,34723473.0,42699263.0,2.6218092581328934e-05
100014587|F|0-36:A>C-36:A>C,100032947|F|0-10:A>C-10:A>C,34723473.0,42744717.0,0.0001966457524517459
100014587|F|0-36:A>C-36:A>C,100014347|F|0-68:T>C-68:T>C,34723473.0,42858969.0,0.011851522642889554
100014587|F|0-36:A>C-36:A>C,100016630|F|0-66:A>T-66:A>T,34723473.0,43750313.0,0.005715567040700492
100014587|F|0-36:A>C-36:A>C,100015319|F|0-34:T>A-34:T>A,34723473.0,44449888.0,0.006687735814720886
100014587|F|0-36:A>C-36:A>C,100018345|F|0-65:A>C-65:A>C,34723473.0,44788831.0,0.00015193758404047515
100014587|F|0-36:A>C-36:A>C,100017310|F|0-9:T>G-9:T>G,34723473.0,44906172.0,0.03501297322797491
100014587|F|0-36:A>C-36:A>C,100048863|F|0-39:A>G-39:A>G,34723473.0,44946182.0,0.00018798381916398108
100014587|F|0-36:A>C-36:A>C,100033264|F|0-61:C>T-61:C>T,34723473.0,44989593.0,0.0026728947093316107
100014587|F|0-36:A>C-36:A>C,100020314|F|0-31:G>A-31:G>A,34723473.0,45007549.0,0.016003015679399147
100014587|F|0-36:A>C-36:A>C,100041823|F|0-64:C>T-64:C>T,34723473.0,45303483.0,0.00025808949253153306
100014587|F|0-36:A>C-36:A>C,100015397|F|0-30:G>C-30:G>C,34723473.0,45844613.0,0.0057279017550291005
100014587|F|0-36:A>C-36:A>C,100029049|F|0-10:A>G-10:A>G,34723473.0,46654939.0,0.027422618356927306
100014587|F|0-36:A>C-36:A>C,100030430|F|0-19:A>C-19:A>C,34723473.0,46846957.0,0.004347317901646861
100014587|F|0-36:A>C-36:A>C,100021654|F|0-23:G>T-23:G>T,34723473.0,46876617.0,0.01553990452497811
100014587|F|0-36:A>C-36:A>C,100034493|F|0-32:C>T-32:C>T,34723473.0,46898850.0,0.007834971132484141
100014587|F|0-36:A>C-36:A>C,100019198|F|0-35:G>T-35:G>T,34723473.0,46921983.0,0.004678214749298018
100014587|F|0-36:A>C-36:A>C,100020755|F|0-11:C>A-11:C>A,34723473.0,46921988.0,0.019141601612327135
100014587|F|0-36:A>C-36:A>C,100030713|F|0-35:T>A-35:T>A,34723473.0,46975334.0,0.0006340251539775386
100014587|F|0-36:A>C-36:A>C,100035377|F|0-67:C>G-67:C>G,34723473.0,47016484.0,0.009958135186765856
100014587|F|0-36:A>C-36:A>C,100014882|F|0-19:A>G-19:A>G,34723473.0,47035718.0,0.02634611061151075
100014587|F|0-36:A>C-36:A>C,100016158|F|0-51:C>A-51:C>A,34723473.0,47150489.0,0.005764283921699818
100040405|F|0-35:T>A-35:T>A,100016549|F|0-30:A>G-30:A>G,34724344.0,34725485.0,0.5557584776334769
100040405|F|0-35:T>A-35:T>A,100013542|F|0-30:C>G-30:C>G,34724344.0,34725490.0,0.0023268984536590183
100040405|F|0-35:T>A-35:T>A,100021285|F|0-67:T>C-67:T>C,34724344.0,34855449.0,0.0010767454444780052
100040405|F|0-35:T>A-35:T>A,100033734|F|0-65:A>G-65:A>G,34724344.0,35379386.0,0.006404032789257045
100040405|F|0-35:T>A-35:T>A,100021520|F|0-23:T>C-23:T>C,34724344.0,36065991.0,0.016462410828608026
100040405|F|0-35:T>A-35:T>A,100019045|F|0-23:G>C-23:G>C,34724344.0,36149336.0,0.014414702896057164
100040405|F|0-35:T>A-35:T>A,100057957|F|0-57:C>A-57:C>A,34724344.0,36576268.0,0.02543975735633605
100040405|F|0-35:T>A-35:T>A,100014666|F|0-59:T>C-59:T>C,34724344.0,37090975.0,0.014078841512469818
100040405|F|0-35:T>A-35:T>A,100038773|F|0-28:C>G-28:C>G,34724344.0,37285877.0,0.002419512513034408
100040405|F|0-35:T>A-35:T>A,100051037|F|0-43:C>T-43:C>T,34724344.0,37902767.0,0.01632004918699742
100040405|F|0-35:T>A-35:T>A,100020809|F|0-53:C>G-53:C>G,34724344.0,39838084.0,0.02893133997785156
100040405|F|0-35:T>A-35:T>A,100029380|F|0-39:A>C-39:A>C,34724344.0,40729560.0,0.0005987864594421938
100040405|F|0-35:T>A-35:T>A,100013950|F|0-50:T>C-50:T>C,34724344.0,40800799.0,0.0022108662073450753
100040405|F|0-35:T>A-35:T>A,100015799|F|0-68:C>T-68:C>T,34724344.0,40825452.0,0.024419022613968517
100040405|F|0-35:T>A-35:T>A,100043188|F|0-42:C>T-42:C>T,34724344.0,40979122.0,0.0062598044525755
100040405|F|0-35:T>A-35:T>A,100015076|F|0-33:T>C-33:T>C,34724344.0,40986668.0,0.005482035545326663
100040405|F|0-35:T>A-35:T>A,100018802|F|0-14:G>A-14:G>A,34724344.0,40988293.0,0.006259804452575496
100040405|F|0-35:T>A-35:T>A,100018271|F|0-48:A>G-48:A>G,34724344.0,41002080.0,0.00524828627386977
100040405|F|0-35:T>A-35:T>A,100017658|F|0-34:T>G-34:T>G,34724344.0,41027371.0,0.006787477637279974
100040405|F|0-35:T>A-35:T>A,100017206|F|0-15:G>C-15:G>C,34724344.0,41065538.0,0.028444145772665595
100040405|F|0-35:T>A-35:T>A,100040329|F|0-26:A>G-26:A>G,34724344.0,41159215.0,2.14422744212541e-05
100040405|F|0-35:T>A-35:T>A,100035489|F|0-33:C>A-33:C>A,34724344.0,41159220.0,0.03630268205385343
100040405|F|0-35:T>A-35:T>A,100021166|F|0-38:T>C-38:T>C,34724344.0,41233248.0,0.00282744506678156
100040405|F|0-35:T>A-35:T>A,100020488|F|0-58:T>G-58:T>G,34724344.0,41740174.0,0.06258464533604188
100040405|F|0-35:T>A-35:T>A,100046856|F|0-65:C>A-65:C>A,34724344.0,41864679.0,0.01762018501668179
100040405|F|0-35:T>A-35:T>A,100021425|F|0-50:G>C-50:G>C,34724344.0,42699263.0,0.0005998920904168721
100040405|F|0-35:T>A-35:T>A,100032947|F|0-10:A>C-10:A>C,34724344.0,42744717.0,0.008414432966862638
100040405|F|0-35:T>A-35:T>A,100014347|F|0-68:T>C-68:T>C,34724344.0,42858969.0,0.0020307877450734643
100040405|F|0-35:T>A-35:T>A,100016630|F|0-66:A>T-66:A>T,34724344.0,43750313.0,0.0017554735296670693
100040405|F|0-35:T>A-35:T>A,100015319|F|0-34:T>A-34:T>A,34724344.0,44449888.0,0.0030697239803479325
100040405|F|0-35:T>A-35:T>A,100018345|F|0-65:A>C-65:A>C,34724344.0,44788831.0,0.0007405477310440365
100040405|F|0-35:T>A-35:T>A,100017310|F|0-9:T>G-9:T>G,34724344.0,44906172.0,0.012135405578028504
100040405|F|0-35:T>A-35:T>A,100048863|F|0-39:A>G-39:A>G,34724344.0,44946182.0,0.0006754228828696896
100040405|F|0-35:T>A-35:T>A,100033264|F|0-61:C>T-61:C>T,34724344.0,44989593.0,0.0024883196943962993
100040405|F|0-35:T>A-35:T>A,100020314|F|0-31:G>A-31:G>A,34724344.0,45007549.0,0.03701587586906426
100040405|F|0-35:T>A-35:T>A,100041823|F|0-64:C>T-64:C>T,34724344.0,45303483.0,0.007431376545726332
100040405|F|0-35:T>A-35:T>A,100015397|F|0-30:G>C-30:G>C,34724344.0,45844613.0,0.0019852758706261874
100040405|F|0-35:T>A-35:T>A,100029049|F|0-10:A>G-10:A>G,34724344.0,46654939.0,0.043996997626029835
100040405|F|0-35:T>A-35:T>A,100030430|F|0-19:A>C-19:A>C,34724344.0,46846957.0,0.006735003502244874
100040405|F|0-35:T>A-35:T>A,100021654|F|0-23:G>T-23:G>T,34724344.0,46876617.0,0.02912974875591698
100040405|F|0-35:T>A-35:T>A,100034493|F|0-32:C>T-32:C>T,34724344.0,46898850.0,0.014609341932672016
100040405|F|0-35:T>A-35:T>A,100019198|F|0-35:G>T-35:G>T,34724344.0,46921983.0,0.0001954881704402404
100040405|F|0-35:T>A-35:T>A,100020755|F|0-11:C>A-11:C>A,34724344.0,46921988.0,0.013378945227349464
100040405|F|0-35:T>A-35:T>A,100030713|F|0-35:T>A-35:T>A,34724344.0,46975334.0,0.000486623688062534
100040405|F|0-35:T>A-35:T>A,100035377|F|0-67:C>G-67:C>G,34724344.0,47016484.0,0.012522317607063366
100040405|F|0-35:T>A-35:T>A,100014882|F|0-19:A>G-19:A>G,34724344.0,47035718.0,0.009131493506493504
100040405|F|0-35:T>A-35:T>A,100016158|F|0-51:C>A-51:C>A,34724344.0,47150489.0,0.001076745444478003
100016549|F|0-30:A>G-30:A>G,100013542|F|0-30:C>G-30:C>G,34725485.0,34725490.0,0.010845521849042986
100016549|F|0-30:A>G-30:A>G,100021285|F|0-67:T>C-67:T>C,34725485.0,34855449.0,0.01962209302325584
100016549|F|0-30:A>G-30:A>G,100033734|F|0-65:A>G-65:A>G,34725485.0,35379386.0,0.002061345646437999
100016549|F|0-30:A>G-30:A>G,100021520|F|0-23:T>C-23:T>C,34725485.0,36065991.0,0.030672926447574356
100016549|F|0-30:A>G-30:A>G,100019045|F|0-23:G>C-23:G>C,34725485.0,36149336.0,0.011776251226692812
100016549|F|0-30:A>G-30:A>G,100057957|F|0-57:C>A-57:C>A,34725485.0,36576268.0,0.019403379091869066
100016549|F|0-30:A>G-30:A>G,100014666|F|0-59:T>C-59:T>C,34725485.0,37090975.0,0.009832841691248722
100016549|F|0-30:A>G-30:A>G,100038773|F|0-28:C>G-28:C>G,34725485.0,37285877.0,0.011409861618004884
100016549|F|0-30:A>G-30:A>G,100051037|F|0-43:C>T-43:C>T,34725485.0,37902767.0,0.012715593101020732
100016549|F|0-30:A>G-30:A>G,100020809|F|0-53:C>G-53:C>G,34725485.0,39838084.0,0.041424418604651146
100016549|F|0-30:A>G-30:A>G,100029380|F|0-39:A>C-39:A>C,34725485.0,40729560.0,0.003278688524590157
100016549|F|0-30:A>G-30:A>G,100013950|F|0-50:T>C-50:T>C,34725485.0,40800799.0,0.006467625195618152
100016549|F|0-30:A>G-30:A>G,100015799|F|0-68:C>T-68:C>T,34725485.0,40825452.0,0.029851083032491003
100016549|F|0-30:A>G-30:A>G,100043188|F|0-42:C>T-42:C>T,34725485.0,40979122.0,0.00023652301513747375
100016549|F|0-30:A>G-30:A>G,100015076|F|0-33:T>C-33:T>C,34725485.0,40986668.0,0.0004883575558681035
100016549|F|0-30:A>G-30:A>G,100018802|F|0-14:G>A-14:G>A,34725485.0,40988293.0,0.0032630522088353472
100016549|F|0-30:A>G-30:A>G,100018271|F|0-48:A>G-48:A>G,34725485.0,41002080.0,0.0004675344105326153
100016549|F|0-30:A>G-30:A>G,100017658|F|0-34:T>G-34:T>G,34725485.0,41027371.0,7.319572536963775e-05
100016549|F|0-30:A>G-30:A>G,100017206|F|0-15:G>C-15:G>C,34725485.0,41065538.0,0.001842659446450062
100016549|F|0-30:A>G-30:A>G,100040329|F|0-26:A>G-26:A>G,34725485.0,41159215.0,0.021134321005455002
100016549|F|0-30:A>G-30:A>G,100035489|F|0-33:C>A-33:C>A,34725485.0,41159220.0,0.011757013900049853
100016549|F|0-30:A>G-30:A>G,100021166|F|0-38:T>C-38:T>C,34725485.0,41233248.0,0.0015995260663507116
100016549|F|0-30:A>G-30:A>G,100020488|F|0-58:T>G-58:T>G,34725485.0,41740174.0,0.017603584729981397
100016549|F|0-30:A>G-30:A>G,100046856|F|0-65:C>A-65:C>A,34725485.0,41864679.0,0.02522890127388539
100016549|F|0-30:A>G-30:A>G,100021425|F|0-50:G>C-50:G>C,34725485.0,42699263.0,0.01214771622934888
100016549|F|0-30:A>G-30:A>G,100032947|F|0-10:A>C-10:A>C,34725485.0,42744717.0,0.010123614663256595
100016549|F|0-30:A>G-30:A>G,100014347|F|0-68:T>C-68:T>C,34725485.0,42858969.0,0.002265658515658518
100016549|F|0-30:A>G-30:A>G,100016630|F|0-66:A>T-66:A>T,34725485.0,43750313.0,0.019216797442603836
100016549|F|0-30:A>G-30:A>G,100015319|F|0-34:T>A-34:T>A,34725485.0,44449888.0,0.007746627318718388
100016549|F|0-30:A>G-30:A>G,100018345|F|0-65:A>C-65:A>C,34725485.0,44788831.0,0.00017599436818021774
100016549|F|0-30:A>G-30:A>G,100017310|F|0-9:T>G-9:T>G,34725485.0,44906172.0,0.025956284153005573
100016549|F|0-30:A>G-30:A>G,100048863|F|0-39:A>G-39:A>G,34725485.0,44946182.0,0.0002177479238649439
100016549|F|0-30:A>G-30:A>G,100033264|F|0-61:C>T-61:C>T,34725485.0,44989593.0,0.00309610303830911
100016549|F|0-30:A>G-30:A>G,100020314|F|0-31:G>A-31:G>A,34725485.0,45007549.0,0.018536826495304026
100016549|F|0-30:A>G-30:A>G,100041823|F|0-64:C>T-64:C>T,34725485.0,45303483.0,0.00029895366218236235
100016549|F|0-30:A>G-30:A>G,100015397|F|0-30:G>C-30:G>C,34725485.0,45844613.0,1.6587048832271413e-05
100016549|F|0-30:A>G-30:A>G,100029049|F|0-10:A>G-10:A>G,34725485.0,46654939.0,0.013608870967741918
100016549|F|0-30:A>G-30:A>G,100030430|F|0-19:A>C-19:A>C,34725485.0,46846957.0,0.005035643236074273
100016549|F|0-30:A>G-30:A>G,100021654|F|0-23:G>T-23:G>T,34725485.0,46876617.0,0.005607476635514014
100016549|F|0-30:A>G-30:A>G,100034493|F|0-32:C>T-32:C>T,34725485.0,46898850.0,0.001220151661826396
100016549|F|0-30:A>G-30:A>G,100019198|F|0-35:G>T-35:G>T,34725485.0,46921983.0,0.003494439904878641
100016549|F|0-30:A>G-30:A>G,100020755|F|0-11:C>A-11:C>A,34725485.0,46921988.0,0.008311170212765947
100016549|F|0-30:A>G-30:A>G,100030713|F|0-35:T>A-35:T>A,34725485.0,46975334.0,0.0007344124700239826
100016549|F|0-30:A>G-30:A>G,100035377|F|0-67:C>G-67:C>G,34725485.0,47016484.0,0.003459144172421001
100016549|F|0-30:A>G-30:A>G,100014882|F|0-19:A>G-19:A>G,34725485.0,47035718.0,0.007427300347222229
100016549|F|0-30:A>G-30:A>G,100016158|F|0-51:C>A-51:C>A,34725485.0,47150489.0,0.00667696220930231
100013542|F|0-30:C>G-30:C>G,100021285|F|0-67:T>C-67:T>C,34725490.0,34855449.0,0.0029117009750812624
100013542|F|0-30:C>G-30:C>G,100033734|F|0-65:A>G-65:A>G,34725490.0,35379386.0,0.0014124051527894081
100013542|F|0-30:C>G-30:C>G,100021520|F|0-23:T>C-23:T>C,34725490.0,36065991.0,0.008704266044079596
100013542|F|0-30:C>G-30:C>G,100019045|F|0-23:G>C-23:G>C,34725490.0,36149336.0,0.08315475627221472
100013542|F|0-30:C>G-30:C>G,100057957|F|0-57:C>A-57:C>A,34725490.0,36576268.0,9.266875724332211e-05
100013542|F|0-30:C>G-30:C>G,100014666|F|0-59:T>C-59:T>C,34725490.0,37090975.0,0.013906333394056178
100013542|F|0-30:C>G-30:C>G,100038773|F|0-28:C>G-28:C>G,34725490.0,37285877.0,0.13936277688590862
100013542|F|0-30:C>G-30:C>G,100051037|F|0-43:C>T-43:C>T,34725490.0,37902767.0,0.09888786050720703
100013542|F|0-30:C>G-30:C>G,100020809|F|0-53:C>G-53:C>G,34725490.0,39838084.0,0.1638426264204188
100013542|F|0-30:C>G-30:C>G,100029380|F|0-39:A>C-39:A>C,34725490.0,40729560.0,0.0068417017447264476
100013542|F|0-30:C>G-30:C>G,100013950|F|0-50:T>C-50:T>C,34725490.0,40800799.0,0.000435213302203978
100013542|F|0-30:C>G-30:C>G,100015799|F|0-68:C>T-68:C>T,34725490.0,40825452.0,0.0008262571820816574
100013542|F|0-30:C>G-30:C>G,100043188|F|0-42:C>T-42:C>T,34725490.0,40979122.0,0.03341844752122922
100013542|F|0-30:C>G-30:C>G,100015076|F|0-33:T>C-33:T>C,34725490.0,40986668.0,0.03689138690921544
100013542|F|0-30:C>G-30:C>G,100018802|F|0-14:G>A-14:G>A,34725490.0,40988293.0,0.03341844752122923
100013542|F|0-30:C>G-30:C>G,100018271|F|0-48:A>G-48:A>G,34725490.0,41002080.0,0.03531836996290681
100013542|F|0-30:C>G-30:C>G,100017658|F|0-34:T>G-34:T>G,34725490.0,41027371.0,0.04112727444019545
100013542|F|0-30:C>G-30:C>G,100017206|F|0-15:G>C-15:G>C,34725490.0,41065538.0,0.010712117439122096
100013542|F|0-30:C>G-30:C>G,100040329|F|0-26:A>G-26:A>G,34725490.0,41159215.0,0.00010388244631132714
100013542|F|0-30:C>G-30:C>G,100035489|F|0-33:C>A-33:C>A,34725490.0,41159220.0,0.0002675341217094027
100013542|F|0-30:C>G-30:C>G,100021166|F|0-38:T>C-38:T>C,34725490.0,41233248.0,0.018051711655276168
100013542|F|0-30:C>G-30:C>G,100020488|F|0-58:T>G-58:T>G,34725490.0,41740174.0,0.02071518064121737
100013542|F|0-30:C>G-30:C>G,100046856|F|0-65:C>A-65:C>A,34725490.0,41864679.0,0.24002491184244137
100013542|F|0-30:C>G-30:C>G,100021425|F|0-50:G>C-50:G>C,34725490.0,42699263.0,0.03616360644242222
100013542|F|0-30:C>G-30:C>G,100032947|F|0-10:A>C-10:A>C,34725490.0,42744717.0,0.021322109323261958
100013542|F|0-30:C>G-30:C>G,100014347|F|0-68:T>C-68:T>C,34725490.0,42858969.0,0.0026384920751117815
100013542|F|0-30:C>G-30:C>G,100016630|F|0-66:A>T-66:A>T,34725490.0,43750313.0,9.445715942762034e-07
100013542|F|0-30:C>G-30:C>G,100015319|F|0-34:T>A-34:T>A,34725490.0,44449888.0,0.0033781623454568308
100013542|F|0-30:C>G-30:C>G,100018345|F|0-65:A>C-65:A>C,34725490.0,44788831.0,0.02965514637659441
100013542|F|0-30:C>G-30:C>G,100017310|F|0-9:T>G-9:T>G,34725490.0,44906172.0,0.048762943360033936
100013542|F|0-30:C>G-30:C>G,100048863|F|0-39:A>G-39:A>G,34725490.0,44946182.0,0.030322845560219077
100013542|F|0-30:C>G-30:C>G,100033264|F|0-61:C>T-61:C>T,34725490.0,44989593.0,0.0012036449977172277
100013542|F|0-30:C>G-30:C>G,100020314|F|0-31:G>A-31:G>A,34725490.0,45007549.0,0.03468789848486714
100013542|F|0-30:C>G-30:C>G,100041823|F|0-64:C>T-64:C>T,34725490.0,45303483.0,0.021425552278833374
100013542|F|0-30:C>G-30:C>G,100015397|F|0-30:G>C-30:G>C,34725490.0,45844613.0,0.01794894797496394
100013542|F|0-30:C>G-30:C>G,100029049|F|0-10:A>G-10:A>G,34725490.0,46654939.0,0.01803403391814909
100013542|F|0-30:C>G-30:C>G,100030430|F|0-19:A>C-19:A>C,34725490.0,46846957.0,0.009173896675297685
100013542|F|0-30:C>G-30:C>G,100021654|F|0-23:G>T-23:G>T,34725490.0,46876617.0,0.00015821022468383343
100013542|F|0-30:C>G-30:C>G,100034493|F|0-32:C>T-32:C>T,34725490.0,46898850.0,0.00011563161079815636
100013542|F|0-30:C>G-30:C>G,100019198|F|0-35:G>T-35:G>T,34725490.0,46921983.0,0.0033123432421132454
100013542|F|0-30:C>G-30:C>G,100020755|F|0-11:C>A-11:C>A,34725490.0,46921988.0,0.016735437172955846
100013542|F|0-30:C>G-30:C>G,100030713|F|0-35:T>A-35:T>A,34725490.0,46975334.0,0.0671196520573357
100013542|F|0-30:C>G-30:C>G,100035377|F|0-67:C>G-67:C>G,34725490.0,47016484.0,0.0038768270446475246
100013542|F|0-30:C>G-30:C>G,100014882|F|0-19:A>G-19:A>G,34725490.0,47035718.0,0.02091021691043693
100013542|F|0-30:C>G-30:C>G,100016158|F|0-51:C>A-51:C>A,34725490.0,47150489.0,0.0042581067802161575
100021285|F|0-67:T>C-67:T>C,100033734|F|0-65:A>G-65:A>G,34855449.0,35379386.0,0.48507905340451135
100021285|F|0-67:T>C-67:T>C,100021520|F|0-23:T>C-23:T>C,34855449.0,36065991.0,0.004128452887869845
100021285|F|0-67:T>C-67:T>C,100019045|F|0-23:G>C-23:G>C,34855449.0,36149336.0,0.01669514686080745
100021285|F|0-67:T>C-67:T>C,100057957|F|0-57:C>A-57:C>A,34855449.0,36576268.0,0.03182633039463668
100021285|F|0-67:T>C-67:T>C,100014666|F|0-59:T>C-59:T>C,34855449.0,37090975.0,0.08644289805858577
100021285|F|0-67:T>C-67:T>C,100038773|F|0-28:C>G-28:C>G,34855449.0,37285877.0,0.02232765686004069
100021285|F|0-67:T>C-67:T>C,100051037|F|0-43:C>T-43:C>T,34855449.0,37902767.0,0.0032477100267675123
100021285|F|0-67:T>C-67:T>C,100020809|F|0-53:C>G-53:C>G,34855449.0,39838084.0,0.023120605732828557
100021285|F|0-67:T>C-67:T>C,100029380|F|0-39:A>C-39:A>C,34855449.0,40729560.0,7.942559410344437e-05
100021285|F|0-67:T>C-67:T>C,100013950|F|0-50:T>C-50:T>C,34855449.0,40800799.0,0.0022727815536630657
100021285|F|0-67:T>C-67:T>C,100015799|F|0-68:C>T-68:C>T,34855449.0,40825452.0,0.002623625220384526
100021285|F|0-67:T>C-67:T>C,100043188|F|0-42:C>T-42:C>T,34855449.0,40979122.0,0.014554416233808225
100021285|F|0-67:T>C-67:T>C,100015076|F|0-33:T>C-33:T>C,34855449.0,40986668.0,0.01595157491904621
100021285|F|0-67:T>C-67:T>C,100018802|F|0-14:G>A-14:G>A,34855449.0,40988293.0,0.014554416233808237
100021285|F|0-67:T>C-67:T>C,100018271|F|0-48:A>G-48:A>G,34855449.0,41002080.0,0.015271413510918133
100021285|F|0-67:T>C-67:T>C,100017658|F|0-34:T>G-34:T>G,34855449.0,41027371.0,0.022681472204348872
100021285|F|0-67:T>C-67:T>C,100017206|F|0-15:G>C-15:G>C,34855449.0,41065538.0,0.02228346929542257
100021285|F|0-67:T>C-67:T>C,100040329|F|0-26:A>G-26:A>G,34855449.0,41159215.0,0.0064849420987787235
100021285|F|0-67:T>C-67:T>C,100035489|F|0-33:C>A-33:C>A,34855449.0,41159220.0,0.2609816386109705
100021285|F|0-67:T>C-67:T>C,100021166|F|0-38:T>C-38:T>C,34855449.0,41233248.0,0.015499283588669652
100021285|F|0-67:T>C-67:T>C,100020488|F|0-58:T>G-58:T>G,34855449.0,41740174.0,0.12669302975185218
100021285|F|0-67:T>C-67:T>C,100046856|F|0-65:C>A-65:C>A,34855449.0,41864679.0,0.014081247222633615
100021285|F|0-67:T>C-67:T>C,100021425|F|0-50:G>C-50:G>C,34855449.0,42699263.0,0.0617862333887044
100021285|F|0-67:T>C-67:T>C,100032947|F|0-10:A>C-10:A>C,34855449.0,42744717.0,0.007554085287426365
100021285|F|0-67:T>C-67:T>C,100014347|F|0-68:T>C-68:T>C,34855449.0,42858969.0,0.001797686390709643
100021285|F|0-67:T>C-67:T>C,100016630|F|0-66:A>T-66:A>T,34855449.0,43750313.0,0.00790864945966222
100021285|F|0-67:T>C-67:T>C,100015319|F|0-34:T>A-34:T>A,34855449.0,44449888.0,0.012706380642378074
100021285|F|0-67:T>C-67:T>C,100018345|F|0-65:A>C-65:A>C,34855449.0,44788831.0,0.01082979298150831
100021285|F|0-67:T>C-67:T>C,100017310|F|0-9:T>G-9:T>G,34855449.0,44906172.0,0.0009054517727792607
100021285|F|0-67:T>C-67:T>C,100048863|F|0-39:A>G-39:A>G,34855449.0,44946182.0,0.011073630723556546
100021285|F|0-67:T>C-67:T>C,100033264|F|0-61:C>T-61:C>T,34855449.0,44989593.0,0.0135479708764708
100021285|F|0-67:T>C-67:T>C,100020314|F|0-31:G>A-31:G>A,34855449.0,45007549.0,0.06380404418949531
100021285|F|0-67:T>C-67:T>C,100041823|F|0-64:C>T-64:C>T,34855449.0,45303483.0,0.057687356606528184
100021285|F|0-67:T>C-67:T>C,100015397|F|0-30:G>C-30:G>C,34855449.0,45844613.0,0.014081247222633615
100021285|F|0-67:T>C-67:T>C,100029049|F|0-10:A>G-10:A>G,34855449.0,46654939.0,0.009732291471305355
100021285|F|0-67:T>C-67:T>C,100030430|F|0-19:A>C-19:A>C,34855449.0,46846957.0,0.018756795154524757
100021285|F|0-67:T>C-67:T>C,100021654|F|0-23:G>T-23:G>T,34855449.0,46876617.0,0.05433601391001967
100021285|F|0-67:T>C-67:T>C,100034493|F|0-32:C>T-32:C>T,34855449.0,46898850.0,0.03807527465724126
100021285|F|0-67:T>C-67:T>C,100019198|F|0-35:G>T-35:G>T,34855449.0,46921983.0,0.052509031827553794
100021285|F|0-67:T>C-67:T>C,100020755|F|0-11:C>A-11:C>A,34855449.0,46921988.0,0.057912749463961674
100021285|F|0-67:T>C-67:T>C,100030713|F|0-35:T>A-35:T>A,34855449.0,46975334.0,0.07952359042998118
100021285|F|0-67:T>C-67:T>C,100035377|F|0-67:C>G-67:C>G,34855449.0,47016484.0,0.06383327676316426
100021285|F|0-67:T>C-67:T>C,100014882|F|0-19:A>G-19:A>G,34855449.0,47035718.0,0.017033066860465098
100021285|F|0-67:T>C-67:T>C,100016158|F|0-51:C>A-51:C>A,34855449.0,47150489.0,0.01095186587344508
100033734|F|0-65:A>G-65:A>G,100021520|F|0-23:T>C-23:T>C,35379386.0,36065991.0,0.0008722814754253985
100033734|F|0-65:A>G-65:A>G,100019045|F|0-23:G>C-23:G>C,35379386.0,36149336.0,0.028837423172562226
100033734|F|0-65:A>G-65:A>G,100057957|F|0-57:C>A-57:C>A,35379386.0,36576268.0,8.35857157584076e-06
100033734|F|0-65:A>G-65:A>G,100014666|F|0-59:T>C-59:T>C,35379386.0,37090975.0,0.10275189846488317
100033734|F|0-65:A>G-65:A>G,100038773|F|0-28:C>G-28:C>G,35379386.0,37285877.0,0.05404196277821644
100033734|F|0-65:A>G-65:A>G,100051037|F|0-43:C>T-43:C>T,35379386.0,37902767.0,0.0023684941290322012
100033734|F|0-65:A>G-65:A>G,100020809|F|0-53:C>G-53:C>G,35379386.0,39838084.0,0.055961219856415376
100033734|F|0-65:A>G-65:A>G,100029380|F|0-39:A>C-39:A>C,35379386.0,40729560.0,0.002189757342445604
100033734|F|0-65:A>G-65:A>G,100013950|F|0-50:T>C-50:T>C,35379386.0,40800799.0,0.01498904744798317
100033734|F|0-65:A>G-65:A>G,100015799|F|0-68:C>T-68:C>T,35379386.0,40825452.0,0.006350234482408258
100033734|F|0-65:A>G-65:A>G,100043188|F|0-42:C>T-42:C>T,35379386.0,40979122.0,0.004408133854679903
100033734|F|0-65:A>G-65:A>G,100015076|F|0-33:T>C-33:T>C,35379386.0,40986668.0,0.0055483603349962855
100033734|F|0-65:A>G-65:A>G,100018802|F|0-14:G>A-14:G>A,35379386.0,40988293.0,0.009354344514245275
100033734|F|0-65:A>G-65:A>G,100018271|F|0-48:A>G-48:A>G,35379386.0,41002080.0,0.005311783031663816
100033734|F|0-65:A>G-65:A>G,100017658|F|0-34:T>G-34:T>G,35379386.0,41027371.0,0.007516660235485526
100033734|F|0-65:A>G-65:A>G,100017206|F|0-15:G>C-15:G>C,35379386.0,41065538.0,0.003963957480241072
100033734|F|0-65:A>G-65:A>G,100040329|F|0-26:A>G-26:A>G,35379386.0,41159215.0,0.0004269219070785936
100033734|F|0-65:A>G-65:A>G,100035489|F|0-33:C>A-33:C>A,35379386.0,41159220.0,0.2119731318061137
100033734|F|0-65:A>G-65:A>G,100021166|F|0-38:T>C-38:T>C,35379386.0,41233248.0,0.026575402134994108
100033734|F|0-65:A>G-65:A>G,100020488|F|0-58:T>G-58:T>G,35379386.0,41740174.0,0.08259508753310447
100033734|F|0-65:A>G-65:A>G,100046856|F|0-65:C>A-65:C>A,35379386.0,41864679.0,0.03408231517738602
100033734|F|0-65:A>G-65:A>G,100021425|F|0-50:G>C-50:G>C,35379386.0,42699263.0,0.03863566723334629
100033734|F|0-65:A>G-65:A>G,100032947|F|0-10:A>C-10:A>C,35379386.0,42744717.0,0.018283942577834198
100033734|F|0-65:A>G-65:A>G,100014347|F|0-68:T>C-68:T>C,35379386.0,42858969.0,0.004351128361682457
100033734|F|0-65:A>G-65:A>G,100016630|F|0-66:A>T-66:A>T,35379386.0,43750313.0,0.0007851923759660598
100033734|F|0-65:A>G-65:A>G,100015319|F|0-34:T>A-34:T>A,35379386.0,44449888.0,0.01296606109684813
100033734|F|0-65:A>G-65:A>G,100018345|F|0-65:A>C-65:A>C,35379386.0,44788831.0,0.026212480461838925
100033734|F|0-65:A>G-65:A>G,100017310|F|0-9:T>G-9:T>G,35379386.0,44906172.0,0.0021915596118632615
100033734|F|0-65:A>G-65:A>G,100048863|F|0-39:A>G-39:A>G,35379386.0,44946182.0,0.02252168500133479
100033734|F|0-65:A>G-65:A>G,100033264|F|0-61:C>T-61:C>T,35379386.0,44989593.0,0.03279157067022655
100033734|F|0-65:A>G-65:A>G,100020314|F|0-31:G>A-31:G>A,35379386.0,45007549.0,0.030185953009171956
100033734|F|0-65:A>G-65:A>G,100041823|F|0-64:C>T-64:C>T,35379386.0,45303483.0,0.01106532807995231
100033734|F|0-65:A>G-65:A>G,100015397|F|0-30:G>C-30:G>C,35379386.0,45844613.0,0.0016189659905102877
100033734|F|0-65:A>G-65:A>G,100029049|F|0-10:A>G-10:A>G,35379386.0,46654939.0,0.023556082787187457
100033734|F|0-65:A>G-65:A>G,100030430|F|0-19:A>C-19:A>C,35379386.0,46846957.0,2.099619968785724e-05
100033734|F|0-65:A>G-65:A>G,100021654|F|0-23:G>T-23:G>T,35379386.0,46876617.0,0.010870548007134698
100033734|F|0-65:A>G-65:A>G,100034493|F|0-32:C>T-32:C>T,35379386.0,46898850.0,0.007128225038121941
100033734|F|0-65:A>G-65:A>G,100019198|F|0-35:G>T-35:G>T,35379386.0,46921983.0,0.008088399249680809
100033734|F|0-65:A>G-65:A>G,100020755|F|0-11:C>A-11:C>A,35379386.0,46921988.0,0.015064684344143198
100033734|F|0-65:A>G-65:A>G,100030713|F|0-35:T>A-35:T>A,35379386.0,46975334.0,0.07751846016590433
100033734|F|0-65:A>G-65:A>G,100035377|F|0-67:C>G-67:C>G,35379386.0,47016484.0,0.02131811835089873
100033734|F|0-65:A>G-65:A>G,100014882|F|0-19:A>G-19:A>G,35379386.0,47035718.0,0.00048384363090002804
100033734|F|0-65:A>G-65:A>G,100016158|F|0-51:C>A-51:C>A,35379386.0,47150489.0,0.026507946247775683
100021520|F|0-23:T>C-23:T>C,100019045|F|0-23:G>C-23:G>C,36065991.0,36149336.0,0.0015232875828737492
100021520|F|0-23:T>C-23:T>C,100057957|F|0-57:C>A-57:C>A,36065991.0,36576268.0,0.08923658104912487
100021520|F|0-23:T>C-23:T>C,100014666|F|0-59:T>C-59:T>C,36065991.0,37090975.0,0.021608015843339275
100021520|F|0-23:T>C-23:T>C,100038773|F|0-28:C>G-28:C>G,36065991.0,37285877.0,0.006693139371508862
100021520|F|0-23:T>C-23:T>C,100051037|F|0-43:C>T-43:C>T,36065991.0,37902767.0,0.0010472904303682035
100021520|F|0-23:T>C-23:T>C,100020809|F|0-53:C>G-53:C>G,36065991.0,39838084.0,0.04148924555082433
100021520|F|0-23:T>C-23:T>C,100029380|F|0-39:A>C-39:A>C,36065991.0,40729560.0,0.09159098488929938
100021520|F|0-23:T>C-23:T>C,100013950|F|0-50:T>C-50:T>C,36065991.0,40800799.0,0.03375101941854577
100021520|F|0-23:T>C-23:T>C,100015799|F|0-68:C>T-68:C>T,36065991.0,40825452.0,0.16779800342367082
100021520|F|0-23:T>C-23:T>C,100043188|F|0-42:C>T-42:C>T,36065991.0,40979122.0,0.016123540750216485
100021520|F|0-23:T>C-23:T>C,100015076|F|0-33:T>C-33:T>C,36065991.0,40986668.0,0.014262791941522556
100021520|F|0-23:T>C-23:T>C,100018802|F|0-14:G>A-14:G>A,36065991.0,40988293.0,0.016123540750216485
100021520|F|0-23:T>C-23:T>C,100018271|F|0-48:A>G-48:A>G,36065991.0,41002080.0,0.007398896671471082
100021520|F|0-23:T>C-23:T>C,100017658|F|0-34:T>G-34:T>G,36065991.0,41027371.0,0.00498968043364859
100021520|F|0-23:T>C-23:T>C,100017206|F|0-15:G>C-15:G>C,36065991.0,41065538.0,0.0028836611055556463
100021520|F|0-23:T>C-23:T>C,100040329|F|0-26:A>G-26:A>G,36065991.0,41159215.0,0.037179430365868564
100021520|F|0-23:T>C-23:T>C,100035489|F|0-33:C>A-33:C>A,36065991.0,41159220.0,0.0008339896421896451
100021520|F|0-23:T>C-23:T>C,100021166|F|0-38:T>C-38:T>C,36065991.0,41233248.0,0.0003365373918074032
100021520|F|0-23:T>C-23:T>C,100020488|F|0-58:T>G-58:T>G,36065991.0,41740174.0,0.05540692947255234
100021520|F|0-23:T>C-23:T>C,100046856|F|0-65:C>A-65:C>A,36065991.0,41864679.0,0.008410334619180062
100021520|F|0-23:T>C-23:T>C,100021425|F|0-50:G>C-50:G>C,36065991.0,42699263.0,0.005239771965124076
100021520|F|0-23:T>C-23:T>C,100032947|F|0-10:A>C-10:A>C,36065991.0,42744717.0,0.0006024263655247741
100021520|F|0-23:T>C-23:T>C,100014347|F|0-68:T>C-68:T>C,36065991.0,42858969.0,0.01740170754255261
100021520|F|0-23:T>C-23:T>C,100016630|F|0-66:A>T-66:A>T,36065991.0,43750313.0,0.039621629807908766
100021520|F|0-23:T>C-23:T>C,100015319|F|0-34:T>A-34:T>A,36065991.0,44449888.0,0.004789840787275643
100021520|F|0-23:T>C-23:T>C,100018345|F|0-65:A>C-65:A>C,36065991.0,44788831.0,0.030365225495882647
100021520|F|0-23:T>C-23:T>C,100017310|F|0-9:T>G-9:T>G,36065991.0,44906172.0,0.032902332024936476
100021520|F|0-23:T>C-23:T>C,100048863|F|0-39:A>G-39:A>G,36065991.0,44946182.0,0.031048912435637056
100021520|F|0-23:T>C-23:T>C,100033264|F|0-61:C>T-61:C>T,36065991.0,44989593.0,0.007938427571151253
100021520|F|0-23:T>C-23:T>C,100020314|F|0-31:G>A-31:G>A,36065991.0,45007549.0,0.0016709252052105037
100021520|F|0-23:T>C-23:T>C,100041823|F|0-64:C>T-64:C>T,36065991.0,45303483.0,0.05533011221288873
100021520|F|0-23:T>C-23:T>C,100015397|F|0-30:G>C-30:G>C,36065991.0,45844613.0,0.0005980682395861377
100021520|F|0-23:T>C-23:T>C,100029049|F|0-10:A>G-10:A>G,36065991.0,46654939.0,0.017250681508405308
100021520|F|0-23:T>C-23:T>C,100030430|F|0-19:A>C-19:A>C,36065991.0,46846957.0,0.0005603915268801085
100021520|F|0-23:T>C-23:T>C,100021654|F|0-23:G>T-23:G>T,36065991.0,46876617.0,2.1938484489491538e-05
100021520|F|0-23:T>C-23:T>C,100034493|F|0-32:C>T-32:C>T,36065991.0,46898850.0,0.0008180739811570345
100021520|F|0-23:T>C-23:T>C,100019198|F|0-35:G>T-35:G>T,36065991.0,46921983.0,0.0012958788169055364
100021520|F|0-23:T>C-23:T>C,100020755|F|0-11:C>A-11:C>A,36065991.0,46921988.0,0.0002549279126294401
100021520|F|0-23:T>C-23:T>C,100030713|F|0-35:T>A-35:T>A,36065991.0,46975334.0,0.0027358394974161555
100021520|F|0-23:T>C-23:T>C,100035377|F|0-67:C>G-67:C>G,36065991.0,47016484.0,0.037580052400614204
100021520|F|0-23:T>C-23:T>C,100014882|F|0-19:A>G-19:A>G,36065991.0,47035718.0,0.0324267654538342
100021520|F|0-23:T>C-23:T>C,100016158|F|0-51:C>A-51:C>A,36065991.0,47150489.0,0.014338696910143008
100019045|F|0-23:G>C-23:G>C,100057957|F|0-57:C>A-57:C>A,36149336.0,36576268.0,0.0003638627430458047
100019045|F|0-23:G>C-23:G>C,100014666|F|0-59:T>C-59:T>C,36149336.0,37090975.0,0.004344084807535868
100019045|F|0-23:G>C-23:G>C,100038773|F|0-28:C>G-28:C>G,36149336.0,37285877.0,0.0021939446143707532
100019045|F|0-23:G>C-23:G>C,100051037|F|0-43:C>T-43:C>T,36149336.0,37902767.0,0.13031299190771306
100019045|F|0-23:G>C-23:G>C,100020809|F|0-53:C>G-53:C>G,36149336.0,39838084.0,0.0742035054887372
100019045|F|0-23:G>C-23:G>C,100029380|F|0-39:A>C-39:A>C,36149336.0,40729560.0,0.0022941837331145426
100019045|F|0-23:G>C-23:G>C,100013950|F|0-50:T>C-50:T>C,36149336.0,40800799.0,0.04307952309868359
100019045|F|0-23:G>C-23:G>C,100015799|F|0-68:C>T-68:C>T,36149336.0,40825452.0,0.001275406270038934
100019045|F|0-23:G>C-23:G>C,100043188|F|0-42:C>T-42:C>T,36149336.0,40979122.0,0.027536127752498703
100019045|F|0-23:G>C-23:G>C,100015076|F|0-33:T>C-33:T>C,36149336.0,40986668.0,0.03400929687093825
100019045|F|0-23:G>C-23:G>C,100018802|F|0-14:G>A-14:G>A,36149336.0,40988293.0,0.035566190935706364
100019045|F|0-23:G>C-23:G>C,100018271|F|0-48:A>G-48:A>G,36149336.0,41002080.0,0.0325591697601936
100019045|F|0-23:G>C-23:G>C,100017658|F|0-34:T>G-34:T>G,36149336.0,41027371.0,0.027772929189492663
100019045|F|0-23:G>C-23:G>C,100017206|F|0-15:G>C-15:G>C,36149336.0,41065538.0,0.01946770879955529
100019045|F|0-23:G>C-23:G>C,100040329|F|0-26:A>G-26:A>G,36149336.0,41159215.0,0.0222565688158851
100019045|F|0-23:G>C-23:G>C,100035489|F|0-33:C>A-33:C>A,36149336.0,41159220.0,0.004412216388379698
100019045|F|0-23:G>C-23:G>C,100021166|F|0-38:T>C-38:T>C,36149336.0,41233248.0,0.0025638461645791587
100019045|F|0-23:G>C-23:G>C,100020488|F|0-58:T>G-58:T>G,36149336.0,41740174.0,0.03552612101907341
100019045|F|0-23:G>C-23:G>C,100046856|F|0-65:C>A-65:C>A,36149336.0,41864679.0,0.08664123688141857
100019045|F|0-23:G>C-23:G>C,100021425|F|0-50:G>C-50:G>C,36149336.0,42699263.0,0.003831090476285853
100019045|F|0-23:G>C-23:G>C,100032947|F|0-10:A>C-10:A>C,36149336.0,42744717.0,0.038092087140996315
100019045|F|0-23:G>C-23:G>C,100014347|F|0-68:T>C-68:T>C,36149336.0,42858969.0,0.021264096705706167
100019045|F|0-23:G>C-23:G>C,100016630|F|0-66:A>T-66:A>T,36149336.0,43750313.0,0.013326675467768893
100019045|F|0-23:G>C-23:G>C,100015319|F|0-34:T>A-34:T>A,36149336.0,44449888.0,0.0059081912465847
100019045|F|0-23:G>C-23:G>C,100018345|F|0-65:A>C-65:A>C,36149336.0,44788831.0,0.07035918913401426
100019045|F|0-23:G>C-23:G>C,100017310|F|0-9:T>G-9:T>G,36149336.0,44906172.0,0.00030566772309721885
100019045|F|0-23:G>C-23:G>C,100048863|F|0-39:A>G-39:A>G,36149336.0,44946182.0,0.07253024950026585
100019045|F|0-23:G>C-23:G>C,100033264|F|0-61:C>T-61:C>T,36149336.0,44989593.0,0.002256336994722466
100019045|F|0-23:G>C-23:G>C,100020314|F|0-31:G>A-31:G>A,36149336.0,45007549.0,0.07660772558171804
100019045|F|0-23:G>C-23:G>C,100041823|F|0-64:C>T-64:C>T,36149336.0,45303483.0,0.003576937294542693
100019045|F|0-23:G>C-23:G>C,100015397|F|0-30:G>C-30:G>C,36149336.0,45844613.0,0.0017259646337423394
100019045|F|0-23:G>C-23:G>C,100029049|F|0-10:A>G-10:A>G,36149336.0,46654939.0,0.0010695228164867513
100019045|F|0-23:G>C-23:G>C,100030430|F|0-19:A>C-19:A>C,36149336.0,46846957.0,0.0005739751095238218
100019045|F|0-23:G>C-23:G>C,100021654|F|0-23:G>T-23:G>T,36149336.0,46876617.0,0.009641576403474166
100019045|F|0-23:G>C-23:G>C,100034493|F|0-32:C>T-32:C>T,36149336.0,46898850.0,0.01324733262589695
100019045|F|0-23:G>C-23:G>C,100019198|F|0-35:G>T-35:G>T,36149336.0,46921983.0,0.0006771888812582972
100019045|F|0-23:G>C-23:G>C,100020755|F|0-11:C>A-11:C>A,36149336.0,46921988.0,0.002255026830643312
100019045|F|0-23:G>C-23:G>C,100030713|F|0-35:T>A-35:T>A,36149336.0,46975334.0,0.0318807760464837
100019045|F|0-23:G>C-23:G>C,100035377|F|0-67:C>G-67:C>G,36149336.0,47016484.0,0.0006376800612591765
100019045|F|0-23:G>C-23:G>C,100014882|F|0-19:A>G-19:A>G,36149336.0,47035718.0,0.015654708967124637
100019045|F|0-23:G>C-23:G>C,100016158|F|0-51:C>A-51:C>A,36149336.0,47150489.0,0.012426683707236937
100057957|F|0-57:C>A-57:C>A,100014666|F|0-59:T>C-59:T>C,36576268.0,37090975.0,0.026823566424635466
100057957|F|0-57:C>A-57:C>A,100038773|F|0-28:C>G-28:C>G,36576268.0,37285877.0,0.0032391956158132973
100057957|F|0-57:C>A-57:C>A,100051037|F|0-43:C>T-43:C>T,36576268.0,37902767.0,0.06449561723845333
100057957|F|0-57:C>A-57:C>A,100020809|F|0-53:C>G-53:C>G,36576268.0,39838084.0,0.04210972225632983
100057957|F|0-57:C>A-57:C>A,100029380|F|0-39:A>C-39:A>C,36576268.0,40729560.0,0.007631231210437307
100057957|F|0-57:C>A-57:C>A,100013950|F|0-50:T>C-50:T>C,36576268.0,40800799.0,0.017996353694146608
100057957|F|0-57:C>A-57:C>A,100015799|F|0-68:C>T-68:C>T,36576268.0,40825452.0,0.007624304758709824
100057957|F|0-57:C>A-57:C>A,100043188|F|0-42:C>T-42:C>T,36576268.0,40979122.0,0.0036190574987791375
100057957|F|0-57:C>A-57:C>A,100015076|F|0-33:T>C-33:T>C,36576268.0,40986668.0,0.00271095684994338
100057957|F|0-57:C>A-57:C>A,100018802|F|0-14:G>A-14:G>A,36576268.0,40988293.0,0.0007253039450466936
100057957|F|0-57:C>A-57:C>A,100018271|F|0-48:A>G-48:A>G,36576268.0,41002080.0,0.0025953639860544246
100057957|F|0-57:C>A-57:C>A,100017658|F|0-34:T>G-34:T>G,36576268.0,41027371.0,0.00981777278779254
100057957|F|0-57:C>A-57:C>A,100017206|F|0-15:G>C-15:G>C,36576268.0,41065538.0,0.013571686042990071
100057957|F|0-57:C>A-57:C>A,100040329|F|0-26:A>G-26:A>G,36576268.0,41159215.0,0.007132036417408564
100057957|F|0-57:C>A-57:C>A,100035489|F|0-33:C>A-33:C>A,36576268.0,41159220.0,0.005079896290846757
100057957|F|0-57:C>A-57:C>A,100021166|F|0-38:T>C-38:T>C,36576268.0,41233248.0,0.008135569045676805
100057957|F|0-57:C>A-57:C>A,100020488|F|0-58:T>G-58:T>G,36576268.0,41740174.0,0.05853533357323624
100057957|F|0-57:C>A-57:C>A,100046856|F|0-65:C>A-65:C>A,36576268.0,41864679.0,0.006256767936292276
100057957|F|0-57:C>A-57:C>A,100021425|F|0-50:G>C-50:G>C,36576268.0,42699263.0,0.025494041333534546
100057957|F|0-57:C>A-57:C>A,100032947|F|0-10:A>C-10:A>C,36576268.0,42744717.0,0.010426948946329392
100057957|F|0-57:C>A-57:C>A,100014347|F|0-68:T>C-68:T>C,36576268.0,42858969.0,0.00028573603019220575
100057957|F|0-57:C>A-57:C>A,100016630|F|0-66:A>T-66:A>T,36576268.0,43750313.0,0.005818631589316613
100057957|F|0-57:C>A-57:C>A,100015319|F|0-34:T>A-34:T>A,36576268.0,44449888.0,0.015567488349647662
100057957|F|0-57:C>A-57:C>A,100018345|F|0-65:A>C-65:A>C,36576268.0,44788831.0,0.031471584250380984
100057957|F|0-57:C>A-57:C>A,100017310|F|0-9:T>G-9:T>G,36576268.0,44906172.0,0.01188178371734724
100057957|F|0-57:C>A-57:C>A,100048863|F|0-39:A>G-39:A>G,36576268.0,44946182.0,0.02955436795362436
100057957|F|0-57:C>A-57:C>A,100033264|F|0-61:C>T-61:C>T,36576268.0,44989593.0,0.02025481287637093
100057957|F|0-57:C>A-57:C>A,100020314|F|0-31:G>A-31:G>A,36576268.0,45007549.0,0.007084447543847655
100057957|F|0-57:C>A-57:C>A,100041823|F|0-64:C>T-64:C>T,36576268.0,45303483.0,0.02138272382458653
100057957|F|0-57:C>A-57:C>A,100015397|F|0-30:G>C-30:G>C,36576268.0,45844613.0,0.011168776357118373
100057957|F|0-57:C>A-57:C>A,100029049|F|0-10:A>G-10:A>G,36576268.0,46654939.0,0.004922165071362865
100057957|F|0-57:C>A-57:C>A,100030430|F|0-19:A>C-19:A>C,36576268.0,46846957.0,0.007143177253871646
100057957|F|0-57:C>A-57:C>A,100021654|F|0-23:G>T-23:G>T,36576268.0,46876617.0,0.02852095648827084
100057957|F|0-57:C>A-57:C>A,100034493|F|0-32:C>T-32:C>T,36576268.0,46898850.0,0.021789908724856834
100057957|F|0-57:C>A-57:C>A,100019198|F|0-35:G>T-35:G>T,36576268.0,46921983.0,0.023047261481944272
100057957|F|0-57:C>A-57:C>A,100020755|F|0-11:C>A-11:C>A,36576268.0,46921988.0,0.054371962224868384
100057957|F|0-57:C>A-57:C>A,100030713|F|0-35:T>A-35:T>A,36576268.0,46975334.0,0.0021366222755691945
100057957|F|0-57:C>A-57:C>A,100035377|F|0-67:C>G-67:C>G,36576268.0,47016484.0,2.800663674431007e-05
100057957|F|0-57:C>A-57:C>A,100014882|F|0-19:A>G-19:A>G,36576268.0,47035718.0,0.002148368752199937
100057957|F|0-57:C>A-57:C>A,100016158|F|0-51:C>A-51:C>A,36576268.0,47150489.0,0.0036851378895410105
100014666|F|0-59:T>C-59:T>C,100038773|F|0-28:C>G-28:C>G,37090975.0,37285877.0,0.016821695411579782
100014666|F|0-59:T>C-59:T>C,100051037|F|0-43:C>T-43:C>T,37090975.0,37902767.0,0.00973420177987932
100014666|F|0-59:T>C-59:T>C,100020809|F|0-53:C>G-53:C>G,37090975.0,39838084.0,0.014663511010496002
100014666|F|0-59:T>C-59:T>C,100029380|F|0-39:A>C-39:A>C,37090975.0,40729560.0,0.01974829537211661
100014666|F|0-59:T>C-59:T>C,100013950|F|0-50:T>C-50:T>C,37090975.0,40800799.0,0.0029256166299666203
100014666|F|0-59:T>C-59:T>C,100015799|F|0-68:C>T-68:C>T,37090975.0,40825452.0,0.01578490570056336
100014666|F|0-59:T>C-59:T>C,100043188|F|0-42:C>T-42:C>T,37090975.0,40979122.0,0.02932253178814651
100014666|F|0-59:T>C-59:T>C,100015076|F|0-33:T>C-33:T>C,37090975.0,40986668.0,0.025729960571826135
100014666|F|0-59:T>C-59:T>C,100018802|F|0-14:G>A-14:G>A,37090975.0,40988293.0,0.014778309972360551
100014666|F|0-59:T>C-59:T>C,100018271|F|0-48:A>G-48:A>G,37090975.0,41002080.0,0.024632857226079417
100014666|F|0-59:T>C-59:T>C,100017658|F|0-34:T>G-34:T>G,37090975.0,41027371.0,0.023709261396833534
100014666|F|0-59:T>C-59:T>C,100017206|F|0-15:G>C-15:G>C,37090975.0,41065538.0,0.05681986257686699
100014666|F|0-59:T>C-59:T>C,100040329|F|0-26:A>G-26:A>G,37090975.0,41159215.0,0.01593873389330006
100014666|F|0-59:T>C-59:T>C,100035489|F|0-33:C>A-33:C>A,37090975.0,41159220.0,0.09383628634039276
100014666|F|0-59:T>C-59:T>C,100021166|F|0-38:T>C-38:T>C,37090975.0,41233248.0,0.05290861049364589
100014666|F|0-59:T>C-59:T>C,100020488|F|0-58:T>G-58:T>G,37090975.0,41740174.0,0.11279477925545045
100014666|F|0-59:T>C-59:T>C,100046856|F|0-65:C>A-65:C>A,37090975.0,41864679.0,0.017121357307930817
100014666|F|0-59:T>C-59:T>C,100021425|F|0-50:G>C-50:G>C,37090975.0,42699263.0,0.03134755798653213
100014666|F|0-59:T>C-59:T>C,100032947|F|0-10:A>C-10:A>C,37090975.0,42744717.0,0.005377610355415737
100014666|F|0-59:T>C-59:T>C,100014347|F|0-68:T>C-68:T>C,37090975.0,42858969.0,0.014882138775944057
100014666|F|0-59:T>C-59:T>C,100016630|F|0-66:A>T-66:A>T,37090975.0,43750313.0,0.02603945652760954
100014666|F|0-59:T>C-59:T>C,100015319|F|0-34:T>A-34:T>A,37090975.0,44449888.0,0.04925333412924638
100014666|F|0-59:T>C-59:T>C,100018345|F|0-65:A>C-65:A>C,37090975.0,44788831.0,0.040509854127145764
100014666|F|0-59:T>C-59:T>C,100017310|F|0-9:T>G-9:T>G,37090975.0,44906172.0,0.036752260747618504
100014666|F|0-59:T>C-59:T>C,100048863|F|0-39:A>G-39:A>G,37090975.0,44946182.0,0.037306192973675566
100014666|F|0-59:T>C-59:T>C,100033264|F|0-61:C>T-61:C>T,37090975.0,44989593.0,0.009863691095498029
100014666|F|0-59:T>C-59:T>C,100020314|F|0-31:G>A-31:G>A,37090975.0,45007549.0,0.013168984407922463
100014666|F|0-59:T>C-59:T>C,100041823|F|0-64:C>T-64:C>T,37090975.0,45303483.0,0.0018006666931227422
100014666|F|0-59:T>C-59:T>C,100015397|F|0-30:G>C-30:G>C,37090975.0,45844613.0,0.0563900945080134
100014666|F|0-59:T>C-59:T>C,100029049|F|0-10:A>G-10:A>G,37090975.0,46654939.0,0.02499345798839087
100014666|F|0-59:T>C-59:T>C,100030430|F|0-19:A>C-19:A>C,37090975.0,46846957.0,0.06737909125763876
100014666|F|0-59:T>C-59:T>C,100021654|F|0-23:G>T-23:G>T,37090975.0,46876617.0,0.01282289857469745
100014666|F|0-59:T>C-59:T>C,100034493|F|0-32:C>T-32:C>T,37090975.0,46898850.0,0.01372124036586169
100014666|F|0-59:T>C-59:T>C,100019198|F|0-35:G>T-35:G>T,37090975.0,46921983.0,0.005823754586807881
100014666|F|0-59:T>C-59:T>C,100020755|F|0-11:C>A-11:C>A,37090975.0,46921988.0,0.021447232159668615
100014666|F|0-59:T>C-59:T>C,100030713|F|0-35:T>A-35:T>A,37090975.0,46975334.0,0.00848878419388385
100014666|F|0-59:T>C-59:T>C,100035377|F|0-67:C>G-67:C>G,37090975.0,47016484.0,0.005786747699652065
100014666|F|0-59:T>C-59:T>C,100014882|F|0-19:A>G-19:A>G,37090975.0,47035718.0,0.010234221361848572
100014666|F|0-59:T>C-59:T>C,100016158|F|0-51:C>A-51:C>A,37090975.0,47150489.0,0.010375934691637504
100038773|F|0-28:C>G-28:C>G,100051037|F|0-43:C>T-43:C>T,37285877.0,37902767.0,0.0017632756919661787
100038773|F|0-28:C>G-28:C>G,100020809|F|0-53:C>G-53:C>G,37285877.0,39838084.0,0.07665029281955517
100038773|F|0-28:C>G-28:C>G,100029380|F|0-39:A>C-39:A>C,37285877.0,40729560.0,0.00039886721710342515
100038773|F|0-28:C>G-28:C>G,100013950|F|0-50:T>C-50:T>C,37285877.0,40800799.0,0.06484527603577675
100038773|F|0-28:C>G-28:C>G,100015799|F|0-68:C>T-68:C>T,37285877.0,40825452.0,0.005782843421434033
100038773|F|0-28:C>G-28:C>G,100043188|F|0-42:C>T-42:C>T,37285877.0,40979122.0,0.0006629550205313105
100038773|F|0-28:C>G-28:C>G,100015076|F|0-33:T>C-33:T>C,37285877.0,40986668.0,0.0005672611653508821
100038773|F|0-28:C>G-28:C>G,100018802|F|0-14:G>A-14:G>A,37285877.0,40988293.0,0.0003215416410166218
100038773|F|0-28:C>G-28:C>G,100018271|F|0-48:A>G-48:A>G,37285877.0,41002080.0,0.0016956142132644846
100038773|F|0-28:C>G-28:C>G,100017658|F|0-34:T>G-34:T>G,37285877.0,41027371.0,0.00023847047113470353
100038773|F|0-28:C>G-28:C>G,100017206|F|0-15:G>C-15:G>C,37285877.0,41065538.0,0.007765539130001951
100038773|F|0-28:C>G-28:C>G,100040329|F|0-26:A>G-26:A>G,37285877.0,41159215.0,0.0018278662181749274
100038773|F|0-28:C>G-28:C>G,100035489|F|0-33:C>A-33:C>A,37285877.0,41159220.0,0.003691139951120419
100038773|F|0-28:C>G-28:C>G,100021166|F|0-38:T>C-38:T>C,37285877.0,41233248.0,0.0630470128342616
100038773|F|0-28:C>G-28:C>G,100020488|F|0-58:T>G-58:T>G,37285877.0,41740174.0,0.01892515444684584
100038773|F|0-28:C>G-28:C>G,100046856|F|0-65:C>A-65:C>A,37285877.0,41864679.0,0.06364777534985332
100038773|F|0-28:C>G-28:C>G,100021425|F|0-50:G>C-50:G>C,37285877.0,42699263.0,0.10917283362771574
100038773|F|0-28:C>G-28:C>G,100032947|F|0-10:A>C-10:A>C,37285877.0,42744717.0,0.06789795664774964
100038773|F|0-28:C>G-28:C>G,100014347|F|0-68:T>C-68:T>C,37285877.0,42858969.0,0.005243267902939445
100038773|F|0-28:C>G-28:C>G,100016630|F|0-66:A>T-66:A>T,37285877.0,43750313.0,0.035083986152387385
100038773|F|0-28:C>G-28:C>G,100015319|F|0-34:T>A-34:T>A,37285877.0,44449888.0,0.006025475129552806
100038773|F|0-28:C>G-28:C>G,100018345|F|0-65:A>C-65:A>C,37285877.0,44788831.0,0.1394357132396578
100038773|F|0-28:C>G-28:C>G,100017310|F|0-9:T>G-9:T>G,37285877.0,44906172.0,0.03133226636352759
100038773|F|0-28:C>G-28:C>G,100048863|F|0-39:A>G-39:A>G,37285877.0,44946182.0,0.13628587331074074
100038773|F|0-28:C>G-28:C>G,100033264|F|0-61:C>T-61:C>T,37285877.0,44989593.0,0.00014478613235109852
100038773|F|0-28:C>G-28:C>G,100020314|F|0-31:G>A-31:G>A,37285877.0,45007549.0,0.016561594582014855
100038773|F|0-28:C>G-28:C>G,100041823|F|0-64:C>T-64:C>T,37285877.0,45303483.0,0.007192123416582107
100038773|F|0-28:C>G-28:C>G,100015397|F|0-30:G>C-30:G>C,37285877.0,45844613.0,0.012561783730066488
100038773|F|0-28:C>G-28:C>G,100029049|F|0-10:A>G-10:A>G,37285877.0,46654939.0,0.02066900164822227
100038773|F|0-28:C>G-28:C>G,100030430|F|0-19:A>C-19:A>C,37285877.0,46846957.0,0.038880910690429635
100038773|F|0-28:C>G-28:C>G,100021654|F|0-23:G>T-23:G>T,37285877.0,46876617.0,0.014200427211951723
100038773|F|0-28:C>G-28:C>G,100034493|F|0-32:C>T-32:C>T,37285877.0,46898850.0,0.013294073847697525
100038773|F|0-28:C>G-28:C>G,100019198|F|0-35:G>T-35:G>T,37285877.0,46921983.0,0.00019613677087302226
100038773|F|0-28:C>G-28:C>G,100020755|F|0-11:C>A-11:C>A,37285877.0,46921988.0,0.0003886634829424862
100038773|F|0-28:C>G-28:C>G,100030713|F|0-35:T>A-35:T>A,37285877.0,46975334.0,0.0004964094417896334
100038773|F|0-28:C>G-28:C>G,100035377|F|0-67:C>G-67:C>G,37285877.0,47016484.0,0.010722735989112945
100038773|F|0-28:C>G-28:C>G,100014882|F|0-19:A>G-19:A>G,37285877.0,47035718.0,0.01700222637241487
100038773|F|0-28:C>G-28:C>G,100016158|F|0-51:C>A-51:C>A,37285877.0,47150489.0,2.8015457901884028e-05
100051037|F|0-43:C>T-43:C>T,100020809|F|0-53:C>G-53:C>G,37902767.0,39838084.0,0.24682596203433121
100051037|F|0-43:C>T-43:C>T,100029380|F|0-39:A>C-39:A>C,37902767.0,40729560.0,0.015237217327078292
100051037|F|0-43:C>T-43:C>T,100013950|F|0-50:T>C-50:T>C,37902767.0,40800799.0,0.006604746394594248
100051037|F|0-43:C>T-43:C>T,100015799|F|0-68:C>T-68:C>T,37902767.0,40825452.0,0.0076243047587098295
100051037|F|0-43:C>T-43:C>T,100043188|F|0-42:C>T-42:C>T,37902767.0,40979122.0,0.057066336991210706
100051037|F|0-43:C>T-43:C>T,100015076|F|0-33:T>C-33:T>C,37902767.0,40986668.0,0.06186400066140218
100051037|F|0-43:C>T-43:C>T,100018802|F|0-14:G>A-14:G>A,37902767.0,40988293.0,0.07404534880648413
100051037|F|0-43:C>T-43:C>T,100018271|F|0-48:A>G-48:A>G,37902767.0,41002080.0,0.059226172985085875
100051037|F|0-43:C>T-43:C>T,100017658|F|0-34:T>G-34:T>G,37902767.0,41027371.0,0.08356845624418278
100051037|F|0-43:C>T-43:C>T,100017206|F|0-15:G>C-15:G>C,37902767.0,41065538.0,0.04997827073143771
100051037|F|0-43:C>T-43:C>T,100040329|F|0-26:A>G-26:A>G,37902767.0,41159215.0,0.045567029449936985
100051037|F|0-43:C>T-43:C>T,100035489|F|0-33:C>A-33:C>A,37902767.0,41159220.0,0.010045693348598252
100051037|F|0-43:C>T-43:C>T,100021166|F|0-38:T>C-38:T>C,37902767.0,41233248.0,0.006055540819850162
100051037|F|0-43:C>T-43:C>T,100020488|F|0-58:T>G-58:T>G,37902767.0,41740174.0,0.00018066460979394004
100051037|F|0-43:C>T-43:C>T,100046856|F|0-65:C>A-65:C>A,37902767.0,41864679.0,0.17110856274255262
100051037|F|0-43:C>T-43:C>T,100021425|F|0-50:G>C-50:G>C,37902767.0,42699263.0,4.925789896589203e-05
100051037|F|0-43:C>T-43:C>T,100032947|F|0-10:A>C-10:A>C,37902767.0,42744717.0,0.0038524790224615693
100051037|F|0-43:C>T-43:C>T,100014347|F|0-68:T>C-68:T>C,37902767.0,42858969.0,0.00522411082073173
100051037|F|0-43:C>T-43:C>T,100016630|F|0-66:A>T-66:A>T,37902767.0,43750313.0,0.0036539929240137054
100051037|F|0-43:C>T-43:C>T,100015319|F|0-34:T>A-34:T>A,37902767.0,44449888.0,0.004275505679602414
100051037|F|0-43:C>T-43:C>T,100018345|F|0-65:A>C-65:A>C,37902767.0,44788831.0,0.03147158425038109
100051037|F|0-43:C>T-43:C>T,100017310|F|0-9:T>G-9:T>G,37902767.0,44906172.0,0.01188178371734729
100051037|F|0-43:C>T-43:C>T,100048863|F|0-39:A>G-39:A>G,37902767.0,44946182.0,0.03218018136349265
100051037|F|0-43:C>T-43:C>T,100033264|F|0-61:C>T-61:C>T,37902767.0,44989593.0,0.03774730463578947
100051037|F|0-43:C>T-43:C>T,100020314|F|0-31:G>A-31:G>A,37902767.0,45007549.0,0.05048645956923041
100051037|F|0-43:C>T-43:C>T,100041823|F|0-64:C>T-64:C>T,37902767.0,45303483.0,0.045505987754580174
100051037|F|0-43:C>T-43:C>T,100015397|F|0-30:G>C-30:G>C,37902767.0,45844613.0,0.006256767936292276
100051037|F|0-43:C>T-43:C>T,100029049|F|0-10:A>G-10:A>G,37902767.0,46654939.0,0.004922165071362891
100051037|F|0-43:C>T-43:C>T,100030430|F|0-19:A>C-19:A>C,37902767.0,46846957.0,0.007143177253871662
100051037|F|0-43:C>T-43:C>T,100021654|F|0-23:G>T-23:G>T,37902767.0,46876617.0,0.005551224229983528
100051037|F|0-43:C>T-43:C>T,100034493|F|0-32:C>T-32:C>T,37902767.0,46898850.0,0.002658826824608403
100051037|F|0-43:C>T-43:C>T,100019198|F|0-35:G>T-35:G>T,37902767.0,46921983.0,0.004673137489362425
100051037|F|0-43:C>T-43:C>T,100020755|F|0-11:C>A-11:C>A,37902767.0,46921988.0,0.002434900806578446
100051037|F|0-43:C>T-43:C>T,100030713|F|0-35:T>A-35:T>A,37902767.0,46975334.0,0.13222368251122435
100051037|F|0-43:C>T-43:C>T,100035377|F|0-67:C>G-67:C>G,37902767.0,47016484.0,0.05632631808512835
100051037|F|0-43:C>T-43:C>T,100014882|F|0-19:A>G-19:A>G,37902767.0,47035718.0,0.0494984160506865
100051037|F|0-43:C>T-43:C>T,100016158|F|0-51:C>A-51:C>A,37902767.0,47150489.0,0.05453612693696138
100020809|F|0-53:C>G-53:C>G,100029380|F|0-39:A>C-39:A>C,39838084.0,40729560.0,0.006036345151861747
100020809|F|0-53:C>G-53:C>G,100013950|F|0-50:T>C-50:T>C,39838084.0,40800799.0,0.010501965280052445
100020809|F|0-53:C>G-53:C>G,100015799|F|0-68:C>T-68:C>T,39838084.0,40825452.0,0.007975820669968946
100020809|F|0-53:C>G-53:C>G,100043188|F|0-42:C>T-42:C>T,39838084.0,40979122.0,0.024775308748410458
100020809|F|0-53:C>G-53:C>G,100015076|F|0-33:T>C-33:T>C,39838084.0,40986668.0,0.027396177455052968
100020809|F|0-53:C>G-53:C>G,100018802|F|0-14:G>A-14:G>A,39838084.0,40988293.0,0.024775308748410423
100020809|F|0-53:C>G-53:C>G,100018271|F|0-48:A>G-48:A>G,39838084.0,41002080.0,0.016064047430169908
100020809|F|0-53:C>G-53:C>G,100017658|F|0-34:T>G-34:T>G,39838084.0,41027371.0,0.03279508941794079
100020809|F|0-53:C>G-53:C>G,100017206|F|0-15:G>C-15:G>C,39838084.0,41065538.0,0.023440050746742016
100020809|F|0-53:C>G-53:C>G,100040329|F|0-26:A>G-26:A>G,39838084.0,41159215.0,0.06227664088488838
100020809|F|0-53:C>G-53:C>G,100035489|F|0-33:C>A-33:C>A,39838084.0,41159220.0,0.024858466059886623
100020809|F|0-53:C>G-53:C>G,100021166|F|0-38:T>C-38:T>C,39838084.0,41233248.0,0.020941254270913683
100020809|F|0-53:C>G-53:C>G,100020488|F|0-58:T>G-58:T>G,39838084.0,41740174.0,0.03857022216447962
100020809|F|0-53:C>G-53:C>G,100046856|F|0-65:C>A-65:C>A,39838084.0,41864679.0,0.47563323952007086
100020809|F|0-53:C>G-53:C>G,100021425|F|0-50:G>C-50:G>C,39838084.0,42699263.0,0.009742185910909222
100020809|F|0-53:C>G-53:C>G,100032947|F|0-10:A>C-10:A>C,39838084.0,42744717.0,0.003907876345684888
100020809|F|0-53:C>G-53:C>G,100014347|F|0-68:T>C-68:T>C,39838084.0,42858969.0,0.005118074885516757
100020809|F|0-53:C>G-53:C>G,100016630|F|0-66:A>T-66:A>T,39838084.0,43750313.0,0.018876340706798344
100020809|F|0-53:C>G-53:C>G,100015319|F|0-34:T>A-34:T>A,39838084.0,44449888.0,0.009127808933683671
100020809|F|0-53:C>G-53:C>G,100018345|F|0-65:A>C-65:A>C,39838084.0,44788831.0,0.022862896294295377
100020809|F|0-53:C>G-53:C>G,100017310|F|0-9:T>G-9:T>G,39838084.0,44906172.0,0.04879908501715609
100020809|F|0-53:C>G-53:C>G,100048863|F|0-39:A>G-39:A>G,39838084.0,44946182.0,0.023377664860841522
100020809|F|0-53:C>G-53:C>G,100033264|F|0-61:C>T-61:C>T,39838084.0,44989593.0,0.037356763233080285
100020809|F|0-53:C>G-53:C>G,100020314|F|0-31:G>A-31:G>A,39838084.0,45007549.0,0.00021841842071985808
100020809|F|0-53:C>G-53:C>G,100041823|F|0-64:C>T-64:C>T,39838084.0,45303483.0,0.0792574825320681
100020809|F|0-53:C>G-53:C>G,100015397|F|0-30:G>C-30:G>C,39838084.0,45844613.0,0.0015830988001777515
100020809|F|0-53:C>G-53:C>G,100029049|F|0-10:A>G-10:A>G,39838084.0,46654939.0,0.013474071642910762
100020809|F|0-53:C>G-53:C>G,100030430|F|0-19:A>C-19:A>C,39838084.0,46846957.0,0.0006592745666522711
100020809|F|0-53:C>G-53:C>G,100021654|F|0-23:G>T-23:G>T,39838084.0,46876617.0,0.010323842642903704
100020809|F|0-53:C>G-53:C>G,100034493|F|0-32:C>T-32:C>T,39838084.0,46898850.0,0.006843918143136958
100020809|F|0-53:C>G-53:C>G,100019198|F|0-35:G>T-35:G>T,39838084.0,46921983.0,0.010265184543095168
100020809|F|0-53:C>G-53:C>G,100020755|F|0-11:C>A-11:C>A,39838084.0,46921988.0,0.006267524327890489
100020809|F|0-53:C>G-53:C>G,100030713|F|0-35:T>A-35:T>A,39838084.0,46975334.0,0.06357704534047189
100020809|F|0-53:C>G-53:C>G,100035377|F|0-67:C>G-67:C>G,39838084.0,47016484.0,0.0033978598227711386
100020809|F|0-53:C>G-53:C>G,100014882|F|0-19:A>G-19:A>G,39838084.0,47035718.0,0.012945130813953518
100020809|F|0-53:C>G-53:C>G,100016158|F|0-51:C>A-51:C>A,39838084.0,47150489.0,0.027134599783666856
100029380|F|0-39:A>C-39:A>C,100013950|F|0-50:T>C-50:T>C,40729560.0,40800799.0,0.009624573488288591
100029380|F|0-39:A>C-39:A>C,100015799|F|0-68:C>T-68:C>T,40729560.0,40825452.0,0.10061943934820777
100029380|F|0-39:A>C-39:A>C,100043188|F|0-42:C>T-42:C>T,40729560.0,40979122.0,3.956557630268774e-05
100029380|F|0-39:A>C-39:A>C,100015076|F|0-33:T>C-33:T>C,40729560.0,40986668.0,0.0006404689257286581
100029380|F|0-39:A>C-39:A>C,100018802|F|0-14:G>A-14:G>A,40729560.0,40988293.0,0.0017234765037451281
100029380|F|0-39:A>C-39:A>C,100018271|F|0-48:A>G-48:A>G,40729560.0,41002080.0,0.0004966595049592399
100029380|F|0-39:A>C-39:A>C,100017658|F|0-34:T>G-34:T>G,40729560.0,41027371.0,0.00018148940101897883
100029380|F|0-39:A>C-39:A>C,100017206|F|0-15:G>C-15:G>C,40729560.0,41065538.0,0.022797439387662502
100029380|F|0-39:A>C-39:A>C,100040329|F|0-26:A>G-26:A>G,40729560.0,41159215.0,0.034165580208760815
100029380|F|0-39:A>C-39:A>C,100035489|F|0-33:C>A-33:C>A,40729560.0,41159220.0,0.00901219308782725
100029380|F|0-39:A>C-39:A>C,100021166|F|0-38:T>C-38:T>C,40729560.0,41233248.0,0.0693564991065185
100029380|F|0-39:A>C-39:A>C,100020488|F|0-58:T>G-58:T>G,40729560.0,41740174.0,0.0317508471471745
100029380|F|0-39:A>C-39:A>C,100046856|F|0-65:C>A-65:C>A,40729560.0,41864679.0,0.0015716908565660758
100029380|F|0-39:A>C-39:A>C,100021425|F|0-50:G>C-50:G>C,40729560.0,42699263.0,3.982857780114365e-05
100029380|F|0-39:A>C-39:A>C,100032947|F|0-10:A>C-10:A>C,40729560.0,42744717.0,1.8670600813384096e-05
100029380|F|0-39:A>C-39:A>C,100014347|F|0-68:T>C-68:T>C,40729560.0,42858969.0,0.018003952430181935
100029380|F|0-39:A>C-39:A>C,100016630|F|0-66:A>T-66:A>T,40729560.0,43750313.0,0.0185831653970205
100029380|F|0-39:A>C-39:A>C,100015319|F|0-34:T>A-34:T>A,40729560.0,44449888.0,0.006657820289534569
100029380|F|0-39:A>C-39:A>C,100018345|F|0-65:A>C-65:A>C,40729560.0,44788831.0,0.04052198198510104
100029380|F|0-39:A>C-39:A>C,100017310|F|0-9:T>G-9:T>G,40729560.0,44906172.0,0.07659231389411443
100029380|F|0-39:A>C-39:A>C,100048863|F|0-39:A>G-39:A>G,40729560.0,44946182.0,0.04206213722912361
100029380|F|0-39:A>C-39:A>C,100033264|F|0-61:C>T-61:C>T,40729560.0,44989593.0,0.00406046300106115
100029380|F|0-39:A>C-39:A>C,100020314|F|0-31:G>A-31:G>A,40729560.0,45007549.0,0.0010551472276470835
100029380|F|0-39:A>C-39:A>C,100041823|F|0-64:C>T-64:C>T,40729560.0,45303483.0,0.053555894533068735
100029380|F|0-39:A>C-39:A>C,100015397|F|0-30:G>C-30:G>C,40729560.0,45844613.0,0.008701402666109777
100029380|F|0-39:A>C-39:A>C,100029049|F|0-10:A>G-10:A>G,40729560.0,46654939.0,0.0007746397408778435
100029380|F|0-39:A>C-39:A>C,100030430|F|0-19:A>C-19:A>C,40729560.0,46846957.0,2.0383093446970713e-05
100029380|F|0-39:A>C-39:A>C,100021654|F|0-23:G>T-23:G>T,40729560.0,46876617.0,0.002684362392114805
100029380|F|0-39:A>C-39:A>C,100034493|F|0-32:C>T-32:C>T,40729560.0,46898850.0,0.0055577156036585055
100029380|F|0-39:A>C-39:A>C,100019198|F|0-35:G>T-35:G>T,40729560.0,46921983.0,0.0004441747610330776
100029380|F|0-39:A>C-39:A>C,100020755|F|0-11:C>A-11:C>A,40729560.0,46921988.0,0.0014654303763128292
100029380|F|0-39:A>C-39:A>C,100030713|F|0-35:T>A-35:T>A,40729560.0,46975334.0,0.00012285253764201715
100029380|F|0-39:A>C-39:A>C,100035377|F|0-67:C>G-67:C>G,40729560.0,47016484.0,0.0019295483313266082
100029380|F|0-39:A>C-39:A>C,100014882|F|0-19:A>G-19:A>G,40729560.0,47035718.0,0.002305327868852466
100029380|F|0-39:A>C-39:A>C,100016158|F|0-51:C>A-51:C>A,40729560.0,47150489.0,0.008756671749904651
100013950|F|0-50:T>C-50:T>C,100015799|F|0-68:C>T-68:C>T,40800799.0,40825452.0,0.029003745699225467
100013950|F|0-50:T>C-50:T>C,100043188|F|0-42:C>T-42:C>T,40800799.0,40979122.0,0.035644201943200525
100013950|F|0-50:T>C-50:T>C,100015076|F|0-33:T>C-33:T>C,40800799.0,40986668.0,0.03411679641845466
100013950|F|0-50:T>C-50:T>C,100018802|F|0-14:G>A-14:G>A,40800799.0,40988293.0,0.05009868836124537
100013950|F|0-50:T>C-50:T>C,100018271|F|0-48:A>G-48:A>G,40800799.0,41002080.0,0.04631211490968568
100013950|F|0-50:T>C-50:T>C,100017658|F|0-34:T>G-34:T>G,40800799.0,41027371.0,0.049695902688860656
100013950|F|0-50:T>C-50:T>C,100017206|F|0-15:G>C-15:G>C,40800799.0,41065538.0,0.017265361792361416
100013950|F|0-50:T>C-50:T>C,100040329|F|0-26:A>G-26:A>G,40800799.0,41159215.0,0.014243257287216943
100013950|F|0-50:T>C-50:T>C,100035489|F|0-33:C>A-33:C>A,40800799.0,41159220.0,4.962582994847551e-05
100013950|F|0-50:T>C-50:T>C,100021166|F|0-38:T>C-38:T>C,40800799.0,41233248.0,0.023376832877200056
100013950|F|0-50:T>C-50:T>C,100020488|F|0-58:T>G-58:T>G,40800799.0,41740174.0,0.00020080913788129027
100013950|F|0-50:T>C-50:T>C,100046856|F|0-65:C>A-65:C>A,40800799.0,41864679.0,2.990341197930674e-05
100013950|F|0-50:T>C-50:T>C,100021425|F|0-50:G>C-50:G>C,40800799.0,42699263.0,0.024577952408327542
100013950|F|0-50:T>C-50:T>C,100032947|F|0-10:A>C-10:A>C,40800799.0,42744717.0,0.021833499933960117
100013950|F|0-50:T>C-50:T>C,100014347|F|0-68:T>C-68:T>C,40800799.0,42858969.0,0.0027930344831753437
100013950|F|0-50:T>C-50:T>C,100016630|F|0-66:A>T-66:A>T,40800799.0,43750313.0,0.0001729353160520838
100013950|F|0-50:T>C-50:T>C,100015319|F|0-34:T>A-34:T>A,40800799.0,44449888.0,0.0026368865243173514
100013950|F|0-50:T>C-50:T>C,100018345|F|0-65:A>C-65:A>C,40800799.0,44788831.0,0.5431582809068415
100013950|F|0-50:T>C-50:T>C,100017310|F|0-9:T>G-9:T>G,40800799.0,44906172.0,0.0844950165473716
100013950|F|0-50:T>C-50:T>C,100048863|F|0-39:A>G-39:A>G,40800799.0,44946182.0,0.5420455767886089
100013950|F|0-50:T>C-50:T>C,100033264|F|0-61:C>T-61:C>T,40800799.0,44989593.0,1.3954267214914997e-05
100013950|F|0-50:T>C-50:T>C,100020314|F|0-31:G>A-31:G>A,40800799.0,45007549.0,0.014667590316988348
100013950|F|0-50:T>C-50:T>C,100041823|F|0-64:C>T-64:C>T,40800799.0,45303483.0,0.08633076485820794
100013950|F|0-50:T>C-50:T>C,100015397|F|0-30:G>C-30:G>C,40800799.0,45844613.0,0.0035365457073652145
100013950|F|0-50:T>C-50:T>C,100029049|F|0-10:A>G-10:A>G,40800799.0,46654939.0,0.0018460477245191588
100013950|F|0-50:T>C-50:T>C,100030430|F|0-19:A>C-19:A>C,40800799.0,46846957.0,0.0020244143908544235
100013950|F|0-50:T>C-50:T>C,100021654|F|0-23:G>T-23:G>T,40800799.0,46876617.0,0.014506822868676151
100013950|F|0-50:T>C-50:T>C,100034493|F|0-32:C>T-32:C>T,40800799.0,46898850.0,0.011590517613587304
100013950|F|0-50:T>C-50:T>C,100019198|F|0-35:G>T-35:G>T,40800799.0,46921983.0,0.006784265520630349
100013950|F|0-50:T>C-50:T>C,100020755|F|0-11:C>A-11:C>A,40800799.0,46921988.0,0.010614365864216
100013950|F|0-50:T>C-50:T>C,100030713|F|0-35:T>A-35:T>A,40800799.0,46975334.0,0.0001688789813219846
100013950|F|0-50:T>C-50:T>C,100035377|F|0-67:C>G-67:C>G,40800799.0,47016484.0,0.0029709276794897916
100013950|F|0-50:T>C-50:T>C,100014882|F|0-19:A>G-19:A>G,40800799.0,47035718.0,0.01516422755281689
100013950|F|0-50:T>C-50:T>C,100016158|F|0-51:C>A-51:C>A,40800799.0,47150489.0,0.00020642264439349144
100015799|F|0-68:C>T-68:C>T,100043188|F|0-42:C>T-42:C>T,40825452.0,40979122.0,0.05693072205511867
100015799|F|0-68:C>T-68:C>T,100015076|F|0-33:T>C-33:T>C,40825452.0,40986668.0,0.0521481244531101
100015799|F|0-68:C>T-68:C>T,100018802|F|0-14:G>A-14:G>A,40825452.0,40988293.0,0.07079693391728546
100015799|F|0-68:C>T-68:C>T,100018271|F|0-48:A>G-48:A>G,40825452.0,41002080.0,0.06273940462379039
100015799|F|0-68:C>T-68:C>T,100017658|F|0-34:T>G-34:T>G,40825452.0,41027371.0,0.04700116848916105
100015799|F|0-68:C>T-68:C>T,100017206|F|0-15:G>C-15:G>C,40825452.0,41065538.0,0.052312540094213315
100015799|F|0-68:C>T-68:C>T,100040329|F|0-26:A>G-26:A>G,40825452.0,41159215.0,0.08223044866109366
100015799|F|0-68:C>T-68:C>T,100035489|F|0-33:C>A-33:C>A,40825452.0,41159220.0,0.0021199963455726164
100015799|F|0-68:C>T-68:C>T,100021166|F|0-38:T>C-38:T>C,40825452.0,41233248.0,0.04312454018170315
100015799|F|0-68:C>T-68:C>T,100020488|F|0-58:T>G-58:T>G,40825452.0,41740174.0,0.0008168122138636248
100015799|F|0-68:C>T-68:C>T,100046856|F|0-65:C>A-65:C>A,40825452.0,41864679.0,0.0007185725125893894
100015799|F|0-68:C>T-68:C>T,100021425|F|0-50:G>C-50:G>C,40825452.0,42699263.0,0.011064508320089256
100015799|F|0-68:C>T-68:C>T,100032947|F|0-10:A>C-10:A>C,40825452.0,42744717.0,0.017542725770264132
100015799|F|0-68:C>T-68:C>T,100014347|F|0-68:T>C-68:T>C,40825452.0,42858969.0,0.007114515237258917
100015799|F|0-68:C>T-68:C>T,100016630|F|0-66:A>T-66:A>T,40825452.0,43750313.0,0.03856001687025332
100015799|F|0-68:C>T-68:C>T,100015319|F|0-34:T>A-34:T>A,40825452.0,44449888.0,7.609840436865133e-06
100015799|F|0-68:C>T-68:C>T,100018345|F|0-65:A>C-65:A>C,40825452.0,44788831.0,0.059774549308285
100015799|F|0-68:C>T-68:C>T,100017310|F|0-9:T>G-9:T>G,40825452.0,44906172.0,0.044978398532283866
100015799|F|0-68:C>T-68:C>T,100048863|F|0-39:A>G-39:A>G,40825452.0,44946182.0,0.061120400624202806
100015799|F|0-68:C>T-68:C>T,100033264|F|0-61:C>T-61:C>T,40825452.0,44989593.0,0.009537934750988393
100015799|F|0-68:C>T-68:C>T,100020314|F|0-31:G>A-31:G>A,40825452.0,45007549.0,0.0094245598005607
100015799|F|0-68:C>T-68:C>T,100041823|F|0-64:C>T-64:C>T,40825452.0,45303483.0,0.0379810105065484
100015799|F|0-68:C>T-68:C>T,100015397|F|0-30:G>C-30:G>C,40825452.0,45844613.0,0.006043194830876802
100015799|F|0-68:C>T-68:C>T,100029049|F|0-10:A>G-10:A>G,40825452.0,46654939.0,4.549027599860144e-06
100015799|F|0-68:C>T-68:C>T,100030430|F|0-19:A>C-19:A>C,40825452.0,46846957.0,0.015512932231468327
100015799|F|0-68:C>T-68:C>T,100021654|F|0-23:G>T-23:G>T,40825452.0,46876617.0,0.017274536927696607
100015799|F|0-68:C>T-68:C>T,100034493|F|0-32:C>T-32:C>T,40825452.0,46898850.0,0.007705991102288762
100015799|F|0-68:C>T-68:C>T,100019198|F|0-35:G>T-35:G>T,40825452.0,46921983.0,0.010263263679047447
100015799|F|0-68:C>T-68:C>T,100020755|F|0-11:C>A-11:C>A,40825452.0,46921988.0,0.014886095962311482
100015799|F|0-68:C>T-68:C>T,100030713|F|0-35:T>A-35:T>A,40825452.0,46975334.0,0.0010973170921746308
100015799|F|0-68:C>T-68:C>T,100035377|F|0-67:C>G-67:C>G,40825452.0,47016484.0,0.02665372647933989
100015799|F|0-68:C>T-68:C>T,100014882|F|0-19:A>G-19:A>G,40825452.0,47035718.0,0.00019037680505415148
100015799|F|0-68:C>T-68:C>T,100016158|F|0-51:C>A-51:C>A,40825452.0,47150489.0,0.008979357316766011
100043188|F|0-42:C>T-42:C>T,100015076|F|0-33:T>C-33:T>C,40979122.0,40986668.0,0.9782468617301614
100043188|F|0-42:C>T-42:C>T,100018802|F|0-14:G>A-14:G>A,40979122.0,40988293.0,0.8722936767387519
100043188|F|0-42:C>T-42:C>T,100018271|F|0-48:A>G-48:A>G,40979122.0,41002080.0,0.9365352585594434
100043188|F|0-42:C>T-42:C>T,100017658|F|0-34:T>G-34:T>G,40979122.0,41027371.0,0.8565023751639803
100043188|F|0-42:C>T-42:C>T,100017206|F|0-15:G>C-15:G>C,40979122.0,41065538.0,0.7155241348621363
100043188|F|0-42:C>T-42:C>T,100040329|F|0-26:A>G-26:A>G,40979122.0,41159215.0,0.453567847910285
100043188|F|0-42:C>T-42:C>T,100035489|F|0-33:C>A-33:C>A,40979122.0,41159220.0,0.0310877462629849
100043188|F|0-42:C>T-42:C>T,100021166|F|0-38:T>C-38:T>C,40979122.0,41233248.0,0.1614858083445705
100043188|F|0-42:C>T-42:C>T,100020488|F|0-58:T>G-58:T>G,40979122.0,41740174.0,0.005632219466607288
100043188|F|0-42:C>T-42:C>T,100046856|F|0-65:C>A-65:C>A,40979122.0,41864679.0,0.039204035642816305
100043188|F|0-42:C>T-42:C>T,100021425|F|0-50:G>C-50:G>C,40979122.0,42699263.0,0.015395372699589531
100043188|F|0-42:C>T-42:C>T,100032947|F|0-10:A>C-10:A>C,40979122.0,42744717.0,0.018302725953983082
100043188|F|0-42:C>T-42:C>T,100014347|F|0-68:T>C-68:T>C,40979122.0,42858969.0,0.06435737008026154
100043188|F|0-42:C>T-42:C>T,100016630|F|0-66:A>T-66:A>T,40979122.0,43750313.0,0.0008735565964481603
100043188|F|0-42:C>T-42:C>T,100015319|F|0-34:T>A-34:T>A,40979122.0,44449888.0,0.01488168265225905
100043188|F|0-42:C>T-42:C>T,100018345|F|0-65:A>C-65:A>C,40979122.0,44788831.0,0.11917163414440823
100043188|F|0-42:C>T-42:C>T,100017310|F|0-9:T>G-9:T>G,40979122.0,44906172.0,0.020856439629894103
100043188|F|0-42:C>T-42:C>T,100048863|F|0-39:A>G-39:A>G,40979122.0,44946182.0,0.12358940462003291
100043188|F|0-42:C>T-42:C>T,100033264|F|0-61:C>T-61:C>T,40979122.0,44989593.0,0.009412306272136614
100043188|F|0-42:C>T-42:C>T,100020314|F|0-31:G>A-31:G>A,40979122.0,45007549.0,0.06667078596144335
100043188|F|0-42:C>T-42:C>T,100041823|F|0-64:C>T-64:C>T,40979122.0,45303483.0,0.05091597850525933
100043188|F|0-42:C>T-42:C>T,100015397|F|0-30:G>C-30:G>C,40979122.0,45844613.0,0.007676959676038797
100043188|F|0-42:C>T-42:C>T,100029049|F|0-10:A>G-10:A>G,40979122.0,46654939.0,0.014469789829292343
100043188|F|0-42:C>T-42:C>T,100030430|F|0-19:A>C-19:A>C,40979122.0,46846957.0,0.08977152744829568
100043188|F|0-42:C>T-42:C>T,100021654|F|0-23:G>T-23:G>T,40979122.0,46876617.0,0.00731899560860263
100043188|F|0-42:C>T-42:C>T,100034493|F|0-32:C>T-32:C>T,40979122.0,46898850.0,0.004992903328258287
100043188|F|0-42:C>T-42:C>T,100019198|F|0-35:G>T-35:G>T,40979122.0,46921983.0,0.002050723448760992
100043188|F|0-42:C>T-42:C>T,100020755|F|0-11:C>A-11:C>A,40979122.0,46921988.0,0.0013819599182326651
100043188|F|0-42:C>T-42:C>T,100030713|F|0-35:T>A-35:T>A,40979122.0,46975334.0,0.017068828718304237
100043188|F|0-42:C>T-42:C>T,100035377|F|0-67:C>G-67:C>G,40979122.0,47016484.0,0.004400915264709429
100043188|F|0-42:C>T-42:C>T,100014882|F|0-19:A>G-19:A>G,40979122.0,47035718.0,0.05502931195937596
100043188|F|0-42:C>T-42:C>T,100016158|F|0-51:C>A-51:C>A,40979122.0,47150489.0,0.014554416233808234
100015076|F|0-33:T>C-33:T>C,100018802|F|0-14:G>A-14:G>A,40986668.0,40988293.0,0.8926170982751729
100015076|F|0-33:T>C-33:T>C,100018271|F|0-48:A>G-48:A>G,40986668.0,41002080.0,0.9151964912325028
100015076|F|0-33:T>C-33:T>C,100017658|F|0-34:T>G-34:T>G,40986668.0,41027371.0,0.8368105935524758
100015076|F|0-33:T>C-33:T>C,100017206|F|0-15:G>C-15:G>C,40986668.0,41065538.0,0.6918055976330553
100015076|F|0-33:T>C-33:T>C,100040329|F|0-26:A>G-26:A>G,40986668.0,41159215.0,0.4855376690819725
100015076|F|0-33:T>C-33:T>C,100035489|F|0-33:C>A-33:C>A,40986668.0,41159220.0,0.03427639361982369
100015076|F|0-33:T>C-33:T>C,100021166|F|0-38:T>C-38:T>C,40986668.0,41233248.0,0.17698772171895938
100015076|F|0-33:T>C-33:T>C,100020488|F|0-58:T>G-58:T>G,40986668.0,41740174.0,0.007569269290505409
100015076|F|0-33:T>C-33:T>C,100046856|F|0-65:C>A-65:C>A,40986668.0,41864679.0,0.041932059447983026
100015076|F|0-33:T>C-33:T>C,100021425|F|0-50:G>C-50:G>C,40986668.0,42699263.0,0.0179195045508659
100015076|F|0-33:T>C-33:T>C,100032947|F|0-10:A>C-10:A>C,40986668.0,42744717.0,0.020377156167304
100015076|F|0-33:T>C-33:T>C,100014347|F|0-68:T>C-68:T>C,40986668.0,42858969.0,0.06934058832793004
100015076|F|0-33:T>C-33:T>C,100016630|F|0-66:A>T-66:A>T,40986668.0,43750313.0,0.0015209165882910261
100015076|F|0-33:T>C-33:T>C,100015319|F|0-34:T>A-34:T>A,40986668.0,44449888.0,0.013775339580620613
100015076|F|0-33:T>C-33:T>C,100018345|F|0-65:A>C-65:A>C,40986668.0,44788831.0,0.11717227299078062
100015076|F|0-33:T>C-33:T>C,100017310|F|0-9:T>G-9:T>G,40986668.0,44906172.0,0.017541483172319457
100015076|F|0-33:T>C-33:T>C,100048863|F|0-39:A>G-39:A>G,40986668.0,44946182.0,0.12154055287041475
100015076|F|0-33:T>C-33:T>C,100033264|F|0-61:C>T-61:C>T,40986668.0,44989593.0,0.010628105489567255
100015076|F|0-33:T>C-33:T>C,100020314|F|0-31:G>A-31:G>A,40986668.0,45007549.0,0.06522048713586534
100015076|F|0-33:T>C-33:T>C,100041823|F|0-64:C>T-64:C>T,40986668.0,45303483.0,0.04116525704338608
100015076|F|0-33:T>C-33:T>C,100015397|F|0-30:G>C-30:G>C,40986668.0,45844613.0,0.00680857528495197
100015076|F|0-33:T>C-33:T>C,100029049|F|0-10:A>G-10:A>G,40986668.0,46654939.0,0.009462597167400161
100015076|F|0-33:T>C-33:T>C,100030430|F|0-19:A>C-19:A>C,40986668.0,46846957.0,0.09906852467415554
100015076|F|0-33:T>C-33:T>C,100021654|F|0-23:G>T-23:G>T,40986668.0,46876617.0,0.009212157857609161
100015076|F|0-33:T>C-33:T>C,100034493|F|0-32:C>T-32:C>T,40986668.0,46898850.0,0.006481038981314694
100015076|F|0-33:T>C-33:T>C,100019198|F|0-35:G>T-35:G>T,40986668.0,46921983.0,0.0028344659925743
100015076|F|0-33:T>C-33:T>C,100020755|F|0-11:C>A-11:C>A,40986668.0,46921988.0,0.002154591974144895
100015076|F|0-33:T>C-33:T>C,100030713|F|0-35:T>A-35:T>A,40986668.0,46975334.0,0.01892578763993023
100015076|F|0-33:T>C-33:T>C,100035377|F|0-67:C>G-67:C>G,40986668.0,47016484.0,0.0061451015327547796
100015076|F|0-33:T>C-33:T>C,100014882|F|0-19:A>G-19:A>G,40986668.0,47035718.0,0.06413508214174092
100015076|F|0-33:T>C-33:T>C,100016158|F|0-51:C>A-51:C>A,40986668.0,47150489.0,0.01595157491904621
100018802|F|0-14:G>A-14:G>A,100018271|F|0-48:A>G-48:A>G,40988293.0,41002080.0,0.8545566744259195
100018802|F|0-14:G>A-14:G>A,100017658|F|0-34:T>G-34:T>G,40988293.0,41027371.0,0.8172989922597064
100018802|F|0-14:G>A-14:G>A,100017206|F|0-15:G>C-15:G>C,40988293.0,41065538.0,0.6153616130726736
100018802|F|0-14:G>A-14:G>A,100040329|F|0-26:A>G-26:A>G,40988293.0,41159215.0,0.453567847910285
100018802|F|0-14:G>A-14:G>A,100035489|F|0-33:C>A-33:C>A,40988293.0,41159220.0,0.020063000967046694
100018802|F|0-14:G>A-14:G>A,100021166|F|0-38:T>C-38:T>C,40988293.0,41233248.0,0.19924896450548843
100018802|F|0-14:G>A-14:G>A,100020488|F|0-58:T>G-58:T>G,40988293.0,41740174.0,6.471955721467335e-06
100018802|F|0-14:G>A-14:G>A,100046856|F|0-65:C>A-65:C>A,40988293.0,41864679.0,0.039204035642816326
100018802|F|0-14:G>A-14:G>A,100021425|F|0-50:G>C-50:G>C,40988293.0,42699263.0,0.015395372699589542
100018802|F|0-14:G>A-14:G>A,100032947|F|0-10:A>C-10:A>C,40988293.0,42744717.0,0.018302725953983075
100018802|F|0-14:G>A-14:G>A,100014347|F|0-68:T>C-68:T>C,40988293.0,42858969.0,0.06435737008026154
100018802|F|0-14:G>A-14:G>A,100016630|F|0-66:A>T-66:A>T,40988293.0,43750313.0,0.008089059342460035
100018802|F|0-14:G>A-14:G>A,100015319|F|0-34:T>A-34:T>A,40988293.0,44449888.0,0.006400162851431665
100018802|F|0-14:G>A-14:G>A,100018345|F|0-65:A>C-65:A>C,40988293.0,44788831.0,0.1432165180908838
100018802|F|0-14:G>A-14:G>A,100017310|F|0-9:T>G-9:T>G,40988293.0,44906172.0,0.010392136009358998
100018802|F|0-14:G>A-14:G>A,100048863|F|0-39:A>G-39:A>G,40988293.0,44946182.0,0.14806972234061938
100018802|F|0-14:G>A-14:G>A,100033264|F|0-61:C>T-61:C>T,40988293.0,44989593.0,0.009412306272136614
100018802|F|0-14:G>A-14:G>A,100020314|F|0-31:G>A-31:G>A,40988293.0,45007549.0,0.06667078596144332
100018802|F|0-14:G>A-14:G>A,100041823|F|0-64:C>T-64:C>T,40988293.0,45303483.0,0.06115657871222745
100018802|F|0-14:G>A-14:G>A,100015397|F|0-30:G>C-30:G>C,40988293.0,45844613.0,0.0021917041020524993
100018802|F|0-14:G>A-14:G>A,100029049|F|0-10:A>G-10:A>G,40988293.0,46654939.0,0.01446978982929235
100018802|F|0-14:G>A-14:G>A,100030430|F|0-19:A>C-19:A>C,40988293.0,46846957.0,0.1062433779189397
100018802|F|0-14:G>A-14:G>A,100021654|F|0-23:G>T-23:G>T,40988293.0,46876617.0,0.021924506076065605
100018802|F|0-14:G>A-14:G>A,100034493|F|0-32:C>T-32:C>T,40988293.0,46898850.0,0.018033374095084598
100018802|F|0-14:G>A-14:G>A,100019198|F|0-35:G>T-35:G>T,40988293.0,46921983.0,0.010113881660519497
100018802|F|0-14:G>A-14:G>A,100020755|F|0-11:C>A-11:C>A,40988293.0,46921988.0,0.01651460588672198
100018802|F|0-14:G>A-14:G>A,100030713|F|0-35:T>A-35:T>A,40988293.0,46975334.0,0.017068828718304237
100018802|F|0-14:G>A-14:G>A,100035377|F|0-67:C>G-67:C>G,40988293.0,47016484.0,0.0044009152647094246
100018802|F|0-14:G>A-14:G>A,100014882|F|0-19:A>G-19:A>G,40988293.0,47035718.0,0.06652209800741422
100018802|F|0-14:G>A-14:G>A,100016158|F|0-51:C>A-51:C>A,40988293.0,47150489.0,0.014554416233808234
100018271|F|0-48:A>G-48:A>G,100017658|F|0-34:T>G-34:T>G,41002080.0,41027371.0,0.8784119786578618
100018271|F|0-48:A>G-48:A>G,100017206|F|0-15:G>C-15:G>C,41002080.0,41065538.0,0.7295416393910137
100018271|F|0-48:A>G-48:A>G,100040329|F|0-26:A>G-26:A>G,41002080.0,41159215.0,0.38170942161449556
100018271|F|0-48:A>G-48:A>G,100035489|F|0-33:C>A-33:C>A,41002080.0,41159220.0,0.021616219695100133
100018271|F|0-48:A>G-48:A>G,100021166|F|0-38:T>C-38:T>C,41002080.0,41233248.0,0.18795680992452785
100018271|F|0-48:A>G-48:A>G,100020488|F|0-58:T>G-58:T>G,41002080.0,41740174.0,0.0014104390038414021
100018271|F|0-48:A>G-48:A>G,100046856|F|0-65:C>A-65:C>A,41002080.0,41864679.0,0.02566513768024798
100018271|F|0-48:A>G-48:A>G,100021425|F|0-50:G>C-50:G>C,41002080.0,42699263.0,0.017155432319118962
100018271|F|0-48:A>G-48:A>G,100032947|F|0-10:A>C-10:A>C,41002080.0,42744717.0,0.01772768519241277
100018271|F|0-48:A>G-48:A>G,100014347|F|0-68:T>C-68:T>C,41002080.0,42858969.0,0.08629046140266962
100018271|F|0-48:A>G-48:A>G,100016630|F|0-66:A>T-66:A>T,41002080.0,43750313.0,0.004606603910912706
100018271|F|0-48:A>G-48:A>G,100015319|F|0-34:T>A-34:T>A,41002080.0,44449888.0,0.013187970971931648
100018271|F|0-48:A>G-48:A>G,100018345|F|0-65:A>C-65:A>C,41002080.0,44788831.0,0.1351504040919166
100018271|F|0-48:A>G-48:A>G,100017310|F|0-9:T>G-9:T>G,41002080.0,44906172.0,0.022647673426141168
100018271|F|0-48:A>G-48:A>G,100048863|F|0-39:A>G-39:A>G,41002080.0,44946182.0,0.13975047344171934
100018271|F|0-48:A>G-48:A>G,100033264|F|0-61:C>T-61:C>T,41002080.0,44989593.0,0.0007684116409620324
100018271|F|0-48:A>G-48:A>G,100020314|F|0-31:G>A-31:G>A,41002080.0,45007549.0,0.07412156963323918
100018271|F|0-48:A>G-48:A>G,100041823|F|0-64:C>T-64:C>T,41002080.0,45303483.0,0.04832502757404734
100018271|F|0-48:A>G-48:A>G,100015397|F|0-30:G>C-30:G>C,41002080.0,45844613.0,0.006518263502155547
100018271|F|0-48:A>G-48:A>G,100029049|F|0-10:A>G-10:A>G,41002080.0,46654939.0,0.01616206130190536
100018271|F|0-48:A>G-48:A>G,100030430|F|0-19:A>C-19:A>C,41002080.0,46846957.0,0.09484432815528449
100018271|F|0-48:A>G-48:A>G,100021654|F|0-23:G>T-23:G>T,41002080.0,46876617.0,0.015543989832044153
100018271|F|0-48:A>G-48:A>G,100034493|F|0-32:C>T-32:C>T,41002080.0,46898850.0,0.012117622931587963
100018271|F|0-48:A>G-48:A>G,100019198|F|0-35:G>T-35:G>T,41002080.0,46921983.0,0.011342206419693317
100018271|F|0-48:A>G-48:A>G,100020755|F|0-11:C>A-11:C>A,41002080.0,46921988.0,0.00568213469447522
100018271|F|0-48:A>G-48:A>G,100030713|F|0-35:T>A-35:T>A,41002080.0,46975334.0,0.018118808364439496
100018271|F|0-48:A>G-48:A>G,100035377|F|0-67:C>G-67:C>G,41002080.0,47016484.0,0.002651016960422676
100018271|F|0-48:A>G-48:A>G,100014882|F|0-19:A>G-19:A>G,41002080.0,47035718.0,0.0407470849229503
100018271|F|0-48:A>G-48:A>G,100016158|F|0-51:C>A-51:C>A,41002080.0,47150489.0,0.0021945847772535604
100017658|F|0-34:T>G-34:T>G,100017206|F|0-15:G>C-15:G>C,41027371.0,41065538.0,0.6757123282917237
100017658|F|0-34:T>G-34:T>G,100040329|F|0-26:A>G-26:A>G,41027371.0,41159215.0,0.379182150019728
100017658|F|0-34:T>G-34:T>G,100035489|F|0-33:C>A-33:C>A,41027371.0,41159220.0,0.026931110089391554
100017658|F|0-34:T>G-34:T>G,100021166|F|0-38:T>C-38:T>C,41027371.0,41233248.0,0.1938247090730091
100017658|F|0-34:T>G-34:T>G,100020488|F|0-58:T>G-58:T>G,41027371.0,41740174.0,0.0002208139201095202
100017658|F|0-34:T>G-34:T>G,100046856|F|0-65:C>A-65:C>A,41027371.0,41864679.0,0.0350891915555443
100017658|F|0-34:T>G-34:T>G,100021425|F|0-50:G>C-50:G>C,41027371.0,42699263.0,0.027480086708125934
100017658|F|0-34:T>G-34:T>G,100032947|F|0-10:A>C-10:A>C,41027371.0,42744717.0,0.01568726784693376
100017658|F|0-34:T>G-34:T>G,100014347|F|0-68:T>C-68:T>C,41027371.0,42858969.0,0.07550760811630364
100017658|F|0-34:T>G-34:T>G,100016630|F|0-66:A>T-66:A>T,41027371.0,43750313.0,0.01165908353846642
100017658|F|0-34:T>G-34:T>G,100015319|F|0-34:T>A-34:T>A,41027371.0,44449888.0,0.006896629614570824
100017658|F|0-34:T>G-34:T>G,100018345|F|0-65:A>C-65:A>C,41027371.0,44788831.0,0.13926696374701536
100017658|F|0-34:T>G-34:T>G,100017310|F|0-9:T>G-9:T>G,41027371.0,44906172.0,0.008275916686465516
100017658|F|0-34:T>G-34:T>G,100048863|F|0-39:A>G-39:A>G,41027371.0,44946182.0,0.14396604369237717
100017658|F|0-34:T>G-34:T>G,100033264|F|0-61:C>T-61:C>T,41027371.0,44989593.0,0.007941687856684074
100017658|F|0-34:T>G-34:T>G,100020314|F|0-31:G>A-31:G>A,41027371.0,45007549.0,0.05448996617945016
100017658|F|0-34:T>G-34:T>G,100041823|F|0-64:C>T-64:C>T,41027371.0,45303483.0,0.05903374749641069
100017658|F|0-34:T>G-34:T>G,100015397|F|0-30:G>C-30:G>C,41027371.0,45844613.0,0.008232595967987826
100017658|F|0-34:T>G-34:T>G,100029049|F|0-10:A>G-10:A>G,41027371.0,46654939.0,0.019616860222137225
100017658|F|0-34:T>G-34:T>G,100030430|F|0-19:A>C-19:A>C,41027371.0,46846957.0,0.09263899518772101
100017658|F|0-34:T>G-34:T>G,100021654|F|0-23:G>T-23:G>T,41027371.0,46876617.0,0.018100550404491933
100017658|F|0-34:T>G-34:T>G,100034493|F|0-32:C>T-32:C>T,41027371.0,46898850.0,0.014787485103996745
100017658|F|0-34:T>G-34:T>G,100019198|F|0-35:G>T-35:G>T,41027371.0,46921983.0,0.020816856013764644
100017658|F|0-34:T>G-34:T>G,100020755|F|0-11:C>A-11:C>A,41027371.0,46921988.0,0.007522418137589267
100017658|F|0-34:T>G-34:T>G,100030713|F|0-35:T>A-35:T>A,41027371.0,46975334.0,0.025276221710378806
100017658|F|0-34:T>G-34:T>G,100035377|F|0-67:C>G-67:C>G,41027371.0,47016484.0,0.0008039123735512839
100017658|F|0-34:T>G-34:T>G,100014882|F|0-19:A>G-19:A>G,41027371.0,47035718.0,0.04478806406455857
100017658|F|0-34:T>G-34:T>G,100016158|F|0-51:C>A-51:C>A,41027371.0,47150489.0,0.0126907344425039
100017206|F|0-15:G>C-15:G>C,100040329|F|0-26:A>G-26:A>G,41065538.0,41159215.0,0.42461063237794766
100017206|F|0-15:G>C-15:G>C,100035489|F|0-33:C>A-33:C>A,41065538.0,41159220.0,0.033333880317185934
100017206|F|0-15:G>C-15:G>C,100021166|F|0-38:T>C-38:T>C,41065538.0,41233248.0,0.24382132530326575
100017206|F|0-15:G>C-15:G>C,100020488|F|0-58:T>G-58:T>G,41065538.0,41740174.0,0.003642881632817703
100017206|F|0-15:G>C-15:G>C,100046856|F|0-65:C>A-65:C>A,41065538.0,41864679.0,0.02354618409252916
100017206|F|0-15:G>C-15:G>C,100021425|F|0-50:G>C-50:G>C,41065538.0,42699263.0,0.014669646438599483
100017206|F|0-15:G>C-15:G>C,100032947|F|0-10:A>C-10:A>C,41065538.0,42744717.0,0.01776200984239248
100017206|F|0-15:G>C-15:G>C,100014347|F|0-68:T>C-68:T>C,41065538.0,42858969.0,0.1272609639035631
100017206|F|0-15:G>C-15:G>C,100016630|F|0-66:A>T-66:A>T,41065538.0,43750313.0,0.006468329281884677
100017206|F|0-15:G>C-15:G>C,100015319|F|0-34:T>A-34:T>A,41065538.0,44449888.0,0.012695919569736244
100017206|F|0-15:G>C-15:G>C,100018345|F|0-65:A>C-65:A>C,41065538.0,44788831.0,0.07795470400542849
100017206|F|0-15:G>C-15:G>C,100017310|F|0-9:T>G-9:T>G,41065538.0,44906172.0,0.0018897174383355395
100017206|F|0-15:G>C-15:G>C,100048863|F|0-39:A>G-39:A>G,41065538.0,44946182.0,0.0808286114377213
100017206|F|0-15:G>C-15:G>C,100033264|F|0-61:C>T-61:C>T,41065538.0,44989593.0,0.004632389448712673
100017206|F|0-15:G>C-15:G>C,100020314|F|0-31:G>A-31:G>A,41065538.0,45007549.0,0.024012663039307894
100017206|F|0-15:G>C-15:G>C,100041823|F|0-64:C>T-64:C>T,41065538.0,45303483.0,0.04678570850399064
100017206|F|0-15:G>C-15:G>C,100015397|F|0-30:G>C-30:G>C,41065538.0,45844613.0,0.0055243854767872335
100017206|F|0-15:G>C-15:G>C,100029049|F|0-10:A>G-10:A>G,41065538.0,46654939.0,0.008678432676008962
100017206|F|0-15:G>C-15:G>C,100030430|F|0-19:A>C-19:A>C,41065538.0,46846957.0,0.12554223443679446
100017206|F|0-15:G>C-15:G>C,100021654|F|0-23:G>T-23:G>T,41065538.0,46876617.0,0.012146158777286678
100017206|F|0-15:G>C-15:G>C,100034493|F|0-32:C>T-32:C>T,41065538.0,46898850.0,0.021353206208749444
100017206|F|0-15:G>C-15:G>C,100019198|F|0-35:G>T-35:G>T,41065538.0,46921983.0,0.006208401469367093
100017206|F|0-15:G>C-15:G>C,100020755|F|0-11:C>A-11:C>A,41065538.0,46921988.0,0.0030098460085402254
100017206|F|0-15:G>C-15:G>C,100030713|F|0-35:T>A-35:T>A,41065538.0,46975334.0,0.019753150548153464
100017206|F|0-15:G>C-15:G>C,100035377|F|0-67:C>G-67:C>G,41065538.0,47016484.0,0.0003928765766997554
100017206|F|0-15:G>C-15:G>C,100014882|F|0-19:A>G-19:A>G,41065538.0,47035718.0,0.022066995921914665
100017206|F|0-15:G>C-15:G>C,100016158|F|0-51:C>A-51:C>A,41065538.0,47150489.0,0.0016377251653466832
100040329|F|0-26:A>G-26:A>G,100035489|F|0-33:C>A-33:C>A,41159215.0,41159220.0,0.011307923108626007
100040329|F|0-26:A>G-26:A>G,100021166|F|0-38:T>C-38:T>C,41159215.0,41233248.0,0.13746330866573195
100040329|F|0-26:A>G-26:A>G,100020488|F|0-58:T>G-58:T>G,41159215.0,41740174.0,0.0012823775602385239
100040329|F|0-26:A>G-26:A>G,100046856|F|0-65:C>A-65:C>A,41159215.0,41864679.0,0.06664689101364187
100040329|F|0-26:A>G-26:A>G,100021425|F|0-50:G>C-50:G>C,41159215.0,42699263.0,0.09057216715537768
100040329|F|0-26:A>G-26:A>G,100032947|F|0-10:A>C-10:A>C,41159215.0,42744717.0,0.14055699706238098
100040329|F|0-26:A>G-26:A>G,100014347|F|0-68:T>C-68:T>C,41159215.0,42858969.0,0.06960654512200913
100040329|F|0-26:A>G-26:A>G,100016630|F|0-66:A>T-66:A>T,41159215.0,43750313.0,0.03379723553484775
100040329|F|0-26:A>G-26:A>G,100015319|F|0-34:T>A-34:T>A,41159215.0,44449888.0,0.012278710667125329
100040329|F|0-26:A>G-26:A>G,100018345|F|0-65:A>C-65:A>C,41159215.0,44788831.0,0.05954117160558552
100040329|F|0-26:A>G-26:A>G,100017310|F|0-9:T>G-9:T>G,41159215.0,44906172.0,0.004106981830067846
100040329|F|0-26:A>G-26:A>G,100048863|F|0-39:A>G-39:A>G,41159215.0,44946182.0,0.06174368298315894
100040329|F|0-26:A>G-26:A>G,100033264|F|0-61:C>T-61:C>T,41159215.0,44989593.0,0.016751113082262875
100040329|F|0-26:A>G-26:A>G,100020314|F|0-31:G>A-31:G>A,41159215.0,45007549.0,0.004245449425492333
100040329|F|0-26:A>G-26:A>G,100041823|F|0-64:C>T-64:C>T,41159215.0,45303483.0,0.010909193898884605
100040329|F|0-26:A>G-26:A>G,100015397|F|0-30:G>C-30:G>C,41159215.0,45844613.0,0.0005265927191201343
100040329|F|0-26:A>G-26:A>G,100029049|F|0-10:A>G-10:A>G,41159215.0,46654939.0,0.013507411226535369
100040329|F|0-26:A>G-26:A>G,100030430|F|0-19:A>C-19:A>C,41159215.0,46846957.0,0.15221855655351268
100040329|F|0-26:A>G-26:A>G,100021654|F|0-23:G>T-23:G>T,41159215.0,46876617.0,0.02439652552861915
100040329|F|0-26:A>G-26:A>G,100034493|F|0-32:C>T-32:C>T,41159215.0,46898850.0,0.02312980778764557
100040329|F|0-26:A>G-26:A>G,100019198|F|0-35:G>T-35:G>T,41159215.0,46921983.0,0.017679764186665576
100040329|F|0-26:A>G-26:A>G,100020755|F|0-11:C>A-11:C>A,41159215.0,46921988.0,0.03315652208981339
100040329|F|0-26:A>G-26:A>G,100030713|F|0-35:T>A-35:T>A,41159215.0,46975334.0,0.008594637210301377
100040329|F|0-26:A>G-26:A>G,100035377|F|0-67:C>G-67:C>G,41159215.0,47016484.0,0.007330422213350747
100040329|F|0-26:A>G-26:A>G,100014882|F|0-19:A>G-19:A>G,41159215.0,47035718.0,0.03497542446277951
100040329|F|0-26:A>G-26:A>G,100016158|F|0-51:C>A-51:C>A,41159215.0,47150489.0,0.0162126218902172
100035489|F|0-33:C>A-33:C>A,100021166|F|0-38:T>C-38:T>C,41159220.0,41233248.0,0.03534789068853139
100035489|F|0-33:C>A-33:C>A,100020488|F|0-58:T>G-58:T>G,41159220.0,41740174.0,0.1434019564365017
100035489|F|0-33:C>A-33:C>A,100046856|F|0-65:C>A-65:C>A,41159220.0,41864679.0,0.008775388981357114
100035489|F|0-33:C>A-33:C>A,100021425|F|0-50:G>C-50:G>C,41159220.0,42699263.0,0.09463985471795731
100035489|F|0-33:C>A-33:C>A,100032947|F|0-10:A>C-10:A>C,41159220.0,42744717.0,0.0007377461506796621
100035489|F|0-33:C>A-33:C>A,100014347|F|0-68:T>C-68:T>C,41159220.0,42858969.0,0.00031780436851708917
100035489|F|0-33:C>A-33:C>A,100016630|F|0-66:A>T-66:A>T,41159220.0,43750313.0,0.004945965336446362
100035489|F|0-33:C>A-33:C>A,100015319|F|0-34:T>A-34:T>A,41159220.0,44449888.0,0.0020281036203338384
100035489|F|0-33:C>A-33:C>A,100018345|F|0-65:A>C-65:A>C,41159220.0,44788831.0,0.003483747236569454
100035489|F|0-33:C>A-33:C>A,100017310|F|0-9:T>G-9:T>G,41159220.0,44906172.0,0.011938457151415647
100035489|F|0-33:C>A-33:C>A,100048863|F|0-39:A>G-39:A>G,41159220.0,44946182.0,0.0036964340959716505
100035489|F|0-33:C>A-33:C>A,100033264|F|0-61:C>T-61:C>T,41159220.0,44989593.0,0.015514900600359668
100035489|F|0-33:C>A-33:C>A,100020314|F|0-31:G>A-31:G>A,41159220.0,45007549.0,0.05001096163147264
100035489|F|0-33:C>A-33:C>A,100041823|F|0-64:C>T-64:C>T,41159220.0,45303483.0,0.013907425578095734
100035489|F|0-33:C>A-33:C>A,100015397|F|0-30:G>C-30:G>C,41159220.0,45844613.0,0.014980672297493893
100035489|F|0-33:C>A-33:C>A,100029049|F|0-10:A>G-10:A>G,41159220.0,46654939.0,0.0766847097673498
100035489|F|0-33:C>A-33:C>A,100030430|F|0-19:A>C-19:A>C,41159220.0,46846957.0,0.04790125557155604
100035489|F|0-33:C>A-33:C>A,100021654|F|0-23:G>T-23:G>T,41159220.0,46876617.0,0.06805496164084468
100035489|F|0-33:C>A-33:C>A,100034493|F|0-32:C>T-32:C>T,41159220.0,46898850.0,0.03521842184651837
100035489|F|0-33:C>A-33:C>A,100019198|F|0-35:G>T-35:G>T,41159220.0,46921983.0,0.032334227466609876
100035489|F|0-33:C>A-33:C>A,100020755|F|0-11:C>A-11:C>A,41159220.0,46921988.0,0.051778027695935584
100035489|F|0-33:C>A-33:C>A,100030713|F|0-35:T>A-35:T>A,41159220.0,46975334.0,0.13871049611532815
100035489|F|0-33:C>A-33:C>A,100035377|F|0-67:C>G-67:C>G,41159220.0,47016484.0,0.038158553494501264
100035489|F|0-33:C>A-33:C>A,100014882|F|0-19:A>G-19:A>G,41159220.0,47035718.0,0.0455899317875556
100035489|F|0-33:C>A-33:C>A,100016158|F|0-51:C>A-51:C>A,41159220.0,47150489.0,0.001748060242526099
100021166|F|0-38:T>C-38:T>C,100020488|F|0-58:T>G-58:T>G,41233248.0,41740174.0,1.4893166353358461e-05
100021166|F|0-38:T>C-38:T>C,100046856|F|0-65:C>A-65:C>A,41233248.0,41864679.0,0.07369838047514106
100021166|F|0-38:T>C-38:T>C,100021425|F|0-50:G>C-50:G>C,41233248.0,42699263.0,0.13493464413524375
100021166|F|0-38:T>C-38:T>C,100032947|F|0-10:A>C-10:A>C,41233248.0,42744717.0,0.05764882774148194
100021166|F|0-38:T>C-38:T>C,100014347|F|0-68:T>C-68:T>C,41233248.0,42858969.0,0.04202958883053668
100021166|F|0-38:T>C-38:T>C,100016630|F|0-66:A>T-66:A>T,41233248.0,43750313.0,0.005229488011172762
100021166|F|0-38:T>C-38:T>C,100015319|F|0-34:T>A-34:T>A,41233248.0,44449888.0,0.006118978924738058
100021166|F|0-38:T>C-38:T>C,100018345|F|0-65:A>C-65:A>C,41233248.0,44788831.0,0.06043342158074635
100021166|F|0-38:T>C-38:T>C,100017310|F|0-9:T>G-9:T>G,41233248.0,44906172.0,0.007380933882371237
100021166|F|0-38:T>C-38:T>C,100048863|F|0-39:A>G-39:A>G,41233248.0,44946182.0,0.062328733401764605
100021166|F|0-38:T>C-38:T>C,100033264|F|0-61:C>T-61:C>T,41233248.0,44989593.0,0.004006836665059757
100021166|F|0-38:T>C-38:T>C,100020314|F|0-31:G>A-31:G>A,41233248.0,45007549.0,0.014642043045263842
100021166|F|0-38:T>C-38:T>C,100041823|F|0-64:C>T-64:C>T,41233248.0,45303483.0,6.508617941470307e-05
100021166|F|0-38:T>C-38:T>C,100015397|F|0-30:G>C-30:G>C,41233248.0,45844613.0,0.021810003924291332
100021166|F|0-38:T>C-38:T>C,100029049|F|0-10:A>G-10:A>G,41233248.0,46654939.0,2.687375783519336e-05
100021166|F|0-38:T>C-38:T>C,100030430|F|0-19:A>C-19:A>C,41233248.0,46846957.0,0.041298304775792986
100021166|F|0-38:T>C-38:T>C,100021654|F|0-23:G>T-23:G>T,41233248.0,46876617.0,0.034725605704921024
100021166|F|0-38:T>C-38:T>C,100034493|F|0-32:C>T-32:C>T,41233248.0,46898850.0,0.056202199455871016
100021166|F|0-38:T>C-38:T>C,100019198|F|0-35:G>T-35:G>T,41233248.0,46921983.0,0.01197650990667151
100021166|F|0-38:T>C-38:T>C,100020755|F|0-11:C>A-11:C>A,41233248.0,46921988.0,0.018090253268797745
100021166|F|0-38:T>C-38:T>C,100030713|F|0-35:T>A-35:T>A,41233248.0,46975334.0,0.005834668757884701
100021166|F|0-38:T>C-38:T>C,100035377|F|0-67:C>G-67:C>G,41233248.0,47016484.0,0.00031424508290120066
100021166|F|0-38:T>C-38:T>C,100014882|F|0-19:A>G-19:A>G,41233248.0,47035718.0,0.022962332148499187
100021166|F|0-38:T>C-38:T>C,100016158|F|0-51:C>A-51:C>A,41233248.0,47150489.0,0.002083792571365583
100020488|F|0-58:T>G-58:T>G,100046856|F|0-65:C>A-65:C>A,41740174.0,41864679.0,0.02001565669145641
100020488|F|0-58:T>G-58:T>G,100021425|F|0-50:G>C-50:G>C,41740174.0,42699263.0,0.0015905703861752213
100020488|F|0-58:T>G-58:T>G,100032947|F|0-10:A>C-10:A>C,41740174.0,42744717.0,0.05161346783065907
100020488|F|0-58:T>G-58:T>G,100014347|F|0-68:T>C-68:T>C,41740174.0,42858969.0,4.493719577518411e-06
100020488|F|0-58:T>G-58:T>G,100016630|F|0-66:A>T-66:A>T,41740174.0,43750313.0,0.04987506879739733
100020488|F|0-58:T>G-58:T>G,100015319|F|0-34:T>A-34:T>A,41740174.0,44449888.0,0.006029374358201352
100020488|F|0-58:T>G-58:T>G,100018345|F|0-65:A>C-65:A>C,41740174.0,44788831.0,0.0035432385716729804
100020488|F|0-58:T>G-58:T>G,100017310|F|0-9:T>G-9:T>G,41740174.0,44906172.0,0.01359442256616906
100020488|F|0-58:T>G-58:T>G,100048863|F|0-39:A>G-39:A>G,41740174.0,44946182.0,0.003860529237921343
100020488|F|0-58:T>G-58:T>G,100033264|F|0-61:C>T-61:C>T,41740174.0,44989593.0,0.011531110012324488
100020488|F|0-58:T>G-58:T>G,100020314|F|0-31:G>A-31:G>A,41740174.0,45007549.0,0.012765211243879773
100020488|F|0-58:T>G-58:T>G,100041823|F|0-64:C>T-64:C>T,41740174.0,45303483.0,0.022172570583961743
100020488|F|0-58:T>G-58:T>G,100015397|F|0-30:G>C-30:G>C,41740174.0,45844613.0,0.00934619969398286
100020488|F|0-58:T>G-58:T>G,100029049|F|0-10:A>G-10:A>G,41740174.0,46654939.0,0.017246913858352846
100020488|F|0-58:T>G-58:T>G,100030430|F|0-19:A>C-19:A>C,41740174.0,46846957.0,0.0013336692203962438
100020488|F|0-58:T>G-58:T>G,100021654|F|0-23:G>T-23:G>T,41740174.0,46876617.0,0.0007342191823735148
100020488|F|0-58:T>G-58:T>G,100034493|F|0-32:C>T-32:C>T,41740174.0,46898850.0,8.450193881248295e-05
100020488|F|0-58:T>G-58:T>G,100019198|F|0-35:G>T-35:G>T,41740174.0,46921983.0,0.0030840467933059257
100020488|F|0-58:T>G-58:T>G,100020755|F|0-11:C>A-11:C>A,41740174.0,46921988.0,0.0006066999484924107
100020488|F|0-58:T>G-58:T>G,100030713|F|0-35:T>A-35:T>A,41740174.0,46975334.0,0.0434518307141996
100020488|F|0-58:T>G-58:T>G,100035377|F|0-67:C>G-67:C>G,41740174.0,47016484.0,0.046083686659863066
100020488|F|0-58:T>G-58:T>G,100014882|F|0-19:A>G-19:A>G,41740174.0,47035718.0,0.015392225325884563
100020488|F|0-58:T>G-58:T>G,100016158|F|0-51:C>A-51:C>A,41740174.0,47150489.0,0.005196829933740451
100046856|F|0-65:C>A-65:C>A,100021425|F|0-50:G>C-50:G>C,41864679.0,42699263.0,0.04712337050379748
100046856|F|0-65:C>A-65:C>A,100032947|F|0-10:A>C-10:A>C,41864679.0,42744717.0,0.012241432937755554
100046856|F|0-65:C>A-65:C>A,100014347|F|0-68:T>C-68:T>C,41864679.0,42858969.0,0.0035295190549967576
100046856|F|0-65:C>A-65:C>A,100016630|F|0-66:A>T-66:A>T,41864679.0,43750313.0,0.0029375996090604656
100046856|F|0-65:C>A-65:C>A,100015319|F|0-34:T>A-34:T>A,41864679.0,44449888.0,0.0024979592055939183
100046856|F|0-65:C>A-65:C>A,100018345|F|0-65:A>C-65:A>C,41864679.0,44788831.0,0.013924293276118315
100046856|F|0-65:C>A-65:C>A,100017310|F|0-9:T>G-9:T>G,41864679.0,44906172.0,0.07166910305941306
100046856|F|0-65:C>A-65:C>A,100048863|F|0-39:A>G-39:A>G,41864679.0,44946182.0,0.014237805107587615
100046856|F|0-65:C>A-65:C>A,100033264|F|0-61:C>T-61:C>T,41864679.0,44989593.0,0.04514604666425467
100046856|F|0-65:C>A-65:C>A,100020314|F|0-31:G>A-31:G>A,41864679.0,45007549.0,0.00038096917298204415
100046856|F|0-65:C>A-65:C>A,100041823|F|0-64:C>T-64:C>T,41864679.0,45303483.0,0.04643183570877712
100046856|F|0-65:C>A-65:C>A,100015397|F|0-30:G>C-30:G>C,41864679.0,45844613.0,0.00027954988031968653
100046856|F|0-65:C>A-65:C>A,100029049|F|0-10:A>G-10:A>G,41864679.0,46654939.0,0.0007078924388740515
100046856|F|0-65:C>A-65:C>A,100030430|F|0-19:A>C-19:A>C,41864679.0,46846957.0,0.0058607279224180235
100046856|F|0-65:C>A-65:C>A,100021654|F|0-23:G>T-23:G>T,41864679.0,46876617.0,0.03237729924400255
100046856|F|0-65:C>A-65:C>A,100034493|F|0-32:C>T-32:C>T,41864679.0,46898850.0,0.027885896005080794
100046856|F|0-65:C>A-65:C>A,100019198|F|0-35:G>T-35:G>T,41864679.0,46921983.0,0.01769037767964224
100046856|F|0-65:C>A-65:C>A,100020755|F|0-11:C>A-11:C>A,41864679.0,46921988.0,0.02553734979897904
100046856|F|0-65:C>A-65:C>A,100030713|F|0-35:T>A-35:T>A,41864679.0,46975334.0,0.08054861843009642
100046856|F|0-65:C>A-65:C>A,100035377|F|0-67:C>G-67:C>G,41864679.0,47016484.0,0.00280786562228859
100046856|F|0-65:C>A-65:C>A,100014882|F|0-19:A>G-19:A>G,41864679.0,47035718.0,0.010968186040339726
100046856|F|0-65:C>A-65:C>A,100016158|F|0-51:C>A-51:C>A,41864679.0,47150489.0,0.05888074451933032
100021425|F|0-50:G>C-50:G>C,100032947|F|0-10:A>C-10:A>C,42699263.0,42744717.0,0.4881028498355847
100021425|F|0-50:G>C-50:G>C,100014347|F|0-68:T>C-68:T>C,42699263.0,42858969.0,4.5964331678616954e-05
100021425|F|0-50:G>C-50:G>C,100016630|F|0-66:A>T-66:A>T,42699263.0,43750313.0,0.04395355103057529
100021425|F|0-50:G>C-50:G>C,100015319|F|0-34:T>A-34:T>A,42699263.0,44449888.0,1.9665780067748832e-05
100021425|F|0-50:G>C-50:G>C,100018345|F|0-65:A>C-65:A>C,42699263.0,44788831.0,0.036242268818826376
100021425|F|0-50:G>C-50:G>C,100017310|F|0-9:T>G-9:T>G,42699263.0,44906172.0,0.004086412082397364
100021425|F|0-50:G>C-50:G>C,100048863|F|0-39:A>G-39:A>G,42699263.0,44946182.0,0.03705828007689703
100021425|F|0-50:G>C-50:G>C,100033264|F|0-61:C>T-61:C>T,42699263.0,44989593.0,0.014330774770749923
100021425|F|0-50:G>C-50:G>C,100020314|F|0-31:G>A-31:G>A,42699263.0,45007549.0,0.028045191666102188
100021425|F|0-50:G>C-50:G>C,100041823|F|0-64:C>T-64:C>T,42699263.0,45303483.0,0.0037770953993384654
100021425|F|0-50:G>C-50:G>C,100015397|F|0-30:G>C-30:G>C,42699263.0,45844613.0,0.00150415034075505
100021425|F|0-50:G>C-50:G>C,100029049|F|0-10:A>G-10:A>G,42699263.0,46654939.0,0.0036518459630395946
100021425|F|0-50:G>C-50:G>C,100030430|F|0-19:A>C-19:A>C,42699263.0,46846957.0,0.0030164680498952186
100021425|F|0-50:G>C-50:G>C,100021654|F|0-23:G>T-23:G>T,42699263.0,46876617.0,0.0009579098662161828
100021425|F|0-50:G>C-50:G>C,100034493|F|0-32:C>T-32:C>T,42699263.0,46898850.0,0.0020574679878866135
100021425|F|0-50:G>C-50:G>C,100019198|F|0-35:G>T-35:G>T,42699263.0,46921983.0,0.0029791091502711555
100021425|F|0-50:G>C-50:G>C,100020755|F|0-11:C>A-11:C>A,42699263.0,46921988.0,2.7300053760106646e-05
100021425|F|0-50:G>C-50:G>C,100030713|F|0-35:T>A-35:T>A,42699263.0,46975334.0,0.03987771881620054
100021425|F|0-50:G>C-50:G>C,100035377|F|0-67:C>G-67:C>G,42699263.0,47016484.0,0.0009681569695405741
100021425|F|0-50:G>C-50:G>C,100014882|F|0-19:A>G-19:A>G,42699263.0,47035718.0,0.02008169339164241
100021425|F|0-50:G>C-50:G>C,100016158|F|0-51:C>A-51:C>A,42699263.0,47150489.0,0.020321557817479095
100032947|F|0-10:A>C-10:A>C,100014347|F|0-68:T>C-68:T>C,42744717.0,42858969.0,0.015322227598442349
100032947|F|0-10:A>C-10:A>C,100016630|F|0-66:A>T-66:A>T,42744717.0,43750313.0,0.07849552485411711
100032947|F|0-10:A>C-10:A>C,100015319|F|0-34:T>A-34:T>A,42744717.0,44449888.0,0.0012547819186329884
100032947|F|0-10:A>C-10:A>C,100018345|F|0-65:A>C-65:A>C,42744717.0,44788831.0,0.019643233309117204
100032947|F|0-10:A>C-10:A>C,100017310|F|0-9:T>G-9:T>G,42744717.0,44906172.0,0.00589597920422621
100032947|F|0-10:A>C-10:A>C,100048863|F|0-39:A>G-39:A>G,42744717.0,44946182.0,0.020085509691020367
100032947|F|0-10:A>C-10:A>C,100033264|F|0-61:C>T-61:C>T,42744717.0,44989593.0,0.005135360674624225
100032947|F|0-10:A>C-10:A>C,100020314|F|0-31:G>A-31:G>A,42744717.0,45007549.0,0.0028543038623603505
100032947|F|0-10:A>C-10:A>C,100041823|F|0-64:C>T-64:C>T,42744717.0,45303483.0,0.0012410507437523631
100032947|F|0-10:A>C-10:A>C,100015397|F|0-30:G>C-30:G>C,42744717.0,45844613.0,0.004406915857592005
100032947|F|0-10:A>C-10:A>C,100029049|F|0-10:A>G-10:A>G,42744717.0,46654939.0,0.01200138189918322
100032947|F|0-10:A>C-10:A>C,100030430|F|0-19:A>C-19:A>C,42744717.0,46846957.0,0.0002517477121167935
100032947|F|0-10:A>C-10:A>C,100021654|F|0-23:G>T-23:G>T,42744717.0,46876617.0,0.0005109113942204255
100032947|F|0-10:A>C-10:A>C,100034493|F|0-32:C>T-32:C>T,42744717.0,46898850.0,0.002296923704453786
100032947|F|0-10:A>C-10:A>C,100019198|F|0-35:G>T-35:G>T,42744717.0,46921983.0,0.004302982496745286
100032947|F|0-10:A>C-10:A>C,100020755|F|0-11:C>A-11:C>A,42744717.0,46921988.0,1.3462253541564428e-05
100032947|F|0-10:A>C-10:A>C,100030713|F|0-35:T>A-35:T>A,42744717.0,46975334.0,0.023078564003017502
100032947|F|0-10:A>C-10:A>C,100035377|F|0-67:C>G-67:C>G,42744717.0,47016484.0,0.030430422701300287
100032947|F|0-10:A>C-10:A>C,100014882|F|0-19:A>G-19:A>G,42744717.0,47035718.0,0.027531486439684567
100032947|F|0-10:A>C-10:A>C,100016158|F|0-51:C>A-51:C>A,42744717.0,47150489.0,0.002670691949681785
100014347|F|0-68:T>C-68:T>C,100016630|F|0-66:A>T-66:A>T,42858969.0,43750313.0,0.10992696520159495
100014347|F|0-68:T>C-68:T>C,100015319|F|0-34:T>A-34:T>A,42858969.0,44449888.0,0.0005908703210558184
100014347|F|0-68:T>C-68:T>C,100018345|F|0-65:A>C-65:A>C,42858969.0,44788831.0,2.752035486987954e-05
100014347|F|0-68:T>C-68:T>C,100017310|F|0-9:T>G-9:T>G,42858969.0,44906172.0,0.06859875097580032
100014347|F|0-68:T>C-68:T>C,100048863|F|0-39:A>G-39:A>G,42858969.0,44946182.0,5.002664577132706e-05
100014347|F|0-68:T>C-68:T>C,100033264|F|0-61:C>T-61:C>T,42858969.0,44989593.0,0.004597161796633383
100014347|F|0-68:T>C-68:T>C,100020314|F|0-31:G>A-31:G>A,42858969.0,45007549.0,6.361845215033617e-07
100014347|F|0-68:T>C-68:T>C,100041823|F|0-64:C>T-64:C>T,42858969.0,45303483.0,0.04364550328675893
100014347|F|0-68:T>C-68:T>C,100015397|F|0-30:G>C-30:G>C,42858969.0,45844613.0,0.01623302101009106
100014347|F|0-68:T>C-68:T>C,100029049|F|0-10:A>G-10:A>G,42858969.0,46654939.0,0.03096879281355086
100014347|F|0-68:T>C-68:T>C,100030430|F|0-19:A>C-19:A>C,42858969.0,46846957.0,0.03710135391169875
100014347|F|0-68:T>C-68:T>C,100021654|F|0-23:G>T-23:G>T,42858969.0,46876617.0,0.00036835901321882416
100014347|F|0-68:T>C-68:T>C,100034493|F|0-32:C>T-32:C>T,42858969.0,46898850.0,0.001846716028710226
100014347|F|0-68:T>C-68:T>C,100019198|F|0-35:G>T-35:G>T,42858969.0,46921983.0,0.01292623499481039
100014347|F|0-68:T>C-68:T>C,100020755|F|0-11:C>A-11:C>A,42858969.0,46921988.0,0.0016911858667177852
100014347|F|0-68:T>C-68:T>C,100030713|F|0-35:T>A-35:T>A,42858969.0,46975334.0,0.00041665509291408413
100014347|F|0-68:T>C-68:T>C,100035377|F|0-67:C>G-67:C>G,42858969.0,47016484.0,0.004072676389060562
100014347|F|0-68:T>C-68:T>C,100014882|F|0-19:A>G-19:A>G,42858969.0,47035718.0,0.003284534534534529
100014347|F|0-68:T>C-68:T>C,100016158|F|0-51:C>A-51:C>A,42858969.0,47150489.0,0.011527360001197152
100016630|F|0-66:A>T-66:A>T,100015319|F|0-34:T>A-34:T>A,43750313.0,44449888.0,0.2305537872093929
100016630|F|0-66:A>T-66:A>T,100018345|F|0-65:A>C-65:A>C,43750313.0,44788831.0,0.010738264919550485
100016630|F|0-66:A>T-66:A>T,100017310|F|0-9:T>G-9:T>G,43750313.0,44906172.0,0.049015964669058235
100016630|F|0-66:A>T-66:A>T,100048863|F|0-39:A>G-39:A>G,43750313.0,44946182.0,0.008495788566138581
100016630|F|0-66:A>T-66:A>T,100033264|F|0-61:C>T-61:C>T,43750313.0,44989593.0,0.013433470117324046
100016630|F|0-66:A>T-66:A>T,100020314|F|0-31:G>A-31:G>A,43750313.0,45007549.0,0.0002379997078066041
100016630|F|0-66:A>T-66:A>T,100041823|F|0-64:C>T-64:C>T,43750313.0,45303483.0,0.04257548449650286
100016630|F|0-66:A>T-66:A>T,100015397|F|0-30:G>C-30:G>C,43750313.0,45844613.0,0.15487091776387038
100016630|F|0-66:A>T-66:A>T,100029049|F|0-10:A>G-10:A>G,43750313.0,46654939.0,0.0022413396096408553
100016630|F|0-66:A>T-66:A>T,100030430|F|0-19:A>C-19:A>C,43750313.0,46846957.0,0.014616032135498218
100016630|F|0-66:A>T-66:A>T,100021654|F|0-23:G>T-23:G>T,43750313.0,46876617.0,0.00856052766664767
100016630|F|0-66:A>T-66:A>T,100034493|F|0-32:C>T-32:C>T,43750313.0,46898850.0,0.012356827989342107
100016630|F|0-66:A>T-66:A>T,100019198|F|0-35:G>T-35:G>T,43750313.0,46921983.0,0.0007971678187485527
100016630|F|0-66:A>T-66:A>T,100020755|F|0-11:C>A-11:C>A,43750313.0,46921988.0,0.004175439166001969
100016630|F|0-66:A>T-66:A>T,100030713|F|0-35:T>A-35:T>A,43750313.0,46975334.0,0.0009486743647801886
100016630|F|0-66:A>T-66:A>T,100035377|F|0-67:C>G-67:C>G,43750313.0,47016484.0,1.9702589412813182e-05
100016630|F|0-66:A>T-66:A>T,100014882|F|0-19:A>G-19:A>G,43750313.0,47035718.0,0.05562518163324603
100016630|F|0-66:A>T-66:A>T,100016158|F|0-51:C>A-51:C>A,43750313.0,47150489.0,0.020278190324608213
100015319|F|0-34:T>A-34:T>A,100018345|F|0-65:A>C-65:A>C,44449888.0,44788831.0,0.012564751384954002
100015319|F|0-34:T>A-34:T>A,100017310|F|0-9:T>G-9:T>G,44449888.0,44906172.0,0.12711138141707906
100015319|F|0-34:T>A-34:T>A,100048863|F|0-39:A>G-39:A>G,44449888.0,44946182.0,0.008921980908992487
100015319|F|0-34:T>A-34:T>A,100033264|F|0-61:C>T-61:C>T,44449888.0,44989593.0,0.00026954718300917105
100015319|F|0-34:T>A-34:T>A,100020314|F|0-31:G>A-31:G>A,44449888.0,45007549.0,0.013979413806986932
100015319|F|0-34:T>A-34:T>A,100041823|F|0-64:C>T-64:C>T,44449888.0,45303483.0,0.0382829573726359
100015319|F|0-34:T>A-34:T>A,100015397|F|0-30:G>C-30:G>C,44449888.0,45844613.0,0.3280046669745767
100015319|F|0-34:T>A-34:T>A,100029049|F|0-10:A>G-10:A>G,44449888.0,46654939.0,0.00030981409454387197
100015319|F|0-34:T>A-34:T>A,100030430|F|0-19:A>C-19:A>C,44449888.0,46846957.0,0.002851850278000189
100015319|F|0-34:T>A-34:T>A,100021654|F|0-23:G>T-23:G>T,44449888.0,46876617.0,0.027668988668421324
100015319|F|0-34:T>A-34:T>A,100034493|F|0-32:C>T-32:C>T,44449888.0,46898850.0,0.023703860299819215
100015319|F|0-34:T>A-34:T>A,100019198|F|0-35:G>T-35:G>T,44449888.0,46921983.0,0.02573916588808311
100015319|F|0-34:T>A-34:T>A,100020755|F|0-11:C>A-11:C>A,44449888.0,46921988.0,0.021707524547618214
100015319|F|0-34:T>A-34:T>A,100030713|F|0-35:T>A-35:T>A,44449888.0,46975334.0,0.02426389411236606
100015319|F|0-34:T>A-34:T>A,100035377|F|0-67:C>G-67:C>G,44449888.0,47016484.0,0.005875462738011675
100015319|F|0-34:T>A-34:T>A,100014882|F|0-19:A>G-19:A>G,44449888.0,47035718.0,0.001405283867341212
100015319|F|0-34:T>A-34:T>A,100016158|F|0-51:C>A-51:C>A,44449888.0,47150489.0,0.012706380642378131
100018345|F|0-65:A>C-65:A>C,100017310|F|0-9:T>G-9:T>G,44788831.0,44906172.0,0.19010853947755676
100018345|F|0-65:A>C-65:A>C,100048863|F|0-39:A>G-39:A>G,44788831.0,44946182.0,0.9988990990586188
100018345|F|0-65:A>C-65:A>C,100033264|F|0-61:C>T-61:C>T,44788831.0,44989593.0,0.013396960993417292
100018345|F|0-65:A>C-65:A>C,100020314|F|0-31:G>A-31:G>A,44788831.0,45007549.0,0.0820617022509358
100018345|F|0-65:A>C-65:A>C,100041823|F|0-64:C>T-64:C>T,44788831.0,45303483.0,0.1183818620046312
100018345|F|0-65:A>C-65:A>C,100015397|F|0-30:G>C-30:G>C,44788831.0,45844613.0,0.013924293276118332
100018345|F|0-65:A>C-65:A>C,100029049|F|0-10:A>G-10:A>G,44788831.0,46654939.0,0.008057064754573049
100018345|F|0-65:A>C-65:A>C,100030430|F|0-19:A>C-19:A>C,44788831.0,46846957.0,0.026218667633935544
100018345|F|0-65:A>C-65:A>C,100021654|F|0-23:G>T-23:G>T,44788831.0,46876617.0,0.013051544967383437
100018345|F|0-65:A>C-65:A>C,100034493|F|0-32:C>T-32:C>T,44788831.0,46898850.0,0.01042779409374483
100018345|F|0-65:A>C-65:A>C,100019198|F|0-35:G>T-35:G>T,44788831.0,46921983.0,0.006103689782024368
100018345|F|0-65:A>C-65:A>C,100020755|F|0-11:C>A-11:C>A,44788831.0,46921988.0,0.009549566754289345
100018345|F|0-65:A>C-65:A>C,100030713|F|0-35:T>A-35:T>A,44788831.0,46975334.0,0.01675111864046249
100018345|F|0-65:A>C-65:A>C,100035377|F|0-67:C>G-67:C>G,44788831.0,47016484.0,0.010607555096843305
100018345|F|0-65:A>C-65:A>C,100014882|F|0-19:A>G-19:A>G,44788831.0,47035718.0,0.0021483687521999303
100018345|F|0-65:A>C-65:A>C,100016158|F|0-51:C>A-51:C>A,44788831.0,47150489.0,0.01082979298150831
100017310|F|0-9:T>G-9:T>G,100048863|F|0-39:A>G-39:A>G,44906172.0,44946182.0,0.19619858230557602
100017310|F|0-9:T>G-9:T>G,100033264|F|0-61:C>T-61:C>T,44906172.0,44989593.0,0.02489334517183869
100017310|F|0-9:T>G-9:T>G,100020314|F|0-31:G>A-31:G>A,44906172.0,45007549.0,1.9245885432282703e-05
100017310|F|0-9:T>G-9:T>G,100041823|F|0-64:C>T-64:C>T,44906172.0,45303483.0,0.1575709402337721
100017310|F|0-9:T>G-9:T>G,100015397|F|0-30:G>C-30:G>C,44906172.0,45844613.0,0.01587135846298421
100017310|F|0-9:T>G-9:T>G,100029049|F|0-10:A>G-10:A>G,44906172.0,46654939.0,0.01899623215230035
100017310|F|0-9:T>G-9:T>G,100030430|F|0-19:A>C-19:A>C,44906172.0,46846957.0,0.003124048788972494
100017310|F|0-9:T>G-9:T>G,100021654|F|0-23:G>T-23:G>T,44906172.0,46876617.0,0.008187145702466658
100017310|F|0-9:T>G-9:T>G,100034493|F|0-32:C>T-32:C>T,44906172.0,46898850.0,0.01662157015219086
100017310|F|0-9:T>G-9:T>G,100019198|F|0-35:G>T-35:G>T,44906172.0,46921983.0,0.001623231093495534
100017310|F|0-9:T>G-9:T>G,100020755|F|0-11:C>A-11:C>A,44906172.0,46921988.0,0.015221703871642846
100017310|F|0-9:T>G-9:T>G,100030713|F|0-35:T>A-35:T>A,44906172.0,46975334.0,0.0014005189291189978
100017310|F|0-9:T>G-9:T>G,100035377|F|0-67:C>G-67:C>G,44906172.0,47016484.0,0.023487748654461647
100017310|F|0-9:T>G-9:T>G,100014882|F|0-19:A>G-19:A>G,44906172.0,47035718.0,0.0020278346994535533
100017310|F|0-9:T>G-9:T>G,100016158|F|0-51:C>A-51:C>A,44906172.0,47150489.0,0.05438369710255441
100048863|F|0-39:A>G-39:A>G,100033264|F|0-61:C>T-61:C>T,44946182.0,44989593.0,0.01369859969736304
100048863|F|0-39:A>G-39:A>G,100020314|F|0-31:G>A-31:G>A,44946182.0,45007549.0,0.08454543525956316
100048863|F|0-39:A>G-39:A>G,100041823|F|0-64:C>T-64:C>T,44946182.0,45303483.0,0.12153195709452246
100048863|F|0-39:A>G-39:A>G,100015397|F|0-30:G>C-30:G>C,44946182.0,45844613.0,0.010193931467562733
100048863|F|0-39:A>G-39:A>G,100029049|F|0-10:A>G-10:A>G,44946182.0,46654939.0,0.008428951891546223
100048863|F|0-39:A>G-39:A>G,100030430|F|0-19:A>C-19:A>C,44946182.0,46846957.0,0.02722624724871607
100048863|F|0-39:A>G-39:A>G,100021654|F|0-23:G>T-23:G>T,44946182.0,46876617.0,0.013578509601575778
100048863|F|0-39:A>G-39:A>G,100034493|F|0-32:C>T-32:C>T,44946182.0,46898850.0,0.010874766106378173
100048863|F|0-39:A>G-39:A>G,100019198|F|0-35:G>T-35:G>T,44946182.0,46921983.0,0.006382256682115974
100048863|F|0-39:A>G-39:A>G,100020755|F|0-11:C>A-11:C>A,44946182.0,46921988.0,0.009958894847419056
100048863|F|0-39:A>G-39:A>G,100030713|F|0-35:T>A-35:T>A,44946182.0,46975334.0,0.017128277737875126
100048863|F|0-39:A>G-39:A>G,100035377|F|0-67:C>G-67:C>G,44946182.0,47016484.0,0.010088434728816192
100048863|F|0-39:A>G-39:A>G,100014882|F|0-19:A>G-19:A>G,44946182.0,47035718.0,0.002524458755758613
100048863|F|0-39:A>G-39:A>G,100016158|F|0-51:C>A-51:C>A,44946182.0,47150489.0,0.011073630723556516
100033264|F|0-61:C>T-61:C>T,100020314|F|0-31:G>A-31:G>A,44989593.0,45007549.0,0.07953514765141417
100033264|F|0-61:C>T-61:C>T,100041823|F|0-64:C>T-64:C>T,44989593.0,45303483.0,0.11995663789681932
100033264|F|0-61:C>T-61:C>T,100015397|F|0-30:G>C-30:G>C,44989593.0,45844613.0,3.3656151923870244e-05
100033264|F|0-61:C>T-61:C>T,100029049|F|0-10:A>G-10:A>G,44989593.0,46654939.0,0.002077718178719046
100033264|F|0-61:C>T-61:C>T,100030430|F|0-19:A>C-19:A>C,44989593.0,46846957.0,1.073096720616372e-05
100033264|F|0-61:C>T-61:C>T,100021654|F|0-23:G>T-23:G>T,44989593.0,46876617.0,0.0009336535018950815
100033264|F|0-61:C>T-61:C>T,100034493|F|0-32:C>T-32:C>T,44989593.0,46898850.0,0.0022024192403651745
100033264|F|0-61:C>T-61:C>T,100019198|F|0-35:G>T-35:G>T,44989593.0,46921983.0,0.012590358452115044
100033264|F|0-61:C>T-61:C>T,100020755|F|0-11:C>A-11:C>A,44989593.0,46921988.0,0.0020169318043415066
100033264|F|0-61:C>T-61:C>T,100030713|F|0-35:T>A-35:T>A,44989593.0,46975334.0,0.02095549452115979
100033264|F|0-61:C>T-61:C>T,100035377|F|0-67:C>G-67:C>G,44989593.0,47016484.0,0.03519028510632293
100033264|F|0-61:C>T-61:C>T,100014882|F|0-19:A>G-19:A>G,44989593.0,47035718.0,0.06935700820123292
100033264|F|0-61:C>T-61:C>T,100016158|F|0-51:C>A-51:C>A,44989593.0,47150489.0,0.6481386900556029
100020314|F|0-31:G>A-31:G>A,100041823|F|0-64:C>T-64:C>T,45007549.0,45303483.0,0.00040038436899423376
100020314|F|0-31:G>A-31:G>A,100015397|F|0-30:G>C-30:G>C,45007549.0,45844613.0,0.011429271971058938
100020314|F|0-31:G>A-31:G>A,100029049|F|0-10:A>G-10:A>G,45007549.0,46654939.0,6.104196896975101e-06
100020314|F|0-31:G>A-31:G>A,100030430|F|0-19:A>C-19:A>C,45007549.0,46846957.0,0.0006060935842584833
100020314|F|0-31:G>A-31:G>A,100021654|F|0-23:G>T-23:G>T,45007549.0,46876617.0,0.0018045975949478189
100020314|F|0-31:G>A-31:G>A,100034493|F|0-32:C>T-32:C>T,45007549.0,46898850.0,0.0031009556604374077
100020314|F|0-31:G>A-31:G>A,100019198|F|0-35:G>T-35:G>T,45007549.0,46921983.0,7.231647953372908e-05
100020314|F|0-31:G>A-31:G>A,100020755|F|0-11:C>A-11:C>A,45007549.0,46921988.0,0.0016845286299751459
100020314|F|0-31:G>A-31:G>A,100030713|F|0-35:T>A-35:T>A,45007549.0,46975334.0,0.05477032116274343
100020314|F|0-31:G>A-31:G>A,100035377|F|0-67:C>G-67:C>G,45007549.0,47016484.0,0.07209122709679869
100020314|F|0-31:G>A-31:G>A,100014882|F|0-19:A>G-19:A>G,45007549.0,47035718.0,0.010557301964903605
100020314|F|0-31:G>A-31:G>A,100016158|F|0-51:C>A-51:C>A,45007549.0,47150489.0,0.03621165463449403
100041823|F|0-64:C>T-64:C>T,100015397|F|0-30:G>C-30:G>C,45303483.0,45844613.0,0.021247786409985436
100041823|F|0-64:C>T-64:C>T,100029049|F|0-10:A>G-10:A>G,45303483.0,46654939.0,0.0005537574135686379
100041823|F|0-64:C>T-64:C>T,100030430|F|0-19:A>C-19:A>C,45303483.0,46846957.0,0.0007434192527744487
100041823|F|0-64:C>T-64:C>T,100021654|F|0-23:G>T-23:G>T,45303483.0,46876617.0,0.025156112484807806
100041823|F|0-64:C>T-64:C>T,100034493|F|0-32:C>T-32:C>T,45303483.0,46898850.0,0.023973450136526058
100041823|F|0-64:C>T-64:C>T,100019198|F|0-35:G>T-35:G>T,45303483.0,46921983.0,0.05681547689094031
100041823|F|0-64:C>T-64:C>T,100020755|F|0-11:C>A-11:C>A,45303483.0,46921988.0,0.043292624749546926
100041823|F|0-64:C>T-64:C>T,100030713|F|0-35:T>A-35:T>A,45303483.0,46975334.0,0.009682388618253372
100041823|F|0-64:C>T-64:C>T,100035377|F|0-67:C>G-67:C>G,45303483.0,47016484.0,0.007663854475437679
100041823|F|0-64:C>T-64:C>T,100014882|F|0-19:A>G-19:A>G,45303483.0,47035718.0,0.04625023355754867
100041823|F|0-64:C>T-64:C>T,100016158|F|0-51:C>A-51:C>A,45303483.0,47150489.0,0.12618625508395015
100015397|F|0-30:G>C-30:G>C,100029049|F|0-10:A>G-10:A>G,45844613.0,46654939.0,0.008790065748921294
100015397|F|0-30:G>C-30:G>C,100030430|F|0-19:A>C-19:A>C,45844613.0,46846957.0,0.014086496223960543
100015397|F|0-30:G>C-30:G>C,100021654|F|0-23:G>T-23:G>T,45844613.0,46876617.0,0.014881838204655074
100015397|F|0-30:G>C-30:G>C,100034493|F|0-32:C>T-32:C>T,45844613.0,46898850.0,0.027885896005080804
100015397|F|0-30:G>C-30:G>C,100019198|F|0-35:G>T-35:G>T,45844613.0,46921983.0,0.017690377679642252
100015397|F|0-30:G>C-30:G>C,100020755|F|0-11:C>A-11:C>A,45844613.0,46921988.0,0.010684882775443834
100015397|F|0-30:G>C-30:G>C,100030713|F|0-35:T>A-35:T>A,45844613.0,46975334.0,0.0057279017550291005
100015397|F|0-30:G>C-30:G>C,100035377|F|0-67:C>G-67:C>G,45844613.0,47016484.0,0.01876142038616401
100015397|F|0-30:G>C-30:G>C,100014882|F|0-19:A>G-19:A>G,45844613.0,47035718.0,0.03923355394108279
100015397|F|0-30:G>C-30:G>C,100016158|F|0-51:C>A-51:C>A,45844613.0,47150489.0,0.0006688823877943986
100029049|F|0-10:A>G-10:A>G,100030430|F|0-19:A>C-19:A>C,46654939.0,46846957.0,0.07104314623085481
100029049|F|0-10:A>G-10:A>G,100021654|F|0-23:G>T-23:G>T,46654939.0,46876617.0,0.16421677155562225
100029049|F|0-10:A>G-10:A>G,100034493|F|0-32:C>T-32:C>T,46654939.0,46898850.0,0.1530306342316458
100029049|F|0-10:A>G-10:A>G,100019198|F|0-35:G>T-35:G>T,46654939.0,46921983.0,0.08343607814716097
100029049|F|0-10:A>G-10:A>G,100020755|F|0-11:C>A-11:C>A,46654939.0,46921988.0,0.1085387443519789
100029049|F|0-10:A>G-10:A>G,100030713|F|0-35:T>A-35:T>A,46654939.0,46975334.0,0.027422618356927258
100029049|F|0-10:A>G-10:A>G,100035377|F|0-67:C>G-67:C>G,46654939.0,47016484.0,0.014910400593321643
100029049|F|0-10:A>G-10:A>G,100014882|F|0-19:A>G-19:A>G,46654939.0,47035718.0,0.0008400537634408601
100029049|F|0-10:A>G-10:A>G,100016158|F|0-51:C>A-51:C>A,46654939.0,47150489.0,0.0002670345320705145
100030430|F|0-19:A>C-19:A>C,100021654|F|0-23:G>T-23:G>T,46846957.0,46876617.0,0.4451376149631867
100030430|F|0-19:A>C-19:A>C,100034493|F|0-32:C>T-32:C>T,46846957.0,46898850.0,0.411359005600336
100030430|F|0-19:A>C-19:A>C,100019198|F|0-35:G>T-35:G>T,46846957.0,46921983.0,0.2703115622991221
100030430|F|0-19:A>C-19:A>C,100020755|F|0-11:C>A-11:C>A,46846957.0,46921988.0,0.37671440849747057
100030430|F|0-19:A>C-19:A>C,100030713|F|0-35:T>A-35:T>A,46846957.0,46975334.0,0.000721571284086789
100030430|F|0-19:A>C-19:A>C,100035377|F|0-67:C>G-67:C>G,46846957.0,47016484.0,7.035088858583846e-05
100030430|F|0-19:A>C-19:A>C,100014882|F|0-19:A>G-19:A>G,46846957.0,47035718.0,0.03427034980106096
100030430|F|0-19:A>C-19:A>C,100016158|F|0-51:C>A-51:C>A,46846957.0,47150489.0,0.0024580628122879682
100021654|F|0-23:G>T-23:G>T,100034493|F|0-32:C>T-32:C>T,46876617.0,46898850.0,0.9137934154219199
100021654|F|0-23:G>T-23:G>T,100019198|F|0-35:G>T-35:G>T,46876617.0,46921983.0,0.5981571288300384
100021654|F|0-23:G>T-23:G>T,100020755|F|0-11:C>A-11:C>A,46876617.0,46921988.0,0.8368338635911737
100021654|F|0-23:G>T-23:G>T,100030713|F|0-35:T>A-35:T>A,46876617.0,46975334.0,0.022725744637934538
100021654|F|0-23:G>T-23:G>T,100035377|F|0-67:C>G-67:C>G,46876617.0,47016484.0,0.01695501933106873
100021654|F|0-23:G>T-23:G>T,100014882|F|0-19:A>G-19:A>G,46876617.0,47035718.0,0.06845064252336443
100021654|F|0-23:G>T-23:G>T,100016158|F|0-51:C>A-51:C>A,46876617.0,47150489.0,0.0001358400347750469
100034493|F|0-32:C>T-32:C>T,100019198|F|0-35:G>T-35:G>T,46898850.0,46921983.0,0.5319261504150993
100034493|F|0-32:C>T-32:C>T,100020755|F|0-11:C>A-11:C>A,46898850.0,46921988.0,0.7550857174242877
100034493|F|0-32:C>T-32:C>T,100030713|F|0-35:T>A-35:T>A,46898850.0,46975334.0,0.01842088768481827
100034493|F|0-32:C>T-32:C>T,100035377|F|0-67:C>G-67:C>G,46898850.0,47016484.0,0.0185043896670392
100034493|F|0-32:C>T-32:C>T,100014882|F|0-19:A>G-19:A>G,46898850.0,47035718.0,0.04613698471281075
100034493|F|0-32:C>T-32:C>T,100016158|F|0-51:C>A-51:C>A,46898850.0,47150489.0,0.0009149378644273889
100019198|F|0-35:G>T-35:G>T,100020755|F|0-11:C>A-11:C>A,46921983.0,46921988.0,0.7239879814437988
100019198|F|0-35:G>T-35:G>T,100030713|F|0-35:T>A-35:T>A,46921983.0,46975334.0,0.003131697476802811
100019198|F|0-35:G>T-35:G>T,100035377|F|0-67:C>G-67:C>G,46921983.0,47016484.0,0.013541262413991157
100019198|F|0-35:G>T-35:G>T,100014882|F|0-19:A>G-19:A>G,46921983.0,47035718.0,0.053797455922561986
100019198|F|0-35:G>T-35:G>T,100016158|F|0-51:C>A-51:C>A,46921983.0,47150489.0,0.00677084437263971
100020755|F|0-11:C>A-11:C>A,100030713|F|0-35:T>A-35:T>A,46921988.0,46975334.0,0.016869483136894722
100020755|F|0-11:C>A-11:C>A,100035377|F|0-67:C>G-67:C>G,46921988.0,47016484.0,0.008975994265692566
100020755|F|0-11:C>A-11:C>A,100014882|F|0-19:A>G-19:A>G,46921988.0,47035718.0,0.042251334404550867
100020755|F|0-11:C>A-11:C>A,100016158|F|0-51:C>A-51:C>A,46921988.0,47150489.0,0.0006236599043377822
100030713|F|0-35:T>A-35:T>A,100035377|F|0-67:C>G-67:C>G,46975334.0,47016484.0,0.2561171401861562
100030713|F|0-35:T>A-35:T>A,100014882|F|0-19:A>G-19:A>G,46975334.0,47035718.0,0.08160971223021592
100030713|F|0-35:T>A-35:T>A,100016158|F|0-51:C>A-51:C>A,46975334.0,47150489.0,0.016939936422954684
100035377|F|0-67:C>G-67:C>G,100014882|F|0-19:A>G-19:A>G,47016484.0,47035718.0,0.2752296015118225
100035377|F|0-67:C>G-67:C>G,100016158|F|0-51:C>A-51:C>A,47016484.0,47150489.0,0.06073446327683618
100014882|F|0-19:A>G-19:A>G,100016158|F|0-51:C>A-51:C>A,47035718.0,47150489.0,0.08751211240310093
