rs_i,rs_j,pos_i,pos_j,r2
100034297|F|0-63:T>C-63:T>C,100016117|F|0-56:G>A-56:G>A,26969.0,102273.0,0.024943987694012786
100034297|F|0-63:T>C-63:T>C,100034340|F|0-9:G>A-9:G>A,26969.0,601604.0,0.017554196550112745
100034297|F|0-63:T>C-63:T>C,100028947|F|0-38:C>A-38:C>A,26969.0,1074410.0,0.0007760389254680405
100034297|F|0-63:T>C-63:T>C,100033819|F|0-67:C>G-67:C>G,26969.0,1120795.0,0.006500635102438749
100034297|F|0-63:T>C-63:T>C,100030268|F|0-10:A>C-10:A>C,26969.0,1147351.0,0.005531000644054281
100034297|F|0-63:T>C-63:T>C,100019590|F|0-61:C>T-61:C>T,26969.0,1243112.0,0.04187635272403769
100034297|F|0-63:T>C-63:T>C,100013876|F|0-55:T>G-55:T>G,26969.0,1391632.0,0.019597478568346652
100034297|F|0-63:T>C-63:T>C,100021300|F|0-36:C>T-36:C>T,26969.0,1972983.0,0.1290178558733279
100034297|F|0-63:T>C-63:T>C,100036126|F|0-34:T>C-34:T>C,26969.0,2614575.0,0.002574680799807271
100034297|F|0-63:T>C-63:T>C,100029213|F|0-12:G>A-12:G>A,26969.0,2653811.0,0.01042254263354155
100034297|F|0-63:T>C-63:T>C,100018381|F|0-53:C>A-53:C>A,26969.0,3135391.0,0.007251394673865885
100034297|F|0-63:T>C-63:T>C,100041008|F|0-24:G>A-24:G>A,26969.0,3236850.0,0.02055760892152879
100034297|F|0-63:T>C-63:T>C,100016689|F|0-47:G>T-47:G>T,26969.0,3422286.0,0.052311116025765145
100034297|F|0-63:T>C-63:T>C,100029850|F|0-32:T>C-32:T>C,26969.0,4297916.0,0.022924054760797657
100034297|F|0-63:T>C-63:T>C,100041567|F|0-33:A>T-33:A>T,26969.0,4297921.0,0.029190380831928084
100034297|F|0-63:T>C-63:T>C,100016452|F|0-6:G>A-6:G>A,26969.0,4298929.0,0.020998760589605207
100034297|F|0-63:T>C-63:T>C,100013207|F|0-60:C>G-60:C>G,26969.0,4298934.0,0.030502773723093624
100034297|F|0-63:T>C-63:T>C,100013419|F|0-62:G>T-62:G>T,26969.0,4560526.0,0.05600134456558887
100034297|F|0-63:T>C-63:T>C,100017267|F|0-60:T>C-60:T>C,26969.0,4794124.0,0.010623247598730071
100034297|F|0-63:T>C-63:T>C,100035378|F|0-22:G>A-22:G>A,26969.0,4795005.0,0.006298446105855876
100034297|F|0-63:T>C-63:T>C,100034189|F|0-36:A>T-36:A>T,26969.0,5191352.0,0.01769625821059202
100034297|F|0-63:T>C-63:T>C,100030017|F|0-30:G>A-30:G>A,26969.0,5194871.0,0.008369198898903696
100034297|F|0-63:T>C-63:T>C,100019240|F|0-12:A>C-12:A>C,26969.0,5221682.0,0.010279002562671441
100034297|F|0-63:T>C-63:T>C,100039010|F|0-12:C>T-12:C>T,26969.0,5826827.0,0.10785785518014744
100034297|F|0-63:T>C-63:T>C,100034526|F|0-38:G>A-38:G>A,26969.0,5829779.0,0.000298338246652773
100034297|F|0-63:T>C-63:T>C,100040746|F|0-42:G>A-42:G>A,26969.0,5944865.0,0.010195660912996396
100034297|F|0-63:T>C-63:T>C,100021961|F|0-53:A>T-53:A>T,26969.0,6058253.0,0.0034945719512795136
100034297|F|0-63:T>C-63:T>C,100014327|F|0-12:T>C-12:T>C,26969.0,6588263.0,0.026288921836795875
100034297|F|0-63:T>C-63:T>C,100044383|F|0-11:A>T-11:A>T,26969.0,6629814.0,0.04913372718923153
100034297|F|0-63:T>C-63:T>C,100017856|F|0-8:G>C-8:G>C,26969.0,6634620.0,0.034485771369262334
100034297|F|0-63:T>C-63:T>C,100058672|F|0-30:C>T-30:C>T,26969.0,7170197.0,0.0039006317566789234
100034297|F|0-63:T>C-63:T>C,100016006|F|0-20:G>A-20:G>A,26969.0,7243813.0,0.02700624938002175
100034297|F|0-63:T>C-63:T>C,100014225|F|0-25:G>A-25:G>A,26969.0,7752093.0,3.6413305583698886e-06
100034297|F|0-63:T>C-63:T>C,100019858|F|0-55:G>C-55:G>C,26969.0,7879011.0,0.002546162439714072
100034297|F|0-63:T>C-63:T>C,100020367|F|0-37:A>T-37:A>T,26969.0,8687209.0,0.001676536334758226
100034297|F|0-63:T>C-63:T>C,100017575|F|0-33:C>A-33:C>A,26969.0,8708407.0,0.00014781720347344256
100034297|F|0-63:T>C-63:T>C,100021965|F|0-19:C>T-19:C>T,26969.0,9286898.0,0.03968753658220194
100034297|F|0-63:T>C-63:T>C,100022176|F|0-8:G>A-8:G>A,26969.0,9450266.0,0.015899783184774714
100034297|F|0-63:T>C-63:T>C,100033258|F|0-23:G>A-23:G>A,26969.0,9597839.0,0.009956708293799754
100034297|F|0-63:T>C-63:T>C,100016832|F|0-65:T>A-65:T>A,26969.0,9956473.0,0.01965375423101655
100034297|F|0-63:T>C-63:T>C,100015585|F|0-38:T>C-38:T>C,26969.0,10530371.0,0.011320502362707662
100034297|F|0-63:T>C-63:T>C,100032761|F|0-35:G>T-35:G>T,26969.0,11013852.0,0.003393696856070053
100034297|F|0-63:T>C-63:T>C,100018106|F|0-5:T>C-5:T>C,26969.0,11160342.0,0.039664334749050185
100034297|F|0-63:T>C-63:T>C,100029056|F|0-22:A>T-22:A>T,26969.0,11582180.0,0.01500017424004826
100034297|F|0-63:T>C-63:T>C,100019200|F|0-60:C>T-60:C>T,26969.0,11806800.0,0.006724502880831933
100034297|F|0-63:T>C-63:T>C,100017507|F|0-36:T>C-36:T>C,26969.0,12067176.0,0.003886293880921462
100034297|F|0-63:T>C-63:T>C,100015126|F|0-46:T>G-46:T>G,26969.0,12238563.0,0.016830390702777413
100034297|F|0-63:T>C-63:T>C,100035996|F|0-47:A>G-47:A>G,26969.0,12678333.0,0.0001663426097627838
100034297|F|0-63:T>C-63:T>C,100041089|F|0-45:A>G-45:A>G,26969.0,12678338.0,0.0001663426097627838
100034297|F|0-63:T>C-63:T>C,100015053|F|0-21:C>T-21:C>T,26969.0,12815706.0,0.017071425852092287
100034297|F|0-63:T>C-63:T>C,100016297|F|0-36:A>G-36:A>G,26969.0,12845233.0,0.001820481373601103
100034297|F|0-63:T>C-63:T>C,100016238|F|0-41:C>A-41:C>A,26969.0,12849798.0,0.0006069222260812313
100034297|F|0-63:T>C-63:T>C,100016677|F|0-45:G>A-45:G>A,26969.0,13416059.0,0.005623832176146498
100034297|F|0-63:T>C-63:T>C,100035421|F|0-6:T>A-6:T>A,26969.0,13420106.0,0.03168408059665168
100034297|F|0-63:T>C-63:T>C,100015018|F|0-5:T>A-5:T>A,26969.0,13421247.0,0.021207520826937703
100034297|F|0-63:T>C-63:T>C,100020103|F|0-18:T>C-18:T>C,26969.0,13646039.0,0.039349927558606335
100034297|F|0-63:T>C-63:T>C,100014062|F|0-62:G>A-62:G>A,26969.0,13646044.0,0.035124066490002444
100034297|F|0-63:T>C-63:T>C,100039121|F|0-17:A>G-17:A>G,26969.0,13667695.0,0.05295696091497566
100034297|F|0-63:T>C-63:T>C,100018973|F|0-53:T>G-53:T>G,26969.0,13667871.0,0.06418935196338237
100034297|F|0-63:T>C-63:T>C,100022289|F|0-10:A>G-10:A>G,26969.0,13667876.0,0.04839323199752284
100034297|F|0-63:T>C-63:T>C,100015169|F|0-21:A>G-21:A>G,26969.0,13718785.0,0.004690829006425857
100034297|F|0-63:T>C-63:T>C,100020673|F|0-43:T>A-43:T>A,26969.0,13731316.0,0.013162474016749515
100034297|F|0-63:T>C-63:T>C,100015679|F|0-19:G>A-19:G>A,26969.0,14080553.0,0.0033936968560700624
100034297|F|0-63:T>C-63:T>C,100016059|F|0-15:A>T-15:A>T,26969.0,14090473.0,2.6682605076097967e-06
100034297|F|0-63:T>C-63:T>C,100019698|F|0-15:C>A-15:C>A,26969.0,14160112.0,8.526441442295045e-05
100034297|F|0-63:T>C-63:T>C,100036115|F|0-39:C>T-39:C>T,26969.0,14240591.0,0.005262862128799188
100034297|F|0-63:T>C-63:T>C,100035750|F|0-64:T>C-64:T>C,26969.0,14346419.0,0.03986025125705519
100034297|F|0-63:T>C-63:T>C,100021715|F|0-7:C>A-7:C>A,26969.0,14348921.0,0.037704489205444065
100034297|F|0-63:T>C-63:T>C,100040569|F|0-37:C>T-37:C>T,26969.0,14351912.0,0.033417501658086296
100034297|F|0-63:T>C-63:T>C,100015147|F|0-16:C>G-16:C>G,26969.0,14409032.0,0.051318893372277956
100034297|F|0-63:T>C-63:T>C,100030246|F|0-11:C>A-11:C>A,26969.0,14458674.0,0.04940190027680801
100034297|F|0-63:T>C-63:T>C,100035083|F|0-24:G>C-24:G>C,26969.0,14490822.0,0.01974062261283405
100034297|F|0-63:T>C-63:T>C,100013053|F|0-56:A>T-56:A>T,26969.0,14502847.0,0.0170638719741849
100034297|F|0-63:T>C-63:T>C,100044112|F|0-18:T>G-18:T>G,26969.0,14593733.0,0.007946545678417512
100034297|F|0-63:T>C-63:T>C,100041853|F|0-21:T>C-21:T>C,26969.0,14595838.0,0.009312890865790633
100034297|F|0-63:T>C-63:T>C,100033723|F|0-20:T>C-20:T>C,26969.0,14595843.0,0.010668522081175184
100034297|F|0-63:T>C-63:T>C,100017564|F|0-8:A>T-8:A>T,26969.0,14625545.0,0.006687735814720881
100034297|F|0-63:T>C-63:T>C,100057963|F|0-26:C>T-26:C>T,26969.0,14656009.0,0.001882076608046262
100034297|F|0-63:T>C-63:T>C,100019295|F|0-19:G>T-19:G>T,26969.0,14656014.0,0.0006879521023098683
100034297|F|0-63:T>C-63:T>C,100035362|F|0-6:C>A-6:C>A,26969.0,14658473.0,0.012751523776441455
100034297|F|0-63:T>C-63:T>C,100014679|F|0-16:C>A-16:C>A,26969.0,14859822.0,0.03363966951491803
100034297|F|0-63:T>C-63:T>C,100021838|F|0-57:A>G-57:A>G,26969.0,14928961.0,0.01830884124307395
100034297|F|0-63:T>C-63:T>C,100046294|F|0-6:C>G-6:C>G,26969.0,15124860.0,0.0024584903014026995
100034297|F|0-63:T>C-63:T>C,100045141|F|0-49:C>T-49:C>T,26969.0,15225158.0,0.06267029365313694
100034297|F|0-63:T>C-63:T>C,100043254|F|0-7:C>G-7:C>G,26969.0,15229542.0,0.0562661950396906
100034297|F|0-63:T>C-63:T>C,100013673|F|0-63:C>A-63:C>A,26969.0,15256237.0,0.05892614430642112
100034297|F|0-63:T>C-63:T>C,100016806|F|0-26:T>A-26:T>A,26969.0,15351778.0,0.008683845288134113
100034297|F|0-63:T>C-63:T>C,100033542|F|0-31:T>C-31:T>C,26969.0,15394673.0,0.000674069772052458
100034297|F|0-63:T>C-63:T>C,100029793|F|0-30:G>A-30:G>A,26969.0,15400977.0,0.00032275375798051543
100034297|F|0-63:T>C-63:T>C,100021703|F|0-41:T>C-41:T>C,26969.0,15431799.0,0.03665972510521445
100034297|F|0-63:T>C-63:T>C,100017056|F|0-15:G>A-15:G>A,26969.0,15535069.0,0.02314602642081983
100034297|F|0-63:T>C-63:T>C,100021184|F|0-17:T>G-17:T>G,26969.0,15536283.0,0.02314602642081983
100034297|F|0-63:T>C-63:T>C,100044126|F|0-46:C>T-46:C>T,26969.0,15556197.0,0.011674665974834623
100034297|F|0-63:T>C-63:T>C,100017834|F|0-8:C>T-8:C>T,26969.0,15619447.0,0.02762516336945366
100034297|F|0-63:T>C-63:T>C,100020292|F|0-58:T>C-58:T>C,26969.0,15819325.0,0.012879349672452309
100034297|F|0-63:T>C-63:T>C,100015600|F|0-30:C>A-30:C>A,26969.0,15832699.0,0.014107359022622112
100034297|F|0-63:T>C-63:T>C,100049389|F|0-23:C>A-23:C>A,26969.0,15838578.0,0.012208037014364825
100034297|F|0-63:T>C-63:T>C,100038568|F|0-15:C>T-15:C>T,26969.0,15839422.0,0.014107359022622112
100034297|F|0-63:T>C-63:T>C,100018705|F|0-34:T>C-34:T>C,26969.0,15915251.0,0.011262530507474278
100034297|F|0-63:T>C-63:T>C,100019856|F|0-16:C>T-16:C>T,26969.0,15948596.0,0.004382665874046127
100034297|F|0-63:T>C-63:T>C,100034716|F|0-53:A>G-53:A>G,26969.0,15958067.0,0.02142234273667643
100034297|F|0-63:T>C-63:T>C,100021071|F|0-60:A>G-60:A>G,26969.0,15967627.0,0.019915845116098112
100034297|F|0-63:T>C-63:T>C,100020211|F|0-33:C>A-33:C>A,26969.0,15977146.0,0.009311455726439483
100034297|F|0-63:T>C-63:T>C,100013484|F|0-22:G>A-22:G>A,26969.0,16177456.0,0.03124226668673609
100034297|F|0-63:T>C-63:T>C,100021316|F|0-63:C>A-63:C>A,26969.0,16179198.0,0.007335233609825089
100034297|F|0-63:T>C-63:T>C,100017187|F|0-41:T>C-41:T>C,26969.0,16245982.0,0.004117042580101173
100034297|F|0-63:T>C-63:T>C,100029840|F|0-31:T>C-31:T>C,26969.0,16252498.0,0.026952196442170458
100034297|F|0-63:T>C-63:T>C,100013453|F|0-6:G>A-6:G>A,26969.0,16307679.0,0.0011778386662619068
100034297|F|0-63:T>C-63:T>C,100016783|F|0-52:G>T-52:G>T,26969.0,16317524.0,0.001026587386879156
100034297|F|0-63:T>C-63:T>C,100014400|F|0-16:A>T-16:A>T,26969.0,16381041.0,0.003702317005597494
100034297|F|0-63:T>C-63:T>C,100016625|F|0-16:T>C-16:T>C,26969.0,16411184.0,0.0037023170055974957
100034297|F|0-63:T>C-63:T>C,100015226|F|0-25:T>A-25:T>A,26969.0,16581877.0,0.007171149568890651
100034297|F|0-63:T>C-63:T>C,100017539|F|0-11:A>T-11:A>T,26969.0,16662610.0,0.00035987163586938953
100034297|F|0-63:T>C-63:T>C,100033601|F|0-15:C>A-15:C>A,26969.0,16769146.0,0.002258646934560993
100034297|F|0-63:T>C-63:T>C,100039949|F|0-62:A>T-62:A>T,26969.0,16793350.0,0.0019071709628202048
100034297|F|0-63:T>C-63:T>C,100035334|F|0-35:T>C-35:T>C,26969.0,16832622.0,0.0005283389077393608
100034297|F|0-63:T>C-63:T>C,100021345|F|0-28:C>T-28:C>T,26969.0,16899147.0,0.002859227707675099
100034297|F|0-63:T>C-63:T>C,100022139|F|0-65:T>C-65:T>C,26969.0,16965771.0,2.9729805616620258e-05
100034297|F|0-63:T>C-63:T>C,100044804|F|0-53:G>C-53:G>C,26969.0,16968917.0,0.0014054621905138117
100034297|F|0-63:T>C-63:T>C,100030290|F|0-11:A>C-11:A>C,26969.0,16971407.0,2.9729805616620258e-05
100034297|F|0-63:T>C-63:T>C,100017336|F|0-39:A>G-39:A>G,26969.0,16987827.0,0.010771915640734023
100034297|F|0-63:T>C-63:T>C,100029568|F|0-9:T>G-9:T>G,26969.0,16988131.0,0.0006555967934032358
100034297|F|0-63:T>C-63:T>C,100034247|F|0-37:G>C-37:G>C,26969.0,16999534.0,0.0004103642624022962
100034297|F|0-63:T>C-63:T>C,100012983|F|0-45:A>T-45:A>T,26969.0,17017248.0,0.006687735814720881
100034297|F|0-63:T>C-63:T>C,100020033|F|0-7:G>A-7:G>A,26969.0,17020316.0,0.010043646463644463
100034297|F|0-63:T>C-63:T>C,100018782|F|0-63:C>T-63:C>T,26969.0,17424649.0,0.018087967420556534
100034297|F|0-63:T>C-63:T>C,100019630|F|0-24:A>T-24:A>T,26969.0,17521232.0,0.05058406095048839
100034297|F|0-63:T>C-63:T>C,100021757|F|0-47:G>A-47:G>A,26969.0,17521694.0,0.03755393004971421
100034297|F|0-63:T>C-63:T>C,100038944|F|0-45:C>T-45:C>T,26969.0,17607936.0,0.0029678035914377575
100034297|F|0-63:T>C-63:T>C,100047378|F|0-35:C>T-35:C>T,26969.0,17706505.0,0.019750383113510548
100034297|F|0-63:T>C-63:T>C,100029543|F|0-46:T>C-46:T>C,26969.0,18278899.0,0.003004029526017829
100034297|F|0-63:T>C-63:T>C,100021798|F|0-27:T>C-27:T>C,26969.0,18732658.0,0.006148070139196074
100034297|F|0-63:T>C-63:T>C,100017716|F|0-8:C>T-8:C>T,26969.0,18851585.0,0.014284297192738828
100016117|F|0-56:G>A-56:G>A,100034340|F|0-9:G>A-9:G>A,102273.0,601604.0,0.022924796447356923
100016117|F|0-56:G>A-56:G>A,100028947|F|0-38:C>A-38:C>A,102273.0,1074410.0,0.01091662757197933
100016117|F|0-56:G>A-56:G>A,100033819|F|0-67:C>G-67:C>G,102273.0,1120795.0,0.1514967671206126
100016117|F|0-56:G>A-56:G>A,100030268|F|0-10:A>C-10:A>C,102273.0,1147351.0,0.14670862274492952
100016117|F|0-56:G>A-56:G>A,100019590|F|0-61:C>T-61:C>T,102273.0,1243112.0,0.07227141933037425
100016117|F|0-56:G>A-56:G>A,100013876|F|0-55:T>G-55:T>G,102273.0,1391632.0,0.13500152568297183
100016117|F|0-56:G>A-56:G>A,100021300|F|0-36:C>T-36:C>T,102273.0,1972983.0,0.013352386275512084
100016117|F|0-56:G>A-56:G>A,100036126|F|0-34:T>C-34:T>C,102273.0,2614575.0,0.042370666396870364
100016117|F|0-56:G>A-56:G>A,100029213|F|0-12:G>A-12:G>A,102273.0,2653811.0,0.04464421532737511
100016117|F|0-56:G>A-56:G>A,100018381|F|0-53:C>A-53:C>A,102273.0,3135391.0,0.0870085111934634
100016117|F|0-56:G>A-56:G>A,100041008|F|0-24:G>A-24:G>A,102273.0,3236850.0,0.0033168580212777853
100016117|F|0-56:G>A-56:G>A,100016689|F|0-47:G>T-47:G>T,102273.0,3422286.0,0.009212603910277246
100016117|F|0-56:G>A-56:G>A,100029850|F|0-32:T>C-32:T>C,102273.0,4297916.0,0.04050884759237303
100016117|F|0-56:G>A-56:G>A,100041567|F|0-33:A>T-33:A>T,102273.0,4297921.0,0.06189271393576113
100016117|F|0-56:G>A-56:G>A,100016452|F|0-6:G>A-6:G>A,102273.0,4298929.0,0.06585942516025303
100016117|F|0-56:G>A-56:G>A,100013207|F|0-60:C>G-60:C>G,102273.0,4298934.0,0.07659992527931987
100016117|F|0-56:G>A-56:G>A,100013419|F|0-62:G>T-62:G>T,102273.0,4560526.0,0.021211757951254594
100016117|F|0-56:G>A-56:G>A,100017267|F|0-60:T>C-60:T>C,102273.0,4794124.0,0.00023661495901933317
100016117|F|0-56:G>A-56:G>A,100035378|F|0-22:G>A-22:G>A,102273.0,4795005.0,0.0014772216075575357
100016117|F|0-56:G>A-56:G>A,100034189|F|0-36:A>T-36:A>T,102273.0,5191352.0,0.01598024260913778
100016117|F|0-56:G>A-56:G>A,100030017|F|0-30:G>A-30:G>A,102273.0,5194871.0,0.02386512337874767
100016117|F|0-56:G>A-56:G>A,100019240|F|0-12:A>C-12:A>C,102273.0,5221682.0,8.737506695480591e-05
100016117|F|0-56:G>A-56:G>A,100039010|F|0-12:C>T-12:C>T,102273.0,5826827.0,0.017417932107198178
100016117|F|0-56:G>A-56:G>A,100034526|F|0-38:G>A-38:G>A,102273.0,5829779.0,8.691891230369068e-08
100016117|F|0-56:G>A-56:G>A,100040746|F|0-42:G>A-42:G>A,102273.0,5944865.0,0.0007503965964663241
100016117|F|0-56:G>A-56:G>A,100021961|F|0-53:A>T-53:A>T,102273.0,6058253.0,0.007027361782172763
100016117|F|0-56:G>A-56:G>A,100014327|F|0-12:T>C-12:T>C,102273.0,6588263.0,0.022249437205860773
100016117|F|0-56:G>A-56:G>A,100044383|F|0-11:A>T-11:A>T,102273.0,6629814.0,0.023476032919364606
100016117|F|0-56:G>A-56:G>A,100017856|F|0-8:G>C-8:G>C,102273.0,6634620.0,0.03528285582587392
100016117|F|0-56:G>A-56:G>A,100058672|F|0-30:C>T-30:C>T,102273.0,7170197.0,0.12188486512605472
100016117|F|0-56:G>A-56:G>A,100016006|F|0-20:G>A-20:G>A,102273.0,7243813.0,0.0030619896683885947
100016117|F|0-56:G>A-56:G>A,100014225|F|0-25:G>A-25:G>A,102273.0,7752093.0,0.0002094513891532058
100016117|F|0-56:G>A-56:G>A,100019858|F|0-55:G>C-55:G>C,102273.0,7879011.0,0.0022481915292195094
100016117|F|0-56:G>A-56:G>A,100020367|F|0-37:A>T-37:A>T,102273.0,8687209.0,0.09643531633616613
100016117|F|0-56:G>A-56:G>A,100017575|F|0-33:C>A-33:C>A,102273.0,8708407.0,0.0037049063745254094
100016117|F|0-56:G>A-56:G>A,100021965|F|0-19:C>T-19:C>T,102273.0,9286898.0,0.0004287382163427208
100016117|F|0-56:G>A-56:G>A,100022176|F|0-8:G>A-8:G>A,102273.0,9450266.0,0.010016187778227421
100016117|F|0-56:G>A-56:G>A,100033258|F|0-23:G>A-23:G>A,102273.0,9597839.0,0.05489354185084573
100016117|F|0-56:G>A-56:G>A,100016832|F|0-65:T>A-65:T>A,102273.0,9956473.0,0.005201221459093354
100016117|F|0-56:G>A-56:G>A,100015585|F|0-38:T>C-38:T>C,102273.0,10530371.0,0.005151504537475901
100016117|F|0-56:G>A-56:G>A,100032761|F|0-35:G>T-35:G>T,102273.0,11013852.0,0.008866777071226637
100016117|F|0-56:G>A-56:G>A,100018106|F|0-5:T>C-5:T>C,102273.0,11160342.0,0.0022967207002807396
100016117|F|0-56:G>A-56:G>A,100029056|F|0-22:A>T-22:A>T,102273.0,11582180.0,0.0003946195150962905
100016117|F|0-56:G>A-56:G>A,100019200|F|0-60:C>T-60:C>T,102273.0,11806800.0,0.047607806106389684
100016117|F|0-56:G>A-56:G>A,100017507|F|0-36:T>C-36:T>C,102273.0,12067176.0,0.026338714933941656
100016117|F|0-56:G>A-56:G>A,100015126|F|0-46:T>G-46:T>G,102273.0,12238563.0,0.011058397897539143
100016117|F|0-56:G>A-56:G>A,100035996|F|0-47:A>G-47:A>G,102273.0,12678333.0,0.05845740466954006
100016117|F|0-56:G>A-56:G>A,100041089|F|0-45:A>G-45:A>G,102273.0,12678338.0,0.05845740466954006
100016117|F|0-56:G>A-56:G>A,100015053|F|0-21:C>T-21:C>T,102273.0,12815706.0,0.02685535844182977
100016117|F|0-56:G>A-56:G>A,100016297|F|0-36:A>G-36:A>G,102273.0,12845233.0,0.004587303631212981
100016117|F|0-56:G>A-56:G>A,100016238|F|0-41:C>A-41:C>A,102273.0,12849798.0,0.00560992626125589
100016117|F|0-56:G>A-56:G>A,100016677|F|0-45:G>A-45:G>A,102273.0,13416059.0,0.04075543300628913
100016117|F|0-56:G>A-56:G>A,100035421|F|0-6:T>A-6:T>A,102273.0,13420106.0,0.036143925897802784
100016117|F|0-56:G>A-56:G>A,100015018|F|0-5:T>A-5:T>A,102273.0,13421247.0,0.03312079024974541
100016117|F|0-56:G>A-56:G>A,100020103|F|0-18:T>C-18:T>C,102273.0,13646039.0,0.007521185501425312
100016117|F|0-56:G>A-56:G>A,100014062|F|0-62:G>A-62:G>A,102273.0,13646044.0,0.0019425333872925897
100016117|F|0-56:G>A-56:G>A,100039121|F|0-17:A>G-17:A>G,102273.0,13667695.0,0.00461779695543574
100016117|F|0-56:G>A-56:G>A,100018973|F|0-53:T>G-53:T>G,102273.0,13667871.0,0.006235667071361116
100016117|F|0-56:G>A-56:G>A,100022289|F|0-10:A>G-10:A>G,102273.0,13667876.0,0.003733452837382197
100016117|F|0-56:G>A-56:G>A,100015169|F|0-21:A>G-21:A>G,102273.0,13718785.0,0.012052994404118517
100016117|F|0-56:G>A-56:G>A,100020673|F|0-43:T>A-43:T>A,102273.0,13731316.0,0.025001461607555665
100016117|F|0-56:G>A-56:G>A,100015679|F|0-19:G>A-19:G>A,102273.0,14080553.0,0.002921298951014039
100016117|F|0-56:G>A-56:G>A,100016059|F|0-15:A>T-15:A>T,102273.0,14090473.0,0.042672959921588254
100016117|F|0-56:G>A-56:G>A,100019698|F|0-15:C>A-15:C>A,102273.0,14160112.0,0.02999113478312643
100016117|F|0-56:G>A-56:G>A,100036115|F|0-39:C>T-39:C>T,102273.0,14240591.0,0.01981041581826297
100016117|F|0-56:G>A-56:G>A,100035750|F|0-64:T>C-64:T>C,102273.0,14346419.0,0.0745609496337115
100016117|F|0-56:G>A-56:G>A,100021715|F|0-7:C>A-7:C>A,102273.0,14348921.0,0.07664461325840606
100016117|F|0-56:G>A-56:G>A,100040569|F|0-37:C>T-37:C>T,102273.0,14351912.0,0.0008002291603172912
100016117|F|0-56:G>A-56:G>A,100015147|F|0-16:C>G-16:C>G,102273.0,14409032.0,0.08888666564850582
100016117|F|0-56:G>A-56:G>A,100030246|F|0-11:C>A-11:C>A,102273.0,14458674.0,0.07752244731427968
100016117|F|0-56:G>A-56:G>A,100035083|F|0-24:G>C-24:G>C,102273.0,14490822.0,0.010082652789595433
100016117|F|0-56:G>A-56:G>A,100013053|F|0-56:A>T-56:A>T,102273.0,14502847.0,0.032861257833908974
100016117|F|0-56:G>A-56:G>A,100044112|F|0-18:T>G-18:T>G,102273.0,14593733.0,0.0014239249366728257
100016117|F|0-56:G>A-56:G>A,100041853|F|0-21:T>C-21:T>C,102273.0,14595838.0,2.8891230599158436e-05
100016117|F|0-56:G>A-56:G>A,100033723|F|0-20:T>C-20:T>C,102273.0,14595843.0,0.0003865888511280033
100016117|F|0-56:G>A-56:G>A,100017564|F|0-8:A>T-8:A>T,102273.0,14625545.0,3.821305561782856e-05
100016117|F|0-56:G>A-56:G>A,100057963|F|0-26:C>T-26:C>T,102273.0,14656009.0,0.00039579492483175023
100016117|F|0-56:G>A-56:G>A,100019295|F|0-19:G>T-19:G>T,102273.0,14656014.0,0.00342085677672285
100016117|F|0-56:G>A-56:G>A,100035362|F|0-6:C>A-6:C>A,102273.0,14658473.0,0.00042410469404224204
100016117|F|0-56:G>A-56:G>A,100014679|F|0-16:C>A-16:C>A,102273.0,14859822.0,0.00014292892525361275
100016117|F|0-56:G>A-56:G>A,100021838|F|0-57:A>G-57:A>G,102273.0,14928961.0,0.06279508970727098
100016117|F|0-56:G>A-56:G>A,100046294|F|0-6:C>G-6:C>G,102273.0,15124860.0,0.011687915193296592
100016117|F|0-56:G>A-56:G>A,100045141|F|0-49:C>T-49:C>T,102273.0,15225158.0,0.03575225058782153
100016117|F|0-56:G>A-56:G>A,100043254|F|0-7:C>G-7:C>G,102273.0,15229542.0,0.031616343075612084
100016117|F|0-56:G>A-56:G>A,100013673|F|0-63:C>A-63:C>A,102273.0,15256237.0,0.008862031645367476
100016117|F|0-56:G>A-56:G>A,100016806|F|0-26:T>A-26:T>A,102273.0,15351778.0,0.0005481495799029915
100016117|F|0-56:G>A-56:G>A,100033542|F|0-31:T>C-31:T>C,102273.0,15394673.0,0.003480017814765618
100016117|F|0-56:G>A-56:G>A,100029793|F|0-30:G>A-30:G>A,102273.0,15400977.0,0.015543975651723826
100016117|F|0-56:G>A-56:G>A,100021703|F|0-41:T>C-41:T>C,102273.0,15431799.0,0.14423162478155116
100016117|F|0-56:G>A-56:G>A,100017056|F|0-15:G>A-15:G>A,102273.0,15535069.0,0.0020953705018673975
100016117|F|0-56:G>A-56:G>A,100021184|F|0-17:T>G-17:T>G,102273.0,15536283.0,0.0020953705018673975
100016117|F|0-56:G>A-56:G>A,100044126|F|0-46:C>T-46:C>T,102273.0,15556197.0,0.01716627624028474
100016117|F|0-56:G>A-56:G>A,100017834|F|0-8:C>T-8:C>T,102273.0,15619447.0,1.8120240575758912e-06
100016117|F|0-56:G>A-56:G>A,100020292|F|0-58:T>C-58:T>C,102273.0,15819325.0,0.0003746115344886439
100016117|F|0-56:G>A-56:G>A,100015600|F|0-30:C>A-30:C>A,102273.0,15832699.0,0.0005642213158111316
100016117|F|0-56:G>A-56:G>A,100049389|F|0-23:C>A-23:C>A,102273.0,15838578.0,0.000992244342148064
100016117|F|0-56:G>A-56:G>A,100038568|F|0-15:C>T-15:C>T,102273.0,15839422.0,0.0005642213158111316
100016117|F|0-56:G>A-56:G>A,100018705|F|0-34:T>C-34:T>C,102273.0,15915251.0,0.008187408992710758
100016117|F|0-56:G>A-56:G>A,100019856|F|0-16:C>T-16:C>T,102273.0,15948596.0,3.821305561782901e-05
100016117|F|0-56:G>A-56:G>A,100034716|F|0-53:A>G-53:A>G,102273.0,15958067.0,0.013465292551571658
100016117|F|0-56:G>A-56:G>A,100021071|F|0-60:A>G-60:A>G,102273.0,15967627.0,0.014685119253628623
100016117|F|0-56:G>A-56:G>A,100020211|F|0-33:C>A-33:C>A,102273.0,15977146.0,0.00829179931862512
100016117|F|0-56:G>A-56:G>A,100013484|F|0-22:G>A-22:G>A,102273.0,16177456.0,0.001955717079595833
100016117|F|0-56:G>A-56:G>A,100021316|F|0-63:C>A-63:C>A,102273.0,16179198.0,0.002901830539140476
100016117|F|0-56:G>A-56:G>A,100017187|F|0-41:T>C-41:T>C,102273.0,16245982.0,0.00014938916430594728
100016117|F|0-56:G>A-56:G>A,100029840|F|0-31:T>C-31:T>C,102273.0,16252498.0,6.763779748080918e-05
100016117|F|0-56:G>A-56:G>A,100013453|F|0-6:G>A-6:G>A,102273.0,16307679.0,0.0035784318953975547
100016117|F|0-56:G>A-56:G>A,100016783|F|0-52:G>T-52:G>T,102273.0,16317524.0,0.007422175099437162
100016117|F|0-56:G>A-56:G>A,100014400|F|0-16:A>T-16:A>T,102273.0,16381041.0,0.017112342565539774
100016117|F|0-56:G>A-56:G>A,100016625|F|0-16:T>C-16:T>C,102273.0,16411184.0,0.017112342565539774
100016117|F|0-56:G>A-56:G>A,100015226|F|0-25:T>A-25:T>A,102273.0,16581877.0,0.0016489730486041287
100016117|F|0-56:G>A-56:G>A,100017539|F|0-11:A>T-11:A>T,102273.0,16662610.0,0.060031551178859804
100016117|F|0-56:G>A-56:G>A,100033601|F|0-15:C>A-15:C>A,102273.0,16769146.0,0.003937604144434826
100016117|F|0-56:G>A-56:G>A,100039949|F|0-62:A>T-62:A>T,102273.0,16793350.0,0.0005339718512523048
100016117|F|0-56:G>A-56:G>A,100035334|F|0-35:T>C-35:T>C,102273.0,16832622.0,0.010591073874265129
100016117|F|0-56:G>A-56:G>A,100021345|F|0-28:C>T-28:C>T,102273.0,16899147.0,0.006689604521000419
100016117|F|0-56:G>A-56:G>A,100022139|F|0-65:T>C-65:T>C,102273.0,16965771.0,1.8728514232283306e-05
100016117|F|0-56:G>A-56:G>A,100044804|F|0-53:G>C-53:G>C,102273.0,16968917.0,0.009290457884781738
100016117|F|0-56:G>A-56:G>A,100030290|F|0-11:A>C-11:A>C,102273.0,16971407.0,1.8728514232283306e-05
100016117|F|0-56:G>A-56:G>A,100017336|F|0-39:A>G-39:A>G,102273.0,16987827.0,3.406640866289072e-05
100016117|F|0-56:G>A-56:G>A,100029568|F|0-9:T>G-9:T>G,102273.0,16988131.0,0.0004129981216233602
100016117|F|0-56:G>A-56:G>A,100034247|F|0-37:G>C-37:G>C,102273.0,16999534.0,0.00342309047163687
100016117|F|0-56:G>A-56:G>A,100012983|F|0-45:A>T-45:A>T,102273.0,17017248.0,3.821305561782932e-05
100016117|F|0-56:G>A-56:G>A,100020033|F|0-7:G>A-7:G>A,102273.0,17020316.0,0.0005554629783924905
100016117|F|0-56:G>A-56:G>A,100018782|F|0-63:C>T-63:C>T,102273.0,17424649.0,0.008056748276394764
100016117|F|0-56:G>A-56:G>A,100019630|F|0-24:A>T-24:A>T,102273.0,17521232.0,0.000634793098830591
100016117|F|0-56:G>A-56:G>A,100021757|F|0-47:G>A-47:G>A,102273.0,17521694.0,0.0004660117974565557
100016117|F|0-56:G>A-56:G>A,100038944|F|0-45:C>T-45:C>T,102273.0,17607936.0,0.003843416747436281
100016117|F|0-56:G>A-56:G>A,100047378|F|0-35:C>T-35:C>T,102273.0,17706505.0,0.0002585120477385596
100016117|F|0-56:G>A-56:G>A,100029543|F|0-46:T>C-46:T>C,102273.0,18278899.0,0.023476032919364665
100016117|F|0-56:G>A-56:G>A,100021798|F|0-27:T>C-27:T>C,102273.0,18732658.0,0.01333946931318517
100016117|F|0-56:G>A-56:G>A,100017716|F|0-8:C>T-8:C>T,102273.0,18851585.0,2.777314891962341e-05
100034340|F|0-9:G>A-9:G>A,100028947|F|0-38:C>A-38:C>A,601604.0,1074410.0,0.0029744775279461717
100034340|F|0-9:G>A-9:G>A,100033819|F|0-67:C>G-67:C>G,601604.0,1120795.0,0.049098863137626944
100034340|F|0-9:G>A-9:G>A,100030268|F|0-10:A>C-10:A>C,601604.0,1147351.0,0.05163511187607575
100034340|F|0-9:G>A-9:G>A,100019590|F|0-61:C>T-61:C>T,601604.0,1243112.0,0.02783443485226994
100034340|F|0-9:G>A-9:G>A,100013876|F|0-55:T>G-55:T>G,601604.0,1391632.0,7.394511788233512e-05
100034340|F|0-9:G>A-9:G>A,100021300|F|0-36:C>T-36:C>T,601604.0,1972983.0,0.001791313652586737
100034340|F|0-9:G>A-9:G>A,100036126|F|0-34:T>C-34:T>C,601604.0,2614575.0,0.006898128227194493
100034340|F|0-9:G>A-9:G>A,100029213|F|0-12:G>A-12:G>A,601604.0,2653811.0,0.0005090785677922957
100034340|F|0-9:G>A-9:G>A,100018381|F|0-53:C>A-53:C>A,601604.0,3135391.0,0.001996687314228665
100034340|F|0-9:G>A-9:G>A,100041008|F|0-24:G>A-24:G>A,601604.0,3236850.0,0.0033923227779575306
100034340|F|0-9:G>A-9:G>A,100016689|F|0-47:G>T-47:G>T,601604.0,3422286.0,0.0005266969517413855
100034340|F|0-9:G>A-9:G>A,100029850|F|0-32:T>C-32:T>C,601604.0,4297916.0,0.0013627379927461131
100034340|F|0-9:G>A-9:G>A,100041567|F|0-33:A>T-33:A>T,601604.0,4297921.0,0.0025546024678423825
100034340|F|0-9:G>A-9:G>A,100016452|F|0-6:G>A-6:G>A,601604.0,4298929.0,0.000714968255749501
100034340|F|0-9:G>A-9:G>A,100013207|F|0-60:C>G-60:C>G,601604.0,4298934.0,0.0026694568144798756
100034340|F|0-9:G>A-9:G>A,100013419|F|0-62:G>T-62:G>T,601604.0,4560526.0,0.0010077429241837422
100034340|F|0-9:G>A-9:G>A,100017267|F|0-60:T>C-60:T>C,601604.0,4794124.0,0.06222797309809878
100034340|F|0-9:G>A-9:G>A,100035378|F|0-22:G>A-22:G>A,601604.0,4795005.0,0.021259094556576315
100034340|F|0-9:G>A-9:G>A,100034189|F|0-36:A>T-36:A>T,601604.0,5191352.0,0.006397969500379121
100034340|F|0-9:G>A-9:G>A,100030017|F|0-30:G>A-30:G>A,601604.0,5194871.0,0.005744992071159088
100034340|F|0-9:G>A-9:G>A,100019240|F|0-12:A>C-12:A>C,601604.0,5221682.0,0.002967940402056021
100034340|F|0-9:G>A-9:G>A,100039010|F|0-12:C>T-12:C>T,601604.0,5826827.0,0.009327283754306595
100034340|F|0-9:G>A-9:G>A,100034526|F|0-38:G>A-38:G>A,601604.0,5829779.0,0.0003552501611748923
100034340|F|0-9:G>A-9:G>A,100040746|F|0-42:G>A-42:G>A,601604.0,5944865.0,0.004520034109516664
100034340|F|0-9:G>A-9:G>A,100021961|F|0-53:A>T-53:A>T,601604.0,6058253.0,0.01288975530770294
100034340|F|0-9:G>A-9:G>A,100014327|F|0-12:T>C-12:T>C,601604.0,6588263.0,0.0011341288657397523
100034340|F|0-9:G>A-9:G>A,100044383|F|0-11:A>T-11:A>T,601604.0,6629814.0,0.003577087367326449
100034340|F|0-9:G>A-9:G>A,100017856|F|0-8:G>C-8:G>C,601604.0,6634620.0,0.004001336181179165
100034340|F|0-9:G>A-9:G>A,100058672|F|0-30:C>T-30:C>T,601604.0,7170197.0,4.5532086816250116e-05
100034340|F|0-9:G>A-9:G>A,100016006|F|0-20:G>A-20:G>A,601604.0,7243813.0,0.0007382471060713403
100034340|F|0-9:G>A-9:G>A,100014225|F|0-25:G>A-25:G>A,601604.0,7752093.0,0.004626953109944573
100034340|F|0-9:G>A-9:G>A,100019858|F|0-55:G>C-55:G>C,601604.0,7879011.0,0.003031876158133427
100034340|F|0-9:G>A-9:G>A,100020367|F|0-37:A>T-37:A>T,601604.0,8687209.0,0.0019963575231157055
100034340|F|0-9:G>A-9:G>A,100017575|F|0-33:C>A-33:C>A,601604.0,8708407.0,0.012148177773334004
100034340|F|0-9:G>A-9:G>A,100021965|F|0-19:C>T-19:C>T,601604.0,9286898.0,0.0035046376877114404
100034340|F|0-9:G>A-9:G>A,100022176|F|0-8:G>A-8:G>A,601604.0,9450266.0,0.06683009092647645
100034340|F|0-9:G>A-9:G>A,100033258|F|0-23:G>A-23:G>A,601604.0,9597839.0,0.0013728032860370854
100034340|F|0-9:G>A-9:G>A,100016832|F|0-65:T>A-65:T>A,601604.0,9956473.0,7.223137152928178e-05
100034340|F|0-9:G>A-9:G>A,100015585|F|0-38:T>C-38:T>C,601604.0,10530371.0,0.00013352565872658254
100034340|F|0-9:G>A-9:G>A,100032761|F|0-35:G>T-35:G>T,601604.0,11013852.0,0.07147092903335371
100034340|F|0-9:G>A-9:G>A,100018106|F|0-5:T>C-5:T>C,601604.0,11160342.0,0.013541511377342868
100034340|F|0-9:G>A-9:G>A,100029056|F|0-22:A>T-22:A>T,601604.0,11582180.0,0.038986133212093585
100034340|F|0-9:G>A-9:G>A,100019200|F|0-60:C>T-60:C>T,601604.0,11806800.0,0.0031636964524765798
100034340|F|0-9:G>A-9:G>A,100017507|F|0-36:T>C-36:T>C,601604.0,12067176.0,0.0002665529374133701
100034340|F|0-9:G>A-9:G>A,100015126|F|0-46:T>G-46:T>G,601604.0,12238563.0,0.0024203238657440752
100034340|F|0-9:G>A-9:G>A,100035996|F|0-47:A>G-47:A>G,601604.0,12678333.0,0.0011341288657397528
100034340|F|0-9:G>A-9:G>A,100041089|F|0-45:A>G-45:A>G,601604.0,12678338.0,0.0011341288657397528
100034340|F|0-9:G>A-9:G>A,100015053|F|0-21:C>T-21:C>T,601604.0,12815706.0,0.02160220384542883
100034340|F|0-9:G>A-9:G>A,100016297|F|0-36:A>G-36:A>G,601604.0,12845233.0,0.01950985761226724
100034340|F|0-9:G>A-9:G>A,100016238|F|0-41:C>A-41:C>A,601604.0,12849798.0,0.0007227005623818651
100034340|F|0-9:G>A-9:G>A,100016677|F|0-45:G>A-45:G>A,601604.0,13416059.0,0.006696651567178446
100034340|F|0-9:G>A-9:G>A,100035421|F|0-6:T>A-6:T>A,601604.0,13420106.0,0.006262162050262899
100034340|F|0-9:G>A-9:G>A,100015018|F|0-5:T>A-5:T>A,601604.0,13421247.0,0.007492981068079489
100034340|F|0-9:G>A-9:G>A,100020103|F|0-18:T>C-18:T>C,601604.0,13646039.0,0.004987084488187504
100034340|F|0-9:G>A-9:G>A,100014062|F|0-62:G>A-62:G>A,601604.0,13646044.0,0.003671830177854274
100034340|F|0-9:G>A-9:G>A,100039121|F|0-17:A>G-17:A>G,601604.0,13667695.0,0.0023400051820184004
100034340|F|0-9:G>A-9:G>A,100018973|F|0-53:T>G-53:T>G,601604.0,13667871.0,0.003671830177854274
100034340|F|0-9:G>A-9:G>A,100022289|F|0-10:A>G-10:A>G,601604.0,13667876.0,0.0015540939671816662
100034340|F|0-9:G>A-9:G>A,100015169|F|0-21:A>G-21:A>G,601604.0,13718785.0,0.00081658955986052
100034340|F|0-9:G>A-9:G>A,100020673|F|0-43:T>A-43:T>A,601604.0,13731316.0,0.0035046376877114253
100034340|F|0-9:G>A-9:G>A,100015679|F|0-19:G>A-19:G>A,601604.0,14080553.0,0.12254759218141423
100034340|F|0-9:G>A-9:G>A,100016059|F|0-15:A>T-15:A>T,601604.0,14090473.0,0.006870043464999248
100034340|F|0-9:G>A-9:G>A,100019698|F|0-15:C>A-15:C>A,601604.0,14160112.0,0.00010152971436307055
100034340|F|0-9:G>A-9:G>A,100036115|F|0-39:C>T-39:C>T,601604.0,14240591.0,0.13471077213689428
100034340|F|0-9:G>A-9:G>A,100035750|F|0-64:T>C-64:T>C,601604.0,14346419.0,0.013492612000513483
100034340|F|0-9:G>A-9:G>A,100021715|F|0-7:C>A-7:C>A,601604.0,14348921.0,0.013411005202675191
100034340|F|0-9:G>A-9:G>A,100040569|F|0-37:C>T-37:C>T,601604.0,14351912.0,0.004718167201433609
100034340|F|0-9:G>A-9:G>A,100015147|F|0-16:C>G-16:C>G,601604.0,14409032.0,0.0140751494018229
100034340|F|0-9:G>A-9:G>A,100030246|F|0-11:C>A-11:C>A,601604.0,14458674.0,0.0021231504157590447
100034340|F|0-9:G>A-9:G>A,100035083|F|0-24:G>C-24:G>C,601604.0,14490822.0,0.0002537375372301418
100034340|F|0-9:G>A-9:G>A,100013053|F|0-56:A>T-56:A>T,601604.0,14502847.0,0.00011573672210455602
100034340|F|0-9:G>A-9:G>A,100044112|F|0-18:T>G-18:T>G,601604.0,14593733.0,0.006055969911391587
100034340|F|0-9:G>A-9:G>A,100041853|F|0-21:T>C-21:T>C,601604.0,14595838.0,0.007380164781509256
100034340|F|0-9:G>A-9:G>A,100033723|F|0-20:T>C-20:T>C,601604.0,14595843.0,0.019656321631977072
100034340|F|0-9:G>A-9:G>A,100017564|F|0-8:A>T-8:A>T,601604.0,14625545.0,0.007963508711103417
100034340|F|0-9:G>A-9:G>A,100057963|F|0-26:C>T-26:C>T,601604.0,14656009.0,0.011514311213106383
100034340|F|0-9:G>A-9:G>A,100019295|F|0-19:G>T-19:G>T,601604.0,14656014.0,0.00858939922502218
100034340|F|0-9:G>A-9:G>A,100035362|F|0-6:C>A-6:C>A,601604.0,14658473.0,0.015184043372348986
100034340|F|0-9:G>A-9:G>A,100014679|F|0-16:C>A-16:C>A,601604.0,14859822.0,0.014723932975851286
100034340|F|0-9:G>A-9:G>A,100021838|F|0-57:A>G-57:A>G,601604.0,14928961.0,0.010304611302352268
100034340|F|0-9:G>A-9:G>A,100046294|F|0-6:C>G-6:C>G,601604.0,15124860.0,0.00010529875423008767
100034340|F|0-9:G>A-9:G>A,100045141|F|0-49:C>T-49:C>T,601604.0,15225158.0,0.00023124224276660146
100034340|F|0-9:G>A-9:G>A,100043254|F|0-7:C>G-7:C>G,601604.0,15229542.0,0.00011631893427368456
100034340|F|0-9:G>A-9:G>A,100013673|F|0-63:C>A-63:C>A,601604.0,15256237.0,1.5697762332033737e-05
100034340|F|0-9:G>A-9:G>A,100016806|F|0-26:T>A-26:T>A,601604.0,15351778.0,0.0013920286690471933
100034340|F|0-9:G>A-9:G>A,100033542|F|0-31:T>C-31:T>C,601604.0,15394673.0,0.0025836402317430127
100034340|F|0-9:G>A-9:G>A,100029793|F|0-30:G>A-30:G>A,601604.0,15400977.0,0.0027067499897665413
100034340|F|0-9:G>A-9:G>A,100021703|F|0-41:T>C-41:T>C,601604.0,15431799.0,0.043653046159422074
100034340|F|0-9:G>A-9:G>A,100017056|F|0-15:G>A-15:G>A,601604.0,15535069.0,0.0043452172807324245
100034340|F|0-9:G>A-9:G>A,100021184|F|0-17:T>G-17:T>G,601604.0,15536283.0,0.0043452172807324245
100034340|F|0-9:G>A-9:G>A,100044126|F|0-46:C>T-46:C>T,601604.0,15556197.0,0.0006033750386160001
100034340|F|0-9:G>A-9:G>A,100017834|F|0-8:C>T-8:C>T,601604.0,15619447.0,5.480220550033829e-05
100034340|F|0-9:G>A-9:G>A,100020292|F|0-58:T>C-58:T>C,601604.0,15819325.0,0.005658785376246771
100034340|F|0-9:G>A-9:G>A,100015600|F|0-30:C>A-30:C>A,601604.0,15832699.0,0.0010665066906630678
100034340|F|0-9:G>A-9:G>A,100049389|F|0-23:C>A-23:C>A,601604.0,15838578.0,0.005143436600990299
100034340|F|0-9:G>A-9:G>A,100038568|F|0-15:C>T-15:C>T,601604.0,15839422.0,0.0010665066906630678
100034340|F|0-9:G>A-9:G>A,100018705|F|0-34:T>C-34:T>C,601604.0,15915251.0,0.0003889731109869958
100034340|F|0-9:G>A-9:G>A,100019856|F|0-16:C>T-16:C>T,601604.0,15948596.0,0.007963508711103408
100034340|F|0-9:G>A-9:G>A,100034716|F|0-53:A>G-53:A>G,601604.0,15958067.0,0.001757168888678666
100034340|F|0-9:G>A-9:G>A,100021071|F|0-60:A>G-60:A>G,601604.0,15967627.0,4.543059114285394e-06
100034340|F|0-9:G>A-9:G>A,100020211|F|0-33:C>A-33:C>A,601604.0,15977146.0,0.0010887828989503958
100034340|F|0-9:G>A-9:G>A,100013484|F|0-22:G>A-22:G>A,601604.0,16177456.0,0.009965732825401453
100034340|F|0-9:G>A-9:G>A,100021316|F|0-63:C>A-63:C>A,601604.0,16179198.0,0.01687444893130683
100034340|F|0-9:G>A-9:G>A,100017187|F|0-41:T>C-41:T>C,601604.0,16245982.0,0.01518574297188755
100034340|F|0-9:G>A-9:G>A,100029840|F|0-31:T>C-31:T>C,601604.0,16252498.0,0.01658817699449167
100034340|F|0-9:G>A-9:G>A,100013453|F|0-6:G>A-6:G>A,601604.0,16307679.0,0.000951194622797705
100034340|F|0-9:G>A-9:G>A,100016783|F|0-52:G>T-52:G>T,601604.0,16317524.0,0.0005213496318546963
100034340|F|0-9:G>A-9:G>A,100014400|F|0-16:A>T-16:A>T,601604.0,16381041.0,0.025891520465325293
100034340|F|0-9:G>A-9:G>A,100016625|F|0-16:T>C-16:T>C,601604.0,16411184.0,0.025891520465325293
100034340|F|0-9:G>A-9:G>A,100015226|F|0-25:T>A-25:T>A,601604.0,16581877.0,0.005211877409972114
100034340|F|0-9:G>A-9:G>A,100017539|F|0-11:A>T-11:A>T,601604.0,16662610.0,0.004718167201433609
100034340|F|0-9:G>A-9:G>A,100033601|F|0-15:C>A-15:C>A,601604.0,16769146.0,0.002689513317659969
100034340|F|0-9:G>A-9:G>A,100039949|F|0-62:A>T-62:A>T,601604.0,16793350.0,0.009083954867087393
100034340|F|0-9:G>A-9:G>A,100035334|F|0-35:T>C-35:T>C,601604.0,16832622.0,0.012958515821148929
100034340|F|0-9:G>A-9:G>A,100021345|F|0-28:C>T-28:C>T,601604.0,16899147.0,0.0034046627121512756
100034340|F|0-9:G>A-9:G>A,100022139|F|0-65:T>C-65:T>C,601604.0,16965771.0,0.0016936010447273912
100034340|F|0-9:G>A-9:G>A,100044804|F|0-53:G>C-53:G>C,601604.0,16968917.0,0.021259101421953405
100034340|F|0-9:G>A-9:G>A,100030290|F|0-11:A>C-11:A>C,601604.0,16971407.0,0.0016936010447273912
100034340|F|0-9:G>A-9:G>A,100017336|F|0-39:A>G-39:A>G,601604.0,16987827.0,8.651181949024446e-05
100034340|F|0-9:G>A-9:G>A,100029568|F|0-9:T>G-9:T>G,601604.0,16988131.0,0.0002656413992904674
100034340|F|0-9:G>A-9:G>A,100034247|F|0-37:G>C-37:G>C,601604.0,16999534.0,0.0004886466016155867
100034340|F|0-9:G>A-9:G>A,100012983|F|0-45:A>T-45:A>T,601604.0,17017248.0,7.223137152928258e-05
100034340|F|0-9:G>A-9:G>A,100020033|F|0-7:G>A-7:G>A,601604.0,17020316.0,0.0008504606661941853
100034340|F|0-9:G>A-9:G>A,100018782|F|0-63:C>T-63:C>T,601604.0,17424649.0,0.005882685672266516
100034340|F|0-9:G>A-9:G>A,100019630|F|0-24:A>T-24:A>T,601604.0,17521232.0,0.0012515063296399196
100034340|F|0-9:G>A-9:G>A,100021757|F|0-47:G>A-47:G>A,601604.0,17521694.0,0.001981953789182702
100034340|F|0-9:G>A-9:G>A,100038944|F|0-45:C>T-45:C>T,601604.0,17607936.0,0.009077923318107339
100034340|F|0-9:G>A-9:G>A,100047378|F|0-35:C>T-35:C>T,601604.0,17706505.0,0.0004886466016155828
100034340|F|0-9:G>A-9:G>A,100029543|F|0-46:T>C-46:T>C,601604.0,18278899.0,0.0016609406375501993
100034340|F|0-9:G>A-9:G>A,100021798|F|0-27:T>C-27:T>C,601604.0,18732658.0,0.0005895753453227004
100034340|F|0-9:G>A-9:G>A,100017716|F|0-8:C>T-8:C>T,601604.0,18851585.0,0.0007382471060713397
100028947|F|0-38:C>A-38:C>A,100033819|F|0-67:C>G-67:C>G,1074410.0,1120795.0,0.00383213454384875
100028947|F|0-38:C>A-38:C>A,100030268|F|0-10:A>C-10:A>C,1074410.0,1147351.0,0.003069813002544059
100028947|F|0-38:C>A-38:C>A,100019590|F|0-61:C>T-61:C>T,1074410.0,1243112.0,0.019439498804687587
100028947|F|0-38:C>A-38:C>A,100013876|F|0-55:T>G-55:T>G,1074410.0,1391632.0,0.03528202243908142
100028947|F|0-38:C>A-38:C>A,100021300|F|0-36:C>T-36:C>T,1074410.0,1972983.0,0.0007760389254680405
100028947|F|0-38:C>A-38:C>A,100036126|F|0-34:T>C-34:T>C,1074410.0,2614575.0,0.0875227479526843
100028947|F|0-38:C>A-38:C>A,100029213|F|0-12:G>A-12:G>A,1074410.0,2653811.0,0.03135109923073471
100028947|F|0-38:C>A-38:C>A,100018381|F|0-53:C>A-53:C>A,1074410.0,3135391.0,0.020546267489752322
100028947|F|0-38:C>A-38:C>A,100041008|F|0-24:G>A-24:G>A,1074410.0,3236850.0,0.026808855098763927
100028947|F|0-38:C>A-38:C>A,100016689|F|0-47:G>T-47:G>T,1074410.0,3422286.0,0.007544116111517189
100028947|F|0-38:C>A-38:C>A,100029850|F|0-32:T>C-32:T>C,1074410.0,4297916.0,0.039697863657753234
100028947|F|0-38:C>A-38:C>A,100041567|F|0-33:A>T-33:A>T,1074410.0,4297921.0,0.03999660326086953
100028947|F|0-38:C>A-38:C>A,100016452|F|0-6:G>A-6:G>A,1074410.0,4298929.0,0.030873652361973328
100028947|F|0-38:C>A-38:C>A,100013207|F|0-60:C>G-60:C>G,1074410.0,4298934.0,0.041794841457643166
100028947|F|0-38:C>A-38:C>A,100013419|F|0-62:G>T-62:G>T,1074410.0,4560526.0,0.21959745412074033
100028947|F|0-38:C>A-38:C>A,100017267|F|0-60:T>C-60:T>C,1074410.0,4794124.0,0.02872837164857646
100028947|F|0-38:C>A-38:C>A,100035378|F|0-22:G>A-22:G>A,1074410.0,4795005.0,0.013130867876159148
100028947|F|0-38:C>A-38:C>A,100034189|F|0-36:A>T-36:A>T,1074410.0,5191352.0,0.0015659102044452361
100028947|F|0-38:C>A-38:C>A,100030017|F|0-30:G>A-30:G>A,1074410.0,5194871.0,0.0011575300885552663
100028947|F|0-38:C>A-38:C>A,100019240|F|0-12:A>C-12:A>C,1074410.0,5221682.0,0.0013926377720422608
100028947|F|0-38:C>A-38:C>A,100039010|F|0-12:C>T-12:C>T,1074410.0,5826827.0,0.027662145559183955
100028947|F|0-38:C>A-38:C>A,100034526|F|0-38:G>A-38:G>A,1074410.0,5829779.0,0.21129828663358427
100028947|F|0-38:C>A-38:C>A,100040746|F|0-42:G>A-42:G>A,1074410.0,5944865.0,0.01759007912692112
100028947|F|0-38:C>A-38:C>A,100021961|F|0-53:A>T-53:A>T,1074410.0,6058253.0,0.1268447262160196
100028947|F|0-38:C>A-38:C>A,100014327|F|0-12:T>C-12:T>C,1074410.0,6588263.0,0.10588911523629714
100028947|F|0-38:C>A-38:C>A,100044383|F|0-11:A>T-11:A>T,1074410.0,6629814.0,0.11903221678798917
100028947|F|0-38:C>A-38:C>A,100017856|F|0-8:G>C-8:G>C,1074410.0,6634620.0,0.16995301454392212
100028947|F|0-38:C>A-38:C>A,100058672|F|0-30:C>T-30:C>T,1074410.0,7170197.0,0.07908223967922812
100028947|F|0-38:C>A-38:C>A,100016006|F|0-20:G>A-20:G>A,1074410.0,7243813.0,0.001147433495691277
100028947|F|0-38:C>A-38:C>A,100014225|F|0-25:G>A-25:G>A,1074410.0,7752093.0,0.26192280890497255
100028947|F|0-38:C>A-38:C>A,100019858|F|0-55:G>C-55:G>C,1074410.0,7879011.0,0.0015787773445093713
100028947|F|0-38:C>A-38:C>A,100020367|F|0-37:A>T-37:A>T,1074410.0,8687209.0,0.0015830988001777455
100028947|F|0-38:C>A-38:C>A,100017575|F|0-33:C>A-33:C>A,1074410.0,8708407.0,0.011305897666305466
100028947|F|0-38:C>A-38:C>A,100021965|F|0-19:C>T-19:C>T,1074410.0,9286898.0,0.02133175392263478
100028947|F|0-38:C>A-38:C>A,100022176|F|0-8:G>A-8:G>A,1074410.0,9450266.0,0.017374610527476787
100028947|F|0-38:C>A-38:C>A,100033258|F|0-23:G>A-23:G>A,1074410.0,9597839.0,0.0016871182333908802
100028947|F|0-38:C>A-38:C>A,100016832|F|0-65:T>A-65:T>A,1074410.0,9956473.0,0.0057279017550291005
100028947|F|0-38:C>A-38:C>A,100015585|F|0-38:T>C-38:T>C,1074410.0,10530371.0,2.4010203376036756e-07
100028947|F|0-38:C>A-38:C>A,100032761|F|0-35:G>T-35:G>T,1074410.0,11013852.0,3.848596224527071e-05
100028947|F|0-38:C>A-38:C>A,100018106|F|0-5:T>C-5:T>C,1074410.0,11160342.0,0.02137792588824484
100028947|F|0-38:C>A-38:C>A,100029056|F|0-22:A>T-22:A>T,1074410.0,11582180.0,7.010375355525985e-05
100028947|F|0-38:C>A-38:C>A,100019200|F|0-60:C>T-60:C>T,1074410.0,11806800.0,0.0006271977839702748
100028947|F|0-38:C>A-38:C>A,100017507|F|0-36:T>C-36:T>C,1074410.0,12067176.0,0.001503109557897904
100028947|F|0-38:C>A-38:C>A,100015126|F|0-46:T>G-46:T>G,1074410.0,12238563.0,0.019453610620827247
100028947|F|0-38:C>A-38:C>A,100035996|F|0-47:A>G-47:A>G,1074410.0,12678333.0,0.009963048028747376
100028947|F|0-38:C>A-38:C>A,100041089|F|0-45:A>G-45:A>G,1074410.0,12678338.0,0.009963048028747376
100028947|F|0-38:C>A-38:C>A,100015053|F|0-21:C>T-21:C>T,1074410.0,12815706.0,0.06211393690988152
100028947|F|0-38:C>A-38:C>A,100016297|F|0-36:A>G-36:A>G,1074410.0,12845233.0,0.027504342790966998
100028947|F|0-38:C>A-38:C>A,100016238|F|0-41:C>A-41:C>A,1074410.0,12849798.0,0.009963095256910737
100028947|F|0-38:C>A-38:C>A,100016677|F|0-45:G>A-45:G>A,1074410.0,13416059.0,0.2058658595104545
100028947|F|0-38:C>A-38:C>A,100035421|F|0-6:T>A-6:T>A,1074410.0,13420106.0,0.0074795620198305915
100028947|F|0-38:C>A-38:C>A,100015018|F|0-5:T>A-5:T>A,1074410.0,13421247.0,0.008577613821073648
100028947|F|0-38:C>A-38:C>A,100020103|F|0-18:T>C-18:T>C,1074410.0,13646039.0,0.02200190260458721
100028947|F|0-38:C>A-38:C>A,100014062|F|0-62:G>A-62:G>A,1074410.0,13646044.0,0.024067333939945406
100028947|F|0-38:C>A-38:C>A,100039121|F|0-17:A>G-17:A>G,1074410.0,13667695.0,0.008790065748921267
100028947|F|0-38:C>A-38:C>A,100018973|F|0-53:T>G-53:T>G,1074410.0,13667871.0,0.008291628753412217
100028947|F|0-38:C>A-38:C>A,100022289|F|0-10:A>G-10:A>G,1074410.0,13667876.0,0.010186445633515881
100028947|F|0-38:C>A-38:C>A,100015169|F|0-21:A>G-21:A>G,1074410.0,13718785.0,0.001241457417768579
100028947|F|0-38:C>A-38:C>A,100020673|F|0-43:T>A-43:T>A,1074410.0,13731316.0,0.0003293758439789208
100028947|F|0-38:C>A-38:C>A,100015679|F|0-19:G>A-19:G>A,1074410.0,14080553.0,0.0045515663786633844
100028947|F|0-38:C>A-38:C>A,100016059|F|0-15:A>T-15:A>T,1074410.0,14090473.0,0.01863460453116185
100028947|F|0-38:C>A-38:C>A,100019698|F|0-15:C>A-15:C>A,1074410.0,14160112.0,0.00652150576111071
100028947|F|0-38:C>A-38:C>A,100036115|F|0-39:C>T-39:C>T,1074410.0,14240591.0,0.021936802401912484
100028947|F|0-38:C>A-38:C>A,100035750|F|0-64:T>C-64:T>C,1074410.0,14346419.0,0.01222988104586568
100028947|F|0-38:C>A-38:C>A,100021715|F|0-7:C>A-7:C>A,1074410.0,14348921.0,0.009726314201258303
100028947|F|0-38:C>A-38:C>A,100040569|F|0-37:C>T-37:C>T,1074410.0,14351912.0,0.005314174502072595
100028947|F|0-38:C>A-38:C>A,100015147|F|0-16:C>G-16:C>G,1074410.0,14409032.0,0.006326180745070591
100028947|F|0-38:C>A-38:C>A,100030246|F|0-11:C>A-11:C>A,1074410.0,14458674.0,0.004821799184140846
100028947|F|0-38:C>A-38:C>A,100035083|F|0-24:G>C-24:G>C,1074410.0,14490822.0,0.027191949338991293
100028947|F|0-38:C>A-38:C>A,100013053|F|0-56:A>T-56:A>T,1074410.0,14502847.0,0.017351869527707932
100028947|F|0-38:C>A-38:C>A,100044112|F|0-18:T>G-18:T>G,1074410.0,14593733.0,0.01470718329794765
100028947|F|0-38:C>A-38:C>A,100041853|F|0-21:T>C-21:T>C,1074410.0,14595838.0,0.005852423664317876
100028947|F|0-38:C>A-38:C>A,100033723|F|0-20:T>C-20:T>C,1074410.0,14595843.0,0.006826202239550254
100028947|F|0-38:C>A-38:C>A,100017564|F|0-8:A>T-8:A>T,1074410.0,14625545.0,1.4319754387572743e-05
100028947|F|0-38:C>A-38:C>A,100057963|F|0-26:C>T-26:C>T,1074410.0,14656009.0,0.13554778333838838
100028947|F|0-38:C>A-38:C>A,100019295|F|0-19:G>T-19:G>T,1074410.0,14656014.0,0.026252894524414167
100028947|F|0-38:C>A-38:C>A,100035362|F|0-6:C>A-6:C>A,1074410.0,14658473.0,0.107667373371892
100028947|F|0-38:C>A-38:C>A,100014679|F|0-16:C>A-16:C>A,1074410.0,14859822.0,0.00529321454411748
100028947|F|0-38:C>A-38:C>A,100021838|F|0-57:A>G-57:A>G,1074410.0,14928961.0,0.02978204617834394
100028947|F|0-38:C>A-38:C>A,100046294|F|0-6:C>G-6:C>G,1074410.0,15124860.0,0.0783731610404288
100028947|F|0-38:C>A-38:C>A,100045141|F|0-49:C>T-49:C>T,1074410.0,15225158.0,0.00025471157948310925
100028947|F|0-38:C>A-38:C>A,100043254|F|0-7:C>G-7:C>G,1074410.0,15229542.0,9.224017399409621e-05
100028947|F|0-38:C>A-38:C>A,100013673|F|0-63:C>A-63:C>A,1074410.0,15256237.0,0.0010083062690280035
100028947|F|0-38:C>A-38:C>A,100016806|F|0-26:T>A-26:T>A,1074410.0,15351778.0,0.0026486935205682245
100028947|F|0-38:C>A-38:C>A,100033542|F|0-31:T>C-31:T>C,1074410.0,15394673.0,0.0074089735796530895
100028947|F|0-38:C>A-38:C>A,100029793|F|0-30:G>A-30:G>A,1074410.0,15400977.0,0.0011726273344345776
100028947|F|0-38:C>A-38:C>A,100021703|F|0-41:T>C-41:T>C,1074410.0,15431799.0,0.017447506117946415
100028947|F|0-38:C>A-38:C>A,100017056|F|0-15:G>A-15:G>A,1074410.0,15535069.0,0.002151152042754163
100028947|F|0-38:C>A-38:C>A,100021184|F|0-17:T>G-17:T>G,1074410.0,15536283.0,0.002151152042754163
100028947|F|0-38:C>A-38:C>A,100044126|F|0-46:C>T-46:C>T,1074410.0,15556197.0,0.018392485301322942
100028947|F|0-38:C>A-38:C>A,100017834|F|0-8:C>T-8:C>T,1074410.0,15619447.0,3.327237805083762e-05
100028947|F|0-38:C>A-38:C>A,100020292|F|0-58:T>C-58:T>C,1074410.0,15819325.0,0.017706142493080678
100028947|F|0-38:C>A-38:C>A,100015600|F|0-30:C>A-30:C>A,1074410.0,15832699.0,0.01607243736289877
100028947|F|0-38:C>A-38:C>A,100049389|F|0-23:C>A-23:C>A,1074410.0,15838578.0,0.018891994734461966
100028947|F|0-38:C>A-38:C>A,100038568|F|0-15:C>T-15:C>T,1074410.0,15839422.0,0.01607243736289877
100028947|F|0-38:C>A-38:C>A,100018705|F|0-34:T>C-34:T>C,1074410.0,15915251.0,0.01999490575649515
100028947|F|0-38:C>A-38:C>A,100019856|F|0-16:C>T-16:C>T,1074410.0,15948596.0,0.005727901755029103
100028947|F|0-38:C>A-38:C>A,100034716|F|0-53:A>G-53:A>G,1074410.0,15958067.0,0.00047243785075607895
100028947|F|0-38:C>A-38:C>A,100021071|F|0-60:A>G-60:A>G,1074410.0,15967627.0,0.000783794348214541
100028947|F|0-38:C>A-38:C>A,100020211|F|0-33:C>A-33:C>A,1074410.0,15977146.0,0.0035045664487757095
100028947|F|0-38:C>A-38:C>A,100013484|F|0-22:G>A-22:G>A,1074410.0,16177456.0,0.019122734324561356
100028947|F|0-38:C>A-38:C>A,100021316|F|0-63:C>A-63:C>A,1074410.0,16179198.0,0.010525116056829494
100028947|F|0-38:C>A-38:C>A,100017187|F|0-41:T>C-41:T>C,1074410.0,16245982.0,0.01045606090764331
100028947|F|0-38:C>A-38:C>A,100029840|F|0-31:T>C-31:T>C,1074410.0,16252498.0,0.007873566700765262
100028947|F|0-38:C>A-38:C>A,100013453|F|0-6:G>A-6:G>A,1074410.0,16307679.0,0.0016971553739567114
100028947|F|0-38:C>A-38:C>A,100016783|F|0-52:G>T-52:G>T,1074410.0,16317524.0,0.0022710219947890556
100028947|F|0-38:C>A-38:C>A,100014400|F|0-16:A>T-16:A>T,1074410.0,16381041.0,0.0058836614897104
100028947|F|0-38:C>A-38:C>A,100016625|F|0-16:T>C-16:T>C,1074410.0,16411184.0,0.0006812630804781375
100028947|F|0-38:C>A-38:C>A,100015226|F|0-25:T>A-25:T>A,1074410.0,16581877.0,0.0032005840404596138
100028947|F|0-38:C>A-38:C>A,100017539|F|0-11:A>T-11:A>T,1074410.0,16662610.0,0.007448550309484471
100028947|F|0-38:C>A-38:C>A,100033601|F|0-15:C>A-15:C>A,1074410.0,16769146.0,0.02877139659442821
100028947|F|0-38:C>A-38:C>A,100039949|F|0-62:A>T-62:A>T,1074410.0,16793350.0,0.02881407340006067
100028947|F|0-38:C>A-38:C>A,100035334|F|0-35:T>C-35:T>C,1074410.0,16832622.0,0.0004988932679768124
100028947|F|0-38:C>A-38:C>A,100021345|F|0-28:C>T-28:C>T,1074410.0,16899147.0,0.03142692852087758
100028947|F|0-38:C>A-38:C>A,100022139|F|0-65:T>C-65:T>C,1074410.0,16965771.0,0.060483235806035096
100028947|F|0-38:C>A-38:C>A,100044804|F|0-53:G>C-53:G>C,1074410.0,16968917.0,0.004973692205016683
100028947|F|0-38:C>A-38:C>A,100030290|F|0-11:A>C-11:A>C,1074410.0,16971407.0,0.060483235806035096
100028947|F|0-38:C>A-38:C>A,100017336|F|0-39:A>G-39:A>G,1074410.0,16987827.0,0.0003249755971574954
100028947|F|0-38:C>A-38:C>A,100029568|F|0-9:T>G-9:T>G,1074410.0,16988131.0,0.06190587555543333
100028947|F|0-38:C>A-38:C>A,100034247|F|0-37:G>C-37:G>C,1074410.0,16999534.0,0.06319795946924138
100028947|F|0-38:C>A-38:C>A,100012983|F|0-45:A>T-45:A>T,1074410.0,17017248.0,0.005727901755029103
100028947|F|0-38:C>A-38:C>A,100020033|F|0-7:G>A-7:G>A,1074410.0,17020316.0,0.07553859123267144
100028947|F|0-38:C>A-38:C>A,100018782|F|0-63:C>T-63:C>T,1074410.0,17424649.0,0.013359924367370319
100028947|F|0-38:C>A-38:C>A,100019630|F|0-24:A>T-24:A>T,1074410.0,17521232.0,8.722586847889469e-06
100028947|F|0-38:C>A-38:C>A,100021757|F|0-47:G>A-47:G>A,1074410.0,17521694.0,9.822979568202686e-05
100028947|F|0-38:C>A-38:C>A,100038944|F|0-45:C>T-45:C>T,1074410.0,17607936.0,3.3656151923870285e-05
100028947|F|0-38:C>A-38:C>A,100047378|F|0-35:C>T-35:C>T,1074410.0,17706505.0,0.003202877140296928
100028947|F|0-38:C>A-38:C>A,100029543|F|0-46:T>C-46:T>C,1074410.0,18278899.0,0.0009972222617151965
100028947|F|0-38:C>A-38:C>A,100021798|F|0-27:T>C-27:T>C,1074410.0,18732658.0,0.021831029964293886
100028947|F|0-38:C>A-38:C>A,100017716|F|0-8:C>T-8:C>T,1074410.0,18851585.0,0.0011474334956912734
100033819|F|0-67:C>G-67:C>G,100030268|F|0-10:A>C-10:A>C,1120795.0,1147351.0,0.9726937610699816
100033819|F|0-67:C>G-67:C>G,100019590|F|0-61:C>T-61:C>T,1120795.0,1243112.0,0.10827349944946663
100033819|F|0-67:C>G-67:C>G,100013876|F|0-55:T>G-55:T>G,1120795.0,1391632.0,0.09207559673754323
100033819|F|0-67:C>G-67:C>G,100021300|F|0-36:C>T-36:C>T,1120795.0,1972983.0,0.003747451168449769
100033819|F|0-67:C>G-67:C>G,100036126|F|0-34:T>C-34:T>C,1120795.0,2614575.0,0.0042111696323652885
100033819|F|0-67:C>G-67:C>G,100029213|F|0-12:G>A-12:G>A,1120795.0,2653811.0,0.0034498172200062996
100033819|F|0-67:C>G-67:C>G,100018381|F|0-53:C>A-53:C>A,1120795.0,3135391.0,0.033764998669199194
100033819|F|0-67:C>G-67:C>G,100041008|F|0-24:G>A-24:G>A,1120795.0,3236850.0,0.02036341269939714
100033819|F|0-67:C>G-67:C>G,100016689|F|0-47:G>T-47:G>T,1120795.0,3422286.0,0.00019504536610737684
100033819|F|0-67:C>G-67:C>G,100029850|F|0-32:T>C-32:T>C,1120795.0,4297916.0,0.0016936663366425937
100033819|F|0-67:C>G-67:C>G,100041567|F|0-33:A>T-33:A>T,1120795.0,4297921.0,0.00014695254091520526
100033819|F|0-67:C>G-67:C>G,100016452|F|0-6:G>A-6:G>A,1120795.0,4298929.0,0.0004925843083447197
100033819|F|0-67:C>G-67:C>G,100013207|F|0-60:C>G-60:C>G,1120795.0,4298934.0,0.003937629680957735
100033819|F|0-67:C>G-67:C>G,100013419|F|0-62:G>T-62:G>T,1120795.0,4560526.0,0.004405599072491676
100033819|F|0-67:C>G-67:C>G,100017267|F|0-60:T>C-60:T>C,1120795.0,4794124.0,0.039249187361394426
100033819|F|0-67:C>G-67:C>G,100035378|F|0-22:G>A-22:G>A,1120795.0,4795005.0,0.014437557542614433
100033819|F|0-67:C>G-67:C>G,100034189|F|0-36:A>T-36:A>T,1120795.0,5191352.0,0.02831150928977018
100033819|F|0-67:C>G-67:C>G,100030017|F|0-30:G>A-30:G>A,1120795.0,5194871.0,0.03815436498130703
100033819|F|0-67:C>G-67:C>G,100019240|F|0-12:A>C-12:A>C,1120795.0,5221682.0,0.0619502321876526
100033819|F|0-67:C>G-67:C>G,100039010|F|0-12:C>T-12:C>T,1120795.0,5826827.0,0.011006944651559535
100033819|F|0-67:C>G-67:C>G,100034526|F|0-38:G>A-38:G>A,1120795.0,5829779.0,0.06631384458031704
100033819|F|0-67:C>G-67:C>G,100040746|F|0-42:G>A-42:G>A,1120795.0,5944865.0,0.0016738500285480632
100033819|F|0-67:C>G-67:C>G,100021961|F|0-53:A>T-53:A>T,1120795.0,6058253.0,0.018329582609942413
100033819|F|0-67:C>G-67:C>G,100014327|F|0-12:T>C-12:T>C,1120795.0,6588263.0,0.02538503799964166
100033819|F|0-67:C>G-67:C>G,100044383|F|0-11:A>T-11:A>T,1120795.0,6629814.0,0.009253819036427727
100033819|F|0-67:C>G-67:C>G,100017856|F|0-8:G>C-8:G>C,1120795.0,6634620.0,0.010351338148113905
100033819|F|0-67:C>G-67:C>G,100058672|F|0-30:C>T-30:C>T,1120795.0,7170197.0,0.044201021800840415
100033819|F|0-67:C>G-67:C>G,100016006|F|0-20:G>A-20:G>A,1120795.0,7243813.0,0.018282988871224114
100033819|F|0-67:C>G-67:C>G,100014225|F|0-25:G>A-25:G>A,1120795.0,7752093.0,0.016391605450063285
100033819|F|0-67:C>G-67:C>G,100019858|F|0-55:G>C-55:G>C,1120795.0,7879011.0,0.058005736202207954
100033819|F|0-67:C>G-67:C>G,100020367|F|0-37:A>T-37:A>T,1120795.0,8687209.0,0.012721012215451102
100033819|F|0-67:C>G-67:C>G,100017575|F|0-33:C>A-33:C>A,1120795.0,8708407.0,0.001668771423416924
100033819|F|0-67:C>G-67:C>G,100021965|F|0-19:C>T-19:C>T,1120795.0,9286898.0,0.0794697442364464
100033819|F|0-67:C>G-67:C>G,100022176|F|0-8:G>A-8:G>A,1120795.0,9450266.0,0.044471490123664116
100033819|F|0-67:C>G-67:C>G,100033258|F|0-23:G>A-23:G>A,1120795.0,9597839.0,0.03342727569601888
100033819|F|0-67:C>G-67:C>G,100016832|F|0-65:T>A-65:T>A,1120795.0,9956473.0,0.005077606539914958
100033819|F|0-67:C>G-67:C>G,100015585|F|0-38:T>C-38:T>C,1120795.0,10530371.0,0.0006103122842777758
100033819|F|0-67:C>G-67:C>G,100032761|F|0-35:G>T-35:G>T,1120795.0,11013852.0,0.002044866355913246
100033819|F|0-67:C>G-67:C>G,100018106|F|0-5:T>C-5:T>C,1120795.0,11160342.0,0.018404867429174146
100033819|F|0-67:C>G-67:C>G,100029056|F|0-22:A>T-22:A>T,1120795.0,11582180.0,0.0018065792265956324
100033819|F|0-67:C>G-67:C>G,100019200|F|0-60:C>T-60:C>T,1120795.0,11806800.0,0.010758253158049376
100033819|F|0-67:C>G-67:C>G,100017507|F|0-36:T>C-36:T>C,1120795.0,12067176.0,0.013180745193057623
100033819|F|0-67:C>G-67:C>G,100015126|F|0-46:T>G-46:T>G,1120795.0,12238563.0,0.028896136838776985
100033819|F|0-67:C>G-67:C>G,100035996|F|0-47:A>G-47:A>G,1120795.0,12678333.0,0.003137018114808543
100033819|F|0-67:C>G-67:C>G,100041089|F|0-45:A>G-45:A>G,1120795.0,12678338.0,0.003137018114808543
100033819|F|0-67:C>G-67:C>G,100015053|F|0-21:C>T-21:C>T,1120795.0,12815706.0,0.0229186559220949
100033819|F|0-67:C>G-67:C>G,100016297|F|0-36:A>G-36:A>G,1120795.0,12845233.0,0.0006342805255848731
100033819|F|0-67:C>G-67:C>G,100016238|F|0-41:C>A-41:C>A,1120795.0,12849798.0,0.00517952411360544
100033819|F|0-67:C>G-67:C>G,100016677|F|0-45:G>A-45:G>A,1120795.0,13416059.0,0.04289457947796686
100033819|F|0-67:C>G-67:C>G,100035421|F|0-6:T>A-6:T>A,1120795.0,13420106.0,0.06596242140840984
100033819|F|0-67:C>G-67:C>G,100015018|F|0-5:T>A-5:T>A,1120795.0,13421247.0,0.04892403245704786
100033819|F|0-67:C>G-67:C>G,100020103|F|0-18:T>C-18:T>C,1120795.0,13646039.0,0.0005406508774543076
100033819|F|0-67:C>G-67:C>G,100014062|F|0-62:G>A-62:G>A,1120795.0,13646044.0,0.0013597448380057106
100033819|F|0-67:C>G-67:C>G,100039121|F|0-17:A>G-17:A>G,1120795.0,13667695.0,0.0006449954512717494
100033819|F|0-67:C>G-67:C>G,100018973|F|0-53:T>G-53:T>G,1120795.0,13667871.0,4.196743327177979e-06
100033819|F|0-67:C>G-67:C>G,100022289|F|0-10:A>G-10:A>G,1120795.0,13667876.0,0.00014848102748871096
100033819|F|0-67:C>G-67:C>G,100015169|F|0-21:A>G-21:A>G,1120795.0,13718785.0,0.01773466343309076
100033819|F|0-67:C>G-67:C>G,100020673|F|0-43:T>A-43:T>A,1120795.0,13731316.0,0.02786810793173462
100033819|F|0-67:C>G-67:C>G,100015679|F|0-19:G>A-19:G>A,1120795.0,14080553.0,0.05027318136473537
100033819|F|0-67:C>G-67:C>G,100016059|F|0-15:A>T-15:A>T,1120795.0,14090473.0,0.015590602641717091
100033819|F|0-67:C>G-67:C>G,100019698|F|0-15:C>A-15:C>A,1120795.0,14160112.0,0.00195444589680056
100033819|F|0-67:C>G-67:C>G,100036115|F|0-39:C>T-39:C>T,1120795.0,14240591.0,0.01015683935291473
100033819|F|0-67:C>G-67:C>G,100035750|F|0-64:T>C-64:T>C,1120795.0,14346419.0,0.04480031885667672
100033819|F|0-67:C>G-67:C>G,100021715|F|0-7:C>A-7:C>A,1120795.0,14348921.0,0.027117717731020372
100033819|F|0-67:C>G-67:C>G,100040569|F|0-37:C>T-37:C>T,1120795.0,14351912.0,0.021189926987028346
100033819|F|0-67:C>G-67:C>G,100015147|F|0-16:C>G-16:C>G,1120795.0,14409032.0,0.07724293220451169
100033819|F|0-67:C>G-67:C>G,100030246|F|0-11:C>A-11:C>A,1120795.0,14458674.0,0.1242581430966875
100033819|F|0-67:C>G-67:C>G,100035083|F|0-24:G>C-24:G>C,1120795.0,14490822.0,0.0002610099427753857
100033819|F|0-67:C>G-67:C>G,100013053|F|0-56:A>T-56:A>T,1120795.0,14502847.0,0.02997194350094993
100033819|F|0-67:C>G-67:C>G,100044112|F|0-18:T>G-18:T>G,1120795.0,14593733.0,0.007087833174789714
100033819|F|0-67:C>G-67:C>G,100041853|F|0-21:T>C-21:T>C,1120795.0,14595838.0,0.0006493970340851235
100033819|F|0-67:C>G-67:C>G,100033723|F|0-20:T>C-20:T>C,1120795.0,14595843.0,0.01114675311057362
100033819|F|0-67:C>G-67:C>G,100017564|F|0-8:A>T-8:A>T,1120795.0,14625545.0,0.03639920026376089
100033819|F|0-67:C>G-67:C>G,100057963|F|0-26:C>T-26:C>T,1120795.0,14656009.0,0.005388735008300232
100033819|F|0-67:C>G-67:C>G,100019295|F|0-19:G>T-19:G>T,1120795.0,14656014.0,0.002778605134515535
100033819|F|0-67:C>G-67:C>G,100035362|F|0-6:C>A-6:C>A,1120795.0,14658473.0,3.392093323606473e-05
100033819|F|0-67:C>G-67:C>G,100014679|F|0-16:C>A-16:C>A,1120795.0,14859822.0,0.019719447708578173
100033819|F|0-67:C>G-67:C>G,100021838|F|0-57:A>G-57:A>G,1120795.0,14928961.0,0.06999512128588213
100033819|F|0-67:C>G-67:C>G,100046294|F|0-6:C>G-6:C>G,1120795.0,15124860.0,0.058911190959390604
100033819|F|0-67:C>G-67:C>G,100045141|F|0-49:C>T-49:C>T,1120795.0,15225158.0,0.060749795291638646
100033819|F|0-67:C>G-67:C>G,100043254|F|0-7:C>G-7:C>G,1120795.0,15229542.0,0.07518235361554555
100033819|F|0-67:C>G-67:C>G,100013673|F|0-63:C>A-63:C>A,1120795.0,15256237.0,0.04195306471533551
100033819|F|0-67:C>G-67:C>G,100016806|F|0-26:T>A-26:T>A,1120795.0,15351778.0,0.0014734014166201041
100033819|F|0-67:C>G-67:C>G,100033542|F|0-31:T>C-31:T>C,1120795.0,15394673.0,0.03969051136649919
100033819|F|0-67:C>G-67:C>G,100029793|F|0-30:G>A-30:G>A,1120795.0,15400977.0,0.008953559399174664
100033819|F|0-67:C>G-67:C>G,100021703|F|0-41:T>C-41:T>C,1120795.0,15431799.0,0.049968147080174934
100033819|F|0-67:C>G-67:C>G,100017056|F|0-15:G>A-15:G>A,1120795.0,15535069.0,0.0020558228872442513
100033819|F|0-67:C>G-67:C>G,100021184|F|0-17:T>G-17:T>G,1120795.0,15536283.0,0.0020558228872442513
100033819|F|0-67:C>G-67:C>G,100044126|F|0-46:C>T-46:C>T,1120795.0,15556197.0,0.005148072403507192
100033819|F|0-67:C>G-67:C>G,100017834|F|0-8:C>T-8:C>T,1120795.0,15619447.0,0.005562376566428152
100033819|F|0-67:C>G-67:C>G,100020292|F|0-58:T>C-58:T>C,1120795.0,15819325.0,0.02586488815821327
100033819|F|0-67:C>G-67:C>G,100015600|F|0-30:C>A-30:C>A,1120795.0,15832699.0,0.022795445070724736
100033819|F|0-67:C>G-67:C>G,100049389|F|0-23:C>A-23:C>A,1120795.0,15838578.0,0.02278838649789868
100033819|F|0-67:C>G-67:C>G,100038568|F|0-15:C>T-15:C>T,1120795.0,15839422.0,0.022795445070724736
100033819|F|0-67:C>G-67:C>G,100018705|F|0-34:T>C-34:T>C,1120795.0,15915251.0,0.10278160062208395
100033819|F|0-67:C>G-67:C>G,100019856|F|0-16:C>T-16:C>T,1120795.0,15948596.0,0.05497129910642594
100033819|F|0-67:C>G-67:C>G,100034716|F|0-53:A>G-53:A>G,1120795.0,15958067.0,0.06278524555914897
100033819|F|0-67:C>G-67:C>G,100021071|F|0-60:A>G-60:A>G,1120795.0,15967627.0,0.06834594714230253
100033819|F|0-67:C>G-67:C>G,100020211|F|0-33:C>A-33:C>A,1120795.0,15977146.0,0.08503963166608981
100033819|F|0-67:C>G-67:C>G,100013484|F|0-22:G>A-22:G>A,1120795.0,16177456.0,0.017423659270663208
100033819|F|0-67:C>G-67:C>G,100021316|F|0-63:C>A-63:C>A,1120795.0,16179198.0,0.004586422354009649
100033819|F|0-67:C>G-67:C>G,100017187|F|0-41:T>C-41:T>C,1120795.0,16245982.0,0.0036721504112808482
100033819|F|0-67:C>G-67:C>G,100029840|F|0-31:T>C-31:T>C,1120795.0,16252498.0,0.0390206360468641
100033819|F|0-67:C>G-67:C>G,100013453|F|0-6:G>A-6:G>A,1120795.0,16307679.0,0.001035167504765459
100033819|F|0-67:C>G-67:C>G,100016783|F|0-52:G>T-52:G>T,1120795.0,16317524.0,0.0022172699078873387
100033819|F|0-67:C>G-67:C>G,100014400|F|0-16:A>T-16:A>T,1120795.0,16381041.0,0.009611873331697319
100033819|F|0-67:C>G-67:C>G,100016625|F|0-16:T>C-16:T>C,1120795.0,16411184.0,0.004529491529398544
100033819|F|0-67:C>G-67:C>G,100015226|F|0-25:T>A-25:T>A,1120795.0,16581877.0,0.003903947281095921
100033819|F|0-67:C>G-67:C>G,100017539|F|0-11:A>T-11:A>T,1120795.0,16662610.0,0.05869637753695738
100033819|F|0-67:C>G-67:C>G,100033601|F|0-15:C>A-15:C>A,1120795.0,16769146.0,0.019747199336627795
100033819|F|0-67:C>G-67:C>G,100039949|F|0-62:A>T-62:A>T,1120795.0,16793350.0,0.01661210900341336
100033819|F|0-67:C>G-67:C>G,100035334|F|0-35:T>C-35:T>C,1120795.0,16832622.0,0.026848518839521766
100033819|F|0-67:C>G-67:C>G,100021345|F|0-28:C>T-28:C>T,1120795.0,16899147.0,0.02507255662709186
100033819|F|0-67:C>G-67:C>G,100022139|F|0-65:T>C-65:T>C,1120795.0,16965771.0,0.045348791707859916
100033819|F|0-67:C>G-67:C>G,100044804|F|0-53:G>C-53:G>C,1120795.0,16968917.0,0.011992223347374212
100033819|F|0-67:C>G-67:C>G,100030290|F|0-11:A>C-11:A>C,1120795.0,16971407.0,0.045348791707859916
100033819|F|0-67:C>G-67:C>G,100017336|F|0-39:A>G-39:A>G,1120795.0,16987827.0,0.03163707574728809
100033819|F|0-67:C>G-67:C>G,100029568|F|0-9:T>G-9:T>G,1120795.0,16988131.0,0.02639665442510778
100033819|F|0-67:C>G-67:C>G,100034247|F|0-37:G>C-37:G>C,1120795.0,16999534.0,0.030930831641692896
100033819|F|0-67:C>G-67:C>G,100012983|F|0-45:A>T-45:A>T,1120795.0,17017248.0,0.03639920026376091
100033819|F|0-67:C>G-67:C>G,100020033|F|0-7:G>A-7:G>A,1120795.0,17020316.0,0.0009141494435612082
100033819|F|0-67:C>G-67:C>G,100018782|F|0-63:C>T-63:C>T,1120795.0,17424649.0,0.007152378248520316
100033819|F|0-67:C>G-67:C>G,100019630|F|0-24:A>T-24:A>T,1120795.0,17521232.0,0.018265003472338927
100033819|F|0-67:C>G-67:C>G,100021757|F|0-47:G>A-47:G>A,1120795.0,17521694.0,0.026422314465792743
100033819|F|0-67:C>G-67:C>G,100038944|F|0-45:C>T-45:C>T,1120795.0,17607936.0,0.0017145110189737214
100033819|F|0-67:C>G-67:C>G,100047378|F|0-35:C>T-35:C>T,1120795.0,17706505.0,0.002396113049733478
100033819|F|0-67:C>G-67:C>G,100029543|F|0-46:T>C-46:T>C,1120795.0,18278899.0,0.022078886315469188
100033819|F|0-67:C>G-67:C>G,100021798|F|0-27:T>C-27:T>C,1120795.0,18732658.0,5.632912481751664e-05
100033819|F|0-67:C>G-67:C>G,100017716|F|0-8:C>T-8:C>T,1120795.0,18851585.0,0.03995299647473568
100030268|F|0-10:A>C-10:A>C,100019590|F|0-61:C>T-61:C>T,1147351.0,1243112.0,0.11860953605289153
100030268|F|0-10:A>C-10:A>C,100013876|F|0-55:T>G-55:T>G,1147351.0,1391632.0,0.0982590502343358
100030268|F|0-10:A>C-10:A>C,100021300|F|0-36:C>T-36:C>T,1147351.0,1972983.0,0.000393315601354975
100030268|F|0-10:A>C-10:A>C,100036126|F|0-34:T>C-34:T>C,1147351.0,2614575.0,0.005564087880049972
100030268|F|0-10:A>C-10:A>C,100029213|F|0-12:G>A-12:G>A,1147351.0,2653811.0,0.0035432621237629905
100030268|F|0-10:A>C-10:A>C,100018381|F|0-53:C>A-53:C>A,1147351.0,3135391.0,0.03935373400956246
100030268|F|0-10:A>C-10:A>C,100041008|F|0-24:G>A-24:G>A,1147351.0,3236850.0,0.015148932343114069
100030268|F|0-10:A>C-10:A>C,100016689|F|0-47:G>T-47:G>T,1147351.0,3422286.0,9.558858672274464e-06
100030268|F|0-10:A>C-10:A>C,100029850|F|0-32:T>C-32:T>C,1147351.0,4297916.0,0.0015065718311085886
100030268|F|0-10:A>C-10:A>C,100041567|F|0-33:A>T-33:A>T,1147351.0,4297921.0,0.00010563231503781796
100030268|F|0-10:A>C-10:A>C,100016452|F|0-6:G>A-6:G>A,1147351.0,4298929.0,0.0006171574714317808
100030268|F|0-10:A>C-10:A>C,100013207|F|0-60:C>G-60:C>G,1147351.0,4298934.0,0.004141031708471378
100030268|F|0-10:A>C-10:A>C,100013419|F|0-62:G>T-62:G>T,1147351.0,4560526.0,0.00731568478489073
100030268|F|0-10:A>C-10:A>C,100017267|F|0-60:T>C-60:T>C,1147351.0,4794124.0,0.041866855216217067
100030268|F|0-10:A>C-10:A>C,100035378|F|0-22:G>A-22:G>A,1147351.0,4795005.0,0.013765673855890195
100030268|F|0-10:A>C-10:A>C,100034189|F|0-36:A>T-36:A>T,1147351.0,5191352.0,0.02204173377642767
100030268|F|0-10:A>C-10:A>C,100030017|F|0-30:G>A-30:G>A,1147351.0,5194871.0,0.03039226280527335
100030268|F|0-10:A>C-10:A>C,100019240|F|0-12:A>C-12:A>C,1147351.0,5221682.0,0.06396902552448298
100030268|F|0-10:A>C-10:A>C,100039010|F|0-12:C>T-12:C>T,1147351.0,5826827.0,0.00936514925041808
100030268|F|0-10:A>C-10:A>C,100034526|F|0-38:G>A-38:G>A,1147351.0,5829779.0,0.07217782968436673
100030268|F|0-10:A>C-10:A>C,100040746|F|0-42:G>A-42:G>A,1147351.0,5944865.0,0.0014241786287122048
100030268|F|0-10:A>C-10:A>C,100021961|F|0-53:A>T-53:A>T,1147351.0,6058253.0,0.021722823271028768
100030268|F|0-10:A>C-10:A>C,100014327|F|0-12:T>C-12:T>C,1147351.0,6588263.0,0.028200797897705413
100030268|F|0-10:A>C-10:A>C,100044383|F|0-11:A>T-11:A>T,1147351.0,6629814.0,0.0068412250104123344
100030268|F|0-10:A>C-10:A>C,100017856|F|0-8:G>C-8:G>C,1147351.0,6634620.0,0.007652606253844491
100030268|F|0-10:A>C-10:A>C,100058672|F|0-30:C>T-30:C>T,1147351.0,7170197.0,0.035613732254123544
100030268|F|0-10:A>C-10:A>C,100016006|F|0-20:G>A-20:G>A,1147351.0,7243813.0,0.016600926084719605
100030268|F|0-10:A>C-10:A>C,100014225|F|0-25:G>A-25:G>A,1147351.0,7752093.0,0.018637767692764005
100030268|F|0-10:A>C-10:A>C,100019858|F|0-55:G>C-55:G>C,1147351.0,7879011.0,0.06029803560305891
100030268|F|0-10:A>C-10:A>C,100020367|F|0-37:A>T-37:A>T,1147351.0,8687209.0,0.014492507966641815
100030268|F|0-10:A>C-10:A>C,100017575|F|0-33:C>A-33:C>A,1147351.0,8708407.0,0.0012777784498506
100030268|F|0-10:A>C-10:A>C,100021965|F|0-19:C>T-19:C>T,1147351.0,9286898.0,0.05662020905923355
100030268|F|0-10:A>C-10:A>C,100022176|F|0-8:G>A-8:G>A,1147351.0,9450266.0,0.04676870748299316
100030268|F|0-10:A>C-10:A>C,100033258|F|0-23:G>A-23:G>A,1147351.0,9597839.0,0.031416650617292145
100030268|F|0-10:A>C-10:A>C,100016832|F|0-65:T>A-65:T>A,1147351.0,9956473.0,0.00411099691675232
100030268|F|0-10:A>C-10:A>C,100015585|F|0-38:T>C-38:T>C,1147351.0,10530371.0,0.0009693262105807337
100030268|F|0-10:A>C-10:A>C,100032761|F|0-35:G>T-35:G>T,1147351.0,11013852.0,0.0026644235596698846
100030268|F|0-10:A>C-10:A>C,100018106|F|0-5:T>C-5:T>C,1147351.0,11160342.0,0.022597621725855752
100030268|F|0-10:A>C-10:A>C,100029056|F|0-22:A>T-22:A>T,1147351.0,11582180.0,0.0025670645616737266
100030268|F|0-10:A>C-10:A>C,100019200|F|0-60:C>T-60:C>T,1147351.0,11806800.0,0.012147716229348862
100030268|F|0-10:A>C-10:A>C,100017507|F|0-36:T>C-36:T>C,1147351.0,12067176.0,0.00994177696362998
100030268|F|0-10:A>C-10:A>C,100015126|F|0-46:T>G-46:T>G,1147351.0,12238563.0,0.030918133174095835
100030268|F|0-10:A>C-10:A>C,100035996|F|0-47:A>G-47:A>G,1147351.0,12678333.0,0.0015424603948992082
100030268|F|0-10:A>C-10:A>C,100041089|F|0-45:A>G-45:A>G,1147351.0,12678338.0,0.0015424603948992082
100030268|F|0-10:A>C-10:A>C,100015053|F|0-21:C>T-21:C>T,1147351.0,12815706.0,0.02133692197034734
100030268|F|0-10:A>C-10:A>C,100016297|F|0-36:A>G-36:A>G,1147351.0,12845233.0,0.0006294725682480791
100030268|F|0-10:A>C-10:A>C,100016238|F|0-41:C>A-41:C>A,1147351.0,12849798.0,0.005246426823122037
100030268|F|0-10:A>C-10:A>C,100016677|F|0-45:G>A-45:G>A,1147351.0,13416059.0,0.0360649895047876
100030268|F|0-10:A>C-10:A>C,100035421|F|0-6:T>A-6:T>A,1147351.0,13420106.0,0.07051561419855129
100030268|F|0-10:A>C-10:A>C,100015018|F|0-5:T>A-5:T>A,1147351.0,13421247.0,0.05278349316213845
100030268|F|0-10:A>C-10:A>C,100020103|F|0-18:T>C-18:T>C,1147351.0,13646039.0,0.001095005406589197
100030268|F|0-10:A>C-10:A>C,100014062|F|0-62:G>A-62:G>A,1147351.0,13646044.0,0.0022032486463973377
100030268|F|0-10:A>C-10:A>C,100039121|F|0-17:A>G-17:A>G,1147351.0,13667695.0,0.0002351170883099783
100030268|F|0-10:A>C-10:A>C,100018973|F|0-53:T>G-53:T>G,1147351.0,13667871.0,6.663890045814297e-05
100030268|F|0-10:A>C-10:A>C,100022289|F|0-10:A>G-10:A>G,1147351.0,13667876.0,3.597546760912867e-06
100030268|F|0-10:A>C-10:A>C,100015169|F|0-21:A>G-21:A>G,1147351.0,13718785.0,0.016063859325753622
100030268|F|0-10:A>C-10:A>C,100020673|F|0-43:T>A-43:T>A,1147351.0,13731316.0,0.025441830444319153
100030268|F|0-10:A>C-10:A>C,100015679|F|0-19:G>A-19:G>A,1147351.0,14080553.0,0.05287009063444103
100030268|F|0-10:A>C-10:A>C,100016059|F|0-15:A>T-15:A>T,1147351.0,14090473.0,0.017443121009705843
100030268|F|0-10:A>C-10:A>C,100019698|F|0-15:C>A-15:C>A,1147351.0,14160112.0,0.003460051757460602
100030268|F|0-10:A>C-10:A>C,100036115|F|0-39:C>T-39:C>T,1147351.0,14240591.0,0.011511737209219977
100030268|F|0-10:A>C-10:A>C,100035750|F|0-64:T>C-64:T>C,1147351.0,14346419.0,0.0413542373896719
100030268|F|0-10:A>C-10:A>C,100021715|F|0-7:C>A-7:C>A,1147351.0,14348921.0,0.03333536310965689
100030268|F|0-10:A>C-10:A>C,100040569|F|0-37:C>T-37:C>T,1147351.0,14351912.0,0.010804397344727792
100030268|F|0-10:A>C-10:A>C,100015147|F|0-16:C>G-16:C>G,1147351.0,14409032.0,0.07478453191456677
100030268|F|0-10:A>C-10:A>C,100030246|F|0-11:C>A-11:C>A,1147351.0,14458674.0,0.11726020482613031
100030268|F|0-10:A>C-10:A>C,100035083|F|0-24:G>C-24:G>C,1147351.0,14490822.0,0.0011063520689916769
100030268|F|0-10:A>C-10:A>C,100013053|F|0-56:A>T-56:A>T,1147351.0,14502847.0,0.03659858344325789
100030268|F|0-10:A>C-10:A>C,100044112|F|0-18:T>G-18:T>G,1147351.0,14593733.0,0.008902540608079962
100030268|F|0-10:A>C-10:A>C,100041853|F|0-21:T>C-21:T>C,1147351.0,14595838.0,0.0012844889508598465
100030268|F|0-10:A>C-10:A>C,100033723|F|0-20:T>C-20:T>C,1147351.0,14595843.0,0.013436798621880889
100030268|F|0-10:A>C-10:A>C,100017564|F|0-8:A>T-8:A>T,1147351.0,14625545.0,0.03878180254630112
100030268|F|0-10:A>C-10:A>C,100057963|F|0-26:C>T-26:C>T,1147351.0,14656009.0,0.009070294784580485
100030268|F|0-10:A>C-10:A>C,100019295|F|0-19:G>T-19:G>T,1147351.0,14656014.0,0.005946874587022599
100030268|F|0-10:A>C-10:A>C,100035362|F|0-6:C>A-6:C>A,1147351.0,14658473.0,0.0006649640815495352
100030268|F|0-10:A>C-10:A>C,100014679|F|0-16:C>A-16:C>A,1147351.0,14859822.0,0.02052896178423491
100030268|F|0-10:A>C-10:A>C,100021838|F|0-57:A>G-57:A>G,1147351.0,14928961.0,0.07480607038733865
100030268|F|0-10:A>C-10:A>C,100046294|F|0-6:C>G-6:C>G,1147351.0,15124860.0,0.048257626208658075
100030268|F|0-10:A>C-10:A>C,100045141|F|0-49:C>T-49:C>T,1147351.0,15225158.0,0.055501930501930447
100030268|F|0-10:A>C-10:A>C,100043254|F|0-7:C>G-7:C>G,1147351.0,15229542.0,0.0683975680864681
100030268|F|0-10:A>C-10:A>C,100013673|F|0-63:C>A-63:C>A,1147351.0,15256237.0,0.036922235390646305
100030268|F|0-10:A>C-10:A>C,100016806|F|0-26:T>A-26:T>A,1147351.0,15351778.0,0.00013986709517800508
100030268|F|0-10:A>C-10:A>C,100033542|F|0-31:T>C-31:T>C,1147351.0,15394673.0,0.04174076269511947
100030268|F|0-10:A>C-10:A>C,100029793|F|0-30:G>A-30:G>A,1147351.0,15400977.0,0.010317992267283888
100030268|F|0-10:A>C-10:A>C,100021703|F|0-41:T>C-41:T>C,1147351.0,15431799.0,0.04342224139632158
100030268|F|0-10:A>C-10:A>C,100017056|F|0-15:G>A-15:G>A,1147351.0,15535069.0,0.0027692946760309667
100030268|F|0-10:A>C-10:A>C,100021184|F|0-17:T>G-17:T>G,1147351.0,15536283.0,0.0027692946760309667
100030268|F|0-10:A>C-10:A>C,100044126|F|0-46:C>T-46:C>T,1147351.0,15556197.0,0.00438018614039022
100030268|F|0-10:A>C-10:A>C,100017834|F|0-8:C>T-8:C>T,1147351.0,15619447.0,0.0012183704615700318
100030268|F|0-10:A>C-10:A>C,100020292|F|0-58:T>C-58:T>C,1147351.0,15819325.0,0.022586387561955207
100030268|F|0-10:A>C-10:A>C,100015600|F|0-30:C>A-30:C>A,1147351.0,15832699.0,0.019665690816931335
100030268|F|0-10:A>C-10:A>C,100049389|F|0-23:C>A-23:C>A,1147351.0,15838578.0,0.019763682612050956
100030268|F|0-10:A>C-10:A>C,100038568|F|0-15:C>T-15:C>T,1147351.0,15839422.0,0.019665690816931335
100030268|F|0-10:A>C-10:A>C,100018705|F|0-34:T>C-34:T>C,1147351.0,15915251.0,0.09735685992612571
100030268|F|0-10:A>C-10:A>C,100019856|F|0-16:C>T-16:C>T,1147351.0,15948596.0,0.05781089414182929
100030268|F|0-10:A>C-10:A>C,100034716|F|0-53:A>G-53:A>G,1147351.0,15958067.0,0.057687685281627994
100030268|F|0-10:A>C-10:A>C,100021071|F|0-60:A>G-60:A>G,1147351.0,15967627.0,0.06312621202327089
100030268|F|0-10:A>C-10:A>C,100020211|F|0-33:C>A-33:C>A,1147351.0,15977146.0,0.08049115518627722
100030268|F|0-10:A>C-10:A>C,100013484|F|0-22:G>A-22:G>A,1147351.0,16177456.0,0.01237468188053263
100030268|F|0-10:A>C-10:A>C,100021316|F|0-63:C>A-63:C>A,1147351.0,16179198.0,0.0024103142387620676
100030268|F|0-10:A>C-10:A>C,100017187|F|0-41:T>C-41:T>C,1147351.0,16245982.0,0.002049927113702626
100030268|F|0-10:A>C-10:A>C,100029840|F|0-31:T>C-31:T>C,1147351.0,16252498.0,0.03393679000099521
100030268|F|0-10:A>C-10:A>C,100013453|F|0-6:G>A-6:G>A,1147351.0,16307679.0,0.0007454769257424619
100030268|F|0-10:A>C-10:A>C,100016783|F|0-52:G>T-52:G>T,1147351.0,16317524.0,0.0017564966620813235
100030268|F|0-10:A>C-10:A>C,100014400|F|0-16:A>T-16:A>T,1147351.0,16381041.0,0.013842162463193206
100030268|F|0-10:A>C-10:A>C,100016625|F|0-16:T>C-16:T>C,1147351.0,16411184.0,0.007574356491400159
100030268|F|0-10:A>C-10:A>C,100015226|F|0-25:T>A-25:T>A,1147351.0,16581877.0,0.002179324506261926
100030268|F|0-10:A>C-10:A>C,100017539|F|0-11:A>T-11:A>T,1147351.0,16662610.0,0.04011317300918858
100030268|F|0-10:A>C-10:A>C,100033601|F|0-15:C>A-15:C>A,1147351.0,16769146.0,0.019524455279805588
100030268|F|0-10:A>C-10:A>C,100039949|F|0-62:A>T-62:A>T,1147351.0,16793350.0,0.01648618631125921
100030268|F|0-10:A>C-10:A>C,100035334|F|0-35:T>C-35:T>C,1147351.0,16832622.0,0.02563645081793544
100030268|F|0-10:A>C-10:A>C,100021345|F|0-28:C>T-28:C>T,1147351.0,16899147.0,0.024716064586754134
100030268|F|0-10:A>C-10:A>C,100022139|F|0-65:T>C-65:T>C,1147351.0,16965771.0,0.04511847414214053
100030268|F|0-10:A>C-10:A>C,100044804|F|0-53:G>C-53:G>C,1147351.0,16968917.0,0.009673397145516767
100030268|F|0-10:A>C-10:A>C,100030290|F|0-11:A>C-11:A>C,1147351.0,16971407.0,0.04511847414214053
100030268|F|0-10:A>C-10:A>C,100017336|F|0-39:A>G-39:A>G,1147351.0,16987827.0,0.02725956214328308
100030268|F|0-10:A>C-10:A>C,100029568|F|0-9:T>G-9:T>G,1147351.0,16988131.0,0.02660428565131699
100030268|F|0-10:A>C-10:A>C,100034247|F|0-37:G>C-37:G>C,1147351.0,16999534.0,0.031045190120227013
100030268|F|0-10:A>C-10:A>C,100012983|F|0-45:A>T-45:A>T,1147351.0,17017248.0,0.023538603519516692
100030268|F|0-10:A>C-10:A>C,100020033|F|0-7:G>A-7:G>A,1147351.0,17020316.0,0.0008300463042359766
100030268|F|0-10:A>C-10:A>C,100018782|F|0-63:C>T-63:C>T,1147351.0,17424649.0,0.00309549605324253
100030268|F|0-10:A>C-10:A>C,100019630|F|0-24:A>T-24:A>T,1147351.0,17521232.0,0.015280392654409777
100030268|F|0-10:A>C-10:A>C,100021757|F|0-47:G>A-47:G>A,1147351.0,17521694.0,0.02248116315171708
100030268|F|0-10:A>C-10:A>C,100038944|F|0-45:C>T-45:C>T,1147351.0,17607936.0,0.005897339120588785
100030268|F|0-10:A>C-10:A>C,100047378|F|0-35:C>T-35:C>T,1147351.0,17706505.0,0.0005854460197984679
100030268|F|0-10:A>C-10:A>C,100029543|F|0-46:T>C-46:T>C,1147351.0,18278899.0,0.01796940077051227
100030268|F|0-10:A>C-10:A>C,100021798|F|0-27:T>C-27:T>C,1147351.0,18732658.0,0.0005459193378702063
100030268|F|0-10:A>C-10:A>C,100017716|F|0-8:C>T-8:C>T,1147351.0,18851585.0,0.022303206997084532
100019590|F|0-61:C>T-61:C>T,100013876|F|0-55:T>G-55:T>G,1243112.0,1391632.0,0.10367755062727238
100019590|F|0-61:C>T-61:C>T,100021300|F|0-36:C>T-36:C>T,1243112.0,1972983.0,0.025582805521991058
100019590|F|0-61:C>T-61:C>T,100036126|F|0-34:T>C-34:T>C,1243112.0,2614575.0,0.013914276340457445
100019590|F|0-61:C>T-61:C>T,100029213|F|0-12:G>A-12:G>A,1243112.0,2653811.0,0.0031898659014454184
100019590|F|0-61:C>T-61:C>T,100018381|F|0-53:C>A-53:C>A,1243112.0,3135391.0,0.008022639311842595
100019590|F|0-61:C>T-61:C>T,100041008|F|0-24:G>A-24:G>A,1243112.0,3236850.0,4.9096854743509815e-05
100019590|F|0-61:C>T-61:C>T,100016689|F|0-47:G>T-47:G>T,1243112.0,3422286.0,0.006507895529452266
100019590|F|0-61:C>T-61:C>T,100029850|F|0-32:T>C-32:T>C,1243112.0,4297916.0,0.025591080989724832
100019590|F|0-61:C>T-61:C>T,100041567|F|0-33:A>T-33:A>T,1243112.0,4297921.0,0.04921854197573125
100019590|F|0-61:C>T-61:C>T,100016452|F|0-6:G>A-6:G>A,1243112.0,4298929.0,0.061255308793428706
100019590|F|0-61:C>T-61:C>T,100013207|F|0-60:C>G-60:C>G,1243112.0,4298934.0,0.06273034197748478
100019590|F|0-61:C>T-61:C>T,100013419|F|0-62:G>T-62:G>T,1243112.0,4560526.0,0.028938128279622045
100019590|F|0-61:C>T-61:C>T,100017267|F|0-60:T>C-60:T>C,1243112.0,4794124.0,0.011959287992820526
100019590|F|0-61:C>T-61:C>T,100035378|F|0-22:G>A-22:G>A,1243112.0,4795005.0,0.0002644072209142678
100019590|F|0-61:C>T-61:C>T,100034189|F|0-36:A>T-36:A>T,1243112.0,5191352.0,0.01256355193363068
100019590|F|0-61:C>T-61:C>T,100030017|F|0-30:G>A-30:G>A,1243112.0,5194871.0,0.01835483499509614
100019590|F|0-61:C>T-61:C>T,100019240|F|0-12:A>C-12:A>C,1243112.0,5221682.0,0.12926672527622082
100019590|F|0-61:C>T-61:C>T,100039010|F|0-12:C>T-12:C>T,1243112.0,5826827.0,0.008431092369798983
100019590|F|0-61:C>T-61:C>T,100034526|F|0-38:G>A-38:G>A,1243112.0,5829779.0,0.0003478946574977107
100019590|F|0-61:C>T-61:C>T,100040746|F|0-42:G>A-42:G>A,1243112.0,5944865.0,0.029540380400778145
100019590|F|0-61:C>T-61:C>T,100021961|F|0-53:A>T-53:A>T,1243112.0,6058253.0,0.004178937181923887
100019590|F|0-61:C>T-61:C>T,100014327|F|0-12:T>C-12:T>C,1243112.0,6588263.0,0.003804255217971946
100019590|F|0-61:C>T-61:C>T,100044383|F|0-11:A>T-11:A>T,1243112.0,6629814.0,0.0007323303337082883
100019590|F|0-61:C>T-61:C>T,100017856|F|0-8:G>C-8:G>C,1243112.0,6634620.0,2.0479649781604504e-06
100019590|F|0-61:C>T-61:C>T,100058672|F|0-30:C>T-30:C>T,1243112.0,7170197.0,0.0011431522339531127
100019590|F|0-61:C>T-61:C>T,100016006|F|0-20:G>A-20:G>A,1243112.0,7243813.0,0.03782615408368071
100019590|F|0-61:C>T-61:C>T,100014225|F|0-25:G>A-25:G>A,1243112.0,7752093.0,0.0008060412793890237
100019590|F|0-61:C>T-61:C>T,100019858|F|0-55:G>C-55:G>C,1243112.0,7879011.0,0.008958990090332039
100019590|F|0-61:C>T-61:C>T,100020367|F|0-37:A>T-37:A>T,1243112.0,8687209.0,0.005798693767930194
100019590|F|0-61:C>T-61:C>T,100017575|F|0-33:C>A-33:C>A,1243112.0,8708407.0,0.01770428333387786
100019590|F|0-61:C>T-61:C>T,100021965|F|0-19:C>T-19:C>T,1243112.0,9286898.0,0.01729058023469396
100019590|F|0-61:C>T-61:C>T,100022176|F|0-8:G>A-8:G>A,1243112.0,9450266.0,0.02388905932213018
100019590|F|0-61:C>T-61:C>T,100033258|F|0-23:G>A-23:G>A,1243112.0,9597839.0,0.041985782528892415
100019590|F|0-61:C>T-61:C>T,100016832|F|0-65:T>A-65:T>A,1243112.0,9956473.0,0.0037009762268925047
100019590|F|0-61:C>T-61:C>T,100015585|F|0-38:T>C-38:T>C,1243112.0,10530371.0,0.005985850833784496
100019590|F|0-61:C>T-61:C>T,100032761|F|0-35:G>T-35:G>T,1243112.0,11013852.0,0.04759695823520545
100019590|F|0-61:C>T-61:C>T,100018106|F|0-5:T>C-5:T>C,1243112.0,11160342.0,0.028372437697256295
100019590|F|0-61:C>T-61:C>T,100029056|F|0-22:A>T-22:A>T,1243112.0,11582180.0,0.00029477447394547437
100019590|F|0-61:C>T-61:C>T,100019200|F|0-60:C>T-60:C>T,1243112.0,11806800.0,0.00038447342519685025
100019590|F|0-61:C>T-61:C>T,100017507|F|0-36:T>C-36:T>C,1243112.0,12067176.0,0.004647372618245712
100019590|F|0-61:C>T-61:C>T,100015126|F|0-46:T>G-46:T>G,1243112.0,12238563.0,0.013940275537846908
100019590|F|0-61:C>T-61:C>T,100035996|F|0-47:A>G-47:A>G,1243112.0,12678333.0,0.007412023295779543
100019590|F|0-61:C>T-61:C>T,100041089|F|0-45:A>G-45:A>G,1243112.0,12678338.0,0.007412023295779543
100019590|F|0-61:C>T-61:C>T,100015053|F|0-21:C>T-21:C>T,1243112.0,12815706.0,0.004991128890275759
100019590|F|0-61:C>T-61:C>T,100016297|F|0-36:A>G-36:A>G,1243112.0,12845233.0,1.2037062152420224e-35
100019590|F|0-61:C>T-61:C>T,100016238|F|0-41:C>A-41:C>A,1243112.0,12849798.0,0.000598366581348548
100019590|F|0-61:C>T-61:C>T,100016677|F|0-45:G>A-45:G>A,1243112.0,13416059.0,3.730876923966599e-05
100019590|F|0-61:C>T-61:C>T,100035421|F|0-6:T>A-6:T>A,1243112.0,13420106.0,5.411694672186649e-05
100019590|F|0-61:C>T-61:C>T,100015018|F|0-5:T>A-5:T>A,1243112.0,13421247.0,0.0008836177273352032
100019590|F|0-61:C>T-61:C>T,100020103|F|0-18:T>C-18:T>C,1243112.0,13646039.0,0.020520652348033956
100019590|F|0-61:C>T-61:C>T,100014062|F|0-62:G>A-62:G>A,1243112.0,13646044.0,0.02399700037495316
100019590|F|0-61:C>T-61:C>T,100039121|F|0-17:A>G-17:A>G,1243112.0,13667695.0,0.025032940690881356
100019590|F|0-61:C>T-61:C>T,100018973|F|0-53:T>G-53:T>G,1243112.0,13667871.0,0.02399700037495316
100019590|F|0-61:C>T-61:C>T,100022289|F|0-10:A>G-10:A>G,1243112.0,13667876.0,0.018217891815842876
100019590|F|0-61:C>T-61:C>T,100015169|F|0-21:A>G-21:A>G,1243112.0,13718785.0,0.0019212359093411238
100019590|F|0-61:C>T-61:C>T,100020673|F|0-43:T>A-43:T>A,1243112.0,13731316.0,0.017290580234693945
100019590|F|0-61:C>T-61:C>T,100015679|F|0-19:G>A-19:G>A,1243112.0,14080553.0,0.030930093330478674
100019590|F|0-61:C>T-61:C>T,100016059|F|0-15:A>T-15:A>T,1243112.0,14090473.0,0.044898709259443885
100019590|F|0-61:C>T-61:C>T,100019698|F|0-15:C>A-15:C>A,1243112.0,14160112.0,0.0008191859912642038
100019590|F|0-61:C>T-61:C>T,100036115|F|0-39:C>T-39:C>T,1243112.0,14240591.0,0.004067808634370382
100019590|F|0-61:C>T-61:C>T,100035750|F|0-64:T>C-64:T>C,1243112.0,14346419.0,0.07341441052745125
100019590|F|0-61:C>T-61:C>T,100021715|F|0-7:C>A-7:C>A,1243112.0,14348921.0,0.06097214478348133
100019590|F|0-61:C>T-61:C>T,100040569|F|0-37:C>T-37:C>T,1243112.0,14351912.0,0.009726793410082995
100019590|F|0-61:C>T-61:C>T,100015147|F|0-16:C>G-16:C>G,1243112.0,14409032.0,0.02952489927409253
100019590|F|0-61:C>T-61:C>T,100030246|F|0-11:C>A-11:C>A,1243112.0,14458674.0,0.05131548610049881
100019590|F|0-61:C>T-61:C>T,100035083|F|0-24:G>C-24:G>C,1243112.0,14490822.0,0.026532555074143847
100019590|F|0-61:C>T-61:C>T,100013053|F|0-56:A>T-56:A>T,1243112.0,14502847.0,0.024145847042894852
100019590|F|0-61:C>T-61:C>T,100044112|F|0-18:T>G-18:T>G,1243112.0,14593733.0,0.011972461775611414
100019590|F|0-61:C>T-61:C>T,100041853|F|0-21:T>C-21:T>C,1243112.0,14595838.0,0.004434786835220485
100019590|F|0-61:C>T-61:C>T,100033723|F|0-20:T>C-20:T>C,1243112.0,14595843.0,0.0020547344303562484
100019590|F|0-61:C>T-61:C>T,100017564|F|0-8:A>T-8:A>T,1243112.0,14625545.0,0.010427878169905013
100019590|F|0-61:C>T-61:C>T,100057963|F|0-26:C>T-26:C>T,1243112.0,14656009.0,0.01464660667416572
100019590|F|0-61:C>T-61:C>T,100019295|F|0-19:G>T-19:G>T,1243112.0,14656014.0,0.005353747987792005
100019590|F|0-61:C>T-61:C>T,100035362|F|0-6:C>A-6:C>A,1243112.0,14658473.0,0.006818908862336616
100019590|F|0-61:C>T-61:C>T,100014679|F|0-16:C>A-16:C>A,1243112.0,14859822.0,0.0003436633968239974
100019590|F|0-61:C>T-61:C>T,100021838|F|0-57:A>G-57:A>G,1243112.0,14928961.0,0.0450822553430821
100019590|F|0-61:C>T-61:C>T,100046294|F|0-6:C>G-6:C>G,1243112.0,15124860.0,0.00505062079367373
100019590|F|0-61:C>T-61:C>T,100045141|F|0-49:C>T-49:C>T,1243112.0,15225158.0,0.02084933272882608
100019590|F|0-61:C>T-61:C>T,100043254|F|0-7:C>G-7:C>G,1243112.0,15229542.0,0.03724953588118562
100019590|F|0-61:C>T-61:C>T,100013673|F|0-63:C>A-63:C>A,1243112.0,15256237.0,0.00996814214432514
100019590|F|0-61:C>T-61:C>T,100016806|F|0-26:T>A-26:T>A,1243112.0,15351778.0,0.006771541616999371
100019590|F|0-61:C>T-61:C>T,100033542|F|0-31:T>C-31:T>C,1243112.0,15394673.0,0.001021008266082923
100019590|F|0-61:C>T-61:C>T,100029793|F|0-30:G>A-30:G>A,1243112.0,15400977.0,0.009288901175008843
100019590|F|0-61:C>T-61:C>T,100021703|F|0-41:T>C-41:T>C,1243112.0,15431799.0,0.007323653222842846
100019590|F|0-61:C>T-61:C>T,100017056|F|0-15:G>A-15:G>A,1243112.0,15535069.0,0.00800299863572462
100019590|F|0-61:C>T-61:C>T,100021184|F|0-17:T>G-17:T>G,1243112.0,15536283.0,0.00800299863572462
100019590|F|0-61:C>T-61:C>T,100044126|F|0-46:C>T-46:C>T,1243112.0,15556197.0,0.0010662729658792636
100019590|F|0-61:C>T-61:C>T,100017834|F|0-8:C>T-8:C>T,1243112.0,15619447.0,0.006020604817341551
100019590|F|0-61:C>T-61:C>T,100020292|F|0-58:T>C-58:T>C,1243112.0,15819325.0,0.008627393797997509
100019590|F|0-61:C>T-61:C>T,100015600|F|0-30:C>A-30:C>A,1243112.0,15832699.0,0.006970083096459427
100019590|F|0-61:C>T-61:C>T,100049389|F|0-23:C>A-23:C>A,1243112.0,15838578.0,0.006961276386756738
100019590|F|0-61:C>T-61:C>T,100038568|F|0-15:C>T-15:C>T,1243112.0,15839422.0,0.006970083096459427
100019590|F|0-61:C>T-61:C>T,100018705|F|0-34:T>C-34:T>C,1243112.0,15915251.0,0.015403066975262853
100019590|F|0-61:C>T-61:C>T,100019856|F|0-16:C>T-16:C>T,1243112.0,15948596.0,0.010876338299439176
100019590|F|0-61:C>T-61:C>T,100034716|F|0-53:A>G-53:A>G,1243112.0,15958067.0,0.005365636081804979
100019590|F|0-61:C>T-61:C>T,100021071|F|0-60:A>G-60:A>G,1243112.0,15967627.0,0.006904980344651479
100019590|F|0-61:C>T-61:C>T,100020211|F|0-33:C>A-33:C>A,1243112.0,15977146.0,0.0011218256489045745
100019590|F|0-61:C>T-61:C>T,100013484|F|0-22:G>A-22:G>A,1243112.0,16177456.0,0.1405748071203659
100019590|F|0-61:C>T-61:C>T,100021316|F|0-63:C>A-63:C>A,1243112.0,16179198.0,0.130059448006026
100019590|F|0-61:C>T-61:C>T,100017187|F|0-41:T>C-41:T>C,1243112.0,16245982.0,0.06792158792650925
100019590|F|0-61:C>T-61:C>T,100029840|F|0-31:T>C-31:T>C,1243112.0,16252498.0,0.05120276655401282
100019590|F|0-61:C>T-61:C>T,100013453|F|0-6:G>A-6:G>A,1243112.0,16307679.0,0.0031716677523785965
100019590|F|0-61:C>T-61:C>T,100016783|F|0-52:G>T-52:G>T,1243112.0,16317524.0,0.001980993901955009
100019590|F|0-61:C>T-61:C>T,100014400|F|0-16:A>T-16:A>T,1243112.0,16381041.0,0.0011318079181656115
100019590|F|0-61:C>T-61:C>T,100016625|F|0-16:T>C-16:T>C,1243112.0,16411184.0,0.0011318079181656135
100019590|F|0-61:C>T-61:C>T,100015226|F|0-25:T>A-25:T>A,1243112.0,16581877.0,0.01650011771784342
100019590|F|0-61:C>T-61:C>T,100017539|F|0-11:A>T-11:A>T,1243112.0,16662610.0,0.002800575853944187
100019590|F|0-61:C>T-61:C>T,100033601|F|0-15:C>A-15:C>A,1243112.0,16769146.0,0.01757713428076996
100019590|F|0-61:C>T-61:C>T,100039949|F|0-62:A>T-62:A>T,1243112.0,16793350.0,0.021372328458942633
100019590|F|0-61:C>T-61:C>T,100035334|F|0-35:T>C-35:T>C,1243112.0,16832622.0,0.03892652127406093
100019590|F|0-61:C>T-61:C>T,100021345|F|0-28:C>T-28:C>T,1243112.0,16899147.0,0.015712834746231443
100019590|F|0-61:C>T-61:C>T,100022139|F|0-65:T>C-65:T>C,1243112.0,16965771.0,0.01106841627656482
100019590|F|0-61:C>T-61:C>T,100044804|F|0-53:G>C-53:G>C,1243112.0,16968917.0,0.0004718019293455002
100019590|F|0-61:C>T-61:C>T,100030290|F|0-11:A>C-11:A>C,1243112.0,16971407.0,0.01106841627656482
100019590|F|0-61:C>T-61:C>T,100017336|F|0-39:A>G-39:A>G,1243112.0,16987827.0,0.0005653922061173512
100019590|F|0-61:C>T-61:C>T,100029568|F|0-9:T>G-9:T>G,1243112.0,16988131.0,0.007552309201090697
100019590|F|0-61:C>T-61:C>T,100034247|F|0-37:G>C-37:G>C,1243112.0,16999534.0,0.006037743380936707
100019590|F|0-61:C>T-61:C>T,100012983|F|0-45:A>T-45:A>T,1243112.0,17017248.0,0.00047206329424649224
100019590|F|0-61:C>T-61:C>T,100020033|F|0-7:G>A-7:G>A,1243112.0,17020316.0,0.002595337347537433
100019590|F|0-61:C>T-61:C>T,100018782|F|0-63:C>T-63:C>T,1243112.0,17424649.0,0.0003554539431216831
100019590|F|0-61:C>T-61:C>T,100019630|F|0-24:A>T-24:A>T,1243112.0,17521232.0,0.020775324569516994
100019590|F|0-61:C>T-61:C>T,100021757|F|0-47:G>A-47:G>A,1243112.0,17521694.0,0.029144084262194545
100019590|F|0-61:C>T-61:C>T,100038944|F|0-45:C>T-45:C>T,1243112.0,17607936.0,0.012637951299680662
100019590|F|0-61:C>T-61:C>T,100047378|F|0-35:C>T-35:C>T,1243112.0,17706505.0,0.008111658333582832
100019590|F|0-61:C>T-61:C>T,100029543|F|0-46:T>C-46:T>C,1243112.0,18278899.0,0.006158898106486687
100019590|F|0-61:C>T-61:C>T,100021798|F|0-27:T>C-27:T>C,1243112.0,18732658.0,0.01808830570612764
100019590|F|0-61:C>T-61:C>T,100017716|F|0-8:C>T-8:C>T,1243112.0,18851585.0,0.007904894241161033
100013876|F|0-55:T>G-55:T>G,100021300|F|0-36:C>T-36:C>T,1391632.0,1972983.0,0.00920718783359377
100013876|F|0-55:T>G-55:T>G,100036126|F|0-34:T>C-34:T>C,1391632.0,2614575.0,0.001059187054026505
100013876|F|0-55:T>G-55:T>G,100029213|F|0-12:G>A-12:G>A,1391632.0,2653811.0,0.026778655816140483
100013876|F|0-55:T>G-55:T>G,100018381|F|0-53:C>A-53:C>A,1391632.0,3135391.0,0.11299670629479384
100013876|F|0-55:T>G-55:T>G,100041008|F|0-24:G>A-24:G>A,1391632.0,3236850.0,0.008369151018618043
100013876|F|0-55:T>G-55:T>G,100016689|F|0-47:G>T-47:G>T,1391632.0,3422286.0,0.00631882822813789
100013876|F|0-55:T>G-55:T>G,100029850|F|0-32:T>C-32:T>C,1391632.0,4297916.0,0.038578983734969395
100013876|F|0-55:T>G-55:T>G,100041567|F|0-33:A>T-33:A>T,1391632.0,4297921.0,0.041989431905479484
100013876|F|0-55:T>G-55:T>G,100016452|F|0-6:G>A-6:G>A,1391632.0,4298929.0,0.05117749518583828
100013876|F|0-55:T>G-55:T>G,100013207|F|0-60:C>G-60:C>G,1391632.0,4298934.0,0.05419487054798383
100013876|F|0-55:T>G-55:T>G,100013419|F|0-62:G>T-62:G>T,1391632.0,4560526.0,0.0054942383383772
100013876|F|0-55:T>G-55:T>G,100017267|F|0-60:T>C-60:T>C,1391632.0,4794124.0,0.13690773570363401
100013876|F|0-55:T>G-55:T>G,100035378|F|0-22:G>A-22:G>A,1391632.0,4795005.0,0.05611634163070677
100013876|F|0-55:T>G-55:T>G,100034189|F|0-36:A>T-36:A>T,1391632.0,5191352.0,0.019266856996214776
100013876|F|0-55:T>G-55:T>G,100030017|F|0-30:G>A-30:G>A,1391632.0,5194871.0,0.016281454288053963
100013876|F|0-55:T>G-55:T>G,100019240|F|0-12:A>C-12:A>C,1391632.0,5221682.0,0.01647805581043509
100013876|F|0-55:T>G-55:T>G,100039010|F|0-12:C>T-12:C>T,1391632.0,5826827.0,0.011184750099608308
100013876|F|0-55:T>G-55:T>G,100034526|F|0-38:G>A-38:G>A,1391632.0,5829779.0,0.013763813637312161
100013876|F|0-55:T>G-55:T>G,100040746|F|0-42:G>A-42:G>A,1391632.0,5944865.0,0.003973897451491529
100013876|F|0-55:T>G-55:T>G,100021961|F|0-53:A>T-53:A>T,1391632.0,6058253.0,0.0012319616479692442
100013876|F|0-55:T>G-55:T>G,100014327|F|0-12:T>C-12:T>C,1391632.0,6588263.0,0.004137238636252886
100013876|F|0-55:T>G-55:T>G,100044383|F|0-11:A>T-11:A>T,1391632.0,6629814.0,0.0008448040674603183
100013876|F|0-55:T>G-55:T>G,100017856|F|0-8:G>C-8:G>C,1391632.0,6634620.0,0.0033100825802609125
100013876|F|0-55:T>G-55:T>G,100058672|F|0-30:C>T-30:C>T,1391632.0,7170197.0,0.0187697283511454
100013876|F|0-55:T>G-55:T>G,100016006|F|0-20:G>A-20:G>A,1391632.0,7243813.0,0.004684595550758531
100013876|F|0-55:T>G-55:T>G,100014225|F|0-25:G>A-25:G>A,1391632.0,7752093.0,0.023782114494004164
100013876|F|0-55:T>G-55:T>G,100019858|F|0-55:G>C-55:G>C,1391632.0,7879011.0,0.00013176749625286188
100013876|F|0-55:T>G-55:T>G,100020367|F|0-37:A>T-37:A>T,1391632.0,8687209.0,0.004560486451888182
100013876|F|0-55:T>G-55:T>G,100017575|F|0-33:C>A-33:C>A,1391632.0,8708407.0,0.010680364688416025
100013876|F|0-55:T>G-55:T>G,100021965|F|0-19:C>T-19:C>T,1391632.0,9286898.0,0.004165447441348054
100013876|F|0-55:T>G-55:T>G,100022176|F|0-8:G>A-8:G>A,1391632.0,9450266.0,0.003905646680876042
100013876|F|0-55:T>G-55:T>G,100033258|F|0-23:G>A-23:G>A,1391632.0,9597839.0,0.16367996489101636
100013876|F|0-55:T>G-55:T>G,100016832|F|0-65:T>A-65:T>A,1391632.0,9956473.0,0.003854714393622718
100013876|F|0-55:T>G-55:T>G,100015585|F|0-38:T>C-38:T>C,1391632.0,10530371.0,0.008470960308589367
100013876|F|0-55:T>G-55:T>G,100032761|F|0-35:G>T-35:G>T,1391632.0,11013852.0,0.006658998309265802
100013876|F|0-55:T>G-55:T>G,100018106|F|0-5:T>C-5:T>C,1391632.0,11160342.0,0.016996800285285447
100013876|F|0-55:T>G-55:T>G,100029056|F|0-22:A>T-22:A>T,1391632.0,11582180.0,0.017146195504339844
100013876|F|0-55:T>G-55:T>G,100019200|F|0-60:C>T-60:C>T,1391632.0,11806800.0,2.6546041454299296e-05
100013876|F|0-55:T>G-55:T>G,100017507|F|0-36:T>C-36:T>C,1391632.0,12067176.0,0.007940320364206065
100013876|F|0-55:T>G-55:T>G,100015126|F|0-46:T>G-46:T>G,1391632.0,12238563.0,0.0076577973463681235
100013876|F|0-55:T>G-55:T>G,100035996|F|0-47:A>G-47:A>G,1391632.0,12678333.0,0.031064303292502267
100013876|F|0-55:T>G-55:T>G,100041089|F|0-45:A>G-45:A>G,1391632.0,12678338.0,0.031064303292502267
100013876|F|0-55:T>G-55:T>G,100015053|F|0-21:C>T-21:C>T,1391632.0,12815706.0,0.031456865104849956
100013876|F|0-55:T>G-55:T>G,100016297|F|0-36:A>G-36:A>G,1391632.0,12845233.0,0.013755676026318216
100013876|F|0-55:T>G-55:T>G,100016238|F|0-41:C>A-41:C>A,1391632.0,12849798.0,0.010529306197403275
100013876|F|0-55:T>G-55:T>G,100016677|F|0-45:G>A-45:G>A,1391632.0,13416059.0,0.040169402007002995
100013876|F|0-55:T>G-55:T>G,100035421|F|0-6:T>A-6:T>A,1391632.0,13420106.0,0.02101789673907337
100013876|F|0-55:T>G-55:T>G,100015018|F|0-5:T>A-5:T>A,1391632.0,13421247.0,0.02733397562837726
100013876|F|0-55:T>G-55:T>G,100020103|F|0-18:T>C-18:T>C,1391632.0,13646039.0,0.002488747469526644
100013876|F|0-55:T>G-55:T>G,100014062|F|0-62:G>A-62:G>A,1391632.0,13646044.0,0.00420853356633173
100013876|F|0-55:T>G-55:T>G,100039121|F|0-17:A>G-17:A>G,1391632.0,13667695.0,0.0017284041958501833
100013876|F|0-55:T>G-55:T>G,100018973|F|0-53:T>G-53:T>G,1391632.0,13667871.0,0.0008191349934469203
100013876|F|0-55:T>G-55:T>G,100022289|F|0-10:A>G-10:A>G,1391632.0,13667876.0,0.003100493784672856
100013876|F|0-55:T>G-55:T>G,100015169|F|0-21:A>G-21:A>G,1391632.0,13718785.0,0.004269248962299912
100013876|F|0-55:T>G-55:T>G,100020673|F|0-43:T>A-43:T>A,1391632.0,13731316.0,0.0055962442122657234
100013876|F|0-55:T>G-55:T>G,100015679|F|0-19:G>A-19:G>A,1391632.0,14080553.0,3.0796616067823567e-06
100013876|F|0-55:T>G-55:T>G,100016059|F|0-15:A>T-15:A>T,1391632.0,14090473.0,0.017426837765648594
100013876|F|0-55:T>G-55:T>G,100019698|F|0-15:C>A-15:C>A,1391632.0,14160112.0,0.0009449993064225286
100013876|F|0-55:T>G-55:T>G,100036115|F|0-39:C>T-39:C>T,1391632.0,14240591.0,0.0017553914256372343
100013876|F|0-55:T>G-55:T>G,100035750|F|0-64:T>C-64:T>C,1391632.0,14346419.0,0.017892468313481253
100013876|F|0-55:T>G-55:T>G,100021715|F|0-7:C>A-7:C>A,1391632.0,14348921.0,0.012681342865436684
100013876|F|0-55:T>G-55:T>G,100040569|F|0-37:C>T-37:C>T,1391632.0,14351912.0,3.5956542922224714e-06
100013876|F|0-55:T>G-55:T>G,100015147|F|0-16:C>G-16:C>G,1391632.0,14409032.0,0.06759645258286033
100013876|F|0-55:T>G-55:T>G,100030246|F|0-11:C>A-11:C>A,1391632.0,14458674.0,0.05652754740477678
100013876|F|0-55:T>G-55:T>G,100035083|F|0-24:G>C-24:G>C,1391632.0,14490822.0,0.02294504853162793
100013876|F|0-55:T>G-55:T>G,100013053|F|0-56:A>T-56:A>T,1391632.0,14502847.0,0.053061482284441755
100013876|F|0-55:T>G-55:T>G,100044112|F|0-18:T>G-18:T>G,1391632.0,14593733.0,0.00038428555248126803
100013876|F|0-55:T>G-55:T>G,100041853|F|0-21:T>C-21:T>C,1391632.0,14595838.0,0.0013177095901024411
100013876|F|0-55:T>G-55:T>G,100033723|F|0-20:T>C-20:T>C,1391632.0,14595843.0,0.0005065227638491766
100013876|F|0-55:T>G-55:T>G,100017564|F|0-8:A>T-8:A>T,1391632.0,14625545.0,0.0004583489171965186
100013876|F|0-55:T>G-55:T>G,100057963|F|0-26:C>T-26:C>T,1391632.0,14656009.0,0.008504846043072346
100013876|F|0-55:T>G-55:T>G,100019295|F|0-19:G>T-19:G>T,1391632.0,14656014.0,0.002376796506425035
100013876|F|0-55:T>G-55:T>G,100035362|F|0-6:C>A-6:C>A,1391632.0,14658473.0,0.0025328896939207806
100013876|F|0-55:T>G-55:T>G,100014679|F|0-16:C>A-16:C>A,1391632.0,14859822.0,0.003056739597985567
100013876|F|0-55:T>G-55:T>G,100021838|F|0-57:A>G-57:A>G,1391632.0,14928961.0,0.08579415137614675
100013876|F|0-55:T>G-55:T>G,100046294|F|0-6:C>G-6:C>G,1391632.0,15124860.0,0.043544583687262474
100013876|F|0-55:T>G-55:T>G,100045141|F|0-49:C>T-49:C>T,1391632.0,15225158.0,0.039786570575362036
100013876|F|0-55:T>G-55:T>G,100043254|F|0-7:C>G-7:C>G,1391632.0,15229542.0,0.03023296288008748
100013876|F|0-55:T>G-55:T>G,100013673|F|0-63:C>A-63:C>A,1391632.0,15256237.0,0.017131578485155372
100013876|F|0-55:T>G-55:T>G,100016806|F|0-26:T>A-26:T>A,1391632.0,15351778.0,8.693970079701844e-06
100013876|F|0-55:T>G-55:T>G,100033542|F|0-31:T>C-31:T>C,1391632.0,15394673.0,0.018273193441642955
100013876|F|0-55:T>G-55:T>G,100029793|F|0-30:G>A-30:G>A,1391632.0,15400977.0,0.006485627834864692
100013876|F|0-55:T>G-55:T>G,100021703|F|0-41:T>C-41:T>C,1391632.0,15431799.0,0.0005547506133456716
100013876|F|0-55:T>G-55:T>G,100017056|F|0-15:G>A-15:G>A,1391632.0,15535069.0,0.020357773958509868
100013876|F|0-55:T>G-55:T>G,100021184|F|0-17:T>G-17:T>G,1391632.0,15536283.0,0.020357773958509868
100013876|F|0-55:T>G-55:T>G,100044126|F|0-46:C>T-46:C>T,1391632.0,15556197.0,0.01593375088214538
100013876|F|0-55:T>G-55:T>G,100017834|F|0-8:C>T-8:C>T,1391632.0,15619447.0,0.0036731199185457437
100013876|F|0-55:T>G-55:T>G,100020292|F|0-58:T>C-58:T>C,1391632.0,15819325.0,0.018390366360962633
100013876|F|0-55:T>G-55:T>G,100015600|F|0-30:C>A-30:C>A,1391632.0,15832699.0,0.028963427529703344
100013876|F|0-55:T>G-55:T>G,100049389|F|0-23:C>A-23:C>A,1391632.0,15838578.0,0.016797163740573808
100013876|F|0-55:T>G-55:T>G,100038568|F|0-15:C>T-15:C>T,1391632.0,15839422.0,0.028963427529703344
100013876|F|0-55:T>G-55:T>G,100018705|F|0-34:T>C-34:T>C,1391632.0,15915251.0,0.03430753600113832
100013876|F|0-55:T>G-55:T>G,100019856|F|0-16:C>T-16:C>T,1391632.0,15948596.0,0.0038547143936227372
100013876|F|0-55:T>G-55:T>G,100034716|F|0-53:A>G-53:A>G,1391632.0,15958067.0,0.033827237992982796
100013876|F|0-55:T>G-55:T>G,100021071|F|0-60:A>G-60:A>G,1391632.0,15967627.0,0.03016944398319201
100013876|F|0-55:T>G-55:T>G,100020211|F|0-33:C>A-33:C>A,1391632.0,15977146.0,0.036454896791381565
100013876|F|0-55:T>G-55:T>G,100013484|F|0-22:G>A-22:G>A,1391632.0,16177456.0,0.0003947930497917303
100013876|F|0-55:T>G-55:T>G,100021316|F|0-63:C>A-63:C>A,1391632.0,16179198.0,7.892560157093958e-07
100013876|F|0-55:T>G-55:T>G,100017187|F|0-41:T>C-41:T>C,1391632.0,16245982.0,0.0014514048165137515
100013876|F|0-55:T>G-55:T>G,100029840|F|0-31:T>C-31:T>C,1391632.0,16252498.0,0.0025470651956279442
100013876|F|0-55:T>G-55:T>G,100013453|F|0-6:G>A-6:G>A,1391632.0,16307679.0,0.0813598054705219
100013876|F|0-55:T>G-55:T>G,100016783|F|0-52:G>T-52:G>T,1391632.0,16317524.0,0.08583702789071876
100013876|F|0-55:T>G-55:T>G,100014400|F|0-16:A>T-16:A>T,1391632.0,16381041.0,0.16625661263217134
100013876|F|0-55:T>G-55:T>G,100016625|F|0-16:T>C-16:T>C,1391632.0,16411184.0,0.1228408361869101
100013876|F|0-55:T>G-55:T>G,100015226|F|0-25:T>A-25:T>A,1391632.0,16581877.0,0.009787287363562148
100013876|F|0-55:T>G-55:T>G,100017539|F|0-11:A>T-11:A>T,1391632.0,16662610.0,0.007774703493357918
100013876|F|0-55:T>G-55:T>G,100033601|F|0-15:C>A-15:C>A,1391632.0,16769146.0,0.08316417405672703
100013876|F|0-55:T>G-55:T>G,100039949|F|0-62:A>T-62:A>T,1391632.0,16793350.0,0.08300567933595455
100013876|F|0-55:T>G-55:T>G,100035334|F|0-35:T>C-35:T>C,1391632.0,16832622.0,0.0730249337363066
100013876|F|0-55:T>G-55:T>G,100021345|F|0-28:C>T-28:C>T,1391632.0,16899147.0,0.09112822751043774
100013876|F|0-55:T>G-55:T>G,100022139|F|0-65:T>C-65:T>C,1391632.0,16965771.0,0.11952464104967907
100013876|F|0-55:T>G-55:T>G,100044804|F|0-53:G>C-53:G>C,1391632.0,16968917.0,0.022446662127806192
100013876|F|0-55:T>G-55:T>G,100030290|F|0-11:A>C-11:A>C,1391632.0,16971407.0,0.11952464104967907
100013876|F|0-55:T>G-55:T>G,100017336|F|0-39:A>G-39:A>G,1391632.0,16987827.0,0.09378557834393114
100013876|F|0-55:T>G-55:T>G,100029568|F|0-9:T>G-9:T>G,1391632.0,16988131.0,0.12467030160522963
100013876|F|0-55:T>G-55:T>G,100034247|F|0-37:G>C-37:G>C,1391632.0,16999534.0,0.12866538588913864
100013876|F|0-55:T>G-55:T>G,100012983|F|0-45:A>T-45:A>T,1391632.0,17017248.0,0.010560359052207785
100013876|F|0-55:T>G-55:T>G,100020033|F|0-7:G>A-7:G>A,1391632.0,17020316.0,0.0799919050188879
100013876|F|0-55:T>G-55:T>G,100018782|F|0-63:C>T-63:C>T,1391632.0,17424649.0,0.0046231872533720395
100013876|F|0-55:T>G-55:T>G,100019630|F|0-24:A>T-24:A>T,1391632.0,17521232.0,0.017277760095496728
100013876|F|0-55:T>G-55:T>G,100021757|F|0-47:G>A-47:G>A,1391632.0,17521694.0,0.009086606563670824
100013876|F|0-55:T>G-55:T>G,100038944|F|0-45:C>T-45:C>T,1391632.0,17607936.0,0.0013938881011342334
100013876|F|0-55:T>G-55:T>G,100047378|F|0-35:C>T-35:C>T,1391632.0,17706505.0,0.013270315655244313
100013876|F|0-55:T>G-55:T>G,100029543|F|0-46:T>C-46:T>C,1391632.0,18278899.0,0.015111405203327493
100013876|F|0-55:T>G-55:T>G,100021798|F|0-27:T>C-27:T>C,1391632.0,18732658.0,0.0007818321748372222
100013876|F|0-55:T>G-55:T>G,100017716|F|0-8:C>T-8:C>T,1391632.0,18851585.0,0.0076752413503627616
100021300|F|0-36:C>T-36:C>T,100036126|F|0-34:T>C-34:T>C,1972983.0,2614575.0,0.008653788243796668
100021300|F|0-36:C>T-36:C>T,100029213|F|0-12:G>A-12:G>A,1972983.0,2653811.0,0.01042254263354156
100021300|F|0-36:C>T-36:C>T,100018381|F|0-53:C>A-53:C>A,1972983.0,3135391.0,1.061000146374644e-05
100021300|F|0-36:C>T-36:C>T,100041008|F|0-24:G>A-24:G>A,1972983.0,3236850.0,0.037082338305039084
100021300|F|0-36:C>T-36:C>T,100016689|F|0-47:G>T-47:G>T,1972983.0,3422286.0,0.03195753738976591
100021300|F|0-36:C>T-36:C>T,100029850|F|0-32:T>C-32:T>C,1972983.0,4297916.0,0.0019852116708115953
100021300|F|0-36:C>T-36:C>T,100041567|F|0-33:A>T-33:A>T,1972983.0,4297921.0,2.3103172275582277e-05
100021300|F|0-36:C>T-36:C>T,100016452|F|0-6:G>A-6:G>A,1972983.0,4298929.0,0.0006004286532263922
100021300|F|0-36:C>T-36:C>T,100013207|F|0-60:C>G-60:C>G,1972983.0,4298934.0,2.4141885652856806e-05
100021300|F|0-36:C>T-36:C>T,100013419|F|0-62:G>T-62:G>T,1972983.0,4560526.0,0.3086144214048833
100021300|F|0-36:C>T-36:C>T,100017267|F|0-60:T>C-60:T>C,1972983.0,4794124.0,0.00374847992649323
100021300|F|0-36:C>T-36:C>T,100035378|F|0-22:G>A-22:G>A,1972983.0,4795005.0,0.014873894369294934
100021300|F|0-36:C>T-36:C>T,100034189|F|0-36:A>T-36:A>T,1972983.0,5191352.0,0.00047170367575089103
100021300|F|0-36:C>T-36:C>T,100030017|F|0-30:G>A-30:G>A,1972983.0,5194871.0,0.0002500172205738657
100021300|F|0-36:C>T-36:C>T,100019240|F|0-12:A>C-12:A>C,1972983.0,5221682.0,0.010279002562671445
100021300|F|0-36:C>T-36:C>T,100039010|F|0-12:C>T-12:C>T,1972983.0,5826827.0,0.2184544088819649
100021300|F|0-36:C>T-36:C>T,100034526|F|0-38:G>A-38:G>A,1972983.0,5829779.0,0.00029833824665277637
100021300|F|0-36:C>T-36:C>T,100040746|F|0-42:G>A-42:G>A,1972983.0,5944865.0,0.003639398423787723
100021300|F|0-36:C>T-36:C>T,100021961|F|0-53:A>T-53:A>T,1972983.0,6058253.0,0.005725506684976356
100021300|F|0-36:C>T-36:C>T,100014327|F|0-12:T>C-12:T>C,1972983.0,6588263.0,0.003209945590690249
100021300|F|0-36:C>T-36:C>T,100044383|F|0-11:A>T-11:A>T,1972983.0,6629814.0,7.622410262587361e-05
100021300|F|0-36:C>T-36:C>T,100017856|F|0-8:G>C-8:G>C,1972983.0,6634620.0,8.526441442294917e-05
100021300|F|0-36:C>T-36:C>T,100058672|F|0-30:C>T-30:C>T,1972983.0,7170197.0,0.0007402826272846191
100021300|F|0-36:C>T-36:C>T,100016006|F|0-20:G>A-20:G>A,1972983.0,7243813.0,0.00486062890586249
100021300|F|0-36:C>T-36:C>T,100014225|F|0-25:G>A-25:G>A,1972983.0,7752093.0,0.033558502425935305
100021300|F|0-36:C>T-36:C>T,100019858|F|0-55:G>C-55:G>C,1972983.0,7879011.0,0.013187970971931648
100021300|F|0-36:C>T-36:C>T,100020367|F|0-37:A>T-37:A>T,1972983.0,8687209.0,0.001676536334758229
100021300|F|0-36:C>T-36:C>T,100017575|F|0-33:C>A-33:C>A,1972983.0,8708407.0,0.06471069811703643
100021300|F|0-36:C>T-36:C>T,100021965|F|0-19:C>T-19:C>T,1972983.0,9286898.0,0.013162474016749503
100021300|F|0-36:C>T-36:C>T,100022176|F|0-8:G>A-8:G>A,1972983.0,9450266.0,0.0030697239803479364
100021300|F|0-36:C>T-36:C>T,100033258|F|0-23:G>A-23:G>A,1972983.0,9597839.0,0.0011528769585943837
100021300|F|0-36:C>T-36:C>T,100016832|F|0-65:T>A-65:T>A,1972983.0,9956473.0,0.004382665874046131
100021300|F|0-36:C>T-36:C>T,100015585|F|0-38:T>C-38:T>C,1972983.0,10530371.0,0.0001121345329609418
100021300|F|0-36:C>T-36:C>T,100032761|F|0-35:G>T-35:G>T,1972983.0,11013852.0,0.00339369685607005
100021300|F|0-36:C>T-36:C>T,100018106|F|0-5:T>C-5:T>C,1972983.0,11160342.0,0.08507602759604466
100021300|F|0-36:C>T-36:C>T,100029056|F|0-22:A>T-22:A>T,1972983.0,11582180.0,3.0681399799094465e-05
100021300|F|0-36:C>T-36:C>T,100019200|F|0-60:C>T-60:C>T,1972983.0,11806800.0,0.009227664769533399
100021300|F|0-36:C>T-36:C>T,100017507|F|0-36:T>C-36:T>C,1972983.0,12067176.0,0.006367303894501742
100021300|F|0-36:C>T-36:C>T,100015126|F|0-46:T>G-46:T>G,1972983.0,12238563.0,0.002032582268365194
100021300|F|0-36:C>T-36:C>T,100035996|F|0-47:A>G-47:A>G,1972983.0,12678333.0,0.003209945590690247
100021300|F|0-36:C>T-36:C>T,100041089|F|0-45:A>G-45:A>G,1972983.0,12678338.0,0.003209945590690247
100021300|F|0-36:C>T-36:C>T,100015053|F|0-21:C>T-21:C>T,1972983.0,12815706.0,0.0002868655235776821
100021300|F|0-36:C>T-36:C>T,100016297|F|0-36:A>G-36:A>G,1972983.0,12845233.0,0.02912770197761765
100021300|F|0-36:C>T-36:C>T,100016238|F|0-41:C>A-41:C>A,1972983.0,12849798.0,0.0179654906916507
100021300|F|0-36:C>T-36:C>T,100016677|F|0-45:G>A-45:G>A,1972983.0,13416059.0,0.0008416721499704571
100021300|F|0-36:C>T-36:C>T,100035421|F|0-6:T>A-6:T>A,1972983.0,13420106.0,0.00525894890561708
100021300|F|0-36:C>T-36:C>T,100015018|F|0-5:T>A-5:T>A,1972983.0,13421247.0,0.006292587810967234
100021300|F|0-36:C>T-36:C>T,100020103|F|0-18:T>C-18:T>C,1972983.0,13646039.0,0.004188141779287302
100021300|F|0-36:C>T-36:C>T,100014062|F|0-62:G>A-62:G>A,1972983.0,13646044.0,0.0030835943146229694
100021300|F|0-36:C>T-36:C>T,100039121|F|0-17:A>G-17:A>G,1972983.0,13667695.0,0.0019651308273948755
100021300|F|0-36:C>T-36:C>T,100018973|F|0-53:T>G-53:T>G,1972983.0,13667871.0,0.003083594314622973
100021300|F|0-36:C>T-36:C>T,100022289|F|0-10:A>G-10:A>G,1972983.0,13667876.0,0.0013051244446146155
100021300|F|0-36:C>T-36:C>T,100015169|F|0-21:A>G-21:A>G,1972983.0,13718785.0,0.026623295078858217
100021300|F|0-36:C>T-36:C>T,100020673|F|0-43:T>A-43:T>A,1972983.0,13731316.0,0.03968753658220187
100021300|F|0-36:C>T-36:C>T,100015679|F|0-19:G>A-19:G>A,1972983.0,14080553.0,0.008717642383701126
100021300|F|0-36:C>T-36:C>T,100016059|F|0-15:A>T-15:A>T,1972983.0,14090473.0,0.005769446282579475
100021300|F|0-36:C>T-36:C>T,100019698|F|0-15:C>A-15:C>A,1972983.0,14160112.0,0.03448577136926218
100021300|F|0-36:C>T-36:C>T,100036115|F|0-39:C>T-39:C>T,1972983.0,14240591.0,0.017397891334873416
100021300|F|0-36:C>T-36:C>T,100035750|F|0-64:T>C-64:T>C,1972983.0,14346419.0,0.003581548815326452
100021300|F|0-36:C>T-36:C>T,100021715|F|0-7:C>A-7:C>A,1972983.0,14348921.0,0.0003266587002892454
100021300|F|0-36:C>T-36:C>T,100040569|F|0-37:C>T-37:C>T,1972983.0,14351912.0,0.00035987163586938953
100021300|F|0-36:C>T-36:C>T,100015147|F|0-16:C>G-16:C>G,1972983.0,14409032.0,0.004823193985225558
100021300|F|0-36:C>T-36:C>T,100030246|F|0-11:C>A-11:C>A,1972983.0,14458674.0,3.445026845371732e-06
100021300|F|0-36:C>T-36:C>T,100035083|F|0-24:G>C-24:G>C,1972983.0,14490822.0,0.02349297236568681
100021300|F|0-36:C>T-36:C>T,100013053|F|0-56:A>T-56:A>T,1972983.0,14502847.0,0.031491318018574035
100021300|F|0-36:C>T-36:C>T,100044112|F|0-18:T>G-18:T>G,1972983.0,14593733.0,1.4564845204428471e-33
100021300|F|0-36:C>T-36:C>T,100041853|F|0-21:T>C-21:T>C,1972983.0,14595838.0,0.0004127597059630186
100021300|F|0-36:C>T-36:C>T,100033723|F|0-20:T>C-20:T>C,1972983.0,14595843.0,0.00015866332660879214
100021300|F|0-36:C>T-36:C>T,100017564|F|0-8:A>T-8:A>T,1972983.0,14625545.0,6.065973528091485e-05
100021300|F|0-36:C>T-36:C>T,100057963|F|0-26:C>T-26:C>T,1972983.0,14656009.0,0.0018820766080462508
100021300|F|0-36:C>T-36:C>T,100019295|F|0-19:G>T-19:G>T,1972983.0,14656014.0,0.0006879521023098697
100021300|F|0-36:C>T-36:C>T,100035362|F|0-6:C>A-6:C>A,1972983.0,14658473.0,0.0037023170055974857
100021300|F|0-36:C>T-36:C>T,100014679|F|0-16:C>A-16:C>A,1972983.0,14859822.0,0.0032661073793889563
100021300|F|0-36:C>T-36:C>T,100021838|F|0-57:A>G-57:A>G,1972983.0,14928961.0,0.008653788243796671
100021300|F|0-36:C>T-36:C>T,100046294|F|0-6:C>G-6:C>G,1972983.0,15124860.0,0.000947147274262152
100021300|F|0-36:C>T-36:C>T,100045141|F|0-49:C>T-49:C>T,1972983.0,15225158.0,0.003747451168449775
100021300|F|0-36:C>T-36:C>T,100043254|F|0-7:C>G-7:C>G,1972983.0,15229542.0,0.0015629498622136285
100021300|F|0-36:C>T-36:C>T,100013673|F|0-63:C>A-63:C>A,1972983.0,15256237.0,0.0027990887088355848
100021300|F|0-36:C>T-36:C>T,100016806|F|0-26:T>A-26:T>A,1972983.0,15351778.0,0.024610146089595417
100021300|F|0-36:C>T-36:C>T,100033542|F|0-31:T>C-31:T>C,1972983.0,15394673.0,0.009703455948724033
100021300|F|0-36:C>T-36:C>T,100029793|F|0-30:G>A-30:G>A,1972983.0,15400977.0,0.002273122251102426
100021300|F|0-36:C>T-36:C>T,100021703|F|0-41:T>C-41:T>C,1972983.0,15431799.0,0.0016586452653216928
100021300|F|0-36:C>T-36:C>T,100017056|F|0-15:G>A-15:G>A,1972983.0,15535069.0,0.040846485158867366
100021300|F|0-36:C>T-36:C>T,100021184|F|0-17:T>G-17:T>G,1972983.0,15536283.0,0.040846485158867366
100021300|F|0-36:C>T-36:C>T,100044126|F|0-46:C>T-46:C>T,1972983.0,15556197.0,0.0039726293942145404
100021300|F|0-36:C>T-36:C>T,100017834|F|0-8:C>T-8:C>T,1972983.0,15619447.0,0.007481575377337464
100021300|F|0-36:C>T-36:C>T,100020292|F|0-58:T>C-58:T>C,1972983.0,15819325.0,0.0005946615926902379
100021300|F|0-36:C>T-36:C>T,100015600|F|0-30:C>A-30:C>A,1972983.0,15832699.0,0.0008956498009278368
100021300|F|0-36:C>T-36:C>T,100049389|F|0-23:C>A-23:C>A,1972983.0,15838578.0,0.00043911191401252756
100021300|F|0-36:C>T-36:C>T,100038568|F|0-15:C>T-15:C>T,1972983.0,15839422.0,0.0008956498009278368
100021300|F|0-36:C>T-36:C>T,100018705|F|0-34:T>C-34:T>C,1972983.0,15915251.0,0.00032665870028924664
100021300|F|0-36:C>T-36:C>T,100019856|F|0-16:C>T-16:C>T,1972983.0,15948596.0,0.00668773581472089
100021300|F|0-36:C>T-36:C>T,100034716|F|0-53:A>G-53:A>G,1972983.0,15958067.0,0.0014756662842529051
100021300|F|0-36:C>T-36:C>T,100021071|F|0-60:A>G-60:A>G,1972983.0,15967627.0,0.0019746304930066435
100021300|F|0-36:C>T-36:C>T,100020211|F|0-33:C>A-33:C>A,1972983.0,15977146.0,0.00014415364999414832
100021300|F|0-36:C>T-36:C>T,100013484|F|0-22:G>A-22:G>A,1972983.0,16177456.0,0.0014315399274950067
100021300|F|0-36:C>T-36:C>T,100021316|F|0-63:C>A-63:C>A,1972983.0,16179198.0,0.0002788323048551062
100021300|F|0-36:C>T-36:C>T,100017187|F|0-41:T>C-41:T>C,1972983.0,16245982.0,0.00023714165261382906
100021300|F|0-36:C>T-36:C>T,100029840|F|0-31:T>C-31:T>C,1972983.0,16252498.0,0.00041615905013820103
100021300|F|0-36:C>T-36:C>T,100013453|F|0-6:G>A-6:G>A,1972983.0,16307679.0,0.009390104799541337
100021300|F|0-36:C>T-36:C>T,100016783|F|0-52:G>T-52:G>T,1972983.0,16317524.0,0.00874330923544018
100021300|F|0-36:C>T-36:C>T,100014400|F|0-16:A>T-16:A>T,1972983.0,16381041.0,7.692501854013071e-05
100021300|F|0-36:C>T-36:C>T,100016625|F|0-16:T>C-16:T>C,1972983.0,16411184.0,0.0018753478152693766
100021300|F|0-36:C>T-36:C>T,100015226|F|0-25:T>A-25:T>A,1972983.0,16581877.0,0.00025211072703131297
100021300|F|0-36:C>T-36:C>T,100017539|F|0-11:A>T-11:A>T,1972983.0,16662610.0,0.00035987163586939164
100021300|F|0-36:C>T-36:C>T,100033601|F|0-15:C>A-15:C>A,1972983.0,16769146.0,2.8408171768432394e-05
100021300|F|0-36:C>T-36:C>T,100039949|F|0-62:A>T-62:A>T,1972983.0,16793350.0,0.0
100021300|F|0-36:C>T-36:C>T,100035334|F|0-35:T>C-35:T>C,1972983.0,16832622.0,0.0034045033759062746
100021300|F|0-36:C>T-36:C>T,100021345|F|0-28:C>T-28:C>T,1972983.0,16899147.0,0.00011629935453858193
100021300|F|0-36:C>T-36:C>T,100022139|F|0-65:T>C-65:T>C,1972983.0,16965771.0,0.00842427075264306
100021300|F|0-36:C>T-36:C>T,100044804|F|0-53:G>C-53:G>C,1972983.0,16968917.0,2.795215730640557e-05
100021300|F|0-36:C>T-36:C>T,100030290|F|0-11:A>C-11:A>C,1972983.0,16971407.0,0.00842427075264306
100021300|F|0-36:C>T-36:C>T,100017336|F|0-39:A>G-39:A>G,1972983.0,16987827.0,7.26524217641515e-05
100021300|F|0-36:C>T-36:C>T,100029568|F|0-9:T>G-9:T>G,1972983.0,16988131.0,0.01138188877436179
100021300|F|0-36:C>T-36:C>T,100034247|F|0-37:G>C-37:G>C,1972983.0,16999534.0,0.010088833888678726
100021300|F|0-36:C>T-36:C>T,100012983|F|0-45:A>T-45:A>T,1972983.0,17017248.0,0.004382665874046129
100021300|F|0-36:C>T-36:C>T,100020033|F|0-7:G>A-7:G>A,1972983.0,17020316.0,0.0033528419799623075
100021300|F|0-36:C>T-36:C>T,100018782|F|0-63:C>T-63:C>T,1972983.0,17424649.0,0.004940265539272734
100021300|F|0-36:C>T-36:C>T,100019630|F|0-24:A>T-24:A>T,1972983.0,17521232.0,0.012532343767159768
100021300|F|0-36:C>T-36:C>T,100021757|F|0-47:G>A-47:G>A,1972983.0,17521694.0,0.012587328354613335
100021300|F|0-36:C>T-36:C>T,100038944|F|0-45:C>T-45:C>T,1972983.0,17607936.0,0.025030017754471546
100021300|F|0-36:C>T-36:C>T,100047378|F|0-35:C>T-35:C>T,1972983.0,17706505.0,0.010004231881456
100021300|F|0-36:C>T-36:C>T,100029543|F|0-46:T>C-46:T>C,1972983.0,18278899.0,0.010178270296314122
100021300|F|0-36:C>T-36:C>T,100021798|F|0-27:T>C-27:T>C,1972983.0,18732658.0,0.006148070139196081
100021300|F|0-36:C>T-36:C>T,100017716|F|0-8:C>T-8:C>T,1972983.0,18851585.0,0.027006249380021722
100036126|F|0-34:T>C-34:T>C,100029213|F|0-12:G>A-12:G>A,2614575.0,2653811.0,0.3058350100603622
100036126|F|0-34:T>C-34:T>C,100018381|F|0-53:C>A-53:C>A,2614575.0,3135391.0,0.1648724686330618
100036126|F|0-34:T>C-34:T>C,100041008|F|0-24:G>A-24:G>A,2614575.0,3236850.0,0.004542910666427043
100036126|F|0-34:T>C-34:T>C,100016689|F|0-47:G>T-47:G>T,2614575.0,3422286.0,0.06952576112412188
100036126|F|0-34:T>C-34:T>C,100029850|F|0-32:T>C-32:T>C,2614575.0,4297916.0,0.0010957956052828964
100036126|F|0-34:T>C-34:T>C,100041567|F|0-33:A>T-33:A>T,2614575.0,4297921.0,0.000691479037267082
100036126|F|0-34:T>C-34:T>C,100016452|F|0-6:G>A-6:G>A,2614575.0,4298929.0,7.182170073787378e-05
100036126|F|0-34:T>C-34:T>C,100013207|F|0-60:C>G-60:C>G,2614575.0,4298934.0,0.002428630586167266
100036126|F|0-34:T>C-34:T>C,100013419|F|0-62:G>T-62:G>T,2614575.0,4560526.0,0.0322409587442995
100036126|F|0-34:T>C-34:T>C,100017267|F|0-60:T>C-60:T>C,2614575.0,4794124.0,0.01124186444020775
100036126|F|0-34:T>C-34:T>C,100035378|F|0-22:G>A-22:G>A,2614575.0,4795005.0,0.015855984740104922
100036126|F|0-34:T>C-34:T>C,100034189|F|0-36:A>T-36:A>T,2614575.0,5191352.0,0.026692057942057982
100036126|F|0-34:T>C-34:T>C,100030017|F|0-30:G>A-30:G>A,2614575.0,5194871.0,0.03285065917441106
100036126|F|0-34:T>C-34:T>C,100019240|F|0-12:A>C-12:A>C,2614575.0,5221682.0,0.008101997979925505
100036126|F|0-34:T>C-34:T>C,100039010|F|0-12:C>T-12:C>T,2614575.0,5826827.0,0.0019375453226976105
100036126|F|0-34:T>C-34:T>C,100034526|F|0-38:G>A-38:G>A,2614575.0,5829779.0,0.09106748369450877
100036126|F|0-34:T>C-34:T>C,100040746|F|0-42:G>A-42:G>A,2614575.0,5944865.0,0.02128822653681536
100036126|F|0-34:T>C-34:T>C,100021961|F|0-53:A>T-53:A>T,2614575.0,6058253.0,0.06805963433118607
100036126|F|0-34:T>C-34:T>C,100014327|F|0-12:T>C-12:T>C,2614575.0,6588263.0,0.126549131857071
100036126|F|0-34:T>C-34:T>C,100044383|F|0-11:A>T-11:A>T,2614575.0,6629814.0,0.2003148915816325
100036126|F|0-34:T>C-34:T>C,100017856|F|0-8:G>C-8:G>C,2614575.0,6634620.0,0.17800851614053834
100036126|F|0-34:T>C-34:T>C,100058672|F|0-30:C>T-30:C>T,2614575.0,7170197.0,2.7278170507660026e-05
100036126|F|0-34:T>C-34:T>C,100016006|F|0-20:G>A-20:G>A,2614575.0,7243813.0,0.0024947478991596637
100036126|F|0-34:T>C-34:T>C,100014225|F|0-25:G>A-25:G>A,2614575.0,7752093.0,0.09377570605977519
100036126|F|0-34:T>C-34:T>C,100019858|F|0-55:G>C-55:G>C,2614575.0,7879011.0,0.003730924596050264
100036126|F|0-34:T>C-34:T>C,100020367|F|0-37:A>T-37:A>T,2614575.0,8687209.0,0.03784260797342197
100036126|F|0-34:T>C-34:T>C,100017575|F|0-33:C>A-33:C>A,2614575.0,8708407.0,0.012670420865441612
100036126|F|0-34:T>C-34:T>C,100021965|F|0-19:C>T-19:C>T,2614575.0,9286898.0,0.0012731171267756664
100036126|F|0-34:T>C-34:T>C,100022176|F|0-8:G>A-8:G>A,2614575.0,9450266.0,0.0008261827458256002
100036126|F|0-34:T>C-34:T>C,100033258|F|0-23:G>A-23:G>A,2614575.0,9597839.0,0.0007728603970061871
100036126|F|0-34:T>C-34:T>C,100016832|F|0-65:T>A-65:T>A,2614575.0,9956473.0,0.024409044193216888
100036126|F|0-34:T>C-34:T>C,100015585|F|0-38:T>C-38:T>C,2614575.0,10530371.0,0.08904203644666565
100036126|F|0-34:T>C-34:T>C,100032761|F|0-35:G>T-35:G>T,2614575.0,11013852.0,0.0002562580923608101
100036126|F|0-34:T>C-34:T>C,100018106|F|0-5:T>C-5:T>C,2614575.0,11160342.0,0.013739354009320253
100036126|F|0-34:T>C-34:T>C,100029056|F|0-22:A>T-22:A>T,2614575.0,11582180.0,0.004610688615068671
100036126|F|0-34:T>C-34:T>C,100019200|F|0-60:C>T-60:C>T,2614575.0,11806800.0,0.004970005580357149
100036126|F|0-34:T>C-34:T>C,100017507|F|0-36:T>C-36:T>C,2614575.0,12067176.0,0.04003371260008437
100036126|F|0-34:T>C-34:T>C,100015126|F|0-46:T>G-46:T>G,2614575.0,12238563.0,8.516207687894373e-05
100036126|F|0-34:T>C-34:T>C,100035996|F|0-47:A>G-47:A>G,2614575.0,12678333.0,0.011291025594938522
100036126|F|0-34:T>C-34:T>C,100041089|F|0-45:A>G-45:A>G,2614575.0,12678338.0,0.011291025594938522
100036126|F|0-34:T>C-34:T>C,100015053|F|0-21:C>T-21:C>T,2614575.0,12815706.0,0.013808325019142021
100036126|F|0-34:T>C-34:T>C,100016297|F|0-36:A>G-36:A>G,2614575.0,12845233.0,0.024857954545454544
100036126|F|0-34:T>C-34:T>C,100016238|F|0-41:C>A-41:C>A,2614575.0,12849798.0,0.004490133522391579
100036126|F|0-34:T>C-34:T>C,100016677|F|0-45:G>A-45:G>A,2614575.0,13416059.0,0.01594546400649814
100036126|F|0-34:T>C-34:T>C,100035421|F|0-6:T>A-6:T>A,2614575.0,13420106.0,0.009837536818851259
100036126|F|0-34:T>C-34:T>C,100015018|F|0-5:T>A-5:T>A,2614575.0,13421247.0,0.015547069825436393
100036126|F|0-34:T>C-34:T>C,100020103|F|0-18:T>C-18:T>C,2614575.0,13646039.0,0.00044800050301810936
100036126|F|0-34:T>C-34:T>C,100014062|F|0-62:G>A-62:G>A,2614575.0,13646044.0,2.530792317546352e-33
100036126|F|0-34:T>C-34:T>C,100039121|F|0-17:A>G-17:A>G,2614575.0,13667695.0,0.0020948840725806424
100036126|F|0-34:T>C-34:T>C,100018973|F|0-53:T>G-53:T>G,2614575.0,13667871.0,0.00121173469387755
100036126|F|0-34:T>C-34:T>C,100022289|F|0-10:A>G-10:A>G,2614575.0,13667876.0,0.0006698632068819621
100036126|F|0-34:T>C-34:T>C,100015169|F|0-21:A>G-21:A>G,2614575.0,13718785.0,0.0021891735417571318
100036126|F|0-34:T>C-34:T>C,100020673|F|0-43:T>A-43:T>A,2614575.0,13731316.0,7.956982042347831e-05
100036126|F|0-34:T>C-34:T>C,100015679|F|0-19:G>A-19:G>A,2614575.0,14080553.0,0.010826904402244287
100036126|F|0-34:T>C-34:T>C,100016059|F|0-15:A>T-15:A>T,2614575.0,14090473.0,0.01939350700723325
100036126|F|0-34:T>C-34:T>C,100019698|F|0-15:C>A-15:C>A,2614575.0,14160112.0,0.1224139468521493
100036126|F|0-34:T>C-34:T>C,100036115|F|0-39:C>T-39:C>T,2614575.0,14240591.0,0.0005208812166971206
100036126|F|0-34:T>C-34:T>C,100035750|F|0-64:T>C-64:T>C,2614575.0,14346419.0,9.682811480756694e-05
100036126|F|0-34:T>C-34:T>C,100021715|F|0-7:C>A-7:C>A,2614575.0,14348921.0,0.0017500090968633941
100036126|F|0-34:T>C-34:T>C,100040569|F|0-37:C>T-37:C>T,2614575.0,14351912.0,0.0002991937515747032
100036126|F|0-34:T>C-34:T>C,100015147|F|0-16:C>G-16:C>G,2614575.0,14409032.0,0.0008423692744223775
100036126|F|0-34:T>C-34:T>C,100030246|F|0-11:C>A-11:C>A,2614575.0,14458674.0,0.00034656354881074065
100036126|F|0-34:T>C-34:T>C,100035083|F|0-24:G>C-24:G>C,2614575.0,14490822.0,0.042094143023407804
100036126|F|0-34:T>C-34:T>C,100013053|F|0-56:A>T-56:A>T,2614575.0,14502847.0,0.03911074516261844
100036126|F|0-34:T>C-34:T>C,100044112|F|0-18:T>G-18:T>G,2614575.0,14593733.0,0.028698979591836756
100036126|F|0-34:T>C-34:T>C,100041853|F|0-21:T>C-21:T>C,2614575.0,14595838.0,0.021352728893489745
100036126|F|0-34:T>C-34:T>C,100033723|F|0-20:T>C-20:T>C,2614575.0,14595843.0,0.01041780886118935
100036126|F|0-34:T>C-34:T>C,100017564|F|0-8:A>T-8:A>T,2614575.0,14625545.0,0.0015255652620760603
100036126|F|0-34:T>C-34:T>C,100057963|F|0-26:C>T-26:C>T,2614575.0,14656009.0,1.5919014696575746e-33
100036126|F|0-34:T>C-34:T>C,100019295|F|0-19:G>T-19:G>T,2614575.0,14656014.0,0.007517166818526442
100036126|F|0-34:T>C-34:T>C,100035362|F|0-6:C>A-6:C>A,2614575.0,14658473.0,3.0228591793096006e-05
100036126|F|0-34:T>C-34:T>C,100014679|F|0-16:C>A-16:C>A,2614575.0,14859822.0,0.00870722765363127
100036126|F|0-34:T>C-34:T>C,100021838|F|0-57:A>G-57:A>G,2614575.0,14928961.0,0.013472576530612271
100036126|F|0-34:T>C-34:T>C,100046294|F|0-6:C>G-6:C>G,2614575.0,15124860.0,0.0010266260485800776
100036126|F|0-34:T>C-34:T>C,100045141|F|0-49:C>T-49:C>T,2614575.0,15225158.0,0.019535840188014148
100036126|F|0-34:T>C-34:T>C,100043254|F|0-7:C>G-7:C>G,2614575.0,15229542.0,0.026159625435540016
100036126|F|0-34:T>C-34:T>C,100013673|F|0-63:C>A-63:C>A,2614575.0,15256237.0,0.039081730330932686
100036126|F|0-34:T>C-34:T>C,100016806|F|0-26:T>A-26:T>A,2614575.0,15351778.0,0.05226736216874818
100036126|F|0-34:T>C-34:T>C,100033542|F|0-31:T>C-31:T>C,2614575.0,15394673.0,0.0021117368109069366
100036126|F|0-34:T>C-34:T>C,100029793|F|0-30:G>A-30:G>A,2614575.0,15400977.0,0.012295745025076844
100036126|F|0-34:T>C-34:T>C,100021703|F|0-41:T>C-41:T>C,2614575.0,15431799.0,0.004052516826239461
100036126|F|0-34:T>C-34:T>C,100017056|F|0-15:G>A-15:G>A,2614575.0,15535069.0,0.0020142291745194143
100036126|F|0-34:T>C-34:T>C,100021184|F|0-17:T>G-17:T>G,2614575.0,15536283.0,0.0020142291745194143
100036126|F|0-34:T>C-34:T>C,100044126|F|0-46:C>T-46:C>T,2614575.0,15556197.0,0.018350789835164867
100036126|F|0-34:T>C-34:T>C,100017834|F|0-8:C>T-8:C>T,2614575.0,15619447.0,0.002125936221512576
100036126|F|0-34:T>C-34:T>C,100020292|F|0-58:T>C-58:T>C,2614575.0,15819325.0,0.006393686191221396
100036126|F|0-34:T>C-34:T>C,100015600|F|0-30:C>A-30:C>A,2614575.0,15832699.0,0.007941010299347953
100036126|F|0-34:T>C-34:T>C,100049389|F|0-23:C>A-23:C>A,2614575.0,15838578.0,0.007965437667316848
100036126|F|0-34:T>C-34:T>C,100038568|F|0-15:C>T-15:C>T,2614575.0,15839422.0,0.007941010299347953
100036126|F|0-34:T>C-34:T>C,100018705|F|0-34:T>C-34:T>C,2614575.0,15915251.0,0.004234589913397849
100036126|F|0-34:T>C-34:T>C,100019856|F|0-16:C>T-16:C>T,2614575.0,15948596.0,2.4442759333258318e-33
100036126|F|0-34:T>C-34:T>C,100034716|F|0-53:A>G-53:A>G,2614575.0,15958067.0,0.0008563015783991661
100036126|F|0-34:T>C-34:T>C,100021071|F|0-60:A>G-60:A>G,2614575.0,15967627.0,0.00038380736910148576
100036126|F|0-34:T>C-34:T>C,100020211|F|0-33:C>A-33:C>A,2614575.0,15977146.0,0.002864513535245241
100036126|F|0-34:T>C-34:T>C,100013484|F|0-22:G>A-22:G>A,2614575.0,16177456.0,0.00927132861465312
100036126|F|0-34:T>C-34:T>C,100021316|F|0-63:C>A-63:C>A,2614575.0,16179198.0,0.001050781634057615
100036126|F|0-34:T>C-34:T>C,100017187|F|0-41:T>C-41:T>C,2614575.0,16245982.0,0.016566685267857137
100036126|F|0-34:T>C-34:T>C,100029840|F|0-31:T>C-31:T>C,2614575.0,16252498.0,0.012554710608361962
100036126|F|0-34:T>C-34:T>C,100013453|F|0-6:G>A-6:G>A,2614575.0,16307679.0,0.04407613317536235
100036126|F|0-34:T>C-34:T>C,100016783|F|0-52:G>T-52:G>T,2614575.0,16317524.0,0.049876433970263805
100036126|F|0-34:T>C-34:T>C,100014400|F|0-16:A>T-16:A>T,2614575.0,16381041.0,0.010912521637307819
100036126|F|0-34:T>C-34:T>C,100016625|F|0-16:T>C-16:T>C,2614575.0,16411184.0,0.017411668872823544
100036126|F|0-34:T>C-34:T>C,100015226|F|0-25:T>A-25:T>A,2614575.0,16581877.0,0.0028179876601803528
100036126|F|0-34:T>C-34:T>C,100017539|F|0-11:A>T-11:A>T,2614575.0,16662610.0,0.01077097505668933
100036126|F|0-34:T>C-34:T>C,100033601|F|0-15:C>A-15:C>A,2614575.0,16769146.0,0.009605421485393405
100036126|F|0-34:T>C-34:T>C,100039949|F|0-62:A>T-62:A>T,2614575.0,16793350.0,0.00850340136054422
100036126|F|0-34:T>C-34:T>C,100035334|F|0-35:T>C-35:T>C,2614575.0,16832622.0,0.015642946351907397
100036126|F|0-34:T>C-34:T>C,100021345|F|0-28:C>T-28:C>T,2614575.0,16899147.0,0.00733250376299946
100036126|F|0-34:T>C-34:T>C,100022139|F|0-65:T>C-65:T>C,2614575.0,16965771.0,0.0029907653560934714
100036126|F|0-34:T>C-34:T>C,100044804|F|0-53:G>C-53:G>C,2614575.0,16968917.0,0.013035811104775526
100036126|F|0-34:T>C-34:T>C,100030290|F|0-11:A>C-11:A>C,2614575.0,16971407.0,0.0029907653560934714
100036126|F|0-34:T>C-34:T>C,100017336|F|0-39:A>G-39:A>G,2614575.0,16987827.0,0.01982707215265355
100036126|F|0-34:T>C-34:T>C,100029568|F|0-9:T>G-9:T>G,2614575.0,16988131.0,0.0004579990743597691
100036126|F|0-34:T>C-34:T>C,100034247|F|0-37:G>C-37:G>C,2614575.0,16999534.0,0.0008779573299535251
100036126|F|0-34:T>C-34:T>C,100012983|F|0-45:A>T-45:A>T,2614575.0,17017248.0,0.001525565262076045
100036126|F|0-34:T>C-34:T>C,100020033|F|0-7:G>A-7:G>A,2614575.0,17020316.0,9.750020343460382e-34
100036126|F|0-34:T>C-34:T>C,100018782|F|0-63:C>T-63:C>T,2614575.0,17424649.0,0.0016541557034514794
100036126|F|0-34:T>C-34:T>C,100019630|F|0-24:A>T-24:A>T,2614575.0,17521232.0,0.0020908507955829997
100036126|F|0-34:T>C-34:T>C,100021757|F|0-47:G>A-47:G>A,2614575.0,17521694.0,0.0010435992578849715
100036126|F|0-34:T>C-34:T>C,100038944|F|0-45:C>T-45:C>T,2614575.0,17607936.0,0.016191144555576527
100036126|F|0-34:T>C-34:T>C,100047378|F|0-35:C>T-35:C>T,2614575.0,17706505.0,0.005805268875611066
100036126|F|0-34:T>C-34:T>C,100029543|F|0-46:T>C-46:T>C,2614575.0,18278899.0,0.00021300023915816154
100036126|F|0-34:T>C-34:T>C,100021798|F|0-27:T>C-27:T>C,2614575.0,18732658.0,0.013666302073425906
100036126|F|0-34:T>C-34:T>C,100017716|F|0-8:C>T-8:C>T,2614575.0,18851585.0,0.0024947478991596576
100029213|F|0-12:G>A-12:G>A,100018381|F|0-53:C>A-53:C>A,2653811.0,3135391.0,0.238897690198716
100029213|F|0-12:G>A-12:G>A,100041008|F|0-24:G>A-24:G>A,2653811.0,3236850.0,0.004395630744484395
100029213|F|0-12:G>A-12:G>A,100016689|F|0-47:G>T-47:G>T,2653811.0,3422286.0,0.007857596398060513
100029213|F|0-12:G>A-12:G>A,100029850|F|0-32:T>C-32:T>C,2653811.0,4297916.0,0.029797064329862913
100029213|F|0-12:G>A-12:G>A,100041567|F|0-33:A>T-33:A>T,2653811.0,4297921.0,0.03408345652492857
100029213|F|0-12:G>A-12:G>A,100016452|F|0-6:G>A-6:G>A,2653811.0,4298929.0,0.030640334119449993
100029213|F|0-12:G>A-12:G>A,100013207|F|0-60:C>G-60:C>G,2653811.0,4298934.0,0.027903221506035702
100029213|F|0-12:G>A-12:G>A,100013419|F|0-62:G>T-62:G>T,2653811.0,4560526.0,0.030997417317565397
100029213|F|0-12:G>A-12:G>A,100017267|F|0-60:T>C-60:T>C,2653811.0,4794124.0,0.007980920208318483
100029213|F|0-12:G>A-12:G>A,100035378|F|0-22:G>A-22:G>A,2653811.0,4795005.0,0.020760343834585956
100029213|F|0-12:G>A-12:G>A,100034189|F|0-36:A>T-36:A>T,2653811.0,5191352.0,0.020806658130601795
100029213|F|0-12:G>A-12:G>A,100030017|F|0-30:G>A-30:G>A,2653811.0,5194871.0,0.0088457655920394
100029213|F|0-12:G>A-12:G>A,100019240|F|0-12:A>C-12:A>C,2653811.0,5221682.0,0.014988517050157772
100029213|F|0-12:G>A-12:G>A,100039010|F|0-12:C>T-12:C>T,2653811.0,5826827.0,0.013246675484378365
100029213|F|0-12:G>A-12:G>A,100034526|F|0-38:G>A-38:G>A,2653811.0,5829779.0,0.09573946578958287
100029213|F|0-12:G>A-12:G>A,100040746|F|0-42:G>A-42:G>A,2653811.0,5944865.0,0.002683702901298372
100029213|F|0-12:G>A-12:G>A,100021961|F|0-53:A>T-53:A>T,2653811.0,6058253.0,0.0044145426271154755
100029213|F|0-12:G>A-12:G>A,100014327|F|0-12:T>C-12:T>C,2653811.0,6588263.0,0.020673605991763405
100029213|F|0-12:G>A-12:G>A,100044383|F|0-11:A>T-11:A>T,2653811.0,6629814.0,0.08064230107205712
100029213|F|0-12:G>A-12:G>A,100017856|F|0-8:G>C-8:G>C,2653811.0,6634620.0,0.06277474459742224
100029213|F|0-12:G>A-12:G>A,100058672|F|0-30:C>T-30:C>T,2653811.0,7170197.0,0.01410958567013925
100029213|F|0-12:G>A-12:G>A,100016006|F|0-20:G>A-20:G>A,2653811.0,7243813.0,0.02992957746478868
100029213|F|0-12:G>A-12:G>A,100014225|F|0-25:G>A-25:G>A,2653811.0,7752093.0,0.06083415982941805
100029213|F|0-12:G>A-12:G>A,100019858|F|0-55:G>C-55:G>C,2653811.0,7879011.0,0.004210970490808406
100029213|F|0-12:G>A-12:G>A,100020367|F|0-37:A>T-37:A>T,2653811.0,8687209.0,0.021441512446773697
100029213|F|0-12:G>A-12:G>A,100017575|F|0-33:C>A-33:C>A,2653811.0,8708407.0,0.003917664441002865
100029213|F|0-12:G>A-12:G>A,100021965|F|0-19:C>T-19:C>T,2653811.0,9286898.0,0.00038171689612345744
100029213|F|0-12:G>A-12:G>A,100022176|F|0-8:G>A-8:G>A,2653811.0,9450266.0,0.02577991623986342
100029213|F|0-12:G>A-12:G>A,100033258|F|0-23:G>A-23:G>A,2653811.0,9597839.0,0.02295750585517669
100029213|F|0-12:G>A-12:G>A,100016832|F|0-65:T>A-65:T>A,2653811.0,9956473.0,0.05795055856723055
100029213|F|0-12:G>A-12:G>A,100015585|F|0-38:T>C-38:T>C,2653811.0,10530371.0,0.08731201101360885
100029213|F|0-12:G>A-12:G>A,100032761|F|0-35:G>T-35:G>T,2653811.0,11013852.0,0.0005212544147057603
100029213|F|0-12:G>A-12:G>A,100018106|F|0-5:T>C-5:T>C,2653811.0,11160342.0,0.005832794503239912
100029213|F|0-12:G>A-12:G>A,100029056|F|0-22:A>T-22:A>T,2653811.0,11582180.0,0.0036825710552623944
100029213|F|0-12:G>A-12:G>A,100019200|F|0-60:C>T-60:C>T,2653811.0,11806800.0,0.00046421104753521233
100029213|F|0-12:G>A-12:G>A,100017507|F|0-36:T>C-36:T>C,2653811.0,12067176.0,0.00046902914537371647
100029213|F|0-12:G>A-12:G>A,100015126|F|0-46:T>G-46:T>G,2653811.0,12238563.0,0.0005090785677922967
100029213|F|0-12:G>A-12:G>A,100035996|F|0-47:A>G-47:A>G,2653811.0,12678333.0,0.04575742546623474
100029213|F|0-12:G>A-12:G>A,100041089|F|0-45:A>G-45:A>G,2653811.0,12678338.0,0.04575742546623474
100029213|F|0-12:G>A-12:G>A,100015053|F|0-21:C>T-21:C>T,2653811.0,12815706.0,0.003233287372439938
100029213|F|0-12:G>A-12:G>A,100016297|F|0-36:A>G-36:A>G,2653811.0,12845233.0,0.017105473751600517
100029213|F|0-12:G>A-12:G>A,100016238|F|0-41:C>A-41:C>A,2653811.0,12849798.0,0.0097552267180419
100029213|F|0-12:G>A-12:G>A,100016677|F|0-45:G>A-45:G>A,2653811.0,13416059.0,0.006991654529165056
100029213|F|0-12:G>A-12:G>A,100035421|F|0-6:T>A-6:T>A,2653811.0,13420106.0,0.016814401226949348
100029213|F|0-12:G>A-12:G>A,100015018|F|0-5:T>A-5:T>A,2653811.0,13421247.0,0.021782398463934084
100029213|F|0-12:G>A-12:G>A,100020103|F|0-18:T>C-18:T>C,2653811.0,13646039.0,1.291493089995389e-07
100029213|F|0-12:G>A-12:G>A,100014062|F|0-62:G>A-62:G>A,2653811.0,13646044.0,0.0010186116700201223
100029213|F|0-12:G>A-12:G>A,100039121|F|0-17:A>G-17:A>G,2653811.0,13667695.0,0.0036339350366310697
100029213|F|0-12:G>A-12:G>A,100018973|F|0-53:T>G-53:T>G,2653811.0,13667871.0,0.0010186116700201231
100029213|F|0-12:G>A-12:G>A,100022289|F|0-10:A>G-10:A>G,2653811.0,13667876.0,0.0007303817971997829
100029213|F|0-12:G>A-12:G>A,100015169|F|0-21:A>G-21:A>G,2653811.0,13718785.0,0.005042388640352757
100029213|F|0-12:G>A-12:G>A,100020673|F|0-43:T>A-43:T>A,2653811.0,13731316.0,0.0005582274132600488
100029213|F|0-12:G>A-12:G>A,100015679|F|0-19:G>A-19:G>A,2653811.0,14080553.0,0.00025281503978554176
100029213|F|0-12:G>A-12:G>A,100016059|F|0-15:A>T-15:A>T,2653811.0,14090473.0,0.017385563380281722
100029213|F|0-12:G>A-12:G>A,100019698|F|0-15:C>A-15:C>A,2653811.0,14160112.0,0.07414814063846226
100029213|F|0-12:G>A-12:G>A,100036115|F|0-39:C>T-39:C>T,2653811.0,14240591.0,0.0027863533819358867
100029213|F|0-12:G>A-12:G>A,100035750|F|0-64:T>C-64:T>C,2653811.0,14346419.0,0.021054973893015572
100029213|F|0-12:G>A-12:G>A,100021715|F|0-7:C>A-7:C>A,2653811.0,14348921.0,0.013349070479935173
100029213|F|0-12:G>A-12:G>A,100040569|F|0-37:C>T-37:C>T,2653811.0,14351912.0,0.0006085898104677413
100029213|F|0-12:G>A-12:G>A,100015147|F|0-16:C>G-16:C>G,2653811.0,14409032.0,0.012576261939288761
100029213|F|0-12:G>A-12:G>A,100030246|F|0-11:C>A-11:C>A,2653811.0,14458674.0,0.009585595480441397
100029213|F|0-12:G>A-12:G>A,100035083|F|0-24:G>C-24:G>C,2653811.0,14490822.0,0.003559473057481979
100029213|F|0-12:G>A-12:G>A,100013053|F|0-56:A>T-56:A>T,2653811.0,14502847.0,3.963804440475718e-05
100029213|F|0-12:G>A-12:G>A,100044112|F|0-18:T>G-18:T>G,2653811.0,14593733.0,0.014020756483344516
100029213|F|0-12:G>A-12:G>A,100041853|F|0-21:T>C-21:T>C,2653811.0,14595838.0,0.007556371339956014
100029213|F|0-12:G>A-12:G>A,100033723|F|0-20:T>C-20:T>C,2653811.0,14595843.0,0.007603289247468567
100029213|F|0-12:G>A-12:G>A,100017564|F|0-8:A>T-8:A>T,2653811.0,14625545.0,0.009895252811835037
100029213|F|0-12:G>A-12:G>A,100057963|F|0-26:C>T-26:C>T,2653811.0,14656009.0,0.011005704365079359
100029213|F|0-12:G>A-12:G>A,100019295|F|0-19:G>T-19:G>T,2653811.0,14656014.0,0.004112426059595322
100029213|F|0-12:G>A-12:G>A,100035362|F|0-6:C>A-6:C>A,2653811.0,14658473.0,0.004823667593587181
100029213|F|0-12:G>A-12:G>A,100014679|F|0-16:C>A-16:C>A,2653811.0,14859822.0,0.013745385487974387
100029213|F|0-12:G>A-12:G>A,100021838|F|0-57:A>G-57:A>G,2653811.0,14928961.0,0.07175474723340056
100029213|F|0-12:G>A-12:G>A,100046294|F|0-6:C>G-6:C>G,2653811.0,15124860.0,0.002023640338894796
100029213|F|0-12:G>A-12:G>A,100045141|F|0-49:C>T-49:C>T,2653811.0,15225158.0,0.012177316247662223
100029213|F|0-12:G>A-12:G>A,100043254|F|0-7:C>G-7:C>G,2653811.0,15229542.0,0.018586557454483007
100029213|F|0-12:G>A-12:G>A,100013673|F|0-63:C>A-63:C>A,2653811.0,15256237.0,0.05549657830518538
100029213|F|0-12:G>A-12:G>A,100016806|F|0-26:T>A-26:T>A,2653811.0,15351778.0,0.01848884820114718
100029213|F|0-12:G>A-12:G>A,100033542|F|0-31:T>C-31:T>C,2653811.0,15394673.0,0.003288728741745078
100029213|F|0-12:G>A-12:G>A,100029793|F|0-30:G>A-30:G>A,2653811.0,15400977.0,0.0006460051361396017
100029213|F|0-12:G>A-12:G>A,100021703|F|0-41:T>C-41:T>C,2653811.0,15431799.0,0.0056836435834649495
100029213|F|0-12:G>A-12:G>A,100017056|F|0-15:G>A-15:G>A,2653811.0,15535069.0,0.006835683460923851
100029213|F|0-12:G>A-12:G>A,100021184|F|0-17:T>G-17:T>G,2653811.0,15536283.0,0.006835683460923851
100029213|F|0-12:G>A-12:G>A,100044126|F|0-46:C>T-46:C>T,2653811.0,15556197.0,0.0006401086809317436
100029213|F|0-12:G>A-12:G>A,100017834|F|0-8:C>T-8:C>T,2653811.0,15619447.0,0.003626341325175223
100029213|F|0-12:G>A-12:G>A,100020292|F|0-58:T>C-58:T>C,2653811.0,15819325.0,0.003196933295128103
100029213|F|0-12:G>A-12:G>A,100015600|F|0-30:C>A-30:C>A,2653811.0,15832699.0,0.003071854362690659
100029213|F|0-12:G>A-12:G>A,100049389|F|0-23:C>A-23:C>A,2653811.0,15838578.0,0.005151815078540044
100029213|F|0-12:G>A-12:G>A,100038568|F|0-15:C>T-15:C>T,2653811.0,15839422.0,0.003071854362690659
100029213|F|0-12:G>A-12:G>A,100018705|F|0-34:T>C-34:T>C,2653811.0,15915251.0,0.004147144712390482
100029213|F|0-12:G>A-12:G>A,100019856|F|0-16:C>T-16:C>T,2653811.0,15948596.0,0.0005699665619616972
100029213|F|0-12:G>A-12:G>A,100034716|F|0-53:A>G-53:A>G,2653811.0,15958067.0,8.448581280165546e-05
100029213|F|0-12:G>A-12:G>A,100021071|F|0-60:A>G-60:A>G,2653811.0,15967627.0,6.77762132751253e-05
100029213|F|0-12:G>A-12:G>A,100020211|F|0-33:C>A-33:C>A,2653811.0,15977146.0,0.0003817168961234569
100029213|F|0-12:G>A-12:G>A,100013484|F|0-22:G>A-22:G>A,2653811.0,16177456.0,0.004441443954955152
100029213|F|0-12:G>A-12:G>A,100021316|F|0-63:C>A-63:C>A,2653811.0,16179198.0,0.0016587827031009177
100029213|F|0-12:G>A-12:G>A,100017187|F|0-41:T>C-41:T>C,2653811.0,16245982.0,0.014870227222711264
100029213|F|0-12:G>A-12:G>A,100029840|F|0-31:T>C-31:T>C,2653811.0,16252498.0,0.009558716315801904
100029213|F|0-12:G>A-12:G>A,100013453|F|0-6:G>A-6:G>A,2653811.0,16307679.0,0.06178291798465544
100029213|F|0-12:G>A-12:G>A,100016783|F|0-52:G>T-52:G>T,2653811.0,16317524.0,0.07213768943474785
100029213|F|0-12:G>A-12:G>A,100014400|F|0-16:A>T-16:A>T,2653811.0,16381041.0,0.04981850072279727
100029213|F|0-12:G>A-12:G>A,100016625|F|0-16:T>C-16:T>C,2653811.0,16411184.0,0.07640263130816273
100029213|F|0-12:G>A-12:G>A,100015226|F|0-25:T>A-25:T>A,2653811.0,16581877.0,0.010009183005006781
100029213|F|0-12:G>A-12:G>A,100017539|F|0-11:A>T-11:A>T,2653811.0,16662610.0,0.000295173820701992
100029213|F|0-12:G>A-12:G>A,100033601|F|0-15:C>A-15:C>A,2653811.0,16769146.0,0.00042639287997521807
100029213|F|0-12:G>A-12:G>A,100039949|F|0-62:A>T-62:A>T,2653811.0,16793350.0,0.0004977783366867874
100029213|F|0-12:G>A-12:G>A,100035334|F|0-35:T>C-35:T>C,2653811.0,16832622.0,0.005621192271496446
100029213|F|0-12:G>A-12:G>A,100021345|F|0-28:C>T-28:C>T,2653811.0,16899147.0,0.0005590821629971416
100029213|F|0-12:G>A-12:G>A,100022139|F|0-65:T>C-65:T>C,2653811.0,16965771.0,0.004254892417679451
100029213|F|0-12:G>A-12:G>A,100044804|F|0-53:G>C-53:G>C,2653811.0,16968917.0,0.0016415125830137156
100029213|F|0-12:G>A-12:G>A,100030290|F|0-11:A>C-11:A>C,2653811.0,16971407.0,0.004254892417679451
100029213|F|0-12:G>A-12:G>A,100017336|F|0-39:A>G-39:A>G,2653811.0,16987827.0,0.0017647626966329937
100029213|F|0-12:G>A-12:G>A,100029568|F|0-9:T>G-9:T>G,2653811.0,16988131.0,0.0006286028807836234
100029213|F|0-12:G>A-12:G>A,100034247|F|0-37:G>C-37:G>C,2653811.0,16999534.0,0.00029012663858095773
100029213|F|0-12:G>A-12:G>A,100012983|F|0-45:A>T-45:A>T,2653811.0,17017248.0,0.003803735180869384
100029213|F|0-12:G>A-12:G>A,100020033|F|0-7:G>A-7:G>A,2653811.0,17020316.0,0.0006848073736536872
100029213|F|0-12:G>A-12:G>A,100018782|F|0-63:C>T-63:C>T,2653811.0,17424649.0,0.0041688204797582975
100029213|F|0-12:G>A-12:G>A,100019630|F|0-24:A>T-24:A>T,2653811.0,17521232.0,0.025084009841152843
100029213|F|0-12:G>A-12:G>A,100021757|F|0-47:G>A-47:G>A,2653811.0,17521694.0,0.019793476769709162
100029213|F|0-12:G>A-12:G>A,100038944|F|0-45:C>T-45:C>T,2653811.0,17607936.0,0.0004558393956872044
100029213|F|0-12:G>A-12:G>A,100047378|F|0-35:C>T-35:C>T,2653811.0,17706505.0,0.009793970572484363
100029213|F|0-12:G>A-12:G>A,100029543|F|0-46:T>C-46:T>C,2653811.0,18278899.0,0.019532232457243448
100029213|F|0-12:G>A-12:G>A,100021798|F|0-27:T>C-27:T>C,2653811.0,18732658.0,0.01556910328482212
100029213|F|0-12:G>A-12:G>A,100017716|F|0-8:C>T-8:C>T,2653811.0,18851585.0,0.0058253935376967715
100018381|F|0-53:C>A-53:C>A,100041008|F|0-24:G>A-24:G>A,3135391.0,3236850.0,0.013477592536517346
100018381|F|0-53:C>A-53:C>A,100016689|F|0-47:G>T-47:G>T,3135391.0,3422286.0,0.00010314312898364
100018381|F|0-53:C>A-53:C>A,100029850|F|0-32:T>C-32:T>C,3135391.0,4297916.0,0.07539502094150619
100018381|F|0-53:C>A-53:C>A,100041567|F|0-33:A>T-33:A>T,3135391.0,4297921.0,0.06205483584928113
100018381|F|0-53:C>A-53:C>A,100016452|F|0-6:G>A-6:G>A,3135391.0,4298929.0,0.07685247761705546
100018381|F|0-53:C>A-53:C>A,100013207|F|0-60:C>G-60:C>G,3135391.0,4298934.0,0.07732016273169914
100018381|F|0-53:C>A-53:C>A,100013419|F|0-62:G>T-62:G>T,3135391.0,4560526.0,0.006643765807255302
100018381|F|0-53:C>A-53:C>A,100017267|F|0-60:T>C-60:T>C,3135391.0,4794124.0,0.04818255562559704
100018381|F|0-53:C>A-53:C>A,100035378|F|0-22:G>A-22:G>A,3135391.0,4795005.0,0.21434985876318524
100018381|F|0-53:C>A-53:C>A,100034189|F|0-36:A>T-36:A>T,3135391.0,5191352.0,0.009194708732459103
100018381|F|0-53:C>A-53:C>A,100030017|F|0-30:G>A-30:G>A,3135391.0,5194871.0,0.0076692914425933205
100018381|F|0-53:C>A-53:C>A,100019240|F|0-12:A>C-12:A>C,3135391.0,5221682.0,0.004042726598655778
100018381|F|0-53:C>A-53:C>A,100039010|F|0-12:C>T-12:C>T,3135391.0,5826827.0,0.0427157230048051
100018381|F|0-53:C>A-53:C>A,100034526|F|0-38:G>A-38:G>A,3135391.0,5829779.0,0.08859822104623798
100018381|F|0-53:C>A-53:C>A,100040746|F|0-42:G>A-42:G>A,3135391.0,5944865.0,0.012211579055121366
100018381|F|0-53:C>A-53:C>A,100021961|F|0-53:A>T-53:A>T,3135391.0,6058253.0,0.026184608300330075
100018381|F|0-53:C>A-53:C>A,100014327|F|0-12:T>C-12:T>C,3135391.0,6588263.0,0.058812946711405335
100018381|F|0-53:C>A-53:C>A,100044383|F|0-11:A>T-11:A>T,3135391.0,6629814.0,0.06317819825830961
100018381|F|0-53:C>A-53:C>A,100017856|F|0-8:G>C-8:G>C,3135391.0,6634620.0,0.0570947845752647
100018381|F|0-53:C>A-53:C>A,100058672|F|0-30:C>T-30:C>T,3135391.0,7170197.0,0.009862043741941849
100018381|F|0-53:C>A-53:C>A,100016006|F|0-20:G>A-20:G>A,3135391.0,7243813.0,0.0033309163418834484
100018381|F|0-53:C>A-53:C>A,100014225|F|0-25:G>A-25:G>A,3135391.0,7752093.0,0.052223781456189854
100018381|F|0-53:C>A-53:C>A,100019858|F|0-55:G>C-55:G>C,3135391.0,7879011.0,0.02571649612394517
100018381|F|0-53:C>A-53:C>A,100020367|F|0-37:A>T-37:A>T,3135391.0,8687209.0,0.0009077770212969306
100018381|F|0-53:C>A-53:C>A,100017575|F|0-33:C>A-33:C>A,3135391.0,8708407.0,0.006905239894549998
100018381|F|0-53:C>A-53:C>A,100021965|F|0-19:C>T-19:C>T,3135391.0,9286898.0,0.0038855659980091568
100018381|F|0-53:C>A-53:C>A,100022176|F|0-8:G>A-8:G>A,3135391.0,9450266.0,0.005763112080523494
100018381|F|0-53:C>A-53:C>A,100033258|F|0-23:G>A-23:G>A,3135391.0,9597839.0,0.10866609806805143
100018381|F|0-53:C>A-53:C>A,100016832|F|0-65:T>A-65:T>A,3135391.0,9956473.0,0.016627683985323324
100018381|F|0-53:C>A-53:C>A,100015585|F|0-38:T>C-38:T>C,3135391.0,10530371.0,0.011360228813869085
100018381|F|0-53:C>A-53:C>A,100032761|F|0-35:G>T-35:G>T,3135391.0,11013852.0,0.024581934869199993
100018381|F|0-53:C>A-53:C>A,100018106|F|0-5:T>C-5:T>C,3135391.0,11160342.0,0.006850838560434181
100018381|F|0-53:C>A-53:C>A,100029056|F|0-22:A>T-22:A>T,3135391.0,11582180.0,0.0003240638833859167
100018381|F|0-53:C>A-53:C>A,100019200|F|0-60:C>T-60:C>T,3135391.0,11806800.0,0.04607114577983228
100018381|F|0-53:C>A-53:C>A,100017507|F|0-36:T>C-36:T>C,3135391.0,12067176.0,0.008501468865950634
100018381|F|0-53:C>A-53:C>A,100015126|F|0-46:T>G-46:T>G,3135391.0,12238563.0,0.021984187391579684
100018381|F|0-53:C>A-53:C>A,100035996|F|0-47:A>G-47:A>G,3135391.0,12678333.0,0.08339362507557485
100018381|F|0-53:C>A-53:C>A,100041089|F|0-45:A>G-45:A>G,3135391.0,12678338.0,0.08339362507557485
100018381|F|0-53:C>A-53:C>A,100015053|F|0-21:C>T-21:C>T,3135391.0,12815706.0,0.033141726184026096
100018381|F|0-53:C>A-53:C>A,100016297|F|0-36:A>G-36:A>G,3135391.0,12845233.0,0.019960778820563102
100018381|F|0-53:C>A-53:C>A,100016238|F|0-41:C>A-41:C>A,3135391.0,12849798.0,0.005004889709646404
100018381|F|0-53:C>A-53:C>A,100016677|F|0-45:G>A-45:G>A,3135391.0,13416059.0,0.013597359157693124
100018381|F|0-53:C>A-53:C>A,100035421|F|0-6:T>A-6:T>A,3135391.0,13420106.0,8.273367962342116e-05
100018381|F|0-53:C>A-53:C>A,100015018|F|0-5:T>A-5:T>A,3135391.0,13421247.0,0.0008078801455529118
100018381|F|0-53:C>A-53:C>A,100020103|F|0-18:T>C-18:T>C,3135391.0,13646039.0,2.9538642572779244e-05
100018381|F|0-53:C>A-53:C>A,100014062|F|0-62:G>A-62:G>A,3135391.0,13646044.0,9.17161934111098e-05
100018381|F|0-53:C>A-53:C>A,100039121|F|0-17:A>G-17:A>G,3135391.0,13667695.0,0.0005301787696538915
100018381|F|0-53:C>A-53:C>A,100018973|F|0-53:T>G-53:T>G,3135391.0,13667871.0,9.171619341110953e-05
100018381|F|0-53:C>A-53:C>A,100022289|F|0-10:A>G-10:A>G,3135391.0,13667876.0,8.11231088809017e-06
100018381|F|0-53:C>A-53:C>A,100015169|F|0-21:A>G-21:A>G,3135391.0,13718785.0,0.01138998037663744
100018381|F|0-53:C>A-53:C>A,100020673|F|0-43:T>A-43:T>A,3135391.0,13731316.0,0.02420836019430482
100018381|F|0-53:C>A-53:C>A,100015679|F|0-19:G>A-19:G>A,3135391.0,14080553.0,0.013212867576890362
100018381|F|0-53:C>A-53:C>A,100016059|F|0-15:A>T-15:A>T,3135391.0,14090473.0,0.023348359696514505
100018381|F|0-53:C>A-53:C>A,100019698|F|0-15:C>A-15:C>A,3135391.0,14160112.0,0.08937980067288753
100018381|F|0-53:C>A-53:C>A,100036115|F|0-39:C>T-39:C>T,3135391.0,14240591.0,0.010385835203234054
100018381|F|0-53:C>A-53:C>A,100035750|F|0-64:T>C-64:T>C,3135391.0,14346419.0,0.0011635392701099592
100018381|F|0-53:C>A-53:C>A,100021715|F|0-7:C>A-7:C>A,3135391.0,14348921.0,0.000495099243555865
100018381|F|0-53:C>A-53:C>A,100040569|F|0-37:C>T-37:C>T,3135391.0,14351912.0,0.021622602131076717
100018381|F|0-53:C>A-53:C>A,100015147|F|0-16:C>G-16:C>G,3135391.0,14409032.0,0.024708327634066
100018381|F|0-53:C>A-53:C>A,100030246|F|0-11:C>A-11:C>A,3135391.0,14458674.0,0.03659338402287794
100018381|F|0-53:C>A-53:C>A,100035083|F|0-24:G>C-24:G>C,3135391.0,14490822.0,0.014119917270636339
100018381|F|0-53:C>A-53:C>A,100013053|F|0-56:A>T-56:A>T,3135391.0,14502847.0,0.03943849179037009
100018381|F|0-53:C>A-53:C>A,100044112|F|0-18:T>G-18:T>G,3135391.0,14593733.0,0.000387246149958015
100018381|F|0-53:C>A-53:C>A,100041853|F|0-21:T>C-21:T>C,3135391.0,14595838.0,0.0007857168260017711
100018381|F|0-53:C>A-53:C>A,100033723|F|0-20:T>C-20:T>C,3135391.0,14595843.0,0.0017107999502921315
100018381|F|0-53:C>A-53:C>A,100017564|F|0-8:A>T-8:A>T,3135391.0,14625545.0,0.005658031356116941
100018381|F|0-53:C>A-53:C>A,100057963|F|0-26:C>T-26:C>T,3135391.0,14656009.0,0.017130546791563724
100018381|F|0-53:C>A-53:C>A,100019295|F|0-19:G>T-19:G>T,3135391.0,14656014.0,0.010761711725194967
100018381|F|0-53:C>A-53:C>A,100035362|F|0-6:C>A-6:C>A,3135391.0,14658473.0,0.0019776573861645767
100018381|F|0-53:C>A-53:C>A,100014679|F|0-16:C>A-16:C>A,3135391.0,14859822.0,0.04703130394944606
100018381|F|0-53:C>A-53:C>A,100021838|F|0-57:A>G-57:A>G,3135391.0,14928961.0,0.1883976722430111
100018381|F|0-53:C>A-53:C>A,100046294|F|0-6:C>G-6:C>G,3135391.0,15124860.0,0.027579512232738457
100018381|F|0-53:C>A-53:C>A,100045141|F|0-49:C>T-49:C>T,3135391.0,15225158.0,0.0006247370838380427
100018381|F|0-53:C>A-53:C>A,100043254|F|0-7:C>G-7:C>G,3135391.0,15229542.0,0.0002677665451538948
100018381|F|0-53:C>A-53:C>A,100013673|F|0-63:C>A-63:C>A,3135391.0,15256237.0,0.0007551748652632331
100018381|F|0-53:C>A-53:C>A,100016806|F|0-26:T>A-26:T>A,3135391.0,15351778.0,0.06959055153464473
100018381|F|0-53:C>A-53:C>A,100033542|F|0-31:T>C-31:T>C,3135391.0,15394673.0,0.008752693259339273
100018381|F|0-53:C>A-53:C>A,100029793|F|0-30:G>A-30:G>A,3135391.0,15400977.0,0.015077352793536053
100018381|F|0-53:C>A-53:C>A,100021703|F|0-41:T>C-41:T>C,3135391.0,15431799.0,0.06389937184084268
100018381|F|0-53:C>A-53:C>A,100017056|F|0-15:G>A-15:G>A,3135391.0,15535069.0,0.005987155667402531
100018381|F|0-53:C>A-53:C>A,100021184|F|0-17:T>G-17:T>G,3135391.0,15536283.0,0.005987155667402531
100018381|F|0-53:C>A-53:C>A,100044126|F|0-46:C>T-46:C>T,3135391.0,15556197.0,0.001784056339141074
100018381|F|0-53:C>A-53:C>A,100017834|F|0-8:C>T-8:C>T,3135391.0,15619447.0,0.014919781702318578
100018381|F|0-53:C>A-53:C>A,100020292|F|0-58:T>C-58:T>C,3135391.0,15819325.0,0.01077061964704203
100018381|F|0-53:C>A-53:C>A,100015600|F|0-30:C>A-30:C>A,3135391.0,15832699.0,0.008727385678999722
100018381|F|0-53:C>A-53:C>A,100049389|F|0-23:C>A-23:C>A,3135391.0,15838578.0,0.006342257437844257
100018381|F|0-53:C>A-53:C>A,100038568|F|0-15:C>T-15:C>T,3135391.0,15839422.0,0.008727385678999722
100018381|F|0-53:C>A-53:C>A,100018705|F|0-34:T>C-34:T>C,3135391.0,15915251.0,0.03699043501490466
100018381|F|0-53:C>A-53:C>A,100019856|F|0-16:C>T-16:C>T,3135391.0,15948596.0,0.028825937709000778
100018381|F|0-53:C>A-53:C>A,100034716|F|0-53:A>G-53:A>G,3135391.0,15958067.0,0.019323341689949085
100018381|F|0-53:C>A-53:C>A,100021071|F|0-60:A>G-60:A>G,3135391.0,15967627.0,0.02253212681303417
100018381|F|0-53:C>A-53:C>A,100020211|F|0-33:C>A-33:C>A,3135391.0,15977146.0,0.021753833530394028
100018381|F|0-53:C>A-53:C>A,100013484|F|0-22:G>A-22:G>A,3135391.0,16177456.0,0.0009519474858329736
100018381|F|0-53:C>A-53:C>A,100021316|F|0-63:C>A-63:C>A,3135391.0,16179198.0,2.863211653907875e-05
100018381|F|0-53:C>A-53:C>A,100017187|F|0-41:T>C-41:T>C,3135391.0,16245982.0,0.022119366332819714
100018381|F|0-53:C>A-53:C>A,100029840|F|0-31:T>C-31:T>C,3135391.0,16252498.0,0.01070592296299618
100018381|F|0-53:C>A-53:C>A,100013453|F|0-6:G>A-6:G>A,3135391.0,16307679.0,0.09871313006224948
100018381|F|0-53:C>A-53:C>A,100016783|F|0-52:G>T-52:G>T,3135391.0,16317524.0,0.10618618217559432
100018381|F|0-53:C>A-53:C>A,100014400|F|0-16:A>T-16:A>T,3135391.0,16381041.0,0.09024328233468469
100018381|F|0-53:C>A-53:C>A,100016625|F|0-16:T>C-16:T>C,3135391.0,16411184.0,0.09024328233468469
100018381|F|0-53:C>A-53:C>A,100015226|F|0-25:T>A-25:T>A,3135391.0,16581877.0,0.01541045342779677
100018381|F|0-53:C>A-53:C>A,100017539|F|0-11:A>T-11:A>T,3135391.0,16662610.0,0.015426663731748428
100018381|F|0-53:C>A-53:C>A,100033601|F|0-15:C>A-15:C>A,3135391.0,16769146.0,0.060808668844645204
100018381|F|0-53:C>A-53:C>A,100039949|F|0-62:A>T-62:A>T,3135391.0,16793350.0,0.04705040721989875
100018381|F|0-53:C>A-53:C>A,100035334|F|0-35:T>C-35:T>C,3135391.0,16832622.0,0.04001495689154212
100018381|F|0-53:C>A-53:C>A,100021345|F|0-28:C>T-28:C>T,3135391.0,16899147.0,0.06935736677115967
100018381|F|0-53:C>A-53:C>A,100022139|F|0-65:T>C-65:T>C,3135391.0,16965771.0,0.08740694264814836
100018381|F|0-53:C>A-53:C>A,100044804|F|0-53:G>C-53:G>C,3135391.0,16968917.0,0.05968125727814114
100018381|F|0-53:C>A-53:C>A,100030290|F|0-11:A>C-11:A>C,3135391.0,16971407.0,0.08740694264814836
100018381|F|0-53:C>A-53:C>A,100017336|F|0-39:A>G-39:A>G,3135391.0,16987827.0,0.08619295345743896
100018381|F|0-53:C>A-53:C>A,100029568|F|0-9:T>G-9:T>G,3135391.0,16988131.0,0.04102229602833627
100018381|F|0-53:C>A-53:C>A,100034247|F|0-37:G>C-37:G>C,3135391.0,16999534.0,0.06635689454533292
100018381|F|0-53:C>A-53:C>A,100012983|F|0-45:A>T-45:A>T,3135391.0,17017248.0,0.007764204660924592
100018381|F|0-53:C>A-53:C>A,100020033|F|0-7:G>A-7:G>A,3135391.0,17020316.0,0.04365690806368769
100018381|F|0-53:C>A-53:C>A,100018782|F|0-63:C>T-63:C>T,3135391.0,17424649.0,0.007487698105984088
100018381|F|0-53:C>A-53:C>A,100019630|F|0-24:A>T-24:A>T,3135391.0,17521232.0,0.0023120295874765246
100018381|F|0-53:C>A-53:C>A,100021757|F|0-47:G>A-47:G>A,3135391.0,17521694.0,0.0015525050193771165
100018381|F|0-53:C>A-53:C>A,100038944|F|0-45:C>T-45:C>T,3135391.0,17607936.0,0.000855056622694264
100018381|F|0-53:C>A-53:C>A,100047378|F|0-35:C>T-35:C>T,3135391.0,17706505.0,0.01846960127797275
100018381|F|0-53:C>A-53:C>A,100029543|F|0-46:T>C-46:T>C,3135391.0,18278899.0,0.02418735153441182
100018381|F|0-53:C>A-53:C>A,100021798|F|0-27:T>C-27:T>C,3135391.0,18732658.0,3.077560684367507e-06
100018381|F|0-53:C>A-53:C>A,100017716|F|0-8:C>T-8:C>T,3135391.0,18851585.0,3.0212393123659956e-05
100041008|F|0-24:G>A-24:G>A,100016689|F|0-47:G>T-47:G>T,3236850.0,3422286.0,0.04722856850805604
100041008|F|0-24:G>A-24:G>A,100029850|F|0-32:T>C-32:T>C,3236850.0,4297916.0,0.04279794168705082
100041008|F|0-24:G>A-24:G>A,100041567|F|0-33:A>T-33:A>T,3236850.0,4297921.0,0.03440640539203677
100041008|F|0-24:G>A-24:G>A,100016452|F|0-6:G>A-6:G>A,3236850.0,4298929.0,0.029045107467628617
100041008|F|0-24:G>A-24:G>A,100013207|F|0-60:C>G-60:C>G,3236850.0,4298934.0,0.03939605320245178
100041008|F|0-24:G>A-24:G>A,100013419|F|0-62:G>T-62:G>T,3236850.0,4560526.0,0.014936329954833263
100041008|F|0-24:G>A-24:G>A,100017267|F|0-60:T>C-60:T>C,3236850.0,4794124.0,0.0005024514989179544
100041008|F|0-24:G>A-24:G>A,100035378|F|0-22:G>A-22:G>A,3236850.0,4795005.0,0.019049829378099313
100041008|F|0-24:G>A-24:G>A,100034189|F|0-36:A>T-36:A>T,3236850.0,5191352.0,7.2672500611026365e-06
100041008|F|0-24:G>A-24:G>A,100030017|F|0-30:G>A-30:G>A,3236850.0,5194871.0,0.0001965235928021221
100041008|F|0-24:G>A-24:G>A,100019240|F|0-12:A>C-12:A>C,3236850.0,5221682.0,4.0097330809489264e-05
100041008|F|0-24:G>A-24:G>A,100039010|F|0-12:C>T-12:C>T,3236850.0,5826827.0,0.04322459235799476
100041008|F|0-24:G>A-24:G>A,100034526|F|0-38:G>A-38:G>A,3236850.0,5829779.0,6.887298106508585e-05
100041008|F|0-24:G>A-24:G>A,100040746|F|0-42:G>A-42:G>A,3236850.0,5944865.0,0.006601993352499195
100041008|F|0-24:G>A-24:G>A,100021961|F|0-53:A>T-53:A>T,3236850.0,6058253.0,0.0007291056569923122
100041008|F|0-24:G>A-24:G>A,100014327|F|0-12:T>C-12:T>C,3236850.0,6588263.0,0.01294477317022167
100041008|F|0-24:G>A-24:G>A,100044383|F|0-11:A>T-11:A>T,3236850.0,6629814.0,0.00034831448979731486
100041008|F|0-24:G>A-24:G>A,100017856|F|0-8:G>C-8:G>C,3236850.0,6634620.0,0.002466680227902504
100041008|F|0-24:G>A-24:G>A,100058672|F|0-30:C>T-30:C>T,3236850.0,7170197.0,0.0033062810614029746
100041008|F|0-24:G>A-24:G>A,100016006|F|0-20:G>A-20:G>A,3236850.0,7243813.0,0.008596462158675185
100041008|F|0-24:G>A-24:G>A,100014225|F|0-25:G>A-25:G>A,3236850.0,7752093.0,0.0009480858265594601
100041008|F|0-24:G>A-24:G>A,100019858|F|0-55:G>C-55:G>C,3236850.0,7879011.0,0.013102153838841928
100041008|F|0-24:G>A-24:G>A,100020367|F|0-37:A>T-37:A>T,3236850.0,8687209.0,0.0022331394394843793
100041008|F|0-24:G>A-24:G>A,100017575|F|0-33:C>A-33:C>A,3236850.0,8708407.0,0.10489324652086995
100041008|F|0-24:G>A-24:G>A,100021965|F|0-19:C>T-19:C>T,3236850.0,9286898.0,0.15443969879851263
100041008|F|0-24:G>A-24:G>A,100022176|F|0-8:G>A-8:G>A,3236850.0,9450266.0,0.00020244482313069962
100041008|F|0-24:G>A-24:G>A,100033258|F|0-23:G>A-23:G>A,3236850.0,9597839.0,1.1836181762386988e-05
100041008|F|0-24:G>A-24:G>A,100016832|F|0-65:T>A-65:T>A,3236850.0,9956473.0,0.034810957775375746
100041008|F|0-24:G>A-24:G>A,100015585|F|0-38:T>C-38:T>C,3236850.0,10530371.0,0.01066521270228892
100041008|F|0-24:G>A-24:G>A,100032761|F|0-35:G>T-35:G>T,3236850.0,11013852.0,0.02543196525985457
100041008|F|0-24:G>A-24:G>A,100018106|F|0-5:T>C-5:T>C,3236850.0,11160342.0,0.03200647340184042
100041008|F|0-24:G>A-24:G>A,100029056|F|0-22:A>T-22:A>T,3236850.0,11582180.0,0.0003087071346429747
100041008|F|0-24:G>A-24:G>A,100019200|F|0-60:C>T-60:C>T,3236850.0,11806800.0,0.00019485314226330298
100041008|F|0-24:G>A-24:G>A,100017507|F|0-36:T>C-36:T>C,3236850.0,12067176.0,0.0008108343147082641
100041008|F|0-24:G>A-24:G>A,100015126|F|0-46:T>G-46:T>G,3236850.0,12238563.0,0.02170382289426814
100041008|F|0-24:G>A-24:G>A,100035996|F|0-47:A>G-47:A>G,3236850.0,12678333.0,0.021255369192537166
100041008|F|0-24:G>A-24:G>A,100041089|F|0-45:A>G-45:A>G,3236850.0,12678338.0,0.021255369192537166
100041008|F|0-24:G>A-24:G>A,100015053|F|0-21:C>T-21:C>T,3236850.0,12815706.0,2.6552848551295767e-05
100041008|F|0-24:G>A-24:G>A,100016297|F|0-36:A>G-36:A>G,3236850.0,12845233.0,0.017162304276700152
100041008|F|0-24:G>A-24:G>A,100016238|F|0-41:C>A-41:C>A,3236850.0,12849798.0,0.026484340246199063
100041008|F|0-24:G>A-24:G>A,100016677|F|0-45:G>A-45:G>A,3236850.0,13416059.0,4.616279134406432e-07
100041008|F|0-24:G>A-24:G>A,100035421|F|0-6:T>A-6:T>A,3236850.0,13420106.0,0.029811191569431517
100041008|F|0-24:G>A-24:G>A,100015018|F|0-5:T>A-5:T>A,3236850.0,13421247.0,0.0172992228630051
100041008|F|0-24:G>A-24:G>A,100020103|F|0-18:T>C-18:T>C,3236850.0,13646039.0,0.005638238811343512
100041008|F|0-24:G>A-24:G>A,100014062|F|0-62:G>A-62:G>A,3236850.0,13646044.0,0.0022454504965580832
100041008|F|0-24:G>A-24:G>A,100039121|F|0-17:A>G-17:A>G,3236850.0,13667695.0,0.00911671758358284
100041008|F|0-24:G>A-24:G>A,100018973|F|0-53:T>G-53:T>G,3236850.0,13667871.0,0.007722865112790189
100041008|F|0-24:G>A-24:G>A,100022289|F|0-10:A>G-10:A>G,3236850.0,13667876.0,0.011512941831128306
100041008|F|0-24:G>A-24:G>A,100015169|F|0-21:A>G-21:A>G,3236850.0,13718785.0,0.008220984957818148
100041008|F|0-24:G>A-24:G>A,100020673|F|0-43:T>A-43:T>A,3236850.0,13731316.0,0.006673019431106037
100041008|F|0-24:G>A-24:G>A,100015679|F|0-19:G>A-19:G>A,3236850.0,14080553.0,0.004404308940684663
100041008|F|0-24:G>A-24:G>A,100016059|F|0-15:A>T-15:A>T,3236850.0,14090473.0,0.0004532185429225603
100041008|F|0-24:G>A-24:G>A,100019698|F|0-15:C>A-15:C>A,3236850.0,14160112.0,0.03972028192757744
100041008|F|0-24:G>A-24:G>A,100036115|F|0-39:C>T-39:C>T,3236850.0,14240591.0,0.0019362671477816153
100041008|F|0-24:G>A-24:G>A,100035750|F|0-64:T>C-64:T>C,3236850.0,14346419.0,0.0005931602504210165
100041008|F|0-24:G>A-24:G>A,100021715|F|0-7:C>A-7:C>A,3236850.0,14348921.0,0.00047778559590459254
100041008|F|0-24:G>A-24:G>A,100040569|F|0-37:C>T-37:C>T,3236850.0,14351912.0,0.014887192456519139
100041008|F|0-24:G>A-24:G>A,100015147|F|0-16:C>G-16:C>G,3236850.0,14409032.0,0.0034215801065449205
100041008|F|0-24:G>A-24:G>A,100030246|F|0-11:C>A-11:C>A,3236850.0,14458674.0,8.293034655401341e-06
100041008|F|0-24:G>A-24:G>A,100035083|F|0-24:G>C-24:G>C,3236850.0,14490822.0,0.049412583194325656
100041008|F|0-24:G>A-24:G>A,100013053|F|0-56:A>T-56:A>T,3236850.0,14502847.0,0.0701879361955904
100041008|F|0-24:G>A-24:G>A,100044112|F|0-18:T>G-18:T>G,3236850.0,14593733.0,0.035865187019948175
100041008|F|0-24:G>A-24:G>A,100041853|F|0-21:T>C-21:T>C,3236850.0,14595838.0,0.049422027607988056
100041008|F|0-24:G>A-24:G>A,100033723|F|0-20:T>C-20:T>C,3236850.0,14595843.0,0.02607891556967701
100041008|F|0-24:G>A-24:G>A,100017564|F|0-8:A>T-8:A>T,3236850.0,14625545.0,2.336368612269837e-05
100041008|F|0-24:G>A-24:G>A,100057963|F|0-26:C>T-26:C>T,3236850.0,14656009.0,0.0016748091513583965
100041008|F|0-24:G>A-24:G>A,100019295|F|0-19:G>T-19:G>T,3236850.0,14656014.0,0.0001087364029265273
100041008|F|0-24:G>A-24:G>A,100035362|F|0-6:C>A-6:C>A,3236850.0,14658473.0,0.005103957931700962
100041008|F|0-24:G>A-24:G>A,100014679|F|0-16:C>A-16:C>A,3236850.0,14859822.0,0.008534349918124651
100041008|F|0-24:G>A-24:G>A,100021838|F|0-57:A>G-57:A>G,3236850.0,14928961.0,0.059629212539361334
100041008|F|0-24:G>A-24:G>A,100046294|F|0-6:C>G-6:C>G,3236850.0,15124860.0,0.0223813734895295
100041008|F|0-24:G>A-24:G>A,100045141|F|0-49:C>T-49:C>T,3236850.0,15225158.0,0.01077073068397865
100041008|F|0-24:G>A-24:G>A,100043254|F|0-7:C>G-7:C>G,3236850.0,15229542.0,0.022438544136029373
100041008|F|0-24:G>A-24:G>A,100013673|F|0-63:C>A-63:C>A,3236850.0,15256237.0,0.02549297524305958
100041008|F|0-24:G>A-24:G>A,100016806|F|0-26:T>A-26:T>A,3236850.0,15351778.0,0.0009998860605124806
100041008|F|0-24:G>A-24:G>A,100033542|F|0-31:T>C-31:T>C,3236850.0,15394673.0,0.013152811691457085
100041008|F|0-24:G>A-24:G>A,100029793|F|0-30:G>A-30:G>A,3236850.0,15400977.0,0.005696273060351208
100041008|F|0-24:G>A-24:G>A,100021703|F|0-41:T>C-41:T>C,3236850.0,15431799.0,0.001656747354258225
100041008|F|0-24:G>A-24:G>A,100017056|F|0-15:G>A-15:G>A,3236850.0,15535069.0,0.0005792468081354189
100041008|F|0-24:G>A-24:G>A,100021184|F|0-17:T>G-17:T>G,3236850.0,15536283.0,0.0005792468081354189
100041008|F|0-24:G>A-24:G>A,100044126|F|0-46:C>T-46:C>T,3236850.0,15556197.0,0.005440899280121506
100041008|F|0-24:G>A-24:G>A,100017834|F|0-8:C>T-8:C>T,3236850.0,15619447.0,0.01696256841807397
100041008|F|0-24:G>A-24:G>A,100020292|F|0-58:T>C-58:T>C,3236850.0,15819325.0,0.0014758829554841868
100041008|F|0-24:G>A-24:G>A,100015600|F|0-30:C>A-30:C>A,3236850.0,15832699.0,0.0008422075651076458
100041008|F|0-24:G>A-24:G>A,100049389|F|0-23:C>A-23:C>A,3236850.0,15838578.0,0.001978301992537826
100041008|F|0-24:G>A-24:G>A,100038568|F|0-15:C>T-15:C>T,3236850.0,15839422.0,0.0008422075651076458
100041008|F|0-24:G>A-24:G>A,100018705|F|0-34:T>C-34:T>C,3236850.0,15915251.0,0.0001601442025054164
100041008|F|0-24:G>A-24:G>A,100019856|F|0-16:C>T-16:C>T,3236850.0,15948596.0,0.0003738189779631751
100041008|F|0-24:G>A-24:G>A,100034716|F|0-53:A>G-53:A>G,3236850.0,15958067.0,0.00047210632337491915
100041008|F|0-24:G>A-24:G>A,100021071|F|0-60:A>G-60:A>G,3236850.0,15967627.0,0.0009933689605580217
100041008|F|0-24:G>A-24:G>A,100020211|F|0-33:C>A-33:C>A,3236850.0,15977146.0,2.467652364497781e-05
100041008|F|0-24:G>A-24:G>A,100013484|F|0-22:G>A-22:G>A,3236850.0,16177456.0,0.03608222294745172
100041008|F|0-24:G>A-24:G>A,100021316|F|0-63:C>A-63:C>A,3236850.0,16179198.0,0.03258727706124079
100041008|F|0-24:G>A-24:G>A,100017187|F|0-41:T>C-41:T>C,3236850.0,16245982.0,0.0036636450185965046
100041008|F|0-24:G>A-24:G>A,100029840|F|0-31:T>C-31:T>C,3236850.0,16252498.0,0.012709978608105828
100041008|F|0-24:G>A-24:G>A,100013453|F|0-6:G>A-6:G>A,3236850.0,16307679.0,0.006170082692016922
100041008|F|0-24:G>A-24:G>A,100016783|F|0-52:G>T-52:G>T,3236850.0,16317524.0,0.003089480902619526
100041008|F|0-24:G>A-24:G>A,100014400|F|0-16:A>T-16:A>T,3236850.0,16381041.0,0.01069585887111284
100041008|F|0-24:G>A-24:G>A,100016625|F|0-16:T>C-16:T>C,3236850.0,16411184.0,0.01069585887111284
100041008|F|0-24:G>A-24:G>A,100015226|F|0-25:T>A-25:T>A,3236850.0,16581877.0,0.008702145649163412
100041008|F|0-24:G>A-24:G>A,100017539|F|0-11:A>T-11:A>T,3236850.0,16662610.0,0.0038535330427616637
100041008|F|0-24:G>A-24:G>A,100033601|F|0-15:C>A-15:C>A,3236850.0,16769146.0,0.009096489931053574
100041008|F|0-24:G>A-24:G>A,100039949|F|0-62:A>T-62:A>T,3236850.0,16793350.0,0.008024954224976105
100041008|F|0-24:G>A-24:G>A,100035334|F|0-35:T>C-35:T>C,3236850.0,16832622.0,0.01222943456150795
100041008|F|0-24:G>A-24:G>A,100021345|F|0-28:C>T-28:C>T,3236850.0,16899147.0,0.011111668414411727
100041008|F|0-24:G>A-24:G>A,100022139|F|0-65:T>C-65:T>C,3236850.0,16965771.0,0.011242065720134212
100041008|F|0-24:G>A-24:G>A,100044804|F|0-53:G>C-53:G>C,3236850.0,16968917.0,0.06639078409757958
100041008|F|0-24:G>A-24:G>A,100030290|F|0-11:A>C-11:A>C,3236850.0,16971407.0,0.011242065720134212
100041008|F|0-24:G>A-24:G>A,100017336|F|0-39:A>G-39:A>G,3236850.0,16987827.0,0.030364711495613383
100041008|F|0-24:G>A-24:G>A,100029568|F|0-9:T>G-9:T>G,3236850.0,16988131.0,0.004313984039511273
100041008|F|0-24:G>A-24:G>A,100034247|F|0-37:G>C-37:G>C,3236850.0,16999534.0,0.01502517766197647
100041008|F|0-24:G>A-24:G>A,100012983|F|0-45:A>T-45:A>T,3236850.0,17017248.0,0.07170689090034091
100041008|F|0-24:G>A-24:G>A,100020033|F|0-7:G>A-7:G>A,3236850.0,17020316.0,0.0007338704228614779
100041008|F|0-24:G>A-24:G>A,100018782|F|0-63:C>T-63:C>T,3236850.0,17424649.0,0.002128677339640663
100041008|F|0-24:G>A-24:G>A,100019630|F|0-24:A>T-24:A>T,3236850.0,17521232.0,0.011290729552002998
100041008|F|0-24:G>A-24:G>A,100021757|F|0-47:G>A-47:G>A,3236850.0,17521694.0,0.0036764157463714166
100041008|F|0-24:G>A-24:G>A,100038944|F|0-45:C>T-45:C>T,3236850.0,17607936.0,0.026880467168503237
100041008|F|0-24:G>A-24:G>A,100047378|F|0-35:C>T-35:C>T,3236850.0,17706505.0,0.0032006295611310864
100041008|F|0-24:G>A-24:G>A,100029543|F|0-46:T>C-46:T>C,3236850.0,18278899.0,0.005754256857463208
100041008|F|0-24:G>A-24:G>A,100021798|F|0-27:T>C-27:T>C,3236850.0,18732658.0,0.003902684440582162
100041008|F|0-24:G>A-24:G>A,100017716|F|0-8:C>T-8:C>T,3236850.0,18851585.0,0.0029587112425235877
100016689|F|0-47:G>T-47:G>T,100029850|F|0-32:T>C-32:T>C,3422286.0,4297916.0,0.05601699570474599
100016689|F|0-47:G>T-47:G>T,100041567|F|0-33:A>T-33:A>T,3422286.0,4297921.0,0.08740385186505116
100016689|F|0-47:G>T-47:G>T,100016452|F|0-6:G>A-6:G>A,3422286.0,4298929.0,0.07506836384836423
100016689|F|0-47:G>T-47:G>T,100013207|F|0-60:C>G-60:C>G,3422286.0,4298934.0,0.07603981597138706
100016689|F|0-47:G>T-47:G>T,100013419|F|0-62:G>T-62:G>T,3422286.0,4560526.0,0.015337665972957496
100016689|F|0-47:G>T-47:G>T,100017267|F|0-60:T>C-60:T>C,3422286.0,4794124.0,0.00031874042835695936
100016689|F|0-47:G>T-47:G>T,100035378|F|0-22:G>A-22:G>A,3422286.0,4795005.0,0.007756983043692398
100016689|F|0-47:G>T-47:G>T,100034189|F|0-36:A>T-36:A>T,3422286.0,5191352.0,0.1776940272841911
100016689|F|0-47:G>T-47:G>T,100030017|F|0-30:G>A-30:G>A,3422286.0,5194871.0,0.2031695642469189
100016689|F|0-47:G>T-47:G>T,100019240|F|0-12:A>C-12:A>C,3422286.0,5221682.0,0.04917563126465423
100016689|F|0-47:G>T-47:G>T,100039010|F|0-12:C>T-12:C>T,3422286.0,5826827.0,0.01053195473079806
100016689|F|0-47:G>T-47:G>T,100034526|F|0-38:G>A-38:G>A,3422286.0,5829779.0,0.014368405804099586
100016689|F|0-47:G>T-47:G>T,100040746|F|0-42:G>A-42:G>A,3422286.0,5944865.0,0.0012973099948036416
100016689|F|0-47:G>T-47:G>T,100021961|F|0-53:A>T-53:A>T,3422286.0,6058253.0,0.033971822411618925
100016689|F|0-47:G>T-47:G>T,100014327|F|0-12:T>C-12:T>C,3422286.0,6588263.0,0.00020625871443068336
100016689|F|0-47:G>T-47:G>T,100044383|F|0-11:A>T-11:A>T,3422286.0,6629814.0,0.012864552839578448
100016689|F|0-47:G>T-47:G>T,100017856|F|0-8:G>C-8:G>C,3422286.0,6634620.0,0.0035022819835860953
100016689|F|0-47:G>T-47:G>T,100058672|F|0-30:C>T-30:C>T,3422286.0,7170197.0,0.0066826509292789524
100016689|F|0-47:G>T-47:G>T,100016006|F|0-20:G>A-20:G>A,3422286.0,7243813.0,0.0060270009643201405
100016689|F|0-47:G>T-47:G>T,100014225|F|0-25:G>A-25:G>A,3422286.0,7752093.0,0.004818130329442108
100016689|F|0-47:G>T-47:G>T,100019858|F|0-55:G>C-55:G>C,3422286.0,7879011.0,0.0023839656238043403
100016689|F|0-47:G>T-47:G>T,100020367|F|0-37:A>T-37:A>T,3422286.0,8687209.0,0.0018109035455585207
100016689|F|0-47:G>T-47:G>T,100017575|F|0-33:C>A-33:C>A,3422286.0,8708407.0,0.0991769267396778
100016689|F|0-47:G>T-47:G>T,100021965|F|0-19:C>T-19:C>T,3422286.0,9286898.0,0.02861163227016889
100016689|F|0-47:G>T-47:G>T,100022176|F|0-8:G>A-8:G>A,3422286.0,9450266.0,0.04989887162018293
100016689|F|0-47:G>T-47:G>T,100033258|F|0-23:G>A-23:G>A,3422286.0,9597839.0,0.009877142537062683
100016689|F|0-47:G>T-47:G>T,100016832|F|0-65:T>A-65:T>A,3422286.0,9956473.0,0.02647128199080076
100016689|F|0-47:G>T-47:G>T,100015585|F|0-38:T>C-38:T>C,3422286.0,10530371.0,9.887480472225916e-06
100016689|F|0-47:G>T-47:G>T,100032761|F|0-35:G>T-35:G>T,3422286.0,11013852.0,0.00758382447625181
100016689|F|0-47:G>T-47:G>T,100018106|F|0-5:T>C-5:T>C,3422286.0,11160342.0,0.024931309815781268
100016689|F|0-47:G>T-47:G>T,100029056|F|0-22:A>T-22:A>T,3422286.0,11582180.0,0.016529686418334705
100016689|F|0-47:G>T-47:G>T,100019200|F|0-60:C>T-60:C>T,3422286.0,11806800.0,0.020920850409836097
100016689|F|0-47:G>T-47:G>T,100017507|F|0-36:T>C-36:T>C,3422286.0,12067176.0,0.0002925673388461715
100016689|F|0-47:G>T-47:G>T,100015126|F|0-46:T>G-46:T>G,3422286.0,12238563.0,0.005999407465929264
100016689|F|0-47:G>T-47:G>T,100035996|F|0-47:A>G-47:A>G,3422286.0,12678333.0,0.0016170683211365747
100016689|F|0-47:G>T-47:G>T,100041089|F|0-45:A>G-45:A>G,3422286.0,12678338.0,0.0016170683211365747
100016689|F|0-47:G>T-47:G>T,100015053|F|0-21:C>T-21:C>T,3422286.0,12815706.0,0.07735259347617146
100016689|F|0-47:G>T-47:G>T,100016297|F|0-36:A>G-36:A>G,3422286.0,12845233.0,0.11963487332339799
100016689|F|0-47:G>T-47:G>T,100016238|F|0-41:C>A-41:C>A,3422286.0,12849798.0,0.12173724389483248
100016689|F|0-47:G>T-47:G>T,100016677|F|0-45:G>A-45:G>A,3422286.0,13416059.0,0.010838663823738446
100016689|F|0-47:G>T-47:G>T,100035421|F|0-6:T>A-6:T>A,3422286.0,13420106.0,0.0009506506675680248
100016689|F|0-47:G>T-47:G>T,100015018|F|0-5:T>A-5:T>A,3422286.0,13421247.0,0.005181717836556147
100016689|F|0-47:G>T-47:G>T,100020103|F|0-18:T>C-18:T>C,3422286.0,13646039.0,0.0012314323097052326
100016689|F|0-47:G>T-47:G>T,100014062|F|0-62:G>A-62:G>A,3422286.0,13646044.0,7.494145199063451e-05
100016689|F|0-47:G>T-47:G>T,100039121|F|0-17:A>G-17:A>G,3422286.0,13667695.0,0.0004999008461131682
100016689|F|0-47:G>T-47:G>T,100018973|F|0-53:T>G-53:T>G,3422286.0,13667871.0,7.494145199063402e-05
100016689|F|0-47:G>T-47:G>T,100022289|F|0-10:A>G-10:A>G,3422286.0,13667876.0,0.0013108280873238196
100016689|F|0-47:G>T-47:G>T,100015169|F|0-21:A>G-21:A>G,3422286.0,13718785.0,0.0066665836198448875
100016689|F|0-47:G>T-47:G>T,100020673|F|0-43:T>A-43:T>A,3422286.0,13731316.0,0.013563805247131926
100016689|F|0-47:G>T-47:G>T,100015679|F|0-19:G>A-19:G>A,3422286.0,14080553.0,0.002996384527759892
100016689|F|0-47:G>T-47:G>T,100016059|F|0-15:A>T-15:A>T,3422286.0,14090473.0,0.0018740921352977718
100016689|F|0-47:G>T-47:G>T,100019698|F|0-15:C>A-15:C>A,3422286.0,14160112.0,0.0010233110251529917
100016689|F|0-47:G>T-47:G>T,100036115|F|0-39:C>T-39:C>T,3422286.0,14240591.0,0.0070692297987624
100016689|F|0-47:G>T-47:G>T,100035750|F|0-64:T>C-64:T>C,3422286.0,14346419.0,0.06215145220450647
100016689|F|0-47:G>T-47:G>T,100021715|F|0-7:C>A-7:C>A,3422286.0,14348921.0,0.06033755626633713
100016689|F|0-47:G>T-47:G>T,100040569|F|0-37:C>T-37:C>T,3422286.0,14351912.0,0.012150518981120038
100016689|F|0-47:G>T-47:G>T,100015147|F|0-16:C>G-16:C>G,3422286.0,14409032.0,0.05029670336972641
100016689|F|0-47:G>T-47:G>T,100030246|F|0-11:C>A-11:C>A,3422286.0,14458674.0,0.017333260771278804
100016689|F|0-47:G>T-47:G>T,100035083|F|0-24:G>C-24:G>C,3422286.0,14490822.0,0.009575493104778232
100016689|F|0-47:G>T-47:G>T,100013053|F|0-56:A>T-56:A>T,3422286.0,14502847.0,0.02176973590967068
100016689|F|0-47:G>T-47:G>T,100044112|F|0-18:T>G-18:T>G,3422286.0,14593733.0,0.014955763726255577
100016689|F|0-47:G>T-47:G>T,100041853|F|0-21:T>C-21:T>C,3422286.0,14595838.0,0.002410047253240406
100016689|F|0-47:G>T-47:G>T,100033723|F|0-20:T>C-20:T>C,3422286.0,14595843.0,0.0012217474107712595
100016689|F|0-47:G>T-47:G>T,100017564|F|0-8:A>T-8:A>T,3422286.0,14625545.0,0.00047765066635216456
100016689|F|0-47:G>T-47:G>T,100057963|F|0-26:C>T-26:C>T,3422286.0,14656009.0,0.010941972417382278
100016689|F|0-47:G>T-47:G>T,100019295|F|0-19:G>T-19:G>T,3422286.0,14656014.0,0.005648837597246008
100016689|F|0-47:G>T-47:G>T,100035362|F|0-6:C>A-6:C>A,3422286.0,14658473.0,0.010516107170816639
100016689|F|0-47:G>T-47:G>T,100014679|F|0-16:C>A-16:C>A,3422286.0,14859822.0,3.0527826113502334e-05
100016689|F|0-47:G>T-47:G>T,100021838|F|0-57:A>G-57:A>G,3422286.0,14928961.0,0.034067622950819665
100016689|F|0-47:G>T-47:G>T,100046294|F|0-6:C>G-6:C>G,3422286.0,15124860.0,3.438608498792361e-05
100016689|F|0-47:G>T-47:G>T,100045141|F|0-49:C>T-49:C>T,3422286.0,15225158.0,0.0020251006530407857
100016689|F|0-47:G>T-47:G>T,100043254|F|0-7:C>G-7:C>G,3422286.0,15229542.0,0.0009496201519392202
100016689|F|0-47:G>T-47:G>T,100013673|F|0-63:C>A-63:C>A,3422286.0,15256237.0,0.027210813185893537
100016689|F|0-47:G>T-47:G>T,100016806|F|0-26:T>A-26:T>A,3422286.0,15351778.0,0.00015729315949526262
100016689|F|0-47:G>T-47:G>T,100033542|F|0-31:T>C-31:T>C,3422286.0,15394673.0,0.0012754234405822746
100016689|F|0-47:G>T-47:G>T,100029793|F|0-30:G>A-30:G>A,3422286.0,15400977.0,0.011603512615338926
100016689|F|0-47:G>T-47:G>T,100021703|F|0-41:T>C-41:T>C,3422286.0,15431799.0,0.03472592383086575
100016689|F|0-47:G>T-47:G>T,100017056|F|0-15:G>A-15:G>A,3422286.0,15535069.0,0.0031143215537004195
100016689|F|0-47:G>T-47:G>T,100021184|F|0-17:T>G-17:T>G,3422286.0,15536283.0,0.0031143215537004195
100016689|F|0-47:G>T-47:G>T,100044126|F|0-46:C>T-46:C>T,3422286.0,15556197.0,0.020499684741488017
100016689|F|0-47:G>T-47:G>T,100017834|F|0-8:C>T-8:C>T,3422286.0,15619447.0,0.0008458686729096857
100016689|F|0-47:G>T-47:G>T,100020292|F|0-58:T>C-58:T>C,3422286.0,15819325.0,5.344758288651203e-05
100016689|F|0-47:G>T-47:G>T,100015600|F|0-30:C>A-30:C>A,3422286.0,15832699.0,0.00030610162573974504
100016689|F|0-47:G>T-47:G>T,100049389|F|0-23:C>A-23:C>A,3422286.0,15838578.0,7.937746528535449e-07
100016689|F|0-47:G>T-47:G>T,100038568|F|0-15:C>T-15:C>T,3422286.0,15839422.0,0.00030610162573974504
100016689|F|0-47:G>T-47:G>T,100018705|F|0-34:T>C-34:T>C,3422286.0,15915251.0,0.0031755509716643185
100016689|F|0-47:G>T-47:G>T,100019856|F|0-16:C>T-16:C>T,3422286.0,15948596.0,0.0005896921806816822
100016689|F|0-47:G>T-47:G>T,100034716|F|0-53:A>G-53:A>G,3422286.0,15958067.0,0.006702647039894077
100016689|F|0-47:G>T-47:G>T,100021071|F|0-60:A>G-60:A>G,3422286.0,15967627.0,0.008625565610859736
100016689|F|0-47:G>T-47:G>T,100020211|F|0-33:C>A-33:C>A,3422286.0,15977146.0,0.008121751299480196
100016689|F|0-47:G>T-47:G>T,100013484|F|0-22:G>A-22:G>A,3422286.0,16177456.0,0.007142679993055725
100016689|F|0-47:G>T-47:G>T,100021316|F|0-63:C>A-63:C>A,3422286.0,16179198.0,0.000406169259756523
100016689|F|0-47:G>T-47:G>T,100017187|F|0-41:T>C-41:T>C,3422286.0,16245982.0,0.00030993852459016395
100016689|F|0-47:G>T-47:G>T,100029840|F|0-31:T>C-31:T>C,3422286.0,16252498.0,0.004045611749704145
100016689|F|0-47:G>T-47:G>T,100013453|F|0-6:G>A-6:G>A,3422286.0,16307679.0,0.03106196210840994
100016689|F|0-47:G>T-47:G>T,100016783|F|0-52:G>T-52:G>T,3422286.0,16317524.0,0.032481281275535234
100016689|F|0-47:G>T-47:G>T,100014400|F|0-16:A>T-16:A>T,3422286.0,16381041.0,0.0014138321862986816
100016689|F|0-47:G>T-47:G>T,100016625|F|0-16:T>C-16:T>C,3422286.0,16411184.0,2.629026792704173e-05
100016689|F|0-47:G>T-47:G>T,100015226|F|0-25:T>A-25:T>A,3422286.0,16581877.0,0.08725287293720364
100016689|F|0-47:G>T-47:G>T,100017539|F|0-11:A>T-11:A>T,3422286.0,16662610.0,6.505334374186859e-05
100016689|F|0-47:G>T-47:G>T,100033601|F|0-15:C>A-15:C>A,3422286.0,16769146.0,0.007855351074357347
100016689|F|0-47:G>T-47:G>T,100039949|F|0-62:A>T-62:A>T,3422286.0,16793350.0,0.006674473067915692
100016689|F|0-47:G>T-47:G>T,100035334|F|0-35:T>C-35:T>C,3422286.0,16832622.0,0.0134026086700594
100016689|F|0-47:G>T-47:G>T,100021345|F|0-28:C>T-28:C>T,3422286.0,16899147.0,0.005307455561836574
100016689|F|0-47:G>T-47:G>T,100022139|F|0-65:T>C-65:T>C,3422286.0,16965771.0,0.0013567540662481321
100016689|F|0-47:G>T-47:G>T,100044804|F|0-53:G>C-53:G>C,3422286.0,16968917.0,0.00019007739635382742
100016689|F|0-47:G>T-47:G>T,100030290|F|0-11:A>C-11:A>C,3422286.0,16971407.0,0.0013567540662481321
100016689|F|0-47:G>T-47:G>T,100017336|F|0-39:A>G-39:A>G,3422286.0,16987827.0,0.008507092094587314
100016689|F|0-47:G>T-47:G>T,100029568|F|0-9:T>G-9:T>G,3422286.0,16988131.0,0.0008568494848280983
100016689|F|0-47:G>T-47:G>T,100034247|F|0-37:G>C-37:G>C,3422286.0,16999534.0,0.00017314578182246287
100016689|F|0-47:G>T-47:G>T,100012983|F|0-45:A>T-45:A>T,3422286.0,17017248.0,0.02568699139049415
100016689|F|0-47:G>T-47:G>T,100020033|F|0-7:G>A-7:G>A,3422286.0,17020316.0,0.01852266152362583
100016689|F|0-47:G>T-47:G>T,100018782|F|0-63:C>T-63:C>T,3422286.0,17424649.0,0.01023036072678186
100016689|F|0-47:G>T-47:G>T,100019630|F|0-24:A>T-24:A>T,3422286.0,17521232.0,0.006236093511469408
100016689|F|0-47:G>T-47:G>T,100021757|F|0-47:G>A-47:G>A,3422286.0,17521694.0,0.004045135192676174
100016689|F|0-47:G>T-47:G>T,100038944|F|0-45:C>T-45:C>T,3422286.0,17607936.0,0.0066320895683998704
100016689|F|0-47:G>T-47:G>T,100047378|F|0-35:C>T-35:C>T,3422286.0,17706505.0,0.056099233310478135
100016689|F|0-47:G>T-47:G>T,100029543|F|0-46:T>C-46:T>C,3422286.0,18278899.0,0.0007409982435597173
100016689|F|0-47:G>T-47:G>T,100021798|F|0-27:T>C-27:T>C,3422286.0,18732658.0,0.017463054724847743
100016689|F|0-47:G>T-47:G>T,100017716|F|0-8:C>T-8:C>T,3422286.0,18851585.0,0.009874638379942161
100029850|F|0-32:T>C-32:T>C,100041567|F|0-33:A>T-33:A>T,4297916.0,4297921.0,0.885757849022604
100029850|F|0-32:T>C-32:T>C,100016452|F|0-6:G>A-6:G>A,4297916.0,4298929.0,0.8869549046827785
100029850|F|0-32:T>C-32:T>C,100013207|F|0-60:C>G-60:C>G,4297916.0,4298934.0,0.8474054056429451
100029850|F|0-32:T>C-32:T>C,100013419|F|0-62:G>T-62:G>T,4297916.0,4560526.0,0.013154503241252344
100029850|F|0-32:T>C-32:T>C,100017267|F|0-60:T>C-60:T>C,4297916.0,4794124.0,0.01855190160893002
100029850|F|0-32:T>C-32:T>C,100035378|F|0-22:G>A-22:G>A,4297916.0,4795005.0,0.028833508622676234
100029850|F|0-32:T>C-32:T>C,100034189|F|0-36:A>T-36:A>T,4297916.0,5191352.0,0.013976485766958115
100029850|F|0-32:T>C-32:T>C,100030017|F|0-30:G>A-30:G>A,4297916.0,5194871.0,0.01573599658461482
100029850|F|0-32:T>C-32:T>C,100019240|F|0-12:A>C-12:A>C,4297916.0,5221682.0,0.010603101635651922
100029850|F|0-32:T>C-32:T>C,100039010|F|0-12:C>T-12:C>T,4297916.0,5826827.0,0.021321026540620416
100029850|F|0-32:T>C-32:T>C,100034526|F|0-38:G>A-38:G>A,4297916.0,5829779.0,0.037782726265739065
100029850|F|0-32:T>C-32:T>C,100040746|F|0-42:G>A-42:G>A,4297916.0,5944865.0,0.00029467803751088056
100029850|F|0-32:T>C-32:T>C,100021961|F|0-53:A>T-53:A>T,4297916.0,6058253.0,0.025491819166035806
100029850|F|0-32:T>C-32:T>C,100014327|F|0-12:T>C-12:T>C,4297916.0,6588263.0,0.0022614190461658396
100029850|F|0-32:T>C-32:T>C,100044383|F|0-11:A>T-11:A>T,4297916.0,6629814.0,0.0035483253972259056
100029850|F|0-32:T>C-32:T>C,100017856|F|0-8:G>C-8:G>C,4297916.0,6634620.0,0.000234428905732994
100029850|F|0-32:T>C-32:T>C,100058672|F|0-30:C>T-30:C>T,4297916.0,7170197.0,0.006772651044346811
100029850|F|0-32:T>C-32:T>C,100016006|F|0-20:G>A-20:G>A,4297916.0,7243813.0,0.05471514403096717
100029850|F|0-32:T>C-32:T>C,100014225|F|0-25:G>A-25:G>A,4297916.0,7752093.0,0.05983997111235276
100029850|F|0-32:T>C-32:T>C,100019858|F|0-55:G>C-55:G>C,4297916.0,7879011.0,0.04157476793683226
100029850|F|0-32:T>C-32:T>C,100020367|F|0-37:A>T-37:A>T,4297916.0,8687209.0,0.000713541324370253
100029850|F|0-32:T>C-32:T>C,100017575|F|0-33:C>A-33:C>A,4297916.0,8708407.0,0.008714195494817906
100029850|F|0-32:T>C-32:T>C,100021965|F|0-19:C>T-19:C>T,4297916.0,9286898.0,0.05686537533677544
100029850|F|0-32:T>C-32:T>C,100022176|F|0-8:G>A-8:G>A,4297916.0,9450266.0,0.008221962400404048
100029850|F|0-32:T>C-32:T>C,100033258|F|0-23:G>A-23:G>A,4297916.0,9597839.0,0.08660818482200248
100029850|F|0-32:T>C-32:T>C,100016832|F|0-65:T>A-65:T>A,4297916.0,9956473.0,0.04079255771805654
100029850|F|0-32:T>C-32:T>C,100015585|F|0-38:T>C-38:T>C,4297916.0,10530371.0,0.008423941759969761
100029850|F|0-32:T>C-32:T>C,100032761|F|0-35:G>T-35:G>T,4297916.0,11013852.0,0.030055361287592
100029850|F|0-32:T>C-32:T>C,100018106|F|0-5:T>C-5:T>C,4297916.0,11160342.0,0.06175197645106644
100029850|F|0-32:T>C-32:T>C,100029056|F|0-22:A>T-22:A>T,4297916.0,11582180.0,0.038077537060634235
100029850|F|0-32:T>C-32:T>C,100019200|F|0-60:C>T-60:C>T,4297916.0,11806800.0,0.003285434329161617
100029850|F|0-32:T>C-32:T>C,100017507|F|0-36:T>C-36:T>C,4297916.0,12067176.0,0.01488621572151106
100029850|F|0-32:T>C-32:T>C,100015126|F|0-46:T>G-46:T>G,4297916.0,12238563.0,0.014994171275331444
100029850|F|0-32:T>C-32:T>C,100035996|F|0-47:A>G-47:A>G,4297916.0,12678333.0,0.003540168950418339
100029850|F|0-32:T>C-32:T>C,100041089|F|0-45:A>G-45:A>G,4297916.0,12678338.0,0.003540168950418339
100029850|F|0-32:T>C-32:T>C,100015053|F|0-21:C>T-21:C>T,4297916.0,12815706.0,0.02248721369619827
100029850|F|0-32:T>C-32:T>C,100016297|F|0-36:A>G-36:A>G,4297916.0,12845233.0,0.006973244760891103
100029850|F|0-32:T>C-32:T>C,100016238|F|0-41:C>A-41:C>A,4297916.0,12849798.0,0.00019300809799201413
100029850|F|0-32:T>C-32:T>C,100016677|F|0-45:G>A-45:G>A,4297916.0,13416059.0,0.0008838241458948979
100029850|F|0-32:T>C-32:T>C,100035421|F|0-6:T>A-6:T>A,4297916.0,13420106.0,0.006503127744319906
100029850|F|0-32:T>C-32:T>C,100015018|F|0-5:T>A-5:T>A,4297916.0,13421247.0,0.004515692332887332
100029850|F|0-32:T>C-32:T>C,100020103|F|0-18:T>C-18:T>C,4297916.0,13646039.0,0.0350567948127468
100029850|F|0-32:T>C-32:T>C,100014062|F|0-62:G>A-62:G>A,4297916.0,13646044.0,0.03301516811811527
100029850|F|0-32:T>C-32:T>C,100039121|F|0-17:A>G-17:A>G,4297916.0,13667695.0,0.03923607267506215
100029850|F|0-32:T>C-32:T>C,100018973|F|0-53:T>G-53:T>G,4297916.0,13667871.0,0.03301516811811527
100029850|F|0-32:T>C-32:T>C,100022289|F|0-10:A>G-10:A>G,4297916.0,13667876.0,0.026630887680978915
100029850|F|0-32:T>C-32:T>C,100015169|F|0-21:A>G-21:A>G,4297916.0,13718785.0,0.008952883243162336
100029850|F|0-32:T>C-32:T>C,100020673|F|0-43:T>A-43:T>A,4297916.0,13731316.0,0.024269053907581987
100029850|F|0-32:T>C-32:T>C,100015679|F|0-19:G>A-19:G>A,4297916.0,14080553.0,0.002420455501794759
100029850|F|0-32:T>C-32:T>C,100016059|F|0-15:A>T-15:A>T,4297916.0,14090473.0,0.0003834326436123729
100029850|F|0-32:T>C-32:T>C,100019698|F|0-15:C>A-15:C>A,4297916.0,14160112.0,0.003161167636135078
100029850|F|0-32:T>C-32:T>C,100036115|F|0-39:C>T-39:C>T,4297916.0,14240591.0,0.005402415872015092
100029850|F|0-32:T>C-32:T>C,100035750|F|0-64:T>C-64:T>C,4297916.0,14346419.0,0.046558532563511244
100029850|F|0-32:T>C-32:T>C,100021715|F|0-7:C>A-7:C>A,4297916.0,14348921.0,0.04239019355040396
100029850|F|0-32:T>C-32:T>C,100040569|F|0-37:C>T-37:C>T,4297916.0,14351912.0,0.004500131367309393
100029850|F|0-32:T>C-32:T>C,100015147|F|0-16:C>G-16:C>G,4297916.0,14409032.0,0.00691080273334294
100029850|F|0-32:T>C-32:T>C,100030246|F|0-11:C>A-11:C>A,4297916.0,14458674.0,0.0019200650066412684
100029850|F|0-32:T>C-32:T>C,100035083|F|0-24:G>C-24:G>C,4297916.0,14490822.0,0.021438568272281574
100029850|F|0-32:T>C-32:T>C,100013053|F|0-56:A>T-56:A>T,4297916.0,14502847.0,0.05085547847109838
100029850|F|0-32:T>C-32:T>C,100044112|F|0-18:T>G-18:T>G,4297916.0,14593733.0,0.012860378978667169
100029850|F|0-32:T>C-32:T>C,100041853|F|0-21:T>C-21:T>C,4297916.0,14595838.0,0.012785826057051763
100029850|F|0-32:T>C-32:T>C,100033723|F|0-20:T>C-20:T>C,4297916.0,14595843.0,0.002744372721460934
100029850|F|0-32:T>C-32:T>C,100017564|F|0-8:A>T-8:A>T,4297916.0,14625545.0,0.0032674708033331133
100029850|F|0-32:T>C-32:T>C,100057963|F|0-26:C>T-26:C>T,4297916.0,14656009.0,0.010671591338728992
100029850|F|0-32:T>C-32:T>C,100019295|F|0-19:G>T-19:G>T,4297916.0,14656014.0,0.006806374426406585
100029850|F|0-32:T>C-32:T>C,100035362|F|0-6:C>A-6:C>A,4297916.0,14658473.0,0.006345549403766243
100029850|F|0-32:T>C-32:T>C,100014679|F|0-16:C>A-16:C>A,4297916.0,14859822.0,0.04917348545162966
100029850|F|0-32:T>C-32:T>C,100021838|F|0-57:A>G-57:A>G,4297916.0,14928961.0,0.12959495213103425
100029850|F|0-32:T>C-32:T>C,100046294|F|0-6:C>G-6:C>G,4297916.0,15124860.0,0.011110721981524203
100029850|F|0-32:T>C-32:T>C,100045141|F|0-49:C>T-49:C>T,4297916.0,15225158.0,0.014588740501924364
100029850|F|0-32:T>C-32:T>C,100043254|F|0-7:C>G-7:C>G,4297916.0,15229542.0,0.007577025709699966
100029850|F|0-32:T>C-32:T>C,100013673|F|0-63:C>A-63:C>A,4297916.0,15256237.0,0.012811934893554153
100029850|F|0-32:T>C-32:T>C,100016806|F|0-26:T>A-26:T>A,4297916.0,15351778.0,0.00041361334512052505
100029850|F|0-32:T>C-32:T>C,100033542|F|0-31:T>C-31:T>C,4297916.0,15394673.0,0.02255941382712662
100029850|F|0-32:T>C-32:T>C,100029793|F|0-30:G>A-30:G>A,4297916.0,15400977.0,0.0005131010506169702
100029850|F|0-32:T>C-32:T>C,100021703|F|0-41:T>C-41:T>C,4297916.0,15431799.0,0.011478930647692008
100029850|F|0-32:T>C-32:T>C,100017056|F|0-15:G>A-15:G>A,4297916.0,15535069.0,0.00018228387177867428
100029850|F|0-32:T>C-32:T>C,100021184|F|0-17:T>G-17:T>G,4297916.0,15536283.0,0.00018228387177867428
100029850|F|0-32:T>C-32:T>C,100044126|F|0-46:C>T-46:C>T,4297916.0,15556197.0,0.016323250830719536
100029850|F|0-32:T>C-32:T>C,100017834|F|0-8:C>T-8:C>T,4297916.0,15619447.0,0.000796047943078294
100029850|F|0-32:T>C-32:T>C,100020292|F|0-58:T>C-58:T>C,4297916.0,15819325.0,0.07318456560923878
100029850|F|0-32:T>C-32:T>C,100015600|F|0-30:C>A-30:C>A,4297916.0,15832699.0,0.07388220592102934
100029850|F|0-32:T>C-32:T>C,100049389|F|0-23:C>A-23:C>A,4297916.0,15838578.0,0.07319189538733098
100029850|F|0-32:T>C-32:T>C,100038568|F|0-15:C>T-15:C>T,4297916.0,15839422.0,0.07388220592102934
100029850|F|0-32:T>C-32:T>C,100018705|F|0-34:T>C-34:T>C,4297916.0,15915251.0,0.009639832665309427
100029850|F|0-32:T>C-32:T>C,100019856|F|0-16:C>T-16:C>T,4297916.0,15948596.0,0.025616971098131575
100029850|F|0-32:T>C-32:T>C,100034716|F|0-53:A>G-53:A>G,4297916.0,15958067.0,0.02594418283655504
100029850|F|0-32:T>C-32:T>C,100021071|F|0-60:A>G-60:A>G,4297916.0,15967627.0,0.02547326809361056
100029850|F|0-32:T>C-32:T>C,100020211|F|0-33:C>A-33:C>A,4297916.0,15977146.0,0.008510567388832832
100029850|F|0-32:T>C-32:T>C,100013484|F|0-22:G>A-22:G>A,4297916.0,16177456.0,0.04169379471164984
100029850|F|0-32:T>C-32:T>C,100021316|F|0-63:C>A-63:C>A,4297916.0,16179198.0,0.045237173045007906
100029850|F|0-32:T>C-32:T>C,100017187|F|0-41:T>C-41:T>C,4297916.0,16245982.0,0.05397311515946726
100029850|F|0-32:T>C-32:T>C,100029840|F|0-31:T>C-31:T>C,4297916.0,16252498.0,0.05270401515995276
100029850|F|0-32:T>C-32:T>C,100013453|F|0-6:G>A-6:G>A,4297916.0,16307679.0,0.017259171063516748
100029850|F|0-32:T>C-32:T>C,100016783|F|0-52:G>T-52:G>T,4297916.0,16317524.0,0.016295895916245244
100029850|F|0-32:T>C-32:T>C,100014400|F|0-16:A>T-16:A>T,4297916.0,16381041.0,0.011054229200879012
100029850|F|0-32:T>C-32:T>C,100016625|F|0-16:T>C-16:T>C,4297916.0,16411184.0,0.017061383833189787
100029850|F|0-32:T>C-32:T>C,100015226|F|0-25:T>A-25:T>A,4297916.0,16581877.0,0.03622865243965408
100029850|F|0-32:T>C-32:T>C,100017539|F|0-11:A>T-11:A>T,4297916.0,16662610.0,0.00017106230940169866
100029850|F|0-32:T>C-32:T>C,100033601|F|0-15:C>A-15:C>A,4297916.0,16769146.0,0.011063695214504088
100029850|F|0-32:T>C-32:T>C,100039949|F|0-62:A>T-62:A>T,4297916.0,16793350.0,0.011414537555030082
100029850|F|0-32:T>C-32:T>C,100035334|F|0-35:T>C-35:T>C,4297916.0,16832622.0,0.05994147798966783
100029850|F|0-32:T>C-32:T>C,100021345|F|0-28:C>T-28:C>T,4297916.0,16899147.0,0.02254887687027157
100029850|F|0-32:T>C-32:T>C,100022139|F|0-65:T>C-65:T>C,4297916.0,16965771.0,0.010733221643033641
100029850|F|0-32:T>C-32:T>C,100044804|F|0-53:G>C-53:G>C,4297916.0,16968917.0,0.03425374914734767
100029850|F|0-32:T>C-32:T>C,100030290|F|0-11:A>C-11:A>C,4297916.0,16971407.0,0.010733221643033641
100029850|F|0-32:T>C-32:T>C,100017336|F|0-39:A>G-39:A>G,4297916.0,16987827.0,0.053065483305082845
100029850|F|0-32:T>C-32:T>C,100029568|F|0-9:T>G-9:T>G,4297916.0,16988131.0,0.00010899410647067316
100029850|F|0-32:T>C-32:T>C,100034247|F|0-37:G>C-37:G>C,4297916.0,16999534.0,0.005045830171587908
100029850|F|0-32:T>C-32:T>C,100012983|F|0-45:A>T-45:A>T,4297916.0,17017248.0,0.00871688599866976
100029850|F|0-32:T>C-32:T>C,100020033|F|0-7:G>A-7:G>A,4297916.0,17020316.0,9.617896411693444e-05
100029850|F|0-32:T>C-32:T>C,100018782|F|0-63:C>T-63:C>T,4297916.0,17424649.0,0.003272687271106525
100029850|F|0-32:T>C-32:T>C,100019630|F|0-24:A>T-24:A>T,4297916.0,17521232.0,0.04010505905701907
100029850|F|0-32:T>C-32:T>C,100021757|F|0-47:G>A-47:G>A,4297916.0,17521694.0,0.046048319867455924
100029850|F|0-32:T>C-32:T>C,100038944|F|0-45:C>T-45:C>T,4297916.0,17607936.0,0.026283552407379056
100029850|F|0-32:T>C-32:T>C,100047378|F|0-35:C>T-35:C>T,4297916.0,17706505.0,0.02388907607786309
100029850|F|0-32:T>C-32:T>C,100029543|F|0-46:T>C-46:T>C,4297916.0,18278899.0,0.04451224704784012
100029850|F|0-32:T>C-32:T>C,100021798|F|0-27:T>C-27:T>C,4297916.0,18732658.0,0.008903214500165834
100029850|F|0-32:T>C-32:T>C,100017716|F|0-8:C>T-8:C>T,4297916.0,18851585.0,0.0019235792823386973
100041567|F|0-33:A>T-33:A>T,100016452|F|0-6:G>A-6:G>A,4297921.0,4298929.0,0.8834517254629465
100041567|F|0-33:A>T-33:A>T,100013207|F|0-60:C>G-60:C>G,4297921.0,4298934.0,0.9144328779913161
100041567|F|0-33:A>T-33:A>T,100013419|F|0-62:G>T-62:G>T,4297921.0,4560526.0,0.005337949065556307
100041567|F|0-33:A>T-33:A>T,100017267|F|0-60:T>C-60:T>C,4297921.0,4794124.0,0.017287260649472794
100041567|F|0-33:A>T-33:A>T,100035378|F|0-22:G>A-22:G>A,4297921.0,4795005.0,0.019567506721126768
100041567|F|0-33:A>T-33:A>T,100034189|F|0-36:A>T-36:A>T,4297921.0,5191352.0,0.02100000316712276
100041567|F|0-33:A>T-33:A>T,100030017|F|0-30:G>A-30:G>A,4297921.0,5194871.0,0.023337293626257954
100041567|F|0-33:A>T-33:A>T,100019240|F|0-12:A>C-12:A>C,4297921.0,5221682.0,0.010061432496301531
100041567|F|0-33:A>T-33:A>T,100039010|F|0-12:C>T-12:C>T,4297921.0,5826827.0,0.017501109256602705
100041567|F|0-33:A>T-33:A>T,100034526|F|0-38:G>A-38:G>A,4297921.0,5829779.0,0.044919332031333394
100041567|F|0-33:A>T-33:A>T,100040746|F|0-42:G>A-42:G>A,4297921.0,5944865.0,5.948841146079119e-06
100041567|F|0-33:A>T-33:A>T,100021961|F|0-53:A>T-53:A>T,4297921.0,6058253.0,0.015318362453388662
100041567|F|0-33:A>T-33:A>T,100014327|F|0-12:T>C-12:T>C,4297921.0,6588263.0,0.00012587479850914988
100041567|F|0-33:A>T-33:A>T,100044383|F|0-11:A>T-11:A>T,4297921.0,6629814.0,0.00021254892921842504
100041567|F|0-33:A>T-33:A>T,100017856|F|0-8:G>C-8:G>C,4297921.0,6634620.0,9.675688451030351e-05
100041567|F|0-33:A>T-33:A>T,100058672|F|0-30:C>T-30:C>T,4297921.0,7170197.0,0.004273740651370689
100041567|F|0-33:A>T-33:A>T,100016006|F|0-20:G>A-20:G>A,4297921.0,7243813.0,0.06660272804774081
100041567|F|0-33:A>T-33:A>T,100014225|F|0-25:G>A-25:G>A,4297921.0,7752093.0,0.09357701187793807
100041567|F|0-33:A>T-33:A>T,100019858|F|0-55:G>C-55:G>C,4297921.0,7879011.0,0.04245395395883727
100041567|F|0-33:A>T-33:A>T,100020367|F|0-37:A>T-37:A>T,4297921.0,8687209.0,0.0024514450623525437
100041567|F|0-33:A>T-33:A>T,100017575|F|0-33:C>A-33:C>A,4297921.0,8708407.0,0.011577101749954867
100041567|F|0-33:A>T-33:A>T,100021965|F|0-19:C>T-19:C>T,4297921.0,9286898.0,0.06999024526198454
100041567|F|0-33:A>T-33:A>T,100022176|F|0-8:G>A-8:G>A,4297921.0,9450266.0,0.007250298011167564
100041567|F|0-33:A>T-33:A>T,100033258|F|0-23:G>A-23:G>A,4297921.0,9597839.0,0.09186103132943771
100041567|F|0-33:A>T-33:A>T,100016832|F|0-65:T>A-65:T>A,4297921.0,9956473.0,0.022302809925972278
100041567|F|0-33:A>T-33:A>T,100015585|F|0-38:T>C-38:T>C,4297921.0,10530371.0,0.003487974423524066
100041567|F|0-33:A>T-33:A>T,100032761|F|0-35:G>T-35:G>T,4297921.0,11013852.0,0.024308919228074804
100041567|F|0-33:A>T-33:A>T,100018106|F|0-5:T>C-5:T>C,4297921.0,11160342.0,0.08407158599060982
100041567|F|0-33:A>T-33:A>T,100029056|F|0-22:A>T-22:A>T,4297921.0,11582180.0,0.04899646145031706
100041567|F|0-33:A>T-33:A>T,100019200|F|0-60:C>T-60:C>T,4297921.0,11806800.0,1.3268512228260561e-05
100041567|F|0-33:A>T-33:A>T,100017507|F|0-36:T>C-36:T>C,4297921.0,12067176.0,0.011228944893335036
100041567|F|0-33:A>T-33:A>T,100015126|F|0-46:T>G-46:T>G,4297921.0,12238563.0,0.019920260753157615
100041567|F|0-33:A>T-33:A>T,100035996|F|0-47:A>G-47:A>G,4297921.0,12678333.0,0.003200661637600931
100041567|F|0-33:A>T-33:A>T,100041089|F|0-45:A>G-45:A>G,4297921.0,12678338.0,0.003200661637600931
100041567|F|0-33:A>T-33:A>T,100015053|F|0-21:C>T-21:C>T,4297921.0,12815706.0,0.011719117791579282
100041567|F|0-33:A>T-33:A>T,100016297|F|0-36:A>G-36:A>G,4297921.0,12845233.0,0.0044003211462450564
100041567|F|0-33:A>T-33:A>T,100016238|F|0-41:C>A-41:C>A,4297921.0,12849798.0,2.065015104110473e-05
100041567|F|0-33:A>T-33:A>T,100016677|F|0-45:G>A-45:G>A,4297921.0,13416059.0,0.001120497409433165
100041567|F|0-33:A>T-33:A>T,100035421|F|0-6:T>A-6:T>A,4297921.0,13420106.0,0.004905428245928593
100041567|F|0-33:A>T-33:A>T,100015018|F|0-5:T>A-5:T>A,4297921.0,13421247.0,0.0034335394906453653
100041567|F|0-33:A>T-33:A>T,100020103|F|0-18:T>C-18:T>C,4297921.0,13646039.0,0.03282570954106277
100041567|F|0-33:A>T-33:A>T,100014062|F|0-62:G>A-62:G>A,4297921.0,13646044.0,0.03106884057971017
100041567|F|0-33:A>T-33:A>T,100039121|F|0-17:A>G-17:A>G,4297921.0,13667695.0,0.03813159259583912
100041567|F|0-33:A>T-33:A>T,100018973|F|0-53:T>G-53:T>G,4297921.0,13667871.0,0.03106884057971017
100041567|F|0-33:A>T-33:A>T,100022289|F|0-10:A>G-10:A>G,4297921.0,13667876.0,0.025324763580697306
100041567|F|0-33:A>T-33:A>T,100015169|F|0-21:A>G-21:A>G,4297921.0,13718785.0,0.012245009397530232
100041567|F|0-33:A>T-33:A>T,100020673|F|0-43:T>A-43:T>A,4297921.0,13731316.0,0.01774227948174129
100041567|F|0-33:A>T-33:A>T,100015679|F|0-19:G>A-19:G>A,4297921.0,14080553.0,0.0016426124173562744
100041567|F|0-33:A>T-33:A>T,100016059|F|0-15:A>T-15:A>T,4297921.0,14090473.0,5.177519033204874e-05
100041567|F|0-33:A>T-33:A>T,100019698|F|0-15:C>A-15:C>A,4297921.0,14160112.0,9.675688451030272e-05
100041567|F|0-33:A>T-33:A>T,100036115|F|0-39:C>T-39:C>T,4297921.0,14240591.0,0.0043161788701652605
100041567|F|0-33:A>T-33:A>T,100035750|F|0-64:T>C-64:T>C,4297921.0,14346419.0,0.08281322381046928
100041567|F|0-33:A>T-33:A>T,100021715|F|0-7:C>A-7:C>A,4297921.0,14348921.0,0.06286684090456043
100041567|F|0-33:A>T-33:A>T,100040569|F|0-37:C>T-37:C>T,4297921.0,14351912.0,0.0069829847532142005
100041567|F|0-33:A>T-33:A>T,100015147|F|0-16:C>G-16:C>G,4297921.0,14409032.0,0.01506888206940307
100041567|F|0-33:A>T-33:A>T,100030246|F|0-11:C>A-11:C>A,4297921.0,14458674.0,0.005884500692069693
100041567|F|0-33:A>T-33:A>T,100035083|F|0-24:G>C-24:G>C,4297921.0,14490822.0,0.03435161523901773
100041567|F|0-33:A>T-33:A>T,100013053|F|0-56:A>T-56:A>T,4297921.0,14502847.0,0.07401856753539657
100041567|F|0-33:A>T-33:A>T,100044112|F|0-18:T>G-18:T>G,4297921.0,14593733.0,0.019207751035196667
100041567|F|0-33:A>T-33:A>T,100041853|F|0-21:T>C-21:T>C,4297921.0,14595838.0,0.01909640175383327
100041567|F|0-33:A>T-33:A>T,100033723|F|0-20:T>C-20:T>C,4297921.0,14595843.0,0.005537858856052786
100041567|F|0-33:A>T-33:A>T,100017564|F|0-8:A>T-8:A>T,4297921.0,14625545.0,0.005278385986862685
100041567|F|0-33:A>T-33:A>T,100057963|F|0-26:C>T-26:C>T,4297921.0,14656009.0,0.01437773176903607
100041567|F|0-33:A>T-33:A>T,100019295|F|0-19:G>T-19:G>T,4297921.0,14656014.0,0.0048867795519446314
100041567|F|0-33:A>T-33:A>T,100035362|F|0-6:C>A-6:C>A,4297921.0,14658473.0,0.008576665427086879
100041567|F|0-33:A>T-33:A>T,100014679|F|0-16:C>A-16:C>A,4297921.0,14859822.0,0.047973721763419894
100041567|F|0-33:A>T-33:A>T,100021838|F|0-57:A>G-57:A>G,4297921.0,14928961.0,0.12602205454192525
100041567|F|0-33:A>T-33:A>T,100046294|F|0-6:C>G-6:C>G,4297921.0,15124860.0,0.024319434020444605
100041567|F|0-33:A>T-33:A>T,100045141|F|0-49:C>T-49:C>T,4297921.0,15225158.0,0.01819637010592828
100041567|F|0-33:A>T-33:A>T,100043254|F|0-7:C>G-7:C>G,4297921.0,15229542.0,0.015111346765641569
100041567|F|0-33:A>T-33:A>T,100013673|F|0-63:C>A-63:C>A,4297921.0,15256237.0,0.015489376104066636
100041567|F|0-33:A>T-33:A>T,100016806|F|0-26:T>A-26:T>A,4297921.0,15351778.0,4.345508482432556e-06
100041567|F|0-33:A>T-33:A>T,100033542|F|0-31:T>C-31:T>C,4297921.0,15394673.0,0.03474117129713146
100041567|F|0-33:A>T-33:A>T,100029793|F|0-30:G>A-30:G>A,4297921.0,15400977.0,0.0020357353882515077
100041567|F|0-33:A>T-33:A>T,100021703|F|0-41:T>C-41:T>C,4297921.0,15431799.0,0.013064710697902562
100041567|F|0-33:A>T-33:A>T,100017056|F|0-15:G>A-15:G>A,4297921.0,15535069.0,0.0007529886524415872
100041567|F|0-33:A>T-33:A>T,100021184|F|0-17:T>G-17:T>G,4297921.0,15536283.0,0.0007529886524415872
100041567|F|0-33:A>T-33:A>T,100044126|F|0-46:C>T-46:C>T,4297921.0,15556197.0,0.020924784002229562
100041567|F|0-33:A>T-33:A>T,100017834|F|0-8:C>T-8:C>T,4297921.0,15619447.0,0.0018548145242398032
100041567|F|0-33:A>T-33:A>T,100020292|F|0-58:T>C-58:T>C,4297921.0,15819325.0,0.07237924831598312
100041567|F|0-33:A>T-33:A>T,100015600|F|0-30:C>A-30:C>A,4297921.0,15832699.0,0.07287931663058507
100041567|F|0-33:A>T-33:A>T,100049389|F|0-23:C>A-23:C>A,4297921.0,15838578.0,0.07250617469550724
100041567|F|0-33:A>T-33:A>T,100038568|F|0-15:C>T-15:C>T,4297921.0,15839422.0,0.07287931663058507
100041567|F|0-33:A>T-33:A>T,100018705|F|0-34:T>C-34:T>C,4297921.0,15915251.0,0.018674336179465057
100041567|F|0-33:A>T-33:A>T,100019856|F|0-16:C>T-16:C>T,4297921.0,15948596.0,0.02477908977166087
100041567|F|0-33:A>T-33:A>T,100034716|F|0-53:A>G-53:A>G,4297921.0,15958067.0,0.03165184268493918
100041567|F|0-33:A>T-33:A>T,100021071|F|0-60:A>G-60:A>G,4297921.0,15967627.0,0.0312905380065905
100041567|F|0-33:A>T-33:A>T,100020211|F|0-33:C>A-33:C>A,4297921.0,15977146.0,0.011582105069064909
100041567|F|0-33:A>T-33:A>T,100013484|F|0-22:G>A-22:G>A,4297921.0,16177456.0,0.04341796575237334
100041567|F|0-33:A>T-33:A>T,100021316|F|0-63:C>A-63:C>A,4297921.0,16179198.0,0.04814158861725362
100041567|F|0-33:A>T-33:A>T,100017187|F|0-41:T>C-41:T>C,4297921.0,16245982.0,0.05989583333333321
100041567|F|0-33:A>T-33:A>T,100029840|F|0-31:T>C-31:T>C,4297921.0,16252498.0,0.07227013941266633
100041567|F|0-33:A>T-33:A>T,100013453|F|0-6:G>A-6:G>A,4297921.0,16307679.0,0.026637458466248834
100041567|F|0-33:A>T-33:A>T,100016783|F|0-52:G>T-52:G>T,4297921.0,16317524.0,0.025043391878899538
100041567|F|0-33:A>T-33:A>T,100014400|F|0-16:A>T-16:A>T,4297921.0,16381041.0,0.014303669285278948
100041567|F|0-33:A>T-33:A>T,100016625|F|0-16:T>C-16:T>C,4297921.0,16411184.0,0.02148734079147167
100041567|F|0-33:A>T-33:A>T,100015226|F|0-25:T>A-25:T>A,4297921.0,16581877.0,0.030335551182050138
100041567|F|0-33:A>T-33:A>T,100017539|F|0-11:A>T-11:A>T,4297921.0,16662610.0,0.0019178296654142112
100041567|F|0-33:A>T-33:A>T,100033601|F|0-15:C>A-15:C>A,4297921.0,16769146.0,0.02392626803116932
100041567|F|0-33:A>T-33:A>T,100039949|F|0-62:A>T-62:A>T,4297921.0,16793350.0,0.025098128019323655
100041567|F|0-33:A>T-33:A>T,100035334|F|0-35:T>C-35:T>C,4297921.0,16832622.0,0.06442301587234264
100041567|F|0-33:A>T-33:A>T,100021345|F|0-28:C>T-28:C>T,4297921.0,16899147.0,0.04094963152104516
100041567|F|0-33:A>T-33:A>T,100022139|F|0-65:T>C-65:T>C,4297921.0,16965771.0,0.01757526943249724
100041567|F|0-33:A>T-33:A>T,100044804|F|0-53:G>C-53:G>C,4297921.0,16968917.0,0.03136351917377464
100041567|F|0-33:A>T-33:A>T,100030290|F|0-11:A>C-11:A>C,4297921.0,16971407.0,0.01757526943249724
100041567|F|0-33:A>T-33:A>T,100017336|F|0-39:A>G-39:A>G,4297921.0,16987827.0,0.0495871925583125
100041567|F|0-33:A>T-33:A>T,100029568|F|0-9:T>G-9:T>G,4297921.0,16988131.0,0.005821409287257026
100041567|F|0-33:A>T-33:A>T,100034247|F|0-37:G>C-37:G>C,4297921.0,16999534.0,0.01405210074514916
100041567|F|0-33:A>T-33:A>T,100012983|F|0-45:A>T-45:A>T,4297921.0,17017248.0,0.005278385986862681
100041567|F|0-33:A>T-33:A>T,100020033|F|0-7:G>A-7:G>A,4297921.0,17020316.0,0.0009004688832054531
100041567|F|0-33:A>T-33:A>T,100018782|F|0-63:C>T-63:C>T,4297921.0,17424649.0,0.0018861777128770406
100041567|F|0-33:A>T-33:A>T,100019630|F|0-24:A>T-24:A>T,4297921.0,17521232.0,0.037127481983293256
100041567|F|0-33:A>T-33:A>T,100021757|F|0-47:G>A-47:G>A,4297921.0,17521694.0,0.042494529926595165
100041567|F|0-33:A>T-33:A>T,100038944|F|0-45:C>T-45:C>T,4297921.0,17607936.0,0.03332184634235066
100041567|F|0-33:A>T-33:A>T,100047378|F|0-35:C>T-35:C>T,4297921.0,17706505.0,0.033391473969526644
100041567|F|0-33:A>T-33:A>T,100029543|F|0-46:T>C-46:T>C,4297921.0,18278899.0,0.0311370280958851
100041567|F|0-33:A>T-33:A>T,100021798|F|0-27:T>C-27:T>C,4297921.0,18732658.0,0.005174561936741344
100041567|F|0-33:A>T-33:A>T,100017716|F|0-8:C>T-8:C>T,4297921.0,18851585.0,0.0013054134697357172
100016452|F|0-6:G>A-6:G>A,100013207|F|0-60:C>G-60:C>G,4298929.0,4298934.0,0.8827657743904602
100016452|F|0-6:G>A-6:G>A,100013419|F|0-62:G>T-62:G>T,4298929.0,4560526.0,0.003334471120632489
100016452|F|0-6:G>A-6:G>A,100017267|F|0-60:T>C-60:T>C,4298929.0,4794124.0,0.029862345317971734
100016452|F|0-6:G>A-6:G>A,100035378|F|0-22:G>A-22:G>A,4298929.0,4795005.0,0.03655281303842402
100016452|F|0-6:G>A-6:G>A,100034189|F|0-36:A>T-36:A>T,4298929.0,5191352.0,0.02362767418863948
100016452|F|0-6:G>A-6:G>A,100030017|F|0-30:G>A-30:G>A,4298929.0,5194871.0,0.026562786223116707
100016452|F|0-6:G>A-6:G>A,100019240|F|0-12:A>C-12:A>C,4298929.0,5221682.0,0.012976612438635014
100016452|F|0-6:G>A-6:G>A,100039010|F|0-12:C>T-12:C>T,4298929.0,5826827.0,0.010306078261131203
100016452|F|0-6:G>A-6:G>A,100034526|F|0-38:G>A-38:G>A,4298929.0,5829779.0,0.019641189227072246
100016452|F|0-6:G>A-6:G>A,100040746|F|0-42:G>A-42:G>A,4298929.0,5944865.0,0.005406975696758978
100016452|F|0-6:G>A-6:G>A,100021961|F|0-53:A>T-53:A>T,4298929.0,6058253.0,0.03416158136003961
100016452|F|0-6:G>A-6:G>A,100014327|F|0-12:T>C-12:T>C,4298929.0,6588263.0,0.0018034242048335296
100016452|F|0-6:G>A-6:G>A,100044383|F|0-11:A>T-11:A>T,4298929.0,6629814.0,0.001493194421343897
100016452|F|0-6:G>A-6:G>A,100017856|F|0-8:G>C-8:G>C,4298929.0,6634620.0,6.349229001428137e-05
100016452|F|0-6:G>A-6:G>A,100058672|F|0-30:C>T-30:C>T,4298929.0,7170197.0,0.00595203805045631
100016452|F|0-6:G>A-6:G>A,100016006|F|0-20:G>A-20:G>A,4298929.0,7243813.0,0.05269711610300335
100016452|F|0-6:G>A-6:G>A,100014225|F|0-25:G>A-25:G>A,4298929.0,7752093.0,0.07065200609132782
100016452|F|0-6:G>A-6:G>A,100019858|F|0-55:G>C-55:G>C,4298929.0,7879011.0,0.031322541071453054
100016452|F|0-6:G>A-6:G>A,100020367|F|0-37:A>T-37:A>T,4298929.0,8687209.0,4.676761908512615e-05
100016452|F|0-6:G>A-6:G>A,100017575|F|0-33:C>A-33:C>A,4298929.0,8708407.0,0.007596944708928715
100016452|F|0-6:G>A-6:G>A,100021965|F|0-19:C>T-19:C>T,4298929.0,9286898.0,0.054109548781282046
100016452|F|0-6:G>A-6:G>A,100022176|F|0-8:G>A-8:G>A,4298929.0,9450266.0,0.0033541994274424417
100016452|F|0-6:G>A-6:G>A,100033258|F|0-23:G>A-23:G>A,4298929.0,9597839.0,0.09591693846572215
100016452|F|0-6:G>A-6:G>A,100016832|F|0-65:T>A-65:T>A,4298929.0,9956473.0,0.02497959295561013
100016452|F|0-6:G>A-6:G>A,100015585|F|0-38:T>C-38:T>C,4298929.0,10530371.0,0.011422372628949126
100016452|F|0-6:G>A-6:G>A,100032761|F|0-35:G>T-35:G>T,4298929.0,11013852.0,0.016474498031521238
100016452|F|0-6:G>A-6:G>A,100018106|F|0-5:T>C-5:T>C,4298929.0,11160342.0,0.07560946948735565
100016452|F|0-6:G>A-6:G>A,100029056|F|0-22:A>T-22:A>T,4298929.0,11582180.0,0.04619878002484678
100016452|F|0-6:G>A-6:G>A,100019200|F|0-60:C>T-60:C>T,4298929.0,11806800.0,0.002205052215636466
100016452|F|0-6:G>A-6:G>A,100017507|F|0-36:T>C-36:T>C,4298929.0,12067176.0,0.0008258213253604872
100016452|F|0-6:G>A-6:G>A,100015126|F|0-46:T>G-46:T>G,4298929.0,12238563.0,0.025004548252280965
100016452|F|0-6:G>A-6:G>A,100035996|F|0-47:A>G-47:A>G,4298929.0,12678333.0,0.002046323967771896
100016452|F|0-6:G>A-6:G>A,100041089|F|0-45:A>G-45:A>G,4298929.0,12678338.0,0.002046323967771896
100016452|F|0-6:G>A-6:G>A,100015053|F|0-21:C>T-21:C>T,4298929.0,12815706.0,0.01599938327013845
100016452|F|0-6:G>A-6:G>A,100016297|F|0-36:A>G-36:A>G,4298929.0,12845233.0,0.011426179662843513
100016452|F|0-6:G>A-6:G>A,100016238|F|0-41:C>A-41:C>A,4298929.0,12849798.0,0.0010789544826446313
100016452|F|0-6:G>A-6:G>A,100016677|F|0-45:G>A-45:G>A,4298929.0,13416059.0,0.0008136407595505028
100016452|F|0-6:G>A-6:G>A,100035421|F|0-6:T>A-6:T>A,4298929.0,13420106.0,0.0012030037448606333
100016452|F|0-6:G>A-6:G>A,100015018|F|0-5:T>A-5:T>A,4298929.0,13421247.0,0.0006061089162501592
100016452|F|0-6:G>A-6:G>A,100020103|F|0-18:T>C-18:T>C,4298929.0,13646039.0,0.030562147937015303
100016452|F|0-6:G>A-6:G>A,100014062|F|0-62:G>A-62:G>A,4298929.0,13646044.0,0.028453489778637986
100016452|F|0-6:G>A-6:G>A,100039121|F|0-17:A>G-17:A>G,4298929.0,13667695.0,0.034544027921936005
100016452|F|0-6:G>A-6:G>A,100018973|F|0-53:T>G-53:T>G,4298929.0,13667871.0,0.028453489778637986
100016452|F|0-6:G>A-6:G>A,100022289|F|0-10:A>G-10:A>G,4298929.0,13667876.0,0.022398175956427575
100016452|F|0-6:G>A-6:G>A,100015169|F|0-21:A>G-21:A>G,4298929.0,13718785.0,0.007534656718543431
100016452|F|0-6:G>A-6:G>A,100020673|F|0-43:T>A-43:T>A,4298929.0,13731316.0,0.02188815088176936
100016452|F|0-6:G>A-6:G>A,100015679|F|0-19:G>A-19:G>A,4298929.0,14080553.0,0.0037917838075674556
100016452|F|0-6:G>A-6:G>A,100016059|F|0-15:A>T-15:A>T,4298929.0,14090473.0,0.0069695280763995325
100016452|F|0-6:G>A-6:G>A,100019698|F|0-15:C>A-15:C>A,4298929.0,14160112.0,0.0032268750640869126
100016452|F|0-6:G>A-6:G>A,100036115|F|0-39:C>T-39:C>T,4298929.0,14240591.0,0.007572217778462295
100016452|F|0-6:G>A-6:G>A,100035750|F|0-64:T>C-64:T>C,4298929.0,14346419.0,0.06609816191680298
100016452|F|0-6:G>A-6:G>A,100021715|F|0-7:C>A-7:C>A,4298929.0,14348921.0,0.07155578886797781
100016452|F|0-6:G>A-6:G>A,100040569|F|0-37:C>T-37:C>T,4298929.0,14351912.0,0.00953441244155332
100016452|F|0-6:G>A-6:G>A,100015147|F|0-16:C>G-16:C>G,4298929.0,14409032.0,0.03584126730248258
100016452|F|0-6:G>A-6:G>A,100030246|F|0-11:C>A-11:C>A,4298929.0,14458674.0,0.010800962896525568
100016452|F|0-6:G>A-6:G>A,100035083|F|0-24:G>C-24:G>C,4298929.0,14490822.0,0.0264846477067944
100016452|F|0-6:G>A-6:G>A,100013053|F|0-56:A>T-56:A>T,4298929.0,14502847.0,0.06039580827072241
100016452|F|0-6:G>A-6:G>A,100044112|F|0-18:T>G-18:T>G,4298929.0,14593733.0,0.011491472118059738
100016452|F|0-6:G>A-6:G>A,100041853|F|0-21:T>C-21:T>C,4298929.0,14595838.0,0.009600051677049802
100016452|F|0-6:G>A-6:G>A,100033723|F|0-20:T>C-20:T>C,4298929.0,14595843.0,0.0012491868670676776
100016452|F|0-6:G>A-6:G>A,100017564|F|0-8:A>T-8:A>T,4298929.0,14625545.0,0.0021929958150329735
100016452|F|0-6:G>A-6:G>A,100057963|F|0-26:C>T-26:C>T,4298929.0,14656009.0,0.03177165235272761
100016452|F|0-6:G>A-6:G>A,100019295|F|0-19:G>T-19:G>T,4298929.0,14656014.0,0.017107517187413022
100016452|F|0-6:G>A-6:G>A,100035362|F|0-6:C>A-6:C>A,4298929.0,14658473.0,0.02307027157844296
100016452|F|0-6:G>A-6:G>A,100014679|F|0-16:C>A-16:C>A,4298929.0,14859822.0,0.06942682045168945
100016452|F|0-6:G>A-6:G>A,100021838|F|0-57:A>G-57:A>G,4298929.0,14928961.0,0.15529647242046724
100016452|F|0-6:G>A-6:G>A,100046294|F|0-6:C>G-6:C>G,4298929.0,15124860.0,0.027479526325562588
100016452|F|0-6:G>A-6:G>A,100045141|F|0-49:C>T-49:C>T,4298929.0,15225158.0,0.027006691833386307
100016452|F|0-6:G>A-6:G>A,100043254|F|0-7:C>G-7:C>G,4298929.0,15229542.0,0.017878348237335053
100016452|F|0-6:G>A-6:G>A,100013673|F|0-63:C>A-63:C>A,4298929.0,15256237.0,0.018546146792411435
100016452|F|0-6:G>A-6:G>A,100016806|F|0-26:T>A-26:T>A,4298929.0,15351778.0,5.969156274993731e-05
100016452|F|0-6:G>A-6:G>A,100033542|F|0-31:T>C-31:T>C,4298929.0,15394673.0,0.016233429718819074
100016452|F|0-6:G>A-6:G>A,100029793|F|0-30:G>A-30:G>A,4298929.0,15400977.0,7.671484038998041e-06
100016452|F|0-6:G>A-6:G>A,100021703|F|0-41:T>C-41:T>C,4298929.0,15431799.0,0.01798241005704677
100016452|F|0-6:G>A-6:G>A,100017056|F|0-15:G>A-15:G>A,4298929.0,15535069.0,0.0013410441042093484
100016452|F|0-6:G>A-6:G>A,100021184|F|0-17:T>G-17:T>G,4298929.0,15536283.0,0.0013410441042093484
100016452|F|0-6:G>A-6:G>A,100044126|F|0-46:C>T-46:C>T,4298929.0,15556197.0,0.027117053670292397
100016452|F|0-6:G>A-6:G>A,100017834|F|0-8:C>T-8:C>T,4298929.0,15619447.0,0.009221135221550728
100016452|F|0-6:G>A-6:G>A,100020292|F|0-58:T>C-58:T>C,4298929.0,15819325.0,0.06215395518594042
100016452|F|0-6:G>A-6:G>A,100015600|F|0-30:C>A-30:C>A,4298929.0,15832699.0,0.06308740395121937
100016452|F|0-6:G>A-6:G>A,100049389|F|0-23:C>A-23:C>A,4298929.0,15838578.0,0.06194600233119045
100016452|F|0-6:G>A-6:G>A,100038568|F|0-15:C>T-15:C>T,4298929.0,15839422.0,0.06308740395121937
100016452|F|0-6:G>A-6:G>A,100018705|F|0-34:T>C-34:T>C,4298929.0,15915251.0,0.018263574692350397
100016452|F|0-6:G>A-6:G>A,100019856|F|0-16:C>T-16:C>T,4298929.0,15948596.0,0.03083900364890138
100016452|F|0-6:G>A-6:G>A,100034716|F|0-53:A>G-53:A>G,4298929.0,15958067.0,0.04168663209738426
100016452|F|0-6:G>A-6:G>A,100021071|F|0-60:A>G-60:A>G,4298929.0,15967627.0,0.04094386851008223
100016452|F|0-6:G>A-6:G>A,100020211|F|0-33:C>A-33:C>A,4298929.0,15977146.0,0.016186208542701655
100016452|F|0-6:G>A-6:G>A,100013484|F|0-22:G>A-22:G>A,4298929.0,16177456.0,0.04697709958867148
100016452|F|0-6:G>A-6:G>A,100021316|F|0-63:C>A-63:C>A,4298929.0,16179198.0,0.049940763161621333
100016452|F|0-6:G>A-6:G>A,100017187|F|0-41:T>C-41:T>C,4298929.0,16245982.0,0.05721448983911939
100016452|F|0-6:G>A-6:G>A,100029840|F|0-31:T>C-31:T>C,4298929.0,16252498.0,0.054471931775590655
100016452|F|0-6:G>A-6:G>A,100013453|F|0-6:G>A-6:G>A,4298929.0,16307679.0,0.030270504451826087
100016452|F|0-6:G>A-6:G>A,100016783|F|0-52:G>T-52:G>T,4298929.0,16317524.0,0.028914339748092908
100016452|F|0-6:G>A-6:G>A,100014400|F|0-16:A>T-16:A>T,4298929.0,16381041.0,0.01582462402146604
100016452|F|0-6:G>A-6:G>A,100016625|F|0-16:T>C-16:T>C,4298929.0,16411184.0,0.02307027157844296
100016452|F|0-6:G>A-6:G>A,100015226|F|0-25:T>A-25:T>A,4298929.0,16581877.0,0.021273992140226863
100016452|F|0-6:G>A-6:G>A,100017539|F|0-11:A>T-11:A>T,4298929.0,16662610.0,0.0032034625246592507
100016452|F|0-6:G>A-6:G>A,100033601|F|0-15:C>A-15:C>A,4298929.0,16769146.0,0.007571973894889324
100016452|F|0-6:G>A-6:G>A,100039949|F|0-62:A>T-62:A>T,4298929.0,16793350.0,0.007660981412039834
100016452|F|0-6:G>A-6:G>A,100035334|F|0-35:T>C-35:T>C,4298929.0,16832622.0,0.046346104516579084
100016452|F|0-6:G>A-6:G>A,100021345|F|0-28:C>T-28:C>T,4298929.0,16899147.0,0.017765319993122287
100016452|F|0-6:G>A-6:G>A,100022139|F|0-65:T>C-65:T>C,4298929.0,16965771.0,0.007057601129871348
100016452|F|0-6:G>A-6:G>A,100044804|F|0-53:G>C-53:G>C,4298929.0,16968917.0,0.020601425921732513
100016452|F|0-6:G>A-6:G>A,100030290|F|0-11:A>C-11:A>C,4298929.0,16971407.0,0.007057601129871348
100016452|F|0-6:G>A-6:G>A,100017336|F|0-39:A>G-39:A>G,4298929.0,16987827.0,0.043584202163352584
100016452|F|0-6:G>A-6:G>A,100029568|F|0-9:T>G-9:T>G,4298929.0,16988131.0,7.315248819044557e-05
100016452|F|0-6:G>A-6:G>A,100034247|F|0-37:G>C-37:G>C,4298929.0,16999534.0,0.0025971434775438613
100016452|F|0-6:G>A-6:G>A,100012983|F|0-45:A>T-45:A>T,4298929.0,17017248.0,0.002192995815032974
100016452|F|0-6:G>A-6:G>A,100020033|F|0-7:G>A-7:G>A,4298929.0,17020316.0,7.969318125217852e-05
100016452|F|0-6:G>A-6:G>A,100018782|F|0-63:C>T-63:C>T,4298929.0,17424649.0,0.0018495490627605886
100016452|F|0-6:G>A-6:G>A,100019630|F|0-24:A>T-24:A>T,4298929.0,17521232.0,0.030848548972032885
100016452|F|0-6:G>A-6:G>A,100021757|F|0-47:G>A-47:G>A,4298929.0,17521694.0,0.03575414847641788
100016452|F|0-6:G>A-6:G>A,100038944|F|0-45:C>T-45:C>T,4298929.0,17607936.0,0.036509512682644775
100016452|F|0-6:G>A-6:G>A,100047378|F|0-35:C>T-35:C>T,4298929.0,17706505.0,0.02890506530844843
100016452|F|0-6:G>A-6:G>A,100029543|F|0-46:T>C-46:T>C,4298929.0,18278899.0,0.028611497520261306
100016452|F|0-6:G>A-6:G>A,100021798|F|0-27:T>C-27:T>C,4298929.0,18732658.0,0.0023085927766647043
100016452|F|0-6:G>A-6:G>A,100017716|F|0-8:C>T-8:C>T,4298929.0,18851585.0,0.0030133984160980367
100013207|F|0-60:C>G-60:C>G,100013419|F|0-62:G>T-62:G>T,4298934.0,4560526.0,0.005577942042947626
100013207|F|0-60:C>G-60:C>G,100017267|F|0-60:T>C-60:T>C,4298934.0,4794124.0,0.02451465725401175
100013207|F|0-60:C>G-60:C>G,100035378|F|0-22:G>A-22:G>A,4298934.0,4795005.0,0.03539096823465607
100013207|F|0-60:C>G-60:C>G,100034189|F|0-36:A>T-36:A>T,4298934.0,5191352.0,0.021944158539047375
100013207|F|0-60:C>G-60:C>G,100030017|F|0-30:G>A-30:G>A,4298934.0,5194871.0,0.02438653304627438
100013207|F|0-60:C>G-60:C>G,100019240|F|0-12:A>C-12:A>C,4298934.0,5221682.0,0.0007211841599224093
100013207|F|0-60:C>G-60:C>G,100039010|F|0-12:C>T-12:C>T,4298934.0,5826827.0,0.01828795515313712
100013207|F|0-60:C>G-60:C>G,100034526|F|0-38:G>A-38:G>A,4298934.0,5829779.0,0.02578330232859633
100013207|F|0-60:C>G-60:C>G,100040746|F|0-42:G>A-42:G>A,4298934.0,5944865.0,0.0020755762304317535
100013207|F|0-60:C>G-60:C>G,100021961|F|0-53:A>T-53:A>T,4298934.0,6058253.0,0.010551078896461355
100013207|F|0-60:C>G-60:C>G,100014327|F|0-12:T>C-12:T>C,4298934.0,6588263.0,0.0033445626577486287
100013207|F|0-60:C>G-60:C>G,100044383|F|0-11:A>T-11:A>T,4298934.0,6629814.0,0.0011504039618687029
100013207|F|0-60:C>G-60:C>G,100017856|F|0-8:G>C-8:G>C,4298934.0,6634620.0,0.0038056576227184073
100013207|F|0-60:C>G-60:C>G,100058672|F|0-30:C>T-30:C>T,4298934.0,7170197.0,0.001370264126101458
100013207|F|0-60:C>G-60:C>G,100016006|F|0-20:G>A-20:G>A,4298934.0,7243813.0,0.04566270426769871
100013207|F|0-60:C>G-60:C>G,100014225|F|0-25:G>A-25:G>A,4298934.0,7752093.0,0.0787884933139427
100013207|F|0-60:C>G-60:C>G,100019858|F|0-55:G>C-55:G>C,4298934.0,7879011.0,0.02783571988740304
100013207|F|0-60:C>G-60:C>G,100020367|F|0-37:A>T-37:A>T,4298934.0,8687209.0,0.0004705092505970745
100013207|F|0-60:C>G-60:C>G,100017575|F|0-33:C>A-33:C>A,4298934.0,8708407.0,0.012097605614718591
100013207|F|0-60:C>G-60:C>G,100021965|F|0-19:C>T-19:C>T,4298934.0,9286898.0,0.07313699078961745
100013207|F|0-60:C>G-60:C>G,100022176|F|0-8:G>A-8:G>A,4298934.0,9450266.0,0.007576269762734517
100013207|F|0-60:C>G-60:C>G,100033258|F|0-23:G>A-23:G>A,4298934.0,9597839.0,0.09599108243038255
100013207|F|0-60:C>G-60:C>G,100016832|F|0-65:T>A-65:T>A,4298934.0,9956473.0,0.012874224992935142
100013207|F|0-60:C>G-60:C>G,100015585|F|0-38:T>C-38:T>C,4298934.0,10530371.0,0.007353025129632921
100013207|F|0-60:C>G-60:C>G,100032761|F|0-35:G>T-35:G>T,4298934.0,11013852.0,0.025401842714429326
100013207|F|0-60:C>G-60:C>G,100018106|F|0-5:T>C-5:T>C,4298934.0,11160342.0,0.08785142539861149
100013207|F|0-60:C>G-60:C>G,100029056|F|0-22:A>T-22:A>T,4298934.0,11582180.0,0.051199331226833816
100013207|F|0-60:C>G-60:C>G,100019200|F|0-60:C>T-60:C>T,4298934.0,11806800.0,0.0007456321975074929
100013207|F|0-60:C>G-60:C>G,100017507|F|0-36:T>C-36:T>C,4298934.0,12067176.0,0.006926150379655647
100013207|F|0-60:C>G-60:C>G,100015126|F|0-46:T>G-46:T>G,4298934.0,12238563.0,0.03632157593934651
100013207|F|0-60:C>G-60:C>G,100035996|F|0-47:A>G-47:A>G,4298934.0,12678333.0,0.006563247955058554
100013207|F|0-60:C>G-60:C>G,100041089|F|0-45:A>G-45:A>G,4298934.0,12678338.0,0.006563247955058554
100013207|F|0-60:C>G-60:C>G,100015053|F|0-21:C>T-21:C>T,4298934.0,12815706.0,0.002541903024818104
100013207|F|0-60:C>G-60:C>G,100016297|F|0-36:A>G-36:A>G,4298934.0,12845233.0,0.008174504151787635
100013207|F|0-60:C>G-60:C>G,100016238|F|0-41:C>A-41:C>A,4298934.0,12849798.0,0.001397518688711459
100013207|F|0-60:C>G-60:C>G,100016677|F|0-45:G>A-45:G>A,4298934.0,13416059.0,0.0011708747184232978
100013207|F|0-60:C>G-60:C>G,100035421|F|0-6:T>A-6:T>A,4298934.0,13420106.0,0.005125975185523091
100013207|F|0-60:C>G-60:C>G,100015018|F|0-5:T>A-5:T>A,4298934.0,13421247.0,0.0035879106461642134
100013207|F|0-60:C>G-60:C>G,100020103|F|0-18:T>C-18:T>C,4298934.0,13646039.0,0.0486680931146114
100013207|F|0-60:C>G-60:C>G,100014062|F|0-62:G>A-62:G>A,4298934.0,13646044.0,0.046274761679399694
100013207|F|0-60:C>G-60:C>G,100039121|F|0-17:A>G-17:A>G,4298934.0,13667695.0,0.054020545814695446
100013207|F|0-60:C>G-60:C>G,100018973|F|0-53:T>G-53:T>G,4298934.0,13667871.0,0.04627476167939967
100013207|F|0-60:C>G-60:C>G,100022289|F|0-10:A>G-10:A>G,4298934.0,13667876.0,0.03808055617717427
100013207|F|0-60:C>G-60:C>G,100015169|F|0-21:A>G-21:A>G,4298934.0,13718785.0,0.012795542238403563
100013207|F|0-60:C>G-60:C>G,100020673|F|0-43:T>A-43:T>A,4298934.0,13731316.0,0.008354428806219678
100013207|F|0-60:C>G-60:C>G,100015679|F|0-19:G>A-19:G>A,4298934.0,14080553.0,1.6085146903860616e-06
100013207|F|0-60:C>G-60:C>G,100016059|F|0-15:A>T-15:A>T,4298934.0,14090473.0,0.0011389709274113864
100013207|F|0-60:C>G-60:C>G,100019698|F|0-15:C>A-15:C>A,4298934.0,14160112.0,0.00024844713157299306
100013207|F|0-60:C>G-60:C>G,100036115|F|0-39:C>T-39:C>T,4298934.0,14240591.0,0.0009644656709802311
100013207|F|0-60:C>G-60:C>G,100035750|F|0-64:T>C-64:T>C,4298934.0,14346419.0,0.07262128387650285
100013207|F|0-60:C>G-60:C>G,100021715|F|0-7:C>A-7:C>A,4298934.0,14348921.0,0.06569331979047317
100013207|F|0-60:C>G-60:C>G,100040569|F|0-37:C>T-37:C>T,4298934.0,14351912.0,0.016594175136531955
100013207|F|0-60:C>G-60:C>G,100015147|F|0-16:C>G-16:C>G,4298934.0,14409032.0,0.02792032299136112
100013207|F|0-60:C>G-60:C>G,100030246|F|0-11:C>A-11:C>A,4298934.0,14458674.0,0.010356869556473965
100013207|F|0-60:C>G-60:C>G,100035083|F|0-24:G>C-24:G>C,4298934.0,14490822.0,0.04481494024713981
100013207|F|0-60:C>G-60:C>G,100013053|F|0-56:A>T-56:A>T,4298934.0,14502847.0,0.09176076190891844
100013207|F|0-60:C>G-60:C>G,100044112|F|0-18:T>G-18:T>G,4298934.0,14593733.0,0.03933980123047799
100013207|F|0-60:C>G-60:C>G,100041853|F|0-21:T>C-21:T>C,4298934.0,14595838.0,0.02965462633357042
100013207|F|0-60:C>G-60:C>G,100033723|F|0-20:T>C-20:T>C,4298934.0,14595843.0,0.011399130281981761
100013207|F|0-60:C>G-60:C>G,100017564|F|0-8:A>T-8:A>T,4298934.0,14625545.0,0.005515701021766586
100013207|F|0-60:C>G-60:C>G,100057963|F|0-26:C>T-26:C>T,4298934.0,14656009.0,0.02300807923737406
100013207|F|0-60:C>G-60:C>G,100019295|F|0-19:G>T-19:G>T,4298934.0,14656014.0,0.010518122034732342
100013207|F|0-60:C>G-60:C>G,100035362|F|0-6:C>A-6:C>A,4298934.0,14658473.0,0.014946759007049722
100013207|F|0-60:C>G-60:C>G,100014679|F|0-16:C>A-16:C>A,4298934.0,14859822.0,0.05013060939594487
100013207|F|0-60:C>G-60:C>G,100021838|F|0-57:A>G-57:A>G,4298934.0,14928961.0,0.14844753566357977
100013207|F|0-60:C>G-60:C>G,100046294|F|0-6:C>G-6:C>G,4298934.0,15124860.0,0.03265227909144775
100013207|F|0-60:C>G-60:C>G,100045141|F|0-49:C>T-49:C>T,4298934.0,15225158.0,0.026549595337018932
100013207|F|0-60:C>G-60:C>G,100043254|F|0-7:C>G-7:C>G,4298934.0,15229542.0,0.02305559082566689
100013207|F|0-60:C>G-60:C>G,100013673|F|0-63:C>A-63:C>A,4298934.0,15256237.0,0.03219570042442461
100013207|F|0-60:C>G-60:C>G,100016806|F|0-26:T>A-26:T>A,4298934.0,15351778.0,0.0009991200780627965
100013207|F|0-60:C>G-60:C>G,100033542|F|0-31:T>C-31:T>C,4298934.0,15394673.0,0.03630312646666654
100013207|F|0-60:C>G-60:C>G,100029793|F|0-30:G>A-30:G>A,4298934.0,15400977.0,0.006544317413798721
100013207|F|0-60:C>G-60:C>G,100021703|F|0-41:T>C-41:T>C,4298934.0,15431799.0,0.013652097123033
100013207|F|0-60:C>G-60:C>G,100017056|F|0-15:G>A-15:G>A,4298934.0,15535069.0,0.0007868428512025684
100013207|F|0-60:C>G-60:C>G,100021184|F|0-17:T>G-17:T>G,4298934.0,15536283.0,0.0007868428512025684
100013207|F|0-60:C>G-60:C>G,100044126|F|0-46:C>T-46:C>T,4298934.0,15556197.0,0.010517537951873004
100013207|F|0-60:C>G-60:C>G,100017834|F|0-8:C>T-8:C>T,4298934.0,15619447.0,0.0019382065639003791
100013207|F|0-60:C>G-60:C>G,100020292|F|0-58:T>C-58:T>C,4298934.0,15819325.0,0.08917175909570392
100013207|F|0-60:C>G-60:C>G,100015600|F|0-30:C>A-30:C>A,4298934.0,15832699.0,0.08969868655409206
100013207|F|0-60:C>G-60:C>G,100049389|F|0-23:C>A-23:C>A,4298934.0,15838578.0,0.08938440727520236
100013207|F|0-60:C>G-60:C>G,100038568|F|0-15:C>T-15:C>T,4298934.0,15839422.0,0.08969868655409206
100013207|F|0-60:C>G-60:C>G,100018705|F|0-34:T>C-34:T>C,4298934.0,15915251.0,0.03472192253326392
100013207|F|0-60:C>G-60:C>G,100019856|F|0-16:C>T-16:C>T,4298934.0,15948596.0,0.006809507434279742
100013207|F|0-60:C>G-60:C>G,100034716|F|0-53:A>G-53:A>G,4298934.0,15958067.0,0.04257495529503951
100013207|F|0-60:C>G-60:C>G,100021071|F|0-60:A>G-60:A>G,4298934.0,15967627.0,0.042189002362021034
100013207|F|0-60:C>G-60:C>G,100020211|F|0-33:C>A-33:C>A,4298934.0,15977146.0,0.023954331223934026
100013207|F|0-60:C>G-60:C>G,100013484|F|0-22:G>A-22:G>A,4298934.0,16177456.0,0.045370027629550835
100013207|F|0-60:C>G-60:C>G,100021316|F|0-63:C>A-63:C>A,4298934.0,16179198.0,0.050306023505393344
100013207|F|0-60:C>G-60:C>G,100017187|F|0-41:T>C-41:T>C,4298934.0,16245982.0,0.06258873639375288
100013207|F|0-60:C>G-60:C>G,100029840|F|0-31:T>C-31:T>C,4298934.0,16252498.0,0.06268182601853689
100013207|F|0-60:C>G-60:C>G,100013453|F|0-6:G>A-6:G>A,4298934.0,16307679.0,0.02783507254778846
100013207|F|0-60:C>G-60:C>G,100016783|F|0-52:G>T-52:G>T,4298934.0,16317524.0,0.026169337088788592
100013207|F|0-60:C>G-60:C>G,100014400|F|0-16:A>T-16:A>T,4298934.0,16381041.0,0.02245340675228092
100013207|F|0-60:C>G-60:C>G,100016625|F|0-16:T>C-16:T>C,4298934.0,16411184.0,0.02245340675228092
100013207|F|0-60:C>G-60:C>G,100015226|F|0-25:T>A-25:T>A,4298934.0,16581877.0,0.041893797768284606
100013207|F|0-60:C>G-60:C>G,100017539|F|0-11:A>T-11:A>T,4298934.0,16662610.0,1.8780189154064271e-06
100013207|F|0-60:C>G-60:C>G,100033601|F|0-15:C>A-15:C>A,4298934.0,16769146.0,0.025001987606635946
100013207|F|0-60:C>G-60:C>G,100039949|F|0-62:A>T-62:A>T,4298934.0,16793350.0,0.026226534153651986
100013207|F|0-60:C>G-60:C>G,100035334|F|0-35:T>C-35:T>C,4298934.0,16832622.0,0.07896299186509391
100013207|F|0-60:C>G-60:C>G,100021345|F|0-28:C>T-28:C>T,4298934.0,16899147.0,0.04279071765190122
100013207|F|0-60:C>G-60:C>G,100022139|F|0-65:T>C-65:T>C,4298934.0,16965771.0,0.0183654495536933
100013207|F|0-60:C>G-60:C>G,100044804|F|0-53:G>C-53:G>C,4298934.0,16968917.0,0.029364004784953105
100013207|F|0-60:C>G-60:C>G,100030290|F|0-11:A>C-11:A>C,4298934.0,16971407.0,0.0183654495536933
100013207|F|0-60:C>G-60:C>G,100017336|F|0-39:A>G-39:A>G,4298934.0,16987827.0,0.05181662147125122
100013207|F|0-60:C>G-60:C>G,100029568|F|0-9:T>G-9:T>G,4298934.0,16988131.0,0.006083138526390675
100013207|F|0-60:C>G-60:C>G,100034247|F|0-37:G>C-37:G>C,4298934.0,16999534.0,0.014683880002503216
100013207|F|0-60:C>G-60:C>G,100012983|F|0-45:A>T-45:A>T,4298934.0,17017248.0,0.005515701021766591
100013207|F|0-60:C>G-60:C>G,100020033|F|0-7:G>A-7:G>A,4298934.0,17020316.0,0.0009409537596392058
100013207|F|0-60:C>G-60:C>G,100018782|F|0-63:C>T-63:C>T,4298934.0,17424649.0,0.00010780398287647297
100013207|F|0-60:C>G-60:C>G,100019630|F|0-24:A>T-24:A>T,4298934.0,17521232.0,0.03879672513919133
100013207|F|0-60:C>G-60:C>G,100021757|F|0-47:G>A-47:G>A,4298934.0,17521694.0,0.04440507433881783
100013207|F|0-60:C>G-60:C>G,100038944|F|0-45:C>T-45:C>T,4298934.0,17607936.0,0.03481998898433986
100013207|F|0-60:C>G-60:C>G,100047378|F|0-35:C>T-35:C>T,4298934.0,17706505.0,0.04781013425850129
100013207|F|0-60:C>G-60:C>G,100029543|F|0-46:T>C-46:T>C,4298934.0,18278899.0,0.041939104121594184
100013207|F|0-60:C>G-60:C>G,100021798|F|0-27:T>C-27:T>C,4298934.0,18732658.0,0.005407209065937013
100013207|F|0-60:C>G-60:C>G,100017716|F|0-8:C>T-8:C>T,4298934.0,18851585.0,0.00017399292892736915
100013419|F|0-62:G>T-62:G>T,100017267|F|0-60:T>C-60:T>C,4560526.0,4794124.0,0.004401132068638835
100013419|F|0-62:G>T-62:G>T,100035378|F|0-22:G>A-22:G>A,4560526.0,4795005.0,0.0589324233473846
100013419|F|0-62:G>T-62:G>T,100034189|F|0-36:A>T-36:A>T,4560526.0,5191352.0,0.0018689550983537705
100013419|F|0-62:G>T-62:G>T,100030017|F|0-30:G>A-30:G>A,4560526.0,5194871.0,0.0009906027514496787
100013419|F|0-62:G>T-62:G>T,100019240|F|0-12:A>C-12:A>C,4560526.0,5221682.0,0.022143991825721816
100013419|F|0-62:G>T-62:G>T,100039010|F|0-12:C>T-12:C>T,4560526.0,5826827.0,0.17909322841885927
100013419|F|0-62:G>T-62:G>T,100034526|F|0-38:G>A-38:G>A,4560526.0,5829779.0,0.07852556217766408
100013419|F|0-62:G>T-62:G>T,100040746|F|0-42:G>A-42:G>A,4560526.0,5944865.0,0.0403966164013821
100013419|F|0-62:G>T-62:G>T,100021961|F|0-53:A>T-53:A>T,4560526.0,6058253.0,0.10855245668240054
100013419|F|0-62:G>T-62:G>T,100014327|F|0-12:T>C-12:T>C,4560526.0,6588263.0,0.11905905460474533
100013419|F|0-62:G>T-62:G>T,100044383|F|0-11:A>T-11:A>T,4560526.0,6629814.0,0.08557800817292383
100013419|F|0-62:G>T-62:G>T,100017856|F|0-8:G>C-8:G>C,4560526.0,6634620.0,0.09572770951677878
100013419|F|0-62:G>T-62:G>T,100058672|F|0-30:C>T-30:C>T,4560526.0,7170197.0,0.025735512252030267
100013419|F|0-62:G>T-62:G>T,100016006|F|0-20:G>A-20:G>A,4560526.0,7243813.0,0.04062404471810992
100013419|F|0-62:G>T-62:G>T,100014225|F|0-25:G>A-25:G>A,4560526.0,7752093.0,0.024516163736290345
100013419|F|0-62:G>T-62:G>T,100019858|F|0-55:G>C-55:G>C,4560526.0,7879011.0,0.014140073226093241
100013419|F|0-62:G>T-62:G>T,100020367|F|0-37:A>T-37:A>T,4560526.0,8687209.0,0.0013121320419191638
100013419|F|0-62:G>T-62:G>T,100017575|F|0-33:C>A-33:C>A,4560526.0,8708407.0,0.044774849288568126
100013419|F|0-62:G>T-62:G>T,100021965|F|0-19:C>T-19:C>T,4560526.0,9286898.0,0.0036228099132113475
100013419|F|0-62:G>T-62:G>T,100022176|F|0-8:G>A-8:G>A,4560526.0,9450266.0,0.002507174834569039
100013419|F|0-62:G>T-62:G>T,100033258|F|0-23:G>A-23:G>A,4560526.0,9597839.0,0.0005715899501634442
100013419|F|0-62:G>T-62:G>T,100016832|F|0-65:T>A-65:T>A,4560526.0,9956473.0,0.032713250335143926
100013419|F|0-62:G>T-62:G>T,100015585|F|0-38:T>C-38:T>C,4560526.0,10530371.0,0.0004442925036470276
100013419|F|0-62:G>T-62:G>T,100032761|F|0-35:G>T-35:G>T,4560526.0,11013852.0,0.013446295561132847
100013419|F|0-62:G>T-62:G>T,100018106|F|0-5:T>C-5:T>C,4560526.0,11160342.0,0.014445299014683305
100013419|F|0-62:G>T-62:G>T,100029056|F|0-22:A>T-22:A>T,4560526.0,11582180.0,0.00012156394263382607
100013419|F|0-62:G>T-62:G>T,100019200|F|0-60:C>T-60:C>T,4560526.0,11806800.0,0.017460193176194024
100013419|F|0-62:G>T-62:G>T,100017507|F|0-36:T>C-36:T>C,4560526.0,12067176.0,0.00920870808723855
100013419|F|0-62:G>T-62:G>T,100015126|F|0-46:T>G-46:T>G,4560526.0,12238563.0,0.02182598247481382
100013419|F|0-62:G>T-62:G>T,100035996|F|0-47:A>G-47:A>G,4560526.0,12678333.0,0.001049509263815391
100013419|F|0-62:G>T-62:G>T,100041089|F|0-45:A>G-45:A>G,4560526.0,12678338.0,0.001049509263815391
100013419|F|0-62:G>T-62:G>T,100015053|F|0-21:C>T-21:C>T,4560526.0,12815706.0,0.008471957305251488
100013419|F|0-62:G>T-62:G>T,100016297|F|0-36:A>G-36:A>G,4560526.0,12845233.0,5.89816045468591e-34
100013419|F|0-62:G>T-62:G>T,100016238|F|0-41:C>A-41:C>A,4560526.0,12849798.0,0.0068162991864407175
100013419|F|0-62:G>T-62:G>T,100016677|F|0-45:G>A-45:G>A,4560526.0,13416059.0,0.04764608920610656
100013419|F|0-62:G>T-62:G>T,100035421|F|0-6:T>A-6:T>A,4560526.0,13420106.0,0.000387458958051111
100013419|F|0-62:G>T-62:G>T,100015018|F|0-5:T>A-5:T>A,4560526.0,13421247.0,0.0021119250870596327
100013419|F|0-62:G>T-62:G>T,100020103|F|0-18:T>C-18:T>C,4560526.0,13646039.0,0.007136577196412834
100013419|F|0-62:G>T-62:G>T,100014062|F|0-62:G>A-62:G>A,4560526.0,13646044.0,0.004459645773676954
100013419|F|0-62:G>T-62:G>T,100039121|F|0-17:A>G-17:A>G,4560526.0,13667695.0,0.016726424611442366
100013419|F|0-62:G>T-62:G>T,100018973|F|0-53:T>G-53:T>G,4560526.0,13667871.0,0.012217626471524022
100013419|F|0-62:G>T-62:G>T,100022289|F|0-10:A>G-10:A>G,4560526.0,13667876.0,0.01267285496415931
100013419|F|0-62:G>T-62:G>T,100015169|F|0-21:A>G-21:A>G,4560526.0,13718785.0,0.10548517137035363
100013419|F|0-62:G>T-62:G>T,100020673|F|0-43:T>A-43:T>A,4560526.0,13731316.0,0.08089827857332885
100013419|F|0-62:G>T-62:G>T,100015679|F|0-19:G>A-19:G>A,4560526.0,14080553.0,0.0012212435825836405
100013419|F|0-62:G>T-62:G>T,100016059|F|0-15:A>T-15:A>T,4560526.0,14090473.0,1.0572016576922069e-05
100013419|F|0-62:G>T-62:G>T,100019698|F|0-15:C>A-15:C>A,4560526.0,14160112.0,0.020534025304301304
100013419|F|0-62:G>T-62:G>T,100036115|F|0-39:C>T-39:C>T,4560526.0,14240591.0,0.008355152861513952
100013419|F|0-62:G>T-62:G>T,100035750|F|0-64:T>C-64:T>C,4560526.0,14346419.0,0.0012586103738054758
100013419|F|0-62:G>T-62:G>T,100021715|F|0-7:C>A-7:C>A,4560526.0,14348921.0,0.002668521319238886
100013419|F|0-62:G>T-62:G>T,100040569|F|0-37:C>T-37:C>T,4560526.0,14351912.0,0.00027528677615289924
100013419|F|0-62:G>T-62:G>T,100015147|F|0-16:C>G-16:C>G,4560526.0,14409032.0,6.327020757141998e-05
100013419|F|0-62:G>T-62:G>T,100030246|F|0-11:C>A-11:C>A,4560526.0,14458674.0,0.0006530041032430831
100013419|F|0-62:G>T-62:G>T,100035083|F|0-24:G>C-24:G>C,4560526.0,14490822.0,0.006777730852493755
100013419|F|0-62:G>T-62:G>T,100013053|F|0-56:A>T-56:A>T,4560526.0,14502847.0,0.018423372249999508
100013419|F|0-62:G>T-62:G>T,100044112|F|0-18:T>G-18:T>G,4560526.0,14593733.0,0.0005597388670885336
100013419|F|0-62:G>T-62:G>T,100041853|F|0-21:T>C-21:T>C,4560526.0,14595838.0,0.0006388324026553896
100013419|F|0-62:G>T-62:G>T,100033723|F|0-20:T>C-20:T>C,4560526.0,14595843.0,0.0007606616708793249
100013419|F|0-62:G>T-62:G>T,100017564|F|0-8:A>T-8:A>T,4560526.0,14625545.0,0.006836401702691299
100013419|F|0-62:G>T-62:G>T,100057963|F|0-26:C>T-26:C>T,4560526.0,14656009.0,0.04216085716642511
100013419|F|0-62:G>T-62:G>T,100019295|F|0-19:G>T-19:G>T,4560526.0,14656014.0,0.015866965820506323
100013419|F|0-62:G>T-62:G>T,100035362|F|0-6:C>A-6:C>A,4560526.0,14658473.0,0.024119621703624815
100013419|F|0-62:G>T-62:G>T,100014679|F|0-16:C>A-16:C>A,4560526.0,14859822.0,0.0008989560911274023
100013419|F|0-62:G>T-62:G>T,100021838|F|0-57:A>G-57:A>G,4560526.0,14928961.0,0.00028336780146356806
100013419|F|0-62:G>T-62:G>T,100046294|F|0-6:C>G-6:C>G,4560526.0,15124860.0,0.05382031383710933
100013419|F|0-62:G>T-62:G>T,100045141|F|0-49:C>T-49:C>T,4560526.0,15225158.0,0.0007694340995396495
100013419|F|0-62:G>T-62:G>T,100043254|F|0-7:C>G-7:C>G,4560526.0,15229542.0,0.00017201731037355002
100013419|F|0-62:G>T-62:G>T,100013673|F|0-63:C>A-63:C>A,4560526.0,15256237.0,5.2232643483425945e-05
100013419|F|0-62:G>T-62:G>T,100016806|F|0-26:T>A-26:T>A,4560526.0,15351778.0,0.03440659413717289
100013419|F|0-62:G>T-62:G>T,100033542|F|0-31:T>C-31:T>C,4560526.0,15394673.0,0.009962459479135525
100013419|F|0-62:G>T-62:G>T,100029793|F|0-30:G>A-30:G>A,4560526.0,15400977.0,0.009006424242118505
100013419|F|0-62:G>T-62:G>T,100021703|F|0-41:T>C-41:T>C,4560526.0,15431799.0,0.0027342089304601335
100013419|F|0-62:G>T-62:G>T,100017056|F|0-15:G>A-15:G>A,4560526.0,15535069.0,0.005363232669883057
100013419|F|0-62:G>T-62:G>T,100021184|F|0-17:T>G-17:T>G,4560526.0,15536283.0,0.005363232669883057
100013419|F|0-62:G>T-62:G>T,100044126|F|0-46:C>T-46:C>T,4560526.0,15556197.0,0.00014276740334646752
100013419|F|0-62:G>T-62:G>T,100017834|F|0-8:C>T-8:C>T,4560526.0,15619447.0,0.0001823485412416628
100013419|F|0-62:G>T-62:G>T,100020292|F|0-58:T>C-58:T>C,4560526.0,15819325.0,0.009852164763443869
100013419|F|0-62:G>T-62:G>T,100015600|F|0-30:C>A-30:C>A,4560526.0,15832699.0,0.0077097137637966015
100013419|F|0-62:G>T-62:G>T,100049389|F|0-23:C>A-23:C>A,4560526.0,15838578.0,0.011407497067303382
100013419|F|0-62:G>T-62:G>T,100038568|F|0-15:C>T-15:C>T,4560526.0,15839422.0,0.0077097137637966015
100013419|F|0-62:G>T-62:G>T,100018705|F|0-34:T>C-34:T>C,4560526.0,15915251.0,0.006539787100709833
100013419|F|0-62:G>T-62:G>T,100019856|F|0-16:C>T-16:C>T,4560526.0,15948596.0,0.0041726084611152965
100013419|F|0-62:G>T-62:G>T,100034716|F|0-53:A>G-53:A>G,4560526.0,15958067.0,0.011473534798877954
100013419|F|0-62:G>T-62:G>T,100021071|F|0-60:A>G-60:A>G,4560526.0,15967627.0,0.014216274140288289
100013419|F|0-62:G>T-62:G>T,100020211|F|0-33:C>A-33:C>A,4560526.0,15977146.0,0.0036228099132113436
100013419|F|0-62:G>T-62:G>T,100013484|F|0-22:G>A-22:G>A,4560526.0,16177456.0,0.0056719588664000545
100013419|F|0-62:G>T-62:G>T,100021316|F|0-63:C>A-63:C>A,4560526.0,16179198.0,0.01825115688760067
100013419|F|0-62:G>T-62:G>T,100017187|F|0-41:T>C-41:T>C,4560526.0,16245982.0,0.016312291202672597
100013419|F|0-62:G>T-62:G>T,100029840|F|0-31:T>C-31:T>C,4560526.0,16252498.0,0.0026256818921111744
100013419|F|0-62:G>T-62:G>T,100013453|F|0-6:G>A-6:G>A,4560526.0,16307679.0,0.03516666088739801
100013419|F|0-62:G>T-62:G>T,100016783|F|0-52:G>T-52:G>T,4560526.0,16317524.0,0.02453043589031935
100013419|F|0-62:G>T-62:G>T,100014400|F|0-16:A>T-16:A>T,4560526.0,16381041.0,0.0074303870008111785
100013419|F|0-62:G>T-62:G>T,100016625|F|0-16:T>C-16:T>C,4560526.0,16411184.0,0.007430387000811176
100013419|F|0-62:G>T-62:G>T,100015226|F|0-25:T>A-25:T>A,4560526.0,16581877.0,0.027241538351498434
100013419|F|0-62:G>T-62:G>T,100017539|F|0-11:A>T-11:A>T,4560526.0,16662610.0,0.0014258611140570976
100013419|F|0-62:G>T-62:G>T,100033601|F|0-15:C>A-15:C>A,4560526.0,16769146.0,0.042677986992707063
100013419|F|0-62:G>T-62:G>T,100039949|F|0-62:A>T-62:A>T,4560526.0,16793350.0,0.030225898822780782
100013419|F|0-62:G>T-62:G>T,100035334|F|0-35:T>C-35:T>C,4560526.0,16832622.0,0.0014987902761042433
100013419|F|0-62:G>T-62:G>T,100021345|F|0-28:C>T-28:C>T,4560526.0,16899147.0,0.03663633105496251
100013419|F|0-62:G>T-62:G>T,100022139|F|0-65:T>C-65:T>C,4560526.0,16965771.0,0.025917862962421653
100013419|F|0-62:G>T-62:G>T,100044804|F|0-53:G>C-53:G>C,4560526.0,16968917.0,0.0035183816541456492
100013419|F|0-62:G>T-62:G>T,100030290|F|0-11:A>C-11:A>C,4560526.0,16971407.0,0.025917862962421653
100013419|F|0-62:G>T-62:G>T,100017336|F|0-39:A>G-39:A>G,4560526.0,16987827.0,0.006427963995167591
100013419|F|0-62:G>T-62:G>T,100029568|F|0-9:T>G-9:T>G,4560526.0,16988131.0,0.026969780056793687
100013419|F|0-62:G>T-62:G>T,100034247|F|0-37:G>C-37:G>C,4560526.0,16999534.0,0.02975333001500149
100013419|F|0-62:G>T-62:G>T,100012983|F|0-45:A>T-45:A>T,4560526.0,17017248.0,0.017364727371777425
100013419|F|0-62:G>T-62:G>T,100020033|F|0-7:G>A-7:G>A,4560526.0,17020316.0,0.04912878291628456
100013419|F|0-62:G>T-62:G>T,100018782|F|0-63:C>T-63:C>T,4560526.0,17424649.0,0.002992887368181455
100013419|F|0-62:G>T-62:G>T,100019630|F|0-24:A>T-24:A>T,4560526.0,17521232.0,4.518505766291091e-07
100013419|F|0-62:G>T-62:G>T,100021757|F|0-47:G>A-47:G>A,4560526.0,17521694.0,0.0001831872655926112
100013419|F|0-62:G>T-62:G>T,100038944|F|0-45:C>T-45:C>T,4560526.0,17607936.0,0.0063551862890183835
100013419|F|0-62:G>T-62:G>T,100047378|F|0-35:C>T-35:C>T,4560526.0,17706505.0,0.0016259198726362785
100013419|F|0-62:G>T-62:G>T,100029543|F|0-46:T>C-46:T>C,4560526.0,18278899.0,0.006166149644713134
100013419|F|0-62:G>T-62:G>T,100021798|F|0-27:T>C-27:T>C,4560526.0,18732658.0,0.003123897164582329
100013419|F|0-62:G>T-62:G>T,100017716|F|0-8:C>T-8:C>T,4560526.0,18851585.0,0.019258482903183483
100017267|F|0-60:T>C-60:T>C,100035378|F|0-22:G>A-22:G>A,4794124.0,4795005.0,0.40649770089894616
100017267|F|0-60:T>C-60:T>C,100034189|F|0-36:A>T-36:A>T,4794124.0,5191352.0,0.0052314804385674134
100017267|F|0-60:T>C-60:T>C,100030017|F|0-30:G>A-30:G>A,4794124.0,5194871.0,0.006969822181594637
100017267|F|0-60:T>C-60:T>C,100019240|F|0-12:A>C-12:A>C,4794124.0,5221682.0,0.0023961706279282775
100017267|F|0-60:T>C-60:T>C,100039010|F|0-12:C>T-12:C>T,4794124.0,5826827.0,0.0022449022498078662
100017267|F|0-60:T>C-60:T>C,100034526|F|0-38:G>A-38:G>A,4794124.0,5829779.0,0.05009947697915309
100017267|F|0-60:T>C-60:T>C,100040746|F|0-42:G>A-42:G>A,4794124.0,5944865.0,0.05005581067452607
100017267|F|0-60:T>C-60:T>C,100021961|F|0-53:A>T-53:A>T,4794124.0,6058253.0,0.018128502565241882
100017267|F|0-60:T>C-60:T>C,100014327|F|0-12:T>C-12:T>C,4794124.0,6588263.0,0.03326755062994601
100017267|F|0-60:T>C-60:T>C,100044383|F|0-11:A>T-11:A>T,4794124.0,6629814.0,0.01789823154296231
100017267|F|0-60:T>C-60:T>C,100017856|F|0-8:G>C-8:G>C,4794124.0,6634620.0,0.008204482087220688
100017267|F|0-60:T>C-60:T>C,100058672|F|0-30:C>T-30:C>T,4794124.0,7170197.0,0.04128463626007327
100017267|F|0-60:T>C-60:T>C,100016006|F|0-20:G>A-20:G>A,4794124.0,7243813.0,0.03806745892098198
100017267|F|0-60:T>C-60:T>C,100014225|F|0-25:G>A-25:G>A,4794124.0,7752093.0,0.034996881991780124
100017267|F|0-60:T>C-60:T>C,100019858|F|0-55:G>C-55:G>C,4794124.0,7879011.0,0.026324584152992336
100017267|F|0-60:T>C-60:T>C,100020367|F|0-37:A>T-37:A>T,4794124.0,8687209.0,0.00045751773884566505
100017267|F|0-60:T>C-60:T>C,100017575|F|0-33:C>A-33:C>A,4794124.0,8708407.0,0.028740359332662505
100017267|F|0-60:T>C-60:T>C,100021965|F|0-19:C>T-19:C>T,4794124.0,9286898.0,5.525772982251021e-05
100017267|F|0-60:T>C-60:T>C,100022176|F|0-8:G>A-8:G>A,4794124.0,9450266.0,0.03173764799397576
100017267|F|0-60:T>C-60:T>C,100033258|F|0-23:G>A-23:G>A,4794124.0,9597839.0,0.04939949494049469
100017267|F|0-60:T>C-60:T>C,100016832|F|0-65:T>A-65:T>A,4794124.0,9956473.0,0.08227610272573463
100017267|F|0-60:T>C-60:T>C,100015585|F|0-38:T>C-38:T>C,4794124.0,10530371.0,0.000146828857504953
100017267|F|0-60:T>C-60:T>C,100032761|F|0-35:G>T-35:G>T,4794124.0,11013852.0,0.0070912864974286135
100017267|F|0-60:T>C-60:T>C,100018106|F|0-5:T>C-5:T>C,4794124.0,11160342.0,0.007657119252178143
100017267|F|0-60:T>C-60:T>C,100029056|F|0-22:A>T-22:A>T,4794124.0,11582180.0,0.0005660418705595742
100017267|F|0-60:T>C-60:T>C,100019200|F|0-60:C>T-60:C>T,4794124.0,11806800.0,0.0014396020286853843
100017267|F|0-60:T>C-60:T>C,100017507|F|0-36:T>C-36:T>C,4794124.0,12067176.0,0.001847900011810271
100017267|F|0-60:T>C-60:T>C,100015126|F|0-46:T>G-46:T>G,4794124.0,12238563.0,0.00044725612066304866
100017267|F|0-60:T>C-60:T>C,100035996|F|0-47:A>G-47:A>G,4794124.0,12678333.0,0.004637194224493262
100017267|F|0-60:T>C-60:T>C,100041089|F|0-45:A>G-45:A>G,4794124.0,12678338.0,0.004637194224493262
100017267|F|0-60:T>C-60:T>C,100015053|F|0-21:C>T-21:C>T,4794124.0,12815706.0,0.0015024858434695594
100017267|F|0-60:T>C-60:T>C,100016297|F|0-36:A>G-36:A>G,4794124.0,12845233.0,0.0019871982596326825
100017267|F|0-60:T>C-60:T>C,100016238|F|0-41:C>A-41:C>A,4794124.0,12849798.0,5.757174009775409e-06
100017267|F|0-60:T>C-60:T>C,100016677|F|0-45:G>A-45:G>A,4794124.0,13416059.0,0.026846979356063037
100017267|F|0-60:T>C-60:T>C,100035421|F|0-6:T>A-6:T>A,4794124.0,13420106.0,0.0028495215413153886
100017267|F|0-60:T>C-60:T>C,100015018|F|0-5:T>A-5:T>A,4794124.0,13421247.0,0.0035993005674186977
100017267|F|0-60:T>C-60:T>C,100020103|F|0-18:T>C-18:T>C,4794124.0,13646039.0,0.004522128167069604
100017267|F|0-60:T>C-60:T>C,100014062|F|0-62:G>A-62:G>A,4794124.0,13646044.0,0.008217737163894566
100017267|F|0-60:T>C-60:T>C,100039121|F|0-17:A>G-17:A>G,4794124.0,13667695.0,0.00011875955643305537
100017267|F|0-60:T>C-60:T>C,100018973|F|0-53:T>G-53:T>G,4794124.0,13667871.0,0.0031588981658010737
100017267|F|0-60:T>C-60:T>C,100022289|F|0-10:A>G-10:A>G,4794124.0,13667876.0,0.0011131180525238158
100017267|F|0-60:T>C-60:T>C,100015169|F|0-21:A>G-21:A>G,4794124.0,13718785.0,0.009577510396311701
100017267|F|0-60:T>C-60:T>C,100020673|F|0-43:T>A-43:T>A,4794124.0,13731316.0,0.0065350899535403534
100017267|F|0-60:T>C-60:T>C,100015679|F|0-19:G>A-19:G>A,4794124.0,14080553.0,0.0011972324448776034
100017267|F|0-60:T>C-60:T>C,100016059|F|0-15:A>T-15:A>T,4794124.0,14090473.0,0.022683633138576423
100017267|F|0-60:T>C-60:T>C,100019698|F|0-15:C>A-15:C>A,4794124.0,14160112.0,0.046191972413682066
100017267|F|0-60:T>C-60:T>C,100036115|F|0-39:C>T-39:C>T,4794124.0,14240591.0,0.020169465531032122
100017267|F|0-60:T>C-60:T>C,100035750|F|0-64:T>C-64:T>C,4794124.0,14346419.0,6.724285387077144e-05
100017267|F|0-60:T>C-60:T>C,100021715|F|0-7:C>A-7:C>A,4794124.0,14348921.0,0.002027616754411281
100017267|F|0-60:T>C-60:T>C,100040569|F|0-37:C>T-37:C>T,4794124.0,14351912.0,0.0064289082543416
100017267|F|0-60:T>C-60:T>C,100015147|F|0-16:C>G-16:C>G,4794124.0,14409032.0,6.715426883831126e-06
100017267|F|0-60:T>C-60:T>C,100030246|F|0-11:C>A-11:C>A,4794124.0,14458674.0,0.00017133856076549092
100017267|F|0-60:T>C-60:T>C,100035083|F|0-24:G>C-24:G>C,4794124.0,14490822.0,0.018321079174476996
100017267|F|0-60:T>C-60:T>C,100013053|F|0-56:A>T-56:A>T,4794124.0,14502847.0,0.03982760655729001
100017267|F|0-60:T>C-60:T>C,100044112|F|0-18:T>G-18:T>G,4794124.0,14593733.0,0.007026165275129843
100017267|F|0-60:T>C-60:T>C,100041853|F|0-21:T>C-21:T>C,4794124.0,14595838.0,0.004577755990849498
100017267|F|0-60:T>C-60:T>C,100033723|F|0-20:T>C-20:T>C,4794124.0,14595843.0,0.0002191979857052495
100017267|F|0-60:T>C-60:T>C,100017564|F|0-8:A>T-8:A>T,4794124.0,14625545.0,0.01913609471373664
100017267|F|0-60:T>C-60:T>C,100057963|F|0-26:C>T-26:C>T,4794124.0,14656009.0,0.003837226714585208
100017267|F|0-60:T>C-60:T>C,100019295|F|0-19:G>T-19:G>T,4794124.0,14656014.0,5.630024184625571e-05
100017267|F|0-60:T>C-60:T>C,100035362|F|0-6:C>A-6:C>A,4794124.0,14658473.0,0.007931281958094534
100017267|F|0-60:T>C-60:T>C,100014679|F|0-16:C>A-16:C>A,4794124.0,14859822.0,0.029647759321484828
100017267|F|0-60:T>C-60:T>C,100021838|F|0-57:A>G-57:A>G,4794124.0,14928961.0,0.07262322496877262
100017267|F|0-60:T>C-60:T>C,100046294|F|0-6:C>G-6:C>G,4794124.0,15124860.0,3.370498854655959e-05
100017267|F|0-60:T>C-60:T>C,100045141|F|0-49:C>T-49:C>T,4794124.0,15225158.0,0.0005846374396165301
100017267|F|0-60:T>C-60:T>C,100043254|F|0-7:C>G-7:C>G,4794124.0,15229542.0,0.000426520602067506
100017267|F|0-60:T>C-60:T>C,100013673|F|0-63:C>A-63:C>A,4794124.0,15256237.0,0.004158772849242506
100017267|F|0-60:T>C-60:T>C,100016806|F|0-26:T>A-26:T>A,4794124.0,15351778.0,0.0017368862086255424
100017267|F|0-60:T>C-60:T>C,100033542|F|0-31:T>C-31:T>C,4794124.0,15394673.0,0.0009931072848660097
100017267|F|0-60:T>C-60:T>C,100029793|F|0-30:G>A-30:G>A,4794124.0,15400977.0,0.0062489609169260035
100017267|F|0-60:T>C-60:T>C,100021703|F|0-41:T>C-41:T>C,4794124.0,15431799.0,0.004507955053132936
100017267|F|0-60:T>C-60:T>C,100017056|F|0-15:G>A-15:G>A,4794124.0,15535069.0,0.022032360451547956
100017267|F|0-60:T>C-60:T>C,100021184|F|0-17:T>G-17:T>G,4794124.0,15536283.0,0.022032360451547956
100017267|F|0-60:T>C-60:T>C,100044126|F|0-46:C>T-46:C>T,4794124.0,15556197.0,0.017345746752097425
100017267|F|0-60:T>C-60:T>C,100017834|F|0-8:C>T-8:C>T,4794124.0,15619447.0,0.01111582224979775
100017267|F|0-60:T>C-60:T>C,100020292|F|0-58:T>C-58:T>C,4794124.0,15819325.0,0.015732512715330035
100017267|F|0-60:T>C-60:T>C,100015600|F|0-30:C>A-30:C>A,4794124.0,15832699.0,0.02000462341486328
100017267|F|0-60:T>C-60:T>C,100049389|F|0-23:C>A-23:C>A,4794124.0,15838578.0,0.013383531961840974
100017267|F|0-60:T>C-60:T>C,100038568|F|0-15:C>T-15:C>T,4794124.0,15839422.0,0.02000462341486328
100017267|F|0-60:T>C-60:T>C,100018705|F|0-34:T>C-34:T>C,4794124.0,15915251.0,0.013447173538815997
100017267|F|0-60:T>C-60:T>C,100019856|F|0-16:C>T-16:C>T,4794124.0,15948596.0,0.01748486162749501
100017267|F|0-60:T>C-60:T>C,100034716|F|0-53:A>G-53:A>G,4794124.0,15958067.0,0.010636065577155416
100017267|F|0-60:T>C-60:T>C,100021071|F|0-60:A>G-60:A>G,4794124.0,15967627.0,0.007478205891723385
100017267|F|0-60:T>C-60:T>C,100020211|F|0-33:C>A-33:C>A,4794124.0,15977146.0,0.009159832120109576
100017267|F|0-60:T>C-60:T>C,100013484|F|0-22:G>A-22:G>A,4794124.0,16177456.0,0.03871689271369935
100017267|F|0-60:T>C-60:T>C,100021316|F|0-63:C>A-63:C>A,4794124.0,16179198.0,0.05667028465789079
100017267|F|0-60:T>C-60:T>C,100017187|F|0-41:T>C-41:T>C,4794124.0,16245982.0,0.003323817878508974
100017267|F|0-60:T>C-60:T>C,100029840|F|0-31:T>C-31:T>C,4794124.0,16252498.0,0.0006183122932896561
100017267|F|0-60:T>C-60:T>C,100013453|F|0-6:G>A-6:G>A,4794124.0,16307679.0,0.03101814871740393
100017267|F|0-60:T>C-60:T>C,100016783|F|0-52:G>T-52:G>T,4794124.0,16317524.0,0.02710770853935551
100017267|F|0-60:T>C-60:T>C,100014400|F|0-16:A>T-16:A>T,4794124.0,16381041.0,0.013516824607318697
100017267|F|0-60:T>C-60:T>C,100016625|F|0-16:T>C-16:T>C,4794124.0,16411184.0,0.007931281958094543
100017267|F|0-60:T>C-60:T>C,100015226|F|0-25:T>A-25:T>A,4794124.0,16581877.0,0.05919828520669721
100017267|F|0-60:T>C-60:T>C,100017539|F|0-11:A>T-11:A>T,4794124.0,16662610.0,0.006428908254341605
100017267|F|0-60:T>C-60:T>C,100033601|F|0-15:C>A-15:C>A,4794124.0,16769146.0,0.021845129563682
100017267|F|0-60:T>C-60:T>C,100039949|F|0-62:A>T-62:A>T,4794124.0,16793350.0,0.0255023776652861
100017267|F|0-60:T>C-60:T>C,100035334|F|0-35:T>C-35:T>C,4794124.0,16832622.0,0.03244068972164004
100017267|F|0-60:T>C-60:T>C,100021345|F|0-28:C>T-28:C>T,4794124.0,16899147.0,0.014557138902553658
100017267|F|0-60:T>C-60:T>C,100022139|F|0-65:T>C-65:T>C,4794124.0,16965771.0,0.014254779857687102
100017267|F|0-60:T>C-60:T>C,100044804|F|0-53:G>C-53:G>C,4794124.0,16968917.0,0.01576031658511714
100017267|F|0-60:T>C-60:T>C,100030290|F|0-11:A>C-11:A>C,4794124.0,16971407.0,0.014254779857687102
100017267|F|0-60:T>C-60:T>C,100017336|F|0-39:A>G-39:A>G,4794124.0,16987827.0,0.08791036302032777
100017267|F|0-60:T>C-60:T>C,100029568|F|0-9:T>G-9:T>G,4794124.0,16988131.0,0.018796609478788848
100017267|F|0-60:T>C-60:T>C,100034247|F|0-37:G>C-37:G>C,4794124.0,16999534.0,0.011765549895975294
100017267|F|0-60:T>C-60:T>C,100012983|F|0-45:A>T-45:A>T,4794124.0,17017248.0,0.0037245859088155075
100017267|F|0-60:T>C-60:T>C,100020033|F|0-7:G>A-7:G>A,4794124.0,17020316.0,0.02081156438645409
100017267|F|0-60:T>C-60:T>C,100018782|F|0-63:C>T-63:C>T,4794124.0,17424649.0,5.496891576368932e-05
100017267|F|0-60:T>C-60:T>C,100019630|F|0-24:A>T-24:A>T,4794124.0,17521232.0,0.002772993628717858
100017267|F|0-60:T>C-60:T>C,100021757|F|0-47:G>A-47:G>A,4794124.0,17521694.0,0.0004542167450589
100017267|F|0-60:T>C-60:T>C,100038944|F|0-45:C>T-45:C>T,4794124.0,17607936.0,0.05147903202568328
100017267|F|0-60:T>C-60:T>C,100047378|F|0-35:C>T-35:C>T,4794124.0,17706505.0,0.00640464812711834
100017267|F|0-60:T>C-60:T>C,100029543|F|0-46:T>C-46:T>C,4794124.0,18278899.0,0.0012049899127276307
100017267|F|0-60:T>C-60:T>C,100021798|F|0-27:T>C-27:T>C,4794124.0,18732658.0,0.0026785117925294285
100017267|F|0-60:T>C-60:T>C,100017716|F|0-8:C>T-8:C>T,4794124.0,18851585.0,0.02122303132021327
100035378|F|0-22:G>A-22:G>A,100034189|F|0-36:A>T-36:A>T,4795005.0,5191352.0,0.03001290554938622
100035378|F|0-22:G>A-22:G>A,100030017|F|0-30:G>A-30:G>A,4795005.0,5194871.0,0.02218571736729297
100035378|F|0-22:G>A-22:G>A,100019240|F|0-12:A>C-12:A>C,4795005.0,5221682.0,4.170608110837074e-06
100035378|F|0-22:G>A-22:G>A,100039010|F|0-12:C>T-12:C>T,4795005.0,5826827.0,0.025184636500294122
100035378|F|0-22:G>A-22:G>A,100034526|F|0-38:G>A-38:G>A,4795005.0,5829779.0,0.00020226665065388962
100035378|F|0-22:G>A-22:G>A,100040746|F|0-42:G>A-42:G>A,4795005.0,5944865.0,0.20335504000400828
100035378|F|0-22:G>A-22:G>A,100021961|F|0-53:A>T-53:A>T,4795005.0,6058253.0,0.10040869297936021
100035378|F|0-22:G>A-22:G>A,100014327|F|0-12:T>C-12:T>C,4795005.0,6588263.0,0.09465051686702702
100035378|F|0-22:G>A-22:G>A,100044383|F|0-11:A>T-11:A>T,4795005.0,6629814.0,0.035065239883506905
100035378|F|0-22:G>A-22:G>A,100017856|F|0-8:G>C-8:G>C,4795005.0,6634620.0,0.021380046520295015
100035378|F|0-22:G>A-22:G>A,100058672|F|0-30:C>T-30:C>T,4795005.0,7170197.0,0.0017166808313152401
100035378|F|0-22:G>A-22:G>A,100016006|F|0-20:G>A-20:G>A,4795005.0,7243813.0,0.041579006423742515
100035378|F|0-22:G>A-22:G>A,100014225|F|0-25:G>A-25:G>A,4795005.0,7752093.0,7.734291836340514e-05
100035378|F|0-22:G>A-22:G>A,100019858|F|0-55:G>C-55:G>C,4795005.0,7879011.0,0.008055450678022562
100035378|F|0-22:G>A-22:G>A,100020367|F|0-37:A>T-37:A>T,4795005.0,8687209.0,0.013485488682614165
100035378|F|0-22:G>A-22:G>A,100017575|F|0-33:C>A-33:C>A,4795005.0,8708407.0,0.02211245268383793
100035378|F|0-22:G>A-22:G>A,100021965|F|0-19:C>T-19:C>T,4795005.0,9286898.0,0.003061865382602331
100035378|F|0-22:G>A-22:G>A,100022176|F|0-8:G>A-8:G>A,4795005.0,9450266.0,0.002529123237277732
100035378|F|0-22:G>A-22:G>A,100033258|F|0-23:G>A-23:G>A,4795005.0,9597839.0,0.1023025626152121
100035378|F|0-22:G>A-22:G>A,100016832|F|0-65:T>A-65:T>A,4795005.0,9956473.0,0.032459011331707054
100035378|F|0-22:G>A-22:G>A,100015585|F|0-38:T>C-38:T>C,4795005.0,10530371.0,0.0005442463902421308
100035378|F|0-22:G>A-22:G>A,100032761|F|0-35:G>T-35:G>T,4795005.0,11013852.0,0.004552792292830925
100035378|F|0-22:G>A-22:G>A,100018106|F|0-5:T>C-5:T>C,4795005.0,11160342.0,0.009580615727755032
100035378|F|0-22:G>A-22:G>A,100029056|F|0-22:A>T-22:A>T,4795005.0,11582180.0,0.0032058162068689367
100035378|F|0-22:G>A-22:G>A,100019200|F|0-60:C>T-60:C>T,4795005.0,11806800.0,0.01615030400572246
100035378|F|0-22:G>A-22:G>A,100017507|F|0-36:T>C-36:T>C,4795005.0,12067176.0,0.003251238248769481
100035378|F|0-22:G>A-22:G>A,100015126|F|0-46:T>G-46:T>G,4795005.0,12238563.0,0.002792285019907963
100035378|F|0-22:G>A-22:G>A,100035996|F|0-47:A>G-47:A>G,4795005.0,12678333.0,0.004181687405906633
100035378|F|0-22:G>A-22:G>A,100041089|F|0-45:A>G-45:A>G,4795005.0,12678338.0,0.004181687405906633
100035378|F|0-22:G>A-22:G>A,100015053|F|0-21:C>T-21:C>T,4795005.0,12815706.0,0.03824949584582518
100035378|F|0-22:G>A-22:G>A,100016297|F|0-36:A>G-36:A>G,4795005.0,12845233.0,0.012870117483851381
100035378|F|0-22:G>A-22:G>A,100016238|F|0-41:C>A-41:C>A,4795005.0,12849798.0,0.0061437663715110625
100035378|F|0-22:G>A-22:G>A,100016677|F|0-45:G>A-45:G>A,4795005.0,13416059.0,0.0005288124402851162
100035378|F|0-22:G>A-22:G>A,100035421|F|0-6:T>A-6:T>A,4795005.0,13420106.0,0.0020770959003780553
100035378|F|0-22:G>A-22:G>A,100015018|F|0-5:T>A-5:T>A,4795005.0,13421247.0,0.0058517868419081034
100035378|F|0-22:G>A-22:G>A,100020103|F|0-18:T>C-18:T>C,4795005.0,13646039.0,0.0006661931531967185
100035378|F|0-22:G>A-22:G>A,100014062|F|0-62:G>A-62:G>A,4795005.0,13646044.0,0.0004904966278356883
100035378|F|0-22:G>A-22:G>A,100039121|F|0-17:A>G-17:A>G,4795005.0,13667695.0,0.0025617433507160825
100035378|F|0-22:G>A-22:G>A,100018973|F|0-53:T>G-53:T>G,4795005.0,13667871.0,0.0004904966278356883
100035378|F|0-22:G>A-22:G>A,100022289|F|0-10:A>G-10:A>G,4795005.0,13667876.0,0.0022088858195861974
100035378|F|0-22:G>A-22:G>A,100015169|F|0-21:A>G-21:A>G,4795005.0,13718785.0,0.01057524644411686
100035378|F|0-22:G>A-22:G>A,100020673|F|0-43:T>A-43:T>A,4795005.0,13731316.0,0.006312958474583093
100035378|F|0-22:G>A-22:G>A,100015679|F|0-19:G>A-19:G>A,4795005.0,14080553.0,0.002859069278944032
100035378|F|0-22:G>A-22:G>A,100016059|F|0-15:A>T-15:A>T,4795005.0,14090473.0,0.01050626875041502
100035378|F|0-22:G>A-22:G>A,100019698|F|0-15:C>A-15:C>A,4795005.0,14160112.0,0.036360799001248424
100035378|F|0-22:G>A-22:G>A,100036115|F|0-39:C>T-39:C>T,4795005.0,14240591.0,0.030204912646980043
100035378|F|0-22:G>A-22:G>A,100035750|F|0-64:T>C-64:T>C,4795005.0,14346419.0,0.0014504848195835208
100035378|F|0-22:G>A-22:G>A,100021715|F|0-7:C>A-7:C>A,4795005.0,14348921.0,0.0011398886068470836
100035378|F|0-22:G>A-22:G>A,100040569|F|0-37:C>T-37:C>T,4795005.0,14351912.0,0.00020206072503004625
100035378|F|0-22:G>A-22:G>A,100015147|F|0-16:C>G-16:C>G,4795005.0,14409032.0,4.644038552575413e-05
100035378|F|0-22:G>A-22:G>A,100030246|F|0-11:C>A-11:C>A,4795005.0,14458674.0,0.0022680023945877274
100035378|F|0-22:G>A-22:G>A,100035083|F|0-24:G>C-24:G>C,4795005.0,14490822.0,0.035435545151514064
100035378|F|0-22:G>A-22:G>A,100013053|F|0-56:A>T-56:A>T,4795005.0,14502847.0,0.029031455668108223
100035378|F|0-22:G>A-22:G>A,100044112|F|0-18:T>G-18:T>G,4795005.0,14593733.0,0.004404440205584702
100035378|F|0-22:G>A-22:G>A,100041853|F|0-21:T>C-21:T>C,4795005.0,14595838.0,0.00971894900851379
100035378|F|0-22:G>A-22:G>A,100033723|F|0-20:T>C-20:T>C,4795005.0,14595843.0,0.0011670062199242465
100035378|F|0-22:G>A-22:G>A,100017564|F|0-8:A>T-8:A>T,4795005.0,14625545.0,0.01811855236840569
100035378|F|0-22:G>A-22:G>A,100057963|F|0-26:C>T-26:C>T,4795005.0,14656009.0,0.014762680624626233
100035378|F|0-22:G>A-22:G>A,100019295|F|0-19:G>T-19:G>T,4795005.0,14656014.0,0.007115137831808547
100035378|F|0-22:G>A-22:G>A,100035362|F|0-6:C>A-6:C>A,4795005.0,14658473.0,0.0063329958182802544
100035378|F|0-22:G>A-22:G>A,100014679|F|0-16:C>A-16:C>A,4795005.0,14859822.0,0.007113336512478129
100035378|F|0-22:G>A-22:G>A,100021838|F|0-57:A>G-57:A>G,4795005.0,14928961.0,0.035675965665235974
100035378|F|0-22:G>A-22:G>A,100046294|F|0-6:C>G-6:C>G,4795005.0,15124860.0,0.024741212118775634
100035378|F|0-22:G>A-22:G>A,100045141|F|0-49:C>T-49:C>T,4795005.0,15225158.0,0.00038357073251642985
100035378|F|0-22:G>A-22:G>A,100043254|F|0-7:C>G-7:C>G,4795005.0,15229542.0,0.00011049466717843362
100035378|F|0-22:G>A-22:G>A,100013673|F|0-63:C>A-63:C>A,4795005.0,15256237.0,0.0019720791150575298
100035378|F|0-22:G>A-22:G>A,100016806|F|0-26:T>A-26:T>A,4795005.0,15351778.0,0.00013840972940325886
100035378|F|0-22:G>A-22:G>A,100033542|F|0-31:T>C-31:T>C,4795005.0,15394673.0,0.01140551179284638
100035378|F|0-22:G>A-22:G>A,100029793|F|0-30:G>A-30:G>A,4795005.0,15400977.0,0.013227249627494627
100035378|F|0-22:G>A-22:G>A,100021703|F|0-41:T>C-41:T>C,4795005.0,15431799.0,9.145051593596249e-05
100035378|F|0-22:G>A-22:G>A,100017056|F|0-15:G>A-15:G>A,4795005.0,15535069.0,0.0027404396027495004
100035378|F|0-22:G>A-22:G>A,100021184|F|0-17:T>G-17:T>G,4795005.0,15536283.0,0.0027404396027495004
100035378|F|0-22:G>A-22:G>A,100044126|F|0-46:C>T-46:C>T,4795005.0,15556197.0,0.00871781115879829
100035378|F|0-22:G>A-22:G>A,100017834|F|0-8:C>T-8:C>T,4795005.0,15619447.0,0.010663995174686646
100035378|F|0-22:G>A-22:G>A,100020292|F|0-58:T>C-58:T>C,4795005.0,15819325.0,0.003261297593576429
100035378|F|0-22:G>A-22:G>A,100015600|F|0-30:C>A-30:C>A,4795005.0,15832699.0,0.0035025832200515604
100035378|F|0-22:G>A-22:G>A,100049389|F|0-23:C>A-23:C>A,4795005.0,15838578.0,0.0016832792101928945
100035378|F|0-22:G>A-22:G>A,100038568|F|0-15:C>T-15:C>T,4795005.0,15839422.0,0.0035025832200515604
100035378|F|0-22:G>A-22:G>A,100018705|F|0-34:T>C-34:T>C,4795005.0,15915251.0,0.011386678832604417
100035378|F|0-22:G>A-22:G>A,100019856|F|0-16:C>T-16:C>T,4795005.0,15948596.0,0.010296483842968556
100035378|F|0-22:G>A-22:G>A,100034716|F|0-53:A>G-53:A>G,4795005.0,15958067.0,0.01027453957005589
100035378|F|0-22:G>A-22:G>A,100021071|F|0-60:A>G-60:A>G,4795005.0,15967627.0,0.009891379518683224
100035378|F|0-22:G>A-22:G>A,100020211|F|0-33:C>A-33:C>A,4795005.0,15977146.0,0.010052777979083822
100035378|F|0-22:G>A-22:G>A,100013484|F|0-22:G>A-22:G>A,4795005.0,16177456.0,0.011622485692044738
100035378|F|0-22:G>A-22:G>A,100021316|F|0-63:C>A-63:C>A,4795005.0,16179198.0,0.02235717724760665
100035378|F|0-22:G>A-22:G>A,100017187|F|0-41:T>C-41:T>C,4795005.0,16245982.0,4.6569504053408334e-05
100035378|F|0-22:G>A-22:G>A,100029840|F|0-31:T>C-31:T>C,4795005.0,16252498.0,0.004827492255170935
100035378|F|0-22:G>A-22:G>A,100013453|F|0-6:G>A-6:G>A,4795005.0,16307679.0,0.09035668519852226
100035378|F|0-22:G>A-22:G>A,100016783|F|0-52:G>T-52:G>T,4795005.0,16317524.0,0.08859466212690854
100035378|F|0-22:G>A-22:G>A,100014400|F|0-16:A>T-16:A>T,4795005.0,16381041.0,0.038945855175791695
100035378|F|0-22:G>A-22:G>A,100016625|F|0-16:T>C-16:T>C,4795005.0,16411184.0,0.038945855175791695
100035378|F|0-22:G>A-22:G>A,100015226|F|0-25:T>A-25:T>A,4795005.0,16581877.0,0.023528708152922198
100035378|F|0-22:G>A-22:G>A,100017539|F|0-11:A>T-11:A>T,4795005.0,16662610.0,0.00020206072503004753
100035378|F|0-22:G>A-22:G>A,100033601|F|0-15:C>A-15:C>A,4795005.0,16769146.0,0.08633319564973367
100035378|F|0-22:G>A-22:G>A,100039949|F|0-62:A>T-62:A>T,4795005.0,16793350.0,0.09114494629516084
100035378|F|0-22:G>A-22:G>A,100035334|F|0-35:T>C-35:T>C,4795005.0,16832622.0,0.036073218402446754
100035378|F|0-22:G>A-22:G>A,100021345|F|0-28:C>T-28:C>T,4795005.0,16899147.0,0.07656463256211662
100035378|F|0-22:G>A-22:G>A,100022139|F|0-65:T>C-65:T>C,4795005.0,16965771.0,0.06266215857082345
100035378|F|0-22:G>A-22:G>A,100044804|F|0-53:G>C-53:G>C,4795005.0,16968917.0,0.016858294987369942
100035378|F|0-22:G>A-22:G>A,100030290|F|0-11:A>C-11:A>C,4795005.0,16971407.0,0.06266215857082345
100035378|F|0-22:G>A-22:G>A,100017336|F|0-39:A>G-39:A>G,4795005.0,16987827.0,0.03988156121602566
100035378|F|0-22:G>A-22:G>A,100029568|F|0-9:T>G-9:T>G,4795005.0,16988131.0,0.0617474207213637
100035378|F|0-22:G>A-22:G>A,100034247|F|0-37:G>C-37:G>C,4795005.0,16999534.0,0.05127735943213778
100035378|F|0-22:G>A-22:G>A,100012983|F|0-45:A>T-45:A>T,4795005.0,17017248.0,0.018118552368405677
100035378|F|0-22:G>A-22:G>A,100020033|F|0-7:G>A-7:G>A,4795005.0,17020316.0,0.10606889393811891
100035378|F|0-22:G>A-22:G>A,100018782|F|0-63:C>T-63:C>T,4795005.0,17424649.0,0.0038657350360185323
100035378|F|0-22:G>A-22:G>A,100019630|F|0-24:A>T-24:A>T,4795005.0,17521232.0,0.0001671808348070496
100035378|F|0-22:G>A-22:G>A,100021757|F|0-47:G>A-47:G>A,4795005.0,17521694.0,0.00011766964556664341
100035378|F|0-22:G>A-22:G>A,100038944|F|0-45:C>T-45:C>T,4795005.0,17607936.0,0.045753384875796055
100035378|F|0-22:G>A-22:G>A,100047378|F|0-35:C>T-35:C>T,4795005.0,17706505.0,6.527521663212381e-05
100035378|F|0-22:G>A-22:G>A,100029543|F|0-46:T>C-46:T>C,4795005.0,18278899.0,0.017236105256659147
100035378|F|0-22:G>A-22:G>A,100021798|F|0-27:T>C-27:T>C,4795005.0,18732658.0,0.010516577165908834
100035378|F|0-22:G>A-22:G>A,100017716|F|0-8:C>T-8:C>T,4795005.0,18851585.0,0.002805127773570088
100034189|F|0-36:A>T-36:A>T,100030017|F|0-30:G>A-30:G>A,5191352.0,5194871.0,0.9008521735450642
100034189|F|0-36:A>T-36:A>T,100019240|F|0-12:A>C-12:A>C,5191352.0,5221682.0,0.04998027454943049
100034189|F|0-36:A>T-36:A>T,100039010|F|0-12:C>T-12:C>T,5191352.0,5826827.0,0.0007986936920947081
100034189|F|0-36:A>T-36:A>T,100034526|F|0-38:G>A-38:G>A,5191352.0,5829779.0,0.008046077633706503
100034189|F|0-36:A>T-36:A>T,100040746|F|0-42:G>A-42:G>A,5191352.0,5944865.0,0.013390864454694252
100034189|F|0-36:A>T-36:A>T,100021961|F|0-53:A>T-53:A>T,5191352.0,6058253.0,0.0055670456864090855
100034189|F|0-36:A>T-36:A>T,100014327|F|0-12:T>C-12:T>C,5191352.0,6588263.0,0.015892197887668432
100034189|F|0-36:A>T-36:A>T,100044383|F|0-11:A>T-11:A>T,5191352.0,6629814.0,0.031143173233017005
100034189|F|0-36:A>T-36:A>T,100017856|F|0-8:G>C-8:G>C,5191352.0,6634620.0,0.015346310992378313
100034189|F|0-36:A>T-36:A>T,100058672|F|0-30:C>T-30:C>T,5191352.0,7170197.0,0.006926334041551578
100034189|F|0-36:A>T-36:A>T,100016006|F|0-20:G>A-20:G>A,5191352.0,7243813.0,0.0017379679144384848
100034189|F|0-36:A>T-36:A>T,100014225|F|0-25:G>A-25:G>A,5191352.0,7752093.0,3.775015771177031e-05
100034189|F|0-36:A>T-36:A>T,100019858|F|0-55:G>C-55:G>C,5191352.0,7879011.0,0.002542340962448679
100034189|F|0-36:A>T-36:A>T,100020367|F|0-37:A>T-37:A>T,5191352.0,8687209.0,0.0019312083265571637
100034189|F|0-36:A>T-36:A>T,100017575|F|0-33:C>A-33:C>A,5191352.0,8708407.0,0.0015324405884571926
100034189|F|0-36:A>T-36:A>T,100021965|F|0-19:C>T-19:C>T,5191352.0,9286898.0,0.15390683425392587
100034189|F|0-36:A>T-36:A>T,100022176|F|0-8:G>A-8:G>A,5191352.0,9450266.0,0.029667302394575046
100034189|F|0-36:A>T-36:A>T,100033258|F|0-23:G>A-23:G>A,5191352.0,9597839.0,0.021031787119486545
100034189|F|0-36:A>T-36:A>T,100016832|F|0-65:T>A-65:T>A,5191352.0,9956473.0,0.014489108014287863
100034189|F|0-36:A>T-36:A>T,100015585|F|0-38:T>C-38:T>C,5191352.0,10530371.0,0.07889539591891828
100034189|F|0-36:A>T-36:A>T,100032761|F|0-35:G>T-35:G>T,5191352.0,11013852.0,0.01109822956499699
100034189|F|0-36:A>T-36:A>T,100018106|F|0-5:T>C-5:T>C,5191352.0,11160342.0,0.0056636277108717895
100034189|F|0-36:A>T-36:A>T,100029056|F|0-22:A>T-22:A>T,5191352.0,11582180.0,0.008674501599029914
100034189|F|0-36:A>T-36:A>T,100019200|F|0-60:C>T-60:C>T,5191352.0,11806800.0,0.03169616841491845
100034189|F|0-36:A>T-36:A>T,100017507|F|0-36:T>C-36:T>C,5191352.0,12067176.0,0.028972502423829875
100034189|F|0-36:A>T-36:A>T,100015126|F|0-46:T>G-46:T>G,5191352.0,12238563.0,0.006397969500379125
100034189|F|0-36:A>T-36:A>T,100035996|F|0-47:A>G-47:A>G,5191352.0,12678333.0,0.004858943271122442
100034189|F|0-36:A>T-36:A>T,100041089|F|0-45:A>G-45:A>G,5191352.0,12678338.0,0.004858943271122442
100034189|F|0-36:A>T-36:A>T,100015053|F|0-21:C>T-21:C>T,5191352.0,12815706.0,3.263952224484984e-05
100034189|F|0-36:A>T-36:A>T,100016297|F|0-36:A>G-36:A>G,5191352.0,12845233.0,0.0188731722822632
100034189|F|0-36:A>T-36:A>T,100016238|F|0-41:C>A-41:C>A,5191352.0,12849798.0,0.006292043357800178
100034189|F|0-36:A>T-36:A>T,100016677|F|0-45:G>A-45:G>A,5191352.0,13416059.0,0.01610329968538922
100034189|F|0-36:A>T-36:A>T,100035421|F|0-6:T>A-6:T>A,5191352.0,13420106.0,0.03731255857544515
100034189|F|0-36:A>T-36:A>T,100015018|F|0-5:T>A-5:T>A,5191352.0,13421247.0,0.03348272674955975
100034189|F|0-36:A>T-36:A>T,100020103|F|0-18:T>C-18:T>C,5191352.0,13646039.0,0.006284062181949489
100034189|F|0-36:A>T-36:A>T,100014062|F|0-62:G>A-62:G>A,5191352.0,13646044.0,0.008811188811188836
100034189|F|0-36:A>T-36:A>T,100039121|F|0-17:A>G-17:A>G,5191352.0,13667695.0,0.00396528874351455
100034189|F|0-36:A>T-36:A>T,100018973|F|0-53:T>G-53:T>G,5191352.0,13667871.0,0.0026423576423576477
100034189|F|0-36:A>T-36:A>T,100022289|F|0-10:A>G-10:A>G,5191352.0,13667876.0,0.005906605733851551
100034189|F|0-36:A>T-36:A>T,100015169|F|0-21:A>G-21:A>G,5191352.0,13718785.0,0.0014151628513330743
100034189|F|0-36:A>T-36:A>T,100020673|F|0-43:T>A-43:T>A,5191352.0,13731316.0,0.00013120088166992426
100034189|F|0-36:A>T-36:A>T,100015679|F|0-19:G>A-19:G>A,5191352.0,14080553.0,5.941943253121588e-05
100034189|F|0-36:A>T-36:A>T,100016059|F|0-15:A>T-15:A>T,5191352.0,14090473.0,2.7662211206515266e-05
100034189|F|0-36:A>T-36:A>T,100019698|F|0-15:C>A-15:C>A,5191352.0,14160112.0,0.01617569384423322
100034189|F|0-36:A>T-36:A>T,100036115|F|0-39:C>T-39:C>T,5191352.0,14240591.0,0.0020096363160074914
100034189|F|0-36:A>T-36:A>T,100035750|F|0-64:T>C-64:T>C,5191352.0,14346419.0,0.06628039483347713
100034189|F|0-36:A>T-36:A>T,100021715|F|0-7:C>A-7:C>A,5191352.0,14348921.0,0.05076654115115662
100034189|F|0-36:A>T-36:A>T,100040569|F|0-37:C>T-37:C>T,5191352.0,14351912.0,0.003730837064170405
100034189|F|0-36:A>T-36:A>T,100015147|F|0-16:C>G-16:C>G,5191352.0,14409032.0,0.04256358760817614
100034189|F|0-36:A>T-36:A>T,100030246|F|0-11:C>A-11:C>A,5191352.0,14458674.0,0.037145885268970086
100034189|F|0-36:A>T-36:A>T,100035083|F|0-24:G>C-24:G>C,5191352.0,14490822.0,0.002795909303100256
100034189|F|0-36:A>T-36:A>T,100013053|F|0-56:A>T-56:A>T,5191352.0,14502847.0,0.008474234699018583
100034189|F|0-36:A>T-36:A>T,100044112|F|0-18:T>G-18:T>G,5191352.0,14593733.0,0.0032953157953157985
100034189|F|0-36:A>T-36:A>T,100041853|F|0-21:T>C-21:T>C,5191352.0,14595838.0,2.674459196198698e-06
100034189|F|0-36:A>T-36:A>T,100033723|F|0-20:T>C-20:T>C,5191352.0,14595843.0,0.00022518459059015926
100034189|F|0-36:A>T-36:A>T,100017564|F|0-8:A>T-8:A>T,5191352.0,14625545.0,0.01389168385571265
100034189|F|0-36:A>T-36:A>T,100057963|F|0-26:C>T-26:C>T,5191352.0,14656009.0,0.019511738261738316
100034189|F|0-36:A>T-36:A>T,100019295|F|0-19:G>T-19:G>T,5191352.0,14656014.0,0.03496907810043794
100034189|F|0-36:A>T-36:A>T,100035362|F|0-6:C>A-6:C>A,5191352.0,14658473.0,0.016600915121941458
100034189|F|0-36:A>T-36:A>T,100014679|F|0-16:C>A-16:C>A,5191352.0,14859822.0,3.2555898477686466e-05
100034189|F|0-36:A>T-36:A>T,100021838|F|0-57:A>G-57:A>G,5191352.0,14928961.0,0.0029657842157842177
100034189|F|0-36:A>T-36:A>T,100046294|F|0-6:C>G-6:C>G,5191352.0,15124860.0,0.009494622471794865
100034189|F|0-36:A>T-36:A>T,100045141|F|0-49:C>T-49:C>T,5191352.0,15225158.0,0.005916527655658088
100034189|F|0-36:A>T-36:A>T,100043254|F|0-7:C>G-7:C>G,5191352.0,15229542.0,0.009114361248507605
100034189|F|0-36:A>T-36:A>T,100013673|F|0-63:C>A-63:C>A,5191352.0,15256237.0,0.011424440269366875
100034189|F|0-36:A>T-36:A>T,100016806|F|0-26:T>A-26:T>A,5191352.0,15351778.0,0.00016774270505613868
100034189|F|0-36:A>T-36:A>T,100033542|F|0-31:T>C-31:T>C,5191352.0,15394673.0,0.0031978740484964524
100034189|F|0-36:A>T-36:A>T,100029793|F|0-30:G>A-30:G>A,5191352.0,15400977.0,0.00024253775669404222
100034189|F|0-36:A>T-36:A>T,100021703|F|0-41:T>C-41:T>C,5191352.0,15431799.0,0.12547505580020493
100034189|F|0-36:A>T-36:A>T,100017056|F|0-15:G>A-15:G>A,5191352.0,15535069.0,0.0001441500452054538
100034189|F|0-36:A>T-36:A>T,100021184|F|0-17:T>G-17:T>G,5191352.0,15536283.0,0.0001441500452054538
100034189|F|0-36:A>T-36:A>T,100044126|F|0-46:C>T-46:C>T,5191352.0,15556197.0,0.00860677783754708
100034189|F|0-36:A>T-36:A>T,100017834|F|0-8:C>T-8:C>T,5191352.0,15619447.0,0.00047712409683861123
100034189|F|0-36:A>T-36:A>T,100020292|F|0-58:T>C-58:T>C,5191352.0,15819325.0,0.004215594004326382
100034189|F|0-36:A>T-36:A>T,100015600|F|0-30:C>A-30:C>A,5191352.0,15832699.0,0.005667309868554672
100034189|F|0-36:A>T-36:A>T,100049389|F|0-23:C>A-23:C>A,5191352.0,15838578.0,0.0034312728821985295
100034189|F|0-36:A>T-36:A>T,100038568|F|0-15:C>T-15:C>T,5191352.0,15839422.0,0.005667309868554672
100034189|F|0-36:A>T-36:A>T,100018705|F|0-34:T>C-34:T>C,5191352.0,15915251.0,0.0007213876291818201
100034189|F|0-36:A>T-36:A>T,100019856|F|0-16:C>T-16:C>T,5191352.0,15948596.0,0.004930321477084029
100034189|F|0-36:A>T-36:A>T,100034716|F|0-53:A>G-53:A>G,5191352.0,15958067.0,0.000627527268020818
100034189|F|0-36:A>T-36:A>T,100021071|F|0-60:A>G-60:A>G,5191352.0,15967627.0,0.001307727905578583
100034189|F|0-36:A>T-36:A>T,100020211|F|0-33:C>A-33:C>A,5191352.0,15977146.0,0.0001312008816699264
100034189|F|0-36:A>T-36:A>T,100013484|F|0-22:G>A-22:G>A,5191352.0,16177456.0,0.014401256836960311
100034189|F|0-36:A>T-36:A>T,100021316|F|0-63:C>A-63:C>A,5191352.0,16179198.0,0.012320783139778338
100034189|F|0-36:A>T-36:A>T,100017187|F|0-41:T>C-41:T>C,5191352.0,16245982.0,0.0057801573426573515
100034189|F|0-36:A>T-36:A>T,100029840|F|0-31:T>C-31:T>C,5191352.0,16252498.0,0.034055200535334784
100034189|F|0-36:A>T-36:A>T,100013453|F|0-6:G>A-6:G>A,5191352.0,16307679.0,0.003124953300490094
100034189|F|0-36:A>T-36:A>T,100016783|F|0-52:G>T-52:G>T,5191352.0,16317524.0,0.004539023018595118
100034189|F|0-36:A>T-36:A>T,100014400|F|0-16:A>T-16:A>T,5191352.0,16381041.0,0.009083931036888968
100034189|F|0-36:A>T-36:A>T,100016625|F|0-16:T>C-16:T>C,5191352.0,16411184.0,0.01660091512194147
100034189|F|0-36:A>T-36:A>T,100015226|F|0-25:T>A-25:T>A,5191352.0,16581877.0,0.0432242176428223
100034189|F|0-36:A>T-36:A>T,100017539|F|0-11:A>T-11:A>T,5191352.0,16662610.0,0.041077749411082866
100034189|F|0-36:A>T-36:A>T,100033601|F|0-15:C>A-15:C>A,5191352.0,16769146.0,0.05170513856756268
100034189|F|0-36:A>T-36:A>T,100039949|F|0-62:A>T-62:A>T,5191352.0,16793350.0,0.03875291375291378
100034189|F|0-36:A>T-36:A>T,100035334|F|0-35:T>C-35:T>C,5191352.0,16832622.0,0.05937068941518242
100034189|F|0-36:A>T-36:A>T,100021345|F|0-28:C>T-28:C>T,5191352.0,16899147.0,0.034295206708999784
100034189|F|0-36:A>T-36:A>T,100022139|F|0-65:T>C-65:T>C,5191352.0,16965771.0,0.02450506153983154
100034189|F|0-36:A>T-36:A>T,100044804|F|0-53:G>C-53:G>C,5191352.0,16968917.0,0.010180844811004246
100034189|F|0-36:A>T-36:A>T,100030290|F|0-11:A>C-11:A>C,5191352.0,16971407.0,0.02450506153983154
100034189|F|0-36:A>T-36:A>T,100017336|F|0-39:A>G-39:A>G,5191352.0,16987827.0,0.0011493426073032494
100034189|F|0-36:A>T-36:A>T,100029568|F|0-9:T>G-9:T>G,5191352.0,16988131.0,0.025844296092676147
100034189|F|0-36:A>T-36:A>T,100034247|F|0-37:G>C-37:G>C,5191352.0,16999534.0,0.028391549304096948
100034189|F|0-36:A>T-36:A>T,100012983|F|0-45:A>T-45:A>T,5191352.0,17017248.0,0.12680484982643223
100034189|F|0-36:A>T-36:A>T,100020033|F|0-7:G>A-7:G>A,5191352.0,17020316.0,0.0074043603455368374
100034189|F|0-36:A>T-36:A>T,100018782|F|0-63:C>T-63:C>T,5191352.0,17424649.0,0.02125650622400362
100034189|F|0-36:A>T-36:A>T,100019630|F|0-24:A>T-24:A>T,5191352.0,17521232.0,0.042232569621492286
100034189|F|0-36:A>T-36:A>T,100021757|F|0-47:G>A-47:G>A,5191352.0,17521694.0,0.03882481155208432
100034189|F|0-36:A>T-36:A>T,100038944|F|0-45:C>T-45:C>T,5191352.0,17607936.0,0.002794431460217463
100034189|F|0-36:A>T-36:A>T,100047378|F|0-35:C>T-35:C>T,5191352.0,17706505.0,0.0001495652636337045
100034189|F|0-36:A>T-36:A>T,100029543|F|0-46:T>C-46:T>C,5191352.0,18278899.0,0.003338946210039958
100034189|F|0-36:A>T-36:A>T,100021798|F|0-27:T>C-27:T>C,5191352.0,18732658.0,4.655796932761016e-05
100034189|F|0-36:A>T-36:A>T,100017716|F|0-8:C>T-8:C>T,5191352.0,18851585.0,0.0003702180172768404
100030017|F|0-30:G>A-30:G>A,100019240|F|0-12:A>C-12:A>C,5194871.0,5221682.0,0.036226785386790875
100030017|F|0-30:G>A-30:G>A,100039010|F|0-12:C>T-12:C>T,5194871.0,5826827.0,0.004504260196441334
100030017|F|0-30:G>A-30:G>A,100034526|F|0-38:G>A-38:G>A,5194871.0,5829779.0,0.006317830795933329
100030017|F|0-30:G>A-30:G>A,100040746|F|0-42:G>A-42:G>A,5194871.0,5944865.0,0.0039023624385216113
100030017|F|0-30:G>A-30:G>A,100021961|F|0-53:A>T-53:A>T,5194871.0,6058253.0,0.008730542502518092
100030017|F|0-30:G>A-30:G>A,100014327|F|0-12:T>C-12:T>C,5194871.0,6588263.0,0.012609952588953763
100030017|F|0-30:G>A-30:G>A,100044383|F|0-11:A>T-11:A>T,5194871.0,6629814.0,0.028425313546844515
100030017|F|0-30:G>A-30:G>A,100017856|F|0-8:G>C-8:G>C,5194871.0,6634620.0,0.012777263103420287
100030017|F|0-30:G>A-30:G>A,100058672|F|0-30:C>T-30:C>T,5194871.0,7170197.0,0.010128100217984574
100030017|F|0-30:G>A-30:G>A,100016006|F|0-20:G>A-20:G>A,5194871.0,7243813.0,0.0013459998220165669
100030017|F|0-30:G>A-30:G>A,100014225|F|0-25:G>A-25:G>A,5194871.0,7752093.0,0.0005691370894445378
100030017|F|0-30:G>A-30:G>A,100019858|F|0-55:G>C-55:G>C,5194871.0,7879011.0,0.0034633477919587615
100030017|F|0-30:G>A-30:G>A,100020367|F|0-37:A>T-37:A>T,5194871.0,8687209.0,8.35590894697958e-05
100030017|F|0-30:G>A-30:G>A,100017575|F|0-33:C>A-33:C>A,5194871.0,8708407.0,0.0021484485345352584
100030017|F|0-30:G>A-30:G>A,100021965|F|0-19:C>T-19:C>T,5194871.0,9286898.0,0.12900779988249073
100030017|F|0-30:G>A-30:G>A,100022176|F|0-8:G>A-8:G>A,5194871.0,9450266.0,0.0157245679182139
100030017|F|0-30:G>A-30:G>A,100033258|F|0-23:G>A-23:G>A,5194871.0,9597839.0,0.02110098422008487
100030017|F|0-30:G>A-30:G>A,100016832|F|0-65:T>A-65:T>A,5194871.0,9956473.0,0.013774910480087886
100030017|F|0-30:G>A-30:G>A,100015585|F|0-38:T>C-38:T>C,5194871.0,10530371.0,0.10035284842755723
100030017|F|0-30:G>A-30:G>A,100032761|F|0-35:G>T-35:G>T,5194871.0,11013852.0,0.010421189628458255
100030017|F|0-30:G>A-30:G>A,100018106|F|0-5:T>C-5:T>C,5194871.0,11160342.0,0.0037192897219163836
100030017|F|0-30:G>A-30:G>A,100029056|F|0-22:A>T-22:A>T,5194871.0,11582180.0,0.007636337439665766
100030017|F|0-30:G>A-30:G>A,100019200|F|0-60:C>T-60:C>T,5194871.0,11806800.0,0.02175720184064549
100030017|F|0-30:G>A-30:G>A,100017507|F|0-36:T>C-36:T>C,5194871.0,12067176.0,0.026243534646263212
100030017|F|0-30:G>A-30:G>A,100015126|F|0-46:T>G-46:T>G,5194871.0,12238563.0,0.005744992071159069
100030017|F|0-30:G>A-30:G>A,100035996|F|0-47:A>G-47:A>G,5194871.0,12678333.0,0.0028814373610008014
100030017|F|0-30:G>A-30:G>A,100041089|F|0-45:A>G-45:A>G,5194871.0,12678338.0,0.0028814373610008014
100030017|F|0-30:G>A-30:G>A,100015053|F|0-21:C>T-21:C>T,5194871.0,12815706.0,0.0006722727068338146
100030017|F|0-30:G>A-30:G>A,100016297|F|0-36:A>G-36:A>G,5194871.0,12845233.0,0.01306560308073168
100030017|F|0-30:G>A-30:G>A,100016238|F|0-41:C>A-41:C>A,5194871.0,12849798.0,0.006668343450345303
100030017|F|0-30:G>A-30:G>A,100016677|F|0-45:G>A-45:G>A,5194871.0,13416059.0,0.01283309516820479
100030017|F|0-30:G>A-30:G>A,100035421|F|0-6:T>A-6:T>A,5194871.0,13420106.0,0.028897367312881197
100030017|F|0-30:G>A-30:G>A,100015018|F|0-5:T>A-5:T>A,5194871.0,13421247.0,0.026683166013357927
100030017|F|0-30:G>A-30:G>A,100020103|F|0-18:T>C-18:T>C,5194871.0,13646039.0,0.0050608428686085396
100030017|F|0-30:G>A-30:G>A,100014062|F|0-62:G>A-62:G>A,5194871.0,13646044.0,0.0017505943375837486
100030017|F|0-30:G>A-30:G>A,100039121|F|0-17:A>G-17:A>G,5194871.0,13667695.0,0.0029311649016641418
100030017|F|0-30:G>A-30:G>A,100018973|F|0-53:T>G-53:T>G,5194871.0,13667871.0,0.0017505943375837475
100030017|F|0-30:G>A-30:G>A,100022289|F|0-10:A>G-10:A>G,5194871.0,13667876.0,0.00466029364106256
100030017|F|0-30:G>A-30:G>A,100015169|F|0-21:A>G-21:A>G,5194871.0,13718785.0,0.0010484252928003603
100030017|F|0-30:G>A-30:G>A,100020673|F|0-43:T>A-43:T>A,5194871.0,13731316.0,0.00038637518343064264
100030017|F|0-30:G>A-30:G>A,100015679|F|0-19:G>A-19:G>A,5194871.0,14080553.0,0.0026326494234223557
100030017|F|0-30:G>A-30:G>A,100016059|F|0-15:A>T-15:A>T,5194871.0,14090473.0,0.00020227311897968122
100030017|F|0-30:G>A-30:G>A,100019698|F|0-15:C>A-15:C>A,5194871.0,14160112.0,0.013326760611263117
100030017|F|0-30:G>A-30:G>A,100036115|F|0-39:C>T-39:C>T,5194871.0,14240591.0,0.0015032424266875003
100030017|F|0-30:G>A-30:G>A,100035750|F|0-64:T>C-64:T>C,5194871.0,14346419.0,0.05198683674244795
100030017|F|0-30:G>A-30:G>A,100021715|F|0-7:C>A-7:C>A,5194871.0,14348921.0,0.038600743867447836
100030017|F|0-30:G>A-30:G>A,100040569|F|0-37:C>T-37:C>T,5194871.0,14351912.0,0.003073745887664192
100030017|F|0-30:G>A-30:G>A,100015147|F|0-16:C>G-16:C>G,5194871.0,14409032.0,0.024992610476443387
100030017|F|0-30:G>A-30:G>A,100030246|F|0-11:C>A-11:C>A,5194871.0,14458674.0,0.03629249411622894
100030017|F|0-30:G>A-30:G>A,100035083|F|0-24:G>C-24:G>C,5194871.0,14490822.0,0.001256026000705054
100030017|F|0-30:G>A-30:G>A,100013053|F|0-56:A>T-56:A>T,5194871.0,14502847.0,0.007368104391651816
100030017|F|0-30:G>A-30:G>A,100044112|F|0-18:T>G-18:T>G,5194871.0,14593733.0,0.005132915496001745
100030017|F|0-30:G>A-30:G>A,100041853|F|0-21:T>C-21:T>C,5194871.0,14595838.0,0.0001041461115130799
100030017|F|0-30:G>A-30:G>A,100033723|F|0-20:T>C-20:T>C,5194871.0,14595843.0,1.1387274151771612e-05
100030017|F|0-30:G>A-30:G>A,100017564|F|0-8:A>T-8:A>T,5194871.0,14625545.0,0.0170060623210963
100030017|F|0-30:G>A-30:G>A,100057963|F|0-26:C>T-26:C>T,5194871.0,14656009.0,0.014423192373268062
100030017|F|0-30:G>A-30:G>A,100019295|F|0-19:G>T-19:G>T,5194871.0,14656014.0,0.027710796161451886
100030017|F|0-30:G>A-30:G>A,100035362|F|0-6:C>A-6:C>A,5194871.0,14658473.0,0.0213509413047252
100030017|F|0-30:G>A-30:G>A,100014679|F|0-16:C>A-16:C>A,5194871.0,14859822.0,9.587428899838598e-05
100030017|F|0-30:G>A-30:G>A,100021838|F|0-57:A>G-57:A>G,5194871.0,14928961.0,0.00461962394640156
100030017|F|0-30:G>A-30:G>A,100046294|F|0-6:C>G-6:C>G,5194871.0,15124860.0,0.02461143157589859
100030017|F|0-30:G>A-30:G>A,100045141|F|0-49:C>T-49:C>T,5194871.0,15225158.0,0.010066580920195377
100030017|F|0-30:G>A-30:G>A,100043254|F|0-7:C>G-7:C>G,5194871.0,15229542.0,0.01419689310357551
100030017|F|0-30:G>A-30:G>A,100013673|F|0-63:C>A-63:C>A,5194871.0,15256237.0,0.017061422860105424
100030017|F|0-30:G>A-30:G>A,100016806|F|0-26:T>A-26:T>A,5194871.0,15351778.0,8.064282004715962e-07
100030017|F|0-30:G>A-30:G>A,100033542|F|0-31:T>C-31:T>C,5194871.0,15394673.0,0.0042853884574903245
100030017|F|0-30:G>A-30:G>A,100029793|F|0-30:G>A-30:G>A,5194871.0,15400977.0,0.0006015885879351623
100030017|F|0-30:G>A-30:G>A,100021703|F|0-41:T>C-41:T>C,5194871.0,15431799.0,0.12398469271488499
100030017|F|0-30:G>A-30:G>A,100017056|F|0-15:G>A-15:G>A,5194871.0,15535069.0,0.002646755335922627
100030017|F|0-30:G>A-30:G>A,100021184|F|0-17:T>G-17:T>G,5194871.0,15536283.0,0.002646755335922627
100030017|F|0-30:G>A-30:G>A,100044126|F|0-46:C>T-46:C>T,5194871.0,15556197.0,0.008182532293727451
100030017|F|0-30:G>A-30:G>A,100017834|F|0-8:C>T-8:C>T,5194871.0,15619447.0,0.00020160252531652254
100030017|F|0-30:G>A-30:G>A,100020292|F|0-58:T>C-58:T>C,5194871.0,15819325.0,0.000696057332395785
100030017|F|0-30:G>A-30:G>A,100015600|F|0-30:C>A-30:C>A,5194871.0,15832699.0,0.0013657321674063608
100030017|F|0-30:G>A-30:G>A,100049389|F|0-23:C>A-23:C>A,5194871.0,15838578.0,0.0003910897959735146
100030017|F|0-30:G>A-30:G>A,100038568|F|0-15:C>T-15:C>T,5194871.0,15839422.0,0.0013657321674063608
100030017|F|0-30:G>A-30:G>A,100018705|F|0-34:T>C-34:T>C,5194871.0,15915251.0,9.86479831496921e-05
100030017|F|0-30:G>A-30:G>A,100019856|F|0-16:C>T-16:C>T,5194871.0,15948596.0,0.0009795491896951434
100030017|F|0-30:G>A-30:G>A,100034716|F|0-53:A>G-53:A>G,5194871.0,15958067.0,0.0013542975640674236
100030017|F|0-30:G>A-30:G>A,100021071|F|0-60:A>G-60:A>G,5194871.0,15967627.0,0.0023113247102634787
100030017|F|0-30:G>A-30:G>A,100020211|F|0-33:C>A-33:C>A,5194871.0,15977146.0,0.0022991807001160897
100030017|F|0-30:G>A-30:G>A,100013484|F|0-22:G>A-22:G>A,5194871.0,16177456.0,0.018953083051627177
100030017|F|0-30:G>A-30:G>A,100021316|F|0-63:C>A-63:C>A,5194871.0,16179198.0,0.016587440248304688
100030017|F|0-30:G>A-30:G>A,100017187|F|0-41:T>C-41:T>C,5194871.0,16245982.0,0.008938280068078685
100030017|F|0-30:G>A-30:G>A,100029840|F|0-31:T>C-31:T>C,5194871.0,16252498.0,0.043481053701849064
100030017|F|0-30:G>A-30:G>A,100013453|F|0-6:G>A-6:G>A,5194871.0,16307679.0,0.008957922128465447
100030017|F|0-30:G>A-30:G>A,100016783|F|0-52:G>T-52:G>T,5194871.0,16317524.0,0.011139381742817662
100030017|F|0-30:G>A-30:G>A,100014400|F|0-16:A>T-16:A>T,5194871.0,16381041.0,0.005831463375973053
100030017|F|0-30:G>A-30:G>A,100016625|F|0-16:T>C-16:T>C,5194871.0,16411184.0,0.012374741611610349
100030017|F|0-30:G>A-30:G>A,100015226|F|0-25:T>A-25:T>A,5194871.0,16581877.0,0.027169269354295596
100030017|F|0-30:G>A-30:G>A,100017539|F|0-11:A>T-11:A>T,5194871.0,16662610.0,0.07493456283168849
100030017|F|0-30:G>A-30:G>A,100033601|F|0-15:C>A-15:C>A,5194871.0,16769146.0,0.043237281752170106
100030017|F|0-30:G>A-30:G>A,100039949|F|0-62:A>T-62:A>T,5194871.0,16793350.0,0.03079749297601039
100030017|F|0-30:G>A-30:G>A,100035334|F|0-35:T>C-35:T>C,5194871.0,16832622.0,0.04956382628345944
100030017|F|0-30:G>A-30:G>A,100021345|F|0-28:C>T-28:C>T,5194871.0,16899147.0,0.02670408602431
100030017|F|0-30:G>A-30:G>A,100022139|F|0-65:T>C-65:T>C,5194871.0,16965771.0,0.01801067521533427
100030017|F|0-30:G>A-30:G>A,100044804|F|0-53:G>C-53:G>C,5194871.0,16968917.0,0.004103546437429778
100030017|F|0-30:G>A-30:G>A,100030290|F|0-11:A>C-11:A>C,5194871.0,16971407.0,0.01801067521533427
100030017|F|0-30:G>A-30:G>A,100017336|F|0-39:A>G-39:A>G,5194871.0,16987827.0,0.0004618866807939033
100030017|F|0-30:G>A-30:G>A,100029568|F|0-9:T>G-9:T>G,5194871.0,16988131.0,0.02001556970752476
100030017|F|0-30:G>A-30:G>A,100034247|F|0-37:G>C-37:G>C,5194871.0,16999534.0,0.02235741764440068
100030017|F|0-30:G>A-30:G>A,100012983|F|0-45:A>T-45:A>T,5194871.0,17017248.0,0.10799529816388963
100030017|F|0-30:G>A-30:G>A,100020033|F|0-7:G>A-7:G>A,5194871.0,17020316.0,0.008278455103675343
100030017|F|0-30:G>A-30:G>A,100018782|F|0-63:C>T-63:C>T,5194871.0,17424649.0,0.014171582503282218
100030017|F|0-30:G>A-30:G>A,100019630|F|0-24:A>T-24:A>T,5194871.0,17521232.0,0.018693089372877024
100030017|F|0-30:G>A-30:G>A,100021757|F|0-47:G>A-47:G>A,5194871.0,17521694.0,0.02468465724895376
100030017|F|0-30:G>A-30:G>A,100038944|F|0-45:C>T-45:C>T,5194871.0,17607936.0,0.002302264092873977
100030017|F|0-30:G>A-30:G>A,100047378|F|0-35:C>T-35:C>T,5194871.0,17706505.0,0.0006257442059789574
100030017|F|0-30:G>A-30:G>A,100029543|F|0-46:T>C-46:T>C,5194871.0,18278899.0,0.0020389198252107237
100030017|F|0-30:G>A-30:G>A,100021798|F|0-27:T>C-27:T>C,5194871.0,18732658.0,0.003469403377443289
100030017|F|0-30:G>A-30:G>A,100017716|F|0-8:C>T-8:C>T,5194871.0,18851585.0,0.0007119337901575123
100019240|F|0-12:A>C-12:A>C,100039010|F|0-12:C>T-12:C>T,5221682.0,5826827.0,0.004894520884410654
100019240|F|0-12:A>C-12:A>C,100034526|F|0-38:G>A-38:G>A,5221682.0,5829779.0,0.006760643950807501
100019240|F|0-12:A>C-12:A>C,100040746|F|0-42:G>A-42:G>A,5221682.0,5944865.0,0.006956510004082465
100019240|F|0-12:A>C-12:A>C,100021961|F|0-53:A>T-53:A>T,5221682.0,6058253.0,6.699673719345464e-05
100019240|F|0-12:A>C-12:A>C,100014327|F|0-12:T>C-12:T>C,5221682.0,6588263.0,1.4260835065575327e-05
100019240|F|0-12:A>C-12:A>C,100044383|F|0-11:A>T-11:A>T,5221682.0,6629814.0,0.0029534527196041858
100019240|F|0-12:A>C-12:A>C,100017856|F|0-8:G>C-8:G>C,5221682.0,6634620.0,0.00019653404962753743
100019240|F|0-12:A>C-12:A>C,100058672|F|0-30:C>T-30:C>T,5221682.0,7170197.0,0.010894087571316475
100019240|F|0-12:A>C-12:A>C,100016006|F|0-20:G>A-20:G>A,5221682.0,7243813.0,0.008067505393673137
100019240|F|0-12:A>C-12:A>C,100014225|F|0-25:G>A-25:G>A,5221682.0,7752093.0,0.05028193894436299
100019240|F|0-12:A>C-12:A>C,100019858|F|0-55:G>C-55:G>C,5221682.0,7879011.0,0.11994039756465216
100019240|F|0-12:A>C-12:A>C,100020367|F|0-37:A>T-37:A>T,5221682.0,8687209.0,0.00022651210747892122
100019240|F|0-12:A>C-12:A>C,100017575|F|0-33:C>A-33:C>A,5221682.0,8708407.0,0.00711346429940061
100019240|F|0-12:A>C-12:A>C,100021965|F|0-19:C>T-19:C>T,5221682.0,9286898.0,0.0012135774762010118
100019240|F|0-12:A>C-12:A>C,100022176|F|0-8:G>A-8:G>A,5221682.0,9450266.0,0.22162071921793647
100019240|F|0-12:A>C-12:A>C,100033258|F|0-23:G>A-23:G>A,5221682.0,9597839.0,0.006942424282077663
100019240|F|0-12:A>C-12:A>C,100016832|F|0-65:T>A-65:T>A,5221682.0,9956473.0,0.013703796132338426
100019240|F|0-12:A>C-12:A>C,100015585|F|0-38:T>C-38:T>C,5221682.0,10530371.0,0.0002439108463435399
100019240|F|0-12:A>C-12:A>C,100032761|F|0-35:G>T-35:G>T,5221682.0,11013852.0,0.009774119232328439
100019240|F|0-12:A>C-12:A>C,100018106|F|0-5:T>C-5:T>C,5221682.0,11160342.0,0.007405075801671494
100019240|F|0-12:A>C-12:A>C,100029056|F|0-22:A>T-22:A>T,5221682.0,11582180.0,0.00726189252023218
100019240|F|0-12:A>C-12:A>C,100019200|F|0-60:C>T-60:C>T,5221682.0,11806800.0,0.023221646459345883
100019240|F|0-12:A>C-12:A>C,100017507|F|0-36:T>C-36:T>C,5221682.0,12067176.0,0.0014911658673952416
100019240|F|0-12:A>C-12:A>C,100015126|F|0-46:T>G-46:T>G,5221682.0,12238563.0,0.017536488567319746
100019240|F|0-12:A>C-12:A>C,100035996|F|0-47:A>G-47:A>G,5221682.0,12678333.0,0.0157399125394754
100019240|F|0-12:A>C-12:A>C,100041089|F|0-45:A>G-45:A>G,5221682.0,12678338.0,0.0157399125394754
100019240|F|0-12:A>C-12:A>C,100015053|F|0-21:C>T-21:C>T,5221682.0,12815706.0,0.0006067138648961914
100019240|F|0-12:A>C-12:A>C,100016297|F|0-36:A>G-36:A>G,5221682.0,12845233.0,0.014076915866575597
100019240|F|0-12:A>C-12:A>C,100016238|F|0-41:C>A-41:C>A,5221682.0,12849798.0,0.0031690197043068693
100019240|F|0-12:A>C-12:A>C,100016677|F|0-45:G>A-45:G>A,5221682.0,13416059.0,0.009357657978231656
100019240|F|0-12:A>C-12:A>C,100035421|F|0-6:T>A-6:T>A,5221682.0,13420106.0,0.002856709534677841
100019240|F|0-12:A>C-12:A>C,100015018|F|0-5:T>A-5:T>A,5221682.0,13421247.0,9.421871745735503e-05
100019240|F|0-12:A>C-12:A>C,100020103|F|0-18:T>C-18:T>C,5221682.0,13646039.0,0.035490561575373586
100019240|F|0-12:A>C-12:A>C,100014062|F|0-62:G>A-62:G>A,5221682.0,13646044.0,0.032020095532689426
100019240|F|0-12:A>C-12:A>C,100039121|F|0-17:A>G-17:A>G,5221682.0,13667695.0,0.026090592466941287
100019240|F|0-12:A>C-12:A>C,100018973|F|0-53:T>G-53:T>G,5221682.0,13667871.0,0.032020095532689447
100019240|F|0-12:A>C-12:A>C,100022289|F|0-10:A>G-10:A>G,5221682.0,13667876.0,0.02352498605185179
100019240|F|0-12:A>C-12:A>C,100015169|F|0-21:A>G-21:A>G,5221682.0,13718785.0,0.026031668801504575
100019240|F|0-12:A>C-12:A>C,100020673|F|0-43:T>A-43:T>A,5221682.0,13731316.0,0.012139712817638714
100019240|F|0-12:A>C-12:A>C,100015679|F|0-19:G>A-19:G>A,5221682.0,14080553.0,0.025113821496387165
100019240|F|0-12:A>C-12:A>C,100016059|F|0-15:A>T-15:A>T,5221682.0,14090473.0,5.535294435712143e-05
100019240|F|0-12:A>C-12:A>C,100019698|F|0-15:C>A-15:C>A,5221682.0,14160112.0,0.009177048261774703
100019240|F|0-12:A>C-12:A>C,100036115|F|0-39:C>T-39:C>T,5221682.0,14240591.0,0.03473662884453358
100019240|F|0-12:A>C-12:A>C,100035750|F|0-64:T>C-64:T>C,5221682.0,14346419.0,0.017613132494748832
100019240|F|0-12:A>C-12:A>C,100021715|F|0-7:C>A-7:C>A,5221682.0,14348921.0,0.0169059250276529
100019240|F|0-12:A>C-12:A>C,100040569|F|0-37:C>T-37:C>T,5221682.0,14351912.0,0.009640393748264316
100019240|F|0-12:A>C-12:A>C,100015147|F|0-16:C>G-16:C>G,5221682.0,14409032.0,0.004392522466091361
100019240|F|0-12:A>C-12:A>C,100030246|F|0-11:C>A-11:C>A,5221682.0,14458674.0,0.03715136740304687
100019240|F|0-12:A>C-12:A>C,100035083|F|0-24:G>C-24:G>C,5221682.0,14490822.0,0.001961051348375804
100019240|F|0-12:A>C-12:A>C,100013053|F|0-56:A>T-56:A>T,5221682.0,14502847.0,0.009320414910881028
100019240|F|0-12:A>C-12:A>C,100044112|F|0-18:T>G-18:T>G,5221682.0,14593733.0,0.016659331037368892
100019240|F|0-12:A>C-12:A>C,100041853|F|0-21:T>C-21:T>C,5221682.0,14595838.0,0.0013235604910757268
100019240|F|0-12:A>C-12:A>C,100033723|F|0-20:T>C-20:T>C,5221682.0,14595843.0,0.0008867717490029917
100019240|F|0-12:A>C-12:A>C,100017564|F|0-8:A>T-8:A>T,5221682.0,14625545.0,0.0026093839908188075
100019240|F|0-12:A>C-12:A>C,100057963|F|0-26:C>T-26:C>T,5221682.0,14656009.0,0.0004442293439200189
100019240|F|0-12:A>C-12:A>C,100019295|F|0-19:G>T-19:G>T,5221682.0,14656014.0,3.270330493910832e-05
100019240|F|0-12:A>C-12:A>C,100035362|F|0-6:C>A-6:C>A,5221682.0,14658473.0,0.0013287578844105204
100019240|F|0-12:A>C-12:A>C,100014679|F|0-16:C>A-16:C>A,5221682.0,14859822.0,0.0006060147549450836
100019240|F|0-12:A>C-12:A>C,100021838|F|0-57:A>G-57:A>G,5221682.0,14928961.0,0.04496654909201872
100019240|F|0-12:A>C-12:A>C,100046294|F|0-6:C>G-6:C>G,5221682.0,15124860.0,0.01888621403447248
100019240|F|0-12:A>C-12:A>C,100045141|F|0-49:C>T-49:C>T,5221682.0,15225158.0,0.008722333546057367
100019240|F|0-12:A>C-12:A>C,100043254|F|0-7:C>G-7:C>G,5221682.0,15229542.0,0.005892782082924662
100019240|F|0-12:A>C-12:A>C,100013673|F|0-63:C>A-63:C>A,5221682.0,15256237.0,0.01211994505169635
100019240|F|0-12:A>C-12:A>C,100016806|F|0-26:T>A-26:T>A,5221682.0,15351778.0,0.001527618519987659
100019240|F|0-12:A>C-12:A>C,100033542|F|0-31:T>C-31:T>C,5221682.0,15394673.0,0.008949470168466742
100019240|F|0-12:A>C-12:A>C,100029793|F|0-30:G>A-30:G>A,5221682.0,15400977.0,0.0025993642370318922
100019240|F|0-12:A>C-12:A>C,100021703|F|0-41:T>C-41:T>C,5221682.0,15431799.0,0.0048806825084842555
100019240|F|0-12:A>C-12:A>C,100017056|F|0-15:G>A-15:G>A,5221682.0,15535069.0,0.035667953475881
100019240|F|0-12:A>C-12:A>C,100021184|F|0-17:T>G-17:T>G,5221682.0,15536283.0,0.035667953475881
100019240|F|0-12:A>C-12:A>C,100044126|F|0-46:C>T-46:C>T,5221682.0,15556197.0,0.008140289155534377
100019240|F|0-12:A>C-12:A>C,100017834|F|0-8:C>T-8:C>T,5221682.0,15619447.0,0.007360464760627138
100019240|F|0-12:A>C-12:A>C,100020292|F|0-58:T>C-58:T>C,5221682.0,15819325.0,0.027049369807383386
100019240|F|0-12:A>C-12:A>C,100015600|F|0-30:C>A-30:C>A,5221682.0,15832699.0,0.02845385719760246
100019240|F|0-12:A>C-12:A>C,100049389|F|0-23:C>A-23:C>A,5221682.0,15838578.0,0.02634234500215319
100019240|F|0-12:A>C-12:A>C,100038568|F|0-15:C>T-15:C>T,5221682.0,15839422.0,0.02845385719760246
100019240|F|0-12:A>C-12:A>C,100018705|F|0-34:T>C-34:T>C,5221682.0,15915251.0,0.014577047600374173
100019240|F|0-12:A>C-12:A>C,100019856|F|0-16:C>T-16:C>T,5221682.0,15948596.0,0.1188900580816823
100019240|F|0-12:A>C-12:A>C,100034716|F|0-53:A>G-53:A>G,5221682.0,15958067.0,0.0010455677576152286
100019240|F|0-12:A>C-12:A>C,100021071|F|0-60:A>G-60:A>G,5221682.0,15967627.0,0.0007606045579454137
100019240|F|0-12:A>C-12:A>C,100020211|F|0-33:C>A-33:C>A,5221682.0,15977146.0,0.0012997224430757522
100019240|F|0-12:A>C-12:A>C,100013484|F|0-22:G>A-22:G>A,5221682.0,16177456.0,0.0021913368136451086
100019240|F|0-12:A>C-12:A>C,100021316|F|0-63:C>A-63:C>A,5221682.0,16179198.0,0.0008099312914285778
100019240|F|0-12:A>C-12:A>C,100017187|F|0-41:T>C-41:T>C,5221682.0,16245982.0,0.0053209235528059945
100019240|F|0-12:A>C-12:A>C,100029840|F|0-31:T>C-31:T>C,5221682.0,16252498.0,0.006555946974033756
100019240|F|0-12:A>C-12:A>C,100013453|F|0-6:G>A-6:G>A,5221682.0,16307679.0,0.006547353768733473
100019240|F|0-12:A>C-12:A>C,100016783|F|0-52:G>T-52:G>T,5221682.0,16317524.0,0.007255182291626502
100019240|F|0-12:A>C-12:A>C,100014400|F|0-16:A>T-16:A>T,5221682.0,16381041.0,0.00259418221606435
100019240|F|0-12:A>C-12:A>C,100016625|F|0-16:T>C-16:T>C,5221682.0,16411184.0,0.009481332061307886
100019240|F|0-12:A>C-12:A>C,100015226|F|0-25:T>A-25:T>A,5221682.0,16581877.0,0.04623714637074134
100019240|F|0-12:A>C-12:A>C,100017539|F|0-11:A>T-11:A>T,5221682.0,16662610.0,0.014632421000565535
100019240|F|0-12:A>C-12:A>C,100033601|F|0-15:C>A-15:C>A,5221682.0,16769146.0,0.050970827110082446
100019240|F|0-12:A>C-12:A>C,100039949|F|0-62:A>T-62:A>T,5221682.0,16793350.0,0.05246740174932836
100019240|F|0-12:A>C-12:A>C,100035334|F|0-35:T>C-35:T>C,5221682.0,16832622.0,0.07099621715158849
100019240|F|0-12:A>C-12:A>C,100021345|F|0-28:C>T-28:C>T,5221682.0,16899147.0,0.03796131221962043
100019240|F|0-12:A>C-12:A>C,100022139|F|0-65:T>C-65:T>C,5221682.0,16965771.0,0.03362091432690067
100019240|F|0-12:A>C-12:A>C,100044804|F|0-53:G>C-53:G>C,5221682.0,16968917.0,0.010664062190559211
100019240|F|0-12:A>C-12:A>C,100030290|F|0-11:A>C-11:A>C,5221682.0,16971407.0,0.03362091432690067
100019240|F|0-12:A>C-12:A>C,100017336|F|0-39:A>G-39:A>G,5221682.0,16987827.0,0.00013037813369745768
100019240|F|0-12:A>C-12:A>C,100029568|F|0-9:T>G-9:T>G,5221682.0,16988131.0,0.03657943687969399
100019240|F|0-12:A>C-12:A>C,100034247|F|0-37:G>C-37:G>C,5221682.0,16999534.0,0.024844328374082104
100019240|F|0-12:A>C-12:A>C,100012983|F|0-45:A>T-45:A>T,5221682.0,17017248.0,0.045301805396160445
100019240|F|0-12:A>C-12:A>C,100020033|F|0-7:G>A-7:G>A,5221682.0,17020316.0,0.0003187162624660999
100019240|F|0-12:A>C-12:A>C,100018782|F|0-63:C>T-63:C>T,5221682.0,17424649.0,0.017034438636076694
100019240|F|0-12:A>C-12:A>C,100019630|F|0-24:A>T-24:A>T,5221682.0,17521232.0,0.008431918393642232
100019240|F|0-12:A>C-12:A>C,100021757|F|0-47:G>A-47:G>A,5221682.0,17521694.0,0.010545133169967497
100019240|F|0-12:A>C-12:A>C,100038944|F|0-45:C>T-45:C>T,5221682.0,17607936.0,0.009450047701299402
100019240|F|0-12:A>C-12:A>C,100047378|F|0-35:C>T-35:C>T,5221682.0,17706505.0,0.0013620781100270045
100019240|F|0-12:A>C-12:A>C,100029543|F|0-46:T>C-46:T>C,5221682.0,18278899.0,0.0005278694000799616
100019240|F|0-12:A>C-12:A>C,100021798|F|0-27:T>C-27:T>C,5221682.0,18732658.0,0.006495623059860875
100019240|F|0-12:A>C-12:A>C,100017716|F|0-8:C>T-8:C>T,5221682.0,18851585.0,0.004754403750010819
100039010|F|0-12:C>T-12:C>T,100034526|F|0-38:G>A-38:G>A,5826827.0,5829779.0,0.008522769749482293
100039010|F|0-12:C>T-12:C>T,100040746|F|0-42:G>A-42:G>A,5826827.0,5944865.0,0.013324184301650194
100039010|F|0-12:C>T-12:C>T,100021961|F|0-53:A>T-53:A>T,5826827.0,6058253.0,0.00929475959013856
100039010|F|0-12:C>T-12:C>T,100014327|F|0-12:T>C-12:T>C,5826827.0,6588263.0,0.00028165308004567737
100039010|F|0-12:C>T-12:C>T,100044383|F|0-11:A>T-11:A>T,5826827.0,6629814.0,0.008336720732868017
100039010|F|0-12:C>T-12:C>T,100017856|F|0-8:G>C-8:G>C,5826827.0,6634620.0,0.0029476162411199154
100039010|F|0-12:C>T-12:C>T,100058672|F|0-30:C>T-30:C>T,5826827.0,7170197.0,0.021132907994421083
100039010|F|0-12:C>T-12:C>T,100016006|F|0-20:G>A-20:G>A,5826827.0,7243813.0,0.02985965959988066
100039010|F|0-12:C>T-12:C>T,100014225|F|0-25:G>A-25:G>A,5826827.0,7752093.0,0.006579315938696578
100039010|F|0-12:C>T-12:C>T,100019858|F|0-55:G>C-55:G>C,5826827.0,7879011.0,3.64534443948274e-05
100039010|F|0-12:C>T-12:C>T,100020367|F|0-37:A>T-37:A>T,5826827.0,8687209.0,0.00897178609373158
100039010|F|0-12:C>T-12:C>T,100017575|F|0-33:C>A-33:C>A,5826827.0,8708407.0,0.06448451355393134
100039010|F|0-12:C>T-12:C>T,100021965|F|0-19:C>T-19:C>T,5826827.0,9286898.0,0.01268797440024381
100039010|F|0-12:C>T-12:C>T,100022176|F|0-8:G>A-8:G>A,5826827.0,9450266.0,0.007285280286549317
100039010|F|0-12:C>T-12:C>T,100033258|F|0-23:G>A-23:G>A,5826827.0,9597839.0,0.005290418348114669
100039010|F|0-12:C>T-12:C>T,100016832|F|0-65:T>A-65:T>A,5826827.0,9956473.0,0.033277946170982044
100039010|F|0-12:C>T-12:C>T,100015585|F|0-38:T>C-38:T>C,5826827.0,10530371.0,4.8985690055292624e-05
100039010|F|0-12:C>T-12:C>T,100032761|F|0-35:G>T-35:G>T,5826827.0,11013852.0,0.011812861349241612
100039010|F|0-12:C>T-12:C>T,100018106|F|0-5:T>C-5:T>C,5826827.0,11160342.0,0.01408947057379249
100039010|F|0-12:C>T-12:C>T,100029056|F|0-22:A>T-22:A>T,5826827.0,11582180.0,0.014302589151741528
100039010|F|0-12:C>T-12:C>T,100019200|F|0-60:C>T-60:C>T,5826827.0,11806800.0,0.011170156514382414
100039010|F|0-12:C>T-12:C>T,100017507|F|0-36:T>C-36:T>C,5826827.0,12067176.0,0.09568771244178916
100039010|F|0-12:C>T-12:C>T,100015126|F|0-46:T>G-46:T>G,5826827.0,12238563.0,0.00932728375430659
100039010|F|0-12:C>T-12:C>T,100035996|F|0-47:A>G-47:A>G,5826827.0,12678333.0,0.0029967951583771716
100039010|F|0-12:C>T-12:C>T,100041089|F|0-45:A>G-45:A>G,5826827.0,12678338.0,0.0029967951583771716
100039010|F|0-12:C>T-12:C>T,100015053|F|0-21:C>T-21:C>T,5826827.0,12815706.0,0.010867778534440193
100039010|F|0-12:C>T-12:C>T,100016297|F|0-36:A>G-36:A>G,5826827.0,12845233.0,0.0493193354868482
100039010|F|0-12:C>T-12:C>T,100016238|F|0-41:C>A-41:C>A,5826827.0,12849798.0,0.03671713943226136
100039010|F|0-12:C>T-12:C>T,100016677|F|0-45:G>A-45:G>A,5826827.0,13416059.0,0.022658868456845577
100039010|F|0-12:C>T-12:C>T,100035421|F|0-6:T>A-6:T>A,5826827.0,13420106.0,0.004709822596682182
100039010|F|0-12:C>T-12:C>T,100015018|F|0-5:T>A-5:T>A,5826827.0,13421247.0,0.0018608301581072618
100039010|F|0-12:C>T-12:C>T,100020103|F|0-18:T>C-18:T>C,5826827.0,13646039.0,0.139924945187198
100039010|F|0-12:C>T-12:C>T,100014062|F|0-62:G>A-62:G>A,5826827.0,13646044.0,0.12836294416243677
100039010|F|0-12:C>T-12:C>T,100039121|F|0-17:A>G-17:A>G,5826827.0,13667695.0,0.14442443098084196
100039010|F|0-12:C>T-12:C>T,100018973|F|0-53:T>G-53:T>G,5826827.0,13667871.0,0.12836294416243677
100039010|F|0-12:C>T-12:C>T,100022289|F|0-10:A>G-10:A>G,5826827.0,13667876.0,0.13395528184364672
100039010|F|0-12:C>T-12:C>T,100015169|F|0-21:A>G-21:A>G,5826827.0,13718785.0,0.2497769223252533
100039010|F|0-12:C>T-12:C>T,100020673|F|0-43:T>A-43:T>A,5826827.0,13731316.0,0.2295460281330648
100039010|F|0-12:C>T-12:C>T,100015679|F|0-19:G>A-19:G>A,5826827.0,14080553.0,0.007851917738893105
100039010|F|0-12:C>T-12:C>T,100016059|F|0-15:A>T-15:A>T,5826827.0,14090473.0,4.517927134871337e-06
100039010|F|0-12:C>T-12:C>T,100019698|F|0-15:C>A-15:C>A,5826827.0,14160112.0,0.058391675697256555
100039010|F|0-12:C>T-12:C>T,100036115|F|0-39:C>T-39:C>T,5826827.0,14240591.0,1.9800500114269032e-05
100039010|F|0-12:C>T-12:C>T,100035750|F|0-64:T>C-64:T>C,5826827.0,14346419.0,0.0014023132373733804
100039010|F|0-12:C>T-12:C>T,100021715|F|0-7:C>A-7:C>A,5826827.0,14348921.0,1.9555947464644164e-05
100039010|F|0-12:C>T-12:C>T,100040569|F|0-37:C>T-37:C>T,5826827.0,14351912.0,0.00215086974816248
100039010|F|0-12:C>T-12:C>T,100015147|F|0-16:C>G-16:C>G,5826827.0,14409032.0,0.0001400465844579933
100039010|F|0-12:C>T-12:C>T,100030246|F|0-11:C>A-11:C>A,5826827.0,14458674.0,0.005485759321383588
100039010|F|0-12:C>T-12:C>T,100035083|F|0-24:G>C-24:G>C,5826827.0,14490822.0,0.08855713750990096
100039010|F|0-12:C>T-12:C>T,100013053|F|0-56:A>T-56:A>T,5826827.0,14502847.0,0.09744510598458134
100039010|F|0-12:C>T-12:C>T,100044112|F|0-18:T>G-18:T>G,5826827.0,14593733.0,0.0038272500201434172
100039010|F|0-12:C>T-12:C>T,100041853|F|0-21:T>C-21:T>C,5826827.0,14595838.0,0.005945411036726421
100039010|F|0-12:C>T-12:C>T,100033723|F|0-20:T>C-20:T>C,5826827.0,14595843.0,0.00026865043594896285
100039010|F|0-12:C>T-12:C>T,100017564|F|0-8:A>T-8:A>T,5826827.0,14625545.0,0.00010270971040426477
100039010|F|0-12:C>T-12:C>T,100057963|F|0-26:C>T-26:C>T,5826827.0,14656009.0,0.0002266134880348082
100039010|F|0-12:C>T-12:C>T,100019295|F|0-19:G>T-19:G>T,5826827.0,14656014.0,0.0017855717351390114
100039010|F|0-12:C>T-12:C>T,100035362|F|0-6:C>A-6:C>A,5826827.0,14658473.0,0.00013025026140503745
100039010|F|0-12:C>T-12:C>T,100014679|F|0-16:C>A-16:C>A,5826827.0,14859822.0,0.00857854431935266
100039010|F|0-12:C>T-12:C>T,100021838|F|0-57:A>G-57:A>G,5826827.0,14928961.0,0.01942927393038435
100039010|F|0-12:C>T-12:C>T,100046294|F|0-6:C>G-6:C>G,5826827.0,15124860.0,0.01204659802515638
100039010|F|0-12:C>T-12:C>T,100045141|F|0-49:C>T-49:C>T,5826827.0,15225158.0,0.004082983888766272
100039010|F|0-12:C>T-12:C>T,100043254|F|0-7:C>G-7:C>G,5826827.0,15229542.0,0.0059544075770707
100039010|F|0-12:C>T-12:C>T,100013673|F|0-63:C>A-63:C>A,5826827.0,15256237.0,0.012452259320567951
100039010|F|0-12:C>T-12:C>T,100016806|F|0-26:T>A-26:T>A,5826827.0,15351778.0,0.0014733259013128667
100039010|F|0-12:C>T-12:C>T,100033542|F|0-31:T>C-31:T>C,5826827.0,15394673.0,0.000849534160400471
100039010|F|0-12:C>T-12:C>T,100029793|F|0-30:G>A-30:G>A,5826827.0,15400977.0,0.001126754085920758
100039010|F|0-12:C>T-12:C>T,100021703|F|0-41:T>C-41:T>C,5826827.0,15431799.0,0.0001534716163824318
100039010|F|0-12:C>T-12:C>T,100017056|F|0-15:G>A-15:G>A,5826827.0,15535069.0,0.00018457937666581929
100039010|F|0-12:C>T-12:C>T,100021184|F|0-17:T>G-17:T>G,5826827.0,15536283.0,0.00018457937666581929
100039010|F|0-12:C>T-12:C>T,100044126|F|0-46:C>T-46:C>T,5826827.0,15556197.0,0.019767668879344003
100039010|F|0-12:C>T-12:C>T,100017834|F|0-8:C>T-8:C>T,5826827.0,15619447.0,0.003638722137384394
100039010|F|0-12:C>T-12:C>T,100020292|F|0-58:T>C-58:T>C,5826827.0,15819325.0,0.004953177421362166
100039010|F|0-12:C>T-12:C>T,100015600|F|0-30:C>A-30:C>A,5826827.0,15832699.0,0.00600307122396108
100039010|F|0-12:C>T-12:C>T,100049389|F|0-23:C>A-23:C>A,5826827.0,15838578.0,0.004369566052933333
100039010|F|0-12:C>T-12:C>T,100038568|F|0-15:C>T-15:C>T,5826827.0,15839422.0,0.00600307122396108
100039010|F|0-12:C>T-12:C>T,100018705|F|0-34:T>C-34:T>C,5826827.0,15915251.0,1.955594746464385e-05
100039010|F|0-12:C>T-12:C>T,100019856|F|0-16:C>T-16:C>T,5826827.0,15948596.0,0.005523499981740492
100039010|F|0-12:C>T-12:C>T,100034716|F|0-53:A>G-53:A>G,5826827.0,15958067.0,0.004903188887718482
100039010|F|0-12:C>T-12:C>T,100021071|F|0-60:A>G-60:A>G,5826827.0,15967627.0,0.00607529228012955
100039010|F|0-12:C>T-12:C>T,100020211|F|0-33:C>A-33:C>A,5826827.0,15977146.0,0.0015481995409567545
100039010|F|0-12:C>T-12:C>T,100013484|F|0-22:G>A-22:G>A,5826827.0,16177456.0,0.005256610120030409
100039010|F|0-12:C>T-12:C>T,100021316|F|0-63:C>A-63:C>A,5826827.0,16179198.0,0.017611034058712772
100039010|F|0-12:C>T-12:C>T,100017187|F|0-41:T>C-41:T>C,5826827.0,16245982.0,0.02159343274111676
100039010|F|0-12:C>T-12:C>T,100029840|F|0-31:T>C-31:T>C,5826827.0,16252498.0,0.008749740795764111
100039010|F|0-12:C>T-12:C>T,100013453|F|0-6:G>A-6:G>A,5826827.0,16307679.0,0.00515565863034561
100039010|F|0-12:C>T-12:C>T,100016783|F|0-52:G>T-52:G>T,5826827.0,16317524.0,0.005189669269595572
100039010|F|0-12:C>T-12:C>T,100014400|F|0-16:A>T-16:A>T,5826827.0,16381041.0,0.01540412857148029
100039010|F|0-12:C>T-12:C>T,100016625|F|0-16:T>C-16:T>C,5826827.0,16411184.0,0.01540412857148029
100039010|F|0-12:C>T-12:C>T,100015226|F|0-25:T>A-25:T>A,5826827.0,16581877.0,0.07973105722043279
100039010|F|0-12:C>T-12:C>T,100017539|F|0-11:A>T-11:A>T,5826827.0,16662610.0,0.013792088559432045
100039010|F|0-12:C>T-12:C>T,100033601|F|0-15:C>A-15:C>A,5826827.0,16769146.0,0.023516647703384217
100039010|F|0-12:C>T-12:C>T,100039949|F|0-62:A>T-62:A>T,5826827.0,16793350.0,0.022963500120860545
100039010|F|0-12:C>T-12:C>T,100035334|F|0-35:T>C-35:T>C,5826827.0,16832622.0,0.02352633979285726
100039010|F|0-12:C>T-12:C>T,100021345|F|0-28:C>T-28:C>T,5826827.0,16899147.0,0.026294805220063482
100039010|F|0-12:C>T-12:C>T,100022139|F|0-65:T>C-65:T>C,5826827.0,16965771.0,0.0009211694019499143
100039010|F|0-12:C>T-12:C>T,100044804|F|0-53:G>C-53:G>C,5826827.0,16968917.0,0.014620237683799777
100039010|F|0-12:C>T-12:C>T,100030290|F|0-11:A>C-11:A>C,5826827.0,16971407.0,0.0009211694019499143
100039010|F|0-12:C>T-12:C>T,100017336|F|0-39:A>G-39:A>G,5826827.0,16987827.0,0.024246372995044937
100039010|F|0-12:C>T-12:C>T,100029568|F|0-9:T>G-9:T>G,5826827.0,16988131.0,0.0011100634791856262
100039010|F|0-12:C>T-12:C>T,100034247|F|0-37:G>C-37:G>C,5826827.0,16999534.0,7.090407656889713e-05
100039010|F|0-12:C>T-12:C>T,100012983|F|0-45:A>T-45:A>T,5826827.0,17017248.0,0.005523499981740489
100039010|F|0-12:C>T-12:C>T,100020033|F|0-7:G>A-7:G>A,5826827.0,17020316.0,0.0014929829799940264
100039010|F|0-12:C>T-12:C>T,100018782|F|0-63:C>T-63:C>T,5826827.0,17424649.0,0.001279003580247592
100039010|F|0-12:C>T-12:C>T,100019630|F|0-24:A>T-24:A>T,5826827.0,17521232.0,0.015794587714067724
100039010|F|0-12:C>T-12:C>T,100021757|F|0-47:G>A-47:G>A,5826827.0,17521694.0,0.009472443799854962
100039010|F|0-12:C>T-12:C>T,100038944|F|0-45:C>T-45:C>T,5826827.0,17607936.0,0.0016110213305259176
100039010|F|0-12:C>T-12:C>T,100047378|F|0-35:C>T-35:C>T,5826827.0,17706505.0,0.0006661833394452909
100039010|F|0-12:C>T-12:C>T,100029543|F|0-46:T>C-46:T>C,5826827.0,18278899.0,0.0008186412255257471
100039010|F|0-12:C>T-12:C>T,100021798|F|0-27:T>C-27:T>C,5826827.0,18732658.0,0.005273003170054147
100039010|F|0-12:C>T-12:C>T,100017716|F|0-8:C>T-8:C>T,5826827.0,18851585.0,0.008230068677217074
100034526|F|0-38:G>A-38:G>A,100040746|F|0-42:G>A-42:G>A,5829779.0,5944865.0,0.007982160683030448
100034526|F|0-38:G>A-38:G>A,100021961|F|0-53:A>T-53:A>T,5829779.0,6058253.0,0.04992763191305673
100034526|F|0-38:G>A-38:G>A,100014327|F|0-12:T>C-12:T>C,5829779.0,6588263.0,0.05680229666617998
100034526|F|0-38:G>A-38:G>A,100044383|F|0-11:A>T-11:A>T,5829779.0,6629814.0,0.09428296930885727
100034526|F|0-38:G>A-38:G>A,100017856|F|0-8:G>C-8:G>C,5829779.0,6634620.0,0.10546509425809801
100034526|F|0-38:G>A-38:G>A,100058672|F|0-30:C>T-30:C>T,5829779.0,7170197.0,0.03351221673254499
100034526|F|0-38:G>A-38:G>A,100016006|F|0-20:G>A-20:G>A,5829779.0,7243813.0,0.0031296023564064703
100034526|F|0-38:G>A-38:G>A,100014225|F|0-25:G>A-25:G>A,5829779.0,7752093.0,0.39065596210979714
100034526|F|0-38:G>A-38:G>A,100019858|F|0-55:G>C-55:G>C,5829779.0,7879011.0,0.1345322485543473
100034526|F|0-38:G>A-38:G>A,100020367|F|0-37:A>T-37:A>T,5829779.0,8687209.0,0.0007320957632633442
100034526|F|0-38:G>A-38:G>A,100017575|F|0-33:C>A-33:C>A,5829779.0,8708407.0,0.007810256112540413
100034526|F|0-38:G>A-38:G>A,100021965|F|0-19:C>T-19:C>T,5829779.0,9286898.0,0.029248190833556686
100034526|F|0-38:G>A-38:G>A,100022176|F|0-8:G>A-8:G>A,5829779.0,9450266.0,0.010587013624568825
100034526|F|0-38:G>A-38:G>A,100033258|F|0-23:G>A-23:G>A,5829779.0,9597839.0,0.003328793180377152
100034526|F|0-38:G>A-38:G>A,100016832|F|0-65:T>A-65:T>A,5829779.0,9956473.0,5.959885994002988e-05
100034526|F|0-38:G>A-38:G>A,100015585|F|0-38:T>C-38:T>C,5829779.0,10530371.0,0.055343308029440916
100034526|F|0-38:G>A-38:G>A,100032761|F|0-35:G>T-35:G>T,5829779.0,11013852.0,0.0005141847127239737
100034526|F|0-38:G>A-38:G>A,100018106|F|0-5:T>C-5:T>C,5829779.0,11160342.0,0.02013657764428932
100034526|F|0-38:G>A-38:G>A,100029056|F|0-22:A>T-22:A>T,5829779.0,11582180.0,0.006225131562058779
100034526|F|0-38:G>A-38:G>A,100019200|F|0-60:C>T-60:C>T,5829779.0,11806800.0,5.992651570937711e-05
100034526|F|0-38:G>A-38:G>A,100017507|F|0-36:T>C-36:T>C,5829779.0,12067176.0,0.04107908558916678
100034526|F|0-38:G>A-38:G>A,100015126|F|0-46:T>G-46:T>G,5829779.0,12238563.0,0.001514156774372902
100034526|F|0-38:G>A-38:G>A,100035996|F|0-47:A>G-47:A>G,5829779.0,12678333.0,0.06413410289117855
100034526|F|0-38:G>A-38:G>A,100041089|F|0-45:A>G-45:A>G,5829779.0,12678338.0,0.06413410289117855
100034526|F|0-38:G>A-38:G>A,100015053|F|0-21:C>T-21:C>T,5829779.0,12815706.0,0.038886435760582955
100034526|F|0-38:G>A-38:G>A,100016297|F|0-36:A>G-36:A>G,5829779.0,12845233.0,0.07949524702102025
100034526|F|0-38:G>A-38:G>A,100016238|F|0-41:C>A-41:C>A,5829779.0,12849798.0,0.08061478345399196
100034526|F|0-38:G>A-38:G>A,100016677|F|0-45:G>A-45:G>A,5829779.0,13416059.0,0.027927373442068033
100034526|F|0-38:G>A-38:G>A,100035421|F|0-6:T>A-6:T>A,5829779.0,13420106.0,0.00011861743315670281
100034526|F|0-38:G>A-38:G>A,100015018|F|0-5:T>A-5:T>A,5829779.0,13421247.0,0.00036742336598366896
100034526|F|0-38:G>A-38:G>A,100020103|F|0-18:T>C-18:T>C,5829779.0,13646039.0,0.021850173204173463
100034526|F|0-38:G>A-38:G>A,100014062|F|0-62:G>A-62:G>A,5829779.0,13646044.0,0.014222596254996894
100034526|F|0-38:G>A-38:G>A,100039121|F|0-17:A>G-17:A>G,5829779.0,13667695.0,0.016369728074967872
100034526|F|0-38:G>A-38:G>A,100018973|F|0-53:T>G-53:T>G,5829779.0,13667871.0,0.014222596254996901
100034526|F|0-38:G>A-38:G>A,100022289|F|0-10:A>G-10:A>G,5829779.0,13667876.0,0.02027326638820511
100034526|F|0-38:G>A-38:G>A,100015169|F|0-21:A>G-21:A>G,5829779.0,13718785.0,0.03374464503941524
100034526|F|0-38:G>A-38:G>A,100020673|F|0-43:T>A-43:T>A,5829779.0,13731316.0,0.029248190833556696
100034526|F|0-38:G>A-38:G>A,100015679|F|0-19:G>A-19:G>A,5829779.0,14080553.0,0.0007519499530587576
100034526|F|0-38:G>A-38:G>A,100016059|F|0-15:A>T-15:A>T,5829779.0,14090473.0,0.008221323241550307
100034526|F|0-38:G>A-38:G>A,100019698|F|0-15:C>A-15:C>A,5829779.0,14160112.0,0.0008697936489550098
100034526|F|0-38:G>A-38:G>A,100036115|F|0-39:C>T-39:C>T,5829779.0,14240591.0,0.00027105933046933656
100034526|F|0-38:G>A-38:G>A,100035750|F|0-64:T>C-64:T>C,5829779.0,14346419.0,0.032717079912038274
100034526|F|0-38:G>A-38:G>A,100021715|F|0-7:C>A-7:C>A,5829779.0,14348921.0,0.017019199821138822
100034526|F|0-38:G>A-38:G>A,100040569|F|0-37:C>T-37:C>T,5829779.0,14351912.0,0.000877938040431903
100034526|F|0-38:G>A-38:G>A,100015147|F|0-16:C>G-16:C>G,5829779.0,14409032.0,0.004051192978539094
100034526|F|0-38:G>A-38:G>A,100030246|F|0-11:C>A-11:C>A,5829779.0,14458674.0,0.016902823806565274
100034526|F|0-38:G>A-38:G>A,100035083|F|0-24:G>C-24:G>C,5829779.0,14490822.0,0.025332740917843252
100034526|F|0-38:G>A-38:G>A,100013053|F|0-56:A>T-56:A>T,5829779.0,14502847.0,0.001657909368328574
100034526|F|0-38:G>A-38:G>A,100044112|F|0-18:T>G-18:T>G,5829779.0,14593733.0,0.004996844098464107
100034526|F|0-38:G>A-38:G>A,100041853|F|0-21:T>C-21:T>C,5829779.0,14595838.0,0.0082122046487802
100034526|F|0-38:G>A-38:G>A,100033723|F|0-20:T>C-20:T>C,5829779.0,14595843.0,0.023075823933471323
100034526|F|0-38:G>A-38:G>A,100017564|F|0-8:A>T-8:A>T,5829779.0,14625545.0,0.0016952564605164208
100034526|F|0-38:G>A-38:G>A,100057963|F|0-26:C>T-26:C>T,5829779.0,14656009.0,0.03726082357341559
100034526|F|0-38:G>A-38:G>A,100019295|F|0-19:G>T-19:G>T,5829779.0,14656014.0,0.005703175344925542
100034526|F|0-38:G>A-38:G>A,100035362|F|0-6:C>A-6:C>A,5829779.0,14658473.0,0.020369248727479597
100034526|F|0-38:G>A-38:G>A,100014679|F|0-16:C>A-16:C>A,5829779.0,14859822.0,0.0008742763073091936
100034526|F|0-38:G>A-38:G>A,100021838|F|0-57:A>G-57:A>G,5829779.0,14928961.0,0.006121134020618558
100034526|F|0-38:G>A-38:G>A,100046294|F|0-6:C>G-6:C>G,5829779.0,15124860.0,0.02343721572248393
100034526|F|0-38:G>A-38:G>A,100045141|F|0-49:C>T-49:C>T,5829779.0,15225158.0,0.0015060684043203046
100034526|F|0-38:G>A-38:G>A,100043254|F|0-7:C>G-7:C>G,5829779.0,15229542.0,0.0006824957793024162
100034526|F|0-38:G>A-38:G>A,100013673|F|0-63:C>A-63:C>A,5829779.0,15256237.0,0.0006965506352015451
100034526|F|0-38:G>A-38:G>A,100016806|F|0-26:T>A-26:T>A,5829779.0,15351778.0,0.0064297568542727125
100034526|F|0-38:G>A-38:G>A,100033542|F|0-31:T>C-31:T>C,5829779.0,15394673.0,0.01982030567285309
100034526|F|0-38:G>A-38:G>A,100029793|F|0-30:G>A-30:G>A,5829779.0,15400977.0,0.0018421934861906387
100034526|F|0-38:G>A-38:G>A,100021703|F|0-41:T>C-41:T>C,5829779.0,15431799.0,0.010487264635432291
100034526|F|0-38:G>A-38:G>A,100017056|F|0-15:G>A-15:G>A,5829779.0,15535069.0,0.004167864817498985
100034526|F|0-38:G>A-38:G>A,100021184|F|0-17:T>G-17:T>G,5829779.0,15536283.0,0.004167864817498985
100034526|F|0-38:G>A-38:G>A,100044126|F|0-46:C>T-46:C>T,5829779.0,15556197.0,3.540274158830737e-05
100034526|F|0-38:G>A-38:G>A,100017834|F|0-8:C>T-8:C>T,5829779.0,15619447.0,0.004372317089407511
100034526|F|0-38:G>A-38:G>A,100020292|F|0-58:T>C-58:T>C,5829779.0,15819325.0,3.841299035142806e-07
100034526|F|0-38:G>A-38:G>A,100015600|F|0-30:C>A-30:C>A,5829779.0,15832699.0,0.00014523203515054398
100034526|F|0-38:G>A-38:G>A,100049389|F|0-23:C>A-23:C>A,5829779.0,15838578.0,4.3678064016556444e-05
100034526|F|0-38:G>A-38:G>A,100038568|F|0-15:C>T-15:C>T,5829779.0,15839422.0,0.00014523203515054398
100034526|F|0-38:G>A-38:G>A,100018705|F|0-34:T>C-34:T>C,5829779.0,15915251.0,0.017259750899745428
100034526|F|0-38:G>A-38:G>A,100019856|F|0-16:C>T-16:C>T,5829779.0,15948596.0,0.01113174261768787
100034526|F|0-38:G>A-38:G>A,100034716|F|0-53:A>G-53:A>G,5829779.0,15958067.0,0.013830919905472784
100034526|F|0-38:G>A-38:G>A,100021071|F|0-60:A>G-60:A>G,5829779.0,15967627.0,0.018719303740528687
100034526|F|0-38:G>A-38:G>A,100020211|F|0-33:C>A-33:C>A,5829779.0,15977146.0,0.02047910443843307
100034526|F|0-38:G>A-38:G>A,100013484|F|0-22:G>A-22:G>A,5829779.0,16177456.0,0.022616160412103754
100034526|F|0-38:G>A-38:G>A,100021316|F|0-63:C>A-63:C>A,5829779.0,16179198.0,0.022243476753697332
100034526|F|0-38:G>A-38:G>A,100017187|F|0-41:T>C-41:T>C,5829779.0,16245982.0,0.012912486192930804
100034526|F|0-38:G>A-38:G>A,100029840|F|0-31:T>C-31:T>C,5829779.0,16252498.0,0.013875473576550671
100034526|F|0-38:G>A-38:G>A,100013453|F|0-6:G>A-6:G>A,5829779.0,16307679.0,0.0010250979650456651
100034526|F|0-38:G>A-38:G>A,100016783|F|0-52:G>T-52:G>T,5829779.0,16317524.0,0.002058435605998501
100034526|F|0-38:G>A-38:G>A,100014400|F|0-16:A>T-16:A>T,5829779.0,16381041.0,0.040563194585135874
100034526|F|0-38:G>A-38:G>A,100016625|F|0-16:T>C-16:T>C,5829779.0,16411184.0,0.04056319458513588
100034526|F|0-38:G>A-38:G>A,100015226|F|0-25:T>A-25:T>A,5829779.0,16581877.0,0.002571815108205835
100034526|F|0-38:G>A-38:G>A,100017539|F|0-11:A>T-11:A>T,5829779.0,16662610.0,0.03687372237936794
100034526|F|0-38:G>A-38:G>A,100033601|F|0-15:C>A-15:C>A,5829779.0,16769146.0,0.004439023364894973
100034526|F|0-38:G>A-38:G>A,100039949|F|0-62:A>T-62:A>T,5829779.0,16793350.0,0.0033312293989760855
100034526|F|0-38:G>A-38:G>A,100035334|F|0-35:T>C-35:T>C,5829779.0,16832622.0,0.0001365151381205571
100034526|F|0-38:G>A-38:G>A,100021345|F|0-28:C>T-28:C>T,5829779.0,16899147.0,0.00614493931237622
100034526|F|0-38:G>A-38:G>A,100022139|F|0-65:T>C-65:T>C,5829779.0,16965771.0,0.06032413571262689
100034526|F|0-38:G>A-38:G>A,100044804|F|0-53:G>C-53:G>C,5829779.0,16968917.0,0.009882653301504916
100034526|F|0-38:G>A-38:G>A,100030290|F|0-11:A>C-11:A>C,5829779.0,16971407.0,0.06032413571262689
100034526|F|0-38:G>A-38:G>A,100017336|F|0-39:A>G-39:A>G,5829779.0,16987827.0,0.0009291435807858727
100034526|F|0-38:G>A-38:G>A,100029568|F|0-9:T>G-9:T>G,5829779.0,16988131.0,0.03569758601933351
100034526|F|0-38:G>A-38:G>A,100034247|F|0-37:G>C-37:G>C,5829779.0,16999534.0,0.05002541698476781
100034526|F|0-38:G>A-38:G>A,100012983|F|0-45:A>T-45:A>T,5829779.0,17017248.0,0.00811206704739301
100034526|F|0-38:G>A-38:G>A,100020033|F|0-7:G>A-7:G>A,5829779.0,17020316.0,0.07736506973923582
100034526|F|0-38:G>A-38:G>A,100018782|F|0-63:C>T-63:C>T,5829779.0,17424649.0,3.191233044580221e-06
100034526|F|0-38:G>A-38:G>A,100019630|F|0-24:A>T-24:A>T,5829779.0,17521232.0,0.00017042444538664122
100034526|F|0-38:G>A-38:G>A,100021757|F|0-47:G>A-47:G>A,5829779.0,17521694.0,4.542585544058309e-05
100034526|F|0-38:G>A-38:G>A,100038944|F|0-45:C>T-45:C>T,5829779.0,17607936.0,0.004631295926288384
100034526|F|0-38:G>A-38:G>A,100047378|F|0-35:C>T-35:C>T,5829779.0,17706505.0,0.0026474923982371815
100034526|F|0-38:G>A-38:G>A,100029543|F|0-46:T>C-46:T>C,5829779.0,18278899.0,0.004027472780349256
100034526|F|0-38:G>A-38:G>A,100021798|F|0-27:T>C-27:T>C,5829779.0,18732658.0,0.01893020891143669
100034526|F|0-38:G>A-38:G>A,100017716|F|0-8:C>T-8:C>T,5829779.0,18851585.0,0.003129602356406469
100040746|F|0-42:G>A-42:G>A,100021961|F|0-53:A>T-53:A>T,5944865.0,6058253.0,0.22236161804865248
100040746|F|0-42:G>A-42:G>A,100014327|F|0-12:T>C-12:T>C,5944865.0,6588263.0,0.06289956580561316
100040746|F|0-42:G>A-42:G>A,100044383|F|0-11:A>T-11:A>T,5944865.0,6629814.0,0.014723189570280999
100040746|F|0-42:G>A-42:G>A,100017856|F|0-8:G>C-8:G>C,5944865.0,6634620.0,0.006221123400352251
100040746|F|0-42:G>A-42:G>A,100058672|F|0-30:C>T-30:C>T,5944865.0,7170197.0,0.014822327719832669
100040746|F|0-42:G>A-42:G>A,100016006|F|0-20:G>A-20:G>A,5944865.0,7243813.0,0.0012515644555694588
100040746|F|0-42:G>A-42:G>A,100014225|F|0-25:G>A-25:G>A,5944865.0,7752093.0,0.00828469583610797
100040746|F|0-42:G>A-42:G>A,100019858|F|0-55:G>C-55:G>C,5944865.0,7879011.0,0.004562193875602102
100040746|F|0-42:G>A-42:G>A,100020367|F|0-37:A>T-37:A>T,5944865.0,8687209.0,0.05223469892657703
100040746|F|0-42:G>A-42:G>A,100017575|F|0-33:C>A-33:C>A,5944865.0,8708407.0,0.00151435165749888
100040746|F|0-42:G>A-42:G>A,100021965|F|0-19:C>T-19:C>T,5944865.0,9286898.0,0.03960919723763518
100040746|F|0-42:G>A-42:G>A,100022176|F|0-8:G>A-8:G>A,5944865.0,9450266.0,0.00032166776630519674
100040746|F|0-42:G>A-42:G>A,100033258|F|0-23:G>A-23:G>A,5944865.0,9597839.0,0.10103885493517945
100040746|F|0-42:G>A-42:G>A,100016832|F|0-65:T>A-65:T>A,5944865.0,9956473.0,0.023756938869225877
100040746|F|0-42:G>A-42:G>A,100015585|F|0-38:T>C-38:T>C,5944865.0,10530371.0,0.013495011227292084
100040746|F|0-42:G>A-42:G>A,100032761|F|0-35:G>T-35:G>T,5944865.0,11013852.0,0.004628141672558972
100040746|F|0-42:G>A-42:G>A,100018106|F|0-5:T>C-5:T>C,5944865.0,11160342.0,0.0002659513414058137
100040746|F|0-42:G>A-42:G>A,100029056|F|0-22:A>T-22:A>T,5944865.0,11582180.0,0.003862398317129216
100040746|F|0-42:G>A-42:G>A,100019200|F|0-60:C>T-60:C>T,5944865.0,11806800.0,1.2721178897090815e-05
100040746|F|0-42:G>A-42:G>A,100017507|F|0-36:T>C-36:T>C,5944865.0,12067176.0,0.03996966890691503
100040746|F|0-42:G>A-42:G>A,100015126|F|0-46:T>G-46:T>G,5944865.0,12238563.0,0.059168720038643464
100040746|F|0-42:G>A-42:G>A,100035996|F|0-47:A>G-47:A>G,5944865.0,12678333.0,0.03736450410079763
100040746|F|0-42:G>A-42:G>A,100041089|F|0-45:A>G-45:A>G,5944865.0,12678338.0,0.03736450410079763
100040746|F|0-42:G>A-42:G>A,100015053|F|0-21:C>T-21:C>T,5944865.0,12815706.0,0.015889197211960773
100040746|F|0-42:G>A-42:G>A,100016297|F|0-36:A>G-36:A>G,5944865.0,12845233.0,0.06750088816958115
100040746|F|0-42:G>A-42:G>A,100016238|F|0-41:C>A-41:C>A,5944865.0,12849798.0,0.03011324639670557
100040746|F|0-42:G>A-42:G>A,100016677|F|0-45:G>A-45:G>A,5944865.0,13416059.0,0.004152674997322799
100040746|F|0-42:G>A-42:G>A,100035421|F|0-6:T>A-6:T>A,5944865.0,13420106.0,0.010072026178315145
100040746|F|0-42:G>A-42:G>A,100015018|F|0-5:T>A-5:T>A,5944865.0,13421247.0,0.015841944566864795
100040746|F|0-42:G>A-42:G>A,100020103|F|0-18:T>C-18:T>C,5944865.0,13646039.0,0.018108779322337305
100040746|F|0-42:G>A-42:G>A,100014062|F|0-62:G>A-62:G>A,5944865.0,13646044.0,0.02625147323367029
100040746|F|0-42:G>A-42:G>A,100039121|F|0-17:A>G-17:A>G,5944865.0,13667695.0,0.013635900053226506
100040746|F|0-42:G>A-42:G>A,100018973|F|0-53:T>G-53:T>G,5944865.0,13667871.0,0.016528131009242577
100040746|F|0-42:G>A-42:G>A,100022289|F|0-10:A>G-10:A>G,5944865.0,13667876.0,0.012460784443999609
100040746|F|0-42:G>A-42:G>A,100015169|F|0-21:A>G-21:A>G,5944865.0,13718785.0,0.0008787159693470616
100040746|F|0-42:G>A-42:G>A,100020673|F|0-43:T>A-43:T>A,5944865.0,13731316.0,0.0007578417579158912
100040746|F|0-42:G>A-42:G>A,100015679|F|0-19:G>A-19:G>A,5944865.0,14080553.0,0.011342259472407584
100040746|F|0-42:G>A-42:G>A,100016059|F|0-15:A>T-15:A>T,5944865.0,14090473.0,0.006070782743477143
100040746|F|0-42:G>A-42:G>A,100019698|F|0-15:C>A-15:C>A,5944865.0,14160112.0,0.028365609531724015
100040746|F|0-42:G>A-42:G>A,100036115|F|0-39:C>T-39:C>T,5944865.0,14240591.0,0.012526950183452372
100040746|F|0-42:G>A-42:G>A,100035750|F|0-64:T>C-64:T>C,5944865.0,14346419.0,0.0016462173619083303
100040746|F|0-42:G>A-42:G>A,100021715|F|0-7:C>A-7:C>A,5944865.0,14348921.0,8.411142391294924e-05
100040746|F|0-42:G>A-42:G>A,100040569|F|0-37:C>T-37:C>T,5944865.0,14351912.0,0.04729070509212353
100040746|F|0-42:G>A-42:G>A,100015147|F|0-16:C>G-16:C>G,5944865.0,14409032.0,0.00023448909011896527
100040746|F|0-42:G>A-42:G>A,100030246|F|0-11:C>A-11:C>A,5944865.0,14458674.0,0.04090907982083143
100040746|F|0-42:G>A-42:G>A,100035083|F|0-24:G>C-24:G>C,5944865.0,14490822.0,0.01827451512369496
100040746|F|0-42:G>A-42:G>A,100013053|F|0-56:A>T-56:A>T,5944865.0,14502847.0,0.038065873231382226
100040746|F|0-42:G>A-42:G>A,100044112|F|0-18:T>G-18:T>G,5944865.0,14593733.0,3.6412113011071178e-34
100040746|F|0-42:G>A-42:G>A,100041853|F|0-21:T>C-21:T>C,5944865.0,14595838.0,0.00047992781242417774
100040746|F|0-42:G>A-42:G>A,100033723|F|0-20:T>C-20:T>C,5944865.0,14595843.0,2.2980519271362187e-05
100040746|F|0-42:G>A-42:G>A,100017564|F|0-8:A>T-8:A>T,5944865.0,14625545.0,0.0011284936445112286
100040746|F|0-42:G>A-42:G>A,100057963|F|0-26:C>T-26:C>T,5944865.0,14656009.0,0.0011393868591002792
100040746|F|0-42:G>A-42:G>A,100019295|F|0-19:G>T-19:G>T,5944865.0,14656014.0,2.2594508309356406e-05
100040746|F|0-42:G>A-42:G>A,100035362|F|0-6:C>A-6:C>A,5944865.0,14658473.0,0.010251588541271749
100040746|F|0-42:G>A-42:G>A,100014679|F|0-16:C>A-16:C>A,5944865.0,14859822.0,0.0025357581520662436
100040746|F|0-42:G>A-42:G>A,100021838|F|0-57:A>G-57:A>G,5944865.0,14928961.0,0.004714347745177103
100040746|F|0-42:G>A-42:G>A,100046294|F|0-6:C>G-6:C>G,5944865.0,15124860.0,0.035936530155383714
100040746|F|0-42:G>A-42:G>A,100045141|F|0-49:C>T-49:C>T,5944865.0,15225158.0,0.0030310946790396854
100040746|F|0-42:G>A-42:G>A,100043254|F|0-7:C>G-7:C>G,5944865.0,15229542.0,0.0020373743685330897
100040746|F|0-42:G>A-42:G>A,100013673|F|0-63:C>A-63:C>A,5944865.0,15256237.0,0.0007207379958052582
100040746|F|0-42:G>A-42:G>A,100016806|F|0-26:T>A-26:T>A,5944865.0,15351778.0,0.012526652452025612
100040746|F|0-42:G>A-42:G>A,100033542|F|0-31:T>C-31:T>C,5944865.0,15394673.0,0.015278796254089195
100040746|F|0-42:G>A-42:G>A,100029793|F|0-30:G>A-30:G>A,5944865.0,15400977.0,0.008246789233994365
100040746|F|0-42:G>A-42:G>A,100021703|F|0-41:T>C-41:T>C,5944865.0,15431799.0,0.0009197921639960069
100040746|F|0-42:G>A-42:G>A,100017056|F|0-15:G>A-15:G>A,5944865.0,15535069.0,0.0660262168079493
100040746|F|0-42:G>A-42:G>A,100021184|F|0-17:T>G-17:T>G,5944865.0,15536283.0,0.0660262168079493
100040746|F|0-42:G>A-42:G>A,100044126|F|0-46:C>T-46:C>T,5944865.0,15556197.0,0.03424149938207689
100040746|F|0-42:G>A-42:G>A,100017834|F|0-8:C>T-8:C>T,5944865.0,15619447.0,0.014002927987269473
100040746|F|0-42:G>A-42:G>A,100020292|F|0-58:T>C-58:T>C,5944865.0,15819325.0,0.05583704863425741
100040746|F|0-42:G>A-42:G>A,100015600|F|0-30:C>A-30:C>A,5944865.0,15832699.0,0.054184747749192345
100040746|F|0-42:G>A-42:G>A,100049389|F|0-23:C>A-23:C>A,5944865.0,15838578.0,0.0572401828206789
100040746|F|0-42:G>A-42:G>A,100038568|F|0-15:C>T-15:C>T,5944865.0,15839422.0,0.054184747749192345
100040746|F|0-42:G>A-42:G>A,100018705|F|0-34:T>C-34:T>C,5944865.0,15915251.0,0.0033465397301223323
100040746|F|0-42:G>A-42:G>A,100019856|F|0-16:C>T-16:C>T,5944865.0,15948596.0,1.561928919738732e-05
100040746|F|0-42:G>A-42:G>A,100034716|F|0-53:A>G-53:A>G,5944865.0,15958067.0,1.5586000751537327e-05
100040746|F|0-42:G>A-42:G>A,100021071|F|0-60:A>G-60:A>G,5944865.0,15967627.0,9.823896825505839e-07
100040746|F|0-42:G>A-42:G>A,100020211|F|0-33:C>A-33:C>A,5944865.0,15977146.0,0.00023543807367663877
100040746|F|0-42:G>A-42:G>A,100013484|F|0-22:G>A-22:G>A,5944865.0,16177456.0,0.0012422952893778602
100040746|F|0-42:G>A-42:G>A,100021316|F|0-63:C>A-63:C>A,5944865.0,16179198.0,7.179659434610262e-05
100040746|F|0-42:G>A-42:G>A,100017187|F|0-41:T>C-41:T>C,5944865.0,16245982.0,0.0010600982414242378
100040746|F|0-42:G>A-42:G>A,100029840|F|0-31:T>C-31:T>C,5944865.0,16252498.0,0.0032696215563699873
100040746|F|0-42:G>A-42:G>A,100013453|F|0-6:G>A-6:G>A,5944865.0,16307679.0,0.12855376741023966
100040746|F|0-42:G>A-42:G>A,100016783|F|0-52:G>T-52:G>T,5944865.0,16317524.0,0.11053503737429926
100040746|F|0-42:G>A-42:G>A,100014400|F|0-16:A>T-16:A>T,5944865.0,16381041.0,0.072200906871294
100040746|F|0-42:G>A-42:G>A,100016625|F|0-16:T>C-16:T>C,5944865.0,16411184.0,0.10339607856002381
100040746|F|0-42:G>A-42:G>A,100015226|F|0-25:T>A-25:T>A,5944865.0,16581877.0,0.02103279991575343
100040746|F|0-42:G>A-42:G>A,100017539|F|0-11:A>T-11:A>T,5944865.0,16662610.0,0.002620805160970159
100040746|F|0-42:G>A-42:G>A,100033601|F|0-15:C>A-15:C>A,5944865.0,16769146.0,0.0016094650606287358
100040746|F|0-42:G>A-42:G>A,100039949|F|0-62:A>T-62:A>T,5944865.0,16793350.0,0.0019643115604904594
100040746|F|0-42:G>A-42:G>A,100035334|F|0-35:T>C-35:T>C,5944865.0,16832622.0,0.02608144535472852
100040746|F|0-42:G>A-42:G>A,100021345|F|0-28:C>T-28:C>T,5944865.0,16899147.0,0.0014326224498114226
100040746|F|0-42:G>A-42:G>A,100022139|F|0-65:T>C-65:T>C,5944865.0,16965771.0,0.00036622376043171574
100040746|F|0-42:G>A-42:G>A,100044804|F|0-53:G>C-53:G>C,5944865.0,16968917.0,0.024136238102694926
100040746|F|0-42:G>A-42:G>A,100030290|F|0-11:A>C-11:A>C,5944865.0,16971407.0,0.00036622376043171574
100040746|F|0-42:G>A-42:G>A,100017336|F|0-39:A>G-39:A>G,5944865.0,16987827.0,1.870728879988751e-05
100040746|F|0-42:G>A-42:G>A,100029568|F|0-9:T>G-9:T>G,5944865.0,16988131.0,0.0023738873795003026
100040746|F|0-42:G>A-42:G>A,100034247|F|0-37:G>C-37:G>C,5944865.0,16999534.0,0.00010130795030305975
100040746|F|0-42:G>A-42:G>A,100012983|F|0-45:A>T-45:A>T,5944865.0,17017248.0,0.0670106554790906
100040746|F|0-42:G>A-42:G>A,100020033|F|0-7:G>A-7:G>A,5944865.0,17020316.0,0.03434905877244494
100040746|F|0-42:G>A-42:G>A,100018782|F|0-63:C>T-63:C>T,5944865.0,17424649.0,0.025539724199769534
100040746|F|0-42:G>A-42:G>A,100019630|F|0-24:A>T-24:A>T,5944865.0,17521232.0,0.0010489374651972928
100040746|F|0-42:G>A-42:G>A,100021757|F|0-47:G>A-47:G>A,5944865.0,17521694.0,0.0032411140748092523
100040746|F|0-42:G>A-42:G>A,100038944|F|0-45:C>T-45:C>T,5944865.0,17607936.0,0.0430636967117154
100040746|F|0-42:G>A-42:G>A,100047378|F|0-35:C>T-35:C>T,5944865.0,17706505.0,0.005085530693144515
100040746|F|0-42:G>A-42:G>A,100029543|F|0-46:T>C-46:T>C,5944865.0,18278899.0,0.012651454721326174
100040746|F|0-42:G>A-42:G>A,100021798|F|0-27:T>C-27:T>C,5944865.0,18732658.0,0.01355039423481097
100040746|F|0-42:G>A-42:G>A,100017716|F|0-8:C>T-8:C>T,5944865.0,18851585.0,0.000159638323414474
100021961|F|0-53:A>T-53:A>T,100014327|F|0-12:T>C-12:T>C,6058253.0,6588263.0,0.43572511777482054
100021961|F|0-53:A>T-53:A>T,100044383|F|0-11:A>T-11:A>T,6058253.0,6629814.0,0.26158109132247076
100021961|F|0-53:A>T-53:A>T,100017856|F|0-8:G>C-8:G>C,6058253.0,6634620.0,0.2926050659487312
100021961|F|0-53:A>T-53:A>T,100058672|F|0-30:C>T-30:C>T,6058253.0,7170197.0,0.029474465713164838
100021961|F|0-53:A>T-53:A>T,100016006|F|0-20:G>A-20:G>A,6058253.0,7243813.0,0.021095334685598377
100021961|F|0-53:A>T-53:A>T,100014225|F|0-25:G>A-25:G>A,6058253.0,7752093.0,0.06236731036519247
100021961|F|0-53:A>T-53:A>T,100019858|F|0-55:G>C-55:G>C,6058253.0,7879011.0,0.006881312830672099
100021961|F|0-53:A>T-53:A>T,100020367|F|0-37:A>T-37:A>T,6058253.0,8687209.0,0.005860218370242434
100021961|F|0-53:A>T-53:A>T,100017575|F|0-33:C>A-33:C>A,6058253.0,8708407.0,0.0451327360577613
100021961|F|0-53:A>T-53:A>T,100021965|F|0-19:C>T-19:C>T,6058253.0,9286898.0,0.007620396036647555
100021961|F|0-53:A>T-53:A>T,100022176|F|0-8:G>A-8:G>A,6058253.0,9450266.0,0.045931080413839115
100021961|F|0-53:A>T-53:A>T,100033258|F|0-23:G>A-23:G>A,6058253.0,9597839.0,0.025392288961529487
100021961|F|0-53:A>T-53:A>T,100016832|F|0-65:T>A-65:T>A,6058253.0,9956473.0,0.14278285594336174
100021961|F|0-53:A>T-53:A>T,100015585|F|0-38:T>C-38:T>C,6058253.0,10530371.0,0.004231553147987568
100021961|F|0-53:A>T-53:A>T,100032761|F|0-35:G>T-35:G>T,6058253.0,11013852.0,0.003385769350974048
100021961|F|0-53:A>T-53:A>T,100018106|F|0-5:T>C-5:T>C,6058253.0,11160342.0,0.01612882772942505
100021961|F|0-53:A>T-53:A>T,100029056|F|0-22:A>T-22:A>T,6058253.0,11582180.0,0.004766432873134245
100021961|F|0-53:A>T-53:A>T,100019200|F|0-60:C>T-60:C>T,6058253.0,11806800.0,0.0008358200707338656
100021961|F|0-53:A>T-53:A>T,100017507|F|0-36:T>C-36:T>C,6058253.0,12067176.0,0.007763902255815602
100021961|F|0-53:A>T-53:A>T,100015126|F|0-46:T>G-46:T>G,6058253.0,12238563.0,0.004161207162868971
100021961|F|0-53:A>T-53:A>T,100035996|F|0-47:A>G-47:A>G,6058253.0,12678333.0,0.01570052823458582
100021961|F|0-53:A>T-53:A>T,100041089|F|0-45:A>G-45:A>G,6058253.0,12678338.0,0.01570052823458582
100021961|F|0-53:A>T-53:A>T,100015053|F|0-21:C>T-21:C>T,6058253.0,12815706.0,0.0011205894909893182
100021961|F|0-53:A>T-53:A>T,100016297|F|0-36:A>G-36:A>G,6058253.0,12845233.0,0.014317578972751386
100021961|F|0-53:A>T-53:A>T,100016238|F|0-41:C>A-41:C>A,6058253.0,12849798.0,0.0029015364430783246
100021961|F|0-53:A>T-53:A>T,100016677|F|0-45:G>A-45:G>A,6058253.0,13416059.0,0.006871666676092813
100021961|F|0-53:A>T-53:A>T,100035421|F|0-6:T>A-6:T>A,6058253.0,13420106.0,0.021332959610599184
100021961|F|0-53:A>T-53:A>T,100015018|F|0-5:T>A-5:T>A,6058253.0,13421247.0,0.017639367540476833
100021961|F|0-53:A>T-53:A>T,100020103|F|0-18:T>C-18:T>C,6058253.0,13646039.0,0.0005603915268801117
100021961|F|0-53:A>T-53:A>T,100014062|F|0-62:G>A-62:G>A,6058253.0,13646044.0,0.0018340280409245937
100021961|F|0-53:A>T-53:A>T,100039121|F|0-17:A>G-17:A>G,6058253.0,13667695.0,0.0005648637374860956
100021961|F|0-53:A>T-53:A>T,100018973|F|0-53:T>G-53:T>G,6058253.0,13667871.0,3.410382720727591e-05
100021961|F|0-53:A>T-53:A>T,100022289|F|0-10:A>G-10:A>G,6058253.0,13667876.0,0.0017314696740778283
100021961|F|0-53:A>T-53:A>T,100015169|F|0-21:A>G-21:A>G,6058253.0,13718785.0,0.0017475859919000073
100021961|F|0-53:A>T-53:A>T,100020673|F|0-43:T>A-43:T>A,6058253.0,13731316.0,0.0030108340259081016
100021961|F|0-53:A>T-53:A>T,100015679|F|0-19:G>A-19:G>A,6058253.0,14080553.0,0.0345037944657697
100021961|F|0-53:A>T-53:A>T,100016059|F|0-15:A>T-15:A>T,6058253.0,14090473.0,0.0038245391666386877
100021961|F|0-53:A>T-53:A>T,100019698|F|0-15:C>A-15:C>A,6058253.0,14160112.0,0.038846087615944186
100021961|F|0-53:A>T-53:A>T,100036115|F|0-39:C>T-39:C>T,6058253.0,14240591.0,0.008628033464440786
100021961|F|0-53:A>T-53:A>T,100035750|F|0-64:T>C-64:T>C,6058253.0,14346419.0,0.01930533350290083
100021961|F|0-53:A>T-53:A>T,100021715|F|0-7:C>A-7:C>A,6058253.0,14348921.0,0.020437780639442432
100021961|F|0-53:A>T-53:A>T,100040569|F|0-37:C>T-37:C>T,6058253.0,14351912.0,0.0008420698075870485
100021961|F|0-53:A>T-53:A>T,100015147|F|0-16:C>G-16:C>G,6058253.0,14409032.0,0.03614824435869122
100021961|F|0-53:A>T-53:A>T,100030246|F|0-11:C>A-11:C>A,6058253.0,14458674.0,0.002074397899659428
100021961|F|0-53:A>T-53:A>T,100035083|F|0-24:G>C-24:G>C,6058253.0,14490822.0,0.02263379635377197
100021961|F|0-53:A>T-53:A>T,100013053|F|0-56:A>T-56:A>T,6058253.0,14502847.0,0.00711097011901941
100021961|F|0-53:A>T-53:A>T,100044112|F|0-18:T>G-18:T>G,6058253.0,14593733.0,9.999578965096203e-05
100021961|F|0-53:A>T-53:A>T,100041853|F|0-21:T>C-21:T>C,6058253.0,14595838.0,0.0003976644156554187
100021961|F|0-53:A>T-53:A>T,100033723|F|0-20:T>C-20:T>C,6058253.0,14595843.0,0.0013496668522230966
100021961|F|0-53:A>T-53:A>T,100017564|F|0-8:A>T-8:A>T,6058253.0,14625545.0,0.00618285212678663
100021961|F|0-53:A>T-53:A>T,100057963|F|0-26:C>T-26:C>T,6058253.0,14656009.0,0.01684139615174097
100021961|F|0-53:A>T-53:A>T,100019295|F|0-19:G>T-19:G>T,6058253.0,14656014.0,0.0015944564542605913
100021961|F|0-53:A>T-53:A>T,100035362|F|0-6:C>A-6:C>A,6058253.0,14658473.0,0.03751907148569468
100021961|F|0-53:A>T-53:A>T,100014679|F|0-16:C>A-16:C>A,6058253.0,14859822.0,0.005556955084984345
100021961|F|0-53:A>T-53:A>T,100021838|F|0-57:A>G-57:A>G,6058253.0,14928961.0,0.0005624763167866605
100021961|F|0-53:A>T-53:A>T,100046294|F|0-6:C>G-6:C>G,6058253.0,15124860.0,0.01713488307121936
100021961|F|0-53:A>T-53:A>T,100045141|F|0-49:C>T-49:C>T,6058253.0,15225158.0,0.0031169446461800326
100021961|F|0-53:A>T-53:A>T,100043254|F|0-7:C>G-7:C>G,6058253.0,15229542.0,0.003073041340492983
100021961|F|0-53:A>T-53:A>T,100013673|F|0-63:C>A-63:C>A,6058253.0,15256237.0,0.00921695649156424
100021961|F|0-53:A>T-53:A>T,100016806|F|0-26:T>A-26:T>A,6058253.0,15351778.0,8.837019902382719e-05
100021961|F|0-53:A>T-53:A>T,100033542|F|0-31:T>C-31:T>C,6058253.0,15394673.0,0.01650945992053445
100021961|F|0-53:A>T-53:A>T,100029793|F|0-30:G>A-30:G>A,6058253.0,15400977.0,0.008651480514642934
100021961|F|0-53:A>T-53:A>T,100021703|F|0-41:T>C-41:T>C,6058253.0,15431799.0,0.026622006234389883
100021961|F|0-53:A>T-53:A>T,100017056|F|0-15:G>A-15:G>A,6058253.0,15535069.0,0.005988291119307401
100021961|F|0-53:A>T-53:A>T,100021184|F|0-17:T>G-17:T>G,6058253.0,15536283.0,0.005988291119307401
100021961|F|0-53:A>T-53:A>T,100044126|F|0-46:C>T-46:C>T,6058253.0,15556197.0,0.00015940624362375568
100021961|F|0-53:A>T-53:A>T,100017834|F|0-8:C>T-8:C>T,6058253.0,15619447.0,0.0019147483582785528
100021961|F|0-53:A>T-53:A>T,100020292|F|0-58:T>C-58:T>C,6058253.0,15819325.0,0.04048828781708826
100021961|F|0-53:A>T-53:A>T,100015600|F|0-30:C>A-30:C>A,6058253.0,15832699.0,0.03516686936614677
100021961|F|0-53:A>T-53:A>T,100049389|F|0-23:C>A-23:C>A,6058253.0,15838578.0,0.044306316078001305
100021961|F|0-53:A>T-53:A>T,100038568|F|0-15:C>T-15:C>T,6058253.0,15839422.0,0.03516686936614677
100021961|F|0-53:A>T-53:A>T,100018705|F|0-34:T>C-34:T>C,6058253.0,15915251.0,0.04710655076474457
100021961|F|0-53:A>T-53:A>T,100019856|F|0-16:C>T-16:C>T,6058253.0,15948596.0,0.014431425681735775
100021961|F|0-53:A>T-53:A>T,100034716|F|0-53:A>G-53:A>G,6058253.0,15958067.0,0.008853510386184872
100021961|F|0-53:A>T-53:A>T,100021071|F|0-60:A>G-60:A>G,6058253.0,15967627.0,0.011704169017127373
100021961|F|0-53:A>T-53:A>T,100020211|F|0-33:C>A-33:C>A,6058253.0,15977146.0,0.02239463325055611
100021961|F|0-53:A>T-53:A>T,100013484|F|0-22:G>A-22:G>A,6058253.0,16177456.0,1.0032223501888348e-05
100021961|F|0-53:A>T-53:A>T,100021316|F|0-63:C>A-63:C>A,6058253.0,16179198.0,0.00022819338385230662
100021961|F|0-53:A>T-53:A>T,100017187|F|0-41:T>C-41:T>C,6058253.0,16245982.0,0.010154177718832895
100021961|F|0-53:A>T-53:A>T,100029840|F|0-31:T>C-31:T>C,6058253.0,16252498.0,0.02286072860431741
100021961|F|0-53:A>T-53:A>T,100013453|F|0-6:G>A-6:G>A,6058253.0,16307679.0,0.03490592826184779
100021961|F|0-53:A>T-53:A>T,100016783|F|0-52:G>T-52:G>T,6058253.0,16317524.0,0.04158116815366585
100021961|F|0-53:A>T-53:A>T,100014400|F|0-16:A>T-16:A>T,6058253.0,16381041.0,0.03460044882980962
100021961|F|0-53:A>T-53:A>T,100016625|F|0-16:T>C-16:T>C,6058253.0,16411184.0,0.034600448829809644
100021961|F|0-53:A>T-53:A>T,100015226|F|0-25:T>A-25:T>A,6058253.0,16581877.0,0.004265181490522312
100021961|F|0-53:A>T-53:A>T,100017539|F|0-11:A>T-11:A>T,6058253.0,16662610.0,0.005619646424244115
100021961|F|0-53:A>T-53:A>T,100033601|F|0-15:C>A-15:C>A,6058253.0,16769146.0,0.0035747577418950532
100021961|F|0-53:A>T-53:A>T,100039949|F|0-62:A>T-62:A>T,6058253.0,16793350.0,0.0005999747379057719
100021961|F|0-53:A>T-53:A>T,100035334|F|0-35:T>C-35:T>C,6058253.0,16832622.0,0.003903465336797142
100021961|F|0-53:A>T-53:A>T,100021345|F|0-28:C>T-28:C>T,6058253.0,16899147.0,0.000635181966929889
100021961|F|0-53:A>T-53:A>T,100022139|F|0-65:T>C-65:T>C,6058253.0,16965771.0,0.007072953389951614
100021961|F|0-53:A>T-53:A>T,100044804|F|0-53:G>C-53:G>C,6058253.0,16968917.0,0.008902446838374125
100021961|F|0-53:A>T-53:A>T,100030290|F|0-11:A>C-11:A>C,6058253.0,16971407.0,0.007072953389951614
100021961|F|0-53:A>T-53:A>T,100017336|F|0-39:A>G-39:A>G,6058253.0,16987827.0,0.0017794185334744205
100021961|F|0-53:A>T-53:A>T,100029568|F|0-9:T>G-9:T>G,6058253.0,16988131.0,0.009866743816993317
100021961|F|0-53:A>T-53:A>T,100034247|F|0-37:G>C-37:G>C,6058253.0,16999534.0,0.007670679625576697
100021961|F|0-53:A>T-53:A>T,100012983|F|0-45:A>T-45:A>T,6058253.0,17017248.0,0.006182852126786588
100021961|F|0-53:A>T-53:A>T,100020033|F|0-7:G>A-7:G>A,6058253.0,17020316.0,0.04196598533312535
100021961|F|0-53:A>T-53:A>T,100018782|F|0-63:C>T-63:C>T,6058253.0,17424649.0,0.0015841837394495557
100021961|F|0-53:A>T-53:A>T,100019630|F|0-24:A>T-24:A>T,6058253.0,17521232.0,0.0015821482020823016
100021961|F|0-53:A>T-53:A>T,100021757|F|0-47:G>A-47:G>A,6058253.0,17521694.0,0.0008181473698715094
100021961|F|0-53:A>T-53:A>T,100038944|F|0-45:C>T-45:C>T,6058253.0,17607936.0,0.008869472894890816
100021961|F|0-53:A>T-53:A>T,100047378|F|0-35:C>T-35:C>T,6058253.0,17706505.0,7.879396072656848e-05
100021961|F|0-53:A>T-53:A>T,100029543|F|0-46:T>C-46:T>C,6058253.0,18278899.0,0.0009787828012504719
100021961|F|0-53:A>T-53:A>T,100021798|F|0-27:T>C-27:T>C,6058253.0,18732658.0,0.02120073323985351
100021961|F|0-53:A>T-53:A>T,100017716|F|0-8:C>T-8:C>T,6058253.0,18851585.0,0.004493680761429227
100014327|F|0-12:T>C-12:T>C,100044383|F|0-11:A>T-11:A>T,6588263.0,6629814.0,0.6272720928220938
100014327|F|0-12:T>C-12:T>C,100017856|F|0-8:G>C-8:G>C,6588263.0,6634620.0,0.6577739702573593
100014327|F|0-12:T>C-12:T>C,100058672|F|0-30:C>T-30:C>T,6588263.0,7170197.0,0.012960114326533007
100014327|F|0-12:T>C-12:T>C,100016006|F|0-20:G>A-20:G>A,6588263.0,7243813.0,0.0008955268065958126
100014327|F|0-12:T>C-12:T>C,100014225|F|0-25:G>A-25:G>A,6588263.0,7752093.0,0.034045793821065325
100014327|F|0-12:T>C-12:T>C,100019858|F|0-55:G>C-55:G>C,6588263.0,7879011.0,0.008677589249330714
100014327|F|0-12:T>C-12:T>C,100020367|F|0-37:A>T-37:A>T,6588263.0,8687209.0,0.006726864151870877
100014327|F|0-12:T>C-12:T>C,100017575|F|0-33:C>A-33:C>A,6588263.0,8708407.0,0.09117380191159567
100014327|F|0-12:T>C-12:T>C,100021965|F|0-19:C>T-19:C>T,6588263.0,9286898.0,0.040263825560325886
100014327|F|0-12:T>C-12:T>C,100022176|F|0-8:G>A-8:G>A,6588263.0,9450266.0,0.0599026246358909
100014327|F|0-12:T>C-12:T>C,100033258|F|0-23:G>A-23:G>A,6588263.0,9597839.0,0.00011234757128625414
100014327|F|0-12:T>C-12:T>C,100016832|F|0-65:T>A-65:T>A,6588263.0,9956473.0,0.11441727342836347
100014327|F|0-12:T>C-12:T>C,100015585|F|0-38:T>C-38:T>C,6588263.0,10530371.0,0.00565565500238887
100014327|F|0-12:T>C-12:T>C,100032761|F|0-35:G>T-35:G>T,6588263.0,11013852.0,0.001679344743856216
100014327|F|0-12:T>C-12:T>C,100018106|F|0-5:T>C-5:T>C,6588263.0,11160342.0,0.010380252858427915
100014327|F|0-12:T>C-12:T>C,100029056|F|0-22:A>T-22:A>T,6588263.0,11582180.0,0.007819130728893233
100014327|F|0-12:T>C-12:T>C,100019200|F|0-60:C>T-60:C>T,6588263.0,11806800.0,0.009713200910082213
100014327|F|0-12:T>C-12:T>C,100017507|F|0-36:T>C-36:T>C,6588263.0,12067176.0,7.422879988361162e-06
100014327|F|0-12:T>C-12:T>C,100015126|F|0-46:T>G-46:T>G,6588263.0,12238563.0,0.050480987866918285
100014327|F|0-12:T>C-12:T>C,100035996|F|0-47:A>G-47:A>G,6588263.0,12678333.0,0.02936557426999711
100014327|F|0-12:T>C-12:T>C,100041089|F|0-45:A>G-45:A>G,6588263.0,12678338.0,0.02936557426999711
100014327|F|0-12:T>C-12:T>C,100015053|F|0-21:C>T-21:C>T,6588263.0,12815706.0,2.3489943034793086e-05
100014327|F|0-12:T>C-12:T>C,100016297|F|0-36:A>G-36:A>G,6588263.0,12845233.0,0.044007640572814206
100014327|F|0-12:T>C-12:T>C,100016238|F|0-41:C>A-41:C>A,6588263.0,12849798.0,0.012088708948945665
100014327|F|0-12:T>C-12:T>C,100016677|F|0-45:G>A-45:G>A,6588263.0,13416059.0,0.0004507801062270791
100014327|F|0-12:T>C-12:T>C,100035421|F|0-6:T>A-6:T>A,6588263.0,13420106.0,0.05822640980808252
100014327|F|0-12:T>C-12:T>C,100015018|F|0-5:T>A-5:T>A,6588263.0,13421247.0,0.05080916648154807
100014327|F|0-12:T>C-12:T>C,100020103|F|0-18:T>C-18:T>C,6588263.0,13646039.0,0.0026516252353915447
100014327|F|0-12:T>C-12:T>C,100014062|F|0-62:G>A-62:G>A,6588263.0,13646044.0,0.005467682795312395
100014327|F|0-12:T>C-12:T>C,100039121|F|0-17:A>G-17:A>G,6588263.0,13667695.0,0.0005524822637466102
100014327|F|0-12:T>C-12:T>C,100018973|F|0-53:T>G-53:T>G,6588263.0,13667871.0,0.0014379178948881982
100014327|F|0-12:T>C-12:T>C,100022289|F|0-10:A>G-10:A>G,6588263.0,13667876.0,0.002003273002055315
100014327|F|0-12:T>C-12:T>C,100015169|F|0-21:A>G-21:A>G,6588263.0,13718785.0,0.001018461438050471
100014327|F|0-12:T>C-12:T>C,100020673|F|0-43:T>A-43:T>A,6588263.0,13731316.0,0.005818542855011611
100014327|F|0-12:T>C-12:T>C,100015679|F|0-19:G>A-19:G>A,6588263.0,14080553.0,0.006789030511010403
100014327|F|0-12:T>C-12:T>C,100016059|F|0-15:A>T-15:A>T,6588263.0,14090473.0,0.002914713039822126
100014327|F|0-12:T>C-12:T>C,100019698|F|0-15:C>A-15:C>A,6588263.0,14160112.0,0.11140460747668843
100014327|F|0-12:T>C-12:T>C,100036115|F|0-39:C>T-39:C>T,6588263.0,14240591.0,0.0001442284510649759
100014327|F|0-12:T>C-12:T>C,100035750|F|0-64:T>C-64:T>C,6588263.0,14346419.0,0.06882931118480182
100014327|F|0-12:T>C-12:T>C,100021715|F|0-7:C>A-7:C>A,6588263.0,14348921.0,0.07868670556272439
100014327|F|0-12:T>C-12:T>C,100040569|F|0-37:C>T-37:C>T,6588263.0,14351912.0,0.017897639773164067
100014327|F|0-12:T>C-12:T>C,100015147|F|0-16:C>G-16:C>G,6588263.0,14409032.0,0.0663963615140082
100014327|F|0-12:T>C-12:T>C,100030246|F|0-11:C>A-11:C>A,6588263.0,14458674.0,0.03221038897882198
100014327|F|0-12:T>C-12:T>C,100035083|F|0-24:G>C-24:G>C,6588263.0,14490822.0,9.936563722053664e-07
100014327|F|0-12:T>C-12:T>C,100013053|F|0-56:A>T-56:A>T,6588263.0,14502847.0,4.532342067821171e-05
100014327|F|0-12:T>C-12:T>C,100044112|F|0-18:T>G-18:T>G,6588263.0,14593733.0,0.007683873750808837
100014327|F|0-12:T>C-12:T>C,100041853|F|0-21:T>C-21:T>C,6588263.0,14595838.0,0.0038976171199754995
100014327|F|0-12:T>C-12:T>C,100033723|F|0-20:T>C-20:T>C,6588263.0,14595843.0,0.012969683501340468
100014327|F|0-12:T>C-12:T>C,100017564|F|0-8:A>T-8:A>T,6588263.0,14625545.0,0.021547432411393484
100014327|F|0-12:T>C-12:T>C,100057963|F|0-26:C>T-26:C>T,6588263.0,14656009.0,0.04090077567682001
100014327|F|0-12:T>C-12:T>C,100019295|F|0-19:G>T-19:G>T,6588263.0,14656014.0,0.01689531911169132
100014327|F|0-12:T>C-12:T>C,100035362|F|0-6:C>A-6:C>A,6588263.0,14658473.0,0.03753989312570196
100014327|F|0-12:T>C-12:T>C,100014679|F|0-16:C>A-16:C>A,6588263.0,14859822.0,0.00022516000183689323
100014327|F|0-12:T>C-12:T>C,100021838|F|0-57:A>G-57:A>G,6588263.0,14928961.0,0.003607151844129686
100014327|F|0-12:T>C-12:T>C,100046294|F|0-6:C>G-6:C>G,6588263.0,15124860.0,0.004649165967607376
100014327|F|0-12:T>C-12:T>C,100045141|F|0-49:C>T-49:C>T,6588263.0,15225158.0,0.0066975440244077845
100014327|F|0-12:T>C-12:T>C,100043254|F|0-7:C>G-7:C>G,6588263.0,15229542.0,0.009445542366847937
100014327|F|0-12:T>C-12:T>C,100013673|F|0-63:C>A-63:C>A,6588263.0,15256237.0,0.011351384509843672
100014327|F|0-12:T>C-12:T>C,100016806|F|0-26:T>A-26:T>A,6588263.0,15351778.0,5.365365279433617e-07
100014327|F|0-12:T>C-12:T>C,100033542|F|0-31:T>C-31:T>C,6588263.0,15394673.0,0.01105108516560969
100014327|F|0-12:T>C-12:T>C,100029793|F|0-30:G>A-30:G>A,6588263.0,15400977.0,0.0253750168849504
100014327|F|0-12:T>C-12:T>C,100021703|F|0-41:T>C-41:T>C,6588263.0,15431799.0,0.03147499222718071
100014327|F|0-12:T>C-12:T>C,100017056|F|0-15:G>A-15:G>A,6588263.0,15535069.0,0.0012563523058189631
100014327|F|0-12:T>C-12:T>C,100021184|F|0-17:T>G-17:T>G,6588263.0,15536283.0,0.0012563523058189631
100014327|F|0-12:T>C-12:T>C,100044126|F|0-46:C>T-46:C>T,6588263.0,15556197.0,0.00038713174093144633
100014327|F|0-12:T>C-12:T>C,100017834|F|0-8:C>T-8:C>T,6588263.0,15619447.0,0.02644014128463071
100014327|F|0-12:T>C-12:T>C,100020292|F|0-58:T>C-58:T>C,6588263.0,15819325.0,0.057869697635570136
100014327|F|0-12:T>C-12:T>C,100015600|F|0-30:C>A-30:C>A,6588263.0,15832699.0,0.05030650472887047
100014327|F|0-12:T>C-12:T>C,100049389|F|0-23:C>A-23:C>A,6588263.0,15838578.0,0.06329649209877185
100014327|F|0-12:T>C-12:T>C,100038568|F|0-15:C>T-15:C>T,6588263.0,15839422.0,0.05030650472887047
100014327|F|0-12:T>C-12:T>C,100018705|F|0-34:T>C-34:T>C,6588263.0,15915251.0,0.07868670556272435
100014327|F|0-12:T>C-12:T>C,100019856|F|0-16:C>T-16:C>T,6588263.0,15948596.0,0.004349313704547177
100014327|F|0-12:T>C-12:T>C,100034716|F|0-53:A>G-53:A>G,6588263.0,15958067.0,0.038850678597648625
100014327|F|0-12:T>C-12:T>C,100021071|F|0-60:A>G-60:A>G,6588263.0,15967627.0,0.045887138003356615
100014327|F|0-12:T>C-12:T>C,100020211|F|0-33:C>A-33:C>A,6588263.0,15977146.0,0.04611683258251813
100014327|F|0-12:T>C-12:T>C,100013484|F|0-22:G>A-22:G>A,6588263.0,16177456.0,0.004038732852801927
100014327|F|0-12:T>C-12:T>C,100021316|F|0-63:C>A-63:C>A,6588263.0,16179198.0,0.014063279866967402
100014327|F|0-12:T>C-12:T>C,100017187|F|0-41:T>C-41:T>C,6588263.0,16245982.0,0.0025478107700050334
100014327|F|0-12:T>C-12:T>C,100029840|F|0-31:T>C-31:T>C,6588263.0,16252498.0,0.014320911892606928
100014327|F|0-12:T>C-12:T>C,100013453|F|0-6:G>A-6:G>A,6588263.0,16307679.0,0.05312969992342094
100014327|F|0-12:T>C-12:T>C,100016783|F|0-52:G>T-52:G>T,6588263.0,16317524.0,0.06004942063522423
100014327|F|0-12:T>C-12:T>C,100014400|F|0-16:A>T-16:A>T,6588263.0,16381041.0,0.008233220136159432
100014327|F|0-12:T>C-12:T>C,100016625|F|0-16:T>C-16:T>C,6588263.0,16411184.0,0.008233220136159422
100014327|F|0-12:T>C-12:T>C,100015226|F|0-25:T>A-25:T>A,6588263.0,16581877.0,0.012715541384447412
100014327|F|0-12:T>C-12:T>C,100017539|F|0-11:A>T-11:A>T,6588263.0,16662610.0,2.2190090970499268e-07
100014327|F|0-12:T>C-12:T>C,100033601|F|0-15:C>A-15:C>A,6588263.0,16769146.0,0.0070483882249125634
100014327|F|0-12:T>C-12:T>C,100039949|F|0-62:A>T-62:A>T,6588263.0,16793350.0,0.0022767033335729897
100014327|F|0-12:T>C-12:T>C,100035334|F|0-35:T>C-35:T>C,6588263.0,16832622.0,4.5717112837534194e-05
100014327|F|0-12:T>C-12:T>C,100021345|F|0-28:C>T-28:C>T,6588263.0,16899147.0,0.0028374689311945257
100014327|F|0-12:T>C-12:T>C,100022139|F|0-65:T>C-65:T>C,6588263.0,16965771.0,0.006270003307492829
100014327|F|0-12:T>C-12:T>C,100044804|F|0-53:G>C-53:G>C,6588263.0,16968917.0,0.0003187899437384218
100014327|F|0-12:T>C-12:T>C,100030290|F|0-11:A>C-11:A>C,6588263.0,16971407.0,0.006270003307492829
100014327|F|0-12:T>C-12:T>C,100017336|F|0-39:A>G-39:A>G,6588263.0,16987827.0,0.007491749442335232
100014327|F|0-12:T>C-12:T>C,100029568|F|0-9:T>G-9:T>G,6588263.0,16988131.0,0.003816654909177474
100014327|F|0-12:T>C-12:T>C,100034247|F|0-37:G>C-37:G>C,6588263.0,16999534.0,0.005649097673109272
100014327|F|0-12:T>C-12:T>C,100012983|F|0-45:A>T-45:A>T,6588263.0,17017248.0,0.0113145517808199
100014327|F|0-12:T>C-12:T>C,100020033|F|0-7:G>A-7:G>A,6588263.0,17020316.0,0.03602238076911692
100014327|F|0-12:T>C-12:T>C,100018782|F|0-63:C>T-63:C>T,6588263.0,17424649.0,0.006126496114233299
100014327|F|0-12:T>C-12:T>C,100019630|F|0-24:A>T-24:A>T,6588263.0,17521232.0,0.00039698086252056355
100014327|F|0-12:T>C-12:T>C,100021757|F|0-47:G>A-47:G>A,6588263.0,17521694.0,0.0002794135909385018
100014327|F|0-12:T>C-12:T>C,100038944|F|0-45:C>T-45:C>T,6588263.0,17607936.0,1.6620583329302883e-07
100014327|F|0-12:T>C-12:T>C,100047378|F|0-35:C>T-35:C>T,6588263.0,17706505.0,0.002836402395035409
100014327|F|0-12:T>C-12:T>C,100029543|F|0-46:T>C-46:T>C,6588263.0,18278899.0,0.004077915490869207
100014327|F|0-12:T>C-12:T>C,100021798|F|0-27:T>C-27:T>C,6588263.0,18732658.0,0.0038361868791619565
100014327|F|0-12:T>C-12:T>C,100017716|F|0-8:C>T-8:C>T,6588263.0,18851585.0,0.015660617543444166
100044383|F|0-11:A>T-11:A>T,100017856|F|0-8:G>C-8:G>C,6629814.0,6634620.0,0.8939732142857131
100044383|F|0-11:A>T-11:A>T,100058672|F|0-30:C>T-30:C>T,6629814.0,7170197.0,0.01621716539402633
100044383|F|0-11:A>T-11:A>T,100016006|F|0-20:G>A-20:G>A,6629814.0,7243813.0,0.013794971113445386
100044383|F|0-11:A>T-11:A>T,100014225|F|0-25:G>A-25:G>A,6629814.0,7752093.0,0.049167659206196875
100044383|F|0-11:A>T-11:A>T,100019858|F|0-55:G>C-55:G>C,6629814.0,7879011.0,0.0122329543632983
100044383|F|0-11:A>T-11:A>T,100020367|F|0-37:A>T-37:A>T,6629814.0,8687209.0,0.02718477470930234
100044383|F|0-11:A>T-11:A>T,100017575|F|0-33:C>A-33:C>A,6629814.0,8708407.0,0.007043753704801428
100044383|F|0-11:A>T-11:A>T,100021965|F|0-19:C>T-19:C>T,6629814.0,9286898.0,0.04357075850978298
100044383|F|0-11:A>T-11:A>T,100022176|F|0-8:G>A-8:G>A,6629814.0,9450266.0,0.059528641001855474
100044383|F|0-11:A>T-11:A>T,100033258|F|0-23:G>A-23:G>A,6629814.0,9597839.0,5.14816547347883e-05
100044383|F|0-11:A>T-11:A>T,100016832|F|0-65:T>A-65:T>A,6629814.0,9956473.0,0.13828446171634168
100044383|F|0-11:A>T-11:A>T,100015585|F|0-38:T>C-38:T>C,6629814.0,10530371.0,0.02171425340341201
100044383|F|0-11:A>T-11:A>T,100032761|F|0-35:G>T-35:G>T,6629814.0,11013852.0,0.0011540043698748397
100044383|F|0-11:A>T-11:A>T,100018106|F|0-5:T>C-5:T>C,6629814.0,11160342.0,0.0019587744054314626
100044383|F|0-11:A>T-11:A>T,100029056|F|0-22:A>T-22:A>T,6629814.0,11582180.0,0.011131132877679362
100044383|F|0-11:A>T-11:A>T,100019200|F|0-60:C>T-60:C>T,6629814.0,11806800.0,0.0023542131696428522
100044383|F|0-11:A>T-11:A>T,100017507|F|0-36:T>C-36:T>C,6629814.0,12067176.0,0.0004629721080910211
100044383|F|0-11:A>T-11:A>T,100015126|F|0-46:T>G-46:T>G,6629814.0,12238563.0,0.05850662695424541
100044383|F|0-11:A>T-11:A>T,100035996|F|0-47:A>G-47:A>G,6629814.0,12678333.0,0.03599400567977571
100044383|F|0-11:A>T-11:A>T,100041089|F|0-45:A>G-45:A>G,6629814.0,12678338.0,0.03599400567977571
100044383|F|0-11:A>T-11:A>T,100015053|F|0-21:C>T-21:C>T,6629814.0,12815706.0,0.0006993686592206317
100044383|F|0-11:A>T-11:A>T,100016297|F|0-36:A>G-36:A>G,6629814.0,12845233.0,0.02951882102272725
100044383|F|0-11:A>T-11:A>T,100016238|F|0-41:C>A-41:C>A,6629814.0,12849798.0,0.0065524770508389564
100044383|F|0-11:A>T-11:A>T,100016677|F|0-45:G>A-45:G>A,6629814.0,13416059.0,8.338806604731511e-05
100044383|F|0-11:A>T-11:A>T,100035421|F|0-6:T>A-6:T>A,6629814.0,13420106.0,0.06552964492820311
100044383|F|0-11:A>T-11:A>T,100015018|F|0-5:T>A-5:T>A,6629814.0,13421247.0,0.06822241735690526
100044383|F|0-11:A>T-11:A>T,100020103|F|0-18:T>C-18:T>C,6629814.0,13646039.0,0.0005699889440811544
100044383|F|0-11:A>T-11:A>T,100014062|F|0-62:G>A-62:G>A,6629814.0,13646044.0,0.0017578124999999983
100044383|F|0-11:A>T-11:A>T,100039121|F|0-17:A>G-17:A>G,6629814.0,13667695.0,0.00021390431487615266
100044383|F|0-11:A>T-11:A>T,100018973|F|0-53:T>G-53:T>G,6629814.0,13667871.0,0.0017578124999999994
100044383|F|0-11:A>T-11:A>T,100022289|F|0-10:A>G-10:A>G,6629814.0,13667876.0,6.748210760118494e-06
100044383|F|0-11:A>T-11:A>T,100015169|F|0-21:A>G-21:A>G,6629814.0,13718785.0,0.013160695627985235
100044383|F|0-11:A>T-11:A>T,100020673|F|0-43:T>A-43:T>A,6629814.0,13731316.0,0.017287852201152448
100044383|F|0-11:A>T-11:A>T,100015679|F|0-19:G>A-19:G>A,6629814.0,14080553.0,0.0060189040920371265
100044383|F|0-11:A>T-11:A>T,100016059|F|0-15:A>T-15:A>T,6629814.0,14090473.0,0.006082765879294746
100044383|F|0-11:A>T-11:A>T,100019698|F|0-15:C>A-15:C>A,6629814.0,14160112.0,0.1384744550617527
100044383|F|0-11:A>T-11:A>T,100036115|F|0-39:C>T-39:C>T,6629814.0,14240591.0,0.00010235069009503874
100044383|F|0-11:A>T-11:A>T,100035750|F|0-64:T>C-64:T>C,6629814.0,14346419.0,0.06364187102495113
100044383|F|0-11:A>T-11:A>T,100021715|F|0-7:C>A-7:C>A,6629814.0,14348921.0,0.07657313195910054
100044383|F|0-11:A>T-11:A>T,100040569|F|0-37:C>T-37:C>T,6629814.0,14351912.0,0.050714325081884594
100044383|F|0-11:A>T-11:A>T,100015147|F|0-16:C>G-16:C>G,6629814.0,14409032.0,0.07622497547990621
100044383|F|0-11:A>T-11:A>T,100030246|F|0-11:C>A-11:C>A,6629814.0,14458674.0,0.04651703633445209
100044383|F|0-11:A>T-11:A>T,100035083|F|0-24:G>C-24:G>C,6629814.0,14490822.0,0.0005828432293089398
100044383|F|0-11:A>T-11:A>T,100013053|F|0-56:A>T-56:A>T,6629814.0,14502847.0,0.00020102151090983873
100044383|F|0-11:A>T-11:A>T,100044112|F|0-18:T>G-18:T>G,6629814.0,14593733.0,0.0026296325821995427
100044383|F|0-11:A>T-11:A>T,100041853|F|0-21:T>C-21:T>C,6629814.0,14595838.0,0.0001728697593167704
100044383|F|0-11:A>T-11:A>T,100033723|F|0-20:T>C-20:T>C,6629814.0,14595843.0,0.009148314916736238
100044383|F|0-11:A>T-11:A>T,100017564|F|0-8:A>T-8:A>T,6629814.0,14625545.0,0.019290371274409076
100044383|F|0-11:A>T-11:A>T,100057963|F|0-26:C>T-26:C>T,6629814.0,14656009.0,0.07175021701388885
100044383|F|0-11:A>T-11:A>T,100019295|F|0-19:G>T-19:G>T,6629814.0,14656014.0,0.03278214616096198
100044383|F|0-11:A>T-11:A>T,100035362|F|0-6:C>A-6:C>A,6629814.0,14658473.0,0.05773700806944303
100044383|F|0-11:A>T-11:A>T,100014679|F|0-16:C>A-16:C>A,6629814.0,14859822.0,0.0030866025704974717
100044383|F|0-11:A>T-11:A>T,100021838|F|0-57:A>G-57:A>G,6629814.0,14928961.0,0.00021300023915816154
100044383|F|0-11:A>T-11:A>T,100046294|F|0-6:C>G-6:C>G,6629814.0,15124860.0,0.0004682033893444961
100044383|F|0-11:A>T-11:A>T,100045141|F|0-49:C>T-49:C>T,6629814.0,15225158.0,0.0821316603628083
100044383|F|0-11:A>T-11:A>T,100043254|F|0-7:C>G-7:C>G,6629814.0,15229542.0,0.09080159788763047
100044383|F|0-11:A>T-11:A>T,100013673|F|0-63:C>A-63:C>A,6629814.0,15256237.0,0.09927978849484917
100044383|F|0-11:A>T-11:A>T,100016806|F|0-26:T>A-26:T>A,6629814.0,15351778.0,0.016991533087115415
100044383|F|0-11:A>T-11:A>T,100033542|F|0-31:T>C-31:T>C,6629814.0,15394673.0,0.0001512793914246197
100044383|F|0-11:A>T-11:A>T,100029793|F|0-30:G>A-30:G>A,6629814.0,15400977.0,0.015379792913767915
100044383|F|0-11:A>T-11:A>T,100021703|F|0-41:T>C-41:T>C,6629814.0,15431799.0,0.018662999010569722
100044383|F|0-11:A>T-11:A>T,100017056|F|0-15:G>A-15:G>A,6629814.0,15535069.0,0.00098079562052394
100044383|F|0-11:A>T-11:A>T,100021184|F|0-17:T>G-17:T>G,6629814.0,15536283.0,0.00098079562052394
100044383|F|0-11:A>T-11:A>T,100044126|F|0-46:C>T-46:C>T,6629814.0,15556197.0,0.0032462654532967182
100044383|F|0-11:A>T-11:A>T,100017834|F|0-8:C>T-8:C>T,6629814.0,15619447.0,0.03961226963179562
100044383|F|0-11:A>T-11:A>T,100020292|F|0-58:T>C-58:T>C,6629814.0,15819325.0,0.020365319812392903
100044383|F|0-11:A>T-11:A>T,100015600|F|0-30:C>A-30:C>A,6629814.0,15832699.0,0.016880652716545638
100044383|F|0-11:A>T-11:A>T,100049389|F|0-23:C>A-23:C>A,6629814.0,15838578.0,0.022869923457974683
100044383|F|0-11:A>T-11:A>T,100038568|F|0-15:C>T-15:C>T,6629814.0,15839422.0,0.016880652716545638
100044383|F|0-11:A>T-11:A>T,100018705|F|0-34:T>C-34:T>C,6629814.0,15915251.0,0.0765731319591005
100044383|F|0-11:A>T-11:A>T,100019856|F|0-16:C>T-16:C>T,6629814.0,15948596.0,0.00927884924203489
100044383|F|0-11:A>T-11:A>T,100034716|F|0-53:A>G-53:A>G,6629814.0,15958067.0,0.02560016224661486
100044383|F|0-11:A>T-11:A>T,100021071|F|0-60:A>G-60:A>G,6629814.0,15967627.0,0.030136769250969607
100044383|F|0-11:A>T-11:A>T,100020211|F|0-33:C>A-33:C>A,6629814.0,15977146.0,0.03243098365049584
100044383|F|0-11:A>T-11:A>T,100013484|F|0-22:G>A-22:G>A,6629814.0,16177456.0,0.011913767019667225
100044383|F|0-11:A>T-11:A>T,100021316|F|0-63:C>A-63:C>A,6629814.0,16179198.0,0.03207687604463661
100044383|F|0-11:A>T-11:A>T,100017187|F|0-41:T>C-41:T>C,6629814.0,16245982.0,0.0004904610770089292
100044383|F|0-11:A>T-11:A>T,100029840|F|0-31:T>C-31:T>C,6629814.0,16252498.0,0.009618153054800535
100044383|F|0-11:A>T-11:A>T,100013453|F|0-6:G>A-6:G>A,6629814.0,16307679.0,0.03157094009852594
100044383|F|0-11:A>T-11:A>T,100016783|F|0-52:G>T-52:G>T,6629814.0,16317524.0,0.034110134842675104
100044383|F|0-11:A>T-11:A>T,100014400|F|0-16:A>T-16:A>T,6629814.0,16381041.0,0.000860023323745043
100044383|F|0-11:A>T-11:A>T,100016625|F|0-16:T>C-16:T>C,6629814.0,16411184.0,0.0008600233237450427
100044383|F|0-11:A>T-11:A>T,100015226|F|0-25:T>A-25:T>A,6629814.0,16581877.0,0.014831514000949248
100044383|F|0-11:A>T-11:A>T,100017539|F|0-11:A>T-11:A>T,6629814.0,16662610.0,0.00702736244960947
100044383|F|0-11:A>T-11:A>T,100033601|F|0-15:C>A-15:C>A,6629814.0,16769146.0,0.024771876462330356
100044383|F|0-11:A>T-11:A>T,100039949|F|0-62:A>T-62:A>T,6629814.0,16793350.0,0.02272002551020408
100044383|F|0-11:A>T-11:A>T,100035334|F|0-35:T>C-35:T>C,6629814.0,16832622.0,0.0016552460497117453
100044383|F|0-11:A>T-11:A>T,100021345|F|0-28:C>T-28:C>T,6629814.0,16899147.0,0.029281106749452633
100044383|F|0-11:A>T-11:A>T,100022139|F|0-65:T>C-65:T>C,6629814.0,16965771.0,0.026177463555512804
100044383|F|0-11:A>T-11:A>T,100044804|F|0-53:G>C-53:G>C,6629814.0,16968917.0,0.011508271540799135
100044383|F|0-11:A>T-11:A>T,100030290|F|0-11:A>C-11:A>C,6629814.0,16971407.0,0.026177463555512804
100044383|F|0-11:A>T-11:A>T,100017336|F|0-39:A>G-39:A>G,6629814.0,16987827.0,0.017679533100136285
100044383|F|0-11:A>T-11:A>T,100029568|F|0-9:T>G-9:T>G,6629814.0,16988131.0,0.003617288741900649
100044383|F|0-11:A>T-11:A>T,100034247|F|0-37:G>C-37:G>C,6629814.0,16999534.0,0.008781695108334845
100044383|F|0-11:A>T-11:A>T,100012983|F|0-45:A>T-45:A>T,6629814.0,17017248.0,0.0028905447070914484
100044383|F|0-11:A>T-11:A>T,100020033|F|0-7:G>A-7:G>A,6629814.0,17020316.0,0.0326303177521009
100044383|F|0-11:A>T-11:A>T,100018782|F|0-63:C>T-63:C>T,6629814.0,17424649.0,0.011182479492338662
100044383|F|0-11:A>T-11:A>T,100019630|F|0-24:A>T-24:A>T,6629814.0,17521232.0,0.002812595100426049
100044383|F|0-11:A>T-11:A>T,100021757|F|0-47:G>A-47:G>A,6629814.0,17521694.0,0.00013769712430426707
100044383|F|0-11:A>T-11:A>T,100038944|F|0-45:C>T-45:C>T,6629814.0,17607936.0,0.008204857343366656
100044383|F|0-11:A>T-11:A>T,100047378|F|0-35:C>T-35:C>T,6629814.0,17706505.0,0.019554589896795187
100044383|F|0-11:A>T-11:A>T,100029543|F|0-46:T>C-46:T>C,6629814.0,18278899.0,0.012832641601562493
100044383|F|0-11:A>T-11:A>T,100021798|F|0-27:T>C-27:T>C,6629814.0,18732658.0,0.009157804474985732
100044383|F|0-11:A>T-11:A>T,100017716|F|0-8:C>T-8:C>T,6629814.0,18851585.0,0.01005284926470585
100017856|F|0-8:G>C-8:G>C,100058672|F|0-30:C>T-30:C>T,6634620.0,7170197.0,0.028534946870492895
100017856|F|0-8:G>C-8:G>C,100016006|F|0-20:G>A-20:G>A,6634620.0,7243813.0,0.015431078798560646
100017856|F|0-8:G>C-8:G>C,100014225|F|0-25:G>A-25:G>A,6634620.0,7752093.0,0.05499902952403553
100017856|F|0-8:G>C-8:G>C,100019858|F|0-55:G>C-55:G>C,6634620.0,7879011.0,0.013683804131729387
100017856|F|0-8:G>C-8:G>C,100020367|F|0-37:A>T-37:A>T,6634620.0,8687209.0,0.017652353163197163
100017856|F|0-8:G>C-8:G>C,100017575|F|0-33:C>A-33:C>A,6634620.0,8708407.0,0.007879155205370887
100017856|F|0-8:G>C-8:G>C,100021965|F|0-19:C>T-19:C>T,6634620.0,9286898.0,0.028683950409080537
100017856|F|0-8:G>C-8:G>C,100022176|F|0-8:G>A-8:G>A,6634620.0,9450266.0,0.06658884186974073
100017856|F|0-8:G>C-8:G>C,100033258|F|0-23:G>A-23:G>A,6634620.0,9597839.0,5.7587468966754024e-05
100017856|F|0-8:G>C-8:G>C,100016832|F|0-65:T>A-65:T>A,6634620.0,9956473.0,0.12130183493654473
100017856|F|0-8:G>C-8:G>C,100015585|F|0-38:T>C-38:T>C,6634620.0,10530371.0,0.02428960180955954
100017856|F|0-8:G>C-8:G>C,100032761|F|0-35:G>T-35:G>T,6634620.0,11013852.0,0.0031720168520467207
100017856|F|0-8:G>C-8:G>C,100018106|F|0-5:T>C-5:T>C,6634620.0,11160342.0,0.0021910884734913775
100017856|F|0-8:G>C-8:G>C,100029056|F|0-22:A>T-22:A>T,6634620.0,11582180.0,0.005777958369648007
100017856|F|0-8:G>C-8:G>C,100019200|F|0-60:C>T-60:C>T,6634620.0,11806800.0,0.0005872379577611327
100017856|F|0-8:G>C-8:G>C,100017507|F|0-36:T>C-36:T>C,6634620.0,12067176.0,3.682712243913414e-05
100017856|F|0-8:G>C-8:G>C,100015126|F|0-46:T>G-46:T>G,6634620.0,12238563.0,0.06544561516979279
100017856|F|0-8:G>C-8:G>C,100035996|F|0-47:A>G-47:A>G,6634620.0,12678333.0,0.021729569291531088
100017856|F|0-8:G>C-8:G>C,100041089|F|0-45:A>G-45:A>G,6634620.0,12678338.0,0.021729569291531088
100017856|F|0-8:G>C-8:G>C,100015053|F|0-21:C>T-21:C>T,6634620.0,12815706.0,0.0003296365777957022
100017856|F|0-8:G>C-8:G>C,100016297|F|0-36:A>G-36:A>G,6634620.0,12845233.0,0.024259448416751817
100017856|F|0-8:G>C-8:G>C,100016238|F|0-41:C>A-41:C>A,6634620.0,12849798.0,0.007329612281587633
100017856|F|0-8:G>C-8:G>C,100016677|F|0-45:G>A-45:G>A,6634620.0,13416059.0,0.0028749821429680557
100017856|F|0-8:G>C-8:G>C,100035421|F|0-6:T>A-6:T>A,6634620.0,13420106.0,0.054120493712755985
100017856|F|0-8:G>C-8:G>C,100015018|F|0-5:T>A-5:T>A,6634620.0,13421247.0,0.04318804009535055
100017856|F|0-8:G>C-8:G>C,100020103|F|0-18:T>C-18:T>C,6634620.0,13646039.0,0.0043438952483105114
100017856|F|0-8:G>C-8:G>C,100014062|F|0-62:G>A-62:G>A,6634620.0,13646044.0,0.00713393971820939
100017856|F|0-8:G>C-8:G>C,100039121|F|0-17:A>G-17:A>G,6634620.0,13667695.0,0.0004933349442229468
100017856|F|0-8:G>C-8:G>C,100018973|F|0-53:T>G-53:T>G,6634620.0,13667871.0,0.0019662921348314617
100017856|F|0-8:G>C-8:G>C,100022289|F|0-10:A>G-10:A>G,6634620.0,13667876.0,0.0016027596304224857
100017856|F|0-8:G>C-8:G>C,100015169|F|0-21:A>G-21:A>G,6634620.0,13718785.0,0.004880155504707272
100017856|F|0-8:G>C-8:G>C,100020673|F|0-43:T>A-43:T>A,6634620.0,13731316.0,0.019338221688180626
100017856|F|0-8:G>C-8:G>C,100015679|F|0-19:G>A-19:G>A,6634620.0,14080553.0,0.0012908713051284152
100017856|F|0-8:G>C-8:G>C,100016059|F|0-15:A>T-15:A>T,6634620.0,14090473.0,0.0012447356152910153
100017856|F|0-8:G>C-8:G>C,100019698|F|0-15:C>A-15:C>A,6634620.0,14160112.0,0.1117362075495519
100017856|F|0-8:G>C-8:G>C,100036115|F|0-39:C>T-39:C>T,6634620.0,14240591.0,0.0027209183456726074
100017856|F|0-8:G>C-8:G>C,100035750|F|0-64:T>C-64:T>C,6634620.0,14346419.0,0.056863940764683346
100017856|F|0-8:G>C-8:G>C,100021715|F|0-7:C>A-7:C>A,6634620.0,14348921.0,0.07069367887695147
100017856|F|0-8:G>C-8:G>C,100040569|F|0-37:C>T-37:C>T,6634620.0,14351912.0,0.05672913267586589
100017856|F|0-8:G>C-8:G>C,100015147|F|0-16:C>G-16:C>G,6634620.0,14409032.0,0.085265390798996
100017856|F|0-8:G>C-8:G>C,100030246|F|0-11:C>A-11:C>A,6634620.0,14458674.0,0.03043979754622352
100017856|F|0-8:G>C-8:G>C,100035083|F|0-24:G>C-24:G>C,6634620.0,14490822.0,0.0006519694550072457
100017856|F|0-8:G>C-8:G>C,100013053|F|0-56:A>T-56:A>T,6634620.0,14502847.0,0.00022486301345220623
100017856|F|0-8:G>C-8:G>C,100044112|F|0-18:T>G-18:T>G,6634620.0,14593733.0,0.0018825674256385874
100017856|F|0-8:G>C-8:G>C,100041853|F|0-21:T>C-21:T>C,6634620.0,14595838.0,0.00019337241491613666
100017856|F|0-8:G>C-8:G>C,100033723|F|0-20:T>C-20:T>C,6634620.0,14595843.0,0.0043437581798625845
100017856|F|0-8:G>C-8:G>C,100017564|F|0-8:A>T-8:A>T,6634620.0,14625545.0,0.021578243023558586
100017856|F|0-8:G>C-8:G>C,100057963|F|0-26:C>T-26:C>T,6634620.0,14656009.0,0.08025991815785814
100017856|F|0-8:G>C-8:G>C,100019295|F|0-19:G>T-19:G>T,6634620.0,14656014.0,0.036670165992786566
100017856|F|0-8:G>C-8:G>C,100035362|F|0-6:C>A-6:C>A,6634620.0,14658473.0,0.06458471814010107
100017856|F|0-8:G>C-8:G>C,100014679|F|0-16:C>A-16:C>A,6634620.0,14859822.0,0.003452679030169454
100017856|F|0-8:G>C-8:G>C,100021838|F|0-57:A>G-57:A>G,6634620.0,14928961.0,0.00010589441769217044
100017856|F|0-8:G>C-8:G>C,100046294|F|0-6:C>G-6:C>G,6634620.0,15124860.0,2.4347097969442005e-06
100017856|F|0-8:G>C-8:G>C,100045141|F|0-49:C>T-49:C>T,6634620.0,15225158.0,0.06030587866811589
100017856|F|0-8:G>C-8:G>C,100043254|F|0-7:C>G-7:C>G,6634620.0,15229542.0,0.06685811942389089
100017856|F|0-8:G>C-8:G>C,100013673|F|0-63:C>A-63:C>A,6634620.0,15256237.0,0.07468687433624364
100017856|F|0-8:G>C-8:G>C,100016806|F|0-26:T>A-26:T>A,6634620.0,15351778.0,0.019006758609307648
100017856|F|0-8:G>C-8:G>C,100033542|F|0-31:T>C-31:T>C,6634620.0,15394673.0,0.00016922139165600428
100017856|F|0-8:G>C-8:G>C,100029793|F|0-30:G>A-30:G>A,6634620.0,15400977.0,0.008322163829754134
100017856|F|0-8:G>C-8:G>C,100021703|F|0-41:T>C-41:T>C,6634620.0,15431799.0,0.030645170643530402
100017856|F|0-8:G>C-8:G>C,100017056|F|0-15:G>A-15:G>A,6634620.0,15535069.0,0.0010971196953676098
100017856|F|0-8:G>C-8:G>C,100021184|F|0-17:T>G-17:T>G,6634620.0,15536283.0,0.0010971196953676098
100017856|F|0-8:G>C-8:G>C,100044126|F|0-46:C>T-46:C>T,6634620.0,15556197.0,0.0036312782099298803
100017856|F|0-8:G>C-8:G>C,100017834|F|0-8:C>T-8:C>T,6634620.0,15619447.0,0.04431035404505474
100017856|F|0-8:G>C-8:G>C,100020292|F|0-58:T>C-58:T>C,6634620.0,15819325.0,0.022780682336958836
100017856|F|0-8:G>C-8:G>C,100015600|F|0-30:C>A-30:C>A,6634620.0,15832699.0,0.018882727632989878
100017856|F|0-8:G>C-8:G>C,100049389|F|0-23:C>A-23:C>A,6634620.0,15838578.0,0.02558233635249105
100017856|F|0-8:G>C-8:G>C,100038568|F|0-15:C>T-15:C>T,6634620.0,15839422.0,0.018882727632989878
100017856|F|0-8:G>C-8:G>C,100018705|F|0-34:T>C-34:T>C,6634620.0,15915251.0,0.08565483924513619
100017856|F|0-8:G>C-8:G>C,100019856|F|0-16:C>T-16:C>T,6634620.0,15948596.0,0.010379336979854253
100017856|F|0-8:G>C-8:G>C,100034716|F|0-53:A>G-53:A>G,6634620.0,15958067.0,0.03893837484412019
100017856|F|0-8:G>C-8:G>C,100021071|F|0-60:A>G-60:A>G,6634620.0,15967627.0,0.044871883138158694
100017856|F|0-8:G>C-8:G>C,100020211|F|0-33:C>A-33:C>A,6634620.0,15977146.0,0.04672871680099688
100017856|F|0-8:G>C-8:G>C,100013484|F|0-22:G>A-22:G>A,6634620.0,16177456.0,0.013326760611263155
100017856|F|0-8:G>C-8:G>C,100021316|F|0-63:C>A-63:C>A,6634620.0,16179198.0,0.03588124960798313
100017856|F|0-8:G>C-8:G>C,100017187|F|0-41:T>C-41:T>C,6634620.0,16245982.0,0.0005486306179775279
100017856|F|0-8:G>C-8:G>C,100029840|F|0-31:T>C-31:T>C,6634620.0,16252498.0,0.005723120302196413
100017856|F|0-8:G>C-8:G>C,100013453|F|0-6:G>A-6:G>A,6634620.0,16307679.0,0.035315308774381195
100017856|F|0-8:G>C-8:G>C,100016783|F|0-52:G>T-52:G>T,6634620.0,16317524.0,0.0381556564532295
100017856|F|0-8:G>C-8:G>C,100014400|F|0-16:A>T-16:A>T,6634620.0,16381041.0,0.003931294007935557
100017856|F|0-8:G>C-8:G>C,100016625|F|0-16:T>C-16:T>C,6634620.0,16411184.0,0.0009620235931030636
100017856|F|0-8:G>C-8:G>C,100015226|F|0-25:T>A-25:T>A,6634620.0,16581877.0,0.016590557484207864
100017856|F|0-8:G>C-8:G>C,100017539|F|0-11:A>T-11:A>T,6634620.0,16662610.0,0.007860819918664271
100017856|F|0-8:G>C-8:G>C,100033601|F|0-15:C>A-15:C>A,6634620.0,16769146.0,0.027709864307425763
100017856|F|0-8:G>C-8:G>C,100039949|F|0-62:A>T-62:A>T,6634620.0,16793350.0,0.02541466024612092
100017856|F|0-8:G>C-8:G>C,100035334|F|0-35:T>C-35:T>C,6634620.0,16832622.0,0.0018515611242718138
100017856|F|0-8:G>C-8:G>C,100021345|F|0-28:C>T-28:C>T,6634620.0,16899147.0,0.024027750871755137
100017856|F|0-8:G>C-8:G>C,100022139|F|0-65:T>C-65:T>C,6634620.0,16965771.0,0.020983809415507797
100017856|F|0-8:G>C-8:G>C,100044804|F|0-53:G>C-53:G>C,6634620.0,16968917.0,0.007644771687779359
100017856|F|0-8:G>C-8:G>C,100030290|F|0-11:A>C-11:A>C,6634620.0,16971407.0,0.020983809415507797
100017856|F|0-8:G>C-8:G>C,100017336|F|0-39:A>G-39:A>G,6634620.0,16987827.0,0.006834126542775595
100017856|F|0-8:G>C-8:G>C,100029568|F|0-9:T>G-9:T>G,6634620.0,16988131.0,0.007792635016164994
100017856|F|0-8:G>C-8:G>C,100034247|F|0-37:G>C-37:G>C,6634620.0,16999534.0,0.00982321949696383
100017856|F|0-8:G>C-8:G>C,100012983|F|0-45:A>T-45:A>T,6634620.0,17017248.0,0.003233368361490551
100017856|F|0-8:G>C-8:G>C,100020033|F|0-7:G>A-7:G>A,6634620.0,17020316.0,0.0273261364470882
100017856|F|0-8:G>C-8:G>C,100018782|F|0-63:C>T-63:C>T,6634620.0,17424649.0,0.005296906764702303
100017856|F|0-8:G>C-8:G>C,100019630|F|0-24:A>T-24:A>T,6634620.0,17521232.0,0.007287850776912304
100017856|F|0-8:G>C-8:G>C,100021757|F|0-47:G>A-47:G>A,6634620.0,17521694.0,0.0018868459879695834
100017856|F|0-8:G>C-8:G>C,100038944|F|0-45:C>T-45:C>T,6634620.0,17607936.0,0.0027739434029787646
100017856|F|0-8:G>C-8:G>C,100047378|F|0-35:C>T-35:C>T,6634620.0,17706505.0,0.005582969007371964
100017856|F|0-8:G>C-8:G>C,100029543|F|0-46:T>C-46:T>C,6634620.0,18278899.0,0.008422873333556293
100017856|F|0-8:G>C-8:G>C,100021798|F|0-27:T>C-27:T>C,6634620.0,18732658.0,0.010243936091869176
100017856|F|0-8:G>C-8:G>C,100017716|F|0-8:C>T-8:C>T,6634620.0,18851585.0,0.011245134758023063
100058672|F|0-30:C>T-30:C>T,100016006|F|0-20:G>A-20:G>A,7170197.0,7243813.0,0.0003073126597427734
100058672|F|0-30:C>T-30:C>T,100014225|F|0-25:G>A-25:G>A,7170197.0,7752093.0,0.03499193220619629
100058672|F|0-30:C>T-30:C>T,100019858|F|0-55:G>C-55:G>C,7170197.0,7879011.0,0.004152737220306278
100058672|F|0-30:C>T-30:C>T,100020367|F|0-37:A>T-37:A>T,7170197.0,8687209.0,0.109457148230308
100058672|F|0-30:C>T-30:C>T,100017575|F|0-33:C>A-33:C>A,7170197.0,8708407.0,0.0015825441938762167
100058672|F|0-30:C>T-30:C>T,100021965|F|0-19:C>T-19:C>T,7170197.0,9286898.0,0.004601361639779966
100058672|F|0-30:C>T-30:C>T,100022176|F|0-8:G>A-8:G>A,7170197.0,9450266.0,0.0016510526005375228
100058672|F|0-30:C>T-30:C>T,100033258|F|0-23:G>A-23:G>A,7170197.0,9597839.0,0.013190743045341086
100058672|F|0-30:C>T-30:C>T,100016832|F|0-65:T>A-65:T>A,7170197.0,9956473.0,0.0004228312674518365
100058672|F|0-30:C>T-30:C>T,100015585|F|0-38:T>C-38:T>C,7170197.0,10530371.0,0.0015077903863708194
100058672|F|0-30:C>T-30:C>T,100032761|F|0-35:G>T-35:G>T,7170197.0,11013852.0,0.0016783594901663805
100058672|F|0-30:C>T-30:C>T,100018106|F|0-5:T>C-5:T>C,7170197.0,11160342.0,0.026985520843749448
100058672|F|0-30:C>T-30:C>T,100029056|F|0-22:A>T-22:A>T,7170197.0,11582180.0,0.008312936681799107
100058672|F|0-30:C>T-30:C>T,100019200|F|0-60:C>T-60:C>T,7170197.0,11806800.0,0.0037840052586061543
100058672|F|0-30:C>T-30:C>T,100017507|F|0-36:T>C-36:T>C,7170197.0,12067176.0,0.00796446940238794
100058672|F|0-30:C>T-30:C>T,100015126|F|0-46:T>G-46:T>G,7170197.0,12238563.0,0.016784948483942512
100058672|F|0-30:C>T-30:C>T,100035996|F|0-47:A>G-47:A>G,7170197.0,12678333.0,0.042046167206691465
100058672|F|0-30:C>T-30:C>T,100041089|F|0-45:A>G-45:A>G,7170197.0,12678338.0,0.042046167206691465
100058672|F|0-30:C>T-30:C>T,100015053|F|0-21:C>T-21:C>T,7170197.0,12815706.0,0.05817695020758228
100058672|F|0-30:C>T-30:C>T,100016297|F|0-36:A>G-36:A>G,7170197.0,12845233.0,0.002376424617953721
100058672|F|0-30:C>T-30:C>T,100016238|F|0-41:C>A-41:C>A,7170197.0,12849798.0,0.001760077275650101
100058672|F|0-30:C>T-30:C>T,100016677|F|0-45:G>A-45:G>A,7170197.0,13416059.0,0.148833116543127
100058672|F|0-30:C>T-30:C>T,100035421|F|0-6:T>A-6:T>A,7170197.0,13420106.0,0.01780710534192493
100058672|F|0-30:C>T-30:C>T,100015018|F|0-5:T>A-5:T>A,7170197.0,13421247.0,0.008154699098928464
100058672|F|0-30:C>T-30:C>T,100020103|F|0-18:T>C-18:T>C,7170197.0,13646039.0,0.03924368237090797
100058672|F|0-30:C>T-30:C>T,100014062|F|0-62:G>A-62:G>A,7170197.0,13646044.0,0.02770986119502941
100058672|F|0-30:C>T-30:C>T,100039121|F|0-17:A>G-17:A>G,7170197.0,13667695.0,0.029788568234055658
100058672|F|0-30:C>T-30:C>T,100018973|F|0-53:T>G-53:T>G,7170197.0,13667871.0,0.02770986119502941
100058672|F|0-30:C>T-30:C>T,100022289|F|0-10:A>G-10:A>G,7170197.0,13667876.0,0.020686385794026423
100058672|F|0-30:C>T-30:C>T,100015169|F|0-21:A>G-21:A>G,7170197.0,13718785.0,0.034090005842268324
100058672|F|0-30:C>T-30:C>T,100020673|F|0-43:T>A-43:T>A,7170197.0,13731316.0,0.02875851024862486
100058672|F|0-30:C>T-30:C>T,100015679|F|0-19:G>A-19:G>A,7170197.0,14080553.0,0.002083905946565759
100058672|F|0-30:C>T-30:C>T,100016059|F|0-15:A>T-15:A>T,7170197.0,14090473.0,1.4351252680059875e-06
100058672|F|0-30:C>T-30:C>T,100019698|F|0-15:C>A-15:C>A,7170197.0,14160112.0,0.020546333711973692
100058672|F|0-30:C>T-30:C>T,100036115|F|0-39:C>T-39:C>T,7170197.0,14240591.0,0.0012313160436151196
100058672|F|0-30:C>T-30:C>T,100035750|F|0-64:T>C-64:T>C,7170197.0,14346419.0,0.005599373867586141
100058672|F|0-30:C>T-30:C>T,100021715|F|0-7:C>A-7:C>A,7170197.0,14348921.0,0.014639511809794503
100058672|F|0-30:C>T-30:C>T,100040569|F|0-37:C>T-37:C>T,7170197.0,14351912.0,0.007288386182515488
100058672|F|0-30:C>T-30:C>T,100015147|F|0-16:C>G-16:C>G,7170197.0,14409032.0,4.053370831946097e-05
100058672|F|0-30:C>T-30:C>T,100030246|F|0-11:C>A-11:C>A,7170197.0,14458674.0,0.008885743011661864
100058672|F|0-30:C>T-30:C>T,100035083|F|0-24:G>C-24:G>C,7170197.0,14490822.0,0.0005897504634086721
100058672|F|0-30:C>T-30:C>T,100013053|F|0-56:A>T-56:A>T,7170197.0,14502847.0,0.0014684499520389645
100058672|F|0-30:C>T-30:C>T,100044112|F|0-18:T>G-18:T>G,7170197.0,14593733.0,0.00024188538834188432
100058672|F|0-30:C>T-30:C>T,100041853|F|0-21:T>C-21:T>C,7170197.0,14595838.0,0.008382343497366341
100058672|F|0-30:C>T-30:C>T,100033723|F|0-20:T>C-20:T>C,7170197.0,14595843.0,0.005843886403545841
100058672|F|0-30:C>T-30:C>T,100017564|F|0-8:A>T-8:A>T,7170197.0,14625545.0,0.01344479452193106
100058672|F|0-30:C>T-30:C>T,100057963|F|0-26:C>T-26:C>T,7170197.0,14656009.0,0.14286694594966878
100058672|F|0-30:C>T-30:C>T,100019295|F|0-19:G>T-19:G>T,7170197.0,14656014.0,0.11135882377558866
100058672|F|0-30:C>T-30:C>T,100035362|F|0-6:C>A-6:C>A,7170197.0,14658473.0,0.16323803208352433
100058672|F|0-30:C>T-30:C>T,100014679|F|0-16:C>A-16:C>A,7170197.0,14859822.0,0.009124462314304506
100058672|F|0-30:C>T-30:C>T,100021838|F|0-57:A>G-57:A>G,7170197.0,14928961.0,0.0262143218578616
100058672|F|0-30:C>T-30:C>T,100046294|F|0-6:C>G-6:C>G,7170197.0,15124860.0,0.06981170510902733
100058672|F|0-30:C>T-30:C>T,100045141|F|0-49:C>T-49:C>T,7170197.0,15225158.0,0.0005456916271708704
100058672|F|0-30:C>T-30:C>T,100043254|F|0-7:C>G-7:C>G,7170197.0,15229542.0,0.00401047322070399
100058672|F|0-30:C>T-30:C>T,100013673|F|0-63:C>A-63:C>A,7170197.0,15256237.0,0.005788124884363165
100058672|F|0-30:C>T-30:C>T,100016806|F|0-26:T>A-26:T>A,7170197.0,15351778.0,0.005882924250006548
100058672|F|0-30:C>T-30:C>T,100033542|F|0-31:T>C-31:T>C,7170197.0,15394673.0,0.03863872913788009
100058672|F|0-30:C>T-30:C>T,100029793|F|0-30:G>A-30:G>A,7170197.0,15400977.0,0.047481355158071344
100058672|F|0-30:C>T-30:C>T,100021703|F|0-41:T>C-41:T>C,7170197.0,15431799.0,0.0025821189027414033
100058672|F|0-30:C>T-30:C>T,100017056|F|0-15:G>A-15:G>A,7170197.0,15535069.0,0.0003063216192100354
100058672|F|0-30:C>T-30:C>T,100021184|F|0-17:T>G-17:T>G,7170197.0,15536283.0,0.0003063216192100354
100058672|F|0-30:C>T-30:C>T,100044126|F|0-46:C>T-46:C>T,7170197.0,15556197.0,0.0019574611881468893
100058672|F|0-30:C>T-30:C>T,100017834|F|0-8:C>T-8:C>T,7170197.0,15619447.0,0.014237622429084856
100058672|F|0-30:C>T-30:C>T,100020292|F|0-58:T>C-58:T>C,7170197.0,15819325.0,0.03436388963058973
100058672|F|0-30:C>T-30:C>T,100015600|F|0-30:C>A-30:C>A,7170197.0,15832699.0,0.02999318765184906
100058672|F|0-30:C>T-30:C>T,100049389|F|0-23:C>A-23:C>A,7170197.0,15838578.0,0.03024555858834004
100058672|F|0-30:C>T-30:C>T,100038568|F|0-15:C>T-15:C>T,7170197.0,15839422.0,0.02999318765184906
100058672|F|0-30:C>T-30:C>T,100018705|F|0-34:T>C-34:T>C,7170197.0,15915251.0,0.050775435288470276
100058672|F|0-30:C>T-30:C>T,100019856|F|0-16:C>T-16:C>T,7170197.0,15948596.0,0.00014388008406347172
100058672|F|0-30:C>T-30:C>T,100034716|F|0-53:A>G-53:A>G,7170197.0,15958067.0,0.030909315916793134
100058672|F|0-30:C>T-30:C>T,100021071|F|0-60:A>G-60:A>G,7170197.0,15967627.0,0.0356193399763372
100058672|F|0-30:C>T-30:C>T,100020211|F|0-33:C>A-33:C>A,7170197.0,15977146.0,0.022309541951895533
100058672|F|0-30:C>T-30:C>T,100013484|F|0-22:G>A-22:G>A,7170197.0,16177456.0,0.012411378005954024
100058672|F|0-30:C>T-30:C>T,100021316|F|0-63:C>A-63:C>A,7170197.0,16179198.0,0.014327372116583243
100058672|F|0-30:C>T-30:C>T,100017187|F|0-41:T>C-41:T>C,7170197.0,16245982.0,0.028698020593654797
100058672|F|0-30:C>T-30:C>T,100029840|F|0-31:T>C-31:T>C,7170197.0,16252498.0,0.04021972855611592
100058672|F|0-30:C>T-30:C>T,100013453|F|0-6:G>A-6:G>A,7170197.0,16307679.0,0.00406898253681045
100058672|F|0-30:C>T-30:C>T,100016783|F|0-52:G>T-52:G>T,7170197.0,16317524.0,0.006793352018786163
100058672|F|0-30:C>T-30:C>T,100014400|F|0-16:A>T-16:A>T,7170197.0,16381041.0,0.01717609474786136
100058672|F|0-30:C>T-30:C>T,100016625|F|0-16:T>C-16:T>C,7170197.0,16411184.0,0.01717609474786136
100058672|F|0-30:C>T-30:C>T,100015226|F|0-25:T>A-25:T>A,7170197.0,16581877.0,0.00011812082205875252
100058672|F|0-30:C>T-30:C>T,100017539|F|0-11:A>T-11:A>T,7170197.0,16662610.0,0.12496472991487659
100058672|F|0-30:C>T-30:C>T,100033601|F|0-15:C>A-15:C>A,7170197.0,16769146.0,0.014921239844878512
100058672|F|0-30:C>T-30:C>T,100039949|F|0-62:A>T-62:A>T,7170197.0,16793350.0,0.013216387270005236
100058672|F|0-30:C>T-30:C>T,100035334|F|0-35:T>C-35:T>C,7170197.0,16832622.0,1.676805813346686e-07
100058672|F|0-30:C>T-30:C>T,100021345|F|0-28:C>T-28:C>T,7170197.0,16899147.0,0.018166155178760388
100058672|F|0-30:C>T-30:C>T,100022139|F|0-65:T>C-65:T>C,7170197.0,16965771.0,0.014712752441985041
100058672|F|0-30:C>T-30:C>T,100044804|F|0-53:G>C-53:G>C,7170197.0,16968917.0,0.0077341808153041005
100058672|F|0-30:C>T-30:C>T,100030290|F|0-11:A>C-11:A>C,7170197.0,16971407.0,0.014712752441985041
100058672|F|0-30:C>T-30:C>T,100017336|F|0-39:A>G-39:A>G,7170197.0,16987827.0,0.018410541726581808
100058672|F|0-30:C>T-30:C>T,100029568|F|0-9:T>G-9:T>G,7170197.0,16988131.0,0.009967294003806531
100058672|F|0-30:C>T-30:C>T,100034247|F|0-37:G>C-37:G>C,7170197.0,16999534.0,0.018884895252940227
100058672|F|0-30:C>T-30:C>T,100012983|F|0-45:A>T-45:A>T,7170197.0,17017248.0,0.000986932549414966
100058672|F|0-30:C>T-30:C>T,100020033|F|0-7:G>A-7:G>A,7170197.0,17020316.0,0.02427866047174066
100058672|F|0-30:C>T-30:C>T,100018782|F|0-63:C>T-63:C>T,7170197.0,17424649.0,0.010024158750641839
100058672|F|0-30:C>T-30:C>T,100019630|F|0-24:A>T-24:A>T,7170197.0,17521232.0,0.006740527454606567
100058672|F|0-30:C>T-30:C>T,100021757|F|0-47:G>A-47:G>A,7170197.0,17521694.0,0.007569847305480881
100058672|F|0-30:C>T-30:C>T,100038944|F|0-45:C>T-45:C>T,7170197.0,17607936.0,0.0014677331340688922
100058672|F|0-30:C>T-30:C>T,100047378|F|0-35:C>T-35:C>T,7170197.0,17706505.0,0.0007759498597354926
100058672|F|0-30:C>T-30:C>T,100029543|F|0-46:T>C-46:T>C,7170197.0,18278899.0,0.038555562905507074
100058672|F|0-30:C>T-30:C>T,100021798|F|0-27:T>C-27:T>C,7170197.0,18732658.0,0.011751285343489655
100058672|F|0-30:C>T-30:C>T,100017716|F|0-8:C>T-8:C>T,7170197.0,18851585.0,0.007055920008850979
100016006|F|0-20:G>A-20:G>A,100014225|F|0-25:G>A-25:G>A,7243813.0,7752093.0,0.011869143050694397
100016006|F|0-20:G>A-20:G>A,100019858|F|0-55:G>C-55:G>C,7243813.0,7879011.0,0.012778540500580795
100016006|F|0-20:G>A-20:G>A,100020367|F|0-37:A>T-37:A>T,7243813.0,8687209.0,0.0064979480164158885
100016006|F|0-20:G>A-20:G>A,100017575|F|0-33:C>A-33:C>A,7243813.0,8708407.0,3.051012936294754e-05
100016006|F|0-20:G>A-20:G>A,100021965|F|0-19:C>T-19:C>T,7243813.0,9286898.0,0.026514733473126544
100016006|F|0-20:G>A-20:G>A,100022176|F|0-8:G>A-8:G>A,7243813.0,9450266.0,0.0002864782276546995
100016006|F|0-20:G>A-20:G>A,100033258|F|0-23:G>A-23:G>A,7243813.0,9597839.0,0.009647594801018343
100016006|F|0-20:G>A-20:G>A,100016832|F|0-65:T>A-65:T>A,7243813.0,9956473.0,0.0025603046974185424
100016006|F|0-20:G>A-20:G>A,100015585|F|0-38:T>C-38:T>C,7243813.0,10530371.0,0.009082523238487185
100016006|F|0-20:G>A-20:G>A,100032761|F|0-35:G>T-35:G>T,7243813.0,11013852.0,0.018682246312422216
100016006|F|0-20:G>A-20:G>A,100018106|F|0-5:T>C-5:T>C,7243813.0,11160342.0,0.017501488784490156
100016006|F|0-20:G>A-20:G>A,100029056|F|0-22:A>T-22:A>T,7243813.0,11582180.0,0.0015987527086306175
100016006|F|0-20:G>A-20:G>A,100019200|F|0-60:C>T-60:C>T,7243813.0,11806800.0,0.000375306372549019
100016006|F|0-20:G>A-20:G>A,100017507|F|0-36:T>C-36:T>C,7243813.0,12067176.0,0.0017005032101335995
100016006|F|0-20:G>A-20:G>A,100015126|F|0-46:T>G-46:T>G,7243813.0,12238563.0,0.0007382471060713389
100016006|F|0-20:G>A-20:G>A,100035996|F|0-47:A>G-47:A>G,7243813.0,12678333.0,0.00666094318955562
100016006|F|0-20:G>A-20:G>A,100041089|F|0-45:A>G-45:A>G,7243813.0,12678338.0,0.00666094318955562
100016006|F|0-20:G>A-20:G>A,100015053|F|0-21:C>T-21:C>T,7243813.0,12815706.0,0.0165414306050502
100016006|F|0-20:G>A-20:G>A,100016297|F|0-36:A>G-36:A>G,7243813.0,12845233.0,0.040641711229946496
100016006|F|0-20:G>A-20:G>A,100016238|F|0-41:C>A-41:C>A,7243813.0,12849798.0,0.06204082129129568
100016006|F|0-20:G>A-20:G>A,100016677|F|0-45:G>A-45:G>A,7243813.0,13416059.0,0.010044316233956222
100016006|F|0-20:G>A-20:G>A,100035421|F|0-6:T>A-6:T>A,7243813.0,13420106.0,0.014569436021831347
100016006|F|0-20:G>A-20:G>A,100015018|F|0-5:T>A-5:T>A,7243813.0,13421247.0,0.014974817857317453
100016006|F|0-20:G>A-20:G>A,100020103|F|0-18:T>C-18:T>C,7243813.0,13646039.0,0.013532173432753362
100016006|F|0-20:G>A-20:G>A,100014062|F|0-62:G>A-62:G>A,7243813.0,13646044.0,0.011361344537815133
100016006|F|0-20:G>A-20:G>A,100039121|F|0-17:A>G-17:A>G,7243813.0,13667695.0,0.0569852941176469
100016006|F|0-20:G>A-20:G>A,100018973|F|0-53:T>G-53:T>G,7243813.0,13667871.0,0.034033613445378225
100016006|F|0-20:G>A-20:G>A,100022289|F|0-10:A>G-10:A>G,7243813.0,13667876.0,0.05226177341617782
100016006|F|0-20:G>A-20:G>A,100015169|F|0-21:A>G-21:A>G,7243813.0,13718785.0,0.04688569044639129
100016006|F|0-20:G>A-20:G>A,100020673|F|0-43:T>A-43:T>A,7243813.0,13731316.0,0.13135967332523976
100016006|F|0-20:G>A-20:G>A,100015679|F|0-19:G>A-19:G>A,7243813.0,14080553.0,0.017416029856051188
100016006|F|0-20:G>A-20:G>A,100016059|F|0-15:A>T-15:A>T,7243813.0,14090473.0,0.0008376768428890489
100016006|F|0-20:G>A-20:G>A,100019698|F|0-15:C>A-15:C>A,7243813.0,14160112.0,0.011245134758023072
100016006|F|0-20:G>A-20:G>A,100036115|F|0-39:C>T-39:C>T,7243813.0,14240591.0,0.015536112280967445
100016006|F|0-20:G>A-20:G>A,100035750|F|0-64:T>C-64:T>C,7243813.0,14346419.0,0.0091408138597905
100016006|F|0-20:G>A-20:G>A,100021715|F|0-7:C>A-7:C>A,7243813.0,14348921.0,0.009177129843277104
100016006|F|0-20:G>A-20:G>A,100040569|F|0-37:C>T-37:C>T,7243813.0,14351912.0,0.002100840336134457
100016006|F|0-20:G>A-20:G>A,100015147|F|0-16:C>G-16:C>G,7243813.0,14409032.0,0.0050132335058060635
100016006|F|0-20:G>A-20:G>A,100030246|F|0-11:C>A-11:C>A,7243813.0,14458674.0,0.0010815357808087497
100016006|F|0-20:G>A-20:G>A,100035083|F|0-24:G>C-24:G>C,7243813.0,14490822.0,4.645635791934282e-06
100016006|F|0-20:G>A-20:G>A,100013053|F|0-56:A>T-56:A>T,7243813.0,14502847.0,0.004102390235633159
100016006|F|0-20:G>A-20:G>A,100044112|F|0-18:T>G-18:T>G,7243813.0,14593733.0,0.0017740429505135342
100016006|F|0-20:G>A-20:G>A,100041853|F|0-21:T>C-21:T>C,7243813.0,14595838.0,0.004355403997347734
100016006|F|0-20:G>A-20:G>A,100033723|F|0-20:T>C-20:T>C,7243813.0,14595843.0,0.00010847718308874346
100016006|F|0-20:G>A-20:G>A,100017564|F|0-8:A>T-8:A>T,7243813.0,14625545.0,0.019043588658484926
100016006|F|0-20:G>A-20:G>A,100057963|F|0-26:C>T-26:C>T,7243813.0,14656009.0,0.0029878618113912143
100016006|F|0-20:G>A-20:G>A,100019295|F|0-19:G>T-19:G>T,7243813.0,14656014.0,0.006114164444686288
100016006|F|0-20:G>A-20:G>A,100035362|F|0-6:C>A-6:C>A,7243813.0,14658473.0,0.0010481740807513323
100016006|F|0-20:G>A-20:G>A,100014679|F|0-16:C>A-16:C>A,7243813.0,14859822.0,0.000985869208018409
100016006|F|0-20:G>A-20:G>A,100021838|F|0-57:A>G-57:A>G,7243813.0,14928961.0,1.3270861023043297e-33
100016006|F|0-20:G>A-20:G>A,100046294|F|0-6:C>G-6:C>G,7243813.0,15124860.0,0.00604588282522964
100016006|F|0-20:G>A-20:G>A,100045141|F|0-49:C>T-49:C>T,7243813.0,15225158.0,0.0005529826501693504
100016006|F|0-20:G>A-20:G>A,100043254|F|0-7:C>G-7:C>G,7243813.0,15229542.0,1.1151209609640548e-33
100016006|F|0-20:G>A-20:G>A,100013673|F|0-63:C>A-63:C>A,7243813.0,15256237.0,3.75389466571565e-05
100016006|F|0-20:G>A-20:G>A,100016806|F|0-26:T>A-26:T>A,7243813.0,15351778.0,1.5677912956226533e-05
100016006|F|0-20:G>A-20:G>A,100033542|F|0-31:T>C-31:T>C,7243813.0,15394673.0,0.013749898299568769
100016006|F|0-20:G>A-20:G>A,100029793|F|0-30:G>A-30:G>A,7243813.0,15400977.0,0.007344613949770144
100016006|F|0-20:G>A-20:G>A,100021703|F|0-41:T>C-41:T>C,7243813.0,15431799.0,0.002498145907334403
100016006|F|0-20:G>A-20:G>A,100017056|F|0-15:G>A-15:G>A,7243813.0,15535069.0,0.004365202545398117
100016006|F|0-20:G>A-20:G>A,100021184|F|0-17:T>G-17:T>G,7243813.0,15536283.0,0.004365202545398117
100016006|F|0-20:G>A-20:G>A,100044126|F|0-46:C>T-46:C>T,7243813.0,15556197.0,2.828054298642422e-05
100016006|F|0-20:G>A-20:G>A,100017834|F|0-8:C>T-8:C>T,7243813.0,15619447.0,0.001686654731917002
100016006|F|0-20:G>A-20:G>A,100020292|F|0-58:T>C-58:T>C,7243813.0,15819325.0,0.0001227408021111411
100016006|F|0-20:G>A-20:G>A,100015600|F|0-30:C>A-30:C>A,7243813.0,15832699.0,3.051012936294821e-05
100016006|F|0-20:G>A-20:G>A,100049389|F|0-23:C>A-23:C>A,7243813.0,15838578.0,0.0002139352391181025
100016006|F|0-20:G>A-20:G>A,100038568|F|0-15:C>T-15:C>T,7243813.0,15839422.0,3.051012936294821e-05
100016006|F|0-20:G>A-20:G>A,100018705|F|0-34:T>C-34:T>C,7243813.0,15915251.0,0.0036259027299151876
100016006|F|0-20:G>A-20:G>A,100019856|F|0-16:C>T-16:C>T,7243813.0,15948596.0,0.019043588658484913
100016006|F|0-20:G>A-20:G>A,100034716|F|0-53:A>G-53:A>G,7243813.0,15958067.0,0.0008247830820494277
100016006|F|0-20:G>A-20:G>A,100021071|F|0-60:A>G-60:A>G,7243813.0,15967627.0,0.0011977641735427104
100016006|F|0-20:G>A-20:G>A,100020211|F|0-33:C>A-33:C>A,7243813.0,15977146.0,0.003973071404922189
100016006|F|0-20:G>A-20:G>A,100013484|F|0-22:G>A-22:G>A,7243813.0,16177456.0,0.07849070036486612
100016006|F|0-20:G>A-20:G>A,100021316|F|0-63:C>A-63:C>A,7243813.0,16179198.0,0.09522893809967181
100016006|F|0-20:G>A-20:G>A,100017187|F|0-41:T>C-41:T>C,7243813.0,16245982.0,0.035330882352941226
100016006|F|0-20:G>A-20:G>A,100029840|F|0-31:T>C-31:T>C,7243813.0,16252498.0,0.007908423582079735
100016006|F|0-20:G>A-20:G>A,100013453|F|0-6:G>A-6:G>A,7243813.0,16307679.0,0.0027523210362806094
100016006|F|0-20:G>A-20:G>A,100016783|F|0-52:G>T-52:G>T,7243813.0,16317524.0,0.0020068989900195273
100016006|F|0-20:G>A-20:G>A,100014400|F|0-16:A>T-16:A>T,7243813.0,16381041.0,0.008815144019118691
100016006|F|0-20:G>A-20:G>A,100016625|F|0-16:T>C-16:T>C,7243813.0,16411184.0,0.0010481740807513301
100016006|F|0-20:G>A-20:G>A,100015226|F|0-25:T>A-25:T>A,7243813.0,16581877.0,0.018067226890756308
100016006|F|0-20:G>A-20:G>A,100017539|F|0-11:A>T-11:A>T,7243813.0,16662610.0,0.0021008403361344563
100016006|F|0-20:G>A-20:G>A,100033601|F|0-15:C>A-15:C>A,7243813.0,16769146.0,2.7526218723333655e-05
100016006|F|0-20:G>A-20:G>A,100039949|F|0-62:A>T-62:A>T,7243813.0,16793350.0,0.0026610644257703078
100016006|F|0-20:G>A-20:G>A,100035334|F|0-35:T>C-35:T>C,7243813.0,16832622.0,0.003925854160257489
100016006|F|0-20:G>A-20:G>A,100021345|F|0-28:C>T-28:C>T,7243813.0,16899147.0,0.00011268875366238375
100016006|F|0-20:G>A-20:G>A,100022139|F|0-65:T>C-65:T>C,7243813.0,16965771.0,0.0031759520654490924
100016006|F|0-20:G>A-20:G>A,100044804|F|0-53:G>C-53:G>C,7243813.0,16968917.0,0.0001856599410176828
100016006|F|0-20:G>A-20:G>A,100030290|F|0-11:A>C-11:A>C,7243813.0,16971407.0,0.0031759520654490924
100016006|F|0-20:G>A-20:G>A,100017336|F|0-39:A>G-39:A>G,7243813.0,16987827.0,0.01697709495247118
100016006|F|0-20:G>A-20:G>A,100029568|F|0-9:T>G-9:T>G,7243813.0,16988131.0,0.0006352432981832025
100016006|F|0-20:G>A-20:G>A,100034247|F|0-37:G>C-37:G>C,7243813.0,16999534.0,0.0003976241954322888
100016006|F|0-20:G>A-20:G>A,100012983|F|0-45:A>T-45:A>T,7243813.0,17017248.0,0.019043588658484933
100016006|F|0-20:G>A-20:G>A,100020033|F|0-7:G>A-7:G>A,7243813.0,17020316.0,0.0005605536332179939
100016006|F|0-20:G>A-20:G>A,100018782|F|0-63:C>T-63:C>T,7243813.0,17424649.0,0.0010196928175387153
100016006|F|0-20:G>A-20:G>A,100019630|F|0-24:A>T-24:A>T,7243813.0,17521232.0,0.0025867315885575192
100016006|F|0-20:G>A-20:G>A,100021757|F|0-47:G>A-47:G>A,7243813.0,17521694.0,0.0036287242169595
100016006|F|0-20:G>A-20:G>A,100038944|F|0-45:C>T-45:C>T,7243813.0,17607936.0,0.0019426528867821822
100016006|F|0-20:G>A-20:G>A,100047378|F|0-35:C>T-35:C>T,7243813.0,17706505.0,1.3978975620666415e-05
100016006|F|0-20:G>A-20:G>A,100029543|F|0-46:T>C-46:T>C,7243813.0,18278899.0,0.002100840336134449
100016006|F|0-20:G>A-20:G>A,100021798|F|0-27:T>C-27:T>C,7243813.0,18732658.0,0.006618626145531435
100016006|F|0-20:G>A-20:G>A,100017716|F|0-8:C>T-8:C>T,7243813.0,18851585.0,3.460207612456676e-05
100014225|F|0-25:G>A-25:G>A,100019858|F|0-55:G>C-55:G>C,7752093.0,7879011.0,0.4061211004938034
100014225|F|0-25:G>A-25:G>A,100020367|F|0-37:A>T-37:A>T,7752093.0,8687209.0,0.001696201401597993
100014225|F|0-25:G>A-25:G>A,100017575|F|0-33:C>A-33:C>A,7752093.0,8708407.0,0.023223771712554138
100014225|F|0-25:G>A-25:G>A,100021965|F|0-19:C>T-19:C>T,7752093.0,9286898.0,0.021196519177653025
100014225|F|0-25:G>A-25:G>A,100022176|F|0-8:G>A-8:G>A,7752093.0,9450266.0,0.04862651743649836
100014225|F|0-25:G>A-25:G>A,100033258|F|0-23:G>A-23:G>A,7752093.0,9597839.0,0.010178701813141877
100014225|F|0-25:G>A-25:G>A,100016832|F|0-65:T>A-65:T>A,7752093.0,9956473.0,0.0019418246592744954
100014225|F|0-25:G>A-25:G>A,100015585|F|0-38:T>C-38:T>C,7752093.0,10530371.0,0.038678431104700275
100014225|F|0-25:G>A-25:G>A,100032761|F|0-35:G>T-35:G>T,7752093.0,11013852.0,0.007725382862378281
100014225|F|0-25:G>A-25:G>A,100018106|F|0-5:T>C-5:T>C,7752093.0,11160342.0,0.0857150683659744
100014225|F|0-25:G>A-25:G>A,100029056|F|0-22:A>T-22:A>T,7752093.0,11582180.0,0.015367373545586756
100014225|F|0-25:G>A-25:G>A,100019200|F|0-60:C>T-60:C>T,7752093.0,11806800.0,0.015307601567498408
100014225|F|0-25:G>A-25:G>A,100017507|F|0-36:T>C-36:T>C,7752093.0,12067176.0,0.02740362022205993
100014225|F|0-25:G>A-25:G>A,100015126|F|0-46:T>G-46:T>G,7752093.0,12238563.0,0.03996022477626432
100014225|F|0-25:G>A-25:G>A,100035996|F|0-47:A>G-47:A>G,7752093.0,12678333.0,0.09650492114289934
100014225|F|0-25:G>A-25:G>A,100041089|F|0-45:A>G-45:A>G,7752093.0,12678338.0,0.09650492114289934
100014225|F|0-25:G>A-25:G>A,100015053|F|0-21:C>T-21:C>T,7752093.0,12815706.0,0.05095356330216659
100014225|F|0-25:G>A-25:G>A,100016297|F|0-36:A>G-36:A>G,7752093.0,12845233.0,0.02590080265224221
100014225|F|0-25:G>A-25:G>A,100016238|F|0-41:C>A-41:C>A,7752093.0,12849798.0,0.02460790710744273
100014225|F|0-25:G>A-25:G>A,100016677|F|0-45:G>A-45:G>A,7752093.0,13416059.0,0.023218327064976715
100014225|F|0-25:G>A-25:G>A,100035421|F|0-6:T>A-6:T>A,7752093.0,13420106.0,0.003864742663790889
100014225|F|0-25:G>A-25:G>A,100015018|F|0-5:T>A-5:T>A,7752093.0,13421247.0,0.005968962749875162
100014225|F|0-25:G>A-25:G>A,100020103|F|0-18:T>C-18:T>C,7752093.0,13646039.0,0.010817946707757773
100014225|F|0-25:G>A-25:G>A,100014062|F|0-62:G>A-62:G>A,7752093.0,13646044.0,0.0042843432958596045
100014225|F|0-25:G>A-25:G>A,100039121|F|0-17:A>G-17:A>G,7752093.0,13667695.0,0.005369491440158513
100014225|F|0-25:G>A-25:G>A,100018973|F|0-53:T>G-53:T>G,7752093.0,13667871.0,0.004284343295859615
100014225|F|0-25:G>A-25:G>A,100022289|F|0-10:A>G-10:A>G,7752093.0,13667876.0,0.007088511538104432
100014225|F|0-25:G>A-25:G>A,100015169|F|0-21:A>G-21:A>G,7752093.0,13718785.0,0.001018397517049866
100014225|F|0-25:G>A-25:G>A,100020673|F|0-43:T>A-43:T>A,7752093.0,13731316.0,0.000328150151426214
100014225|F|0-25:G>A-25:G>A,100015679|F|0-19:G>A-19:G>A,7752093.0,14080553.0,0.0077253828623782906
100014225|F|0-25:G>A-25:G>A,100016059|F|0-15:A>T-15:A>T,7752093.0,14090473.0,0.013133518792973548
100014225|F|0-25:G>A-25:G>A,100019698|F|0-15:C>A-15:C>A,7752093.0,14160112.0,0.009285567944100567
100014225|F|0-25:G>A-25:G>A,100036115|F|0-39:C>T-39:C>T,7752093.0,14240591.0,0.003369125403320382
100014225|F|0-25:G>A-25:G>A,100035750|F|0-64:T>C-64:T>C,7752093.0,14346419.0,0.0364617568953278
100014225|F|0-25:G>A-25:G>A,100021715|F|0-7:C>A-7:C>A,7752093.0,14348921.0,0.029585723602578603
100014225|F|0-25:G>A-25:G>A,100040569|F|0-37:C>T-37:C>T,7752093.0,14351912.0,0.009019759179708046
100014225|F|0-25:G>A-25:G>A,100015147|F|0-16:C>G-16:C>G,7752093.0,14409032.0,0.005648553225027169
100014225|F|0-25:G>A-25:G>A,100030246|F|0-11:C>A-11:C>A,7752093.0,14458674.0,0.028586031223838834
100014225|F|0-25:G>A-25:G>A,100035083|F|0-24:G>C-24:G>C,7752093.0,14490822.0,0.013690024379662127
100014225|F|0-25:G>A-25:G>A,100013053|F|0-56:A>T-56:A>T,7752093.0,14502847.0,0.007315238374440651
100014225|F|0-25:G>A-25:G>A,100044112|F|0-18:T>G-18:T>G,7752093.0,14593733.0,0.014652454071839856
100014225|F|0-25:G>A-25:G>A,100041853|F|0-21:T>C-21:T>C,7752093.0,14595838.0,0.005582561406436908
100014225|F|0-25:G>A-25:G>A,100033723|F|0-20:T>C-20:T>C,7752093.0,14595843.0,8.12654677649825e-06
100014225|F|0-25:G>A-25:G>A,100017564|F|0-8:A>T-8:A>T,7752093.0,14625545.0,0.0019418246592744935
100014225|F|0-25:G>A-25:G>A,100057963|F|0-26:C>T-26:C>T,7752093.0,14656009.0,0.09464114340553896
100014225|F|0-25:G>A-25:G>A,100019295|F|0-19:G>T-19:G>T,7752093.0,14656014.0,0.02657044287918522
100014225|F|0-25:G>A-25:G>A,100035362|F|0-6:C>A-6:C>A,7752093.0,14658473.0,0.06852073907981661
100014225|F|0-25:G>A-25:G>A,100014679|F|0-16:C>A-16:C>A,7752093.0,14859822.0,0.0016624847646518506
100014225|F|0-25:G>A-25:G>A,100021838|F|0-57:A>G-57:A>G,7752093.0,14928961.0,0.002604880723882651
100014225|F|0-25:G>A-25:G>A,100046294|F|0-6:C>G-6:C>G,7752093.0,15124860.0,0.011878808904868546
100014225|F|0-25:G>A-25:G>A,100045141|F|0-49:C>T-49:C>T,7752093.0,15225158.0,0.024748038324563418
100014225|F|0-25:G>A-25:G>A,100043254|F|0-7:C>G-7:C>G,7752093.0,15229542.0,0.01606607836711767
100014225|F|0-25:G>A-25:G>A,100013673|F|0-63:C>A-63:C>A,7752093.0,15256237.0,0.023768169552686333
100014225|F|0-25:G>A-25:G>A,100016806|F|0-26:T>A-26:T>A,7752093.0,15351778.0,0.0383081678255282
100014225|F|0-25:G>A-25:G>A,100033542|F|0-31:T>C-31:T>C,7752093.0,15394673.0,0.06660242166490134
100014225|F|0-25:G>A-25:G>A,100029793|F|0-30:G>A-30:G>A,7752093.0,15400977.0,0.029232050047495534
100014225|F|0-25:G>A-25:G>A,100021703|F|0-41:T>C-41:T>C,7752093.0,15431799.0,0.00020633078901148593
100014225|F|0-25:G>A-25:G>A,100017056|F|0-15:G>A-15:G>A,7752093.0,15535069.0,0.004788652327825008
100014225|F|0-25:G>A-25:G>A,100021184|F|0-17:T>G-17:T>G,7752093.0,15536283.0,0.004788652327825008
100014225|F|0-25:G>A-25:G>A,100044126|F|0-46:C>T-46:C>T,7752093.0,15556197.0,0.009700741916432904
100014225|F|0-25:G>A-25:G>A,100017834|F|0-8:C>T-8:C>T,7752093.0,15619447.0,0.012107001062649428
100014225|F|0-25:G>A-25:G>A,100020292|F|0-58:T>C-58:T>C,7752093.0,15819325.0,0.039389085633442365
100014225|F|0-25:G>A-25:G>A,100015600|F|0-30:C>A-30:C>A,7752093.0,15832699.0,0.035885072793303684
100014225|F|0-25:G>A-25:G>A,100049389|F|0-23:C>A-23:C>A,7752093.0,15838578.0,0.04193788778907942
100014225|F|0-25:G>A-25:G>A,100038568|F|0-15:C>T-15:C>T,7752093.0,15839422.0,0.035885072793303684
100014225|F|0-25:G>A-25:G>A,100018705|F|0-34:T>C-34:T>C,7752093.0,15915251.0,0.0007436031066085325
100014225|F|0-25:G>A-25:G>A,100019856|F|0-16:C>T-16:C>T,7752093.0,15948596.0,0.0019418246592744978
100014225|F|0-25:G>A-25:G>A,100034716|F|0-53:A>G-53:A>G,7752093.0,15958067.0,0.006631730902757203
100014225|F|0-25:G>A-25:G>A,100021071|F|0-60:A>G-60:A>G,7752093.0,15967627.0,0.01164998241286771
100014225|F|0-25:G>A-25:G>A,100020211|F|0-33:C>A-33:C>A,7752093.0,15977146.0,0.00032815015142621345
100014225|F|0-25:G>A-25:G>A,100013484|F|0-22:G>A-22:G>A,7752093.0,16177456.0,0.051171703723492196
100014225|F|0-25:G>A-25:G>A,100021316|F|0-63:C>A-63:C>A,7752093.0,16179198.0,0.04261221405709029
100014225|F|0-25:G>A-25:G>A,100017187|F|0-41:T>C-41:T>C,7752093.0,16245982.0,0.05488618642034545
100014225|F|0-25:G>A-25:G>A,100029840|F|0-31:T>C-31:T>C,7752093.0,16252498.0,0.05742529486255497
100014225|F|0-25:G>A-25:G>A,100013453|F|0-6:G>A-6:G>A,7752093.0,16307679.0,0.0026812219926806704
100014225|F|0-25:G>A-25:G>A,100016783|F|0-52:G>T-52:G>T,7752093.0,16317524.0,0.0037413997137979893
100014225|F|0-25:G>A-25:G>A,100014400|F|0-16:A>T-16:A>T,7752093.0,16381041.0,0.002758176542451536
100014225|F|0-25:G>A-25:G>A,100016625|F|0-16:T>C-16:T>C,7752093.0,16411184.0,0.002758176542451536
100014225|F|0-25:G>A-25:G>A,100015226|F|0-25:T>A-25:T>A,7752093.0,16581877.0,0.00019528634557871706
100014225|F|0-25:G>A-25:G>A,100017539|F|0-11:A>T-11:A>T,7752093.0,16662610.0,0.008175584871042292
100014225|F|0-25:G>A-25:G>A,100033601|F|0-15:C>A-15:C>A,7752093.0,16769146.0,0.0051415648068893005
100014225|F|0-25:G>A-25:G>A,100039949|F|0-62:A>T-62:A>T,7752093.0,16793350.0,0.004341467873137741
100014225|F|0-25:G>A-25:G>A,100035334|F|0-35:T>C-35:T>C,7752093.0,16832622.0,0.004271742089444178
100014225|F|0-25:G>A-25:G>A,100021345|F|0-28:C>T-28:C>T,7752093.0,16899147.0,0.00650872180672299
100014225|F|0-25:G>A-25:G>A,100022139|F|0-65:T>C-65:T>C,7752093.0,16965771.0,0.06364615624665147
100014225|F|0-25:G>A-25:G>A,100044804|F|0-53:G>C-53:G>C,7752093.0,16968917.0,0.042563905333003464
100014225|F|0-25:G>A-25:G>A,100030290|F|0-11:A>C-11:A>C,7752093.0,16971407.0,0.06364615624665147
100014225|F|0-25:G>A-25:G>A,100017336|F|0-39:A>G-39:A>G,7752093.0,16987827.0,0.0023807766130222916
100014225|F|0-25:G>A-25:G>A,100029568|F|0-9:T>G-9:T>G,7752093.0,16988131.0,0.04245034677456132
100014225|F|0-25:G>A-25:G>A,100034247|F|0-37:G>C-37:G>C,7752093.0,16999534.0,0.04468998310908071
100014225|F|0-25:G>A-25:G>A,100012983|F|0-45:A>T-45:A>T,7752093.0,17017248.0,0.0045654455322498315
100014225|F|0-25:G>A-25:G>A,100020033|F|0-7:G>A-7:G>A,7752093.0,17020316.0,0.05375409280794856
100014225|F|0-25:G>A-25:G>A,100018782|F|0-63:C>T-63:C>T,7752093.0,17424649.0,0.011245978751588195
100014225|F|0-25:G>A-25:G>A,100019630|F|0-24:A>T-24:A>T,7752093.0,17521232.0,0.00015902397538326295
100014225|F|0-25:G>A-25:G>A,100021757|F|0-47:G>A-47:G>A,7752093.0,17521694.0,0.00023680733853478477
100014225|F|0-25:G>A-25:G>A,100038944|F|0-45:C>T-45:C>T,7752093.0,17607936.0,0.03578120523229133
100014225|F|0-25:G>A-25:G>A,100047378|F|0-35:C>T-35:C>T,7752093.0,17706505.0,0.03852478233581221
100014225|F|0-25:G>A-25:G>A,100029543|F|0-46:T>C-46:T>C,7752093.0,18278899.0,0.00017351590348231355
100014225|F|0-25:G>A-25:G>A,100021798|F|0-27:T>C-27:T>C,7752093.0,18732658.0,0.006453487480544184
100014225|F|0-25:G>A-25:G>A,100017716|F|0-8:C>T-8:C>T,7752093.0,18851585.0,0.032516653494411206
100019858|F|0-55:G>C-55:G>C,100020367|F|0-37:A>T-37:A>T,7879011.0,8687209.0,0.00019832157321197642
100019858|F|0-55:G>C-55:G>C,100017575|F|0-33:C>A-33:C>A,7879011.0,8708407.0,0.009126582089885807
100019858|F|0-55:G>C-55:G>C,100021965|F|0-19:C>T-19:C>T,7879011.0,9286898.0,0.017219862503831465
100019858|F|0-55:G>C-55:G>C,100022176|F|0-8:G>A-8:G>A,7879011.0,9450266.0,0.06516919645285908
100019858|F|0-55:G>C-55:G>C,100033258|F|0-23:G>A-23:G>A,7879011.0,9597839.0,0.008907137569880975
100019858|F|0-55:G>C-55:G>C,100016832|F|0-65:T>A-65:T>A,7879011.0,9956473.0,0.01758198468155453
100019858|F|0-55:G>C-55:G>C,100015585|F|0-38:T>C-38:T>C,7879011.0,10530371.0,0.0005005381665089347
100019858|F|0-55:G>C-55:G>C,100032761|F|0-35:G>T-35:G>T,7879011.0,11013852.0,0.01607934174770971
100019858|F|0-55:G>C-55:G>C,100018106|F|0-5:T>C-5:T>C,7879011.0,11160342.0,0.03898864639227094
100019858|F|0-55:G>C-55:G>C,100029056|F|0-22:A>T-22:A>T,7879011.0,11582180.0,0.010067087029249518
100019858|F|0-55:G>C-55:G>C,100019200|F|0-60:C>T-60:C>T,7879011.0,11806800.0,2.3376720526630535e-05
100019858|F|0-55:G>C-55:G>C,100017507|F|0-36:T>C-36:T>C,7879011.0,12067176.0,0.007652669431160393
100019858|F|0-55:G>C-55:G>C,100015126|F|0-46:T>G-46:T>G,7879011.0,12238563.0,0.015703748566978887
100019858|F|0-55:G>C-55:G>C,100035996|F|0-47:A>G-47:A>G,7879011.0,12678333.0,0.0522609258203458
100019858|F|0-55:G>C-55:G>C,100041089|F|0-45:A>G-45:A>G,7879011.0,12678338.0,0.0522609258203458
100019858|F|0-55:G>C-55:G>C,100015053|F|0-21:C>T-21:C>T,7879011.0,12815706.0,0.04022289732257281
100019858|F|0-55:G>C-55:G>C,100016297|F|0-36:A>G-36:A>G,7879011.0,12845233.0,0.007752570589195357
100019858|F|0-55:G>C-55:G>C,100016238|F|0-41:C>A-41:C>A,7879011.0,12849798.0,0.004575386872543279
100019858|F|0-55:G>C-55:G>C,100016677|F|0-45:G>A-45:G>A,7879011.0,13416059.0,0.012632719960086733
100019858|F|0-55:G>C-55:G>C,100035421|F|0-6:T>A-6:T>A,7879011.0,13420106.0,0.0033431120324270225
100019858|F|0-55:G>C-55:G>C,100015018|F|0-5:T>A-5:T>A,7879011.0,13421247.0,0.004271562267282122
100019858|F|0-55:G>C-55:G>C,100020103|F|0-18:T>C-18:T>C,7879011.0,13646039.0,0.00023231850709282614
100019858|F|0-55:G>C-55:G>C,100014062|F|0-62:G>A-62:G>A,7879011.0,13646044.0,0.005655296229802515
100019858|F|0-55:G>C-55:G>C,100039121|F|0-17:A>G-17:A>G,7879011.0,13667695.0,4.524526553541932e-07
100019858|F|0-55:G>C-55:G>C,100018973|F|0-53:T>G-53:T>G,7879011.0,13667871.0,5.1295203898435566e-05
100019858|F|0-55:G>C-55:G>C,100022289|F|0-10:A>G-10:A>G,7879011.0,13667876.0,6.380252409874469e-05
100019858|F|0-55:G>C-55:G>C,100015169|F|0-21:A>G-21:A>G,7879011.0,13718785.0,0.0065708337653408114
100019858|F|0-55:G>C-55:G>C,100020673|F|0-43:T>A-43:T>A,7879011.0,13731316.0,0.0018601729312418172
100019858|F|0-55:G>C-55:G>C,100015679|F|0-19:G>A-19:G>A,7879011.0,14080553.0,0.0023601024044433067
100019858|F|0-55:G>C-55:G>C,100016059|F|0-15:A>T-15:A>T,7879011.0,14090473.0,0.06349069949776123
100019858|F|0-55:G>C-55:G>C,100019698|F|0-15:C>A-15:C>A,7879011.0,14160112.0,0.027976698785405138
100019858|F|0-55:G>C-55:G>C,100036115|F|0-39:C>T-39:C>T,7879011.0,14240591.0,5.7167750302434864e-05
100019858|F|0-55:G>C-55:G>C,100035750|F|0-64:T>C-64:T>C,7879011.0,14346419.0,0.002263635096693809
100019858|F|0-55:G>C-55:G>C,100021715|F|0-7:C>A-7:C>A,7879011.0,14348921.0,0.0015751455792118376
100019858|F|0-55:G>C-55:G>C,100040569|F|0-37:C>T-37:C>T,7879011.0,14351912.0,0.002755534024235389
100019858|F|0-55:G>C-55:G>C,100015147|F|0-16:C>G-16:C>G,7879011.0,14409032.0,0.09536583076138248
100019858|F|0-55:G>C-55:G>C,100030246|F|0-11:C>A-11:C>A,7879011.0,14458674.0,0.09301457171517495
100019858|F|0-55:G>C-55:G>C,100035083|F|0-24:G>C-24:G>C,7879011.0,14490822.0,0.0002268604910962492
100019858|F|0-55:G>C-55:G>C,100013053|F|0-56:A>T-56:A>T,7879011.0,14502847.0,0.0006467334785465574
100019858|F|0-55:G>C-55:G>C,100044112|F|0-18:T>G-18:T>G,7879011.0,14593733.0,0.008460146476304472
100019858|F|0-55:G>C-55:G>C,100041853|F|0-21:T>C-21:T>C,7879011.0,14595838.0,0.0065984238082435
100019858|F|0-55:G>C-55:G>C,100033723|F|0-20:T>C-20:T>C,7879011.0,14595843.0,0.0010139305825058828
100019858|F|0-55:G>C-55:G>C,100017564|F|0-8:A>T-8:A>T,7879011.0,14625545.0,0.0004036268292367881
100019858|F|0-55:G>C-55:G>C,100057963|F|0-26:C>T-26:C>T,7879011.0,14656009.0,0.000721338804821748
100019858|F|0-55:G>C-55:G>C,100019295|F|0-19:G>T-19:G>T,7879011.0,14656014.0,9.342038175304748e-05
100019858|F|0-55:G>C-55:G>C,100035362|F|0-6:C>A-6:C>A,7879011.0,14658473.0,0.009574571545201306
100019858|F|0-55:G>C-55:G>C,100014679|F|0-16:C>A-16:C>A,7879011.0,14859822.0,0.011736733097298953
100019858|F|0-55:G>C-55:G>C,100021838|F|0-57:A>G-57:A>G,7879011.0,14928961.0,0.024669787124903836
100019858|F|0-55:G>C-55:G>C,100046294|F|0-6:C>G-6:C>G,7879011.0,15124860.0,0.0005672043315459073
100019858|F|0-55:G>C-55:G>C,100045141|F|0-49:C>T-49:C>T,7879011.0,15225158.0,0.022331157556744936
100019858|F|0-55:G>C-55:G>C,100043254|F|0-7:C>G-7:C>G,7879011.0,15229542.0,0.01757564478696852
100019858|F|0-55:G>C-55:G>C,100013673|F|0-63:C>A-63:C>A,7879011.0,15256237.0,0.015952906616377497
100019858|F|0-55:G>C-55:G>C,100016806|F|0-26:T>A-26:T>A,7879011.0,15351778.0,0.021709068149889137
100019858|F|0-55:G>C-55:G>C,100033542|F|0-31:T>C-31:T>C,7879011.0,15394673.0,0.11318849000896418
100019858|F|0-55:G>C-55:G>C,100029793|F|0-30:G>A-30:G>A,7879011.0,15400977.0,0.0703412350990484
100019858|F|0-55:G>C-55:G>C,100021703|F|0-41:T>C-41:T>C,7879011.0,15431799.0,0.014546419521586236
100019858|F|0-55:G>C-55:G>C,100017056|F|0-15:G>A-15:G>A,7879011.0,15535069.0,0.005011771504905185
100019858|F|0-55:G>C-55:G>C,100021184|F|0-17:T>G-17:T>G,7879011.0,15536283.0,0.005011771504905185
100019858|F|0-55:G>C-55:G>C,100044126|F|0-46:C>T-46:C>T,7879011.0,15556197.0,0.010443999447590082
100019858|F|0-55:G>C-55:G>C,100017834|F|0-8:C>T-8:C>T,7879011.0,15619447.0,0.0038593032744543634
100019858|F|0-55:G>C-55:G>C,100020292|F|0-58:T>C-58:T>C,7879011.0,15819325.0,0.007088611862678174
100019858|F|0-55:G>C-55:G>C,100015600|F|0-30:C>A-30:C>A,7879011.0,15832699.0,0.006185189254825405
100019858|F|0-55:G>C-55:G>C,100049389|F|0-23:C>A-23:C>A,7879011.0,15838578.0,0.007737050432759543
100019858|F|0-55:G>C-55:G>C,100038568|F|0-15:C>T-15:C>T,7879011.0,15839422.0,0.006185189254825405
100019858|F|0-55:G>C-55:G>C,100018705|F|0-34:T>C-34:T>C,7879011.0,15915251.0,0.035134732222965086
100019858|F|0-55:G>C-55:G>C,100019856|F|0-16:C>T-16:C>T,7879011.0,15948596.0,0.00040362682923678923
100019858|F|0-55:G>C-55:G>C,100034716|F|0-53:A>G-53:A>G,7879011.0,15958067.0,0.05280370867488767
100019858|F|0-55:G>C-55:G>C,100021071|F|0-60:A>G-60:A>G,7879011.0,15967627.0,0.07457635035784792
100019858|F|0-55:G>C-55:G>C,100020211|F|0-33:C>A-33:C>A,7879011.0,15977146.0,0.03055959290085921
100019858|F|0-55:G>C-55:G>C,100013484|F|0-22:G>A-22:G>A,7879011.0,16177456.0,0.02642784584588393
100019858|F|0-55:G>C-55:G>C,100021316|F|0-63:C>A-63:C>A,7879011.0,16179198.0,0.030069650979030565
100019858|F|0-55:G>C-55:G>C,100017187|F|0-41:T>C-41:T>C,7879011.0,16245982.0,0.026095433123877902
100019858|F|0-55:G>C-55:G>C,100029840|F|0-31:T>C-31:T>C,7879011.0,16252498.0,0.019132795303001198
100019858|F|0-55:G>C-55:G>C,100013453|F|0-6:G>A-6:G>A,7879011.0,16307679.0,0.0007332873066711183
100019858|F|0-55:G>C-55:G>C,100016783|F|0-52:G>T-52:G>T,7879011.0,16317524.0,0.0010929377386343661
100019858|F|0-55:G>C-55:G>C,100014400|F|0-16:A>T-16:A>T,7879011.0,16381041.0,9.245384665585791e-05
100019858|F|0-55:G>C-55:G>C,100016625|F|0-16:T>C-16:T>C,7879011.0,16411184.0,9.245384665585724e-05
100019858|F|0-55:G>C-55:G>C,100015226|F|0-25:T>A-25:T>A,7879011.0,16581877.0,0.0016775321042366267
100019858|F|0-55:G>C-55:G>C,100017539|F|0-11:A>T-11:A>T,7879011.0,16662610.0,0.0010259040779687135
100019858|F|0-55:G>C-55:G>C,100033601|F|0-15:C>A-15:C>A,7879011.0,16769146.0,0.0014819681276038415
100019858|F|0-55:G>C-55:G>C,100039949|F|0-62:A>T-62:A>T,7879011.0,16793350.0,0.002030435154313071
100019858|F|0-55:G>C-55:G>C,100035334|F|0-35:T>C-35:T>C,7879011.0,16832622.0,0.00033283223979841623
100019858|F|0-55:G>C-55:G>C,100021345|F|0-28:C>T-28:C>T,7879011.0,16899147.0,0.0011455130453923333
100019858|F|0-55:G>C-55:G>C,100022139|F|0-65:T>C-65:T>C,7879011.0,16965771.0,0.01650175752641565
100019858|F|0-55:G>C-55:G>C,100044804|F|0-53:G>C-53:G>C,7879011.0,16968917.0,0.06321867340517168
100019858|F|0-55:G>C-55:G>C,100030290|F|0-11:A>C-11:A>C,7879011.0,16971407.0,0.01650175752641565
100019858|F|0-55:G>C-55:G>C,100017336|F|0-39:A>G-39:A>G,7879011.0,16987827.0,0.0073751002313484
100019858|F|0-55:G>C-55:G>C,100029568|F|0-9:T>G-9:T>G,7879011.0,16988131.0,0.01025627106025415
100019858|F|0-55:G>C-55:G>C,100034247|F|0-37:G>C-37:G>C,7879011.0,16999534.0,0.011013380420033391
100019858|F|0-55:G>C-55:G>C,100012983|F|0-45:A>T-45:A>T,7879011.0,17017248.0,0.029852240290353067
100019858|F|0-55:G>C-55:G>C,100020033|F|0-7:G>A-7:G>A,7879011.0,17020316.0,0.0006389270250290398
100019858|F|0-55:G>C-55:G>C,100018782|F|0-63:C>T-63:C>T,7879011.0,17424649.0,0.023965641661042075
100019858|F|0-55:G>C-55:G>C,100019630|F|0-24:A>T-24:A>T,7879011.0,17521232.0,0.00019914746309625302
100019858|F|0-55:G>C-55:G>C,100021757|F|0-47:G>A-47:G>A,7879011.0,17521694.0,0.0009967590757536944
100019858|F|0-55:G>C-55:G>C,100038944|F|0-45:C>T-45:C>T,7879011.0,17607936.0,0.014061458701431785
100019858|F|0-55:G>C-55:G>C,100047378|F|0-35:C>T-35:C>T,7879011.0,17706505.0,0.021407458478677945
100019858|F|0-55:G>C-55:G>C,100029543|F|0-46:T>C-46:T>C,7879011.0,18278899.0,0.006332002196075895
100019858|F|0-55:G>C-55:G>C,100021798|F|0-27:T>C-27:T>C,7879011.0,18732658.0,0.002210099281149973
100019858|F|0-55:G>C-55:G>C,100017716|F|0-8:C>T-8:C>T,7879011.0,18851585.0,0.012778540500580814
100020367|F|0-37:A>T-37:A>T,100017575|F|0-33:C>A-33:C>A,8687209.0,8708407.0,0.0036668918266911277
100020367|F|0-37:A>T-37:A>T,100021965|F|0-19:C>T-19:C>T,8687209.0,9286898.0,0.013264104018499928
100020367|F|0-37:A>T-37:A>T,100022176|F|0-8:G>A-8:G>A,8687209.0,9450266.0,0.008607671398369052
100020367|F|0-37:A>T-37:A>T,100033258|F|0-23:G>A-23:G>A,8687209.0,9597839.0,0.006164909678444704
100020367|F|0-37:A>T-37:A>T,100016832|F|0-65:T>A-65:T>A,8687209.0,9956473.0,0.01589426133511795
100020367|F|0-37:A>T-37:A>T,100015585|F|0-38:T>C-38:T>C,8687209.0,10530371.0,0.019254775997980197
100020367|F|0-37:A>T-37:A>T,100032761|F|0-35:G>T-35:G>T,8687209.0,11013852.0,0.04271762804749516
100020367|F|0-37:A>T-37:A>T,100018106|F|0-5:T>C-5:T>C,8687209.0,11160342.0,0.003976247155152119
100020367|F|0-37:A>T-37:A>T,100029056|F|0-22:A>T-22:A>T,8687209.0,11582180.0,0.004863244112915053
100020367|F|0-37:A>T-37:A>T,100019200|F|0-60:C>T-60:C>T,8687209.0,11806800.0,0.023013565891472867
100020367|F|0-37:A>T-37:A>T,100017507|F|0-36:T>C-36:T>C,8687209.0,12067176.0,3.9000081373841526e-33
100020367|F|0-37:A>T-37:A>T,100015126|F|0-46:T>G-46:T>G,8687209.0,12238563.0,0.0019963575231157116
100020367|F|0-37:A>T-37:A>T,100035996|F|0-47:A>G-47:A>G,8687209.0,12678333.0,0.006726864151870875
100020367|F|0-37:A>T-37:A>T,100041089|F|0-45:A>G-45:A>G,8687209.0,12678338.0,0.006726864151870875
100020367|F|0-37:A>T-37:A>T,100015053|F|0-21:C>T-21:C>T,8687209.0,12815706.0,0.01704431711306089
100020367|F|0-37:A>T-37:A>T,100016297|F|0-36:A>G-36:A>G,8687209.0,12845233.0,1.925929944387236e-34
100020367|F|0-37:A>T-37:A>T,100016238|F|0-41:C>A-41:C>A,8687209.0,12849798.0,0.0022385404043318517
100020367|F|0-37:A>T-37:A>T,100016677|F|0-45:G>A-45:G>A,8687209.0,13416059.0,0.0028263995636435713
100020367|F|0-37:A>T-37:A>T,100035421|F|0-6:T>A-6:T>A,8687209.0,13420106.0,1.2037062152420224e-35
100020367|F|0-37:A>T-37:A>T,100015018|F|0-5:T>A-5:T>A,8687209.0,13421247.0,0.0003672988072454527
100020367|F|0-37:A>T-37:A>T,100020103|F|0-18:T>C-18:T>C,8687209.0,13646039.0,0.004667540124467728
100020367|F|0-37:A>T-37:A>T,100014062|F|0-62:G>A-62:G>A,8687209.0,13646044.0,0.012624584717607985
100020367|F|0-37:A>T-37:A>T,100039121|F|0-17:A>G-17:A>G,8687209.0,13667695.0,0.00901983308327079
100020367|F|0-37:A>T-37:A>T,100018973|F|0-53:T>G-53:T>G,8687209.0,13667871.0,0.012624584717607985
100020367|F|0-37:A>T-37:A>T,100022289|F|0-10:A>G-10:A>G,8687209.0,13667876.0,0.006979039922863236
100020367|F|0-37:A>T-37:A>T,100015169|F|0-21:A>G-21:A>G,8687209.0,13718785.0,2.9452651916783997e-06
100020367|F|0-37:A>T-37:A>T,100020673|F|0-43:T>A-43:T>A,8687209.0,13731316.0,0.0008290065011562562
100020367|F|0-37:A>T-37:A>T,100015679|F|0-19:G>A-19:G>A,8687209.0,14080553.0,0.0001668657345605263
100020367|F|0-37:A>T-37:A>T,100016059|F|0-15:A>T-15:A>T,8687209.0,14090473.0,0.03425816897262294
100020367|F|0-37:A>T-37:A>T,100019698|F|0-15:C>A-15:C>A,8687209.0,14160112.0,6.895450454373823e-05
100020367|F|0-37:A>T-37:A>T,100036115|F|0-39:C>T-39:C>T,8687209.0,14240591.0,0.010102665940799383
100020367|F|0-37:A>T-37:A>T,100035750|F|0-64:T>C-64:T>C,8687209.0,14346419.0,0.0022698311564192447
100020367|F|0-37:A>T-37:A>T,100021715|F|0-7:C>A-7:C>A,8687209.0,14348921.0,0.0027574073854683794
100020367|F|0-37:A>T-37:A>T,100040569|F|0-37:C>T-37:C>T,8687209.0,14351912.0,0.00019482383823469048
100020367|F|0-37:A>T-37:A>T,100015147|F|0-16:C>G-16:C>G,8687209.0,14409032.0,0.025791612070021987
100020367|F|0-37:A>T-37:A>T,100030246|F|0-11:C>A-11:C>A,8687209.0,14458674.0,0.016304606028933175
100020367|F|0-37:A>T-37:A>T,100035083|F|0-24:G>C-24:G>C,8687209.0,14490822.0,0.009898559102324424
100020367|F|0-37:A>T-37:A>T,100013053|F|0-56:A>T-56:A>T,8687209.0,14502847.0,0.0015917163728972603
100020367|F|0-37:A>T-37:A>T,100044112|F|0-18:T>G-18:T>G,8687209.0,14593733.0,0.018687707641196042
100020367|F|0-37:A>T-37:A>T,100041853|F|0-21:T>C-21:T>C,8687209.0,14595838.0,0.015747294311500685
100020367|F|0-37:A>T-37:A>T,100033723|F|0-20:T>C-20:T>C,8687209.0,14595843.0,0.013184897194884034
100020367|F|0-37:A>T-37:A>T,100017564|F|0-8:A>T-8:A>T,8687209.0,14625545.0,0.01589426133511798
100020367|F|0-37:A>T-37:A>T,100057963|F|0-26:C>T-26:C>T,8687209.0,14656009.0,0.002191768180140272
100020367|F|0-37:A>T-37:A>T,100019295|F|0-19:G>T-19:G>T,8687209.0,14656014.0,0.00531292141892283
100020367|F|0-37:A>T-37:A>T,100035362|F|0-6:C>A-6:C>A,8687209.0,14658473.0,0.005039035952858502
100020367|F|0-37:A>T-37:A>T,100014679|F|0-16:C>A-16:C>A,8687209.0,14859822.0,0.002519921181412676
100020367|F|0-37:A>T-37:A>T,100021838|F|0-57:A>G-57:A>G,8687209.0,14928961.0,0.025124584717607968
100020367|F|0-37:A>T-37:A>T,100046294|F|0-6:C>G-6:C>G,8687209.0,15124860.0,0.016806804708366582
100020367|F|0-37:A>T-37:A>T,100045141|F|0-49:C>T-49:C>T,8687209.0,15225158.0,0.0010384499767715142
100020367|F|0-37:A>T-37:A>T,100043254|F|0-7:C>G-7:C>G,8687209.0,15229542.0,0.0006381168462847389
100020367|F|0-37:A>T-37:A>T,100013673|F|0-63:C>A-63:C>A,8687209.0,15256237.0,0.0011279143972336481
100020367|F|0-37:A>T-37:A>T,100016806|F|0-26:T>A-26:T>A,8687209.0,15351778.0,0.00047106659394059497
100020367|F|0-37:A>T-37:A>T,100033542|F|0-31:T>C-31:T>C,8687209.0,15394673.0,0.0006111486377818497
100020367|F|0-37:A>T-37:A>T,100029793|F|0-30:G>A-30:G>A,8687209.0,15400977.0,0.0005004082277647536
100020367|F|0-37:A>T-37:A>T,100021703|F|0-41:T>C-41:T>C,8687209.0,15431799.0,0.03232589003256123
100020367|F|0-37:A>T-37:A>T,100017056|F|0-15:G>A-15:G>A,8687209.0,15535069.0,0.009326869976069158
100020367|F|0-37:A>T-37:A>T,100021184|F|0-17:T>G-17:T>G,8687209.0,15536283.0,0.009326869976069158
100020367|F|0-37:A>T-37:A>T,100044126|F|0-46:C>T-46:C>T,8687209.0,15556197.0,0.0053108228980322195
100020367|F|0-37:A>T-37:A>T,100017834|F|0-8:C>T-8:C>T,8687209.0,15619447.0,4.697511571536836e-06
100020367|F|0-37:A>T-37:A>T,100020292|F|0-58:T>C-58:T>C,8687209.0,15819325.0,0.0009219832344627664
100020367|F|0-37:A>T-37:A>T,100015600|F|0-30:C>A-30:C>A,8687209.0,15832699.0,0.0005156566631284403
100020367|F|0-37:A>T-37:A>T,100049389|F|0-23:C>A-23:C>A,8687209.0,15838578.0,0.0012460658955336756
100020367|F|0-37:A>T-37:A>T,100038568|F|0-15:C>T-15:C>T,8687209.0,15839422.0,0.0005156566631284403
100020367|F|0-37:A>T-37:A>T,100018705|F|0-34:T>C-34:T>C,8687209.0,15915251.0,0.0027574073854683885
100020367|F|0-37:A>T-37:A>T,100019856|F|0-16:C>T-16:C>T,8687209.0,15948596.0,0.01589426133511791
100020367|F|0-37:A>T-37:A>T,100034716|F|0-53:A>G-53:A>G,8687209.0,15958067.0,0.0005575917254692156
100020367|F|0-37:A>T-37:A>T,100021071|F|0-60:A>G-60:A>G,8687209.0,15967627.0,0.00024992107755445885
100020367|F|0-37:A>T-37:A>T,100020211|F|0-33:C>A-33:C>A,8687209.0,15977146.0,0.006269361664994151
100020367|F|0-37:A>T-37:A>T,100013484|F|0-22:G>A-22:G>A,8687209.0,16177456.0,0.0013369454315167305
100020367|F|0-37:A>T-37:A>T,100021316|F|0-63:C>A-63:C>A,8687209.0,16179198.0,0.00030410217833191894
100020367|F|0-37:A>T-37:A>T,100017187|F|0-41:T>C-41:T>C,8687209.0,16245982.0,0.0017260174418604658
100020367|F|0-37:A>T-37:A>T,100029840|F|0-31:T>C-31:T>C,8687209.0,16252498.0,0.007479730872841324
100020367|F|0-37:A>T-37:A>T,100013453|F|0-6:G>A-6:G>A,8687209.0,16307679.0,0.005990259394501628
100020367|F|0-37:A>T-37:A>T,100016783|F|0-52:G>T-52:G>T,8687209.0,16317524.0,0.007264726393937426
100020367|F|0-37:A>T-37:A>T,100014400|F|0-16:A>T-16:A>T,8687209.0,16381041.0,0.0007086144308707286
100020367|F|0-37:A>T-37:A>T,100016625|F|0-16:T>C-16:T>C,8687209.0,16411184.0,0.005039035952858505
100020367|F|0-37:A>T-37:A>T,100015226|F|0-25:T>A-25:T>A,8687209.0,16581877.0,0.007339874835818585
100020367|F|0-37:A>T-37:A>T,100017539|F|0-11:A>T-11:A>T,8687209.0,16662610.0,0.023573684426397585
100020367|F|0-37:A>T-37:A>T,100033601|F|0-15:C>A-15:C>A,8687209.0,16769146.0,5.169167818393568e-05
100020367|F|0-37:A>T-37:A>T,100039949|F|0-62:A>T-62:A>T,8687209.0,16793350.0,0.0013842746400885956
100020367|F|0-37:A>T-37:A>T,100035334|F|0-35:T>C-35:T>C,8687209.0,16832622.0,0.00014522403530395768
100020367|F|0-37:A>T-37:A>T,100021345|F|0-28:C>T-28:C>T,8687209.0,16899147.0,0.0004761427425821939
100020367|F|0-37:A>T-37:A>T,100022139|F|0-65:T>C-65:T>C,8687209.0,16965771.0,0.0019474751155957434
100020367|F|0-37:A>T-37:A>T,100044804|F|0-53:G>C-53:G>C,8687209.0,16968917.0,0.013334011178543895
100020367|F|0-37:A>T-37:A>T,100030290|F|0-11:A>C-11:A>C,8687209.0,16971407.0,0.0019474751155957434
100020367|F|0-37:A>T-37:A>T,100017336|F|0-39:A>G-39:A>G,8687209.0,16987827.0,0.005335524399883513
100020367|F|0-37:A>T-37:A>T,100029568|F|0-9:T>G-9:T>G,8687209.0,16988131.0,0.0011929278215882353
100020367|F|0-37:A>T-37:A>T,100034247|F|0-37:G>C-37:G>C,8687209.0,16999534.0,0.0007467012507246043
100020367|F|0-37:A>T-37:A>T,100012983|F|0-45:A>T-45:A>T,8687209.0,17017248.0,0.015894261335117985
100020367|F|0-37:A>T-37:A>T,100020033|F|0-7:G>A-7:G>A,8687209.0,17020316.0,2.3303752327085554e-32
100020367|F|0-37:A>T-37:A>T,100018782|F|0-63:C>T-63:C>T,8687209.0,17424649.0,0.007659553024767566
100020367|F|0-37:A>T-37:A>T,100019630|F|0-24:A>T-24:A>T,8687209.0,17521232.0,0.000605104106215233
100020367|F|0-37:A>T-37:A>T,100021757|F|0-47:G>A-47:G>A,8687209.0,17521694.0,0.0003020235578375115
100020367|F|0-37:A>T-37:A>T,100038944|F|0-45:C>T-45:C>T,8687209.0,17607936.0,0.00525329482965194
100020367|F|0-37:A>T-37:A>T,100047378|F|0-35:C>T-35:C>T,8687209.0,17706505.0,0.012705588469360688
100020367|F|0-37:A>T-37:A>T,100029543|F|0-46:T>C-46:T>C,8687209.0,18278899.0,0.007458861088039876
100020367|F|0-37:A>T-37:A>T,100021798|F|0-27:T>C-27:T>C,8687209.0,18732658.0,7.354535038553229e-05
100020367|F|0-37:A>T-37:A>T,100017716|F|0-8:C>T-8:C>T,8687209.0,18851585.0,0.02599179206566349
100017575|F|0-33:C>A-33:C>A,100021965|F|0-19:C>T-19:C>T,8708407.0,9286898.0,0.0051857488731287035
100017575|F|0-33:C>A-33:C>A,100022176|F|0-8:G>A-8:G>A,8708407.0,9450266.0,0.011003260225251891
100017575|F|0-33:C>A-33:C>A,100033258|F|0-23:G>A-23:G>A,8708407.0,9597839.0,9.983553719789509e-05
100017575|F|0-33:C>A-33:C>A,100016832|F|0-65:T>A-65:T>A,8708407.0,9956473.0,0.0011940654944923577
100017575|F|0-33:C>A-33:C>A,100015585|F|0-38:T>C-38:T>C,8708407.0,10530371.0,2.0021122284009968e-05
100017575|F|0-33:C>A-33:C>A,100032761|F|0-35:G>T-35:G>T,8708407.0,11013852.0,0.01243873086710711
100017575|F|0-33:C>A-33:C>A,100018106|F|0-5:T>C-5:T>C,8708407.0,11160342.0,0.0027447619358783554
100017575|F|0-33:C>A-33:C>A,100029056|F|0-22:A>T-22:A>T,8708407.0,11582180.0,0.005845664030898507
100017575|F|0-33:C>A-33:C>A,100019200|F|0-60:C>T-60:C>T,8708407.0,11806800.0,0.027662517289073305
100017575|F|0-33:C>A-33:C>A,100017507|F|0-36:T>C-36:T>C,8708407.0,12067176.0,0.029406724684512612
100017575|F|0-33:C>A-33:C>A,100015126|F|0-46:T>G-46:T>G,8708407.0,12238563.0,0.012148177773333964
100017575|F|0-33:C>A-33:C>A,100035996|F|0-47:A>G-47:A>G,8708407.0,12678333.0,0.041974337342101306
100017575|F|0-33:C>A-33:C>A,100041089|F|0-45:A>G-45:A>G,8708407.0,12678338.0,0.041974337342101306
100017575|F|0-33:C>A-33:C>A,100015053|F|0-21:C>T-21:C>T,8708407.0,12815706.0,0.0076859857248471435
100017575|F|0-33:C>A-33:C>A,100016297|F|0-36:A>G-36:A>G,8708407.0,12845233.0,0.03583553376084495
100017575|F|0-33:C>A-33:C>A,100016238|F|0-41:C>A-41:C>A,8708407.0,12849798.0,0.03553247771725884
100017575|F|0-33:C>A-33:C>A,100016677|F|0-45:G>A-45:G>A,8708407.0,13416059.0,0.0333988769843728
100017575|F|0-33:C>A-33:C>A,100035421|F|0-6:T>A-6:T>A,8708407.0,13420106.0,0.0006550241690550533
100017575|F|0-33:C>A-33:C>A,100015018|F|0-5:T>A-5:T>A,8708407.0,13421247.0,0.0012110974293174379
100017575|F|0-33:C>A-33:C>A,100020103|F|0-18:T>C-18:T>C,8708407.0,13646039.0,0.008913004305222768
100017575|F|0-33:C>A-33:C>A,100014062|F|0-62:G>A-62:G>A,8708407.0,13646044.0,0.010017783046828663
100017575|F|0-33:C>A-33:C>A,100039121|F|0-17:A>G-17:A>G,8708407.0,13667695.0,0.010102082217909272
100017575|F|0-33:C>A-33:C>A,100018973|F|0-53:T>G-53:T>G,8708407.0,13667871.0,0.010017783046828663
100017575|F|0-33:C>A-33:C>A,100022289|F|0-10:A>G-10:A>G,8708407.0,13667876.0,0.011215198273072482
100017575|F|0-33:C>A-33:C>A,100015169|F|0-21:A>G-21:A>G,8708407.0,13718785.0,1.9969142419924193e-05
100017575|F|0-33:C>A-33:C>A,100020673|F|0-43:T>A-43:T>A,8708407.0,13731316.0,0.00047098938911508244
100017575|F|0-33:C>A-33:C>A,100015679|F|0-19:G>A-19:G>A,8708407.0,14080553.0,0.003209186295771643
100017575|F|0-33:C>A-33:C>A,100016059|F|0-15:A>T-15:A>T,8708407.0,14090473.0,0.017017700509480548
100017575|F|0-33:C>A-33:C>A,100019698|F|0-15:C>A-15:C>A,8708407.0,14160112.0,0.016245253598976373
100017575|F|0-33:C>A-33:C>A,100036115|F|0-39:C>T-39:C>T,8708407.0,14240591.0,0.0011653539154389547
100017575|F|0-33:C>A-33:C>A,100035750|F|0-64:T>C-64:T>C,8708407.0,14346419.0,0.006310511756569854
100017575|F|0-33:C>A-33:C>A,100021715|F|0-7:C>A-7:C>A,8708407.0,14348921.0,0.014221605933842474
100017575|F|0-33:C>A-33:C>A,100040569|F|0-37:C>T-37:C>T,8708407.0,14351912.0,0.01452282157676353
100017575|F|0-33:C>A-33:C>A,100015147|F|0-16:C>G-16:C>G,8708407.0,14409032.0,0.025607941844799493
100017575|F|0-33:C>A-33:C>A,100030246|F|0-11:C>A-11:C>A,8708407.0,14458674.0,0.021065826336468307
100017575|F|0-33:C>A-33:C>A,100035083|F|0-24:G>C-24:G>C,8708407.0,14490822.0,0.05703626333180291
100017575|F|0-33:C>A-33:C>A,100013053|F|0-56:A>T-56:A>T,8708407.0,14502847.0,0.09208299950972779
100017575|F|0-33:C>A-33:C>A,100044112|F|0-18:T>G-18:T>G,8708407.0,14593733.0,3.8086016966642115e-34
100017575|F|0-33:C>A-33:C>A,100041853|F|0-21:T>C-21:T>C,8708407.0,14595838.0,0.0002856455589632581
100017575|F|0-33:C>A-33:C>A,100033723|F|0-20:T>C-20:T>C,8708407.0,14595843.0,0.00010980111178826772
100017575|F|0-33:C>A-33:C>A,100017564|F|0-8:A>T-8:A>T,8708407.0,14625545.0,0.0011940654944923624
100017575|F|0-33:C>A-33:C>A,100057963|F|0-26:C>T-26:C>T,8708407.0,14656009.0,9.262003556609392e-05
100017575|F|0-33:C>A-33:C>A,100019295|F|0-19:G>T-19:G>T,8708407.0,14656014.0,0.0007297876178887678
100017575|F|0-33:C>A-33:C>A,100035362|F|0-6:C>A-6:C>A,8708407.0,14658473.0,5.323506534604289e-05
100017575|F|0-33:C>A-33:C>A,100014679|F|0-16:C>A-16:C>A,8708407.0,14859822.0,0.00011687027206626623
100017575|F|0-33:C>A-33:C>A,100021838|F|0-57:A>G-57:A>G,8708407.0,14928961.0,0.0043114626556016574
100017575|F|0-33:C>A-33:C>A,100046294|F|0-6:C>G-6:C>G,8708407.0,15124860.0,0.011685031030608736
100017575|F|0-33:C>A-33:C>A,100045141|F|0-49:C>T-49:C>T,8708407.0,15225158.0,0.028534894266447484
100017575|F|0-33:C>A-33:C>A,100043254|F|0-7:C>G-7:C>G,8708407.0,15229542.0,0.03893836656208867
100017575|F|0-33:C>A-33:C>A,100013673|F|0-63:C>A-63:C>A,8708407.0,15256237.0,0.04077915354815464
100017575|F|0-33:C>A-33:C>A,100016806|F|0-26:T>A-26:T>A,8708407.0,15351778.0,0.05591706553185449
100017575|F|0-33:C>A-33:C>A,100033542|F|0-31:T>C-31:T>C,8708407.0,15394673.0,0.00034721624398110514
100017575|F|0-33:C>A-33:C>A,100029793|F|0-30:G>A-30:G>A,8708407.0,15400977.0,0.002636828428170661
100017575|F|0-33:C>A-33:C>A,100021703|F|0-41:T>C-41:T>C,8708407.0,15431799.0,0.021683388997954252
100017575|F|0-33:C>A-33:C>A,100017056|F|0-15:G>A-15:G>A,8708407.0,15535069.0,0.0009367575734352175
100017575|F|0-33:C>A-33:C>A,100021184|F|0-17:T>G-17:T>G,8708407.0,15536283.0,0.0009367575734352175
100017575|F|0-33:C>A-33:C>A,100044126|F|0-46:C>T-46:C>T,8708407.0,15556197.0,0.008079316948611566
100017575|F|0-33:C>A-33:C>A,100017834|F|0-8:C>T-8:C>T,8708407.0,15619447.0,0.016123818634315026
100017575|F|0-33:C>A-33:C>A,100020292|F|0-58:T>C-58:T>C,8708407.0,15819325.0,0.0061691417909640126
100017575|F|0-33:C>A-33:C>A,100015600|F|0-30:C>A-30:C>A,8708407.0,15832699.0,0.005424536423270958
100017575|F|0-33:C>A-33:C>A,100049389|F|0-23:C>A-23:C>A,8708407.0,15838578.0,0.006704106720396601
100017575|F|0-33:C>A-33:C>A,100038568|F|0-15:C>T-15:C>T,8708407.0,15839422.0,0.005424536423270958
100017575|F|0-33:C>A-33:C>A,100018705|F|0-34:T>C-34:T>C,8708407.0,15915251.0,0.028253234633246187
100017575|F|0-33:C>A-33:C>A,100019856|F|0-16:C>T-16:C>T,8708407.0,15948596.0,0.002257530075524663
100017575|F|0-33:C>A-33:C>A,100034716|F|0-53:A>G-53:A>G,8708407.0,15958067.0,0.03939465165474771
100017575|F|0-33:C>A-33:C>A,100021071|F|0-60:A>G-60:A>G,8708407.0,15967627.0,0.041695905540639476
100017575|F|0-33:C>A-33:C>A,100020211|F|0-33:C>A-33:C>A,8708407.0,15977146.0,0.014129924953095693
100017575|F|0-33:C>A-33:C>A,100013484|F|0-22:G>A-22:G>A,8708407.0,16177456.0,0.0021484485345352584
100017575|F|0-33:C>A-33:C>A,100021316|F|0-63:C>A-63:C>A,8708407.0,16179198.0,0.000788538807960635
100017575|F|0-33:C>A-33:C>A,100017187|F|0-41:T>C-41:T>C,8708407.0,16245982.0,0.00020260632780082948
100017575|F|0-33:C>A-33:C>A,100029840|F|0-31:T>C-31:T>C,8708407.0,16252498.0,0.0018114343564749576
100017575|F|0-33:C>A-33:C>A,100013453|F|0-6:G>A-6:G>A,8708407.0,16307679.0,0.006498312929869301
100017575|F|0-33:C>A-33:C>A,100016783|F|0-52:G>T-52:G>T,8708407.0,16317524.0,0.0056895523490865475
100017575|F|0-33:C>A-33:C>A,100014400|F|0-16:A>T-16:A>T,8708407.0,16381041.0,5.3235065346042584e-05
100017575|F|0-33:C>A-33:C>A,100016625|F|0-16:T>C-16:T>C,8708407.0,16411184.0,5.323506534604279e-05
100017575|F|0-33:C>A-33:C>A,100015226|F|0-25:T>A-25:T>A,8708407.0,16581877.0,0.06978811982189385
100017575|F|0-33:C>A-33:C>A,100017539|F|0-11:A>T-11:A>T,8708407.0,16662610.0,0.000879089917817453
100017575|F|0-33:C>A-33:C>A,100033601|F|0-15:C>A-15:C>A,8708407.0,16769146.0,0.0026251560628095783
100017575|F|0-33:C>A-33:C>A,100039949|F|0-62:A>T-62:A>T,8708407.0,16793350.0,0.00234637423434104
100017575|F|0-33:C>A-33:C>A,100035334|F|0-35:T>C-35:T>C,8708407.0,16832622.0,0.009615537218242506
100017575|F|0-33:C>A-33:C>A,100021345|F|0-28:C>T-28:C>T,8708407.0,16899147.0,0.0031718990954038863
100017575|F|0-33:C>A-33:C>A,100022139|F|0-65:T>C-65:T>C,8708407.0,16965771.0,0.0018785992091391991
100017575|F|0-33:C>A-33:C>A,100044804|F|0-53:G>C-53:G>C,8708407.0,16968917.0,0.004512099902131627
100017575|F|0-33:C>A-33:C>A,100030290|F|0-11:A>C-11:A>C,8708407.0,16971407.0,0.0018785992091391991
100017575|F|0-33:C>A-33:C>A,100017336|F|0-39:A>G-39:A>G,8708407.0,16987827.0,0.023219936806735994
100017575|F|0-33:C>A-33:C>A,100029568|F|0-9:T>G-9:T>G,8708407.0,16988131.0,0.012905191651057994
100017575|F|0-33:C>A-33:C>A,100034247|F|0-37:G>C-37:G>C,8708407.0,16999534.0,0.01358605619803416
100017575|F|0-33:C>A-33:C>A,100012983|F|0-45:A>T-45:A>T,8708407.0,17017248.0,0.002257530075524658
100017575|F|0-33:C>A-33:C>A,100020033|F|0-7:G>A-7:G>A,8708407.0,17020316.0,0.01347937515255065
100017575|F|0-33:C>A-33:C>A,100018782|F|0-63:C>T-63:C>T,8708407.0,17424649.0,0.003418853369177721
100017575|F|0-33:C>A-33:C>A,100019630|F|0-24:A>T-24:A>T,8708407.0,17521232.0,0.006455464273177041
100017575|F|0-33:C>A-33:C>A,100021757|F|0-47:G>A-47:G>A,8708407.0,17521694.0,0.008190979145335996
100017575|F|0-33:C>A-33:C>A,100038944|F|0-45:C>T-45:C>T,8708407.0,17607936.0,0.0006584464774141246
100017575|F|0-33:C>A-33:C>A,100047378|F|0-35:C>T-35:C>T,8708407.0,17706505.0,0.00028398782007793853
100017575|F|0-33:C>A-33:C>A,100029543|F|0-46:T>C-46:T>C,8708407.0,18278899.0,0.007043753704801424
100017575|F|0-33:C>A-33:C>A,100021798|F|0-27:T>C-27:T>C,8708407.0,18732658.0,0.0021551485985491056
100017575|F|0-33:C>A-33:C>A,100017716|F|0-8:C>T-8:C>T,8708407.0,18851585.0,0.04640590676104465
100021965|F|0-19:C>T-19:C>T,100022176|F|0-8:G>A-8:G>A,9286898.0,9450266.0,0.002339124290343798
100021965|F|0-19:C>T-19:C>T,100033258|F|0-23:G>A-23:G>A,9286898.0,9597839.0,0.013000722262347861
100021965|F|0-19:C>T-19:C>T,100016832|F|0-65:T>A-65:T>A,9286898.0,9956473.0,0.025662396911738942
100021965|F|0-19:C>T-19:C>T,100015585|F|0-38:T>C-38:T>C,9286898.0,10530371.0,0.0024996774974708935
100021965|F|0-19:C>T-19:C>T,100032761|F|0-35:G>T-35:G>T,9286898.0,11013852.0,0.005362821174109939
100021965|F|0-19:C>T-19:C>T,100018106|F|0-5:T>C-5:T>C,9286898.0,11160342.0,0.03343343808102785
100021965|F|0-19:C>T-19:C>T,100029056|F|0-22:A>T-22:A>T,9286898.0,11582180.0,0.005006919756114404
100021965|F|0-19:C>T-19:C>T,100019200|F|0-60:C>T-60:C>T,9286898.0,11806800.0,0.028240306441525958
100021965|F|0-19:C>T-19:C>T,100017507|F|0-36:T>C-36:T>C,9286898.0,12067176.0,0.0017710183909190997
100021965|F|0-19:C>T-19:C>T,100015126|F|0-46:T>G-46:T>G,9286898.0,12238563.0,0.0035046376877114387
100021965|F|0-19:C>T-19:C>T,100035996|F|0-47:A>G-47:A>G,9286898.0,12678333.0,0.0009073990317929571
100021965|F|0-19:C>T-19:C>T,100041089|F|0-45:A>G-45:A>G,9286898.0,12678338.0,0.0009073990317929571
100021965|F|0-19:C>T-19:C>T,100015053|F|0-21:C>T-21:C>T,9286898.0,12815706.0,0.007978951945664425
100021965|F|0-19:C>T-19:C>T,100016297|F|0-36:A>G-36:A>G,9286898.0,12845233.0,0.05063534026948665
100021965|F|0-19:C>T-19:C>T,100016238|F|0-41:C>A-41:C>A,9286898.0,12849798.0,0.03405528734615458
100021965|F|0-19:C>T-19:C>T,100016677|F|0-45:G>A-45:G>A,9286898.0,13416059.0,0.07458319498727195
100021965|F|0-19:C>T-19:C>T,100035421|F|0-6:T>A-6:T>A,9286898.0,13420106.0,0.1358290942148121
100021965|F|0-19:C>T-19:C>T,100015018|F|0-5:T>A-5:T>A,9286898.0,13421247.0,0.13989455691602723
100021965|F|0-19:C>T-19:C>T,100020103|F|0-18:T>C-18:T>C,9286898.0,13646039.0,0.0004013291758053007
100021965|F|0-19:C>T-19:C>T,100014062|F|0-62:G>A-62:G>A,9286898.0,13646044.0,0.0008576789064593985
100021965|F|0-19:C>T-19:C>T,100039121|F|0-17:A>G-17:A>G,9286898.0,13667695.0,0.001328167554318219
100021965|F|0-19:C>T-19:C>T,100018973|F|0-53:T>G-53:T>G,9286898.0,13667871.0,0.0008576789064593985
100021965|F|0-19:C>T-19:C>T,100022289|F|0-10:A>G-10:A>G,9286898.0,13667876.0,0.002016931855855111
100021965|F|0-19:C>T-19:C>T,100015169|F|0-21:A>G-21:A>G,9286898.0,13718785.0,0.029620288896365744
100021965|F|0-19:C>T-19:C>T,100020673|F|0-43:T>A-43:T>A,9286898.0,13731316.0,0.011841359573936337
100021965|F|0-19:C>T-19:C>T,100015679|F|0-19:G>A-19:G>A,9286898.0,14080553.0,4.534556151975668e-05
100021965|F|0-19:C>T-19:C>T,100016059|F|0-15:A>T-15:A>T,9286898.0,14090473.0,0.0002404588310732154
100021965|F|0-19:C>T-19:C>T,100019698|F|0-15:C>A-15:C>A,9286898.0,14160112.0,0.0013143162978734421
100021965|F|0-19:C>T-19:C>T,100036115|F|0-39:C>T-39:C>T,9286898.0,14240591.0,0.0002891508343064376
100021965|F|0-19:C>T-19:C>T,100035750|F|0-64:T>C-64:T>C,9286898.0,14346419.0,0.10390938900168781
100021965|F|0-19:C>T-19:C>T,100021715|F|0-7:C>A-7:C>A,9286898.0,14348921.0,0.047529387476954045
100021965|F|0-19:C>T-19:C>T,100040569|F|0-37:C>T-37:C>T,9286898.0,14351912.0,5.294314237403709e-05
100021965|F|0-19:C>T-19:C>T,100015147|F|0-16:C>G-16:C>G,9286898.0,14409032.0,0.060050452083829295
100021965|F|0-19:C>T-19:C>T,100030246|F|0-11:C>A-11:C>A,9286898.0,14458674.0,0.0625521025973202
100021965|F|0-19:C>T-19:C>T,100035083|F|0-24:G>C-24:G>C,9286898.0,14490822.0,0.010801756917343442
100021965|F|0-19:C>T-19:C>T,100013053|F|0-56:A>T-56:A>T,9286898.0,14502847.0,0.09094300652605325
100021965|F|0-19:C>T-19:C>T,100044112|F|0-18:T>G-18:T>G,9286898.0,14593733.0,0.005658298341225188
100021965|F|0-19:C>T-19:C>T,100041853|F|0-21:T>C-21:T>C,9286898.0,14595838.0,0.014530141120809172
100021965|F|0-19:C>T-19:C>T,100033723|F|0-20:T>C-20:T>C,9286898.0,14595843.0,0.0164383667914661
100021965|F|0-19:C>T-19:C>T,100017564|F|0-8:A>T-8:A>T,9286898.0,14625545.0,0.052910767071146156
100021965|F|0-19:C>T-19:C>T,100057963|F|0-26:C>T-26:C>T,9286898.0,14656009.0,0.004104127579737341
100021965|F|0-19:C>T-19:C>T,100019295|F|0-19:G>T-19:G>T,9286898.0,14656014.0,0.0020657857969741686
100021965|F|0-19:C>T-19:C>T,100035362|F|0-6:C>A-6:C>A,9286898.0,14658473.0,0.006932344119208496
100021965|F|0-19:C>T-19:C>T,100014679|F|0-16:C>A-16:C>A,9286898.0,14859822.0,0.05372072629192119
100021965|F|0-19:C>T-19:C>T,100021838|F|0-57:A>G-57:A>G,9286898.0,14928961.0,0.04583221656392395
100021965|F|0-19:C>T-19:C>T,100046294|F|0-6:C>G-6:C>G,9286898.0,15124860.0,0.048012303614177465
100021965|F|0-19:C>T-19:C>T,100045141|F|0-49:C>T-49:C>T,9286898.0,15225158.0,0.05383909890802797
100021965|F|0-19:C>T-19:C>T,100043254|F|0-7:C>G-7:C>G,9286898.0,15229542.0,0.07346817370612754
100021965|F|0-19:C>T-19:C>T,100013673|F|0-63:C>A-63:C>A,9286898.0,15256237.0,0.07694133578221547
100021965|F|0-19:C>T-19:C>T,100016806|F|0-26:T>A-26:T>A,9286898.0,15351778.0,0.02121995223560557
100021965|F|0-19:C>T-19:C>T,100033542|F|0-31:T>C-31:T>C,9286898.0,15394673.0,0.0035525315355292063
100021965|F|0-19:C>T-19:C>T,100029793|F|0-30:G>A-30:G>A,9286898.0,15400977.0,0.010263174110092883
100021965|F|0-19:C>T-19:C>T,100021703|F|0-41:T>C-41:T>C,9286898.0,15431799.0,0.030492162279593234
100021965|F|0-19:C>T-19:C>T,100017056|F|0-15:G>A-15:G>A,9286898.0,15535069.0,0.0005946576108748716
100021965|F|0-19:C>T-19:C>T,100021184|F|0-17:T>G-17:T>G,9286898.0,15536283.0,0.0005946576108748716
100021965|F|0-19:C>T-19:C>T,100044126|F|0-46:C>T-46:C>T,9286898.0,15556197.0,0.015243902439024418
100021965|F|0-19:C>T-19:C>T,100017834|F|0-8:C>T-8:C>T,9286898.0,15619447.0,5.120356161194875e-05
100021965|F|0-19:C>T-19:C>T,100020292|F|0-58:T>C-58:T>C,9286898.0,15819325.0,0.05358983167296455
100021965|F|0-19:C>T-19:C>T,100015600|F|0-30:C>A-30:C>A,9286898.0,15832699.0,0.05628542151604087
100021965|F|0-19:C>T-19:C>T,100049389|F|0-23:C>A-23:C>A,9286898.0,15838578.0,0.05224204215096691
100021965|F|0-19:C>T-19:C>T,100038568|F|0-15:C>T-15:C>T,9286898.0,15839422.0,0.05628542151604087
100021965|F|0-19:C>T-19:C>T,100018705|F|0-34:T>C-34:T>C,9286898.0,15915251.0,0.029437893716685492
100021965|F|0-19:C>T-19:C>T,100019856|F|0-16:C>T-16:C>T,9286898.0,15948596.0,1.6872055826257686e-05
100021965|F|0-19:C>T-19:C>T,100034716|F|0-53:A>G-53:A>G,9286898.0,15958067.0,0.015026480024496624
100021965|F|0-19:C>T-19:C>T,100021071|F|0-60:A>G-60:A>G,9286898.0,15967627.0,0.013550253410644081
100021965|F|0-19:C>T-19:C>T,100020211|F|0-33:C>A-33:C>A,9286898.0,15977146.0,0.025133848899464517
100021965|F|0-19:C>T-19:C>T,100013484|F|0-22:G>A-22:G>A,9286898.0,16177456.0,0.09156062932676326
100021965|F|0-19:C>T-19:C>T,100021316|F|0-63:C>A-63:C>A,9286898.0,16179198.0,0.045153392928391656
100021965|F|0-19:C>T-19:C>T,100017187|F|0-41:T>C-41:T>C,9286898.0,16245982.0,0.03905517120075039
100021965|F|0-19:C>T-19:C>T,100029840|F|0-31:T>C-31:T>C,9286898.0,16252498.0,0.15240464014127403
100021965|F|0-19:C>T-19:C>T,100013453|F|0-6:G>A-6:G>A,9286898.0,16307679.0,0.0008887334374357427
100021965|F|0-19:C>T-19:C>T,100016783|F|0-52:G>T-52:G>T,9286898.0,16317524.0,0.006074186682249003
100021965|F|0-19:C>T-19:C>T,100014400|F|0-16:A>T-16:A>T,9286898.0,16381041.0,0.0007074093439547242
100021965|F|0-19:C>T-19:C>T,100016625|F|0-16:T>C-16:T>C,9286898.0,16411184.0,0.006646505277487676
100021965|F|0-19:C>T-19:C>T,100015226|F|0-25:T>A-25:T>A,9286898.0,16581877.0,0.04152044778817316
100021965|F|0-19:C>T-19:C>T,100017539|F|0-11:A>T-11:A>T,9286898.0,16662610.0,0.008776153085096189
100021965|F|0-19:C>T-19:C>T,100033601|F|0-15:C>A-15:C>A,9286898.0,16769146.0,0.07460112675710129
100021965|F|0-19:C>T-19:C>T,100039949|F|0-62:A>T-62:A>T,9286898.0,16793350.0,0.07638702760653979
100021965|F|0-19:C>T-19:C>T,100035334|F|0-35:T>C-35:T>C,9286898.0,16832622.0,0.10896823247727902
100021965|F|0-19:C>T-19:C>T,100021345|F|0-28:C>T-28:C>T,9286898.0,16899147.0,0.05638424338487437
100021965|F|0-19:C>T-19:C>T,100022139|F|0-65:T>C-65:T>C,9286898.0,16965771.0,0.04902764276644488
100021965|F|0-19:C>T-19:C>T,100044804|F|0-53:G>C-53:G>C,9286898.0,16968917.0,0.10330847757053263
100021965|F|0-19:C>T-19:C>T,100030290|F|0-11:A>C-11:A>C,9286898.0,16971407.0,0.04902764276644488
100021965|F|0-19:C>T-19:C>T,100017336|F|0-39:A>G-39:A>G,9286898.0,16987827.0,0.05365719406471621
100021965|F|0-19:C>T-19:C>T,100029568|F|0-9:T>G-9:T>G,9286898.0,16988131.0,0.051670725629003905
100021965|F|0-19:C>T-19:C>T,100034247|F|0-37:G>C-37:G>C,9286898.0,16999534.0,0.05317090608753432
100021965|F|0-19:C>T-19:C>T,100012983|F|0-45:A>T-45:A>T,9286898.0,17017248.0,0.21543928084549271
100021965|F|0-19:C>T-19:C>T,100020033|F|0-7:G>A-7:G>A,9286898.0,17020316.0,0.010683147555457458
100021965|F|0-19:C>T-19:C>T,100018782|F|0-63:C>T-63:C>T,9286898.0,17424649.0,0.03732069135842621
100021965|F|0-19:C>T-19:C>T,100019630|F|0-24:A>T-24:A>T,9286898.0,17521232.0,0.09471531393061021
100021965|F|0-19:C>T-19:C>T,100021757|F|0-47:G>A-47:G>A,9286898.0,17521694.0,0.11122414171194667
100021965|F|0-19:C>T-19:C>T,100038944|F|0-45:C>T-45:C>T,9286898.0,17607936.0,0.004689811911837242
100021965|F|0-19:C>T-19:C>T,100047378|F|0-35:C>T-35:C>T,9286898.0,17706505.0,0.016607783619515086
100021965|F|0-19:C>T-19:C>T,100029543|F|0-46:T>C-46:T>C,9286898.0,18278899.0,0.001174963565398016
100021965|F|0-19:C>T-19:C>T,100021798|F|0-27:T>C-27:T>C,9286898.0,18732658.0,0.011037191187235037
100021965|F|0-19:C>T-19:C>T,100017716|F|0-8:C>T-8:C>T,9286898.0,18851585.0,0.06897693411323248
100022176|F|0-8:G>A-8:G>A,100033258|F|0-23:G>A-23:G>A,9450266.0,9597839.0,0.010738691832085853
100022176|F|0-8:G>A-8:G>A,100016832|F|0-65:T>A-65:T>A,9450266.0,9956473.0,0.003815129714410287
100022176|F|0-8:G>A-8:G>A,100015585|F|0-38:T>C-38:T>C,9450266.0,10530371.0,0.0008825111358283968
100022176|F|0-8:G>A-8:G>A,100032761|F|0-35:G>T-35:G>T,9450266.0,11013852.0,0.002845404846915416
100022176|F|0-8:G>A-8:G>A,100018106|F|0-5:T>C-5:T>C,9450266.0,11160342.0,0.0020464162758875807
100022176|F|0-8:G>A-8:G>A,100029056|F|0-22:A>T-22:A>T,9450266.0,11582180.0,0.0004978549452942969
100022176|F|0-8:G>A-8:G>A,100019200|F|0-60:C>T-60:C>T,9450266.0,11806800.0,0.02131386408730156
100022176|F|0-8:G>A-8:G>A,100017507|F|0-36:T>C-36:T>C,9450266.0,12067176.0,0.022419198304154044
100022176|F|0-8:G>A-8:G>A,100015126|F|0-46:T>G-46:T>G,9450266.0,12238563.0,0.0014875519393591687
100022176|F|0-8:G>A-8:G>A,100035996|F|0-47:A>G-47:A>G,9450266.0,12678333.0,0.04057651792931101
100022176|F|0-8:G>A-8:G>A,100041089|F|0-45:A>G-45:A>G,9450266.0,12678338.0,0.04057651792931101
100022176|F|0-8:G>A-8:G>A,100015053|F|0-21:C>T-21:C>T,9450266.0,12815706.0,0.015216683998152219
100022176|F|0-8:G>A-8:G>A,100016297|F|0-36:A>G-36:A>G,9450266.0,12845233.0,0.021030106257378976
100022176|F|0-8:G>A-8:G>A,100016238|F|0-41:C>A-41:C>A,9450266.0,12849798.0,0.08137225677548263
100022176|F|0-8:G>A-8:G>A,100016677|F|0-45:G>A-45:G>A,9450266.0,13416059.0,0.004159782411381541
100022176|F|0-8:G>A-8:G>A,100035421|F|0-6:T>A-6:T>A,9450266.0,13420106.0,0.04218826705940101
100022176|F|0-8:G>A-8:G>A,100015018|F|0-5:T>A-5:T>A,9450266.0,13421247.0,0.03967759173494844
100022176|F|0-8:G>A-8:G>A,100020103|F|0-18:T>C-18:T>C,9450266.0,13646039.0,0.0002800896286811771
100022176|F|0-8:G>A-8:G>A,100014062|F|0-62:G>A-62:G>A,9450266.0,13646044.0,6.184291898577678e-05
100022176|F|0-8:G>A-8:G>A,100039121|F|0-17:A>G-17:A>G,9450266.0,13667695.0,5.454894567797943e-07
100022176|F|0-8:G>A-8:G>A,100018973|F|0-53:T>G-53:T>G,9450266.0,13667871.0,6.184291898577678e-05
100022176|F|0-8:G>A-8:G>A,100022289|F|0-10:A>G-10:A>G,9450266.0,13667876.0,7.692209074242531e-05
100022176|F|0-8:G>A-8:G>A,100015169|F|0-21:A>G-21:A>G,9450266.0,13718785.0,0.007921979236568916
100022176|F|0-8:G>A-8:G>A,100020673|F|0-43:T>A-43:T>A,9450266.0,13731316.0,0.020471398520178898
100022176|F|0-8:G>A-8:G>A,100015679|F|0-19:G>A-19:G>A,9450266.0,14080553.0,0.002845404846915416
100022176|F|0-8:G>A-8:G>A,100016059|F|0-15:A>T-15:A>T,9450266.0,14090473.0,0.00016781741465286094
100022176|F|0-8:G>A-8:G>A,100019698|F|0-15:C>A-15:C>A,9450266.0,14160112.0,0.01649757337959584
100022176|F|0-8:G>A-8:G>A,100036115|F|0-39:C>T-39:C>T,9450266.0,14240591.0,0.007312043577227343
100022176|F|0-8:G>A-8:G>A,100035750|F|0-64:T>C-64:T>C,9450266.0,14346419.0,0.011267580402854348
100022176|F|0-8:G>A-8:G>A,100021715|F|0-7:C>A-7:C>A,9450266.0,14348921.0,0.011248133764690076
100022176|F|0-8:G>A-8:G>A,100040569|F|0-37:C>T-37:C>T,9450266.0,14351912.0,0.003322148163418002
100022176|F|0-8:G>A-8:G>A,100015147|F|0-16:C>G-16:C>G,9450266.0,14409032.0,0.025956478327779458
100022176|F|0-8:G>A-8:G>A,100030246|F|0-11:C>A-11:C>A,9450266.0,14458674.0,0.03424291064740515
100022176|F|0-8:G>A-8:G>A,100035083|F|0-24:G>C-24:G>C,9450266.0,14490822.0,0.004106912983378209
100022176|F|0-8:G>A-8:G>A,100013053|F|0-56:A>T-56:A>T,9450266.0,14502847.0,0.000779719799892713
100022176|F|0-8:G>A-8:G>A,100044112|F|0-18:T>G-18:T>G,9450266.0,14593733.0,0.0016319659176801983
100022176|F|0-8:G>A-8:G>A,100041853|F|0-21:T>C-21:T>C,9450266.0,14595838.0,0.0018625697973524112
100022176|F|0-8:G>A-8:G>A,100033723|F|0-20:T>C-20:T>C,9450266.0,14595843.0,0.001222422801852328
100022176|F|0-8:G>A-8:G>A,100017564|F|0-8:A>T-8:A>T,9450266.0,14625545.0,0.011211809772960837
100022176|F|0-8:G>A-8:G>A,100057963|F|0-26:C>T-26:C>T,9450266.0,14656009.0,0.0010736617879475024
100022176|F|0-8:G>A-8:G>A,100019295|F|0-19:G>T-19:G>T,9450266.0,14656014.0,0.003124111472862632
100022176|F|0-8:G>A-8:G>A,100035362|F|0-6:C>A-6:C>A,9450266.0,14658473.0,0.004838117453940699
100022176|F|0-8:G>A-8:G>A,100014679|F|0-16:C>A-16:C>A,9450266.0,14859822.0,0.027935228179641565
100022176|F|0-8:G>A-8:G>A,100021838|F|0-57:A>G-57:A>G,9450266.0,14928961.0,0.01551387600494738
100022176|F|0-8:G>A-8:G>A,100046294|F|0-6:C>G-6:C>G,9450266.0,15124860.0,0.015129782052065903
100022176|F|0-8:G>A-8:G>A,100045141|F|0-49:C>T-49:C>T,9450266.0,15225158.0,0.047371058240623314
100022176|F|0-8:G>A-8:G>A,100043254|F|0-7:C>G-7:C>G,9450266.0,15229542.0,0.06632747333966829
100022176|F|0-8:G>A-8:G>A,100013673|F|0-63:C>A-63:C>A,9450266.0,15256237.0,0.03783424084955681
100022176|F|0-8:G>A-8:G>A,100016806|F|0-26:T>A-26:T>A,9450266.0,15351778.0,0.008032656753339057
100022176|F|0-8:G>A-8:G>A,100033542|F|0-31:T>C-31:T>C,9450266.0,15394673.0,0.015091639572967363
100022176|F|0-8:G>A-8:G>A,100029793|F|0-30:G>A-30:G>A,9450266.0,15400977.0,0.004638481563736369
100022176|F|0-8:G>A-8:G>A,100021703|F|0-41:T>C-41:T>C,9450266.0,15431799.0,0.03585576113777844
100022176|F|0-8:G>A-8:G>A,100017056|F|0-15:G>A-15:G>A,9450266.0,15535069.0,0.026591537310534687
100022176|F|0-8:G>A-8:G>A,100021184|F|0-17:T>G-17:T>G,9450266.0,15536283.0,0.026591537310534687
100022176|F|0-8:G>A-8:G>A,100044126|F|0-46:C>T-46:C>T,9450266.0,15556197.0,0.00666000666000667
100022176|F|0-8:G>A-8:G>A,100017834|F|0-8:C>T-8:C>T,9450266.0,15619447.0,0.0046528829521019005
100022176|F|0-8:G>A-8:G>A,100020292|F|0-58:T>C-58:T>C,9450266.0,15819325.0,7.226298306110589e-05
100022176|F|0-8:G>A-8:G>A,100015600|F|0-30:C>A-30:C>A,9450266.0,15832699.0,0.00020460607856873463
100022176|F|0-8:G>A-8:G>A,100049389|F|0-23:C>A-23:C>A,9450266.0,15838578.0,2.3581292446786128e-05
100022176|F|0-8:G>A-8:G>A,100038568|F|0-15:C>T-15:C>T,9450266.0,15839422.0,0.00020460607856873463
100022176|F|0-8:G>A-8:G>A,100018705|F|0-34:T>C-34:T>C,9450266.0,15915251.0,3.9695403933814794e-05
100022176|F|0-8:G>A-8:G>A,100019856|F|0-16:C>T-16:C>T,9450266.0,15948596.0,0.0004866236880625377
100022176|F|0-8:G>A-8:G>A,100034716|F|0-53:A>G-53:A>G,9450266.0,15958067.0,8.770907537032048e-05
100022176|F|0-8:G>A-8:G>A,100021071|F|0-60:A>G-60:A>G,9450266.0,15967627.0,0.00023995612230906323
100022176|F|0-8:G>A-8:G>A,100020211|F|0-33:C>A-33:C>A,9450266.0,15977146.0,0.002242676023163826
100022176|F|0-8:G>A-8:G>A,100013484|F|0-22:G>A-22:G>A,9450266.0,16177456.0,0.0032422506893006204
100022176|F|0-8:G>A-8:G>A,100021316|F|0-63:C>A-63:C>A,9450266.0,16179198.0,0.00027149381932589287
100022176|F|0-8:G>A-8:G>A,100017187|F|0-41:T>C-41:T>C,9450266.0,16245982.0,0.004472740800865797
100022176|F|0-8:G>A-8:G>A,100029840|F|0-31:T>C-31:T>C,9450266.0,16252498.0,0.002239599609493281
100022176|F|0-8:G>A-8:G>A,100013453|F|0-6:G>A-6:G>A,9450266.0,16307679.0,0.010127588228738098
100022176|F|0-8:G>A-8:G>A,100016783|F|0-52:G>T-52:G>T,9450266.0,16317524.0,0.011222472676658142
100022176|F|0-8:G>A-8:G>A,100014400|F|0-16:A>T-16:A>T,9450266.0,16381041.0,0.00011146491902015956
100022176|F|0-8:G>A-8:G>A,100016625|F|0-16:T>C-16:T>C,9450266.0,16411184.0,0.0048381174539407065
100022176|F|0-8:G>A-8:G>A,100015226|F|0-25:T>A-25:T>A,9450266.0,16581877.0,0.025249528987070658
100022176|F|0-8:G>A-8:G>A,100017539|F|0-11:A>T-11:A>T,9450266.0,16662610.0,0.0033221481634179875
100022176|F|0-8:G>A-8:G>A,100033601|F|0-15:C>A-15:C>A,9450266.0,16769146.0,0.03871212627646898
100022176|F|0-8:G>A-8:G>A,100039949|F|0-62:A>T-62:A>T,9450266.0,16793350.0,0.03916718202432486
100022176|F|0-8:G>A-8:G>A,100035334|F|0-35:T>C-35:T>C,9450266.0,16832622.0,0.04174831491200251
100022176|F|0-8:G>A-8:G>A,100021345|F|0-28:C>T-28:C>T,9450266.0,16899147.0,0.041881250932975095
100022176|F|0-8:G>A-8:G>A,100022139|F|0-65:T>C-65:T>C,9450266.0,16965771.0,0.019894976065397214
100022176|F|0-8:G>A-8:G>A,100044804|F|0-53:G>C-53:G>C,9450266.0,16968917.0,0.017079107128250032
100022176|F|0-8:G>A-8:G>A,100030290|F|0-11:A>C-11:A>C,9450266.0,16971407.0,0.019894976065397214
100022176|F|0-8:G>A-8:G>A,100017336|F|0-39:A>G-39:A>G,9450266.0,16987827.0,0.0016266033707894084
100022176|F|0-8:G>A-8:G>A,100029568|F|0-9:T>G-9:T>G,9450266.0,16988131.0,0.012365244546670045
100022176|F|0-8:G>A-8:G>A,100034247|F|0-37:G>C-37:G>C,9450266.0,16999534.0,0.01327803656700993
100022176|F|0-8:G>A-8:G>A,100012983|F|0-45:A>T-45:A>T,9450266.0,17017248.0,0.03599068796910511
100022176|F|0-8:G>A-8:G>A,100020033|F|0-7:G>A-7:G>A,9450266.0,17020316.0,0.00040743570155335164
100022176|F|0-8:G>A-8:G>A,100018782|F|0-63:C>T-63:C>T,9450266.0,17424649.0,0.05891350433603983
100022176|F|0-8:G>A-8:G>A,100019630|F|0-24:A>T-24:A>T,9450266.0,17521232.0,0.015508862206975458
100022176|F|0-8:G>A-8:G>A,100021757|F|0-47:G>A-47:G>A,9450266.0,17521694.0,0.006542699724517919
100022176|F|0-8:G>A-8:G>A,100038944|F|0-45:C>T-45:C>T,9450266.0,17607936.0,0.012267180199808998
100022176|F|0-8:G>A-8:G>A,100047378|F|0-35:C>T-35:C>T,9450266.0,17706505.0,0.0005946208417691321
100022176|F|0-8:G>A-8:G>A,100029543|F|0-46:T>C-46:T>C,9450266.0,18278899.0,0.007634037279684575
100022176|F|0-8:G>A-8:G>A,100021798|F|0-27:T>C-27:T>C,9450266.0,18732658.0,0.0026645569255422815
100022176|F|0-8:G>A-8:G>A,100017716|F|0-8:C>T-8:C>T,9450266.0,18851585.0,0.015406162464986007
100033258|F|0-23:G>A-23:G>A,100016832|F|0-65:T>A-65:T>A,9597839.0,9956473.0,0.013274118746005434
100033258|F|0-23:G>A-23:G>A,100015585|F|0-38:T>C-38:T>C,9597839.0,10530371.0,0.042249767126186145
100033258|F|0-23:G>A-23:G>A,100032761|F|0-35:G>T-35:G>T,9597839.0,11013852.0,0.012139647234514021
100033258|F|0-23:G>A-23:G>A,100018106|F|0-5:T>C-5:T>C,9597839.0,11160342.0,0.01973004015158702
100033258|F|0-23:G>A-23:G>A,100029056|F|0-22:A>T-22:A>T,9597839.0,11582180.0,0.0018921137028327457
100033258|F|0-23:G>A-23:G>A,100019200|F|0-60:C>T-60:C>T,9597839.0,11806800.0,0.0009491268033409276
100033258|F|0-23:G>A-23:G>A,100017507|F|0-36:T>C-36:T>C,9597839.0,12067176.0,0.028238622237453055
100033258|F|0-23:G>A-23:G>A,100015126|F|0-46:T>G-46:T>G,9597839.0,12238563.0,0.011856080357878019
100033258|F|0-23:G>A-23:G>A,100035996|F|0-47:A>G-47:A>G,9597839.0,12678333.0,0.06881990913603588
100033258|F|0-23:G>A-23:G>A,100041089|F|0-45:A>G-45:A>G,9597839.0,12678338.0,0.06881990913603588
100033258|F|0-23:G>A-23:G>A,100015053|F|0-21:C>T-21:C>T,9597839.0,12815706.0,0.02879253312062533
100033258|F|0-23:G>A-23:G>A,100016297|F|0-36:A>G-36:A>G,9597839.0,12845233.0,0.019672810105611935
100033258|F|0-23:G>A-23:G>A,100016238|F|0-41:C>A-41:C>A,9597839.0,12849798.0,0.0060145906460845125
100033258|F|0-23:G>A-23:G>A,100016677|F|0-45:G>A-45:G>A,9597839.0,13416059.0,0.02311983849059286
100033258|F|0-23:G>A-23:G>A,100035421|F|0-6:T>A-6:T>A,9597839.0,13420106.0,0.003551886903224293
100033258|F|0-23:G>A-23:G>A,100015018|F|0-5:T>A-5:T>A,9597839.0,13421247.0,0.004250005207179463
100033258|F|0-23:G>A-23:G>A,100020103|F|0-18:T>C-18:T>C,9597839.0,13646039.0,0.027719849850813386
100033258|F|0-23:G>A-23:G>A,100014062|F|0-62:G>A-62:G>A,9597839.0,13646044.0,0.02928734136023427
100033258|F|0-23:G>A-23:G>A,100039121|F|0-17:A>G-17:A>G,9597839.0,13667695.0,0.027941068410610684
100033258|F|0-23:G>A-23:G>A,100018973|F|0-53:T>G-53:T>G,9597839.0,13667871.0,0.02928734136023426
100033258|F|0-23:G>A-23:G>A,100022289|F|0-10:A>G-10:A>G,9597839.0,13667876.0,0.029507068699165997
100033258|F|0-23:G>A-23:G>A,100015169|F|0-21:A>G-21:A>G,9597839.0,13718785.0,0.00986630294050442
100033258|F|0-23:G>A-23:G>A,100020673|F|0-43:T>A-43:T>A,9597839.0,13731316.0,0.013000722262347851
100033258|F|0-23:G>A-23:G>A,100015679|F|0-19:G>A-19:G>A,9597839.0,14080553.0,0.0022920982182796624
100033258|F|0-23:G>A-23:G>A,100016059|F|0-15:A>T-15:A>T,9597839.0,14090473.0,0.0042390826389088875
100033258|F|0-23:G>A-23:G>A,100019698|F|0-15:C>A-15:C>A,9597839.0,14160112.0,0.043199310941050284
100033258|F|0-23:G>A-23:G>A,100036115|F|0-39:C>T-39:C>T,9597839.0,14240591.0,0.013369471464259477
100033258|F|0-23:G>A-23:G>A,100035750|F|0-64:T>C-64:T>C,9597839.0,14346419.0,0.08732112860278154
100033258|F|0-23:G>A-23:G>A,100021715|F|0-7:C>A-7:C>A,9597839.0,14348921.0,0.07540423228357851
100033258|F|0-23:G>A-23:G>A,100040569|F|0-37:C>T-37:C>T,9597839.0,14351912.0,0.014173626929891232
100033258|F|0-23:G>A-23:G>A,100015147|F|0-16:C>G-16:C>G,9597839.0,14409032.0,0.0705813318953697
100033258|F|0-23:G>A-23:G>A,100030246|F|0-11:C>A-11:C>A,9597839.0,14458674.0,0.0831144233923789
100033258|F|0-23:G>A-23:G>A,100035083|F|0-24:G>C-24:G>C,9597839.0,14490822.0,0.04793417805224311
100033258|F|0-23:G>A-23:G>A,100013053|F|0-56:A>T-56:A>T,9597839.0,14502847.0,0.05712813375959252
100033258|F|0-23:G>A-23:G>A,100044112|F|0-18:T>G-18:T>G,9597839.0,14593733.0,0.03091441588024732
100033258|F|0-23:G>A-23:G>A,100041853|F|0-21:T>C-21:T>C,9597839.0,14595838.0,0.030735201875144585
100033258|F|0-23:G>A-23:G>A,100033723|F|0-20:T>C-20:T>C,9597839.0,14595843.0,0.03244406252516869
100033258|F|0-23:G>A-23:G>A,100017564|F|0-8:A>T-8:A>T,9597839.0,14625545.0,0.013274118746005434
100033258|F|0-23:G>A-23:G>A,100057963|F|0-26:C>T-26:C>T,9597839.0,14656009.0,0.015869626134432498
100033258|F|0-23:G>A-23:G>A,100019295|F|0-19:G>T-19:G>T,9597839.0,14656014.0,0.013933989240536928
100033258|F|0-23:G>A-23:G>A,100035362|F|0-6:C>A-6:C>A,9597839.0,14658473.0,0.018387420707660314
100033258|F|0-23:G>A-23:G>A,100014679|F|0-16:C>A-16:C>A,9597839.0,14859822.0,0.13549196052480839
100033258|F|0-23:G>A-23:G>A,100021838|F|0-57:A>G-57:A>G,9597839.0,14928961.0,0.1681454401236573
100033258|F|0-23:G>A-23:G>A,100046294|F|0-6:C>G-6:C>G,9597839.0,15124860.0,0.065759487312328
100033258|F|0-23:G>A-23:G>A,100045141|F|0-49:C>T-49:C>T,9597839.0,15225158.0,0.02072866171113179
100033258|F|0-23:G>A-23:G>A,100043254|F|0-7:C>G-7:C>G,9597839.0,15229542.0,0.01688982721262292
100033258|F|0-23:G>A-23:G>A,100013673|F|0-63:C>A-63:C>A,9597839.0,15256237.0,0.015493238243789524
100033258|F|0-23:G>A-23:G>A,100016806|F|0-26:T>A-26:T>A,9597839.0,15351778.0,0.03427056063645325
100033258|F|0-23:G>A-23:G>A,100033542|F|0-31:T>C-31:T>C,9597839.0,15394673.0,0.009584211570997836
100033258|F|0-23:G>A-23:G>A,100029793|F|0-30:G>A-30:G>A,9597839.0,15400977.0,0.015045003443943744
100033258|F|0-23:G>A-23:G>A,100021703|F|0-41:T>C-41:T>C,9597839.0,15431799.0,0.017346725153535632
100033258|F|0-23:G>A-23:G>A,100017056|F|0-15:G>A-15:G>A,9597839.0,15535069.0,0.004463024624205883
100033258|F|0-23:G>A-23:G>A,100021184|F|0-17:T>G-17:T>G,9597839.0,15536283.0,0.004463024624205883
100033258|F|0-23:G>A-23:G>A,100044126|F|0-46:C>T-46:C>T,9597839.0,15556197.0,0.007885053443140035
100033258|F|0-23:G>A-23:G>A,100017834|F|0-8:C>T-8:C>T,9597839.0,15619447.0,0.015736128740551397
100033258|F|0-23:G>A-23:G>A,100020292|F|0-58:T>C-58:T>C,9597839.0,15819325.0,0.05581415176285082
100033258|F|0-23:G>A-23:G>A,100015600|F|0-30:C>A-30:C>A,9597839.0,15832699.0,0.05334422466185901
100033258|F|0-23:G>A-23:G>A,100049389|F|0-23:C>A-23:C>A,9597839.0,15838578.0,0.05775196788995863
100033258|F|0-23:G>A-23:G>A,100038568|F|0-15:C>T-15:C>T,9597839.0,15839422.0,0.05334422466185901
100033258|F|0-23:G>A-23:G>A,100018705|F|0-34:T>C-34:T>C,9597839.0,15915251.0,0.0568425901965401
100033258|F|0-23:G>A-23:G>A,100019856|F|0-16:C>T-16:C>T,9597839.0,15948596.0,0.0029600465413545983
100033258|F|0-23:G>A-23:G>A,100034716|F|0-53:A>G-53:A>G,9597839.0,15958067.0,0.06726413214144705
100033258|F|0-23:G>A-23:G>A,100021071|F|0-60:A>G-60:A>G,9597839.0,15967627.0,0.07036653258640053
100033258|F|0-23:G>A-23:G>A,100020211|F|0-33:C>A-33:C>A,9597839.0,15977146.0,0.05436252868749105
100033258|F|0-23:G>A-23:G>A,100013484|F|0-22:G>A-22:G>A,9597839.0,16177456.0,0.035853731662181074
100033258|F|0-23:G>A-23:G>A,100021316|F|0-63:C>A-63:C>A,9597839.0,16179198.0,0.03863187780524786
100033258|F|0-23:G>A-23:G>A,100017187|F|0-41:T>C-41:T>C,9597839.0,16245982.0,0.051893507972665356
100033258|F|0-23:G>A-23:G>A,100029840|F|0-31:T>C-31:T>C,9597839.0,16252498.0,0.059679308801990745
100033258|F|0-23:G>A-23:G>A,100013453|F|0-6:G>A-6:G>A,9597839.0,16307679.0,0.4101311458157778
100033258|F|0-23:G>A-23:G>A,100016783|F|0-52:G>T-52:G>T,9597839.0,16317524.0,0.38857953109717097
100033258|F|0-23:G>A-23:G>A,100014400|F|0-16:A>T-16:A>T,9597839.0,16381041.0,0.1428603610551416
100033258|F|0-23:G>A-23:G>A,100016625|F|0-16:T>C-16:T>C,9597839.0,16411184.0,0.1428603610551416
100033258|F|0-23:G>A-23:G>A,100015226|F|0-25:T>A-25:T>A,9597839.0,16581877.0,0.03746528277041599
100033258|F|0-23:G>A-23:G>A,100017539|F|0-11:A>T-11:A>T,9597839.0,16662610.0,0.0026761358386263607
100033258|F|0-23:G>A-23:G>A,100033601|F|0-15:C>A-15:C>A,9597839.0,16769146.0,0.11723212772466471
100033258|F|0-23:G>A-23:G>A,100039949|F|0-62:A>T-62:A>T,9597839.0,16793350.0,0.12881006616769722
100033258|F|0-23:G>A-23:G>A,100035334|F|0-35:T>C-35:T>C,9597839.0,16832622.0,0.09942727446817906
100033258|F|0-23:G>A-23:G>A,100021345|F|0-28:C>T-28:C>T,9597839.0,16899147.0,0.11693296764677653
100033258|F|0-23:G>A-23:G>A,100022139|F|0-65:T>C-65:T>C,9597839.0,16965771.0,0.12904461881357085
100033258|F|0-23:G>A-23:G>A,100044804|F|0-53:G>C-53:G>C,9597839.0,16968917.0,0.04267696400597935
100033258|F|0-23:G>A-23:G>A,100030290|F|0-11:A>C-11:A>C,9597839.0,16971407.0,0.12904461881357085
100033258|F|0-23:G>A-23:G>A,100017336|F|0-39:A>G-39:A>G,9597839.0,16987827.0,0.0519233485872783
100033258|F|0-23:G>A-23:G>A,100029568|F|0-9:T>G-9:T>G,9597839.0,16988131.0,0.12546923353193198
100033258|F|0-23:G>A-23:G>A,100034247|F|0-37:G>C-37:G>C,9597839.0,16999534.0,0.11981420692455967
100033258|F|0-23:G>A-23:G>A,100012983|F|0-45:A>T-45:A>T,9597839.0,17017248.0,0.013274118746005432
100033258|F|0-23:G>A-23:G>A,100020033|F|0-7:G>A-7:G>A,9597839.0,17020316.0,0.10613694224842579
100033258|F|0-23:G>A-23:G>A,100018782|F|0-63:C>T-63:C>T,9597839.0,17424649.0,0.02349968040237228
100033258|F|0-23:G>A-23:G>A,100019630|F|0-24:A>T-24:A>T,9597839.0,17521232.0,0.08395110339023713
100033258|F|0-23:G>A-23:G>A,100021757|F|0-47:G>A-47:G>A,9597839.0,17521694.0,0.09105700677454662
100033258|F|0-23:G>A-23:G>A,100038944|F|0-45:C>T-45:C>T,9597839.0,17607936.0,0.0106161776344099
100033258|F|0-23:G>A-23:G>A,100047378|F|0-35:C>T-35:C>T,9597839.0,17706505.0,0.01732490234459589
100033258|F|0-23:G>A-23:G>A,100029543|F|0-46:T>C-46:T>C,9597839.0,18278899.0,0.09617599353237868
100033258|F|0-23:G>A-23:G>A,100021798|F|0-27:T>C-27:T>C,9597839.0,18732658.0,0.03554277667741407
100033258|F|0-23:G>A-23:G>A,100017716|F|0-8:C>T-8:C>T,9597839.0,18851585.0,0.009647594801018343
100016832|F|0-65:T>A-65:T>A,100015585|F|0-38:T>C-38:T>C,9956473.0,10530371.0,0.00456148952972724
100016832|F|0-65:T>A-65:T>A,100032761|F|0-35:G>T-35:G>T,9956473.0,11013852.0,0.003056467212936614
100016832|F|0-65:T>A-65:T>A,100018106|F|0-5:T>C-5:T>C,9956473.0,11160342.0,0.01024208754481231
100016832|F|0-65:T>A-65:T>A,100029056|F|0-22:A>T-22:A>T,9956473.0,11582180.0,0.007764677745674097
100016832|F|0-65:T>A-65:T>A,100019200|F|0-60:C>T-60:C>T,9956473.0,11806800.0,0.0018735011990407668
100016832|F|0-65:T>A-65:T>A,100017507|F|0-36:T>C-36:T>C,9956473.0,12067176.0,0.008488784193883844
100016832|F|0-65:T>A-65:T>A,100015126|F|0-46:T>G-46:T>G,9956473.0,12238563.0,0.005218716592990662
100016832|F|0-65:T>A-65:T>A,100035996|F|0-47:A>G-47:A>G,9956473.0,12678333.0,0.011314551780819908
100016832|F|0-65:T>A-65:T>A,100041089|F|0-45:A>G-45:A>G,9956473.0,12678338.0,0.011314551780819908
100016832|F|0-65:T>A-65:T>A,100015053|F|0-21:C>T-21:C>T,9956473.0,12815706.0,4.49567258650446e-05
100016832|F|0-65:T>A-65:T>A,100016297|F|0-36:A>G-36:A>G,9956473.0,12845233.0,0.09941137998691954
100016832|F|0-65:T>A-65:T>A,100016238|F|0-41:C>A-41:C>A,9956473.0,12849798.0,0.07605206157654526
100016832|F|0-65:T>A-65:T>A,100016677|F|0-45:G>A-45:G>A,9956473.0,13416059.0,0.008749929693771634
100016832|F|0-65:T>A-65:T>A,100035421|F|0-6:T>A-6:T>A,9956473.0,13420106.0,0.012691908329006848
100016832|F|0-65:T>A-65:T>A,100015018|F|0-5:T>A-5:T>A,9956473.0,13421247.0,0.013821860217561592
100016832|F|0-65:T>A-65:T>A,100020103|F|0-18:T>C-18:T>C,9956473.0,13646039.0,0.012201506400513401
100016832|F|0-65:T>A-65:T>A,100014062|F|0-62:G>A-62:G>A,9956473.0,13646044.0,0.014069886947584792
100016832|F|0-65:T>A-65:T>A,100039121|F|0-17:A>G-17:A>G,9956473.0,13667695.0,0.014504525411928506
100016832|F|0-65:T>A-65:T>A,100018973|F|0-53:T>G-53:T>G,9956473.0,13667871.0,0.014069886947584792
100016832|F|0-65:T>A-65:T>A,100022289|F|0-10:A>G-10:A>G,9956473.0,13667876.0,0.01641431178847642
100016832|F|0-65:T>A-65:T>A,100015169|F|0-21:A>G-21:A>G,9956473.0,13718785.0,0.019475301217992146
100016832|F|0-65:T>A-65:T>A,100020673|F|0-43:T>A-43:T>A,9956473.0,13731316.0,0.025662396911738897
100016832|F|0-65:T>A-65:T>A,100015679|F|0-19:G>A-19:G>A,9956473.0,14080553.0,0.00021734877958660273
100016832|F|0-65:T>A-65:T>A,100016059|F|0-15:A>T-15:A>T,9956473.0,14090473.0,0.001422912303068938
100016832|F|0-65:T>A-65:T>A,100019698|F|0-15:C>A-15:C>A,9956473.0,14160112.0,0.10690324145178276
100016832|F|0-65:T>A-65:T>A,100036115|F|0-39:C>T-39:C>T,9956473.0,14240591.0,0.010035636521753538
100016832|F|0-65:T>A-65:T>A,100035750|F|0-64:T>C-64:T>C,9956473.0,14346419.0,0.06438684668703397
100016832|F|0-65:T>A-65:T>A,100021715|F|0-7:C>A-7:C>A,9956473.0,14348921.0,0.07505763092022566
100016832|F|0-65:T>A-65:T>A,100040569|F|0-37:C>T-37:C>T,9956473.0,14351912.0,0.008390113306180438
100016832|F|0-65:T>A-65:T>A,100015147|F|0-16:C>G-16:C>G,9956473.0,14409032.0,0.030186227993689377
100016832|F|0-65:T>A-65:T>A,100030246|F|0-11:C>A-11:C>A,9956473.0,14458674.0,0.006287615464319041
100016832|F|0-65:T>A-65:T>A,100035083|F|0-24:G>C-24:G>C,9956473.0,14490822.0,0.003093692640866112
100016832|F|0-65:T>A-65:T>A,100013053|F|0-56:A>T-56:A>T,9956473.0,14502847.0,0.002985507847324448
100016832|F|0-65:T>A-65:T>A,100044112|F|0-18:T>G-18:T>G,9956473.0,14593733.0,7.981324523439135e-33
100016832|F|0-65:T>A-65:T>A,100041853|F|0-21:T>C-21:T>C,9956473.0,14595838.0,0.0005502844101530254
100016832|F|0-65:T>A-65:T>A,100033723|F|0-20:T>C-20:T>C,9956473.0,14595843.0,0.00021152732167044588
100016832|F|0-65:T>A-65:T>A,100017564|F|0-8:A>T-8:A>T,9956473.0,14625545.0,0.00874695926711869
100016832|F|0-65:T>A-65:T>A,100057963|F|0-26:C>T-26:C>T,9956473.0,14656009.0,0.001398880895283768
100016832|F|0-65:T>A-65:T>A,100019295|F|0-19:G>T-19:G>T,9956473.0,14656014.0,0.005034307429172287
100016832|F|0-65:T>A-65:T>A,100035362|F|0-6:C>A-6:C>A,9956473.0,14658473.0,0.000102555161857685
100016832|F|0-65:T>A-65:T>A,100014679|F|0-16:C>A-16:C>A,9956473.0,14859822.0,0.036992752166981405
100016832|F|0-65:T>A-65:T>A,100021838|F|0-57:A>G-57:A>G,9956473.0,14928961.0,0.02440904419321686
100016832|F|0-65:T>A-65:T>A,100046294|F|0-6:C>G-6:C>G,9956473.0,15124860.0,0.021572888034596255
100016832|F|0-65:T>A-65:T>A,100045141|F|0-49:C>T-49:C>T,9956473.0,15225158.0,0.013209174141297981
100016832|F|0-65:T>A-65:T>A,100043254|F|0-7:C>G-7:C>G,9956473.0,15229542.0,0.03333918231268642
100016832|F|0-65:T>A-65:T>A,100013673|F|0-63:C>A-63:C>A,9956473.0,15256237.0,0.030582426209638462
100016832|F|0-65:T>A-65:T>A,100016806|F|0-26:T>A-26:T>A,9956473.0,15351778.0,0.006989078246997296
100016832|F|0-65:T>A-65:T>A,100033542|F|0-31:T>C-31:T>C,9956473.0,15394673.0,0.0040299710439117625
100016832|F|0-65:T>A-65:T>A,100029793|F|0-30:G>A-30:G>A,9956473.0,15400977.0,0.0049292389418023955
100016832|F|0-65:T>A-65:T>A,100021703|F|0-41:T>C-41:T>C,9956473.0,15431799.0,0.01613573109660911
100016832|F|0-65:T>A-65:T>A,100017056|F|0-15:G>A-15:G>A,9956473.0,15535069.0,0.022968432641749418
100016832|F|0-65:T>A-65:T>A,100021184|F|0-17:T>G-17:T>G,9956473.0,15536283.0,0.022968432641749418
100016832|F|0-65:T>A-65:T>A,100044126|F|0-46:C>T-46:C>T,9956473.0,15556197.0,0.0365938018815716
100016832|F|0-65:T>A-65:T>A,100017834|F|0-8:C>T-8:C>T,9956473.0,15619447.0,0.031061872828696407
100016832|F|0-65:T>A-65:T>A,100020292|F|0-58:T>C-58:T>C,9956473.0,15819325.0,0.0007927929956504261
100016832|F|0-65:T>A-65:T>A,100015600|F|0-30:C>A-30:C>A,9956473.0,15832699.0,0.001194065494492374
100016832|F|0-65:T>A-65:T>A,100049389|F|0-23:C>A-23:C>A,9956473.0,15838578.0,0.0005854167378809127
100016832|F|0-65:T>A-65:T>A,100038568|F|0-15:C>T-15:C>T,9956473.0,15839422.0,0.001194065494492374
100016832|F|0-65:T>A-65:T>A,100018705|F|0-34:T>C-34:T>C,9956473.0,15915251.0,0.0001145288557742697
100016832|F|0-65:T>A-65:T>A,100019856|F|0-16:C>T-16:C>T,9956473.0,15948596.0,0.0018632575953625526
100016832|F|0-65:T>A-65:T>A,100034716|F|0-53:A>G-53:A>G,9956473.0,15958067.0,0.0026680842650613087
100016832|F|0-65:T>A-65:T>A,100021071|F|0-60:A>G-60:A>G,9956473.0,15967627.0,0.002034571437872327
100016832|F|0-65:T>A-65:T>A,100020211|F|0-33:C>A-33:C>A,9956473.0,15977146.0,0.006748822330503322
100016832|F|0-65:T>A-65:T>A,100013484|F|0-22:G>A-22:G>A,9956473.0,16177456.0,0.00033331882149348677
100016832|F|0-65:T>A-65:T>A,100021316|F|0-63:C>A-63:C>A,9956473.0,16179198.0,0.0015844172562844397
100016832|F|0-65:T>A-65:T>A,100017187|F|0-41:T>C-41:T>C,9956473.0,16245982.0,0.03419514388489211
100016832|F|0-65:T>A-65:T>A,100029840|F|0-31:T>C-31:T>C,9956473.0,16252498.0,0.029836790891852785
100016832|F|0-65:T>A-65:T>A,100013453|F|0-6:G>A-6:G>A,9956473.0,16307679.0,0.0029245149723306804
100016832|F|0-65:T>A-65:T>A,100016783|F|0-52:G>T-52:G>T,9956473.0,16317524.0,0.0037214860921844185
100016832|F|0-65:T>A-65:T>A,100014400|F|0-16:A>T-16:A>T,9956473.0,16381041.0,0.023850484829527684
100016832|F|0-65:T>A-65:T>A,100016625|F|0-16:T>C-16:T>C,9956473.0,16411184.0,0.023850484829527674
100016832|F|0-65:T>A-65:T>A,100015226|F|0-25:T>A-25:T>A,9956473.0,16581877.0,0.0026351012213485037
100016832|F|0-65:T>A-65:T>A,100017539|F|0-11:A>T-11:A>T,9956473.0,16662610.0,0.0002537652417748309
100016832|F|0-65:T>A-65:T>A,100033601|F|0-15:C>A-15:C>A,9956473.0,16769146.0,3.7873304538400474e-05
100016832|F|0-65:T>A-65:T>A,100039949|F|0-62:A>T-62:A>T,9956473.0,16793350.0,0.0016272696128811237
100016832|F|0-65:T>A-65:T>A,100035334|F|0-35:T>C-35:T>C,9956473.0,16832622.0,0.001536449397971284
100016832|F|0-65:T>A-65:T>A,100021345|F|0-28:C>T-28:C>T,9956473.0,16899147.0,0.0007278659830756147
100016832|F|0-65:T>A-65:T>A,100022139|F|0-65:T>C-65:T>C,9956473.0,16965771.0,3.963528491604301e-05
100016832|F|0-65:T>A-65:T>A,100044804|F|0-53:G>C-53:G>C,9956473.0,16968917.0,0.0063862344819481595
100016832|F|0-65:T>A-65:T>A,100030290|F|0-11:A>C-11:A>C,9956473.0,16971407.0,3.963528491604301e-05
100016832|F|0-65:T>A-65:T>A,100017336|F|0-39:A>G-39:A>G,9956473.0,16987827.0,0.00043435734417832523
100016832|F|0-65:T>A-65:T>A,100029568|F|0-9:T>G-9:T>G,9956473.0,16988131.0,0.0008740307969607013
100016832|F|0-65:T>A-65:T>A,100034247|F|0-37:G>C-37:G>C,9956473.0,16999534.0,0.0005470908444347162
100016832|F|0-65:T>A-65:T>A,100012983|F|0-45:A>T-45:A>T,9956473.0,17017248.0,0.008746959267118696
100016832|F|0-65:T>A-65:T>A,100020033|F|0-7:G>A-7:G>A,9956473.0,17020316.0,0.011887431231485382
100016832|F|0-65:T>A-65:T>A,100018782|F|0-63:C>T-63:C>T,9956473.0,17424649.0,0.00936304044521693
100016832|F|0-65:T>A-65:T>A,100019630|F|0-24:A>T-24:A>T,9956473.0,17521232.0,0.002649128414857887
100016832|F|0-65:T>A-65:T>A,100021757|F|0-47:G>A-47:G>A,9956473.0,17521694.0,0.002219004017565169
100016832|F|0-65:T>A-65:T>A,100038944|F|0-45:C>T-45:C>T,9956473.0,17607936.0,0.03336960550449998
100016832|F|0-65:T>A-65:T>A,100047378|F|0-35:C>T-35:C>T,9956473.0,17706505.0,0.007693464999863203
100016832|F|0-65:T>A-65:T>A,100029543|F|0-46:T>C-46:T>C,9956473.0,18278899.0,0.009278849242034901
100016832|F|0-65:T>A-65:T>A,100021798|F|0-27:T>C-27:T>C,9956473.0,18732658.0,0.0019398595637471498
100016832|F|0-65:T>A-65:T>A,100017716|F|0-8:C>T-8:C>T,9956473.0,18851585.0,0.002560304697418528
100015585|F|0-38:T>C-38:T>C,100032761|F|0-35:G>T-35:G>T,10530371.0,11013852.0,0.006352291735757054
100015585|F|0-38:T>C-38:T>C,100018106|F|0-5:T>C-5:T>C,10530371.0,11160342.0,0.017096862062929756
100015585|F|0-38:T>C-38:T>C,100029056|F|0-22:A>T-22:A>T,10530371.0,11582180.0,0.05445513435362537
100015585|F|0-38:T>C-38:T>C,100019200|F|0-60:C>T-60:C>T,10530371.0,11806800.0,0.10567450743868126
100015585|F|0-38:T>C-38:T>C,100017507|F|0-36:T>C-36:T>C,10530371.0,12067176.0,0.07366625034248885
100015585|F|0-38:T>C-38:T>C,100015126|F|0-46:T>G-46:T>G,10530371.0,12238563.0,0.004074197877153973
100015585|F|0-38:T>C-38:T>C,100035996|F|0-47:A>G-47:A>G,10530371.0,12678333.0,0.0024043496235785886
100015585|F|0-38:T>C-38:T>C,100041089|F|0-45:A>G-45:A>G,10530371.0,12678338.0,0.0024043496235785886
100015585|F|0-38:T>C-38:T>C,100015053|F|0-21:C>T-21:C>T,10530371.0,12815706.0,0.03556832788907392
100015585|F|0-38:T>C-38:T>C,100016297|F|0-36:A>G-36:A>G,10530371.0,12845233.0,0.005860017545783527
100015585|F|0-38:T>C-38:T>C,100016238|F|0-41:C>A-41:C>A,10530371.0,12849798.0,0.0002716358313852413
100015585|F|0-38:T>C-38:T>C,100016677|F|0-45:G>A-45:G>A,10530371.0,13416059.0,0.0006353935989533636
100015585|F|0-38:T>C-38:T>C,100035421|F|0-6:T>A-6:T>A,10530371.0,13420106.0,0.004492432815589531
100015585|F|0-38:T>C-38:T>C,100015018|F|0-5:T>A-5:T>A,10530371.0,13421247.0,0.0057400728175540355
100015585|F|0-38:T>C-38:T>C,100020103|F|0-18:T>C-18:T>C,10530371.0,13646039.0,0.00031218675138891143
100015585|F|0-38:T>C-38:T>C,100014062|F|0-62:G>A-62:G>A,10530371.0,13646044.0,6.89298638635185e-05
100015585|F|0-38:T>C-38:T>C,100039121|F|0-17:A>G-17:A>G,10530371.0,13667695.0,0.0013146486731001204
100015585|F|0-38:T>C-38:T>C,100018973|F|0-53:T>G-53:T>G,10530371.0,13667871.0,0.0022789936239875925
100015585|F|0-38:T>C-38:T>C,100022289|F|0-10:A>G-10:A>G,10530371.0,13667876.0,0.0007503480090547843
100015585|F|0-38:T>C-38:T>C,100015169|F|0-21:A>G-21:A>G,10530371.0,13718785.0,0.00037153685486719483
100015585|F|0-38:T>C-38:T>C,100020673|F|0-43:T>A-43:T>A,10530371.0,13731316.0,2.8289695534988114e-07
100015585|F|0-38:T>C-38:T>C,100015679|F|0-19:G>A-19:G>A,10530371.0,14080553.0,0.01033372023950526
100015585|F|0-38:T>C-38:T>C,100016059|F|0-15:A>T-15:A>T,10530371.0,14090473.0,0.00018704860209799938
100015585|F|0-38:T>C-38:T>C,100019698|F|0-15:C>A-15:C>A,10530371.0,14160112.0,0.011333183490480077
100015585|F|0-38:T>C-38:T>C,100036115|F|0-39:C>T-39:C>T,10530371.0,14240591.0,0.0005193121195868923
100015585|F|0-38:T>C-38:T>C,100035750|F|0-64:T>C-64:T>C,10530371.0,14346419.0,0.00689277737385088
100015585|F|0-38:T>C-38:T>C,100021715|F|0-7:C>A-7:C>A,10530371.0,14348921.0,0.0052325838629851285
100015585|F|0-38:T>C-38:T>C,100040569|F|0-37:C>T-37:C>T,10530371.0,14351912.0,0.0013785972772703756
100015585|F|0-38:T>C-38:T>C,100015147|F|0-16:C>G-16:C>G,10530371.0,14409032.0,3.233270240760618e-05
100015585|F|0-38:T>C-38:T>C,100030246|F|0-11:C>A-11:C>A,10530371.0,14458674.0,0.0017558875098417782
100015585|F|0-38:T>C-38:T>C,100035083|F|0-24:G>C-24:G>C,10530371.0,14490822.0,0.019816592711562293
100015585|F|0-38:T>C-38:T>C,100013053|F|0-56:A>T-56:A>T,10530371.0,14502847.0,0.0007039487177704487
100015585|F|0-38:T>C-38:T>C,100044112|F|0-18:T>G-18:T>G,10530371.0,14593733.0,0.01637084266758578
100015585|F|0-38:T>C-38:T>C,100041853|F|0-21:T>C-21:T>C,10530371.0,14595838.0,0.006977709208657953
100015585|F|0-38:T>C-38:T>C,100033723|F|0-20:T>C-20:T>C,10530371.0,14595843.0,0.003149628041053652
100015585|F|0-38:T>C-38:T>C,100017564|F|0-8:A>T-8:A>T,10530371.0,14625545.0,0.03918758840936902
100015585|F|0-38:T>C-38:T>C,100057963|F|0-26:C>T-26:C>T,10530371.0,14656009.0,0.0009693262105807243
100015585|F|0-38:T>C-38:T>C,100019295|F|0-19:G>T-19:G>T,10530371.0,14656014.0,0.005088579019783532
100015585|F|0-38:T>C-38:T>C,100035362|F|0-6:C>A-6:C>A,10530371.0,14658473.0,0.006770882143812092
100015585|F|0-38:T>C-38:T>C,100014679|F|0-16:C>A-16:C>A,10530371.0,14859822.0,0.005661843822513936
100015585|F|0-38:T>C-38:T>C,100021838|F|0-57:A>G-57:A>G,10530371.0,14928961.0,0.006548337067034278
100015585|F|0-38:T>C-38:T>C,100046294|F|0-6:C>G-6:C>G,10530371.0,15124860.0,0.006442908804407808
100015585|F|0-38:T>C-38:T>C,100045141|F|0-49:C>T-49:C>T,10530371.0,15225158.0,0.0010142931256635543
100015585|F|0-38:T>C-38:T>C,100043254|F|0-7:C>G-7:C>G,10530371.0,15229542.0,0.0012577598634852438
100015585|F|0-38:T>C-38:T>C,100013673|F|0-63:C>A-63:C>A,10530371.0,15256237.0,8.660221409144611e-07
100015585|F|0-38:T>C-38:T>C,100016806|F|0-26:T>A-26:T>A,10530371.0,15351778.0,0.008953166272720513
100015585|F|0-38:T>C-38:T>C,100033542|F|0-31:T>C-31:T>C,10530371.0,15394673.0,0.017058830399404708
100015585|F|0-38:T>C-38:T>C,100029793|F|0-30:G>A-30:G>A,10530371.0,15400977.0,0.015471334290519091
100015585|F|0-38:T>C-38:T>C,100021703|F|0-41:T>C-41:T>C,10530371.0,15431799.0,0.025820797676784562
100015585|F|0-38:T>C-38:T>C,100017056|F|0-15:G>A-15:G>A,10530371.0,15535069.0,0.006734756883551741
100015585|F|0-38:T>C-38:T>C,100021184|F|0-17:T>G-17:T>G,10530371.0,15536283.0,0.006734756883551741
100015585|F|0-38:T>C-38:T>C,100044126|F|0-46:C>T-46:C>T,10530371.0,15556197.0,0.000260972441310196
100015585|F|0-38:T>C-38:T>C,100017834|F|0-8:C>T-8:C>T,10530371.0,15619447.0,0.006179114969075386
100015585|F|0-38:T>C-38:T>C,100020292|F|0-58:T>C-58:T>C,10530371.0,15819325.0,0.000312186751388909
100015585|F|0-38:T>C-38:T>C,100015600|F|0-30:C>A-30:C>A,10530371.0,15832699.0,0.00013146682249773507
100015585|F|0-38:T>C-38:T>C,100049389|F|0-23:C>A-23:C>A,10530371.0,15838578.0,0.0004685621667467728
100015585|F|0-38:T>C-38:T>C,100038568|F|0-15:C>T-15:C>T,10530371.0,15839422.0,0.00013146682249773507
100015585|F|0-38:T>C-38:T>C,100018705|F|0-34:T>C-34:T>C,10530371.0,15915251.0,0.000387214739262606
100015585|F|0-38:T>C-38:T>C,100019856|F|0-16:C>T-16:C>T,10530371.0,15948596.0,0.023626454686672866
100015585|F|0-38:T>C-38:T>C,100034716|F|0-53:A>G-53:A>G,10530371.0,15958067.0,0.0020580377469290125
100015585|F|0-38:T>C-38:T>C,100021071|F|0-60:A>G-60:A>G,10530371.0,15967627.0,0.0015313794627993154
100015585|F|0-38:T>C-38:T>C,100020211|F|0-33:C>A-33:C>A,10530371.0,15977146.0,0.0006116939417051199
100015585|F|0-38:T>C-38:T>C,100013484|F|0-22:G>A-22:G>A,10530371.0,16177456.0,0.015446129251837208
100015585|F|0-38:T>C-38:T>C,100021316|F|0-63:C>A-63:C>A,10530371.0,16179198.0,0.011925847856894418
100015585|F|0-38:T>C-38:T>C,100017187|F|0-41:T>C-41:T>C,10530371.0,16245982.0,0.00498529855247286
100015585|F|0-38:T>C-38:T>C,100029840|F|0-31:T>C-31:T>C,10530371.0,16252498.0,0.006015246826868505
100015585|F|0-38:T>C-38:T>C,100013453|F|0-6:G>A-6:G>A,10530371.0,16307679.0,0.03731625885355871
100015585|F|0-38:T>C-38:T>C,100016783|F|0-52:G>T-52:G>T,10530371.0,16317524.0,0.03320823276715285
100015585|F|0-38:T>C-38:T>C,100014400|F|0-16:A>T-16:A>T,10530371.0,16381041.0,0.00012423834158579707
100015585|F|0-38:T>C-38:T>C,100016625|F|0-16:T>C-16:T>C,10530371.0,16411184.0,0.00012423834158579644
100015585|F|0-38:T>C-38:T>C,100015226|F|0-25:T>A-25:T>A,10530371.0,16581877.0,0.005299985172064171
100015585|F|0-38:T>C-38:T>C,100017539|F|0-11:A>T-11:A>T,10530371.0,16662610.0,0.0037028527177300733
100015585|F|0-38:T>C-38:T>C,100033601|F|0-15:C>A-15:C>A,10530371.0,16769146.0,0.0003760076496988845
100015585|F|0-38:T>C-38:T>C,100039949|F|0-62:A>T-62:A>T,10530371.0,16793350.0,0.0006821184444827348
100015585|F|0-38:T>C-38:T>C,100035334|F|0-35:T>C-35:T>C,10530371.0,16832622.0,4.0253028181167715e-05
100015585|F|0-38:T>C-38:T>C,100021345|F|0-28:C>T-28:C>T,10530371.0,16899147.0,0.0001398074585545999
100015585|F|0-38:T>C-38:T>C,100022139|F|0-65:T>C-65:T>C,10530371.0,16965771.0,0.00039350065984648347
100015585|F|0-38:T>C-38:T>C,100044804|F|0-53:G>C-53:G>C,10530371.0,16968917.0,0.008198251480803099
100015585|F|0-38:T>C-38:T>C,100030290|F|0-11:A>C-11:A>C,10530371.0,16971407.0,0.00039350065984648347
100015585|F|0-38:T>C-38:T>C,100017336|F|0-39:A>G-39:A>G,10530371.0,16987827.0,0.0018130054458497212
100015585|F|0-38:T>C-38:T>C,100029568|F|0-9:T>G-9:T>G,10530371.0,16988131.0,0.002737235785913955
100015585|F|0-38:T>C-38:T>C,100034247|F|0-37:G>C-37:G>C,10530371.0,16999534.0,3.1214278761598192e-06
100015585|F|0-38:T>C-38:T>C,100012983|F|0-45:A>T-45:A>T,10530371.0,17017248.0,0.011981367861079048
100015585|F|0-38:T>C-38:T>C,100020033|F|0-7:G>A-7:G>A,10530371.0,17020316.0,0.0008585822748882493
100015585|F|0-38:T>C-38:T>C,100018782|F|0-63:C>T-63:C>T,10530371.0,17424649.0,0.00015699187236250321
100015585|F|0-38:T>C-38:T>C,100019630|F|0-24:A>T-24:A>T,10530371.0,17521232.0,0.00015427147521341141
100015585|F|0-38:T>C-38:T>C,100021757|F|0-47:G>A-47:G>A,10530371.0,17521694.0,0.0013394325818933792
100015585|F|0-38:T>C-38:T>C,100038944|F|0-45:C>T-45:C>T,10530371.0,17607936.0,0.013672948738990972
100015585|F|0-38:T>C-38:T>C,100047378|F|0-35:C>T-35:C>T,10530371.0,17706505.0,0.013952400390777293
100015585|F|0-38:T>C-38:T>C,100029543|F|0-46:T>C-46:T>C,10530371.0,18278899.0,0.008508866642253999
100015585|F|0-38:T>C-38:T>C,100021798|F|0-27:T>C-27:T>C,10530371.0,18732658.0,0.02439941356839857
100015585|F|0-38:T>C-38:T>C,100017716|F|0-8:C>T-8:C>T,10530371.0,18851585.0,0.0003193074576030633
100032761|F|0-35:G>T-35:G>T,100018106|F|0-5:T>C-5:T>C,11013852.0,11160342.0,0.033644680366615755
100032761|F|0-35:G>T-35:G>T,100029056|F|0-22:A>T-22:A>T,11013852.0,11582180.0,0.09639206249677637
100032761|F|0-35:G>T-35:G>T,100019200|F|0-60:C>T-60:C>T,11013852.0,11806800.0,0.0001770203927492446
100032761|F|0-35:G>T-35:G>T,100017507|F|0-36:T>C-36:T>C,11013852.0,12067176.0,0.00376529511892986
100032761|F|0-35:G>T-35:G>T,100015126|F|0-46:T>G-46:T>G,11013852.0,12238563.0,0.004041088826605511
100032761|F|0-35:G>T-35:G>T,100035996|F|0-47:A>G-47:A>G,11013852.0,12678333.0,1.9005712356903791e-07
100032761|F|0-35:G>T-35:G>T,100041089|F|0-45:A>G-45:A>G,11013852.0,12678338.0,1.9005712356903791e-07
100032761|F|0-35:G>T-35:G>T,100015053|F|0-21:C>T-21:C>T,11013852.0,12815706.0,0.020376035284182706
100032761|F|0-35:G>T-35:G>T,100016297|F|0-36:A>G-36:A>G,11013852.0,12845233.0,0.0016307333150233447
100032761|F|0-35:G>T-35:G>T,100016238|F|0-41:C>A-41:C>A,11013852.0,12849798.0,0.0034209691163204457
100032761|F|0-35:G>T-35:G>T,100016677|F|0-45:G>A-45:G>A,11013852.0,13416059.0,0.015331467393288192
100032761|F|0-35:G>T-35:G>T,100035421|F|0-6:T>A-6:T>A,11013852.0,13420106.0,0.0016448905223160034
100032761|F|0-35:G>T-35:G>T,100015018|F|0-5:T>A-5:T>A,11013852.0,13421247.0,1.2556725005209537e-06
100032761|F|0-35:G>T-35:G>T,100020103|F|0-18:T>C-18:T>C,11013852.0,13646039.0,0.0008581195126448504
100032761|F|0-35:G>T-35:G>T,100014062|F|0-62:G>A-62:G>A,11013852.0,13646044.0,0.00038843331894691146
100032761|F|0-35:G>T-35:G>T,100039121|F|0-17:A>G-17:A>G,11013852.0,13667695.0,0.0046904693743299915
100032761|F|0-35:G>T-35:G>T,100018973|F|0-53:T>G-53:T>G,11013852.0,13667871.0,0.006743634009495033
100032761|F|0-35:G>T-35:G>T,100022289|F|0-10:A>G-10:A>G,11013852.0,13667876.0,0.003507648306158909
100032761|F|0-35:G>T-35:G>T,100015169|F|0-21:A>G-21:A>G,11013852.0,13718785.0,0.001177696764892239
100032761|F|0-35:G>T-35:G>T,100020673|F|0-43:T>A-43:T>A,11013852.0,13731316.0,0.007516735346298384
100032761|F|0-35:G>T-35:G>T,100015679|F|0-19:G>A-19:G>A,11013852.0,14080553.0,0.18146055621982246
100032761|F|0-35:G>T-35:G>T,100016059|F|0-15:A>T-15:A>T,11013852.0,14090473.0,0.0006907529924662477
100032761|F|0-35:G>T-35:G>T,100019698|F|0-15:C>A-15:C>A,11013852.0,14160112.0,0.003172016852046723
100032761|F|0-35:G>T-35:G>T,100036115|F|0-39:C>T-39:C>T,11013852.0,14240591.0,0.18074623381286298
100032761|F|0-35:G>T-35:G>T,100035750|F|0-64:T>C-64:T>C,11013852.0,14346419.0,5.5180786050297704e-05
100032761|F|0-35:G>T-35:G>T,100021715|F|0-7:C>A-7:C>A,11013852.0,14348921.0,7.695231880422029e-07
100032761|F|0-35:G>T-35:G>T,100040569|F|0-37:C>T-37:C>T,11013852.0,14351912.0,0.006794252891936674
100032761|F|0-35:G>T-35:G>T,100015147|F|0-16:C>G-16:C>G,11013852.0,14409032.0,5.510809145983772e-06
100032761|F|0-35:G>T-35:G>T,100030246|F|0-11:C>A-11:C>A,11013852.0,14458674.0,0.0028707078250511395
100032761|F|0-35:G>T-35:G>T,100035083|F|0-24:G>C-24:G>C,11013852.0,14490822.0,0.004771952172983763
100032761|F|0-35:G>T-35:G>T,100013053|F|0-56:A>T-56:A>T,11013852.0,14502847.0,0.004897394150987764
100032761|F|0-35:G>T-35:G>T,100044112|F|0-18:T>G-18:T>G,11013852.0,14593733.0,0.11389248549369388
100032761|F|0-35:G>T-35:G>T,100041853|F|0-21:T>C-21:T>C,11013852.0,14595838.0,0.11162041293888092
100032761|F|0-35:G>T-35:G>T,100033723|F|0-20:T>C-20:T>C,11013852.0,14595843.0,0.14327180054378855
100032761|F|0-35:G>T-35:G>T,100017564|F|0-8:A>T-8:A>T,11013852.0,14625545.0,0.023962702949422886
100032761|F|0-35:G>T-35:G>T,100057963|F|0-26:C>T-26:C>T,11013852.0,14656009.0,0.0009066441279432178
100032761|F|0-35:G>T-35:G>T,100019295|F|0-19:G>T-19:G>T,11013852.0,14656014.0,1.3973857707003336e-06
100032761|F|0-35:G>T-35:G>T,100035362|F|0-6:C>A-6:C>A,11013852.0,14658473.0,4.548948842898177e-05
100032761|F|0-35:G>T-35:G>T,100014679|F|0-16:C>A-16:C>A,11013852.0,14859822.0,0.015093257551463596
100032761|F|0-35:G>T-35:G>T,100021838|F|0-57:A>G-57:A>G,11013852.0,14928961.0,0.00922529132498923
100032761|F|0-35:G>T-35:G>T,100046294|F|0-6:C>G-6:C>G,11013852.0,15124860.0,0.006416225299294978
100032761|F|0-35:G>T-35:G>T,100045141|F|0-49:C>T-49:C>T,11013852.0,15225158.0,0.001960551119883841
100032761|F|0-35:G>T-35:G>T,100043254|F|0-7:C>G-7:C>G,11013852.0,15229542.0,0.00035001105298061946
100032761|F|0-35:G>T-35:G>T,100013673|F|0-63:C>A-63:C>A,11013852.0,15256237.0,0.030543093293128404
100032761|F|0-35:G>T-35:G>T,100016806|F|0-26:T>A-26:T>A,11013852.0,15351778.0,0.004609424822370667
100032761|F|0-35:G>T-35:G>T,100033542|F|0-31:T>C-31:T>C,11013852.0,15394673.0,3.342902391428766e-05
100032761|F|0-35:G>T-35:G>T,100029793|F|0-30:G>A-30:G>A,11013852.0,15400977.0,0.0212682149907791
100032761|F|0-35:G>T-35:G>T,100021703|F|0-41:T>C-41:T>C,11013852.0,15431799.0,0.00337197810018504
100032761|F|0-35:G>T-35:G>T,100017056|F|0-15:G>A-15:G>A,11013852.0,15535069.0,0.010045915073057526
100032761|F|0-35:G>T-35:G>T,100021184|F|0-17:T>G-17:T>G,11013852.0,15536283.0,0.010045915073057526
100032761|F|0-35:G>T-35:G>T,100044126|F|0-46:C>T-46:C>T,11013852.0,15556197.0,0.0014706309551475738
100032761|F|0-35:G>T-35:G>T,100017834|F|0-8:C>T-8:C>T,11013852.0,15619447.0,0.0033392920928589954
100032761|F|0-35:G>T-35:G>T,100020292|F|0-58:T>C-58:T>C,11013852.0,15819325.0,0.09488091129297897
100032761|F|0-35:G>T-35:G>T,100015600|F|0-30:C>A-30:C>A,11013852.0,15832699.0,0.07360307160496939
100032761|F|0-35:G>T-35:G>T,100049389|F|0-23:C>A-23:C>A,11013852.0,15838578.0,0.09339550167364288
100032761|F|0-35:G>T-35:G>T,100038568|F|0-15:C>T-15:C>T,11013852.0,15839422.0,0.07360307160496939
100032761|F|0-35:G>T-35:G>T,100018705|F|0-34:T>C-34:T>C,11013852.0,15915251.0,0.062066662254733534
100032761|F|0-35:G>T-35:G>T,100019856|F|0-16:C>T-16:C>T,11013852.0,15948596.0,0.03815829511617309
100032761|F|0-35:G>T-35:G>T,100034716|F|0-53:A>G-53:A>G,11013852.0,15958067.0,0.02852744025904265
100032761|F|0-35:G>T-35:G>T,100021071|F|0-60:A>G-60:A>G,11013852.0,15967627.0,0.026616391095131853
100032761|F|0-35:G>T-35:G>T,100020211|F|0-33:C>A-33:C>A,11013852.0,15977146.0,0.03731815721306173
100032761|F|0-35:G>T-35:G>T,100013484|F|0-22:G>A-22:G>A,11013852.0,16177456.0,0.023040253026861208
100032761|F|0-35:G>T-35:G>T,100021316|F|0-63:C>A-63:C>A,11013852.0,16179198.0,0.02951727127746947
100032761|F|0-35:G>T-35:G>T,100017187|F|0-41:T>C-41:T>C,11013852.0,16245982.0,0.011948876510574028
100032761|F|0-35:G>T-35:G>T,100029840|F|0-31:T>C-31:T>C,11013852.0,16252498.0,0.004201416068044301
100032761|F|0-35:G>T-35:G>T,100013453|F|0-6:G>A-6:G>A,11013852.0,16307679.0,0.0022817322765412633
100032761|F|0-35:G>T-35:G>T,100016783|F|0-52:G>T-52:G>T,11013852.0,16317524.0,0.002965963568381862
100032761|F|0-35:G>T-35:G>T,100014400|F|0-16:A>T-16:A>T,11013852.0,16381041.0,4.548948842898179e-05
100032761|F|0-35:G>T-35:G>T,100016625|F|0-16:T>C-16:T>C,11013852.0,16411184.0,4.548948842898095e-05
100032761|F|0-35:G>T-35:G>T,100015226|F|0-25:T>A-25:T>A,11013852.0,16581877.0,0.0432157159920105
100032761|F|0-35:G>T-35:G>T,100017539|F|0-11:A>T-11:A>T,11013852.0,16662610.0,0.006794252891936664
100032761|F|0-35:G>T-35:G>T,100033601|F|0-15:C>A-15:C>A,11013852.0,16769146.0,0.027432787585159796
100032761|F|0-35:G>T-35:G>T,100039949|F|0-62:A>T-62:A>T,11013852.0,16793350.0,0.04270968206013521
100032761|F|0-35:G>T-35:G>T,100035334|F|0-35:T>C-35:T>C,11013852.0,16832622.0,0.03266405546026932
100032761|F|0-35:G>T-35:G>T,100021345|F|0-28:C>T-28:C>T,11013852.0,16899147.0,0.017719040467178288
100032761|F|0-35:G>T-35:G>T,100022139|F|0-65:T>C-65:T>C,11013852.0,16965771.0,0.03930321999343095
100032761|F|0-35:G>T-35:G>T,100044804|F|0-53:G>C-53:G>C,11013852.0,16968917.0,0.01599249623585013
100032761|F|0-35:G>T-35:G>T,100030290|F|0-11:A>C-11:A>C,11013852.0,16971407.0,0.03930321999343095
100032761|F|0-35:G>T-35:G>T,100017336|F|0-39:A>G-39:A>G,11013852.0,16987827.0,0.051667801623889405
100032761|F|0-35:G>T-35:G>T,100029568|F|0-9:T>G-9:T>G,11013852.0,16988131.0,0.04078223591055319
100032761|F|0-35:G>T-35:G>T,100034247|F|0-37:G>C-37:G>C,11013852.0,16999534.0,0.016748417630638814
100032761|F|0-35:G>T-35:G>T,100012983|F|0-45:A>T-45:A>T,11013852.0,17017248.0,0.023962702949422893
100032761|F|0-35:G>T-35:G>T,100020033|F|0-7:G>A-7:G>A,11013852.0,17020316.0,0.05278567620401633
100032761|F|0-35:G>T-35:G>T,100018782|F|0-63:C>T-63:C>T,11013852.0,17424649.0,0.007128992874280312
100032761|F|0-35:G>T-35:G>T,100019630|F|0-24:A>T-24:A>T,11013852.0,17521232.0,0.0006215143251696756
100032761|F|0-35:G>T-35:G>T,100021757|F|0-47:G>A-47:G>A,11013852.0,17521694.0,0.0008386628477262949
100032761|F|0-35:G>T-35:G>T,100038944|F|0-45:C>T-45:C>T,11013852.0,17607936.0,0.06977973955069891
100032761|F|0-35:G>T-35:G>T,100047378|F|0-35:C>T-35:C>T,11013852.0,17706505.0,0.10623413322918218
100032761|F|0-35:G>T-35:G>T,100029543|F|0-46:T>C-46:T>C,11013852.0,18278899.0,0.0060189040920371195
100032761|F|0-35:G>T-35:G>T,100021798|F|0-27:T>C-27:T>C,11013852.0,18732658.0,0.014003483773900639
100032761|F|0-35:G>T-35:G>T,100017716|F|0-8:C>T-8:C>T,11013852.0,18851585.0,0.0022214323795983547
100018106|F|0-5:T>C-5:T>C,100029056|F|0-22:A>T-22:A>T,11160342.0,11582180.0,0.262325826185473
100018106|F|0-5:T>C-5:T>C,100019200|F|0-60:C>T-60:C>T,11160342.0,11806800.0,0.04285780195444318
100018106|F|0-5:T>C-5:T>C,100017507|F|0-36:T>C-36:T>C,11160342.0,12067176.0,0.0009145704132116203
100018106|F|0-5:T>C-5:T>C,100015126|F|0-46:T>G-46:T>G,11160342.0,12238563.0,0.17576520931871445
100018106|F|0-5:T>C-5:T>C,100035996|F|0-47:A>G-47:A>G,11160342.0,12678333.0,6.368730833658321e-07
100018106|F|0-5:T>C-5:T>C,100041089|F|0-45:A>G-45:A>G,11160342.0,12678338.0,6.368730833658321e-07
100018106|F|0-5:T>C-5:T>C,100015053|F|0-21:C>T-21:C>T,11160342.0,12815706.0,0.007425165883418392
100018106|F|0-5:T>C-5:T>C,100016297|F|0-36:A>G-36:A>G,11160342.0,12845233.0,0.02975125268432352
100018106|F|0-5:T>C-5:T>C,100016238|F|0-41:C>A-41:C>A,11160342.0,12849798.0,0.02337386176603852
100018106|F|0-5:T>C-5:T>C,100016677|F|0-45:G>A-45:G>A,11160342.0,13416059.0,0.005425327964068455
100018106|F|0-5:T>C-5:T>C,100035421|F|0-6:T>A-6:T>A,11160342.0,13420106.0,0.0333978871197801
100018106|F|0-5:T>C-5:T>C,100015018|F|0-5:T>A-5:T>A,11160342.0,13421247.0,0.02570918504264269
100018106|F|0-5:T>C-5:T>C,100020103|F|0-18:T>C-18:T>C,11160342.0,13646039.0,0.1676832649439944
100018106|F|0-5:T>C-5:T>C,100014062|F|0-62:G>A-62:G>A,11160342.0,13646044.0,0.14655712678772306
100018106|F|0-5:T>C-5:T>C,100039121|F|0-17:A>G-17:A>G,11160342.0,13667695.0,0.14089218245400742
100018106|F|0-5:T>C-5:T>C,100018973|F|0-53:T>G-53:T>G,11160342.0,13667871.0,0.14655712678772306
100018106|F|0-5:T>C-5:T>C,100022289|F|0-10:A>G-10:A>G,11160342.0,13667876.0,0.14984073745470838
100018106|F|0-5:T>C-5:T>C,100015169|F|0-21:A>G-21:A>G,11160342.0,13718785.0,0.03595753513333628
100018106|F|0-5:T>C-5:T>C,100020673|F|0-43:T>A-43:T>A,11160342.0,13731316.0,0.05365795621701129
100018106|F|0-5:T>C-5:T>C,100015679|F|0-19:G>A-19:G>A,11160342.0,14080553.0,6.88169265850834e-05
100018106|F|0-5:T>C-5:T>C,100016059|F|0-15:A>T-15:A>T,11160342.0,14090473.0,0.0074506361151058745
100018106|F|0-5:T>C-5:T>C,100019698|F|0-15:C>A-15:C>A,11160342.0,14160112.0,0.008819912258158737
100018106|F|0-5:T>C-5:T>C,100036115|F|0-39:C>T-39:C>T,11160342.0,14240591.0,0.04230065371423932
100018106|F|0-5:T>C-5:T>C,100035750|F|0-64:T>C-64:T>C,11160342.0,14346419.0,0.11326794767092489
100018106|F|0-5:T>C-5:T>C,100021715|F|0-7:C>A-7:C>A,11160342.0,14348921.0,0.11031422428538736
100018106|F|0-5:T>C-5:T>C,100040569|F|0-37:C>T-37:C>T,11160342.0,14351912.0,0.06027247586115223
100018106|F|0-5:T>C-5:T>C,100015147|F|0-16:C>G-16:C>G,11160342.0,14409032.0,0.08441512327173141
100018106|F|0-5:T>C-5:T>C,100030246|F|0-11:C>A-11:C>A,11160342.0,14458674.0,0.03043389526513477
100018106|F|0-5:T>C-5:T>C,100035083|F|0-24:G>C-24:G>C,11160342.0,14490822.0,0.01993939281157899
100018106|F|0-5:T>C-5:T>C,100013053|F|0-56:A>T-56:A>T,11160342.0,14502847.0,0.05582965673959338
100018106|F|0-5:T>C-5:T>C,100044112|F|0-18:T>G-18:T>G,11160342.0,14593733.0,0.0004240541360901317
100018106|F|0-5:T>C-5:T>C,100041853|F|0-21:T>C-21:T>C,11160342.0,14595838.0,1.935899316933183e-05
100018106|F|0-5:T>C-5:T>C,100033723|F|0-20:T>C-20:T>C,11160342.0,14595843.0,0.0032609099496414573
100018106|F|0-5:T>C-5:T>C,100017564|F|0-8:A>T-8:A>T,11160342.0,14625545.0,0.004860565990402245
100018106|F|0-5:T>C-5:T>C,100057963|F|0-26:C>T-26:C>T,11160342.0,14656009.0,0.06028543307086622
100018106|F|0-5:T>C-5:T>C,100019295|F|0-19:G>T-19:G>T,11160342.0,14656014.0,0.0445137610573885
100018106|F|0-5:T>C-5:T>C,100035362|F|0-6:C>A-6:C>A,11160342.0,14658473.0,0.03716936710423668
100018106|F|0-5:T>C-5:T>C,100014679|F|0-16:C>A-16:C>A,11160342.0,14859822.0,0.045203912185557756
100018106|F|0-5:T>C-5:T>C,100021838|F|0-57:A>G-57:A>G,11160342.0,14928961.0,0.09770207295516639
100018106|F|0-5:T>C-5:T>C,100046294|F|0-6:C>G-6:C>G,11160342.0,15124860.0,0.0014078702554064274
100018106|F|0-5:T>C-5:T>C,100045141|F|0-49:C>T-49:C>T,11160342.0,15225158.0,0.03620467682432757
100018106|F|0-5:T>C-5:T>C,100043254|F|0-7:C>G-7:C>G,11160342.0,15229542.0,0.054766591676040526
100018106|F|0-5:T>C-5:T>C,100013673|F|0-63:C>A-63:C>A,11160342.0,15256237.0,0.062113486611876136
100018106|F|0-5:T>C-5:T>C,100016806|F|0-26:T>A-26:T>A,11160342.0,15351778.0,0.055049155635929416
100018106|F|0-5:T>C-5:T>C,100033542|F|0-31:T>C-31:T>C,11160342.0,15394673.0,0.00011201919262166875
100018106|F|0-5:T>C-5:T>C,100029793|F|0-30:G>A-30:G>A,11160342.0,15400977.0,0.00550900842943897
100018106|F|0-5:T>C-5:T>C,100021703|F|0-41:T>C-41:T>C,11160342.0,15431799.0,0.027005955708754702
100018106|F|0-5:T>C-5:T>C,100017056|F|0-15:G>A-15:G>A,11160342.0,15535069.0,0.02069340606830479
100018106|F|0-5:T>C-5:T>C,100021184|F|0-17:T>G-17:T>G,11160342.0,15536283.0,0.02069340606830479
100018106|F|0-5:T>C-5:T>C,100044126|F|0-46:C>T-46:C>T,11160342.0,15556197.0,0.014304101410400607
100018106|F|0-5:T>C-5:T>C,100017834|F|0-8:C>T-8:C>T,11160342.0,15619447.0,0.02904518432637355
100018106|F|0-5:T>C-5:T>C,100020292|F|0-58:T>C-58:T>C,11160342.0,15819325.0,0.11332569637715514
100018106|F|0-5:T>C-5:T>C,100015600|F|0-30:C>A-30:C>A,11160342.0,15832699.0,0.12249298713179509
100018106|F|0-5:T>C-5:T>C,100049389|F|0-23:C>A-23:C>A,11160342.0,15838578.0,0.10838797566149208
100018106|F|0-5:T>C-5:T>C,100038568|F|0-15:C>T-15:C>T,11160342.0,15839422.0,0.12249298713179509
100018106|F|0-5:T>C-5:T>C,100018705|F|0-34:T>C-34:T>C,11160342.0,15915251.0,0.07912129456818376
100018106|F|0-5:T>C-5:T>C,100019856|F|0-16:C>T-16:C>T,11160342.0,15948596.0,0.00024783322947940844
100018106|F|0-5:T>C-5:T>C,100034716|F|0-53:A>G-53:A>G,11160342.0,15958067.0,0.0771346462370835
100018106|F|0-5:T>C-5:T>C,100021071|F|0-60:A>G-60:A>G,11160342.0,15967627.0,0.0696751141401444
100018106|F|0-5:T>C-5:T>C,100020211|F|0-33:C>A-33:C>A,11160342.0,15977146.0,0.06568740938339557
100018106|F|0-5:T>C-5:T>C,100013484|F|0-22:G>A-22:G>A,11160342.0,16177456.0,0.03492094927241507
100018106|F|0-5:T>C-5:T>C,100021316|F|0-63:C>A-63:C>A,11160342.0,16179198.0,0.025071377863727075
100018106|F|0-5:T>C-5:T>C,100017187|F|0-41:T>C-41:T>C,11160342.0,16245982.0,0.06274825998312704
100018106|F|0-5:T>C-5:T>C,100029840|F|0-31:T>C-31:T>C,11160342.0,16252498.0,0.06472890699798496
100018106|F|0-5:T>C-5:T>C,100013453|F|0-6:G>A-6:G>A,11160342.0,16307679.0,0.028974544204158337
100018106|F|0-5:T>C-5:T>C,100016783|F|0-52:G>T-52:G>T,11160342.0,16317524.0,0.022137019332640475
100018106|F|0-5:T>C-5:T>C,100014400|F|0-16:A>T-16:A>T,11160342.0,16381041.0,0.02647749038497769
100018106|F|0-5:T>C-5:T>C,100016625|F|0-16:T>C-16:T>C,11160342.0,16411184.0,0.0264774903849777
100018106|F|0-5:T>C-5:T>C,100015226|F|0-25:T>A-25:T>A,11160342.0,16581877.0,0.0030270302590913642
100018106|F|0-5:T>C-5:T>C,100017539|F|0-11:A>T-11:A>T,11160342.0,16662610.0,0.007336384539234177
100018106|F|0-5:T>C-5:T>C,100033601|F|0-15:C>A-15:C>A,11160342.0,16769146.0,0.06619201407732318
100018106|F|0-5:T>C-5:T>C,100039949|F|0-62:A>T-62:A>T,11160342.0,16793350.0,0.0636081204135197
100018106|F|0-5:T>C-5:T>C,100035334|F|0-35:T>C-35:T>C,11160342.0,16832622.0,0.07827984404923387
100018106|F|0-5:T>C-5:T>C,100021345|F|0-28:C>T-28:C>T,11160342.0,16899147.0,0.07509406151817241
100018106|F|0-5:T>C-5:T>C,100022139|F|0-65:T>C-65:T>C,11160342.0,16965771.0,0.01840490586326077
100018106|F|0-5:T>C-5:T>C,100044804|F|0-53:G>C-53:G>C,11160342.0,16968917.0,0.017456887115975265
100018106|F|0-5:T>C-5:T>C,100030290|F|0-11:A>C-11:A>C,11160342.0,16971407.0,0.01840490586326077
100018106|F|0-5:T>C-5:T>C,100017336|F|0-39:A>G-39:A>G,11160342.0,16987827.0,0.017973686875902617
100018106|F|0-5:T>C-5:T>C,100029568|F|0-9:T>G-9:T>G,11160342.0,16988131.0,0.005650110420862614
100018106|F|0-5:T>C-5:T>C,100034247|F|0-37:G>C-37:G>C,11160342.0,16999534.0,0.012190075575153893
100018106|F|0-5:T>C-5:T>C,100012983|F|0-45:A>T-45:A>T,11160342.0,17017248.0,0.004860565990402272
100018106|F|0-5:T>C-5:T>C,100020033|F|0-7:G>A-7:G>A,11160342.0,17020316.0,0.001912260967379076
100018106|F|0-5:T>C-5:T>C,100018782|F|0-63:C>T-63:C>T,11160342.0,17424649.0,0.0018769491570866674
100018106|F|0-5:T>C-5:T>C,100019630|F|0-24:A>T-24:A>T,11160342.0,17521232.0,0.045106998569792306
100018106|F|0-5:T>C-5:T>C,100021757|F|0-47:G>A-47:G>A,11160342.0,17521694.0,0.044965158575957176
100018106|F|0-5:T>C-5:T>C,100038944|F|0-45:C>T-45:C>T,11160342.0,17607936.0,0.0451446417612593
100018106|F|0-5:T>C-5:T>C,100047378|F|0-35:C>T-35:C>T,11160342.0,17706505.0,0.05612321273529031
100018106|F|0-5:T>C-5:T>C,100029543|F|0-46:T>C-46:T>C,11160342.0,18278899.0,0.031439647401775635
100018106|F|0-5:T>C-5:T>C,100021798|F|0-27:T>C-27:T>C,11160342.0,18732658.0,0.010631587579515262
100018106|F|0-5:T>C-5:T>C,100017716|F|0-8:C>T-8:C>T,11160342.0,18851585.0,0.0005293455965063196
100029056|F|0-22:A>T-22:A>T,100019200|F|0-60:C>T-60:C>T,11582180.0,11806800.0,0.02584278601377656
100029056|F|0-22:A>T-22:A>T,100017507|F|0-36:T>C-36:T>C,11582180.0,12067176.0,0.0053007232836920735
100029056|F|0-22:A>T-22:A>T,100015126|F|0-46:T>G-46:T>G,11582180.0,12238563.0,0.2667277375449685
100029056|F|0-22:A>T-22:A>T,100035996|F|0-47:A>G-47:A>G,11582180.0,12678333.0,0.014488153229595246
100029056|F|0-22:A>T-22:A>T,100041089|F|0-45:A>G-45:A>G,11582180.0,12678338.0,0.014488153229595246
100029056|F|0-22:A>T-22:A>T,100015053|F|0-21:C>T-21:C>T,11582180.0,12815706.0,0.038662704456508774
100029056|F|0-22:A>T-22:A>T,100016297|F|0-36:A>G-36:A>G,11582180.0,12845233.0,0.008729478069100712
100029056|F|0-22:A>T-22:A>T,100016238|F|0-41:C>A-41:C>A,11582180.0,12849798.0,0.006231435096316421
100029056|F|0-22:A>T-22:A>T,100016677|F|0-45:G>A-45:G>A,11582180.0,13416059.0,0.003935048158003466
100029056|F|0-22:A>T-22:A>T,100035421|F|0-6:T>A-6:T>A,11582180.0,13420106.0,0.0018756773279239743
100029056|F|0-22:A>T-22:A>T,100015018|F|0-5:T>A-5:T>A,11582180.0,13421247.0,0.0003614802466729275
100029056|F|0-22:A>T-22:A>T,100020103|F|0-18:T>C-18:T>C,11582180.0,13646039.0,0.06407654522522989
100029056|F|0-22:A>T-22:A>T,100014062|F|0-62:G>A-62:G>A,11582180.0,13646044.0,0.056706456167372736
100029056|F|0-22:A>T-22:A>T,100039121|F|0-17:A>G-17:A>G,11582180.0,13667695.0,0.06651686085267954
100029056|F|0-22:A>T-22:A>T,100018973|F|0-53:T>G-53:T>G,11582180.0,13667871.0,0.0819471184700296
100029056|F|0-22:A>T-22:A>T,100022289|F|0-10:A>G-10:A>G,11582180.0,13667876.0,0.05972691932106347
100029056|F|0-22:A>T-22:A>T,100015169|F|0-21:A>G-21:A>G,11582180.0,13718785.0,0.028592160803837183
100029056|F|0-22:A>T-22:A>T,100020673|F|0-43:T>A-43:T>A,11582180.0,13731316.0,0.005006919756114388
100029056|F|0-22:A>T-22:A>T,100015679|F|0-19:G>A-19:G>A,11582180.0,14080553.0,0.0004645049035974167
100029056|F|0-22:A>T-22:A>T,100016059|F|0-15:A>T-15:A>T,11582180.0,14090473.0,0.011260761768285008
100029056|F|0-22:A>T-22:A>T,100019698|F|0-15:C>A-15:C>A,11582180.0,14160112.0,0.029927213624478862
100029056|F|0-22:A>T-22:A>T,100036115|F|0-39:C>T-39:C>T,11582180.0,14240591.0,0.06292986762821745
100029056|F|0-22:A>T-22:A>T,100035750|F|0-64:T>C-64:T>C,11582180.0,14346419.0,0.07960918493355844
100029056|F|0-22:A>T-22:A>T,100021715|F|0-7:C>A-7:C>A,11582180.0,14348921.0,0.09392494298154692
100029056|F|0-22:A>T-22:A>T,100040569|F|0-37:C>T-37:C>T,11582180.0,14351912.0,0.15623598612517434
100029056|F|0-22:A>T-22:A>T,100015147|F|0-16:C>G-16:C>G,11582180.0,14409032.0,0.1261329695739373
100029056|F|0-22:A>T-22:A>T,100030246|F|0-11:C>A-11:C>A,11582180.0,14458674.0,0.06214236614915006
100029056|F|0-22:A>T-22:A>T,100035083|F|0-24:G>C-24:G>C,11582180.0,14490822.0,0.01738638586578394
100029056|F|0-22:A>T-22:A>T,100013053|F|0-56:A>T-56:A>T,11582180.0,14502847.0,0.0035246277294018113
100029056|F|0-22:A>T-22:A>T,100044112|F|0-18:T>G-18:T>G,11582180.0,14593733.0,0.028620987178938538
100029056|F|0-22:A>T-22:A>T,100041853|F|0-21:T>C-21:T>C,11582180.0,14595838.0,0.016359688529499844
100029056|F|0-22:A>T-22:A>T,100033723|F|0-20:T>C-20:T>C,11582180.0,14595843.0,0.013527487326215098
100029056|F|0-22:A>T-22:A>T,100017564|F|0-8:A>T-8:A>T,11582180.0,14625545.0,0.00039590968734446027
100029056|F|0-22:A>T-22:A>T,100057963|F|0-26:C>T-26:C>T,11582180.0,14656009.0,0.017131590581725312
100029056|F|0-22:A>T-22:A>T,100019295|F|0-19:G>T-19:G>T,11582180.0,14656014.0,0.012472437005102381
100029056|F|0-22:A>T-22:A>T,100035362|F|0-6:C>A-6:C>A,11582180.0,14658473.0,0.01291290195121605
100029056|F|0-22:A>T-22:A>T,100014679|F|0-16:C>A-16:C>A,11582180.0,14859822.0,0.01400789049677001
100029056|F|0-22:A>T-22:A>T,100021838|F|0-57:A>G-57:A>G,11582180.0,14928961.0,0.057957499037350764
100029056|F|0-22:A>T-22:A>T,100046294|F|0-6:C>G-6:C>G,11582180.0,15124860.0,0.01072971576217223
100029056|F|0-22:A>T-22:A>T,100045141|F|0-49:C>T-49:C>T,11582180.0,15225158.0,0.012438328988780192
100029056|F|0-22:A>T-22:A>T,100043254|F|0-7:C>G-7:C>G,11582180.0,15229542.0,0.01332369118839437
100029056|F|0-22:A>T-22:A>T,100013673|F|0-63:C>A-63:C>A,11582180.0,15256237.0,0.05368818127243669
100029056|F|0-22:A>T-22:A>T,100016806|F|0-26:T>A-26:T>A,11582180.0,15351778.0,0.0224225426582911
100029056|F|0-22:A>T-22:A>T,100033542|F|0-31:T>C-31:T>C,11582180.0,15394673.0,0.01292905794589032
100029056|F|0-22:A>T-22:A>T,100029793|F|0-30:G>A-30:G>A,11582180.0,15400977.0,0.004233149059961602
100029056|F|0-22:A>T-22:A>T,100021703|F|0-41:T>C-41:T>C,11582180.0,15431799.0,0.013236224364168157
100029056|F|0-22:A>T-22:A>T,100017056|F|0-15:G>A-15:G>A,11582180.0,15535069.0,0.002090904565141646
100029056|F|0-22:A>T-22:A>T,100021184|F|0-17:T>G-17:T>G,11582180.0,15536283.0,0.002090904565141646
100029056|F|0-22:A>T-22:A>T,100044126|F|0-46:C>T-46:C>T,11582180.0,15556197.0,0.0006911327666044651
100029056|F|0-22:A>T-22:A>T,100017834|F|0-8:C>T-8:C>T,11582180.0,15619447.0,0.13563949769098418
100029056|F|0-22:A>T-22:A>T,100020292|F|0-58:T>C-58:T>C,11582180.0,15819325.0,0.08033104286093935
100029056|F|0-22:A>T-22:A>T,100015600|F|0-30:C>A-30:C>A,11582180.0,15832699.0,0.08437172626037824
100029056|F|0-22:A>T-22:A>T,100049389|F|0-23:C>A-23:C>A,11582180.0,15838578.0,0.07831070925511958
100029056|F|0-22:A>T-22:A>T,100038568|F|0-15:C>T-15:C>T,11582180.0,15839422.0,0.08437172626037824
100029056|F|0-22:A>T-22:A>T,100018705|F|0-34:T>C-34:T>C,11582180.0,15915251.0,0.058661152251055955
100029056|F|0-22:A>T-22:A>T,100019856|F|0-16:C>T-16:C>T,11582180.0,15948596.0,0.0003959096873444633
100029056|F|0-22:A>T-22:A>T,100034716|F|0-53:A>G-53:A>G,11582180.0,15958067.0,0.0555430417757002
100029056|F|0-22:A>T-22:A>T,100021071|F|0-60:A>G-60:A>G,11582180.0,15967627.0,0.05220097835941355
100029056|F|0-22:A>T-22:A>T,100020211|F|0-33:C>A-33:C>A,11582180.0,15977146.0,0.06541993058329919
100029056|F|0-22:A>T-22:A>T,100013484|F|0-22:G>A-22:G>A,11582180.0,16177456.0,0.007636337439665746
100029056|F|0-22:A>T-22:A>T,100021316|F|0-63:C>A-63:C>A,11582180.0,16179198.0,0.001280153401983312
100029056|F|0-22:A>T-22:A>T,100017187|F|0-41:T>C-41:T>C,11582180.0,16245982.0,0.03302237758310874
100029056|F|0-22:A>T-22:A>T,100029840|F|0-31:T>C-31:T>C,11582180.0,16252498.0,0.03624673254124952
100029056|F|0-22:A>T-22:A>T,100013453|F|0-6:G>A-6:G>A,11582180.0,16307679.0,0.018379053766732267
100029056|F|0-22:A>T-22:A>T,100016783|F|0-52:G>T-52:G>T,11582180.0,16317524.0,0.020365996727108388
100029056|F|0-22:A>T-22:A>T,100014400|F|0-16:A>T-16:A>T,11582180.0,16381041.0,0.022996703892762146
100029056|F|0-22:A>T-22:A>T,100016625|F|0-16:T>C-16:T>C,11582180.0,16411184.0,0.051833639761798986
100029056|F|0-22:A>T-22:A>T,100015226|F|0-25:T>A-25:T>A,11582180.0,16581877.0,0.005969917585287721
100029056|F|0-22:A>T-22:A>T,100017539|F|0-11:A>T-11:A>T,11582180.0,16662610.0,0.006902551376944874
100029056|F|0-22:A>T-22:A>T,100033601|F|0-15:C>A-15:C>A,11582180.0,16769146.0,0.01707066400782683
100029056|F|0-22:A>T-22:A>T,100039949|F|0-62:A>T-62:A>T,11582180.0,16793350.0,0.016258075557266927
100029056|F|0-22:A>T-22:A>T,100035334|F|0-35:T>C-35:T>C,11582180.0,16832622.0,0.031720760523985266
100029056|F|0-22:A>T-22:A>T,100021345|F|0-28:C>T-28:C>T,11582180.0,16899147.0,0.02920046696478058
100029056|F|0-22:A>T-22:A>T,100022139|F|0-65:T>C-65:T>C,11582180.0,16965771.0,0.014019274481178286
100029056|F|0-22:A>T-22:A>T,100044804|F|0-53:G>C-53:G>C,11582180.0,16968917.0,0.0055840422722204745
100029056|F|0-22:A>T-22:A>T,100030290|F|0-11:A>C-11:A>C,11582180.0,16971407.0,0.014019274481178286
100029056|F|0-22:A>T-22:A>T,100017336|F|0-39:A>G-39:A>G,11582180.0,16987827.0,0.01863500207071959
100029056|F|0-22:A>T-22:A>T,100029568|F|0-9:T>G-9:T>G,11582180.0,16988131.0,0.006813740615036527
100029056|F|0-22:A>T-22:A>T,100034247|F|0-37:G>C-37:G>C,11582180.0,16999534.0,0.007871029895565334
100029056|F|0-22:A>T-22:A>T,100012983|F|0-45:A>T-45:A>T,11582180.0,17017248.0,0.007764677745674087
100029056|F|0-22:A>T-22:A>T,100020033|F|0-7:G>A-7:G>A,11582180.0,17020316.0,0.009832989799693458
100029056|F|0-22:A>T-22:A>T,100018782|F|0-63:C>T-63:C>T,11582180.0,17424649.0,0.0007096278688093718
100029056|F|0-22:A>T-22:A>T,100019630|F|0-24:A>T-24:A>T,11582180.0,17521232.0,0.01079493224269804
100029056|F|0-22:A>T-22:A>T,100021757|F|0-47:G>A-47:G>A,11582180.0,17521694.0,0.006706456167372613
100029056|F|0-22:A>T-22:A>T,100038944|F|0-45:C>T-45:C>T,11582180.0,17607936.0,0.03490898365776851
100029056|F|0-22:A>T-22:A>T,100047378|F|0-35:C>T-35:C>T,11582180.0,17706505.0,0.2322724609608537
100029056|F|0-22:A>T-22:A>T,100029543|F|0-46:T>C-46:T>C,11582180.0,18278899.0,0.0014620234886407381
100029056|F|0-22:A>T-22:A>T,100021798|F|0-27:T>C-27:T>C,11582180.0,18732658.0,0.00949677160013064
100029056|F|0-22:A>T-22:A>T,100017716|F|0-8:C>T-8:C>T,11582180.0,18851585.0,0.009632154748691932
100019200|F|0-60:C>T-60:C>T,100017507|F|0-36:T>C-36:T>C,11806800.0,12067176.0,0.12002980580137661
100019200|F|0-60:C>T-60:C>T,100015126|F|0-46:T>G-46:T>G,11806800.0,12238563.0,0.008007289574966518
100019200|F|0-60:C>T-60:C>T,100035996|F|0-47:A>G-47:A>G,11806800.0,12678333.0,0.0022427680967958435
100019200|F|0-60:C>T-60:C>T,100041089|F|0-45:A>G-45:A>G,11806800.0,12678338.0,0.0022427680967958435
100019200|F|0-60:C>T-60:C>T,100015053|F|0-21:C>T-21:C>T,11806800.0,12815706.0,0.00318958604027936
100019200|F|0-60:C>T-60:C>T,100016297|F|0-36:A>G-36:A>G,11806800.0,12845233.0,0.0022490530303030313
100019200|F|0-60:C>T-60:C>T,100016238|F|0-41:C>A-41:C>A,11806800.0,12849798.0,0.0007121609629170185
100019200|F|0-60:C>T-60:C>T,100016677|F|0-45:G>A-45:G>A,11806800.0,13416059.0,0.024544779821132418
100019200|F|0-60:C>T-60:C>T,100035421|F|0-6:T>A-6:T>A,11806800.0,13420106.0,0.023679123711340212
100019200|F|0-60:C>T-60:C>T,100015018|F|0-5:T>A-5:T>A,11806800.0,13421247.0,0.023403405548628433
100019200|F|0-60:C>T-60:C>T,100020103|F|0-18:T>C-18:T>C,11806800.0,13646039.0,0.0006456927327856024
100019200|F|0-60:C>T-60:C>T,100014062|F|0-62:G>A-62:G>A,11806800.0,13646044.0,0.0027120535714285714
100019200|F|0-60:C>T-60:C>T,100039121|F|0-17:A>G-17:A>G,11806800.0,13667695.0,0.0015882266465053754
100019200|F|0-60:C>T-60:C>T,100018973|F|0-53:T>G-53:T>G,11806800.0,13667871.0,0.0002380952380952378
100019200|F|0-60:C>T-60:C>T,100022289|F|0-10:A>G-10:A>G,11806800.0,13667876.0,0.000928682337940111
100019200|F|0-60:C>T-60:C>T,100015169|F|0-21:A>G-21:A>G,11806800.0,13718785.0,0.0008472116683552826
100019200|F|0-60:C>T-60:C>T,100020673|F|0-43:T>A-43:T>A,11806800.0,13731316.0,0.0044522455440900634
100019200|F|0-60:C>T-60:C>T,100015679|F|0-19:G>A-19:G>A,11806800.0,14080553.0,0.03894940363796563
100019200|F|0-60:C>T-60:C>T,100016059|F|0-15:A>T-15:A>T,11806800.0,14090473.0,0.002724691785337556
100019200|F|0-60:C>T-60:C>T,100019698|F|0-15:C>A-15:C>A,11806800.0,14160112.0,0.0008960966760299633
100019200|F|0-60:C>T-60:C>T,100036115|F|0-39:C>T-39:C>T,11806800.0,14240591.0,0.0003981963075063211
100019200|F|0-60:C>T-60:C>T,100035750|F|0-64:T>C-64:T>C,11806800.0,14346419.0,0.0066887842465753414
100019200|F|0-60:C>T-60:C>T,100021715|F|0-7:C>A-7:C>A,11806800.0,14348921.0,0.005016304232467316
100019200|F|0-60:C>T-60:C>T,100040569|F|0-37:C>T-37:C>T,11806800.0,14351912.0,0.0035881926072898274
100019200|F|0-60:C>T-60:C>T,100015147|F|0-16:C>G-16:C>G,11806800.0,14409032.0,0.006465553641399818
100019200|F|0-60:C>T-60:C>T,100030246|F|0-11:C>A-11:C>A,11806800.0,14458674.0,0.0012119749106230863
100019200|F|0-60:C>T-60:C>T,100035083|F|0-24:G>C-24:G>C,11806800.0,14490822.0,0.024387894186272054
100019200|F|0-60:C>T-60:C>T,100013053|F|0-56:A>T-56:A>T,11806800.0,14502847.0,0.0030019212295869374
100019200|F|0-60:C>T-60:C>T,100044112|F|0-18:T>G-18:T>G,11806800.0,14593733.0,0.007952008928571406
100019200|F|0-60:C>T-60:C>T,100041853|F|0-21:T>C-21:T>C,11806800.0,14595838.0,0.013722301898819124
100019200|F|0-60:C>T-60:C>T,100033723|F|0-20:T>C-20:T>C,11806800.0,14595843.0,0.02469805258781485
100019200|F|0-60:C>T-60:C>T,100017564|F|0-8:A>T-8:A>T,11806800.0,14625545.0,0.0018735011990407841
100019200|F|0-60:C>T-60:C>T,100057963|F|0-26:C>T-26:C>T,11806800.0,14656009.0,0.007815083498677235
100019200|F|0-60:C>T-60:C>T,100019295|F|0-19:G>T-19:G>T,11806800.0,14656014.0,0.025487588652482164
100019200|F|0-60:C>T-60:C>T,100035362|F|0-6:C>A-6:C>A,11806800.0,14658473.0,0.002375861249703013
100019200|F|0-60:C>T-60:C>T,100014679|F|0-16:C>A-16:C>A,11806800.0,14859822.0,0.05019810094661698
100019200|F|0-60:C>T-60:C>T,100021838|F|0-57:A>G-57:A>G,11806800.0,14928961.0,0.002208891369047615
100019200|F|0-60:C>T-60:C>T,100046294|F|0-6:C>G-6:C>G,11806800.0,15124860.0,0.0030372598931912497
100019200|F|0-60:C>T-60:C>T,100045141|F|0-49:C>T-49:C>T,11806800.0,15225158.0,0.01689954220524873
100019200|F|0-60:C>T-60:C>T,100043254|F|0-7:C>G-7:C>G,11806800.0,15229542.0,0.01885638973577238
100019200|F|0-60:C>T-60:C>T,100013673|F|0-63:C>A-63:C>A,11806800.0,15256237.0,0.02077350563709851
100019200|F|0-60:C>T-60:C>T,100016806|F|0-26:T>A-26:T>A,11806800.0,15351778.0,0.008675928393745558
100019200|F|0-60:C>T-60:C>T,100033542|F|0-31:T>C-31:T>C,11806800.0,15394673.0,0.010810173178884278
100019200|F|0-60:C>T-60:C>T,100029793|F|0-30:G>A-30:G>A,11806800.0,15400977.0,0.014171031521328802
100019200|F|0-60:C>T-60:C>T,100021703|F|0-41:T>C-41:T>C,11806800.0,15431799.0,0.0027994359654943605
100019200|F|0-60:C>T-60:C>T,100017056|F|0-15:G>A-15:G>A,11806800.0,15535069.0,0.0649710380936678
100019200|F|0-60:C>T-60:C>T,100021184|F|0-17:T>G-17:T>G,11806800.0,15536283.0,0.0649710380936678
100019200|F|0-60:C>T-60:C>T,100044126|F|0-46:C>T-46:C>T,11806800.0,15556197.0,0.029803936298076976
100019200|F|0-60:C>T-60:C>T,100017834|F|0-8:C>T-8:C>T,11806800.0,15619447.0,5.685728820660156e-05
100019200|F|0-60:C>T-60:C>T,100020292|F|0-58:T>C-58:T>C,11806800.0,15819325.0,0.0013312902103981914
100019200|F|0-60:C>T-60:C>T,100015600|F|0-30:C>A-30:C>A,11806800.0,15832699.0,0.004565395919778698
100019200|F|0-60:C>T-60:C>T,100049389|F|0-23:C>A-23:C>A,11806800.0,15838578.0,0.0010598235244564734
100019200|F|0-60:C>T-60:C>T,100038568|F|0-15:C>T-15:C>T,11806800.0,15839422.0,0.004565395919778698
100019200|F|0-60:C>T-60:C>T,100018705|F|0-34:T>C-34:T>C,11806800.0,15915251.0,0.005772481002716929
100019200|F|0-60:C>T-60:C>T,100019856|F|0-16:C>T-16:C>T,11806800.0,15948596.0,0.05980684202637893
100019200|F|0-60:C>T-60:C>T,100034716|F|0-53:A>G-53:A>G,11806800.0,15958067.0,0.04970445702467747
100019200|F|0-60:C>T-60:C>T,100021071|F|0-60:A>G-60:A>G,11806800.0,15967627.0,0.04713423831070895
100019200|F|0-60:C>T-60:C>T,100020211|F|0-33:C>A-33:C>A,11806800.0,15977146.0,0.018812111573639805
100019200|F|0-60:C>T-60:C>T,100013484|F|0-22:G>A-22:G>A,11806800.0,16177456.0,2.4623361069087194e-06
100019200|F|0-60:C>T-60:C>T,100021316|F|0-63:C>A-63:C>A,11806800.0,16179198.0,5.600840215645886e-05
100019200|F|0-60:C>T-60:C>T,100017187|F|0-41:T>C-41:T>C,11806800.0,16245982.0,0.0034200032552083306
100019200|F|0-60:C>T-60:C>T,100029840|F|0-31:T>C-31:T>C,11806800.0,16252498.0,0.008423102033202772
100019200|F|0-60:C>T-60:C>T,100013453|F|0-6:G>A-6:G>A,11806800.0,16307679.0,0.07555680724449643
100019200|F|0-60:C>T-60:C>T,100016783|F|0-52:G>T-52:G>T,11806800.0,16317524.0,0.08793009576069481
100019200|F|0-60:C>T-60:C>T,100014400|F|0-16:A>T-16:A>T,11806800.0,16381041.0,0.002375861249703018
100019200|F|0-60:C>T-60:C>T,100016625|F|0-16:T>C-16:T>C,11806800.0,16411184.0,0.00039210991328106435
100019200|F|0-60:C>T-60:C>T,100015226|F|0-25:T>A-25:T>A,11806800.0,16581877.0,0.018307032115171654
100019200|F|0-60:C>T-60:C>T,100017539|F|0-11:A>T-11:A>T,11806800.0,16662610.0,0.011114785420340991
100019200|F|0-60:C>T-60:C>T,100033601|F|0-15:C>A-15:C>A,11806800.0,16769146.0,0.012338412494150663
100019200|F|0-60:C>T-60:C>T,100039949|F|0-62:A>T-62:A>T,11806800.0,16793350.0,0.009424603174603176
100019200|F|0-60:C>T-60:C>T,100035334|F|0-35:T>C-35:T>C,11806800.0,16832622.0,0.0038323084165951082
100019200|F|0-60:C>T-60:C>T,100021345|F|0-28:C>T-28:C>T,11806800.0,16899147.0,0.011263831517401053
100019200|F|0-60:C>T-60:C>T,100022139|F|0-65:T>C-65:T>C,11806800.0,16965771.0,0.0009182174338883486
100019200|F|0-60:C>T-60:C>T,100044804|F|0-53:G>C-53:G>C,11806800.0,16968917.0,5.779209589783852e-06
100019200|F|0-60:C>T-60:C>T,100030290|F|0-11:A>C-11:A>C,11806800.0,16971407.0,0.0009182174338883486
100019200|F|0-60:C>T-60:C>T,100017336|F|0-39:A>G-39:A>G,11806800.0,16987827.0,0.016074168281653742
100019200|F|0-60:C>T-60:C>T,100029568|F|0-9:T>G-9:T>G,11806800.0,16988131.0,0.005580959773218142
100019200|F|0-60:C>T-60:C>T,100034247|F|0-37:G>C-37:G>C,11806800.0,16999534.0,0.004626329038163652
100019200|F|0-60:C>T-60:C>T,100012983|F|0-45:A>T-45:A>T,11806800.0,17017248.0,0.0018735011990407648
100019200|F|0-60:C>T-60:C>T,100020033|F|0-7:G>A-7:G>A,11806800.0,17020316.0,0.012133884803921588
100019200|F|0-60:C>T-60:C>T,100018782|F|0-63:C>T-63:C>T,11806800.0,17424649.0,0.005364216549295787
100019200|F|0-60:C>T-60:C>T,100019630|F|0-24:A>T-24:A>T,11806800.0,17521232.0,0.005357324000811534
100019200|F|0-60:C>T-60:C>T,100021757|F|0-47:G>A-47:G>A,11806800.0,17521694.0,0.0008032332251082243
100019200|F|0-60:C>T-60:C>T,100038944|F|0-45:C>T-45:C>T,11806800.0,17607936.0,0.004403346543372961
100019200|F|0-60:C>T-60:C>T,100047378|F|0-35:C>T-35:C>T,11806800.0,17706505.0,0.012674271229404304
100019200|F|0-60:C>T-60:C>T,100029543|F|0-46:T>C-46:T>C,11806800.0,18278899.0,0.002354213169642856
100019200|F|0-60:C>T-60:C>T,100021798|F|0-27:T>C-27:T>C,11806800.0,18732658.0,0.057581644612738576
100019200|F|0-60:C>T-60:C>T,100017716|F|0-8:C>T-8:C>T,11806800.0,18851585.0,0.0003753063725490187
100017507|F|0-36:T>C-36:T>C,100015126|F|0-46:T>G-46:T>G,12067176.0,12238563.0,0.01433462463423011
100017507|F|0-36:T>C-36:T>C,100035996|F|0-47:A>G-47:A>G,12067176.0,12678333.0,0.02497056828084624
100017507|F|0-36:T>C-36:T>C,100041089|F|0-45:A>G-45:A>G,12067176.0,12678338.0,0.02497056828084624
100017507|F|0-36:T>C-36:T>C,100015053|F|0-21:C>T-21:C>T,12067176.0,12815706.0,0.05689377704251056
100017507|F|0-36:T>C-36:T>C,100016297|F|0-36:A>G-36:A>G,12067176.0,12845233.0,0.0006368999731831587
100017507|F|0-36:T>C-36:T>C,100016238|F|0-41:C>A-41:C>A,12067176.0,12849798.0,0.006442890221080348
100017507|F|0-36:T>C-36:T>C,100016677|F|0-45:G>A-45:G>A,12067176.0,13416059.0,0.0006708975141150546
100017507|F|0-36:T>C-36:T>C,100035421|F|0-6:T>A-6:T>A,12067176.0,13420106.0,0.020257427850256964
100017507|F|0-36:T>C-36:T>C,100015018|F|0-5:T>A-5:T>A,12067176.0,13421247.0,0.025382095400633162
100017507|F|0-36:T>C-36:T>C,100020103|F|0-18:T>C-18:T>C,12067176.0,13646039.0,0.02981445704710073
100017507|F|0-36:T>C-36:T>C,100014062|F|0-62:G>A-62:G>A,12067176.0,13646044.0,0.022456805731142032
100017507|F|0-36:T>C-36:T>C,100039121|F|0-17:A>G-17:A>G,12067176.0,13667695.0,0.037917647968407846
100017507|F|0-36:T>C-36:T>C,100018973|F|0-53:T>G-53:T>G,12067176.0,13667871.0,0.022456805731142032
100017507|F|0-36:T>C-36:T>C,100022289|F|0-10:A>G-10:A>G,12067176.0,13667876.0,0.044043947851965644
100017507|F|0-36:T>C-36:T>C,100015169|F|0-21:A>G-21:A>G,12067176.0,13718785.0,0.04497972163195302
100017507|F|0-36:T>C-36:T>C,100020673|F|0-43:T>A-43:T>A,12067176.0,13731316.0,0.024904946122299897
100017507|F|0-36:T>C-36:T>C,100015679|F|0-19:G>A-19:G>A,12067176.0,14080553.0,0.005352734629129572
100017507|F|0-36:T>C-36:T>C,100016059|F|0-15:A>T-15:A>T,12067176.0,14090473.0,0.012345506142414392
100017507|F|0-36:T>C-36:T>C,100019698|F|0-15:C>A-15:C>A,12067176.0,14160112.0,0.006465461683220462
100017507|F|0-36:T>C-36:T>C,100036115|F|0-39:C>T-39:C>T,12067176.0,14240591.0,1.202310302525783e-05
100017507|F|0-36:T>C-36:T>C,100035750|F|0-64:T>C-64:T>C,12067176.0,14346419.0,0.00035568284371169655
100017507|F|0-36:T>C-36:T>C,100021715|F|0-7:C>A-7:C>A,12067176.0,14348921.0,3.0054533951855065e-05
100017507|F|0-36:T>C-36:T>C,100040569|F|0-37:C>T-37:C>T,12067176.0,14351912.0,0.013168984407922418
100017507|F|0-36:T>C-36:T>C,100015147|F|0-16:C>G-16:C>G,12067176.0,14409032.0,0.0071160558307715
100017507|F|0-36:T>C-36:T>C,100030246|F|0-11:C>A-11:C>A,12067176.0,14458674.0,0.011753083183430215
100017507|F|0-36:T>C-36:T>C,100035083|F|0-24:G>C-24:G>C,12067176.0,14490822.0,0.035673069825600916
100017507|F|0-36:T>C-36:T>C,100013053|F|0-56:A>T-56:A>T,12067176.0,14502847.0,0.1066367430907994
100017507|F|0-36:T>C-36:T>C,100044112|F|0-18:T>G-18:T>G,12067176.0,14593733.0,1.925929944387236e-34
100017507|F|0-36:T>C-36:T>C,100041853|F|0-21:T>C-21:T>C,12067176.0,14595838.0,0.002310480289190043
100017507|F|0-36:T>C-36:T>C,100033723|F|0-20:T>C-20:T>C,12067176.0,14595843.0,1.9983154551293873e-05
100017507|F|0-36:T>C-36:T>C,100017564|F|0-8:A>T-8:A>T,12067176.0,14625545.0,0.006875915197045881
100017507|F|0-36:T>C-36:T>C,100057963|F|0-26:C>T-26:C>T,12067176.0,14656009.0,0.04074776419909173
100017507|F|0-36:T>C-36:T>C,100019295|F|0-19:G>T-19:G>T,12067176.0,14656014.0,0.05312681636963474
100017507|F|0-36:T>C-36:T>C,100035362|F|0-6:C>A-6:C>A,12067176.0,14658473.0,0.012512694037429386
100017507|F|0-36:T>C-36:T>C,100014679|F|0-16:C>A-16:C>A,12067176.0,14859822.0,0.023498912344885558
100017507|F|0-36:T>C-36:T>C,100021838|F|0-57:A>G-57:A>G,12067176.0,14928961.0,0.03065081120943955
100017507|F|0-36:T>C-36:T>C,100046294|F|0-6:C>G-6:C>G,12067176.0,15124860.0,0.004454975966577
100017507|F|0-36:T>C-36:T>C,100045141|F|0-49:C>T-49:C>T,12067176.0,15225158.0,8.665841678539053e-06
100017507|F|0-36:T>C-36:T>C,100043254|F|0-7:C>G-7:C>G,12067176.0,15229542.0,1.0833355937178202e-34
100017507|F|0-36:T>C-36:T>C,100013673|F|0-63:C>A-63:C>A,12067176.0,15256237.0,0.00019060151012870473
100017507|F|0-36:T>C-36:T>C,100016806|F|0-26:T>A-26:T>A,12067176.0,15351778.0,0.03931040121767896
100017507|F|0-36:T>C-36:T>C,100033542|F|0-31:T>C-31:T>C,12067176.0,15394673.0,0.0024684104660603772
100017507|F|0-36:T>C-36:T>C,100029793|F|0-30:G>A-30:G>A,12067176.0,15400977.0,0.018745594430357768
100017507|F|0-36:T>C-36:T>C,100021703|F|0-41:T>C-41:T>C,12067176.0,15431799.0,3.914867295785872e-05
100017507|F|0-36:T>C-36:T>C,100017056|F|0-15:G>A-15:G>A,12067176.0,15535069.0,0.044831531510495785
100017507|F|0-36:T>C-36:T>C,100021184|F|0-17:T>G-17:T>G,12067176.0,15536283.0,0.044831531510495785
100017507|F|0-36:T>C-36:T>C,100044126|F|0-46:C>T-46:C>T,12067176.0,15556197.0,0.05743703199455413
100017507|F|0-36:T>C-36:T>C,100017834|F|0-8:C>T-8:C>T,12067176.0,15619447.0,0.007356477718801913
100017507|F|0-36:T>C-36:T>C,100020292|F|0-58:T>C-58:T>C,12067176.0,15819325.0,0.024560945922448268
100017507|F|0-36:T>C-36:T>C,100015600|F|0-30:C>A-30:C>A,12067176.0,15832699.0,0.020685687707315884
100017507|F|0-36:T>C-36:T>C,100049389|F|0-23:C>A-23:C>A,12067176.0,15838578.0,0.02212191419549131
100017507|F|0-36:T>C-36:T>C,100038568|F|0-15:C>T-15:C>T,12067176.0,15839422.0,0.020685687707315884
100017507|F|0-36:T>C-36:T>C,100018705|F|0-34:T>C-34:T>C,12067176.0,15915251.0,0.003313512368192084
100017507|F|0-36:T>C-36:T>C,100019856|F|0-16:C>T-16:C>T,12067176.0,15948596.0,0.002339721143439235
100017507|F|0-36:T>C-36:T>C,100034716|F|0-53:A>G-53:A>G,12067176.0,15958067.0,0.008470692561838543
100017507|F|0-36:T>C-36:T>C,100021071|F|0-60:A>G-60:A>G,12067176.0,15967627.0,0.006081568093541026
100017507|F|0-36:T>C-36:T>C,100020211|F|0-33:C>A-33:C>A,12067176.0,15977146.0,0.013699449877412317
100017507|F|0-36:T>C-36:T>C,100013484|F|0-22:G>A-22:G>A,12067176.0,16177456.0,0.016969461663074187
100017507|F|0-36:T>C-36:T>C,100021316|F|0-63:C>A-63:C>A,12067176.0,16179198.0,0.011391851260843713
100017507|F|0-36:T>C-36:T>C,100017187|F|0-41:T>C-41:T>C,12067176.0,16245982.0,0.023508941740412983
100017507|F|0-36:T>C-36:T>C,100029840|F|0-31:T>C-31:T>C,12067176.0,16252498.0,0.0034685940577061825
100017507|F|0-36:T>C-36:T>C,100013453|F|0-6:G>A-6:G>A,12067176.0,16307679.0,0.007391591344417699
100017507|F|0-36:T>C-36:T>C,100016783|F|0-52:G>T-52:G>T,12067176.0,16317524.0,0.011230261794017087
100017507|F|0-36:T>C-36:T>C,100014400|F|0-16:A>T-16:A>T,12067176.0,16381041.0,0.00012878008986222267
100017507|F|0-36:T>C-36:T>C,100016625|F|0-16:T>C-16:T>C,12067176.0,16411184.0,0.0003784557742889727
100017507|F|0-36:T>C-36:T>C,100015226|F|0-25:T>A-25:T>A,12067176.0,16581877.0,0.04733729260380841
100017507|F|0-36:T>C-36:T>C,100017539|F|0-11:A>T-11:A>T,12067176.0,16662610.0,0.013168984407922437
100017507|F|0-36:T>C-36:T>C,100033601|F|0-15:C>A-15:C>A,12067176.0,16769146.0,0.06901854252163414
100017507|F|0-36:T>C-36:T>C,100039949|F|0-62:A>T-62:A>T,12067176.0,16793350.0,0.054045512010113796
100017507|F|0-36:T>C-36:T>C,100035334|F|0-35:T>C-35:T>C,12067176.0,16832622.0,0.04962152270967349
100017507|F|0-36:T>C-36:T>C,100021345|F|0-28:C>T-28:C>T,12067176.0,16899147.0,0.05224403530781307
100017507|F|0-36:T>C-36:T>C,100022139|F|0-65:T>C-65:T>C,12067176.0,16965771.0,0.03641088758490576
100017507|F|0-36:T>C-36:T>C,100044804|F|0-53:G>C-53:G>C,12067176.0,16968917.0,0.0031365152579645892
100017507|F|0-36:T>C-36:T>C,100030290|F|0-11:A>C-11:A>C,12067176.0,16971407.0,0.03641088758490576
100017507|F|0-36:T>C-36:T>C,100017336|F|0-39:A>G-39:A>G,12067176.0,16987827.0,0.00026604960747788427
100017507|F|0-36:T>C-36:T>C,100029568|F|0-9:T>G-9:T>G,12067176.0,16988131.0,0.050466051211478256
100017507|F|0-36:T>C-36:T>C,100034247|F|0-37:G>C-37:G>C,12067176.0,16999534.0,0.06675022712742693
100017507|F|0-36:T>C-36:T>C,100012983|F|0-45:A>T-45:A>T,12067176.0,17017248.0,2.1221960484709825e-05
100017507|F|0-36:T>C-36:T>C,100020033|F|0-7:G>A-7:G>A,12067176.0,17020316.0,0.08474926253687308
100017507|F|0-36:T>C-36:T>C,100018782|F|0-63:C>T-63:C>T,12067176.0,17424649.0,0.0011545332809199213
100017507|F|0-36:T>C-36:T>C,100019630|F|0-24:A>T-24:A>T,12067176.0,17521232.0,0.009775987159254323
100017507|F|0-36:T>C-36:T>C,100021757|F|0-47:G>A-47:G>A,12067176.0,17521694.0,0.014557713672757914
100017507|F|0-36:T>C-36:T>C,100038944|F|0-45:C>T-45:C>T,12067176.0,17607936.0,0.023190633731193244
100017507|F|0-36:T>C-36:T>C,100047378|F|0-35:C>T-35:C>T,12067176.0,17706505.0,0.006480842782955938
100017507|F|0-36:T>C-36:T>C,100029543|F|0-46:T>C-46:T>C,12067176.0,18278899.0,0.03862010443004642
100017507|F|0-36:T>C-36:T>C,100021798|F|0-27:T>C-27:T>C,12067176.0,18732658.0,0.10417771388394624
100017507|F|0-36:T>C-36:T>C,100017716|F|0-8:C>T-8:C>T,12067176.0,18851585.0,0.009448204060385197
100015126|F|0-46:T>G-46:T>G,100035996|F|0-47:A>G-47:A>G,12238563.0,12678333.0,0.000198074633713515
100015126|F|0-46:T>G-46:T>G,100041089|F|0-45:A>G-45:A>G,12238563.0,12678338.0,0.000198074633713515
100015126|F|0-46:T>G-46:T>G,100015053|F|0-21:C>T-21:C>T,12238563.0,12815706.0,0.050762739116283186
100015126|F|0-46:T>G-46:T>G,100016297|F|0-36:A>G-36:A>G,12238563.0,12845233.0,1.0833355937178202e-34
100015126|F|0-46:T>G-46:T>G,100016238|F|0-41:C>A-41:C>A,12238563.0,12849798.0,0.0007227005623818669
100015126|F|0-46:T>G-46:T>G,100016677|F|0-45:G>A-45:G>A,12238563.0,13416059.0,0.007815198248573539
100015126|F|0-46:T>G-46:T>G,100035421|F|0-6:T>A-6:T>A,12238563.0,13420106.0,0.0033122179439407148
100015126|F|0-46:T>G-46:T>G,100015018|F|0-5:T>A-5:T>A,12238563.0,13421247.0,0.001308642717169593
100015126|F|0-46:T>G-46:T>G,100020103|F|0-18:T>C-18:T>C,12238563.0,13646039.0,0.33764694929954614
100015126|F|0-46:T>G-46:T>G,100014062|F|0-62:G>A-62:G>A,12238563.0,13646044.0,0.3184308663224338
100015126|F|0-46:T>G-46:T>G,100039121|F|0-17:A>G-17:A>G,12238563.0,13667695.0,0.2718985822321544
100015126|F|0-46:T>G-46:T>G,100018973|F|0-53:T>G-53:T>G,12238563.0,13667871.0,0.3184308663224338
100015126|F|0-46:T>G-46:T>G,100022289|F|0-10:A>G-10:A>G,12238563.0,13667876.0,0.25761535777859657
100015126|F|0-46:T>G-46:T>G,100015169|F|0-21:A>G-21:A>G,12238563.0,13718785.0,0.017394807192295098
100015126|F|0-46:T>G-46:T>G,100020673|F|0-43:T>A-43:T>A,12238563.0,13731316.0,0.022920952101087213
100015126|F|0-46:T>G-46:T>G,100015679|F|0-19:G>A-19:G>A,12238563.0,14080553.0,0.0040410888266055175
100015126|F|0-46:T>G-46:T>G,100016059|F|0-15:A>T-15:A>T,12238563.0,14090473.0,0.007473724009963894
100015126|F|0-46:T>G-46:T>G,100019698|F|0-15:C>A-15:C>A,12238563.0,14160112.0,0.04963800269743129
100015126|F|0-46:T>G-46:T>G,100036115|F|0-39:C>T-39:C>T,12238563.0,14240591.0,0.00626682177184324
100015126|F|0-46:T>G-46:T>G,100035750|F|0-64:T>C-64:T>C,12238563.0,14346419.0,0.13721094423355534
100015126|F|0-46:T>G-46:T>G,100021715|F|0-7:C>A-7:C>A,12238563.0,14348921.0,0.16326155360105674
100015126|F|0-46:T>G-46:T>G,100040569|F|0-37:C>T-37:C>T,12238563.0,14351912.0,0.6809681406401605
100015126|F|0-46:T>G-46:T>G,100015147|F|0-16:C>G-16:C>G,12238563.0,14409032.0,0.061108642107953595
100015126|F|0-46:T>G-46:T>G,100030246|F|0-11:C>A-11:C>A,12238563.0,14458674.0,0.11474934467184339
100015126|F|0-46:T>G-46:T>G,100035083|F|0-24:G>C-24:G>C,12238563.0,14490822.0,0.03964649019220944
100015126|F|0-46:T>G-46:T>G,100013053|F|0-56:A>T-56:A>T,12238563.0,14502847.0,0.04629468884182265
100015126|F|0-46:T>G-46:T>G,100044112|F|0-18:T>G-18:T>G,12238563.0,14593733.0,0.006055969911391591
100015126|F|0-46:T>G-46:T>G,100041853|F|0-21:T>C-21:T>C,12238563.0,14595838.0,0.0004914990073013489
100015126|F|0-46:T>G-46:T>G,100033723|F|0-20:T>C-20:T>C,12238563.0,14595843.0,0.00018893042706629218
100015126|F|0-46:T>G-46:T>G,100017564|F|0-8:A>T-8:A>T,12238563.0,14625545.0,0.02889254861171296
100015126|F|0-46:T>G-46:T>G,100057963|F|0-26:C>T-26:C>T,12238563.0,14656009.0,0.05163511187607572
100015126|F|0-46:T>G-46:T>G,100019295|F|0-19:G>T-19:G>T,12238563.0,14656014.0,0.048750041795303206
100015126|F|0-46:T>G-46:T>G,100035362|F|0-6:C>A-6:C>A,12238563.0,14658473.0,0.0044085822978299615
100015126|F|0-46:T>G-46:T>G,100014679|F|0-16:C>A-16:C>A,12238563.0,14859822.0,0.00027016819606171357
100015126|F|0-46:T>G-46:T>G,100021838|F|0-57:A>G-57:A>G,12238563.0,14928961.0,0.0030658347676419933
100015126|F|0-46:T>G-46:T>G,100046294|F|0-6:C>G-6:C>G,12238563.0,15124860.0,0.00010529875423008778
100015126|F|0-46:T>G-46:T>G,100045141|F|0-49:C>T-49:C>T,12238563.0,15225158.0,0.04909886313762684
100015126|F|0-46:T>G-46:T>G,100043254|F|0-7:C>G-7:C>G,12238563.0,15229542.0,0.0669997061416397
100015126|F|0-46:T>G-46:T>G,100013673|F|0-63:C>A-63:C>A,12238563.0,15256237.0,0.04457171378558273
100015126|F|0-46:T>G-46:T>G,100016806|F|0-26:T>A-26:T>A,12238563.0,15351778.0,0.14415925963983842
100015126|F|0-46:T>G-46:T>G,100033542|F|0-31:T>C-31:T>C,12238563.0,15394673.0,0.016897465380192968
100015126|F|0-46:T>G-46:T>G,100029793|F|0-30:G>A-30:G>A,12238563.0,15400977.0,0.026525126553780285
100015126|F|0-46:T>G-46:T>G,100021703|F|0-41:T>C-41:T>C,12238563.0,15431799.0,0.0001079300613202645
100015126|F|0-46:T>G-46:T>G,100017056|F|0-15:G>A-15:G>A,12238563.0,15535069.0,0.007868545421792737
100015126|F|0-46:T>G-46:T>G,100021184|F|0-17:T>G-17:T>G,12238563.0,15536283.0,0.007868545421792737
100015126|F|0-46:T>G-46:T>G,100044126|F|0-46:C>T-46:C>T,12238563.0,15556197.0,0.013901760889712681
100015126|F|0-46:T>G-46:T>G,100017834|F|0-8:C>T-8:C>T,12238563.0,15619447.0,0.2801625750691063
100015126|F|0-46:T>G-46:T>G,100020292|F|0-58:T>C-58:T>C,12238563.0,15819325.0,0.04887154250806025
100015126|F|0-46:T>G-46:T>G,100015600|F|0-30:C>A-30:C>A,12238563.0,15832699.0,0.05132980052992047
100015126|F|0-46:T>G-46:T>G,100049389|F|0-23:C>A-23:C>A,12238563.0,15838578.0,0.04764241842127107
100015126|F|0-46:T>G-46:T>G,100038568|F|0-15:C>T-15:C>T,12238563.0,15839422.0,0.05132980052992047
100015126|F|0-46:T>G-46:T>G,100018705|F|0-34:T>C-34:T>C,12238563.0,15915251.0,0.04489711264824959
100015126|F|0-46:T>G-46:T>G,100019856|F|0-16:C>T-16:C>T,12238563.0,15948596.0,7.223137152928243e-05
100015126|F|0-46:T>G-46:T>G,100034716|F|0-53:A>G-53:A>G,12238563.0,15958067.0,0.0441519302110291
100015126|F|0-46:T>G-46:T>G,100021071|F|0-60:A>G-60:A>G,12238563.0,15967627.0,0.04186883279725218
100015126|F|0-46:T>G-46:T>G,100020211|F|0-33:C>A-33:C>A,12238563.0,15977146.0,0.03900428166700559
100015126|F|0-46:T>G-46:T>G,100013484|F|0-22:G>A-22:G>A,12238563.0,16177456.0,0.005744992071159072
100015126|F|0-46:T>G-46:T>G,100021316|F|0-63:C>A-63:C>A,12238563.0,16179198.0,0.00873452516190015
100015126|F|0-46:T>G-46:T>G,100017187|F|0-41:T>C-41:T>C,12238563.0,16245982.0,0.052742218875501866
100015126|F|0-46:T>G-46:T>G,100029840|F|0-31:T>C-31:T>C,12238563.0,16252498.0,0.05266982872733233
100015126|F|0-46:T>G-46:T>G,100013453|F|0-6:G>A-6:G>A,12238563.0,16307679.0,0.011181389851662645
100015126|F|0-46:T>G-46:T>G,100016783|F|0-52:G>T-52:G>T,12238563.0,16317524.0,0.012390199844546972
100015126|F|0-46:T>G-46:T>G,100014400|F|0-16:A>T-16:A>T,12238563.0,16381041.0,0.0324179826934252
100015126|F|0-46:T>G-46:T>G,100016625|F|0-16:T>C-16:T>C,12238563.0,16411184.0,0.05611040026105848
100015126|F|0-46:T>G-46:T>G,100015226|F|0-25:T>A-25:T>A,12238563.0,16581877.0,0.008539139948498309
100015126|F|0-46:T>G-46:T>G,100017539|F|0-11:A>T-11:A>T,12238563.0,16662610.0,0.004718167201433611
100015126|F|0-46:T>G-46:T>G,100033601|F|0-15:C>A-15:C>A,12238563.0,16769146.0,3.3827401322651347e-05
100015126|F|0-46:T>G-46:T>G,100039949|F|0-62:A>T-62:A>T,12238563.0,16793350.0,0.0
100015126|F|0-46:T>G-46:T>G,100035334|F|0-35:T>C-35:T>C,12238563.0,16832622.0,0.004824543666822469
100015126|F|0-46:T>G-46:T>G,100021345|F|0-28:C>T-28:C>T,12238563.0,16899147.0,0.0034046627121512756
100015126|F|0-46:T>G-46:T>G,100022139|F|0-65:T>C-65:T>C,12238563.0,16965771.0,3.540115407762286e-05
100015126|F|0-46:T>G-46:T>G,100044804|F|0-53:G>C-53:G>C,12238563.0,16968917.0,0.023776612112571364
100015126|F|0-46:T>G-46:T>G,100030290|F|0-11:A>C-11:A>C,12238563.0,16971407.0,3.540115407762286e-05
100015126|F|0-46:T>G-46:T>G,100017336|F|0-39:A>G-39:A>G,12238563.0,16987827.0,0.00895921192222675
100015126|F|0-46:T>G-46:T>G,100029568|F|0-9:T>G-9:T>G,12238563.0,16988131.0,0.0007806604387311645
100015126|F|0-46:T>G-46:T>G,100034247|F|0-37:G>C-37:G>C,12238563.0,16999534.0,0.0004886466016155867
100015126|F|0-46:T>G-46:T>G,100012983|F|0-45:A>T-45:A>T,12238563.0,17017248.0,0.005218716592990654
100015126|F|0-46:T>G-46:T>G,100020033|F|0-7:G>A-7:G>A,12238563.0,17020316.0,0.00028939286557996737
100015126|F|0-46:T>G-46:T>G,100018782|F|0-63:C>T-63:C>T,12238563.0,17424649.0,0.01781829376008913
100015126|F|0-46:T>G-46:T>G,100019630|F|0-24:A>T-24:A>T,12238563.0,17521232.0,0.03721550841222467
100015126|F|0-46:T>G-46:T>G,100021757|F|0-47:G>A-47:G>A,12238563.0,17521694.0,0.0447178323684348
100015126|F|0-46:T>G-46:T>G,100038944|F|0-45:C>T-45:C>T,12238563.0,17607936.0,0.018716875427734703
100015126|F|0-46:T>G-46:T>G,100047378|F|0-35:C>T-35:C>T,12238563.0,17706505.0,0.12266222685418532
100015126|F|0-46:T>G-46:T>G,100029543|F|0-46:T>C-46:T>C,12238563.0,18278899.0,0.0016609406375501998
100015126|F|0-46:T>G-46:T>G,100021798|F|0-27:T>C-27:T>C,12238563.0,18732658.0,0.007320894764143106
100015126|F|0-46:T>G-46:T>G,100017716|F|0-8:C>T-8:C>T,12238563.0,18851585.0,0.0007382471060713426
100035996|F|0-47:A>G-47:A>G,100041089|F|0-45:A>G-45:A>G,12678333.0,12678338.0,1.0000000000000013
100035996|F|0-47:A>G-47:A>G,100015053|F|0-21:C>T-21:C>T,12678333.0,12815706.0,0.021140948731314207
100035996|F|0-47:A>G-47:A>G,100016297|F|0-36:A>G-36:A>G,12678333.0,12845233.0,0.0918184105778469
100035996|F|0-47:A>G-47:A>G,100016238|F|0-41:C>A-41:C>A,12678333.0,12849798.0,0.05606354455324371
100035996|F|0-47:A>G-47:A>G,100016677|F|0-45:G>A-45:G>A,12678333.0,13416059.0,0.014595224324133882
100035996|F|0-47:A>G-47:A>G,100035421|F|0-6:T>A-6:T>A,12678333.0,13420106.0,3.2427272114102613e-06
100035996|F|0-47:A>G-47:A>G,100015018|F|0-5:T>A-5:T>A,12678333.0,13421247.0,0.00010709679416623544
100035996|F|0-47:A>G-47:A>G,100020103|F|0-18:T>C-18:T>C,12678333.0,13646039.0,0.0026516252353915464
100035996|F|0-47:A>G-47:A>G,100014062|F|0-62:G>A-62:G>A,12678333.0,13646044.0,0.005467682795312386
100035996|F|0-47:A>G-47:A>G,100039121|F|0-17:A>G-17:A>G,12678333.0,13667695.0,0.003287624600224033
100035996|F|0-47:A>G-47:A>G,100018973|F|0-53:T>G-53:T>G,12678333.0,13667871.0,0.001437917894888201
100035996|F|0-47:A>G-47:A>G,100022289|F|0-10:A>G-10:A>G,12678333.0,13667876.0,0.0020032730020553137
100035996|F|0-47:A>G-47:A>G,100015169|F|0-21:A>G-21:A>G,12678333.0,13718785.0,0.015190939689542299
100035996|F|0-47:A>G-47:A>G,100020673|F|0-43:T>A-43:T>A,12678333.0,13731316.0,0.00025706491821605965
100035996|F|0-47:A>G-47:A>G,100015679|F|0-19:G>A-19:G>A,12678333.0,14080553.0,0.015545912479454837
100035996|F|0-47:A>G-47:A>G,100016059|F|0-15:A>T-15:A>T,12678333.0,14090473.0,0.013354406490288151
100035996|F|0-47:A>G-47:A>G,100019698|F|0-15:C>A-15:C>A,12678333.0,14160112.0,0.0016741152070229256
100035996|F|0-47:A>G-47:A>G,100036115|F|0-39:C>T-39:C>T,12678333.0,14240591.0,6.410153380667411e-07
100035996|F|0-47:A>G-47:A>G,100035750|F|0-64:T>C-64:T>C,12678333.0,14346419.0,0.0011042093240768178
100035996|F|0-47:A>G-47:A>G,100021715|F|0-7:C>A-7:C>A,12678333.0,14348921.0,0.00025439170194650236
100035996|F|0-47:A>G-47:A>G,100040569|F|0-37:C>T-37:C>T,12678333.0,14351912.0,2.2190090970499593e-07
100035996|F|0-47:A>G-47:A>G,100015147|F|0-16:C>G-16:C>G,12678333.0,14409032.0,0.03736977830564244
100035996|F|0-47:A>G-47:A>G,100030246|F|0-11:C>A-11:C>A,12678333.0,14458674.0,0.01724205291493793
100035996|F|0-47:A>G-47:A>G,100035083|F|0-24:G>C-24:G>C,12678333.0,14490822.0,0.009936563722053524
100035996|F|0-47:A>G-47:A>G,100013053|F|0-56:A>T-56:A>T,12678333.0,14502847.0,0.03452556893583507
100035996|F|0-47:A>G-47:A>G,100044112|F|0-18:T>G-18:T>G,12678333.0,14593733.0,0.00948626388988745
100035996|F|0-47:A>G-47:A>G,100041853|F|0-21:T>C-21:T>C,12678333.0,14595838.0,0.0020960518734090385
100035996|F|0-47:A>G-47:A>G,100033723|F|0-20:T>C-20:T>C,12678333.0,14595843.0,0.0031452024073083925
100035996|F|0-47:A>G-47:A>G,100017564|F|0-8:A>T-8:A>T,12678333.0,14625545.0,0.06626254104919388
100035996|F|0-47:A>G-47:A>G,100057963|F|0-26:C>T-26:C>T,12678333.0,14656009.0,0.06153339963732505
100035996|F|0-47:A>G-47:A>G,100019295|F|0-19:G>T-19:G>T,12678333.0,14656014.0,0.0437358324018237
100035996|F|0-47:A>G-47:A>G,100035362|F|0-6:C>A-6:C>A,12678333.0,14658473.0,0.031005527374835945
100035996|F|0-47:A>G-47:A>G,100014679|F|0-16:C>A-16:C>A,12678333.0,14859822.0,6.378752393350108e-05
100035996|F|0-47:A>G-47:A>G,100021838|F|0-57:A>G-57:A>G,12678333.0,14928961.0,0.029220064346825815
100035996|F|0-47:A>G-47:A>G,100046294|F|0-6:C>G-6:C>G,12678333.0,15124860.0,0.022895986424073568
100035996|F|0-47:A>G-47:A>G,100045141|F|0-49:C>T-49:C>T,12678333.0,15225158.0,0.009794569519739638
100035996|F|0-47:A>G-47:A>G,100043254|F|0-7:C>G-7:C>G,12678333.0,15229542.0,0.014110007733192617
100035996|F|0-47:A>G-47:A>G,100013673|F|0-63:C>A-63:C>A,12678333.0,15256237.0,0.00302187575976457
100035996|F|0-47:A>G-47:A>G,100016806|F|0-26:T>A-26:T>A,12678333.0,15351778.0,0.0011601261075455261
100035996|F|0-47:A>G-47:A>G,100033542|F|0-31:T>C-31:T>C,12678333.0,15394673.0,0.017597788112356887
100035996|F|0-47:A>G-47:A>G,100029793|F|0-30:G>A-30:G>A,12678333.0,15400977.0,0.008413834887128732
100035996|F|0-47:A>G-47:A>G,100021703|F|0-41:T>C-41:T>C,12678333.0,15431799.0,0.022488661368570553
100035996|F|0-47:A>G-47:A>G,100017056|F|0-15:G>A-15:G>A,12678333.0,15535069.0,0.024988281348554527
100035996|F|0-47:A>G-47:A>G,100021184|F|0-17:T>G-17:T>G,12678333.0,15536283.0,0.024988281348554527
100035996|F|0-47:A>G-47:A>G,100044126|F|0-46:C>T-46:C>T,12678333.0,15556197.0,0.045784377298594706
100035996|F|0-47:A>G-47:A>G,100017834|F|0-8:C>T-8:C>T,12678333.0,15619447.0,0.003039089299045103
100035996|F|0-47:A>G-47:A>G,100020292|F|0-58:T>C-58:T>C,12678333.0,15819325.0,0.039014746084289724
100035996|F|0-47:A>G-47:A>G,100015600|F|0-30:C>A-30:C>A,12678333.0,15832699.0,0.035446232983270945
100035996|F|0-47:A>G-47:A>G,100049389|F|0-23:C>A-23:C>A,12678333.0,15838578.0,0.04160627346430405
100035996|F|0-47:A>G-47:A>G,100038568|F|0-15:C>T-15:C>T,12678333.0,15839422.0,0.035446232983270945
100035996|F|0-47:A>G-47:A>G,100018705|F|0-34:T>C-34:T>C,12678333.0,15915251.0,0.0010337827565369525
100035996|F|0-47:A>G-47:A>G,100019856|F|0-16:C>T-16:C>T,12678333.0,15948596.0,0.0030594548015337136
100035996|F|0-47:A>G-47:A>G,100034716|F|0-53:A>G-53:A>G,12678333.0,15958067.0,0.0004183812842929425
100035996|F|0-47:A>G-47:A>G,100021071|F|0-60:A>G-60:A>G,12678333.0,15967627.0,0.00013158209356290917
100035996|F|0-47:A>G-47:A>G,100020211|F|0-33:C>A-33:C>A,12678333.0,15977146.0,0.0015297015025432686
100035996|F|0-47:A>G-47:A>G,100013484|F|0-22:G>A-22:G>A,12678333.0,16177456.0,0.008622707964857819
100035996|F|0-47:A>G-47:A>G,100021316|F|0-63:C>A-63:C>A,12678333.0,16179198.0,0.008214439971306968
100035996|F|0-47:A>G-47:A>G,100017187|F|0-41:T>C-41:T>C,12678333.0,16245982.0,0.006843309637644708
100035996|F|0-47:A>G-47:A>G,100029840|F|0-31:T>C-31:T>C,12678333.0,16252498.0,0.03342381608040398
100035996|F|0-47:A>G-47:A>G,100013453|F|0-6:G>A-6:G>A,12678333.0,16307679.0,0.043908842911918405
100035996|F|0-47:A>G-47:A>G,100016783|F|0-52:G>T-52:G>T,12678333.0,16317524.0,0.0384596457022102
100035996|F|0-47:A>G-47:A>G,100014400|F|0-16:A>T-16:A>T,12678333.0,16381041.0,0.13282065786844707
100035996|F|0-47:A>G-47:A>G,100016625|F|0-16:T>C-16:T>C,12678333.0,16411184.0,0.11289382411189484
100035996|F|0-47:A>G-47:A>G,100015226|F|0-25:T>A-25:T>A,12678333.0,16581877.0,0.0009216886506478143
100035996|F|0-47:A>G-47:A>G,100017539|F|0-11:A>T-11:A>T,12678333.0,16662610.0,0.017897639773164047
100035996|F|0-47:A>G-47:A>G,100033601|F|0-15:C>A-15:C>A,12678333.0,16769146.0,0.002954157569357581
100035996|F|0-47:A>G-47:A>G,100039949|F|0-62:A>T-62:A>T,12678333.0,16793350.0,2.7083389842945504e-35
100035996|F|0-47:A>G-47:A>G,100035334|F|0-35:T>C-35:T>C,12678333.0,16832622.0,0.004314202648178724
100035996|F|0-47:A>G-47:A>G,100021345|F|0-28:C>T-28:C>T,12678333.0,16899147.0,0.004010985196883191
100035996|F|0-47:A>G-47:A>G,100022139|F|0-65:T>C-65:T>C,12678333.0,16965771.0,0.003881806176977
100035996|F|0-47:A>G-47:A>G,100044804|F|0-53:G>C-53:G>C,12678333.0,16968917.0,0.0029827266708259345
100035996|F|0-47:A>G-47:A>G,100030290|F|0-11:A>C-11:A>C,12678333.0,16971407.0,0.003881806176977
100035996|F|0-47:A>G-47:A>G,100017336|F|0-39:A>G-39:A>G,12678333.0,16987827.0,0.0011911053331448694
100035996|F|0-47:A>G-47:A>G,100029568|F|0-9:T>G-9:T>G,12678333.0,16988131.0,0.0023967886293303924
100035996|F|0-47:A>G-47:A>G,100034247|F|0-37:G>C-37:G>C,12678333.0,16999534.0,0.010012057673568546
100035996|F|0-47:A>G-47:A>G,100012983|F|0-45:A>T-45:A>T,12678333.0,17017248.0,0.009164786942464205
100035996|F|0-47:A>G-47:A>G,100020033|F|0-7:G>A-7:G>A,12678333.0,17020316.0,0.03242251102756153
100035996|F|0-47:A>G-47:A>G,100018782|F|0-63:C>T-63:C>T,12678333.0,17424649.0,0.0336707831675119
100035996|F|0-47:A>G-47:A>G,100019630|F|0-24:A>T-24:A>T,12678333.0,17521232.0,0.009759802073183542
100035996|F|0-47:A>G-47:A>G,100021757|F|0-47:G>A-47:G>A,12678333.0,17521694.0,0.02263250086601871
100035996|F|0-47:A>G-47:A>G,100038944|F|0-45:C>T-45:C>T,12678333.0,17607936.0,0.006063355004357949
100035996|F|0-47:A>G-47:A>G,100047378|F|0-35:C>T-35:C>T,12678333.0,17706505.0,0.0061086223953798575
100035996|F|0-47:A>G-47:A>G,100029543|F|0-46:T>C-46:T>C,12678333.0,18278899.0,0.1325493497915017
100035996|F|0-47:A>G-47:A>G,100021798|F|0-27:T>C-27:T>C,12678333.0,18732658.0,0.0011862224298151043
100035996|F|0-47:A>G-47:A>G,100017716|F|0-8:C>T-8:C>T,12678333.0,18851585.0,0.0066609431895556384
100041089|F|0-45:A>G-45:A>G,100015053|F|0-21:C>T-21:C>T,12678338.0,12815706.0,0.021140948731314207
100041089|F|0-45:A>G-45:A>G,100016297|F|0-36:A>G-36:A>G,12678338.0,12845233.0,0.0918184105778469
100041089|F|0-45:A>G-45:A>G,100016238|F|0-41:C>A-41:C>A,12678338.0,12849798.0,0.05606354455324371
100041089|F|0-45:A>G-45:A>G,100016677|F|0-45:G>A-45:G>A,12678338.0,13416059.0,0.014595224324133882
100041089|F|0-45:A>G-45:A>G,100035421|F|0-6:T>A-6:T>A,12678338.0,13420106.0,3.2427272114102613e-06
100041089|F|0-45:A>G-45:A>G,100015018|F|0-5:T>A-5:T>A,12678338.0,13421247.0,0.00010709679416623544
100041089|F|0-45:A>G-45:A>G,100020103|F|0-18:T>C-18:T>C,12678338.0,13646039.0,0.0026516252353915464
100041089|F|0-45:A>G-45:A>G,100014062|F|0-62:G>A-62:G>A,12678338.0,13646044.0,0.005467682795312386
100041089|F|0-45:A>G-45:A>G,100039121|F|0-17:A>G-17:A>G,12678338.0,13667695.0,0.003287624600224033
100041089|F|0-45:A>G-45:A>G,100018973|F|0-53:T>G-53:T>G,12678338.0,13667871.0,0.001437917894888201
100041089|F|0-45:A>G-45:A>G,100022289|F|0-10:A>G-10:A>G,12678338.0,13667876.0,0.0020032730020553137
100041089|F|0-45:A>G-45:A>G,100015169|F|0-21:A>G-21:A>G,12678338.0,13718785.0,0.015190939689542299
100041089|F|0-45:A>G-45:A>G,100020673|F|0-43:T>A-43:T>A,12678338.0,13731316.0,0.00025706491821605965
100041089|F|0-45:A>G-45:A>G,100015679|F|0-19:G>A-19:G>A,12678338.0,14080553.0,0.015545912479454837
100041089|F|0-45:A>G-45:A>G,100016059|F|0-15:A>T-15:A>T,12678338.0,14090473.0,0.013354406490288151
100041089|F|0-45:A>G-45:A>G,100019698|F|0-15:C>A-15:C>A,12678338.0,14160112.0,0.0016741152070229256
100041089|F|0-45:A>G-45:A>G,100036115|F|0-39:C>T-39:C>T,12678338.0,14240591.0,6.410153380667411e-07
100041089|F|0-45:A>G-45:A>G,100035750|F|0-64:T>C-64:T>C,12678338.0,14346419.0,0.0011042093240768178
100041089|F|0-45:A>G-45:A>G,100021715|F|0-7:C>A-7:C>A,12678338.0,14348921.0,0.00025439170194650236
100041089|F|0-45:A>G-45:A>G,100040569|F|0-37:C>T-37:C>T,12678338.0,14351912.0,2.2190090970499593e-07
100041089|F|0-45:A>G-45:A>G,100015147|F|0-16:C>G-16:C>G,12678338.0,14409032.0,0.03736977830564244
100041089|F|0-45:A>G-45:A>G,100030246|F|0-11:C>A-11:C>A,12678338.0,14458674.0,0.01724205291493793
100041089|F|0-45:A>G-45:A>G,100035083|F|0-24:G>C-24:G>C,12678338.0,14490822.0,0.009936563722053524
100041089|F|0-45:A>G-45:A>G,100013053|F|0-56:A>T-56:A>T,12678338.0,14502847.0,0.03452556893583507
100041089|F|0-45:A>G-45:A>G,100044112|F|0-18:T>G-18:T>G,12678338.0,14593733.0,0.00948626388988745
100041089|F|0-45:A>G-45:A>G,100041853|F|0-21:T>C-21:T>C,12678338.0,14595838.0,0.0020960518734090385
100041089|F|0-45:A>G-45:A>G,100033723|F|0-20:T>C-20:T>C,12678338.0,14595843.0,0.0031452024073083925
100041089|F|0-45:A>G-45:A>G,100017564|F|0-8:A>T-8:A>T,12678338.0,14625545.0,0.06626254104919388
100041089|F|0-45:A>G-45:A>G,100057963|F|0-26:C>T-26:C>T,12678338.0,14656009.0,0.06153339963732505
100041089|F|0-45:A>G-45:A>G,100019295|F|0-19:G>T-19:G>T,12678338.0,14656014.0,0.0437358324018237
100041089|F|0-45:A>G-45:A>G,100035362|F|0-6:C>A-6:C>A,12678338.0,14658473.0,0.031005527374835945
100041089|F|0-45:A>G-45:A>G,100014679|F|0-16:C>A-16:C>A,12678338.0,14859822.0,6.378752393350108e-05
100041089|F|0-45:A>G-45:A>G,100021838|F|0-57:A>G-57:A>G,12678338.0,14928961.0,0.029220064346825815
100041089|F|0-45:A>G-45:A>G,100046294|F|0-6:C>G-6:C>G,12678338.0,15124860.0,0.022895986424073568
100041089|F|0-45:A>G-45:A>G,100045141|F|0-49:C>T-49:C>T,12678338.0,15225158.0,0.009794569519739638
100041089|F|0-45:A>G-45:A>G,100043254|F|0-7:C>G-7:C>G,12678338.0,15229542.0,0.014110007733192617
100041089|F|0-45:A>G-45:A>G,100013673|F|0-63:C>A-63:C>A,12678338.0,15256237.0,0.00302187575976457
100041089|F|0-45:A>G-45:A>G,100016806|F|0-26:T>A-26:T>A,12678338.0,15351778.0,0.0011601261075455261
100041089|F|0-45:A>G-45:A>G,100033542|F|0-31:T>C-31:T>C,12678338.0,15394673.0,0.017597788112356887
100041089|F|0-45:A>G-45:A>G,100029793|F|0-30:G>A-30:G>A,12678338.0,15400977.0,0.008413834887128732
100041089|F|0-45:A>G-45:A>G,100021703|F|0-41:T>C-41:T>C,12678338.0,15431799.0,0.022488661368570553
100041089|F|0-45:A>G-45:A>G,100017056|F|0-15:G>A-15:G>A,12678338.0,15535069.0,0.024988281348554527
100041089|F|0-45:A>G-45:A>G,100021184|F|0-17:T>G-17:T>G,12678338.0,15536283.0,0.024988281348554527
100041089|F|0-45:A>G-45:A>G,100044126|F|0-46:C>T-46:C>T,12678338.0,15556197.0,0.045784377298594706
100041089|F|0-45:A>G-45:A>G,100017834|F|0-8:C>T-8:C>T,12678338.0,15619447.0,0.003039089299045103
100041089|F|0-45:A>G-45:A>G,100020292|F|0-58:T>C-58:T>C,12678338.0,15819325.0,0.039014746084289724
100041089|F|0-45:A>G-45:A>G,100015600|F|0-30:C>A-30:C>A,12678338.0,15832699.0,0.035446232983270945
100041089|F|0-45:A>G-45:A>G,100049389|F|0-23:C>A-23:C>A,12678338.0,15838578.0,0.04160627346430405
100041089|F|0-45:A>G-45:A>G,100038568|F|0-15:C>T-15:C>T,12678338.0,15839422.0,0.035446232983270945
100041089|F|0-45:A>G-45:A>G,100018705|F|0-34:T>C-34:T>C,12678338.0,15915251.0,0.0010337827565369525
100041089|F|0-45:A>G-45:A>G,100019856|F|0-16:C>T-16:C>T,12678338.0,15948596.0,0.0030594548015337136
100041089|F|0-45:A>G-45:A>G,100034716|F|0-53:A>G-53:A>G,12678338.0,15958067.0,0.0004183812842929425
100041089|F|0-45:A>G-45:A>G,100021071|F|0-60:A>G-60:A>G,12678338.0,15967627.0,0.00013158209356290917
100041089|F|0-45:A>G-45:A>G,100020211|F|0-33:C>A-33:C>A,12678338.0,15977146.0,0.0015297015025432686
100041089|F|0-45:A>G-45:A>G,100013484|F|0-22:G>A-22:G>A,12678338.0,16177456.0,0.008622707964857819
100041089|F|0-45:A>G-45:A>G,100021316|F|0-63:C>A-63:C>A,12678338.0,16179198.0,0.008214439971306968
100041089|F|0-45:A>G-45:A>G,100017187|F|0-41:T>C-41:T>C,12678338.0,16245982.0,0.006843309637644708
100041089|F|0-45:A>G-45:A>G,100029840|F|0-31:T>C-31:T>C,12678338.0,16252498.0,0.03342381608040398
100041089|F|0-45:A>G-45:A>G,100013453|F|0-6:G>A-6:G>A,12678338.0,16307679.0,0.043908842911918405
100041089|F|0-45:A>G-45:A>G,100016783|F|0-52:G>T-52:G>T,12678338.0,16317524.0,0.0384596457022102
100041089|F|0-45:A>G-45:A>G,100014400|F|0-16:A>T-16:A>T,12678338.0,16381041.0,0.13282065786844707
100041089|F|0-45:A>G-45:A>G,100016625|F|0-16:T>C-16:T>C,12678338.0,16411184.0,0.11289382411189484
100041089|F|0-45:A>G-45:A>G,100015226|F|0-25:T>A-25:T>A,12678338.0,16581877.0,0.0009216886506478143
100041089|F|0-45:A>G-45:A>G,100017539|F|0-11:A>T-11:A>T,12678338.0,16662610.0,0.017897639773164047
100041089|F|0-45:A>G-45:A>G,100033601|F|0-15:C>A-15:C>A,12678338.0,16769146.0,0.002954157569357581
100041089|F|0-45:A>G-45:A>G,100039949|F|0-62:A>T-62:A>T,12678338.0,16793350.0,2.7083389842945504e-35
100041089|F|0-45:A>G-45:A>G,100035334|F|0-35:T>C-35:T>C,12678338.0,16832622.0,0.004314202648178724
100041089|F|0-45:A>G-45:A>G,100021345|F|0-28:C>T-28:C>T,12678338.0,16899147.0,0.004010985196883191
100041089|F|0-45:A>G-45:A>G,100022139|F|0-65:T>C-65:T>C,12678338.0,16965771.0,0.003881806176977
100041089|F|0-45:A>G-45:A>G,100044804|F|0-53:G>C-53:G>C,12678338.0,16968917.0,0.0029827266708259345
100041089|F|0-45:A>G-45:A>G,100030290|F|0-11:A>C-11:A>C,12678338.0,16971407.0,0.003881806176977
100041089|F|0-45:A>G-45:A>G,100017336|F|0-39:A>G-39:A>G,12678338.0,16987827.0,0.0011911053331448694
100041089|F|0-45:A>G-45:A>G,100029568|F|0-9:T>G-9:T>G,12678338.0,16988131.0,0.0023967886293303924
100041089|F|0-45:A>G-45:A>G,100034247|F|0-37:G>C-37:G>C,12678338.0,16999534.0,0.010012057673568546
100041089|F|0-45:A>G-45:A>G,100012983|F|0-45:A>T-45:A>T,12678338.0,17017248.0,0.009164786942464205
100041089|F|0-45:A>G-45:A>G,100020033|F|0-7:G>A-7:G>A,12678338.0,17020316.0,0.03242251102756153
100041089|F|0-45:A>G-45:A>G,100018782|F|0-63:C>T-63:C>T,12678338.0,17424649.0,0.0336707831675119
100041089|F|0-45:A>G-45:A>G,100019630|F|0-24:A>T-24:A>T,12678338.0,17521232.0,0.009759802073183542
100041089|F|0-45:A>G-45:A>G,100021757|F|0-47:G>A-47:G>A,12678338.0,17521694.0,0.02263250086601871
100041089|F|0-45:A>G-45:A>G,100038944|F|0-45:C>T-45:C>T,12678338.0,17607936.0,0.006063355004357949
100041089|F|0-45:A>G-45:A>G,100047378|F|0-35:C>T-35:C>T,12678338.0,17706505.0,0.0061086223953798575
100041089|F|0-45:A>G-45:A>G,100029543|F|0-46:T>C-46:T>C,12678338.0,18278899.0,0.1325493497915017
100041089|F|0-45:A>G-45:A>G,100021798|F|0-27:T>C-27:T>C,12678338.0,18732658.0,0.0011862224298151043
100041089|F|0-45:A>G-45:A>G,100017716|F|0-8:C>T-8:C>T,12678338.0,18851585.0,0.0066609431895556384
100015053|F|0-21:C>T-21:C>T,100016297|F|0-36:A>G-36:A>G,12815706.0,12845233.0,0.3428782095766828
100015053|F|0-21:C>T-21:C>T,100016238|F|0-41:C>A-41:C>A,12815706.0,12849798.0,0.33079820785395936
100015053|F|0-21:C>T-21:C>T,100016677|F|0-45:G>A-45:G>A,12815706.0,13416059.0,0.1621261398753467
100015053|F|0-21:C>T-21:C>T,100035421|F|0-6:T>A-6:T>A,12815706.0,13420106.0,0.03507806469545178
100015053|F|0-21:C>T-21:C>T,100015018|F|0-5:T>A-5:T>A,12815706.0,13421247.0,0.04248460652278129
100015053|F|0-21:C>T-21:C>T,100020103|F|0-18:T>C-18:T>C,12815706.0,13646039.0,0.037292256189946825
100015053|F|0-21:C>T-21:C>T,100014062|F|0-62:G>A-62:G>A,12815706.0,13646044.0,0.023320726698995358
100015053|F|0-21:C>T-21:C>T,100039121|F|0-17:A>G-17:A>G,12815706.0,13667695.0,0.027720771368282594
100015053|F|0-21:C>T-21:C>T,100018973|F|0-53:T>G-53:T>G,12815706.0,13667871.0,0.03382563400542938
100015053|F|0-21:C>T-21:C>T,100022289|F|0-10:A>G-10:A>G,12815706.0,13667876.0,0.016792818902425056
100015053|F|0-21:C>T-21:C>T,100015169|F|0-21:A>G-21:A>G,12815706.0,13718785.0,0.001835023076509156
100015053|F|0-21:C>T-21:C>T,100020673|F|0-43:T>A-43:T>A,12815706.0,13731316.0,0.009571123762486354
100015053|F|0-21:C>T-21:C>T,100015679|F|0-19:G>A-19:G>A,12815706.0,14080553.0,0.04600966919483979
100015053|F|0-21:C>T-21:C>T,100016059|F|0-15:A>T-15:A>T,12815706.0,14090473.0,0.026152792797330602
100015053|F|0-21:C>T-21:C>T,100019698|F|0-15:C>A-15:C>A,12815706.0,14160112.0,0.004132135362711508
100015053|F|0-21:C>T-21:C>T,100036115|F|0-39:C>T-39:C>T,12815706.0,14240591.0,0.00828039398561759
100015053|F|0-21:C>T-21:C>T,100035750|F|0-64:T>C-64:T>C,12815706.0,14346419.0,0.04418922516822001
100015053|F|0-21:C>T-21:C>T,100021715|F|0-7:C>A-7:C>A,12815706.0,14348921.0,0.033193863558833414
100015053|F|0-21:C>T-21:C>T,100040569|F|0-37:C>T-37:C>T,12815706.0,14351912.0,0.03789094244402566
100015053|F|0-21:C>T-21:C>T,100015147|F|0-16:C>G-16:C>G,12815706.0,14409032.0,0.01682182064910218
100015053|F|0-21:C>T-21:C>T,100030246|F|0-11:C>A-11:C>A,12815706.0,14458674.0,0.0034326508787841698
100015053|F|0-21:C>T-21:C>T,100035083|F|0-24:G>C-24:G>C,12815706.0,14490822.0,0.043132599007220405
100015053|F|0-21:C>T-21:C>T,100013053|F|0-56:A>T-56:A>T,12815706.0,14502847.0,0.03646741905724323
100015053|F|0-21:C>T-21:C>T,100044112|F|0-18:T>G-18:T>G,12815706.0,14593733.0,0.002747679116040351
100015053|F|0-21:C>T-21:C>T,100041853|F|0-21:T>C-21:T>C,12815706.0,14595838.0,0.007176655951345082
100015053|F|0-21:C>T-21:C>T,100033723|F|0-20:T>C-20:T>C,12815706.0,14595843.0,0.021256620630461076
100015053|F|0-21:C>T-21:C>T,100017564|F|0-8:A>T-8:A>T,12815706.0,14625545.0,0.0008014507672731413
100015053|F|0-21:C>T-21:C>T,100057963|F|0-26:C>T-26:C>T,12815706.0,14656009.0,0.12112260596404627
100015053|F|0-21:C>T-21:C>T,100019295|F|0-19:G>T-19:G>T,12815706.0,14656014.0,0.0949671135119034
100015053|F|0-21:C>T-21:C>T,100035362|F|0-6:C>A-6:C>A,12815706.0,14658473.0,0.06099280457860149
100015053|F|0-21:C>T-21:C>T,100014679|F|0-16:C>A-16:C>A,12815706.0,14859822.0,0.013188602078632108
100015053|F|0-21:C>T-21:C>T,100021838|F|0-57:A>G-57:A>G,12815706.0,14928961.0,0.006822229054038393
100015053|F|0-21:C>T-21:C>T,100046294|F|0-6:C>G-6:C>G,12815706.0,15124860.0,0.12463462200541016
100015053|F|0-21:C>T-21:C>T,100045141|F|0-49:C>T-49:C>T,12815706.0,15225158.0,0.012409852494662296
100015053|F|0-21:C>T-21:C>T,100043254|F|0-7:C>G-7:C>G,12815706.0,15229542.0,0.020535816857275273
100015053|F|0-21:C>T-21:C>T,100013673|F|0-63:C>A-63:C>A,12815706.0,15256237.0,0.004620261941855625
100015053|F|0-21:C>T-21:C>T,100016806|F|0-26:T>A-26:T>A,12815706.0,15351778.0,0.0008327538506451455
100015053|F|0-21:C>T-21:C>T,100033542|F|0-31:T>C-31:T>C,12815706.0,15394673.0,0.08622004977635697
100015053|F|0-21:C>T-21:C>T,100029793|F|0-30:G>A-30:G>A,12815706.0,15400977.0,0.1087764416970732
100015053|F|0-21:C>T-21:C>T,100021703|F|0-41:T>C-41:T>C,12815706.0,15431799.0,0.0018060916308593586
100015053|F|0-21:C>T-21:C>T,100017056|F|0-15:G>A-15:G>A,12815706.0,15535069.0,0.023963195033389756
100015053|F|0-21:C>T-21:C>T,100021184|F|0-17:T>G-17:T>G,12815706.0,15536283.0,0.023963195033389756
100015053|F|0-21:C>T-21:C>T,100044126|F|0-46:C>T-46:C>T,12815706.0,15556197.0,0.043084911170525146
100015053|F|0-21:C>T-21:C>T,100017834|F|0-8:C>T-8:C>T,12815706.0,15619447.0,0.005323273511211402
100015053|F|0-21:C>T-21:C>T,100020292|F|0-58:T>C-58:T>C,12815706.0,15819325.0,0.005611840122599659
100015053|F|0-21:C>T-21:C>T,100015600|F|0-30:C>A-30:C>A,12815706.0,15832699.0,0.0024208774279115557
100015053|F|0-21:C>T-21:C>T,100049389|F|0-23:C>A-23:C>A,12815706.0,15838578.0,0.0042001413105570585
100015053|F|0-21:C>T-21:C>T,100038568|F|0-15:C>T-15:C>T,12815706.0,15839422.0,0.0024208774279115557
100015053|F|0-21:C>T-21:C>T,100018705|F|0-34:T>C-34:T>C,12815706.0,15915251.0,0.08821120731916289
100015053|F|0-21:C>T-21:C>T,100019856|F|0-16:C>T-16:C>T,12815706.0,15948596.0,0.02153982190242612
100015053|F|0-21:C>T-21:C>T,100034716|F|0-53:A>G-53:A>G,12815706.0,15958067.0,0.0685740669166165
100015053|F|0-21:C>T-21:C>T,100021071|F|0-60:A>G-60:A>G,12815706.0,15967627.0,0.08386786330828971
100015053|F|0-21:C>T-21:C>T,100020211|F|0-33:C>A-33:C>A,12815706.0,15977146.0,0.08614011386237723
100015053|F|0-21:C>T-21:C>T,100013484|F|0-22:G>A-22:G>A,12815706.0,16177456.0,0.011554978933735202
100015053|F|0-21:C>T-21:C>T,100021316|F|0-63:C>A-63:C>A,12815706.0,16179198.0,0.00879369952630867
100015053|F|0-21:C>T-21:C>T,100017187|F|0-41:T>C-41:T>C,12815706.0,16245982.0,0.001320194494071788
100015053|F|0-21:C>T-21:C>T,100029840|F|0-31:T>C-31:T>C,12815706.0,16252498.0,0.0006294444774165721
100015053|F|0-21:C>T-21:C>T,100013453|F|0-6:G>A-6:G>A,12815706.0,16307679.0,0.0159394362655853
100015053|F|0-21:C>T-21:C>T,100016783|F|0-52:G>T-52:G>T,12815706.0,16317524.0,0.014957882013855579
100015053|F|0-21:C>T-21:C>T,100014400|F|0-16:A>T-16:A>T,12815706.0,16381041.0,0.015054575157459142
100015053|F|0-21:C>T-21:C>T,100016625|F|0-16:T>C-16:T>C,12815706.0,16411184.0,0.002377949823523708
100015053|F|0-21:C>T-21:C>T,100015226|F|0-25:T>A-25:T>A,12815706.0,16581877.0,0.00333094654438106
100015053|F|0-21:C>T-21:C>T,100017539|F|0-11:A>T-11:A>T,12815706.0,16662610.0,0.00588406279083557
100015053|F|0-21:C>T-21:C>T,100033601|F|0-15:C>A-15:C>A,12815706.0,16769146.0,0.055399962105289045
100015053|F|0-21:C>T-21:C>T,100039949|F|0-62:A>T-62:A>T,12815706.0,16793350.0,0.051681206833878675
100015053|F|0-21:C>T-21:C>T,100035334|F|0-35:T>C-35:T>C,12815706.0,16832622.0,0.005844022833075962
100015053|F|0-21:C>T-21:C>T,100021345|F|0-28:C>T-28:C>T,12815706.0,16899147.0,0.0300036477653383
100015053|F|0-21:C>T-21:C>T,100022139|F|0-65:T>C-65:T>C,12815706.0,16965771.0,0.12363338663445274
100015053|F|0-21:C>T-21:C>T,100044804|F|0-53:G>C-53:G>C,12815706.0,16968917.0,0.006152487668656435
100015053|F|0-21:C>T-21:C>T,100030290|F|0-11:A>C-11:A>C,12815706.0,16971407.0,0.12363338663445274
100015053|F|0-21:C>T-21:C>T,100017336|F|0-39:A>G-39:A>G,12815706.0,16987827.0,0.009292948119902538
100015053|F|0-21:C>T-21:C>T,100029568|F|0-9:T>G-9:T>G,12815706.0,16988131.0,0.14817224139691054
100015053|F|0-21:C>T-21:C>T,100034247|F|0-37:G>C-37:G>C,12815706.0,16999534.0,0.1022225159035653
100015053|F|0-21:C>T-21:C>T,100012983|F|0-45:A>T-45:A>T,12815706.0,17017248.0,0.009670691252747323
100015053|F|0-21:C>T-21:C>T,100020033|F|0-7:G>A-7:G>A,12815706.0,17020316.0,0.21094685150331013
100015053|F|0-21:C>T-21:C>T,100018782|F|0-63:C>T-63:C>T,12815706.0,17424649.0,0.015567087888583872
100015053|F|0-21:C>T-21:C>T,100019630|F|0-24:A>T-24:A>T,12815706.0,17521232.0,0.0014283877017593322
100015053|F|0-21:C>T-21:C>T,100021757|F|0-47:G>A-47:G>A,12815706.0,17521694.0,0.0004432184674185636
100015053|F|0-21:C>T-21:C>T,100038944|F|0-45:C>T-45:C>T,12815706.0,17607936.0,0.009987450784181175
100015053|F|0-21:C>T-21:C>T,100047378|F|0-35:C>T-35:C>T,12815706.0,17706505.0,0.01889428382545201
100015053|F|0-21:C>T-21:C>T,100029543|F|0-46:T>C-46:T>C,12815706.0,18278899.0,0.01399705973093923
100015053|F|0-21:C>T-21:C>T,100021798|F|0-27:T>C-27:T>C,12815706.0,18732658.0,0.0056253294021700794
100015053|F|0-21:C>T-21:C>T,100017716|F|0-8:C>T-8:C>T,12815706.0,18851585.0,3.267443082479054e-05
100016297|F|0-36:A>G-36:A>G,100016238|F|0-41:C>A-41:C>A,12845233.0,12849798.0,0.7505028573576958
100016297|F|0-36:A>G-36:A>G,100016677|F|0-45:G>A-45:G>A,12845233.0,13416059.0,0.06214867222329908
100016297|F|0-36:A>G-36:A>G,100035421|F|0-6:T>A-6:T>A,12845233.0,13420106.0,0.001112933458294284
100016297|F|0-36:A>G-36:A>G,100015018|F|0-5:T>A-5:T>A,12845233.0,13421247.0,0.003589511070807829
100016297|F|0-36:A>G-36:A>G,100020103|F|0-18:T>C-18:T>C,12845233.0,13646039.0,0.0012670721297481872
100016297|F|0-36:A>G-36:A>G,100014062|F|0-62:G>A-62:G>A,12845233.0,13646044.0,0.0012337662337662352
100016297|F|0-36:A>G-36:A>G,100039121|F|0-17:A>G-17:A>G,12845233.0,13667695.0,0.0010882514662756597
100016297|F|0-36:A>G-36:A>G,100018973|F|0-53:T>G-53:T>G,12845233.0,13667871.0,0.0012337662337662352
100016297|F|0-36:A>G-36:A>G,100022289|F|0-10:A>G-10:A>G,12845233.0,13667876.0,0.001065691465494031
100016297|F|0-36:A>G-36:A>G,100015169|F|0-21:A>G-21:A>G,12845233.0,13718785.0,0.022889610389610415
100016297|F|0-36:A>G-36:A>G,100020673|F|0-43:T>A-43:T>A,12845233.0,13731316.0,0.05063534026948665
100016297|F|0-36:A>G-36:A>G,100015679|F|0-19:G>A-19:G>A,12845233.0,14080553.0,0.014676599835210101
100016297|F|0-36:A>G-36:A>G,100016059|F|0-15:A>T-15:A>T,12845233.0,14090473.0,0.0017081415420023025
100016297|F|0-36:A>G-36:A>G,100019698|F|0-15:C>A-15:C>A,12845233.0,14160112.0,0.0026954942685279756
100016297|F|0-36:A>G-36:A>G,100036115|F|0-39:C>T-39:C>T,12845233.0,14240591.0,0.01930900997750004
100016297|F|0-36:A>G-36:A>G,100035750|F|0-64:T>C-64:T>C,12845233.0,14346419.0,0.061617891241178946
100016297|F|0-36:A>G-36:A>G,100021715|F|0-7:C>A-7:C>A,12845233.0,14348921.0,0.03519659148798219
100016297|F|0-36:A>G-36:A>G,100040569|F|0-37:C>T-37:C>T,12845233.0,14351912.0,0.0076158409491742796
100016297|F|0-36:A>G-36:A>G,100015147|F|0-16:C>G-16:C>G,12845233.0,14409032.0,0.021442126985296833
100016297|F|0-36:A>G-36:A>G,100030246|F|0-11:C>A-11:C>A,12845233.0,14458674.0,0.008821617606091554
100016297|F|0-36:A>G-36:A>G,100035083|F|0-24:G>C-24:G>C,12845233.0,14490822.0,0.0034008721347652273
100016297|F|0-36:A>G-36:A>G,100013053|F|0-56:A>T-56:A>T,12845233.0,14502847.0,0.009955462405030143
100016297|F|0-36:A>G-36:A>G,100044112|F|0-18:T>G-18:T>G,12845233.0,14593733.0,0.00036075036075036124
100016297|F|0-36:A>G-36:A>G,100041853|F|0-21:T>C-21:T>C,12845233.0,14595838.0,0.0008069828722002647
100016297|F|0-36:A>G-36:A>G,100033723|F|0-20:T>C-20:T>C,12845233.0,14595843.0,0.008265393861362965
100016297|F|0-36:A>G-36:A>G,100017564|F|0-8:A>T-8:A>T,12845233.0,14625545.0,0.0015533028122956183
100016297|F|0-36:A>G-36:A>G,100057963|F|0-26:C>T-26:C>T,12845233.0,14656009.0,0.041982323232323225
100016297|F|0-36:A>G-36:A>G,100019295|F|0-19:G>T-19:G>T,12845233.0,14656014.0,0.027332591212283493
100016297|F|0-36:A>G-36:A>G,100035362|F|0-6:C>A-6:C>A,12845233.0,14658473.0,0.027700382297673815
100016297|F|0-36:A>G-36:A>G,100014679|F|0-16:C>A-16:C>A,12845233.0,14859822.0,0.018092940578974093
100016297|F|0-36:A>G-36:A>G,100021838|F|0-57:A>G-57:A>G,12845233.0,14928961.0,0.012682629870129861
100016297|F|0-36:A>G-36:A>G,100046294|F|0-6:C>G-6:C>G,12845233.0,15124860.0,0.06666333511384785
100016297|F|0-36:A>G-36:A>G,100045141|F|0-49:C>T-49:C>T,12845233.0,15225158.0,0.010148488409357974
100016297|F|0-36:A>G-36:A>G,100043254|F|0-7:C>G-7:C>G,12845233.0,15229542.0,0.0027716186252771647
100016297|F|0-36:A>G-36:A>G,100013673|F|0-63:C>A-63:C>A,12845233.0,15256237.0,9.750020343460382e-34
100016297|F|0-36:A>G-36:A>G,100016806|F|0-26:T>A-26:T>A,12845233.0,15351778.0,0.010358112037216517
100016297|F|0-36:A>G-36:A>G,100033542|F|0-31:T>C-31:T>C,12845233.0,15394673.0,0.09556142336225323
100016297|F|0-36:A>G-36:A>G,100029793|F|0-30:G>A-30:G>A,12845233.0,15400977.0,0.07824565015958
100016297|F|0-36:A>G-36:A>G,100021703|F|0-41:T>C-41:T>C,12845233.0,15431799.0,0.08667883211678831
100016297|F|0-36:A>G-36:A>G,100017056|F|0-15:G>A-15:G>A,12845233.0,15535069.0,1.0863448592559252e-33
100016297|F|0-36:A>G-36:A>G,100021184|F|0-17:T>G-17:T>G,12845233.0,15536283.0,1.0863448592559252e-33
100016297|F|0-36:A>G-36:A>G,100044126|F|0-46:C>T-46:C>T,12845233.0,15556197.0,0.018684440559440563
100016297|F|0-36:A>G-36:A>G,100017834|F|0-8:C>T-8:C>T,12845233.0,15619447.0,0.014545332125456027
100016297|F|0-36:A>G-36:A>G,100020292|F|0-58:T>C-58:T>C,12845233.0,15819325.0,2.4375050858650954e-34
100016297|F|0-36:A>G-36:A>G,100015600|F|0-30:C>A-30:C>A,12845233.0,15832699.0,0.0005599302150132013
100016297|F|0-36:A>G-36:A>G,100049389|F|0-23:C>A-23:C>A,12845233.0,15838578.0,1.7333369499485123e-33
100016297|F|0-36:A>G-36:A>G,100038568|F|0-15:C>T-15:C>T,12845233.0,15839422.0,0.0005599302150132013
100016297|F|0-36:A>G-36:A>G,100018705|F|0-34:T>C-34:T>C,12845233.0,15915251.0,0.01979808271198999
100016297|F|0-36:A>G-36:A>G,100019856|F|0-16:C>T-16:C>T,12845233.0,15948596.0,2.7083389842945504e-35
100016297|F|0-36:A>G-36:A>G,100034716|F|0-53:A>G-53:A>G,12845233.0,15958067.0,0.03874980880028554
100016297|F|0-36:A>G-36:A>G,100021071|F|0-60:A>G-60:A>G,12845233.0,15967627.0,0.049458813245577896
100016297|F|0-36:A>G-36:A>G,100020211|F|0-33:C>A-33:C>A,12845233.0,15977146.0,0.03240661777247145
100016297|F|0-36:A>G-36:A>G,100013484|F|0-22:G>A-22:G>A,12845233.0,16177456.0,0.0008166001925457302
100016297|F|0-36:A>G-36:A>G,100021316|F|0-63:C>A-63:C>A,12845233.0,16179198.0,0.0007429769129700301
100016297|F|0-36:A>G-36:A>G,100017187|F|0-41:T>C-41:T>C,12845233.0,16245982.0,0.01079545454545455
100016297|F|0-36:A>G-36:A>G,100029840|F|0-31:T>C-31:T>C,12845233.0,16252498.0,0.002416441979956249
100016297|F|0-36:A>G-36:A>G,100013453|F|0-6:G>A-6:G>A,12845233.0,16307679.0,0.07112130771436774
100016297|F|0-36:A>G-36:A>G,100016783|F|0-52:G>T-52:G>T,12845233.0,16317524.0,0.0686037494868404
100016297|F|0-36:A>G-36:A>G,100014400|F|0-16:A>T-16:A>T,12845233.0,16381041.0,0.049245124084753476
100016297|F|0-36:A>G-36:A>G,100016625|F|0-16:T>C-16:T>C,12845233.0,16411184.0,0.03770329812738937
100016297|F|0-36:A>G-36:A>G,100015226|F|0-25:T>A-25:T>A,12845233.0,16581877.0,0.07173059498640896
100016297|F|0-36:A>G-36:A>G,100017539|F|0-11:A>T-11:A>T,12845233.0,16662610.0,4.81482486096809e-35
100016297|F|0-36:A>G-36:A>G,100033601|F|0-15:C>A-15:C>A,12845233.0,16769146.0,0.0005051686731611854
100016297|F|0-36:A>G-36:A>G,100039949|F|0-62:A>T-62:A>T,12845233.0,16793350.0,4.81482486096809e-35
100016297|F|0-36:A>G-36:A>G,100035334|F|0-35:T>C-35:T>C,12845233.0,16832622.0,0.009048509448556279
100016297|F|0-36:A>G-36:A>G,100021345|F|0-28:C>T-28:C>T,12845233.0,16899147.0,1.0833355937178202e-34
100016297|F|0-36:A>G-36:A>G,100022139|F|0-65:T>C-65:T>C,12845233.0,16965771.0,0.04282232214406554
100016297|F|0-36:A>G-36:A>G,100044804|F|0-53:G>C-53:G>C,12845233.0,16968917.0,0.01447885052215626
100016297|F|0-36:A>G-36:A>G,100030290|F|0-11:A>C-11:A>C,12845233.0,16971407.0,0.04282232214406554
100016297|F|0-36:A>G-36:A>G,100017336|F|0-39:A>G-39:A>G,12845233.0,16987827.0,0.0006437361088523883
100016297|F|0-36:A>G-36:A>G,100029568|F|0-9:T>G-9:T>G,12845233.0,16988131.0,0.03777243275083447
100016297|F|0-36:A>G-36:A>G,100034247|F|0-37:G>C-37:G>C,12845233.0,16999534.0,0.02234800476245344
100016297|F|0-36:A>G-36:A>G,100012983|F|0-45:A>T-45:A>T,12845233.0,17017248.0,0.03883257030739048
100016297|F|0-36:A>G-36:A>G,100020033|F|0-7:G>A-7:G>A,12845233.0,17020316.0,0.13005347593582886
100016297|F|0-36:A>G-36:A>G,100018782|F|0-63:C>T-63:C>T,12845233.0,17424649.0,0.04210578154240123
100016297|F|0-36:A>G-36:A>G,100019630|F|0-24:A>T-24:A>T,12845233.0,17521232.0,0.016426437226802426
100016297|F|0-36:A>G-36:A>G,100021757|F|0-47:G>A-47:G>A,12845233.0,17521694.0,0.006641086186540729
100016297|F|0-36:A>G-36:A>G,100038944|F|0-45:C>T-45:C>T,12845233.0,17607936.0,0.0014260838237060165
100016297|F|0-36:A>G-36:A>G,100047378|F|0-35:C>T-35:C>T,12845233.0,17706505.0,3.009265538105056e-34
100016297|F|0-36:A>G-36:A>G,100029543|F|0-46:T>C-46:T>C,12845233.0,18278899.0,0.02951882102272729
100016297|F|0-36:A>G-36:A>G,100021798|F|0-27:T>C-27:T>C,12845233.0,18732658.0,1.2037062152420224e-35
100016297|F|0-36:A>G-36:A>G,100017716|F|0-8:C>T-8:C>T,12845233.0,18851585.0,0.02286096256684489
100016238|F|0-41:C>A-41:C>A,100016677|F|0-45:G>A-45:G>A,12849798.0,13416059.0,0.06125353675907353
100016238|F|0-41:C>A-41:C>A,100035421|F|0-6:T>A-6:T>A,12849798.0,13420106.0,0.01705422390490562
100016238|F|0-41:C>A-41:C>A,100015018|F|0-5:T>A-5:T>A,12849798.0,13421247.0,0.029311887086804655
100016238|F|0-41:C>A-41:C>A,100020103|F|0-18:T>C-18:T>C,12849798.0,13646039.0,0.0006290846817880003
100016238|F|0-41:C>A-41:C>A,100014062|F|0-62:G>A-62:G>A,12849798.0,13646044.0,0.00066465792272244
100016238|F|0-41:C>A-41:C>A,100039121|F|0-17:A>G-17:A>G,12849798.0,13667695.0,0.0006341050988553586
100016238|F|0-41:C>A-41:C>A,100018973|F|0-53:T>G-53:T>G,12849798.0,13667871.0,0.0006646579227224415
100016238|F|0-41:C>A-41:C>A,100022289|F|0-10:A>G-10:A>G,12849798.0,13667876.0,2.0004621475818514e-05
100016238|F|0-41:C>A-41:C>A,100015169|F|0-21:A>G-21:A>G,12849798.0,13718785.0,0.059734101214883685
100016238|F|0-41:C>A-41:C>A,100020673|F|0-43:T>A-43:T>A,12849798.0,13731316.0,0.09613949164878165
100016238|F|0-41:C>A-41:C>A,100015679|F|0-19:G>A-19:G>A,12849798.0,14080553.0,0.029282052531492096
100016238|F|0-41:C>A-41:C>A,100016059|F|0-15:A>T-15:A>T,12849798.0,14090473.0,0.0032987038142203427
100016238|F|0-41:C>A-41:C>A,100019698|F|0-15:C>A-15:C>A,12849798.0,14160112.0,0.00011933232755994591
100016238|F|0-41:C>A-41:C>A,100036115|F|0-39:C>T-39:C>T,12849798.0,14240591.0,0.007210771198953716
100016238|F|0-41:C>A-41:C>A,100035750|F|0-64:T>C-64:T>C,12849798.0,14346419.0,0.03562801675787753
100016238|F|0-41:C>A-41:C>A,100021715|F|0-7:C>A-7:C>A,12849798.0,14348921.0,0.017963423415907245
100016238|F|0-41:C>A-41:C>A,100040569|F|0-37:C>T-37:C>T,12849798.0,14351912.0,0.02083214807229143
100016238|F|0-41:C>A-41:C>A,100015147|F|0-16:C>G-16:C>G,12849798.0,14409032.0,0.021605456710128725
100016238|F|0-41:C>A-41:C>A,100030246|F|0-11:C>A-11:C>A,12849798.0,14458674.0,0.004259000634499003
100016238|F|0-41:C>A-41:C>A,100035083|F|0-24:G>C-24:G>C,12849798.0,14490822.0,0.0027468426351233777
100016238|F|0-41:C>A-41:C>A,100013053|F|0-56:A>T-56:A>T,12849798.0,14502847.0,0.0005959148842852488
100016238|F|0-41:C>A-41:C>A,100044112|F|0-18:T>G-18:T>G,12849798.0,14593733.0,0.00031181482794385626
100016238|F|0-41:C>A-41:C>A,100041853|F|0-21:T>C-21:T>C,12849798.0,14595838.0,0.0008367031216493659
100016238|F|0-41:C>A-41:C>A,100033723|F|0-20:T>C-20:T>C,12849798.0,14595843.0,0.0074102545261337015
100016238|F|0-41:C>A-41:C>A,100017564|F|0-8:A>T-8:A>T,12849798.0,14625545.0,0.008215511957679507
100016238|F|0-41:C>A-41:C>A,100057963|F|0-26:C>T-26:C>T,12849798.0,14656009.0,0.02712994144445753
100016238|F|0-41:C>A-41:C>A,100019295|F|0-19:G>T-19:G>T,12849798.0,14656014.0,0.016551779017834955
100016238|F|0-41:C>A-41:C>A,100035362|F|0-6:C>A-6:C>A,12849798.0,14658473.0,0.005818870351668734
100016238|F|0-41:C>A-41:C>A,100014679|F|0-16:C>A-16:C>A,12849798.0,14859822.0,0.025021881589506384
100016238|F|0-41:C>A-41:C>A,100021838|F|0-57:A>G-57:A>G,12849798.0,14928961.0,0.016855540293040334
100016238|F|0-41:C>A-41:C>A,100046294|F|0-6:C>G-6:C>G,12849798.0,15124860.0,0.031166140130184882
100016238|F|0-41:C>A-41:C>A,100045141|F|0-49:C>T-49:C>T,12849798.0,15225158.0,0.03573673603477243
100016238|F|0-41:C>A-41:C>A,100043254|F|0-7:C>G-7:C>G,12849798.0,15229542.0,0.02302220137585992
100016238|F|0-41:C>A-41:C>A,100013673|F|0-63:C>A-63:C>A,12849798.0,15256237.0,0.00621858344906289
100016238|F|0-41:C>A-41:C>A,100016806|F|0-26:T>A-26:T>A,12849798.0,15351778.0,0.02603475003571294
100016238|F|0-41:C>A-41:C>A,100033542|F|0-31:T>C-31:T>C,12849798.0,15394673.0,0.09521946397866621
100016238|F|0-41:C>A-41:C>A,100029793|F|0-30:G>A-30:G>A,12849798.0,15400977.0,0.05836230161295002
100016238|F|0-41:C>A-41:C>A,100021703|F|0-41:T>C-41:T>C,12849798.0,15431799.0,0.08256266729895173
100016238|F|0-41:C>A-41:C>A,100017056|F|0-15:G>A-15:G>A,12849798.0,15535069.0,0.0002640704828125047
100016238|F|0-41:C>A-41:C>A,100021184|F|0-17:T>G-17:T>G,12849798.0,15536283.0,0.0002640704828125047
100016238|F|0-41:C>A-41:C>A,100044126|F|0-46:C>T-46:C>T,12849798.0,15556197.0,0.012928874785264362
100016238|F|0-41:C>A-41:C>A,100017834|F|0-8:C>T-8:C>T,12849798.0,15619447.0,0.04750352359993288
100016238|F|0-41:C>A-41:C>A,100020292|F|0-58:T>C-58:T>C,12849798.0,15819325.0,0.002222560926937721
100016238|F|0-41:C>A-41:C>A,100015600|F|0-30:C>A-30:C>A,12849798.0,15832699.0,0.0006607278914366341
100016238|F|0-41:C>A-41:C>A,100049389|F|0-23:C>A-23:C>A,12849798.0,15838578.0,0.002202796700311199
100016238|F|0-41:C>A-41:C>A,100038568|F|0-15:C>T-15:C>T,12849798.0,15839422.0,0.0006607278914366341
100016238|F|0-41:C>A-41:C>A,100018705|F|0-34:T>C-34:T>C,12849798.0,15915251.0,0.03725249834932185
100016238|F|0-41:C>A-41:C>A,100019856|F|0-16:C>T-16:C>T,12849798.0,15948596.0,0.0031277707362645842
100016238|F|0-41:C>A-41:C>A,100034716|F|0-53:A>G-53:A>G,12849798.0,15958067.0,0.05277510649934796
100016238|F|0-41:C>A-41:C>A,100021071|F|0-60:A>G-60:A>G,12849798.0,15967627.0,0.06398303260987542
100016238|F|0-41:C>A-41:C>A,100020211|F|0-33:C>A-33:C>A,12849798.0,15977146.0,0.06115838722092122
100016238|F|0-41:C>A-41:C>A,100013484|F|0-22:G>A-22:G>A,12849798.0,16177456.0,3.832201504350084e-06
100016238|F|0-41:C>A-41:C>A,100021316|F|0-63:C>A-63:C>A,12849798.0,16179198.0,0.0008767263418374445
100016238|F|0-41:C>A-41:C>A,100017187|F|0-41:T>C-41:T>C,12849798.0,16245982.0,0.012227628722084351
100016238|F|0-41:C>A-41:C>A,100029840|F|0-31:T>C-31:T>C,12849798.0,16252498.0,0.0010081079092036389
100016238|F|0-41:C>A-41:C>A,100013453|F|0-6:G>A-6:G>A,12849798.0,16307679.0,0.011875156922787377
100016238|F|0-41:C>A-41:C>A,100016783|F|0-52:G>T-52:G>T,12849798.0,16317524.0,0.01805919361801291
100016238|F|0-41:C>A-41:C>A,100014400|F|0-16:A>T-16:A>T,12849798.0,16381041.0,0.04301428995057856
100016238|F|0-41:C>A-41:C>A,100016625|F|0-16:T>C-16:T>C,12849798.0,16411184.0,0.024280063930122563
100016238|F|0-41:C>A-41:C>A,100015226|F|0-25:T>A-25:T>A,12849798.0,16581877.0,0.04396703571497265
100016238|F|0-41:C>A-41:C>A,100017539|F|0-11:A>T-11:A>T,12849798.0,16662610.0,0.000512215117949882
100016238|F|0-41:C>A-41:C>A,100033601|F|0-15:C>A-15:C>A,12849798.0,16769146.0,4.3543336069790664e-07
100016238|F|0-41:C>A-41:C>A,100039949|F|0-62:A>T-62:A>T,12849798.0,16793350.0,0.0004677222419157894
100016238|F|0-41:C>A-41:C>A,100035334|F|0-35:T>C-35:T>C,12849798.0,16832622.0,0.006489331212792159
100016238|F|0-41:C>A-41:C>A,100021345|F|0-28:C>T-28:C>T,12849798.0,16899147.0,0.0016764432782230372
100016238|F|0-41:C>A-41:C>A,100022139|F|0-65:T>C-65:T>C,12849798.0,16965771.0,0.029014810161140436
100016238|F|0-41:C>A-41:C>A,100044804|F|0-53:G>C-53:G>C,12849798.0,16968917.0,0.018536187584953123
100016238|F|0-41:C>A-41:C>A,100030290|F|0-11:A>C-11:A>C,12849798.0,16971407.0,0.029014810161140436
100016238|F|0-41:C>A-41:C>A,100017336|F|0-39:A>G-39:A>G,12849798.0,16987827.0,4.833555528921684e-05
100016238|F|0-41:C>A-41:C>A,100029568|F|0-9:T>G-9:T>G,12849798.0,16988131.0,0.031513111705405966
100016238|F|0-41:C>A-41:C>A,100034247|F|0-37:G>C-37:G>C,12849798.0,16999534.0,0.018625666255373114
100016238|F|0-41:C>A-41:C>A,100012983|F|0-45:A>T-45:A>T,12849798.0,17017248.0,0.05626640127104253
100016238|F|0-41:C>A-41:C>A,100020033|F|0-7:G>A-7:G>A,12849798.0,17020316.0,0.11464141487860632
100016238|F|0-41:C>A-41:C>A,100018782|F|0-63:C>T-63:C>T,12849798.0,17424649.0,0.04573869058980708
100016238|F|0-41:C>A-41:C>A,100019630|F|0-24:A>T-24:A>T,12849798.0,17521232.0,0.0019052178654008507
100016238|F|0-41:C>A-41:C>A,100021757|F|0-47:G>A-47:G>A,12849798.0,17521694.0,0.0004081939565810514
100016238|F|0-41:C>A-41:C>A,100038944|F|0-45:C>T-45:C>T,12849798.0,17607936.0,0.0002409275217900085
100016238|F|0-41:C>A-41:C>A,100047378|F|0-35:C>T-35:C>T,12849798.0,17706505.0,0.0010426593011224465
100016238|F|0-41:C>A-41:C>A,100029543|F|0-46:T>C-46:T>C,12849798.0,18278899.0,0.015481221567411026
100016238|F|0-41:C>A-41:C>A,100021798|F|0-27:T>C-27:T>C,12849798.0,18732658.0,0.0002315633194890977
100016238|F|0-41:C>A-41:C>A,100017716|F|0-8:C>T-8:C>T,12849798.0,18851585.0,0.011774436821875142
100016677|F|0-45:G>A-45:G>A,100035421|F|0-6:T>A-6:T>A,13416059.0,13420106.0,0.2977793286879307
100016677|F|0-45:G>A-45:G>A,100015018|F|0-5:T>A-5:T>A,13416059.0,13421247.0,0.28005811696770816
100016677|F|0-45:G>A-45:G>A,100020103|F|0-18:T>C-18:T>C,13416059.0,13646039.0,0.018272153651594507
100016677|F|0-45:G>A-45:G>A,100014062|F|0-62:G>A-62:G>A,13416059.0,13646044.0,0.02347446441263072
100016677|F|0-45:G>A-45:G>A,100039121|F|0-17:A>G-17:A>G,13416059.0,13667695.0,0.014959942510947592
100016677|F|0-45:G>A-45:G>A,100018973|F|0-53:T>G-53:T>G,13416059.0,13667871.0,0.012189054726368167
100016677|F|0-45:G>A-45:G>A,100022289|F|0-10:A>G-10:A>G,13416059.0,13667876.0,0.009935514922917485
100016677|F|0-45:G>A-45:G>A,100015169|F|0-21:A>G-21:A>G,13416059.0,13718785.0,0.0012467514792515904
100016677|F|0-45:G>A-45:G>A,100020673|F|0-43:T>A-43:T>A,13416059.0,13731316.0,0.0031366219025483664
100016677|F|0-45:G>A-45:G>A,100015679|F|0-19:G>A-19:G>A,13416059.0,14080553.0,0.0005679414751877219
100016677|F|0-45:G>A-45:G>A,100016059|F|0-15:A>T-15:A>T,13416059.0,14090473.0,0.0170137108310167
100016677|F|0-45:G>A-45:G>A,100019698|F|0-15:C>A-15:C>A,13416059.0,14160112.0,0.11449085941790937
100016677|F|0-45:G>A-45:G>A,100036115|F|0-39:C>T-39:C>T,13416059.0,14240591.0,0.012927305182794276
100016677|F|0-45:G>A-45:G>A,100035750|F|0-64:T>C-64:T>C,13416059.0,14346419.0,0.045390403656862546
100016677|F|0-45:G>A-45:G>A,100021715|F|0-7:C>A-7:C>A,13416059.0,14348921.0,0.034570253310986815
100016677|F|0-45:G>A-45:G>A,100040569|F|0-37:C>T-37:C>T,13416059.0,14351912.0,0.00066309921794404
100016677|F|0-45:G>A-45:G>A,100015147|F|0-16:C>G-16:C>G,13416059.0,14409032.0,0.013070613116593167
100016677|F|0-45:G>A-45:G>A,100030246|F|0-11:C>A-11:C>A,13416059.0,14458674.0,0.002715972886189216
100016677|F|0-45:G>A-45:G>A,100035083|F|0-24:G>C-24:G>C,13416059.0,14490822.0,0.022633276735924187
100016677|F|0-45:G>A-45:G>A,100013053|F|0-56:A>T-56:A>T,13416059.0,14502847.0,0.0033181150648568395
100016677|F|0-45:G>A-45:G>A,100044112|F|0-18:T>G-18:T>G,13416059.0,14593733.0,0.013396735145135973
100016677|F|0-45:G>A-45:G>A,100041853|F|0-21:T>C-21:T>C,13416059.0,14595838.0,0.006795445363474774
100016677|F|0-45:G>A-45:G>A,100033723|F|0-20:T>C-20:T>C,13416059.0,14595843.0,0.0036618503430723374
100016677|F|0-45:G>A-45:G>A,100017564|F|0-8:A>T-8:A>T,13416059.0,14625545.0,0.03789505708865731
100016677|F|0-45:G>A-45:G>A,100057963|F|0-26:C>T-26:C>T,13416059.0,14656009.0,0.15695685405173682
100016677|F|0-45:G>A-45:G>A,100019295|F|0-19:G>T-19:G>T,13416059.0,14656014.0,0.0914740425005933
100016677|F|0-45:G>A-45:G>A,100035362|F|0-6:C>A-6:C>A,13416059.0,14658473.0,0.10789259587410653
100016677|F|0-45:G>A-45:G>A,100014679|F|0-16:C>A-16:C>A,13416059.0,14859822.0,0.018506910115556784
100016677|F|0-45:G>A-45:G>A,100021838|F|0-57:A>G-57:A>G,13416059.0,14928961.0,0.015945464006498124
100016677|F|0-45:G>A-45:G>A,100046294|F|0-6:C>G-6:C>G,13416059.0,15124860.0,0.25060295243402186
100016677|F|0-45:G>A-45:G>A,100045141|F|0-49:C>T-49:C>T,13416059.0,15225158.0,0.13002137207198833
100016677|F|0-45:G>A-45:G>A,100043254|F|0-7:C>G-7:C>G,13416059.0,15229542.0,0.13849740842824193
100016677|F|0-45:G>A-45:G>A,100013673|F|0-63:C>A-63:C>A,13416059.0,15256237.0,0.08405880616064565
100016677|F|0-45:G>A-45:G>A,100016806|F|0-26:T>A-26:T>A,13416059.0,15351778.0,0.007055985682310333
100016677|F|0-45:G>A-45:G>A,100033542|F|0-31:T>C-31:T>C,13416059.0,15394673.0,0.008686069750044491
100016677|F|0-45:G>A-45:G>A,100029793|F|0-30:G>A-30:G>A,13416059.0,15400977.0,0.0007986680414462232
100016677|F|0-45:G>A-45:G>A,100021703|F|0-41:T>C-41:T>C,13416059.0,15431799.0,0.001812909101284745
100016677|F|0-45:G>A-45:G>A,100017056|F|0-15:G>A-15:G>A,13416059.0,15535069.0,0.0016148526121747076
100016677|F|0-45:G>A-45:G>A,100021184|F|0-17:T>G-17:T>G,13416059.0,15536283.0,0.0016148526121747076
100016677|F|0-45:G>A-45:G>A,100044126|F|0-46:C>T-46:C>T,13416059.0,15556197.0,0.000418580176042865
100016677|F|0-45:G>A-45:G>A,100017834|F|0-8:C>T-8:C>T,13416059.0,15619447.0,0.012244623138778816
100016677|F|0-45:G>A-45:G>A,100020292|F|0-58:T>C-58:T>C,13416059.0,15819325.0,0.011289498553880893
100016677|F|0-45:G>A-45:G>A,100015600|F|0-30:C>A-30:C>A,13416059.0,15832699.0,0.00818410909294665
100016677|F|0-45:G>A-45:G>A,100049389|F|0-23:C>A-23:C>A,13416059.0,15838578.0,0.009666843851585272
100016677|F|0-45:G>A-45:G>A,100038568|F|0-15:C>T-15:C>T,13416059.0,15839422.0,0.00818410909294665
100016677|F|0-45:G>A-45:G>A,100018705|F|0-34:T>C-34:T>C,13416059.0,15915251.0,0.024758765665160925
100016677|F|0-45:G>A-45:G>A,100019856|F|0-16:C>T-16:C>T,13416059.0,15948596.0,0.008749929693771613
100016677|F|0-45:G>A-45:G>A,100034716|F|0-53:A>G-53:A>G,13416059.0,15958067.0,0.0617225745321944
100016677|F|0-45:G>A-45:G>A,100021071|F|0-60:A>G-60:A>G,13416059.0,15967627.0,0.0554806164716172
100016677|F|0-45:G>A-45:G>A,100020211|F|0-33:C>A-33:C>A,13416059.0,15977146.0,0.02745885954841177
100016677|F|0-45:G>A-45:G>A,100013484|F|0-22:G>A-22:G>A,13416059.0,16177456.0,7.741710724527331e-05
100016677|F|0-45:G>A-45:G>A,100021316|F|0-63:C>A-63:C>A,13416059.0,16179198.0,0.0014263555881001981
100016677|F|0-45:G>A-45:G>A,100017187|F|0-41:T>C-41:T>C,13416059.0,16245982.0,0.0013437277896233162
100016677|F|0-45:G>A-45:G>A,100029840|F|0-31:T>C-31:T>C,13416059.0,16252498.0,0.036514605006783156
100016677|F|0-45:G>A-45:G>A,100013453|F|0-6:G>A-6:G>A,13416059.0,16307679.0,0.003325476731824464
100016677|F|0-45:G>A-45:G>A,100016783|F|0-52:G>T-52:G>T,13416059.0,16317524.0,0.001874842127093703
100016677|F|0-45:G>A-45:G>A,100014400|F|0-16:A>T-16:A>T,13416059.0,16381041.0,0.045137437747622695
100016677|F|0-45:G>A-45:G>A,100016625|F|0-16:T>C-16:T>C,13416059.0,16411184.0,0.020978626873776933
100016677|F|0-45:G>A-45:G>A,100015226|F|0-25:T>A-25:T>A,13416059.0,16581877.0,0.0036156427166493146
100016677|F|0-45:G>A-45:G>A,100017539|F|0-11:A>T-11:A>T,13416059.0,16662610.0,0.006498121636714408
100016677|F|0-45:G>A-45:G>A,100033601|F|0-15:C>A-15:C>A,13416059.0,16769146.0,0.11655872652247833
100016677|F|0-45:G>A-45:G>A,100039949|F|0-62:A>T-62:A>T,13416059.0,16793350.0,0.11574779165397499
100016677|F|0-45:G>A-45:G>A,100035334|F|0-35:T>C-35:T>C,13416059.0,16832622.0,0.03630802797680157
100016677|F|0-45:G>A-45:G>A,100021345|F|0-28:C>T-28:C>T,13416059.0,16899147.0,0.09168749846824979
100016677|F|0-45:G>A-45:G>A,100022139|F|0-65:T>C-65:T>C,13416059.0,16965771.0,0.14390374975549
100016677|F|0-45:G>A-45:G>A,100044804|F|0-53:G>C-53:G>C,13416059.0,16968917.0,0.010283886605843433
100016677|F|0-45:G>A-45:G>A,100030290|F|0-11:A>C-11:A>C,13416059.0,16971407.0,0.14390374975549
100016677|F|0-45:G>A-45:G>A,100017336|F|0-39:A>G-39:A>G,13416059.0,16987827.0,0.015219180526365571
100016677|F|0-45:G>A-45:G>A,100029568|F|0-9:T>G-9:T>G,13416059.0,16988131.0,0.1703991612440732
100016677|F|0-45:G>A-45:G>A,100034247|F|0-37:G>C-37:G>C,13416059.0,16999534.0,0.15544230984614565
100016677|F|0-45:G>A-45:G>A,100012983|F|0-45:A>T-45:A>T,13416059.0,17017248.0,0.03789505708865731
100016677|F|0-45:G>A-45:G>A,100020033|F|0-7:G>A-7:G>A,13416059.0,17020316.0,0.08030436055018998
100016677|F|0-45:G>A-45:G>A,100018782|F|0-63:C>T-63:C>T,13416059.0,17424649.0,0.0031540178691744736
100016677|F|0-45:G>A-45:G>A,100019630|F|0-24:A>T-24:A>T,13416059.0,17521232.0,0.03675745695485705
100016677|F|0-45:G>A-45:G>A,100021757|F|0-47:G>A-47:G>A,13416059.0,17521694.0,0.04774596405726483
100016677|F|0-45:G>A-45:G>A,100038944|F|0-45:C>T-45:C>T,13416059.0,17607936.0,0.004666467624136357
100016677|F|0-45:G>A-45:G>A,100047378|F|0-35:C>T-35:C>T,13416059.0,17706505.0,0.0004925129918036121
100016677|F|0-45:G>A-45:G>A,100029543|F|0-46:T>C-46:T>C,13416059.0,18278899.0,0.0015245837140826493
100016677|F|0-45:G>A-45:G>A,100021798|F|0-27:T>C-27:T>C,13416059.0,18732658.0,0.020472111574522275
100016677|F|0-45:G>A-45:G>A,100017716|F|0-8:C>T-8:C>T,13416059.0,18851585.0,0.007065512772273091
100035421|F|0-6:T>A-6:T>A,100015018|F|0-5:T>A-5:T>A,13420106.0,13421247.0,0.9268923910155902
100035421|F|0-6:T>A-6:T>A,100020103|F|0-18:T>C-18:T>C,13420106.0,13646039.0,0.004726598422148038
100035421|F|0-6:T>A-6:T>A,100014062|F|0-62:G>A-62:G>A,13420106.0,13646044.0,0.006627393225331377
100035421|F|0-6:T>A-6:T>A,100039121|F|0-17:A>G-17:A>G,13420106.0,13667695.0,0.00795669479547724
100035421|F|0-6:T>A-6:T>A,100018973|F|0-53:T>G-53:T>G,13420106.0,13667871.0,0.006627393225331377
100035421|F|0-6:T>A-6:T>A,100022289|F|0-10:A>G-10:A>G,13420106.0,13667876.0,0.0028050294623502754
100035421|F|0-6:T>A-6:T>A,100015169|F|0-21:A>G-21:A>G,13420106.0,13718785.0,0.0016769550548888222
100035421|F|0-6:T>A-6:T>A,100020673|F|0-43:T>A-43:T>A,13420106.0,13731316.0,0.008812692210982374
100035421|F|0-6:T>A-6:T>A,100015679|F|0-19:G>A-19:G>A,13420106.0,14080553.0,0.0003503908804933499
100035421|F|0-6:T>A-6:T>A,100016059|F|0-15:A>T-15:A>T,13420106.0,14090473.0,0.005393204358606283
100035421|F|0-6:T>A-6:T>A,100019698|F|0-15:C>A-15:C>A,13420106.0,14160112.0,0.06902213084160255
100035421|F|0-6:T>A-6:T>A,100036115|F|0-39:C>T-39:C>T,13420106.0,14240591.0,0.004806238339413642
100035421|F|0-6:T>A-6:T>A,100035750|F|0-64:T>C-64:T>C,13420106.0,14346419.0,0.06215282681353869
100035421|F|0-6:T>A-6:T>A,100021715|F|0-7:C>A-7:C>A,13420106.0,14348921.0,0.0598212550745494
100035421|F|0-6:T>A-6:T>A,100040569|F|0-37:C>T-37:C>T,13420106.0,14351912.0,0.00040909834724267856
100035421|F|0-6:T>A-6:T>A,100015147|F|0-16:C>G-16:C>G,13420106.0,14409032.0,0.04212564615815361
100035421|F|0-6:T>A-6:T>A,100030246|F|0-11:C>A-11:C>A,13420106.0,14458674.0,0.03491162347440571
100035421|F|0-6:T>A-6:T>A,100035083|F|0-24:G>C-24:G>C,13420106.0,14490822.0,0.003095933110104196
100035421|F|0-6:T>A-6:T>A,100013053|F|0-56:A>T-56:A>T,13420106.0,14502847.0,0.08355863216375982
100035421|F|0-6:T>A-6:T>A,100044112|F|0-18:T>G-18:T>G,13420106.0,14593733.0,0.0017488954344624464
100035421|F|0-6:T>A-6:T>A,100041853|F|0-21:T>C-21:T>C,13420106.0,14595838.0,0.003548483490213664
100035421|F|0-6:T>A-6:T>A,100033723|F|0-20:T>C-20:T>C,13420106.0,14595843.0,0.005028338518433049
100035421|F|0-6:T>A-6:T>A,100017564|F|0-8:A>T-8:A>T,13420106.0,14625545.0,0.12260809908773974
100035421|F|0-6:T>A-6:T>A,100057963|F|0-26:C>T-26:C>T,13420106.0,14656009.0,0.00818196694485359
100035421|F|0-6:T>A-6:T>A,100019295|F|0-19:G>T-19:G>T,13420106.0,14656014.0,0.006971637563538923
100035421|F|0-6:T>A-6:T>A,100035362|F|0-6:C>A-6:C>A,13420106.0,14658473.0,0.00016533055088139507
100035421|F|0-6:T>A-6:T>A,100014679|F|0-16:C>A-16:C>A,13420106.0,14859822.0,0.04686990055481969
100035421|F|0-6:T>A-6:T>A,100021838|F|0-57:A>G-57:A>G,13420106.0,14928961.0,0.0010930596465390263
100035421|F|0-6:T>A-6:T>A,100046294|F|0-6:C>G-6:C>G,13420106.0,15124860.0,0.054107062839530706
100035421|F|0-6:T>A-6:T>A,100045141|F|0-49:C>T-49:C>T,13420106.0,15225158.0,0.22909675699904253
100035421|F|0-6:T>A-6:T>A,100043254|F|0-7:C>G-7:C>G,13420106.0,15229542.0,0.21498617048026164
100035421|F|0-6:T>A-6:T>A,100013673|F|0-63:C>A-63:C>A,13420106.0,15256237.0,0.18830715991552646
100035421|F|0-6:T>A-6:T>A,100016806|F|0-26:T>A-26:T>A,13420106.0,15351778.0,0.01717297166597059
100035421|F|0-6:T>A-6:T>A,100033542|F|0-31:T>C-31:T>C,13420106.0,15394673.0,0.0010783391082402917
100035421|F|0-6:T>A-6:T>A,100029793|F|0-30:G>A-30:G>A,13420106.0,15400977.0,0.0014302226477215824
100035421|F|0-6:T>A-6:T>A,100021703|F|0-41:T>C-41:T>C,13420106.0,15431799.0,0.04022893165228938
100035421|F|0-6:T>A-6:T>A,100017056|F|0-15:G>A-15:G>A,13420106.0,15535069.0,0.006664309223947999
100035421|F|0-6:T>A-6:T>A,100021184|F|0-17:T>G-17:T>G,13420106.0,15536283.0,0.006664309223947999
100035421|F|0-6:T>A-6:T>A,100044126|F|0-46:C>T-46:C>T,13420106.0,15556197.0,0.011907712133227645
100035421|F|0-6:T>A-6:T>A,100017834|F|0-8:C>T-8:C>T,13420106.0,15619447.0,0.005319380314174312
100035421|F|0-6:T>A-6:T>A,100020292|F|0-58:T>C-58:T>C,13420106.0,15819325.0,0.08712402325368797
100035421|F|0-6:T>A-6:T>A,100015600|F|0-30:C>A-30:C>A,13420106.0,15832699.0,0.09209105103306685
100035421|F|0-6:T>A-6:T>A,100049389|F|0-23:C>A-23:C>A,13420106.0,15838578.0,0.08457750985905493
100035421|F|0-6:T>A-6:T>A,100038568|F|0-15:C>T-15:C>T,13420106.0,15839422.0,0.09209105103306685
100035421|F|0-6:T>A-6:T>A,100018705|F|0-34:T>C-34:T>C,13420106.0,15915251.0,0.1210014127335077
100035421|F|0-6:T>A-6:T>A,100019856|F|0-16:C>T-16:C>T,13420106.0,15948596.0,0.014101090261811217
100035421|F|0-6:T>A-6:T>A,100034716|F|0-53:A>G-53:A>G,13420106.0,15958067.0,0.042150666951911366
100035421|F|0-6:T>A-6:T>A,100021071|F|0-60:A>G-60:A>G,13420106.0,15967627.0,0.05424324765592202
100035421|F|0-6:T>A-6:T>A,100020211|F|0-33:C>A-33:C>A,13420106.0,15977146.0,0.08529815670876793
100035421|F|0-6:T>A-6:T>A,100013484|F|0-22:G>A-22:G>A,13420106.0,16177456.0,0.0015791443766863642
100035421|F|0-6:T>A-6:T>A,100021316|F|0-63:C>A-63:C>A,13420106.0,16179198.0,0.004829148367047188
100035421|F|0-6:T>A-6:T>A,100017187|F|0-41:T>C-41:T>C,13420106.0,16245982.0,0.006769490979381457
100035421|F|0-6:T>A-6:T>A,100029840|F|0-31:T>C-31:T>C,13420106.0,16252498.0,0.07476678647044241
100035421|F|0-6:T>A-6:T>A,100013453|F|0-6:G>A-6:G>A,13420106.0,16307679.0,0.002551354935224756
100035421|F|0-6:T>A-6:T>A,100016783|F|0-52:G>T-52:G>T,13420106.0,16317524.0,0.005495696332205472
100035421|F|0-6:T>A-6:T>A,100014400|F|0-16:A>T-16:A>T,13420106.0,16381041.0,0.036377313709209276
100035421|F|0-6:T>A-6:T>A,100016625|F|0-16:T>C-16:T>C,13420106.0,16411184.0,0.02250332498107883
100035421|F|0-6:T>A-6:T>A,100015226|F|0-25:T>A-25:T>A,13420106.0,16581877.0,0.015412542384491579
100035421|F|0-6:T>A-6:T>A,100017539|F|0-11:A>T-11:A>T,13420106.0,16662610.0,0.022000400007272717
100035421|F|0-6:T>A-6:T>A,100033601|F|0-15:C>A-15:C>A,13420106.0,16769146.0,0.0933961763528215
100035421|F|0-6:T>A-6:T>A,100039949|F|0-62:A>T-62:A>T,13420106.0,16793350.0,0.07461953853706436
100035421|F|0-6:T>A-6:T>A,100035334|F|0-35:T>C-35:T>C,13420106.0,16832622.0,0.08428444627563131
100035421|F|0-6:T>A-6:T>A,100021345|F|0-28:C>T-28:C>T,13420106.0,16899147.0,0.06310297922344679
100035421|F|0-6:T>A-6:T>A,100022139|F|0-65:T>C-65:T>C,13420106.0,16965771.0,0.06818474408554372
100035421|F|0-6:T>A-6:T>A,100044804|F|0-53:G>C-53:G>C,13420106.0,16968917.0,0.008897343617954252
100035421|F|0-6:T>A-6:T>A,100030290|F|0-11:A>C-11:A>C,13420106.0,16971407.0,0.06818474408554372
100035421|F|0-6:T>A-6:T>A,100017336|F|0-39:A>G-39:A>G,13420106.0,16987827.0,0.03181691041317022
100035421|F|0-6:T>A-6:T>A,100029568|F|0-9:T>G-9:T>G,13420106.0,16988131.0,0.09423081205049999
100035421|F|0-6:T>A-6:T>A,100034247|F|0-37:G>C-37:G>C,13420106.0,16999534.0,0.09723746619105508
100035421|F|0-6:T>A-6:T>A,100012983|F|0-45:A>T-45:A>T,13420106.0,17017248.0,0.12260809908773963
100035421|F|0-6:T>A-6:T>A,100020033|F|0-7:G>A-7:G>A,13420106.0,17020316.0,0.005870224378411179
100035421|F|0-6:T>A-6:T>A,100018782|F|0-63:C>T-63:C>T,13420106.0,17424649.0,0.0022617864203460262
100035421|F|0-6:T>A-6:T>A,100019630|F|0-24:A>T-24:A>T,13420106.0,17521232.0,0.13421905490961353
100035421|F|0-6:T>A-6:T>A,100021757|F|0-47:G>A-47:G>A,13420106.0,17521694.0,0.12878230017405295
100035421|F|0-6:T>A-6:T>A,100038944|F|0-45:C>T-45:C>T,13420106.0,17607936.0,0.04170695501777233
100035421|F|0-6:T>A-6:T>A,100047378|F|0-35:C>T-35:C>T,13420106.0,17706505.0,0.004140370820430394
100035421|F|0-6:T>A-6:T>A,100029543|F|0-46:T>C-46:T>C,13420106.0,18278899.0,0.0015856556056701094
100035421|F|0-6:T>A-6:T>A,100021798|F|0-27:T>C-27:T>C,13420106.0,18732658.0,0.0031272736008346133
100035421|F|0-6:T>A-6:T>A,100017716|F|0-8:C>T-8:C>T,13420106.0,18851585.0,0.0007428744693753754
100015018|F|0-5:T>A-5:T>A,100020103|F|0-18:T>C-18:T>C,13421247.0,13646039.0,0.007300069466396599
100015018|F|0-5:T>A-5:T>A,100014062|F|0-62:G>A-62:G>A,13421247.0,13646044.0,0.009500059375371085
100015018|F|0-5:T>A-5:T>A,100039121|F|0-17:A>G-17:A>G,13421247.0,13667695.0,0.010794795605073347
100015018|F|0-5:T>A-5:T>A,100018973|F|0-53:T>G-53:T>G,13421247.0,13667871.0,0.00950005937537108
100015018|F|0-5:T>A-5:T>A,100022289|F|0-10:A>G-10:A>G,13421247.0,13667876.0,0.005186318507777943
100015018|F|0-5:T>A-5:T>A,100015169|F|0-21:A>G-21:A>G,13421247.0,13718785.0,0.0019222250014949073
100015018|F|0-5:T>A-5:T>A,100020673|F|0-43:T>A-43:T>A,13421247.0,13731316.0,0.01010645680982034
100015018|F|0-5:T>A-5:T>A,100015679|F|0-19:G>A-19:G>A,13421247.0,14080553.0,0.0029536556393507623
100015018|F|0-5:T>A-5:T>A,100016059|F|0-15:A>T-15:A>T,13421247.0,14090473.0,0.0071054562959689295
100015018|F|0-5:T>A-5:T>A,100019698|F|0-15:C>A-15:C>A,13421247.0,14160112.0,0.07355324236225923
100015018|F|0-5:T>A-5:T>A,100036115|F|0-39:C>T-39:C>T,13421247.0,14240591.0,0.0009528908803528136
100015018|F|0-5:T>A-5:T>A,100035750|F|0-64:T>C-64:T>C,13421247.0,14346419.0,0.058454036142520274
100015018|F|0-5:T>A-5:T>A,100021715|F|0-7:C>A-7:C>A,13421247.0,14348921.0,0.07188007227643242
100015018|F|0-5:T>A-5:T>A,100040569|F|0-37:C>T-37:C>T,13421247.0,14351912.0,1.4660585455820437e-06
100015018|F|0-5:T>A-5:T>A,100015147|F|0-16:C>G-16:C>G,13421247.0,14409032.0,0.037028173384940674
100015018|F|0-5:T>A-5:T>A,100030246|F|0-11:C>A-11:C>A,13421247.0,14458674.0,0.03558105502332022
100015018|F|0-5:T>A-5:T>A,100035083|F|0-24:G>C-24:G>C,13421247.0,14490822.0,0.009479722977589429
100015018|F|0-5:T>A-5:T>A,100013053|F|0-56:A>T-56:A>T,13421247.0,14502847.0,0.07858595585963046
100015018|F|0-5:T>A-5:T>A,100044112|F|0-18:T>G-18:T>G,13421247.0,14593733.0,0.002506960112945149
100015018|F|0-5:T>A-5:T>A,100041853|F|0-21:T>C-21:T>C,13421247.0,14595838.0,0.006154768741056629
100015018|F|0-5:T>A-5:T>A,100033723|F|0-20:T>C-20:T>C,13421247.0,14595843.0,0.00797826338053712
100015018|F|0-5:T>A-5:T>A,100017564|F|0-8:A>T-8:A>T,13421247.0,14625545.0,0.08881423539472683
100015018|F|0-5:T>A-5:T>A,100057963|F|0-26:C>T-26:C>T,13421247.0,14656009.0,0.009108346857723423
100015018|F|0-5:T>A-5:T>A,100019295|F|0-19:G>T-19:G>T,13421247.0,14656014.0,0.00855881418870337
100015018|F|0-5:T>A-5:T>A,100035362|F|0-6:C>A-6:C>A,13421247.0,14658473.0,0.00019196484910318683
100015018|F|0-5:T>A-5:T>A,100014679|F|0-16:C>A-16:C>A,13421247.0,14859822.0,0.046597116767361585
100015018|F|0-5:T>A-5:T>A,100021838|F|0-57:A>G-57:A>G,13421247.0,14928961.0,0.0012691485571784844
100015018|F|0-5:T>A-5:T>A,100046294|F|0-6:C>G-6:C>G,13421247.0,15124860.0,0.04213604705800561
100015018|F|0-5:T>A-5:T>A,100045141|F|0-49:C>T-49:C>T,13421247.0,15225158.0,0.23692836553348326
100015018|F|0-5:T>A-5:T>A,100043254|F|0-7:C>G-7:C>G,13421247.0,15229542.0,0.1972305009833143
100015018|F|0-5:T>A-5:T>A,100013673|F|0-63:C>A-63:C>A,13421247.0,15256237.0,0.17477896409794486
100015018|F|0-5:T>A-5:T>A,100016806|F|0-26:T>A-26:T>A,13421247.0,15351778.0,0.03266886089679854
100015018|F|0-5:T>A-5:T>A,100033542|F|0-31:T>C-31:T>C,13421247.0,15394673.0,0.004419564275112131
100015018|F|0-5:T>A-5:T>A,100029793|F|0-30:G>A-30:G>A,13421247.0,15400977.0,2.847731558231713e-05
100015018|F|0-5:T>A-5:T>A,100021703|F|0-41:T>C-41:T>C,13421247.0,15431799.0,0.020652995911018674
100015018|F|0-5:T>A-5:T>A,100017056|F|0-15:G>A-15:G>A,13421247.0,15535069.0,0.008300488883332588
100015018|F|0-5:T>A-5:T>A,100021184|F|0-17:T>G-17:T>G,13421247.0,15536283.0,0.008300488883332588
100015018|F|0-5:T>A-5:T>A,100044126|F|0-46:C>T-46:C>T,13421247.0,15556197.0,0.012239033825692204
100015018|F|0-5:T>A-5:T>A,100017834|F|0-8:C>T-8:C>T,13421247.0,15619447.0,0.010731990384931809
100015018|F|0-5:T>A-5:T>A,100020292|F|0-58:T>C-58:T>C,13421247.0,15819325.0,0.08337799649719378
100015018|F|0-5:T>A-5:T>A,100015600|F|0-30:C>A-30:C>A,13421247.0,15832699.0,0.08808545717311173
100015018|F|0-5:T>A-5:T>A,100049389|F|0-23:C>A-23:C>A,13421247.0,15838578.0,0.08096886542819683
100015018|F|0-5:T>A-5:T>A,100038568|F|0-15:C>T-15:C>T,13421247.0,15839422.0,0.08808545717311173
100015018|F|0-5:T>A-5:T>A,100018705|F|0-34:T>C-34:T>C,13421247.0,15915251.0,0.10885039057984197
100015018|F|0-5:T>A-5:T>A,100019856|F|0-16:C>T-16:C>T,13421247.0,15948596.0,0.008140619673836998
100015018|F|0-5:T>A-5:T>A,100034716|F|0-53:A>G-53:A>G,13421247.0,15958067.0,0.04280241628122614
100015018|F|0-5:T>A-5:T>A,100021071|F|0-60:A>G-60:A>G,13421247.0,15967627.0,0.05339639212677192
100015018|F|0-5:T>A-5:T>A,100020211|F|0-33:C>A-33:C>A,13421247.0,15977146.0,0.07755626568350879
100015018|F|0-5:T>A-5:T>A,100013484|F|0-22:G>A-22:G>A,13421247.0,16177456.0,0.0006239129860673518
100015018|F|0-5:T>A-5:T>A,100021316|F|0-63:C>A-63:C>A,13421247.0,16179198.0,0.00296574461986809
100015018|F|0-5:T>A-5:T>A,100017187|F|0-41:T>C-41:T>C,13421247.0,16245982.0,0.012082424147963433
100015018|F|0-5:T>A-5:T>A,100029840|F|0-31:T>C-31:T>C,13421247.0,16252498.0,0.07592285840146873
100015018|F|0-5:T>A-5:T>A,100013453|F|0-6:G>A-6:G>A,13421247.0,16307679.0,0.0011571762564688234
100015018|F|0-5:T>A-5:T>A,100016783|F|0-52:G>T-52:G>T,13421247.0,16317524.0,0.002984604247903878
100015018|F|0-5:T>A-5:T>A,100014400|F|0-16:A>T-16:A>T,13421247.0,16381041.0,0.03867751031070464
100015018|F|0-5:T>A-5:T>A,100016625|F|0-16:T>C-16:T>C,13421247.0,16411184.0,0.015262538592933174
100015018|F|0-5:T>A-5:T>A,100015226|F|0-25:T>A-25:T>A,13421247.0,16581877.0,0.012845102084213625
100015018|F|0-5:T>A-5:T>A,100017539|F|0-11:A>T-11:A>T,13421247.0,16662610.0,0.013511195556083256
100015018|F|0-5:T>A-5:T>A,100033601|F|0-15:C>A-15:C>A,13421247.0,16769146.0,0.07564966852872493
100015018|F|0-5:T>A-5:T>A,100039949|F|0-62:A>T-62:A>T,13421247.0,16793350.0,0.06016704271068362
100015018|F|0-5:T>A-5:T>A,100035334|F|0-35:T>C-35:T>C,13421247.0,16832622.0,0.0718989350447159
100015018|F|0-5:T>A-5:T>A,100021345|F|0-28:C>T-28:C>T,13421247.0,16899147.0,0.03875369048642761
100015018|F|0-5:T>A-5:T>A,100022139|F|0-65:T>C-65:T>C,13421247.0,16965771.0,0.05467975913953276
100015018|F|0-5:T>A-5:T>A,100044804|F|0-53:G>C-53:G>C,13421247.0,16968917.0,0.0025280843738119444
100015018|F|0-5:T>A-5:T>A,100030290|F|0-11:A>C-11:A>C,13421247.0,16971407.0,0.05467975913953276
100015018|F|0-5:T>A-5:T>A,100017336|F|0-39:A>G-39:A>G,13421247.0,16987827.0,0.024209502084581856
100015018|F|0-5:T>A-5:T>A,100029568|F|0-9:T>G-9:T>G,13421247.0,16988131.0,0.10861973934853295
100015018|F|0-5:T>A-5:T>A,100034247|F|0-37:G>C-37:G>C,13421247.0,16999534.0,0.09350514714481208
100015018|F|0-5:T>A-5:T>A,100012983|F|0-45:A>T-45:A>T,13421247.0,17017248.0,0.08881423539472656
100015018|F|0-5:T>A-5:T>A,100020033|F|0-7:G>A-7:G>A,13421247.0,17020316.0,0.010329568236272065
100015018|F|0-5:T>A-5:T>A,100018782|F|0-63:C>T-63:C>T,13421247.0,17424649.0,0.0004358911316868557
100015018|F|0-5:T>A-5:T>A,100019630|F|0-24:A>T-24:A>T,13421247.0,17521232.0,0.12623151494362056
100015018|F|0-5:T>A-5:T>A,100021757|F|0-47:G>A-47:G>A,13421247.0,17521694.0,0.12312022972870872
100015018|F|0-5:T>A-5:T>A,100038944|F|0-45:C>T-45:C>T,13421247.0,17607936.0,0.03922492316105387
100015018|F|0-5:T>A-5:T>A,100047378|F|0-35:C>T-35:C>T,13421247.0,17706505.0,0.013560047915698713
100015018|F|0-5:T>A-5:T>A,100029543|F|0-46:T>C-46:T>C,13421247.0,18278899.0,0.004500583548569052
100015018|F|0-5:T>A-5:T>A,100021798|F|0-27:T>C-27:T>C,13421247.0,18732658.0,0.007771433599755588
100015018|F|0-5:T>A-5:T>A,100017716|F|0-8:C>T-8:C>T,13421247.0,18851585.0,0.00011001906997212833
100020103|F|0-18:T>C-18:T>C,100014062|F|0-62:G>A-62:G>A,13646039.0,13646044.0,0.946478873239439
100020103|F|0-18:T>C-18:T>C,100039121|F|0-17:A>G-17:A>G,13646039.0,13667695.0,0.9069034080152948
100020103|F|0-18:T>C-18:T>C,100018973|F|0-53:T>G-53:T>G,13646039.0,13667871.0,0.946478873239439
100020103|F|0-18:T>C-18:T>C,100022289|F|0-10:A>G-10:A>G,13646039.0,13667876.0,0.8639242082968367
100020103|F|0-18:T>C-18:T>C,100015169|F|0-21:A>G-21:A>G,13646039.0,13718785.0,0.1850916372942145
100020103|F|0-18:T>C-18:T>C,100020673|F|0-43:T>A-43:T>A,13646039.0,13731316.0,0.16232031022910431
100020103|F|0-18:T>C-18:T>C,100015679|F|0-19:G>A-19:G>A,13646039.0,14080553.0,0.0008581195126448511
100020103|F|0-18:T>C-18:T>C,100016059|F|0-15:A>T-15:A>T,13646039.0,14090473.0,0.01747377726273252
100020103|F|0-18:T>C-18:T>C,100019698|F|0-15:C>A-15:C>A,13646039.0,14160112.0,0.0006375906290845379
100020103|F|0-18:T>C-18:T>C,100036115|F|0-39:C>T-39:C>T,13646039.0,14240591.0,5.979800360273687e-06
100020103|F|0-18:T>C-18:T>C,100035750|F|0-64:T>C-64:T>C,13646039.0,14346419.0,0.08658129810062816
100020103|F|0-18:T>C-18:T>C,100021715|F|0-7:C>A-7:C>A,13646039.0,14348921.0,0.08251971926652467
100020103|F|0-18:T>C-18:T>C,100040569|F|0-37:C>T-37:C>T,13646039.0,14351912.0,0.4182507597022458
100020103|F|0-18:T>C-18:T>C,100015147|F|0-16:C>G-16:C>G,13646039.0,14409032.0,0.0329080957845438
100020103|F|0-18:T>C-18:T>C,100030246|F|0-11:C>A-11:C>A,13646039.0,14458674.0,0.03496085039347423
100020103|F|0-18:T>C-18:T>C,100035083|F|0-24:G>C-24:G>C,13646039.0,14490822.0,0.00011355089831811
100020103|F|0-18:T>C-18:T>C,100013053|F|0-56:A>T-56:A>T,13646039.0,14502847.0,0.0005115950264507314
100020103|F|0-18:T>C-18:T>C,100044112|F|0-18:T>G-18:T>G,13646039.0,14593733.0,0.003539757060883825
100020103|F|0-18:T>C-18:T>C,100041853|F|0-21:T>C-21:T>C,13646039.0,14595838.0,0.0011491385241130083
100020103|F|0-18:T>C-18:T>C,100033723|F|0-20:T>C-20:T>C,13646039.0,14595843.0,0.0007465146761856024
100020103|F|0-18:T>C-18:T>C,100017564|F|0-8:A>T-8:A>T,13646039.0,14625545.0,0.00016887898132198468
100020103|F|0-18:T>C-18:T>C,100057963|F|0-26:C>T-26:C>T,13646039.0,14656009.0,0.06541564200014902
100020103|F|0-18:T>C-18:T>C,100019295|F|0-19:G>T-19:G>T,13646039.0,14656014.0,0.0574368194985516
100020103|F|0-18:T>C-18:T>C,100035362|F|0-6:C>A-6:C>A,13646039.0,14658473.0,0.02101654235223652
100020103|F|0-18:T>C-18:T>C,100014679|F|0-16:C>A-16:C>A,13646039.0,14859822.0,0.02741714095872571
100020103|F|0-18:T>C-18:T>C,100021838|F|0-57:A>G-57:A>G,13646039.0,14928961.0,0.050972501676726935
100020103|F|0-18:T>C-18:T>C,100046294|F|0-6:C>G-6:C>G,13646039.0,15124860.0,0.00031791251750004537
100020103|F|0-18:T>C-18:T>C,100045141|F|0-49:C>T-49:C>T,13646039.0,15225158.0,0.0005406508774543052
100020103|F|0-18:T>C-18:T>C,100043254|F|0-7:C>G-7:C>G,13646039.0,15229542.0,0.004351311118744991
100020103|F|0-18:T>C-18:T>C,100013673|F|0-63:C>A-63:C>A,13646039.0,15256237.0,0.001228574381836647
100020103|F|0-18:T>C-18:T>C,100016806|F|0-26:T>A-26:T>A,13646039.0,15351778.0,0.09915494209035317
100020103|F|0-18:T>C-18:T>C,100033542|F|0-31:T>C-31:T>C,13646039.0,15394673.0,0.0002958623107942271
100020103|F|0-18:T>C-18:T>C,100029793|F|0-30:G>A-30:G>A,13646039.0,15400977.0,0.018040623886771006
100020103|F|0-18:T>C-18:T>C,100021703|F|0-41:T>C-41:T>C,13646039.0,15431799.0,0.003341409883766216
100020103|F|0-18:T>C-18:T>C,100017056|F|0-15:G>A-15:G>A,13646039.0,15535069.0,0.00585654427886581
100020103|F|0-18:T>C-18:T>C,100021184|F|0-17:T>G-17:T>G,13646039.0,15536283.0,0.00585654427886581
100020103|F|0-18:T>C-18:T>C,100044126|F|0-46:C>T-46:C>T,13646039.0,15556197.0,0.032502708559046606
100020103|F|0-18:T>C-18:T>C,100017834|F|0-8:C>T-8:C>T,13646039.0,15619447.0,0.16836964571039353
100020103|F|0-18:T>C-18:T>C,100020292|F|0-58:T>C-58:T>C,13646039.0,15819325.0,0.051313947849853395
100020103|F|0-18:T>C-18:T>C,100015600|F|0-30:C>A-30:C>A,13646039.0,15832699.0,0.055338579714803264
100020103|F|0-18:T>C-18:T>C,100049389|F|0-23:C>A-23:C>A,13646039.0,15838578.0,0.04915337738548809
100020103|F|0-18:T>C-18:T>C,100038568|F|0-15:C>T-15:C>T,13646039.0,15839422.0,0.055338579714803264
100020103|F|0-18:T>C-18:T>C,100018705|F|0-34:T>C-34:T>C,13646039.0,15915251.0,0.03135530793864903
100020103|F|0-18:T>C-18:T>C,100019856|F|0-16:C>T-16:C>T,13646039.0,15948596.0,0.000168878981321985
100020103|F|0-18:T>C-18:T>C,100034716|F|0-53:A>G-53:A>G,13646039.0,15958067.0,0.042302398236869425
100020103|F|0-18:T>C-18:T>C,100021071|F|0-60:A>G-60:A>G,13646039.0,15967627.0,0.03871795535657389
100020103|F|0-18:T>C-18:T>C,100020211|F|0-33:C>A-33:C>A,13646039.0,15977146.0,0.025923442468444222
100020103|F|0-18:T>C-18:T>C,100013484|F|0-22:G>A-22:G>A,13646039.0,16177456.0,0.0039854609249039335
100020103|F|0-18:T>C-18:T>C,100021316|F|0-63:C>A-63:C>A,13646039.0,16179198.0,0.004977761729819167
100020103|F|0-18:T>C-18:T>C,100017187|F|0-41:T>C-41:T>C,13646039.0,16245982.0,0.12331279342723009
100020103|F|0-18:T>C-18:T>C,100029840|F|0-31:T>C-31:T>C,13646039.0,16252498.0,0.07503592718407079
100020103|F|0-18:T>C-18:T>C,100013453|F|0-6:G>A-6:G>A,13646039.0,16307679.0,0.026142404441915536
100020103|F|0-18:T>C-18:T>C,100016783|F|0-52:G>T-52:G>T,13646039.0,16317524.0,0.02896863625626465
100020103|F|0-18:T>C-18:T>C,100014400|F|0-16:A>T-16:A>T,13646039.0,16381041.0,0.0002141621408183022
100020103|F|0-18:T>C-18:T>C,100016625|F|0-16:T>C-16:T>C,13646039.0,16411184.0,0.003373262860603879
100020103|F|0-18:T>C-18:T>C,100015226|F|0-25:T>A-25:T>A,13646039.0,16581877.0,0.004684112426496971
100020103|F|0-18:T>C-18:T>C,100017539|F|0-11:A>T-11:A>T,13646039.0,16662610.0,0.030057402025320708
100020103|F|0-18:T>C-18:T>C,100033601|F|0-15:C>A-15:C>A,13646039.0,16769146.0,0.03418983327511476
100020103|F|0-18:T>C-18:T>C,100039949|F|0-62:A>T-62:A>T,13646039.0,16793350.0,0.03318522244578585
100020103|F|0-18:T>C-18:T>C,100035334|F|0-35:T>C-35:T>C,13646039.0,16832622.0,0.0585232834312356
100020103|F|0-18:T>C-18:T>C,100021345|F|0-28:C>T-28:C>T,13646039.0,16899147.0,0.053671887647725416
100020103|F|0-18:T>C-18:T>C,100022139|F|0-65:T>C-65:T>C,13646039.0,16965771.0,0.01821145613478456
100020103|F|0-18:T>C-18:T>C,100044804|F|0-53:G>C-53:G>C,13646039.0,16968917.0,0.0024722274846813727
100020103|F|0-18:T>C-18:T>C,100030290|F|0-11:A>C-11:A>C,13646039.0,16971407.0,0.01821145613478456
100020103|F|0-18:T>C-18:T>C,100017336|F|0-39:A>G-39:A>G,13646039.0,16987827.0,0.0029117009750812533
100020103|F|0-18:T>C-18:T>C,100029568|F|0-9:T>G-9:T>G,13646039.0,16988131.0,0.0034507802756061235
100020103|F|0-18:T>C-18:T>C,100034247|F|0-37:G>C-37:G>C,13646039.0,16999534.0,0.009998591747641172
100020103|F|0-18:T>C-18:T>C,100012983|F|0-45:A>T-45:A>T,13646039.0,17017248.0,0.0001688789813219863
100020103|F|0-18:T>C-18:T>C,100020033|F|0-7:G>A-7:G>A,13646039.0,17020316.0,0.006382905274785969
100020103|F|0-18:T>C-18:T>C,100018782|F|0-63:C>T-63:C>T,13646039.0,17424649.0,0.004059341603975599
100020103|F|0-18:T>C-18:T>C,100019630|F|0-24:A>T-24:A>T,13646039.0,17521232.0,0.08701090699196196
100020103|F|0-18:T>C-18:T>C,100021757|F|0-47:G>A-47:G>A,13646039.0,17521694.0,0.10455155173465026
100020103|F|0-18:T>C-18:T>C,100038944|F|0-45:C>T-45:C>T,13646039.0,17607936.0,0.008262476665364268
100020103|F|0-18:T>C-18:T>C,100047378|F|0-35:C>T-35:C>T,13646039.0,17706505.0,0.08103305351755673
100020103|F|0-18:T>C-18:T>C,100029543|F|0-46:T>C-46:T>C,13646039.0,18278899.0,0.010152221925301803
100020103|F|0-18:T>C-18:T>C,100021798|F|0-27:T>C-27:T>C,13646039.0,18732658.0,0.0013784437651206773
100020103|F|0-18:T>C-18:T>C,100017716|F|0-8:C>T-8:C>T,13646039.0,18851585.0,0.0013980944490472231
100014062|F|0-62:G>A-62:G>A,100039121|F|0-17:A>G-17:A>G,13646044.0,13667695.0,0.8570348502304166
100014062|F|0-62:G>A-62:G>A,100018973|F|0-53:T>G-53:T>G,13646044.0,13667871.0,0.8943755102040842
100014062|F|0-62:G>A-62:G>A,100022289|F|0-10:A>G-10:A>G,13646044.0,13667876.0,0.8151177549005799
100014062|F|0-62:G>A-62:G>A,100015169|F|0-21:A>G-21:A>G,13646044.0,13718785.0,0.17325502967144277
100014062|F|0-62:G>A-62:G>A,100020673|F|0-43:T>A-43:T>A,13646044.0,13731316.0,0.15057625301527736
100014062|F|0-62:G>A-62:G>A,100015679|F|0-19:G>A-19:G>A,13646044.0,14080553.0,0.0003884333189469138
100014062|F|0-62:G>A-62:G>A,100016059|F|0-15:A>T-15:A>T,13646044.0,14090473.0,0.005978752260397825
100014062|F|0-62:G>A-62:G>A,100019698|F|0-15:C>A-15:C>A,13646044.0,14160112.0,0.001966292134831461
100014062|F|0-62:G>A-62:G>A,100036115|F|0-39:C>T-39:C>T,13646044.0,14240591.0,5.240355332866015e-05
100014062|F|0-62:G>A-62:G>A,100035750|F|0-64:T>C-64:T>C,13646044.0,14346419.0,0.0689008480104372
100014062|F|0-62:G>A-62:G>A,100021715|F|0-7:C>A-7:C>A,13646044.0,14348921.0,0.06631613419692889
100014062|F|0-62:G>A-62:G>A,100040569|F|0-37:C>T-37:C>T,13646044.0,14351912.0,0.3946712018140584
100014062|F|0-62:G>A-62:G>A,100015147|F|0-16:C>G-16:C>G,13646044.0,14409032.0,0.03377149806010775
100014062|F|0-62:G>A-62:G>A,100030246|F|0-11:C>A-11:C>A,13646044.0,14458674.0,0.03870202830876989
100014062|F|0-62:G>A-62:G>A,100035083|F|0-24:G>C-24:G>C,13646044.0,14490822.0,0.0030890823367338534
100014062|F|0-62:G>A-62:G>A,100013053|F|0-56:A>T-56:A>T,13646044.0,14502847.0,0.0011897900370522864
100014062|F|0-62:G>A-62:G>A,100044112|F|0-18:T>G-18:T>G,13646044.0,14593733.0,0.0019387755102040821
100014062|F|0-62:G>A-62:G>A,100041853|F|0-21:T>C-21:T>C,13646044.0,14595838.0,0.0003540372670807455
100014062|F|0-62:G>A-62:G>A,100033723|F|0-20:T>C-20:T>C,13646044.0,14595843.0,0.001763734631220028
100014062|F|0-62:G>A-62:G>A,100017564|F|0-8:A>T-8:A>T,13646044.0,14625545.0,1.0277492291880836e-05
100014062|F|0-62:G>A-62:G>A,100057963|F|0-26:C>T-26:C>T,13646044.0,14656009.0,0.07111111111111101
100014062|F|0-62:G>A-62:G>A,100019295|F|0-19:G>T-19:G>T,13646044.0,14656014.0,0.06268507995242498
100014062|F|0-62:G>A-62:G>A,100035362|F|0-6:C>A-6:C>A,13646044.0,14658473.0,0.024946543121881704
100014062|F|0-62:G>A-62:G>A,100014679|F|0-16:C>A-16:C>A,13646044.0,14859822.0,0.037363660548018
100014062|F|0-62:G>A-62:G>A,100021838|F|0-57:A>G-57:A>G,13646044.0,14928961.0,0.05937500000000006
100014062|F|0-62:G>A-62:G>A,100046294|F|0-6:C>G-6:C>G,13646044.0,15124860.0,0.00017879952243661675
100014062|F|0-62:G>A-62:G>A,100045141|F|0-49:C>T-49:C>T,13646044.0,15225158.0,0.0013597448380057106
100014062|F|0-62:G>A-62:G>A,100043254|F|0-7:C>G-7:C>G,13646044.0,15229542.0,0.0066202090592334594
100014062|F|0-62:G>A-62:G>A,100013673|F|0-63:C>A-63:C>A,13646044.0,15256237.0,0.002625581183334851
100014062|F|0-62:G>A-62:G>A,100016806|F|0-26:T>A-26:T>A,13646044.0,15351778.0,0.08718397806883968
100014062|F|0-62:G>A-62:G>A,100033542|F|0-31:T>C-31:T>C,13646044.0,15394673.0,0.0006322861094645339
100014062|F|0-62:G>A-62:G>A,100029793|F|0-30:G>A-30:G>A,13646044.0,15400977.0,0.014957126678530969
100014062|F|0-62:G>A-62:G>A,100021703|F|0-41:T>C-41:T>C,13646044.0,15431799.0,0.001369798085126552
100014062|F|0-62:G>A-62:G>A,100017056|F|0-15:G>A-15:G>A,13646044.0,15535069.0,0.007387862796833776
100014062|F|0-62:G>A-62:G>A,100021184|F|0-17:T>G-17:T>G,13646044.0,15536283.0,0.007387862796833776
100014062|F|0-62:G>A-62:G>A,100044126|F|0-46:C>T-46:C>T,13646044.0,15556197.0,0.03434065934065934
100014062|F|0-62:G>A-62:G>A,100017834|F|0-8:C>T-8:C>T,13646044.0,15619447.0,0.15557372423787733
100014062|F|0-62:G>A-62:G>A,100020292|F|0-58:T>C-58:T>C,13646044.0,15819325.0,0.040301065653178494
100014062|F|0-62:G>A-62:G>A,100015600|F|0-30:C>A-30:C>A,13646044.0,15832699.0,0.044016745702430346
100014062|F|0-62:G>A-62:G>A,100049389|F|0-23:C>A-23:C>A,13646044.0,15838578.0,0.038275211499830604
100014062|F|0-62:G>A-62:G>A,100038568|F|0-15:C>T-15:C>T,13646044.0,15839422.0,0.044016745702430346
100014062|F|0-62:G>A-62:G>A,100018705|F|0-34:T>C-34:T>C,13646044.0,15915251.0,0.03423695509788225
100014062|F|0-62:G>A-62:G>A,100019856|F|0-16:C>T-16:C>T,13646044.0,15948596.0,1.027749229188065e-05
100014062|F|0-62:G>A-62:G>A,100034716|F|0-53:A>G-53:A>G,13646044.0,15958067.0,0.04672702507811863
100014062|F|0-62:G>A-62:G>A,100021071|F|0-60:A>G-60:A>G,13646044.0,15967627.0,0.04286118293471221
100014062|F|0-62:G>A-62:G>A,100020211|F|0-33:C>A-33:C>A,13646044.0,15977146.0,0.028357008844813764
100014062|F|0-62:G>A-62:G>A,100013484|F|0-22:G>A-22:G>A,13646044.0,16177456.0,0.0021612275772638885
100014062|F|0-62:G>A-62:G>A,100021316|F|0-63:C>A-63:C>A,13646044.0,16179198.0,0.002831579982302633
100014062|F|0-62:G>A-62:G>A,100017187|F|0-41:T>C-41:T>C,13646044.0,16245982.0,0.10725446428571433
100014062|F|0-62:G>A-62:G>A,100029840|F|0-31:T>C-31:T>C,13646044.0,16252498.0,0.06245503237668884
100014062|F|0-62:G>A-62:G>A,100013453|F|0-6:G>A-6:G>A,13646044.0,16307679.0,0.02762069516928573
100014062|F|0-62:G>A-62:G>A,100016783|F|0-52:G>T-52:G>T,13646044.0,16317524.0,0.030606743663613042
100014062|F|0-62:G>A-62:G>A,100014400|F|0-16:A>T-16:A>T,13646044.0,16381041.0,0.0008604011811424528
100014062|F|0-62:G>A-62:G>A,100016625|F|0-16:T>C-16:T>C,13646044.0,16411184.0,0.00521331839934834
100014062|F|0-62:G>A-62:G>A,100015226|F|0-25:T>A-25:T>A,13646044.0,16581877.0,0.0022971048884670203
100014062|F|0-62:G>A-62:G>A,100017539|F|0-11:A>T-11:A>T,13646044.0,16662610.0,0.012899974804736685
100014062|F|0-62:G>A-62:G>A,100033601|F|0-15:C>A-15:C>A,13646044.0,16769146.0,0.021929941841032214
100014062|F|0-62:G>A-62:G>A,100039949|F|0-62:A>T-62:A>T,13646044.0,16793350.0,0.02068027210884355
100014062|F|0-62:G>A-62:G>A,100035334|F|0-35:T>C-35:T>C,13646044.0,16832622.0,0.04393367307113311
100014062|F|0-62:G>A-62:G>A,100021345|F|0-28:C>T-28:C>T,13646044.0,16899147.0,0.03771551724137936
100014062|F|0-62:G>A-62:G>A,100022139|F|0-65:T>C-65:T>C,13646044.0,16965771.0,0.009458514061844123
100014062|F|0-62:G>A-62:G>A,100044804|F|0-53:G>C-53:G>C,13646044.0,16968917.0,0.0008343001506257466
100014062|F|0-62:G>A-62:G>A,100030290|F|0-11:A>C-11:A>C,13646044.0,16971407.0,0.009458514061844123
100014062|F|0-62:G>A-62:G>A,100017336|F|0-39:A>G-39:A>G,13646044.0,16987827.0,0.000958343981599796
100014062|F|0-62:G>A-62:G>A,100029568|F|0-9:T>G-9:T>G,13646044.0,16988131.0,0.0005214439987658144
100014062|F|0-62:G>A-62:G>A,100034247|F|0-37:G>C-37:G>C,13646044.0,16999534.0,0.004131208884060595
100014062|F|0-62:G>A-62:G>A,100012983|F|0-45:A>T-45:A>T,13646044.0,17017248.0,1.027749229188072e-05
100014062|F|0-62:G>A-62:G>A,100020033|F|0-7:G>A-7:G>A,13646044.0,17020316.0,0.002100840336134461
100014062|F|0-62:G>A-62:G>A,100018782|F|0-63:C>T-63:C>T,13646044.0,17424649.0,0.0025073518031264526
100014062|F|0-62:G>A-62:G>A,100019630|F|0-24:A>T-24:A>T,13646044.0,17521232.0,0.07122858881836365
100014062|F|0-62:G>A-62:G>A,100021757|F|0-47:G>A-47:G>A,13646044.0,17521694.0,0.08636363636363624
100014062|F|0-62:G>A-62:G>A,100038944|F|0-45:C>T-45:C>T,13646044.0,17607936.0,0.009662200415172687
100014062|F|0-62:G>A-62:G>A,100047378|F|0-35:C>T-35:C>T,13646044.0,17706505.0,0.07064095600217259
100014062|F|0-62:G>A-62:G>A,100029543|F|0-46:T>C-46:T>C,13646044.0,18278899.0,0.013875159438775556
100014062|F|0-62:G>A-62:G>A,100021798|F|0-27:T>C-27:T>C,13646044.0,18732658.0,0.00030435609663305793
100014062|F|0-62:G>A-62:G>A,100017716|F|0-8:C>T-8:C>T,13646044.0,18851585.0,0.0008235294117647027
100039121|F|0-17:A>G-17:A>G,100018973|F|0-53:T>G-53:T>G,13667695.0,13667871.0,0.954032258064518
100039121|F|0-17:A>G-17:A>G,100022289|F|0-10:A>G-10:A>G,13667695.0,13667876.0,0.9537713355411889
100039121|F|0-17:A>G-17:A>G,100015169|F|0-21:A>G-21:A>G,13667695.0,13718785.0,0.20824281690198312
100039121|F|0-17:A>G-17:A>G,100020673|F|0-43:T>A-43:T>A,13667695.0,13731316.0,0.23634148232766444
100039121|F|0-17:A>G-17:A>G,100015679|F|0-19:G>A-19:G>A,13667695.0,14080553.0,9.74563882662504e-05
100039121|F|0-17:A>G-17:A>G,100016059|F|0-15:A>T-15:A>T,13667695.0,14090473.0,0.006843115174561044
100039121|F|0-17:A>G-17:A>G,100019698|F|0-15:C>A-15:C>A,13667695.0,14160112.0,0.0035869037191413812
100039121|F|0-17:A>G-17:A>G,100036115|F|0-39:C>T-39:C>T,13667695.0,14240591.0,0.000251657969194255
100039121|F|0-17:A>G-17:A>G,100035750|F|0-64:T>C-64:T>C,13667695.0,14346419.0,0.08550726013588174
100039121|F|0-17:A>G-17:A>G,100021715|F|0-7:C>A-7:C>A,13667695.0,14348921.0,0.08155013413471808
100039121|F|0-17:A>G-17:A>G,100040569|F|0-37:C>T-37:C>T,13667695.0,14351912.0,0.33719535828070674
100039121|F|0-17:A>G-17:A>G,100015147|F|0-16:C>G-16:C>G,13667695.0,14409032.0,0.031352972135413305
100039121|F|0-17:A>G-17:A>G,100030246|F|0-11:C>A-11:C>A,13667695.0,14458674.0,0.026296171208277024
100039121|F|0-17:A>G-17:A>G,100035083|F|0-24:G>C-24:G>C,13667695.0,14490822.0,0.0038532551709712193
100039121|F|0-17:A>G-17:A>G,100013053|F|0-56:A>T-56:A>T,13667695.0,14502847.0,0.006405712559263737
100039121|F|0-17:A>G-17:A>G,100044112|F|0-18:T>G-18:T>G,13667695.0,14593733.0,0.012160778289810546
100039121|F|0-17:A>G-17:A>G,100041853|F|0-21:T>C-21:T>C,13667695.0,14595838.0,0.00888265544647031
100039121|F|0-17:A>G-17:A>G,100033723|F|0-20:T>C-20:T>C,13667695.0,14595843.0,7.682535853830729e-05
100039121|F|0-17:A>G-17:A>G,100017564|F|0-8:A>T-8:A>T,13667695.0,14625545.0,3.626131352982185e-05
100039121|F|0-17:A>G-17:A>G,100057963|F|0-26:C>T-26:C>T,13667695.0,14656009.0,0.03200204813108033
100039121|F|0-17:A>G-17:A>G,100019295|F|0-19:G>T-19:G>T,13667695.0,14656014.0,0.024776379397809606
100039121|F|0-17:A>G-17:A>G,100035362|F|0-6:C>A-6:C>A,13667695.0,14658473.0,0.006690911468512181
100039121|F|0-17:A>G-17:A>G,100014679|F|0-16:C>A-16:C>A,13667695.0,14859822.0,0.02089387352075445
100039121|F|0-17:A>G-17:A>G,100021838|F|0-57:A>G-57:A>G,13667695.0,14928961.0,0.046557729694700296
100039121|F|0-17:A>G-17:A>G,100046294|F|0-6:C>G-6:C>G,13667695.0,15124860.0,0.00041983527061056013
100039121|F|0-17:A>G-17:A>G,100045141|F|0-49:C>T-49:C>T,13667695.0,15225158.0,0.0001245273587051284
100039121|F|0-17:A>G-17:A>G,100043254|F|0-7:C>G-7:C>G,13667695.0,15229542.0,0.002861305074744286
100039121|F|0-17:A>G-17:A>G,100013673|F|0-63:C>A-63:C>A,13667695.0,15256237.0,0.0006587479671449441
100039121|F|0-17:A>G-17:A>G,100016806|F|0-26:T>A-26:T>A,13667695.0,15351778.0,0.09736850024073183
100039121|F|0-17:A>G-17:A>G,100033542|F|0-31:T>C-31:T>C,13667695.0,15394673.0,0.0009791332039441368
100039121|F|0-17:A>G-17:A>G,100029793|F|0-30:G>A-30:G>A,13667695.0,15400977.0,0.024335111241003907
100039121|F|0-17:A>G-17:A>G,100021703|F|0-41:T>C-41:T>C,13667695.0,15431799.0,0.0030027880643020708
100039121|F|0-17:A>G-17:A>G,100017056|F|0-15:G>A-15:G>A,13667695.0,15535069.0,0.008195178845008082
100039121|F|0-17:A>G-17:A>G,100021184|F|0-17:T>G-17:T>G,13667695.0,15536283.0,0.008195178845008082
100039121|F|0-17:A>G-17:A>G,100044126|F|0-46:C>T-46:C>T,13667695.0,15556197.0,0.032762096774193464
100039121|F|0-17:A>G-17:A>G,100017834|F|0-8:C>T-8:C>T,13667695.0,15619447.0,0.13003525465597462
100039121|F|0-17:A>G-17:A>G,100020292|F|0-58:T>C-58:T>C,13667695.0,15819325.0,0.04064019721675334
100039121|F|0-17:A>G-17:A>G,100015600|F|0-30:C>A-30:C>A,13667695.0,15832699.0,0.044275887598714994
100039121|F|0-17:A>G-17:A>G,100049389|F|0-23:C>A-23:C>A,13667695.0,15838578.0,0.03866298694964101
100039121|F|0-17:A>G-17:A>G,100038568|F|0-15:C>T-15:C>T,13667695.0,15839422.0,0.044275887598714994
100039121|F|0-17:A>G-17:A>G,100018705|F|0-34:T>C-34:T>C,13667695.0,15915251.0,0.02232441806484472
100039121|F|0-17:A>G-17:A>G,100019856|F|0-16:C>T-16:C>T,13667695.0,15948596.0,3.626131352982155e-05
100039121|F|0-17:A>G-17:A>G,100034716|F|0-53:A>G-53:A>G,13667695.0,15958067.0,0.0322948139236156
100039121|F|0-17:A>G-17:A>G,100021071|F|0-60:A>G-60:A>G,13667695.0,15967627.0,0.029122117209166593
100039121|F|0-17:A>G-17:A>G,100020211|F|0-33:C>A-33:C>A,13667695.0,15977146.0,0.018071518678508716
100039121|F|0-17:A>G-17:A>G,100013484|F|0-22:G>A-22:G>A,13667695.0,16177456.0,0.004941384327265629
100039121|F|0-17:A>G-17:A>G,100021316|F|0-63:C>A-63:C>A,13667695.0,16179198.0,0.023488666385453924
100039121|F|0-17:A>G-17:A>G,100017187|F|0-41:T>C-41:T>C,13667695.0,16245982.0,0.16227082283266114
100039121|F|0-17:A>G-17:A>G,100029840|F|0-31:T>C-31:T>C,13667695.0,16252498.0,0.0823171832409696
100039121|F|0-17:A>G-17:A>G,100013453|F|0-6:G>A-6:G>A,13667695.0,16307679.0,0.02635103418166542
100039121|F|0-17:A>G-17:A>G,100016783|F|0-52:G>T-52:G>T,13667695.0,16317524.0,0.029199820769398546
100039121|F|0-17:A>G-17:A>G,100014400|F|0-16:A>T-16:A>T,13667695.0,16381041.0,0.006281362805508921
100039121|F|0-17:A>G-17:A>G,100016625|F|0-16:T>C-16:T>C,13667695.0,16411184.0,0.0015203595980962429
100039121|F|0-17:A>G-17:A>G,100015226|F|0-25:T>A-25:T>A,13667695.0,16581877.0,0.020512940735183772
100039121|F|0-17:A>G-17:A>G,100017539|F|0-11:A>T-11:A>T,13667695.0,16662610.0,0.03216250284462638
100039121|F|0-17:A>G-17:A>G,100033601|F|0-15:C>A-15:C>A,13667695.0,16769146.0,0.04189057617703447
100039121|F|0-17:A>G-17:A>G,100039949|F|0-62:A>T-62:A>T,13667695.0,16793350.0,0.0410426267281106
100039121|F|0-17:A>G-17:A>G,100035334|F|0-35:T>C-35:T>C,13667695.0,16832622.0,0.06961190657096598
100039121|F|0-17:A>G-17:A>G,100021345|F|0-28:C>T-28:C>T,13667695.0,16899147.0,0.06204919528642932
100039121|F|0-17:A>G-17:A>G,100022139|F|0-65:T>C-65:T>C,13667695.0,16965771.0,0.02488085388297368
100039121|F|0-17:A>G-17:A>G,100044804|F|0-53:G>C-53:G>C,13667695.0,16968917.0,0.0017014490168632335
100039121|F|0-17:A>G-17:A>G,100030290|F|0-11:A>C-11:A>C,13667695.0,16971407.0,0.02488085388297368
100039121|F|0-17:A>G-17:A>G,100017336|F|0-39:A>G-39:A>G,13667695.0,16987827.0,0.014071426510473776
100039121|F|0-17:A>G-17:A>G,100029568|F|0-9:T>G-9:T>G,13667695.0,16988131.0,0.00680389117257716
100039121|F|0-17:A>G-17:A>G,100034247|F|0-37:G>C-37:G>C,13667695.0,16999534.0,0.014654732579691167
100039121|F|0-17:A>G-17:A>G,100012983|F|0-45:A>T-45:A>T,13667695.0,17017248.0,3.626131352982199e-05
100039121|F|0-17:A>G-17:A>G,100020033|F|0-7:G>A-7:G>A,13667695.0,17020316.0,0.012144212523719156
100039121|F|0-17:A>G-17:A>G,100018782|F|0-63:C>T-63:C>T,13667695.0,17424649.0,0.007165667703491434
100039121|F|0-17:A>G-17:A>G,100019630|F|0-24:A>T-24:A>T,13667695.0,17521232.0,0.09141666503053027
100039121|F|0-17:A>G-17:A>G,100021757|F|0-47:G>A-47:G>A,13667695.0,17521694.0,0.10969574780058637
100039121|F|0-17:A>G-17:A>G,100038944|F|0-45:C>T-45:C>T,13667695.0,17607936.0,0.0020777181787190505
100039121|F|0-17:A>G-17:A>G,100047378|F|0-35:C>T-35:C>T,13667695.0,17706505.0,0.07947994603213523
100039121|F|0-17:A>G-17:A>G,100029543|F|0-46:T>C-46:T>C,13667695.0,18278899.0,0.008510607178859438
100039121|F|0-17:A>G-17:A>G,100021798|F|0-27:T>C-27:T>C,13667695.0,18732658.0,0.001389444450410194
100039121|F|0-17:A>G-17:A>G,100017716|F|0-8:C>T-8:C>T,13667695.0,18851585.0,0.00037061195445920326
100018973|F|0-53:T>G-53:T>G,100022289|F|0-10:A>G-10:A>G,13667871.0,13667876.0,0.9087646312226787
100018973|F|0-53:T>G-53:T>G,100015169|F|0-21:A>G-21:A>G,13667871.0,13718785.0,0.17325502967144277
100018973|F|0-53:T>G-53:T>G,100020673|F|0-43:T>A-43:T>A,13667871.0,13731316.0,0.20939426427231295
100018973|F|0-53:T>G-53:T>G,100015679|F|0-19:G>A-19:G>A,13667871.0,14080553.0,0.0003884333189469138
100018973|F|0-53:T>G-53:T>G,100016059|F|0-15:A>T-15:A>T,13667871.0,14090473.0,0.005978752260397825
100018973|F|0-53:T>G-53:T>G,100019698|F|0-15:C>A-15:C>A,13667871.0,14160112.0,0.001966292134831461
100018973|F|0-53:T>G-53:T>G,100036115|F|0-39:C>T-39:C>T,13667871.0,14240591.0,5.240355332866015e-05
100018973|F|0-53:T>G-53:T>G,100035750|F|0-64:T>C-64:T>C,13667871.0,14346419.0,0.09051288323548612
100018973|F|0-53:T>G-53:T>G,100021715|F|0-7:C>A-7:C>A,13667871.0,14348921.0,0.08629648497198163
100018973|F|0-53:T>G-53:T>G,100040569|F|0-37:C>T-37:C>T,13667871.0,14351912.0,0.3946712018140587
100018973|F|0-53:T>G-53:T>G,100015147|F|0-16:C>G-16:C>G,13667871.0,14409032.0,0.03377149806010775
100018973|F|0-53:T>G-53:T>G,100030246|F|0-11:C>A-11:C>A,13667871.0,14458674.0,0.0387020283087699
100018973|F|0-53:T>G-53:T>G,100035083|F|0-24:G>C-24:G>C,13667871.0,14490822.0,0.0004422645273921346
100018973|F|0-53:T>G-53:T>G,100013053|F|0-56:A>T-56:A>T,13667871.0,14502847.0,0.0011897900370522864
100018973|F|0-53:T>G-53:T>G,100044112|F|0-18:T>G-18:T>G,13667871.0,14593733.0,0.007755102040816324
100018973|F|0-53:T>G-53:T>G,100041853|F|0-21:T>C-21:T>C,13667871.0,14595838.0,0.004475730388773873
100018973|F|0-53:T>G-53:T>G,100033723|F|0-20:T>C-20:T>C,13667871.0,14595843.0,3.25273419261729e-05
100018973|F|0-53:T>G-53:T>G,100017564|F|0-8:A>T-8:A>T,13667871.0,14625545.0,1.027749229188079e-05
100018973|F|0-53:T>G-53:T>G,100057963|F|0-26:C>T-26:C>T,13667871.0,14656009.0,0.04903061224489799
100018973|F|0-53:T>G-53:T>G,100019295|F|0-19:G>T-19:G>T,13667871.0,14656014.0,0.04082172591515794
100018973|F|0-53:T>G-53:T>G,100035362|F|0-6:C>A-6:C>A,13667871.0,14658473.0,0.013242032379594761
100018973|F|0-53:T>G-53:T>G,100014679|F|0-16:C>A-16:C>A,13667871.0,14859822.0,0.025169592976855452
100018973|F|0-53:T>G-53:T>G,100021838|F|0-57:A>G-57:A>G,13667871.0,14928961.0,0.04362244897959186
100018973|F|0-53:T>G-53:T>G,100046294|F|0-6:C>G-6:C>G,13667871.0,15124860.0,0.0003883069960950325
100018973|F|0-53:T>G-53:T>G,100045141|F|0-49:C>T-49:C>T,13667871.0,15225158.0,0.0013597448380057106
100018973|F|0-53:T>G-53:T>G,100043254|F|0-7:C>G-7:C>G,13667871.0,15229542.0,0.0066202090592334594
100018973|F|0-53:T>G-53:T>G,100013673|F|0-63:C>A-63:C>A,13667871.0,15256237.0,0.0026255811833348526
100018973|F|0-53:T>G-53:T>G,100016806|F|0-26:T>A-26:T>A,13667871.0,15351778.0,0.08718397806883968
100018973|F|0-53:T>G-53:T>G,100033542|F|0-31:T>C-31:T>C,13667871.0,15394673.0,0.0006322861094645353
100018973|F|0-53:T>G-53:T>G,100029793|F|0-30:G>A-30:G>A,13667871.0,15400977.0,0.014957126678530969
100018973|F|0-53:T>G-53:T>G,100021703|F|0-41:T>C-41:T>C,13667871.0,15431799.0,0.00614276234714191
100018973|F|0-53:T>G-53:T>G,100017056|F|0-15:G>A-15:G>A,13667871.0,15535069.0,0.007387862796833771
100018973|F|0-53:T>G-53:T>G,100021184|F|0-17:T>G-17:T>G,13667871.0,15536283.0,0.007387862796833771
100018973|F|0-53:T>G-53:T>G,100044126|F|0-46:C>T-46:C>T,13667871.0,15556197.0,0.03434065934065935
100018973|F|0-53:T>G-53:T>G,100017834|F|0-8:C>T-8:C>T,13667871.0,15619447.0,0.15557372423787733
100018973|F|0-53:T>G-53:T>G,100020292|F|0-58:T>C-58:T>C,13667871.0,15819325.0,0.040301065653178494
100018973|F|0-53:T>G-53:T>G,100015600|F|0-30:C>A-30:C>A,13667871.0,15832699.0,0.044016745702430346
100018973|F|0-53:T>G-53:T>G,100049389|F|0-23:C>A-23:C>A,13667871.0,15838578.0,0.038275211499830604
100018973|F|0-53:T>G-53:T>G,100038568|F|0-15:C>T-15:C>T,13667871.0,15839422.0,0.044016745702430346
100018973|F|0-53:T>G-53:T>G,100018705|F|0-34:T>C-34:T>C,13667871.0,15915251.0,0.022138126773888357
100018973|F|0-53:T>G-53:T>G,100019856|F|0-16:C>T-16:C>T,13667871.0,15948596.0,1.027749229188065e-05
100018973|F|0-53:T>G-53:T>G,100034716|F|0-53:A>G-53:A>G,13667871.0,15958067.0,0.031732232994151045
100018973|F|0-53:T>G-53:T>G,100021071|F|0-60:A>G-60:A>G,13667871.0,15967627.0,0.028506787330316686
100018973|F|0-53:T>G-53:T>G,100020211|F|0-33:C>A-33:C>A,13667871.0,15977146.0,0.01785379254891453
100018973|F|0-53:T>G-53:T>G,100013484|F|0-22:G>A-22:G>A,13667871.0,16177456.0,0.00216122757726389
100018973|F|0-53:T>G-53:T>G,100021316|F|0-63:C>A-63:C>A,13667871.0,16179198.0,0.00908956838069022
100018973|F|0-53:T>G-53:T>G,100017187|F|0-41:T>C-41:T>C,13667871.0,16245982.0,0.13516071428571436
100018973|F|0-53:T>G-53:T>G,100029840|F|0-31:T>C-31:T>C,13667871.0,16252498.0,0.08288432328723322
100018973|F|0-53:T>G-53:T>G,100013453|F|0-6:G>A-6:G>A,13667871.0,16307679.0,0.027620695169285784
100018973|F|0-53:T>G-53:T>G,100016783|F|0-52:G>T-52:G>T,13667871.0,16317524.0,0.030606743663613042
100018973|F|0-53:T>G-53:T>G,100014400|F|0-16:A>T-16:A>T,13667871.0,16381041.0,0.00018328072497708896
100018973|F|0-53:T>G-53:T>G,100016625|F|0-16:T>C-16:T>C,13667871.0,16411184.0,0.0008604011811424521
100018973|F|0-53:T>G-53:T>G,100015226|F|0-25:T>A-25:T>A,13667871.0,16581877.0,0.007978168011390618
100018973|F|0-53:T>G-53:T>G,100017539|F|0-11:A>T-11:A>T,13667871.0,16662610.0,0.032766439909297014
100018973|F|0-53:T>G-53:T>G,100033601|F|0-15:C>A-15:C>A,13667871.0,16769146.0,0.03342469416404848
100018973|F|0-53:T>G-53:T>G,100039949|F|0-62:A>T-62:A>T,13667871.0,16793350.0,0.03231292517006804
100018973|F|0-53:T>G-53:T>G,100035334|F|0-35:T>C-35:T>C,13667871.0,16832622.0,0.05908884106292594
100018973|F|0-53:T>G-53:T>G,100021345|F|0-28:C>T-28:C>T,13667871.0,16899147.0,0.0525998905309251
100018973|F|0-53:T>G-53:T>G,100022139|F|0-65:T>C-65:T>C,13667871.0,16965771.0,0.01763327270183291
100018973|F|0-53:T>G-53:T>G,100044804|F|0-53:G>C-53:G>C,13667871.0,16968917.0,0.000834300150625745
100018973|F|0-53:T>G-53:T>G,100030290|F|0-11:A>C-11:A>C,13667871.0,16971407.0,0.01763327270183291
100018973|F|0-53:T>G-53:T>G,100017336|F|0-39:A>G-39:A>G,13667871.0,16987827.0,0.004923758412130502
100018973|F|0-53:T>G-53:T>G,100029568|F|0-9:T>G-9:T>G,13667871.0,16988131.0,0.0031595186670780673
100018973|F|0-53:T>G-53:T>G,100034247|F|0-37:G>C-37:G>C,13667871.0,16999534.0,0.009463455851288553
100018973|F|0-53:T>G-53:T>G,100012983|F|0-45:A>T-45:A>T,13667871.0,17017248.0,1.027749229188081e-05
100018973|F|0-53:T>G-53:T>G,100020033|F|0-7:G>A-7:G>A,13667871.0,17020316.0,0.006507563025210092
100018973|F|0-53:T>G-53:T>G,100018782|F|0-63:C>T-63:C>T,13667871.0,17424649.0,0.002507351803126454
100018973|F|0-53:T>G-53:T>G,100019630|F|0-24:A>T-24:A>T,13667871.0,17521232.0,0.09394400486914185
100018973|F|0-53:T>G-53:T>G,100021757|F|0-47:G>A-47:G>A,13667871.0,17521694.0,0.11280148423005551
100018973|F|0-53:T>G-53:T>G,100038944|F|0-45:C>T-45:C>T,13667871.0,17607936.0,0.009662200415172687
100018973|F|0-53:T>G-53:T>G,100047378|F|0-35:C>T-35:C>T,13667871.0,17706505.0,0.09940928843020082
100018973|F|0-53:T>G-53:T>G,100029543|F|0-46:T>C-46:T>C,13667871.0,18278899.0,0.006377551020408177
100018973|F|0-53:T>G-53:T>G,100021798|F|0-27:T>C-27:T>C,13667871.0,18732658.0,0.00030435609663305695
100018973|F|0-53:T>G-53:T>G,100017716|F|0-8:C>T-8:C>T,13667871.0,18851585.0,0.0008235294117647031
100022289|F|0-10:A>G-10:A>G,100015169|F|0-21:A>G-21:A>G,13667876.0,13718785.0,0.19702529727523946
100022289|F|0-10:A>G-10:A>G,100020673|F|0-43:T>A-43:T>A,13667876.0,13731316.0,0.2230089511769141
100022289|F|0-10:A>G-10:A>G,100015679|F|0-19:G>A-19:G>A,13667876.0,14080553.0,1.4911885667590684e-06
100022289|F|0-10:A>G-10:A>G,100016059|F|0-15:A>T-15:A>T,13667876.0,14090473.0,0.008438167743386606
100022289|F|0-10:A>G-10:A>G,100019698|F|0-15:C>A-15:C>A,13667876.0,14160112.0,0.0016027596304224808
100022289|F|0-10:A>G-10:A>G,100036115|F|0-39:C>T-39:C>T,13667876.0,14240591.0,0.0006085583205738609
100022289|F|0-10:A>G-10:A>G,100035750|F|0-64:T>C-64:T>C,13667876.0,14346419.0,0.08947734812731296
100022289|F|0-10:A>G-10:A>G,100021715|F|0-7:C>A-7:C>A,13667876.0,14348921.0,0.08536202067971203
100022289|F|0-10:A>G-10:A>G,100040569|F|0-37:C>T-37:C>T,13667876.0,14351912.0,0.3196753492080902
100022289|F|0-10:A>G-10:A>G,100015147|F|0-16:C>G-16:C>G,13667876.0,14409032.0,0.03227439316449997
100022289|F|0-10:A>G-10:A>G,100030246|F|0-11:C>A-11:C>A,13667876.0,14458674.0,0.02952627083864807
100022289|F|0-10:A>G-10:A>G,100035083|F|0-24:G>C-24:G>C,13667876.0,14490822.0,0.005069498465250598
100022289|F|0-10:A>G-10:A>G,100013053|F|0-56:A>T-56:A>T,13667876.0,14502847.0,0.008193200212795614
100022289|F|0-10:A>G-10:A>G,100044112|F|0-18:T>G-18:T>G,13667876.0,14593733.0,0.01860731130227674
100022289|F|0-10:A>G-10:A>G,100041853|F|0-21:T>C-21:T>C,13667876.0,14595838.0,0.015464024048083435
100022289|F|0-10:A>G-10:A>G,100033723|F|0-20:T>C-20:T>C,13667876.0,14595843.0,0.00047020456361056924
100022289|F|0-10:A>G-10:A>G,100017564|F|0-8:A>T-8:A>T,13667876.0,14625545.0,0.0017399703139758644
100022289|F|0-10:A>G-10:A>G,100057963|F|0-26:C>T-26:C>T,13667876.0,14656009.0,0.021981110641031608
100022289|F|0-10:A>G-10:A>G,100019295|F|0-19:G>T-19:G>T,13667876.0,14656014.0,0.015314555551192523
100022289|F|0-10:A>G-10:A>G,100035362|F|0-6:C>A-6:C>A,13667876.0,14658473.0,0.003018668921975827
100022289|F|0-10:A>G-10:A>G,100014679|F|0-16:C>A-16:C>A,13667876.0,14859822.0,0.019219536160270355
100022289|F|0-10:A>G-10:A>G,100021838|F|0-57:A>G-57:A>G,13667876.0,14928961.0,0.02830172049076301
100022289|F|0-10:A>G-10:A>G,100046294|F|0-6:C>G-6:C>G,13667876.0,15124860.0,0.002806905541993714
100022289|F|0-10:A>G-10:A>G,100045141|F|0-49:C>T-49:C>T,13667876.0,15225158.0,0.0005755089825221582
100022289|F|0-10:A>G-10:A>G,100043254|F|0-7:C>G-7:C>G,13667876.0,15229542.0,0.004631859003683818
100022289|F|0-10:A>G-10:A>G,100013673|F|0-63:C>A-63:C>A,13667876.0,15256237.0,0.0016708444339729052
100022289|F|0-10:A>G-10:A>G,100016806|F|0-26:T>A-26:T>A,13667876.0,15351778.0,0.08668650822884591
100022289|F|0-10:A>G-10:A>G,100033542|F|0-31:T>C-31:T>C,13667876.0,15394673.0,0.0014868944386871093
100022289|F|0-10:A>G-10:A>G,100029793|F|0-30:G>A-30:G>A,13667876.0,15400977.0,0.02098316450134657
100022289|F|0-10:A>G-10:A>G,100021703|F|0-41:T>C-41:T>C,13667876.0,15431799.0,0.0012681851262060413
100022289|F|0-10:A>G-10:A>G,100017056|F|0-15:G>A-15:G>A,13667876.0,15535069.0,0.009857342671914193
100022289|F|0-10:A>G-10:A>G,100021184|F|0-17:T>G-17:T>G,13667876.0,15536283.0,0.009857342671914193
100022289|F|0-10:A>G-10:A>G,100044126|F|0-46:C>T-46:C>T,13667876.0,15556197.0,0.03459829903561392
100022289|F|0-10:A>G-10:A>G,100017834|F|0-8:C>T-8:C>T,13667876.0,15619447.0,0.12048847964166723
100022289|F|0-10:A>G-10:A>G,100020292|F|0-58:T>C-58:T>C,13667876.0,15819325.0,0.04511821026705008
100022289|F|0-10:A>G-10:A>G,100015600|F|0-30:C>A-30:C>A,13667876.0,15832699.0,0.049046139809038374
100022289|F|0-10:A>G-10:A>G,100049389|F|0-23:C>A-23:C>A,13667876.0,15838578.0,0.04298724854210235
100022289|F|0-10:A>G-10:A>G,100038568|F|0-15:C>T-15:C>T,13667876.0,15839422.0,0.049046139809038374
100022289|F|0-10:A>G-10:A>G,100018705|F|0-34:T>C-34:T>C,13667876.0,15915251.0,0.024784274125618098
100022289|F|0-10:A>G-10:A>G,100019856|F|0-16:C>T-16:C>T,13667876.0,15948596.0,0.00022193498902753372
100022289|F|0-10:A>G-10:A>G,100034716|F|0-53:A>G-53:A>G,13667876.0,15958067.0,0.03614273557604211
100022289|F|0-10:A>G-10:A>G,100021071|F|0-60:A>G-60:A>G,13667876.0,15967627.0,0.03269934293103669
100022289|F|0-10:A>G-10:A>G,100020211|F|0-33:C>A-33:C>A,13667876.0,15977146.0,0.03034473051086343
100022289|F|0-10:A>G-10:A>G,100013484|F|0-22:G>A-22:G>A,13667876.0,16177456.0,0.003010970843482528
100022289|F|0-10:A>G-10:A>G,100021316|F|0-63:C>A-63:C>A,13667876.0,16179198.0,0.018608910046885332
100022289|F|0-10:A>G-10:A>G,100017187|F|0-41:T>C-41:T>C,13667876.0,16245982.0,0.145128948667325
100022289|F|0-10:A>G-10:A>G,100029840|F|0-31:T>C-31:T>C,13667876.0,16252498.0,0.07020775249125655
100022289|F|0-10:A>G-10:A>G,100013453|F|0-6:G>A-6:G>A,13667876.0,16307679.0,0.027827918548640685
100022289|F|0-10:A>G-10:A>G,100016783|F|0-52:G>T-52:G>T,13667876.0,16317524.0,0.03083636977599544
100022289|F|0-10:A>G-10:A>G,100014400|F|0-16:A>T-16:A>T,13667876.0,16381041.0,0.004171712146936577
100022289|F|0-10:A>G-10:A>G,100016625|F|0-16:T>C-16:T>C,13667876.0,16411184.0,0.0006123178437968571
100022289|F|0-10:A>G-10:A>G,100015226|F|0-25:T>A-25:T>A,13667876.0,16581877.0,0.026236992191215155
100022289|F|0-10:A>G-10:A>G,100017539|F|0-11:A>T-11:A>T,13667876.0,16662610.0,0.03485943754124082
100022289|F|0-10:A>G-10:A>G,100033601|F|0-15:C>A-15:C>A,13667876.0,16769146.0,0.041159937194570756
100022289|F|0-10:A>G-10:A>G,100039949|F|0-62:A>T-62:A>T,13667876.0,16793350.0,0.04019179241291777
100022289|F|0-10:A>G-10:A>G,100035334|F|0-35:T>C-35:T>C,13667876.0,16832622.0,0.07030452528648896
100022289|F|0-10:A>G-10:A>G,100021345|F|0-28:C>T-28:C>T,13667876.0,16899147.0,0.061102341022644314
100022289|F|0-10:A>G-10:A>G,100022139|F|0-65:T>C-65:T>C,13667876.0,16965771.0,0.024256651773757985
100022289|F|0-10:A>G-10:A>G,100044804|F|0-53:G>C-53:G>C,13667876.0,16968917.0,0.0030022561714667115
100022289|F|0-10:A>G-10:A>G,100030290|F|0-11:A>C-11:A>C,13667876.0,16971407.0,0.024256651773757985
100022289|F|0-10:A>G-10:A>G,100017336|F|0-39:A>G-39:A>G,13667876.0,16987827.0,0.01771970348498737
100022289|F|0-10:A>G-10:A>G,100029568|F|0-9:T>G-9:T>G,13667876.0,16988131.0,0.006398994497024638
100022289|F|0-10:A>G-10:A>G,100034247|F|0-37:G>C-37:G>C,13667876.0,16999534.0,0.014043146739200688
100022289|F|0-10:A>G-10:A>G,100012983|F|0-45:A>T-45:A>T,13667876.0,17017248.0,0.0002219349890275327
100022289|F|0-10:A>G-10:A>G,100020033|F|0-7:G>A-7:G>A,13667876.0,17020316.0,0.012266999593519512
100022289|F|0-10:A>G-10:A>G,100018782|F|0-63:C>T-63:C>T,13667876.0,17424649.0,0.005166048305934016
100022289|F|0-10:A>G-10:A>G,100019630|F|0-24:A>T-24:A>T,13667876.0,17521232.0,0.09830826762735696
100022289|F|0-10:A>G-10:A>G,100021757|F|0-47:G>A-47:G>A,13667876.0,17521694.0,0.11789592441122532
100022289|F|0-10:A>G-10:A>G,100038944|F|0-45:C>T-45:C>T,13667876.0,17607936.0,0.0028196849151258235
100022289|F|0-10:A>G-10:A>G,100047378|F|0-35:C>T-35:C>T,13667876.0,17706505.0,0.07019230047406537
100022289|F|0-10:A>G-10:A>G,100029543|F|0-46:T>C-46:T>C,13667876.0,18278899.0,0.011742437596953884
100022289|F|0-10:A>G-10:A>G,100021798|F|0-27:T>C-27:T>C,13667876.0,18732658.0,0.003313121169142042
100022289|F|0-10:A>G-10:A>G,100017716|F|0-8:C>T-8:C>T,13667876.0,18851585.0,0.00013065443354044542
100015169|F|0-21:A>G-21:A>G,100020673|F|0-43:T>A-43:T>A,13718785.0,13731316.0,0.5786091611208358
100015169|F|0-21:A>G-21:A>G,100015679|F|0-19:G>A-19:G>A,13718785.0,14080553.0,0.0011776967648922305
100015169|F|0-21:A>G-21:A>G,100016059|F|0-15:A>T-15:A>T,13718785.0,14090473.0,0.004146266977030529
100015169|F|0-21:A>G-21:A>G,100019698|F|0-15:C>A-15:C>A,13718785.0,14160112.0,0.04759090397388262
100015169|F|0-21:A>G-21:A>G,100036115|F|0-39:C>T-39:C>T,13718785.0,14240591.0,0.0013747429206721954
100015169|F|0-21:A>G-21:A>G,100035750|F|0-64:T>C-64:T>C,13718785.0,14346419.0,0.00016618726087539668
100015169|F|0-21:A>G-21:A>G,100021715|F|0-7:C>A-7:C>A,13718785.0,14348921.0,0.0034433240893717277
100015169|F|0-21:A>G-21:A>G,100040569|F|0-37:C>T-37:C>T,13718785.0,14351912.0,0.02079502670519223
100015169|F|0-21:A>G-21:A>G,100015147|F|0-16:C>G-16:C>G,13718785.0,14409032.0,0.004916929816023404
100015169|F|0-21:A>G-21:A>G,100030246|F|0-11:C>A-11:C>A,13718785.0,14458674.0,0.0006501138912088002
100015169|F|0-21:A>G-21:A>G,100035083|F|0-24:G>C-24:G>C,13718785.0,14490822.0,0.06339620360218641
100015169|F|0-21:A>G-21:A>G,100013053|F|0-56:A>T-56:A>T,13718785.0,14502847.0,0.053824429397732604
100015169|F|0-21:A>G-21:A>G,100044112|F|0-18:T>G-18:T>G,13718785.0,14593733.0,0.00044406651549508874
100015169|F|0-21:A>G-21:A>G,100041853|F|0-21:T>C-21:T>C,13718785.0,14595838.0,2.742577827375844e-05
100015169|F|0-21:A>G-21:A>G,100033723|F|0-20:T>C-20:T>C,13718785.0,14595843.0,0.0065941243795367395
100015169|F|0-21:A>G-21:A>G,100017564|F|0-8:A>T-8:A>T,13718785.0,14625545.0,0.002714424205316589
100015169|F|0-21:A>G-21:A>G,100057963|F|0-26:C>T-26:C>T,13718785.0,14656009.0,0.005988967691095337
100015169|F|0-21:A>G-21:A>G,100019295|F|0-19:G>T-19:G>T,13718785.0,14656014.0,0.003924656297977211
100015169|F|0-21:A>G-21:A>G,100035362|F|0-6:C>A-6:C>A,13718785.0,14658473.0,0.008645806027177249
100015169|F|0-21:A>G-21:A>G,100014679|F|0-16:C>A-16:C>A,13718785.0,14859822.0,0.018354059005431866
100015169|F|0-21:A>G-21:A>G,100021838|F|0-57:A>G-57:A>G,13718785.0,14928961.0,0.06405141843971636
100015169|F|0-21:A>G-21:A>G,100046294|F|0-6:C>G-6:C>G,13718785.0,15124860.0,0.006103743764001538
100015169|F|0-21:A>G-21:A>G,100045141|F|0-49:C>T-49:C>T,13718785.0,15225158.0,0.059995868737774315
100015169|F|0-21:A>G-21:A>G,100043254|F|0-7:C>G-7:C>G,13718785.0,15229542.0,0.05343242642152883
100015169|F|0-21:A>G-21:A>G,100013673|F|0-63:C>A-63:C>A,13718785.0,15256237.0,0.07982651301637315
100015169|F|0-21:A>G-21:A>G,100016806|F|0-26:T>A-26:T>A,13718785.0,15351778.0,9.235196142604389e-05
100015169|F|0-21:A>G-21:A>G,100033542|F|0-31:T>C-31:T>C,13718785.0,15394673.0,0.00384738810623865
100015169|F|0-21:A>G-21:A>G,100029793|F|0-30:G>A-30:G>A,13718785.0,15400977.0,0.02891080650953906
100015169|F|0-21:A>G-21:A>G,100021703|F|0-41:T>C-41:T>C,13718785.0,15431799.0,0.00015967363381558095
100015169|F|0-21:A>G-21:A>G,100017056|F|0-15:G>A-15:G>A,13718785.0,15535069.0,0.0002571356393003525
100015169|F|0-21:A>G-21:A>G,100021184|F|0-17:T>G-17:T>G,13718785.0,15536283.0,0.0002571356393003525
100015169|F|0-21:A>G-21:A>G,100044126|F|0-46:C>T-46:C>T,13718785.0,15556197.0,4.164718260463098e-05
100015169|F|0-21:A>G-21:A>G,100017834|F|0-8:C>T-8:C>T,13718785.0,15619447.0,0.023087472177357616
100015169|F|0-21:A>G-21:A>G,100020292|F|0-58:T>C-58:T>C,13718785.0,15819325.0,0.003797079825948066
100015169|F|0-21:A>G-21:A>G,100015600|F|0-30:C>A-30:C>A,13718785.0,15832699.0,0.003120178503113084
100015169|F|0-21:A>G-21:A>G,100049389|F|0-23:C>A-23:C>A,13718785.0,15838578.0,0.004284144745038454
100015169|F|0-21:A>G-21:A>G,100038568|F|0-15:C>T-15:C>T,13718785.0,15839422.0,0.003120178503113084
100015169|F|0-21:A>G-21:A>G,100018705|F|0-34:T>C-34:T>C,13718785.0,15915251.0,0.0034433240893717164
100015169|F|0-21:A>G-21:A>G,100019856|F|0-16:C>T-16:C>T,13718785.0,15948596.0,0.00271442420531658
100015169|F|0-21:A>G-21:A>G,100034716|F|0-53:A>G-53:A>G,13718785.0,15958067.0,0.0007139220409348446
100015169|F|0-21:A>G-21:A>G,100021071|F|0-60:A>G-60:A>G,13718785.0,15967627.0,0.0010670389268637108
100015169|F|0-21:A>G-21:A>G,100020211|F|0-33:C>A-33:C>A,13718785.0,15977146.0,0.012443365534310018
100015169|F|0-21:A>G-21:A>G,100013484|F|0-22:G>A-22:G>A,13718785.0,16177456.0,0.008918895720003036
100015169|F|0-21:A>G-21:A>G,100021316|F|0-63:C>A-63:C>A,13718785.0,16179198.0,0.017229837857739027
100015169|F|0-21:A>G-21:A>G,100017187|F|0-41:T>C-41:T>C,13718785.0,16245982.0,0.0057810916919959175
100015169|F|0-21:A>G-21:A>G,100029840|F|0-31:T>C-31:T>C,13718785.0,16252498.0,0.0003029733485507465
100015169|F|0-21:A>G-21:A>G,100013453|F|0-6:G>A-6:G>A,13718785.0,16307679.0,0.007554564276058921
100015169|F|0-21:A>G-21:A>G,100016783|F|0-52:G>T-52:G>T,13718785.0,16317524.0,0.000834759215727962
100015169|F|0-21:A>G-21:A>G,100014400|F|0-16:A>T-16:A>T,13718785.0,16381041.0,0.008403977292832477
100015169|F|0-21:A>G-21:A>G,100016625|F|0-16:T>C-16:T>C,13718785.0,16411184.0,0.009647422912690327
100015169|F|0-21:A>G-21:A>G,100015226|F|0-25:T>A-25:T>A,13718785.0,16581877.0,0.03890981429682212
100015169|F|0-21:A>G-21:A>G,100017539|F|0-11:A>T-11:A>T,13718785.0,16662610.0,0.02079502670519223
100015169|F|0-21:A>G-21:A>G,100033601|F|0-15:C>A-15:C>A,13718785.0,16769146.0,0.0419427167117307
100015169|F|0-21:A>G-21:A>G,100039949|F|0-62:A>T-62:A>T,13718785.0,16793350.0,0.04263038548752838
100015169|F|0-21:A>G-21:A>G,100035334|F|0-35:T>C-35:T>C,13718785.0,16832622.0,0.043082561789723264
100015169|F|0-21:A>G-21:A>G,100021345|F|0-28:C>T-28:C>T,13718785.0,16899147.0,0.042927004603912196
100015169|F|0-21:A>G-21:A>G,100022139|F|0-65:T>C-65:T>C,13718785.0,16965771.0,0.009334063193702287
100015169|F|0-21:A>G-21:A>G,100044804|F|0-53:G>C-53:G>C,13718785.0,16968917.0,0.019781140241780428
100015169|F|0-21:A>G-21:A>G,100030290|F|0-11:A>C-11:A>C,13718785.0,16971407.0,0.009334063193702287
100015169|F|0-21:A>G-21:A>G,100017336|F|0-39:A>G-39:A>G,13718785.0,16987827.0,0.016122230620003973
100015169|F|0-21:A>G-21:A>G,100029568|F|0-9:T>G-9:T>G,13718785.0,16988131.0,0.005691921545972396
100015169|F|0-21:A>G-21:A>G,100034247|F|0-37:G>C-37:G>C,13718785.0,16999534.0,0.005566877219656133
100015169|F|0-21:A>G-21:A>G,100012983|F|0-45:A>T-45:A>T,13718785.0,17017248.0,0.0012498815537235885
100015169|F|0-21:A>G-21:A>G,100020033|F|0-7:G>A-7:G>A,13718785.0,17020316.0,0.0007077299004708224
100015169|F|0-21:A>G-21:A>G,100018782|F|0-63:C>T-63:C>T,13718785.0,17424649.0,0.0011496968719024463
100015169|F|0-21:A>G-21:A>G,100019630|F|0-24:A>T-24:A>T,13718785.0,17521232.0,0.002835399450309888
100015169|F|0-21:A>G-21:A>G,100021757|F|0-47:G>A-47:G>A,13718785.0,17521694.0,0.003949065119277875
100015169|F|0-21:A>G-21:A>G,100038944|F|0-45:C>T-45:C>T,13718785.0,17607936.0,0.0016815363262705758
100015169|F|0-21:A>G-21:A>G,100047378|F|0-35:C>T-35:C>T,13718785.0,17706505.0,0.019783203508731393
100015169|F|0-21:A>G-21:A>G,100029543|F|0-46:T>C-46:T>C,13718785.0,18278899.0,0.0023686835106382967
100015169|F|0-21:A>G-21:A>G,100021798|F|0-27:T>C-27:T>C,13718785.0,18732658.0,0.04152678225722661
100015169|F|0-21:A>G-21:A>G,100017716|F|0-8:C>T-8:C>T,13718785.0,18851585.0,0.04688569044639126
100020673|F|0-43:T>A-43:T>A,100015679|F|0-19:G>A-19:G>A,13731316.0,14080553.0,0.005362821174109919
100020673|F|0-43:T>A-43:T>A,100016059|F|0-15:A>T-15:A>T,13731316.0,14090473.0,0.0044002481772626965
100020673|F|0-43:T>A-43:T>A,100019698|F|0-15:C>A-15:C>A,13731316.0,14160112.0,0.10470144027282975
100020673|F|0-43:T>A-43:T>A,100036115|F|0-39:C>T-39:C>T,13731316.0,14240591.0,0.005855304394705318
100020673|F|0-43:T>A-43:T>A,100035750|F|0-64:T>C-64:T>C,13731316.0,14346419.0,0.0007520218115774377
100020673|F|0-43:T>A-43:T>A,100021715|F|0-7:C>A-7:C>A,13731316.0,14348921.0,0.00020095022455769615
100020673|F|0-43:T>A-43:T>A,100040569|F|0-37:C>T-37:C>T,13731316.0,14351912.0,0.0274013851249623
100020673|F|0-43:T>A-43:T>A,100015147|F|0-16:C>G-16:C>G,13731316.0,14409032.0,0.007453736412578478
100020673|F|0-43:T>A-43:T>A,100030246|F|0-11:C>A-11:C>A,13731316.0,14458674.0,0.00031045961437849796
100020673|F|0-43:T>A-43:T>A,100035083|F|0-24:G>C-24:G>C,13731316.0,14490822.0,0.06952612331331244
100020673|F|0-43:T>A-43:T>A,100013053|F|0-56:A>T-56:A>T,13731316.0,14502847.0,0.06359116739028202
100020673|F|0-43:T>A-43:T>A,100044112|F|0-18:T>G-18:T>G,13731316.0,14593733.0,0.0056582983412251505
100020673|F|0-43:T>A-43:T>A,100041853|F|0-21:T>C-21:T>C,13731316.0,14595838.0,0.003472883112331663
100020673|F|0-43:T>A-43:T>A,100033723|F|0-20:T>C-20:T>C,13731316.0,14595843.0,0.016438366791466038
100020673|F|0-43:T>A-43:T>A,100017564|F|0-8:A>T-8:A>T,13731316.0,14625545.0,0.025662396911738952
100020673|F|0-43:T>A-43:T>A,100057963|F|0-26:C>T-26:C>T,13731316.0,14656009.0,0.004104127579737353
100020673|F|0-43:T>A-43:T>A,100019295|F|0-19:G>T-19:G>T,13731316.0,14656014.0,0.002065785796974168
100020673|F|0-43:T>A-43:T>A,100035362|F|0-6:C>A-6:C>A,13731316.0,14658473.0,0.006932344119208483
100020673|F|0-43:T>A-43:T>A,100014679|F|0-16:C>A-16:C>A,13731316.0,14859822.0,0.020446612931965112
100020673|F|0-43:T>A-43:T>A,100021838|F|0-57:A>G-57:A>G,13731316.0,14928961.0,0.06691821897614582
100020673|F|0-43:T>A-43:T>A,100046294|F|0-6:C>G-6:C>G,13731316.0,15124860.0,0.0012367138105160793
100020673|F|0-43:T>A-43:T>A,100045141|F|0-49:C>T-49:C>T,13731316.0,15225158.0,0.02786810793173462
100020673|F|0-43:T>A-43:T>A,100043254|F|0-7:C>G-7:C>G,13731316.0,15229542.0,0.021301423145563582
100020673|F|0-43:T>A-43:T>A,100013673|F|0-63:C>A-63:C>A,13731316.0,15256237.0,0.05874234175555625
100020673|F|0-43:T>A-43:T>A,100016806|F|0-26:T>A-26:T>A,13731316.0,15351778.0,0.0031207871124143394
100020673|F|0-43:T>A-43:T>A,100033542|F|0-31:T>C-31:T>C,13731316.0,15394673.0,0.008729522341504934
100020673|F|0-43:T>A-43:T>A,100029793|F|0-30:G>A-30:G>A,13731316.0,15400977.0,0.059969530786866405
100020673|F|0-43:T>A-43:T>A,100021703|F|0-41:T>C-41:T>C,13731316.0,15431799.0,0.00024401448649267739
100020673|F|0-43:T>A-43:T>A,100017056|F|0-15:G>A-15:G>A,13731316.0,15535069.0,0.0025345656338641724
100020673|F|0-43:T>A-43:T>A,100021184|F|0-17:T>G-17:T>G,13731316.0,15536283.0,0.0025345656338641724
100020673|F|0-43:T>A-43:T>A,100044126|F|0-46:C>T-46:C>T,13731316.0,15556197.0,0.0032472218213306166
100020673|F|0-43:T>A-43:T>A,100017834|F|0-8:C>T-8:C>T,13731316.0,15619447.0,3.920272685915037e-05
100020673|F|0-43:T>A-43:T>A,100020292|F|0-58:T>C-58:T>C,13731316.0,15819325.0,0.002545605087686848
100020673|F|0-43:T>A-43:T>A,100015600|F|0-30:C>A-30:C>A,13731316.0,15832699.0,0.0019270180532957593
100020673|F|0-43:T>A-43:T>A,100049389|F|0-23:C>A-23:C>A,13731316.0,15838578.0,0.002998129224951766
100020673|F|0-43:T>A-43:T>A,100038568|F|0-15:C>T-15:C>T,13731316.0,15839422.0,0.0019270180532957593
100020673|F|0-43:T>A-43:T>A,100018705|F|0-34:T>C-34:T>C,13731316.0,15915251.0,0.01145989740786156
100020673|F|0-43:T>A-43:T>A,100019856|F|0-16:C>T-16:C>T,13731316.0,15948596.0,0.006748822330503357
100020673|F|0-43:T>A-43:T>A,100034716|F|0-53:A>G-53:A>G,13731316.0,15958067.0,0.005229975829677621
100020673|F|0-43:T>A-43:T>A,100021071|F|0-60:A>G-60:A>G,13731316.0,15967627.0,0.00629175757472854
100020673|F|0-43:T>A-43:T>A,100020211|F|0-33:C>A-33:C>A,13731316.0,15977146.0,0.023524538084895963
100020673|F|0-43:T>A-43:T>A,100013484|F|0-22:G>A-22:G>A,13731316.0,16177456.0,0.03587860794236934
100020673|F|0-43:T>A-43:T>A,100021316|F|0-63:C>A-63:C>A,13731316.0,16179198.0,0.07100564401271098
100020673|F|0-43:T>A-43:T>A,100017187|F|0-41:T>C-41:T>C,13731316.0,16245982.0,0.039055171200750416
100020673|F|0-43:T>A-43:T>A,100029840|F|0-31:T>C-31:T>C,13731316.0,16252498.0,0.009675885145059545
100020673|F|0-43:T>A-43:T>A,100013453|F|0-6:G>A-6:G>A,13731316.0,16307679.0,0.01044715224414256
100020673|F|0-43:T>A-43:T>A,100016783|F|0-52:G>T-52:G>T,13731316.0,16317524.0,0.002675800774348076
100020673|F|0-43:T>A-43:T>A,100014400|F|0-16:A>T-16:A>T,13731316.0,16381041.0,0.03662782378687335
100020673|F|0-43:T>A-43:T>A,100016625|F|0-16:T>C-16:T>C,13731316.0,16411184.0,0.03662782378687333
100020673|F|0-43:T>A-43:T>A,100015226|F|0-25:T>A-25:T>A,13731316.0,16581877.0,0.0227197646369512
100020673|F|0-43:T>A-43:T>A,100017539|F|0-11:A>T-11:A>T,13731316.0,16662610.0,0.006261353822329422
100020673|F|0-43:T>A-43:T>A,100033601|F|0-15:C>A-15:C>A,13731316.0,16769146.0,0.019491299984811566
100020673|F|0-43:T>A-43:T>A,100039949|F|0-62:A>T-62:A>T,13731316.0,16793350.0,0.019096756901634947
100020673|F|0-43:T>A-43:T>A,100035334|F|0-35:T>C-35:T>C,13731316.0,16832622.0,0.025129926893559886
100020673|F|0-43:T>A-43:T>A,100021345|F|0-28:C>T-28:C>T,13731316.0,16899147.0,0.021727166044869992
100020673|F|0-43:T>A-43:T>A,100022139|F|0-65:T>C-65:T>C,13731316.0,16965771.0,0.0015444888118737266
100020673|F|0-43:T>A-43:T>A,100044804|F|0-53:G>C-53:G>C,13731316.0,16968917.0,0.009180811151710608
100020673|F|0-43:T>A-43:T>A,100030290|F|0-11:A>C-11:A>C,13731316.0,16971407.0,0.0015444888118737266
100020673|F|0-43:T>A-43:T>A,100017336|F|0-39:A>G-39:A>G,13731316.0,16987827.0,0.017202164590794117
100020673|F|0-43:T>A-43:T>A,100029568|F|0-9:T>G-9:T>G,13731316.0,16988131.0,0.0008560290786493181
100020673|F|0-43:T>A-43:T>A,100034247|F|0-37:G>C-37:G>C,13731316.0,16999534.0,0.0003663966151214583
100020673|F|0-43:T>A-43:T>A,100012983|F|0-45:A>T-45:A>T,13731316.0,17017248.0,0.005466546087707715
100020673|F|0-43:T>A-43:T>A,100020033|F|0-7:G>A-7:G>A,13731316.0,17020316.0,0.00019865357024610963
100020673|F|0-43:T>A-43:T>A,100018782|F|0-63:C>T-63:C>T,13731316.0,17424649.0,0.015741149160804057
100020673|F|0-43:T>A-43:T>A,100019630|F|0-24:A>T-24:A>T,13731316.0,17521232.0,0.010966988269068088
100020673|F|0-43:T>A-43:T>A,100021757|F|0-47:G>A-47:G>A,13731316.0,17521694.0,0.01400428839453233
100020673|F|0-43:T>A-43:T>A,100038944|F|0-45:C>T-45:C>T,13731316.0,17607936.0,3.965490320485916e-05
100020673|F|0-43:T>A-43:T>A,100047378|F|0-35:C>T-35:C>T,13731316.0,17706505.0,0.015591226217907057
100020673|F|0-43:T>A-43:T>A,100029543|F|0-46:T>C-46:T>C,13731316.0,18278899.0,0.001174963565398016
100020673|F|0-43:T>A-43:T>A,100021798|F|0-27:T>C-27:T>C,13731316.0,18732658.0,0.011037191187234978
100020673|F|0-43:T>A-43:T>A,100017716|F|0-8:C>T-8:C>T,13731316.0,18851585.0,0.026514733473126564
100015679|F|0-19:G>A-19:G>A,100016059|F|0-15:A>T-15:A>T,14080553.0,14090473.0,0.002223435886649583
100015679|F|0-19:G>A-19:G>A,100019698|F|0-15:C>A-15:C>A,14080553.0,14160112.0,0.016429614039851954
100015679|F|0-19:G>A-19:G>A,100036115|F|0-39:C>T-39:C>T,14080553.0,14240591.0,0.08770090152424864
100015679|F|0-19:G>A-19:G>A,100035750|F|0-64:T>C-64:T>C,14080553.0,14346419.0,0.006525990150229681
100015679|F|0-19:G>A-19:G>A,100021715|F|0-7:C>A-7:C>A,14080553.0,14348921.0,0.006799506889541103
100015679|F|0-19:G>A-19:G>A,100040569|F|0-37:C>T-37:C>T,14080553.0,14351912.0,0.006794252891936671
100015679|F|0-19:G>A-19:G>A,100015147|F|0-16:C>G-16:C>G,14080553.0,14409032.0,5.510809145983333e-06
100015679|F|0-19:G>A-19:G>A,100030246|F|0-11:C>A-11:C>A,14080553.0,14458674.0,0.002870707825051151
100015679|F|0-19:G>A-19:G>A,100035083|F|0-24:G>C-24:G>C,14080553.0,14490822.0,0.028643642918334895
100015679|F|0-19:G>A-19:G>A,100013053|F|0-56:A>T-56:A>T,14080553.0,14502847.0,0.02299054476435919
100015679|F|0-19:G>A-19:G>A,100044112|F|0-18:T>G-18:T>G,14080553.0,14593733.0,0.034452476861842336
100015679|F|0-19:G>A-19:G>A,100041853|F|0-21:T>C-21:T>C,14080553.0,14595838.0,0.022929528438197927
100015679|F|0-19:G>A-19:G>A,100033723|F|0-20:T>C-20:T>C,14080553.0,14595843.0,0.06327587656529246
100015679|F|0-19:G>A-19:G>A,100017564|F|0-8:A>T-8:A>T,14080553.0,14625545.0,0.007186094025082056
100015679|F|0-19:G>A-19:G>A,100057963|F|0-26:C>T-26:C>T,14080553.0,14656009.0,0.052870090634441015
100015679|F|0-19:G>A-19:G>A,100019295|F|0-19:G>T-19:G>T,14080553.0,14656014.0,0.04991601711518081
100015679|F|0-19:G>A-19:G>A,100035362|F|0-6:C>A-6:C>A,14080553.0,14658473.0,0.05745241638009191
100015679|F|0-19:G>A-19:G>A,100014679|F|0-16:C>A-16:C>A,14080553.0,14859822.0,0.0018651861916094217
100015679|F|0-19:G>A-19:G>A,100021838|F|0-57:A>G-57:A>G,14080553.0,14928961.0,0.031007229175658204
100015679|F|0-19:G>A-19:G>A,100046294|F|0-6:C>G-6:C>G,14080553.0,15124860.0,0.012108407625319836
100015679|F|0-19:G>A-19:G>A,100045141|F|0-49:C>T-49:C>T,14080553.0,15225158.0,0.002044866355913247
100015679|F|0-19:G>A-19:G>A,100043254|F|0-7:C>G-7:C>G,14080553.0,15229542.0,0.0007875248692063927
100015679|F|0-19:G>A-19:G>A,100013673|F|0-63:C>A-63:C>A,14080553.0,15256237.0,0.0012148697551655474
100015679|F|0-19:G>A-19:G>A,100016806|F|0-26:T>A-26:T>A,14080553.0,15351778.0,5.7975122230882974e-05
100015679|F|0-19:G>A-19:G>A,100033542|F|0-31:T>C-31:T>C,14080553.0,15394673.0,3.342902391428768e-05
100015679|F|0-19:G>A-19:G>A,100029793|F|0-30:G>A-30:G>A,14080553.0,15400977.0,0.007007147427234125
100015679|F|0-19:G>A-19:G>A,100021703|F|0-41:T>C-41:T>C,14080553.0,15431799.0,0.00011051147013834758
100015679|F|0-19:G>A-19:G>A,100017056|F|0-15:G>A-15:G>A,14080553.0,15535069.0,0.09083820915272374
100015679|F|0-19:G>A-19:G>A,100021184|F|0-17:T>G-17:T>G,14080553.0,15536283.0,0.09083820915272374
100015679|F|0-19:G>A-19:G>A,100044126|F|0-46:C>T-46:C>T,14080553.0,15556197.0,0.001470630955147576
100015679|F|0-19:G>A-19:G>A,100017834|F|0-8:C>T-8:C>T,14080553.0,15619447.0,0.0033392920928590085
100015679|F|0-19:G>A-19:G>A,100020292|F|0-58:T>C-58:T>C,14080553.0,15819325.0,0.09488091129297883
100015679|F|0-19:G>A-19:G>A,100015600|F|0-30:C>A-30:C>A,14080553.0,15832699.0,0.05255747702799272
100015679|F|0-19:G>A-19:G>A,100049389|F|0-23:C>A-23:C>A,14080553.0,15838578.0,0.09339550167364309
100015679|F|0-19:G>A-19:G>A,100038568|F|0-15:C>T-15:C>T,14080553.0,15839422.0,0.05255747702799272
100015679|F|0-19:G>A-19:G>A,100018705|F|0-34:T>C-34:T>C,14080553.0,15915251.0,0.04304116333437469
100015679|F|0-19:G>A-19:G>A,100019856|F|0-16:C>T-16:C>T,14080553.0,15948596.0,0.37885250711817303
100015679|F|0-19:G>A-19:G>A,100034716|F|0-53:A>G-53:A>G,14080553.0,15958067.0,0.0024704620509579415
100015679|F|0-19:G>A-19:G>A,100021071|F|0-60:A>G-60:A>G,14080553.0,15967627.0,0.00015571386583915564
100015679|F|0-19:G>A-19:G>A,100020211|F|0-33:C>A-33:C>A,14080553.0,15977146.0,0.012817383504418346
100015679|F|0-19:G>A-19:G>A,100013484|F|0-22:G>A-22:G>A,14080553.0,16177456.0,0.04103259503361651
100015679|F|0-19:G>A-19:G>A,100021316|F|0-63:C>A-63:C>A,14080553.0,16179198.0,0.04850470845817495
100015679|F|0-19:G>A-19:G>A,100017187|F|0-41:T>C-41:T>C,14080553.0,16245982.0,0.024169184290030246
100015679|F|0-19:G>A-19:G>A,100029840|F|0-31:T>C-31:T>C,14080553.0,16252498.0,0.011770135774145925
100015679|F|0-19:G>A-19:G>A,100013453|F|0-6:G>A-6:G>A,14080553.0,16307679.0,0.011448819870773409
100015679|F|0-19:G>A-19:G>A,100016783|F|0-52:G>T-52:G>T,14080553.0,16317524.0,0.012686541482319255
100015679|F|0-19:G>A-19:G>A,100014400|F|0-16:A>T-16:A>T,14080553.0,16381041.0,0.023903245742291523
100015679|F|0-19:G>A-19:G>A,100016625|F|0-16:T>C-16:T>C,14080553.0,16411184.0,0.04157281655838908
100015679|F|0-19:G>A-19:G>A,100015226|F|0-25:T>A-25:T>A,14080553.0,16581877.0,0.012703124529513913
100015679|F|0-19:G>A-19:G>A,100017539|F|0-11:A>T-11:A>T,14080553.0,16662610.0,0.006794252891936667
100015679|F|0-19:G>A-19:G>A,100033601|F|0-15:C>A-15:C>A,14080553.0,16769146.0,3.4636465553682904e-05
100015679|F|0-19:G>A-19:G>A,100039949|F|0-62:A>T-62:A>T,14080553.0,16793350.0,0.006833549129621632
100015679|F|0-19:G>A-19:G>A,100035334|F|0-35:T>C-35:T>C,14080553.0,16832622.0,0.004939934313435789
100015679|F|0-19:G>A-19:G>A,100021345|F|0-28:C>T-28:C>T,14080553.0,16899147.0,0.0008118973619937302
100015679|F|0-19:G>A-19:G>A,100022139|F|0-65:T>C-65:T>C,14080553.0,16965771.0,0.005728641134365625
100015679|F|0-19:G>A-19:G>A,100044804|F|0-53:G>C-53:G>C,14080553.0,16968917.0,0.0004968425995325834
100015679|F|0-19:G>A-19:G>A,100030290|F|0-11:A>C-11:A>C,14080553.0,16971407.0,0.005728641134365625
100015679|F|0-19:G>A-19:G>A,100017336|F|0-39:A>G-39:A>G,14080553.0,16987827.0,3.6030388029262864e-06
100015679|F|0-19:G>A-19:G>A,100029568|F|0-9:T>G-9:T>G,14080553.0,16988131.0,0.007540635419861278
100015679|F|0-19:G>A-19:G>A,100034247|F|0-37:G>C-37:G>C,14080553.0,16999534.0,0.0005003337685726597
100015679|F|0-19:G>A-19:G>A,100012983|F|0-45:A>T-45:A>T,14080553.0,17017248.0,0.00021734877958660292
100015679|F|0-19:G>A-19:G>A,100020033|F|0-7:G>A-7:G>A,14080553.0,17020316.0,0.004838279722765255
100015679|F|0-19:G>A-19:G>A,100018782|F|0-63:C>T-63:C>T,14080553.0,17424649.0,0.0013763735094742189
100015679|F|0-19:G>A-19:G>A,100019630|F|0-24:A>T-24:A>T,14080553.0,17521232.0,0.0004249925988308916
100015679|F|0-19:G>A-19:G>A,100021757|F|0-47:G>A-47:G>A,14080553.0,17521694.0,0.015748224585082588
100015679|F|0-19:G>A-19:G>A,100038944|F|0-45:C>T-45:C>T,14080553.0,17607936.0,1.795926837931586e-05
100015679|F|0-19:G>A-19:G>A,100047378|F|0-35:C>T-35:C>T,14080553.0,17706505.0,0.009655037735632354
100015679|F|0-19:G>A-19:G>A,100029543|F|0-46:T>C-46:T>C,14080553.0,18278899.0,0.0028356981009926585
100015679|F|0-19:G>A-19:G>A,100021798|F|0-27:T>C-27:T>C,14080553.0,18732658.0,0.02804820159223755
100015679|F|0-19:G>A-19:G>A,100017716|F|0-8:C>T-8:C>T,14080553.0,18851585.0,0.051181802025946285
100016059|F|0-15:A>T-15:A>T,100019698|F|0-15:C>A-15:C>A,14090473.0,14160112.0,0.0502242548870874
100016059|F|0-15:A>T-15:A>T,100036115|F|0-39:C>T-39:C>T,14090473.0,14240591.0,0.006779617581878993
100016059|F|0-15:A>T-15:A>T,100035750|F|0-64:T>C-64:T>C,14090473.0,14346419.0,0.011532028495462632
100016059|F|0-15:A>T-15:A>T,100021715|F|0-7:C>A-7:C>A,14090473.0,14348921.0,0.011801395435815805
100016059|F|0-15:A>T-15:A>T,100040569|F|0-37:C>T-37:C>T,14090473.0,14351912.0,0.011609654410287319
100016059|F|0-15:A>T-15:A>T,100015147|F|0-16:C>G-16:C>G,14090473.0,14409032.0,0.05849620047923716
100016059|F|0-15:A>T-15:A>T,100030246|F|0-11:C>A-11:C>A,14090473.0,14458674.0,0.0035201251600056878
100016059|F|0-15:A>T-15:A>T,100035083|F|0-24:G>C-24:G>C,14090473.0,14490822.0,0.021006065510459453
100016059|F|0-15:A>T-15:A>T,100013053|F|0-56:A>T-56:A>T,14090473.0,14502847.0,0.0337944132345968
100016059|F|0-15:A>T-15:A>T,100044112|F|0-18:T>G-18:T>G,14090473.0,14593733.0,9.103028252767794e-35
100016059|F|0-15:A>T-15:A>T,100041853|F|0-21:T>C-21:T>C,14090473.0,14595838.0,5.446248394789913e-05
100016059|F|0-15:A>T-15:A>T,100033723|F|0-20:T>C-20:T>C,14090473.0,14595843.0,5.954895739178179e-06
100016059|F|0-15:A>T-15:A>T,100017564|F|0-8:A>T-8:A>T,14090473.0,14625545.0,0.0014229123030689334
100016059|F|0-15:A>T-15:A>T,100057963|F|0-26:C>T-26:C>T,14090473.0,14656009.0,0.0031394414305806646
100016059|F|0-15:A>T-15:A>T,100019295|F|0-19:G>T-19:G>T,14090473.0,14656014.0,0.0011475544210119567
100016059|F|0-15:A>T-15:A>T,100035362|F|0-6:C>A-6:C>A,14090473.0,14658473.0,0.016648603354475485
100016059|F|0-15:A>T-15:A>T,100014679|F|0-16:C>A-16:C>A,14090473.0,14859822.0,0.03846104265374919
100016059|F|0-15:A>T-15:A>T,100021838|F|0-57:A>G-57:A>G,14090473.0,14928961.0,0.02174220162748646
100016059|F|0-15:A>T-15:A>T,100046294|F|0-6:C>G-6:C>G,14090473.0,15124860.0,0.03754757056358005
100016059|F|0-15:A>T-15:A>T,100045141|F|0-49:C>T-49:C>T,14090473.0,15225158.0,0.029125265882282914
100016059|F|0-15:A>T-15:A>T,100043254|F|0-7:C>G-7:C>G,14090473.0,15229542.0,0.026488692497684485
100016059|F|0-15:A>T-15:A>T,100013673|F|0-63:C>A-63:C>A,14090473.0,15256237.0,0.005604365755737396
100016059|F|0-15:A>T-15:A>T,100016806|F|0-26:T>A-26:T>A,14090473.0,15351778.0,0.02807110469353057
100016059|F|0-15:A>T-15:A>T,100033542|F|0-31:T>C-31:T>C,14090473.0,15394673.0,0.00017726771364042046
100016059|F|0-15:A>T-15:A>T,100029793|F|0-30:G>A-30:G>A,14090473.0,15400977.0,0.004302435597861147
100016059|F|0-15:A>T-15:A>T,100021703|F|0-41:T>C-41:T>C,14090473.0,15431799.0,0.0013232026912383546
100016059|F|0-15:A>T-15:A>T,100017056|F|0-15:G>A-15:G>A,14090473.0,15535069.0,0.006086971043051335
100016059|F|0-15:A>T-15:A>T,100021184|F|0-17:T>G-17:T>G,14090473.0,15536283.0,0.006086971043051335
100016059|F|0-15:A>T-15:A>T,100044126|F|0-46:C>T-46:C>T,14090473.0,15556197.0,0.011886106377799379
100016059|F|0-15:A>T-15:A>T,100017834|F|0-8:C>T-8:C>T,14090473.0,15619447.0,0.014382554850616066
100016059|F|0-15:A>T-15:A>T,100020292|F|0-58:T>C-58:T>C,14090473.0,15819325.0,0.002104958631300217
100016059|F|0-15:A>T-15:A>T,100015600|F|0-30:C>A-30:C>A,14090473.0,15832699.0,0.0028085853379904327
100016059|F|0-15:A>T-15:A>T,100049389|F|0-23:C>A-23:C>A,14090473.0,15838578.0,0.001723822327597335
100016059|F|0-15:A>T-15:A>T,100038568|F|0-15:C>T-15:C>T,14090473.0,15839422.0,0.0028085853379904327
100016059|F|0-15:A>T-15:A>T,100018705|F|0-34:T>C-34:T>C,14090473.0,15915251.0,0.011801395435815766
100016059|F|0-15:A>T-15:A>T,100019856|F|0-16:C>T-16:C>T,14090473.0,15948596.0,0.01115563245606048
100016059|F|0-15:A>T-15:A>T,100034716|F|0-53:A>G-53:A>G,14090473.0,15958067.0,0.02534574071576145
100016059|F|0-15:A>T-15:A>T,100021071|F|0-60:A>G-60:A>G,14090473.0,15967627.0,0.03890565933043125
100016059|F|0-15:A>T-15:A>T,100020211|F|0-33:C>A-33:C>A,14090473.0,15977146.0,0.019118146923314417
100016059|F|0-15:A>T-15:A>T,100013484|F|0-22:G>A-22:G>A,14090473.0,16177456.0,0.013960435856680558
100016059|F|0-15:A>T-15:A>T,100021316|F|0-63:C>A-63:C>A,14090473.0,16179198.0,0.018830801832960195
100016059|F|0-15:A>T-15:A>T,100017187|F|0-41:T>C-41:T>C,14090473.0,16245982.0,0.0003955696202531631
100016059|F|0-15:A>T-15:A>T,100029840|F|0-31:T>C-31:T>C,14090473.0,16252498.0,0.00033668796441246526
100016059|F|0-15:A>T-15:A>T,100013453|F|0-6:G>A-6:G>A,14090473.0,16307679.0,0.00416440979579641
100016059|F|0-15:A>T-15:A>T,100016783|F|0-52:G>T-52:G>T,14090473.0,16317524.0,0.0052137605508317435
100016059|F|0-15:A>T-15:A>T,100014400|F|0-16:A>T-16:A>T,14090473.0,16381041.0,0.005291836209929905
100016059|F|0-15:A>T-15:A>T,100016625|F|0-16:T>C-16:T>C,14090473.0,16411184.0,0.015175437805065108
100016059|F|0-15:A>T-15:A>T,100015226|F|0-25:T>A-25:T>A,14090473.0,16581877.0,0.013904075024180998
100016059|F|0-15:A>T-15:A>T,100017539|F|0-11:A>T-11:A>T,14090473.0,16662610.0,0.016978099256580313
100016059|F|0-15:A>T-15:A>T,100033601|F|0-15:C>A-15:C>A,14090473.0,16769146.0,0.005604242312954988
100016059|F|0-15:A>T-15:A>T,100039949|F|0-62:A>T-62:A>T,14090473.0,16793350.0,0.00715792646172393
100016059|F|0-15:A>T-15:A>T,100035334|F|0-35:T>C-35:T>C,14090473.0,16832622.0,0.0012936062165721878
100016059|F|0-15:A>T-15:A>T,100021345|F|0-28:C>T-28:C>T,14090473.0,16899147.0,0.004729406130268201
100016059|F|0-15:A>T-15:A>T,100022139|F|0-65:T>C-65:T>C,14090473.0,16965771.0,0.008220564351157342
100016059|F|0-15:A>T-15:A>T,100044804|F|0-53:G>C-53:G>C,14090473.0,16968917.0,0.013764760460933228
100016059|F|0-15:A>T-15:A>T,100030290|F|0-11:A>C-11:A>C,14090473.0,16971407.0,0.008220564351157342
100016059|F|0-15:A>T-15:A>T,100017336|F|0-39:A>G-39:A>G,14090473.0,16987827.0,0.007727642414498378
100016059|F|0-15:A>T-15:A>T,100029568|F|0-9:T>G-9:T>G,14090473.0,16988131.0,0.01245659840883617
100016059|F|0-15:A>T-15:A>T,100034247|F|0-37:G>C-37:G>C,14090473.0,16999534.0,0.010781820709866146
100016059|F|0-15:A>T-15:A>T,100012983|F|0-45:A>T-45:A>T,14090473.0,17017248.0,0.0011525589654858433
100016059|F|0-15:A>T-15:A>T,100020033|F|0-7:G>A-7:G>A,14090473.0,17020316.0,0.016753536857781096
100016059|F|0-15:A>T-15:A>T,100018782|F|0-63:C>T-63:C>T,14090473.0,17424649.0,0.004906691855122953
100016059|F|0-15:A>T-15:A>T,100019630|F|0-24:A>T-24:A>T,14090473.0,17521232.0,0.0001165281169826712
100016059|F|0-15:A>T-15:A>T,100021757|F|0-47:G>A-47:G>A,14090473.0,17521694.0,0.0008784727930297567
100016059|F|0-15:A>T-15:A>T,100038944|F|0-45:C>T-45:C>T,14090473.0,17607936.0,0.0019444049629617145
100016059|F|0-15:A>T-15:A>T,100047378|F|0-35:C>T-35:C>T,14090473.0,17706505.0,4.5498026664100246e-05
100016059|F|0-15:A>T-15:A>T,100029543|F|0-46:T>C-46:T>C,14090473.0,18278899.0,0.003125927116297475
100016059|F|0-15:A>T-15:A>T,100021798|F|0-27:T>C-27:T>C,14090473.0,18732658.0,0.0004005734969407869
100016059|F|0-15:A>T-15:A>T,100017716|F|0-8:C>T-8:C>T,14090473.0,18851585.0,0.014543000744601646
100019698|F|0-15:C>A-15:C>A,100036115|F|0-39:C>T-39:C>T,14160112.0,14240591.0,0.012924809367182483
100019698|F|0-15:C>A-15:C>A,100035750|F|0-64:T>C-64:T>C,14160112.0,14346419.0,0.04630351116469706
100019698|F|0-15:C>A-15:C>A,100021715|F|0-7:C>A-7:C>A,14160112.0,14348921.0,0.05907064717244039
100019698|F|0-15:C>A-15:C>A,100040569|F|0-37:C>T-37:C>T,14160112.0,14351912.0,0.04425712348101027
100019698|F|0-15:C>A-15:C>A,100015147|F|0-16:C>G-16:C>G,14160112.0,14409032.0,0.004408757395371713
100019698|F|0-15:C>A-15:C>A,100030246|F|0-11:C>A-11:C>A,14160112.0,14458674.0,0.00018363154330835237
100019698|F|0-15:C>A-15:C>A,100035083|F|0-24:G>C-24:G>C,14160112.0,14490822.0,0.06406801540471956
100019698|F|0-15:C>A-15:C>A,100013053|F|0-56:A>T-56:A>T,14160112.0,14502847.0,0.02432118353499049
100019698|F|0-15:C>A-15:C>A,100044112|F|0-18:T>G-18:T>G,14160112.0,14593733.0,2.193754577278586e-33
100019698|F|0-15:C>A-15:C>A,100041853|F|0-21:T>C-21:T>C,14160112.0,14595838.0,9.549255057587394e-06
100019698|F|0-15:C>A-15:C>A,100033723|F|0-20:T>C-20:T>C,14160112.0,14595843.0,0.00038189950736285073
100019698|F|0-15:C>A-15:C>A,100017564|F|0-8:A>T-8:A>T,14160112.0,14625545.0,0.04546924258346144
100019698|F|0-15:C>A-15:C>A,100057963|F|0-26:C>T-26:C>T,14160112.0,14656009.0,0.046844346352773444
100019698|F|0-15:C>A-15:C>A,100019295|F|0-19:G>T-19:G>T,14160112.0,14656014.0,0.03284645927096211
100019698|F|0-15:C>A-15:C>A,100035362|F|0-6:C>A-6:C>A,14160112.0,14658473.0,0.06458471814010104
100019698|F|0-15:C>A-15:C>A,100014679|F|0-16:C>A-16:C>A,14160112.0,14859822.0,0.11589105622162227
100019698|F|0-15:C>A-15:C>A,100021838|F|0-57:A>G-57:A>G,14160112.0,14928961.0,0.20037871187800946
100019698|F|0-15:C>A-15:C>A,100046294|F|0-6:C>G-6:C>G,14160112.0,15124860.0,0.021513095765798726
100019698|F|0-15:C>A-15:C>A,100045141|F|0-49:C>T-49:C>T,14160112.0,15225158.0,0.034566442358333
100019698|F|0-15:C>A-15:C>A,100043254|F|0-7:C>G-7:C>G,14160112.0,15229542.0,0.06378459852014264
100019698|F|0-15:C>A-15:C>A,100013673|F|0-63:C>A-63:C>A,14160112.0,15256237.0,0.08780913217125695
100019698|F|0-15:C>A-15:C>A,100016806|F|0-26:T>A-26:T>A,14160112.0,15351778.0,0.008954691497035962
100019698|F|0-15:C>A-15:C>A,100033542|F|0-31:T>C-31:T>C,14160112.0,15394673.0,0.07718653895631859
100019698|F|0-15:C>A-15:C>A,100029793|F|0-30:G>A-30:G>A,14160112.0,15400977.0,0.09495650962910167
100019698|F|0-15:C>A-15:C>A,100021703|F|0-41:T>C-41:T>C,14160112.0,15431799.0,0.0259919998807064
100019698|F|0-15:C>A-15:C>A,100017056|F|0-15:G>A-15:G>A,14160112.0,15535069.0,0.00925294569123687
100019698|F|0-15:C>A-15:C>A,100021184|F|0-17:T>G-17:T>G,14160112.0,15536283.0,0.00925294569123687
100019698|F|0-15:C>A-15:C>A,100044126|F|0-46:C>T-46:C>T,14160112.0,15556197.0,6.752376836646581e-05
100019698|F|0-15:C>A-15:C>A,100017834|F|0-8:C>T-8:C>T,14160112.0,15619447.0,0.0343062928902388
100019698|F|0-15:C>A-15:C>A,100020292|F|0-58:T>C-58:T>C,14160112.0,15819325.0,0.014428446575322851
100019698|F|0-15:C>A-15:C>A,100015600|F|0-30:C>A-30:C>A,14160112.0,15832699.0,0.011200988391067175
100019698|F|0-15:C>A-15:C>A,100049389|F|0-23:C>A-23:C>A,14160112.0,15838578.0,0.01677556265836639
100019698|F|0-15:C>A-15:C>A,100038568|F|0-15:C>T-15:C>T,14160112.0,15839422.0,0.011200988391067175
100019698|F|0-15:C>A-15:C>A,100018705|F|0-34:T>C-34:T>C,14160112.0,15915251.0,0.0067783329930811145
100019698|F|0-15:C>A-15:C>A,100019856|F|0-16:C>T-16:C>T,14160112.0,15948596.0,0.05613486738698906
100019698|F|0-15:C>A-15:C>A,100034716|F|0-53:A>G-53:A>G,14160112.0,15958067.0,0.01958161174023215
100019698|F|0-15:C>A-15:C>A,100021071|F|0-60:A>G-60:A>G,14160112.0,15967627.0,0.01609351785946297
100019698|F|0-15:C>A-15:C>A,100020211|F|0-33:C>A-33:C>A,14160112.0,15977146.0,0.001668953325229013
100019698|F|0-15:C>A-15:C>A,100013484|F|0-22:G>A-22:G>A,14160112.0,16177456.0,0.031796605415696386
100019698|F|0-15:C>A-15:C>A,100021316|F|0-63:C>A-63:C>A,14160112.0,16179198.0,0.06073619262913803
100019698|F|0-15:C>A-15:C>A,100017187|F|0-41:T>C-41:T>C,14160112.0,16245982.0,0.006849348470661663
100019698|F|0-15:C>A-15:C>A,100029840|F|0-31:T>C-31:T>C,14160112.0,16252498.0,7.344275168071108e-05
100019698|F|0-15:C>A-15:C>A,100013453|F|0-6:G>A-6:G>A,14160112.0,16307679.0,0.0556138042060224
100019698|F|0-15:C>A-15:C>A,100016783|F|0-52:G>T-52:G>T,14160112.0,16317524.0,0.04445777103011927
100019698|F|0-15:C>A-15:C>A,100014400|F|0-16:A>T-16:A>T,14160112.0,16381041.0,0.015892910056299916
100019698|F|0-15:C>A-15:C>A,100016625|F|0-16:T>C-16:T>C,14160112.0,16411184.0,0.015892910056299916
100019698|F|0-15:C>A-15:C>A,100015226|F|0-25:T>A-25:T>A,14160112.0,16581877.0,0.02146662601980085
100019698|F|0-15:C>A-15:C>A,100017539|F|0-11:A>T-11:A>T,14160112.0,16662610.0,0.003703483520379065
100019698|F|0-15:C>A-15:C>A,100033601|F|0-15:C>A-15:C>A,14160112.0,16769146.0,0.004067213596481241
100019698|F|0-15:C>A-15:C>A,100039949|F|0-62:A>T-62:A>T,14160112.0,16793350.0,0.011295404553831517
100019698|F|0-15:C>A-15:C>A,100035334|F|0-35:T>C-35:T>C,14160112.0,16832622.0,0.0015842419869550697
100019698|F|0-15:C>A-15:C>A,100021345|F|0-28:C>T-28:C>T,14160112.0,16899147.0,0.0059435404020836075
100019698|F|0-15:C>A-15:C>A,100022139|F|0-65:T>C-65:T>C,14160112.0,16965771.0,0.00018349064159516593
100019698|F|0-15:C>A-15:C>A,100044804|F|0-53:G>C-53:G>C,14160112.0,16968917.0,0.01120570755420358
100019698|F|0-15:C>A-15:C>A,100030290|F|0-11:A>C-11:A>C,14160112.0,16971407.0,0.00018349064159516593
100019698|F|0-15:C>A-15:C>A,100017336|F|0-39:A>G-39:A>G,14160112.0,16987827.0,0.04290263661180831
100019698|F|0-15:C>A-15:C>A,100029568|F|0-9:T>G-9:T>G,14160112.0,16988131.0,0.012755721115344468
100019698|F|0-15:C>A-15:C>A,100034247|F|0-37:G>C-37:G>C,14160112.0,16999534.0,0.005582969007371961
100019698|F|0-15:C>A-15:C>A,100012983|F|0-45:A>T-45:A>T,14160112.0,17017248.0,0.0011002434007849893
100019698|F|0-15:C>A-15:C>A,100020033|F|0-7:G>A-7:G>A,14160112.0,17020316.0,0.00011750018359403724
100019698|F|0-15:C>A-15:C>A,100018782|F|0-63:C>T-63:C>T,14160112.0,17424649.0,0.006967353917029453
100019698|F|0-15:C>A-15:C>A,100019630|F|0-24:A>T-24:A>T,14160112.0,17521232.0,0.0007189164791727979
100019698|F|0-15:C>A-15:C>A,100021757|F|0-47:G>A-47:G>A,14160112.0,17521694.0,0.001886845987969575
100019698|F|0-15:C>A-15:C>A,100038944|F|0-45:C>T-45:C>T,14160112.0,17607936.0,9.091178958930115e-05
100019698|F|0-15:C>A-15:C>A,100047378|F|0-35:C>T-35:C>T,14160112.0,17706505.0,0.011713168662745715
100019698|F|0-15:C>A-15:C>A,100029543|F|0-46:T>C-46:T>C,14160112.0,18278899.0,0.008422873333556284
100019698|F|0-15:C>A-15:C>A,100021798|F|0-27:T>C-27:T>C,14160112.0,18732658.0,0.0026931423935792655
100019698|F|0-15:C>A-15:C>A,100017716|F|0-8:C>T-8:C>T,14160112.0,18851585.0,0.026768010575016526
100036115|F|0-39:C>T-39:C>T,100035750|F|0-64:T>C-64:T>C,14240591.0,14346419.0,0.000767889817240174
100036115|F|0-39:C>T-39:C>T,100021715|F|0-7:C>A-7:C>A,14240591.0,14348921.0,0.0003894737190077118
100036115|F|0-39:C>T-39:C>T,100040569|F|0-37:C>T-37:C>T,14240591.0,14351912.0,0.00963753192165139
100036115|F|0-39:C>T-39:C>T,100015147|F|0-16:C>G-16:C>G,14240591.0,14409032.0,0.004758166171714575
100036115|F|0-39:C>T-39:C>T,100030246|F|0-11:C>A-11:C>A,14240591.0,14458674.0,0.004755386608440189
100036115|F|0-39:C>T-39:C>T,100035083|F|0-24:G>C-24:G>C,14240591.0,14490822.0,0.021918078435020773
100036115|F|0-39:C>T-39:C>T,100013053|F|0-56:A>T-56:A>T,14240591.0,14502847.0,0.008642239262554469
100036115|F|0-39:C>T-39:C>T,100044112|F|0-18:T>G-18:T>G,14240591.0,14593733.0,0.17597625666164063
100036115|F|0-39:C>T-39:C>T,100041853|F|0-21:T>C-21:T>C,14240591.0,14595838.0,0.15906693245156603
100036115|F|0-39:C>T-39:C>T,100033723|F|0-20:T>C-20:T>C,14240591.0,14595843.0,0.14967749254615187
100036115|F|0-39:C>T-39:C>T,100017564|F|0-8:A>T-8:A>T,14240591.0,14625545.0,0.0013360078568952465
100036115|F|0-39:C>T-39:C>T,100057963|F|0-26:C>T-26:C>T,14240591.0,14656009.0,0.0029476998747371207
100036115|F|0-39:C>T-39:C>T,100019295|F|0-19:G>T-19:G>T,14240591.0,14656014.0,0.0012033637324166046
100036115|F|0-39:C>T-39:C>T,100035362|F|0-6:C>A-6:C>A,14240591.0,14658473.0,0.0009008027949348141
100036115|F|0-39:C>T-39:C>T,100014679|F|0-16:C>A-16:C>A,14240591.0,14859822.0,0.0015727021101857766
100036115|F|0-39:C>T-39:C>T,100021838|F|0-57:A>G-57:A>G,14240591.0,14928961.0,0.02989852198420996
100036115|F|0-39:C>T-39:C>T,100046294|F|0-6:C>G-6:C>G,14240591.0,15124860.0,5.415836318880431e-05
100036115|F|0-39:C>T-39:C>T,100045141|F|0-49:C>T-49:C>T,14240591.0,15225158.0,0.010069843270851966
100036115|F|0-39:C>T-39:C>T,100043254|F|0-7:C>G-7:C>G,14240591.0,15229542.0,0.013922584373056355
100036115|F|0-39:C>T-39:C>T,100013673|F|0-63:C>A-63:C>A,14240591.0,15256237.0,0.003277515411983326
100036115|F|0-39:C>T-39:C>T,100016806|F|0-26:T>A-26:T>A,14240591.0,15351778.0,9.810729498330531e-05
100036115|F|0-39:C>T-39:C>T,100033542|F|0-31:T>C-31:T>C,14240591.0,15394673.0,0.0022201621646741254
100036115|F|0-39:C>T-39:C>T,100029793|F|0-30:G>A-30:G>A,14240591.0,15400977.0,0.013432603995193549
100036115|F|0-39:C>T-39:C>T,100021703|F|0-41:T>C-41:T>C,14240591.0,15431799.0,0.0010059843541391663
100036115|F|0-39:C>T-39:C>T,100017056|F|0-15:G>A-15:G>A,14240591.0,15535069.0,0.07096116473222411
100036115|F|0-39:C>T-39:C>T,100021184|F|0-17:T>G-17:T>G,14240591.0,15536283.0,0.07096116473222411
100036115|F|0-39:C>T-39:C>T,100044126|F|0-46:C>T-46:C>T,14240591.0,15556197.0,0.0007501343312520972
100036115|F|0-39:C>T-39:C>T,100017834|F|0-8:C>T-8:C>T,14240591.0,15619447.0,0.011893606383509536
100036115|F|0-39:C>T-39:C>T,100020292|F|0-58:T>C-58:T>C,14240591.0,15819325.0,0.10054104114632789
100036115|F|0-39:C>T-39:C>T,100015600|F|0-30:C>A-30:C>A,14240591.0,15832699.0,0.10412146556599618
100036115|F|0-39:C>T-39:C>T,100049389|F|0-23:C>A-23:C>A,14240591.0,15838578.0,0.0989176199212018
100036115|F|0-39:C>T-39:C>T,100038568|F|0-15:C>T-15:C>T,14240591.0,15839422.0,0.10412146556599618
100036115|F|0-39:C>T-39:C>T,100018705|F|0-34:T>C-34:T>C,14240591.0,15915251.0,0.08573434203807882
100036115|F|0-39:C>T-39:C>T,100019856|F|0-16:C>T-16:C>T,14240591.0,15948596.0,0.1632939726571258
100036115|F|0-39:C>T-39:C>T,100034716|F|0-53:A>G-53:A>G,14240591.0,15958067.0,0.012541419700496976
100036115|F|0-39:C>T-39:C>T,100021071|F|0-60:A>G-60:A>G,14240591.0,15967627.0,0.021065717147796075
100036115|F|0-39:C>T-39:C>T,100020211|F|0-33:C>A-33:C>A,14240591.0,15977146.0,0.04116590842237138
100036115|F|0-39:C>T-39:C>T,100013484|F|0-22:G>A-22:G>A,14240591.0,16177456.0,0.0389248500436479
100036115|F|0-39:C>T-39:C>T,100021316|F|0-63:C>A-63:C>A,14240591.0,16179198.0,0.04378806247928341
100036115|F|0-39:C>T-39:C>T,100017187|F|0-41:T>C-41:T>C,14240591.0,16245982.0,0.003520380416566119
100036115|F|0-39:C>T-39:C>T,100029840|F|0-31:T>C-31:T>C,14240591.0,16252498.0,0.00024394122071274307
100036115|F|0-39:C>T-39:C>T,100013453|F|0-6:G>A-6:G>A,14240591.0,16307679.0,0.011112957787016176
100036115|F|0-39:C>T-39:C>T,100016783|F|0-52:G>T-52:G>T,14240591.0,16317524.0,0.012314369650984779
100036115|F|0-39:C>T-39:C>T,100014400|F|0-16:A>T-16:A>T,14240591.0,16381041.0,0.0034336723317129744
100036115|F|0-39:C>T-39:C>T,100016625|F|0-16:T>C-16:T>C,14240591.0,16411184.0,0.010589028773111242
100036115|F|0-39:C>T-39:C>T,100015226|F|0-25:T>A-25:T>A,14240591.0,16581877.0,0.09640006857788541
100036115|F|0-39:C>T-39:C>T,100017539|F|0-11:A>T-11:A>T,14240591.0,16662610.0,0.0008109431906569885
100036115|F|0-39:C>T-39:C>T,100033601|F|0-15:C>A-15:C>A,14240591.0,16769146.0,0.06950934279669589
100036115|F|0-39:C>T-39:C>T,100039949|F|0-62:A>T-62:A>T,14240591.0,16793350.0,0.07100927277300857
100036115|F|0-39:C>T-39:C>T,100035334|F|0-35:T>C-35:T>C,14240591.0,16832622.0,0.0825435973613086
100036115|F|0-39:C>T-39:C>T,100021345|F|0-28:C>T-28:C>T,14240591.0,16899147.0,0.05600425844916826
100036115|F|0-39:C>T-39:C>T,100022139|F|0-65:T>C-65:T>C,14240591.0,16965771.0,0.04855332286326291
100036115|F|0-39:C>T-39:C>T,100044804|F|0-53:G>C-53:G>C,14240591.0,16968917.0,0.09519879298671895
100036115|F|0-39:C>T-39:C>T,100030290|F|0-11:A>C-11:A>C,14240591.0,16971407.0,0.04855332286326291
100036115|F|0-39:C>T-39:C>T,100017336|F|0-39:A>G-39:A>G,14240591.0,16987827.0,0.03913676641553126
100036115|F|0-39:C>T-39:C>T,100029568|F|0-9:T>G-9:T>G,14240591.0,16988131.0,0.04739488832205459
100036115|F|0-39:C>T-39:C>T,100034247|F|0-37:G>C-37:G>C,14240591.0,16999534.0,0.034990358438912225
100036115|F|0-39:C>T-39:C>T,100012983|F|0-45:A>T-45:A>T,14240591.0,17017248.0,0.0013360078568952435
100036115|F|0-39:C>T-39:C>T,100020033|F|0-7:G>A-7:G>A,14240591.0,17020316.0,0.06409185764242165
100036115|F|0-39:C>T-39:C>T,100018782|F|0-63:C>T-63:C>T,14240591.0,17424649.0,0.012454084211877334
100036115|F|0-39:C>T-39:C>T,100019630|F|0-24:A>T-24:A>T,14240591.0,17521232.0,0.0023878920588697823
100036115|F|0-39:C>T-39:C>T,100021757|F|0-47:G>A-47:G>A,14240591.0,17521694.0,0.0002516053115361295
100036115|F|0-39:C>T-39:C>T,100038944|F|0-45:C>T-45:C>T,14240591.0,17607936.0,0.12817064595510358
100036115|F|0-39:C>T-39:C>T,100047378|F|0-35:C>T-35:C>T,14240591.0,17706505.0,0.042112228194182
100036115|F|0-39:C>T-39:C>T,100029543|F|0-46:T>C-46:T>C,14240591.0,18278899.0,1.1372298899448777e-05
100036115|F|0-39:C>T-39:C>T,100021798|F|0-27:T>C-27:T>C,14240591.0,18732658.0,5.3000061448828425e-06
100036115|F|0-39:C>T-39:C>T,100017716|F|0-8:C>T-8:C>T,14240591.0,18851585.0,0.010609899981229682
100035750|F|0-64:T>C-64:T>C,100021715|F|0-7:C>A-7:C>A,14346419.0,14348921.0,0.8793155686129445
100035750|F|0-64:T>C-64:T>C,100040569|F|0-37:C>T-37:C>T,14346419.0,14351912.0,0.10600155629645774
100035750|F|0-64:T>C-64:T>C,100015147|F|0-16:C>G-16:C>G,14346419.0,14409032.0,0.357469510784362
100035750|F|0-64:T>C-64:T>C,100030246|F|0-11:C>A-11:C>A,14346419.0,14458674.0,0.2435261495981831
100035750|F|0-64:T>C-64:T>C,100035083|F|0-24:G>C-24:G>C,14346419.0,14490822.0,0.0037910191162832886
100035750|F|0-64:T>C-64:T>C,100013053|F|0-56:A>T-56:A>T,14346419.0,14502847.0,0.02487893621780965
100035750|F|0-64:T>C-64:T>C,100044112|F|0-18:T>G-18:T>G,14346419.0,14593733.0,0.0017213887076900796
100035750|F|0-64:T>C-64:T>C,100041853|F|0-21:T>C-21:T>C,14346419.0,14595838.0,0.0005588276384385157
100035750|F|0-64:T>C-64:T>C,100033723|F|0-20:T>C-20:T>C,14346419.0,14595843.0,0.0023392951385261544
100035750|F|0-64:T>C-64:T>C,100017564|F|0-8:A>T-8:A>T,14346419.0,14625545.0,0.09354673795210425
100035750|F|0-64:T>C-64:T>C,100057963|F|0-26:C>T-26:C>T,14346419.0,14656009.0,0.023445427447995923
100035750|F|0-64:T>C-64:T>C,100019295|F|0-19:G>T-19:G>T,14346419.0,14656014.0,0.009269834078880124
100035750|F|0-64:T>C-64:T>C,100035362|F|0-6:C>A-6:C>A,14346419.0,14658473.0,0.02265855619237314
100035750|F|0-64:T>C-64:T>C,100014679|F|0-16:C>A-16:C>A,14346419.0,14859822.0,0.003922691704293258
100035750|F|0-64:T>C-64:T>C,100021838|F|0-57:A>G-57:A>G,14346419.0,14928961.0,0.06545580560991518
100035750|F|0-64:T>C-64:T>C,100046294|F|0-6:C>G-6:C>G,14346419.0,15124860.0,0.00019393186163421902
100035750|F|0-64:T>C-64:T>C,100045141|F|0-49:C>T-49:C>T,14346419.0,15225158.0,0.05720137200929331
100035750|F|0-64:T>C-64:T>C,100043254|F|0-7:C>G-7:C>G,14346419.0,15229542.0,0.04774334558414072
100035750|F|0-64:T>C-64:T>C,100013673|F|0-63:C>A-63:C>A,14346419.0,15256237.0,0.03289166469972885
100035750|F|0-64:T>C-64:T>C,100016806|F|0-26:T>A-26:T>A,14346419.0,15351778.0,0.029854549415350016
100035750|F|0-64:T>C-64:T>C,100033542|F|0-31:T>C-31:T>C,14346419.0,15394673.0,0.021103919172398105
100035750|F|0-64:T>C-64:T>C,100029793|F|0-30:G>A-30:G>A,14346419.0,15400977.0,0.006271589951235162
100035750|F|0-64:T>C-64:T>C,100021703|F|0-41:T>C-41:T>C,14346419.0,15431799.0,0.23013617198886152
100035750|F|0-64:T>C-64:T>C,100017056|F|0-15:G>A-15:G>A,14346419.0,15535069.0,0.0007236358598089215
100035750|F|0-64:T>C-64:T>C,100021184|F|0-17:T>G-17:T>G,14346419.0,15536283.0,0.0007236358598089215
100035750|F|0-64:T>C-64:T>C,100044126|F|0-46:C>T-46:C>T,14346419.0,15556197.0,0.012684679048120826
100035750|F|0-64:T>C-64:T>C,100017834|F|0-8:C>T-8:C>T,14346419.0,15619447.0,0.08131468438875963
100035750|F|0-64:T>C-64:T>C,100020292|F|0-58:T>C-58:T>C,14346419.0,15819325.0,0.08347870709799113
100035750|F|0-64:T>C-64:T>C,100015600|F|0-30:C>A-30:C>A,14346419.0,15832699.0,0.0789767977083685
100035750|F|0-64:T>C-64:T>C,100049389|F|0-23:C>A-23:C>A,14346419.0,15838578.0,0.07753942616161508
100035750|F|0-64:T>C-64:T>C,100038568|F|0-15:C>T-15:C>T,14346419.0,15839422.0,0.0789767977083685
100035750|F|0-64:T>C-64:T>C,100018705|F|0-34:T>C-34:T>C,14346419.0,15915251.0,0.04863984861490081
100035750|F|0-64:T>C-64:T>C,100019856|F|0-16:C>T-16:C>T,14346419.0,15948596.0,0.002263600078841039
100035750|F|0-64:T>C-64:T>C,100034716|F|0-53:A>G-53:A>G,14346419.0,15958067.0,0.03507280838564113
100035750|F|0-64:T>C-64:T>C,100021071|F|0-60:A>G-60:A>G,14346419.0,15967627.0,0.03820326866257571
100035750|F|0-64:T>C-64:T>C,100020211|F|0-33:C>A-33:C>A,14346419.0,15977146.0,0.03754761376973626
100035750|F|0-64:T>C-64:T>C,100013484|F|0-22:G>A-22:G>A,14346419.0,16177456.0,0.0016596550128144046
100035750|F|0-64:T>C-64:T>C,100021316|F|0-63:C>A-63:C>A,14346419.0,16179198.0,0.00400721857155878
100035750|F|0-64:T>C-64:T>C,100017187|F|0-41:T>C-41:T>C,14346419.0,16245982.0,0.043078000142694084
100035750|F|0-64:T>C-64:T>C,100029840|F|0-31:T>C-31:T>C,14346419.0,16252498.0,0.1404004185479604
100035750|F|0-64:T>C-64:T>C,100013453|F|0-6:G>A-6:G>A,14346419.0,16307679.0,0.04619667682412583
100035750|F|0-64:T>C-64:T>C,100016783|F|0-52:G>T-52:G>T,14346419.0,16317524.0,0.054736192858332894
100035750|F|0-64:T>C-64:T>C,100014400|F|0-16:A>T-16:A>T,14346419.0,16381041.0,0.014455427378383578
100035750|F|0-64:T>C-64:T>C,100016625|F|0-16:T>C-16:T>C,14346419.0,16411184.0,0.01445542737838357
100035750|F|0-64:T>C-64:T>C,100015226|F|0-25:T>A-25:T>A,14346419.0,16581877.0,0.004588965245225204
100035750|F|0-64:T>C-64:T>C,100017539|F|0-11:A>T-11:A>T,14346419.0,16662610.0,0.022801102091436966
100035750|F|0-64:T>C-64:T>C,100033601|F|0-15:C>A-15:C>A,14346419.0,16769146.0,0.02726484926378683
100035750|F|0-64:T>C-64:T>C,100039949|F|0-62:A>T-62:A>T,14346419.0,16793350.0,0.031630517503805175
100035750|F|0-64:T>C-64:T>C,100035334|F|0-35:T>C-35:T>C,14346419.0,16832622.0,0.054525316517732715
100035750|F|0-64:T>C-64:T>C,100021345|F|0-28:C>T-28:C>T,14346419.0,16899147.0,0.04406629150702442
100035750|F|0-64:T>C-64:T>C,100022139|F|0-65:T>C-65:T>C,14346419.0,16965771.0,0.011518667346455036
100035750|F|0-64:T>C-64:T>C,100044804|F|0-53:G>C-53:G>C,14346419.0,16968917.0,0.01661699172982173
100035750|F|0-64:T>C-64:T>C,100030290|F|0-11:A>C-11:A>C,14346419.0,16971407.0,0.011518667346455036
100035750|F|0-64:T>C-64:T>C,100017336|F|0-39:A>G-39:A>G,14346419.0,16987827.0,0.01753818108548925
100035750|F|0-64:T>C-64:T>C,100029568|F|0-9:T>G-9:T>G,14346419.0,16988131.0,0.016032279061510647
100035750|F|0-64:T>C-64:T>C,100034247|F|0-37:G>C-37:G>C,14346419.0,16999534.0,0.014122070401043229
100035750|F|0-64:T>C-64:T>C,100012983|F|0-45:A>T-45:A>T,14346419.0,17017248.0,0.09354673795210422
100035750|F|0-64:T>C-64:T>C,100020033|F|0-7:G>A-7:G>A,14346419.0,17020316.0,0.01746575342465754
100035750|F|0-64:T>C-64:T>C,100018782|F|0-63:C>T-63:C>T,14346419.0,17424649.0,0.07424559209842867
100035750|F|0-64:T>C-64:T>C,100019630|F|0-24:A>T-24:A>T,14346419.0,17521232.0,0.12990362114630502
100035750|F|0-64:T>C-64:T>C,100021757|F|0-47:G>A-47:G>A,14346419.0,17521694.0,0.13974937733499332
100035750|F|0-64:T>C-64:T>C,100038944|F|0-45:C>T-45:C>T,14346419.0,17607936.0,0.017078236308909842
100035750|F|0-64:T>C-64:T>C,100047378|F|0-35:C>T-35:C>T,14346419.0,17706505.0,0.04314677847804597
100035750|F|0-64:T>C-64:T>C,100029543|F|0-46:T>C-46:T>C,14346419.0,18278899.0,0.00417579207946021
100035750|F|0-64:T>C-64:T>C,100021798|F|0-27:T>C-27:T>C,14346419.0,18732658.0,1.5200432908329607e-06
100035750|F|0-64:T>C-64:T>C,100017716|F|0-8:C>T-8:C>T,14346419.0,18851585.0,0.0002098442116572668
100021715|F|0-7:C>A-7:C>A,100040569|F|0-37:C>T-37:C>T,14348921.0,14351912.0,0.0987333123094714
100021715|F|0-7:C>A-7:C>A,100015147|F|0-16:C>G-16:C>G,14348921.0,14409032.0,0.3658193399950155
100021715|F|0-7:C>A-7:C>A,100030246|F|0-11:C>A-11:C>A,14348921.0,14458674.0,0.20980686104579274
100021715|F|0-7:C>A-7:C>A,100035083|F|0-24:G>C-24:G>C,14348921.0,14490822.0,0.0017742400169195526
100021715|F|0-7:C>A-7:C>A,100013053|F|0-56:A>T-56:A>T,14348921.0,14502847.0,0.027763260080949963
100021715|F|0-7:C>A-7:C>A,100044112|F|0-18:T>G-18:T>G,14348921.0,14593733.0,0.0034568080925696863
100021715|F|0-7:C>A-7:C>A,100041853|F|0-21:T>C-21:T>C,14348921.0,14595838.0,0.0001578108042260075
100021715|F|0-7:C>A-7:C>A,100033723|F|0-20:T>C-20:T>C,14348921.0,14595843.0,0.0012712337297142837
100021715|F|0-7:C>A-7:C>A,100017564|F|0-8:A>T-8:A>T,14348921.0,14625545.0,0.08724350117460822
100021715|F|0-7:C>A-7:C>A,100057963|F|0-26:C>T-26:C>T,14348921.0,14656009.0,0.02733102070850411
100021715|F|0-7:C>A-7:C>A,100019295|F|0-19:G>T-19:G>T,14348921.0,14656014.0,0.012985844035093258
100021715|F|0-7:C>A-7:C>A,100035362|F|0-6:C>A-6:C>A,14348921.0,14658473.0,0.03591396283852844
100021715|F|0-7:C>A-7:C>A,100014679|F|0-16:C>A-16:C>A,14348921.0,14859822.0,0.003885665064399012
100021715|F|0-7:C>A-7:C>A,100021838|F|0-57:A>G-57:A>G,14348921.0,14928961.0,0.05187372643912395
100021715|F|0-7:C>A-7:C>A,100046294|F|0-6:C>G-6:C>G,14348921.0,15124860.0,0.0008762499474094321
100021715|F|0-7:C>A-7:C>A,100045141|F|0-49:C>T-49:C>T,14348921.0,15225158.0,0.08679437095071953
100021715|F|0-7:C>A-7:C>A,100043254|F|0-7:C>G-7:C>G,14348921.0,15229542.0,0.06244175788675864
100021715|F|0-7:C>A-7:C>A,100013673|F|0-63:C>A-63:C>A,14348921.0,15256237.0,0.0459606745207526
100021715|F|0-7:C>A-7:C>A,100016806|F|0-26:T>A-26:T>A,14348921.0,15351778.0,0.04349604137090553
100021715|F|0-7:C>A-7:C>A,100033542|F|0-31:T>C-31:T>C,14348921.0,15394673.0,0.01736763598212855
100021715|F|0-7:C>A-7:C>A,100029793|F|0-30:G>A-30:G>A,14348921.0,15400977.0,0.004621309630197156
100021715|F|0-7:C>A-7:C>A,100021703|F|0-41:T>C-41:T>C,14348921.0,15431799.0,0.21851363698900841
100021715|F|0-7:C>A-7:C>A,100017056|F|0-15:G>A-15:G>A,14348921.0,15535069.0,0.001048587523539033
100021715|F|0-7:C>A-7:C>A,100021184|F|0-17:T>G-17:T>G,14348921.0,15536283.0,0.001048587523539033
100021715|F|0-7:C>A-7:C>A,100044126|F|0-46:C>T-46:C>T,14348921.0,15556197.0,0.010292576119753915
100021715|F|0-7:C>A-7:C>A,100017834|F|0-8:C>T-8:C>T,14348921.0,15619447.0,0.10252755014358673
100021715|F|0-7:C>A-7:C>A,100020292|F|0-58:T>C-58:T>C,14348921.0,15819325.0,0.09775054735879275
100021715|F|0-7:C>A-7:C>A,100015600|F|0-30:C>A-30:C>A,14348921.0,15832699.0,0.09291419264695626
100021715|F|0-7:C>A-7:C>A,100049389|F|0-23:C>A-23:C>A,14348921.0,15838578.0,0.09188008327522598
100021715|F|0-7:C>A-7:C>A,100038568|F|0-15:C>T-15:C>T,14348921.0,15839422.0,0.09291419264695626
100021715|F|0-7:C>A-7:C>A,100018705|F|0-34:T>C-34:T>C,14348921.0,15915251.0,0.06243633817576232
100021715|F|0-7:C>A-7:C>A,100019856|F|0-16:C>T-16:C>T,14348921.0,15948596.0,0.002638744837039171
100021715|F|0-7:C>A-7:C>A,100034716|F|0-53:A>G-53:A>G,14348921.0,15958067.0,0.047911103022289216
100021715|F|0-7:C>A-7:C>A,100021071|F|0-60:A>G-60:A>G,14348921.0,15967627.0,0.05155587647496784
100021715|F|0-7:C>A-7:C>A,100020211|F|0-33:C>A-33:C>A,14348921.0,15977146.0,0.049793661633273804
100021715|F|0-7:C>A-7:C>A,100013484|F|0-22:G>A-22:G>A,14348921.0,16177456.0,0.0024049299329579
100021715|F|0-7:C>A-7:C>A,100021316|F|0-63:C>A-63:C>A,14348921.0,16179198.0,0.005006680716447655
100021715|F|0-7:C>A-7:C>A,100017187|F|0-41:T>C-41:T>C,14348921.0,16245982.0,0.05549740511971472
100021715|F|0-7:C>A-7:C>A,100029840|F|0-31:T>C-31:T>C,14348921.0,16252498.0,0.13513350367358506
100021715|F|0-7:C>A-7:C>A,100013453|F|0-6:G>A-6:G>A,14348921.0,16307679.0,0.03944831162400392
100021715|F|0-7:C>A-7:C>A,100016783|F|0-52:G>T-52:G>T,14348921.0,16317524.0,0.04680919153130298
100021715|F|0-7:C>A-7:C>A,100014400|F|0-16:A>T-16:A>T,14348921.0,16381041.0,0.010741846033298131
100021715|F|0-7:C>A-7:C>A,100016625|F|0-16:T>C-16:T>C,14348921.0,16411184.0,0.01749407880427976
100021715|F|0-7:C>A-7:C>A,100015226|F|0-25:T>A-25:T>A,14348921.0,16581877.0,0.00047599866635751804
100021715|F|0-7:C>A-7:C>A,100017539|F|0-11:A>T-11:A>T,14348921.0,16662610.0,0.018501223247360105
100021715|F|0-7:C>A-7:C>A,100033601|F|0-15:C>A-15:C>A,14348921.0,16769146.0,0.01757174313474999
100021715|F|0-7:C>A-7:C>A,100039949|F|0-62:A>T-62:A>T,14348921.0,16793350.0,0.020740848555418093
100021715|F|0-7:C>A-7:C>A,100035334|F|0-35:T>C-35:T>C,14348921.0,16832622.0,0.047386684098409015
100021715|F|0-7:C>A-7:C>A,100021345|F|0-28:C>T-28:C>T,14348921.0,16899147.0,0.030401752341692963
100021715|F|0-7:C>A-7:C>A,100022139|F|0-65:T>C-65:T>C,14348921.0,16965771.0,0.006071180701947869
100021715|F|0-7:C>A-7:C>A,100044804|F|0-53:G>C-53:G>C,14348921.0,16968917.0,0.009657177968689118
100021715|F|0-7:C>A-7:C>A,100030290|F|0-11:A>C-11:A>C,14348921.0,16971407.0,0.006071180701947869
100021715|F|0-7:C>A-7:C>A,100017336|F|0-39:A>G-39:A>G,14348921.0,16987827.0,0.012953488675864246
100021715|F|0-7:C>A-7:C>A,100029568|F|0-9:T>G-9:T>G,14348921.0,16988131.0,0.014590936647635683
100021715|F|0-7:C>A-7:C>A,100034247|F|0-37:G>C-37:G>C,14348921.0,16999534.0,0.012813302970178533
100021715|F|0-7:C>A-7:C>A,100012983|F|0-45:A>T-45:A>T,14348921.0,17017248.0,0.04581154230970799
100021715|F|0-7:C>A-7:C>A,100020033|F|0-7:G>A-7:G>A,14348921.0,17020316.0,0.01057205357945521
100021715|F|0-7:C>A-7:C>A,100018782|F|0-63:C>T-63:C>T,14348921.0,17424649.0,0.05321097398293132
100021715|F|0-7:C>A-7:C>A,100019630|F|0-24:A>T-24:A>T,14348921.0,17521232.0,0.10903138370257534
100021715|F|0-7:C>A-7:C>A,100021757|F|0-47:G>A-47:G>A,14348921.0,17521694.0,0.11693439011319794
100021715|F|0-7:C>A-7:C>A,100038944|F|0-45:C>T-45:C>T,14348921.0,17607936.0,0.02454994680317714
100021715|F|0-7:C>A-7:C>A,100047378|F|0-35:C>T-35:C>T,14348921.0,17706505.0,0.04257095138387165
100021715|F|0-7:C>A-7:C>A,100029543|F|0-46:T>C-46:T>C,14348921.0,18278899.0,0.005492515555636415
100021715|F|0-7:C>A-7:C>A,100021798|F|0-27:T>C-27:T>C,14348921.0,18732658.0,0.001733891235527025
100021715|F|0-7:C>A-7:C>A,100017716|F|0-8:C>T-8:C>T,14348921.0,18851585.0,0.01259326960534596
100040569|F|0-37:C>T-37:C>T,100015147|F|0-16:C>G-16:C>G,14351912.0,14409032.0,0.059297006196073726
100040569|F|0-37:C>T-37:C>T,100030246|F|0-11:C>A-11:C>A,14351912.0,14458674.0,0.12099076190836483
100040569|F|0-37:C>T-37:C>T,100035083|F|0-24:G>C-24:G>C,14351912.0,14490822.0,0.041371762801917664
100040569|F|0-37:C>T-37:C>T,100013053|F|0-56:A>T-56:A>T,14351912.0,14502847.0,0.04808791912538301
100040569|F|0-37:C>T-37:C>T,100044112|F|0-18:T>G-18:T>G,14351912.0,14593733.0,0.008310937543741776
100040569|F|0-37:C>T-37:C>T,100041853|F|0-21:T>C-21:T>C,14351912.0,14595838.0,0.0019493364233031415
100040569|F|0-37:C>T-37:C>T,100033723|F|0-20:T>C-20:T>C,14351912.0,14595843.0,0.001209694534444461
100040569|F|0-37:C>T-37:C>T,100017564|F|0-8:A>T-8:A>T,14351912.0,14625545.0,0.018334538718231742
100040569|F|0-37:C>T-37:C>T,100057963|F|0-26:C>T-26:C>T,14351912.0,14656009.0,0.03696180118137783
100040569|F|0-37:C>T-37:C>T,100019295|F|0-19:G>T-19:G>T,14351912.0,14656014.0,0.03289788180321623
100040569|F|0-37:C>T-37:C>T,100035362|F|0-6:C>A-6:C>A,14351912.0,14658473.0,0.002113133735846969
100040569|F|0-37:C>T-37:C>T,100014679|F|0-16:C>A-16:C>A,14351912.0,14859822.0,0.008047353019420068
100040569|F|0-37:C>T-37:C>T,100021838|F|0-57:A>G-57:A>G,14351912.0,14928961.0,0.0002991937515747034
100040569|F|0-37:C>T-37:C>T,100046294|F|0-6:C>G-6:C>G,14351912.0,15124860.0,0.016292579854736935
100040569|F|0-37:C>T-37:C>T,100045141|F|0-49:C>T-49:C>T,14351912.0,15225158.0,0.08446360439114059
100040569|F|0-37:C>T-37:C>T,100043254|F|0-7:C>G-7:C>G,14351912.0,15229542.0,0.11125629113433992
100040569|F|0-37:C>T-37:C>T,100013673|F|0-63:C>A-63:C>A,14351912.0,15256237.0,0.0838828618024537
100040569|F|0-37:C>T-37:C>T,100016806|F|0-26:T>A-26:T>A,14351912.0,15351778.0,0.263000943882252
100040569|F|0-37:C>T-37:C>T,100033542|F|0-31:T>C-31:T>C,14351912.0,15394673.0,0.0046159081428791
100040569|F|0-37:C>T-37:C>T,100029793|F|0-30:G>A-30:G>A,14351912.0,15400977.0,0.012308228521894057
100040569|F|0-37:C>T-37:C>T,100021703|F|0-41:T>C-41:T>C,14351912.0,15431799.0,0.013025926042957657
100040569|F|0-37:C>T-37:C>T,100017056|F|0-15:G>A-15:G>A,14351912.0,15535069.0,0.011894873262507369
100040569|F|0-37:C>T-37:C>T,100021184|F|0-17:T>G-17:T>G,14351912.0,15536283.0,0.011894873262507369
100040569|F|0-37:C>T-37:C>T,100044126|F|0-46:C>T-46:C>T,14351912.0,15556197.0,0.016619183285849912
100040569|F|0-37:C>T-37:C>T,100017834|F|0-8:C>T-8:C>T,14351912.0,15619447.0,0.5106446311820811
100040569|F|0-37:C>T-37:C>T,100020292|F|0-58:T>C-58:T>C,14351912.0,15819325.0,0.08252556031203229
100040569|F|0-37:C>T-37:C>T,100015600|F|0-30:C>A-30:C>A,14351912.0,15832699.0,0.08593515591268001
100040569|F|0-37:C>T-37:C>T,100049389|F|0-23:C>A-23:C>A,14351912.0,15838578.0,0.08090347877827313
100040569|F|0-37:C>T-37:C>T,100038568|F|0-15:C>T-15:C>T,14351912.0,15839422.0,0.08593515591268001
100040569|F|0-37:C>T-37:C>T,100018705|F|0-34:T>C-34:T>C,14351912.0,15915251.0,0.07246583847025351
100040569|F|0-37:C>T-37:C>T,100019856|F|0-16:C>T-16:C>T,14351912.0,15948596.0,0.00025376524177483413
100040569|F|0-37:C>T-37:C>T,100034716|F|0-53:A>G-53:A>G,14351912.0,15958067.0,0.10512373870010801
100040569|F|0-37:C>T-37:C>T,100021071|F|0-60:A>G-60:A>G,14351912.0,15967627.0,0.10151168729600087
100040569|F|0-37:C>T-37:C>T,100020211|F|0-33:C>A-33:C>A,14351912.0,15977146.0,0.08710822074643211
100040569|F|0-37:C>T-37:C>T,100013484|F|0-22:G>A-22:G>A,14351912.0,16177456.0,3.3352277426913354e-07
100040569|F|0-37:C>T-37:C>T,100021316|F|0-63:C>A-63:C>A,14351912.0,16179198.0,0.0005610844679438395
100040569|F|0-37:C>T-37:C>T,100017187|F|0-41:T>C-41:T>C,14351912.0,16245982.0,0.13503086419753077
100040569|F|0-37:C>T-37:C>T,100029840|F|0-31:T>C-31:T>C,14351912.0,16252498.0,0.1247301942601327
100040569|F|0-37:C>T-37:C>T,100013453|F|0-6:G>A-6:G>A,14351912.0,16307679.0,0.01336705247698768
100040569|F|0-37:C>T-37:C>T,100016783|F|0-52:G>T-52:G>T,14351912.0,16317524.0,0.01481215248905712
100040569|F|0-37:C>T-37:C>T,100014400|F|0-16:A>T-16:A>T,14351912.0,16381041.0,0.009845682155019273
100040569|F|0-37:C>T-37:C>T,100016625|F|0-16:T>C-16:T>C,14351912.0,16411184.0,0.02325075644153804
100040569|F|0-37:C>T-37:C>T,100015226|F|0-25:T>A-25:T>A,14351912.0,16581877.0,0.0010546854400675027
100040569|F|0-37:C>T-37:C>T,100017539|F|0-11:A>T-11:A>T,14351912.0,16662610.0,2.7994736989445816e-05
100040569|F|0-37:C>T-37:C>T,100033601|F|0-15:C>A-15:C>A,14351912.0,16769146.0,0.008586432545253314
100040569|F|0-37:C>T-37:C>T,100039949|F|0-62:A>T-62:A>T,14351912.0,16793350.0,0.007978500041992102
100040569|F|0-37:C>T-37:C>T,100035334|F|0-35:T>C-35:T>C,14351912.0,16832622.0,0.025319951425121435
100040569|F|0-37:C>T-37:C>T,100021345|F|0-28:C>T-28:C>T,14351912.0,16899147.0,0.020687839134518538
100040569|F|0-37:C>T-37:C>T,100022139|F|0-65:T>C-65:T>C,14351912.0,16965771.0,0.015857685258599374
100040569|F|0-37:C>T-37:C>T,100044804|F|0-53:G>C-53:G>C,14351912.0,16968917.0,0.0003865641531085405
100040569|F|0-37:C>T-37:C>T,100030290|F|0-11:A>C-11:A>C,14351912.0,16971407.0,0.015857685258599374
100040569|F|0-37:C>T-37:C>T,100017336|F|0-39:A>G-39:A>G,14351912.0,16987827.0,4.20672255297582e-06
100040569|F|0-37:C>T-37:C>T,100029568|F|0-9:T>G-9:T>G,14351912.0,16988131.0,0.00880405758015548
100040569|F|0-37:C>T-37:C>T,100034247|F|0-37:G>C-37:G>C,14351912.0,16999534.0,0.009768539940346729
100040569|F|0-37:C>T-37:C>T,100012983|F|0-45:A>T-45:A>T,14351912.0,17017248.0,0.00025376524177483353
100040569|F|0-37:C>T-37:C>T,100020033|F|0-7:G>A-7:G>A,14351912.0,17020316.0,0.014026351281253234
100040569|F|0-37:C>T-37:C>T,100018782|F|0-63:C>T-63:C>T,14351912.0,17424649.0,0.0016069828276401006
100040569|F|0-37:C>T-37:C>T,100019630|F|0-24:A>T-24:A>T,14351912.0,17521232.0,0.10084174108316929
100040569|F|0-37:C>T-37:C>T,100021757|F|0-47:G>A-47:G>A,14351912.0,17521694.0,0.11848072562358275
100040569|F|0-37:C>T-37:C>T,100038944|F|0-45:C>T-45:C>T,14351912.0,17607936.0,0.005941605567321125
100040569|F|0-37:C>T-37:C>T,100047378|F|0-35:C>T-35:C>T,14351912.0,17706505.0,0.22580488328270387
100040569|F|0-37:C>T-37:C>T,100029543|F|0-46:T>C-46:T>C,14351912.0,18278899.0,0.003310815066767445
100040569|F|0-37:C>T-37:C>T,100021798|F|0-27:T>C-27:T>C,14351912.0,18732658.0,0.005836133832139159
100040569|F|0-37:C>T-37:C>T,100017716|F|0-8:C>T-8:C>T,14351912.0,18851585.0,0.002593630044610427
100015147|F|0-16:C>G-16:C>G,100030246|F|0-11:C>A-11:C>A,14409032.0,14458674.0,0.4005644683468365
100015147|F|0-16:C>G-16:C>G,100035083|F|0-24:G>C-24:G>C,14409032.0,14490822.0,8.003223395103558e-05
100015147|F|0-16:C>G-16:C>G,100013053|F|0-56:A>T-56:A>T,14409032.0,14502847.0,0.01640677110772861
100015147|F|0-16:C>G-16:C>G,100044112|F|0-18:T>G-18:T>G,14409032.0,14593733.0,7.640537636484185e-05
100015147|F|0-16:C>G-16:C>G,100041853|F|0-21:T>C-21:T>C,14409032.0,14595838.0,0.00034880715296992825
100015147|F|0-16:C>G-16:C>G,100033723|F|0-20:T>C-20:T>C,14409032.0,14595843.0,0.0002289255510562545
100015147|F|0-16:C>G-16:C>G,100017564|F|0-8:A>T-8:A>T,14409032.0,14625545.0,0.035726991977556896
100015147|F|0-16:C>G-16:C>G,100057963|F|0-26:C>T-26:C>T,14409032.0,14656009.0,0.08123298975041972
100015147|F|0-16:C>G-16:C>G,100019295|F|0-19:G>T-19:G>T,14409032.0,14656014.0,0.0565961909040219
100015147|F|0-16:C>G-16:C>G,100035362|F|0-6:C>A-6:C>A,14409032.0,14658473.0,0.11249736724333564
100015147|F|0-16:C>G-16:C>G,100014679|F|0-16:C>A-16:C>A,14409032.0,14859822.0,0.09472754512262056
100015147|F|0-16:C>G-16:C>G,100021838|F|0-57:A>G-57:A>G,14409032.0,14928961.0,0.18238154351728592
100015147|F|0-16:C>G-16:C>G,100046294|F|0-6:C>G-6:C>G,14409032.0,15124860.0,0.0060774856846552
100015147|F|0-16:C>G-16:C>G,100045141|F|0-49:C>T-49:C>T,14409032.0,15225158.0,0.026251097328448828
100015147|F|0-16:C>G-16:C>G,100043254|F|0-7:C>G-7:C>G,14409032.0,15229542.0,0.024044212878285984
100015147|F|0-16:C>G-16:C>G,100013673|F|0-63:C>A-63:C>A,14409032.0,15256237.0,0.07390218400435199
100015147|F|0-16:C>G-16:C>G,100016806|F|0-26:T>A-26:T>A,14409032.0,15351778.0,0.0044082961185732674
100015147|F|0-16:C>G-16:C>G,100033542|F|0-31:T>C-31:T>C,14409032.0,15394673.0,0.010754546458620347
100015147|F|0-16:C>G-16:C>G,100029793|F|0-30:G>A-30:G>A,14409032.0,15400977.0,0.007288048216067049
100015147|F|0-16:C>G-16:C>G,100021703|F|0-41:T>C-41:T>C,14409032.0,15431799.0,0.22421215519307372
100015147|F|0-16:C>G-16:C>G,100017056|F|0-15:G>A-15:G>A,14409032.0,15535069.0,0.00029532306658980215
100015147|F|0-16:C>G-16:C>G,100021184|F|0-17:T>G-17:T>G,14409032.0,15536283.0,0.00029532306658980215
100015147|F|0-16:C>G-16:C>G,100044126|F|0-46:C>T-46:C>T,14409032.0,15556197.0,0.021870420317420827
100015147|F|0-16:C>G-16:C>G,100017834|F|0-8:C>T-8:C>T,14409032.0,15619447.0,0.015974431942342774
100015147|F|0-16:C>G-16:C>G,100020292|F|0-58:T>C-58:T>C,14409032.0,15819325.0,0.08947533630675034
100015147|F|0-16:C>G-16:C>G,100015600|F|0-30:C>A-30:C>A,14409032.0,15832699.0,0.10038756397728049
100015147|F|0-16:C>G-16:C>G,100049389|F|0-23:C>A-23:C>A,14409032.0,15838578.0,0.08342473018704642
100015147|F|0-16:C>G-16:C>G,100038568|F|0-15:C>T-15:C>T,14409032.0,15839422.0,0.10038756397728049
100015147|F|0-16:C>G-16:C>G,100018705|F|0-34:T>C-34:T>C,14409032.0,15915251.0,0.18675471909284097
100015147|F|0-16:C>G-16:C>G,100019856|F|0-16:C>T-16:C>T,14409032.0,15948596.0,0.001928331675964456
100015147|F|0-16:C>G-16:C>G,100034716|F|0-53:A>G-53:A>G,14409032.0,15958067.0,0.1878483020173637
100015147|F|0-16:C>G-16:C>G,100021071|F|0-60:A>G-60:A>G,14409032.0,15967627.0,0.19237097102568404
100015147|F|0-16:C>G-16:C>G,100020211|F|0-33:C>A-33:C>A,14409032.0,15977146.0,0.23026278014253457
100015147|F|0-16:C>G-16:C>G,100013484|F|0-22:G>A-22:G>A,14409032.0,16177456.0,0.01101077337343097
100015147|F|0-16:C>G-16:C>G,100021316|F|0-63:C>A-63:C>A,14409032.0,16179198.0,0.007920727031084228
100015147|F|0-16:C>G-16:C>G,100017187|F|0-41:T>C-41:T>C,14409032.0,16245982.0,0.001521648256992298
100015147|F|0-16:C>G-16:C>G,100029840|F|0-31:T>C-31:T>C,14409032.0,16252498.0,0.028909643103175786
100015147|F|0-16:C>G-16:C>G,100013453|F|0-6:G>A-6:G>A,14409032.0,16307679.0,0.03763445672559257
100015147|F|0-16:C>G-16:C>G,100016783|F|0-52:G>T-52:G>T,14409032.0,16317524.0,0.03493223855703424
100015147|F|0-16:C>G-16:C>G,100014400|F|0-16:A>T-16:A>T,14409032.0,16381041.0,0.017200965791931776
100015147|F|0-16:C>G-16:C>G,100016625|F|0-16:T>C-16:T>C,14409032.0,16411184.0,0.017200965791931783
100015147|F|0-16:C>G-16:C>G,100015226|F|0-25:T>A-25:T>A,14409032.0,16581877.0,0.03539242923534166
100015147|F|0-16:C>G-16:C>G,100017539|F|0-11:A>T-11:A>T,14409032.0,16662610.0,0.0018231841971877085
100015147|F|0-16:C>G-16:C>G,100033601|F|0-15:C>A-15:C>A,14409032.0,16769146.0,0.014659390714568454
100015147|F|0-16:C>G-16:C>G,100039949|F|0-62:A>T-62:A>T,14409032.0,16793350.0,0.007334916131024768
100015147|F|0-16:C>G-16:C>G,100035334|F|0-35:T>C-35:T>C,14409032.0,16832622.0,0.053170985096316487
100015147|F|0-16:C>G-16:C>G,100021345|F|0-28:C>T-28:C>T,14409032.0,16899147.0,0.01969333322461855
100015147|F|0-16:C>G-16:C>G,100022139|F|0-65:T>C-65:T>C,14409032.0,16965771.0,0.022879928871088556
100015147|F|0-16:C>G-16:C>G,100044804|F|0-53:G>C-53:G>C,14409032.0,16968917.0,0.06500848226794641
100015147|F|0-16:C>G-16:C>G,100030290|F|0-11:A>C-11:A>C,14409032.0,16971407.0,0.022879928871088556
100015147|F|0-16:C>G-16:C>G,100017336|F|0-39:A>G-39:A>G,14409032.0,16987827.0,0.06548461154139856
100015147|F|0-16:C>G-16:C>G,100029568|F|0-9:T>G-9:T>G,14409032.0,16988131.0,0.013002081033355206
100015147|F|0-16:C>G-16:C>G,100034247|F|0-37:G>C-37:G>C,14409032.0,16999534.0,0.01677726899167016
100015147|F|0-16:C>G-16:C>G,100012983|F|0-45:A>T-45:A>T,14409032.0,17017248.0,0.08871054757329123
100015147|F|0-16:C>G-16:C>G,100020033|F|0-7:G>A-7:G>A,14409032.0,17020316.0,0.009656882615226887
100015147|F|0-16:C>G-16:C>G,100018782|F|0-63:C>T-63:C>T,14409032.0,17424649.0,0.040452609329388364
100015147|F|0-16:C>G-16:C>G,100019630|F|0-24:A>T-24:A>T,14409032.0,17521232.0,0.06192538834588563
100015147|F|0-16:C>G-16:C>G,100021757|F|0-47:G>A-47:G>A,14409032.0,17521694.0,0.044109518369753555
100015147|F|0-16:C>G-16:C>G,100038944|F|0-45:C>T-45:C>T,14409032.0,17607936.0,0.00514265182844195
100015147|F|0-16:C>G-16:C>G,100047378|F|0-35:C>T-35:C>T,14409032.0,17706505.0,0.09176028519422136
100015147|F|0-16:C>G-16:C>G,100029543|F|0-46:T>C-46:T>C,14409032.0,18278899.0,0.009093301671347509
100015147|F|0-16:C>G-16:C>G,100021798|F|0-27:T>C-27:T>C,14409032.0,18732658.0,0.0013990264028451173
100015147|F|0-16:C>G-16:C>G,100017716|F|0-8:C>T-8:C>T,14409032.0,18851585.0,0.0004828441307613433
100030246|F|0-11:C>A-11:C>A,100035083|F|0-24:G>C-24:G>C,14458674.0,14490822.0,0.0016133975171170897
100030246|F|0-11:C>A-11:C>A,100013053|F|0-56:A>T-56:A>T,14458674.0,14502847.0,0.002384365626278647
100030246|F|0-11:C>A-11:C>A,100044112|F|0-18:T>G-18:T>G,14458674.0,14593733.0,0.0003850706097897125
100030246|F|0-11:C>A-11:C>A,100041853|F|0-21:T>C-21:T>C,14458674.0,14595838.0,0.00488314179081155
100030246|F|0-11:C>A-11:C>A,100033723|F|0-20:T>C-20:T>C,14458674.0,14595843.0,0.0007497435751656327
100030246|F|0-11:C>A-11:C>A,100017564|F|0-8:A>T-8:A>T,14458674.0,14625545.0,0.04232773127769488
100030246|F|0-11:C>A-11:C>A,100057963|F|0-26:C>T-26:C>T,14458674.0,14656009.0,0.05700058368597687
100030246|F|0-11:C>A-11:C>A,100019295|F|0-19:G>T-19:G>T,14458674.0,14656014.0,0.03878027381675694
100030246|F|0-11:C>A-11:C>A,100035362|F|0-6:C>A-6:C>A,14458674.0,14658473.0,0.0389246885959388
100030246|F|0-11:C>A-11:C>A,100014679|F|0-16:C>A-16:C>A,14458674.0,14859822.0,0.02182922375471497
100030246|F|0-11:C>A-11:C>A,100021838|F|0-57:A>G-57:A>G,14458674.0,14928961.0,0.15283452502553635
100030246|F|0-11:C>A-11:C>A,100046294|F|0-6:C>G-6:C>G,14458674.0,15124860.0,0.004718024911969277
100030246|F|0-11:C>A-11:C>A,100045141|F|0-49:C>T-49:C>T,14458674.0,15225158.0,0.02083478368896058
100030246|F|0-11:C>A-11:C>A,100043254|F|0-7:C>G-7:C>G,14458674.0,15229542.0,0.028430890156705503
100030246|F|0-11:C>A-11:C>A,100013673|F|0-63:C>A-63:C>A,14458674.0,15256237.0,0.0060283177095522
100030246|F|0-11:C>A-11:C>A,100016806|F|0-26:T>A-26:T>A,14458674.0,15351778.0,0.024126186156623864
100030246|F|0-11:C>A-11:C>A,100033542|F|0-31:T>C-31:T>C,14458674.0,15394673.0,0.11189615394939646
100030246|F|0-11:C>A-11:C>A,100029793|F|0-30:G>A-30:G>A,14458674.0,15400977.0,0.04797462453308838
100030246|F|0-11:C>A-11:C>A,100021703|F|0-41:T>C-41:T>C,14458674.0,15431799.0,0.13946569058388078
100030246|F|0-11:C>A-11:C>A,100017056|F|0-15:G>A-15:G>A,14458674.0,15535069.0,0.01629216852046
100030246|F|0-11:C>A-11:C>A,100021184|F|0-17:T>G-17:T>G,14458674.0,15536283.0,0.01629216852046
100030246|F|0-11:C>A-11:C>A,100044126|F|0-46:C>T-46:C>T,14458674.0,15556197.0,0.015346310992378398
100030246|F|0-11:C>A-11:C>A,100017834|F|0-8:C>T-8:C>T,14458674.0,15619447.0,0.04709129395737641
100030246|F|0-11:C>A-11:C>A,100020292|F|0-58:T>C-58:T>C,14458674.0,15819325.0,0.014277993843589631
100030246|F|0-11:C>A-11:C>A,100015600|F|0-30:C>A-30:C>A,14458674.0,15832699.0,0.01832279741797673
100030246|F|0-11:C>A-11:C>A,100049389|F|0-23:C>A-23:C>A,14458674.0,15838578.0,0.012059794832605662
100030246|F|0-11:C>A-11:C>A,100038568|F|0-15:C>T-15:C>T,14458674.0,15839422.0,0.01832279741797673
100030246|F|0-11:C>A-11:C>A,100018705|F|0-34:T>C-34:T>C,14458674.0,15915251.0,0.1135043894270773
100030246|F|0-11:C>A-11:C>A,100019856|F|0-16:C>T-16:C>T,14458674.0,15948596.0,0.001837141114483291
100030246|F|0-11:C>A-11:C>A,100034716|F|0-53:A>G-53:A>G,14458674.0,15958067.0,0.12458494623779115
100030246|F|0-11:C>A-11:C>A,100021071|F|0-60:A>G-60:A>G,14458674.0,15967627.0,0.13181224550400053
100030246|F|0-11:C>A-11:C>A,100020211|F|0-33:C>A-33:C>A,14458674.0,15977146.0,0.12556749909449286
100030246|F|0-11:C>A-11:C>A,100013484|F|0-22:G>A-22:G>A,14458674.0,16177456.0,0.0002611575305314757
100030246|F|0-11:C>A-11:C>A,100021316|F|0-63:C>A-63:C>A,14458674.0,16179198.0,0.0001701245775884071
100030246|F|0-11:C>A-11:C>A,100017187|F|0-41:T>C-41:T>C,14458674.0,16245982.0,0.01245092249744637
100030246|F|0-11:C>A-11:C>A,100029840|F|0-31:T>C-31:T>C,14458674.0,16252498.0,0.05432950379914423
100030246|F|0-11:C>A-11:C>A,100013453|F|0-6:G>A-6:G>A,14458674.0,16307679.0,0.05812318950322726
100030246|F|0-11:C>A-11:C>A,100016783|F|0-52:G>T-52:G>T,14458674.0,16317524.0,0.05155900033661583
100030246|F|0-11:C>A-11:C>A,100014400|F|0-16:A>T-16:A>T,14458674.0,16381041.0,0.0195932108126683
100030246|F|0-11:C>A-11:C>A,100016625|F|0-16:T>C-16:T>C,14458674.0,16411184.0,0.012391457237773691
100030246|F|0-11:C>A-11:C>A,100015226|F|0-25:T>A-25:T>A,14458674.0,16581877.0,0.00356532022980938
100030246|F|0-11:C>A-11:C>A,100017539|F|0-11:A>T-11:A>T,14458674.0,16662610.0,0.003351690617608216
100030246|F|0-11:C>A-11:C>A,100033601|F|0-15:C>A-15:C>A,14458674.0,16769146.0,0.007235712240628289
100030246|F|0-11:C>A-11:C>A,100039949|F|0-62:A>T-62:A>T,14458674.0,16793350.0,0.0005776059146845667
100030246|F|0-11:C>A-11:C>A,100035334|F|0-35:T>C-35:T>C,14458674.0,16832622.0,0.008908639066162549
100030246|F|0-11:C>A-11:C>A,100021345|F|0-28:C>T-28:C>T,14458674.0,16899147.0,0.0029866296635475274
100030246|F|0-11:C>A-11:C>A,100022139|F|0-65:T>C-65:T>C,14458674.0,16965771.0,0.016072650538887664
100030246|F|0-11:C>A-11:C>A,100044804|F|0-53:G>C-53:G>C,14458674.0,16968917.0,0.00906727878437996
100030246|F|0-11:C>A-11:C>A,100030290|F|0-11:A>C-11:A>C,14458674.0,16971407.0,0.016072650538887664
100030246|F|0-11:C>A-11:C>A,100017336|F|0-39:A>G-39:A>G,14458674.0,16987827.0,0.05802601500929174
100030246|F|0-11:C>A-11:C>A,100029568|F|0-9:T>G-9:T>G,14458674.0,16988131.0,0.016082880887404425
100030246|F|0-11:C>A-11:C>A,100034247|F|0-37:G>C-37:G>C,14458674.0,16999534.0,0.009200875763228904
100030246|F|0-11:C>A-11:C>A,100012983|F|0-45:A>T-45:A>T,14458674.0,17017248.0,0.06074047809760354
100030246|F|0-11:C>A-11:C>A,100020033|F|0-7:G>A-7:G>A,14458674.0,17020316.0,0.0015381842215946588
100030246|F|0-11:C>A-11:C>A,100018782|F|0-63:C>T-63:C>T,14458674.0,17424649.0,0.028137059174406905
100030246|F|0-11:C>A-11:C>A,100019630|F|0-24:A>T-24:A>T,14458674.0,17521232.0,0.11023341977013325
100030246|F|0-11:C>A-11:C>A,100021757|F|0-47:G>A-47:G>A,14458674.0,17521694.0,0.09880211718822521
100030246|F|0-11:C>A-11:C>A,100038944|F|0-45:C>T-45:C>T,14458674.0,17607936.0,0.027939604886230388
100030246|F|0-11:C>A-11:C>A,100047378|F|0-35:C>T-35:C>T,14458674.0,17706505.0,0.0501803316412728
100030246|F|0-11:C>A-11:C>A,100029543|F|0-46:T>C-46:T>C,14458674.0,18278899.0,0.019414683806362153
100030246|F|0-11:C>A-11:C>A,100021798|F|0-27:T>C-27:T>C,14458674.0,18732658.0,0.0036424875786999628
100030246|F|0-11:C>A-11:C>A,100017716|F|0-8:C>T-8:C>T,14458674.0,18851585.0,0.00036802259208075294
100035083|F|0-24:G>C-24:G>C,100013053|F|0-56:A>T-56:A>T,14490822.0,14502847.0,0.47049667194769207
100035083|F|0-24:G>C-24:G>C,100044112|F|0-18:T>G-18:T>G,14490822.0,14593733.0,0.015444817880598073
100035083|F|0-24:G>C-24:G>C,100041853|F|0-21:T>C-21:T>C,14490822.0,14595838.0,0.014147024454722872
100035083|F|0-24:G>C-24:G>C,100033723|F|0-20:T>C-20:T>C,14490822.0,14595843.0,0.004332763119677767
100035083|F|0-24:G>C-24:G>C,100017564|F|0-8:A>T-8:A>T,14490822.0,14625545.0,0.00018181481084979847
100035083|F|0-24:G>C-24:G>C,100057963|F|0-26:C>T-26:C>T,14490822.0,14656009.0,0.014441290690355426
100035083|F|0-24:G>C-24:G>C,100019295|F|0-19:G>T-19:G>T,14490822.0,14656014.0,0.004946728885401997
100035083|F|0-24:G>C-24:G>C,100035362|F|0-6:C>A-6:C>A,14490822.0,14658473.0,0.03924726162190479
100035083|F|0-24:G>C-24:G>C,100014679|F|0-16:C>A-16:C>A,14490822.0,14859822.0,0.03388459268128097
100035083|F|0-24:G>C-24:G>C,100021838|F|0-57:A>G-57:A>G,14490822.0,14928961.0,0.06663954965975116
100035083|F|0-24:G>C-24:G>C,100046294|F|0-6:C>G-6:C>G,14490822.0,15124860.0,0.001547450673390433
100035083|F|0-24:G>C-24:G>C,100045141|F|0-49:C>T-49:C>T,14490822.0,15225158.0,0.015609554622158217
100035083|F|0-24:G>C-24:G>C,100043254|F|0-7:C>G-7:C>G,14490822.0,15229542.0,0.009813681975875371
100035083|F|0-24:G>C-24:G>C,100013673|F|0-63:C>A-63:C>A,14490822.0,15256237.0,0.0015434806216820301
100035083|F|0-24:G>C-24:G>C,100016806|F|0-26:T>A-26:T>A,14490822.0,15351778.0,0.011526426629603915
100035083|F|0-24:G>C-24:G>C,100033542|F|0-31:T>C-31:T>C,14490822.0,15394673.0,0.001321725148548914
100035083|F|0-24:G>C-24:G>C,100029793|F|0-30:G>A-30:G>A,14490822.0,15400977.0,0.007264790534991549
100035083|F|0-24:G>C-24:G>C,100021703|F|0-41:T>C-41:T>C,14490822.0,15431799.0,0.0006930690556878588
100035083|F|0-24:G>C-24:G>C,100017056|F|0-15:G>A-15:G>A,14490822.0,15535069.0,0.14262530897735912
100035083|F|0-24:G>C-24:G>C,100021184|F|0-17:T>G-17:T>G,14490822.0,15536283.0,0.14262530897735912
100035083|F|0-24:G>C-24:G>C,100044126|F|0-46:C>T-46:C>T,14490822.0,15556197.0,0.09964620756249315
100035083|F|0-24:G>C-24:G>C,100017834|F|0-8:C>T-8:C>T,14490822.0,15619447.0,0.0041678028434604724
100035083|F|0-24:G>C-24:G>C,100020292|F|0-58:T>C-58:T>C,14490822.0,15819325.0,0.07508263480626061
100035083|F|0-24:G>C-24:G>C,100015600|F|0-30:C>A-30:C>A,14490822.0,15832699.0,0.07083347634295964
100035083|F|0-24:G>C-24:G>C,100049389|F|0-23:C>A-23:C>A,14490822.0,15838578.0,0.07830241325267895
100035083|F|0-24:G>C-24:G>C,100038568|F|0-15:C>T-15:C>T,14490822.0,15839422.0,0.07083347634295964
100035083|F|0-24:G>C-24:G>C,100018705|F|0-34:T>C-34:T>C,14490822.0,15915251.0,0.04779987673700925
100035083|F|0-24:G>C-24:G>C,100019856|F|0-16:C>T-16:C>T,14490822.0,15948596.0,0.04654459157754849
100035083|F|0-24:G>C-24:G>C,100034716|F|0-53:A>G-53:A>G,14490822.0,15958067.0,0.012677986975484114
100035083|F|0-24:G>C-24:G>C,100021071|F|0-60:A>G-60:A>G,14490822.0,15967627.0,0.014513144892302121
100035083|F|0-24:G>C-24:G>C,100020211|F|0-33:C>A-33:C>A,14490822.0,15977146.0,0.03778762767963665
100035083|F|0-24:G>C-24:G>C,100013484|F|0-22:G>A-22:G>A,14490822.0,16177456.0,0.05111473231168909
100035083|F|0-24:G>C-24:G>C,100021316|F|0-63:C>A-63:C>A,14490822.0,16179198.0,0.10276231099458728
100035083|F|0-24:G>C-24:G>C,100017187|F|0-41:T>C-41:T>C,14490822.0,16245982.0,0.05757336436944053
100035083|F|0-24:G>C-24:G>C,100029840|F|0-31:T>C-31:T>C,14490822.0,16252498.0,0.031183732765198126
100035083|F|0-24:G>C-24:G>C,100013453|F|0-6:G>A-6:G>A,14490822.0,16307679.0,0.05884837237792633
100035083|F|0-24:G>C-24:G>C,100016783|F|0-52:G>T-52:G>T,14490822.0,16317524.0,0.04884904308454746
100035083|F|0-24:G>C-24:G>C,100014400|F|0-16:A>T-16:A>T,14490822.0,16381041.0,0.0068956069399165945
100035083|F|0-24:G>C-24:G>C,100016625|F|0-16:T>C-16:T>C,14490822.0,16411184.0,0.01217144988231401
100035083|F|0-24:G>C-24:G>C,100015226|F|0-25:T>A-25:T>A,14490822.0,16581877.0,0.08530568015446625
100035083|F|0-24:G>C-24:G>C,100017539|F|0-11:A>T-11:A>T,14490822.0,16662610.0,0.001006349587556113
100035083|F|0-24:G>C-24:G>C,100033601|F|0-15:C>A-15:C>A,14490822.0,16769146.0,0.08370715047432757
100035083|F|0-24:G>C-24:G>C,100039949|F|0-62:A>T-62:A>T,14490822.0,16793350.0,0.0803860907568614
100035083|F|0-24:G>C-24:G>C,100035334|F|0-35:T>C-35:T>C,14490822.0,16832622.0,0.13137597623581831
100035083|F|0-24:G>C-24:G>C,100021345|F|0-28:C>T-28:C>T,14490822.0,16899147.0,0.06944519096410996
100035083|F|0-24:G>C-24:G>C,100022139|F|0-65:T>C-65:T>C,14490822.0,16965771.0,0.030291786279794404
100035083|F|0-24:G>C-24:G>C,100044804|F|0-53:G>C-53:G>C,14490822.0,16968917.0,0.03038590735030981
100035083|F|0-24:G>C-24:G>C,100030290|F|0-11:A>C-11:A>C,14490822.0,16971407.0,0.030291786279794404
100035083|F|0-24:G>C-24:G>C,100017336|F|0-39:A>G-39:A>G,14490822.0,16987827.0,0.0883898001812652
100035083|F|0-24:G>C-24:G>C,100029568|F|0-9:T>G-9:T>G,14490822.0,16988131.0,0.03343593515095894
100035083|F|0-24:G>C-24:G>C,100034247|F|0-37:G>C-37:G>C,14490822.0,16999534.0,0.03043004297142352
100035083|F|0-24:G>C-24:G>C,100012983|F|0-45:A>T-45:A>T,14490822.0,17017248.0,0.020045082896190315
100035083|F|0-24:G>C-24:G>C,100020033|F|0-7:G>A-7:G>A,14490822.0,17020316.0,0.014750822766549473
100035083|F|0-24:G>C-24:G>C,100018782|F|0-63:C>T-63:C>T,14490822.0,17424649.0,0.029282227574441554
100035083|F|0-24:G>C-24:G>C,100019630|F|0-24:A>T-24:A>T,14490822.0,17521232.0,0.09829435832364335
100035083|F|0-24:G>C-24:G>C,100021757|F|0-47:G>A-47:G>A,14490822.0,17521694.0,0.08844426834284684
100035083|F|0-24:G>C-24:G>C,100038944|F|0-45:C>T-45:C>T,14490822.0,17607936.0,0.038186420465820554
100035083|F|0-24:G>C-24:G>C,100047378|F|0-35:C>T-35:C>T,14490822.0,17706505.0,0.002299081876592914
100035083|F|0-24:G>C-24:G>C,100029543|F|0-46:T>C-46:T>C,14490822.0,18278899.0,2.7544576054297148e-05
100035083|F|0-24:G>C-24:G>C,100021798|F|0-27:T>C-27:T>C,14490822.0,18732658.0,0.09653898717247779
100035083|F|0-24:G>C-24:G>C,100017716|F|0-8:C>T-8:C>T,14490822.0,18851585.0,0.022763615380477553
100013053|F|0-56:A>T-56:A>T,100044112|F|0-18:T>G-18:T>G,14502847.0,14593733.0,0.018360322034673613
100013053|F|0-56:A>T-56:A>T,100041853|F|0-21:T>C-21:T>C,14502847.0,14595838.0,0.01207079777434368
100013053|F|0-56:A>T-56:A>T,100033723|F|0-20:T>C-20:T>C,14502847.0,14595843.0,0.00029947977243219125
100013053|F|0-56:A>T-56:A>T,100017564|F|0-8:A>T-8:A>T,14502847.0,14625545.0,0.026128376837434943
100013053|F|0-56:A>T-56:A>T,100057963|F|0-26:C>T-26:C>T,14502847.0,14656009.0,0.006587072869493615
100013053|F|0-56:A>T-56:A>T,100019295|F|0-19:G>T-19:G>T,14502847.0,14656014.0,0.0005290490446725865
100013053|F|0-56:A>T-56:A>T,100035362|F|0-6:C>A-6:C>A,14502847.0,14658473.0,0.0288492546847944
100013053|F|0-56:A>T-56:A>T,100014679|F|0-16:C>A-16:C>A,14502847.0,14859822.0,0.13813701103902032
100013053|F|0-56:A>T-56:A>T,100021838|F|0-57:A>G-57:A>G,14502847.0,14928961.0,0.19799814738575577
100013053|F|0-56:A>T-56:A>T,100046294|F|0-6:C>G-6:C>G,14502847.0,15124860.0,0.034011082811403755
100013053|F|0-56:A>T-56:A>T,100045141|F|0-49:C>T-49:C>T,14502847.0,15225158.0,0.11490338540520252
100013053|F|0-56:A>T-56:A>T,100043254|F|0-7:C>G-7:C>G,14502847.0,15229542.0,0.12019399732902257
100013053|F|0-56:A>T-56:A>T,100013673|F|0-63:C>A-63:C>A,14502847.0,15256237.0,0.06258632199783351
100013053|F|0-56:A>T-56:A>T,100016806|F|0-26:T>A-26:T>A,14502847.0,15351778.0,0.020465549977572033
100013053|F|0-56:A>T-56:A>T,100033542|F|0-31:T>C-31:T>C,14502847.0,15394673.0,0.0014399257018267648
100013053|F|0-56:A>T-56:A>T,100029793|F|0-30:G>A-30:G>A,14502847.0,15400977.0,0.00417753205766299
100013053|F|0-56:A>T-56:A>T,100021703|F|0-41:T>C-41:T>C,14502847.0,15431799.0,0.010412503418246094
100013053|F|0-56:A>T-56:A>T,100017056|F|0-15:G>A-15:G>A,14502847.0,15535069.0,0.15057446792332324
100013053|F|0-56:A>T-56:A>T,100021184|F|0-17:T>G-17:T>G,14502847.0,15536283.0,0.15057446792332324
100013053|F|0-56:A>T-56:A>T,100044126|F|0-46:C>T-46:C>T,14502847.0,15556197.0,0.0948306916426513
100013053|F|0-56:A>T-56:A>T,100017834|F|0-8:C>T-8:C>T,14502847.0,15619447.0,0.010633459871630006
100013053|F|0-56:A>T-56:A>T,100020292|F|0-58:T>C-58:T>C,14502847.0,15819325.0,0.1876430962764527
100013053|F|0-56:A>T-56:A>T,100015600|F|0-30:C>A-30:C>A,14502847.0,15832699.0,0.20223918411517813
100013053|F|0-56:A>T-56:A>T,100049389|F|0-23:C>A-23:C>A,14502847.0,15838578.0,0.1798145740190287
100013053|F|0-56:A>T-56:A>T,100038568|F|0-15:C>T-15:C>T,14502847.0,15839422.0,0.20223918411517813
100013053|F|0-56:A>T-56:A>T,100018705|F|0-34:T>C-34:T>C,14502847.0,15915251.0,0.1202652530018601
100013053|F|0-56:A>T-56:A>T,100019856|F|0-16:C>T-16:C>T,14502847.0,15948596.0,0.06158128252441266
100013053|F|0-56:A>T-56:A>T,100034716|F|0-53:A>G-53:A>G,14502847.0,15958067.0,0.05367899841765236
100013053|F|0-56:A>T-56:A>T,100021071|F|0-60:A>G-60:A>G,14502847.0,15967627.0,0.058193125953551396
100013053|F|0-56:A>T-56:A>T,100020211|F|0-33:C>A-33:C>A,14502847.0,15977146.0,0.11598342263626571
100013053|F|0-56:A>T-56:A>T,100013484|F|0-22:G>A-22:G>A,14502847.0,16177456.0,0.07508708750604942
100013053|F|0-56:A>T-56:A>T,100021316|F|0-63:C>A-63:C>A,14502847.0,16179198.0,0.10216614338613747
100013053|F|0-56:A>T-56:A>T,100017187|F|0-41:T>C-41:T>C,14502847.0,16245982.0,0.06895037824207496
100013053|F|0-56:A>T-56:A>T,100029840|F|0-31:T>C-31:T>C,14502847.0,16252498.0,0.10663791810530408
100013053|F|0-56:A>T-56:A>T,100013453|F|0-6:G>A-6:G>A,14502847.0,16307679.0,0.037009940559576925
100013053|F|0-56:A>T-56:A>T,100016783|F|0-52:G>T-52:G>T,14502847.0,16317524.0,0.030387058610957265
100013053|F|0-56:A>T-56:A>T,100014400|F|0-16:A>T-16:A>T,14502847.0,16381041.0,0.0018717610061601297
100013053|F|0-56:A>T-56:A>T,100016625|F|0-16:T>C-16:T>C,14502847.0,16411184.0,0.005432985307318011
100013053|F|0-56:A>T-56:A>T,100015226|F|0-25:T>A-25:T>A,14502847.0,16581877.0,0.1085933535668808
100013053|F|0-56:A>T-56:A>T,100017539|F|0-11:A>T-11:A>T,14502847.0,16662610.0,0.0007687459656719986
100013053|F|0-56:A>T-56:A>T,100033601|F|0-15:C>A-15:C>A,14502847.0,16769146.0,0.21243825341620615
100013053|F|0-56:A>T-56:A>T,100039949|F|0-62:A>T-62:A>T,14502847.0,16793350.0,0.18838342253327856
100013053|F|0-56:A>T-56:A>T,100035334|F|0-35:T>C-35:T>C,14502847.0,16832622.0,0.26075641497749275
100013053|F|0-56:A>T-56:A>T,100021345|F|0-28:C>T-28:C>T,14502847.0,16899147.0,0.18787886316207886
100013053|F|0-56:A>T-56:A>T,100022139|F|0-65:T>C-65:T>C,14502847.0,16965771.0,0.1129186930370009
100013053|F|0-56:A>T-56:A>T,100044804|F|0-53:G>C-53:G>C,14502847.0,16968917.0,0.14156188262636032
100013053|F|0-56:A>T-56:A>T,100030290|F|0-11:A>C-11:A>C,14502847.0,16971407.0,0.1129186930370009
100013053|F|0-56:A>T-56:A>T,100017336|F|0-39:A>G-39:A>G,14502847.0,16987827.0,0.17570314768893944
100013053|F|0-56:A>T-56:A>T,100029568|F|0-9:T>G-9:T>G,14502847.0,16988131.0,0.1363367587653508
100013053|F|0-56:A>T-56:A>T,100034247|F|0-37:G>C-37:G>C,14502847.0,16999534.0,0.16373064312490762
100013053|F|0-56:A>T-56:A>T,100012983|F|0-45:A>T-45:A>T,14502847.0,17017248.0,0.08492111210167277
100013053|F|0-56:A>T-56:A>T,100020033|F|0-7:G>A-7:G>A,14502847.0,17020316.0,0.043397185963722794
100013053|F|0-56:A>T-56:A>T,100018782|F|0-63:C>T-63:C>T,14502847.0,17424649.0,0.1484048382514104
100013053|F|0-56:A>T-56:A>T,100019630|F|0-24:A>T-24:A>T,14502847.0,17521232.0,0.18566453437077365
100013053|F|0-56:A>T-56:A>T,100021757|F|0-47:G>A-47:G>A,14502847.0,17521694.0,0.17422059208802745
100013053|F|0-56:A>T-56:A>T,100038944|F|0-45:C>T-45:C>T,14502847.0,17607936.0,0.03357710361315519
100013053|F|0-56:A>T-56:A>T,100047378|F|0-35:C>T-35:C>T,14502847.0,17706505.0,3.081820273720389e-05
100013053|F|0-56:A>T-56:A>T,100029543|F|0-46:T>C-46:T>C,14502847.0,18278899.0,0.0016905909067517614
100013053|F|0-56:A>T-56:A>T,100021798|F|0-27:T>C-27:T>C,14502847.0,18732658.0,0.10276643629819215
100013053|F|0-56:A>T-56:A>T,100017716|F|0-8:C>T-8:C>T,14502847.0,18851585.0,0.030513646380742436
100044112|F|0-18:T>G-18:T>G,100041853|F|0-21:T>C-21:T>C,14593733.0,14595838.0,0.9028451933645175
100044112|F|0-18:T>G-18:T>G,100033723|F|0-20:T>C-20:T>C,14593733.0,14595843.0,0.7931125424650713
100044112|F|0-18:T>G-18:T>G,100017564|F|0-8:A>T-8:A>T,14593733.0,14625545.0,0.11960431654676289
100044112|F|0-18:T>G-18:T>G,100057963|F|0-26:C>T-26:C>T,14593733.0,14656009.0,0.00239355001259763
100044112|F|0-18:T>G-18:T>G,100019295|F|0-19:G>T-19:G>T,14593733.0,14656014.0,0.007692701534904163
100044112|F|0-18:T>G-18:T>G,100035362|F|0-6:C>A-6:C>A,14593733.0,14658473.0,0.03439341999570092
100044112|F|0-18:T>G-18:T>G,100014679|F|0-16:C>A-16:C>A,14593733.0,14859822.0,8.775235730543053e-05
100044112|F|0-18:T>G-18:T>G,100021838|F|0-57:A>G-57:A>G,14593733.0,14928961.0,0.004340277777777778
100044112|F|0-18:T>G-18:T>G,100046294|F|0-6:C>G-6:C>G,14593733.0,15124860.0,0.002050817285662722
100044112|F|0-18:T>G-18:T>G,100045141|F|0-49:C>T-49:C>T,14593733.0,15225158.0,0.002768684833902222
100044112|F|0-18:T>G-18:T>G,100043254|F|0-7:C>G-7:C>G,14593733.0,15229542.0,0.0059281842818428195
100044112|F|0-18:T>G-18:T>G,100013673|F|0-63:C>A-63:C>A,14593733.0,15256237.0,0.009743367672531702
100044112|F|0-18:T>G-18:T>G,100016806|F|0-26:T>A-26:T>A,14593733.0,15351778.0,0.009846600331674955
100044112|F|0-18:T>G-18:T>G,100033542|F|0-31:T>C-31:T>C,14593733.0,15394673.0,0.02111736810906935
100044112|F|0-18:T>G-18:T>G,100029793|F|0-30:G>A-30:G>A,14593733.0,15400977.0,0.013661938916752095
100044112|F|0-18:T>G-18:T>G,100021703|F|0-41:T>C-41:T>C,14593733.0,15431799.0,0.024515225245152258
100044112|F|0-18:T>G-18:T>G,100017056|F|0-15:G>A-15:G>A,14593733.0,15535069.0,0.06365958872555173
100044112|F|0-18:T>G-18:T>G,100021184|F|0-17:T>G-17:T>G,14593733.0,15536283.0,0.06365958872555173
100044112|F|0-18:T>G-18:T>G,100044126|F|0-46:C>T-46:C>T,14593733.0,15556197.0,0.009062118437118473
100044112|F|0-18:T>G-18:T>G,100017834|F|0-8:C>T-8:C>T,14593733.0,15619447.0,0.0002223347968028821
100044112|F|0-18:T>G-18:T>G,100020292|F|0-58:T>C-58:T>C,14593733.0,15819325.0,0.15732253603928073
100044112|F|0-18:T>G-18:T>G,100015600|F|0-30:C>A-30:C>A,14593733.0,15832699.0,0.16434396199697016
100044112|F|0-18:T>G-18:T>G,100049389|F|0-23:C>A-23:C>A,14593733.0,15838578.0,0.15391061755082924
100044112|F|0-18:T>G-18:T>G,100038568|F|0-15:C>T-15:C>T,14593733.0,15839422.0,0.16434396199697016
100044112|F|0-18:T>G-18:T>G,100018705|F|0-34:T>C-34:T>C,14593733.0,15915251.0,0.060014029384890186
100044112|F|0-18:T>G-18:T>G,100019856|F|0-16:C>T-16:C>T,14593733.0,15948596.0,0.15621788283658855
100044112|F|0-18:T>G-18:T>G,100034716|F|0-53:A>G-53:A>G,14593733.0,15958067.0,0.010571624424681108
100044112|F|0-18:T>G-18:T>G,100021071|F|0-60:A>G-60:A>G,14593733.0,15967627.0,0.015352294764059447
100044112|F|0-18:T>G-18:T>G,100020211|F|0-33:C>A-33:C>A,14593733.0,15977146.0,0.0644515545430178
100044112|F|0-18:T>G-18:T>G,100013484|F|0-22:G>A-22:G>A,14593733.0,16177456.0,0.020531661984006914
100044112|F|0-18:T>G-18:T>G,100021316|F|0-63:C>A-63:C>A,14593733.0,16179198.0,0.046831132085777744
100044112|F|0-18:T>G-18:T>G,100017187|F|0-41:T>C-41:T>C,14593733.0,16245982.0,0.057018849206349136
100044112|F|0-18:T>G-18:T>G,100029840|F|0-31:T>C-31:T>C,14593733.0,16252498.0,0.038078139295262985
100044112|F|0-18:T>G-18:T>G,100013453|F|0-6:G>A-6:G>A,14593733.0,16307679.0,0.02734287297226129
100044112|F|0-18:T>G-18:T>G,100016783|F|0-52:G>T-52:G>T,14593733.0,16317524.0,0.03230711831159131
100044112|F|0-18:T>G-18:T>G,100014400|F|0-16:A>T-16:A>T,14593733.0,16381041.0,0.013434929685820643
100044112|F|0-18:T>G-18:T>G,100016625|F|0-16:T>C-16:T>C,14593733.0,16411184.0,0.013434929685820638
100044112|F|0-18:T>G-18:T>G,100015226|F|0-25:T>A-25:T>A,14593733.0,16581877.0,0.20039023361282512
100044112|F|0-18:T>G-18:T>G,100017539|F|0-11:A>T-11:A>T,14593733.0,16662610.0,0.01628943758573387
100044112|F|0-18:T>G-18:T>G,100033601|F|0-15:C>A-15:C>A,14593733.0,16769146.0,0.10196388647488336
100044112|F|0-18:T>G-18:T>G,100039949|F|0-62:A>T-62:A>T,14593733.0,16793350.0,0.10289115646258512
100044112|F|0-18:T>G-18:T>G,100035334|F|0-35:T>C-35:T>C,14593733.0,16832622.0,0.16880582535098207
100044112|F|0-18:T>G-18:T>G,100021345|F|0-28:C>T-28:C>T,14593733.0,16899147.0,0.10435671714407335
100044112|F|0-18:T>G-18:T>G,100022139|F|0-65:T>C-65:T>C,14593733.0,16965771.0,0.08870757738289584
100044112|F|0-18:T>G-18:T>G,100044804|F|0-53:G>C-53:G>C,14593733.0,16968917.0,0.03272485414425863
100044112|F|0-18:T>G-18:T>G,100030290|F|0-11:A>C-11:A>C,14593733.0,16971407.0,0.08870757738289584
100044112|F|0-18:T>G-18:T>G,100017336|F|0-39:A>G-39:A>G,14593733.0,16987827.0,0.0759812969115295
100044112|F|0-18:T>G-18:T>G,100029568|F|0-9:T>G-9:T>G,14593733.0,16988131.0,0.06383489320854319
100044112|F|0-18:T>G-18:T>G,100034247|F|0-37:G>C-37:G>C,14593733.0,16999534.0,0.062432521241139766
100044112|F|0-18:T>G-18:T>G,100012983|F|0-45:A>T-45:A>T,14593733.0,17017248.0,0.002440904419321686
100044112|F|0-18:T>G-18:T>G,100020033|F|0-7:G>A-7:G>A,14593733.0,17020316.0,0.0554388422035481
100044112|F|0-18:T>G-18:T>G,100018782|F|0-63:C>T-63:C>T,14593733.0,17424649.0,0.0018379507816127568
100044112|F|0-18:T>G-18:T>G,100019630|F|0-24:A>T-24:A>T,14593733.0,17521232.0,0.009292670202591079
100044112|F|0-18:T>G-18:T>G,100021757|F|0-47:G>A-47:G>A,14593733.0,17521694.0,0.010435992578849723
100044112|F|0-18:T>G-18:T>G,100038944|F|0-45:C>T-45:C>T,14593733.0,17607936.0,0.08988855339581923
100044112|F|0-18:T>G-18:T>G,100047378|F|0-35:C>T-35:C>T,14593733.0,17706505.0,0.12112227654052724
100044112|F|0-18:T>G-18:T>G,100029543|F|0-46:T>C-46:T>C,14593733.0,18278899.0,0.00042074121315192425
100044112|F|0-18:T>G-18:T>G,100021798|F|0-27:T>C-27:T>C,14593733.0,18732658.0,0.0020079048041764438
100044112|F|0-18:T>G-18:T>G,100017716|F|0-8:C>T-8:C>T,14593733.0,18851585.0,0.0110877684407096
100041853|F|0-21:T>C-21:T>C,100033723|F|0-20:T>C-20:T>C,14595838.0,14595843.0,0.8777524677296875
100041853|F|0-21:T>C-21:T>C,100017564|F|0-8:A>T-8:A>T,14595838.0,14625545.0,0.08598193908641187
100041853|F|0-21:T>C-21:T>C,100057963|F|0-26:C>T-26:C>T,14595838.0,14656009.0,0.02193003476216031
100041853|F|0-21:T>C-21:T>C,100019295|F|0-19:G>T-19:G>T,14595838.0,14656014.0,0.029317738791423027
100041853|F|0-21:T>C-21:T>C,100035362|F|0-6:C>A-6:C>A,14595838.0,14658473.0,0.06633817802431669
100041853|F|0-21:T>C-21:T>C,100014679|F|0-16:C>A-16:C>A,14595838.0,14859822.0,0.0007121930447976932
100041853|F|0-21:T>C-21:T>C,100021838|F|0-57:A>G-57:A>G,14595838.0,14928961.0,0.011502185415228874
100041853|F|0-21:T>C-21:T>C,100046294|F|0-6:C>G-6:C>G,14595838.0,15124860.0,0.0007464024638897661
100041853|F|0-21:T>C-21:T>C,100045141|F|0-49:C>T-49:C>T,14595838.0,15225158.0,0.007821976040312545
100041853|F|0-21:T>C-21:T>C,100043254|F|0-7:C>G-7:C>G,14595838.0,15229542.0,0.014554121990495298
100041853|F|0-21:T>C-21:T>C,100013673|F|0-63:C>A-63:C>A,14595838.0,15256237.0,0.004942287949834911
100041853|F|0-21:T>C-21:T>C,100016806|F|0-26:T>A-26:T>A,14595838.0,15351778.0,0.004713320904106107
100041853|F|0-21:T>C-21:T>C,100033542|F|0-31:T>C-31:T>C,14595838.0,15394673.0,0.024459723419372255
100041853|F|0-21:T>C-21:T>C,100029793|F|0-30:G>A-30:G>A,14595838.0,15400977.0,0.014072168332594752
100041853|F|0-21:T>C-21:T>C,100021703|F|0-41:T>C-41:T>C,14595838.0,15431799.0,0.03240527030593681
100041853|F|0-21:T>C-21:T>C,100017056|F|0-15:G>A-15:G>A,14595838.0,15535069.0,0.06216540476463636
100041853|F|0-21:T>C-21:T>C,100021184|F|0-17:T>G-17:T>G,14595838.0,15536283.0,0.06216540476463636
100041853|F|0-21:T>C-21:T>C,100044126|F|0-46:C>T-46:C>T,14595838.0,15556197.0,0.014893394648829427
100041853|F|0-21:T>C-21:T>C,100017834|F|0-8:C>T-8:C>T,14595838.0,15619447.0,0.001272840677146739
100041853|F|0-21:T>C-21:T>C,100020292|F|0-58:T>C-58:T>C,14595838.0,15819325.0,0.1287114948292967
100041853|F|0-21:T>C-21:T>C,100015600|F|0-30:C>A-30:C>A,14595838.0,15832699.0,0.1351282022370555
100041853|F|0-21:T>C-21:T>C,100049389|F|0-23:C>A-23:C>A,14595838.0,15838578.0,0.12550945296808924
100041853|F|0-21:T>C-21:T>C,100038568|F|0-15:C>T-15:C>T,14595838.0,15839422.0,0.1351282022370555
100041853|F|0-21:T>C-21:T>C,100018705|F|0-34:T>C-34:T>C,14595838.0,15915251.0,0.04096261924508394
100041853|F|0-21:T>C-21:T>C,100019856|F|0-16:C>T-16:C>T,14595838.0,15948596.0,0.120534297199921
100041853|F|0-21:T>C-21:T>C,100034716|F|0-53:A>G-53:A>G,14595838.0,15958067.0,0.005150066426249701
100041853|F|0-21:T>C-21:T>C,100021071|F|0-60:A>G-60:A>G,14595838.0,15967627.0,0.009139374348773325
100041853|F|0-21:T>C-21:T>C,100020211|F|0-33:C>A-33:C>A,14595838.0,15977146.0,0.04649824543117215
100041853|F|0-21:T>C-21:T>C,100013484|F|0-22:G>A-22:G>A,14595838.0,16177456.0,0.004177416250691272
100041853|F|0-21:T>C-21:T>C,100021316|F|0-63:C>A-63:C>A,14595838.0,16179198.0,0.019467191539964523
100041853|F|0-21:T>C-21:T>C,100017187|F|0-41:T>C-41:T>C,14595838.0,16245982.0,0.035577194041867946
100041853|F|0-21:T>C-21:T>C,100029840|F|0-31:T>C-31:T>C,14595838.0,16252498.0,0.01369706243066986
100041853|F|0-21:T>C-21:T>C,100013453|F|0-6:G>A-6:G>A,14595838.0,16307679.0,0.02701577876981942
100041853|F|0-21:T>C-21:T>C,100016783|F|0-52:G>T-52:G>T,14595838.0,16317524.0,0.032119830669205554
100041853|F|0-21:T>C-21:T>C,100014400|F|0-16:A>T-16:A>T,14595838.0,16381041.0,0.012604689973062072
100041853|F|0-21:T>C-21:T>C,100016625|F|0-16:T>C-16:T>C,14595838.0,16411184.0,0.012604689973062072
100041853|F|0-21:T>C-21:T>C,100015226|F|0-25:T>A-25:T>A,14595838.0,16581877.0,0.1717838017130235
100041853|F|0-21:T>C-21:T>C,100017539|F|0-11:A>T-11:A>T,14595838.0,16662610.0,0.01823877400903703
100041853|F|0-21:T>C-21:T>C,100033601|F|0-15:C>A-15:C>A,14595838.0,16769146.0,0.11912609441652612
100041853|F|0-21:T>C-21:T>C,100039949|F|0-62:A>T-62:A>T,14595838.0,16793350.0,0.12077486389080595
100041853|F|0-21:T>C-21:T>C,100035334|F|0-35:T>C-35:T>C,14595838.0,16832622.0,0.1639005253008841
100041853|F|0-21:T>C-21:T>C,100021345|F|0-28:C>T-28:C>T,14595838.0,16899147.0,0.12862733370968846
100041853|F|0-21:T>C-21:T>C,100022139|F|0-65:T>C-65:T>C,14595838.0,16965771.0,0.1115054073790179
100041853|F|0-21:T>C-21:T>C,100044804|F|0-53:G>C-53:G>C,14595838.0,16968917.0,0.041464591018584775
100041853|F|0-21:T>C-21:T>C,100030290|F|0-11:A>C-11:A>C,14595838.0,16971407.0,0.1115054073790179
100041853|F|0-21:T>C-21:T>C,100017336|F|0-39:A>G-39:A>G,14595838.0,16987827.0,0.06904582890427184
100041853|F|0-21:T>C-21:T>C,100029568|F|0-9:T>G-9:T>G,14595838.0,16988131.0,0.07707765987416675
100041853|F|0-21:T>C-21:T>C,100034247|F|0-37:G>C-37:G>C,14595838.0,16999534.0,0.08034955612838109
100041853|F|0-21:T>C-21:T>C,100012983|F|0-45:A>T-45:A>T,14595838.0,17017248.0,0.007131685955583346
100041853|F|0-21:T>C-21:T>C,100020033|F|0-7:G>A-7:G>A,14595838.0,17020316.0,0.08474860282277162
100041853|F|0-21:T>C-21:T>C,100018782|F|0-63:C>T-63:C>T,14595838.0,17424649.0,0.0021919264877011384
100041853|F|0-21:T>C-21:T>C,100019630|F|0-24:A>T-24:A>T,14595838.0,17521232.0,0.0022369580408957
100041853|F|0-21:T>C-21:T>C,100021757|F|0-47:G>A-47:G>A,14595838.0,17521694.0,0.0037748081226342007
100041853|F|0-21:T>C-21:T>C,100038944|F|0-45:C>T-45:C>T,14595838.0,17607936.0,0.12137787520447924
100041853|F|0-21:T>C-21:T>C,100047378|F|0-35:C>T-35:C>T,14595838.0,17706505.0,0.09897469278668666
100041853|F|0-21:T>C-21:T>C,100029543|F|0-46:T>C-46:T>C,14595838.0,18278899.0,0.004515955687830686
100041853|F|0-21:T>C-21:T>C,100021798|F|0-27:T>C-27:T>C,14595838.0,18732658.0,0.0026073662384667995
100041853|F|0-21:T>C-21:T>C,100017716|F|0-8:C>T-8:C>T,14595838.0,18851585.0,0.004355403997347743
100033723|F|0-20:T>C-20:T>C,100017564|F|0-8:A>T-8:A>T,14595843.0,14625545.0,0.07961042278388841
100033723|F|0-20:T>C-20:T>C,100057963|F|0-26:C>T-26:C>T,14595843.0,14656009.0,0.00936691866671067
100033723|F|0-20:T>C-20:T>C,100019295|F|0-19:G>T-19:G>T,14595843.0,14656014.0,0.013636254645725928
100033723|F|0-20:T>C-20:T>C,100035362|F|0-6:C>A-6:C>A,14595843.0,14658473.0,0.04275592857620358
100033723|F|0-20:T>C-20:T>C,100014679|F|0-16:C>A-16:C>A,14595843.0,14859822.0,1.7520922286594256e-06
100033723|F|0-20:T>C-20:T>C,100021838|F|0-57:A>G-57:A>G,14595843.0,14928961.0,0.014405025714851636
100033723|F|0-20:T>C-20:T>C,100046294|F|0-6:C>G-6:C>G,14595843.0,15124860.0,8.122373518457081e-06
100033723|F|0-20:T>C-20:T>C,100045141|F|0-49:C>T-49:C>T,14595843.0,15225158.0,0.005807903931162669
100033723|F|0-20:T>C-20:T>C,100043254|F|0-7:C>G-7:C>G,14595843.0,15229542.0,0.01125198380586367
100033723|F|0-20:T>C-20:T>C,100013673|F|0-63:C>A-63:C>A,14595843.0,15256237.0,0.00700341341192096
100033723|F|0-20:T>C-20:T>C,100016806|F|0-26:T>A-26:T>A,14595843.0,15351778.0,6.419606152939144e-05
100033723|F|0-20:T>C-20:T>C,100033542|F|0-31:T>C-31:T>C,14595843.0,15394673.0,0.003318758937339618
100033723|F|0-20:T>C-20:T>C,100029793|F|0-30:G>A-30:G>A,14595843.0,15400977.0,0.006317598120428884
100033723|F|0-20:T>C-20:T>C,100021703|F|0-41:T>C-41:T>C,14595843.0,15431799.0,0.03917720572293474
100033723|F|0-20:T>C-20:T>C,100017056|F|0-15:G>A-15:G>A,14595843.0,15535069.0,0.05657933023288856
100033723|F|0-20:T>C-20:T>C,100021184|F|0-17:T>G-17:T>G,14595843.0,15536283.0,0.05657933023288856
100033723|F|0-20:T>C-20:T>C,100044126|F|0-46:C>T-46:C>T,14595843.0,15556197.0,0.013072713905882218
100033723|F|0-20:T>C-20:T>C,100017834|F|0-8:C>T-8:C>T,14595843.0,15619447.0,0.00016303055264731175
100033723|F|0-20:T>C-20:T>C,100020292|F|0-58:T>C-58:T>C,14595843.0,15819325.0,0.11237585793390971
100033723|F|0-20:T>C-20:T>C,100015600|F|0-30:C>A-30:C>A,14595843.0,15832699.0,0.09750777931245376
100033723|F|0-20:T>C-20:T>C,100049389|F|0-23:C>A-23:C>A,14595843.0,15838578.0,0.10919644505578985
100033723|F|0-20:T>C-20:T>C,100038568|F|0-15:C>T-15:C>T,14595843.0,15839422.0,0.09750777931245376
100033723|F|0-20:T>C-20:T>C,100018705|F|0-34:T>C-34:T>C,14595843.0,15915251.0,0.05804561772205424
100033723|F|0-20:T>C-20:T>C,100019856|F|0-16:C>T-16:C>T,14595843.0,15948596.0,0.11267772748227065
100033723|F|0-20:T>C-20:T>C,100034716|F|0-53:A>G-53:A>G,14595843.0,15958067.0,0.013340562888828646
100033723|F|0-20:T>C-20:T>C,100021071|F|0-60:A>G-60:A>G,14595843.0,15967627.0,0.019312520082350577
100033723|F|0-20:T>C-20:T>C,100020211|F|0-33:C>A-33:C>A,14595843.0,15977146.0,0.04908352280254868
100033723|F|0-20:T>C-20:T>C,100013484|F|0-22:G>A-22:G>A,14595843.0,16177456.0,0.0024774438326448313
100033723|F|0-20:T>C-20:T>C,100021316|F|0-63:C>A-63:C>A,14595843.0,16179198.0,0.007483117476922584
100033723|F|0-20:T>C-20:T>C,100017187|F|0-41:T>C-41:T>C,14595843.0,16245982.0,0.01811196240219867
100033723|F|0-20:T>C-20:T>C,100029840|F|0-31:T>C-31:T>C,14595843.0,16252498.0,0.009524699114725936
100033723|F|0-20:T>C-20:T>C,100013453|F|0-6:G>A-6:G>A,14595843.0,16307679.0,0.028588344830860646
100033723|F|0-20:T>C-20:T>C,100016783|F|0-52:G>T-52:G>T,14595843.0,16317524.0,0.033905675933505984
100033723|F|0-20:T>C-20:T>C,100014400|F|0-16:A>T-16:A>T,14595843.0,16381041.0,0.0036228325089821935
100033723|F|0-20:T>C-20:T>C,100016625|F|0-16:T>C-16:T>C,14595843.0,16411184.0,0.0036228325089821905
100033723|F|0-20:T>C-20:T>C,100015226|F|0-25:T>A-25:T>A,14595843.0,16581877.0,0.10279605928802901
100033723|F|0-20:T>C-20:T>C,100017539|F|0-11:A>T-11:A>T,14595843.0,16662610.0,0.02044533108215387
100033723|F|0-20:T>C-20:T>C,100033601|F|0-15:C>A-15:C>A,14595843.0,16769146.0,0.06357610541342783
100033723|F|0-20:T>C-20:T>C,100039949|F|0-62:A>T-62:A>T,14595843.0,16793350.0,0.07985976504100699
100033723|F|0-20:T>C-20:T>C,100035334|F|0-35:T>C-35:T>C,14595843.0,16832622.0,0.10061057651018533
100033723|F|0-20:T>C-20:T>C,100021345|F|0-28:C>T-28:C>T,14595843.0,16899147.0,0.07012853553291692
100033723|F|0-20:T>C-20:T>C,100022139|F|0-65:T>C-65:T>C,14595843.0,16965771.0,0.11017758011732794
100033723|F|0-20:T>C-20:T>C,100044804|F|0-53:G>C-53:G>C,14595843.0,16968917.0,0.04631542418669487
100033723|F|0-20:T>C-20:T>C,100030290|F|0-11:A>C-11:A>C,14595843.0,16971407.0,0.11017758011732794
100033723|F|0-20:T>C-20:T>C,100017336|F|0-39:A>G-39:A>G,14595843.0,16987827.0,0.05781070308526077
100033723|F|0-20:T>C-20:T>C,100029568|F|0-9:T>G-9:T>G,14595843.0,16988131.0,0.07549788648382835
100033723|F|0-20:T>C-20:T>C,100034247|F|0-37:G>C-37:G>C,14595843.0,16999534.0,0.0634404943363274
100033723|F|0-20:T>C-20:T>C,100012983|F|0-45:A>T-45:A>T,14595843.0,17017248.0,0.008556195550640808
100033723|F|0-20:T>C-20:T>C,100020033|F|0-7:G>A-7:G>A,14595843.0,17020316.0,0.08494161923460085
100033723|F|0-20:T>C-20:T>C,100018782|F|0-63:C>T-63:C>T,14595843.0,17424649.0,0.00013481096849186916
100033723|F|0-20:T>C-20:T>C,100019630|F|0-24:A>T-24:A>T,14595843.0,17521232.0,9.67788350745786e-05
100033723|F|0-20:T>C-20:T>C,100021757|F|0-47:G>A-47:G>A,14595843.0,17521694.0,0.001451022484497773
100033723|F|0-20:T>C-20:T>C,100038944|F|0-45:C>T-45:C>T,14595843.0,17607936.0,0.08209214738568231
100033723|F|0-20:T>C-20:T>C,100047378|F|0-35:C>T-35:C>T,14595843.0,17706505.0,0.08902546204854724
100033723|F|0-20:T>C-20:T>C,100029543|F|0-46:T>C-46:T>C,14595843.0,18278899.0,0.0002777467051740948
100033723|F|0-20:T>C-20:T>C,100021798|F|0-27:T>C-27:T>C,14595843.0,18732658.0,0.0046329564608121356
100033723|F|0-20:T>C-20:T>C,100017716|F|0-8:C>T-8:C>T,14595843.0,18851585.0,0.0033672203158771766
100017564|F|0-8:A>T-8:A>T,100057963|F|0-26:C>T-26:C>T,14625545.0,14656009.0,0.00017842868562293175
100017564|F|0-8:A>T-8:A>T,100019295|F|0-19:G>T-19:G>T,14625545.0,14656014.0,0.0014059058026474293
100017564|F|0-8:A>T-8:A>T,100035362|F|0-6:C>A-6:C>A,14625545.0,14658473.0,0.03322787244188973
100017564|F|0-8:A>T-8:A>T,100014679|F|0-16:C>A-16:C>A,14625545.0,14859822.0,0.0013564567340541072
100017564|F|0-8:A>T-8:A>T,100021838|F|0-57:A>G-57:A>G,14625545.0,14928961.0,0.013730087358684445
100017564|F|0-8:A>T-8:A>T,100046294|F|0-6:C>G-6:C>G,14625545.0,15124860.0,0.0014971818756811667
100017564|F|0-8:A>T-8:A>T,100045141|F|0-49:C>T-49:C>T,14625545.0,15225158.0,0.03639920026376093
100017564|F|0-8:A>T-8:A>T,100043254|F|0-7:C>G-7:C>G,14625545.0,15229542.0,0.03333918231268644
100017564|F|0-8:A>T-8:A>T,100013673|F|0-63:C>A-63:C>A,14625545.0,15256237.0,0.03581627359248545
100017564|F|0-8:A>T-8:A>T,100016806|F|0-26:T>A-26:T>A,14625545.0,15351778.0,0.008628491662959595
100017564|F|0-8:A>T-8:A>T,100033542|F|0-31:T>C-31:T>C,14625545.0,15394673.0,0.01891847517836354
100017564|F|0-8:A>T-8:A>T,100029793|F|0-30:G>A-30:G>A,14625545.0,15400977.0,0.02969764618656147
100017564|F|0-8:A>T-8:A>T,100021703|F|0-41:T>C-41:T>C,14625545.0,15431799.0,0.022938517135859985
100017564|F|0-8:A>T-8:A>T,100017056|F|0-15:G>A-15:G>A,14625545.0,15535069.0,0.00042709895408211447
100017564|F|0-8:A>T-8:A>T,100021184|F|0-17:T>G-17:T>G,14625545.0,15536283.0,0.00042709895408211447
100017564|F|0-8:A>T-8:A>T,100044126|F|0-46:C>T-46:C>T,14625545.0,15556197.0,0.0011068068622025356
100017564|F|0-8:A>T-8:A>T,100017834|F|0-8:C>T-8:C>T,14625545.0,15619447.0,0.0019934819717616664
100017564|F|0-8:A>T-8:A>T,100020292|F|0-58:T>C-58:T>C,14625545.0,15819325.0,0.09999512127387263
100017564|F|0-8:A>T-8:A>T,100015600|F|0-30:C>A-30:C>A,14625545.0,15832699.0,0.10355253141884842
100017564|F|0-8:A>T-8:A>T,100049389|F|0-23:C>A-23:C>A,14625545.0,15838578.0,0.09838271789083694
100017564|F|0-8:A>T-8:A>T,100038568|F|0-15:C>T-15:C>T,14625545.0,15839422.0,0.10355253141884842
100017564|F|0-8:A>T-8:A>T,100018705|F|0-34:T>C-34:T>C,14625545.0,15915251.0,0.06487372506477779
100017564|F|0-8:A>T-8:A>T,100019856|F|0-16:C>T-16:C>T,14625545.0,15948596.0,0.0006340251539775383
100017564|F|0-8:A>T-8:A>T,100034716|F|0-53:A>G-53:A>G,14625545.0,15958067.0,0.049432691648139716
100017564|F|0-8:A>T-8:A>T,100021071|F|0-60:A>G-60:A>G,14625545.0,15967627.0,0.06726801816465387
100017564|F|0-8:A>T-8:A>T,100020211|F|0-33:C>A-33:C>A,14625545.0,15977146.0,0.0768733043583894
100017564|F|0-8:A>T-8:A>T,100013484|F|0-22:G>A-22:G>A,14625545.0,16177456.0,0.013774910480087891
100017564|F|0-8:A>T-8:A>T,100021316|F|0-63:C>A-63:C>A,14625545.0,16179198.0,0.01804750280986502
100017564|F|0-8:A>T-8:A>T,100017187|F|0-41:T>C-41:T>C,14625545.0,16245982.0,2.24820143884892e-05
100017564|F|0-8:A>T-8:A>T,100029840|F|0-31:T>C-31:T>C,14625545.0,16252498.0,0.08768363037605705
100017564|F|0-8:A>T-8:A>T,100013453|F|0-6:G>A-6:G>A,14625545.0,16307679.0,0.01251873234291373
100017564|F|0-8:A>T-8:A>T,100016783|F|0-52:G>T-52:G>T,14625545.0,16317524.0,0.013872121228831705
100017564|F|0-8:A>T-8:A>T,100014400|F|0-16:A>T-16:A>T,14625545.0,16381041.0,0.003390730038919691
100017564|F|0-8:A>T-8:A>T,100016625|F|0-16:T>C-16:T>C,14625545.0,16411184.0,0.003390730038919691
100017564|F|0-8:A>T-8:A>T,100015226|F|0-25:T>A-25:T>A,14625545.0,16581877.0,0.018075240804034488
100017564|F|0-8:A>T-8:A>T,100017539|F|0-11:A>T-11:A>T,14625545.0,16662610.0,0.02797761790567552
100017564|F|0-8:A>T-8:A>T,100033601|F|0-15:C>A-15:C>A,14625545.0,16769146.0,0.05760529620290676
100017564|F|0-8:A>T-8:A>T,100039949|F|0-62:A>T-62:A>T,14625545.0,16793350.0,0.05858170606372042
100017564|F|0-8:A>T-8:A>T,100035334|F|0-35:T>C-35:T>C,14625545.0,16832622.0,0.08933012827892403
100017564|F|0-8:A>T-8:A>T,100021345|F|0-28:C>T-28:C>T,14625545.0,16899147.0,0.06201935003721155
100017564|F|0-8:A>T-8:A>T,100022139|F|0-65:T>C-65:T>C,14625545.0,16965771.0,0.054260705050063626
100017564|F|0-8:A>T-8:A>T,100044804|F|0-53:G>C-53:G>C,14625545.0,16968917.0,0.08559939188441136
100017564|F|0-8:A>T-8:A>T,100030290|F|0-11:A>C-11:A>C,14625545.0,16971407.0,0.054260705050063626
100017564|F|0-8:A>T-8:A>T,100017336|F|0-39:A>G-39:A>G,14625545.0,16987827.0,0.05800011153867598
100017564|F|0-8:A>T-8:A>T,100029568|F|0-9:T>G-9:T>G,14625545.0,16988131.0,0.03807278151560814
100017564|F|0-8:A>T-8:A>T,100034247|F|0-37:G>C-37:G>C,14625545.0,16999534.0,0.0395273135104083
100017564|F|0-8:A>T-8:A>T,100012983|F|0-45:A>T-45:A>T,14625545.0,17017248.0,0.20542414988872285
100017564|F|0-8:A>T-8:A>T,100020033|F|0-7:G>A-7:G>A,14625545.0,17020316.0,0.007465086754126108
100017564|F|0-8:A>T-8:A>T,100018782|F|0-63:C>T-63:C>T,14625545.0,17424649.0,0.10136636086580358
100017564|F|0-8:A>T-8:A>T,100019630|F|0-24:A>T-24:A>T,14625545.0,17521232.0,0.09250055828739313
100017564|F|0-8:A>T-8:A>T,100021757|F|0-47:G>A-47:G>A,14625545.0,17521694.0,0.10873119686069366
100017564|F|0-8:A>T-8:A>T,100038944|F|0-45:C>T-45:C>T,14625545.0,17607936.0,0.006284272449939648
100017564|F|0-8:A>T-8:A>T,100047378|F|0-35:C>T-35:C>T,14625545.0,17706505.0,0.0005470908444347234
100017564|F|0-8:A>T-8:A>T,100029543|F|0-46:T>C-46:T>C,14625545.0,18278899.0,0.005464936086844836
100017564|F|0-8:A>T-8:A>T,100021798|F|0-27:T>C-27:T>C,14625545.0,18732658.0,5.9872208757621565e-06
100017564|F|0-8:A>T-8:A>T,100017716|F|0-8:C>T-8:C>T,14625545.0,18851585.0,0.01904358865848492
100057963|F|0-26:C>T-26:C>T,100019295|F|0-19:G>T-19:G>T,14656009.0,14656014.0,0.8547648414900936
100057963|F|0-26:C>T-26:C>T,100035362|F|0-6:C>A-6:C>A,14656009.0,14658473.0,0.7710553632239299
100057963|F|0-26:C>T-26:C>T,100014679|F|0-16:C>A-16:C>A,14656009.0,14859822.0,0.08512902367650964
100057963|F|0-26:C>T-26:C>T,100021838|F|0-57:A>G-57:A>G,14656009.0,14928961.0,0.21541950113378708
100057963|F|0-26:C>T-26:C>T,100046294|F|0-6:C>G-6:C>G,14656009.0,15124860.0,0.09336242145605843
100057963|F|0-26:C>T-26:C>T,100045141|F|0-49:C>T-49:C>T,14656009.0,15225158.0,0.011202973159494901
100057963|F|0-26:C>T-26:C>T,100043254|F|0-7:C>G-7:C>G,14656009.0,15229542.0,0.010344076655052267
100057963|F|0-26:C>T-26:C>T,100013673|F|0-63:C>A-63:C>A,14656009.0,15256237.0,0.008233430577080848
100057963|F|0-26:C>T-26:C>T,100016806|F|0-26:T>A-26:T>A,14656009.0,15351778.0,0.006478026533996682
100057963|F|0-26:C>T-26:C>T,100033542|F|0-31:T>C-31:T>C,14656009.0,15394673.0,0.010977189400425927
100057963|F|0-26:C>T-26:C>T,100029793|F|0-30:G>A-30:G>A,14656009.0,15400977.0,0.01461130884970073
100057963|F|0-26:C>T-26:C>T,100021703|F|0-41:T>C-41:T>C,14656009.0,15431799.0,0.007270963019138199
100057963|F|0-26:C>T-26:C>T,100017056|F|0-15:G>A-15:G>A,14656009.0,15535069.0,0.013251507727101403
100057963|F|0-26:C>T-26:C>T,100021184|F|0-17:T>G-17:T>G,14656009.0,15536283.0,0.013251507727101403
100057963|F|0-26:C>T-26:C>T,100044126|F|0-46:C>T-46:C>T,14656009.0,15556197.0,0.004616910866910869
100057963|F|0-26:C>T-26:C>T,100017834|F|0-8:C>T-8:C>T,14656009.0,15619447.0,0.023231617212225834
100057963|F|0-26:C>T-26:C>T,100020292|F|0-58:T>C-58:T>C,14656009.0,15819325.0,0.012319286086891725
100057963|F|0-26:C>T-26:C>T,100015600|F|0-30:C>A-30:C>A,14656009.0,15832699.0,0.010211358921161822
100057963|F|0-26:C>T-26:C>T,100049389|F|0-23:C>A-23:C>A,14656009.0,15838578.0,0.013834358235447826
100057963|F|0-26:C>T-26:C>T,100038568|F|0-15:C>T-15:C>T,14656009.0,15839422.0,0.010211358921161822
100057963|F|0-26:C>T-26:C>T,100018705|F|0-34:T>C-34:T>C,14656009.0,15915251.0,0.02733102070850411
100057963|F|0-26:C>T-26:C>T,100019856|F|0-16:C>T-16:C>T,14656009.0,15948596.0,0.019298846636976074
100057963|F|0-26:C>T-26:C>T,100034716|F|0-53:A>G-53:A>G,14656009.0,15958067.0,0.012863997720980316
100057963|F|0-26:C>T-26:C>T,100021071|F|0-60:A>G-60:A>G,14656009.0,15967627.0,0.015363517201752474
100057963|F|0-26:C>T-26:C>T,100020211|F|0-33:C>A-33:C>A,14656009.0,15977146.0,0.028151895529944303
100057963|F|0-26:C>T-26:C>T,100013484|F|0-22:G>A-22:G>A,14656009.0,16177456.0,0.0007354177172634096
100057963|F|0-26:C>T-26:C>T,100021316|F|0-63:C>A-63:C>A,14656009.0,16179198.0,0.00012289843673188715
100057963|F|0-26:C>T-26:C>T,100017187|F|0-41:T>C-41:T>C,14656009.0,16245982.0,0.005468750000000006
100057963|F|0-26:C>T-26:C>T,100029840|F|0-31:T>C-31:T>C,14656009.0,16252498.0,0.004441246746786759
100057963|F|0-26:C>T-26:C>T,100013453|F|0-6:G>A-6:G>A,14656009.0,16307679.0,0.005593190771780402
100057963|F|0-26:C>T-26:C>T,100016783|F|0-52:G>T-52:G>T,14656009.0,16317524.0,0.0071880571361467365
100057963|F|0-26:C>T-26:C>T,100014400|F|0-16:A>T-16:A>T,14656009.0,16381041.0,0.00022627249997171753
100057963|F|0-26:C>T-26:C>T,100016625|F|0-16:T>C-16:T>C,14656009.0,16411184.0,0.00022627249997171672
100057963|F|0-26:C>T-26:C>T,100015226|F|0-25:T>A-25:T>A,14656009.0,16581877.0,0.00925816062859253
100057963|F|0-26:C>T-26:C>T,100017539|F|0-11:A>T-11:A>T,14656009.0,16662610.0,0.001058550992413429
100057963|F|0-26:C>T-26:C>T,100033601|F|0-15:C>A-15:C>A,14656009.0,16769146.0,0.127097399558794
100057963|F|0-26:C>T-26:C>T,100039949|F|0-62:A>T-62:A>T,14656009.0,16793350.0,0.12925170068027206
100057963|F|0-26:C>T-26:C>T,100035334|F|0-35:T>C-35:T>C,14656009.0,16832622.0,0.007627373797071695
100057963|F|0-26:C>T-26:C>T,100021345|F|0-28:C>T-28:C>T,14656009.0,16899147.0,0.13683634373289538
100057963|F|0-26:C>T-26:C>T,100022139|F|0-65:T>C-65:T>C,14656009.0,16965771.0,0.14108726660758966
100057963|F|0-26:C>T-26:C>T,100044804|F|0-53:G>C-53:G>C,14656009.0,16968917.0,0.015534515377338914
100057963|F|0-26:C>T-26:C>T,100030290|F|0-11:A>C-11:A>C,14656009.0,16971407.0,0.14108726660758966
100057963|F|0-26:C>T-26:C>T,100017336|F|0-39:A>G-39:A>G,14656009.0,16987827.0,0.0009583439815997919
100057963|F|0-26:C>T-26:C>T,100029568|F|0-9:T>G-9:T>G,14656009.0,16988131.0,0.1193390243066271
100057963|F|0-26:C>T-26:C>T,100034247|F|0-37:G>C-37:G>C,14656009.0,16999534.0,0.1427552960347638
100057963|F|0-26:C>T-26:C>T,100012983|F|0-45:A>T-45:A>T,14656009.0,17017248.0,0.0001784286856229313
100057963|F|0-26:C>T-26:C>T,100020033|F|0-7:G>A-7:G>A,14656009.0,17020316.0,0.17910597572362233
100057963|F|0-26:C>T-26:C>T,100018782|F|0-63:C>T-63:C>T,14656009.0,17424649.0,0.00013435312731087127
100057963|F|0-26:C>T-26:C>T,100019630|F|0-24:A>T-24:A>T,14656009.0,17521232.0,0.001886913215275962
100057963|F|0-26:C>T-26:C>T,100021757|F|0-47:G>A-47:G>A,14656009.0,17521694.0,0.004895897753040595
100057963|F|0-26:C>T-26:C>T,100038944|F|0-45:C>T-45:C>T,14656009.0,17607936.0,0.0007928644817680504
100057963|F|0-26:C>T-26:C>T,100047378|F|0-35:C>T-35:C>T,14656009.0,17706505.0,0.016974470396523632
100057963|F|0-26:C>T-26:C>T,100029543|F|0-46:T>C-46:T>C,14656009.0,18278899.0,0.020472381660997786
100057963|F|0-26:C>T-26:C>T,100021798|F|0-27:T>C-27:T>C,14656009.0,18732658.0,0.004280007608902422
100057963|F|0-26:C>T-26:C>T,100017716|F|0-8:C>T-8:C>T,14656009.0,18851585.0,0.019619514472455628
100019295|F|0-19:G>T-19:G>T,100035362|F|0-6:C>A-6:C>A,14656014.0,14658473.0,0.6481896201017631
100019295|F|0-19:G>T-19:G>T,100014679|F|0-16:C>A-16:C>A,14656014.0,14859822.0,0.061210049319806975
100019295|F|0-19:G>T-19:G>T,100021838|F|0-57:A>G-57:A>G,14656014.0,14928961.0,0.16737332896301807
100019295|F|0-19:G>T-19:G>T,100046294|F|0-6:C>G-6:C>G,14656014.0,15124860.0,0.07900283875236602
100019295|F|0-19:G>T-19:G>T,100045141|F|0-49:C>T-49:C>T,14656014.0,15225158.0,0.007632230025947609
100019295|F|0-19:G>T-19:G>T,100043254|F|0-7:C>G-7:C>G,14656014.0,15229542.0,0.007381703338918589
100019295|F|0-19:G>T-19:G>T,100013673|F|0-63:C>A-63:C>A,14656014.0,15256237.0,0.005669665812045019
100019295|F|0-19:G>T-19:G>T,100016806|F|0-26:T>A-26:T>A,14656014.0,15351778.0,0.002367901473207502
100019295|F|0-19:G>T-19:G>T,100033542|F|0-31:T>C-31:T>C,14656014.0,15394673.0,0.008498675090811618
100019295|F|0-19:G>T-19:G>T,100029793|F|0-30:G>A-30:G>A,14656014.0,15400977.0,0.010899684973541775
100019295|F|0-19:G>T-19:G>T,100021703|F|0-41:T>C-41:T>C,14656014.0,15431799.0,0.0058353953520634706
100019295|F|0-19:G>T-19:G>T,100017056|F|0-15:G>A-15:G>A,14656014.0,15535069.0,0.009558541758705784
100019295|F|0-19:G>T-19:G>T,100021184|F|0-17:T>G-17:T>G,14656014.0,15536283.0,0.009558541758705784
100019295|F|0-19:G>T-19:G>T,100044126|F|0-46:C>T-46:C>T,14656014.0,15556197.0,0.0029904646694655958
100019295|F|0-19:G>T-19:G>T,100017834|F|0-8:C>T-8:C>T,14656014.0,15619447.0,0.018915875167643398
100019295|F|0-19:G>T-19:G>T,100020292|F|0-58:T>C-58:T>C,14656014.0,15819325.0,0.009256605173922202
100019295|F|0-19:G>T-19:G>T,100015600|F|0-30:C>A-30:C>A,14656014.0,15832699.0,0.007496996403360949
100019295|F|0-19:G>T-19:G>T,100049389|F|0-23:C>A-23:C>A,14656014.0,15838578.0,0.010525551539014568
100019295|F|0-19:G>T-19:G>T,100038568|F|0-15:C>T-15:C>T,14656014.0,15839422.0,0.007496996403360949
100019295|F|0-19:G>T-19:G>T,100018705|F|0-34:T>C-34:T>C,14656014.0,15915251.0,0.021380271375676663
100019295|F|0-19:G>T-19:G>T,100019856|F|0-16:C>T-16:C>T,14656014.0,15948596.0,0.015669277713814093
100019295|F|0-19:G>T-19:G>T,100034716|F|0-53:A>G-53:A>G,14656014.0,15958067.0,0.009040049848943377
100019295|F|0-19:G>T-19:G>T,100021071|F|0-60:A>G-60:A>G,14656014.0,15967627.0,0.011076894822541532
100019295|F|0-19:G>T-19:G>T,100020211|F|0-33:C>A-33:C>A,14656014.0,15977146.0,0.022259915858604963
100019295|F|0-19:G>T-19:G>T,100013484|F|0-22:G>A-22:G>A,14656014.0,16177456.0,8.466973903526843e-05
100019295|F|0-19:G>T-19:G>T,100021316|F|0-63:C>A-63:C>A,14656014.0,16179198.0,0.002648671637296403
100019295|F|0-19:G>T-19:G>T,100017187|F|0-41:T>C-41:T>C,14656014.0,16245982.0,0.0010940390841813104
100019295|F|0-19:G>T-19:G>T,100029840|F|0-31:T>C-31:T>C,14656014.0,16252498.0,0.00048155892050045785
100019295|F|0-19:G>T-19:G>T,100013453|F|0-6:G>A-6:G>A,14656014.0,16307679.0,0.012034701132949783
100019295|F|0-19:G>T-19:G>T,100016783|F|0-52:G>T-52:G>T,14656014.0,16317524.0,0.014093298131502953
100019295|F|0-19:G>T-19:G>T,100014400|F|0-16:A>T-16:A>T,14656014.0,16381041.0,0.00039577540660524975
100019295|F|0-19:G>T-19:G>T,100016625|F|0-16:T>C-16:T>C,14656014.0,16411184.0,0.00039577540660524943
100019295|F|0-19:G>T-19:G>T,100015226|F|0-25:T>A-25:T>A,14656014.0,16581877.0,0.012834338821258782
100019295|F|0-19:G>T-19:G>T,100017539|F|0-11:A>T-11:A>T,14656014.0,16662610.0,1.631515661734669e-06
100019295|F|0-19:G>T-19:G>T,100033601|F|0-15:C>A-15:C>A,14656014.0,16769146.0,0.10692581307191881
100019295|F|0-19:G>T-19:G>T,100039949|F|0-62:A>T-62:A>T,14656014.0,16793350.0,0.10839877213848673
100019295|F|0-19:G>T-19:G>T,100035334|F|0-35:T>C-35:T>C,14656014.0,16832622.0,0.007993952565435097
100019295|F|0-19:G>T-19:G>T,100021345|F|0-28:C>T-28:C>T,14656014.0,16899147.0,0.1154609973382105
100019295|F|0-19:G>T-19:G>T,100022139|F|0-65:T>C-65:T>C,14656014.0,16965771.0,0.12108759528169308
100019295|F|0-19:G>T-19:G>T,100044804|F|0-53:G>C-53:G>C,14656014.0,16968917.0,0.01434251429882576
100019295|F|0-19:G>T-19:G>T,100030290|F|0-11:A>C-11:A>C,14656014.0,16971407.0,0.12108759528169308
100019295|F|0-19:G>T-19:G>T,100017336|F|0-39:A>G-39:A>G,14656014.0,16987827.0,0.0027029457143692443
100019295|F|0-19:G>T-19:G>T,100029568|F|0-9:T>G-9:T>G,14656014.0,16988131.0,0.10393544094640783
100019295|F|0-19:G>T-19:G>T,100034247|F|0-37:G>C-37:G>C,14656014.0,16999534.0,0.12720006862787633
100019295|F|0-19:G>T-19:G>T,100012983|F|0-45:A>T-45:A>T,14656014.0,17017248.0,0.0014059058026474256
100019295|F|0-19:G>T-19:G>T,100020033|F|0-7:G>A-7:G>A,14656014.0,17020316.0,0.15567459324155197
100019295|F|0-19:G>T-19:G>T,100018782|F|0-63:C>T-63:C>T,14656014.0,17424649.0,0.00034301732976669067
100019295|F|0-19:G>T-19:G>T,100019630|F|0-24:A>T-24:A>T,14656014.0,17521232.0,0.0005410783167228112
100019295|F|0-19:G>T-19:G>T,100021757|F|0-47:G>A-47:G>A,14656014.0,17521694.0,0.0026305672515322415
100019295|F|0-19:G>T-19:G>T,100038944|F|0-45:C>T-45:C>T,14656014.0,17607936.0,0.002585794991427532
100019295|F|0-19:G>T-19:G>T,100047378|F|0-35:C>T-35:C>T,14656014.0,17706505.0,0.010543548608350972
100019295|F|0-19:G>T-19:G>T,100029543|F|0-46:T>C-46:T>C,14656014.0,18278899.0,0.01177037217523459
100019295|F|0-19:G>T-19:G>T,100021798|F|0-27:T>C-27:T>C,14656014.0,18732658.0,0.003651622074052352
100019295|F|0-19:G>T-19:G>T,100017716|F|0-8:C>T-8:C>T,14656014.0,18851585.0,0.01685585242422587
100035362|F|0-6:C>A-6:C>A,100014679|F|0-16:C>A-16:C>A,14658473.0,14859822.0,0.11727670886143166
100035362|F|0-6:C>A-6:C>A,100021838|F|0-57:A>G-57:A>G,14658473.0,14928961.0,0.25032296863863196
100035362|F|0-6:C>A-6:C>A,100046294|F|0-6:C>G-6:C>G,14658473.0,15124860.0,0.09652351979079592
100035362|F|0-6:C>A-6:C>A,100045141|F|0-49:C>T-49:C>T,14658473.0,15225158.0,0.016583986136807734
100035362|F|0-6:C>A-6:C>A,100043254|F|0-7:C>G-7:C>G,14658473.0,15229542.0,0.00809241520782991
100035362|F|0-6:C>A-6:C>A,100013673|F|0-63:C>A-63:C>A,14658473.0,15256237.0,0.012233790205235306
100035362|F|0-6:C>A-6:C>A,100016806|F|0-26:T>A-26:T>A,14658473.0,15351778.0,0.0009044356670977655
100035362|F|0-6:C>A-6:C>A,100033542|F|0-31:T>C-31:T>C,14658473.0,15394673.0,0.01407796373903383
100035362|F|0-6:C>A-6:C>A,100029793|F|0-30:G>A-30:G>A,14658473.0,15400977.0,0.01926808674826393
100035362|F|0-6:C>A-6:C>A,100021703|F|0-41:T>C-41:T>C,14658473.0,15431799.0,0.02690331789732964
100035362|F|0-6:C>A-6:C>A,100017056|F|0-15:G>A-15:G>A,14658473.0,15535069.0,0.01790734893377743
100035362|F|0-6:C>A-6:C>A,100021184|F|0-17:T>G-17:T>G,14658473.0,15536283.0,0.01790734893377743
100035362|F|0-6:C>A-6:C>A,100044126|F|0-46:C>T-46:C>T,14658473.0,15556197.0,0.006716376994352772
100035362|F|0-6:C>A-6:C>A,100017834|F|0-8:C>T-8:C>T,14658473.0,15619447.0,0.01378951341043465
100035362|F|0-6:C>A-6:C>A,100020292|F|0-58:T>C-58:T>C,14658473.0,15819325.0,0.016947903200199593
100035362|F|0-6:C>A-6:C>A,100015600|F|0-30:C>A-30:C>A,14658473.0,15832699.0,0.01434721979871229
100035362|F|0-6:C>A-6:C>A,100049389|F|0-23:C>A-23:C>A,14658473.0,15838578.0,0.018813705537181046
100035362|F|0-6:C>A-6:C>A,100038568|F|0-15:C>T-15:C>T,14658473.0,15839422.0,0.01434721979871229
100035362|F|0-6:C>A-6:C>A,100018705|F|0-34:T>C-34:T>C,14658473.0,15915251.0,0.035913962838528456
100035362|F|0-6:C>A-6:C>A,100019856|F|0-16:C>T-16:C>T,14658473.0,15948596.0,0.02385048482952765
100035362|F|0-6:C>A-6:C>A,100034716|F|0-53:A>G-53:A>G,14658473.0,15958067.0,0.01856459737546617
100035362|F|0-6:C>A-6:C>A,100021071|F|0-60:A>G-60:A>G,14658473.0,15967627.0,0.021698816047061396
100035362|F|0-6:C>A-6:C>A,100020211|F|0-33:C>A-33:C>A,14658473.0,15977146.0,0.04789463813136961
100035362|F|0-6:C>A-6:C>A,100013484|F|0-22:G>A-22:G>A,14658473.0,16177456.0,4.3671277131454655e-05
100035362|F|0-6:C>A-6:C>A,100021316|F|0-63:C>A-63:C>A,14658473.0,16179198.0,0.0014570341108596824
100035362|F|0-6:C>A-6:C>A,100017187|F|0-41:T>C-41:T>C,14658473.0,16245982.0,0.0004009265858873821
100035362|F|0-6:C>A-6:C>A,100029840|F|0-31:T>C-31:T>C,14658473.0,16252498.0,0.0004610792844974857
100035362|F|0-6:C>A-6:C>A,100013453|F|0-6:G>A-6:G>A,14658473.0,16307679.0,0.016207963702197733
100035362|F|0-6:C>A-6:C>A,100016783|F|0-52:G>T-52:G>T,14658473.0,16317524.0,0.018737538132679536
100035362|F|0-6:C>A-6:C>A,100014400|F|0-16:A>T-16:A>T,14658473.0,16381041.0,0.0002458838584867278
100035362|F|0-6:C>A-6:C>A,100016625|F|0-16:T>C-16:T>C,14658473.0,16411184.0,0.0002458838584867291
100035362|F|0-6:C>A-6:C>A,100015226|F|0-25:T>A-25:T>A,14658473.0,16581877.0,0.005993919058117065
100035362|F|0-6:C>A-6:C>A,100017539|F|0-11:A>T-11:A>T,14658473.0,16662610.0,5.3111184021140035e-05
100035362|F|0-6:C>A-6:C>A,100033601|F|0-15:C>A-15:C>A,14658473.0,16769146.0,0.09689811691038427
100035362|F|0-6:C>A-6:C>A,100039949|F|0-62:A>T-62:A>T,14658473.0,16793350.0,0.09753758951905785
100035362|F|0-6:C>A-6:C>A,100035334|F|0-35:T>C-35:T>C,14658473.0,16832622.0,0.001618672544693161
100035362|F|0-6:C>A-6:C>A,100021345|F|0-28:C>T-28:C>T,14658473.0,16899147.0,0.1053367612641769
100035362|F|0-6:C>A-6:C>A,100022139|F|0-65:T>C-65:T>C,14658473.0,16965771.0,0.10693548454654685
100035362|F|0-6:C>A-6:C>A,100044804|F|0-53:G>C-53:G>C,14658473.0,16968917.0,0.004943016042580608
100035362|F|0-6:C>A-6:C>A,100030290|F|0-11:A>C-11:A>C,14658473.0,16971407.0,0.10693548454654685
100035362|F|0-6:C>A-6:C>A,100017336|F|0-39:A>G-39:A>G,14658473.0,16987827.0,0.0005508257924177276
100035362|F|0-6:C>A-6:C>A,100029568|F|0-9:T>G-9:T>G,14658473.0,16988131.0,0.07317126675482508
100035362|F|0-6:C>A-6:C>A,100034247|F|0-37:G>C-37:G>C,14658473.0,16999534.0,0.09158726803358525
100035362|F|0-6:C>A-6:C>A,100012983|F|0-45:A>T-45:A>T,14658473.0,17017248.0,0.00010255516185768373
100035362|F|0-6:C>A-6:C>A,100020033|F|0-7:G>A-7:G>A,14658473.0,17020316.0,0.14280533310972265
100035362|F|0-6:C>A-6:C>A,100018782|F|0-63:C>T-63:C>T,14658473.0,17424649.0,0.0017058323403880706
100035362|F|0-6:C>A-6:C>A,100019630|F|0-24:A>T-24:A>T,14658473.0,17521232.0,0.004513413349101073
100035362|F|0-6:C>A-6:C>A,100021757|F|0-47:G>A-47:G>A,14658473.0,17521694.0,0.003561477723986631
100035362|F|0-6:C>A-6:C>A,100038944|F|0-45:C>T-45:C>T,14658473.0,17607936.0,3.9780767952425896e-05
100035362|F|0-6:C>A-6:C>A,100047378|F|0-35:C>T-35:C>T,14658473.0,17706505.0,0.00657353606747085
100035362|F|0-6:C>A-6:C>A,100029543|F|0-46:T>C-46:T>C,14658473.0,18278899.0,0.014207835887384205
100035362|F|0-6:C>A-6:C>A,100021798|F|0-27:T>C-27:T>C,14658473.0,18732658.0,0.029896464965221
100035362|F|0-6:C>A-6:C>A,100017716|F|0-8:C>T-8:C>T,14658473.0,18851585.0,0.023154165443796892
100014679|F|0-16:C>A-16:C>A,100021838|F|0-57:A>G-57:A>G,14859822.0,14928961.0,0.35452829874966735
100014679|F|0-16:C>A-16:C>A,100046294|F|0-6:C>G-6:C>G,14859822.0,15124860.0,0.0902994622693498
100014679|F|0-16:C>A-16:C>A,100045141|F|0-49:C>T-49:C>T,14859822.0,15225158.0,0.13250267513080255
100014679|F|0-16:C>A-16:C>A,100043254|F|0-7:C>G-7:C>G,14859822.0,15229542.0,0.1359446677567333
100014679|F|0-16:C>A-16:C>A,100013673|F|0-63:C>A-63:C>A,14859822.0,15256237.0,0.13778151326414545
100014679|F|0-16:C>A-16:C>A,100016806|F|0-26:T>A-26:T>A,14859822.0,15351778.0,0.05754361174971113
100014679|F|0-16:C>A-16:C>A,100033542|F|0-31:T>C-31:T>C,14859822.0,15394673.0,0.056226674239087525
100014679|F|0-16:C>A-16:C>A,100029793|F|0-30:G>A-30:G>A,14859822.0,15400977.0,0.08669353988329113
100014679|F|0-16:C>A-16:C>A,100021703|F|0-41:T>C-41:T>C,14859822.0,15431799.0,0.00034669061450042985
100014679|F|0-16:C>A-16:C>A,100017056|F|0-15:G>A-15:G>A,14859822.0,15535069.0,0.03026930617178407
100014679|F|0-16:C>A-16:C>A,100021184|F|0-17:T>G-17:T>G,14859822.0,15536283.0,0.03026930617178407
100014679|F|0-16:C>A-16:C>A,100044126|F|0-46:C>T-46:C>T,14859822.0,15556197.0,0.013988862627130779
100014679|F|0-16:C>A-16:C>A,100017834|F|0-8:C>T-8:C>T,14859822.0,15619447.0,0.016695872689159147
100014679|F|0-16:C>A-16:C>A,100020292|F|0-58:T>C-58:T>C,14859822.0,15819325.0,0.15698411449453997
100014679|F|0-16:C>A-16:C>A,100015600|F|0-30:C>A-30:C>A,14859822.0,15832699.0,0.1586224785963206
100014679|F|0-16:C>A-16:C>A,100049389|F|0-23:C>A-23:C>A,14859822.0,15838578.0,0.1454320808060303
100014679|F|0-16:C>A-16:C>A,100038568|F|0-15:C>T-15:C>T,14859822.0,15839422.0,0.1586224785963206
100014679|F|0-16:C>A-16:C>A,100018705|F|0-34:T>C-34:T>C,14859822.0,15915251.0,0.2291672002815589
100014679|F|0-16:C>A-16:C>A,100019856|F|0-16:C>T-16:C>T,14859822.0,15948596.0,0.005731448360864381
100014679|F|0-16:C>A-16:C>A,100034716|F|0-53:A>G-53:A>G,14859822.0,15958067.0,0.32577722980643753
100014679|F|0-16:C>A-16:C>A,100021071|F|0-60:A>G-60:A>G,14859822.0,15967627.0,0.29754317390901336
100014679|F|0-16:C>A-16:C>A,100020211|F|0-33:C>A-33:C>A,14859822.0,15977146.0,0.32182212346403616
100014679|F|0-16:C>A-16:C>A,100013484|F|0-22:G>A-22:G>A,14859822.0,16177456.0,0.022719653366463997
100014679|F|0-16:C>A-16:C>A,100021316|F|0-63:C>A-63:C>A,14859822.0,16179198.0,0.006235173230495954
100014679|F|0-16:C>A-16:C>A,100017187|F|0-41:T>C-41:T>C,14859822.0,16245982.0,0.05132681564245816
100014679|F|0-16:C>A-16:C>A,100029840|F|0-31:T>C-31:T>C,14859822.0,16252498.0,0.08494022106690252
100014679|F|0-16:C>A-16:C>A,100013453|F|0-6:G>A-6:G>A,14859822.0,16307679.0,0.04636608816700236
100014679|F|0-16:C>A-16:C>A,100016783|F|0-52:G>T-52:G>T,14859822.0,16317524.0,0.03506042569214936
100014679|F|0-16:C>A-16:C>A,100014400|F|0-16:A>T-16:A>T,14859822.0,16381041.0,0.04229066206891051
100014679|F|0-16:C>A-16:C>A,100016625|F|0-16:T>C-16:T>C,14859822.0,16411184.0,0.0422906620689105
100014679|F|0-16:C>A-16:C>A,100015226|F|0-25:T>A-25:T>A,14859822.0,16581877.0,0.01030279267741917
100014679|F|0-16:C>A-16:C>A,100017539|F|0-11:A>T-11:A>T,14859822.0,16662610.0,0.01762211022763475
100014679|F|0-16:C>A-16:C>A,100033601|F|0-15:C>A-15:C>A,14859822.0,16769146.0,0.012970026203217399
100014679|F|0-16:C>A-16:C>A,100039949|F|0-62:A>T-62:A>T,14859822.0,16793350.0,0.004738627294493221
100014679|F|0-16:C>A-16:C>A,100035334|F|0-35:T>C-35:T>C,14859822.0,16832622.0,0.046453910142107625
100014679|F|0-16:C>A-16:C>A,100021345|F|0-28:C>T-28:C>T,14859822.0,16899147.0,0.00539133123925312
100014679|F|0-16:C>A-16:C>A,100022139|F|0-65:T>C-65:T>C,14859822.0,16965771.0,0.04040863468648154
100014679|F|0-16:C>A-16:C>A,100044804|F|0-53:G>C-53:G>C,14859822.0,16968917.0,0.03568236024357427
100014679|F|0-16:C>A-16:C>A,100030290|F|0-11:A>C-11:A>C,14859822.0,16971407.0,0.04040863468648154
100014679|F|0-16:C>A-16:C>A,100017336|F|0-39:A>G-39:A>G,14859822.0,16987827.0,0.09960618467179462
100014679|F|0-16:C>A-16:C>A,100029568|F|0-9:T>G-9:T>G,14859822.0,16988131.0,0.031376819463381465
100014679|F|0-16:C>A-16:C>A,100034247|F|0-37:G>C-37:G>C,14859822.0,16999534.0,0.039651548015504974
100014679|F|0-16:C>A-16:C>A,100012983|F|0-45:A>T-45:A>T,14859822.0,17017248.0,0.0057314483608644
100014679|F|0-16:C>A-16:C>A,100020033|F|0-7:G>A-7:G>A,14859822.0,17020316.0,0.010845930550991352
100014679|F|0-16:C>A-16:C>A,100018782|F|0-63:C>T-63:C>T,14859822.0,17424649.0,0.009260674345456773
100014679|F|0-16:C>A-16:C>A,100019630|F|0-24:A>T-24:A>T,14859822.0,17521232.0,0.03189430981388221
100014679|F|0-16:C>A-16:C>A,100021757|F|0-47:G>A-47:G>A,14859822.0,17521694.0,0.03721976347674686
100014679|F|0-16:C>A-16:C>A,100038944|F|0-45:C>T-45:C>T,14859822.0,17607936.0,0.023145859009271602
100014679|F|0-16:C>A-16:C>A,100047378|F|0-35:C>T-35:C>T,14859822.0,17706505.0,0.03632446576884679
100014679|F|0-16:C>A-16:C>A,100029543|F|0-46:T>C-46:T>C,14859822.0,18278899.0,0.01643250209912877
100014679|F|0-16:C>A-16:C>A,100021798|F|0-27:T>C-27:T>C,14859822.0,18732658.0,0.0006701957910867456
100014679|F|0-16:C>A-16:C>A,100017716|F|0-8:C>T-8:C>T,14859822.0,18851585.0,0.032595300690108395
100021838|F|0-57:A>G-57:A>G,100046294|F|0-6:C>G-6:C>G,14928961.0,15124860.0,0.009678511472469706
100021838|F|0-57:A>G-57:A>G,100045141|F|0-49:C>T-49:C>T,14928961.0,15225158.0,0.035981828101393415
100021838|F|0-57:A>G-57:A>G,100043254|F|0-7:C>G-7:C>G,14928961.0,15229542.0,0.02615962543554004
100021838|F|0-57:A>G-57:A>G,100013673|F|0-63:C>A-63:C>A,14928961.0,15256237.0,0.02947368720940838
100021838|F|0-57:A>G-57:A>G,100016806|F|0-26:T>A-26:T>A,14928961.0,15351778.0,0.016322247182455063
100021838|F|0-57:A>G-57:A>G,100033542|F|0-31:T>C-31:T>C,14928961.0,15394673.0,0.03378778897451097
100021838|F|0-57:A>G-57:A>G,100029793|F|0-30:G>A-30:G>A,14928961.0,15400977.0,0.07305401634039801
100021838|F|0-57:A>G-57:A>G,100021703|F|0-41:T>C-41:T>C,14928961.0,15431799.0,0.10817968527822548
100021838|F|0-57:A>G-57:A>G,100017056|F|0-15:G>A-15:G>A,14928961.0,15535069.0,0.037822747832642244
100021838|F|0-57:A>G-57:A>G,100021184|F|0-17:T>G-17:T>G,14928961.0,15536283.0,0.037822747832642244
100021838|F|0-57:A>G-57:A>G,100044126|F|0-46:C>T-46:C>T,14928961.0,15556197.0,0.018350789835164836
100021838|F|0-57:A>G-57:A>G,100017834|F|0-8:C>T-8:C>T,14928961.0,15619447.0,0.002125936221512573
100021838|F|0-57:A>G-57:A>G,100020292|F|0-58:T>C-58:T>C,14928961.0,15819325.0,0.07187919181757223
100021838|F|0-57:A>G-57:A>G,100015600|F|0-30:C>A-30:C>A,14928961.0,15832699.0,0.07657245665382333
100021838|F|0-57:A>G-57:A>G,100049389|F|0-23:C>A-23:C>A,14928961.0,15838578.0,0.06182235156987601
100021838|F|0-57:A>G-57:A>G,100038568|F|0-15:C>T-15:C>T,14928961.0,15839422.0,0.07657245665382333
100021838|F|0-57:A>G-57:A>G,100018705|F|0-34:T>C-34:T>C,14928961.0,15915251.0,0.08849428716978398
100021838|F|0-57:A>G-57:A>G,100019856|F|0-16:C>T-16:C>T,14928961.0,15948596.0,0.038139131551901254
100021838|F|0-57:A>G-57:A>G,100034716|F|0-53:A>G-53:A>G,14928961.0,15958067.0,0.08850828258953612
100021838|F|0-57:A>G-57:A>G,100021071|F|0-60:A>G-60:A>G,14928961.0,15967627.0,0.08350209074014216
100021838|F|0-57:A>G-57:A>G,100020211|F|0-33:C>A-33:C>A,14928961.0,15977146.0,0.0892972309702493
100021838|F|0-57:A>G-57:A>G,100013484|F|0-22:G>A-22:G>A,14928961.0,16177456.0,0.03285065917441102
100021838|F|0-57:A>G-57:A>G,100021316|F|0-63:C>A-63:C>A,14928961.0,16179198.0,0.03782813882607396
100021838|F|0-57:A>G-57:A>G,100017187|F|0-41:T>C-41:T>C,14928961.0,16245982.0,0.04241071428571408
100021838|F|0-57:A>G-57:A>G,100029840|F|0-31:T>C-31:T>C,14928961.0,16252498.0,0.04388215484850907
100021838|F|0-57:A>G-57:A>G,100013453|F|0-6:G>A-6:G>A,14928961.0,16307679.0,0.08402506214656426
100021838|F|0-57:A>G-57:A>G,100016783|F|0-52:G>T-52:G>T,14928961.0,16317524.0,0.07174807876198905
100021838|F|0-57:A>G-57:A>G,100014400|F|0-16:A>T-16:A>T,14928961.0,16381041.0,0.02904967671316566
100021838|F|0-57:A>G-57:A>G,100016625|F|0-16:T>C-16:T>C,14928961.0,16411184.0,0.02043452805213319
100021838|F|0-57:A>G-57:A>G,100015226|F|0-25:T>A-25:T>A,14928961.0,16581877.0,0.02536188894162308
100021838|F|0-57:A>G-57:A>G,100017539|F|0-11:A>T-11:A>T,14928961.0,16662610.0,0.01077097505668933
100021838|F|0-57:A>G-57:A>G,100033601|F|0-15:C>A-15:C>A,14928961.0,16769146.0,0.014467669964569729
100021838|F|0-57:A>G-57:A>G,100039949|F|0-62:A>T-62:A>T,14928961.0,16793350.0,0.004783163265306123
100021838|F|0-57:A>G-57:A>G,100035334|F|0-35:T>C-35:T>C,14928961.0,16832622.0,0.07026606599239493
100021838|F|0-57:A>G-57:A>G,100021345|F|0-28:C>T-28:C>T,14928961.0,16899147.0,0.01169950738916255
100021838|F|0-57:A>G-57:A>G,100022139|F|0-65:T>C-65:T>C,14928961.0,16965771.0,0.010986908842871112
100021838|F|0-57:A>G-57:A>G,100044804|F|0-53:G>C-53:G>C,14928961.0,16968917.0,0.04339096865616787
100021838|F|0-57:A>G-57:A>G,100030290|F|0-11:A>C-11:A>C,14928961.0,16971407.0,0.010986908842871112
100021838|F|0-57:A>G-57:A>G,100017336|F|0-39:A>G-39:A>G,14928961.0,16987827.0,0.0972133486668367
100021838|F|0-57:A>G-57:A>G,100029568|F|0-9:T>G-9:T>G,14928961.0,16988131.0,0.007327985189756254
100021838|F|0-57:A>G-57:A>G,100034247|F|0-37:G>C-37:G>C,14928961.0,16999534.0,0.013061854970124909
100021838|F|0-57:A>G-57:A>G,100012983|F|0-45:A>T-45:A>T,14928961.0,17017248.0,0.013730087358684466
100021838|F|0-57:A>G-57:A>G,100020033|F|0-7:G>A-7:G>A,14928961.0,17020316.0,0.0004989495798319242
100021838|F|0-57:A>G-57:A>G,100018782|F|0-63:C>T-63:C>T,14928961.0,17424649.0,0.03864291518340816
100021838|F|0-57:A>G-57:A>G,100019630|F|0-24:A>T-24:A>T,14928961.0,17521232.0,0.049973915311712046
100021838|F|0-57:A>G-57:A>G,100021757|F|0-47:G>A-47:G>A,14928961.0,17521694.0,0.048730287569573455
100021838|F|0-57:A>G-57:A>G,100038944|F|0-45:C>T-45:C>T,14928961.0,17607936.0,0.02711596527646727
100021838|F|0-57:A>G-57:A>G,100047378|F|0-35:C>T-35:C>T,14928961.0,17706505.0,0.029389173682781065
100021838|F|0-57:A>G-57:A>G,100029543|F|0-46:T>C-46:T>C,14928961.0,18278899.0,0.006839674346301026
100021838|F|0-57:A>G-57:A>G,100021798|F|0-27:T>C-27:T>C,14928961.0,18732658.0,0.01366630207342591
100021838|F|0-57:A>G-57:A>G,100017716|F|0-8:C>T-8:C>T,14928961.0,18851585.0,0.03991596638655458
100046294|F|0-6:C>G-6:C>G,100045141|F|0-49:C>T-49:C>T,15124860.0,15225158.0,0.2505711084420528
100046294|F|0-6:C>G-6:C>G,100043254|F|0-7:C>G-7:C>G,15124860.0,15229542.0,0.28039300684237123
100046294|F|0-6:C>G-6:C>G,100013673|F|0-63:C>A-63:C>A,15124860.0,15256237.0,0.2548828855761005
100046294|F|0-6:C>G-6:C>G,100016806|F|0-26:T>A-26:T>A,15124860.0,15351778.0,0.053096239503499544
100046294|F|0-6:C>G-6:C>G,100033542|F|0-31:T>C-31:T>C,15124860.0,15394673.0,0.006991597514159231
100046294|F|0-6:C>G-6:C>G,100029793|F|0-30:G>A-30:G>A,15124860.0,15400977.0,0.004244948240103178
100046294|F|0-6:C>G-6:C>G,100021703|F|0-41:T>C-41:T>C,15124860.0,15431799.0,0.002875768705083365
100046294|F|0-6:C>G-6:C>G,100017056|F|0-15:G>A-15:G>A,15124860.0,15535069.0,0.021076595340250574
100046294|F|0-6:C>G-6:C>G,100021184|F|0-17:T>G-17:T>G,15124860.0,15536283.0,0.021076595340250574
100046294|F|0-6:C>G-6:C>G,100044126|F|0-46:C>T-46:C>T,15124860.0,15556197.0,0.0007500779028278015
100046294|F|0-6:C>G-6:C>G,100017834|F|0-8:C>T-8:C>T,15124860.0,15619447.0,0.04048773931033342
100046294|F|0-6:C>G-6:C>G,100020292|F|0-58:T>C-58:T>C,15124860.0,15819325.0,0.008952642563924851
100046294|F|0-6:C>G-6:C>G,100015600|F|0-30:C>A-30:C>A,15124860.0,15832699.0,0.005400370700799771
100046294|F|0-6:C>G-6:C>G,100049389|F|0-23:C>A-23:C>A,15124860.0,15838578.0,0.006413520564161044
100046294|F|0-6:C>G-6:C>G,100038568|F|0-15:C>T-15:C>T,15124860.0,15839422.0,0.005400370700799771
100046294|F|0-6:C>G-6:C>G,100018705|F|0-34:T>C-34:T>C,15124860.0,15915251.0,0.04671566864999629
100046294|F|0-6:C>G-6:C>G,100019856|F|0-16:C>T-16:C>T,15124860.0,15948596.0,0.02157288803459629
100046294|F|0-6:C>G-6:C>G,100034716|F|0-53:A>G-53:A>G,15124860.0,15958067.0,0.09313162064511134
100046294|F|0-6:C>G-6:C>G,100021071|F|0-60:A>G-60:A>G,15124860.0,15967627.0,0.07936142872465095
100046294|F|0-6:C>G-6:C>G,100020211|F|0-33:C>A-33:C>A,15124860.0,15977146.0,0.026785098964150923
100046294|F|0-6:C>G-6:C>G,100013484|F|0-22:G>A-22:G>A,15124860.0,16177456.0,0.04439472680662911
100046294|F|0-6:C>G-6:C>G,100021316|F|0-63:C>A-63:C>A,15124860.0,16179198.0,0.02903426118673404
100046294|F|0-6:C>G-6:C>G,100017187|F|0-41:T>C-41:T>C,15124860.0,16245982.0,0.06137070727345713
100046294|F|0-6:C>G-6:C>G,100029840|F|0-31:T>C-31:T>C,15124860.0,16252498.0,0.1012063329292874
100046294|F|0-6:C>G-6:C>G,100013453|F|0-6:G>A-6:G>A,15124860.0,16307679.0,0.04362432046596911
100046294|F|0-6:C>G-6:C>G,100016783|F|0-52:G>T-52:G>T,15124860.0,16317524.0,0.032404812142172175
100046294|F|0-6:C>G-6:C>G,100014400|F|0-16:A>T-16:A>T,15124860.0,16381041.0,0.011505994248249865
100046294|F|0-6:C>G-6:C>G,100016625|F|0-16:T>C-16:T>C,15124860.0,16411184.0,0.00658438544378894
100046294|F|0-6:C>G-6:C>G,100015226|F|0-25:T>A-25:T>A,15124860.0,16581877.0,0.006222506732482191
100046294|F|0-6:C>G-6:C>G,100017539|F|0-11:A>T-11:A>T,15124860.0,16662610.0,0.08526623373405122
100046294|F|0-6:C>G-6:C>G,100033601|F|0-15:C>A-15:C>A,15124860.0,16769146.0,0.10079544752225546
100046294|F|0-6:C>G-6:C>G,100039949|F|0-62:A>T-62:A>T,15124860.0,16793350.0,0.09319806715430967
100046294|F|0-6:C>G-6:C>G,100035334|F|0-35:T>C-35:T>C,15124860.0,16832622.0,0.016703785389737998
100046294|F|0-6:C>G-6:C>G,100021345|F|0-28:C>T-28:C>T,15124860.0,16899147.0,0.09068587134862789
100046294|F|0-6:C>G-6:C>G,100022139|F|0-65:T>C-65:T>C,15124860.0,16965771.0,0.1692444304258936
100046294|F|0-6:C>G-6:C>G,100044804|F|0-53:G>C-53:G>C,15124860.0,16968917.0,0.049529491008214147
100046294|F|0-6:C>G-6:C>G,100030290|F|0-11:A>C-11:A>C,15124860.0,16971407.0,0.1692444304258936
100046294|F|0-6:C>G-6:C>G,100017336|F|0-39:A>G-39:A>G,15124860.0,16987827.0,0.06512407642522564
100046294|F|0-6:C>G-6:C>G,100029568|F|0-9:T>G-9:T>G,15124860.0,16988131.0,0.19553207175125528
100046294|F|0-6:C>G-6:C>G,100034247|F|0-37:G>C-37:G>C,15124860.0,16999534.0,0.19236084601342485
100046294|F|0-6:C>G-6:C>G,100012983|F|0-45:A>T-45:A>T,15124860.0,17017248.0,0.0057467839093201184
100046294|F|0-6:C>G-6:C>G,100020033|F|0-7:G>A-7:G>A,15124860.0,17020316.0,0.18717131405680787
100046294|F|0-6:C>G-6:C>G,100018782|F|0-63:C>T-63:C>T,15124860.0,17424649.0,0.02130221244030961
100046294|F|0-6:C>G-6:C>G,100019630|F|0-24:A>T-24:A>T,15124860.0,17521232.0,0.031032579900378627
100046294|F|0-6:C>G-6:C>G,100021757|F|0-47:G>A-47:G>A,15124860.0,17521694.0,0.05734931467568961
100046294|F|0-6:C>G-6:C>G,100038944|F|0-45:C>T-45:C>T,15124860.0,17607936.0,0.005611018689740141
100046294|F|0-6:C>G-6:C>G,100047378|F|0-35:C>T-35:C>T,15124860.0,17706505.0,0.03440702724068664
100046294|F|0-6:C>G-6:C>G,100029543|F|0-46:T>C-46:T>C,15124860.0,18278899.0,0.002565686858241618
100046294|F|0-6:C>G-6:C>G,100021798|F|0-27:T>C-27:T>C,15124860.0,18732658.0,0.029545900406698376
100046294|F|0-6:C>G-6:C>G,100017716|F|0-8:C>T-8:C>T,15124860.0,18851585.0,0.012563893116824857
100045141|F|0-49:C>T-49:C>T,100043254|F|0-7:C>G-7:C>G,15225158.0,15229542.0,0.8932031182826509
100045141|F|0-49:C>T-49:C>T,100013673|F|0-63:C>A-63:C>A,15225158.0,15256237.0,0.6186423757627377
100045141|F|0-49:C>T-49:C>T,100016806|F|0-26:T>A-26:T>A,15225158.0,15351778.0,0.2778344303328077
100045141|F|0-49:C>T-49:C>T,100033542|F|0-31:T>C-31:T>C,15225158.0,15394673.0,0.00022124325299501254
100045141|F|0-49:C>T-49:C>T,100029793|F|0-30:G>A-30:G>A,15225158.0,15400977.0,0.0036437047614358065
100045141|F|0-49:C>T-49:C>T,100021703|F|0-41:T>C-41:T>C,15225158.0,15431799.0,0.011003877712858977
100045141|F|0-49:C>T-49:C>T,100017056|F|0-15:G>A-15:G>A,15225158.0,15535069.0,0.0064188026503043194
100045141|F|0-49:C>T-49:C>T,100021184|F|0-17:T>G-17:T>G,15225158.0,15536283.0,0.0064188026503043194
100045141|F|0-49:C>T-49:C>T,100044126|F|0-46:C>T-46:C>T,15225158.0,15556197.0,0.0004519569736961045
100045141|F|0-49:C>T-49:C>T,100017834|F|0-8:C>T-8:C>T,15225158.0,15619447.0,0.16316797335749553
100045141|F|0-49:C>T-49:C>T,100020292|F|0-58:T>C-58:T>C,15225158.0,15819325.0,0.08544490602053353
100045141|F|0-49:C>T-49:C>T,100015600|F|0-30:C>A-30:C>A,15225158.0,15832699.0,0.0795747375555242
100045141|F|0-49:C>T-49:C>T,100049389|F|0-23:C>A-23:C>A,15225158.0,15838578.0,0.08013531461359479
100045141|F|0-49:C>T-49:C>T,100038568|F|0-15:C>T-15:C>T,15225158.0,15839422.0,0.0795747375555242
100045141|F|0-49:C>T-49:C>T,100018705|F|0-34:T>C-34:T>C,15225158.0,15915251.0,0.10278160062208387
100045141|F|0-49:C>T-49:C>T,100019856|F|0-16:C>T-16:C>T,15225158.0,15948596.0,0.0002588998131694409
100045141|F|0-49:C>T-49:C>T,100034716|F|0-53:A>G-53:A>G,15225158.0,15958067.0,0.11047047681688874
100045141|F|0-49:C>T-49:C>T,100021071|F|0-60:A>G-60:A>G,15225158.0,15967627.0,0.09997961208798797
100045141|F|0-49:C>T-49:C>T,100020211|F|0-33:C>A-33:C>A,15225158.0,15977146.0,0.07111818564628734
100045141|F|0-49:C>T-49:C>T,100013484|F|0-22:G>A-22:G>A,15225158.0,16177456.0,0.03815436498130706
100045141|F|0-49:C>T-49:C>T,100021316|F|0-63:C>A-63:C>A,15225158.0,16179198.0,0.025071107793511203
100045141|F|0-49:C>T-49:C>T,100017187|F|0-41:T>C-41:T>C,15225158.0,16245982.0,0.14229812353113996
100045141|F|0-49:C>T-49:C>T,100029840|F|0-31:T>C-31:T>C,15225158.0,16252498.0,0.22080749334040053
100045141|F|0-49:C>T-49:C>T,100013453|F|0-6:G>A-6:G>A,15225158.0,16307679.0,0.00020447753180552643
100045141|F|0-49:C>T-49:C>T,100016783|F|0-52:G>T-52:G>T,15225158.0,16317524.0,0.000648913445226908
100045141|F|0-49:C>T-49:C>T,100014400|F|0-16:A>T-16:A>T,15225158.0,16381041.0,0.009611873331697305
100045141|F|0-49:C>T-49:C>T,100016625|F|0-16:T>C-16:T>C,15225158.0,16411184.0,0.009611873331697324
100045141|F|0-49:C>T-49:C>T,100015226|F|0-25:T>A-25:T>A,15225158.0,16581877.0,0.0010760254693520635
100045141|F|0-49:C>T-49:C>T,100017539|F|0-11:A>T-11:A>T,15225158.0,16662610.0,0.11490683229813695
100045141|F|0-49:C>T-49:C>T,100033601|F|0-15:C>A-15:C>A,15225158.0,16769146.0,0.00822864124729803
100045141|F|0-49:C>T-49:C>T,100039949|F|0-62:A>T-62:A>T,15225158.0,16793350.0,0.005980359241228803
100045141|F|0-49:C>T-49:C>T,100035334|F|0-35:T>C-35:T>C,15225158.0,16832622.0,0.027884379986683257
100045141|F|0-49:C>T-49:C>T,100021345|F|0-28:C>T-28:C>T,15225158.0,16899147.0,0.003312603270436839
100045141|F|0-49:C>T-49:C>T,100022139|F|0-65:T>C-65:T>C,15225158.0,16965771.0,0.007319915729722803
100045141|F|0-49:C>T-49:C>T,100044804|F|0-53:G>C-53:G>C,15225158.0,16968917.0,0.004369552292045413
100045141|F|0-49:C>T-49:C>T,100030290|F|0-11:A>C-11:A>C,15225158.0,16971407.0,0.007319915729722803
100045141|F|0-49:C>T-49:C>T,100017336|F|0-39:A>G-39:A>G,15225158.0,16987827.0,0.054802498306037235
100045141|F|0-49:C>T-49:C>T,100029568|F|0-9:T>G-9:T>G,15225158.0,16988131.0,0.03474504648323782
100045141|F|0-49:C>T-49:C>T,100034247|F|0-37:G>C-37:G>C,15225158.0,16999534.0,0.0398150464897034
100045141|F|0-49:C>T-49:C>T,100012983|F|0-45:A>T-45:A>T,15225158.0,17017248.0,0.003571760687806985
100045141|F|0-49:C>T-49:C>T,100020033|F|0-7:G>A-7:G>A,15225158.0,17020316.0,0.016936821732218128
100045141|F|0-49:C>T-49:C>T,100018782|F|0-63:C>T-63:C>T,15225158.0,17424649.0,0.025717624921544075
100045141|F|0-49:C>T-49:C>T,100019630|F|0-24:A>T-24:A>T,15225158.0,17521232.0,0.17572717071248448
100045141|F|0-49:C>T-49:C>T,100021757|F|0-47:G>A-47:G>A,15225158.0,17521694.0,0.21489424206815544
100045141|F|0-49:C>T-49:C>T,100038944|F|0-45:C>T-45:C>T,15225158.0,17607936.0,0.015650249065905855
100045141|F|0-49:C>T-49:C>T,100047378|F|0-35:C>T-35:C>T,15225158.0,17706505.0,0.06861210586516431
100045141|F|0-49:C>T-49:C>T,100029543|F|0-46:T>C-46:T>C,15225158.0,18278899.0,0.014735815007554118
100045141|F|0-49:C>T-49:C>T,100021798|F|0-27:T>C-27:T>C,15225158.0,18732658.0,0.004478556597470508
100045141|F|0-49:C>T-49:C>T,100017716|F|0-8:C>T-8:C>T,15225158.0,18851585.0,0.020745489735259588
100043254|F|0-7:C>G-7:C>G,100013673|F|0-63:C>A-63:C>A,15229542.0,15256237.0,0.693828116487931
100043254|F|0-7:C>G-7:C>G,100016806|F|0-26:T>A-26:T>A,15229542.0,15351778.0,0.26900774871288236
100043254|F|0-7:C>G-7:C>G,100033542|F|0-31:T>C-31:T>C,15229542.0,15394673.0,8.012009580676839e-05
100043254|F|0-7:C>G-7:C>G,100029793|F|0-30:G>A-30:G>A,15229542.0,15400977.0,0.0010496367704333916
100043254|F|0-7:C>G-7:C>G,100021703|F|0-41:T>C-41:T>C,15229542.0,15431799.0,0.012454076100150544
100043254|F|0-7:C>G-7:C>G,100017056|F|0-15:G>A-15:G>A,15229542.0,15535069.0,0.009246894909582375
100043254|F|0-7:C>G-7:C>G,100021184|F|0-17:T>G-17:T>G,15229542.0,15536283.0,0.009246894909582375
100043254|F|0-7:C>G-7:C>G,100044126|F|0-46:C>T-46:C>T,15229542.0,15556197.0,0.002784943714821765
100043254|F|0-7:C>G-7:C>G,100017834|F|0-8:C>T-8:C>T,15229542.0,15619447.0,0.16354562852119225
100043254|F|0-7:C>G-7:C>G,100020292|F|0-58:T>C-58:T>C,15229542.0,15819325.0,0.08488078425385201
100043254|F|0-7:C>G-7:C>G,100015600|F|0-30:C>A-30:C>A,15229542.0,15832699.0,0.07814713844752562
100043254|F|0-7:C>G-7:C>G,100049389|F|0-23:C>A-23:C>A,15229542.0,15838578.0,0.0797267173581809
100043254|F|0-7:C>G-7:C>G,100038568|F|0-15:C>T-15:C>T,15229542.0,15839422.0,0.07814713844752562
100043254|F|0-7:C>G-7:C>G,100018705|F|0-34:T>C-34:T>C,15229542.0,15915251.0,0.10980424437458851
100043254|F|0-7:C>G-7:C>G,100019856|F|0-16:C>T-16:C>T,15229542.0,15948596.0,1.2714146898493862e-34
100043254|F|0-7:C>G-7:C>G,100034716|F|0-53:A>G-53:A>G,15229542.0,15958067.0,0.13307251412390703
100043254|F|0-7:C>G-7:C>G,100021071|F|0-60:A>G-60:A>G,15229542.0,15967627.0,0.12191500662178562
100043254|F|0-7:C>G-7:C>G,100020211|F|0-33:C>A-33:C>A,15229542.0,15977146.0,0.09140049421132125
100043254|F|0-7:C>G-7:C>G,100013484|F|0-22:G>A-22:G>A,15229542.0,16177456.0,0.06327257296778718
100043254|F|0-7:C>G-7:C>G,100021316|F|0-63:C>A-63:C>A,15229542.0,16179198.0,0.03352819230188174
100043254|F|0-7:C>G-7:C>G,100017187|F|0-41:T>C-41:T>C,15229542.0,16245982.0,0.15296303353658558
100043254|F|0-7:C>G-7:C>G,100029840|F|0-31:T>C-31:T>C,15229542.0,16252498.0,0.24535432049899691
100043254|F|0-7:C>G-7:C>G,100013453|F|0-6:G>A-6:G>A,15229542.0,16307679.0,0.0012161615459647002
100043254|F|0-7:C>G-7:C>G,100016783|F|0-52:G>T-52:G>T,15229542.0,16317524.0,0.0022659745018306157
100043254|F|0-7:C>G-7:C>G,100014400|F|0-16:A>T-16:A>T,15229542.0,16381041.0,0.008092415207829905
100043254|F|0-7:C>G-7:C>G,100016625|F|0-16:T>C-16:T>C,15229542.0,16411184.0,0.00809241520782991
100043254|F|0-7:C>G-7:C>G,100015226|F|0-25:T>A-25:T>A,15229542.0,16581877.0,0.0009622396888420775
100043254|F|0-7:C>G-7:C>G,100017539|F|0-11:A>T-11:A>T,15229542.0,16662610.0,0.11125629113433992
100043254|F|0-7:C>G-7:C>G,100033601|F|0-15:C>A-15:C>A,15229542.0,16769146.0,0.01433939760548755
100043254|F|0-7:C>G-7:C>G,100039949|F|0-62:A>T-62:A>T,15229542.0,16793350.0,0.01161440185830429
100043254|F|0-7:C>G-7:C>G,100035334|F|0-35:T>C-35:T>C,15229542.0,16832622.0,0.034794079402038366
100043254|F|0-7:C>G-7:C>G,100021345|F|0-28:C>T-28:C>T,15229542.0,16899147.0,0.007102139986917099
100043254|F|0-7:C>G-7:C>G,100022139|F|0-65:T>C-65:T>C,15229542.0,16965771.0,0.013729963450467
100043254|F|0-7:C>G-7:C>G,100044804|F|0-53:G>C-53:G>C,15229542.0,16968917.0,0.01064818748688143
100043254|F|0-7:C>G-7:C>G,100030290|F|0-11:A>C-11:A>C,15229542.0,16971407.0,0.013729963450467
100043254|F|0-7:C>G-7:C>G,100017336|F|0-39:A>G-39:A>G,15229542.0,16987827.0,0.04987855781956737
100043254|F|0-7:C>G-7:C>G,100029568|F|0-9:T>G-9:T>G,15229542.0,16988131.0,0.04003582152452202
100043254|F|0-7:C>G-7:C>G,100034247|F|0-37:G>C-37:G>C,15229542.0,16999534.0,0.04524998196750027
100043254|F|0-7:C>G-7:C>G,100012983|F|0-45:A>T-45:A>T,15229542.0,17017248.0,0.008334795578171603
100043254|F|0-7:C>G-7:C>G,100020033|F|0-7:G>A-7:G>A,15229542.0,17020316.0,0.017037302725968397
100043254|F|0-7:C>G-7:C>G,100018782|F|0-63:C>T-63:C>T,15229542.0,17424649.0,0.027676849087017306
100043254|F|0-7:C>G-7:C>G,100019630|F|0-24:A>T-24:A>T,15229542.0,17521232.0,0.17772924305627724
100043254|F|0-7:C>G-7:C>G,100021757|F|0-47:G>A-47:G>A,15229542.0,17521694.0,0.21681976560025365
100043254|F|0-7:C>G-7:C>G,100038944|F|0-45:C>T-45:C>T,15229542.0,17607936.0,0.022114734027128928
100043254|F|0-7:C>G-7:C>G,100047378|F|0-35:C>T-35:C>T,15229542.0,17706505.0,0.05996417972734854
100043254|F|0-7:C>G-7:C>G,100029543|F|0-46:T>C-46:T>C,15229542.0,18278899.0,0.015645415940766554
100043254|F|0-7:C>G-7:C>G,100021798|F|0-27:T>C-27:T>C,15229542.0,18732658.0,0.005553570848624587
100043254|F|0-7:C>G-7:C>G,100017716|F|0-8:C>T-8:C>T,15229542.0,18851585.0,0.030667144906743167
100013673|F|0-63:C>A-63:C>A,100016806|F|0-26:T>A-26:T>A,15256237.0,15351778.0,0.20282124794026016
100013673|F|0-63:C>A-63:C>A,100033542|F|0-31:T>C-31:T>C,15256237.0,15394673.0,0.0008758178934295817
100013673|F|0-63:C>A-63:C>A,100029793|F|0-30:G>A-30:G>A,15256237.0,15400977.0,0.004229540328158397
100013673|F|0-63:C>A-63:C>A,100021703|F|0-41:T>C-41:T>C,15256237.0,15431799.0,0.025005198035629523
100013673|F|0-63:C>A-63:C>A,100017056|F|0-15:G>A-15:G>A,15256237.0,15535069.0,0.01733666670595545
100013673|F|0-63:C>A-63:C>A,100021184|F|0-17:T>G-17:T>G,15256237.0,15536283.0,0.01733666670595545
100013673|F|0-63:C>A-63:C>A,100044126|F|0-46:C>T-46:C>T,15256237.0,15556197.0,0.009940601835943206
100013673|F|0-63:C>A-63:C>A,100017834|F|0-8:C>T-8:C>T,15256237.0,15619447.0,0.09796724834577154
100013673|F|0-63:C>A-63:C>A,100020292|F|0-58:T>C-58:T>C,15256237.0,15819325.0,0.17401451893663622
100013673|F|0-63:C>A-63:C>A,100015600|F|0-30:C>A-30:C>A,15256237.0,15832699.0,0.1638144384835572
100013673|F|0-63:C>A-63:C>A,100049389|F|0-23:C>A-23:C>A,15256237.0,15838578.0,0.16727321381337978
100013673|F|0-63:C>A-63:C>A,100038568|F|0-15:C>T-15:C>T,15256237.0,15839422.0,0.1638144384835572
100013673|F|0-63:C>A-63:C>A,100018705|F|0-34:T>C-34:T>C,15256237.0,15915251.0,0.1631888241335153
100013673|F|0-63:C>A-63:C>A,100019856|F|0-16:C>T-16:C>T,15256237.0,15948596.0,5.164980969914588e-05
100013673|F|0-63:C>A-63:C>A,100034716|F|0-53:A>G-53:A>G,15256237.0,15958067.0,0.16867889351354545
100013673|F|0-63:C>A-63:C>A,100021071|F|0-60:A>G-60:A>G,15256237.0,15967627.0,0.1565165626164072
100013673|F|0-63:C>A-63:C>A,100020211|F|0-33:C>A-33:C>A,15256237.0,15977146.0,0.15863775740501512
100013673|F|0-63:C>A-63:C>A,100013484|F|0-22:G>A-22:G>A,15256237.0,16177456.0,0.038660940907734906
100013673|F|0-63:C>A-63:C>A,100021316|F|0-63:C>A-63:C>A,15256237.0,16179198.0,0.017392881659801192
100013673|F|0-63:C>A-63:C>A,100017187|F|0-41:T>C-41:T>C,15256237.0,16245982.0,0.09871819160816843
100013673|F|0-63:C>A-63:C>A,100029840|F|0-31:T>C-31:T>C,15256237.0,16252498.0,0.17976752972703297
100013673|F|0-63:C>A-63:C>A,100013453|F|0-6:G>A-6:G>A,15256237.0,16307679.0,0.0015793326657102718
100013673|F|0-63:C>A-63:C>A,100016783|F|0-52:G>T-52:G>T,15256237.0,16317524.0,0.0027767197683576
100013673|F|0-63:C>A-63:C>A,100014400|F|0-16:A>T-16:A>T,15256237.0,16381041.0,0.012233790205235299
100013673|F|0-63:C>A-63:C>A,100016625|F|0-16:T>C-16:T>C,15256237.0,16411184.0,0.006173410883142644
100013673|F|0-63:C>A-63:C>A,100015226|F|0-25:T>A-25:T>A,15256237.0,16581877.0,0.040094494632866025
100013673|F|0-63:C>A-63:C>A,100017539|F|0-11:A>T-11:A>T,15256237.0,16662610.0,0.11561229233001236
100013673|F|0-63:C>A-63:C>A,100033601|F|0-15:C>A-15:C>A,15256237.0,16769146.0,0.03880940812780215
100013673|F|0-63:C>A-63:C>A,100039949|F|0-62:A>T-62:A>T,15256237.0,16793350.0,0.03536481599659647
100013673|F|0-63:C>A-63:C>A,100035334|F|0-35:T>C-35:T>C,15256237.0,16832622.0,0.09475114293580546
100013673|F|0-63:C>A-63:C>A,100021345|F|0-28:C>T-28:C>T,15256237.0,16899147.0,0.026327930349864363
100013673|F|0-63:C>A-63:C>A,100022139|F|0-65:T>C-65:T>C,15256237.0,16965771.0,0.03872225073082367
100013673|F|0-63:C>A-63:C>A,100044804|F|0-53:G>C-53:G>C,15256237.0,16968917.0,0.03877609910033172
100013673|F|0-63:C>A-63:C>A,100030290|F|0-11:A>C-11:A>C,15256237.0,16971407.0,0.03872225073082367
100013673|F|0-63:C>A-63:C>A,100017336|F|0-39:A>G-39:A>G,15256237.0,16987827.0,0.10709488218355692
100013673|F|0-63:C>A-63:C>A,100029568|F|0-9:T>G-9:T>G,15256237.0,16988131.0,0.07597988204338667
100013673|F|0-63:C>A-63:C>A,100034247|F|0-37:G>C-37:G>C,15256237.0,16999534.0,0.08244854733871332
100013673|F|0-63:C>A-63:C>A,100012983|F|0-45:A>T-45:A>T,15256237.0,17017248.0,0.00964703667825152
100013673|F|0-63:C>A-63:C>A,100020033|F|0-7:G>A-7:G>A,15256237.0,17020316.0,0.032703930327715014
100013673|F|0-63:C>A-63:C>A,100018782|F|0-63:C>T-63:C>T,15256237.0,17424649.0,0.030781814247124357
100013673|F|0-63:C>A-63:C>A,100019630|F|0-24:A>T-24:A>T,15256237.0,17521232.0,0.14381845045854072
100013673|F|0-63:C>A-63:C>A,100021757|F|0-47:G>A-47:G>A,15256237.0,17521694.0,0.17671910093735263
100013673|F|0-63:C>A-63:C>A,100038944|F|0-45:C>T-45:C>T,15256237.0,17607936.0,0.014356750313390756
100013673|F|0-63:C>A-63:C>A,100047378|F|0-35:C>T-35:C>T,15256237.0,17706505.0,0.1939905088554085
100013673|F|0-63:C>A-63:C>A,100029543|F|0-46:T>C-46:T>C,15256237.0,18278899.0,0.0028525881176497347
100013673|F|0-63:C>A-63:C>A,100021798|F|0-27:T>C-27:T>C,15256237.0,18732658.0,0.0035961411162483206
100013673|F|0-63:C>A-63:C>A,100017716|F|0-8:C>T-8:C>T,15256237.0,18851585.0,0.015015578662862693
100016806|F|0-26:T>A-26:T>A,100033542|F|0-31:T>C-31:T>C,15351778.0,15394673.0,0.033398876984372786
100016806|F|0-26:T>A-26:T>A,100029793|F|0-30:G>A-30:G>A,15351778.0,15400977.0,0.01978137141504901
100016806|F|0-26:T>A-26:T>A,100021703|F|0-41:T>C-41:T>C,15351778.0,15431799.0,0.031495522671032006
100016806|F|0-26:T>A-26:T>A,100017056|F|0-15:G>A-15:G>A,15351778.0,15535069.0,3.516154620789797e-07
100016806|F|0-26:T>A-26:T>A,100021184|F|0-17:T>G-17:T>G,15351778.0,15536283.0,3.516154620789797e-07
100016806|F|0-26:T>A-26:T>A,100044126|F|0-46:C>T-46:C>T,15351778.0,15556197.0,1.2813678858455072e-05
100016806|F|0-26:T>A-26:T>A,100017834|F|0-8:C>T-8:C>T,15351778.0,15619447.0,0.23764088545001472
100016806|F|0-26:T>A-26:T>A,100020292|F|0-58:T>C-58:T>C,15351778.0,15819325.0,0.07267610638958125
100016806|F|0-26:T>A-26:T>A,100015600|F|0-30:C>A-30:C>A,15351778.0,15832699.0,0.07796685474524243
100016806|F|0-26:T>A-26:T>A,100049389|F|0-23:C>A-23:C>A,15351778.0,15838578.0,0.06986064127014031
100016806|F|0-26:T>A-26:T>A,100038568|F|0-15:C>T-15:C>T,15351778.0,15839422.0,0.07796685474524243
100016806|F|0-26:T>A-26:T>A,100018705|F|0-34:T>C-34:T>C,15351778.0,15915251.0,0.030120257818686255
100016806|F|0-26:T>A-26:T>A,100019856|F|0-16:C>T-16:C>T,15351778.0,15948596.0,0.0011600527680201253
100016806|F|0-26:T>A-26:T>A,100034716|F|0-53:A>G-53:A>G,15351778.0,15958067.0,0.08053375459055986
100016806|F|0-26:T>A-26:T>A,100021071|F|0-60:A>G-60:A>G,15351778.0,15967627.0,0.07513880982932786
100016806|F|0-26:T>A-26:T>A,100020211|F|0-33:C>A-33:C>A,15351778.0,15977146.0,0.06625409537677476
100016806|F|0-26:T>A-26:T>A,100013484|F|0-22:G>A-22:G>A,15351778.0,16177456.0,0.11583615314394095
100016806|F|0-26:T>A-26:T>A,100021316|F|0-63:C>A-63:C>A,15351778.0,16179198.0,0.0833280749922592
100016806|F|0-26:T>A-26:T>A,100017187|F|0-41:T>C-41:T>C,15351778.0,16245982.0,0.3723056036780379
100016806|F|0-26:T>A-26:T>A,100029840|F|0-31:T>C-31:T>C,15351778.0,16252498.0,0.26263612586997026
100016806|F|0-26:T>A-26:T>A,100013453|F|0-6:G>A-6:G>A,15351778.0,16307679.0,0.005451995427071733
100016806|F|0-26:T>A-26:T>A,100016783|F|0-52:G>T-52:G>T,15351778.0,16317524.0,0.001286926667689313
100016806|F|0-26:T>A-26:T>A,100014400|F|0-16:A>T-16:A>T,15351778.0,16381041.0,0.008863127595907041
100016806|F|0-26:T>A-26:T>A,100016625|F|0-16:T>C-16:T>C,15351778.0,16411184.0,0.008863127595907041
100016806|F|0-26:T>A-26:T>A,100015226|F|0-25:T>A-25:T>A,15351778.0,16581877.0,0.05260096055082911
100016806|F|0-26:T>A-26:T>A,100017539|F|0-11:A>T-11:A>T,15351778.0,16662610.0,6.768876704910851e-05
100016806|F|0-26:T>A-26:T>A,100033601|F|0-15:C>A-15:C>A,15351778.0,16769146.0,0.044600016163583424
100016806|F|0-26:T>A-26:T>A,100039949|F|0-62:A>T-62:A>T,15351778.0,16793350.0,0.030142654076556
100016806|F|0-26:T>A-26:T>A,100035334|F|0-35:T>C-35:T>C,15351778.0,16832622.0,0.07826793888314588
100016806|F|0-26:T>A-26:T>A,100021345|F|0-28:C>T-28:C>T,15351778.0,16899147.0,0.024264964177470604
100016806|F|0-26:T>A-26:T>A,100022139|F|0-65:T>C-65:T>C,15351778.0,16965771.0,0.038342462864076186
100016806|F|0-26:T>A-26:T>A,100044804|F|0-53:G>C-53:G>C,15351778.0,16968917.0,0.002701217988094877
100016806|F|0-26:T>A-26:T>A,100030290|F|0-11:A>C-11:A>C,15351778.0,16971407.0,0.038342462864076186
100016806|F|0-26:T>A-26:T>A,100017336|F|0-39:A>G-39:A>G,15351778.0,16987827.0,0.023925860093857297
100016806|F|0-26:T>A-26:T>A,100029568|F|0-9:T>G-9:T>G,15351778.0,16988131.0,0.09429384242011173
100016806|F|0-26:T>A-26:T>A,100034247|F|0-37:G>C-37:G>C,15351778.0,16999534.0,0.0980171791774426
100016806|F|0-26:T>A-26:T>A,100012983|F|0-45:A>T-45:A>T,15351778.0,17017248.0,0.0006135816293660178
100016806|F|0-26:T>A-26:T>A,100020033|F|0-7:G>A-7:G>A,15351778.0,17020316.0,0.12417220619591142
100016806|F|0-26:T>A-26:T>A,100018782|F|0-63:C>T-63:C>T,15351778.0,17424649.0,0.027038233996400943
100016806|F|0-26:T>A-26:T>A,100019630|F|0-24:A>T-24:A>T,15351778.0,17521232.0,0.17410815672096006
100016806|F|0-26:T>A-26:T>A,100021757|F|0-47:G>A-47:G>A,15351778.0,17521694.0,0.20624151967435553
100016806|F|0-26:T>A-26:T>A,100038944|F|0-45:C>T-45:C>T,15351778.0,17607936.0,0.002425478758312613
100016806|F|0-26:T>A-26:T>A,100047378|F|0-35:C>T-35:C>T,15351778.0,17706505.0,0.16336255644644757
100016806|F|0-26:T>A-26:T>A,100029543|F|0-46:T>C-46:T>C,15351778.0,18278899.0,0.0027915171432378945
100016806|F|0-26:T>A-26:T>A,100021798|F|0-27:T>C-27:T>C,15351778.0,18732658.0,0.0017041954011566699
100016806|F|0-26:T>A-26:T>A,100017716|F|0-8:C>T-8:C>T,15351778.0,18851585.0,0.09295434591747133
100033542|F|0-31:T>C-31:T>C,100029793|F|0-30:G>A-30:G>A,15394673.0,15400977.0,0.7468413665847433
100033542|F|0-31:T>C-31:T>C,100021703|F|0-41:T>C-41:T>C,15394673.0,15431799.0,0.006021691305030189
100033542|F|0-31:T>C-31:T>C,100017056|F|0-15:G>A-15:G>A,15394673.0,15535069.0,0.0018684972100271144
100033542|F|0-31:T>C-31:T>C,100021184|F|0-17:T>G-17:T>G,15394673.0,15536283.0,0.0018684972100271144
100033542|F|0-31:T>C-31:T>C,100044126|F|0-46:C>T-46:C>T,15394673.0,15556197.0,0.002393871688477506
100033542|F|0-31:T>C-31:T>C,100017834|F|0-8:C>T-8:C>T,15394673.0,15619447.0,2.890048881870838e-05
100033542|F|0-31:T>C-31:T>C,100020292|F|0-58:T>C-58:T>C,15394673.0,15819325.0,0.0070002258311922675
100033542|F|0-31:T>C-31:T>C,100015600|F|0-30:C>A-30:C>A,15394673.0,15832699.0,0.006071979936066297
100033542|F|0-31:T>C-31:T>C,100049389|F|0-23:C>A-23:C>A,15394673.0,15838578.0,0.007666168126002744
100033542|F|0-31:T>C-31:T>C,100038568|F|0-15:C>T-15:C>T,15394673.0,15839422.0,0.006071979936066297
100033542|F|0-31:T>C-31:T>C,100018705|F|0-34:T>C-34:T>C,15394673.0,15915251.0,0.07125176766022029
100033542|F|0-31:T>C-31:T>C,100019856|F|0-16:C>T-16:C>T,15394673.0,15948596.0,0.004029971043911764
100033542|F|0-31:T>C-31:T>C,100034716|F|0-53:A>G-53:A>G,15394673.0,15958067.0,0.09886596090788276
100033542|F|0-31:T>C-31:T>C,100021071|F|0-60:A>G-60:A>G,15394673.0,15967627.0,0.09610710307104009
100033542|F|0-31:T>C-31:T>C,100020211|F|0-33:C>A-33:C>A,15394673.0,15977146.0,0.08361099649936816
100033542|F|0-31:T>C-31:T>C,100013484|F|0-22:G>A-22:G>A,15394673.0,16177456.0,0.013007085119783712
100033542|F|0-31:T>C-31:T>C,100021316|F|0-63:C>A-63:C>A,15394673.0,16179198.0,0.008056969935812683
100033542|F|0-31:T>C-31:T>C,100017187|F|0-41:T>C-41:T>C,15394673.0,16245982.0,0.00661847337482712
100033542|F|0-31:T>C-31:T>C,100029840|F|0-31:T>C-31:T>C,15394673.0,16252498.0,0.0018206255258316339
100033542|F|0-31:T>C-31:T>C,100013453|F|0-6:G>A-6:G>A,15394673.0,16307679.0,0.009038805639077488
100033542|F|0-31:T>C-31:T>C,100016783|F|0-52:G>T-52:G>T,15394673.0,16317524.0,0.008534328523629819
100033542|F|0-31:T>C-31:T>C,100014400|F|0-16:A>T-16:A>T,15394673.0,16381041.0,0.0005917471847030034
100033542|F|0-31:T>C-31:T>C,100016625|F|0-16:T>C-16:T>C,15394673.0,16411184.0,0.004899844139558684
100033542|F|0-31:T>C-31:T>C,100015226|F|0-25:T>A-25:T>A,15394673.0,16581877.0,0.0027800370365264723
100033542|F|0-31:T>C-31:T>C,100017539|F|0-11:A>T-11:A>T,15394673.0,16662610.0,0.004615908142879102
100033542|F|0-31:T>C-31:T>C,100033601|F|0-15:C>A-15:C>A,15394673.0,16769146.0,0.0010879899757354273
100033542|F|0-31:T>C-31:T>C,100039949|F|0-62:A>T-62:A>T,15394673.0,16793350.0,0.014078245406046236
100033542|F|0-31:T>C-31:T>C,100035334|F|0-35:T>C-35:T>C,15394673.0,16832622.0,0.007202678412278194
100033542|F|0-31:T>C-31:T>C,100021345|F|0-28:C>T-28:C>T,15394673.0,16899147.0,0.020752849716220725
100033542|F|0-31:T>C-31:T>C,100022139|F|0-65:T>C-65:T>C,15394673.0,16965771.0,0.02280752198303136
100033542|F|0-31:T>C-31:T>C,100044804|F|0-53:G>C-53:G>C,15394673.0,16968917.0,0.0004549236526840531
100033542|F|0-31:T>C-31:T>C,100030290|F|0-11:A>C-11:A>C,15394673.0,16971407.0,0.02280752198303136
100033542|F|0-31:T>C-31:T>C,100017336|F|0-39:A>G-39:A>G,15394673.0,16987827.0,0.058576452550205375
100033542|F|0-31:T>C-31:T>C,100029568|F|0-9:T>G-9:T>G,15394673.0,16988131.0,0.03809197338901686
100033542|F|0-31:T>C-31:T>C,100034247|F|0-37:G>C-37:G>C,15394673.0,16999534.0,0.026138712273006938
100033542|F|0-31:T>C-31:T>C,100012983|F|0-45:A>T-45:A>T,15394673.0,17017248.0,0.0049752728937182125
100033542|F|0-31:T>C-31:T>C,100020033|F|0-7:G>A-7:G>A,15394673.0,17020316.0,0.06561305019933282
100033542|F|0-31:T>C-31:T>C,100018782|F|0-63:C>T-63:C>T,15394673.0,17424649.0,7.342705022560062e-05
100033542|F|0-31:T>C-31:T>C,100019630|F|0-24:A>T-24:A>T,15394673.0,17521232.0,0.0016670328624980948
100033542|F|0-31:T>C-31:T>C,100021757|F|0-47:G>A-47:G>A,15394673.0,17521694.0,0.0013651631908893334
100033542|F|0-31:T>C-31:T>C,100038944|F|0-45:C>T-45:C>T,15394673.0,17607936.0,2.923383597260065e-05
100033542|F|0-31:T>C-31:T>C,100047378|F|0-35:C>T-35:C>T,15394673.0,17706505.0,0.011493946852205355
100033542|F|0-31:T>C-31:T>C,100029543|F|0-46:T>C-46:T>C,15394673.0,18278899.0,0.07829654002420469
100033542|F|0-31:T>C-31:T>C,100021798|F|0-27:T>C-27:T>C,15394673.0,18732658.0,0.00848660983142809
100033542|F|0-31:T>C-31:T>C,100017716|F|0-8:C>T-8:C>T,15394673.0,18851585.0,0.0009966642258563156
100029793|F|0-30:G>A-30:G>A,100021703|F|0-41:T>C-41:T>C,15400977.0,15431799.0,0.0008687281174075533
100029793|F|0-30:G>A-30:G>A,100017056|F|0-15:G>A-15:G>A,15400977.0,15535069.0,0.010668012323065147
100029793|F|0-30:G>A-30:G>A,100021184|F|0-17:T>G-17:T>G,15400977.0,15536283.0,0.010668012323065147
100029793|F|0-30:G>A-30:G>A,100044126|F|0-46:C>T-46:C>T,15400977.0,15556197.0,0.0060028094781775666
100029793|F|0-30:G>A-30:G>A,100017834|F|0-8:C>T-8:C>T,15400977.0,15619447.0,6.954232306130266e-05
100029793|F|0-30:G>A-30:G>A,100020292|F|0-58:T>C-58:T>C,15400977.0,15819325.0,0.0008985585844246339
100029793|F|0-30:G>A-30:G>A,100015600|F|0-30:C>A-30:C>A,15400977.0,15832699.0,0.001353364379261571
100029793|F|0-30:G>A-30:G>A,100049389|F|0-23:C>A-23:C>A,15400977.0,15838578.0,0.000663516502005906
100029793|F|0-30:G>A-30:G>A,100038568|F|0-15:C>T-15:C>T,15400977.0,15839422.0,0.001353364379261571
100029793|F|0-30:G>A-30:G>A,100018705|F|0-34:T>C-34:T>C,15400977.0,15915251.0,0.10816700118673372
100029793|F|0-30:G>A-30:G>A,100019856|F|0-16:C>T-16:C>T,15400977.0,15948596.0,0.0049292389418024015
100029793|F|0-30:G>A-30:G>A,100034716|F|0-53:A>G-53:A>G,15400977.0,15958067.0,0.12268902412300879
100029793|F|0-30:G>A-30:G>A,100021071|F|0-60:A>G-60:A>G,15400977.0,15967627.0,0.11871438509195832
100029793|F|0-30:G>A-30:G>A,100020211|F|0-33:C>A-33:C>A,15400977.0,15977146.0,0.1180906437843019
100029793|F|0-30:G>A-30:G>A,100013484|F|0-22:G>A-22:G>A,15400977.0,16177456.0,0.059705686329268585
100029793|F|0-30:G>A-30:G>A,100021316|F|0-63:C>A-63:C>A,15400977.0,16179198.0,0.06308676000526885
100029793|F|0-30:G>A-30:G>A,100017187|F|0-41:T>C-41:T>C,15400977.0,16245982.0,0.047848244620611505
100029793|F|0-30:G>A-30:G>A,100029840|F|0-31:T>C-31:T>C,15400977.0,16252498.0,0.015921107583966476
100029793|F|0-30:G>A-30:G>A,100013453|F|0-6:G>A-6:G>A,15400977.0,16307679.0,0.014188841821957024
100029793|F|0-30:G>A-30:G>A,100016783|F|0-52:G>T-52:G>T,15400977.0,16317524.0,0.014024335771571698
100029793|F|0-30:G>A-30:G>A,100014400|F|0-16:A>T-16:A>T,15400977.0,16381041.0,0.005560806845709213
100029793|F|0-30:G>A-30:G>A,100016625|F|0-16:T>C-16:T>C,15400977.0,16411184.0,0.013746832745556563
100029793|F|0-30:G>A-30:G>A,100015226|F|0-25:T>A-25:T>A,15400977.0,16581877.0,0.0004703084847413132
100029793|F|0-30:G>A-30:G>A,100017539|F|0-11:A>T-11:A>T,15400977.0,16662610.0,0.012308228521894045
100029793|F|0-30:G>A-30:G>A,100033601|F|0-15:C>A-15:C>A,15400977.0,16769146.0,0.0016917324113619096
100029793|F|0-30:G>A-30:G>A,100039949|F|0-62:A>T-62:A>T,15400977.0,16793350.0,0.0012808067734455056
100029793|F|0-30:G>A-30:G>A,100035334|F|0-35:T>C-35:T>C,15400977.0,16832622.0,0.00013436923764817334
100029793|F|0-30:G>A-30:G>A,100021345|F|0-28:C>T-28:C>T,15400977.0,16899147.0,0.0032158090452697394
100029793|F|0-30:G>A-30:G>A,100022139|F|0-65:T>C-65:T>C,15400977.0,16965771.0,0.042247568890224844
100029793|F|0-30:G>A-30:G>A,100044804|F|0-53:G>C-53:G>C,15400977.0,16968917.0,0.016690588066132918
100029793|F|0-30:G>A-30:G>A,100030290|F|0-11:A>C-11:A>C,15400977.0,16971407.0,0.042247568890224844
100029793|F|0-30:G>A-30:G>A,100017336|F|0-39:A>G-39:A>G,15400977.0,16987827.0,0.11714836867593101
100029793|F|0-30:G>A-30:G>A,100029568|F|0-9:T>G-9:T>G,15400977.0,16988131.0,0.05490070420640425
100029793|F|0-30:G>A-30:G>A,100034247|F|0-37:G>C-37:G>C,15400977.0,16999534.0,0.04206204986361645
100029793|F|0-30:G>A-30:G>A,100012983|F|0-45:A>T-45:A>T,15400977.0,17017248.0,0.012475863024189944
100029793|F|0-30:G>A-30:G>A,100020033|F|0-7:G>A-7:G>A,15400977.0,17020316.0,0.09626274065685159
100029793|F|0-30:G>A-30:G>A,100018782|F|0-63:C>T-63:C>T,15400977.0,17424649.0,0.007464948239835425
100029793|F|0-30:G>A-30:G>A,100019630|F|0-24:A>T-24:A>T,15400977.0,17521232.0,0.0015881232642826
100029793|F|0-30:G>A-30:G>A,100021757|F|0-47:G>A-47:G>A,15400977.0,17521694.0,0.002515038755129359
100029793|F|0-30:G>A-30:G>A,100038944|F|0-45:C>T-45:C>T,15400977.0,17607936.0,0.006127782822759558
100029793|F|0-30:G>A-30:G>A,100047378|F|0-35:C>T-35:C>T,15400977.0,17706505.0,0.015116813576254492
100029793|F|0-30:G>A-30:G>A,100029543|F|0-46:T>C-46:T>C,15400977.0,18278899.0,0.039815184638407955
100029793|F|0-30:G>A-30:G>A,100021798|F|0-27:T>C-27:T>C,15400977.0,18732658.0,0.0030403026240588354
100029793|F|0-30:G>A-30:G>A,100017716|F|0-8:C>T-8:C>T,15400977.0,18851585.0,0.0048131370328425935
100021703|F|0-41:T>C-41:T>C,100017056|F|0-15:G>A-15:G>A,15431799.0,15535069.0,0.006176978848049472
100021703|F|0-41:T>C-41:T>C,100021184|F|0-17:T>G-17:T>G,15431799.0,15536283.0,0.006176978848049472
100021703|F|0-41:T>C-41:T>C,100044126|F|0-46:C>T-46:C>T,15431799.0,15556197.0,0.013406985350416015
100021703|F|0-41:T>C-41:T>C,100017834|F|0-8:C>T-8:C>T,15431799.0,15619447.0,0.001087721047774598
100021703|F|0-41:T>C-41:T>C,100020292|F|0-58:T>C-58:T>C,15431799.0,15819325.0,0.009944982881139956
100021703|F|0-41:T>C-41:T>C,100015600|F|0-30:C>A-30:C>A,15431799.0,15832699.0,0.007386776646741185
100021703|F|0-41:T>C-41:T>C,100049389|F|0-23:C>A-23:C>A,15431799.0,15838578.0,0.008302540204939628
100021703|F|0-41:T>C-41:T>C,100038568|F|0-15:C>T-15:C>T,15431799.0,15839422.0,0.007386776646741185
100021703|F|0-41:T>C-41:T>C,100018705|F|0-34:T>C-34:T>C,15431799.0,15915251.0,0.026786948730681576
100021703|F|0-41:T>C-41:T>C,100019856|F|0-16:C>T-16:C>T,15431799.0,15948596.0,0.00014918390436953753
100021703|F|0-41:T>C-41:T>C,100034716|F|0-53:A>G-53:A>G,15431799.0,15958067.0,0.00766371254579025
100021703|F|0-41:T>C-41:T>C,100021071|F|0-60:A>G-60:A>G,15431799.0,15967627.0,0.01040478145727181
100021703|F|0-41:T>C-41:T>C,100020211|F|0-33:C>A-33:C>A,15431799.0,15977146.0,0.008168260438155389
100021703|F|0-41:T>C-41:T>C,100013484|F|0-22:G>A-22:G>A,15431799.0,16177456.0,0.0003263891050036775
100021703|F|0-41:T>C-41:T>C,100021316|F|0-63:C>A-63:C>A,15431799.0,16179198.0,7.307033796401557e-06
100021703|F|0-41:T>C-41:T>C,100017187|F|0-41:T>C-41:T>C,15431799.0,16245982.0,0.00964509372926344
100021703|F|0-41:T>C-41:T>C,100029840|F|0-31:T>C-31:T>C,15431799.0,16252498.0,0.000404380378973851
100021703|F|0-41:T>C-41:T>C,100013453|F|0-6:G>A-6:G>A,15431799.0,16307679.0,5.7734034361811614e-05
100021703|F|0-41:T>C-41:T>C,100016783|F|0-52:G>T-52:G>T,15431799.0,16317524.0,0.0006056862376546922
100021703|F|0-41:T>C-41:T>C,100014400|F|0-16:A>T-16:A>T,15431799.0,16381041.0,4.729650795692897e-07
100021703|F|0-41:T>C-41:T>C,100016625|F|0-16:T>C-16:T>C,15431799.0,16411184.0,0.0011125321084168402
100021703|F|0-41:T>C-41:T>C,100015226|F|0-25:T>A-25:T>A,15431799.0,16581877.0,0.0006200301141737212
100021703|F|0-41:T>C-41:T>C,100017539|F|0-11:A>T-11:A>T,15431799.0,16662610.0,0.12134319676898737
100021703|F|0-41:T>C-41:T>C,100033601|F|0-15:C>A-15:C>A,15431799.0,16769146.0,0.0001642622992560996
100021703|F|0-41:T>C-41:T>C,100039949|F|0-62:A>T-62:A>T,15431799.0,16793350.0,0.0007504660789332331
100021703|F|0-41:T>C-41:T>C,100035334|F|0-35:T>C-35:T>C,15431799.0,16832622.0,0.003721283089862891
100021703|F|0-41:T>C-41:T>C,100021345|F|0-28:C>T-28:C>T,15431799.0,16899147.0,7.150538864609885e-07
100021703|F|0-41:T>C-41:T>C,100022139|F|0-65:T>C-65:T>C,15431799.0,16965771.0,0.014951528843197984
100021703|F|0-41:T>C-41:T>C,100044804|F|0-53:G>C-53:G>C,15431799.0,16968917.0,0.006144946390729832
100021703|F|0-41:T>C-41:T>C,100030290|F|0-11:A>C-11:A>C,15431799.0,16971407.0,0.014951528843197984
100021703|F|0-41:T>C-41:T>C,100017336|F|0-39:A>G-39:A>G,15431799.0,16987827.0,0.004116745586784624
100021703|F|0-41:T>C-41:T>C,100029568|F|0-9:T>G-9:T>G,15431799.0,16988131.0,0.020129245665655306
100021703|F|0-41:T>C-41:T>C,100034247|F|0-37:G>C-37:G>C,15431799.0,16999534.0,0.0162150634035955
100021703|F|0-41:T>C-41:T>C,100012983|F|0-45:A>T-45:A>T,15431799.0,17017248.0,0.08450373079108034
100021703|F|0-41:T>C-41:T>C,100020033|F|0-7:G>A-7:G>A,15431799.0,17020316.0,0.10870057379288792
100021703|F|0-41:T>C-41:T>C,100018782|F|0-63:C>T-63:C>T,15431799.0,17424649.0,0.06108888027773614
100021703|F|0-41:T>C-41:T>C,100019630|F|0-24:A>T-24:A>T,15431799.0,17521232.0,0.01520031696271526
100021703|F|0-41:T>C-41:T>C,100021757|F|0-47:G>A-47:G>A,15431799.0,17521694.0,0.013262782340420026
100021703|F|0-41:T>C-41:T>C,100038944|F|0-45:C>T-45:C>T,15431799.0,17607936.0,9.664279158729914e-05
100021703|F|0-41:T>C-41:T>C,100047378|F|0-35:C>T-35:C>T,15431799.0,17706505.0,0.022293933759061024
100021703|F|0-41:T>C-41:T>C,100029543|F|0-46:T>C-46:T>C,15431799.0,18278899.0,0.011600995947483176
100021703|F|0-41:T>C-41:T>C,100021798|F|0-27:T>C-27:T>C,15431799.0,18732658.0,0.005297183936127633
100021703|F|0-41:T>C-41:T>C,100017716|F|0-8:C>T-8:C>T,15431799.0,18851585.0,0.016403840899332587
100017056|F|0-15:G>A-15:G>A,100021184|F|0-17:T>G-17:T>G,15535069.0,15536283.0,0.9999999999999964
100017056|F|0-15:G>A-15:G>A,100044126|F|0-46:C>T-46:C>T,15535069.0,15556197.0,0.4856054647858721
100017056|F|0-15:G>A-15:G>A,100017834|F|0-8:C>T-8:C>T,15535069.0,15619447.0,0.0004101150702765188
100017056|F|0-15:G>A-15:G>A,100020292|F|0-58:T>C-58:T>C,15535069.0,15819325.0,0.24037187062568893
100017056|F|0-15:G>A-15:G>A,100015600|F|0-30:C>A-30:C>A,15535069.0,15832699.0,0.24592469399708852
100017056|F|0-15:G>A-15:G>A,100049389|F|0-23:C>A-23:C>A,15535069.0,15838578.0,0.23835388074262298
100017056|F|0-15:G>A-15:G>A,100038568|F|0-15:C>T-15:C>T,15535069.0,15839422.0,0.24592469399708852
100017056|F|0-15:G>A-15:G>A,100018705|F|0-34:T>C-34:T>C,15535069.0,15915251.0,0.0930028750888805
100017056|F|0-15:G>A-15:G>A,100019856|F|0-16:C>T-16:C>T,15535069.0,15948596.0,0.2292216358839053
100017056|F|0-15:G>A-15:G>A,100034716|F|0-53:A>G-53:A>G,15535069.0,15958067.0,0.04016902525612018
100017056|F|0-15:G>A-15:G>A,100021071|F|0-60:A>G-60:A>G,15535069.0,15967627.0,0.037608085399777884
100017056|F|0-15:G>A-15:G>A,100020211|F|0-33:C>A-33:C>A,15535069.0,15977146.0,0.13008351814541083
100017056|F|0-15:G>A-15:G>A,100013484|F|0-22:G>A-22:G>A,15535069.0,16177456.0,0.008263844259317652
100017056|F|0-15:G>A-15:G>A,100021316|F|0-63:C>A-63:C>A,15535069.0,16179198.0,0.003895361611950159
100017056|F|0-15:G>A-15:G>A,100017187|F|0-41:T>C-41:T>C,15535069.0,16245982.0,5.153364116095028e-06
100017056|F|0-15:G>A-15:G>A,100029840|F|0-31:T>C-31:T>C,15535069.0,16252498.0,2.6577170505837236e-05
100017056|F|0-15:G>A-15:G>A,100013453|F|0-6:G>A-6:G>A,15535069.0,16307679.0,0.01474318372756333
100017056|F|0-15:G>A-15:G>A,100016783|F|0-52:G>T-52:G>T,15535069.0,16317524.0,0.016337056050524757
100017056|F|0-15:G>A-15:G>A,100014400|F|0-16:A>T-16:A>T,15535069.0,16381041.0,1.9041368195179227e-05
100017056|F|0-15:G>A-15:G>A,100016625|F|0-16:T>C-16:T>C,15535069.0,16411184.0,1.9041368195179288e-05
100017056|F|0-15:G>A-15:G>A,100015226|F|0-25:T>A-25:T>A,15535069.0,16581877.0,0.01718107627170638
100017056|F|0-15:G>A-15:G>A,100017539|F|0-11:A>T-11:A>T,15535069.0,16662610.0,0.011894873262507362
100017056|F|0-15:G>A-15:G>A,100033601|F|0-15:C>A-15:C>A,15535069.0,16769146.0,0.09317691311396274
100017056|F|0-15:G>A-15:G>A,100039949|F|0-62:A>T-62:A>T,15535069.0,16793350.0,0.09548938308832769
100017056|F|0-15:G>A-15:G>A,100035334|F|0-35:T>C-35:T>C,15535069.0,16832622.0,0.13506633069494825
100017056|F|0-15:G>A-15:G>A,100021345|F|0-28:C>T-28:C>T,15535069.0,16899147.0,0.09958210758297165
100017056|F|0-15:G>A-15:G>A,100022139|F|0-65:T>C-65:T>C,15535069.0,16965771.0,0.0891646466421505
100017056|F|0-15:G>A-15:G>A,100044804|F|0-53:G>C-53:G>C,15535069.0,16968917.0,0.06969452290945194
100017056|F|0-15:G>A-15:G>A,100030290|F|0-11:A>C-11:A>C,15535069.0,16971407.0,0.0891646466421505
100017056|F|0-15:G>A-15:G>A,100017336|F|0-39:A>G-39:A>G,15535069.0,16987827.0,0.009692675858227747
100017056|F|0-15:G>A-15:G>A,100029568|F|0-9:T>G-9:T>G,15535069.0,16988131.0,0.06491235318588766
100017056|F|0-15:G>A-15:G>A,100034247|F|0-37:G>C-37:G>C,15535069.0,16999534.0,0.06672440872908417
100017056|F|0-15:G>A-15:G>A,100012983|F|0-45:A>T-45:A>T,15535069.0,17017248.0,0.007414912397258996
100017056|F|0-15:G>A-15:G>A,100020033|F|0-7:G>A-7:G>A,15535069.0,17020316.0,0.03355967716902067
100017056|F|0-15:G>A-15:G>A,100018782|F|0-63:C>T-63:C>T,15535069.0,17424649.0,0.048654367855192955
100017056|F|0-15:G>A-15:G>A,100019630|F|0-24:A>T-24:A>T,15535069.0,17521232.0,0.0006987748455508903
100017056|F|0-15:G>A-15:G>A,100021757|F|0-47:G>A-47:G>A,15535069.0,17521694.0,0.001302127951204484
100017056|F|0-15:G>A-15:G>A,100038944|F|0-45:C>T-45:C>T,15535069.0,17607936.0,0.16586137126485273
100017056|F|0-15:G>A-15:G>A,100047378|F|0-35:C>T-35:C>T,15535069.0,17706505.0,0.013563811109884905
100017056|F|0-15:G>A-15:G>A,100029543|F|0-46:T>C-46:T>C,15535069.0,18278899.0,0.012730465805220526
100017056|F|0-15:G>A-15:G>A,100021798|F|0-27:T>C-27:T>C,15535069.0,18732658.0,0.03374216963134468
100017056|F|0-15:G>A-15:G>A,100017716|F|0-8:C>T-8:C>T,15535069.0,18851585.0,0.03422318795592111
100021184|F|0-17:T>G-17:T>G,100044126|F|0-46:C>T-46:C>T,15536283.0,15556197.0,0.4856054647858721
100021184|F|0-17:T>G-17:T>G,100017834|F|0-8:C>T-8:C>T,15536283.0,15619447.0,0.0004101150702765188
100021184|F|0-17:T>G-17:T>G,100020292|F|0-58:T>C-58:T>C,15536283.0,15819325.0,0.24037187062568893
100021184|F|0-17:T>G-17:T>G,100015600|F|0-30:C>A-30:C>A,15536283.0,15832699.0,0.24592469399708852
100021184|F|0-17:T>G-17:T>G,100049389|F|0-23:C>A-23:C>A,15536283.0,15838578.0,0.23835388074262298
100021184|F|0-17:T>G-17:T>G,100038568|F|0-15:C>T-15:C>T,15536283.0,15839422.0,0.24592469399708852
100021184|F|0-17:T>G-17:T>G,100018705|F|0-34:T>C-34:T>C,15536283.0,15915251.0,0.0930028750888805
100021184|F|0-17:T>G-17:T>G,100019856|F|0-16:C>T-16:C>T,15536283.0,15948596.0,0.2292216358839053
100021184|F|0-17:T>G-17:T>G,100034716|F|0-53:A>G-53:A>G,15536283.0,15958067.0,0.04016902525612018
100021184|F|0-17:T>G-17:T>G,100021071|F|0-60:A>G-60:A>G,15536283.0,15967627.0,0.037608085399777884
100021184|F|0-17:T>G-17:T>G,100020211|F|0-33:C>A-33:C>A,15536283.0,15977146.0,0.13008351814541083
100021184|F|0-17:T>G-17:T>G,100013484|F|0-22:G>A-22:G>A,15536283.0,16177456.0,0.008263844259317652
100021184|F|0-17:T>G-17:T>G,100021316|F|0-63:C>A-63:C>A,15536283.0,16179198.0,0.003895361611950159
100021184|F|0-17:T>G-17:T>G,100017187|F|0-41:T>C-41:T>C,15536283.0,16245982.0,5.153364116095028e-06
100021184|F|0-17:T>G-17:T>G,100029840|F|0-31:T>C-31:T>C,15536283.0,16252498.0,2.6577170505837236e-05
100021184|F|0-17:T>G-17:T>G,100013453|F|0-6:G>A-6:G>A,15536283.0,16307679.0,0.01474318372756333
100021184|F|0-17:T>G-17:T>G,100016783|F|0-52:G>T-52:G>T,15536283.0,16317524.0,0.016337056050524757
100021184|F|0-17:T>G-17:T>G,100014400|F|0-16:A>T-16:A>T,15536283.0,16381041.0,1.9041368195179227e-05
100021184|F|0-17:T>G-17:T>G,100016625|F|0-16:T>C-16:T>C,15536283.0,16411184.0,1.9041368195179288e-05
100021184|F|0-17:T>G-17:T>G,100015226|F|0-25:T>A-25:T>A,15536283.0,16581877.0,0.01718107627170638
100021184|F|0-17:T>G-17:T>G,100017539|F|0-11:A>T-11:A>T,15536283.0,16662610.0,0.011894873262507362
100021184|F|0-17:T>G-17:T>G,100033601|F|0-15:C>A-15:C>A,15536283.0,16769146.0,0.09317691311396274
100021184|F|0-17:T>G-17:T>G,100039949|F|0-62:A>T-62:A>T,15536283.0,16793350.0,0.09548938308832769
100021184|F|0-17:T>G-17:T>G,100035334|F|0-35:T>C-35:T>C,15536283.0,16832622.0,0.13506633069494825
100021184|F|0-17:T>G-17:T>G,100021345|F|0-28:C>T-28:C>T,15536283.0,16899147.0,0.09958210758297165
100021184|F|0-17:T>G-17:T>G,100022139|F|0-65:T>C-65:T>C,15536283.0,16965771.0,0.0891646466421505
100021184|F|0-17:T>G-17:T>G,100044804|F|0-53:G>C-53:G>C,15536283.0,16968917.0,0.06969452290945194
100021184|F|0-17:T>G-17:T>G,100030290|F|0-11:A>C-11:A>C,15536283.0,16971407.0,0.0891646466421505
100021184|F|0-17:T>G-17:T>G,100017336|F|0-39:A>G-39:A>G,15536283.0,16987827.0,0.009692675858227747
100021184|F|0-17:T>G-17:T>G,100029568|F|0-9:T>G-9:T>G,15536283.0,16988131.0,0.06491235318588766
100021184|F|0-17:T>G-17:T>G,100034247|F|0-37:G>C-37:G>C,15536283.0,16999534.0,0.06672440872908417
100021184|F|0-17:T>G-17:T>G,100012983|F|0-45:A>T-45:A>T,15536283.0,17017248.0,0.007414912397258996
100021184|F|0-17:T>G-17:T>G,100020033|F|0-7:G>A-7:G>A,15536283.0,17020316.0,0.03355967716902067
100021184|F|0-17:T>G-17:T>G,100018782|F|0-63:C>T-63:C>T,15536283.0,17424649.0,0.048654367855192955
100021184|F|0-17:T>G-17:T>G,100019630|F|0-24:A>T-24:A>T,15536283.0,17521232.0,0.0006987748455508903
100021184|F|0-17:T>G-17:T>G,100021757|F|0-47:G>A-47:G>A,15536283.0,17521694.0,0.001302127951204484
100021184|F|0-17:T>G-17:T>G,100038944|F|0-45:C>T-45:C>T,15536283.0,17607936.0,0.16586137126485273
100021184|F|0-17:T>G-17:T>G,100047378|F|0-35:C>T-35:C>T,15536283.0,17706505.0,0.013563811109884905
100021184|F|0-17:T>G-17:T>G,100029543|F|0-46:T>C-46:T>C,15536283.0,18278899.0,0.012730465805220526
100021184|F|0-17:T>G-17:T>G,100021798|F|0-27:T>C-27:T>C,15536283.0,18732658.0,0.03374216963134468
100021184|F|0-17:T>G-17:T>G,100017716|F|0-8:C>T-8:C>T,15536283.0,18851585.0,0.03422318795592111
100044126|F|0-46:C>T-46:C>T,100017834|F|0-8:C>T-8:C>T,15556197.0,15619447.0,0.001184162367841322
100044126|F|0-46:C>T-46:C>T,100020292|F|0-58:T>C-58:T>C,15556197.0,15819325.0,0.07586473255487339
100044126|F|0-46:C>T-46:C>T,100015600|F|0-30:C>A-30:C>A,15556197.0,15832699.0,0.07819980849026491
100044126|F|0-46:C>T-46:C>T,100049389|F|0-23:C>A-23:C>A,15556197.0,15838578.0,0.07486619630263541
100044126|F|0-46:C>T-46:C>T,100038568|F|0-15:C>T-15:C>T,15556197.0,15839422.0,0.07819980849026491
100044126|F|0-46:C>T-46:C>T,100018705|F|0-34:T>C-34:T>C,15556197.0,15915251.0,0.01785434382225009
100044126|F|0-46:C>T-46:C>T,100019856|F|0-16:C>T-16:C>T,15556197.0,15948596.0,0.0020925567238516884
100044126|F|0-46:C>T-46:C>T,100034716|F|0-53:A>G-53:A>G,15556197.0,15958067.0,0.07291082445316877
100044126|F|0-46:C>T-46:C>T,100021071|F|0-60:A>G-60:A>G,15556197.0,15967627.0,0.07072855029585806
100044126|F|0-46:C>T-46:C>T,100020211|F|0-33:C>A-33:C>A,15556197.0,15977146.0,0.04566405686246218
100044126|F|0-46:C>T-46:C>T,100013484|F|0-22:G>A-22:G>A,15556197.0,16177456.0,0.006627851157919238
100044126|F|0-46:C>T-46:C>T,100021316|F|0-63:C>A-63:C>A,15556197.0,16179198.0,0.0036479564826089298
100044126|F|0-46:C>T-46:C>T,100017187|F|0-41:T>C-41:T>C,15556197.0,16245982.0,0.00018780048076923105
100044126|F|0-46:C>T-46:C>T,100029840|F|0-31:T>C-31:T>C,15556197.0,16252498.0,0.00032957040161852853
100044126|F|0-46:C>T-46:C>T,100013453|F|0-6:G>A-6:G>A,15556197.0,16307679.0,0.007436341007115409
100044126|F|0-46:C>T-46:C>T,100016783|F|0-52:G>T-52:G>T,15556197.0,16317524.0,0.008240277140203478
100044126|F|0-46:C>T-46:C>T,100014400|F|0-16:A>T-16:A>T,15556197.0,16381041.0,0.000693911398651245
100044126|F|0-46:C>T-46:C>T,100016625|F|0-16:T>C-16:T>C,15556197.0,16411184.0,0.0006939113986512465
100044126|F|0-46:C>T-46:C>T,100015226|F|0-25:T>A-25:T>A,15556197.0,16581877.0,0.0015652951699463348
100044126|F|0-46:C>T-46:C>T,100017539|F|0-11:A>T-11:A>T,15556197.0,16662610.0,0.0017170329670329614
100044126|F|0-46:C>T-46:C>T,100033601|F|0-15:C>A-15:C>A,15556197.0,16769146.0,0.03421853065044458
100044126|F|0-46:C>T-46:C>T,100039949|F|0-62:A>T-62:A>T,15556197.0,16793350.0,0.0347985347985348
100044126|F|0-46:C>T-46:C>T,100035334|F|0-35:T>C-35:T>C,15556197.0,16832622.0,0.05306362320842069
100044126|F|0-46:C>T-46:C>T,100021345|F|0-28:C>T-28:C>T,15556197.0,16899147.0,0.03684055408193331
100044126|F|0-46:C>T-46:C>T,100022139|F|0-65:T>C-65:T>C,15556197.0,16965771.0,0.03223178633315751
100044126|F|0-46:C>T-46:C>T,100044804|F|0-53:G>C-53:G>C,15556197.0,16968917.0,0.012177502600011715
100044126|F|0-46:C>T-46:C>T,100030290|F|0-11:A>C-11:A>C,15556197.0,16971407.0,0.03223178633315751
100044126|F|0-46:C>T-46:C>T,100017336|F|0-39:A>G-39:A>G,15556197.0,16987827.0,0.00025801568735379135
100044126|F|0-46:C>T-46:C>T,100029568|F|0-9:T>G-9:T>G,15556197.0,16988131.0,0.022615883037049325
100044126|F|0-46:C>T-46:C>T,100034247|F|0-37:G>C-37:G>C,15556197.0,16999534.0,0.023479899905755372
100044126|F|0-46:C>T-46:C>T,100012983|F|0-45:A>T-45:A>T,15556197.0,17017248.0,0.002092556723851698
100044126|F|0-46:C>T-46:C>T,100020033|F|0-7:G>A-7:G>A,15556197.0,17020316.0,0.04183257918552037
100044126|F|0-46:C>T-46:C>T,100018782|F|0-63:C>T-63:C>T,15556197.0,17424649.0,0.03126562630219195
100044126|F|0-46:C>T-46:C>T,100019630|F|0-24:A>T-24:A>T,15556197.0,17521232.0,0.0021141556252633666
100044126|F|0-46:C>T-46:C>T,100021757|F|0-47:G>A-47:G>A,15556197.0,17521694.0,0.002965784215784208
100044126|F|0-46:C>T-46:C>T,100038944|F|0-45:C>T-45:C>T,15556197.0,17607936.0,0.32467800528401586
100044126|F|0-46:C>T-46:C>T,100047378|F|0-35:C>T-35:C>T,15556197.0,17706505.0,0.004570049722140972
100044126|F|0-46:C>T-46:C>T,100029543|F|0-46:T>C-46:T>C,15556197.0,18278899.0,0.011274736006181311
100044126|F|0-46:C>T-46:C>T,100021798|F|0-27:T>C-27:T>C,15556197.0,18732658.0,0.0551268180887022
100044126|F|0-46:C>T-46:C>T,100017716|F|0-8:C>T-8:C>T,15556197.0,18851585.0,0.00916289592760182
100017834|F|0-8:C>T-8:C>T,100020292|F|0-58:T>C-58:T>C,15619447.0,15819325.0,0.11789300873586668
100017834|F|0-8:C>T-8:C>T,100015600|F|0-30:C>A-30:C>A,15619447.0,15832699.0,0.09316006217547475
100017834|F|0-8:C>T-8:C>T,100049389|F|0-23:C>A-23:C>A,15619447.0,15838578.0,0.115983678313098
100017834|F|0-8:C>T-8:C>T,100038568|F|0-15:C>T-15:C>T,15619447.0,15839422.0,0.09316006217547475
100017834|F|0-8:C>T-8:C>T,100018705|F|0-34:T>C-34:T>C,15619447.0,15915251.0,0.07638999697107676
100017834|F|0-8:C>T-8:C>T,100019856|F|0-16:C>T-16:C>T,15619447.0,15948596.0,0.0008399743980737872
100017834|F|0-8:C>T-8:C>T,100034716|F|0-53:A>G-53:A>G,15619447.0,15958067.0,0.11156744048601752
100017834|F|0-8:C>T-8:C>T,100021071|F|0-60:A>G-60:A>G,15619447.0,15967627.0,0.10762621566474456
100017834|F|0-8:C>T-8:C>T,100020211|F|0-33:C>A-33:C>A,15619447.0,15977146.0,0.06682144795924343
100017834|F|0-8:C>T-8:C>T,100013484|F|0-22:G>A-22:G>A,15619447.0,16177456.0,0.010220119059405983
100017834|F|0-8:C>T-8:C>T,100021316|F|0-63:C>A-63:C>A,15619447.0,16179198.0,0.004086446391889443
100017834|F|0-8:C>T-8:C>T,100017187|F|0-41:T>C-41:T>C,15619447.0,16245982.0,0.23449473696022943
100017834|F|0-8:C>T-8:C>T,100029840|F|0-31:T>C-31:T>C,15619447.0,16252498.0,0.21175060447186367
100017834|F|0-8:C>T-8:C>T,100013453|F|0-6:G>A-6:G>A,15619447.0,16307679.0,0.01039296829494447
100017834|F|0-8:C>T-8:C>T,100016783|F|0-52:G>T-52:G>T,15619447.0,16317524.0,0.01181937536056419
100017834|F|0-8:C>T-8:C>T,100014400|F|0-16:A>T-16:A>T,15619447.0,16381041.0,0.0001899633203623992
100017834|F|0-8:C>T-8:C>T,100016625|F|0-16:T>C-16:T>C,15619447.0,16411184.0,0.004304112927443081
100017834|F|0-8:C>T-8:C>T,100015226|F|0-25:T>A-25:T>A,15619447.0,16581877.0,0.010228645037832112
100017834|F|0-8:C>T-8:C>T,100017539|F|0-11:A>T-11:A>T,15619447.0,16662610.0,0.005692497545446644
100017834|F|0-8:C>T-8:C>T,100033601|F|0-15:C>A-15:C>A,15619447.0,16769146.0,0.008223088405612458
100017834|F|0-8:C>T-8:C>T,100039949|F|0-62:A>T-62:A>T,15619447.0,16793350.0,0.016998191681735983
100017834|F|0-8:C>T-8:C>T,100035334|F|0-35:T>C-35:T>C,15619447.0,16832622.0,0.028028790036594482
100017834|F|0-8:C>T-8:C>T,100021345|F|0-28:C>T-28:C>T,15619447.0,16899147.0,0.009705767833083814
100017834|F|0-8:C>T-8:C>T,100022139|F|0-65:T>C-65:T>C,15619447.0,16965771.0,0.02721485794456106
100017834|F|0-8:C>T-8:C>T,100044804|F|0-53:G>C-53:G>C,15619447.0,16968917.0,3.77808362984299e-06
100017834|F|0-8:C>T-8:C>T,100030290|F|0-11:A>C-11:A>C,15619447.0,16971407.0,0.02721485794456106
100017834|F|0-8:C>T-8:C>T,100017336|F|0-39:A>G-39:A>G,15619447.0,16987827.0,0.004297353178405924
100017834|F|0-8:C>T-8:C>T,100029568|F|0-9:T>G-9:T>G,15619447.0,16988131.0,0.028740253971171695
100017834|F|0-8:C>T-8:C>T,100034247|F|0-37:G>C-37:G>C,15619447.0,16999534.0,0.019738090472761212
100017834|F|0-8:C>T-8:C>T,100012983|F|0-45:A>T-45:A>T,15619447.0,17017248.0,0.0008399743980737846
100017834|F|0-8:C>T-8:C>T,100020033|F|0-7:G>A-7:G>A,15619447.0,17020316.0,0.040817044512391605
100017834|F|0-8:C>T-8:C>T,100018782|F|0-63:C>T-63:C>T,15619447.0,17424649.0,0.022158172261729205
100017834|F|0-8:C>T-8:C>T,100019630|F|0-24:A>T-24:A>T,15619447.0,17521232.0,0.10931990254066698
100017834|F|0-8:C>T-8:C>T,100021757|F|0-47:G>A-47:G>A,15619447.0,17521694.0,0.16747172389510137
100017834|F|0-8:C>T-8:C>T,100038944|F|0-45:C>T-45:C>T,15619447.0,17607936.0,0.00027264459206071756
100017834|F|0-8:C>T-8:C>T,100047378|F|0-35:C>T-35:C>T,15619447.0,17706505.0,0.19466959936263373
100017834|F|0-8:C>T-8:C>T,100029543|F|0-46:T>C-46:T>C,15619447.0,18278899.0,0.02815958729303733
100017834|F|0-8:C>T-8:C>T,100021798|F|0-27:T>C-27:T>C,15619447.0,18732658.0,0.0018627197133331069
100017834|F|0-8:C>T-8:C>T,100017716|F|0-8:C>T-8:C>T,15619447.0,18851585.0,0.0028184492218648904
100020292|F|0-58:T>C-58:T>C,100015600|F|0-30:C>A-30:C>A,15819325.0,15832699.0,0.9757100695459049
100020292|F|0-58:T>C-58:T>C,100049389|F|0-23:C>A-23:C>A,15819325.0,15838578.0,0.9903411802572727
100020292|F|0-58:T>C-58:T>C,100038568|F|0-15:C>T-15:C>T,15819325.0,15839422.0,0.9757100695459049
100020292|F|0-58:T>C-58:T>C,100018705|F|0-34:T>C-34:T>C,15819325.0,15915251.0,0.5313202966406961
100020292|F|0-58:T>C-58:T>C,100019856|F|0-16:C>T-16:C>T,15819325.0,15948596.0,0.12771472962475047
100020292|F|0-58:T>C-58:T>C,100034716|F|0-53:A>G-53:A>G,15819325.0,15958067.0,0.4290568403671017
100020292|F|0-58:T>C-58:T>C,100021071|F|0-60:A>G-60:A>G,15819325.0,15967627.0,0.4456556247152765
100020292|F|0-58:T>C-58:T>C,100020211|F|0-33:C>A-33:C>A,15819325.0,15977146.0,0.5705172246738703
100020292|F|0-58:T>C-58:T>C,100013484|F|0-22:G>A-22:G>A,15819325.0,16177456.0,0.07027022334601538
100020292|F|0-58:T>C-58:T>C,100021316|F|0-63:C>A-63:C>A,15819325.0,16179198.0,0.0521149378491643
100020292|F|0-58:T>C-58:T>C,100017187|F|0-41:T>C-41:T>C,15819325.0,16245982.0,0.1452648180751174
100020292|F|0-58:T>C-58:T>C,100029840|F|0-31:T>C-31:T>C,15819325.0,16252498.0,0.24600203346548177
100020292|F|0-58:T>C-58:T>C,100013453|F|0-6:G>A-6:G>A,15819325.0,16307679.0,0.01470510249857756
100020292|F|0-58:T>C-58:T>C,100016783|F|0-52:G>T-52:G>T,15819325.0,16317524.0,0.010667754793471455
100020292|F|0-58:T>C-58:T>C,100014400|F|0-16:A>T-16:A>T,15819325.0,16381041.0,0.00020533167060226721
100020292|F|0-58:T>C-58:T>C,100016625|F|0-16:T>C-16:T>C,15819325.0,16411184.0,0.00020533167060226721
100020292|F|0-58:T>C-58:T>C,100015226|F|0-25:T>A-25:T>A,15819325.0,16581877.0,0.1544343580865039
100020292|F|0-58:T>C-58:T>C,100017539|F|0-11:A>T-11:A>T,15819325.0,16662610.0,0.005961926106248826
100020292|F|0-58:T>C-58:T>C,100033601|F|0-15:C>A-15:C>A,15819325.0,16769146.0,0.281829340660334
100020292|F|0-58:T>C-58:T>C,100039949|F|0-62:A>T-62:A>T,15819325.0,16793350.0,0.31208858086792346
100020292|F|0-58:T>C-58:T>C,100035334|F|0-35:T>C-35:T>C,15819325.0,16832622.0,0.4820231228159708
100020292|F|0-58:T>C-58:T>C,100021345|F|0-28:C>T-28:C>T,15819325.0,16899147.0,0.27886011078533046
100020292|F|0-58:T>C-58:T>C,100022139|F|0-65:T>C-65:T>C,15819325.0,16965771.0,0.3150353402746807
100020292|F|0-58:T>C-58:T>C,100044804|F|0-53:G>C-53:G>C,15819325.0,16968917.0,0.26123918354026526
100020292|F|0-58:T>C-58:T>C,100030290|F|0-11:A>C-11:A>C,15819325.0,16971407.0,0.3150353402746807
100020292|F|0-58:T>C-58:T>C,100017336|F|0-39:A>G-39:A>G,15819325.0,16987827.0,0.23924562858944412
100020292|F|0-58:T>C-58:T>C,100029568|F|0-9:T>G-9:T>G,15819325.0,16988131.0,0.2437213473626332
100020292|F|0-58:T>C-58:T>C,100034247|F|0-37:G>C-37:G>C,15819325.0,16999534.0,0.25208163500082353
100020292|F|0-58:T>C-58:T>C,100012983|F|0-45:A>T-45:A>T,15819325.0,17017248.0,0.12771472962475053
100020292|F|0-58:T>C-58:T>C,100020033|F|0-7:G>A-7:G>A,15819325.0,17020316.0,0.09512565589616113
100020292|F|0-58:T>C-58:T>C,100018782|F|0-63:C>T-63:C>T,15819325.0,17424649.0,0.14642382605088416
100020292|F|0-58:T>C-58:T>C,100019630|F|0-24:A>T-24:A>T,15819325.0,17521232.0,0.2580309407673466
100020292|F|0-58:T>C-58:T>C,100021757|F|0-47:G>A-47:G>A,15819325.0,17521694.0,0.30905297102480195
100020292|F|0-58:T>C-58:T>C,100038944|F|0-45:C>T-45:C>T,15819325.0,17607936.0,0.16511533115715651
100020292|F|0-58:T>C-58:T>C,100047378|F|0-35:C>T-35:C>T,15819325.0,17706505.0,0.16082353507044195
100020292|F|0-58:T>C-58:T>C,100029543|F|0-46:T>C-46:T>C,15819325.0,18278899.0,0.007734194518965634
100020292|F|0-58:T>C-58:T>C,100021798|F|0-27:T>C-27:T>C,15819325.0,18732658.0,0.046142701749779594
100020292|F|0-58:T>C-58:T>C,100017716|F|0-8:C>T-8:C>T,15819325.0,18851585.0,0.03976801988401003
100015600|F|0-30:C>A-30:C>A,100049389|F|0-23:C>A-23:C>A,15832699.0,15838578.0,0.9664297020183403
100015600|F|0-30:C>A-30:C>A,100038568|F|0-15:C>T-15:C>T,15832699.0,15839422.0,1.0000000000000018
100015600|F|0-30:C>A-30:C>A,100018705|F|0-34:T>C-34:T>C,15832699.0,15915251.0,0.5182495064291046
100015600|F|0-30:C>A-30:C>A,100019856|F|0-16:C>T-16:C>T,15832699.0,15948596.0,0.13164572076778422
100015600|F|0-30:C>A-30:C>A,100034716|F|0-53:A>G-53:A>G,15832699.0,15958067.0,0.41506291845763155
100015600|F|0-30:C>A-30:C>A,100021071|F|0-60:A>G-60:A>G,15832699.0,15967627.0,0.4316505627945402
100015600|F|0-30:C>A-30:C>A,100020211|F|0-33:C>A-33:C>A,15832699.0,15977146.0,0.5931844356496135
100015600|F|0-30:C>A-30:C>A,100013484|F|0-22:G>A-22:G>A,15832699.0,16177456.0,0.060134686066000954
100015600|F|0-30:C>A-30:C>A,100021316|F|0-63:C>A-63:C>A,15832699.0,16179198.0,0.044229566528544595
100015600|F|0-30:C>A-30:C>A,100017187|F|0-41:T>C-41:T>C,15832699.0,16245982.0,0.13381945344917018
100015600|F|0-30:C>A-30:C>A,100029840|F|0-31:T>C-31:T>C,15832699.0,16252498.0,0.23301529952376115
100015600|F|0-30:C>A-30:C>A,100013453|F|0-6:G>A-6:G>A,15832699.0,16307679.0,0.01355820845861619
100015600|F|0-30:C>A-30:C>A,100016783|F|0-52:G>T-52:G>T,15832699.0,16317524.0,0.009658062455373208
100015600|F|0-30:C>A-30:C>A,100014400|F|0-16:A>T-16:A>T,15832699.0,16381041.0,0.0010980656447505776
100015600|F|0-30:C>A-30:C>A,100016625|F|0-16:T>C-16:T>C,15832699.0,16411184.0,0.0010980656447505768
100015600|F|0-30:C>A-30:C>A,100015226|F|0-25:T>A-25:T>A,15832699.0,16581877.0,0.16407962393680775
100015600|F|0-30:C>A-30:C>A,100017539|F|0-11:A>T-11:A>T,15832699.0,16662610.0,0.004941793453204235
100015600|F|0-30:C>A-30:C>A,100033601|F|0-15:C>A-15:C>A,15832699.0,16769146.0,0.3052720225740122
100015600|F|0-30:C>A-30:C>A,100039949|F|0-62:A>T-62:A>T,15832699.0,16793350.0,0.3103079924916022
100015600|F|0-30:C>A-30:C>A,100035334|F|0-35:T>C-35:T>C,15832699.0,16832622.0,0.5068118894842375
100015600|F|0-30:C>A-30:C>A,100021345|F|0-28:C>T-28:C>T,15832699.0,16899147.0,0.3022132497893509
100015600|F|0-30:C>A-30:C>A,100022139|F|0-65:T>C-65:T>C,15832699.0,16965771.0,0.31352007225850553
100015600|F|0-30:C>A-30:C>A,100044804|F|0-53:G>C-53:G>C,15832699.0,16968917.0,0.27379040513632313
100015600|F|0-30:C>A-30:C>A,100030290|F|0-11:A>C-11:A>C,15832699.0,16971407.0,0.31352007225850553
100015600|F|0-30:C>A-30:C>A,100017336|F|0-39:A>G-39:A>G,15832699.0,16987827.0,0.2527532617274976
100015600|F|0-30:C>A-30:C>A,100029568|F|0-9:T>G-9:T>G,15832699.0,16988131.0,0.2434972733301679
100015600|F|0-30:C>A-30:C>A,100034247|F|0-37:G>C-37:G>C,15832699.0,16999534.0,0.27438153763627476
100015600|F|0-30:C>A-30:C>A,100012983|F|0-45:A>T-45:A>T,15832699.0,17017248.0,0.13164572076778425
100015600|F|0-30:C>A-30:C>A,100020033|F|0-7:G>A-7:G>A,15832699.0,17020316.0,0.09382474981693928
100015600|F|0-30:C>A-30:C>A,100018782|F|0-63:C>T-63:C>T,15832699.0,17424649.0,0.15224138880522212
100015600|F|0-30:C>A-30:C>A,100019630|F|0-24:A>T-24:A>T,15832699.0,17521232.0,0.2733305416162621
100015600|F|0-30:C>A-30:C>A,100021757|F|0-47:G>A-47:G>A,15832699.0,17521694.0,0.29487524923209557
100015600|F|0-30:C>A-30:C>A,100038944|F|0-45:C>T-45:C>T,15832699.0,17607936.0,0.1689023128532039
100015600|F|0-30:C>A-30:C>A,100047378|F|0-35:C>T-35:C>T,15832699.0,17706505.0,0.16815234368837104
100015600|F|0-30:C>A-30:C>A,100029543|F|0-46:T>C-46:T>C,15832699.0,18278899.0,0.005552064616367816
100015600|F|0-30:C>A-30:C>A,100021798|F|0-27:T>C-27:T>C,15832699.0,18732658.0,0.0396846390151997
100015600|F|0-30:C>A-30:C>A,100017716|F|0-8:C>T-8:C>T,15832699.0,18851585.0,0.04176836709787648
100049389|F|0-23:C>A-23:C>A,100038568|F|0-15:C>T-15:C>T,15838578.0,15839422.0,0.9664297020183403
100049389|F|0-23:C>A-23:C>A,100018705|F|0-34:T>C-34:T>C,15838578.0,15915251.0,0.5204304367604036
100049389|F|0-23:C>A-23:C>A,100019856|F|0-16:C>T-16:C>T,15838578.0,15948596.0,0.12603374053825006
100049389|F|0-23:C>A-23:C>A,100034716|F|0-53:A>G-53:A>G,15838578.0,15958067.0,0.4194312833916653
100049389|F|0-23:C>A-23:C>A,100021071|F|0-60:A>G-60:A>G,15838578.0,15967627.0,0.43563994798041794
100049389|F|0-23:C>A-23:C>A,100020211|F|0-33:C>A-33:C>A,15838578.0,15977146.0,0.5598586170610661
100049389|F|0-23:C>A-23:C>A,100013484|F|0-22:G>A-22:G>A,15838578.0,16177456.0,0.06741273008659383
100049389|F|0-23:C>A-23:C>A,100021316|F|0-63:C>A-63:C>A,15838578.0,16179198.0,0.0494645087819883
100049389|F|0-23:C>A-23:C>A,100017187|F|0-41:T>C-41:T>C,15838578.0,16245982.0,0.14054054329082152
100049389|F|0-23:C>A-23:C>A,100029840|F|0-31:T>C-31:T>C,15838578.0,16252498.0,0.23981505819901286
100049389|F|0-23:C>A-23:C>A,100013453|F|0-6:G>A-6:G>A,15838578.0,16307679.0,0.01554690273537221
100049389|F|0-23:C>A-23:C>A,100016783|F|0-52:G>T-52:G>T,15838578.0,16317524.0,0.011399656176625228
100049389|F|0-23:C>A-23:C>A,100014400|F|0-16:A>T-16:A>T,15838578.0,16381041.0,0.00043034473631155116
100049389|F|0-23:C>A-23:C>A,100016625|F|0-16:T>C-16:T>C,15838578.0,16411184.0,0.00043034473631155116
100049389|F|0-23:C>A-23:C>A,100015226|F|0-25:T>A-25:T>A,15838578.0,16581877.0,0.1494118732659899
100049389|F|0-23:C>A-23:C>A,100017539|F|0-11:A>T-11:A>T,15838578.0,16662610.0,0.006695146207772301
100049389|F|0-23:C>A-23:C>A,100033601|F|0-15:C>A-15:C>A,15838578.0,16769146.0,0.2691665621459193
100049389|F|0-23:C>A-23:C>A,100039949|F|0-62:A>T-62:A>T,15838578.0,16793350.0,0.2981674329498815
100049389|F|0-23:C>A-23:C>A,100035334|F|0-35:T>C-35:T>C,15838578.0,16832622.0,0.4695695635153399
100049389|F|0-23:C>A-23:C>A,100021345|F|0-28:C>T-28:C>T,15838578.0,16899147.0,0.2662372531628625
100049389|F|0-23:C>A-23:C>A,100022139|F|0-65:T>C-65:T>C,15838578.0,16965771.0,0.30108160670500095
100049389|F|0-23:C>A-23:C>A,100044804|F|0-53:G>C-53:G>C,15838578.0,16968917.0,0.25502836530477346
100049389|F|0-23:C>A-23:C>A,100030290|F|0-11:A>C-11:A>C,15838578.0,16971407.0,0.30108160670500095
100049389|F|0-23:C>A-23:C>A,100017336|F|0-39:A>G-39:A>G,15838578.0,16987827.0,0.23233284462759865
100049389|F|0-23:C>A-23:C>A,100029568|F|0-9:T>G-9:T>G,15838578.0,16988131.0,0.23146996155405072
100049389|F|0-23:C>A-23:C>A,100034247|F|0-37:G>C-37:G>C,15838578.0,16999534.0,0.23996613435359082
100049389|F|0-23:C>A-23:C>A,100012983|F|0-45:A>T-45:A>T,15838578.0,17017248.0,0.12603374053824995
100049389|F|0-23:C>A-23:C>A,100020033|F|0-7:G>A-7:G>A,15838578.0,17020316.0,0.08753470451319406
100049389|F|0-23:C>A-23:C>A,100018782|F|0-63:C>T-63:C>T,15838578.0,17424649.0,0.14368828356496843
100049389|F|0-23:C>A-23:C>A,100019630|F|0-24:A>T-24:A>T,15838578.0,17521232.0,0.25013234469543016
100049389|F|0-23:C>A-23:C>A,100021757|F|0-47:G>A-47:G>A,15838578.0,17521694.0,0.3001902205870395
100049389|F|0-23:C>A-23:C>A,100038944|F|0-45:C>T-45:C>T,15838578.0,17607936.0,0.16374616881058426
100049389|F|0-23:C>A-23:C>A,100047378|F|0-35:C>T-35:C>T,15838578.0,17706505.0,0.15724321449460785
100049389|F|0-23:C>A-23:C>A,100029543|F|0-46:T>C-46:T>C,15838578.0,18278899.0,0.012740339107627282
100049389|F|0-23:C>A-23:C>A,100021798|F|0-27:T>C-27:T>C,15838578.0,18732658.0,0.05077437435369631
100049389|F|0-23:C>A-23:C>A,100017716|F|0-8:C>T-8:C>T,15838578.0,18851585.0,0.03876785028397559
100038568|F|0-15:C>T-15:C>T,100018705|F|0-34:T>C-34:T>C,15839422.0,15915251.0,0.5182495064291046
100038568|F|0-15:C>T-15:C>T,100019856|F|0-16:C>T-16:C>T,15839422.0,15948596.0,0.13164572076778422
100038568|F|0-15:C>T-15:C>T,100034716|F|0-53:A>G-53:A>G,15839422.0,15958067.0,0.41506291845763155
100038568|F|0-15:C>T-15:C>T,100021071|F|0-60:A>G-60:A>G,15839422.0,15967627.0,0.4316505627945402
100038568|F|0-15:C>T-15:C>T,100020211|F|0-33:C>A-33:C>A,15839422.0,15977146.0,0.5931844356496135
100038568|F|0-15:C>T-15:C>T,100013484|F|0-22:G>A-22:G>A,15839422.0,16177456.0,0.060134686066000954
100038568|F|0-15:C>T-15:C>T,100021316|F|0-63:C>A-63:C>A,15839422.0,16179198.0,0.044229566528544595
100038568|F|0-15:C>T-15:C>T,100017187|F|0-41:T>C-41:T>C,15839422.0,16245982.0,0.13381945344917018
100038568|F|0-15:C>T-15:C>T,100029840|F|0-31:T>C-31:T>C,15839422.0,16252498.0,0.23301529952376115
100038568|F|0-15:C>T-15:C>T,100013453|F|0-6:G>A-6:G>A,15839422.0,16307679.0,0.01355820845861619
100038568|F|0-15:C>T-15:C>T,100016783|F|0-52:G>T-52:G>T,15839422.0,16317524.0,0.009658062455373208
100038568|F|0-15:C>T-15:C>T,100014400|F|0-16:A>T-16:A>T,15839422.0,16381041.0,0.0010980656447505776
100038568|F|0-15:C>T-15:C>T,100016625|F|0-16:T>C-16:T>C,15839422.0,16411184.0,0.0010980656447505768
100038568|F|0-15:C>T-15:C>T,100015226|F|0-25:T>A-25:T>A,15839422.0,16581877.0,0.16407962393680775
100038568|F|0-15:C>T-15:C>T,100017539|F|0-11:A>T-11:A>T,15839422.0,16662610.0,0.004941793453204235
100038568|F|0-15:C>T-15:C>T,100033601|F|0-15:C>A-15:C>A,15839422.0,16769146.0,0.3052720225740122
100038568|F|0-15:C>T-15:C>T,100039949|F|0-62:A>T-62:A>T,15839422.0,16793350.0,0.3103079924916022
100038568|F|0-15:C>T-15:C>T,100035334|F|0-35:T>C-35:T>C,15839422.0,16832622.0,0.5068118894842375
100038568|F|0-15:C>T-15:C>T,100021345|F|0-28:C>T-28:C>T,15839422.0,16899147.0,0.3022132497893509
100038568|F|0-15:C>T-15:C>T,100022139|F|0-65:T>C-65:T>C,15839422.0,16965771.0,0.31352007225850553
100038568|F|0-15:C>T-15:C>T,100044804|F|0-53:G>C-53:G>C,15839422.0,16968917.0,0.27379040513632313
100038568|F|0-15:C>T-15:C>T,100030290|F|0-11:A>C-11:A>C,15839422.0,16971407.0,0.31352007225850553
100038568|F|0-15:C>T-15:C>T,100017336|F|0-39:A>G-39:A>G,15839422.0,16987827.0,0.2527532617274976
100038568|F|0-15:C>T-15:C>T,100029568|F|0-9:T>G-9:T>G,15839422.0,16988131.0,0.2434972733301679
100038568|F|0-15:C>T-15:C>T,100034247|F|0-37:G>C-37:G>C,15839422.0,16999534.0,0.27438153763627476
100038568|F|0-15:C>T-15:C>T,100012983|F|0-45:A>T-45:A>T,15839422.0,17017248.0,0.13164572076778425
100038568|F|0-15:C>T-15:C>T,100020033|F|0-7:G>A-7:G>A,15839422.0,17020316.0,0.09382474981693928
100038568|F|0-15:C>T-15:C>T,100018782|F|0-63:C>T-63:C>T,15839422.0,17424649.0,0.15224138880522212
100038568|F|0-15:C>T-15:C>T,100019630|F|0-24:A>T-24:A>T,15839422.0,17521232.0,0.2733305416162621
100038568|F|0-15:C>T-15:C>T,100021757|F|0-47:G>A-47:G>A,15839422.0,17521694.0,0.29487524923209557
100038568|F|0-15:C>T-15:C>T,100038944|F|0-45:C>T-45:C>T,15839422.0,17607936.0,0.1689023128532039
100038568|F|0-15:C>T-15:C>T,100047378|F|0-35:C>T-35:C>T,15839422.0,17706505.0,0.16815234368837104
100038568|F|0-15:C>T-15:C>T,100029543|F|0-46:T>C-46:T>C,15839422.0,18278899.0,0.005552064616367816
100038568|F|0-15:C>T-15:C>T,100021798|F|0-27:T>C-27:T>C,15839422.0,18732658.0,0.0396846390151997
100038568|F|0-15:C>T-15:C>T,100017716|F|0-8:C>T-8:C>T,15839422.0,18851585.0,0.04176836709787648
100018705|F|0-34:T>C-34:T>C,100019856|F|0-16:C>T-16:C>T,15915251.0,15948596.0,0.11292087063919956
100018705|F|0-34:T>C-34:T>C,100034716|F|0-53:A>G-53:A>G,15915251.0,15958067.0,0.6445672307286598
100018705|F|0-34:T>C-34:T>C,100021071|F|0-60:A>G-60:A>G,15915251.0,15967627.0,0.6617734219946838
100018705|F|0-34:T>C-34:T>C,100020211|F|0-33:C>A-33:C>A,15915251.0,15977146.0,0.7626030556859106
100018705|F|0-34:T>C-34:T>C,100013484|F|0-22:G>A-22:G>A,15915251.0,16177456.0,0.027883854330839085
100018705|F|0-34:T>C-34:T>C,100021316|F|0-63:C>A-63:C>A,15915251.0,16179198.0,0.01613127441283846
100018705|F|0-34:T>C-34:T>C,100017187|F|0-41:T>C-41:T>C,15915251.0,16245982.0,0.055497405119714745
100018705|F|0-34:T>C-34:T>C,100029840|F|0-31:T>C-31:T>C,15915251.0,16252498.0,0.11713082627375307
100018705|F|0-34:T>C-34:T>C,100013453|F|0-6:G>A-6:G>A,15915251.0,16307679.0,0.014627676739327496
100018705|F|0-34:T>C-34:T>C,100016783|F|0-52:G>T-52:G>T,15915251.0,16317524.0,0.012173484543862063
100018705|F|0-34:T>C-34:T>C,100014400|F|0-16:A>T-16:A>T,15915251.0,16381041.0,0.017494078804279754
100018705|F|0-34:T>C-34:T>C,100016625|F|0-16:T>C-16:T>C,15915251.0,16411184.0,0.017494078804279754
100018705|F|0-34:T>C-34:T>C,100015226|F|0-25:T>A-25:T>A,15915251.0,16581877.0,0.04633899905731096
100018705|F|0-34:T>C-34:T>C,100017539|F|0-11:A>T-11:A>T,15915251.0,16662610.0,0.0021133922899927338
100018705|F|0-34:T>C-34:T>C,100033601|F|0-15:C>A-15:C>A,15915251.0,16769146.0,0.1502851894345818
100018705|F|0-34:T>C-34:T>C,100039949|F|0-62:A>T-62:A>T,15915251.0,16793350.0,0.12963030347136315
100018705|F|0-34:T>C-34:T>C,100035334|F|0-35:T>C-35:T>C,15915251.0,16832622.0,0.21759191677840856
100018705|F|0-34:T>C-34:T>C,100021345|F|0-28:C>T-28:C>T,15915251.0,16899147.0,0.13108625471607913
100018705|F|0-34:T>C-34:T>C,100022139|F|0-65:T>C-65:T>C,15915251.0,16965771.0,0.23159405165991945
100018705|F|0-34:T>C-34:T>C,100044804|F|0-53:G>C-53:G>C,15915251.0,16968917.0,0.18564030669995168
100018705|F|0-34:T>C-34:T>C,100030290|F|0-11:A>C-11:A>C,15915251.0,16971407.0,0.23159405165991945
100018705|F|0-34:T>C-34:T>C,100017336|F|0-39:A>G-39:A>G,15915251.0,16987827.0,0.2837594636129152
100018705|F|0-34:T>C-34:T>C,100029568|F|0-9:T>G-9:T>G,15915251.0,16988131.0,0.22782298659102704
100018705|F|0-34:T>C-34:T>C,100034247|F|0-37:G>C-37:G>C,15915251.0,16999534.0,0.21694461177753882
100018705|F|0-34:T>C-34:T>C,100012983|F|0-45:A>T-45:A>T,15915251.0,17017248.0,0.030056952909399352
100018705|F|0-34:T>C-34:T>C,100020033|F|0-7:G>A-7:G>A,15915251.0,17020316.0,0.11496359114200931
100018705|F|0-34:T>C-34:T>C,100018782|F|0-63:C>T-63:C>T,15915251.0,17424649.0,0.038175918633396144
100018705|F|0-34:T>C-34:T>C,100019630|F|0-24:A>T-24:A>T,15915251.0,17521232.0,0.14676382212749597
100018705|F|0-34:T>C-34:T>C,100021757|F|0-47:G>A-47:G>A,15915251.0,17521694.0,0.15841608722403422
100018705|F|0-34:T>C-34:T>C,100038944|F|0-45:C>T-45:C>T,15915251.0,17607936.0,0.07395216390947183
100018705|F|0-34:T>C-34:T>C,100047378|F|0-35:C>T-35:C>T,15915251.0,17706505.0,0.07422111825424292
100018705|F|0-34:T>C-34:T>C,100029543|F|0-46:T>C-46:T>C,15915251.0,18278899.0,0.023661012776544622
100018705|F|0-34:T>C-34:T>C,100021798|F|0-27:T>C-27:T>C,15915251.0,18732658.0,0.015532355229536037
100018705|F|0-34:T>C-34:T>C,100017716|F|0-8:C>T-8:C>T,15915251.0,18851585.0,0.0019178328488807616
100019856|F|0-16:C>T-16:C>T,100034716|F|0-53:A>G-53:A>G,15948596.0,15958067.0,0.005830445010228517
100019856|F|0-16:C>T-16:C>T,100021071|F|0-60:A>G-60:A>G,15948596.0,15967627.0,0.00164800286467659
100019856|F|0-16:C>T-16:C>T,100020211|F|0-33:C>A-33:C>A,15948596.0,15977146.0,0.07687330435838956
100019856|F|0-16:C>T-16:C>T,100013484|F|0-22:G>A-22:G>A,15948596.0,16177456.0,0.01700606232109626
100019856|F|0-16:C>T-16:C>T,100021316|F|0-63:C>A-63:C>A,15948596.0,16179198.0,0.022280867666499945
100019856|F|0-16:C>T-16:C>T,100017187|F|0-41:T>C-41:T>C,15948596.0,16245982.0,0.007284172661870486
100019856|F|0-16:C>T-16:C>T,100029840|F|0-31:T>C-31:T>C,15948596.0,16252498.0,0.006889284319606442
100019856|F|0-16:C>T-16:C>T,100013453|F|0-6:G>A-6:G>A,15948596.0,16307679.0,0.010905206840938183
100019856|F|0-16:C>T-16:C>T,100016783|F|0-52:G>T-52:G>T,15948596.0,16317524.0,0.013872121228831708
100019856|F|0-16:C>T-16:C>T,100014400|F|0-16:A>T-16:A>T,15948596.0,16381041.0,0.01800484060363968
100019856|F|0-16:C>T-16:C>T,100016625|F|0-16:T>C-16:T>C,15948596.0,16411184.0,0.018004840603639674
100019856|F|0-16:C>T-16:C>T,100015226|F|0-25:T>A-25:T>A,15948596.0,16581877.0,0.07495399029613524
100019856|F|0-16:C>T-16:C>T,100017539|F|0-11:A>T-11:A>T,15948596.0,16662610.0,0.0002537652417748352
100019856|F|0-16:C>T-16:C>T,100033601|F|0-15:C>A-15:C>A,15948596.0,16769146.0,0.05760529620290679
100019856|F|0-16:C>T-16:C>T,100039949|F|0-62:A>T-62:A>T,15948596.0,16793350.0,0.04068174032202807
100019856|F|0-16:C>T-16:C>T,100035334|F|0-35:T>C-35:T>C,15948596.0,16832622.0,0.06828663990983477
100019856|F|0-16:C>T-16:C>T,100021345|F|0-28:C>T-28:C>T,15948596.0,16899147.0,0.04393467984233301
100019856|F|0-16:C>T-16:C>T,100022139|F|0-65:T>C-65:T>C,15948596.0,16965771.0,0.03727478350326574
100019856|F|0-16:C>T-16:C>T,100044804|F|0-53:G>C-53:G>C,15948596.0,16968917.0,0.019682216988562186
100019856|F|0-16:C>T-16:C>T,100030290|F|0-11:A>C-11:A>C,15948596.0,16971407.0,0.03727478350326574
100019856|F|0-16:C>T-16:C>T,100017336|F|0-39:A>G-39:A>G,15948596.0,16987827.0,0.02335877273136761
100019856|F|0-16:C>T-16:C>T,100029568|F|0-9:T>G-9:T>G,15948596.0,16988131.0,0.03807278151560815
100019856|F|0-16:C>T-16:C>T,100034247|F|0-37:G>C-37:G>C,15948596.0,16999534.0,0.0395273135104083
100019856|F|0-16:C>T-16:C>T,100012983|F|0-45:A>T-45:A>T,15948596.0,17017248.0,0.012434656591273713
100019856|F|0-16:C>T-16:C>T,100020033|F|0-7:G>A-7:G>A,15948596.0,17020316.0,0.011887431231485399
100019856|F|0-16:C>T-16:C>T,100018782|F|0-63:C>T-63:C>T,15948596.0,17424649.0,0.019729611760212654
100019856|F|0-16:C>T-16:C>T,100019630|F|0-24:A>T-24:A>T,15948596.0,17521232.0,0.0067049221243820605
100019856|F|0-16:C>T-16:C>T,100021757|F|0-47:G>A-47:G>A,15948596.0,17521694.0,0.008876016070260657
100019856|F|0-16:C>T-16:C>T,100038944|F|0-45:C>T-45:C>T,15948596.0,17607936.0,0.00019007251266358054
100019856|F|0-16:C>T-16:C>T,100047378|F|0-35:C>T-35:C>T,15948596.0,17706505.0,0.006231706649889174
100019856|F|0-16:C>T-16:C>T,100029543|F|0-46:T>C-46:T>C,15948596.0,18278899.0,0.005464936086844803
100019856|F|0-16:C>T-16:C>T,100021798|F|0-27:T>C-27:T>C,15948596.0,18732658.0,0.0023948883503051
100019856|F|0-16:C>T-16:C>T,100017716|F|0-8:C>T-8:C>T,15948596.0,18851585.0,0.08939906898010992
100034716|F|0-53:A>G-53:A>G,100021071|F|0-60:A>G-60:A>G,15958067.0,15967627.0,0.9737211421088536
100034716|F|0-53:A>G-53:A>G,100020211|F|0-33:C>A-33:C>A,15958067.0,15977146.0,0.7257728557914581
100034716|F|0-53:A>G-53:A>G,100013484|F|0-22:G>A-22:G>A,15958067.0,16177456.0,0.022150809927004314
100034716|F|0-53:A>G-53:A>G,100021316|F|0-63:C>A-63:C>A,15958067.0,16179198.0,0.007086986948310081
100034716|F|0-53:A>G-53:A>G,100017187|F|0-41:T>C-41:T>C,15958067.0,16245982.0,0.05892456533931585
100034716|F|0-53:A>G-53:A>G,100029840|F|0-31:T>C-31:T>C,15958067.0,16252498.0,0.11449802132369344
100034716|F|0-53:A>G-53:A>G,100013453|F|0-6:G>A-6:G>A,15958067.0,16307679.0,0.010736712598509508
100034716|F|0-53:A>G-53:A>G,100016783|F|0-52:G>T-52:G>T,15958067.0,16317524.0,0.007457239285722628
100034716|F|0-53:A>G-53:A>G,100014400|F|0-16:A>T-16:A>T,15958067.0,16381041.0,0.03854022047939092
100034716|F|0-53:A>G-53:A>G,100016625|F|0-16:T>C-16:T>C,15958067.0,16411184.0,0.03854022047939092
100034716|F|0-53:A>G-53:A>G,100015226|F|0-25:T>A-25:T>A,15958067.0,16581877.0,0.018036718137149858
100034716|F|0-53:A>G-53:A>G,100017539|F|0-11:A>T-11:A>T,15958067.0,16662610.0,0.002884384264081398
100034716|F|0-53:A>G-53:A>G,100033601|F|0-15:C>A-15:C>A,15958067.0,16769146.0,0.09479666931827142
100034716|F|0-53:A>G-53:A>G,100039949|F|0-62:A>T-62:A>T,15958067.0,16793350.0,0.09133883502924439
100034716|F|0-53:A>G-53:A>G,100035334|F|0-35:T>C-35:T>C,15958067.0,16832622.0,0.1605884625842737
100034716|F|0-53:A>G-53:A>G,100021345|F|0-28:C>T-28:C>T,15958067.0,16899147.0,0.0917671393084537
100034716|F|0-53:A>G-53:A>G,100022139|F|0-65:T>C-65:T>C,15958067.0,16965771.0,0.23196579074434137
100034716|F|0-53:A>G-53:A>G,100044804|F|0-53:G>C-53:G>C,15958067.0,16968917.0,0.15953694566482834
100034716|F|0-53:A>G-53:A>G,100030290|F|0-11:A>C-11:A>C,15958067.0,16971407.0,0.23196579074434137
100034716|F|0-53:A>G-53:A>G,100017336|F|0-39:A>G-39:A>G,15958067.0,16987827.0,0.29456703826070924
100034716|F|0-53:A>G-53:A>G,100029568|F|0-9:T>G-9:T>G,15958067.0,16988131.0,0.19190119305318165
100034716|F|0-53:A>G-53:A>G,100034247|F|0-37:G>C-37:G>C,15958067.0,16999534.0,0.18079075462975766
100034716|F|0-53:A>G-53:A>G,100012983|F|0-45:A>T-45:A>T,15958067.0,17017248.0,0.018767375331366968
100034716|F|0-53:A>G-53:A>G,100020033|F|0-7:G>A-7:G>A,15958067.0,17020316.0,0.13872851440071274
100034716|F|0-53:A>G-53:A>G,100018782|F|0-63:C>T-63:C>T,15958067.0,17424649.0,0.03413057837078114
100034716|F|0-53:A>G-53:A>G,100019630|F|0-24:A>T-24:A>T,15958067.0,17521232.0,0.13313001434730945
100034716|F|0-53:A>G-53:A>G,100021757|F|0-47:G>A-47:G>A,15958067.0,17521694.0,0.14171358646961565
100034716|F|0-53:A>G-53:A>G,100038944|F|0-45:C>T-45:C>T,15958067.0,17607936.0,0.13131579551777342
100034716|F|0-53:A>G-53:A>G,100047378|F|0-35:C>T-35:C>T,15958067.0,17706505.0,0.09903471527672633
100034716|F|0-53:A>G-53:A>G,100029543|F|0-46:T>C-46:T>C,15958067.0,18278899.0,0.02524336992228181
100034716|F|0-53:A>G-53:A>G,100021798|F|0-27:T>C-27:T>C,15958067.0,18732658.0,0.009087154685508123
100034716|F|0-53:A>G-53:A>G,100017716|F|0-8:C>T-8:C>T,15958067.0,18851585.0,0.006466299363267443
100021071|F|0-60:A>G-60:A>G,100020211|F|0-33:C>A-33:C>A,15967627.0,15977146.0,0.7434323346888208
100021071|F|0-60:A>G-60:A>G,100013484|F|0-22:G>A-22:G>A,15967627.0,16177456.0,0.01913846170959949
100021071|F|0-60:A>G-60:A>G,100021316|F|0-63:C>A-63:C>A,15967627.0,16179198.0,0.005328731630298381
100021071|F|0-60:A>G-60:A>G,100017187|F|0-41:T>C-41:T>C,15967627.0,16245982.0,0.0530812535350679
100021071|F|0-60:A>G-60:A>G,100029840|F|0-31:T>C-31:T>C,15967627.0,16252498.0,0.10592535139405514
100021071|F|0-60:A>G-60:A>G,100013453|F|0-6:G>A-6:G>A,15967627.0,16307679.0,0.011822962016643582
100021071|F|0-60:A>G-60:A>G,100016783|F|0-52:G>T-52:G>T,15967627.0,16317524.0,0.008398600599353927
100021071|F|0-60:A>G-60:A>G,100014400|F|0-16:A>T-16:A>T,15967627.0,16381041.0,0.03149370047377466
100021071|F|0-60:A>G-60:A>G,100016625|F|0-16:T>C-16:T>C,15967627.0,16411184.0,0.03149370047377464
100021071|F|0-60:A>G-60:A>G,100015226|F|0-25:T>A-25:T>A,15967627.0,16581877.0,0.02255866568452067
100021071|F|0-60:A>G-60:A>G,100017539|F|0-11:A>T-11:A>T,15967627.0,16662610.0,0.0037118836138443955
100021071|F|0-60:A>G-60:A>G,100033601|F|0-15:C>A-15:C>A,15967627.0,16769146.0,0.09576007565475375
100021071|F|0-60:A>G-60:A>G,100039949|F|0-62:A>T-62:A>T,15967627.0,16793350.0,0.09211376858435677
100021071|F|0-60:A>G-60:A>G,100035334|F|0-35:T>C-35:T>C,15967627.0,16832622.0,0.16443289155847796
100021071|F|0-60:A>G-60:A>G,100021345|F|0-28:C>T-28:C>T,15967627.0,16899147.0,0.09286264378651533
100021071|F|0-60:A>G-60:A>G,100022139|F|0-65:T>C-65:T>C,15967627.0,16965771.0,0.23367934296072107
100021071|F|0-60:A>G-60:A>G,100044804|F|0-53:G>C-53:G>C,15967627.0,16968917.0,0.16948791693361873
100021071|F|0-60:A>G-60:A>G,100030290|F|0-11:A>C-11:A>C,15967627.0,16971407.0,0.23367934296072107
100021071|F|0-60:A>G-60:A>G,100017336|F|0-39:A>G-39:A>G,15967627.0,16987827.0,0.2802192863522182
100021071|F|0-60:A>G-60:A>G,100029568|F|0-9:T>G-9:T>G,15967627.0,16988131.0,0.192443597724852
100021071|F|0-60:A>G-60:A>G,100034247|F|0-37:G>C-37:G>C,15967627.0,16999534.0,0.18149065344183812
100021071|F|0-60:A>G-60:A>G,100012983|F|0-45:A>T-45:A>T,15967627.0,17017248.0,0.030157435137862544
100021071|F|0-60:A>G-60:A>G,100020033|F|0-7:G>A-7:G>A,15967627.0,17020316.0,0.14087203886079316
100021071|F|0-60:A>G-60:A>G,100018782|F|0-63:C>T-63:C>T,15967627.0,17424649.0,0.04567108533554261
100021071|F|0-60:A>G-60:A>G,100019630|F|0-24:A>T-24:A>T,15967627.0,17521232.0,0.14233185900419423
100021071|F|0-60:A>G-60:A>G,100021757|F|0-47:G>A-47:G>A,15967627.0,17521694.0,0.15198771816418813
100021071|F|0-60:A>G-60:A>G,100038944|F|0-45:C>T-45:C>T,15967627.0,17607936.0,0.1280626669934309
100021071|F|0-60:A>G-60:A>G,100047378|F|0-35:C>T-35:C>T,15967627.0,17706505.0,0.093267859754314
100021071|F|0-60:A>G-60:A>G,100029543|F|0-46:T>C-46:T>C,15967627.0,18278899.0,0.02150110344618617
100021071|F|0-60:A>G-60:A>G,100021798|F|0-27:T>C-27:T>C,15967627.0,18732658.0,0.019747802326912516
100021071|F|0-60:A>G-60:A>G,100017716|F|0-8:C>T-8:C>T,15967627.0,18851585.0,0.005622837370242214
100020211|F|0-33:C>A-33:C>A,100013484|F|0-22:G>A-22:G>A,15977146.0,16177456.0,0.01483774725882949
100020211|F|0-33:C>A-33:C>A,100021316|F|0-63:C>A-63:C>A,15977146.0,16179198.0,0.0032929863683728686
100020211|F|0-33:C>A-33:C>A,100017187|F|0-41:T>C-41:T>C,15977146.0,16245982.0,0.04573903611632274
100020211|F|0-33:C>A-33:C>A,100029840|F|0-31:T>C-31:T>C,15977146.0,16252498.0,0.09943616393570004
100020211|F|0-33:C>A-33:C>A,100013453|F|0-6:G>A-6:G>A,15977146.0,16307679.0,0.01551769390951265
100020211|F|0-33:C>A-33:C>A,100016783|F|0-52:G>T-52:G>T,15977146.0,16317524.0,0.01217786663525525
100020211|F|0-33:C>A-33:C>A,100014400|F|0-16:A>T-16:A>T,15977146.0,16381041.0,0.02686960332923693
100020211|F|0-33:C>A-33:C>A,100016625|F|0-16:T>C-16:T>C,15977146.0,16411184.0,0.026869603329236925
100020211|F|0-33:C>A-33:C>A,100015226|F|0-25:T>A-25:T>A,15977146.0,16581877.0,0.06102430609662602
100020211|F|0-33:C>A-33:C>A,100017539|F|0-11:A>T-11:A>T,15977146.0,16662610.0,0.0087761530850962
100020211|F|0-33:C>A-33:C>A,100033601|F|0-15:C>A-15:C>A,15977146.0,16769146.0,0.1556081933520106
100020211|F|0-33:C>A-33:C>A,100039949|F|0-62:A>T-62:A>T,15977146.0,16793350.0,0.11935473063521852
100020211|F|0-33:C>A-33:C>A,100035334|F|0-35:T>C-35:T>C,15977146.0,16832622.0,0.24333508206991944
100020211|F|0-33:C>A-33:C>A,100021345|F|0-28:C>T-28:C>T,15977146.0,16899147.0,0.13719562738565083
100020211|F|0-33:C>A-33:C>A,100022139|F|0-65:T>C-65:T>C,15977146.0,16965771.0,0.2571155821555959
100020211|F|0-33:C>A-33:C>A,100044804|F|0-53:G>C-53:G>C,15977146.0,16968917.0,0.19857985804061606
100020211|F|0-33:C>A-33:C>A,100030290|F|0-11:A>C-11:A>C,15977146.0,16971407.0,0.2571155821555959
100020211|F|0-33:C>A-33:C>A,100017336|F|0-39:A>G-39:A>G,15977146.0,16987827.0,0.29932343951552876
100020211|F|0-33:C>A-33:C>A,100029568|F|0-9:T>G-9:T>G,15977146.0,16988131.0,0.2287281839216469
100020211|F|0-33:C>A-33:C>A,100034247|F|0-37:G>C-37:G>C,15977146.0,16999534.0,0.2384667302361821
100020211|F|0-33:C>A-33:C>A,100012983|F|0-45:A>T-45:A>T,15977146.0,17017248.0,0.03968729331731622
100020211|F|0-33:C>A-33:C>A,100020033|F|0-7:G>A-7:G>A,15977146.0,17020316.0,0.12168772762388294
100020211|F|0-33:C>A-33:C>A,100018782|F|0-63:C>T-63:C>T,15977146.0,17424649.0,0.061012325214092944
100020211|F|0-33:C>A-33:C>A,100019630|F|0-24:A>T-24:A>T,15977146.0,17521232.0,0.16229977881032623
100020211|F|0-33:C>A-33:C>A,100021757|F|0-47:G>A-47:G>A,15977146.0,17521694.0,0.154191844740625
100020211|F|0-33:C>A-33:C>A,100038944|F|0-45:C>T-45:C>T,15977146.0,17607936.0,0.10903874655807842
100020211|F|0-33:C>A-33:C>A,100047378|F|0-35:C>T-35:C>T,15977146.0,17706505.0,0.09933014217536154
100020211|F|0-33:C>A-33:C>A,100029543|F|0-46:T>C-46:T>C,15977146.0,18278899.0,0.007608929513702766
100020211|F|0-33:C>A-33:C>A,100021798|F|0-27:T>C-27:T>C,15977146.0,18732658.0,0.017912405098392894
100020211|F|0-33:C>A-33:C>A,100017716|F|0-8:C>T-8:C>T,15977146.0,18851585.0,0.01865136298421807
100013484|F|0-22:G>A-22:G>A,100021316|F|0-63:C>A-63:C>A,16177456.0,16179198.0,0.8409961965072009
100013484|F|0-22:G>A-22:G>A,100017187|F|0-41:T>C-41:T>C,16177456.0,16245982.0,0.5113464447806348
100013484|F|0-22:G>A-22:G>A,100029840|F|0-31:T>C-31:T>C,16177456.0,16252498.0,0.3724342981374131
100013484|F|0-22:G>A-22:G>A,100013453|F|0-6:G>A-6:G>A,16177456.0,16307679.0,2.925035797049977e-05
100013484|F|0-22:G>A-22:G>A,100016783|F|0-52:G>T-52:G>T,16177456.0,16317524.0,0.003495381144657461
100013484|F|0-22:G>A-22:G>A,100014400|F|0-16:A>T-16:A>T,16177456.0,16381041.0,0.12629949007044577
100013484|F|0-22:G>A-22:G>A,100016625|F|0-16:T>C-16:T>C,16177456.0,16411184.0,0.1262994900704458
100013484|F|0-22:G>A-22:G>A,100015226|F|0-25:T>A-25:T>A,16177456.0,16581877.0,0.1346023843868899
100013484|F|0-22:G>A-22:G>A,100017539|F|0-11:A>T-11:A>T,16177456.0,16662610.0,0.0029470072334419426
100013484|F|0-22:G>A-22:G>A,100033601|F|0-15:C>A-15:C>A,16177456.0,16769146.0,0.055788545170212644
100013484|F|0-22:G>A-22:G>A,100039949|F|0-62:A>T-62:A>T,16177456.0,16793350.0,0.05475109862401845
100013484|F|0-22:G>A-22:G>A,100035334|F|0-35:T>C-35:T>C,16177456.0,16832622.0,0.11470469484726849
100013484|F|0-22:G>A-22:G>A,100021345|F|0-28:C>T-28:C>T,16177456.0,16899147.0,0.03686543956967545
100013484|F|0-22:G>A-22:G>A,100022139|F|0-65:T>C-65:T>C,16177456.0,16965771.0,0.0368732598784082
100013484|F|0-22:G>A-22:G>A,100044804|F|0-53:G>C-53:G>C,16177456.0,16968917.0,0.14063876703973732
100013484|F|0-22:G>A-22:G>A,100030290|F|0-11:A>C-11:A>C,16177456.0,16971407.0,0.0368732598784082
100013484|F|0-22:G>A-22:G>A,100017336|F|0-39:A>G-39:A>G,16177456.0,16987827.0,0.07656493432097702
100013484|F|0-22:G>A-22:G>A,100029568|F|0-9:T>G-9:T>G,16177456.0,16988131.0,0.028435546638871007
100013484|F|0-22:G>A-22:G>A,100034247|F|0-37:G>C-37:G>C,16177456.0,16999534.0,0.04130171412647553
100013484|F|0-22:G>A-22:G>A,100012983|F|0-45:A>T-45:A>T,16177456.0,17017248.0,0.00033331882149348547
100013484|F|0-22:G>A-22:G>A,100020033|F|0-7:G>A-7:G>A,16177456.0,17020316.0,0.06204725460532168
100013484|F|0-22:G>A-22:G>A,100018782|F|0-63:C>T-63:C>T,16177456.0,17424649.0,0.014171582503282229
100013484|F|0-22:G>A-22:G>A,100019630|F|0-24:A>T-24:A>T,16177456.0,17521232.0,0.10896742057949052
100013484|F|0-22:G>A-22:G>A,100021757|F|0-47:G>A-47:G>A,16177456.0,17521694.0,0.1310759966206258
100013484|F|0-22:G>A-22:G>A,100038944|F|0-45:C>T-45:C>T,16177456.0,17607936.0,0.008923521664664834
100013484|F|0-22:G>A-22:G>A,100047378|F|0-35:C>T-35:C>T,16177456.0,17706505.0,0.011145293454438794
100013484|F|0-22:G>A-22:G>A,100029543|F|0-46:T>C-46:T>C,16177456.0,18278899.0,0.029197255916360545
100013484|F|0-22:G>A-22:G>A,100021798|F|0-27:T>C-27:T>C,16177456.0,18732658.0,0.020549504342168075
100013484|F|0-22:G>A-22:G>A,100017716|F|0-8:C>T-8:C>T,16177456.0,18851585.0,0.1180141496840794
100021316|F|0-63:C>A-63:C>A,100017187|F|0-41:T>C-41:T>C,16179198.0,16245982.0,0.581300004301446
100021316|F|0-63:C>A-63:C>A,100029840|F|0-31:T>C-31:T>C,16179198.0,16252498.0,0.38821942213993965
100021316|F|0-63:C>A-63:C>A,100013453|F|0-6:G>A-6:G>A,16179198.0,16307679.0,0.01011966763480338
100021316|F|0-63:C>A-63:C>A,100016783|F|0-52:G>T-52:G>T,16179198.0,16317524.0,0.0014769591977274097
100021316|F|0-63:C>A-63:C>A,100014400|F|0-16:A>T-16:A>T,16179198.0,16381041.0,0.19131173049198033
100021316|F|0-63:C>A-63:C>A,100016625|F|0-16:T>C-16:T>C,16179198.0,16411184.0,0.1913117304919803
100021316|F|0-63:C>A-63:C>A,100015226|F|0-25:T>A-25:T>A,16179198.0,16581877.0,0.18730864999211214
100021316|F|0-63:C>A-63:C>A,100017539|F|0-11:A>T-11:A>T,16179198.0,16662610.0,0.0008205367232667073
100021316|F|0-63:C>A-63:C>A,100033601|F|0-15:C>A-15:C>A,16179198.0,16769146.0,0.07843396635364008
100021316|F|0-63:C>A-63:C>A,100039949|F|0-62:A>T-62:A>T,16179198.0,16793350.0,0.07783567659686039
100021316|F|0-63:C>A-63:C>A,100035334|F|0-35:T>C-35:T>C,16179198.0,16832622.0,0.12902361577066462
100021316|F|0-63:C>A-63:C>A,100021345|F|0-28:C>T-28:C>T,16179198.0,16899147.0,0.05731601680233523
100021316|F|0-63:C>A-63:C>A,100022139|F|0-65:T>C-65:T>C,16179198.0,16965771.0,0.04404486175719378
100021316|F|0-63:C>A-63:C>A,100044804|F|0-53:G>C-53:G>C,16179198.0,16968917.0,0.11428616991983727
100021316|F|0-63:C>A-63:C>A,100030290|F|0-11:A>C-11:A>C,16179198.0,16971407.0,0.04404486175719378
100021316|F|0-63:C>A-63:C>A,100017336|F|0-39:A>G-39:A>G,16179198.0,16987827.0,0.13263625809041077
100021316|F|0-63:C>A-63:C>A,100029568|F|0-9:T>G-9:T>G,16179198.0,16988131.0,0.033363607580354226
100021316|F|0-63:C>A-63:C>A,100034247|F|0-37:G>C-37:G>C,16179198.0,16999534.0,0.03633414659180159
100021316|F|0-63:C>A-63:C>A,100012983|F|0-45:A>T-45:A>T,16179198.0,17017248.0,0.0015844172562844404
100021316|F|0-63:C>A-63:C>A,100020033|F|0-7:G>A-7:G>A,16179198.0,17020316.0,0.07230678919881792
100021316|F|0-63:C>A-63:C>A,100018782|F|0-63:C>T-63:C>T,16179198.0,17424649.0,0.015569274613214786
100021316|F|0-63:C>A-63:C>A,100019630|F|0-24:A>T-24:A>T,16179198.0,17521232.0,0.14556750593458104
100021316|F|0-63:C>A-63:C>A,100021757|F|0-47:G>A-47:G>A,16179198.0,17521694.0,0.14778872194563877
100021316|F|0-63:C>A-63:C>A,100038944|F|0-45:C>T-45:C>T,16179198.0,17607936.0,0.013310955968655908
100021316|F|0-63:C>A-63:C>A,100047378|F|0-35:C>T-35:C>T,16179198.0,17706505.0,0.032679371903940685
100021316|F|0-63:C>A-63:C>A,100029543|F|0-46:T>C-46:T>C,16179198.0,18278899.0,0.04348770785198104
100021316|F|0-63:C>A-63:C>A,100021798|F|0-27:T>C-27:T>C,16179198.0,18732658.0,0.01542895776496214
100021316|F|0-63:C>A-63:C>A,100017716|F|0-8:C>T-8:C>T,16179198.0,18851585.0,0.061576454394558826
100017187|F|0-41:T>C-41:T>C,100029840|F|0-31:T>C-31:T>C,16245982.0,16252498.0,0.7506382904308904
100017187|F|0-41:T>C-41:T>C,100013453|F|0-6:G>A-6:G>A,16245982.0,16307679.0,0.0182771318815508
100017187|F|0-41:T>C-41:T>C,100016783|F|0-52:G>T-52:G>T,16245982.0,16317524.0,0.006087663204193419
100017187|F|0-41:T>C-41:T>C,100014400|F|0-16:A>T-16:A>T,16245982.0,16381041.0,0.12990021382751257
100017187|F|0-41:T>C-41:T>C,100016625|F|0-16:T>C-16:T>C,16245982.0,16411184.0,0.12990021382751257
100017187|F|0-41:T>C-41:T>C,100015226|F|0-25:T>A-25:T>A,16245982.0,16581877.0,0.08787375415282385
100017187|F|0-41:T>C-41:T>C,100017539|F|0-11:A>T-11:A>T,16245982.0,16662610.0,0.0009920634920634896
100017187|F|0-41:T>C-41:T>C,100033601|F|0-15:C>A-15:C>A,16245982.0,16769146.0,0.08686973561066909
100017187|F|0-41:T>C-41:T>C,100039949|F|0-62:A>T-62:A>T,16245982.0,16793350.0,0.08552827380952384
100017187|F|0-41:T>C-41:T>C,100035334|F|0-35:T>C-35:T>C,16245982.0,16832622.0,0.17443115291546368
100017187|F|0-41:T>C-41:T>C,100021345|F|0-28:C>T-28:C>T,16245982.0,16899147.0,0.06682718211206896
100017187|F|0-41:T>C-41:T>C,100022139|F|0-65:T>C-65:T>C,16245982.0,16965771.0,0.07651811949069526
100017187|F|0-41:T>C-41:T>C,100044804|F|0-53:G>C-53:G>C,16245982.0,16968917.0,0.06495326433189895
100017187|F|0-41:T>C-41:T>C,100030290|F|0-11:A>C-11:A>C,16245982.0,16971407.0,0.07651811949069526
100017187|F|0-41:T>C-41:T>C,100017336|F|0-39:A>G-39:A>G,16245982.0,16987827.0,0.09131820214669037
100017187|F|0-41:T>C-41:T>C,100029568|F|0-9:T>G-9:T>G,16245982.0,16988131.0,0.0688512419006481
100017187|F|0-41:T>C-41:T>C,100034247|F|0-37:G>C-37:G>C,16245982.0,16999534.0,0.07347281632868606
100017187|F|0-41:T>C-41:T>C,100012983|F|0-45:A>T-45:A>T,16245982.0,17017248.0,0.002478642086330934
100017187|F|0-41:T>C-41:T>C,100020033|F|0-7:G>A-7:G>A,16245982.0,17020316.0,0.10151654411764721
100017187|F|0-41:T>C-41:T>C,100018782|F|0-63:C>T-63:C>T,16245982.0,17424649.0,0.025748239436619715
100017187|F|0-41:T>C-41:T>C,100019630|F|0-24:A>T-24:A>T,16245982.0,17521232.0,0.23441304017042
100017187|F|0-41:T>C-41:T>C,100021757|F|0-47:G>A-47:G>A,16245982.0,17521694.0,0.27856128246753215
100017187|F|0-41:T>C-41:T>C,100038944|F|0-45:C>T-45:C>T,16245982.0,17607936.0,0.0034882760898282657
100017187|F|0-41:T>C-41:T>C,100047378|F|0-35:C>T-35:C>T,16245982.0,17706505.0,0.20158403635931568
100017187|F|0-41:T>C-41:T>C,100029543|F|0-46:T>C-46:T>C,16245982.0,18278899.0,0.013950892857142877
100017187|F|0-41:T>C-41:T>C,100021798|F|0-27:T>C-27:T>C,16245982.0,18732658.0,0.0043717751331558
100017187|F|0-41:T>C-41:T>C,100017716|F|0-8:C>T-8:C>T,16245982.0,18851585.0,0.035330882352941226
100029840|F|0-31:T>C-31:T>C,100013453|F|0-6:G>A-6:G>A,16252498.0,16307679.0,0.024284418139464692
100029840|F|0-31:T>C-31:T>C,100016783|F|0-52:G>T-52:G>T,16252498.0,16317524.0,0.010652094986490779
100029840|F|0-31:T>C-31:T>C,100014400|F|0-16:A>T-16:A>T,16252498.0,16381041.0,0.061759994671263654
100029840|F|0-31:T>C-31:T>C,100016625|F|0-16:T>C-16:T>C,16252498.0,16411184.0,0.061759994671263654
100029840|F|0-31:T>C-31:T>C,100015226|F|0-25:T>A-25:T>A,16252498.0,16581877.0,0.051593085536553215
100029840|F|0-31:T>C-31:T>C,100017539|F|0-11:A>T-11:A>T,16252498.0,16662610.0,0.005116316252298349
100029840|F|0-31:T>C-31:T>C,100033601|F|0-15:C>A-15:C>A,16252498.0,16769146.0,0.1615709595034484
100029840|F|0-31:T>C-31:T>C,100039949|F|0-62:A>T-62:A>T,16252498.0,16793350.0,0.16201668132278085
100029840|F|0-31:T>C-31:T>C,100035334|F|0-35:T>C-35:T>C,16252498.0,16832622.0,0.25728514732525853
100029840|F|0-31:T>C-31:T>C,100021345|F|0-28:C>T-28:C>T,16252498.0,16899147.0,0.13739502194435288
100029840|F|0-31:T>C-31:T>C,100022139|F|0-65:T>C-65:T>C,16252498.0,16965771.0,0.14784386583481648
100029840|F|0-31:T>C-31:T>C,100044804|F|0-53:G>C-53:G>C,16252498.0,16968917.0,0.14304131729074956
100029840|F|0-31:T>C-31:T>C,100030290|F|0-11:A>C-11:A>C,16252498.0,16971407.0,0.14784386583481648
100029840|F|0-31:T>C-31:T>C,100017336|F|0-39:A>G-39:A>G,16252498.0,16987827.0,0.14778777288700337
100029840|F|0-31:T>C-31:T>C,100029568|F|0-9:T>G-9:T>G,16252498.0,16988131.0,0.12793531637782324
100029840|F|0-31:T>C-31:T>C,100034247|F|0-37:G>C-37:G>C,16252498.0,16999534.0,0.13405009989765512
100029840|F|0-31:T>C-31:T>C,100012983|F|0-45:A>T-45:A>T,16252498.0,17017248.0,0.06425805075022217
100029840|F|0-31:T>C-31:T>C,100020033|F|0-7:G>A-7:G>A,16252498.0,17020316.0,0.044808914052470394
100029840|F|0-31:T>C-31:T>C,100018782|F|0-63:C>T-63:C>T,16252498.0,17424649.0,0.10241354285586105
100029840|F|0-31:T>C-31:T>C,100019630|F|0-24:A>T-24:A>T,16252498.0,17521232.0,0.3344915823723172
100029840|F|0-31:T>C-31:T>C,100021757|F|0-47:G>A-47:G>A,16252498.0,17521694.0,0.395226346121702
100029840|F|0-31:T>C-31:T>C,100038944|F|0-45:C>T-45:C>T,16252498.0,17607936.0,0.00044372279171678015
100029840|F|0-31:T>C-31:T>C,100047378|F|0-35:C>T-35:C>T,16252498.0,17706505.0,0.1854810354035587
100029840|F|0-31:T>C-31:T>C,100029543|F|0-46:T>C-46:T>C,16252498.0,18278899.0,0.04859946151271075
100029840|F|0-31:T>C-31:T>C,100021798|F|0-27:T>C-27:T>C,16252498.0,18732658.0,0.0001207120220977506
100029840|F|0-31:T>C-31:T>C,100017716|F|0-8:C>T-8:C>T,16252498.0,18851585.0,0.02057342242996803
100013453|F|0-6:G>A-6:G>A,100016783|F|0-52:G>T-52:G>T,16307679.0,16317524.0,0.9629193365840608
100013453|F|0-6:G>A-6:G>A,100014400|F|0-16:A>T-16:A>T,16307679.0,16381041.0,0.16129757564236308
100013453|F|0-6:G>A-6:G>A,100016625|F|0-16:T>C-16:T>C,16307679.0,16411184.0,0.16129757564236308
100013453|F|0-6:G>A-6:G>A,100015226|F|0-25:T>A-25:T>A,16307679.0,16581877.0,0.004342230217310973
100013453|F|0-6:G>A-6:G>A,100017539|F|0-11:A>T-11:A>T,16307679.0,16662610.0,0.007165183422773059
100013453|F|0-6:G>A-6:G>A,100033601|F|0-15:C>A-15:C>A,16307679.0,16769146.0,0.06514192964585873
100013453|F|0-6:G>A-6:G>A,100039949|F|0-62:A>T-62:A>T,16307679.0,16793350.0,0.0721239345437982
100013453|F|0-6:G>A-6:G>A,100035334|F|0-35:T>C-35:T>C,16307679.0,16832622.0,0.018424504604070923
100013453|F|0-6:G>A-6:G>A,100021345|F|0-28:C>T-28:C>T,16307679.0,16899147.0,0.06446680835153118
100013453|F|0-6:G>A-6:G>A,100022139|F|0-65:T>C-65:T>C,16307679.0,16965771.0,0.07279311122577319
100013453|F|0-6:G>A-6:G>A,100044804|F|0-53:G>C-53:G>C,16307679.0,16968917.0,0.008547061262017819
100013453|F|0-6:G>A-6:G>A,100030290|F|0-11:A>C-11:A>C,16307679.0,16971407.0,0.07279311122577319
100013453|F|0-6:G>A-6:G>A,100017336|F|0-39:A>G-39:A>G,16307679.0,16987827.0,0.03242590555428221
100013453|F|0-6:G>A-6:G>A,100029568|F|0-9:T>G-9:T>G,16307679.0,16988131.0,0.07276114359411354
100013453|F|0-6:G>A-6:G>A,100034247|F|0-37:G>C-37:G>C,16307679.0,16999534.0,0.04002900366453715
100013453|F|0-6:G>A-6:G>A,100012983|F|0-45:A>T-45:A>T,16307679.0,17017248.0,0.01251873234291373
100013453|F|0-6:G>A-6:G>A,100020033|F|0-7:G>A-7:G>A,16307679.0,17020316.0,0.057066305915873985
100013453|F|0-6:G>A-6:G>A,100018782|F|0-63:C>T-63:C>T,16307679.0,17424649.0,0.02216239094514949
100013453|F|0-6:G>A-6:G>A,100019630|F|0-24:A>T-24:A>T,16307679.0,17521232.0,0.00783882221469772
100013453|F|0-6:G>A-6:G>A,100021757|F|0-47:G>A-47:G>A,16307679.0,17521694.0,0.016519554527084826
100013453|F|0-6:G>A-6:G>A,100038944|F|0-45:C>T-45:C>T,16307679.0,17607936.0,0.010012045910768885
100013453|F|0-6:G>A-6:G>A,100047378|F|0-35:C>T-35:C>T,16307679.0,17706505.0,0.03091312404212651
100013453|F|0-6:G>A-6:G>A,100029543|F|0-46:T>C-46:T>C,16307679.0,18278899.0,0.08701058445027533
100013453|F|0-6:G>A-6:G>A,100021798|F|0-27:T>C-27:T>C,16307679.0,18732658.0,0.003707278392894825
100013453|F|0-6:G>A-6:G>A,100017716|F|0-8:C>T-8:C>T,16307679.0,18851585.0,0.003844150868854728
100016783|F|0-52:G>T-52:G>T,100014400|F|0-16:A>T-16:A>T,16317524.0,16381041.0,0.17855563275394593
100016783|F|0-52:G>T-52:G>T,100016625|F|0-16:T>C-16:T>C,16317524.0,16411184.0,0.17855563275394587
100016783|F|0-52:G>T-52:G>T,100015226|F|0-25:T>A-25:T>A,16317524.0,16581877.0,0.0017527593839341052
100016783|F|0-52:G>T-52:G>T,100017539|F|0-11:A>T-11:A>T,16317524.0,16662610.0,0.004471728199811941
100016783|F|0-52:G>T-52:G>T,100033601|F|0-15:C>A-15:C>A,16317524.0,16769146.0,0.04935979694399998
100016783|F|0-52:G>T-52:G>T,100039949|F|0-62:A>T-62:A>T,16317524.0,16793350.0,0.05502592406756988
100016783|F|0-52:G>T-52:G>T,100035334|F|0-35:T>C-35:T>C,16317524.0,16832622.0,0.010516712107454241
100016783|F|0-52:G>T-52:G>T,100021345|F|0-28:C>T-28:C>T,16317524.0,16899147.0,0.048502276104459584
100016783|F|0-52:G>T-52:G>T,100022139|F|0-65:T>C-65:T>C,16317524.0,16965771.0,0.05590462773875296
100016783|F|0-52:G>T-52:G>T,100044804|F|0-53:G>C-53:G>C,16317524.0,16968917.0,0.00208288206236359
100016783|F|0-52:G>T-52:G>T,100030290|F|0-11:A>C-11:A>C,16317524.0,16971407.0,0.05590462773875296
100016783|F|0-52:G>T-52:G>T,100017336|F|0-39:A>G-39:A>G,16317524.0,16987827.0,0.025044606540939728
100016783|F|0-52:G>T-52:G>T,100029568|F|0-9:T>G-9:T>G,16317524.0,16988131.0,0.05725112914731928
100016783|F|0-52:G>T-52:G>T,100034247|F|0-37:G>C-37:G>C,16317524.0,16999534.0,0.02918778949362969
100016783|F|0-52:G>T-52:G>T,100012983|F|0-45:A>T-45:A>T,16317524.0,17017248.0,0.013872121228831705
100016783|F|0-52:G>T-52:G>T,100020033|F|0-7:G>A-7:G>A,16317524.0,17020316.0,0.04195743299294702
100016783|F|0-52:G>T-52:G>T,100018782|F|0-63:C>T-63:C>T,16317524.0,17424649.0,0.022469262737230912
100016783|F|0-52:G>T-52:G>T,100019630|F|0-24:A>T-24:A>T,16317524.0,17521232.0,0.004834676577095096
100016783|F|0-52:G>T-52:G>T,100021757|F|0-47:G>A-47:G>A,16317524.0,17521694.0,0.01153595473075353
100016783|F|0-52:G>T-52:G>T,100038944|F|0-45:C>T-45:C>T,16317524.0,17607936.0,0.009566123580991813
100016783|F|0-52:G>T-52:G>T,100047378|F|0-35:C>T-35:C>T,16317524.0,17706505.0,0.03425511405849594
100016783|F|0-52:G>T-52:G>T,100029543|F|0-46:T>C-46:T>C,16317524.0,18278899.0,0.09630045722099909
100016783|F|0-52:G>T-52:G>T,100021798|F|0-27:T>C-27:T>C,16317524.0,18732658.0,0.0017562602349007006
100016783|F|0-52:G>T-52:G>T,100017716|F|0-8:C>T-8:C>T,16317524.0,18851585.0,0.013783410899349188
100014400|F|0-16:A>T-16:A>T,100016625|F|0-16:T>C-16:T>C,16381041.0,16411184.0,0.8691608298885026
100014400|F|0-16:A>T-16:A>T,100015226|F|0-25:T>A-25:T>A,16381041.0,16581877.0,0.11487308875380968
100014400|F|0-16:A>T-16:A>T,100017539|F|0-11:A>T-11:A>T,16381041.0,16662610.0,0.002113133735846964
100014400|F|0-16:A>T-16:A>T,100033601|F|0-15:C>A-15:C>A,16381041.0,16769146.0,9.0804149541177e-05
100014400|F|0-16:A>T-16:A>T,100039949|F|0-62:A>T-62:A>T,16381041.0,16793350.0,4.81482486096809e-35
100014400|F|0-16:A>T-16:A>T,100035334|F|0-35:T>C-35:T>C,16381041.0,16832622.0,0.007632206218896098
100014400|F|0-16:A>T-16:A>T,100021345|F|0-28:C>T-28:C>T,16381041.0,16899147.0,7.177080858477918e-05
100014400|F|0-16:A>T-16:A>T,100022139|F|0-65:T>C-65:T>C,16381041.0,16965771.0,0.0014297053396841646
100014400|F|0-16:A>T-16:A>T,100044804|F|0-53:G>C-53:G>C,16381041.0,16968917.0,0.02868306498237331
100014400|F|0-16:A>T-16:A>T,100030290|F|0-11:A>C-11:A>C,16381041.0,16971407.0,0.0014297053396841646
100014400|F|0-16:A>T-16:A>T,100017336|F|0-39:A>G-39:A>G,16381041.0,16987827.0,0.0014794942773195374
100014400|F|0-16:A>T-16:A>T,100029568|F|0-9:T>G-9:T>G,16381041.0,16988131.0,0.005203290080343115
100014400|F|0-16:A>T-16:A>T,100034247|F|0-37:G>C-37:G>C,16381041.0,16999534.0,0.0038791430397955265
100014400|F|0-16:A>T-16:A>T,100012983|F|0-45:A>T-45:A>T,16381041.0,17017248.0,0.007409610444217673
100014400|F|0-16:A>T-16:A>T,100020033|F|0-7:G>A-7:G>A,16381041.0,17020316.0,0.0038761477506184206
100014400|F|0-16:A>T-16:A>T,100018782|F|0-63:C>T-63:C>T,16381041.0,17424649.0,0.08563062127355944
100014400|F|0-16:A>T-16:A>T,100019630|F|0-24:A>T-24:A>T,16381041.0,17521232.0,0.003359464914978728
100014400|F|0-16:A>T-16:A>T,100021757|F|0-47:G>A-47:G>A,16381041.0,17521694.0,0.011256028362229371
100014400|F|0-16:A>T-16:A>T,100038944|F|0-45:C>T-45:C>T,16381041.0,17607936.0,0.00970015187308572
100014400|F|0-16:A>T-16:A>T,100047378|F|0-35:C>T-35:C>T,16381041.0,17706505.0,0.0017622476550791524
100014400|F|0-16:A>T-16:A>T,100029543|F|0-46:T>C-46:T>C,16381041.0,18278899.0,0.12968105653701267
100014400|F|0-16:A>T-16:A>T,100021798|F|0-27:T>C-27:T>C,16381041.0,18732658.0,0.0005485676973348855
100014400|F|0-16:A>T-16:A>T,100017716|F|0-8:C>T-8:C>T,16381041.0,18851585.0,0.008815144019118693
100016625|F|0-16:T>C-16:T>C,100015226|F|0-25:T>A-25:T>A,16411184.0,16581877.0,0.11487308875380968
100016625|F|0-16:T>C-16:T>C,100017539|F|0-11:A>T-11:A>T,16411184.0,16662610.0,0.002113133735846967
100016625|F|0-16:T>C-16:T>C,100033601|F|0-15:C>A-15:C>A,16411184.0,16769146.0,9.080414954117714e-05
100016625|F|0-16:T>C-16:T>C,100039949|F|0-62:A>T-62:A>T,16411184.0,16793350.0,4.81482486096809e-35
100016625|F|0-16:T>C-16:T>C,100035334|F|0-35:T>C-35:T>C,16411184.0,16832622.0,0.007632206218896096
100016625|F|0-16:T>C-16:T>C,100021345|F|0-28:C>T-28:C>T,16411184.0,16899147.0,0.00131218543733598
100016625|F|0-16:T>C-16:T>C,100022139|F|0-65:T>C-65:T>C,16411184.0,16965771.0,0.0014297053396841613
100016625|F|0-16:T>C-16:T>C,100044804|F|0-53:G>C-53:G>C,16411184.0,16968917.0,0.028683064982373288
100016625|F|0-16:T>C-16:T>C,100030290|F|0-11:A>C-11:A>C,16411184.0,16971407.0,0.0014297053396841613
100016625|F|0-16:T>C-16:T>C,100017336|F|0-39:A>G-39:A>G,16411184.0,16987827.0,0.0014794942773195395
100016625|F|0-16:T>C-16:T>C,100029568|F|0-9:T>G-9:T>G,16411184.0,16988131.0,0.0020955558052861145
100016625|F|0-16:T>C-16:T>C,100034247|F|0-37:G>C-37:G>C,16411184.0,16999534.0,0.0038791430397955265
100016625|F|0-16:T>C-16:T>C,100012983|F|0-45:A>T-45:A>T,16411184.0,17017248.0,0.007409610444217677
100016625|F|0-16:T>C-16:T>C,100020033|F|0-7:G>A-7:G>A,16411184.0,17020316.0,0.0038761477506184206
100016625|F|0-16:T>C-16:T>C,100018782|F|0-63:C>T-63:C>T,16411184.0,17424649.0,0.08563062127355944
100016625|F|0-16:T>C-16:T>C,100019630|F|0-24:A>T-24:A>T,16411184.0,17521232.0,0.003359464914978728
100016625|F|0-16:T>C-16:T>C,100021757|F|0-47:G>A-47:G>A,16411184.0,17521694.0,0.011256028362229371
100016625|F|0-16:T>C-16:T>C,100038944|F|0-45:C>T-45:C>T,16411184.0,17607936.0,0.020903498918622265
100016625|F|0-16:T>C-16:T>C,100047378|F|0-35:C>T-35:C>T,16411184.0,17706505.0,0.0017622476550791513
100016625|F|0-16:T>C-16:T>C,100029543|F|0-46:T>C-46:T>C,16411184.0,18278899.0,0.12968105653701267
100016625|F|0-16:T>C-16:T>C,100021798|F|0-27:T>C-27:T>C,16411184.0,18732658.0,0.0005485676973348881
100016625|F|0-16:T>C-16:T>C,100017716|F|0-8:C>T-8:C>T,16411184.0,18851585.0,0.008815144019118693
100015226|F|0-25:T>A-25:T>A,100017539|F|0-11:A>T-11:A>T,16581877.0,16662610.0,0.0010546854400675027
100015226|F|0-25:T>A-25:T>A,100033601|F|0-15:C>A-15:C>A,16581877.0,16769146.0,0.23941603172703096
100015226|F|0-25:T>A-25:T>A,100039949|F|0-62:A>T-62:A>T,16581877.0,16793350.0,0.21717291567789906
100015226|F|0-25:T>A-25:T>A,100035334|F|0-35:T>C-35:T>C,16581877.0,16832622.0,0.3712690713519395
100015226|F|0-25:T>A-25:T>A,100021345|F|0-28:C>T-28:C>T,16581877.0,16899147.0,0.20621714336630165
100015226|F|0-25:T>A-25:T>A,100022139|F|0-65:T>C-65:T>C,16581877.0,16965771.0,0.1549194490451355
100015226|F|0-25:T>A-25:T>A,100044804|F|0-53:G>C-53:G>C,16581877.0,16968917.0,0.2864543263528056
100015226|F|0-25:T>A-25:T>A,100030290|F|0-11:A>C-11:A>C,16581877.0,16971407.0,0.1549194490451355
100015226|F|0-25:T>A-25:T>A,100017336|F|0-39:A>G-39:A>G,16581877.0,16987827.0,0.24105694197635788
100015226|F|0-25:T>A-25:T>A,100029568|F|0-9:T>G-9:T>G,16581877.0,16988131.0,0.13863794550921002
100015226|F|0-25:T>A-25:T>A,100034247|F|0-37:G>C-37:G>C,16581877.0,16999534.0,0.16428129302830874
100015226|F|0-25:T>A-25:T>A,100012983|F|0-45:A>T-45:A>T,16581877.0,17017248.0,0.07495399029613511
100015226|F|0-25:T>A-25:T>A,100020033|F|0-7:G>A-7:G>A,16581877.0,17020316.0,0.061919093218682816
100015226|F|0-25:T>A-25:T>A,100018782|F|0-63:C>T-63:C>T,16581877.0,17424649.0,0.08199915053829225
100015226|F|0-25:T>A-25:T>A,100019630|F|0-24:A>T-24:A>T,16581877.0,17521232.0,0.21996317812606817
100015226|F|0-25:T>A-25:T>A,100021757|F|0-47:G>A-47:G>A,16581877.0,17521694.0,0.20084566596194534
100015226|F|0-25:T>A-25:T>A,100038944|F|0-45:C>T-45:C>T,16581877.0,17607936.0,0.08031901587399096
100015226|F|0-25:T>A-25:T>A,100047378|F|0-35:C>T-35:C>T,16581877.0,17706505.0,0.09730319088463041
100015226|F|0-25:T>A-25:T>A,100029543|F|0-46:T>C-46:T>C,16581877.0,18278899.0,0.0012259173291409614
100015226|F|0-25:T>A-25:T>A,100021798|F|0-27:T>C-27:T>C,16581877.0,18732658.0,0.03784820682058472
100015226|F|0-25:T>A-25:T>A,100017716|F|0-8:C>T-8:C>T,16581877.0,18851585.0,0.09771350400625363
100017539|F|0-11:A>T-11:A>T,100033601|F|0-15:C>A-15:C>A,16662610.0,16769146.0,0.015152734346307902
100017539|F|0-11:A>T-11:A>T,100039949|F|0-62:A>T-62:A>T,16662610.0,16793350.0,0.017951625094482223
100017539|F|0-11:A>T-11:A>T,100035334|F|0-35:T>C-35:T>C,16662610.0,16832622.0,0.008174054566477762
100017539|F|0-11:A>T-11:A>T,100021345|F|0-28:C>T-28:C>T,16662610.0,16899147.0,0.013947382202490775
100017539|F|0-11:A>T-11:A>T,100022139|F|0-65:T>C-65:T>C,16662610.0,16965771.0,0.01930383464010625
100017539|F|0-11:A>T-11:A>T,100044804|F|0-53:G>C-53:G>C,16662610.0,16968917.0,0.017482605426929407
100017539|F|0-11:A>T-11:A>T,100030290|F|0-11:A>C-11:A>C,16662610.0,16971407.0,0.01930383464010625
100017539|F|0-11:A>T-11:A>T,100017336|F|0-39:A>G-39:A>G,16662610.0,16987827.0,0.00909598584017189
100017539|F|0-11:A>T-11:A>T,100029568|F|0-9:T>G-9:T>G,16662610.0,16988131.0,0.024002841677427725
100017539|F|0-11:A>T-11:A>T,100034247|F|0-37:G>C-37:G>C,16662610.0,16999534.0,0.011272724834195056
100017539|F|0-11:A>T-11:A>T,100012983|F|0-45:A>T-45:A>T,16662610.0,17017248.0,0.0002537652417748302
100017539|F|0-11:A>T-11:A>T,100020033|F|0-7:G>A-7:G>A,16662610.0,17020316.0,0.009591243904969406
100017539|F|0-11:A>T-11:A>T,100018782|F|0-63:C>T-63:C>T,16662610.0,17424649.0,0.00832344494316328
100017539|F|0-11:A>T-11:A>T,100019630|F|0-24:A>T-24:A>T,16662610.0,17521232.0,0.005799012646243321
100017539|F|0-11:A>T-11:A>T,100021757|F|0-47:G>A-47:G>A,16662610.0,17521694.0,0.005331088664421994
100017539|F|0-11:A>T-11:A>T,100038944|F|0-45:C>T-45:C>T,16662610.0,17607936.0,2.0968316873204386e-05
100017539|F|0-11:A>T-11:A>T,100047378|F|0-35:C>T-35:C>T,16662610.0,17706505.0,0.00028332696266790224
100017539|F|0-11:A>T-11:A>T,100029543|F|0-46:T>C-46:T>C,16662610.0,18278899.0,0.00702736244960947
100017539|F|0-11:A>T-11:A>T,100021798|F|0-27:T>C-27:T>C,16662610.0,18732658.0,0.005836133832139146
100017539|F|0-11:A>T-11:A>T,100017716|F|0-8:C>T-8:C>T,16662610.0,18851585.0,0.021812428675173752
100033601|F|0-15:C>A-15:C>A,100039949|F|0-62:A>T-62:A>T,16769146.0,16793350.0,0.9335517080018733
100033601|F|0-15:C>A-15:C>A,100035334|F|0-35:T>C-35:T>C,16769146.0,16832622.0,0.7519265549132
100033601|F|0-15:C>A-15:C>A,100021345|F|0-28:C>T-28:C>T,16769146.0,16899147.0,0.9340362940312689
100033601|F|0-15:C>A-15:C>A,100022139|F|0-65:T>C-65:T>C,16769146.0,16965771.0,0.747024293761745
100033601|F|0-15:C>A-15:C>A,100044804|F|0-53:G>C-53:G>C,16769146.0,16968917.0,0.3435438064583075
100033601|F|0-15:C>A-15:C>A,100030290|F|0-11:A>C-11:A>C,16769146.0,16971407.0,0.747024293761745
100033601|F|0-15:C>A-15:C>A,100017336|F|0-39:A>G-39:A>G,16769146.0,16987827.0,0.1943189241210812
100033601|F|0-15:C>A-15:C>A,100029568|F|0-9:T>G-9:T>G,16769146.0,16988131.0,0.6955563349035973
100033601|F|0-15:C>A-15:C>A,100034247|F|0-37:G>C-37:G>C,16769146.0,16999534.0,0.7513524362732841
100033601|F|0-15:C>A-15:C>A,100012983|F|0-45:A>T-45:A>T,16769146.0,17017248.0,0.1274057964671781
100033601|F|0-15:C>A-15:C>A,100020033|F|0-7:G>A-7:G>A,16769146.0,17020316.0,0.4163340581904265
100033601|F|0-15:C>A-15:C>A,100018782|F|0-63:C>T-63:C>T,16769146.0,17424649.0,0.1199939821065268
100033601|F|0-15:C>A-15:C>A,100019630|F|0-24:A>T-24:A>T,16769146.0,17521232.0,0.30010679016863995
100033601|F|0-15:C>A-15:C>A,100021757|F|0-47:G>A-47:G>A,16769146.0,17521694.0,0.2772365678308587
100033601|F|0-15:C>A-15:C>A,100038944|F|0-45:C>T-45:C>T,16769146.0,17607936.0,0.07124906271770769
100033601|F|0-15:C>A-15:C>A,100047378|F|0-35:C>T-35:C>T,16769146.0,17706505.0,0.06922671970051485
100033601|F|0-15:C>A-15:C>A,100029543|F|0-46:T>C-46:T>C,16769146.0,18278899.0,0.00015674353649976718
100033601|F|0-15:C>A-15:C>A,100021798|F|0-27:T>C-27:T>C,16769146.0,18732658.0,0.008430577978387267
100033601|F|0-15:C>A-15:C>A,100017716|F|0-8:C>T-8:C>T,16769146.0,18851585.0,0.023954691843981375
100039949|F|0-62:A>T-62:A>T,100035334|F|0-35:T>C-35:T>C,16793350.0,16832622.0,0.732763138820434
100039949|F|0-62:A>T-62:A>T,100021345|F|0-28:C>T-28:C>T,16793350.0,16899147.0,0.9105033296843628
100039949|F|0-62:A>T-62:A>T,100022139|F|0-65:T>C-65:T>C,16793350.0,16965771.0,0.7582144023133244
100039949|F|0-62:A>T-62:A>T,100044804|F|0-53:G>C-53:G>C,16793350.0,16968917.0,0.3519610460523642
100039949|F|0-62:A>T-62:A>T,100030290|F|0-11:A>C-11:A>C,16793350.0,16971407.0,0.7582144023133244
100039949|F|0-62:A>T-62:A>T,100017336|F|0-39:A>G-39:A>G,16793350.0,16987827.0,0.17264389357412618
100039949|F|0-62:A>T-62:A>T,100029568|F|0-9:T>G-9:T>G,16793350.0,16988131.0,0.7054407076005351
100039949|F|0-62:A>T-62:A>T,100034247|F|0-37:G>C-37:G>C,16793350.0,16999534.0,0.6899430663689218
100039949|F|0-62:A>T-62:A>T,100012983|F|0-45:A>T-45:A>T,16793350.0,17017248.0,0.13180883864337095
100039949|F|0-62:A>T-62:A>T,100020033|F|0-7:G>A-7:G>A,16793350.0,17020316.0,0.38798319327731123
100039949|F|0-62:A>T-62:A>T,100018782|F|0-63:C>T-63:C>T,16793350.0,17424649.0,0.12253005210751693
100039949|F|0-62:A>T-62:A>T,100019630|F|0-24:A>T-24:A>T,16793350.0,17521232.0,0.27533837637306907
100039949|F|0-62:A>T-62:A>T,100021757|F|0-47:G>A-47:G>A,16793350.0,17521694.0,0.2790661719233149
100039949|F|0-62:A>T-62:A>T,100038944|F|0-45:C>T-45:C>T,16793350.0,17607936.0,0.07320563628357549
100039949|F|0-62:A>T-62:A>T,100047378|F|0-35:C>T-35:C>T,16793350.0,17706505.0,0.06880318667390911
100039949|F|0-62:A>T-62:A>T,100029543|F|0-46:T>C-46:T>C,16793350.0,18278899.0,0.0006311118197278908
100039949|F|0-62:A>T-62:A>T,100021798|F|0-27:T>C-27:T>C,16793350.0,18732658.0,0.018824107539154145
100039949|F|0-62:A>T-62:A>T,100017716|F|0-8:C>T-8:C>T,16793350.0,18851585.0,0.023949579831932754
100035334|F|0-35:T>C-35:T>C,100021345|F|0-28:C>T-28:C>T,16832622.0,16899147.0,0.727188909659475
100035334|F|0-35:T>C-35:T>C,100022139|F|0-65:T>C-65:T>C,16832622.0,16965771.0,0.5795866901997395
100035334|F|0-35:T>C-35:T>C,100044804|F|0-53:G>C-53:G>C,16832622.0,16968917.0,0.4414982363138911
100035334|F|0-35:T>C-35:T>C,100030290|F|0-11:A>C-11:A>C,16832622.0,16971407.0,0.5795866901997395
100035334|F|0-35:T>C-35:T>C,100017336|F|0-39:A>G-39:A>G,16832622.0,16987827.0,0.2589633135693664
100035334|F|0-35:T>C-35:T>C,100029568|F|0-9:T>G-9:T>G,16832622.0,16988131.0,0.4972582788178289
100035334|F|0-35:T>C-35:T>C,100034247|F|0-37:G>C-37:G>C,16832622.0,16999534.0,0.5712129781793638
100035334|F|0-35:T>C-35:T>C,100012983|F|0-45:A>T-45:A>T,16832622.0,17017248.0,0.16939354612633362
100035334|F|0-35:T>C-35:T>C,100020033|F|0-7:G>A-7:G>A,16832622.0,17020316.0,0.2224868793821491
100035334|F|0-35:T>C-35:T>C,100018782|F|0-63:C>T-63:C>T,16832622.0,17424649.0,0.15300197817202876
100035334|F|0-35:T>C-35:T>C,100019630|F|0-24:A>T-24:A>T,16832622.0,17521232.0,0.4212359609174492
100035334|F|0-35:T>C-35:T>C,100021757|F|0-47:G>A-47:G>A,16832622.0,17521694.0,0.4002293078087318
100035334|F|0-35:T>C-35:T>C,100038944|F|0-45:C>T-45:C>T,16832622.0,17607936.0,0.10091989246774065
100035334|F|0-35:T>C-35:T>C,100047378|F|0-35:C>T-35:C>T,16832622.0,17706505.0,0.12942060470846556
100035334|F|0-35:T>C-35:T>C,100029543|F|0-46:T>C-46:T>C,16832622.0,18278899.0,0.0005472657251859456
100035334|F|0-35:T>C-35:T>C,100021798|F|0-27:T>C-27:T>C,16832622.0,18732658.0,0.04986579702592061
100035334|F|0-35:T>C-35:T>C,100017716|F|0-8:C>T-8:C>T,16832622.0,18851585.0,0.06492490369030285
100021345|F|0-28:C>T-28:C>T,100022139|F|0-65:T>C-65:T>C,16899147.0,16965771.0,0.725267995185398
100021345|F|0-28:C>T-28:C>T,100044804|F|0-53:G>C-53:G>C,16899147.0,16968917.0,0.3672684659956055
100021345|F|0-28:C>T-28:C>T,100030290|F|0-11:A>C-11:A>C,16899147.0,16971407.0,0.725267995185398
100021345|F|0-28:C>T-28:C>T,100017336|F|0-39:A>G-39:A>G,16899147.0,16987827.0,0.18922793622071943
100021345|F|0-28:C>T-28:C>T,100029568|F|0-9:T>G-9:T>G,16899147.0,16988131.0,0.6084806318942754
100021345|F|0-28:C>T-28:C>T,100034247|F|0-37:G>C-37:G>C,16899147.0,16999534.0,0.697366618672779
100021345|F|0-28:C>T-28:C>T,100012983|F|0-45:A>T-45:A>T,16899147.0,17017248.0,0.13493084842470884
100021345|F|0-28:C>T-28:C>T,100020033|F|0-7:G>A-7:G>A,16899147.0,17020316.0,0.36781750056344387
100021345|F|0-28:C>T-28:C>T,100018782|F|0-63:C>T-63:C>T,16899147.0,17424649.0,0.12868457428923663
100021345|F|0-28:C>T-28:C>T,100019630|F|0-24:A>T-24:A>T,16899147.0,17521232.0,0.26892221557612433
100021345|F|0-28:C>T-28:C>T,100021757|F|0-47:G>A-47:G>A,16899147.0,17521694.0,0.24465560780215925
100021345|F|0-28:C>T-28:C>T,100038944|F|0-45:C>T-45:C>T,16899147.0,17607936.0,0.07595915136883337
100021345|F|0-28:C>T-28:C>T,100047378|F|0-35:C>T-35:C>T,16899147.0,17706505.0,0.059493616428477815
100021345|F|0-28:C>T-28:C>T,100029543|F|0-46:T>C-46:T>C,16899147.0,18278899.0,0.0006416876197318017
100021345|F|0-28:C>T-28:C>T,100021798|F|0-27:T>C-27:T>C,16899147.0,18732658.0,0.00616068741040045
100021345|F|0-28:C>T-28:C>T,100017716|F|0-8:C>T-8:C>T,16899147.0,18851585.0,0.026207178273608297
100022139|F|0-65:T>C-65:T>C,100044804|F|0-53:G>C-53:G>C,16965771.0,16968917.0,0.41260290243849645
100022139|F|0-65:T>C-65:T>C,100030290|F|0-11:A>C-11:A>C,16965771.0,16971407.0,1.0000000000000027
100022139|F|0-65:T>C-65:T>C,100017336|F|0-39:A>G-39:A>G,16965771.0,16987827.0,0.3026263610278381
100022139|F|0-65:T>C-65:T>C,100029568|F|0-9:T>G-9:T>G,16965771.0,16988131.0,0.8398271820918372
100022139|F|0-65:T>C-65:T>C,100034247|F|0-37:G>C-37:G>C,16965771.0,16999534.0,0.8614284334013171
100022139|F|0-65:T>C-65:T>C,100012983|F|0-45:A>T-45:A>T,16965771.0,17017248.0,0.09777144004678696
100022139|F|0-65:T>C-65:T>C,100020033|F|0-7:G>A-7:G>A,16965771.0,17020316.0,0.6029397361295169
100022139|F|0-65:T>C-65:T>C,100018782|F|0-63:C>T-63:C>T,16965771.0,17424649.0,0.11398351307271039
100022139|F|0-65:T>C-65:T>C,100019630|F|0-24:A>T-24:A>T,16965771.0,17521232.0,0.20336059011518867
100022139|F|0-65:T>C-65:T>C,100021757|F|0-47:G>A-47:G>A,16965771.0,17521694.0,0.22865760586132824
100022139|F|0-65:T>C-65:T>C,100038944|F|0-45:C>T-45:C>T,16965771.0,17607936.0,0.06854098929094045
100022139|F|0-65:T>C-65:T>C,100047378|F|0-35:C>T-35:C>T,16965771.0,17706505.0,0.06218752676679464
100022139|F|0-65:T>C-65:T>C,100029543|F|0-46:T>C-46:T>C,16965771.0,18278899.0,0.007621477980271448
100022139|F|0-65:T>C-65:T>C,100021798|F|0-27:T>C-27:T>C,16965771.0,18732658.0,0.00021200919179259348
100022139|F|0-65:T>C-65:T>C,100017716|F|0-8:C>T-8:C>T,16965771.0,18851585.0,0.021785158725586215
100044804|F|0-53:G>C-53:G>C,100030290|F|0-11:A>C-11:A>C,16968917.0,16971407.0,0.41260290243849645
100044804|F|0-53:G>C-53:G>C,100017336|F|0-39:A>G-39:A>G,16968917.0,16987827.0,0.3790032988512773
100044804|F|0-53:G>C-53:G>C,100029568|F|0-9:T>G-9:T>G,16968917.0,16988131.0,0.30653366294247686
100044804|F|0-53:G>C-53:G>C,100034247|F|0-37:G>C-37:G>C,16968917.0,16999534.0,0.3631632192637233
100044804|F|0-53:G>C-53:G>C,100012983|F|0-45:A>T-45:A>T,16968917.0,17017248.0,0.12583266912068447
100044804|F|0-53:G>C-53:G>C,100020033|F|0-7:G>A-7:G>A,16968917.0,17020316.0,0.14292727572537
100044804|F|0-53:G>C-53:G>C,100018782|F|0-63:C>T-63:C>T,16968917.0,17424649.0,0.2582096950878534
100044804|F|0-53:G>C-53:G>C,100019630|F|0-24:A>T-24:A>T,16968917.0,17521232.0,0.22562067589379517
100044804|F|0-53:G>C-53:G>C,100021757|F|0-47:G>A-47:G>A,16968917.0,17521694.0,0.2157664279287151
100044804|F|0-53:G>C-53:G>C,100038944|F|0-45:C>T-45:C>T,16968917.0,17607936.0,0.05375040981356943
100044804|F|0-53:G>C-53:G>C,100047378|F|0-35:C>T-35:C>T,16968917.0,17706505.0,0.006592254284924505
100044804|F|0-53:G>C-53:G>C,100029543|F|0-46:T>C-46:T>C,16968917.0,18278899.0,0.0408489975609322
100044804|F|0-53:G>C-53:G>C,100021798|F|0-27:T>C-27:T>C,16968917.0,18732658.0,0.025426264891702643
100044804|F|0-53:G>C-53:G>C,100017716|F|0-8:C>T-8:C>T,16968917.0,18851585.0,0.014899532592955499
100030290|F|0-11:A>C-11:A>C,100017336|F|0-39:A>G-39:A>G,16971407.0,16987827.0,0.3026263610278381
100030290|F|0-11:A>C-11:A>C,100029568|F|0-9:T>G-9:T>G,16971407.0,16988131.0,0.8398271820918372
100030290|F|0-11:A>C-11:A>C,100034247|F|0-37:G>C-37:G>C,16971407.0,16999534.0,0.8614284334013171
100030290|F|0-11:A>C-11:A>C,100012983|F|0-45:A>T-45:A>T,16971407.0,17017248.0,0.09777144004678696
100030290|F|0-11:A>C-11:A>C,100020033|F|0-7:G>A-7:G>A,16971407.0,17020316.0,0.6029397361295169
100030290|F|0-11:A>C-11:A>C,100018782|F|0-63:C>T-63:C>T,16971407.0,17424649.0,0.11398351307271039
100030290|F|0-11:A>C-11:A>C,100019630|F|0-24:A>T-24:A>T,16971407.0,17521232.0,0.20336059011518867
100030290|F|0-11:A>C-11:A>C,100021757|F|0-47:G>A-47:G>A,16971407.0,17521694.0,0.22865760586132824
100030290|F|0-11:A>C-11:A>C,100038944|F|0-45:C>T-45:C>T,16971407.0,17607936.0,0.06854098929094045
100030290|F|0-11:A>C-11:A>C,100047378|F|0-35:C>T-35:C>T,16971407.0,17706505.0,0.06218752676679464
100030290|F|0-11:A>C-11:A>C,100029543|F|0-46:T>C-46:T>C,16971407.0,18278899.0,0.007621477980271448
100030290|F|0-11:A>C-11:A>C,100021798|F|0-27:T>C-27:T>C,16971407.0,18732658.0,0.00021200919179259348
100030290|F|0-11:A>C-11:A>C,100017716|F|0-8:C>T-8:C>T,16971407.0,18851585.0,0.021785158725586215
100017336|F|0-39:A>G-39:A>G,100029568|F|0-9:T>G-9:T>G,16987827.0,16988131.0,0.26016451778669913
100017336|F|0-39:A>G-39:A>G,100034247|F|0-37:G>C-37:G>C,16987827.0,16999534.0,0.26830457248708256
100017336|F|0-39:A>G-39:A>G,100012983|F|0-45:A>T-45:A>T,16987827.0,17017248.0,0.038743602613436914
100017336|F|0-39:A>G-39:A>G,100020033|F|0-7:G>A-7:G>A,16987827.0,17020316.0,0.1588989441930617
100017336|F|0-39:A>G-39:A>G,100018782|F|0-63:C>T-63:C>T,16987827.0,17424649.0,0.09157885250127441
100017336|F|0-39:A>G-39:A>G,100019630|F|0-24:A>T-24:A>T,16987827.0,17521232.0,0.2104598174216995
100017336|F|0-39:A>G-39:A>G,100021757|F|0-47:G>A-47:G>A,16987827.0,17521694.0,0.19602684137567836
100017336|F|0-39:A>G-39:A>G,100038944|F|0-45:C>T-45:C>T,16987827.0,17607936.0,0.06488358701808375
100017336|F|0-39:A>G-39:A>G,100047378|F|0-35:C>T-35:C>T,16987827.0,17706505.0,0.09274451820764497
100017336|F|0-39:A>G-39:A>G,100029543|F|0-46:T>C-46:T>C,16987827.0,18278899.0,0.10547407413323134
100017336|F|0-39:A>G-39:A>G,100021798|F|0-27:T>C-27:T>C,16987827.0,18732658.0,9.925148500072795e-08
100017336|F|0-39:A>G-39:A>G,100017716|F|0-8:C>T-8:C>T,16987827.0,18851585.0,0.016977094952471156
100029568|F|0-9:T>G-9:T>G,100034247|F|0-37:G>C-37:G>C,16988131.0,16999534.0,0.9014347293281183
100029568|F|0-9:T>G-9:T>G,100012983|F|0-45:A>T-45:A>T,16988131.0,17017248.0,0.054088910297248056
100029568|F|0-9:T>G-9:T>G,100020033|F|0-7:G>A-7:G>A,16988131.0,17020316.0,0.6368491932410113
100029568|F|0-9:T>G-9:T>G,100018782|F|0-63:C>T-63:C>T,16988131.0,17424649.0,0.101193637986751
100029568|F|0-9:T>G-9:T>G,100019630|F|0-24:A>T-24:A>T,16988131.0,17521232.0,0.21295922619556296
100029568|F|0-9:T>G-9:T>G,100021757|F|0-47:G>A-47:G>A,16988131.0,17521694.0,0.24049115031836418
100029568|F|0-9:T>G-9:T>G,100038944|F|0-45:C>T-45:C>T,16988131.0,17607936.0,0.05050414989257923
100029568|F|0-9:T>G-9:T>G,100047378|F|0-35:C>T-35:C>T,16988131.0,17706505.0,0.06652195961205237
100029568|F|0-9:T>G-9:T>G,100029543|F|0-46:T>C-46:T>C,16988131.0,18278899.0,0.006966406973156436
100029568|F|0-9:T>G-9:T>G,100021798|F|0-27:T>C-27:T>C,16988131.0,18732658.0,0.008807551055036762
100029568|F|0-9:T>G-9:T>G,100017716|F|0-8:C>T-8:C>T,16988131.0,18851585.0,0.014032524456866952
100034247|F|0-37:G>C-37:G>C,100012983|F|0-45:A>T-45:A>T,16999534.0,17017248.0,0.07446514271472547
100034247|F|0-37:G>C-37:G>C,100020033|F|0-7:G>A-7:G>A,16999534.0,17020316.0,0.6549317825989706
100034247|F|0-37:G>C-37:G>C,100018782|F|0-63:C>T-63:C>T,16999534.0,17424649.0,0.1256789706422862
100034247|F|0-37:G>C-37:G>C,100019630|F|0-24:A>T-24:A>T,16999534.0,17521232.0,0.24519334242054697
100034247|F|0-37:G>C-37:G>C,100021757|F|0-47:G>A-47:G>A,16999534.0,17521694.0,0.25029765333947895
100034247|F|0-37:G>C-37:G>C,100038944|F|0-45:C>T-45:C>T,16999534.0,17607936.0,0.05174643755870427
100034247|F|0-37:G>C-37:G>C,100047378|F|0-35:C>T-35:C>T,16999534.0,17706505.0,0.05482957603036679
100034247|F|0-37:G>C-37:G>C,100029543|F|0-46:T>C-46:T>C,16999534.0,18278899.0,0.004991024748777833
100034247|F|0-37:G>C-37:G>C,100021798|F|0-27:T>C-27:T>C,16999534.0,18732658.0,0.0029263896553644556
100034247|F|0-37:G>C-37:G>C,100017716|F|0-8:C>T-8:C>T,16999534.0,18851585.0,0.02872834811998309
100012983|F|0-45:A>T-45:A>T,100020033|F|0-7:G>A-7:G>A,17017248.0,17020316.0,0.027084214980956468
100012983|F|0-45:A>T-45:A>T,100018782|F|0-63:C>T-63:C>T,17017248.0,17424649.0,0.3086977871657173
100012983|F|0-45:A>T-45:A>T,100019630|F|0-24:A>T-24:A>T,17017248.0,17521232.0,0.19139952797348214
100012983|F|0-45:A>T-45:A>T,100021757|F|0-47:G>A-47:G>A,17017248.0,17521694.0,0.22190040175651732
100012983|F|0-45:A>T-45:A>T,100038944|F|0-45:C>T-45:C>T,17017248.0,17607936.0,0.006284272449939645
100012983|F|0-45:A>T-45:A>T,100047378|F|0-35:C>T-35:C>T,17017248.0,17706505.0,0.0005470908444347185
100012983|F|0-45:A>T-45:A>T,100029543|F|0-46:T>C-46:T>C,17017248.0,18278899.0,0.0009835881294964145
100012983|F|0-45:A>T-45:A>T,100021798|F|0-27:T>C-27:T>C,17017248.0,18732658.0,0.009106562952035189
100012983|F|0-45:A>T-45:A>T,100017716|F|0-8:C>T-8:C>T,17017248.0,18851585.0,0.015425306813372822
100020033|F|0-7:G>A-7:G>A,100018782|F|0-63:C>T-63:C>T,17020316.0,17424649.0,0.005621056656682182
100020033|F|0-7:G>A-7:G>A,100019630|F|0-24:A>T-24:A>T,17020316.0,17521232.0,0.07894454190684201
100020033|F|0-7:G>A-7:G>A,100021757|F|0-47:G>A-47:G>A,17020316.0,17521694.0,0.08781512605042024
100020033|F|0-7:G>A-7:G>A,100038944|F|0-45:C>T-45:C>T,17020316.0,17607936.0,0.08395757246095262
100020033|F|0-7:G>A-7:G>A,100047378|F|0-35:C>T-35:C>T,17020316.0,17706505.0,0.05717121449340193
100020033|F|0-7:G>A-7:G>A,100029543|F|0-46:T>C-46:T>C,17020316.0,18278899.0,0.003472951680672279
100020033|F|0-7:G>A-7:G>A,100021798|F|0-27:T>C-27:T>C,17020316.0,18732658.0,0.001223858384898563
100020033|F|0-7:G>A-7:G>A,100017716|F|0-8:C>T-8:C>T,17020316.0,18851585.0,0.015944636678200747
100018782|F|0-63:C>T-63:C>T,100019630|F|0-24:A>T-24:A>T,17424649.0,17521232.0,0.24981404415066674
100018782|F|0-63:C>T-63:C>T,100021757|F|0-47:G>A-47:G>A,17424649.0,17521694.0,0.29113140380745955
100018782|F|0-63:C>T-63:C>T,100038944|F|0-45:C>T-45:C>T,17424649.0,17607936.0,0.06864211383533399
100018782|F|0-63:C>T-63:C>T,100047378|F|0-35:C>T-35:C>T,17424649.0,17706505.0,1.0298703599191693e-06
100018782|F|0-63:C>T-63:C>T,100029543|F|0-46:T>C-46:T>C,17424649.0,18278899.0,0.046893288819455196
100018782|F|0-63:C>T-63:C>T,100021798|F|0-27:T>C-27:T>C,17424649.0,18732658.0,0.008967638670288653
100018782|F|0-63:C>T-63:C>T,100017716|F|0-8:C>T-8:C>T,17424649.0,18851585.0,0.0019278567331591264
100019630|F|0-24:A>T-24:A>T,100021757|F|0-47:G>A-47:G>A,17521232.0,17521694.0,0.9137229173747705
100019630|F|0-24:A>T-24:A>T,100038944|F|0-45:C>T-45:C>T,17521232.0,17607936.0,0.0005435171509409846
100019630|F|0-24:A>T-24:A>T,100047378|F|0-35:C>T-35:C>T,17521232.0,17706505.0,0.16652757174694327
100019630|F|0-24:A>T-24:A>T,100029543|F|0-46:T>C-46:T>C,17521232.0,18278899.0,0.018518175729284398
100019630|F|0-24:A>T-24:A>T,100021798|F|0-27:T>C-27:T>C,17521232.0,18732658.0,0.024125268560563986
100019630|F|0-24:A>T-24:A>T,100017716|F|0-8:C>T-8:C>T,17521232.0,18851585.0,0.0270756507106799
100021757|F|0-47:G>A-47:G>A,100038944|F|0-45:C>T-45:C>T,17521694.0,17607936.0,0.00032596201684708943
100021757|F|0-47:G>A-47:G>A,100047378|F|0-35:C>T-35:C>T,17521694.0,17706505.0,0.16471717446052042
100021757|F|0-47:G>A-47:G>A,100029543|F|0-46:T>C-46:T>C,17521694.0,18278899.0,0.025095300904452705
100021757|F|0-47:G>A-47:G>A,100021798|F|0-27:T>C-27:T>C,17521694.0,18732658.0,0.02172644266519099
100021757|F|0-47:G>A-47:G>A,100017716|F|0-8:C>T-8:C>T,17521694.0,18851585.0,0.03265851795263556
100038944|F|0-45:C>T-45:C>T,100047378|F|0-35:C>T-35:C>T,17607936.0,17706505.0,0.06328795626120724
100038944|F|0-45:C>T-45:C>T,100029543|F|0-46:T>C-46:T>C,17607936.0,18278899.0,8.127270475561382e-05
100038944|F|0-45:C>T-45:C>T,100021798|F|0-27:T>C-27:T>C,17607936.0,18732658.0,0.024528281973660814
100038944|F|0-45:C>T-45:C>T,100017716|F|0-8:C>T-8:C>T,17607936.0,18851585.0,0.016337710777838233
100047378|F|0-35:C>T-35:C>T,100029543|F|0-46:T>C-46:T>C,17706505.0,18278899.0,2.1218087995654254e-06
100047378|F|0-35:C>T-35:C>T,100021798|F|0-27:T>C-27:T>C,17706505.0,18732658.0,0.008442640484423815
100047378|F|0-35:C>T-35:C>T,100017716|F|0-8:C>T-8:C>T,17706505.0,18851585.0,0.043838067546410245
100029543|F|0-46:T>C-46:T>C,100021798|F|0-27:T>C-27:T>C,18278899.0,18732658.0,0.0014281553167205655
100029543|F|0-46:T>C-46:T>C,100017716|F|0-8:C>T-8:C>T,18278899.0,18851585.0,0.013794971113445386
100021798|F|0-27:T>C-27:T>C,100017716|F|0-8:C>T-8:C>T,18732658.0,18851585.0,0.006618626145531457
