rs_i,rs_j,pos_i,pos_j,r2
100035973|F|0-34:C>T-34:C>T,100028230|F|0-30:T>C-30:T>C,50325.0,434062.0,0.1378766697495928
100035973|F|0-34:C>T-34:C>T,100056084|F|0-56:G>T-56:G>T,50325.0,1323114.0,0.20106082775919773
100035973|F|0-34:C>T-34:C>T,100019277|F|0-46:C>T-46:C>T,50325.0,1330202.0,0.2255446950414784
100035973|F|0-34:C>T-34:C>T,100030265|F|0-5:T>C-5:T>C,50325.0,3116909.0,0.092163680845257
100035973|F|0-34:C>T-34:C>T,100058916|F|0-28:C>T-28:C>T,50325.0,3627910.0,0.011864052907186685
100035973|F|0-34:C>T-34:C>T,100059450|F|0-16:C>T-16:C>T,50325.0,5671831.0,0.0009634146753462366
100035973|F|0-34:C>T-34:C>T,100045342|F|0-29:C>T-29:C>T,50325.0,7208957.0,1.1635266959564717e-05
100035973|F|0-34:C>T-34:C>T,100013982|F|0-20:C>G-20:C>G,50325.0,7288051.0,0.01328840946959176
100035973|F|0-34:C>T-34:C>T,100016869|F|0-59:G>C-59:G>C,50325.0,7343723.0,0.0021672210034675457
100035973|F|0-34:C>T-34:C>T,100014470|F|0-59:T>C-59:T>C,50325.0,7507748.0,0.024314131968948507
100035973|F|0-34:C>T-34:C>T,100045002|F|0-68:G>C-68:G>C,50325.0,10684285.0,4.1647182604629784e-05
100035973|F|0-34:C>T-34:C>T,100041895|F|0-45:G>A-45:G>A,50325.0,10925928.0,0.002092556723851693
100035973|F|0-34:C>T-34:C>T,100018159|F|0-67:G>A-67:G>A,50325.0,10965809.0,6.101132370167907e-05
100035973|F|0-34:C>T-34:C>T,100017662|F|0-28:T>C-28:T>C,50325.0,10990186.0,0.0031703715393633382
100035973|F|0-34:C>T-34:C>T,100058370|F|0-6:C>T-6:C>T,50325.0,12211612.0,0.0024584790209790245
100035973|F|0-34:C>T-34:C>T,100059965|F|0-13:G>A-13:G>A,50325.0,15610976.0,0.008841732979663999
100035973|F|0-34:C>T-34:C>T,100050254|F|0-17:A>G-17:A>G,50325.0,15872467.0,0.0004152097902097923
100035973|F|0-34:C>T-34:C>T,100043217|F|0-12:G>T-12:G>T,50325.0,24356568.0,0.001104957425313898
100035973|F|0-34:C>T-34:C>T,100043216|F|0-10:A>G-10:A>G,50325.0,24356568.0,0.0002900568511428234
100035973|F|0-34:C>T-34:C>T,100036033|F|0-33:T>C-33:T>C,50325.0,25065738.0,0.012591575091575088
100035973|F|0-34:C>T-34:C>T,100058913|F|0-33:A>C-33:A>C,50325.0,25635537.0,0.011864052907186685
100035973|F|0-34:C>T-34:C>T,100020050|F|0-34:T>G-34:T>G,50325.0,27194741.0,0.007872434169603976
100035973|F|0-34:C>T-34:C>T,100014308|F|0-20:G>A-20:G>A,50325.0,27674495.0,0.006364741534233054
100035973|F|0-34:C>T-34:C>T,100013667|F|0-32:C>A-32:C>A,50325.0,27893794.0,0.007154304029304034
100035973|F|0-34:C>T-34:C>T,100021644|F|0-58:T>G-58:T>G,50325.0,28228664.0,0.01534381776317262
100035973|F|0-34:C>T-34:C>T,100013355|F|0-21:A>G-21:A>G,50325.0,28317387.0,0.004673219175646356
100035973|F|0-34:C>T-34:C>T,100033656|F|0-39:G>A-39:G>A,50325.0,28614182.0,0.0002537040795616
100035973|F|0-34:C>T-34:C>T,100014819|F|0-24:A>T-24:A>T,50325.0,28857198.0,0.00036878040556813173
100035973|F|0-34:C>T-34:C>T,100012992|F|0-18:G>T-18:G>T,50325.0,28905220.0,0.005087664370695049
100035973|F|0-34:C>T-34:C>T,100029240|F|0-46:A>G-46:A>G,50325.0,28908034.0,0.004326923076923085
100035973|F|0-34:C>T-34:C>T,100034977|F|0-7:A>C-7:A>C,50325.0,30044545.0,0.008045298650394201
100035973|F|0-34:C>T-34:C>T,100013352|F|0-68:T>C-68:T>C,50325.0,30046946.0,0.006660006660006657
100035973|F|0-34:C>T-34:C>T,100015028|F|0-52:A>T-52:A>T,50325.0,30261516.0,0.17450954156208542
100035973|F|0-34:C>T-34:C>T,100013847|F|0-11:C>A-11:C>A,50325.0,31582817.0,0.07934114100939176
100035973|F|0-34:C>T-34:C>T,100058699|F|0-62:C>A-62:C>A,50325.0,31974051.0,2.8280542986425178e-05
100035973|F|0-34:C>T-34:C>T,100033659|F|0-57:T>C-57:T>C,50325.0,32094438.0,0.011310359171328485
100035973|F|0-34:C>T-34:C>T,100013718|F|0-18:C>A-18:C>A,50325.0,32883911.0,0.11742963113504727
100035973|F|0-34:C>T-34:C>T,100041762|F|0-5:T>C-5:T>C,50325.0,32989042.0,0.02812023946141416
100035973|F|0-34:C>T-34:C>T,100015328|F|0-33:T>C-33:T>C,50325.0,33041489.0,0.01623069351907935
100035973|F|0-34:C>T-34:C>T,100019357|F|0-62:A>C-62:A>C,50325.0,33053982.0,0.0025464471968709313
100035973|F|0-34:C>T-34:C>T,100016448|F|0-61:C>T-61:C>T,50325.0,33055328.0,0.00024418301788505084
100035973|F|0-34:C>T-34:C>T,100021291|F|0-61:A>G-61:A>G,50325.0,33070336.0,0.0019769821811654494
100035973|F|0-34:C>T-34:C>T,100048192|F|0-15:C>T-15:C>T,50325.0,33491970.0,0.0049398702415944
100035973|F|0-34:C>T-34:C>T,100039244|F|0-37:G>C-37:G>C,50325.0,33634526.0,0.021024893473872982
100035973|F|0-34:C>T-34:C>T,100014488|F|0-28:T>A-28:T>A,50325.0,34000405.0,0.0055240988813700116
100035973|F|0-34:C>T-34:C>T,100040723|F|0-6:G>A-6:G>A,50325.0,34052241.0,0.00221246769797161
100035973|F|0-34:C>T-34:C>T,100016551|F|0-65:A>C-65:A>C,50325.0,35402436.0,0.0001448100092678402
100035973|F|0-34:C>T-34:C>T,100032755|F|0-61:C>T-61:C>T,50325.0,35410581.0,0.005012348762348757
100035973|F|0-34:C>T-34:C>T,100048771|F|0-11:G>A-11:G>A,50325.0,35423854.0,0.010749076251259627
100035973|F|0-34:C>T-34:C>T,100014472|F|0-31:C>A-31:C>A,50325.0,35488899.0,0.0024803372808754076
100035973|F|0-34:C>T-34:C>T,100019838|F|0-5:G>C-5:G>C,50325.0,36000724.0,0.001028044025668106
100035973|F|0-34:C>T-34:C>T,100046262|F|0-23:C>A-23:C>A,50325.0,36000729.0,0.001028044025668106
100035973|F|0-34:C>T-34:C>T,100034510|F|0-47:C>T-47:C>T,50325.0,36129807.0,0.00724535009531658
100035973|F|0-34:C>T-34:C>T,100014127|F|0-16:C>T-16:C>T,50325.0,36258373.0,0.01280877633241146
100035973|F|0-34:C>T-34:C>T,100014670|F|0-19:A>G-19:A>G,50325.0,36976759.0,0.0017170329670329724
100035973|F|0-34:C>T-34:C>T,100041232|F|0-30:T>A-30:T>A,50325.0,37013523.0,0.0027966152255190497
100035973|F|0-34:C>T-34:C>T,100019174|F|0-24:T>A-24:T>A,50325.0,37246706.0,0.04249656593406606
100035973|F|0-34:C>T-34:C>T,100019068|F|0-18:T>C-18:T>C,50325.0,37282618.0,0.016230693519079447
100035973|F|0-34:C>T-34:C>T,100060605|F|0-5:C>T-5:C>T,50325.0,37463852.0,0.001835946633154078
100035973|F|0-34:C>T-34:C>T,100038566|F|0-46:T>A-46:T>A,50325.0,37463857.0,0.0014024367628514246
100035973|F|0-34:C>T-34:C>T,100034752|F|0-27:G>T-27:G>T,50325.0,37483520.0,0.0012847410981244908
100035973|F|0-34:C>T-34:C>T,100032980|F|0-45:T>A-45:T>A,50325.0,38018248.0,4.81482486096809e-35
100035973|F|0-34:C>T-34:C>T,100049995|F|0-28:T>A-28:T>A,50325.0,38112106.0,0.01333640674394093
100035973|F|0-34:C>T-34:C>T,100015393|F|0-56:G>A-56:G>A,50325.0,38230758.0,0.0017170329670329596
100035973|F|0-34:C>T-34:C>T,100022008|F|0-51:G>C-51:G>C,50325.0,38274860.0,0.01062521952932915
100035973|F|0-34:C>T-34:C>T,100019383|F|0-67:A>T-67:A>T,50325.0,38687047.0,0.008606777837547059
100035973|F|0-34:C>T-34:C>T,100021690|F|0-12:G>A-12:G>A,50325.0,38877675.0,0.007872085421660496
100035973|F|0-34:C>T-34:C>T,100034940|F|0-27:A>C-27:A>C,50325.0,38877680.0,0.0024822324414715677
100035973|F|0-34:C>T-34:C>T,100017082|F|0-22:G>A-22:G>A,50325.0,38896484.0,0.0026813677120425534
100035973|F|0-34:C>T-34:C>T,100018671|F|0-6:A>T-6:A>T,50325.0,38898348.0,0.0036727198530912054
100035973|F|0-34:C>T-34:C>T,100035888|F|0-14:T>C-14:T>C,50325.0,38914509.0,0.0040844111640571746
100035973|F|0-34:C>T-34:C>T,100034779|F|0-8:A>T-8:A>T,50325.0,38917568.0,0.0036312782099298963
100035973|F|0-34:C>T-34:C>T,100016817|F|0-58:C>T-58:C>T,50325.0,38927419.0,0.021048688623742193
100035973|F|0-34:C>T-34:C>T,100018350|F|0-55:C>G-55:C>G,50325.0,38996563.0,0.010062611806797855
100028230|F|0-30:T>C-30:T>C,100056084|F|0-56:G>T-56:G>T,434062.0,1323114.0,0.0874071991452463
100028230|F|0-30:T>C-30:T>C,100019277|F|0-46:C>T-46:C>T,434062.0,1330202.0,0.09773996808025569
100028230|F|0-30:T>C-30:T>C,100030265|F|0-5:T>C-5:T>C,434062.0,3116909.0,0.028644859641975197
100028230|F|0-30:T>C-30:T>C,100058916|F|0-28:C>T-28:C>T,434062.0,3627910.0,4.703996094197535e-06
100028230|F|0-30:T>C-30:T>C,100059450|F|0-16:C>T-16:C>T,434062.0,5671831.0,0.004207609179060316
100028230|F|0-30:T>C-30:T>C,100045342|F|0-29:C>T-29:C>T,434062.0,7208957.0,0.00021823718568676613
100028230|F|0-30:T>C-30:T>C,100013982|F|0-20:C>G-20:C>G,434062.0,7288051.0,0.0022157318136724986
100028230|F|0-30:T>C-30:T>C,100016869|F|0-59:G>C-59:G>C,434062.0,7343723.0,0.0009736071032821812
100028230|F|0-30:T>C-30:T>C,100014470|F|0-59:T>C-59:T>C,434062.0,7507748.0,0.011837558969253025
100028230|F|0-30:T>C-30:T>C,100045002|F|0-68:G>C-68:G>C,434062.0,10684285.0,0.0006898863627195756
100028230|F|0-30:T>C-30:T>C,100041895|F|0-45:G>A-45:G>A,434062.0,10925928.0,0.017602984532165463
100028230|F|0-30:T>C-30:T>C,100018159|F|0-67:G>A-67:G>A,434062.0,10965809.0,0.021654161015132033
100028230|F|0-30:T>C-30:T>C,100017662|F|0-28:T>C-28:T>C,434062.0,10990186.0,0.021725778199899164
100028230|F|0-30:T>C-30:T>C,100058370|F|0-6:C>T-6:C>T,434062.0,12211612.0,0.00619957285239676
100028230|F|0-30:T>C-30:T>C,100059965|F|0-13:G>A-13:G>A,434062.0,15610976.0,0.00748872123027237
100028230|F|0-30:T>C-30:T>C,100050254|F|0-17:A>G-17:A>G,434062.0,15872467.0,0.0005179704016913309
100028230|F|0-30:T>C-30:T>C,100043217|F|0-12:G>T-12:G>T,434062.0,24356568.0,0.01158400297448996
100028230|F|0-30:T>C-30:T>C,100043216|F|0-10:A>G-10:A>G,434062.0,24356568.0,0.0029926301667556306
100028230|F|0-30:T>C-30:T>C,100036033|F|0-33:T>C-33:T>C,434062.0,25065738.0,0.012691923643513564
100028230|F|0-30:T>C-30:T>C,100058913|F|0-33:A>C-33:A>C,434062.0,25635537.0,4.703996094197535e-06
100028230|F|0-30:T>C-30:T>C,100020050|F|0-34:T>G-34:T>G,434062.0,27194741.0,0.05694129898489128
100028230|F|0-30:T>C-30:T>C,100014308|F|0-20:G>A-20:G>A,434062.0,27674495.0,0.021216304509282777
100028230|F|0-30:T>C-30:T>C,100013667|F|0-32:C>A-32:C>A,434062.0,27893794.0,0.029782865937482837
100028230|F|0-30:T>C-30:T>C,100021644|F|0-58:T>G-58:T>G,434062.0,28228664.0,0.01137092880807379
100028230|F|0-30:T>C-30:T>C,100013355|F|0-21:A>G-21:A>G,434062.0,28317387.0,0.03579971986716032
100028230|F|0-30:T>C-30:T>C,100033656|F|0-39:G>A-39:G>A,434062.0,28614182.0,0.019674196814599504
100028230|F|0-30:T>C-30:T>C,100014819|F|0-24:A>T-24:A>T,434062.0,28857198.0,0.0014155618803661169
100028230|F|0-30:T>C-30:T>C,100012992|F|0-18:G>T-18:G>T,434062.0,28905220.0,0.0005646562625283125
100028230|F|0-30:T>C-30:T>C,100029240|F|0-46:A>G-46:A>G,434062.0,28908034.0,0.00056359753203607
100028230|F|0-30:T>C-30:T>C,100034977|F|0-7:A>C-7:A>C,434062.0,30044545.0,0.027319559092629696
100028230|F|0-30:T>C-30:T>C,100013352|F|0-68:T>C-68:T>C,434062.0,30046946.0,0.009304374456249162
100028230|F|0-30:T>C-30:T>C,100015028|F|0-52:A>T-52:A>T,434062.0,30261516.0,0.0291123546682432
100028230|F|0-30:T>C-30:T>C,100013847|F|0-11:C>A-11:C>A,434062.0,31582817.0,0.006720311256521367
100028230|F|0-30:T>C-30:T>C,100058699|F|0-62:C>A-62:C>A,434062.0,31974051.0,0.0026457404667293307
100028230|F|0-30:T>C-30:T>C,100033659|F|0-57:T>C-57:T>C,434062.0,32094438.0,0.001382497819997389
100028230|F|0-30:T>C-30:T>C,100013718|F|0-18:C>A-18:C>A,434062.0,32883911.0,0.18217907625299123
100028230|F|0-30:T>C-30:T>C,100041762|F|0-5:T>C-5:T>C,434062.0,32989042.0,0.06935408006635052
100028230|F|0-30:T>C-30:T>C,100015328|F|0-33:T>C-33:T>C,434062.0,33041489.0,0.005467480720106951
100028230|F|0-30:T>C-30:T>C,100019357|F|0-62:A>C-62:A>C,434062.0,33053982.0,0.022085381255379538
100028230|F|0-30:T>C-30:T>C,100016448|F|0-61:C>T-61:C>T,434062.0,33055328.0,0.0015883074667562833
100028230|F|0-30:T>C-30:T>C,100021291|F|0-61:A>G-61:A>G,434062.0,33070336.0,0.09892471457837917
100028230|F|0-30:T>C-30:T>C,100048192|F|0-15:C>T-15:C>T,434062.0,33491970.0,0.010992748963879695
100028230|F|0-30:T>C-30:T>C,100039244|F|0-37:G>C-37:G>C,434062.0,33634526.0,0.01341582428920068
100028230|F|0-30:T>C-30:T>C,100014488|F|0-28:T>A-28:T>A,434062.0,34000405.0,0.030400313716846844
100028230|F|0-30:T>C-30:T>C,100040723|F|0-6:G>A-6:G>A,434062.0,34052241.0,0.016909251598269445
100028230|F|0-30:T>C-30:T>C,100016551|F|0-65:A>C-65:A>C,434062.0,35402436.0,0.009690893158317657
100028230|F|0-30:T>C-30:T>C,100032755|F|0-61:C>T-61:C>T,434062.0,35410581.0,7.084503208534254e-05
100028230|F|0-30:T>C-30:T>C,100048771|F|0-11:G>A-11:G>A,434062.0,35423854.0,0.013346733365158125
100028230|F|0-30:T>C-30:T>C,100014472|F|0-31:C>A-31:C>A,434062.0,35488899.0,3.387504534049254e-05
100028230|F|0-30:T>C-30:T>C,100019838|F|0-5:G>C-5:G>C,434062.0,36000724.0,4.232106306501106e-06
100028230|F|0-30:T>C-30:T>C,100046262|F|0-23:C>A-23:C>A,434062.0,36000729.0,4.232106306501106e-06
100028230|F|0-30:T>C-30:T>C,100034510|F|0-47:C>T-47:C>T,434062.0,36129807.0,0.0010470825920777269
100028230|F|0-30:T>C-30:T>C,100014127|F|0-16:C>T-16:C>T,434062.0,36258373.0,1.878936389290219e-05
100028230|F|0-30:T>C-30:T>C,100014670|F|0-19:A>G-19:A>G,434062.0,36976759.0,0.004506571369233739
100028230|F|0-30:T>C-30:T>C,100041232|F|0-30:T>A-30:T>A,434062.0,37013523.0,0.002965702927395605
100028230|F|0-30:T>C-30:T>C,100019174|F|0-24:T>A-24:T>A,434062.0,37246706.0,0.029824516008960664
100028230|F|0-30:T>C-30:T>C,100019068|F|0-18:T>C-18:T>C,434062.0,37282618.0,0.01918260306450782
100028230|F|0-30:T>C-30:T>C,100060605|F|0-5:C>T-5:C>T,434062.0,37463852.0,0.00867478774455519
100028230|F|0-30:T>C-30:T>C,100038566|F|0-46:T>A-46:T>A,434062.0,37463857.0,0.0005111207019343538
100028230|F|0-30:T>C-30:T>C,100034752|F|0-27:G>T-27:G>T,434062.0,37483520.0,0.00018609561226632529
100028230|F|0-30:T>C-30:T>C,100032980|F|0-45:T>A-45:T>A,434062.0,38018248.0,0.00034290460370194504
100028230|F|0-30:T>C-30:T>C,100049995|F|0-28:T>A-28:T>A,434062.0,38112106.0,0.0004941129047987417
100028230|F|0-30:T>C-30:T>C,100015393|F|0-56:G>A-56:G>A,434062.0,38230758.0,9.939991746667864e-05
100028230|F|0-30:T>C-30:T>C,100022008|F|0-51:G>C-51:G>C,434062.0,38274860.0,0.015743100539213947
100028230|F|0-30:T>C-30:T>C,100019383|F|0-67:A>T-67:A>T,434062.0,38687047.0,0.03406651488046835
100028230|F|0-30:T>C-30:T>C,100021690|F|0-12:G>A-12:G>A,434062.0,38877675.0,0.029639730807227316
100028230|F|0-30:T>C-30:T>C,100034940|F|0-27:A>C-27:A>C,434062.0,38877680.0,0.0664567899960794
100028230|F|0-30:T>C-30:T>C,100017082|F|0-22:G>A-22:G>A,434062.0,38896484.0,0.046350160448360746
100028230|F|0-30:T>C-30:T>C,100018671|F|0-6:A>T-6:A>T,434062.0,38898348.0,0.03903676166249197
100028230|F|0-30:T>C-30:T>C,100035888|F|0-14:T>C-14:T>C,434062.0,38914509.0,0.04341256385474765
100028230|F|0-30:T>C-30:T>C,100034779|F|0-8:A>T-8:A>T,434062.0,38917568.0,0.048859348150412804
100028230|F|0-30:T>C-30:T>C,100016817|F|0-58:C>T-58:C>T,434062.0,38927419.0,0.017807730391944603
100028230|F|0-30:T>C-30:T>C,100018350|F|0-55:C>G-55:C>G,434062.0,38996563.0,0.0035443698942630108
100056084|F|0-56:G>T-56:G>T,100019277|F|0-46:C>T-46:C>T,1323114.0,1330202.0,0.8929028132992364
100056084|F|0-56:G>T-56:G>T,100030265|F|0-5:T>C-5:T>C,1323114.0,3116909.0,0.0021196478547345593
100056084|F|0-56:G>T-56:G>T,100058916|F|0-28:C>T-28:C>T,1323114.0,3627910.0,0.04750969585629728
100056084|F|0-56:G>T-56:G>T,100059450|F|0-16:C>T-16:C>T,1323114.0,5671831.0,0.015242276514581102
100056084|F|0-56:G>T-56:G>T,100045342|F|0-29:C>T-29:C>T,1323114.0,7208957.0,0.0017993181531209214
100056084|F|0-56:G>T-56:G>T,100013982|F|0-20:C>G-20:C>G,1323114.0,7288051.0,0.00913318160414377
100056084|F|0-56:G>T-56:G>T,100016869|F|0-59:G>C-59:G>C,1323114.0,7343723.0,0.0023274069037238507
100056084|F|0-56:G>T-56:G>T,100014470|F|0-59:T>C-59:T>C,1323114.0,7507748.0,0.028657259672915825
100056084|F|0-56:G>T-56:G>T,100045002|F|0-68:G>C-68:G>C,1323114.0,10684285.0,5.506365358354325e-06
100056084|F|0-56:G>T-56:G>T,100041895|F|0-45:G>A-45:G>A,1323114.0,10925928.0,0.007428839537065984
100056084|F|0-56:G>T-56:G>T,100018159|F|0-67:G>A-67:G>A,1323114.0,10965809.0,6.552085632310822e-05
100056084|F|0-56:G>T-56:G>T,100017662|F|0-28:T>C-28:T>C,1323114.0,10990186.0,6.0528059534125446e-05
100056084|F|0-56:G>T-56:G>T,100058370|F|0-6:C>T-6:C>T,1323114.0,12211612.0,0.00469367588932807
100056084|F|0-56:G>T-56:G>T,100059965|F|0-13:G>A-13:G>A,1323114.0,15610976.0,0.00014836331834082602
100056084|F|0-56:G>T-56:G>T,100050254|F|0-17:A>G-17:A>G,1323114.0,15872467.0,0.01778656126482218
100056084|F|0-56:G>T-56:G>T,100043217|F|0-12:G>T-12:G>T,1323114.0,24356568.0,0.0034872338689942053
100056084|F|0-56:G>T-56:G>T,100043216|F|0-10:A>G-10:A>G,1323114.0,24356568.0,7.787395894812675e-05
100056084|F|0-56:G>T-56:G>T,100036033|F|0-33:T>C-33:T>C,1323114.0,25065738.0,0.005475955204216075
100056084|F|0-56:G>T-56:G>T,100058913|F|0-33:A>C-33:A>C,1323114.0,25635537.0,0.04750969585629728
100056084|F|0-56:G>T-56:G>T,100020050|F|0-34:T>G-34:T>G,1323114.0,27194741.0,0.020457342083675202
100056084|F|0-56:G>T-56:G>T,100014308|F|0-20:G>A-20:G>A,1323114.0,27674495.0,0.04578860363679811
100056084|F|0-56:G>T-56:G>T,100013667|F|0-32:C>A-32:C>A,1323114.0,27893794.0,0.03496664366229573
100056084|F|0-56:G>T-56:G>T,100021644|F|0-58:T>G-58:T>G,1323114.0,28228664.0,0.011857650076443911
100056084|F|0-56:G>T-56:G>T,100013355|F|0-21:A>G-21:A>G,1323114.0,28317387.0,0.04012517839554549
100056084|F|0-56:G>T-56:G>T,100033656|F|0-39:G>A-39:G>A,1323114.0,28614182.0,0.046045084317999356
100056084|F|0-56:G>T-56:G>T,100014819|F|0-24:A>T-24:A>T,1323114.0,28857198.0,0.00934326590618279
100056084|F|0-56:G>T-56:G>T,100012992|F|0-18:G>T-18:G>T,1323114.0,28905220.0,0.023568307424246558
100056084|F|0-56:G>T-56:G>T,100029240|F|0-46:A>G-46:A>G,1323114.0,28908034.0,0.020168138586956538
100056084|F|0-56:G>T-56:G>T,100034977|F|0-7:A>C-7:A>C,1323114.0,30044545.0,0.0019133455854585743
100056084|F|0-56:G>T-56:G>T,100013352|F|0-68:T>C-68:T>C,1323114.0,30046946.0,0.0033805641821946153
100056084|F|0-56:G>T-56:G>T,100015028|F|0-52:A>T-52:A>T,1323114.0,30261516.0,0.007135108069765539
100056084|F|0-56:G>T-56:G>T,100013847|F|0-11:C>A-11:C>A,1323114.0,31582817.0,0.11623936922540012
100056084|F|0-56:G>T-56:G>T,100058699|F|0-62:C>A-62:C>A,1323114.0,31974051.0,0.012148337595907917
100056084|F|0-56:G>T-56:G>T,100033659|F|0-57:T>C-57:T>C,1323114.0,32094438.0,0.004249361985337077
100056084|F|0-56:G>T-56:G>T,100013718|F|0-18:C>A-18:C>A,1323114.0,32883911.0,0.049720722531732826
100056084|F|0-56:G>T-56:G>T,100041762|F|0-5:T>C-5:T>C,1323114.0,32989042.0,0.004705474852667979
100056084|F|0-56:G>T-56:G>T,100015328|F|0-33:T>C-33:T>C,1323114.0,33041489.0,0.02790598865359219
100056084|F|0-56:G>T-56:G>T,100019357|F|0-62:A>C-62:A>C,1323114.0,33053982.0,0.03161270265291082
100056084|F|0-56:G>T-56:G>T,100016448|F|0-61:C>T-61:C>T,1323114.0,33055328.0,0.0018647561095298875
100056084|F|0-56:G>T-56:G>T,100021291|F|0-61:A>G-61:A>G,1323114.0,33070336.0,0.0014398926034990486
100056084|F|0-56:G>T-56:G>T,100048192|F|0-15:C>T-15:C>T,1323114.0,33491970.0,0.02121996434215334
100056084|F|0-56:G>T-56:G>T,100039244|F|0-37:G>C-37:G>C,1323114.0,33634526.0,0.07315565977943995
100056084|F|0-56:G>T-56:G>T,100014488|F|0-28:T>A-28:T>A,1323114.0,34000405.0,0.0008342440090547151
100056084|F|0-56:G>T-56:G>T,100040723|F|0-6:G>A-6:G>A,1323114.0,34052241.0,0.03613892834990703
100056084|F|0-56:G>T-56:G>T,100016551|F|0-65:A>C-65:A>C,1323114.0,35402436.0,0.15924567836563724
100056084|F|0-56:G>T-56:G>T,100032755|F|0-61:C>T-61:C>T,1323114.0,35410581.0,0.05036388732040894
100056084|F|0-56:G>T-56:G>T,100048771|F|0-11:G>A-11:G>A,1323114.0,35423854.0,0.055237801404974404
100056084|F|0-56:G>T-56:G>T,100014472|F|0-31:C>A-31:C>A,1323114.0,35488899.0,0.03307536977884485
100056084|F|0-56:G>T-56:G>T,100019838|F|0-5:G>C-5:G>C,1323114.0,36000724.0,0.01766447821495804
100056084|F|0-56:G>T-56:G>T,100046262|F|0-23:C>A-23:C>A,1323114.0,36000729.0,0.01766447821495804
100056084|F|0-56:G>T-56:G>T,100034510|F|0-47:C>T-47:C>T,1323114.0,36129807.0,0.012483983226069478
100056084|F|0-56:G>T-56:G>T,100014127|F|0-16:C>T-16:C>T,1323114.0,36258373.0,0.10910452729693733
100056084|F|0-56:G>T-56:G>T,100014670|F|0-19:A>G-19:A>G,1323114.0,36976759.0,0.015388965570125042
100056084|F|0-56:G>T-56:G>T,100041232|F|0-30:T>A-30:T>A,1323114.0,37013523.0,0.00048053145092396947
100056084|F|0-56:G>T-56:G>T,100019174|F|0-24:T>A-24:T>A,1323114.0,37246706.0,0.006034726143421782
100056084|F|0-56:G>T-56:G>T,100019068|F|0-18:T>C-18:T>C,1323114.0,37282618.0,0.00046461583606397644
100056084|F|0-56:G>T-56:G>T,100060605|F|0-5:C>T-5:C>T,1323114.0,37463852.0,0.005204547707149471
100056084|F|0-56:G>T-56:G>T,100038566|F|0-46:T>A-46:T>A,1323114.0,37463857.0,0.003186449205484058
100056084|F|0-56:G>T-56:G>T,100034752|F|0-27:G>T-27:G>T,1323114.0,37483520.0,0.00041048932247656904
100056084|F|0-56:G>T-56:G>T,100032980|F|0-45:T>A-45:T>A,1323114.0,38018248.0,0.0679347826086957
100056084|F|0-56:G>T-56:G>T,100049995|F|0-28:T>A-28:T>A,1323114.0,38112106.0,0.21045590753424628
100056084|F|0-56:G>T-56:G>T,100015393|F|0-56:G>A-56:G>A,1323114.0,38230758.0,0.0008195307108350617
100056084|F|0-56:G>T-56:G>T,100022008|F|0-51:G>C-51:G>C,1323114.0,38274860.0,0.014734713122890639
100056084|F|0-56:G>T-56:G>T,100019383|F|0-67:A>T-67:A>T,1323114.0,38687047.0,0.03249467923380981
100056084|F|0-56:G>T-56:G>T,100021690|F|0-12:G>A-12:G>A,1323114.0,38877675.0,0.026327133883483227
100056084|F|0-56:G>T-56:G>T,100034940|F|0-27:A>C-27:A>C,1323114.0,38877680.0,0.017013232514177707
100056084|F|0-56:G>T-56:G>T,100017082|F|0-22:G>A-22:G>A,1323114.0,38896484.0,0.03731904265379857
100056084|F|0-56:G>T-56:G>T,100018671|F|0-6:A>T-6:A>T,1323114.0,38898348.0,0.04382424172529131
100056084|F|0-56:G>T-56:G>T,100035888|F|0-14:T>C-14:T>C,1323114.0,38914509.0,0.03731403103757854
100056084|F|0-56:G>T-56:G>T,100034779|F|0-8:A>T-8:A>T,1323114.0,38917568.0,0.035097093307279045
100056084|F|0-56:G>T-56:G>T,100016817|F|0-58:C>T-58:C>T,1323114.0,38927419.0,0.006661396338999917
100056084|F|0-56:G>T-56:G>T,100018350|F|0-55:C>G-55:C>G,1323114.0,38996563.0,0.05072990394337708
100019277|F|0-46:C>T-46:C>T,100030265|F|0-5:T>C-5:T>C,1330202.0,3116909.0,0.0001715096200669813
100019277|F|0-46:C>T-46:C>T,100058916|F|0-28:C>T-28:C>T,1330202.0,3627910.0,0.060275023301574304
100019277|F|0-46:C>T-46:C>T,100059450|F|0-16:C>T-16:C>T,1330202.0,5671831.0,0.014625192945659449
100019277|F|0-46:C>T-46:C>T,100045342|F|0-29:C>T-29:C>T,1330202.0,7208957.0,0.00020301259419547044
100019277|F|0-46:C>T-46:C>T,100013982|F|0-20:C>G-20:C>G,1330202.0,7288051.0,0.0018925694149500955
100019277|F|0-46:C>T-46:C>T,100016869|F|0-59:G>C-59:G>C,1330202.0,7343723.0,0.0009246137507440873
100019277|F|0-46:C>T-46:C>T,100014470|F|0-59:T>C-59:T>C,1330202.0,7507748.0,0.024835851771901476
100019277|F|0-46:C>T-46:C>T,100045002|F|0-68:G>C-68:G>C,1330202.0,10684285.0,9.436398672944407e-05
100019277|F|0-46:C>T-46:C>T,100041895|F|0-45:G>A-45:G>A,1330202.0,10925928.0,0.014332284172661844
100019277|F|0-46:C>T-46:C>T,100018159|F|0-67:G>A-67:G>A,1330202.0,10965809.0,5.618126057529603e-05
100019277|F|0-46:C>T-46:C>T,100017662|F|0-28:T>C-28:T>C,1330202.0,10990186.0,0.0003167884973450117
100019277|F|0-46:C>T-46:C>T,100058370|F|0-6:C>T-6:C>T,1330202.0,12211612.0,0.004264845142602504
100019277|F|0-46:C>T-46:C>T,100059965|F|0-13:G>A-13:G>A,1330202.0,15610976.0,0.004227589024115388
100019277|F|0-46:C>T-46:C>T,100050254|F|0-17:A>G-17:A>G,1330202.0,15872467.0,0.017496309603386814
100019277|F|0-46:C>T-46:C>T,100043217|F|0-12:G>T-12:G>T,1330202.0,24356568.0,0.0022256557407202998
100019277|F|0-46:C>T-46:C>T,100043216|F|0-10:A>G-10:A>G,1330202.0,24356568.0,0.0004075725312749539
100019277|F|0-46:C>T-46:C>T,100036033|F|0-33:T>C-33:T>C,1330202.0,25065738.0,0.004085298892284192
100019277|F|0-46:C>T-46:C>T,100058913|F|0-33:A>C-33:A>C,1330202.0,25635537.0,0.060275023301574304
100019277|F|0-46:C>T-46:C>T,100020050|F|0-34:T>G-34:T>G,1330202.0,27194741.0,0.027623628067579186
100019277|F|0-46:C>T-46:C>T,100014308|F|0-20:G>A-20:G>A,1330202.0,27674495.0,0.048574995733520344
100019277|F|0-46:C>T-46:C>T,100013667|F|0-32:C>A-32:C>A,1330202.0,27893794.0,0.04629791731507425
100019277|F|0-46:C>T-46:C>T,100021644|F|0-58:T>G-58:T>G,1330202.0,28228664.0,0.009744089440484154
100019277|F|0-46:C>T-46:C>T,100013355|F|0-21:A>G-21:A>G,1330202.0,28317387.0,0.03600330706716355
100019277|F|0-46:C>T-46:C>T,100033656|F|0-39:G>A-39:G>A,1330202.0,28614182.0,0.011933372458482085
100019277|F|0-46:C>T-46:C>T,100014819|F|0-24:A>T-24:A>T,1330202.0,28857198.0,0.00957831473227991
100019277|F|0-46:C>T-46:C>T,100012992|F|0-18:G>T-18:G>T,1330202.0,28905220.0,0.0095783147322799
100019277|F|0-46:C>T-46:C>T,100029240|F|0-46:A>G-46:A>G,1330202.0,28908034.0,0.007506127450980391
100019277|F|0-46:C>T-46:C>T,100034977|F|0-7:A>C-7:A>C,1330202.0,30044545.0,0.0008693565005620064
100019277|F|0-46:C>T-46:C>T,100013352|F|0-68:T>C-68:T>C,1330202.0,30046946.0,0.0020693409939733457
100019277|F|0-46:C>T-46:C>T,100015028|F|0-52:A>T-52:A>T,1330202.0,30261516.0,0.011198769334989266
100019277|F|0-46:C>T-46:C>T,100013847|F|0-11:C>A-11:C>A,1330202.0,31582817.0,0.14736694345038395
100019277|F|0-46:C>T-46:C>T,100058699|F|0-62:C>A-62:C>A,1330202.0,31974051.0,0.00202746539792388
100019277|F|0-46:C>T-46:C>T,100033659|F|0-57:T>C-57:T>C,1330202.0,32094438.0,0.011308548789708413
100019277|F|0-46:C>T-46:C>T,100013718|F|0-18:C>A-18:C>A,1330202.0,32883911.0,0.059226832245448065
100019277|F|0-46:C>T-46:C>T,100041762|F|0-5:T>C-5:T>C,1330202.0,32989042.0,0.004044633429637311
100019277|F|0-46:C>T-46:C>T,100015328|F|0-33:T>C-33:T>C,1330202.0,33041489.0,0.050817177264606724
100019277|F|0-46:C>T-46:C>T,100019357|F|0-62:A>C-62:A>C,1330202.0,33053982.0,0.021269524759056198
100019277|F|0-46:C>T-46:C>T,100016448|F|0-61:C>T-61:C>T,1330202.0,33055328.0,0.0033209954410658308
100019277|F|0-46:C>T-46:C>T,100021291|F|0-61:A>G-61:A>G,1330202.0,33070336.0,3.844914459807814e-05
100019277|F|0-46:C>T-46:C>T,100048192|F|0-15:C>T-15:C>T,1330202.0,33491970.0,0.0319405517332748
100019277|F|0-46:C>T-46:C>T,100039244|F|0-37:G>C-37:G>C,1330202.0,33634526.0,0.05724976002305709
100019277|F|0-46:C>T-46:C>T,100014488|F|0-28:T>A-28:T>A,1330202.0,34000405.0,0.0017164013271376748
100019277|F|0-46:C>T-46:C>T,100040723|F|0-6:G>A-6:G>A,1330202.0,34052241.0,0.02597392068884618
100019277|F|0-46:C>T-46:C>T,100016551|F|0-65:A>C-65:A>C,1330202.0,35402436.0,0.1788928590177706
100019277|F|0-46:C>T-46:C>T,100032755|F|0-61:C>T-61:C>T,1330202.0,35410581.0,0.029127275910364066
100019277|F|0-46:C>T-46:C>T,100048771|F|0-11:G>A-11:G>A,1330202.0,35423854.0,0.06369605702543024
100019277|F|0-46:C>T-46:C>T,100014472|F|0-31:C>A-31:C>A,1330202.0,35488899.0,0.04541940781928117
100019277|F|0-46:C>T-46:C>T,100019838|F|0-5:G>C-5:G>C,1330202.0,36000724.0,0.006405839130794876
100019277|F|0-46:C>T-46:C>T,100046262|F|0-23:C>A-23:C>A,1330202.0,36000729.0,0.006405839130794876
100019277|F|0-46:C>T-46:C>T,100034510|F|0-47:C>T-47:C>T,1330202.0,36129807.0,0.0033986216723795983
100019277|F|0-46:C>T-46:C>T,100014127|F|0-16:C>T-16:C>T,1330202.0,36258373.0,0.14334808490639941
100019277|F|0-46:C>T-46:C>T,100014670|F|0-19:A>G-19:A>G,1330202.0,36976759.0,0.012957613600995918
100019277|F|0-46:C>T-46:C>T,100041232|F|0-30:T>A-30:T>A,1330202.0,37013523.0,2.5346229494900145e-06
100019277|F|0-46:C>T-46:C>T,100019174|F|0-24:T>A-24:T>A,1330202.0,37246706.0,0.009471686401833499
100019277|F|0-46:C>T-46:C>T,100019068|F|0-18:T>C-18:T>C,1330202.0,37282618.0,0.0006521186230397709
100019277|F|0-46:C>T-46:C>T,100060605|F|0-5:C>T-5:C>T,1330202.0,37463852.0,0.0035928350728589233
100019277|F|0-46:C>T-46:C>T,100038566|F|0-46:T>A-46:T>A,1330202.0,37463857.0,0.004733116124945637
100019277|F|0-46:C>T-46:C>T,100034752|F|0-27:G>T-27:G>T,1330202.0,37483520.0,0.0009548430679692398
100019277|F|0-46:C>T-46:C>T,100032980|F|0-45:T>A-45:T>A,1330202.0,38018248.0,0.07276348039215691
100019277|F|0-46:C>T-46:C>T,100049995|F|0-28:T>A-28:T>A,1330202.0,38112106.0,0.23796451639303087
100019277|F|0-46:C>T-46:C>T,100015393|F|0-56:G>A-56:G>A,1330202.0,38230758.0,0.0002272127986997278
100019277|F|0-46:C>T-46:C>T,100022008|F|0-51:G>C-51:G>C,1330202.0,38274860.0,0.0067220095800877375
100019277|F|0-46:C>T-46:C>T,100019383|F|0-67:A>T-67:A>T,1330202.0,38687047.0,0.06601203637049233
100019277|F|0-46:C>T-46:C>T,100021690|F|0-12:G>A-12:G>A,1330202.0,38877675.0,0.018364994723101723
100019277|F|0-46:C>T-46:C>T,100034940|F|0-27:A>C-27:A>C,1330202.0,38877680.0,0.010250159846547325
100019277|F|0-46:C>T-46:C>T,100017082|F|0-22:G>A-22:G>A,1330202.0,38896484.0,0.020765070180330917
100019277|F|0-46:C>T-46:C>T,100018671|F|0-6:A>T-6:A>T,1330202.0,38898348.0,0.025942115904717303
100019277|F|0-46:C>T-46:C>T,100035888|F|0-14:T>C-14:T>C,1330202.0,38914509.0,0.019963922147029887
100019277|F|0-46:C>T-46:C>T,100034779|F|0-8:A>T-8:A>T,1330202.0,38917568.0,0.01801095750410029
100019277|F|0-46:C>T-46:C>T,100016817|F|0-58:C>T-58:C>T,1330202.0,38927419.0,0.007374019345050398
100019277|F|0-46:C>T-46:C>T,100018350|F|0-55:C>G-55:C>G,1330202.0,38996563.0,0.04402512175735933
100030265|F|0-5:T>C-5:T>C,100058916|F|0-28:C>T-28:C>T,3116909.0,3627910.0,0.003712679863604685
100030265|F|0-5:T>C-5:T>C,100059450|F|0-16:C>T-16:C>T,3116909.0,5671831.0,0.029376427616826552
100030265|F|0-5:T>C-5:T>C,100045342|F|0-29:C>T-29:C>T,3116909.0,7208957.0,0.015371601813249444
100030265|F|0-5:T>C-5:T>C,100013982|F|0-20:C>G-20:C>G,3116909.0,7288051.0,0.005841038130282276
100030265|F|0-5:T>C-5:T>C,100016869|F|0-59:G>C-59:G>C,3116909.0,7343723.0,0.004342081765284881
100030265|F|0-5:T>C-5:T>C,100014470|F|0-59:T>C-59:T>C,3116909.0,7507748.0,0.0006522979954151702
100030265|F|0-5:T>C-5:T>C,100045002|F|0-68:G>C-68:G>C,3116909.0,10684285.0,0.0006451713122082236
100030265|F|0-5:T>C-5:T>C,100041895|F|0-45:G>A-45:G>A,3116909.0,10925928.0,0.0010255353750451201
100030265|F|0-5:T>C-5:T>C,100018159|F|0-67:G>A-67:G>A,3116909.0,10965809.0,0.02037917984156672
100030265|F|0-5:T>C-5:T>C,100017662|F|0-28:T>C-28:T>C,3116909.0,10990186.0,0.012839808695228482
100030265|F|0-5:T>C-5:T>C,100058370|F|0-6:C>T-6:C>T,3116909.0,12211612.0,0.010024535778463812
100030265|F|0-5:T>C-5:T>C,100059965|F|0-13:G>A-13:G>A,3116909.0,15610976.0,0.004899476262882218
100030265|F|0-5:T>C-5:T>C,100050254|F|0-17:A>G-17:A>G,3116909.0,15872467.0,0.0006839492236096392
100030265|F|0-5:T>C-5:T>C,100043217|F|0-12:G>T-12:G>T,3116909.0,24356568.0,0.0005030386769226934
100030265|F|0-5:T>C-5:T>C,100043216|F|0-10:A>G-10:A>G,3116909.0,24356568.0,0.0020671218309929137
100030265|F|0-5:T>C-5:T>C,100036033|F|0-33:T>C-33:T>C,3116909.0,25065738.0,7.926268696669142e-05
100030265|F|0-5:T>C-5:T>C,100058913|F|0-33:A>C-33:A>C,3116909.0,25635537.0,0.003712679863604685
100030265|F|0-5:T>C-5:T>C,100020050|F|0-34:T>G-34:T>G,3116909.0,27194741.0,0.009182362614067978
100030265|F|0-5:T>C-5:T>C,100014308|F|0-20:G>A-20:G>A,3116909.0,27674495.0,0.04923551082072474
100030265|F|0-5:T>C-5:T>C,100013667|F|0-32:C>A-32:C>A,3116909.0,27893794.0,0.028974488933941594
100030265|F|0-5:T>C-5:T>C,100021644|F|0-58:T>G-58:T>G,3116909.0,28228664.0,0.0005378921749930388
100030265|F|0-5:T>C-5:T>C,100013355|F|0-21:A>G-21:A>G,3116909.0,28317387.0,0.00634086051665115
100030265|F|0-5:T>C-5:T>C,100033656|F|0-39:G>A-39:G>A,3116909.0,28614182.0,1.3540314028300097e-05
100030265|F|0-5:T>C-5:T>C,100014819|F|0-24:A>T-24:A>T,3116909.0,28857198.0,0.007723554142476357
100030265|F|0-5:T>C-5:T>C,100012992|F|0-18:G>T-18:G>T,3116909.0,28905220.0,0.005281380033076461
100030265|F|0-5:T>C-5:T>C,100029240|F|0-46:A>G-46:A>G,3116909.0,28908034.0,0.00810947795235682
100030265|F|0-5:T>C-5:T>C,100034977|F|0-7:A>C-7:A>C,3116909.0,30044545.0,0.0003293594973955009
100030265|F|0-5:T>C-5:T>C,100013352|F|0-68:T>C-68:T>C,3116909.0,30046946.0,0.00025513534446631325
100030265|F|0-5:T>C-5:T>C,100015028|F|0-52:A>T-52:A>T,3116909.0,30261516.0,0.020641423127771983
100030265|F|0-5:T>C-5:T>C,100013847|F|0-11:C>A-11:C>A,3116909.0,31582817.0,0.01850841878670031
100030265|F|0-5:T>C-5:T>C,100058699|F|0-62:C>A-62:C>A,3116909.0,31974051.0,0.0006037387078500951
100030265|F|0-5:T>C-5:T>C,100033659|F|0-57:T>C-57:T>C,3116909.0,32094438.0,0.011585499098085957
100030265|F|0-5:T>C-5:T>C,100013718|F|0-18:C>A-18:C>A,3116909.0,32883911.0,0.07115611615461297
100030265|F|0-5:T>C-5:T>C,100041762|F|0-5:T>C-5:T>C,3116909.0,32989042.0,0.028046200079259502
100030265|F|0-5:T>C-5:T>C,100015328|F|0-33:T>C-33:T>C,3116909.0,33041489.0,0.01251149517359491
100030265|F|0-5:T>C-5:T>C,100019357|F|0-62:A>C-62:A>C,3116909.0,33053982.0,0.03204549823034696
100030265|F|0-5:T>C-5:T>C,100016448|F|0-61:C>T-61:C>T,3116909.0,33055328.0,0.003848798508991015
100030265|F|0-5:T>C-5:T>C,100021291|F|0-61:A>G-61:A>G,3116909.0,33070336.0,0.000133345410624536
100030265|F|0-5:T>C-5:T>C,100048192|F|0-15:C>T-15:C>T,3116909.0,33491970.0,2.3145644202322864e-05
100030265|F|0-5:T>C-5:T>C,100039244|F|0-37:G>C-37:G>C,3116909.0,33634526.0,0.08514951849974653
100030265|F|0-5:T>C-5:T>C,100014488|F|0-28:T>A-28:T>A,3116909.0,34000405.0,0.0028536044500214333
100030265|F|0-5:T>C-5:T>C,100040723|F|0-6:G>A-6:G>A,3116909.0,34052241.0,0.0008537366738125308
100030265|F|0-5:T>C-5:T>C,100016551|F|0-65:A>C-65:A>C,3116909.0,35402436.0,0.007268302810837878
100030265|F|0-5:T>C-5:T>C,100032755|F|0-61:C>T-61:C>T,3116909.0,35410581.0,0.00010531789548515378
100030265|F|0-5:T>C-5:T>C,100048771|F|0-11:G>A-11:G>A,3116909.0,35423854.0,0.008067425528477223
100030265|F|0-5:T>C-5:T>C,100014472|F|0-31:C>A-31:C>A,3116909.0,35488899.0,0.005996014041691994
100030265|F|0-5:T>C-5:T>C,100019838|F|0-5:G>C-5:G>C,3116909.0,36000724.0,0.013445639683777474
100030265|F|0-5:T>C-5:T>C,100046262|F|0-23:C>A-23:C>A,3116909.0,36000729.0,0.013445639683777474
100030265|F|0-5:T>C-5:T>C,100034510|F|0-47:C>T-47:C>T,3116909.0,36129807.0,0.07043521906080373
100030265|F|0-5:T>C-5:T>C,100014127|F|0-16:C>T-16:C>T,3116909.0,36258373.0,0.002051721768058787
100030265|F|0-5:T>C-5:T>C,100014670|F|0-19:A>G-19:A>G,3116909.0,36976759.0,0.0015026490782530603
100030265|F|0-5:T>C-5:T>C,100041232|F|0-30:T>A-30:T>A,3116909.0,37013523.0,0.0005882149451934083
100030265|F|0-5:T>C-5:T>C,100019174|F|0-24:T>A-24:T>A,3116909.0,37246706.0,0.0025675351004798546
100030265|F|0-5:T>C-5:T>C,100019068|F|0-18:T>C-18:T>C,3116909.0,37282618.0,0.0002234895498681008
100030265|F|0-5:T>C-5:T>C,100060605|F|0-5:C>T-5:C>T,3116909.0,37463852.0,0.002379145439111901
100030265|F|0-5:T>C-5:T>C,100038566|F|0-46:T>A-46:T>A,3116909.0,37463857.0,0.008710772868634961
100030265|F|0-5:T>C-5:T>C,100034752|F|0-27:G>T-27:G>T,3116909.0,37483520.0,0.014668430167687818
100030265|F|0-5:T>C-5:T>C,100032980|F|0-45:T>A-45:T>A,3116909.0,38018248.0,0.07282691332995436
100030265|F|0-5:T>C-5:T>C,100049995|F|0-28:T>A-28:T>A,3116909.0,38112106.0,0.058765942969818456
100030265|F|0-5:T>C-5:T>C,100015393|F|0-56:G>A-56:G>A,3116909.0,38230758.0,0.002606617913257557
100030265|F|0-5:T>C-5:T>C,100022008|F|0-51:G>C-51:G>C,3116909.0,38274860.0,0.001771923246938699
100030265|F|0-5:T>C-5:T>C,100019383|F|0-67:A>T-67:A>T,3116909.0,38687047.0,0.0010721665562010198
100030265|F|0-5:T>C-5:T>C,100021690|F|0-12:G>A-12:G>A,3116909.0,38877675.0,0.03270963962502277
100030265|F|0-5:T>C-5:T>C,100034940|F|0-27:A>C-27:A>C,3116909.0,38877680.0,0.039802276383349156
100030265|F|0-5:T>C-5:T>C,100017082|F|0-22:G>A-22:G>A,3116909.0,38896484.0,0.07266220015948704
100030265|F|0-5:T>C-5:T>C,100018671|F|0-6:A>T-6:A>T,3116909.0,38898348.0,0.03293803213407532
100030265|F|0-5:T>C-5:T>C,100035888|F|0-14:T>C-14:T>C,3116909.0,38914509.0,0.036630200927865376
100030265|F|0-5:T>C-5:T>C,100034779|F|0-8:A>T-8:A>T,3116909.0,38917568.0,0.03518860737306952
100030265|F|0-5:T>C-5:T>C,100016817|F|0-58:C>T-58:C>T,3116909.0,38927419.0,7.245780872371507e-07
100030265|F|0-5:T>C-5:T>C,100018350|F|0-55:C>G-55:C>G,3116909.0,38996563.0,0.012706747813832974
100058916|F|0-28:C>T-28:C>T,100059450|F|0-16:C>T-16:C>T,3627910.0,5671831.0,0.0001399166132332486
100058916|F|0-28:C>T-28:C>T,100045342|F|0-29:C>T-29:C>T,3627910.0,7208957.0,0.0021997100382222393
100058916|F|0-28:C>T-28:C>T,100013982|F|0-20:C>G-20:C>G,3627910.0,7288051.0,7.653471975051262e-05
100058916|F|0-28:C>T-28:C>T,100016869|F|0-59:G>C-59:G>C,3627910.0,7343723.0,0.0007871516125270527
100058916|F|0-28:C>T-28:C>T,100014470|F|0-59:T>C-59:T>C,3627910.0,7507748.0,0.0014657901537666314
100058916|F|0-28:C>T-28:C>T,100045002|F|0-68:G>C-68:G>C,3627910.0,10684285.0,0.0012455049445609806
100058916|F|0-28:C>T-28:C>T,100041895|F|0-45:G>A-45:G>A,3627910.0,10925928.0,0.0001688789813219856
100058916|F|0-28:C>T-28:C>T,100018159|F|0-67:G>A-67:G>A,3627910.0,10965809.0,0.0010068873477753156
100058916|F|0-28:C>T-28:C>T,100017662|F|0-28:T>C-28:T>C,3627910.0,10990186.0,0.016347990247070576
100058916|F|0-28:C>T-28:C>T,100058370|F|0-6:C>T-6:C>T,3627910.0,12211612.0,2.6675202731539924e-05
100058916|F|0-28:C>T-28:C>T,100059965|F|0-13:G>A-13:G>A,3627910.0,15610976.0,0.029801413847067117
100058916|F|0-28:C>T-28:C>T,100050254|F|0-17:A>G-17:A>G,3627910.0,15872467.0,0.0076657863849765645
100058916|F|0-28:C>T-28:C>T,100043217|F|0-12:G>T-12:G>T,3627910.0,24356568.0,0.0025456050876868537
100058916|F|0-28:C>T-28:C>T,100043216|F|0-10:A>G-10:A>G,3627910.0,24356568.0,0.0019867192091715625
100058916|F|0-28:C>T-28:C>T,100036033|F|0-33:T>C-33:T>C,3627910.0,25065738.0,0.018139772981322355
100058916|F|0-28:C>T-28:C>T,100058913|F|0-33:A>C-33:A>C,3627910.0,25635537.0,0.9999999999999973
100058916|F|0-28:C>T-28:C>T,100020050|F|0-34:T>G-34:T>G,3627910.0,27194741.0,0.001563099772640037
100058916|F|0-28:C>T-28:C>T,100014308|F|0-20:G>A-20:G>A,3627910.0,27674495.0,0.014815722860602284
100058916|F|0-28:C>T-28:C>T,100013667|F|0-32:C>A-32:C>A,3627910.0,27893794.0,0.011744075564498075
100058916|F|0-28:C>T-28:C>T,100021644|F|0-58:T>G-58:T>G,3627910.0,28228664.0,0.00041995653081522145
100058916|F|0-28:C>T-28:C>T,100013355|F|0-21:A>G-21:A>G,3627910.0,28317387.0,0.026622653938734878
100058916|F|0-28:C>T-28:C>T,100033656|F|0-39:G>A-39:G>A,3627910.0,28614182.0,0.0017377240576263067
100058916|F|0-28:C>T-28:C>T,100014819|F|0-24:A>T-24:A>T,3627910.0,28857198.0,0.06202228503561539
100058916|F|0-28:C>T-28:C>T,100012992|F|0-18:G>T-18:G>T,3627910.0,28905220.0,0.0012964449187296595
100058916|F|0-28:C>T-28:C>T,100029240|F|0-46:A>G-46:A>G,3627910.0,28908034.0,0.0006602112676056373
100058916|F|0-28:C>T-28:C>T,100034977|F|0-7:A>C-7:A>C,3627910.0,30044545.0,0.011134943224294615
100058916|F|0-28:C>T-28:C>T,100013352|F|0-68:T>C-68:T>C,3627910.0,30046946.0,0.01697829019571975
100058916|F|0-28:C>T-28:C>T,100015028|F|0-52:A>T-52:A>T,3627910.0,30261516.0,0.010817946707757733
100058916|F|0-28:C>T-28:C>T,100013847|F|0-11:C>A-11:C>A,3627910.0,31582817.0,0.0022259312812518035
100058916|F|0-28:C>T-28:C>T,100058699|F|0-62:C>A-62:C>A,3627910.0,31974051.0,0.001398094449047218
100058916|F|0-28:C>T-28:C>T,100033659|F|0-57:T>C-57:T>C,3627910.0,32094438.0,0.007714495053066324
100058916|F|0-28:C>T-28:C>T,100013718|F|0-18:C>A-18:C>A,3627910.0,32883911.0,0.022513272058595518
100058916|F|0-28:C>T-28:C>T,100041762|F|0-5:T>C-5:T>C,3627910.0,32989042.0,0.03650029452130773
100058916|F|0-28:C>T-28:C>T,100015328|F|0-33:T>C-33:T>C,3627910.0,33041489.0,0.086267110537239
100058916|F|0-28:C>T-28:C>T,100019357|F|0-62:A>C-62:A>C,3627910.0,33053982.0,0.03610709099228141
100058916|F|0-28:C>T-28:C>T,100016448|F|0-61:C>T-61:C>T,3627910.0,33055328.0,2.649455801778384e-06
100058916|F|0-28:C>T-28:C>T,100021291|F|0-61:A>G-61:A>G,3627910.0,33070336.0,0.0010957177326909686
100058916|F|0-28:C>T-28:C>T,100048192|F|0-15:C>T-15:C>T,3627910.0,33491970.0,0.00448043964313996
100058916|F|0-28:C>T-28:C>T,100039244|F|0-37:G>C-37:G>C,3627910.0,33634526.0,0.010240581812872693
100058916|F|0-28:C>T-28:C>T,100014488|F|0-28:T>A-28:T>A,3627910.0,34000405.0,0.04932738260803615
100058916|F|0-28:C>T-28:C>T,100040723|F|0-6:G>A-6:G>A,3627910.0,34052241.0,0.02022379328895604
100058916|F|0-28:C>T-28:C>T,100016551|F|0-65:A>C-65:A>C,3627910.0,35402436.0,0.01121897606073749
100058916|F|0-28:C>T-28:C>T,100032755|F|0-61:C>T-61:C>T,3627910.0,35410581.0,0.0011449166378743865
100058916|F|0-28:C>T-28:C>T,100048771|F|0-11:G>A-11:G>A,3627910.0,35423854.0,0.039984265124956474
100058916|F|0-28:C>T-28:C>T,100014472|F|0-31:C>A-31:C>A,3627910.0,35488899.0,0.003783659687025607
100058916|F|0-28:C>T-28:C>T,100019838|F|0-5:G>C-5:G>C,3627910.0,36000724.0,0.0024543158280906766
100058916|F|0-28:C>T-28:C>T,100046262|F|0-23:C>A-23:C>A,3627910.0,36000729.0,0.0024543158280906766
100058916|F|0-28:C>T-28:C>T,100034510|F|0-47:C>T-47:C>T,3627910.0,36129807.0,0.0034244313840174363
100058916|F|0-28:C>T-28:C>T,100014127|F|0-16:C>T-16:C>T,3627910.0,36258373.0,0.027200170247703125
100058916|F|0-28:C>T-28:C>T,100014670|F|0-19:A>G-19:A>G,3627910.0,36976759.0,0.011031207823070108
100058916|F|0-28:C>T-28:C>T,100041232|F|0-30:T>A-30:T>A,3627910.0,37013523.0,0.0002551936923159084
100058916|F|0-28:C>T-28:C>T,100019174|F|0-24:T>A-24:T>A,3627910.0,37246706.0,0.0024295869916468524
100058916|F|0-28:C>T-28:C>T,100019068|F|0-18:T>C-18:T>C,3627910.0,37282618.0,0.01015013968324381
100058916|F|0-28:C>T-28:C>T,100060605|F|0-5:C>T-5:C>T,3627910.0,37463852.0,0.0008472822752115569
100058916|F|0-28:C>T-28:C>T,100038566|F|0-46:T>A-46:T>A,3627910.0,37463857.0,0.02970377714697057
100058916|F|0-28:C>T-28:C>T,100034752|F|0-27:G>T-27:G>T,3627910.0,37483520.0,0.027210968994177093
100058916|F|0-28:C>T-28:C>T,100032980|F|0-45:T>A-45:T>A,3627910.0,38018248.0,4.81482486096809e-35
100058916|F|0-28:C>T-28:C>T,100049995|F|0-28:T>A-28:T>A,3627910.0,38112106.0,0.0004645093735931555
100058916|F|0-28:C>T-28:C>T,100015393|F|0-56:G>A-56:G>A,3627910.0,38230758.0,0.009998778680312306
100058916|F|0-28:C>T-28:C>T,100022008|F|0-51:G>C-51:G>C,3627910.0,38274860.0,3.014663322400144e-05
100058916|F|0-28:C>T-28:C>T,100019383|F|0-67:A>T-67:A>T,3627910.0,38687047.0,0.12324456646639752
100058916|F|0-28:C>T-28:C>T,100021690|F|0-12:G>A-12:G>A,3627910.0,38877675.0,0.052135285746585255
100058916|F|0-28:C>T-28:C>T,100034940|F|0-27:A>C-27:A>C,3627910.0,38877680.0,0.062053480302102476
100058916|F|0-28:C>T-28:C>T,100017082|F|0-22:G>A-22:G>A,3627910.0,38896484.0,0.05543270779164674
100058916|F|0-28:C>T-28:C>T,100018671|F|0-6:A>T-6:A>T,3627910.0,38898348.0,0.04455501799479457
100058916|F|0-28:C>T-28:C>T,100035888|F|0-14:T>C-14:T>C,3627910.0,38914509.0,0.0495493857936211
100058916|F|0-28:C>T-28:C>T,100034779|F|0-8:A>T-8:A>T,3627910.0,38917568.0,0.04782772268232788
100058916|F|0-28:C>T-28:C>T,100016817|F|0-58:C>T-58:C>T,3627910.0,38927419.0,0.02600826546124497
100058916|F|0-28:C>T-28:C>T,100018350|F|0-55:C>G-55:C>G,3627910.0,38996563.0,0.00020642264439349304
100059450|F|0-16:C>T-16:C>T,100045342|F|0-29:C>T-29:C>T,5671831.0,7208957.0,0.0013340324431053772
100059450|F|0-16:C>T-16:C>T,100013982|F|0-20:C>G-20:C>G,5671831.0,7288051.0,0.0007273037294667548
100059450|F|0-16:C>T-16:C>T,100016869|F|0-59:G>C-59:G>C,5671831.0,7343723.0,0.004147912309678359
100059450|F|0-16:C>T-16:C>T,100014470|F|0-59:T>C-59:T>C,5671831.0,7507748.0,0.016093550622879746
100059450|F|0-16:C>T-16:C>T,100045002|F|0-68:G>C-68:G>C,5671831.0,10684285.0,0.006922831027622518
100059450|F|0-16:C>T-16:C>T,100041895|F|0-45:G>A-45:G>A,5671831.0,10925928.0,0.02532075378697193
100059450|F|0-16:C>T-16:C>T,100018159|F|0-67:G>A-67:G>A,5671831.0,10965809.0,0.00016678663998526345
100059450|F|0-16:C>T-16:C>T,100017662|F|0-28:T>C-28:T>C,5671831.0,10990186.0,0.00047830322003488296
100059450|F|0-16:C>T-16:C>T,100058370|F|0-6:C>T-6:C>T,5671831.0,12211612.0,0.0002950421623249517
100059450|F|0-16:C>T-16:C>T,100059965|F|0-13:G>A-13:G>A,5671831.0,15610976.0,0.014031030963462223
100059450|F|0-16:C>T-16:C>T,100050254|F|0-17:A>G-17:A>G,5671831.0,15872467.0,0.005139110860905394
100059450|F|0-16:C>T-16:C>T,100043217|F|0-12:G>T-12:G>T,5671831.0,24356568.0,0.00018116182574958825
100059450|F|0-16:C>T-16:C>T,100043216|F|0-10:A>G-10:A>G,5671831.0,24356568.0,0.0030224774128509413
100059450|F|0-16:C>T-16:C>T,100036033|F|0-33:T>C-33:T>C,5671831.0,25065738.0,0.005109600261874015
100059450|F|0-16:C>T-16:C>T,100058913|F|0-33:A>C-33:A>C,5671831.0,25635537.0,0.0001399166132332486
100059450|F|0-16:C>T-16:C>T,100020050|F|0-34:T>G-34:T>G,5671831.0,27194741.0,0.00020992771857185016
100059450|F|0-16:C>T-16:C>T,100014308|F|0-20:G>A-20:G>A,5671831.0,27674495.0,0.001033317196998641
100059450|F|0-16:C>T-16:C>T,100013667|F|0-32:C>A-32:C>A,5671831.0,27893794.0,0.001168634079167764
100059450|F|0-16:C>T-16:C>T,100021644|F|0-58:T>G-58:T>G,5671831.0,28228664.0,0.0008866875409880531
100059450|F|0-16:C>T-16:C>T,100013355|F|0-21:A>G-21:A>G,5671831.0,28317387.0,0.00960285170026654
100059450|F|0-16:C>T-16:C>T,100033656|F|0-39:G>A-39:G>A,5671831.0,28614182.0,0.009203701897423828
100059450|F|0-16:C>T-16:C>T,100014819|F|0-24:A>T-24:A>T,5671831.0,28857198.0,0.004717785814144643
100059450|F|0-16:C>T-16:C>T,100012992|F|0-18:G>T-18:G>T,5671831.0,28905220.0,0.0764370503332005
100059450|F|0-16:C>T-16:C>T,100029240|F|0-46:A>G-46:A>G,5671831.0,28908034.0,0.08015610098880695
100059450|F|0-16:C>T-16:C>T,100034977|F|0-7:A>C-7:A>C,5671831.0,30044545.0,0.00012580099567469102
100059450|F|0-16:C>T-16:C>T,100013352|F|0-68:T>C-68:T>C,5671831.0,30046946.0,0.00011756402571980128
100059450|F|0-16:C>T-16:C>T,100015028|F|0-52:A>T-52:A>T,5671831.0,30261516.0,4.576159480796075e-06
100059450|F|0-16:C>T-16:C>T,100013847|F|0-11:C>A-11:C>A,5671831.0,31582817.0,0.010370851680533229
100059450|F|0-16:C>T-16:C>T,100058699|F|0-62:C>A-62:C>A,5671831.0,31974051.0,0.017951466085606067
100059450|F|0-16:C>T-16:C>T,100033659|F|0-57:T>C-57:T>C,5671831.0,32094438.0,0.00467460573767452
100059450|F|0-16:C>T-16:C>T,100013718|F|0-18:C>A-18:C>A,5671831.0,32883911.0,0.00012755515604297166
100059450|F|0-16:C>T-16:C>T,100041762|F|0-5:T>C-5:T>C,5671831.0,32989042.0,0.012917888015641636
100059450|F|0-16:C>T-16:C>T,100015328|F|0-33:T>C-33:T>C,5671831.0,33041489.0,0.007044089302306566
100059450|F|0-16:C>T-16:C>T,100019357|F|0-62:A>C-62:A>C,5671831.0,33053982.0,0.015464488957805346
100059450|F|0-16:C>T-16:C>T,100016448|F|0-61:C>T-61:C>T,5671831.0,33055328.0,5.4491677835513397e-05
100059450|F|0-16:C>T-16:C>T,100021291|F|0-61:A>G-61:A>G,5671831.0,33070336.0,0.0011128769924710988
100059450|F|0-16:C>T-16:C>T,100048192|F|0-15:C>T-15:C>T,5671831.0,33491970.0,0.010669923567337238
100059450|F|0-16:C>T-16:C>T,100039244|F|0-37:G>C-37:G>C,5671831.0,33634526.0,0.029847999101692193
100059450|F|0-16:C>T-16:C>T,100014488|F|0-28:T>A-28:T>A,5671831.0,34000405.0,0.016573683006324762
100059450|F|0-16:C>T-16:C>T,100040723|F|0-6:G>A-6:G>A,5671831.0,34052241.0,0.013350525154611003
100059450|F|0-16:C>T-16:C>T,100016551|F|0-65:A>C-65:A>C,5671831.0,35402436.0,7.81959674599959e-05
100059450|F|0-16:C>T-16:C>T,100032755|F|0-61:C>T-61:C>T,5671831.0,35410581.0,0.00031350406858613047
100059450|F|0-16:C>T-16:C>T,100048771|F|0-11:G>A-11:G>A,5671831.0,35423854.0,0.016397998560834792
100059450|F|0-16:C>T-16:C>T,100014472|F|0-31:C>A-31:C>A,5671831.0,35488899.0,0.023672209602665247
100059450|F|0-16:C>T-16:C>T,100019838|F|0-5:G>C-5:G>C,5671831.0,36000724.0,0.0047611200428937525
100059450|F|0-16:C>T-16:C>T,100046262|F|0-23:C>A-23:C>A,5671831.0,36000729.0,0.0047611200428937525
100059450|F|0-16:C>T-16:C>T,100034510|F|0-47:C>T-47:C>T,5671831.0,36129807.0,0.005974221028925184
100059450|F|0-16:C>T-16:C>T,100014127|F|0-16:C>T-16:C>T,5671831.0,36258373.0,0.0388585211965313
100059450|F|0-16:C>T-16:C>T,100014670|F|0-19:A>G-19:A>G,5671831.0,36976759.0,0.005794879731410379
100059450|F|0-16:C>T-16:C>T,100041232|F|0-30:T>A-30:T>A,5671831.0,37013523.0,0.0010728189517231802
100059450|F|0-16:C>T-16:C>T,100019174|F|0-24:T>A-24:T>A,5671831.0,37246706.0,0.006348457388869223
100059450|F|0-16:C>T-16:C>T,100019068|F|0-18:T>C-18:T>C,5671831.0,37282618.0,0.011330884874144522
100059450|F|0-16:C>T-16:C>T,100060605|F|0-5:C>T-5:C>T,5671831.0,37463852.0,0.009972623323198565
100059450|F|0-16:C>T-16:C>T,100038566|F|0-46:T>A-46:T>A,5671831.0,37463857.0,0.0017039293420459537
100059450|F|0-16:C>T-16:C>T,100034752|F|0-27:G>T-27:G>T,5671831.0,37483520.0,0.007080927649187888
100059450|F|0-16:C>T-16:C>T,100032980|F|0-45:T>A-45:T>A,5671831.0,38018248.0,0.05515751267379415
100059450|F|0-16:C>T-16:C>T,100049995|F|0-28:T>A-28:T>A,5671831.0,38112106.0,0.02116367191770504
100059450|F|0-16:C>T-16:C>T,100015393|F|0-56:G>A-56:G>A,5671831.0,38230758.0,0.000607608251202751
100059450|F|0-16:C>T-16:C>T,100022008|F|0-51:G>C-51:G>C,5671831.0,38274860.0,0.011444603962699347
100059450|F|0-16:C>T-16:C>T,100019383|F|0-67:A>T-67:A>T,5671831.0,38687047.0,0.0003676304120514339
100059450|F|0-16:C>T-16:C>T,100021690|F|0-12:G>A-12:G>A,5671831.0,38877675.0,0.03526440642081089
100059450|F|0-16:C>T-16:C>T,100034940|F|0-27:A>C-27:A>C,5671831.0,38877680.0,0.030795362417044773
100059450|F|0-16:C>T-16:C>T,100017082|F|0-22:G>A-22:G>A,5671831.0,38896484.0,0.028077099552182756
100059450|F|0-16:C>T-16:C>T,100018671|F|0-6:A>T-6:A>T,5671831.0,38898348.0,0.020832950559920987
100059450|F|0-16:C>T-16:C>T,100035888|F|0-14:T>C-14:T>C,5671831.0,38914509.0,0.023168207554838324
100059450|F|0-16:C>T-16:C>T,100034779|F|0-8:A>T-8:A>T,5671831.0,38917568.0,0.02672174380415789
100059450|F|0-16:C>T-16:C>T,100016817|F|0-58:C>T-58:C>T,5671831.0,38927419.0,0.007255748023385401
100059450|F|0-16:C>T-16:C>T,100018350|F|0-55:C>G-55:C>G,5671831.0,38996563.0,0.008652660287325838
100045342|F|0-29:C>T-29:C>T,100013982|F|0-20:C>G-20:C>G,7208957.0,7288051.0,0.8728216596013865
100045342|F|0-29:C>T-29:C>T,100016869|F|0-59:G>C-59:G>C,7208957.0,7343723.0,0.8310447059368352
100045342|F|0-29:C>T-29:C>T,100014470|F|0-59:T>C-59:T>C,7208957.0,7507748.0,0.1528026945655747
100045342|F|0-29:C>T-29:C>T,100045002|F|0-68:G>C-68:G>C,7208957.0,10684285.0,0.02102293513644463
100045342|F|0-29:C>T-29:C>T,100041895|F|0-45:G>A-45:G>A,7208957.0,10925928.0,0.0005571535027544257
100045342|F|0-29:C>T-29:C>T,100018159|F|0-67:G>A-67:G>A,7208957.0,10965809.0,0.0013378312637284306
100045342|F|0-29:C>T-29:C>T,100017662|F|0-28:T>C-28:T>C,7208957.0,10990186.0,0.0026147677634543046
100045342|F|0-29:C>T-29:C>T,100058370|F|0-6:C>T-6:C>T,7208957.0,12211612.0,0.009702543342427187
100045342|F|0-29:C>T-29:C>T,100059965|F|0-13:G>A-13:G>A,7208957.0,15610976.0,0.0008039300775556118
100045342|F|0-29:C>T-29:C>T,100050254|F|0-17:A>G-17:A>G,7208957.0,15872467.0,0.0002090117046554609
100045342|F|0-29:C>T-29:C>T,100043217|F|0-12:G>T-12:G>T,7208957.0,24356568.0,0.019268456144238257
100045342|F|0-29:C>T-29:C>T,100043216|F|0-10:A>G-10:A>G,7208957.0,24356568.0,0.013039164582356903
100045342|F|0-29:C>T-29:C>T,100036033|F|0-33:T>C-33:T>C,7208957.0,25065738.0,0.007293932269730918
100045342|F|0-29:C>T-29:C>T,100058913|F|0-33:A>C-33:A>C,7208957.0,25635537.0,0.0021997100382222393
100045342|F|0-29:C>T-29:C>T,100020050|F|0-34:T>G-34:T>G,7208957.0,27194741.0,0.0029259068876231046
100045342|F|0-29:C>T-29:C>T,100014308|F|0-20:G>A-20:G>A,7208957.0,27674495.0,0.001990652933275215
100045342|F|0-29:C>T-29:C>T,100013667|F|0-32:C>A-32:C>A,7208957.0,27893794.0,0.012819195388169273
100045342|F|0-29:C>T-29:C>T,100021644|F|0-58:T>G-58:T>G,7208957.0,28228664.0,0.22571978811400492
100045342|F|0-29:C>T-29:C>T,100013355|F|0-21:A>G-21:A>G,7208957.0,28317387.0,7.563622823164756e-05
100045342|F|0-29:C>T-29:C>T,100033656|F|0-39:G>A-39:G>A,7208957.0,28614182.0,3.1927909334952553e-07
100045342|F|0-29:C>T-29:C>T,100014819|F|0-24:A>T-24:A>T,7208957.0,28857198.0,0.00529929362957288
100045342|F|0-29:C>T-29:C>T,100012992|F|0-18:G>T-18:G>T,7208957.0,28905220.0,0.02153860002509546
100045342|F|0-29:C>T-29:C>T,100029240|F|0-46:A>G-46:A>G,7208957.0,28908034.0,0.014535939012584754
100045342|F|0-29:C>T-29:C>T,100034977|F|0-7:A>C-7:A>C,7208957.0,30044545.0,0.0008308618148858364
100045342|F|0-29:C>T-29:C>T,100013352|F|0-68:T>C-68:T>C,7208957.0,30046946.0,0.014609341932672062
100045342|F|0-29:C>T-29:C>T,100015028|F|0-52:A>T-52:A>T,7208957.0,30261516.0,1.1380675705555815e-05
100045342|F|0-29:C>T-29:C>T,100013847|F|0-11:C>A-11:C>A,7208957.0,31582817.0,0.008421805799409529
100045342|F|0-29:C>T-29:C>T,100058699|F|0-62:C>A-62:C>A,7208957.0,31974051.0,0.005694436535504814
100045342|F|0-29:C>T-29:C>T,100033659|F|0-57:T>C-57:T>C,7208957.0,32094438.0,0.0600495252931405
100045342|F|0-29:C>T-29:C>T,100013718|F|0-18:C>A-18:C>A,7208957.0,32883911.0,0.06853395414978128
100045342|F|0-29:C>T-29:C>T,100041762|F|0-5:T>C-5:T>C,7208957.0,32989042.0,0.021205831387283616
100045342|F|0-29:C>T-29:C>T,100015328|F|0-33:T>C-33:T>C,7208957.0,33041489.0,0.008439303872107952
100045342|F|0-29:C>T-29:C>T,100019357|F|0-62:A>C-62:A>C,7208957.0,33053982.0,0.016245672469522694
100045342|F|0-29:C>T-29:C>T,100016448|F|0-61:C>T-61:C>T,7208957.0,33055328.0,0.013294902528085595
100045342|F|0-29:C>T-29:C>T,100021291|F|0-61:A>G-61:A>G,7208957.0,33070336.0,0.00277743954344426
100045342|F|0-29:C>T-29:C>T,100048192|F|0-15:C>T-15:C>T,7208957.0,33491970.0,0.00893194660093882
100045342|F|0-29:C>T-29:C>T,100039244|F|0-37:G>C-37:G>C,7208957.0,33634526.0,1.8815436560462644e-06
100045342|F|0-29:C>T-29:C>T,100014488|F|0-28:T>A-28:T>A,7208957.0,34000405.0,0.0022524205700223056
100045342|F|0-29:C>T-29:C>T,100040723|F|0-6:G>A-6:G>A,7208957.0,34052241.0,6.415085429781742e-05
100045342|F|0-29:C>T-29:C>T,100016551|F|0-65:A>C-65:A>C,7208957.0,35402436.0,0.00017138576895513654
100045342|F|0-29:C>T-29:C>T,100032755|F|0-61:C>T-61:C>T,7208957.0,35410581.0,0.00029369898682580223
100045342|F|0-29:C>T-29:C>T,100048771|F|0-11:G>A-11:G>A,7208957.0,35423854.0,0.04185566269440359
100045342|F|0-29:C>T-29:C>T,100014472|F|0-31:C>A-31:C>A,7208957.0,35488899.0,0.018851915791514472
100045342|F|0-29:C>T-29:C>T,100019838|F|0-5:G>C-5:G>C,7208957.0,36000724.0,0.05597336470905737
100045342|F|0-29:C>T-29:C>T,100046262|F|0-23:C>A-23:C>A,7208957.0,36000729.0,0.05597336470905737
100045342|F|0-29:C>T-29:C>T,100034510|F|0-47:C>T-47:C>T,7208957.0,36129807.0,0.04622345388515236
100045342|F|0-29:C>T-29:C>T,100014127|F|0-16:C>T-16:C>T,7208957.0,36258373.0,0.004782372562086721
100045342|F|0-29:C>T-29:C>T,100014670|F|0-19:A>G-19:A>G,7208957.0,36976759.0,0.05780325109140838
100045342|F|0-29:C>T-29:C>T,100041232|F|0-30:T>A-30:T>A,7208957.0,37013523.0,0.07625904610120467
100045342|F|0-29:C>T-29:C>T,100019174|F|0-24:T>A-24:T>A,7208957.0,37246706.0,0.0015212280459134377
100045342|F|0-29:C>T-29:C>T,100019068|F|0-18:T>C-18:T>C,7208957.0,37282618.0,0.014025488464474366
100045342|F|0-29:C>T-29:C>T,100060605|F|0-5:C>T-5:C>T,7208957.0,37463852.0,0.012921243346466318
100045342|F|0-29:C>T-29:C>T,100038566|F|0-46:T>A-46:T>A,7208957.0,37463857.0,0.018691054413608438
100045342|F|0-29:C>T-29:C>T,100034752|F|0-27:G>T-27:G>T,7208957.0,37483520.0,0.017122458857696036
100045342|F|0-29:C>T-29:C>T,100032980|F|0-45:T>A-45:T>A,7208957.0,38018248.0,0.07357212003872224
100045342|F|0-29:C>T-29:C>T,100049995|F|0-28:T>A-28:T>A,7208957.0,38112106.0,0.0099376815101646
100045342|F|0-29:C>T-29:C>T,100015393|F|0-56:G>A-56:G>A,7208957.0,38230758.0,0.18200486246630104
100045342|F|0-29:C>T-29:C>T,100022008|F|0-51:G>C-51:G>C,7208957.0,38274860.0,0.05337835448465486
100045342|F|0-29:C>T-29:C>T,100019383|F|0-67:A>T-67:A>T,7208957.0,38687047.0,0.008191227939533854
100045342|F|0-29:C>T-29:C>T,100021690|F|0-12:G>A-12:G>A,7208957.0,38877675.0,0.0007712896511439818
100045342|F|0-29:C>T-29:C>T,100034940|F|0-27:A>C-27:A>C,7208957.0,38877680.0,4.998105980891432e-05
100045342|F|0-29:C>T-29:C>T,100017082|F|0-22:G>A-22:G>A,7208957.0,38896484.0,2.645546923633874e-05
100045342|F|0-29:C>T-29:C>T,100018671|F|0-6:A>T-6:A>T,7208957.0,38898348.0,8.024322041079322e-05
100045342|F|0-29:C>T-29:C>T,100035888|F|0-14:T>C-14:T>C,7208957.0,38914509.0,8.923803567808087e-05
100045342|F|0-29:C>T-29:C>T,100034779|F|0-8:A>T-8:A>T,7208957.0,38917568.0,0.0004243546003120478
100045342|F|0-29:C>T-29:C>T,100016817|F|0-58:C>T-58:C>T,7208957.0,38927419.0,0.018622069283342348
100045342|F|0-29:C>T-29:C>T,100018350|F|0-55:C>G-55:C>G,7208957.0,38996563.0,0.001690968079225353
100013982|F|0-20:C>G-20:C>G,100016869|F|0-59:G>C-59:G>C,7288051.0,7343723.0,0.8748802304225504
100013982|F|0-20:C>G-20:C>G,100014470|F|0-59:T>C-59:T>C,7288051.0,7507748.0,0.19048392839399858
100013982|F|0-20:C>G-20:C>G,100045002|F|0-68:G>C-68:G>C,7288051.0,10684285.0,0.021717343516252808
100013982|F|0-20:C>G-20:C>G,100041895|F|0-45:G>A-45:G>A,7288051.0,10925928.0,0.0002029062670441252
100013982|F|0-20:C>G-20:C>G,100018159|F|0-67:G>A-67:G>A,7288051.0,10965809.0,0.009174451153585365
100013982|F|0-20:C>G-20:C>G,100017662|F|0-28:T>C-28:T>C,7288051.0,10990186.0,6.771598224148418e-05
100013982|F|0-20:C>G-20:C>G,100058370|F|0-6:C>T-6:C>T,7288051.0,12211612.0,0.0007384312438464063
100013982|F|0-20:C>G-20:C>G,100059965|F|0-13:G>A-13:G>A,7288051.0,15610976.0,0.00043829619486285894
100013982|F|0-20:C>G-20:C>G,100050254|F|0-17:A>G-17:A>G,7288051.0,15872467.0,0.008232995569412562
100013982|F|0-20:C>G-20:C>G,100043217|F|0-12:G>T-12:G>T,7288051.0,24356568.0,0.04173806733901825
100013982|F|0-20:C>G-20:C>G,100043216|F|0-10:A>G-10:A>G,7288051.0,24356568.0,0.030833278882227675
100013982|F|0-20:C>G-20:C>G,100036033|F|0-33:T>C-33:T>C,7288051.0,25065738.0,0.005591467798146471
100013982|F|0-20:C>G-20:C>G,100058913|F|0-33:A>C-33:A>C,7288051.0,25635537.0,7.653471975051262e-05
100013982|F|0-20:C>G-20:C>G,100020050|F|0-34:T>G-34:T>G,7288051.0,27194741.0,0.00039247358912231794
100013982|F|0-20:C>G-20:C>G,100014308|F|0-20:G>A-20:G>A,7288051.0,27674495.0,0.0019117202008959986
100013982|F|0-20:C>G-20:C>G,100013667|F|0-32:C>A-32:C>A,7288051.0,27893794.0,0.025330449066911193
100013982|F|0-20:C>G-20:C>G,100021644|F|0-58:T>G-58:T>G,7288051.0,28228664.0,0.3136785964956454
100013982|F|0-20:C>G-20:C>G,100013355|F|0-21:A>G-21:A>G,7288051.0,28317387.0,0.00013519129568339075
100013982|F|0-20:C>G-20:C>G,100033656|F|0-39:G>A-39:G>A,7288051.0,28614182.0,0.0018577412533457662
100013982|F|0-20:C>G-20:C>G,100014819|F|0-24:A>T-24:A>T,7288051.0,28857198.0,0.008002934201989746
100013982|F|0-20:C>G-20:C>G,100012992|F|0-18:G>T-18:G>T,7288051.0,28905220.0,0.02588110830550959
100013982|F|0-20:C>G-20:C>G,100029240|F|0-46:A>G-46:A>G,7288051.0,28908034.0,0.00990311935920578
100013982|F|0-20:C>G-20:C>G,100034977|F|0-7:A>C-7:A>C,7288051.0,30044545.0,1.1758459296917511e-06
100013982|F|0-20:C>G-20:C>G,100013352|F|0-68:T>C-68:T>C,7288051.0,30046946.0,0.015473846250019544
100013982|F|0-20:C>G-20:C>G,100015028|F|0-52:A>T-52:A>T,7288051.0,30261516.0,0.0013174123630618692
100013982|F|0-20:C>G-20:C>G,100013847|F|0-11:C>A-11:C>A,7288051.0,31582817.0,0.0003783407228452621
100013982|F|0-20:C>G-20:C>G,100058699|F|0-62:C>A-62:C>A,7288051.0,31974051.0,0.006423869186663831
100013982|F|0-20:C>G-20:C>G,100033659|F|0-57:T>C-57:T>C,7288051.0,32094438.0,0.03869612774970403
100013982|F|0-20:C>G-20:C>G,100013718|F|0-18:C>A-18:C>A,7288051.0,32883911.0,0.0434941747063508
100013982|F|0-20:C>G-20:C>G,100041762|F|0-5:T>C-5:T>C,7288051.0,32989042.0,0.008435229442484045
100013982|F|0-20:C>G-20:C>G,100015328|F|0-33:T>C-33:T>C,7288051.0,33041489.0,0.010746188878917177
100013982|F|0-20:C>G-20:C>G,100019357|F|0-62:A>C-62:A>C,7288051.0,33053982.0,0.009981457084072689
100013982|F|0-20:C>G-20:C>G,100016448|F|0-61:C>T-61:C>T,7288051.0,33055328.0,0.013698853403525366
100013982|F|0-20:C>G-20:C>G,100021291|F|0-61:A>G-61:A>G,7288051.0,33070336.0,0.011024622500200344
100013982|F|0-20:C>G-20:C>G,100048192|F|0-15:C>T-15:C>T,7288051.0,33491970.0,0.011711823861705592
100013982|F|0-20:C>G-20:C>G,100039244|F|0-37:G>C-37:G>C,7288051.0,33634526.0,0.00044907080934488385
100013982|F|0-20:C>G-20:C>G,100014488|F|0-28:T>A-28:T>A,7288051.0,34000405.0,0.002790623440426728
100013982|F|0-20:C>G-20:C>G,100040723|F|0-6:G>A-6:G>A,7288051.0,34052241.0,1.6613475854806376e-06
100013982|F|0-20:C>G-20:C>G,100016551|F|0-65:A>C-65:A>C,7288051.0,35402436.0,4.349528076203689e-05
100013982|F|0-20:C>G-20:C>G,100032755|F|0-61:C>T-61:C>T,7288051.0,35410581.0,3.9396023150535925e-05
100013982|F|0-20:C>G-20:C>G,100048771|F|0-11:G>A-11:G>A,7288051.0,35423854.0,0.0292089685179639
100013982|F|0-20:C>G-20:C>G,100014472|F|0-31:C>A-31:C>A,7288051.0,35488899.0,0.01027791245529595
100013982|F|0-20:C>G-20:C>G,100019838|F|0-5:G>C-5:G>C,7288051.0,36000724.0,0.05767405334726047
100013982|F|0-20:C>G-20:C>G,100046262|F|0-23:C>A-23:C>A,7288051.0,36000729.0,0.05767405334726047
100013982|F|0-20:C>G-20:C>G,100034510|F|0-47:C>T-47:C>T,7288051.0,36129807.0,0.034964763360181485
100013982|F|0-20:C>G-20:C>G,100014127|F|0-16:C>T-16:C>T,7288051.0,36258373.0,0.005483663178337419
100013982|F|0-20:C>G-20:C>G,100014670|F|0-19:A>G-19:A>G,7288051.0,36976759.0,0.09054280556988148
100013982|F|0-20:C>G-20:C>G,100041232|F|0-30:T>A-30:T>A,7288051.0,37013523.0,0.07660956884032294
100013982|F|0-20:C>G-20:C>G,100019174|F|0-24:T>A-24:T>A,7288051.0,37246706.0,0.0022973416475221553
100013982|F|0-20:C>G-20:C>G,100019068|F|0-18:T>C-18:T>C,7288051.0,37282618.0,0.004296394358647399
100013982|F|0-20:C>G-20:C>G,100060605|F|0-5:C>T-5:C>T,7288051.0,37463852.0,0.03192449496889164
100013982|F|0-20:C>G-20:C>G,100038566|F|0-46:T>A-46:T>A,7288051.0,37463857.0,0.03693311377933431
100013982|F|0-20:C>G-20:C>G,100034752|F|0-27:G>T-27:G>T,7288051.0,37483520.0,0.03383360334732304
100013982|F|0-20:C>G-20:C>G,100032980|F|0-45:T>A-45:T>A,7288051.0,38018248.0,0.08681182310469314
100013982|F|0-20:C>G-20:C>G,100049995|F|0-28:T>A-28:T>A,7288051.0,38112106.0,0.007804579706740536
100013982|F|0-20:C>G-20:C>G,100015393|F|0-56:G>A-56:G>A,7288051.0,38230758.0,0.1770389630648362
100013982|F|0-20:C>G-20:C>G,100022008|F|0-51:G>C-51:G>C,7288051.0,38274860.0,0.058728652555923785
100013982|F|0-20:C>G-20:C>G,100019383|F|0-67:A>T-67:A>T,7288051.0,38687047.0,0.012370301178965424
100013982|F|0-20:C>G-20:C>G,100021690|F|0-12:G>A-12:G>A,7288051.0,38877675.0,0.002160440167312677
100013982|F|0-20:C>G-20:C>G,100034940|F|0-27:A>C-27:A>C,7288051.0,38877680.0,0.0007455658452362269
100013982|F|0-20:C>G-20:C>G,100017082|F|0-22:G>A-22:G>A,7288051.0,38896484.0,0.0001454714583991879
100013982|F|0-20:C>G-20:C>G,100018671|F|0-6:A>T-6:A>T,7288051.0,38898348.0,0.0006733043503241396
100013982|F|0-20:C>G-20:C>G,100035888|F|0-14:T>C-14:T>C,7288051.0,38914509.0,0.0007487779943132852
100013982|F|0-20:C>G-20:C>G,100034779|F|0-8:A>T-8:A>T,7288051.0,38917568.0,0.0014653389039873464
100013982|F|0-20:C>G-20:C>G,100016817|F|0-58:C>T-58:C>T,7288051.0,38927419.0,0.024928842933193623
100013982|F|0-20:C>G-20:C>G,100018350|F|0-55:C>G-55:C>G,7288051.0,38996563.0,0.0028977940559146995
100016869|F|0-59:G>C-59:G>C,100014470|F|0-59:T>C-59:T>C,7343723.0,7507748.0,0.16211608416397283
100016869|F|0-59:G>C-59:G>C,100045002|F|0-68:G>C-68:G>C,7343723.0,10684285.0,0.024405938656070755
100016869|F|0-59:G>C-59:G>C,100041895|F|0-45:G>A-45:G>A,7343723.0,10925928.0,3.3092201491795993e-05
100016869|F|0-59:G>C-59:G>C,100018159|F|0-67:G>A-67:G>A,7343723.0,10965809.0,0.011327046918123244
100016869|F|0-59:G>C-59:G>C,100017662|F|0-28:T>C-28:T>C,7343723.0,10990186.0,0.00029362248722243525
100016869|F|0-59:G>C-59:G>C,100058370|F|0-6:C>T-6:C>T,7343723.0,12211612.0,0.002090825457890778
100016869|F|0-59:G>C-59:G>C,100059965|F|0-13:G>A-13:G>A,7343723.0,15610976.0,0.0002141293658598487
100016869|F|0-59:G>C-59:G>C,100050254|F|0-17:A>G-17:A>G,7343723.0,15872467.0,0.006008509659613627
100016869|F|0-59:G>C-59:G>C,100043217|F|0-12:G>T-12:G>T,7343723.0,24356568.0,0.04614012437626319
100016869|F|0-59:G>C-59:G>C,100043216|F|0-10:A>G-10:A>G,7343723.0,24356568.0,0.035079320809068046
100016869|F|0-59:G>C-59:G>C,100036033|F|0-33:T>C-33:T>C,7343723.0,25065738.0,0.004587868433314616
100016869|F|0-59:G>C-59:G>C,100058913|F|0-33:A>C-33:A>C,7343723.0,25635537.0,0.0007871516125270527
100016869|F|0-59:G>C-59:G>C,100020050|F|0-34:T>G-34:T>G,7343723.0,27194741.0,0.0001620060983724168
100016869|F|0-59:G>C-59:G>C,100014308|F|0-20:G>A-20:G>A,7343723.0,27674495.0,0.0020063879075620304
100016869|F|0-59:G>C-59:G>C,100013667|F|0-32:C>A-32:C>A,7343723.0,27893794.0,0.018740143251412832
100016869|F|0-59:G>C-59:G>C,100021644|F|0-58:T>G-58:T>G,7343723.0,28228664.0,0.32950107569658255
100016869|F|0-59:G>C-59:G>C,100013355|F|0-21:A>G-21:A>G,7343723.0,28317387.0,9.56965882252559e-07
100016869|F|0-59:G>C-59:G>C,100033656|F|0-39:G>A-39:G>A,7343723.0,28614182.0,0.007478948863153662
100016869|F|0-59:G>C-59:G>C,100014819|F|0-24:A>T-24:A>T,7343723.0,28857198.0,0.0014114839288707774
100016869|F|0-59:G>C-59:G>C,100012992|F|0-18:G>T-18:G>T,7343723.0,28905220.0,0.021235769229218302
100016869|F|0-59:G>C-59:G>C,100029240|F|0-46:A>G-46:A>G,7343723.0,28908034.0,0.006957221711131582
100016869|F|0-59:G>C-59:G>C,100034977|F|0-7:A>C-7:A>C,7343723.0,30044545.0,7.670799132134231e-05
100016869|F|0-59:G>C-59:G>C,100013352|F|0-68:T>C-68:T>C,7343723.0,30046946.0,0.01778247051936103
100016869|F|0-59:G>C-59:G>C,100015028|F|0-52:A>T-52:A>T,7343723.0,30261516.0,0.00037103122401015615
100016869|F|0-59:G>C-59:G>C,100013847|F|0-11:C>A-11:C>A,7343723.0,31582817.0,0.0014940171298935933
100016869|F|0-59:G>C-59:G>C,100058699|F|0-62:C>A-62:C>A,7343723.0,31974051.0,0.00033822176524704
100016869|F|0-59:G>C-59:G>C,100033659|F|0-57:T>C-57:T>C,7343723.0,32094438.0,0.03657605755202755
100016869|F|0-59:G>C-59:G>C,100013718|F|0-18:C>A-18:C>A,7343723.0,32883911.0,0.047643642470945845
100016869|F|0-59:G>C-59:G>C,100041762|F|0-5:T>C-5:T>C,7343723.0,32989042.0,0.015410403462858902
100016869|F|0-59:G>C-59:G>C,100015328|F|0-33:T>C-33:T>C,7343723.0,33041489.0,0.0026451529115438257
100016869|F|0-59:G>C-59:G>C,100019357|F|0-62:A>C-62:A>C,7343723.0,33053982.0,0.012241284713018266
100016869|F|0-59:G>C-59:G>C,100016448|F|0-61:C>T-61:C>T,7343723.0,33055328.0,0.015359024465206489
100016869|F|0-59:G>C-59:G>C,100021291|F|0-61:A>G-61:A>G,7343723.0,33070336.0,0.008445126053808141
100016869|F|0-59:G>C-59:G>C,100048192|F|0-15:C>T-15:C>T,7343723.0,33491970.0,0.015974822330499124
100016869|F|0-59:G>C-59:G>C,100039244|F|0-37:G>C-37:G>C,7343723.0,33634526.0,0.00015299193668793604
100016869|F|0-59:G>C-59:G>C,100014488|F|0-28:T>A-28:T>A,7343723.0,34000405.0,0.0036484716553887263
100016869|F|0-59:G>C-59:G>C,100040723|F|0-6:G>A-6:G>A,7343723.0,34052241.0,0.00042007983739554767
100016869|F|0-59:G>C-59:G>C,100016551|F|0-65:A>C-65:A>C,7343723.0,35402436.0,3.078859442677205e-07
100016869|F|0-59:G>C-59:G>C,100032755|F|0-61:C>T-61:C>T,7343723.0,35410581.0,0.0025700559279216093
100016869|F|0-59:G>C-59:G>C,100048771|F|0-11:G>A-11:G>A,7343723.0,35423854.0,0.035432643829618075
100016869|F|0-59:G>C-59:G>C,100014472|F|0-31:C>A-31:C>A,7343723.0,35488899.0,0.017740179489685162
100016869|F|0-59:G>C-59:G>C,100019838|F|0-5:G>C-5:G>C,7343723.0,36000724.0,0.0646636014179284
100016869|F|0-59:G>C-59:G>C,100046262|F|0-23:C>A-23:C>A,7343723.0,36000729.0,0.0646636014179284
100016869|F|0-59:G>C-59:G>C,100034510|F|0-47:C>T-47:C>T,7343723.0,36129807.0,0.04213607075274925
100016869|F|0-59:G>C-59:G>C,100014127|F|0-16:C>T-16:C>T,7343723.0,36258373.0,0.0126483711179737
100016869|F|0-59:G>C-59:G>C,100014670|F|0-19:A>G-19:A>G,7343723.0,36976759.0,0.09778908667286437
100016869|F|0-59:G>C-59:G>C,100041232|F|0-30:T>A-30:T>A,7343723.0,37013523.0,0.08391833923333854
100016869|F|0-59:G>C-59:G>C,100019174|F|0-24:T>A-24:T>A,7343723.0,37246706.0,0.0034528488990310455
100016869|F|0-59:G>C-59:G>C,100019068|F|0-18:T>C-18:T>C,7343723.0,37282618.0,0.007265665503863533
100016869|F|0-59:G>C-59:G>C,100060605|F|0-5:C>T-5:C>T,7343723.0,37463852.0,0.03587672982442401
100016869|F|0-59:G>C-59:G>C,100038566|F|0-46:T>A-46:T>A,7343723.0,37463857.0,0.014534886299822832
100016869|F|0-59:G>C-59:G>C,100034752|F|0-27:G>T-27:G>T,7343723.0,37483520.0,0.013315085771127467
100016869|F|0-59:G>C-59:G>C,100032980|F|0-45:T>A-45:T>A,7343723.0,38018248.0,0.08848896044158228
100016869|F|0-59:G>C-59:G>C,100049995|F|0-28:T>A-28:T>A,7343723.0,38112106.0,0.006594316706783778
100016869|F|0-59:G>C-59:G>C,100015393|F|0-56:G>A-56:G>A,7343723.0,38230758.0,0.1881142214628868
100016869|F|0-59:G>C-59:G>C,100022008|F|0-51:G>C-51:G>C,7343723.0,38274860.0,0.08696592775558387
100016869|F|0-59:G>C-59:G>C,100019383|F|0-67:A>T-67:A>T,7343723.0,38687047.0,0.009653984469991848
100016869|F|0-59:G>C-59:G>C,100021690|F|0-12:G>A-12:G>A,7343723.0,38877675.0,0.001055481860045714
100016869|F|0-59:G>C-59:G>C,100034940|F|0-27:A>C-27:A>C,7343723.0,38877680.0,0.00018999240030398768
100016869|F|0-59:G>C-59:G>C,100017082|F|0-22:G>A-22:G>A,7343723.0,38896484.0,2.167788358181267e-05
100016869|F|0-59:G>C-59:G>C,100018671|F|0-6:A>T-6:A>T,7343723.0,38898348.0,0.00010980993121017895
100016869|F|0-59:G>C-59:G>C,100035888|F|0-14:T>C-14:T>C,7343723.0,38914509.0,0.00012211900904494889
100016869|F|0-59:G>C-59:G>C,100034779|F|0-8:A>T-8:A>T,7343723.0,38917568.0,0.00045021919472784303
100016869|F|0-59:G>C-59:G>C,100016817|F|0-58:C>T-58:C>T,7343723.0,38927419.0,0.025136975221491498
100016869|F|0-59:G>C-59:G>C,100018350|F|0-55:C>G-55:C>G,7343723.0,38996563.0,0.0047073827641209605
100014470|F|0-59:T>C-59:T>C,100045002|F|0-68:G>C-68:G>C,7507748.0,10684285.0,0.05029183862692075
100014470|F|0-59:T>C-59:T>C,100041895|F|0-45:G>A-45:G>A,7507748.0,10925928.0,0.010560359052207802
100014470|F|0-59:T>C-59:T>C,100018159|F|0-67:G>A-67:G>A,7507748.0,10965809.0,0.02996823045219585
100014470|F|0-59:T>C-59:T>C,100017662|F|0-28:T>C-28:T>C,7507748.0,10990186.0,0.031884229433085574
100014470|F|0-59:T>C-59:T>C,100058370|F|0-6:C>T-6:C>T,7507748.0,12211612.0,0.0016680567139282752
100014470|F|0-59:T>C-59:T>C,100059965|F|0-13:G>A-13:G>A,7507748.0,15610976.0,0.0043902575661710335
100014470|F|0-59:T>C-59:T>C,100050254|F|0-17:A>G-17:A>G,7507748.0,15872467.0,0.0005571048790658896
100014470|F|0-59:T>C-59:T>C,100043217|F|0-12:G>T-12:G>T,7507748.0,24356568.0,0.006158342943697623
100014470|F|0-59:T>C-59:T>C,100043216|F|0-10:A>G-10:A>G,7507748.0,24356568.0,0.000228752404278577
100014470|F|0-59:T>C-59:T>C,100036033|F|0-33:T>C-33:T>C,7507748.0,25065738.0,0.0010431560030183726
100014470|F|0-59:T>C-59:T>C,100058913|F|0-33:A>C-33:A>C,7507748.0,25635537.0,0.0014657901537666314
100014470|F|0-59:T>C-59:T>C,100020050|F|0-34:T>G-34:T>G,7507748.0,27194741.0,0.0027327682847416283
100014470|F|0-59:T>C-59:T>C,100014308|F|0-20:G>A-20:G>A,7507748.0,27674495.0,0.024623261692729926
100014470|F|0-59:T>C-59:T>C,100013667|F|0-32:C>A-32:C>A,7507748.0,27893794.0,0.0004012244551235384
100014470|F|0-59:T>C-59:T>C,100021644|F|0-58:T>G-58:T>G,7507748.0,28228664.0,0.41725949092033776
100014470|F|0-59:T>C-59:T>C,100013355|F|0-21:A>G-21:A>G,7507748.0,28317387.0,0.003478540253725075
100014470|F|0-59:T>C-59:T>C,100033656|F|0-39:G>A-39:G>A,7507748.0,28614182.0,0.010548416281377856
100014470|F|0-59:T>C-59:T>C,100014819|F|0-24:A>T-24:A>T,7507748.0,28857198.0,0.022497027109316135
100014470|F|0-59:T>C-59:T>C,100012992|F|0-18:G>T-18:G>T,7507748.0,28905220.0,0.012042541060359725
100014470|F|0-59:T>C-59:T>C,100029240|F|0-46:A>G-46:A>G,7507748.0,28908034.0,0.006132633314220197
100014470|F|0-59:T>C-59:T>C,100034977|F|0-7:A>C-7:A>C,7507748.0,30044545.0,0.004039990862874044
100014470|F|0-59:T>C-59:T>C,100013352|F|0-68:T>C-68:T>C,7507748.0,30046946.0,2.6218525358433415e-05
100014470|F|0-59:T>C-59:T>C,100015028|F|0-52:A>T-52:A>T,7507748.0,30261516.0,0.0011985155575903834
100014470|F|0-59:T>C-59:T>C,100013847|F|0-11:C>A-11:C>A,7507748.0,31582817.0,0.022291528586876896
100014470|F|0-59:T>C-59:T>C,100058699|F|0-62:C>A-62:C>A,7507748.0,31974051.0,0.0002698327037236935
100014470|F|0-59:T>C-59:T>C,100033659|F|0-57:T>C-57:T>C,7507748.0,32094438.0,0.06050983333098928
100014470|F|0-59:T>C-59:T>C,100013718|F|0-18:C>A-18:C>A,7507748.0,32883911.0,0.05212852823191496
100014470|F|0-59:T>C-59:T>C,100041762|F|0-5:T>C-5:T>C,7507748.0,32989042.0,0.02686061568662196
100014470|F|0-59:T>C-59:T>C,100015328|F|0-33:T>C-33:T>C,7507748.0,33041489.0,0.004284172763954964
100014470|F|0-59:T>C-59:T>C,100019357|F|0-62:A>C-62:A>C,7507748.0,33053982.0,0.0009003326174000886
100014470|F|0-59:T>C-59:T>C,100016448|F|0-61:C>T-61:C>T,7507748.0,33055328.0,0.00031323130449189006
100014470|F|0-59:T>C-59:T>C,100021291|F|0-61:A>G-61:A>G,7507748.0,33070336.0,0.010116969866275392
100014470|F|0-59:T>C-59:T>C,100048192|F|0-15:C>T-15:C>T,7507748.0,33491970.0,0.007996795830946417
100014470|F|0-59:T>C-59:T>C,100039244|F|0-37:G>C-37:G>C,7507748.0,33634526.0,0.005189108736548349
100014470|F|0-59:T>C-59:T>C,100014488|F|0-28:T>A-28:T>A,7507748.0,34000405.0,0.011427227282460086
100014470|F|0-59:T>C-59:T>C,100040723|F|0-6:G>A-6:G>A,7507748.0,34052241.0,0.0039031989765977012
100014470|F|0-59:T>C-59:T>C,100016551|F|0-65:A>C-65:A>C,7507748.0,35402436.0,0.007098731316704101
100014470|F|0-59:T>C-59:T>C,100032755|F|0-61:C>T-61:C>T,7507748.0,35410581.0,0.0035781305850113194
100014470|F|0-59:T>C-59:T>C,100048771|F|0-11:G>A-11:G>A,7507748.0,35423854.0,0.011574305917230892
100014470|F|0-59:T>C-59:T>C,100014472|F|0-31:C>A-31:C>A,7507748.0,35488899.0,0.0038317080448025853
100014470|F|0-59:T>C-59:T>C,100019838|F|0-5:G>C-5:G>C,7507748.0,36000724.0,0.03729819177896391
100014470|F|0-59:T>C-59:T>C,100046262|F|0-23:C>A-23:C>A,7507748.0,36000729.0,0.03729819177896391
100014470|F|0-59:T>C-59:T>C,100034510|F|0-47:C>T-47:C>T,7507748.0,36129807.0,0.05661915391091129
100014470|F|0-59:T>C-59:T>C,100014127|F|0-16:C>T-16:C>T,7507748.0,36258373.0,0.009763867340996922
100014470|F|0-59:T>C-59:T>C,100014670|F|0-19:A>G-19:A>G,7507748.0,36976759.0,0.0695966417487824
100014470|F|0-59:T>C-59:T>C,100041232|F|0-30:T>A-30:T>A,7507748.0,37013523.0,0.0011032062654763117
100014470|F|0-59:T>C-59:T>C,100019174|F|0-24:T>A-24:T>A,7507748.0,37246706.0,0.006032044933277734
100014470|F|0-59:T>C-59:T>C,100019068|F|0-18:T>C-18:T>C,7507748.0,37282618.0,0.01569643244135766
100014470|F|0-59:T>C-59:T>C,100060605|F|0-5:C>T-5:C>T,7507748.0,37463852.0,0.00347903624410919
100014470|F|0-59:T>C-59:T>C,100038566|F|0-46:T>A-46:T>A,7507748.0,37463857.0,0.005496458998699493
100014470|F|0-59:T>C-59:T>C,100034752|F|0-27:G>T-27:G>T,7507748.0,37483520.0,0.0050351837293740095
100014470|F|0-59:T>C-59:T>C,100032980|F|0-45:T>A-45:T>A,7507748.0,38018248.0,0.0871559633027523
100014470|F|0-59:T>C-59:T>C,100049995|F|0-28:T>A-28:T>A,7507748.0,38112106.0,0.03507230268945583
100014470|F|0-59:T>C-59:T>C,100015393|F|0-56:G>A-56:G>A,7507748.0,38230758.0,0.1591351754769186
100014470|F|0-59:T>C-59:T>C,100022008|F|0-51:G>C-51:G>C,7507748.0,38274860.0,0.016498182941644658
100014470|F|0-59:T>C-59:T>C,100019383|F|0-67:A>T-67:A>T,7507748.0,38687047.0,0.013552960800667235
100014470|F|0-59:T>C-59:T>C,100021690|F|0-12:G>A-12:G>A,7507748.0,38877675.0,0.001965459885126178
100014470|F|0-59:T>C-59:T>C,100034940|F|0-27:A>C-27:A>C,7507748.0,38877680.0,0.0037893897088153165
100014470|F|0-59:T>C-59:T>C,100017082|F|0-22:G>A-22:G>A,7507748.0,38896484.0,0.009834371178436016
100014470|F|0-59:T>C-59:T>C,100018671|F|0-6:A>T-6:A>T,7507748.0,38898348.0,0.012791107974594198
100014470|F|0-59:T>C-59:T>C,100035888|F|0-14:T>C-14:T>C,7507748.0,38914509.0,0.01422491948797053
100014470|F|0-59:T>C-59:T>C,100034779|F|0-8:A>T-8:A>T,7507748.0,38917568.0,0.012949874869715609
100014470|F|0-59:T>C-59:T>C,100016817|F|0-58:C>T-58:C>T,7507748.0,38927419.0,0.012408929051550579
100014470|F|0-59:T>C-59:T>C,100018350|F|0-55:C>G-55:C>G,7507748.0,38996563.0,0.005542998660597855
100045002|F|0-68:G>C-68:G>C,100041895|F|0-45:G>A-45:G>A,10684285.0,10925928.0,0.0169651512832287
100045002|F|0-68:G>C-68:G>C,100018159|F|0-67:G>A-67:G>A,10684285.0,10965809.0,0.005646211665355158
100045002|F|0-68:G>C-68:G>C,100017662|F|0-28:T>C-28:T>C,10684285.0,10990186.0,0.0005529087991486055
100045002|F|0-68:G>C-68:G>C,100058370|F|0-6:C>T-6:C>T,10684285.0,12211612.0,0.0026797227595099973
100045002|F|0-68:G>C-68:G>C,100059965|F|0-13:G>A-13:G>A,10684285.0,15610976.0,0.008470388032933904
100045002|F|0-68:G>C-68:G>C,100050254|F|0-17:A>G-17:A>G,10684285.0,15872467.0,0.008356417518651543
100045002|F|0-68:G>C-68:G>C,100043217|F|0-12:G>T-12:G>T,10684285.0,24356568.0,0.0037967783816253028
100045002|F|0-68:G>C-68:G>C,100043216|F|0-10:A>G-10:A>G,10684285.0,24356568.0,0.00029398011250326815
100045002|F|0-68:G>C-68:G>C,100036033|F|0-33:T>C-33:T>C,10684285.0,25065738.0,0.00033333771935595714
100045002|F|0-68:G>C-68:G>C,100058913|F|0-33:A>C-33:A>C,10684285.0,25635537.0,0.0012455049445609806
100045002|F|0-68:G>C-68:G>C,100020050|F|0-34:T>G-34:T>G,10684285.0,27194741.0,0.009996986885213052
100045002|F|0-68:G>C-68:G>C,100014308|F|0-20:G>A-20:G>A,10684285.0,27674495.0,0.007777701971715688
100045002|F|0-68:G>C-68:G>C,100013667|F|0-32:C>A-32:C>A,10684285.0,27893794.0,0.022159435090032913
100045002|F|0-68:G>C-68:G>C,100021644|F|0-58:T>G-58:T>G,10684285.0,28228664.0,0.007473335871414091
100045002|F|0-68:G>C-68:G>C,100013355|F|0-21:A>G-21:A>G,10684285.0,28317387.0,0.006257667289183793
100045002|F|0-68:G>C-68:G>C,100033656|F|0-39:G>A-39:G>A,10684285.0,28614182.0,0.004583998310490192
100045002|F|0-68:G>C-68:G>C,100014819|F|0-24:A>T-24:A>T,10684285.0,28857198.0,0.00940363422044504
100045002|F|0-68:G>C-68:G>C,100012992|F|0-18:G>T-18:G>T,10684285.0,28905220.0,0.0015429132257227447
100045002|F|0-68:G>C-68:G>C,100029240|F|0-46:A>G-46:A>G,10684285.0,28908034.0,0.00015039260385005146
100045002|F|0-68:G>C-68:G>C,100034977|F|0-7:A>C-7:A>C,10684285.0,30044545.0,0.00016859298265992925
100045002|F|0-68:G>C-68:G>C,100013352|F|0-68:T>C-68:T>C,10684285.0,30046946.0,0.0012513185480510682
100045002|F|0-68:G>C-68:G>C,100015028|F|0-52:A>T-52:A>T,10684285.0,30261516.0,0.0305403790543865
100045002|F|0-68:G>C-68:G>C,100013847|F|0-11:C>A-11:C>A,10684285.0,31582817.0,0.0008549568556849584
100045002|F|0-68:G>C-68:G>C,100058699|F|0-62:C>A-62:C>A,10684285.0,31974051.0,0.010961320698492164
100045002|F|0-68:G>C-68:G>C,100033659|F|0-57:T>C-57:T>C,10684285.0,32094438.0,0.000184521867332095
100045002|F|0-68:G>C-68:G>C,100013718|F|0-18:C>A-18:C>A,10684285.0,32883911.0,0.0018309355839921547
100045002|F|0-68:G>C-68:G>C,100041762|F|0-5:T>C-5:T>C,10684285.0,32989042.0,0.011246178186900995
100045002|F|0-68:G>C-68:G>C,100015328|F|0-33:T>C-33:T>C,10684285.0,33041489.0,0.0006550283038328398
100045002|F|0-68:G>C-68:G>C,100019357|F|0-62:A>C-62:A>C,10684285.0,33053982.0,0.04221698821973803
100045002|F|0-68:G>C-68:G>C,100016448|F|0-61:C>T-61:C>T,10684285.0,33055328.0,0.0002661575652786446
100045002|F|0-68:G>C-68:G>C,100021291|F|0-61:A>G-61:A>G,10684285.0,33070336.0,0.0021912638921805843
100045002|F|0-68:G>C-68:G>C,100048192|F|0-15:C>T-15:C>T,10684285.0,33491970.0,0.016586075646970753
100045002|F|0-68:G>C-68:G>C,100039244|F|0-37:G>C-37:G>C,10684285.0,33634526.0,0.003284375698462908
100045002|F|0-68:G>C-68:G>C,100014488|F|0-28:T>A-28:T>A,10684285.0,34000405.0,0.0002764847869702908
100045002|F|0-68:G>C-68:G>C,100040723|F|0-6:G>A-6:G>A,10684285.0,34052241.0,1.1073546532908935e-06
100045002|F|0-68:G>C-68:G>C,100016551|F|0-65:A>C-65:A>C,10684285.0,35402436.0,0.009744313288276376
100045002|F|0-68:G>C-68:G>C,100032755|F|0-61:C>T-61:C>T,10684285.0,35410581.0,5.555628655932482e-05
100045002|F|0-68:G>C-68:G>C,100048771|F|0-11:G>A-11:G>A,10684285.0,35423854.0,0.0024293987780004632
100045002|F|0-68:G>C-68:G>C,100014472|F|0-31:C>A-31:C>A,10684285.0,35488899.0,0.0019862802297912203
100045002|F|0-68:G>C-68:G>C,100019838|F|0-5:G>C-5:G>C,10684285.0,36000724.0,0.0017176836359473612
100045002|F|0-68:G>C-68:G>C,100046262|F|0-23:C>A-23:C>A,10684285.0,36000729.0,0.0017176836359473612
100045002|F|0-68:G>C-68:G>C,100034510|F|0-47:C>T-47:C>T,10684285.0,36129807.0,0.010837131877162677
100045002|F|0-68:G>C-68:G>C,100014127|F|0-16:C>T-16:C>T,10684285.0,36258373.0,0.00027341682439849366
100045002|F|0-68:G>C-68:G>C,100014670|F|0-19:A>G-19:A>G,10684285.0,36976759.0,0.00356910560389115
100045002|F|0-68:G>C-68:G>C,100041232|F|0-30:T>A-30:T>A,10684285.0,37013523.0,8.958235761905707e-05
100045002|F|0-68:G>C-68:G>C,100019174|F|0-24:T>A-24:T>A,10684285.0,37246706.0,0.0013203298727614847
100045002|F|0-68:G>C-68:G>C,100019068|F|0-18:T>C-18:T>C,10684285.0,37282618.0,0.0006550283038328393
100045002|F|0-68:G>C-68:G>C,100060605|F|0-5:C>T-5:C>T,10684285.0,37463852.0,0.0022993616867299418
100045002|F|0-68:G>C-68:G>C,100038566|F|0-46:T>A-46:T>A,10684285.0,37463857.0,0.011370086925596809
100045002|F|0-68:G>C-68:G>C,100034752|F|0-27:G>T-27:G>T,10684285.0,37483520.0,0.01041588351753008
100045002|F|0-68:G>C-68:G>C,100032980|F|0-45:T>A-45:T>A,10684285.0,38018248.0,0.0027976190476190488
100045002|F|0-68:G>C-68:G>C,100049995|F|0-28:T>A-28:T>A,10684285.0,38112106.0,0.0038092592399827908
100045002|F|0-68:G>C-68:G>C,100015393|F|0-56:G>A-56:G>A,10684285.0,38230758.0,0.01793040567947696
100045002|F|0-68:G>C-68:G>C,100022008|F|0-51:G>C-51:G>C,10684285.0,38274860.0,0.00018569022868060984
100045002|F|0-68:G>C-68:G>C,100019383|F|0-67:A>T-67:A>T,10684285.0,38687047.0,0.0005451994813696942
100045002|F|0-68:G>C-68:G>C,100021690|F|0-12:G>A-12:G>A,10684285.0,38877675.0,0.08317554554821753
100045002|F|0-68:G>C-68:G>C,100034940|F|0-27:A>C-27:A>C,10684285.0,38877680.0,0.07732175895335028
100045002|F|0-68:G>C-68:G>C,100017082|F|0-22:G>A-22:G>A,10684285.0,38896484.0,0.04743313945767926
100045002|F|0-68:G>C-68:G>C,100018671|F|0-6:A>T-6:A>T,10684285.0,38898348.0,0.09444368299834194
100045002|F|0-68:G>C-68:G>C,100035888|F|0-14:T>C-14:T>C,10684285.0,38914509.0,0.1050302905320793
100045002|F|0-68:G>C-68:G>C,100034779|F|0-8:A>T-8:A>T,10684285.0,38917568.0,0.11525067766102895
100045002|F|0-68:G>C-68:G>C,100016817|F|0-58:C>T-58:C>T,10684285.0,38927419.0,0.035439764472090025
100045002|F|0-68:G>C-68:G>C,100018350|F|0-55:C>G-55:C>G,10684285.0,38996563.0,1.399000966046973e-05
100041895|F|0-45:G>A-45:G>A,100018159|F|0-67:G>A-67:G>A,10925928.0,10965809.0,0.425092666983165
100041895|F|0-45:G>A-45:G>A,100017662|F|0-28:T>C-28:T>C,10925928.0,10990186.0,0.5772685485843434
100041895|F|0-45:G>A-45:G>A,100058370|F|0-6:C>T-6:C>T,10925928.0,12211612.0,0.040058862001308114
100041895|F|0-45:G>A-45:G>A,100059965|F|0-13:G>A-13:G>A,10925928.0,15610976.0,0.0006460348962209465
100041895|F|0-45:G>A-45:G>A,100050254|F|0-17:A>G-17:A>G,10925928.0,15872467.0,0.011183780248528473
100041895|F|0-45:G>A-45:G>A,100043217|F|0-12:G>T-12:G>T,10925928.0,24356568.0,0.005466546087707715
100041895|F|0-45:G>A-45:G>A,100043216|F|0-10:A>G-10:A>G,10925928.0,24356568.0,0.02625953535813879
100041895|F|0-45:G>A-45:G>A,100036033|F|0-33:T>C-33:T>C,10925928.0,25065738.0,0.021197327852004174
100041895|F|0-45:G>A-45:G>A,100058913|F|0-33:A>C-33:A>C,10925928.0,25635537.0,0.0001688789813219856
100041895|F|0-45:G>A-45:G>A,100020050|F|0-34:T>G-34:T>G,10925928.0,27194741.0,0.0011634896934204658
100041895|F|0-45:G>A-45:G>A,100014308|F|0-20:G>A-20:G>A,10925928.0,27674495.0,0.10283848047535395
100041895|F|0-45:G>A-45:G>A,100013667|F|0-32:C>A-32:C>A,10925928.0,27893794.0,0.15996726428381117
100041895|F|0-45:G>A-45:G>A,100021644|F|0-58:T>G-58:T>G,10925928.0,28228664.0,0.00022881084844417408
100041895|F|0-45:G>A-45:G>A,100013355|F|0-21:A>G-21:A>G,10925928.0,28317387.0,0.007333938674303258
100041895|F|0-45:G>A-45:G>A,100033656|F|0-39:G>A-39:G>A,10925928.0,28614182.0,0.0020049923122188334
100041895|F|0-45:G>A-45:G>A,100014819|F|0-24:A>T-24:A>T,10925928.0,28857198.0,0.018942892023263044
100041895|F|0-45:G>A-45:G>A,100012992|F|0-18:G>T-18:G>T,10925928.0,28905220.0,0.00770892365631601
100041895|F|0-45:G>A-45:G>A,100029240|F|0-46:A>G-46:A>G,10925928.0,28908034.0,0.00899280575539569
100041895|F|0-45:G>A-45:G>A,100034977|F|0-7:A>C-7:A>C,10925928.0,30044545.0,0.010081107088851201
100041895|F|0-45:G>A-45:G>A,100013352|F|0-68:T>C-68:T>C,10925928.0,30046946.0,0.0038151297144102844
100041895|F|0-45:G>A-45:G>A,100015028|F|0-52:A>T-52:A>T,10925928.0,30261516.0,0.009976663582761417
100041895|F|0-45:G>A-45:G>A,100013847|F|0-11:C>A-11:C>A,10925928.0,31582817.0,0.0005470908444347196
100041895|F|0-45:G>A-45:G>A,100058699|F|0-62:C>A-62:C>A,10925928.0,31974051.0,0.019043588658484926
100041895|F|0-45:G>A-45:G>A,100033659|F|0-57:T>C-57:T>C,10925928.0,32094438.0,0.0030950223396357494
100041895|F|0-45:G>A-45:G>A,100013718|F|0-18:C>A-18:C>A,10925928.0,32883911.0,0.020955494521159797
100041895|F|0-45:G>A-45:G>A,100041762|F|0-5:T>C-5:T>C,10925928.0,32989042.0,0.10260459476543368
100041895|F|0-45:G>A-45:G>A,100015328|F|0-33:T>C-33:T>C,10925928.0,33041489.0,0.020716834856074635
100041895|F|0-45:G>A-45:G>A,100019357|F|0-62:A>C-62:A>C,10925928.0,33053982.0,0.07442404127545404
100041895|F|0-45:G>A-45:G>A,100016448|F|0-61:C>T-61:C>T,10925928.0,33055328.0,0.0005074946814557395
100041895|F|0-45:G>A-45:G>A,100021291|F|0-61:A>G-61:A>G,10925928.0,33070336.0,0.008603817003312584
100041895|F|0-45:G>A-45:G>A,100048192|F|0-15:C>T-15:C>T,10925928.0,33491970.0,0.014088449650344979
100041895|F|0-45:G>A-45:G>A,100039244|F|0-37:G>C-37:G>C,10925928.0,33634526.0,0.004758583803511121
100041895|F|0-45:G>A-45:G>A,100014488|F|0-28:T>A-28:T>A,10925928.0,34000405.0,0.0031644343412164377
100041895|F|0-45:G>A-45:G>A,100040723|F|0-6:G>A-6:G>A,10925928.0,34052241.0,0.00993636751896227
100041895|F|0-45:G>A-45:G>A,100016551|F|0-65:A>C-65:A>C,10925928.0,35402436.0,0.00693421166681114
100041895|F|0-45:G>A-45:G>A,100032755|F|0-61:C>T-61:C>T,10925928.0,35410581.0,0.006280689733927139
100041895|F|0-45:G>A-45:G>A,100048771|F|0-11:G>A-11:G>A,10925928.0,35423854.0,0.0007853978825673098
100041895|F|0-45:G>A-45:G>A,100014472|F|0-31:C>A-31:C>A,10925928.0,35488899.0,0.0010772851068700498
100041895|F|0-45:G>A-45:G>A,100019838|F|0-5:G>C-5:G>C,10925928.0,36000724.0,0.00015193758404047767
100041895|F|0-45:G>A-45:G>A,100046262|F|0-23:C>A-23:C>A,10925928.0,36000729.0,0.00015193758404047767
100041895|F|0-45:G>A-45:G>A,100034510|F|0-47:C>T-47:C>T,10925928.0,36129807.0,0.000867357018604813
100041895|F|0-45:G>A-45:G>A,100014127|F|0-16:C>T-16:C>T,10925928.0,36258373.0,0.0005747732040732228
100041895|F|0-45:G>A-45:G>A,100014670|F|0-19:A>G-19:A>G,10925928.0,36976759.0,0.01833453871823177
100041895|F|0-45:G>A-45:G>A,100041232|F|0-30:T>A-30:T>A,10925928.0,37013523.0,0.0015716485756586
100041895|F|0-45:G>A-45:G>A,100019174|F|0-24:T>A-24:T>A,10925928.0,37246706.0,0.020503889096514984
100041895|F|0-45:G>A-45:G>A,100019068|F|0-18:T>C-18:T>C,10925928.0,37282618.0,0.000247833229479409
100041895|F|0-45:G>A-45:G>A,100060605|F|0-5:C>T-5:C>T,10925928.0,37463852.0,0.003365332050469044
100041895|F|0-45:G>A-45:G>A,100038566|F|0-46:T>A-46:T>A,10925928.0,37463857.0,0.008333738024045557
100041895|F|0-45:G>A-45:G>A,100034752|F|0-27:G>T-27:G>T,10925928.0,37483520.0,0.0011439611561634077
100041895|F|0-45:G>A-45:G>A,100032980|F|0-45:T>A-45:T>A,10925928.0,38018248.0,0.0017086330935251793
100041895|F|0-45:G>A-45:G>A,100049995|F|0-28:T>A-28:T>A,10925928.0,38112106.0,0.009431666995170973
100041895|F|0-45:G>A-45:G>A,100015393|F|0-56:G>A-56:G>A,10925928.0,38230758.0,0.044551660259094114
100041895|F|0-45:G>A-45:G>A,100022008|F|0-51:G>C-51:G>C,10925928.0,38274860.0,0.08396981045300693
100041895|F|0-45:G>A-45:G>A,100019383|F|0-67:A>T-67:A>T,10925928.0,38687047.0,0.028229863661518435
100041895|F|0-45:G>A-45:G>A,100021690|F|0-12:G>A-12:G>A,10925928.0,38877675.0,0.005217355860354208
100041895|F|0-45:G>A-45:G>A,100034940|F|0-27:A>C-27:A>C,10925928.0,38877680.0,0.007428839537066003
100041895|F|0-45:G>A-45:G>A,100017082|F|0-22:G>A-22:G>A,10925928.0,38896484.0,0.00451395715552489
100041895|F|0-45:G>A-45:G>A,100018671|F|0-6:A>T-6:A>T,10925928.0,38898348.0,0.01443142568173571
100041895|F|0-45:G>A-45:G>A,100035888|F|0-14:T>C-14:T>C,10925928.0,38914509.0,0.016049107616561663
100041895|F|0-45:G>A-45:G>A,100034779|F|0-8:A>T-8:A>T,10925928.0,38917568.0,0.015178868141441966
100041895|F|0-45:G>A-45:G>A,100016817|F|0-58:C>T-58:C>T,10925928.0,38927419.0,0.007405083795722521
100041895|F|0-45:G>A-45:G>A,100018350|F|0-55:C>G-55:C>G,10925928.0,38996563.0,0.0071163999033331555
100018159|F|0-67:G>A-67:G>A,100017662|F|0-28:T>C-28:T>C,10965809.0,10990186.0,0.3900000595092856
100018159|F|0-67:G>A-67:G>A,100058370|F|0-6:C>T-6:C>T,10965809.0,12211612.0,0.005256402861098278
100018159|F|0-67:G>A-67:G>A,100059965|F|0-13:G>A-13:G>A,10965809.0,15610976.0,0.018904253457027877
100018159|F|0-67:G>A-67:G>A,100050254|F|0-17:A>G-17:A>G,10965809.0,15872467.0,0.017535763728657085
100018159|F|0-67:G>A-67:G>A,100043217|F|0-12:G>T-12:G>T,10965809.0,24356568.0,0.03457169455528988
100018159|F|0-67:G>A-67:G>A,100043216|F|0-10:A>G-10:A>G,10965809.0,24356568.0,0.03335094287617429
100018159|F|0-67:G>A-67:G>A,100036033|F|0-33:T>C-33:T>C,10965809.0,25065738.0,0.007285280286549315
100018159|F|0-67:G>A-67:G>A,100058913|F|0-33:A>C-33:A>C,10965809.0,25635537.0,0.0010068873477753156
100018159|F|0-67:G>A-67:G>A,100020050|F|0-34:T>G-34:T>G,10965809.0,27194741.0,0.014302589151741518
100018159|F|0-67:G>A-67:G>A,100014308|F|0-20:G>A-20:G>A,10965809.0,27674495.0,0.03794913277727529
100018159|F|0-67:G>A-67:G>A,100013667|F|0-32:C>A-32:C>A,10965809.0,27893794.0,0.058496495044718204
100018159|F|0-67:G>A-67:G>A,100021644|F|0-58:T>G-58:T>G,10965809.0,28228664.0,0.02224916909704853
100018159|F|0-67:G>A-67:G>A,100013355|F|0-21:A>G-21:A>G,10965809.0,28317387.0,0.004041787233842823
100018159|F|0-67:G>A-67:G>A,100033656|F|0-39:G>A-39:G>A,10965809.0,28614182.0,0.005631972998674034
100018159|F|0-67:G>A-67:G>A,100014819|F|0-24:A>T-24:A>T,10965809.0,28857198.0,0.024058434437667007
100018159|F|0-67:G>A-67:G>A,100012992|F|0-18:G>T-18:G>T,10965809.0,28905220.0,0.05106517137144844
100018159|F|0-67:G>A-67:G>A,100029240|F|0-46:A>G-46:A>G,10965809.0,28908034.0,0.036663229695431496
100018159|F|0-67:G>A-67:G>A,100034977|F|0-7:A>C-7:A>C,10965809.0,30044545.0,0.006492876647100862
100018159|F|0-67:G>A-67:G>A,100013352|F|0-68:T>C-68:T>C,10965809.0,30046946.0,4.394928252796266e-05
100018159|F|0-67:G>A-67:G>A,100015028|F|0-52:A>T-52:A>T,10965809.0,30261516.0,0.0065793159386965455
100018159|F|0-67:G>A-67:G>A,100013847|F|0-11:C>A-11:C>A,10965809.0,31582817.0,0.025129932725568748
100018159|F|0-67:G>A-67:G>A,100058699|F|0-62:C>A-62:C>A,10965809.0,31974051.0,0.024186324275903226
100018159|F|0-67:G>A-67:G>A,100033659|F|0-57:T>C-57:T>C,10965809.0,32094438.0,0.0015597586376123942
100018159|F|0-67:G>A-67:G>A,100013718|F|0-18:C>A-18:C>A,10965809.0,32883911.0,0.0016110213305259144
100018159|F|0-67:G>A-67:G>A,100041762|F|0-5:T>C-5:T>C,10965809.0,32989042.0,0.03628960687033163
100018159|F|0-67:G>A-67:G>A,100015328|F|0-33:T>C-33:T>C,10965809.0,33041489.0,0.04094049236865709
100018159|F|0-67:G>A-67:G>A,100019357|F|0-62:A>C-62:A>C,10965809.0,33053982.0,0.01101264733717632
100018159|F|0-67:G>A-67:G>A,100016448|F|0-61:C>T-61:C>T,10965809.0,33055328.0,0.0017195001776076934
100018159|F|0-67:G>A-67:G>A,100021291|F|0-61:A>G-61:A>G,10965809.0,33070336.0,0.00024719829890012006
100018159|F|0-67:G>A-67:G>A,100048192|F|0-15:C>T-15:C>T,10965809.0,33491970.0,2.9567463490096097e-07
100018159|F|0-67:G>A-67:G>A,100039244|F|0-37:G>C-37:G>C,10965809.0,33634526.0,0.004939403244981824
100018159|F|0-67:G>A-67:G>A,100014488|F|0-28:T>A-28:T>A,10965809.0,34000405.0,0.004311189384756985
100018159|F|0-67:G>A-67:G>A,100040723|F|0-6:G>A-6:G>A,10965809.0,34052241.0,0.017987396076910685
100018159|F|0-67:G>A-67:G>A,100016551|F|0-65:A>C-65:A>C,10965809.0,35402436.0,2.718148397311703e-05
100018159|F|0-67:G>A-67:G>A,100032755|F|0-61:C>T-61:C>T,10965809.0,35410581.0,0.01043841240541747
100018159|F|0-67:G>A-67:G>A,100048771|F|0-11:G>A-11:G>A,10965809.0,35423854.0,0.004682685700352433
100018159|F|0-67:G>A-67:G>A,100014472|F|0-31:C>A-31:C>A,10965809.0,35488899.0,0.0008802189605904193
100018159|F|0-67:G>A-67:G>A,100019838|F|0-5:G>C-5:G>C,10965809.0,36000724.0,0.0009058796412931019
100018159|F|0-67:G>A-67:G>A,100046262|F|0-23:C>A-23:C>A,10965809.0,36000729.0,0.0009058796412931019
100018159|F|0-67:G>A-67:G>A,100034510|F|0-47:C>T-47:C>T,10965809.0,36129807.0,0.007351566192145407
100018159|F|0-67:G>A-67:G>A,100014127|F|0-16:C>T-16:C>T,10965809.0,36258373.0,0.002343322270813204
100018159|F|0-67:G>A-67:G>A,100014670|F|0-19:A>G-19:A>G,10965809.0,36976759.0,0.02782533863329134
100018159|F|0-67:G>A-67:G>A,100041232|F|0-30:T>A-30:T>A,10965809.0,37013523.0,0.002837613320804823
100018159|F|0-67:G>A-67:G>A,100019174|F|0-24:T>A-24:T>A,10965809.0,37246706.0,0.004904121893335081
100018159|F|0-67:G>A-67:G>A,100019068|F|0-18:T>C-18:T>C,10965809.0,37282618.0,0.0067156104217937105
100018159|F|0-67:G>A-67:G>A,100060605|F|0-5:C>T-5:C>T,10965809.0,37463852.0,0.03081750574730378
100018159|F|0-67:G>A-67:G>A,100038566|F|0-46:T>A-46:T>A,10965809.0,37463857.0,0.006701290818399424
100018159|F|0-67:G>A-67:G>A,100034752|F|0-27:G>T-27:G>T,10965809.0,37483520.0,0.006138903338056716
100018159|F|0-67:G>A-67:G>A,100032980|F|0-45:T>A-45:T>A,10965809.0,38018248.0,0.006027918781725884
100018159|F|0-67:G>A-67:G>A,100049995|F|0-28:T>A-28:T>A,10965809.0,38112106.0,0.004877312078436813
100018159|F|0-67:G>A-67:G>A,100015393|F|0-56:G>A-56:G>A,10965809.0,38230758.0,0.02782533863329144
100018159|F|0-67:G>A-67:G>A,100022008|F|0-51:G>C-51:G>C,10965809.0,38274860.0,0.04146457710404922
100018159|F|0-67:G>A-67:G>A,100019383|F|0-67:A>T-67:A>T,10965809.0,38687047.0,0.042951971885982154
100018159|F|0-67:G>A-67:G>A,100021690|F|0-12:G>A-12:G>A,10965809.0,38877675.0,0.0005437439783724695
100018159|F|0-67:G>A-67:G>A,100034940|F|0-27:A>C-27:A>C,10965809.0,38877680.0,6.552085632310833e-05
100018159|F|0-67:G>A-67:G>A,100017082|F|0-22:G>A-22:G>A,10965809.0,38896484.0,0.001308670775520145
100018159|F|0-67:G>A-67:G>A,100018671|F|0-6:A>T-6:A>T,10965809.0,38898348.0,0.00034082187723006766
100018159|F|0-67:G>A-67:G>A,100035888|F|0-14:T>C-14:T>C,10965809.0,38914509.0,0.0003790260994564511
100018159|F|0-67:G>A-67:G>A,100034779|F|0-8:A>T-8:A>T,10965809.0,38917568.0,0.00014437061541093817
100018159|F|0-67:G>A-67:G>A,100016817|F|0-58:C>T-58:C>T,10965809.0,38927419.0,0.0020972195513111326
100018159|F|0-67:G>A-67:G>A,100018350|F|0-55:C>G-55:C>G,10965809.0,38996563.0,0.0018887970723645427
100017662|F|0-28:T>C-28:T>C,100058370|F|0-6:C>T-6:C>T,10990186.0,12211612.0,0.03549637642545018
100017662|F|0-28:T>C-28:T>C,100059965|F|0-13:G>A-13:G>A,10990186.0,15610976.0,0.00245583538828476
100017662|F|0-28:T>C-28:T>C,100050254|F|0-17:A>G-17:A>G,10990186.0,15872467.0,0.012402749653628874
100017662|F|0-28:T>C-28:T>C,100043217|F|0-12:G>T-12:G>T,10990186.0,24356568.0,0.01390138326489228
100017662|F|0-28:T>C-28:T>C,100043216|F|0-10:A>G-10:A>G,10990186.0,24356568.0,0.0349051966354223
100017662|F|0-28:T>C-28:T>C,100036033|F|0-33:T>C-33:T>C,10990186.0,25065738.0,0.022183609668955495
100017662|F|0-28:T>C-28:T>C,100058913|F|0-33:A>C-33:A>C,10990186.0,25635537.0,0.016347990247070576
100017662|F|0-28:T>C-28:T>C,100020050|F|0-34:T>G-34:T>G,10990186.0,27194741.0,0.023071680838939627
100017662|F|0-28:T>C-28:T>C,100014308|F|0-20:G>A-20:G>A,10990186.0,27674495.0,0.12999523655831377
100017662|F|0-28:T>C-28:T>C,100013667|F|0-32:C>A-32:C>A,10990186.0,27893794.0,0.10961623153885734
100017662|F|0-28:T>C-28:T>C,100021644|F|0-58:T>G-58:T>G,10990186.0,28228664.0,0.002229698215403314
100017662|F|0-28:T>C-28:T>C,100013355|F|0-21:A>G-21:A>G,10990186.0,28317387.0,0.004439066057682247
100017662|F|0-28:T>C-28:T>C,100033656|F|0-39:G>A-39:G>A,10990186.0,28614182.0,0.003789589436011962
100017662|F|0-28:T>C-28:T>C,100014819|F|0-24:A>T-24:A>T,10990186.0,28857198.0,0.028200590057119074
100017662|F|0-28:T>C-28:T>C,100012992|F|0-18:G>T-18:G>T,10990186.0,28905220.0,0.0012642770258713381
100017662|F|0-28:T>C-28:T>C,100029240|F|0-46:A>G-46:A>G,10990186.0,28908034.0,4.579425556857973e-06
100017662|F|0-28:T>C-28:T>C,100034977|F|0-7:A>C-7:A>C,10990186.0,30044545.0,0.03467172980542807
100017662|F|0-28:T>C-28:T>C,100013352|F|0-68:T>C-68:T>C,10990186.0,30046946.0,0.01234517973234271
100017662|F|0-28:T>C-28:T>C,100015028|F|0-52:A>T-52:A>T,10990186.0,30261516.0,0.013367070720253433
100017662|F|0-28:T>C-28:T>C,100013847|F|0-11:C>A-11:C>A,10990186.0,31582817.0,0.0041014318112816165
100017662|F|0-28:T>C-28:T>C,100058699|F|0-62:C>A-62:C>A,10990186.0,31974051.0,0.019929660023446632
100017662|F|0-28:T>C-28:T>C,100033659|F|0-57:T>C-57:T>C,10990186.0,32094438.0,0.00199640664413768
100017662|F|0-28:T>C-28:T>C,100013718|F|0-18:C>A-18:C>A,10990186.0,32883911.0,0.007917119003408628
100017662|F|0-28:T>C-28:T>C,100041762|F|0-5:T>C-5:T>C,10990186.0,32989042.0,0.08961896215481512
100017662|F|0-28:T>C-28:T>C,100015328|F|0-33:T>C-33:T>C,10990186.0,33041489.0,0.01805989447684806
100017662|F|0-28:T>C-28:T>C,100019357|F|0-62:A>C-62:A>C,10990186.0,33053982.0,0.03487752598009015
100017662|F|0-28:T>C-28:T>C,100016448|F|0-61:C>T-61:C>T,10990186.0,33055328.0,0.0011121284855734222
100017662|F|0-28:T>C-28:T>C,100021291|F|0-61:A>G-61:A>G,10990186.0,33070336.0,0.023834322732516657
100017662|F|0-28:T>C-28:T>C,100048192|F|0-15:C>T-15:C>T,10990186.0,33491970.0,0.004687419764025644
100017662|F|0-28:T>C-28:T>C,100039244|F|0-37:G>C-37:G>C,10990186.0,33634526.0,0.006043382015341722
100017662|F|0-28:T>C-28:T>C,100014488|F|0-28:T>A-28:T>A,10990186.0,34000405.0,4.735635764363e-06
100017662|F|0-28:T>C-28:T>C,100040723|F|0-6:G>A-6:G>A,10990186.0,34052241.0,1.3487493586700347e-07
100017662|F|0-28:T>C-28:T>C,100016551|F|0-65:A>C-65:A>C,10990186.0,35402436.0,3.5311233209511175e-06
100017662|F|0-28:T>C-28:T>C,100032755|F|0-61:C>T-61:C>T,10990186.0,35410581.0,0.0023159073569390073
100017662|F|0-28:T>C-28:T>C,100048771|F|0-11:G>A-11:G>A,10990186.0,35423854.0,0.02459851436235842
100017662|F|0-28:T>C-28:T>C,100014472|F|0-31:C>A-31:C>A,10990186.0,35488899.0,0.04194080075222415
100017662|F|0-28:T>C-28:T>C,100019838|F|0-5:G>C-5:G>C,10990186.0,36000724.0,0.00468221359237725
100017662|F|0-28:T>C-28:T>C,100046262|F|0-23:C>A-23:C>A,10990186.0,36000729.0,0.00468221359237725
100017662|F|0-28:T>C-28:T>C,100034510|F|0-47:C>T-47:C>T,10990186.0,36129807.0,0.004070578683327978
100017662|F|0-28:T>C-28:T>C,100014127|F|0-16:C>T-16:C>T,10990186.0,36258373.0,0.0052555951189738334
100017662|F|0-28:T>C-28:T>C,100014670|F|0-19:A>G-19:A>G,10990186.0,36976759.0,0.029033848787658887
100017662|F|0-28:T>C-28:T>C,100041232|F|0-30:T>A-30:T>A,10990186.0,37013523.0,0.00016033198723163278
100017662|F|0-28:T>C-28:T>C,100019174|F|0-24:T>A-24:T>A,10990186.0,37246706.0,0.03960049329334221
100017662|F|0-28:T>C-28:T>C,100019068|F|0-18:T>C-18:T>C,10990186.0,37282618.0,0.003418095598542564
100017662|F|0-28:T>C-28:T>C,100060605|F|0-5:C>T-5:C>T,10990186.0,37463852.0,0.010072954564080982
100017662|F|0-28:T>C-28:T>C,100038566|F|0-46:T>A-46:T>A,10990186.0,37463857.0,0.002139196731486023
100017662|F|0-28:T>C-28:T>C,100034752|F|0-27:G>T-27:G>T,10990186.0,37483520.0,1.6570076926581643e-05
100017662|F|0-28:T>C-28:T>C,100032980|F|0-45:T>A-45:T>A,10990186.0,38018248.0,0.005568581477139507
100017662|F|0-28:T>C-28:T>C,100049995|F|0-28:T>A-28:T>A,10990186.0,38112106.0,0.00011065899564791578
100017662|F|0-28:T>C-28:T>C,100015393|F|0-56:G>A-56:G>A,10990186.0,38230758.0,0.001141835745196431
100017662|F|0-28:T>C-28:T>C,100022008|F|0-51:G>C-51:G>C,10990186.0,38274860.0,0.03345699036973985
100017662|F|0-28:T>C-28:T>C,100019383|F|0-67:A>T-67:A>T,10990186.0,38687047.0,0.0029513276875527757
100017662|F|0-28:T>C-28:T>C,100021690|F|0-12:G>A-12:G>A,10990186.0,38877675.0,0.0010627380782374579
100017662|F|0-28:T>C-28:T>C,100034940|F|0-27:A>C-27:A>C,10990186.0,38877680.0,0.0021790101432284967
100017662|F|0-28:T>C-28:T>C,100017082|F|0-22:G>A-22:G>A,10990186.0,38896484.0,0.0005126096078994236
100017662|F|0-28:T>C-28:T>C,100018671|F|0-6:A>T-6:A>T,10990186.0,38898348.0,0.012189774893417202
100017662|F|0-28:T>C-28:T>C,100035888|F|0-14:T>C-14:T>C,10990186.0,38914509.0,0.005917860613417149
100017662|F|0-28:T>C-28:T>C,100034779|F|0-8:A>T-8:A>T,10990186.0,38917568.0,0.005163533859346377
100017662|F|0-28:T>C-28:T>C,100016817|F|0-58:C>T-58:C>T,10990186.0,38927419.0,0.0002027909736229285
100017662|F|0-28:T>C-28:T>C,100018350|F|0-55:C>G-55:C>G,10990186.0,38996563.0,0.011738665176258878
100058370|F|0-6:C>T-6:C>T,100059965|F|0-13:G>A-13:G>A,12211612.0,15610976.0,0.033062304075235076
100058370|F|0-6:C>T-6:C>T,100050254|F|0-17:A>G-17:A>G,12211612.0,15872467.0,0.0024044421487603293
100058370|F|0-6:C>T-6:C>T,100043217|F|0-12:G>T-12:G>T,12211612.0,24356568.0,0.0010660071635681442
100058370|F|0-6:C>T-6:C>T,100043216|F|0-10:A>G-10:A>G,12211612.0,24356568.0,7.712875359934143e-05
100058370|F|0-6:C>T-6:C>T,100036033|F|0-33:T>C-33:T>C,12211612.0,25065738.0,0.0017709563164108695
100058370|F|0-6:C>T-6:C>T,100058913|F|0-33:A>C-33:A>C,12211612.0,25635537.0,2.6675202731539924e-05
100058370|F|0-6:C>T-6:C>T,100020050|F|0-34:T>G-34:T>G,12211612.0,27194741.0,0.0008627378910397786
100058370|F|0-6:C>T-6:C>T,100014308|F|0-20:G>A-20:G>A,12211612.0,27674495.0,0.05778380460583856
100058370|F|0-6:C>T-6:C>T,100013667|F|0-32:C>A-32:C>A,12211612.0,27893794.0,0.00013528138528138683
100058370|F|0-6:C>T-6:C>T,100021644|F|0-58:T>G-58:T>G,12211612.0,28228664.0,3.614171356106812e-05
100058370|F|0-6:C>T-6:C>T,100013355|F|0-21:A>G-21:A>G,12211612.0,28317387.0,1.0507292060690022e-05
100058370|F|0-6:C>T-6:C>T,100033656|F|0-39:G>A-39:G>A,12211612.0,28614182.0,0.012600443751499123
100058370|F|0-6:C>T-6:C>T,100014819|F|0-24:A>T-24:A>T,12211612.0,28857198.0,0.002789320885751697
100058370|F|0-6:C>T-6:C>T,100012992|F|0-18:G>T-18:G>T,12211612.0,28905220.0,0.015497808390732634
100058370|F|0-6:C>T-6:C>T,100029240|F|0-46:A>G-46:A>G,12211612.0,28908034.0,0.011946022727272743
100058370|F|0-6:C>T-6:C>T,100034977|F|0-7:A>C-7:A>C,12211612.0,30044545.0,2.9609938411327744e-05
100058370|F|0-6:C>T-6:C>T,100013352|F|0-68:T>C-68:T>C,12211612.0,30046946.0,7.686442345533352e-05
100058370|F|0-6:C>T-6:C>T,100015028|F|0-52:A>T-52:A>T,12211612.0,30261516.0,0.008724480893386828
100058370|F|0-6:C>T-6:C>T,100013847|F|0-11:C>A-11:C>A,12211612.0,31582817.0,0.034566194262011726
100058370|F|0-6:C>T-6:C>T,100058699|F|0-62:C>A-62:C>A,12211612.0,31974051.0,0.0002139037433155068
100058370|F|0-6:C>T-6:C>T,100033659|F|0-57:T>C-57:T>C,12211612.0,32094438.0,0.009235632210312556
100058370|F|0-6:C>T-6:C>T,100013718|F|0-18:C>A-18:C>A,12211612.0,32883911.0,0.009727392818542058
100058370|F|0-6:C>T-6:C>T,100041762|F|0-5:T>C-5:T>C,12211612.0,32989042.0,0.039150566770254164
100058370|F|0-6:C>T-6:C>T,100015328|F|0-33:T>C-33:T>C,12211612.0,33041489.0,0.021487370896819714
100058370|F|0-6:C>T-6:C>T,100019357|F|0-62:A>C-62:A>C,12211612.0,33053982.0,0.09216402638674893
100058370|F|0-6:C>T-6:C>T,100016448|F|0-61:C>T-61:C>T,12211612.0,33055328.0,0.0018469115534578305
100058370|F|0-6:C>T-6:C>T,100021291|F|0-61:A>G-61:A>G,12211612.0,33070336.0,0.0023574533036684383
100058370|F|0-6:C>T-6:C>T,100048192|F|0-15:C>T-15:C>T,12211612.0,33491970.0,0.0003388968906210295
100058370|F|0-6:C>T-6:C>T,100039244|F|0-37:G>C-37:G>C,12211612.0,33634526.0,0.040421525753158424
100058370|F|0-6:C>T-6:C>T,100014488|F|0-28:T>A-28:T>A,12211612.0,34000405.0,0.0014689081116370125
100058370|F|0-6:C>T-6:C>T,100040723|F|0-6:G>A-6:G>A,12211612.0,34052241.0,0.009729427268543691
100058370|F|0-6:C>T-6:C>T,100016551|F|0-65:A>C-65:A>C,12211612.0,35402436.0,0.005141779238164785
100058370|F|0-6:C>T-6:C>T,100032755|F|0-61:C>T-61:C>T,12211612.0,35410581.0,0.019685491276400322
100058370|F|0-6:C>T-6:C>T,100048771|F|0-11:G>A-11:G>A,12211612.0,35423854.0,0.000972608177848357
100058370|F|0-6:C>T-6:C>T,100014472|F|0-31:C>A-31:C>A,12211612.0,35488899.0,0.00032171268132896925
100058370|F|0-6:C>T-6:C>T,100019838|F|0-5:G>C-5:G>C,12211612.0,36000724.0,0.009599692809830094
100058370|F|0-6:C>T-6:C>T,100046262|F|0-23:C>A-23:C>A,12211612.0,36000729.0,0.009599692809830094
100058370|F|0-6:C>T-6:C>T,100034510|F|0-47:C>T-47:C>T,12211612.0,36129807.0,0.009898465566583433
100058370|F|0-6:C>T-6:C>T,100014127|F|0-16:C>T-16:C>T,12211612.0,36258373.0,9.07880401888386e-05
100058370|F|0-6:C>T-6:C>T,100014670|F|0-19:A>G-19:A>G,12211612.0,36976759.0,0.030313051146384495
100058370|F|0-6:C>T-6:C>T,100041232|F|0-30:T>A-30:T>A,12211612.0,37013523.0,0.0015041835103882678
100058370|F|0-6:C>T-6:C>T,100019174|F|0-24:T>A-24:T>A,12211612.0,37246706.0,0.002033832644628093
100058370|F|0-6:C>T-6:C>T,100019068|F|0-18:T>C-18:T>C,12211612.0,37282618.0,0.003272318232948165
100058370|F|0-6:C>T-6:C>T,100060605|F|0-5:C>T-5:C>T,12211612.0,37463852.0,6.562586349820272e-06
100058370|F|0-6:C>T-6:C>T,100038566|F|0-46:T>A-46:T>A,12211612.0,37463857.0,0.0009259665117910094
100058370|F|0-6:C>T-6:C>T,100034752|F|0-27:G>T-27:G>T,12211612.0,37483520.0,0.00018069386443944765
100058370|F|0-6:C>T-6:C>T,100032980|F|0-45:T>A-45:T>A,12211612.0,38018248.0,0.00971590909090909
100058370|F|0-6:C>T-6:C>T,100049995|F|0-28:T>A-28:T>A,12211612.0,38112106.0,0.00031133250311332416
100058370|F|0-6:C>T-6:C>T,100015393|F|0-56:G>A-56:G>A,12211612.0,38230758.0,0.016033349366682693
100058370|F|0-6:C>T-6:C>T,100022008|F|0-51:G>C-51:G>C,12211612.0,38274860.0,0.0005085097550851001
100058370|F|0-6:C>T-6:C>T,100019383|F|0-67:A>T-67:A>T,12211612.0,38687047.0,0.0007787666878575991
100058370|F|0-6:C>T-6:C>T,100021690|F|0-12:G>A-12:G>A,12211612.0,38877675.0,0.0309168168941541
100058370|F|0-6:C>T-6:C>T,100034940|F|0-27:A>C-27:A>C,12211612.0,38877680.0,0.018774703557312325
100058370|F|0-6:C>T-6:C>T,100017082|F|0-22:G>A-22:G>A,12211612.0,38896484.0,0.02028089033108558
100058370|F|0-6:C>T-6:C>T,100018671|F|0-6:A>T-6:A>T,12211612.0,38898348.0,0.027779117434289773
100058370|F|0-6:C>T-6:C>T,100035888|F|0-14:T>C-14:T>C,12211612.0,38914509.0,0.01987463126843659
100058370|F|0-6:C>T-6:C>T,100034779|F|0-8:A>T-8:A>T,12211612.0,38917568.0,0.016885852911133734
100058370|F|0-6:C>T-6:C>T,100016817|F|0-58:C>T-58:C>T,12211612.0,38927419.0,0.0022114010007147997
100058370|F|0-6:C>T-6:C>T,100018350|F|0-55:C>G-55:C>G,12211612.0,38996563.0,0.0004441214470284249
100059965|F|0-13:G>A-13:G>A,100050254|F|0-17:A>G-17:A>G,15610976.0,15872467.0,0.0076002481713688536
100059965|F|0-13:G>A-13:G>A,100043217|F|0-12:G>T-12:G>T,15610976.0,24356568.0,0.009968514804511453
100059965|F|0-13:G>A-13:G>A,100043216|F|0-10:A>G-10:A>G,15610976.0,24356568.0,0.024055798269794246
100059965|F|0-13:G>A-13:G>A,100036033|F|0-33:T>C-33:T>C,15610976.0,25065738.0,7.619296412399942e-05
100059965|F|0-13:G>A-13:G>A,100058913|F|0-33:A>C-33:A>C,15610976.0,25635537.0,0.029801413847067117
100059965|F|0-13:G>A-13:G>A,100020050|F|0-34:T>G-34:T>G,15610976.0,27194741.0,2.3236360256529915e-05
100059965|F|0-13:G>A-13:G>A,100014308|F|0-20:G>A-20:G>A,15610976.0,27674495.0,0.00996335318369217
100059965|F|0-13:G>A-13:G>A,100013667|F|0-32:C>A-32:C>A,15610976.0,27893794.0,8.029632670437313e-05
100059965|F|0-13:G>A-13:G>A,100021644|F|0-58:T>G-58:T>G,15610976.0,28228664.0,0.014673628021792654
100059965|F|0-13:G>A-13:G>A,100013355|F|0-21:A>G-21:A>G,15610976.0,28317387.0,0.014786628299350063
100059965|F|0-13:G>A-13:G>A,100033656|F|0-39:G>A-39:G>A,15610976.0,28614182.0,0.0015931595547872526
100059965|F|0-13:G>A-13:G>A,100014819|F|0-24:A>T-24:A>T,15610976.0,28857198.0,0.011805540560965597
100059965|F|0-13:G>A-13:G>A,100012992|F|0-18:G>T-18:G>T,15610976.0,28905220.0,0.006805594541489445
100059965|F|0-13:G>A-13:G>A,100029240|F|0-46:A>G-46:A>G,15610976.0,28908034.0,0.005937948994252843
100059965|F|0-13:G>A-13:G>A,100034977|F|0-7:A>C-7:A>C,15610976.0,30044545.0,0.00020133245479171243
100059965|F|0-13:G>A-13:G>A,100013352|F|0-68:T>C-68:T>C,15610976.0,30046946.0,7.61929641239989e-05
100059965|F|0-13:G>A-13:G>A,100015028|F|0-52:A>T-52:A>T,15610976.0,30261516.0,0.025415315374942165
100059965|F|0-13:G>A-13:G>A,100013847|F|0-11:C>A-11:C>A,15610976.0,31582817.0,0.026952250532950698
100059965|F|0-13:G>A-13:G>A,100058699|F|0-62:C>A-62:C>A,15610976.0,31974051.0,0.020453008789722796
100059965|F|0-13:G>A-13:G>A,100033659|F|0-57:T>C-57:T>C,15610976.0,32094438.0,0.016580154636663423
100059965|F|0-13:G>A-13:G>A,100013718|F|0-18:C>A-18:C>A,15610976.0,32883911.0,0.005773698355577845
100059965|F|0-13:G>A-13:G>A,100041762|F|0-5:T>C-5:T>C,15610976.0,32989042.0,0.0009585982961654658
100059965|F|0-13:G>A-13:G>A,100015328|F|0-33:T>C-33:T>C,15610976.0,33041489.0,0.008612608768731492
100059965|F|0-13:G>A-13:G>A,100019357|F|0-62:A>C-62:A>C,15610976.0,33053982.0,0.006331960476329633
100059965|F|0-13:G>A-13:G>A,100016448|F|0-61:C>T-61:C>T,15610976.0,33055328.0,0.006642277055603122
100059965|F|0-13:G>A-13:G>A,100021291|F|0-61:A>G-61:A>G,15610976.0,33070336.0,0.0018906312353214434
100059965|F|0-13:G>A-13:G>A,100048192|F|0-15:C>T-15:C>T,15610976.0,33491970.0,0.007522683206393084
100059965|F|0-13:G>A-13:G>A,100039244|F|0-37:G>C-37:G>C,15610976.0,33634526.0,0.005110767623962567
100059965|F|0-13:G>A-13:G>A,100014488|F|0-28:T>A-28:T>A,15610976.0,34000405.0,0.009987824759074688
100059965|F|0-13:G>A-13:G>A,100040723|F|0-6:G>A-6:G>A,15610976.0,34052241.0,0.016588116434189688
100059965|F|0-13:G>A-13:G>A,100016551|F|0-65:A>C-65:A>C,15610976.0,35402436.0,0.007447414177783918
100059965|F|0-13:G>A-13:G>A,100032755|F|0-61:C>T-61:C>T,15610976.0,35410581.0,0.0021935280555970284
100059965|F|0-13:G>A-13:G>A,100048771|F|0-11:G>A-11:G>A,15610976.0,35423854.0,0.00508206595392261
100059965|F|0-13:G>A-13:G>A,100014472|F|0-31:C>A-31:C>A,15610976.0,35488899.0,0.011135225555214873
100059965|F|0-13:G>A-13:G>A,100019838|F|0-5:G>C-5:G>C,15610976.0,36000724.0,0.026811831676558814
100059965|F|0-13:G>A-13:G>A,100046262|F|0-23:C>A-23:C>A,15610976.0,36000729.0,0.026811831676558814
100059965|F|0-13:G>A-13:G>A,100034510|F|0-47:C>T-47:C>T,15610976.0,36129807.0,0.02634709102247269
100059965|F|0-13:G>A-13:G>A,100014127|F|0-16:C>T-16:C>T,15610976.0,36258373.0,1.1478947610082929e-05
100059965|F|0-13:G>A-13:G>A,100014670|F|0-19:A>G-19:A>G,15610976.0,36976759.0,0.007708447363619766
100059965|F|0-13:G>A-13:G>A,100041232|F|0-30:T>A-30:T>A,15610976.0,37013523.0,0.00035956685566213877
100059965|F|0-13:G>A-13:G>A,100019174|F|0-24:T>A-24:T>A,15610976.0,37246706.0,0.02149574563367672
100059965|F|0-13:G>A-13:G>A,100019068|F|0-18:T>C-18:T>C,15610976.0,37282618.0,0.00861260876873148
100059965|F|0-13:G>A-13:G>A,100060605|F|0-5:C>T-5:C>T,15610976.0,37463852.0,0.00748851448136115
100059965|F|0-13:G>A-13:G>A,100038566|F|0-46:T>A-46:T>A,15610976.0,37463857.0,0.0285478945676632
100059965|F|0-13:G>A-13:G>A,100034752|F|0-27:G>T-27:G>T,15610976.0,37483520.0,0.026152090694935178
100059965|F|0-13:G>A-13:G>A,100032980|F|0-45:T>A-45:T>A,15610976.0,38018248.0,0.0034123563218390806
100059965|F|0-13:G>A-13:G>A,100049995|F|0-28:T>A-28:T>A,15610976.0,38112106.0,0.0013014682727129569
100059965|F|0-13:G>A-13:G>A,100015393|F|0-56:G>A-56:G>A,15610976.0,38230758.0,0.007708447363619771
100059965|F|0-13:G>A-13:G>A,100022008|F|0-51:G>C-51:G>C,15610976.0,38274860.0,8.200808271663205e-06
100059965|F|0-13:G>A-13:G>A,100019383|F|0-67:A>T-67:A>T,15610976.0,38687047.0,0.04224941724941723
100059965|F|0-13:G>A-13:G>A,100021690|F|0-12:G>A-12:G>A,15610976.0,38877675.0,0.009778662368532467
100059965|F|0-13:G>A-13:G>A,100034940|F|0-27:A>C-27:A>C,15610976.0,38877680.0,0.01201742878560723
100059965|F|0-13:G>A-13:G>A,100017082|F|0-22:G>A-22:G>A,15610976.0,38896484.0,0.015079395606156763
100059965|F|0-13:G>A-13:G>A,100018671|F|0-6:A>T-6:A>T,15610976.0,38898348.0,0.005040168907588625
100059965|F|0-13:G>A-13:G>A,100035888|F|0-14:T>C-14:T>C,15610976.0,38914509.0,0.005605143593395064
100059965|F|0-13:G>A-13:G>A,100034779|F|0-8:A>T-8:A>T,15610976.0,38917568.0,0.005134117554206661
100059965|F|0-13:G>A-13:G>A,100016817|F|0-58:C>T-58:C>T,15610976.0,38927419.0,0.0012942845053527511
100059965|F|0-13:G>A-13:G>A,100018350|F|0-55:C>G-55:C>G,15610976.0,38996563.0,0.018749164661855118
100050254|F|0-17:A>G-17:A>G,100043217|F|0-12:G>T-12:G>T,15872467.0,24356568.0,0.0001012706805389702
100050254|F|0-17:A>G-17:A>G,100043216|F|0-10:A>G-10:A>G,15872467.0,24356568.0,0.0013026189496777834
100050254|F|0-17:A>G-17:A>G,100036033|F|0-33:T>C-33:T>C,15872467.0,25065738.0,0.016824085005903183
100050254|F|0-17:A>G-17:A>G,100058913|F|0-33:A>C-33:A>C,15872467.0,25635537.0,0.0076657863849765645
100050254|F|0-17:A>G-17:A>G,100020050|F|0-34:T>G-34:T>G,15872467.0,27194741.0,0.05281334231805912
100050254|F|0-17:A>G-17:A>G,100014308|F|0-20:G>A-20:G>A,15872467.0,27674495.0,0.023761868571190583
100050254|F|0-17:A>G-17:A>G,100013667|F|0-32:C>A-32:C>A,15872467.0,27893794.0,0.014279701779701755
100050254|F|0-17:A>G-17:A>G,100021644|F|0-58:T>G-58:T>G,15872467.0,28228664.0,0.00031677498612982474
100050254|F|0-17:A>G-17:A>G,100013355|F|0-21:A>G-21:A>G,15872467.0,28317387.0,9.981927457655592e-05
100050254|F|0-17:A>G-17:A>G,100033656|F|0-39:G>A-39:G>A,15872467.0,28614182.0,0.002563564403933793
100050254|F|0-17:A>G-17:A>G,100014819|F|0-24:A>T-24:A>T,15872467.0,28857198.0,0.030419252006603205
100050254|F|0-17:A>G-17:A>G,100012992|F|0-18:G>T-18:G>T,15872467.0,28905220.0,0.0003041925200660347
100050254|F|0-17:A>G-17:A>G,100029240|F|0-46:A>G-46:A>G,15872467.0,28908034.0,0.0001349431818181814
100050254|F|0-17:A>G-17:A>G,100034977|F|0-7:A>C-7:A>C,15872467.0,30044545.0,0.002531649734168552
100050254|F|0-17:A>G-17:A>G,100013352|F|0-68:T>C-68:T>C,15872467.0,30046946.0,0.012880940082644596
100050254|F|0-17:A>G-17:A>G,100015028|F|0-52:A>T-52:A>T,15872467.0,30261516.0,0.025071976967370548
100050254|F|0-17:A>G-17:A>G,100013847|F|0-11:C>A-11:C>A,15872467.0,31582817.0,0.023351384568114572
100050254|F|0-17:A>G-17:A>G,100058699|F|0-62:C>A-62:C>A,15872467.0,31974051.0,0.010287433155080183
100050254|F|0-17:A>G-17:A>G,100033659|F|0-57:T>C-57:T>C,15872467.0,32094438.0,0.031117796579021167
100050254|F|0-17:A>G-17:A>G,100013718|F|0-18:C>A-18:C>A,15872467.0,32883911.0,0.005775639486009378
100050254|F|0-17:A>G-17:A>G,100041762|F|0-5:T>C-5:T>C,15872467.0,32989042.0,0.018045634276704144
100050254|F|0-17:A>G-17:A>G,100015328|F|0-33:T>C-33:T>C,15872467.0,33041489.0,0.0007589605276613156
100050254|F|0-17:A>G-17:A>G,100019357|F|0-62:A>C-62:A>C,15872467.0,33053982.0,0.010320866236517711
100050254|F|0-17:A>G-17:A>G,100016448|F|0-61:C>T-61:C>T,15872467.0,33055328.0,0.023881592448183973
100050254|F|0-17:A>G-17:A>G,100021291|F|0-61:A>G-61:A>G,15872467.0,33070336.0,0.01109037874476121
100050254|F|0-17:A>G-17:A>G,100048192|F|0-15:C>T-15:C>T,15872467.0,33491970.0,0.008501546217063484
100050254|F|0-17:A>G-17:A>G,100039244|F|0-37:G>C-37:G>C,15872467.0,33634526.0,0.0031735908649173925
100050254|F|0-17:A>G-17:A>G,100014488|F|0-28:T>A-28:T>A,15872467.0,34000405.0,0.11202464501387253
100050254|F|0-17:A>G-17:A>G,100040723|F|0-6:G>A-6:G>A,15872467.0,34052241.0,0.0015897586077061499
100050254|F|0-17:A>G-17:A>G,100016551|F|0-65:A>C-65:A>C,15872467.0,35402436.0,1.7696362155019045e-33
100050254|F|0-17:A>G-17:A>G,100032755|F|0-61:C>T-61:C>T,15872467.0,35410581.0,0.0028040141676505233
100050254|F|0-17:A>G-17:A>G,100048771|F|0-11:G>A-11:G>A,15872467.0,35423854.0,0.02715363239380716
100050254|F|0-17:A>G-17:A>G,100014472|F|0-31:C>A-31:C>A,15872467.0,35488899.0,0.053446845620453515
100050254|F|0-17:A>G-17:A>G,100019838|F|0-5:G>C-5:G>C,15872467.0,36000724.0,0.02279927042334648
100050254|F|0-17:A>G-17:A>G,100046262|F|0-23:C>A-23:C>A,15872467.0,36000729.0,0.02279927042334648
100050254|F|0-17:A>G-17:A>G,100034510|F|0-47:C>T-47:C>T,15872467.0,36129807.0,0.010448380320282539
100050254|F|0-17:A>G-17:A>G,100014127|F|0-16:C>T-16:C>T,15872467.0,36258373.0,0.0002156215954484924
100050254|F|0-17:A>G-17:A>G,100014670|F|0-19:A>G-19:A>G,15872467.0,36976759.0,0.00771103896103891
100050254|F|0-17:A>G-17:A>G,100041232|F|0-30:T>A-30:T>A,15872467.0,37013523.0,0.037733853530130555
100050254|F|0-17:A>G-17:A>G,100019174|F|0-24:T>A-24:T>A,15872467.0,37246706.0,0.04486422668240835
100050254|F|0-17:A>G-17:A>G,100019068|F|0-18:T>C-18:T>C,15872467.0,37282618.0,0.008773583699764788
100050254|F|0-17:A>G-17:A>G,100060605|F|0-5:C>T-5:C>T,15872467.0,37463852.0,0.00044042725891129384
100050254|F|0-17:A>G-17:A>G,100038566|F|0-46:T>A-46:T>A,15872467.0,37463857.0,0.0042161611291312495
100050254|F|0-17:A>G-17:A>G,100034752|F|0-27:G>T-27:G>T,15872467.0,37483520.0,0.0038623313523932054
100050254|F|0-17:A>G-17:A>G,100032980|F|0-45:T>A-45:T>A,15872467.0,38018248.0,0.012528409090909099
100050254|F|0-17:A>G-17:A>G,100049995|F|0-28:T>A-28:T>A,15872467.0,38112106.0,0.014973147571606463
100050254|F|0-17:A>G-17:A>G,100015393|F|0-56:G>A-56:G>A,15872467.0,38230758.0,0.011518959435626168
100050254|F|0-17:A>G-17:A>G,100022008|F|0-51:G>C-51:G>C,15872467.0,38274860.0,9.858862598588779e-05
100050254|F|0-17:A>G-17:A>G,100019383|F|0-67:A>T-67:A>T,15872467.0,38687047.0,0.0182692307692308
100050254|F|0-17:A>G-17:A>G,100021690|F|0-12:G>A-12:G>A,15872467.0,38877675.0,0.00076455060520216
100050254|F|0-17:A>G-17:A>G,100034940|F|0-27:A>C-27:A>C,15872467.0,38877680.0,0.0015130928853754908
100050254|F|0-17:A>G-17:A>G,100017082|F|0-22:G>A-22:G>A,15872467.0,38896484.0,0.00012041778634081924
100050254|F|0-17:A>G-17:A>G,100018671|F|0-6:A>T-6:A>T,15872467.0,38898348.0,2.863515794550276e-05
100050254|F|0-17:A>G-17:A>G,100035888|F|0-14:T>C-14:T>C,15872467.0,38914509.0,0.00012737999463663103
100050254|F|0-17:A>G-17:A>G,100034779|F|0-8:A>T-8:A>T,15872467.0,38917568.0,3.3693678356599325e-05
100050254|F|0-17:A>G-17:A>G,100016817|F|0-58:C>T-58:C>T,15872467.0,38927419.0,0.0004822844239391771
100050254|F|0-17:A>G-17:A>G,100018350|F|0-55:C>G-55:C>G,15872467.0,38996563.0,0.04030860934930696
100043217|F|0-12:G>T-12:G>T,100043216|F|0-10:A>G-10:A>G,24356568.0,24356568.0,0.7274031563845043
100043217|F|0-12:G>T-12:G>T,100036033|F|0-33:T>C-33:T>C,24356568.0,25065738.0,0.002242676023163821
100043217|F|0-12:G>T-12:G>T,100058913|F|0-33:A>C-33:A>C,24356568.0,25635537.0,0.0025456050876868537
100043217|F|0-12:G>T-12:G>T,100020050|F|0-34:T>G-34:T>G,24356568.0,27194741.0,0.05645206151418771
100043217|F|0-12:G>T-12:G>T,100014308|F|0-20:G>A-20:G>A,24356568.0,27674495.0,0.010024588776139
100043217|F|0-12:G>T-12:G>T,100013667|F|0-32:C>A-32:C>A,24356568.0,27893794.0,0.0050825416679075135
100043217|F|0-12:G>T-12:G>T,100021644|F|0-58:T>G-58:T>G,24356568.0,28228664.0,0.0017424796339037135
100043217|F|0-12:G>T-12:G>T,100013355|F|0-21:A>G-21:A>G,24356568.0,28317387.0,0.004496569024156044
100043217|F|0-12:G>T-12:G>T,100033656|F|0-39:G>A-39:G>A,24356568.0,28614182.0,0.0005946576108748746
100043217|F|0-12:G>T-12:G>T,100014819|F|0-24:A>T-24:A>T,24356568.0,28857198.0,0.024191994605269468
100043217|F|0-12:G>T-12:G>T,100012992|F|0-18:G>T-18:G>T,24356568.0,28905220.0,0.002763448351211993
100043217|F|0-12:G>T-12:G>T,100029240|F|0-46:A>G-46:A>G,24356568.0,28908034.0,6.595919324577776e-05
100043217|F|0-12:G>T-12:G>T,100034977|F|0-7:A>C-7:A>C,24356568.0,30044545.0,0.03678037047619155
100043217|F|0-12:G>T-12:G>T,100013352|F|0-68:T>C-68:T>C,24356568.0,30046946.0,0.0023391242903438147
100043217|F|0-12:G>T-12:G>T,100015028|F|0-52:A>T-52:A>T,24356568.0,30261516.0,0.0003281501514262145
100043217|F|0-12:G>T-12:G>T,100013847|F|0-11:C>A-11:C>A,24356568.0,31582817.0,0.0032466425863439596
100043217|F|0-12:G>T-12:G>T,100058699|F|0-62:C>A-62:C>A,24356568.0,31974051.0,0.003973071404922198
100043217|F|0-12:G>T-12:G>T,100033659|F|0-57:T>C-57:T>C,24356568.0,32094438.0,0.001807805873853182
100043217|F|0-12:G>T-12:G>T,100013718|F|0-18:C>A-18:C>A,24356568.0,32883911.0,0.004689811911837233
100043217|F|0-12:G>T-12:G>T,100041762|F|0-5:T>C-5:T>C,24356568.0,32989042.0,0.0009644899205515528
100043217|F|0-12:G>T-12:G>T,100015328|F|0-33:T>C-33:T>C,24356568.0,33041489.0,0.0072693774441421975
100043217|F|0-12:G>T-12:G>T,100019357|F|0-62:A>C-62:A>C,24356568.0,33053982.0,0.032916494419181444
100043217|F|0-12:G>T-12:G>T,100016448|F|0-61:C>T-61:C>T,24356568.0,33055328.0,0.007830797182776496
100043217|F|0-12:G>T-12:G>T,100021291|F|0-61:A>G-61:A>G,24356568.0,33070336.0,0.006664310327705533
100043217|F|0-12:G>T-12:G>T,100048192|F|0-15:C>T-15:C>T,24356568.0,33491970.0,0.03701681561227402
100043217|F|0-12:G>T-12:G>T,100039244|F|0-37:G>C-37:G>C,24356568.0,33634526.0,0.010930893397294575
100043217|F|0-12:G>T-12:G>T,100014488|F|0-28:T>A-28:T>A,24356568.0,34000405.0,0.0018601729312418137
100043217|F|0-12:G>T-12:G>T,100040723|F|0-6:G>A-6:G>A,24356568.0,34052241.0,5.525772982250981e-05
100043217|F|0-12:G>T-12:G>T,100016551|F|0-65:A>C-65:A>C,24356568.0,35402436.0,0.0014466873121001774
100043217|F|0-12:G>T-12:G>T,100032755|F|0-61:C>T-61:C>T,24356568.0,35410581.0,0.039310960042667355
100043217|F|0-12:G>T-12:G>T,100048771|F|0-11:G>A-11:G>A,24356568.0,35423854.0,0.005417550816421823
100043217|F|0-12:G>T-12:G>T,100014472|F|0-31:C>A-31:C>A,24356568.0,35488899.0,3.709325815766331e-05
100043217|F|0-12:G>T-12:G>T,100019838|F|0-5:G>C-5:G>C,24356568.0,36000724.0,0.0022902381570318697
100043217|F|0-12:G>T-12:G>T,100046262|F|0-23:C>A-23:C>A,24356568.0,36000729.0,0.0022902381570318697
100043217|F|0-12:G>T-12:G>T,100034510|F|0-47:C>T-47:C>T,24356568.0,36129807.0,0.029996456258034623
100043217|F|0-12:G>T-12:G>T,100014127|F|0-16:C>T-16:C>T,24356568.0,36258373.0,0.0024734583615425433
100043217|F|0-12:G>T-12:G>T,100014670|F|0-19:A>G-19:A>G,24356568.0,36976759.0,5.294314237403687e-05
100043217|F|0-12:G>T-12:G>T,100041232|F|0-30:T>A-30:T>A,24356568.0,37013523.0,0.0033415080392152972
100043217|F|0-12:G>T-12:G>T,100019174|F|0-24:T>A-24:T>A,24356568.0,37246706.0,0.005666589508052919
100043217|F|0-12:G>T-12:G>T,100019068|F|0-18:T>C-18:T>C,24356568.0,37282618.0,0.007269377444142184
100043217|F|0-12:G>T-12:G>T,100060605|F|0-5:C>T-5:C>T,24356568.0,37463852.0,0.9155608273407969
100043217|F|0-12:G>T-12:G>T,100038566|F|0-46:T>A-46:T>A,24356568.0,37463857.0,0.2844332855093256
100043217|F|0-12:G>T-12:G>T,100034752|F|0-27:G>T-27:G>T,24356568.0,37483520.0,0.201872526336027
100043217|F|0-12:G>T-12:G>T,100032980|F|0-45:T>A-45:T>A,24356568.0,38018248.0,0.002227954971857411
100043217|F|0-12:G>T-12:G>T,100049995|F|0-28:T>A-28:T>A,24356568.0,38112106.0,0.0010445044848235647
100043217|F|0-12:G>T-12:G>T,100015393|F|0-56:G>A-56:G>A,24356568.0,38230758.0,0.00626135382232942
100043217|F|0-12:G>T-12:G>T,100022008|F|0-51:G>C-51:G>C,24356568.0,38274860.0,0.0061896562063618625
100043217|F|0-12:G>T-12:G>T,100019383|F|0-67:A>T-67:A>T,24356568.0,38687047.0,0.009479263700652078
100043217|F|0-12:G>T-12:G>T,100021690|F|0-12:G>A-12:G>A,24356568.0,38877675.0,0.005208637834907447
100043217|F|0-12:G>T-12:G>T,100034940|F|0-27:A>C-27:A>C,24356568.0,38877680.0,0.011720980504119427
100043217|F|0-12:G>T-12:G>T,100017082|F|0-22:G>A-22:G>A,24356568.0,38896484.0,0.013959069510468563
100043217|F|0-12:G>T-12:G>T,100018671|F|0-6:A>T-6:A>T,24356568.0,38898348.0,0.010457049581718014
100043217|F|0-12:G>T-12:G>T,100035888|F|0-14:T>C-14:T>C,24356568.0,38914509.0,0.011629226230996135
100043217|F|0-12:G>T-12:G>T,100034779|F|0-8:A>T-8:A>T,24356568.0,38917568.0,0.013914361269801095
100043217|F|0-12:G>T-12:G>T,100016817|F|0-58:C>T-58:C>T,24356568.0,38927419.0,0.0030100567679674658
100043217|F|0-12:G>T-12:G>T,100018350|F|0-55:C>G-55:C>G,24356568.0,38996563.0,1.0907980278371491e-05
100043216|F|0-10:A>G-10:A>G,100036033|F|0-33:T>C-33:T>C,24356568.0,25065738.0,7.345595580889377e-06
100043216|F|0-10:A>G-10:A>G,100058913|F|0-33:A>C-33:A>C,24356568.0,25635537.0,0.0019867192091715625
100043216|F|0-10:A>G-10:A>G,100020050|F|0-34:T>G-34:T>G,24356568.0,27194741.0,0.025435040973331775
100043216|F|0-10:A>G-10:A>G,100014308|F|0-20:G>A-20:G>A,24356568.0,27674495.0,0.017577378743879244
100043216|F|0-10:A>G-10:A>G,100013667|F|0-32:C>A-32:C>A,24356568.0,27893794.0,0.019135253816626376
100043216|F|0-10:A>G-10:A>G,100021644|F|0-58:T>G-58:T>G,24356568.0,28228664.0,4.164140786531602e-05
100043216|F|0-10:A>G-10:A>G,100013355|F|0-21:A>G-21:A>G,24356568.0,28317387.0,0.013279695746857367
100043216|F|0-10:A>G-10:A>G,100033656|F|0-39:G>A-39:G>A,24356568.0,28614182.0,7.959343672520781e-06
100043216|F|0-10:A>G-10:A>G,100014819|F|0-24:A>T-24:A>T,24356568.0,28857198.0,0.01759733323510995
100043216|F|0-10:A>G-10:A>G,100012992|F|0-18:G>T-18:G>T,24356568.0,28905220.0,3.400040233809422e-05
100043216|F|0-10:A>G-10:A>G,100029240|F|0-46:A>G-46:A>G,24356568.0,28908034.0,0.0019089366515837101
100043216|F|0-10:A>G-10:A>G,100034977|F|0-7:A>C-7:A>C,24356568.0,30044545.0,0.0278272682731282
100043216|F|0-10:A>G-10:A>G,100013352|F|0-68:T>C-68:T>C,24356568.0,30046946.0,0.001616235072117422
100043216|F|0-10:A>G-10:A>G,100015028|F|0-52:A>T-52:A>T,24356568.0,30261516.0,0.005474809147045794
100043216|F|0-10:A>G-10:A>G,100013847|F|0-11:C>A-11:C>A,24356568.0,31582817.0,0.012223280004536994
100043216|F|0-10:A>G-10:A>G,100058699|F|0-62:C>A-62:C>A,24356568.0,31974051.0,0.0003548930884571046
100043216|F|0-10:A>G-10:A>G,100033659|F|0-57:T>C-57:T>C,24356568.0,32094438.0,7.261641831576264e-05
100043216|F|0-10:A>G-10:A>G,100013718|F|0-18:C>A-18:C>A,24356568.0,32883911.0,0.010185976636361296
100043216|F|0-10:A>G-10:A>G,100041762|F|0-5:T>C-5:T>C,24356568.0,32989042.0,0.004121568832756373
100043216|F|0-10:A>G-10:A>G,100015328|F|0-33:T>C-33:T>C,24356568.0,33041489.0,0.0005091982280495507
100043216|F|0-10:A>G-10:A>G,100019357|F|0-62:A>C-62:A>C,24356568.0,33053982.0,0.02899175070941022
100043216|F|0-10:A>G-10:A>G,100016448|F|0-61:C>T-61:C>T,24356568.0,33055328.0,0.0024820485582668656
100043216|F|0-10:A>G-10:A>G,100021291|F|0-61:A>G-61:A>G,24356568.0,33070336.0,0.0020192876415046556
100043216|F|0-10:A>G-10:A>G,100048192|F|0-15:C>T-15:C>T,24356568.0,33491970.0,0.02178840566264503
100043216|F|0-10:A>G-10:A>G,100039244|F|0-37:G>C-37:G>C,24356568.0,33634526.0,0.007775271280673435
100043216|F|0-10:A>G-10:A>G,100014488|F|0-28:T>A-28:T>A,24356568.0,34000405.0,6.092756119157633e-06
100043216|F|0-10:A>G-10:A>G,100040723|F|0-6:G>A-6:G>A,24356568.0,34052241.0,0.0063304340462511655
100043216|F|0-10:A>G-10:A>G,100016551|F|0-65:A>C-65:A>C,24356568.0,35402436.0,4.543059114285508e-06
100043216|F|0-10:A>G-10:A>G,100032755|F|0-61:C>T-61:C>T,24356568.0,35410581.0,0.015540559658206724
100043216|F|0-10:A>G-10:A>G,100048771|F|0-11:G>A-11:G>A,24356568.0,35423854.0,0.00020582636816903485
100043216|F|0-10:A>G-10:A>G,100014472|F|0-31:C>A-31:C>A,24356568.0,35488899.0,0.0022133903055480864
100043216|F|0-10:A>G-10:A>G,100019838|F|0-5:G>C-5:G>C,24356568.0,36000724.0,0.0017874179157488718
100043216|F|0-10:A>G-10:A>G,100046262|F|0-23:C>A-23:C>A,24356568.0,36000729.0,0.0017874179157488718
100043216|F|0-10:A>G-10:A>G,100034510|F|0-47:C>T-47:C>T,24356568.0,36129807.0,0.014066649896601441
100043216|F|0-10:A>G-10:A>G,100014127|F|0-16:C>T-16:C>T,24356568.0,36258373.0,2.025119515524506e-05
100043216|F|0-10:A>G-10:A>G,100014670|F|0-19:A>G-19:A>G,24356568.0,36976759.0,0.001469058658601145
100043216|F|0-10:A>G-10:A>G,100041232|F|0-30:T>A-30:T>A,24356568.0,37013523.0,0.0054295522997998905
100043216|F|0-10:A>G-10:A>G,100019174|F|0-24:T>A-24:T>A,24356568.0,37246706.0,0.014545503516091764
100043216|F|0-10:A>G-10:A>G,100019068|F|0-18:T>C-18:T>C,24356568.0,37282618.0,0.004216314024095408
100043216|F|0-10:A>G-10:A>G,100060605|F|0-5:C>T-5:C>T,24356568.0,37463852.0,0.6589074254906551
100043216|F|0-10:A>G-10:A>G,100038566|F|0-46:T>A-46:T>A,24356568.0,37463857.0,0.32266326900168957
100043216|F|0-10:A>G-10:A>G,100034752|F|0-27:G>T-27:G>T,24356568.0,37483520.0,0.23897192065192496
100043216|F|0-10:A>G-10:A>G,100032980|F|0-45:T>A-45:T>A,24356568.0,38018248.0,0.016119909502262445
100043216|F|0-10:A>G-10:A>G,100049995|F|0-28:T>A-28:T>A,24356568.0,38112106.0,0.00014237122667823746
100043216|F|0-10:A>G-10:A>G,100015393|F|0-56:G>A-56:G>A,24356568.0,38230758.0,0.01359926686724072
100043216|F|0-10:A>G-10:A>G,100022008|F|0-51:G>C-51:G>C,24356568.0,38274860.0,0.00795901430470326
100043216|F|0-10:A>G-10:A>G,100019383|F|0-67:A>T-67:A>T,24356568.0,38687047.0,0.012188979949160975
100043216|F|0-10:A>G-10:A>G,100021690|F|0-12:G>A-12:G>A,24356568.0,38877675.0,0.0025850392455958253
100043216|F|0-10:A>G-10:A>G,100034940|F|0-27:A>C-27:A>C,24356568.0,38877680.0,0.006307790674798355
100043216|F|0-10:A>G-10:A>G,100017082|F|0-22:G>A-22:G>A,24356568.0,38896484.0,0.003776206951955776
100043216|F|0-10:A>G-10:A>G,100018671|F|0-6:A>T-6:A>T,24356568.0,38898348.0,0.0020003920768470614
100043216|F|0-10:A>G-10:A>G,100035888|F|0-14:T>C-14:T>C,24356568.0,38914509.0,0.0022246248170246052
100043216|F|0-10:A>G-10:A>G,100034779|F|0-8:A>T-8:A>T,24356568.0,38917568.0,0.003222075346992723
100043216|F|0-10:A>G-10:A>G,100016817|F|0-58:C>T-58:C>T,24356568.0,38927419.0,0.007827315783629133
100043216|F|0-10:A>G-10:A>G,100018350|F|0-55:C>G-55:C>G,24356568.0,38996563.0,0.012441490211668042
100036033|F|0-33:T>C-33:T>C,100058913|F|0-33:A>C-33:A>C,25065738.0,25635537.0,0.018139772981322355
100036033|F|0-33:T>C-33:T>C,100020050|F|0-34:T>G-34:T>G,25065738.0,27194741.0,0.04885639218523313
100036033|F|0-33:T>C-33:T>C,100014308|F|0-20:G>A-20:G>A,25065738.0,27674495.0,0.0013209610667237759
100036033|F|0-33:T>C-33:T>C,100013667|F|0-32:C>A-32:C>A,25065738.0,27893794.0,0.002834825007444056
100036033|F|0-33:T>C-33:T>C,100021644|F|0-58:T>G-58:T>G,25065738.0,28228664.0,5.975812427425301e-07
100036033|F|0-33:T>C-33:T>C,100013355|F|0-21:A>G-21:A>G,25065738.0,28317387.0,0.052477419329014334
100036033|F|0-33:T>C-33:T>C,100033656|F|0-39:G>A-39:G>A,25065738.0,28614182.0,0.006042330580589147
100036033|F|0-33:T>C-33:T>C,100014819|F|0-24:A>T-24:A>T,25065738.0,28857198.0,0.02581138335678093
100036033|F|0-33:T>C-33:T>C,100012992|F|0-18:G>T-18:G>T,25065738.0,28905220.0,0.11359265343297921
100036033|F|0-33:T>C-33:T>C,100029240|F|0-46:A>G-46:A>G,25065738.0,28908034.0,0.11772862554112519
100036033|F|0-33:T>C-33:T>C,100034977|F|0-7:A>C-7:A>C,25065738.0,30044545.0,0.05553539781970551
100036033|F|0-33:T>C-33:T>C,100013352|F|0-68:T>C-68:T>C,25065738.0,30046946.0,0.05464665204924932
100036033|F|0-33:T>C-33:T>C,100015028|F|0-52:A>T-52:A>T,25065738.0,30261516.0,0.08350626500818484
100036033|F|0-33:T>C-33:T>C,100013847|F|0-11:C>A-11:C>A,25065738.0,31582817.0,0.008782373801385164
100036033|F|0-33:T>C-33:T>C,100058699|F|0-62:C>A-62:C>A,25065738.0,31974051.0,0.00814871403106694
100036033|F|0-33:T>C-33:T>C,100033659|F|0-57:T>C-57:T>C,25065738.0,32094438.0,0.0005337477857314101
100036033|F|0-33:T>C-33:T>C,100013718|F|0-18:C>A-18:C>A,25065738.0,32883911.0,0.016952884191985877
100036033|F|0-33:T>C-33:T>C,100041762|F|0-5:T>C-5:T>C,25065738.0,32989042.0,3.6274767588885755e-05
100036033|F|0-33:T>C-33:T>C,100015328|F|0-33:T>C-33:T>C,25065738.0,33041489.0,0.0035498809402071496
100036033|F|0-33:T>C-33:T>C,100019357|F|0-62:A>C-62:A>C,25065738.0,33053982.0,0.007993352868882569
100036033|F|0-33:T>C-33:T>C,100016448|F|0-61:C>T-61:C>T,25065738.0,33055328.0,0.009459314199720539
100036033|F|0-33:T>C-33:T>C,100021291|F|0-61:A>G-61:A>G,25065738.0,33070336.0,0.0007394663769165748
100036033|F|0-33:T>C-33:T>C,100048192|F|0-15:C>T-15:C>T,25065738.0,33491970.0,0.002331933366416144
100036033|F|0-33:T>C-33:T>C,100039244|F|0-37:G>C-37:G>C,25065738.0,33634526.0,0.008330914307590696
100036033|F|0-33:T>C-33:T>C,100014488|F|0-28:T>A-28:T>A,25065738.0,34000405.0,0.014223732581003703
100036033|F|0-33:T>C-33:T>C,100040723|F|0-6:G>A-6:G>A,25065738.0,34052241.0,0.0012909318017463437
100036033|F|0-33:T>C-33:T>C,100016551|F|0-65:A>C-65:A>C,25065738.0,35402436.0,0.003448860376571195
100036033|F|0-33:T>C-33:T>C,100032755|F|0-61:C>T-61:C>T,25065738.0,35410581.0,0.005910215325799743
100036033|F|0-33:T>C-33:T>C,100048771|F|0-11:G>A-11:G>A,25065738.0,35423854.0,0.0370517401085086
100036033|F|0-33:T>C-33:T>C,100014472|F|0-31:C>A-31:C>A,25065738.0,35488899.0,0.11571426545689556
100036033|F|0-33:T>C-33:T>C,100019838|F|0-5:G>C-5:G>C,25065738.0,36000724.0,0.016320049186997428
100036033|F|0-33:T>C-33:T>C,100046262|F|0-23:C>A-23:C>A,25065738.0,36000729.0,0.016320049186997428
100036033|F|0-33:T>C-33:T>C,100034510|F|0-47:C>T-47:C>T,25065738.0,36129807.0,0.011354937761501682
100036033|F|0-33:T>C-33:T>C,100014127|F|0-16:C>T-16:C>T,25065738.0,36258373.0,0.01183703114462103
100036033|F|0-33:T>C-33:T>C,100014670|F|0-19:A>G-19:A>G,25065738.0,36976759.0,0.0033221481634179983
100036033|F|0-33:T>C-33:T>C,100041232|F|0-30:T>A-30:T>A,25065738.0,37013523.0,0.02986039296794211
100036033|F|0-33:T>C-33:T>C,100019174|F|0-24:T>A-24:T>A,25065738.0,37246706.0,0.04112729802664879
100036033|F|0-33:T>C-33:T>C,100019068|F|0-18:T>C-18:T>C,25065738.0,37282618.0,5.1434317463563496e-05
100036033|F|0-33:T>C-33:T>C,100060605|F|0-5:C>T-5:C>T,25065738.0,37463852.0,0.0022500296056526966
100036033|F|0-33:T>C-33:T>C,100038566|F|0-46:T>A-46:T>A,25065738.0,37463857.0,1.8785457551127016e-05
100036033|F|0-33:T>C-33:T>C,100034752|F|0-27:G>T-27:G>T,25065738.0,37483520.0,0.004876344209383071
100036033|F|0-33:T>C-33:T>C,100032980|F|0-45:T>A-45:T>A,25065738.0,38018248.0,0.0025703463203463174
100036033|F|0-33:T>C-33:T>C,100049995|F|0-28:T>A-28:T>A,25065738.0,38112106.0,2.965071458222228e-05
100036033|F|0-33:T>C-33:T>C,100015393|F|0-56:G>A-56:G>A,25065738.0,38230758.0,0.02263374485596711
100036033|F|0-33:T>C-33:T>C,100022008|F|0-51:G>C-51:G>C,25065738.0,38274860.0,0.0024708928818517957
100036033|F|0-33:T>C-33:T>C,100019383|F|0-67:A>T-67:A>T,25065738.0,38687047.0,0.03182423636969091
100036033|F|0-33:T>C-33:T>C,100021690|F|0-12:G>A-12:G>A,25065738.0,38877675.0,0.0877527807414495
100036033|F|0-33:T>C-33:T>C,100034940|F|0-27:A>C-27:A>C,25065738.0,38877680.0,0.0814688029361941
100036033|F|0-33:T>C-33:T>C,100017082|F|0-22:G>A-22:G>A,25065738.0,38896484.0,0.053745566573229826
100036033|F|0-33:T>C-33:T>C,100018671|F|0-6:A>T-6:A>T,25065738.0,38898348.0,0.13470007004489795
100036033|F|0-33:T>C-33:T>C,100035888|F|0-14:T>C-14:T>C,25065738.0,38914509.0,0.07822376738305933
100036033|F|0-33:T>C-33:T>C,100034779|F|0-8:A>T-8:A>T,25065738.0,38917568.0,0.08648415670887546
100036033|F|0-33:T>C-33:T>C,100016817|F|0-58:C>T-58:C>T,25065738.0,38927419.0,0.03298757770702016
100036033|F|0-33:T>C-33:T>C,100018350|F|0-55:C>G-55:C>G,25065738.0,38996563.0,0.0016163853373155645
100058913|F|0-33:A>C-33:A>C,100020050|F|0-34:T>G-34:T>G,25635537.0,27194741.0,0.001563099772640037
100058913|F|0-33:A>C-33:A>C,100014308|F|0-20:G>A-20:G>A,25635537.0,27674495.0,0.014815722860602284
100058913|F|0-33:A>C-33:A>C,100013667|F|0-32:C>A-32:C>A,25635537.0,27893794.0,0.011744075564498075
100058913|F|0-33:A>C-33:A>C,100021644|F|0-58:T>G-58:T>G,25635537.0,28228664.0,0.00041995653081522145
100058913|F|0-33:A>C-33:A>C,100013355|F|0-21:A>G-21:A>G,25635537.0,28317387.0,0.026622653938734878
100058913|F|0-33:A>C-33:A>C,100033656|F|0-39:G>A-39:G>A,25635537.0,28614182.0,0.0017377240576263067
100058913|F|0-33:A>C-33:A>C,100014819|F|0-24:A>T-24:A>T,25635537.0,28857198.0,0.06202228503561539
100058913|F|0-33:A>C-33:A>C,100012992|F|0-18:G>T-18:G>T,25635537.0,28905220.0,0.0012964449187296595
100058913|F|0-33:A>C-33:A>C,100029240|F|0-46:A>G-46:A>G,25635537.0,28908034.0,0.0006602112676056373
100058913|F|0-33:A>C-33:A>C,100034977|F|0-7:A>C-7:A>C,25635537.0,30044545.0,0.011134943224294615
100058913|F|0-33:A>C-33:A>C,100013352|F|0-68:T>C-68:T>C,25635537.0,30046946.0,0.01697829019571975
100058913|F|0-33:A>C-33:A>C,100015028|F|0-52:A>T-52:A>T,25635537.0,30261516.0,0.010817946707757733
100058913|F|0-33:A>C-33:A>C,100013847|F|0-11:C>A-11:C>A,25635537.0,31582817.0,0.0022259312812518035
100058913|F|0-33:A>C-33:A>C,100058699|F|0-62:C>A-62:C>A,25635537.0,31974051.0,0.001398094449047218
100058913|F|0-33:A>C-33:A>C,100033659|F|0-57:T>C-57:T>C,25635537.0,32094438.0,0.007714495053066324
100058913|F|0-33:A>C-33:A>C,100013718|F|0-18:C>A-18:C>A,25635537.0,32883911.0,0.022513272058595518
100058913|F|0-33:A>C-33:A>C,100041762|F|0-5:T>C-5:T>C,25635537.0,32989042.0,0.03650029452130773
100058913|F|0-33:A>C-33:A>C,100015328|F|0-33:T>C-33:T>C,25635537.0,33041489.0,0.086267110537239
100058913|F|0-33:A>C-33:A>C,100019357|F|0-62:A>C-62:A>C,25635537.0,33053982.0,0.03610709099228141
100058913|F|0-33:A>C-33:A>C,100016448|F|0-61:C>T-61:C>T,25635537.0,33055328.0,2.649455801778384e-06
100058913|F|0-33:A>C-33:A>C,100021291|F|0-61:A>G-61:A>G,25635537.0,33070336.0,0.0010957177326909686
100058913|F|0-33:A>C-33:A>C,100048192|F|0-15:C>T-15:C>T,25635537.0,33491970.0,0.00448043964313996
100058913|F|0-33:A>C-33:A>C,100039244|F|0-37:G>C-37:G>C,25635537.0,33634526.0,0.010240581812872693
100058913|F|0-33:A>C-33:A>C,100014488|F|0-28:T>A-28:T>A,25635537.0,34000405.0,0.04932738260803615
100058913|F|0-33:A>C-33:A>C,100040723|F|0-6:G>A-6:G>A,25635537.0,34052241.0,0.02022379328895604
100058913|F|0-33:A>C-33:A>C,100016551|F|0-65:A>C-65:A>C,25635537.0,35402436.0,0.01121897606073749
100058913|F|0-33:A>C-33:A>C,100032755|F|0-61:C>T-61:C>T,25635537.0,35410581.0,0.0011449166378743865
100058913|F|0-33:A>C-33:A>C,100048771|F|0-11:G>A-11:G>A,25635537.0,35423854.0,0.039984265124956474
100058913|F|0-33:A>C-33:A>C,100014472|F|0-31:C>A-31:C>A,25635537.0,35488899.0,0.003783659687025607
100058913|F|0-33:A>C-33:A>C,100019838|F|0-5:G>C-5:G>C,25635537.0,36000724.0,0.0024543158280906766
100058913|F|0-33:A>C-33:A>C,100046262|F|0-23:C>A-23:C>A,25635537.0,36000729.0,0.0024543158280906766
100058913|F|0-33:A>C-33:A>C,100034510|F|0-47:C>T-47:C>T,25635537.0,36129807.0,0.0034244313840174363
100058913|F|0-33:A>C-33:A>C,100014127|F|0-16:C>T-16:C>T,25635537.0,36258373.0,0.027200170247703125
100058913|F|0-33:A>C-33:A>C,100014670|F|0-19:A>G-19:A>G,25635537.0,36976759.0,0.011031207823070108
100058913|F|0-33:A>C-33:A>C,100041232|F|0-30:T>A-30:T>A,25635537.0,37013523.0,0.0002551936923159084
100058913|F|0-33:A>C-33:A>C,100019174|F|0-24:T>A-24:T>A,25635537.0,37246706.0,0.0024295869916468524
100058913|F|0-33:A>C-33:A>C,100019068|F|0-18:T>C-18:T>C,25635537.0,37282618.0,0.01015013968324381
100058913|F|0-33:A>C-33:A>C,100060605|F|0-5:C>T-5:C>T,25635537.0,37463852.0,0.0008472822752115569
100058913|F|0-33:A>C-33:A>C,100038566|F|0-46:T>A-46:T>A,25635537.0,37463857.0,0.02970377714697057
100058913|F|0-33:A>C-33:A>C,100034752|F|0-27:G>T-27:G>T,25635537.0,37483520.0,0.027210968994177093
100058913|F|0-33:A>C-33:A>C,100032980|F|0-45:T>A-45:T>A,25635537.0,38018248.0,4.81482486096809e-35
100058913|F|0-33:A>C-33:A>C,100049995|F|0-28:T>A-28:T>A,25635537.0,38112106.0,0.0004645093735931555
100058913|F|0-33:A>C-33:A>C,100015393|F|0-56:G>A-56:G>A,25635537.0,38230758.0,0.009998778680312306
100058913|F|0-33:A>C-33:A>C,100022008|F|0-51:G>C-51:G>C,25635537.0,38274860.0,3.014663322400144e-05
100058913|F|0-33:A>C-33:A>C,100019383|F|0-67:A>T-67:A>T,25635537.0,38687047.0,0.12324456646639752
100058913|F|0-33:A>C-33:A>C,100021690|F|0-12:G>A-12:G>A,25635537.0,38877675.0,0.052135285746585255
100058913|F|0-33:A>C-33:A>C,100034940|F|0-27:A>C-27:A>C,25635537.0,38877680.0,0.062053480302102476
100058913|F|0-33:A>C-33:A>C,100017082|F|0-22:G>A-22:G>A,25635537.0,38896484.0,0.05543270779164674
100058913|F|0-33:A>C-33:A>C,100018671|F|0-6:A>T-6:A>T,25635537.0,38898348.0,0.04455501799479457
100058913|F|0-33:A>C-33:A>C,100035888|F|0-14:T>C-14:T>C,25635537.0,38914509.0,0.0495493857936211
100058913|F|0-33:A>C-33:A>C,100034779|F|0-8:A>T-8:A>T,25635537.0,38917568.0,0.04782772268232788
100058913|F|0-33:A>C-33:A>C,100016817|F|0-58:C>T-58:C>T,25635537.0,38927419.0,0.02600826546124497
100058913|F|0-33:A>C-33:A>C,100018350|F|0-55:C>G-55:C>G,25635537.0,38996563.0,0.00020642264439349304
100020050|F|0-34:T>G-34:T>G,100014308|F|0-20:G>A-20:G>A,27194741.0,27674495.0,0.011478471024361645
100020050|F|0-34:T>G-34:T>G,100013667|F|0-32:C>A-32:C>A,27194741.0,27893794.0,0.0020335964574509035
100020050|F|0-34:T>G-34:T>G,100021644|F|0-58:T>G-58:T>G,27194741.0,28228664.0,0.0031115717056070095
100020050|F|0-34:T>G-34:T>G,100013355|F|0-21:A>G-21:A>G,27194741.0,28317387.0,0.0009175801968830554
100020050|F|0-34:T>G-34:T>G,100033656|F|0-39:G>A-39:G>A,27194741.0,28614182.0,0.1267450874410596
100020050|F|0-34:T>G-34:T>G,100014819|F|0-24:A>T-24:A>T,27194741.0,28857198.0,0.0023044106171668465
100020050|F|0-34:T>G-34:T>G,100012992|F|0-18:G>T-18:G>T,27194741.0,28905220.0,0.008931841542514866
100020050|F|0-34:T>G-34:T>G,100029240|F|0-46:A>G-46:A>G,27194741.0,28908034.0,0.010616717205750229
100020050|F|0-34:T>G-34:T>G,100034977|F|0-7:A>C-7:A>C,27194741.0,30044545.0,8.324007843296415e-06
100020050|F|0-34:T>G-34:T>G,100013352|F|0-68:T>C-68:T>C,27194741.0,30046946.0,0.012137159037428584
100020050|F|0-34:T>G-34:T>G,100015028|F|0-52:A>T-52:A>T,27194741.0,30261516.0,0.009326180042871429
100020050|F|0-34:T>G-34:T>G,100013847|F|0-11:C>A-11:C>A,27194741.0,31582817.0,0.00656384146950185
100020050|F|0-34:T>G-34:T>G,100058699|F|0-62:C>A-62:C>A,27194741.0,31974051.0,0.0015987527086306153
100020050|F|0-34:T>G-34:T>G,100033659|F|0-57:T>C-57:T>C,27194741.0,32094438.0,0.010427735779381726
100020050|F|0-34:T>G-34:T>G,100013718|F|0-18:C>A-18:C>A,27194741.0,32883911.0,0.0009981710088885919
100020050|F|0-34:T>G-34:T>G,100041762|F|0-5:T>C-5:T>C,27194741.0,32989042.0,0.08732430431004506
100020050|F|0-34:T>G-34:T>G,100015328|F|0-33:T>C-33:T>C,27194741.0,33041489.0,0.019810865959814378
100020050|F|0-34:T>G-34:T>G,100019357|F|0-62:A>C-62:A>C,27194741.0,33053982.0,0.0033979443632265894
100020050|F|0-34:T>G-34:T>G,100016448|F|0-61:C>T-61:C>T,27194741.0,33055328.0,0.22828961645563722
100020050|F|0-34:T>G-34:T>G,100021291|F|0-61:A>G-61:A>G,27194741.0,33070336.0,0.10540101179162209
100020050|F|0-34:T>G-34:T>G,100048192|F|0-15:C>T-15:C>T,27194741.0,33491970.0,0.016529425605547918
100020050|F|0-34:T>G-34:T>G,100039244|F|0-37:G>C-37:G>C,27194741.0,33634526.0,0.002108769319561976
100020050|F|0-34:T>G-34:T>G,100014488|F|0-28:T>A-28:T>A,27194741.0,34000405.0,0.006504247984888899
100020050|F|0-34:T>G-34:T>G,100040723|F|0-6:G>A-6:G>A,27194741.0,34052241.0,0.00139091661984107
100020050|F|0-34:T>G-34:T>G,100016551|F|0-65:A>C-65:A>C,27194741.0,35402436.0,0.001193453057513073
100020050|F|0-34:T>G-34:T>G,100032755|F|0-61:C>T-61:C>T,27194741.0,35410581.0,0.03880286629612782
100020050|F|0-34:T>G-34:T>G,100048771|F|0-11:G>A-11:G>A,27194741.0,35423854.0,0.1287091420567569
100020050|F|0-34:T>G-34:T>G,100014472|F|0-31:C>A-31:C>A,27194741.0,35488899.0,0.08102692432691296
100020050|F|0-34:T>G-34:T>G,100019838|F|0-5:G>C-5:G>C,27194741.0,36000724.0,7.684929284419375e-05
100020050|F|0-34:T>G-34:T>G,100046262|F|0-23:C>A-23:C>A,27194741.0,36000729.0,7.684929284419375e-05
100020050|F|0-34:T>G-34:T>G,100034510|F|0-47:C>T-47:C>T,27194741.0,36129807.0,0.004554949151746803
100020050|F|0-34:T>G-34:T>G,100014127|F|0-16:C>T-16:C>T,27194741.0,36258373.0,0.038819758740367756
100020050|F|0-34:T>G-34:T>G,100014670|F|0-19:A>G-19:A>G,27194741.0,36976759.0,0.006902551376944894
100020050|F|0-34:T>G-34:T>G,100041232|F|0-30:T>A-30:T>A,27194741.0,37013523.0,0.00769415881316133
100020050|F|0-34:T>G-34:T>G,100019174|F|0-24:T>A-24:T>A,27194741.0,37246706.0,0.005393752698334922
100020050|F|0-34:T>G-34:T>G,100019068|F|0-18:T>C-18:T>C,27194741.0,37282618.0,3.234097085573249e-05
100020050|F|0-34:T>G-34:T>G,100060605|F|0-5:C>T-5:C>T,27194741.0,37463852.0,0.04576475311120033
100020050|F|0-34:T>G-34:T>G,100038566|F|0-46:T>A-46:T>A,27194741.0,37463857.0,0.0011542816941190364
100020050|F|0-34:T>G-34:T>G,100034752|F|0-27:G>T-27:G>T,27194741.0,37483520.0,0.001057411763958869
100020050|F|0-34:T>G-34:T>G,100032980|F|0-45:T>A-45:T>A,27194741.0,38018248.0,2.7083389842945504e-35
100020050|F|0-34:T>G-34:T>G,100049995|F|0-28:T>A-28:T>A,27194741.0,38112106.0,0.0032002316951593316
100020050|F|0-34:T>G-34:T>G,100015393|F|0-56:G>A-56:G>A,27194741.0,38230758.0,0.006902551376944894
100020050|F|0-34:T>G-34:T>G,100022008|F|0-51:G>C-51:G>C,27194741.0,38274860.0,0.002156436797170841
100020050|F|0-34:T>G-34:T>G,100019383|F|0-67:A>T-67:A>T,27194741.0,38687047.0,0.008674501599029933
100020050|F|0-34:T>G-34:T>G,100021690|F|0-12:G>A-12:G>A,27194741.0,38877675.0,0.02520113823497218
100020050|F|0-34:T>G-34:T>G,100034940|F|0-27:A>C-27:A>C,27194741.0,38877680.0,0.031358646822141525
100020050|F|0-34:T>G-34:T>G,100017082|F|0-22:G>A-22:G>A,27194741.0,38896484.0,0.03271194407321272
100020050|F|0-34:T>G-34:T>G,100018671|F|0-6:A>T-6:A>T,27194741.0,38898348.0,0.03736883372537252
100020050|F|0-34:T>G-34:T>G,100035888|F|0-14:T>C-14:T>C,27194741.0,38914509.0,0.028653722300407983
100020050|F|0-34:T>G-34:T>G,100034779|F|0-8:A>T-8:A>T,27194741.0,38917568.0,0.0333904272848517
100020050|F|0-34:T>G-34:T>G,100016817|F|0-58:C>T-58:C>T,27194741.0,38927419.0,0.01618414706435797
100020050|F|0-34:T>G-34:T>G,100018350|F|0-55:C>G-55:C>G,27194741.0,38996563.0,2.321634616500818e-06
100014308|F|0-20:G>A-20:G>A,100013667|F|0-32:C>A-32:C>A,27674495.0,27893794.0,0.23944071189833838
100014308|F|0-20:G>A-20:G>A,100021644|F|0-58:T>G-58:T>G,27674495.0,28228664.0,0.03472544108839236
100014308|F|0-20:G>A-20:G>A,100013355|F|0-21:A>G-21:A>G,27674495.0,28317387.0,0.08459094982050396
100014308|F|0-20:G>A-20:G>A,100033656|F|0-39:G>A-39:G>A,27674495.0,28614182.0,0.0005621817425851215
100014308|F|0-20:G>A-20:G>A,100014819|F|0-24:A>T-24:A>T,27674495.0,28857198.0,0.0637682857602622
100014308|F|0-20:G>A-20:G>A,100012992|F|0-18:G>T-18:G>T,27674495.0,28905220.0,0.0007460736475945132
100014308|F|0-20:G>A-20:G>A,100029240|F|0-46:A>G-46:A>G,27674495.0,28908034.0,0.0007157581310123798
100014308|F|0-20:G>A-20:G>A,100034977|F|0-7:A>C-7:A>C,27674495.0,30044545.0,0.09437888076018262
100014308|F|0-20:G>A-20:G>A,100013352|F|0-68:T>C-68:T>C,27674495.0,30046946.0,0.07443983715170147
100014308|F|0-20:G>A-20:G>A,100015028|F|0-52:A>T-52:A>T,27674495.0,30261516.0,0.012114199498304357
100014308|F|0-20:G>A-20:G>A,100013847|F|0-11:C>A-11:C>A,27674495.0,31582817.0,0.02996660061492176
100014308|F|0-20:G>A-20:G>A,100058699|F|0-62:C>A-62:C>A,27674495.0,31974051.0,0.007787448465414553
100014308|F|0-20:G>A-20:G>A,100033659|F|0-57:T>C-57:T>C,27674495.0,32094438.0,5.870982727898826e-05
100014308|F|0-20:G>A-20:G>A,100013718|F|0-18:C>A-18:C>A,27674495.0,32883911.0,0.08106111171288181
100014308|F|0-20:G>A-20:G>A,100041762|F|0-5:T>C-5:T>C,27674495.0,32989042.0,0.17935021765555098
100014308|F|0-20:G>A-20:G>A,100015328|F|0-33:T>C-33:T>C,27674495.0,33041489.0,0.05679180877699471
100014308|F|0-20:G>A-20:G>A,100019357|F|0-62:A>C-62:A>C,27674495.0,33053982.0,0.07352904425180705
100014308|F|0-20:G>A-20:G>A,100016448|F|0-61:C>T-61:C>T,27674495.0,33055328.0,0.01870626604720034
100014308|F|0-20:G>A-20:G>A,100021291|F|0-61:A>G-61:A>G,27674495.0,33070336.0,0.010272958294431726
100014308|F|0-20:G>A-20:G>A,100048192|F|0-15:C>T-15:C>T,27674495.0,33491970.0,0.0030483158217847876
100014308|F|0-20:G>A-20:G>A,100039244|F|0-37:G>C-37:G>C,27674495.0,33634526.0,0.11959384892625964
100014308|F|0-20:G>A-20:G>A,100014488|F|0-28:T>A-28:T>A,27674495.0,34000405.0,0.026351001824939078
100014308|F|0-20:G>A-20:G>A,100040723|F|0-6:G>A-6:G>A,27674495.0,34052241.0,0.053336253723128106
100014308|F|0-20:G>A-20:G>A,100016551|F|0-65:A>C-65:A>C,27674495.0,35402436.0,0.07235676558731506
100014308|F|0-20:G>A-20:G>A,100032755|F|0-61:C>T-61:C>T,27674495.0,35410581.0,0.00391917341069882
100014308|F|0-20:G>A-20:G>A,100048771|F|0-11:G>A-11:G>A,27674495.0,35423854.0,0.025004650865060873
100014308|F|0-20:G>A-20:G>A,100014472|F|0-31:C>A-31:C>A,27674495.0,35488899.0,0.0005042259806978335
100014308|F|0-20:G>A-20:G>A,100019838|F|0-5:G>C-5:G>C,27674495.0,36000724.0,0.00679255222147138
100014308|F|0-20:G>A-20:G>A,100046262|F|0-23:C>A-23:C>A,27674495.0,36000729.0,0.00679255222147138
100014308|F|0-20:G>A-20:G>A,100034510|F|0-47:C>T-47:C>T,27674495.0,36129807.0,0.01811753061086104
100014308|F|0-20:G>A-20:G>A,100014127|F|0-16:C>T-16:C>T,27674495.0,36258373.0,0.04126431719584356
100014308|F|0-20:G>A-20:G>A,100014670|F|0-19:A>G-19:A>G,27674495.0,36976759.0,0.0030557191574140654
100014308|F|0-20:G>A-20:G>A,100041232|F|0-30:T>A-30:T>A,27674495.0,37013523.0,0.00020890959141357882
100014308|F|0-20:G>A-20:G>A,100019174|F|0-24:T>A-24:T>A,27674495.0,37246706.0,0.005221223176731635
100014308|F|0-20:G>A-20:G>A,100019068|F|0-18:T>C-18:T>C,27674495.0,37282618.0,0.00984709280785622
100014308|F|0-20:G>A-20:G>A,100060605|F|0-5:C>T-5:C>T,27674495.0,37463852.0,0.0084332842063639
100014308|F|0-20:G>A-20:G>A,100038566|F|0-46:T>A-46:T>A,27674495.0,37463857.0,0.00293415279195643
100014308|F|0-20:G>A-20:G>A,100034752|F|0-27:G>T-27:G>T,27674495.0,37483520.0,7.37509084816987e-05
100014308|F|0-20:G>A-20:G>A,100032980|F|0-45:T>A-45:T>A,27674495.0,38018248.0,0.0005439761795694007
100014308|F|0-20:G>A-20:G>A,100049995|F|0-28:T>A-28:T>A,27674495.0,38112106.0,0.13559949547876152
100014308|F|0-20:G>A-20:G>A,100015393|F|0-56:G>A-56:G>A,27674495.0,38230758.0,0.00015835044083631607
100014308|F|0-20:G>A-20:G>A,100022008|F|0-51:G>C-51:G>C,27674495.0,38274860.0,0.04049556870545958
100014308|F|0-20:G>A-20:G>A,100019383|F|0-67:A>T-67:A>T,27674495.0,38687047.0,0.1271426695155509
100014308|F|0-20:G>A-20:G>A,100021690|F|0-12:G>A-12:G>A,27674495.0,38877675.0,0.0019870905620173454
100014308|F|0-20:G>A-20:G>A,100034940|F|0-27:A>C-27:A>C,27674495.0,38877680.0,0.001915742197613977
100014308|F|0-20:G>A-20:G>A,100017082|F|0-22:G>A-22:G>A,27674495.0,38896484.0,0.002281547903883344
100014308|F|0-20:G>A-20:G>A,100018671|F|0-6:A>T-6:A>T,27674495.0,38898348.0,0.008543532067786864
100014308|F|0-20:G>A-20:G>A,100035888|F|0-14:T>C-14:T>C,27674495.0,38914509.0,0.005297032445675021
100014308|F|0-20:G>A-20:G>A,100034779|F|0-8:A>T-8:A>T,27674495.0,38917568.0,0.005684888850000278
100014308|F|0-20:G>A-20:G>A,100016817|F|0-58:C>T-58:C>T,27674495.0,38927419.0,0.07174878201398348
100014308|F|0-20:G>A-20:G>A,100018350|F|0-55:C>G-55:C>G,27674495.0,38996563.0,0.0004051154031445739
100013667|F|0-32:C>A-32:C>A,100021644|F|0-58:T>G-58:T>G,27893794.0,28228664.0,1.6433484175421106e-06
100013667|F|0-32:C>A-32:C>A,100013355|F|0-21:A>G-21:A>G,27893794.0,28317387.0,0.2987755377231804
100013667|F|0-32:C>A-32:C>A,100033656|F|0-39:G>A-39:G>A,27893794.0,28614182.0,0.0023141604193714993
100013667|F|0-32:C>A-32:C>A,100014819|F|0-24:A>T-24:A>T,27893794.0,28857198.0,0.0014661460145179623
100013667|F|0-32:C>A-32:C>A,100012992|F|0-18:G>T-18:G>T,27893794.0,28905220.0,0.001466146014517963
100013667|F|0-32:C>A-32:C>A,100029240|F|0-46:A>G-46:A>G,27893794.0,28908034.0,0.003348214285714298
100013667|F|0-32:C>A-32:C>A,100034977|F|0-7:A>C-7:A>C,27893794.0,30044545.0,0.02628805495047531
100013667|F|0-32:C>A-32:C>A,100013352|F|0-68:T>C-68:T>C,27893794.0,30046946.0,0.012116631164250213
100013667|F|0-32:C>A-32:C>A,100015028|F|0-52:A>T-52:A>T,27893794.0,30261516.0,0.009602641440453358
100013667|F|0-32:C>A-32:C>A,100013847|F|0-11:C>A-11:C>A,27893794.0,31582817.0,0.042064274425913775
100013667|F|0-32:C>A-32:C>A,100058699|F|0-62:C>A-62:C>A,27893794.0,31974051.0,0.000622471210706503
100013667|F|0-32:C>A-32:C>A,100033659|F|0-57:T>C-57:T>C,27893794.0,32094438.0,0.022762333608961297
100013667|F|0-32:C>A-32:C>A,100013718|F|0-18:C>A-18:C>A,27893794.0,32883911.0,0.017865879655839984
100013667|F|0-32:C>A-32:C>A,100041762|F|0-5:T>C-5:T>C,27893794.0,32989042.0,0.1602234483432577
100013667|F|0-32:C>A-32:C>A,100015328|F|0-33:T>C-33:T>C,27893794.0,33041489.0,0.04075420631944817
100013667|F|0-32:C>A-32:C>A,100019357|F|0-62:A>C-62:A>C,27893794.0,33053982.0,0.0787051049233252
100013667|F|0-32:C>A-32:C>A,100016448|F|0-61:C>T-61:C>T,27893794.0,33055328.0,0.0025096444396670195
100013667|F|0-32:C>A-32:C>A,100021291|F|0-61:A>G-61:A>G,27893794.0,33070336.0,0.030147362176388935
100013667|F|0-32:C>A-32:C>A,100048192|F|0-15:C>T-15:C>T,27893794.0,33491970.0,0.08369961710478971
100013667|F|0-32:C>A-32:C>A,100039244|F|0-37:G>C-37:G>C,27893794.0,33634526.0,0.08244450936081195
100013667|F|0-32:C>A-32:C>A,100014488|F|0-28:T>A-28:T>A,27893794.0,34000405.0,0.0023513270259230726
100013667|F|0-32:C>A-32:C>A,100040723|F|0-6:G>A-6:G>A,27893794.0,34052241.0,0.0683825301864879
100013667|F|0-32:C>A-32:C>A,100016551|F|0-65:A>C-65:A>C,27893794.0,35402436.0,0.2906945241282591
100013667|F|0-32:C>A-32:C>A,100032755|F|0-61:C>T-61:C>T,27893794.0,35410581.0,0.00042087542087541836
100013667|F|0-32:C>A-32:C>A,100048771|F|0-11:G>A-11:G>A,27893794.0,35423854.0,0.016205869781197247
100013667|F|0-32:C>A-32:C>A,100014472|F|0-31:C>A-31:C>A,27893794.0,35488899.0,0.04877807983797696
100013667|F|0-32:C>A-32:C>A,100019838|F|0-5:G>C-5:G>C,27893794.0,36000724.0,0.030652527055642177
100013667|F|0-32:C>A-32:C>A,100046262|F|0-23:C>A-23:C>A,27893794.0,36000729.0,0.030652527055642177
100013667|F|0-32:C>A-32:C>A,100034510|F|0-47:C>T-47:C>T,27893794.0,36129807.0,0.0038726800908649483
100013667|F|0-32:C>A-32:C>A,100014127|F|0-16:C>T-16:C>T,27893794.0,36258373.0,0.07680301925475029
100013667|F|0-32:C>A-32:C>A,100014670|F|0-19:A>G-19:A>G,27893794.0,36976759.0,0.023520244860632845
100013667|F|0-32:C>A-32:C>A,100041232|F|0-30:T>A-30:T>A,27893794.0,37013523.0,0.04641273808155913
100013667|F|0-32:C>A-32:C>A,100019174|F|0-24:T>A-24:T>A,27893794.0,37246706.0,0.003060070303373872
100013667|F|0-32:C>A-32:C>A,100019068|F|0-18:T>C-18:T>C,27893794.0,37282618.0,0.013641244993185362
100013667|F|0-32:C>A-32:C>A,100060605|F|0-5:C>T-5:C>T,27893794.0,37463852.0,0.002310794294076973
100013667|F|0-32:C>A-32:C>A,100038566|F|0-46:T>A-46:T>A,27893794.0,37463857.0,0.0048273407723745275
100013667|F|0-32:C>A-32:C>A,100034752|F|0-27:G>T-27:G>T,27893794.0,37483520.0,0.0009115824873333711
100013667|F|0-32:C>A-32:C>A,100032980|F|0-45:T>A-45:T>A,27893794.0,38018248.0,0.028273809523809517
100013667|F|0-32:C>A-32:C>A,100049995|F|0-28:T>A-28:T>A,27893794.0,38112106.0,0.11671241936652964
100013667|F|0-32:C>A-32:C>A,100015393|F|0-56:G>A-56:G>A,27893794.0,38230758.0,0.010416666666666661
100013667|F|0-32:C>A-32:C>A,100022008|F|0-51:G>C-51:G>C,27893794.0,38274860.0,0.02902200961561691
100013667|F|0-32:C>A-32:C>A,100019383|F|0-67:A>T-67:A>T,27893794.0,38687047.0,0.05911044973544963
100013667|F|0-32:C>A-32:C>A,100021690|F|0-12:G>A-12:G>A,27893794.0,38877675.0,0.01855083786741005
100013667|F|0-32:C>A-32:C>A,100034940|F|0-27:A>C-27:A>C,27893794.0,38877680.0,0.02489324534161492
100013667|F|0-32:C>A-32:C>A,100017082|F|0-22:G>A-22:G>A,27893794.0,38896484.0,0.014534126689034657
100013667|F|0-32:C>A-32:C>A,100018671|F|0-6:A>T-6:A>T,27893794.0,38898348.0,0.018966306681823978
100013667|F|0-32:C>A-32:C>A,100035888|F|0-14:T>C-14:T>C,27893794.0,38914509.0,0.021092323360022504
100013667|F|0-32:C>A-32:C>A,100034779|F|0-8:A>T-8:A>T,27893794.0,38917568.0,0.01917256620362115
100013667|F|0-32:C>A-32:C>A,100016817|F|0-58:C>T-58:C>T,27893794.0,38927419.0,0.001978985840226004
100013667|F|0-32:C>A-32:C>A,100018350|F|0-55:C>G-55:C>G,27893794.0,38996563.0,0.013612995262704566
100021644|F|0-58:T>G-58:T>G,100013355|F|0-21:A>G-21:A>G,28228664.0,28317387.0,2.501718756025039e-05
100021644|F|0-58:T>G-58:T>G,100033656|F|0-39:G>A-39:G>A,28228664.0,28614182.0,0.03042043447822665
100021644|F|0-58:T>G-58:T>G,100014819|F|0-24:A>T-24:A>T,28228664.0,28857198.0,0.00024963254809538625
100021644|F|0-58:T>G-58:T>G,100012992|F|0-18:G>T-18:G>T,28228664.0,28905220.0,0.010718467877051496
100021644|F|0-58:T>G-58:T>G,100029240|F|0-46:A>G-46:A>G,28228664.0,28908034.0,0.0011043301365882047
100021644|F|0-58:T>G-58:T>G,100034977|F|0-7:A>C-7:A>C,28228664.0,30044545.0,0.02394244647172535
100021644|F|0-58:T>G-58:T>G,100013352|F|0-68:T>C-68:T>C,28228664.0,30046946.0,0.06292545425609952
100021644|F|0-58:T>G-58:T>G,100015028|F|0-52:A>T-52:A>T,28228664.0,30261516.0,0.005961475065555301
100021644|F|0-58:T>G-58:T>G,100013847|F|0-11:C>A-11:C>A,28228664.0,31582817.0,0.004166431855626011
100021644|F|0-58:T>G-58:T>G,100058699|F|0-62:C>A-62:C>A,28228664.0,31974051.0,0.00016629912645092773
100021644|F|0-58:T>G-58:T>G,100033659|F|0-57:T>C-57:T>C,28228664.0,32094438.0,0.009069769854791632
100021644|F|0-58:T>G-58:T>G,100013718|F|0-18:C>A-18:C>A,28228664.0,32883911.0,0.06220755847678772
100021644|F|0-58:T>G-58:T>G,100041762|F|0-5:T>C-5:T>C,28228664.0,32989042.0,0.02139557968497249
100021644|F|0-58:T>G-58:T>G,100015328|F|0-33:T>C-33:T>C,28228664.0,33041489.0,0.0023491859725032174
100021644|F|0-58:T>G-58:T>G,100019357|F|0-62:A>C-62:A>C,28228664.0,33053982.0,1.769384885158479e-05
100021644|F|0-58:T>G-58:T>G,100016448|F|0-61:C>T-61:C>T,28228664.0,33055328.0,0.0015580278450736445
100021644|F|0-58:T>G-58:T>G,100021291|F|0-61:A>G-61:A>G,28228664.0,33070336.0,0.01924878226124854
100021644|F|0-58:T>G-58:T>G,100048192|F|0-15:C>T-15:C>T,28228664.0,33491970.0,0.011131812448590862
100021644|F|0-58:T>G-58:T>G,100039244|F|0-37:G>C-37:G>C,28228664.0,33634526.0,0.0009020305926165022
100021644|F|0-58:T>G-58:T>G,100014488|F|0-28:T>A-28:T>A,28228664.0,34000405.0,0.016963958224744658
100021644|F|0-58:T>G-58:T>G,100040723|F|0-6:G>A-6:G>A,28228664.0,34052241.0,0.005549729026266587
100021644|F|0-58:T>G-58:T>G,100016551|F|0-65:A>C-65:A>C,28228664.0,35402436.0,3.6958839912588575e-07
100021644|F|0-58:T>G-58:T>G,100032755|F|0-61:C>T-61:C>T,28228664.0,35410581.0,0.018074442267990643
100021644|F|0-58:T>G-58:T>G,100048771|F|0-11:G>A-11:G>A,28228664.0,35423854.0,0.027059705148168252
100021644|F|0-58:T>G-58:T>G,100014472|F|0-31:C>A-31:C>A,28228664.0,35488899.0,0.0007462109111995139
100021644|F|0-58:T>G-58:T>G,100019838|F|0-5:G>C-5:G>C,28228664.0,36000724.0,0.017214780949154358
100021644|F|0-58:T>G-58:T>G,100046262|F|0-23:C>A-23:C>A,28228664.0,36000729.0,0.017214780949154358
100021644|F|0-58:T>G-58:T>G,100034510|F|0-47:C>T-47:C>T,28228664.0,36129807.0,0.03515216705372921
100021644|F|0-58:T>G-58:T>G,100014127|F|0-16:C>T-16:C>T,28228664.0,36258373.0,0.016775720783280587
100021644|F|0-58:T>G-58:T>G,100014670|F|0-19:A>G-19:A>G,28228664.0,36976759.0,0.02898915300348988
100021644|F|0-58:T>G-58:T>G,100041232|F|0-30:T>A-30:T>A,28228664.0,37013523.0,0.004461002684640817
100021644|F|0-58:T>G-58:T>G,100019174|F|0-24:T>A-24:T>A,28228664.0,37246706.0,0.013232465551013968
100021644|F|0-58:T>G-58:T>G,100019068|F|0-18:T>C-18:T>C,28228664.0,37282618.0,0.00032856616549783833
100021644|F|0-58:T>G-58:T>G,100060605|F|0-5:C>T-5:C>T,28228664.0,37463852.0,0.0007218655070405241
100021644|F|0-58:T>G-58:T>G,100038566|F|0-46:T>A-46:T>A,28228664.0,37463857.0,0.0021564788105989502
100021644|F|0-58:T>G-58:T>G,100034752|F|0-27:G>T-27:G>T,28228664.0,37483520.0,0.0019755022319709508
100021644|F|0-58:T>G-58:T>G,100032980|F|0-45:T>A-45:T>A,28228664.0,38018248.0,0.061581081081081096
100021644|F|0-58:T>G-58:T>G,100049995|F|0-28:T>A-28:T>A,28228664.0,38112106.0,0.010723962749758127
100021644|F|0-58:T>G-58:T>G,100015393|F|0-56:G>A-56:G>A,28228664.0,38230758.0,0.23316752492379714
100021644|F|0-58:T>G-58:T>G,100022008|F|0-51:G>C-51:G>C,28228664.0,38274860.0,0.02761127897672307
100021644|F|0-58:T>G-58:T>G,100019383|F|0-67:A>T-67:A>T,28228664.0,38687047.0,0.00819289399934563
100021644|F|0-58:T>G-58:T>G,100021690|F|0-12:G>A-12:G>A,28228664.0,38877675.0,0.00473579308999214
100021644|F|0-58:T>G-58:T>G,100034940|F|0-27:A>C-27:A>C,28228664.0,38877680.0,0.014309698899460554
100021644|F|0-58:T>G-58:T>G,100017082|F|0-22:G>A-22:G>A,28228664.0,38896484.0,0.01717716853279885
100021644|F|0-58:T>G-58:T>G,100018671|F|0-6:A>T-6:A>T,28228664.0,38898348.0,0.011076255514520267
100021644|F|0-58:T>G-58:T>G,100035888|F|0-14:T>C-14:T>C,28228664.0,38914509.0,0.022057935754767086
100021644|F|0-58:T>G-58:T>G,100034779|F|0-8:A>T-8:A>T,28228664.0,38917568.0,0.021231987696286397
100021644|F|0-58:T>G-58:T>G,100016817|F|0-58:C>T-58:C>T,28228664.0,38927419.0,0.0118809227498614
100021644|F|0-58:T>G-58:T>G,100018350|F|0-55:C>G-55:C>G,28228664.0,38996563.0,0.003107533640166787
100013355|F|0-21:A>G-21:A>G,100033656|F|0-39:G>A-39:G>A,28317387.0,28614182.0,1.2350919823317347e-05
100013355|F|0-21:A>G-21:A>G,100014819|F|0-24:A>T-24:A>T,28317387.0,28857198.0,0.004817458532251434
100013355|F|0-21:A>G-21:A>G,100012992|F|0-18:G>T-18:G>T,28317387.0,28905220.0,0.018238369388280305
100013355|F|0-21:A>G-21:A>G,100029240|F|0-46:A>G-46:A>G,28317387.0,28908034.0,0.020676216481738303
100013355|F|0-21:A>G-21:A>G,100034977|F|0-7:A>C-7:A>C,28317387.0,30044545.0,0.056892234803310175
100013355|F|0-21:A>G-21:A>G,100013352|F|0-68:T>C-68:T>C,28317387.0,30046946.0,0.0394296141522216
100013355|F|0-21:A>G-21:A>G,100015028|F|0-52:A>T-52:A>T,28317387.0,30261516.0,0.053886667500796424
100013355|F|0-21:A>G-21:A>G,100013847|F|0-11:C>A-11:C>A,28317387.0,31582817.0,0.04575472462806801
100013355|F|0-21:A>G-21:A>G,100058699|F|0-62:C>A-62:C>A,28317387.0,31974051.0,0.0005507057191808767
100013355|F|0-21:A>G-21:A>G,100033659|F|0-57:T>C-57:T>C,28317387.0,32094438.0,0.05611531184367324
100013355|F|0-21:A>G-21:A>G,100013718|F|0-18:C>A-18:C>A,28317387.0,32883911.0,0.023581569704487184
100013355|F|0-21:A>G-21:A>G,100041762|F|0-5:T>C-5:T>C,28317387.0,32989042.0,0.03590789375456494
100013355|F|0-21:A>G-21:A>G,100015328|F|0-33:T>C-33:T>C,28317387.0,33041489.0,0.03379265091863513
100013355|F|0-21:A>G-21:A>G,100019357|F|0-62:A>C-62:A>C,28317387.0,33053982.0,0.032981744203358476
100013355|F|0-21:A>G-21:A>G,100016448|F|0-61:C>T-61:C>T,28317387.0,33055328.0,0.02442995212944147
100013355|F|0-21:A>G-21:A>G,100021291|F|0-61:A>G-61:A>G,28317387.0,33070336.0,0.011770433621172114
100013355|F|0-21:A>G-21:A>G,100048192|F|0-15:C>T-15:C>T,28317387.0,33491970.0,0.04565052162976502
100013355|F|0-21:A>G-21:A>G,100039244|F|0-37:G>C-37:G>C,28317387.0,33634526.0,0.0009637862145716877
100013355|F|0-21:A>G-21:A>G,100014488|F|0-28:T>A-28:T>A,28317387.0,34000405.0,0.027342709233385658
100013355|F|0-21:A>G-21:A>G,100040723|F|0-6:G>A-6:G>A,28317387.0,34052241.0,0.006665462462334052
100013355|F|0-21:A>G-21:A>G,100016551|F|0-65:A>C-65:A>C,28317387.0,35402436.0,0.1346871536074948
100013355|F|0-21:A>G-21:A>G,100032755|F|0-61:C>T-61:C>T,28317387.0,35410581.0,9.606667026916484e-05
100013355|F|0-21:A>G-21:A>G,100048771|F|0-11:G>A-11:G>A,28317387.0,35423854.0,0.0012214153478409206
100013355|F|0-21:A>G-21:A>G,100014472|F|0-31:C>A-31:C>A,28317387.0,35488899.0,0.16982686873787287
100013355|F|0-21:A>G-21:A>G,100019838|F|0-5:G>C-5:G>C,28317387.0,36000724.0,0.006015053010675372
100013355|F|0-21:A>G-21:A>G,100046262|F|0-23:C>A-23:C>A,28317387.0,36000729.0,0.006015053010675372
100013355|F|0-21:A>G-21:A>G,100034510|F|0-47:C>T-47:C>T,28317387.0,36129807.0,0.004684830642861327
100013355|F|0-21:A>G-21:A>G,100014127|F|0-16:C>T-16:C>T,28317387.0,36258373.0,0.06655332315940192
100013355|F|0-21:A>G-21:A>G,100014670|F|0-19:A>G-19:A>G,28317387.0,36976759.0,0.008400255703384067
100013355|F|0-21:A>G-21:A>G,100041232|F|0-30:T>A-30:T>A,28317387.0,37013523.0,0.019896530011890262
100013355|F|0-21:A>G-21:A>G,100019174|F|0-24:T>A-24:T>A,28317387.0,37246706.0,0.018411121068021136
100013355|F|0-21:A>G-21:A>G,100019068|F|0-18:T>C-18:T>C,28317387.0,37282618.0,0.0075589329073116746
100013355|F|0-21:A>G-21:A>G,100060605|F|0-5:C>T-5:C>T,28317387.0,37463852.0,0.005747875994024945
100013355|F|0-21:A>G-21:A>G,100038566|F|0-46:T>A-46:T>A,28317387.0,37463857.0,0.0014231858587776965
100013355|F|0-21:A>G-21:A>G,100034752|F|0-27:G>T-27:G>T,28317387.0,37483520.0,0.004417369541387509
100013355|F|0-21:A>G-21:A>G,100032980|F|0-45:T>A-45:T>A,28317387.0,38018248.0,0.00878409616273693
100013355|F|0-21:A>G-21:A>G,100049995|F|0-28:T>A-28:T>A,28317387.0,38112106.0,0.060823691093673846
100013355|F|0-21:A>G-21:A>G,100015393|F|0-56:G>A-56:G>A,28317387.0,38230758.0,0.008400255703384072
100013355|F|0-21:A>G-21:A>G,100022008|F|0-51:G>C-51:G>C,28317387.0,38274860.0,0.011167476255918846
100013355|F|0-21:A>G-21:A>G,100019383|F|0-67:A>T-67:A>T,28317387.0,38687047.0,0.12030041156254756
100013355|F|0-21:A>G-21:A>G,100021690|F|0-12:G>A-12:G>A,28317387.0,38877675.0,0.002619381590200373
100013355|F|0-21:A>G-21:A>G,100034940|F|0-27:A>C-27:A>C,28317387.0,38877680.0,0.004678485999718585
100013355|F|0-21:A>G-21:A>G,100017082|F|0-22:G>A-22:G>A,28317387.0,38896484.0,0.001629661660038692
100013355|F|0-21:A>G-21:A>G,100018671|F|0-6:A>T-6:A>T,28317387.0,38898348.0,0.0062787340992898465
100013355|F|0-21:A>G-21:A>G,100035888|F|0-14:T>C-14:T>C,28317387.0,38914509.0,0.0011523926808745082
100013355|F|0-21:A>G-21:A>G,100034779|F|0-8:A>T-8:A>T,28317387.0,38917568.0,0.0026596435454295164
100013355|F|0-21:A>G-21:A>G,100016817|F|0-58:C>T-58:C>T,28317387.0,38927419.0,0.001429096868280195
100013355|F|0-21:A>G-21:A>G,100018350|F|0-55:C>G-55:C>G,28317387.0,38996563.0,0.015867714713390945
100033656|F|0-39:G>A-39:G>A,100014819|F|0-24:A>T-24:A>T,28614182.0,28857198.0,0.027968007296001844
100033656|F|0-39:G>A-39:G>A,100012992|F|0-18:G>T-18:G>T,28614182.0,28905220.0,0.008426915241803978
100033656|F|0-39:G>A-39:G>A,100029240|F|0-46:A>G-46:A>G,28614182.0,28908034.0,0.00705495547493405
100033656|F|0-39:G>A-39:G>A,100034977|F|0-7:A>C-7:A>C,28614182.0,30044545.0,0.002659147819896011
100033656|F|0-39:G>A-39:G>A,100013352|F|0-68:T>C-68:T>C,28614182.0,30046946.0,0.001820587613793417
100033656|F|0-39:G>A-39:G>A,100015028|F|0-52:A>T-52:A>T,28614182.0,30261516.0,0.015042363224770707
100033656|F|0-39:G>A-39:G>A,100013847|F|0-11:C>A-11:C>A,28614182.0,31582817.0,0.01069133857916621
100033656|F|0-39:G>A-39:G>A,100058699|F|0-62:C>A-62:C>A,28614182.0,31974051.0,0.0003104144032283069
100033656|F|0-39:G>A-39:G>A,100033659|F|0-57:T>C-57:T>C,28614182.0,32094438.0,0.03578697821034721
100033656|F|0-39:G>A-39:G>A,100013718|F|0-18:C>A-18:C>A,28614182.0,32883911.0,0.0009624332962708627
100033656|F|0-39:G>A-39:G>A,100041762|F|0-5:T>C-5:T>C,28614182.0,32989042.0,0.03900102215353431
100033656|F|0-39:G>A-39:G>A,100015328|F|0-33:T>C-33:T>C,28614182.0,33041489.0,0.03413922286759021
100033656|F|0-39:G>A-39:G>A,100019357|F|0-62:A>C-62:A>C,28614182.0,33053982.0,0.006240112528509473
100033656|F|0-39:G>A-39:G>A,100016448|F|0-61:C>T-61:C>T,28614182.0,33055328.0,0.38487956902148385
100033656|F|0-39:G>A-39:G>A,100021291|F|0-61:A>G-61:A>G,28614182.0,33070336.0,0.08351235089795342
100033656|F|0-39:G>A-39:G>A,100048192|F|0-15:C>T-15:C>T,28614182.0,33491970.0,0.05923796373937403
100033656|F|0-39:G>A-39:G>A,100039244|F|0-37:G>C-37:G>C,28614182.0,33634526.0,0.033763759932921515
100033656|F|0-39:G>A-39:G>A,100014488|F|0-28:T>A-28:T>A,28614182.0,34000405.0,0.005686797440112179
100033656|F|0-39:G>A-39:G>A,100040723|F|0-6:G>A-6:G>A,28614182.0,34052241.0,0.02180165669581227
100033656|F|0-39:G>A-39:G>A,100016551|F|0-65:A>C-65:A>C,28614182.0,35402436.0,0.015439506486809081
100033656|F|0-39:G>A-39:G>A,100032755|F|0-61:C>T-61:C>T,28614182.0,35410581.0,0.00020988246581914017
100033656|F|0-39:G>A-39:G>A,100048771|F|0-11:G>A-11:G>A,28614182.0,35423854.0,0.0014114366697007726
100033656|F|0-39:G>A-39:G>A,100014472|F|0-31:C>A-31:C>A,28614182.0,35488899.0,0.006613128655440102
100033656|F|0-39:G>A-39:G>A,100019838|F|0-5:G>C-5:G>C,28614182.0,36000724.0,0.0015634011584980216
100033656|F|0-39:G>A-39:G>A,100046262|F|0-23:C>A-23:C>A,28614182.0,36000729.0,0.0015634011584980216
100033656|F|0-39:G>A-39:G>A,100034510|F|0-47:C>T-47:C>T,28614182.0,36129807.0,0.0004674408453168472
100033656|F|0-39:G>A-39:G>A,100014127|F|0-16:C>T-16:C>T,28614182.0,36258373.0,0.022380156859162916
100033656|F|0-39:G>A-39:G>A,100014670|F|0-19:A>G-19:A>G,28614182.0,36976759.0,0.011894873262507353
100033656|F|0-39:G>A-39:G>A,100041232|F|0-30:T>A-30:T>A,28614182.0,37013523.0,0.004749067512885669
100033656|F|0-39:G>A-39:G>A,100019174|F|0-24:T>A-24:T>A,28614182.0,37246706.0,0.0070257084604050364
100033656|F|0-39:G>A-39:G>A,100019068|F|0-18:T>C-18:T>C,28614182.0,37282618.0,0.00039251360070756744
100033656|F|0-39:G>A-39:G>A,100060605|F|0-5:C>T-5:C>T,28614182.0,37463852.0,0.0014880534681733263
100033656|F|0-39:G>A-39:G>A,100038566|F|0-46:T>A-46:T>A,28614182.0,37463857.0,2.035504283464345e-05
100033656|F|0-39:G>A-39:G>A,100034752|F|0-27:G>T-27:G>T,28614182.0,37483520.0,1.8646801607354704e-05
100033656|F|0-39:G>A-39:G>A,100032980|F|0-45:T>A-45:T>A,28614182.0,38018248.0,2.4375050858650954e-34
100033656|F|0-39:G>A-39:G>A,100049995|F|0-28:T>A-28:T>A,28614182.0,38112106.0,0.0037996530162287055
100033656|F|0-39:G>A-39:G>A,100015393|F|0-56:G>A-56:G>A,28614182.0,38230758.0,0.011894873262507417
100033656|F|0-39:G>A-39:G>A,100022008|F|0-51:G>C-51:G>C,28614182.0,38274860.0,0.0007379429163504046
100033656|F|0-39:G>A-39:G>A,100019383|F|0-67:A>T-67:A>T,28614182.0,38687047.0,0.015591268889421911
100033656|F|0-39:G>A-39:G>A,100021690|F|0-12:G>A-12:G>A,28614182.0,38877675.0,0.005722715958949672
100033656|F|0-39:G>A-39:G>A,100034940|F|0-27:A>C-27:A>C,28614182.0,38877680.0,6.8114030056212e-05
100033656|F|0-39:G>A-39:G>A,100017082|F|0-22:G>A-22:G>A,28614182.0,38896484.0,0.004194154341053664
100033656|F|0-39:G>A-39:G>A,100018671|F|0-6:A>T-6:A>T,28614182.0,38898348.0,0.013717517129399589
100033656|F|0-39:G>A-39:G>A,100035888|F|0-14:T>C-14:T>C,28614182.0,38914509.0,0.006659544991088159
100033656|F|0-39:G>A-39:G>A,100034779|F|0-8:A>T-8:A>T,28614182.0,38917568.0,0.005810678604251284
100033656|F|0-39:G>A-39:G>A,100016817|F|0-58:C>T-58:C>T,28614182.0,38927419.0,0.00022820672889229277
100033656|F|0-39:G>A-39:G>A,100018350|F|0-55:C>G-55:C>G,28614182.0,38996563.0,0.0002761244400809942
100014819|F|0-24:A>T-24:A>T,100012992|F|0-18:G>T-18:G>T,28857198.0,28905220.0,0.03599775565409319
100014819|F|0-24:A>T-24:A>T,100029240|F|0-46:A>G-46:A>G,28857198.0,28908034.0,0.041337273011897276
100014819|F|0-24:A>T-24:A>T,100034977|F|0-7:A>C-7:A>C,28857198.0,30044545.0,0.008767252872442153
100014819|F|0-24:A>T-24:A>T,100013352|F|0-68:T>C-68:T>C,28857198.0,30046946.0,0.002506051660716653
100014819|F|0-24:A>T-24:A>T,100015028|F|0-52:A>T-52:A>T,28857198.0,30261516.0,0.0010600490122434467
100014819|F|0-24:A>T-24:A>T,100013847|F|0-11:C>A-11:C>A,28857198.0,31582817.0,0.00450523914849847
100014819|F|0-24:A>T-24:A>T,100058699|F|0-62:C>A-62:C>A,28857198.0,31974051.0,0.023021105749751462
100014819|F|0-24:A>T-24:A>T,100033659|F|0-57:T>C-57:T>C,28857198.0,32094438.0,0.0014331076883721528
100014819|F|0-24:A>T-24:A>T,100013718|F|0-18:C>A-18:C>A,28857198.0,32883911.0,0.004288093014560822
100014819|F|0-24:A>T-24:A>T,100041762|F|0-5:T>C-5:T>C,28857198.0,32989042.0,0.00016150848584585846
100014819|F|0-24:A>T-24:A>T,100015328|F|0-33:T>C-33:T>C,28857198.0,33041489.0,0.0019025584388050482
100014819|F|0-24:A>T-24:A>T,100019357|F|0-62:A>C-62:A>C,28857198.0,33053982.0,7.462349957015787e-07
100014819|F|0-24:A>T-24:A>T,100016448|F|0-61:C>T-61:C>T,28857198.0,33055328.0,0.0015862841021045428
100014819|F|0-24:A>T-24:A>T,100021291|F|0-61:A>G-61:A>G,28857198.0,33070336.0,0.003016469768123138
100014819|F|0-24:A>T-24:A>T,100048192|F|0-15:C>T-15:C>T,28857198.0,33491970.0,0.019650223712797888
100014819|F|0-24:A>T-24:A>T,100039244|F|0-37:G>C-37:G>C,28857198.0,33634526.0,0.0001752557181741999
100014819|F|0-24:A>T-24:A>T,100014488|F|0-28:T>A-28:T>A,28857198.0,34000405.0,0.06583708906623612
100014819|F|0-24:A>T-24:A>T,100040723|F|0-6:G>A-6:G>A,28857198.0,34052241.0,0.0026834282295871716
100014819|F|0-24:A>T-24:A>T,100016551|F|0-65:A>C-65:A>C,28857198.0,35402436.0,0.06595385926926252
100014819|F|0-24:A>T-24:A>T,100032755|F|0-61:C>T-61:C>T,28857198.0,35410581.0,0.011132887150419985
100014819|F|0-24:A>T-24:A>T,100048771|F|0-11:G>A-11:G>A,28857198.0,35423854.0,0.0007690456724261936
100014819|F|0-24:A>T-24:A>T,100014472|F|0-31:C>A-31:C>A,28857198.0,35488899.0,0.00019053331454127367
100014819|F|0-24:A>T-24:A>T,100019838|F|0-5:G>C-5:G>C,28857198.0,36000724.0,0.006678473827973375
100014819|F|0-24:A>T-24:A>T,100046262|F|0-23:C>A-23:C>A,28857198.0,36000729.0,0.006678473827973375
100014819|F|0-24:A>T-24:A>T,100034510|F|0-47:C>T-47:C>T,28857198.0,36129807.0,0.02813421514972175
100014819|F|0-24:A>T-24:A>T,100014127|F|0-16:C>T-16:C>T,28857198.0,36258373.0,0.007026323491033021
100014819|F|0-24:A>T-24:A>T,100014670|F|0-19:A>G-19:A>G,28857198.0,36976759.0,0.030248790998112653
100014819|F|0-24:A>T-24:A>T,100041232|F|0-30:T>A-30:T>A,28857198.0,37013523.0,0.0479078209595421
100014819|F|0-24:A>T-24:A>T,100019174|F|0-24:T>A-24:T>A,28857198.0,37246706.0,0.004071275077458566
100014819|F|0-24:A>T-24:A>T,100019068|F|0-18:T>C-18:T>C,28857198.0,37282618.0,0.00023807293343184794
100014819|F|0-24:A>T-24:A>T,100060605|F|0-5:C>T-5:C>T,28857198.0,37463852.0,0.01442977952582065
100014819|F|0-24:A>T-24:A>T,100038566|F|0-46:T>A-46:T>A,28857198.0,37463857.0,0.12944292245163136
100014819|F|0-24:A>T-24:A>T,100034752|F|0-27:G>T-27:G>T,28857198.0,37483520.0,0.11857977966637978
100014819|F|0-24:A>T-24:A>T,100032980|F|0-45:T>A-45:T>A,28857198.0,38018248.0,0.0007435817157169692
100014819|F|0-24:A>T-24:A>T,100049995|F|0-28:T>A-28:T>A,28857198.0,38112106.0,0.01623120405554933
100014819|F|0-24:A>T-24:A>T,100015393|F|0-56:G>A-56:G>A,28857198.0,38230758.0,0.0054889624394947045
100014819|F|0-24:A>T-24:A>T,100022008|F|0-51:G>C-51:G>C,28857198.0,38274860.0,0.0004020809565881268
100014819|F|0-24:A>T-24:A>T,100019383|F|0-67:A>T-67:A>T,28857198.0,38687047.0,0.010183539065818377
100014819|F|0-24:A>T-24:A>T,100021690|F|0-12:G>A-12:G>A,28857198.0,38877675.0,0.001864774781326884
100014819|F|0-24:A>T-24:A>T,100034940|F|0-27:A>C-27:A>C,28857198.0,38877680.0,0.0002909667583240317
100014819|F|0-24:A>T-24:A>T,100017082|F|0-22:G>A-22:G>A,28857198.0,38896484.0,0.0024641853223818615
100014819|F|0-24:A>T-24:A>T,100018671|F|0-6:A>T-6:A>T,28857198.0,38898348.0,0.006054123364597745
100014819|F|0-24:A>T-24:A>T,100035888|F|0-14:T>C-14:T>C,28857198.0,38914509.0,0.0005910787741765065
100014819|F|0-24:A>T-24:A>T,100034779|F|0-8:A>T-8:A>T,28857198.0,38917568.0,8.218046164898739e-05
100014819|F|0-24:A>T-24:A>T,100016817|F|0-58:C>T-58:C>T,28857198.0,38927419.0,0.002882963186424872
100014819|F|0-24:A>T-24:A>T,100018350|F|0-55:C>G-55:C>G,28857198.0,38996563.0,0.034371718451424525
100012992|F|0-18:G>T-18:G>T,100029240|F|0-46:A>G-46:A>G,28905220.0,28908034.0,0.9708144176581058
100012992|F|0-18:G>T-18:G>T,100034977|F|0-7:A>C-7:A>C,28905220.0,30044545.0,0.07035493591596005
100012992|F|0-18:G>T-18:G>T,100013352|F|0-68:T>C-68:T>C,28905220.0,30046946.0,0.059344987354536374
100012992|F|0-18:G>T-18:G>T,100015028|F|0-52:A>T-52:A>T,28905220.0,30261516.0,0.03548459984351672
100012992|F|0-18:G>T-18:G>T,100013847|F|0-11:C>A-11:C>A,28905220.0,31582817.0,0.06894270493973823
100012992|F|0-18:G>T-18:G>T,100058699|F|0-62:C>A-62:C>A,28905220.0,31974051.0,0.01864709565729856
100012992|F|0-18:G>T-18:G>T,100033659|F|0-57:T>C-57:T>C,28905220.0,32094438.0,0.011494340384315085
100012992|F|0-18:G>T-18:G>T,100013718|F|0-18:C>A-18:C>A,28905220.0,32883911.0,0.004288093014560825
100012992|F|0-18:G>T-18:G>T,100041762|F|0-5:T>C-5:T>C,28905220.0,32989042.0,0.011058084272731092
100012992|F|0-18:G>T-18:G>T,100015328|F|0-33:T>C-33:T>C,28905220.0,33041489.0,0.004779860015932565
100012992|F|0-18:G>T-18:G>T,100019357|F|0-62:A>C-62:A>C,28905220.0,33053982.0,0.000796315655413222
100012992|F|0-18:G>T-18:G>T,100016448|F|0-61:C>T-61:C>T,28905220.0,33055328.0,0.0053461555314634835
100012992|F|0-18:G>T-18:G>T,100021291|F|0-61:A>G-61:A>G,28905220.0,33070336.0,0.0034227523219582602
100012992|F|0-18:G>T-18:G>T,100048192|F|0-15:C>T-15:C>T,28905220.0,33491970.0,2.465596899125268e-05
100012992|F|0-18:G>T-18:G>T,100039244|F|0-37:G>C-37:G>C,28905220.0,33634526.0,0.020806215857843317
100012992|F|0-18:G>T-18:G>T,100014488|F|0-28:T>A-28:T>A,28905220.0,34000405.0,0.021409082784259993
100012992|F|0-18:G>T-18:G>T,100040723|F|0-6:G>A-6:G>A,28905220.0,34052241.0,0.005728930884847656
100012992|F|0-18:G>T-18:G>T,100016551|F|0-65:A>C-65:A>C,28905220.0,35402436.0,0.006865491605327605
100012992|F|0-18:G>T-18:G>T,100032755|F|0-61:C>T-61:C>T,28905220.0,35410581.0,0.003643420518811866
100012992|F|0-18:G>T-18:G>T,100048771|F|0-11:G>A-11:G>A,28905220.0,35423854.0,0.08317997992961675
100012992|F|0-18:G>T-18:G>T,100014472|F|0-31:C>A-31:C>A,28905220.0,35488899.0,0.04818060829427175
100012992|F|0-18:G>T-18:G>T,100019838|F|0-5:G>C-5:G>C,28905220.0,36000724.0,0.014483333652922334
100012992|F|0-18:G>T-18:G>T,100046262|F|0-23:C>A-23:C>A,28905220.0,36000729.0,0.014483333652922334
100012992|F|0-18:G>T-18:G>T,100034510|F|0-47:C>T-47:C>T,28905220.0,36129807.0,0.00019387070784512636
100012992|F|0-18:G>T-18:G>T,100014127|F|0-16:C>T-16:C>T,28905220.0,36258373.0,0.007026323491033028
100012992|F|0-18:G>T-18:G>T,100014670|F|0-19:A>G-19:A>G,28905220.0,36976759.0,0.0054889624394947045
100012992|F|0-18:G>T-18:G>T,100041232|F|0-30:T>A-30:T>A,28905220.0,37013523.0,0.0023701692483126635
100012992|F|0-18:G>T-18:G>T,100019174|F|0-24:T>A-24:T>A,28905220.0,37246706.0,0.042892034781123606
100012992|F|0-18:G>T-18:G>T,100019068|F|0-18:T>C-18:T>C,28905220.0,37282618.0,0.0047798600159325785
100012992|F|0-18:G>T-18:G>T,100060605|F|0-5:C>T-5:C>T,28905220.0,37463852.0,0.00723240574557539
100012992|F|0-18:G>T-18:G>T,100038566|F|0-46:T>A-46:T>A,28905220.0,37463857.0,0.01028341471986108
100012992|F|0-18:G>T-18:G>T,100034752|F|0-27:G>T-27:G>T,28905220.0,37483520.0,0.01752623625127504
100012992|F|0-18:G>T-18:G>T,100032980|F|0-45:T>A-45:T>A,28905220.0,38018248.0,0.0007435817157169684
100012992|F|0-18:G>T-18:G>T,100049995|F|0-28:T>A-28:T>A,28905220.0,38112106.0,0.07103215789880012
100012992|F|0-18:G>T-18:G>T,100015393|F|0-56:G>A-56:G>A,28905220.0,38230758.0,0.005488962439494721
100012992|F|0-18:G>T-18:G>T,100022008|F|0-51:G>C-51:G>C,28905220.0,38274860.0,0.009263945239790353
100012992|F|0-18:G>T-18:G>T,100019383|F|0-67:A>T-67:A>T,28905220.0,38687047.0,0.014187440611986641
100012992|F|0-18:G>T-18:G>T,100021690|F|0-12:G>A-12:G>A,28905220.0,38877675.0,0.16768560384999467
100012992|F|0-18:G>T-18:G>T,100034940|F|0-27:A>C-27:A>C,28905220.0,38877680.0,0.14512775312406415
100012992|F|0-18:G>T-18:G>T,100017082|F|0-22:G>A-22:G>A,28905220.0,38896484.0,0.11788731031867167
100012992|F|0-18:G>T-18:G>T,100018671|F|0-6:A>T-6:A>T,28905220.0,38898348.0,0.11078672045895056
100012992|F|0-18:G>T-18:G>T,100035888|F|0-14:T>C-14:T>C,28905220.0,38914509.0,0.1037712672913631
100012992|F|0-18:G>T-18:G>T,100034779|F|0-8:A>T-8:A>T,28905220.0,38917568.0,0.12061482711419766
100012992|F|0-18:G>T-18:G>T,100016817|F|0-58:C>T-58:C>T,28905220.0,38927419.0,0.04663682082603971
100012992|F|0-18:G>T-18:G>T,100018350|F|0-55:C>G-55:C>G,28905220.0,38996563.0,0.021584802900787792
100029240|F|0-46:A>G-46:A>G,100034977|F|0-7:A>C-7:A>C,28908034.0,30044545.0,0.06691517081644453
100029240|F|0-46:A>G-46:A>G,100013352|F|0-68:T>C-68:T>C,28908034.0,30046946.0,0.07001657196969689
100029240|F|0-46:A>G-46:A>G,100015028|F|0-52:A>T-52:A>T,28908034.0,30261516.0,0.025825485844529723
100029240|F|0-46:A>G-46:A>G,100013847|F|0-11:C>A-11:C>A,28908034.0,31582817.0,0.06083650190114082
100029240|F|0-46:A>G-46:A>G,100058699|F|0-62:C>A-62:C>A,28908034.0,31974051.0,0.016994485294117654
100029240|F|0-46:A>G-46:A>G,100033659|F|0-57:T>C-57:T>C,28908034.0,32094438.0,0.01643187446303128
100029240|F|0-46:A>G-46:A>G,100013718|F|0-18:C>A-18:C>A,28908034.0,32883911.0,0.003488276089828264
100029240|F|0-46:A>G-46:A>G,100041762|F|0-5:T>C-5:T>C,28908034.0,32989042.0,0.01183594125132046
100029240|F|0-46:A>G-46:A>G,100015328|F|0-33:T>C-33:T>C,28908034.0,33041489.0,0.006645897778402693
100029240|F|0-46:A>G-46:A>G,100019357|F|0-62:A>C-62:A>C,28908034.0,33053982.0,0.000405521716101696
100029240|F|0-46:A>G-46:A>G,100016448|F|0-61:C>T-61:C>T,28908034.0,33055328.0,0.015554458239277683
100029240|F|0-46:A>G-46:A>G,100021291|F|0-61:A>G-61:A>G,28908034.0,33070336.0,0.0049111589356858176
100029240|F|0-46:A>G-46:A>G,100048192|F|0-15:C>T-15:C>T,28908034.0,33491970.0,0.0003640493942218076
100029240|F|0-46:A>G-46:A>G,100039244|F|0-37:G>C-37:G>C,28908034.0,33634526.0,0.022966775996112757
100029240|F|0-46:A>G-46:A>G,100014488|F|0-28:T>A-28:T>A,28908034.0,34000405.0,0.03635547576301616
100029240|F|0-46:A>G-46:A>G,100040723|F|0-6:G>A-6:G>A,28908034.0,34052241.0,0.006910089737689823
100029240|F|0-46:A>G-46:A>G,100016551|F|0-65:A>C-65:A>C,28908034.0,35402436.0,0.006045013386880865
100029240|F|0-46:A>G-46:A>G,100032755|F|0-61:C>T-61:C>T,28908034.0,35410581.0,0.00474048520923521
100029240|F|0-46:A>G-46:A>G,100048771|F|0-11:G>A-11:G>A,28908034.0,35423854.0,0.0906420578602621
100029240|F|0-46:A>G-46:A>G,100014472|F|0-31:C>A-31:C>A,28908034.0,35488899.0,0.04797174777725792
100029240|F|0-46:A>G-46:A>G,100019838|F|0-5:G>C-5:G>C,28908034.0,36000724.0,0.008352857708553282
100029240|F|0-46:A>G-46:A>G,100046262|F|0-23:C>A-23:C>A,28908034.0,36000729.0,0.008352857708553282
100029240|F|0-46:A>G-46:A>G,100034510|F|0-47:C>T-47:C>T,28908034.0,36129807.0,1.04655056932351e-05
100029240|F|0-46:A>G-46:A>G,100014127|F|0-16:C>T-16:C>T,28908034.0,36258373.0,0.006035355636928537
100029240|F|0-46:A>G-46:A>G,100014670|F|0-19:A>G-19:A>G,28908034.0,36976759.0,0.000992063492063493
100029240|F|0-46:A>G-46:A>G,100041232|F|0-30:T>A-30:T>A,28908034.0,37013523.0,0.006144163650465353
100029240|F|0-46:A>G-46:A>G,100019174|F|0-24:T>A-24:T>A,28908034.0,37246706.0,0.046421595982142946
100029240|F|0-46:A>G-46:A>G,100019068|F|0-18:T>C-18:T>C,28908034.0,37282618.0,0.0028473003374578122
100029240|F|0-46:A>G-46:A>G,100060605|F|0-5:C>T-5:C>T,28908034.0,37463852.0,0.00180471124620061
100029240|F|0-46:A>G-46:A>G,100038566|F|0-46:T>A-46:T>A,28908034.0,37463857.0,0.006027000964320156
100029240|F|0-46:A>G-46:A>G,100034752|F|0-27:G>T-27:G>T,28908034.0,37483520.0,0.012012063825088315
100029240|F|0-46:A>G-46:A>G,100032980|F|0-45:T>A-45:T>A,28908034.0,38018248.0,0.0007421875000000003
100029240|F|0-46:A>G-46:A>G,100049995|F|0-28:T>A-28:T>A,28908034.0,38112106.0,0.06743632277397242
100029240|F|0-46:A>G-46:A>G,100015393|F|0-56:G>A-56:G>A,28908034.0,38230758.0,0.006620645943562621
100029240|F|0-46:A>G-46:A>G,100022008|F|0-51:G>C-51:G>C,28908034.0,38274860.0,0.007536030251141533
100029240|F|0-46:A>G-46:A>G,100019383|F|0-67:A>T-67:A>T,28908034.0,38687047.0,0.011541193181818154
100029240|F|0-46:A>G-46:A>G,100021690|F|0-12:G>A-12:G>A,28908034.0,38877675.0,0.157774876062323
100029240|F|0-46:A>G-46:A>G,100034940|F|0-27:A>C-27:A>C,28908034.0,38877680.0,0.13633661684782591
100029240|F|0-46:A>G-46:A>G,100017082|F|0-22:G>A-22:G>A,28908034.0,38896484.0,0.10834015964863343
100029240|F|0-46:A>G-46:A>G,100018671|F|0-6:A>T-6:A>T,28908034.0,38898348.0,0.1021303050397876
100029240|F|0-46:A>G-46:A>G,100035888|F|0-14:T>C-14:T>C,28908034.0,38914509.0,0.09496911873156355
100029240|F|0-46:A>G-46:A>G,100034779|F|0-8:A>T-8:A>T,28908034.0,38917568.0,0.11062587780898855
100029240|F|0-46:A>G-46:A>G,100016817|F|0-58:C>T-58:C>T,28908034.0,38927419.0,0.03709262196211576
100029240|F|0-46:A>G-46:A>G,100018350|F|0-55:C>G-55:C>G,28908034.0,38996563.0,0.0272932816537468
100034977|F|0-7:A>C-7:A>C,100013352|F|0-68:T>C-68:T>C,30044545.0,30046946.0,0.8728072978941529
100034977|F|0-7:A>C-7:A>C,100015028|F|0-52:A>T-52:A>T,30044545.0,30261516.0,0.023239488667621752
100034977|F|0-7:A>C-7:A>C,100013847|F|0-11:C>A-11:C>A,30044545.0,31582817.0,0.016792369702204758
100034977|F|0-7:A>C-7:A>C,100058699|F|0-62:C>A-62:C>A,30044545.0,31974051.0,0.0001362444224939545
100034977|F|0-7:A>C-7:A>C,100033659|F|0-57:T>C-57:T>C,30044545.0,32094438.0,0.0029666134124475534
100034977|F|0-7:A>C-7:A>C,100013718|F|0-18:C>A-18:C>A,30044545.0,32883911.0,0.06018351016836503
100034977|F|0-7:A>C-7:A>C,100041762|F|0-5:T>C-5:T>C,30044545.0,32989042.0,0.017117993510352696
100034977|F|0-7:A>C-7:A>C,100015328|F|0-33:T>C-33:T>C,30044545.0,33041489.0,0.029017806257136174
100034977|F|0-7:A>C-7:A>C,100019357|F|0-62:A>C-62:A>C,30044545.0,33053982.0,0.01863543435270335
100034977|F|0-7:A>C-7:A>C,100016448|F|0-61:C>T-61:C>T,30044545.0,33055328.0,0.030797871019434965
100034977|F|0-7:A>C-7:A>C,100021291|F|0-61:A>G-61:A>G,30044545.0,33070336.0,0.03025667204620176
100034977|F|0-7:A>C-7:A>C,100048192|F|0-15:C>T-15:C>T,30044545.0,33491970.0,0.012304439495302676
100034977|F|0-7:A>C-7:A>C,100039244|F|0-37:G>C-37:G>C,30044545.0,33634526.0,0.030826078466790825
100034977|F|0-7:A>C-7:A>C,100014488|F|0-28:T>A-28:T>A,30044545.0,34000405.0,0.013868083111299152
100034977|F|0-7:A>C-7:A>C,100040723|F|0-6:G>A-6:G>A,30044545.0,34052241.0,0.004749090738550257
100034977|F|0-7:A>C-7:A>C,100016551|F|0-65:A>C-65:A>C,30044545.0,35402436.0,0.02227032042472151
100034977|F|0-7:A>C-7:A>C,100032755|F|0-61:C>T-61:C>T,30044545.0,35410581.0,0.029846817918618766
100034977|F|0-7:A>C-7:A>C,100048771|F|0-11:G>A-11:G>A,30044545.0,35423854.0,0.0006194956546804781
100034977|F|0-7:A>C-7:A>C,100014472|F|0-31:C>A-31:C>A,30044545.0,35488899.0,0.008730357863317054
100034977|F|0-7:A>C-7:A>C,100019838|F|0-5:G>C-5:G>C,30044545.0,36000724.0,0.015071517711433228
100034977|F|0-7:A>C-7:A>C,100046262|F|0-23:C>A-23:C>A,30044545.0,36000729.0,0.015071517711433228
100034977|F|0-7:A>C-7:A>C,100034510|F|0-47:C>T-47:C>T,30044545.0,36129807.0,0.03455703919972419
100034977|F|0-7:A>C-7:A>C,100014127|F|0-16:C>T-16:C>T,30044545.0,36258373.0,0.0025189344144113637
100034977|F|0-7:A>C-7:A>C,100014670|F|0-19:A>G-19:A>G,30044545.0,36976759.0,0.03863347865471005
100034977|F|0-7:A>C-7:A>C,100041232|F|0-30:T>A-30:T>A,30044545.0,37013523.0,0.009431236598126107
100034977|F|0-7:A>C-7:A>C,100019174|F|0-24:T>A-24:T>A,30044545.0,37246706.0,0.01447608738973819
100034977|F|0-7:A>C-7:A>C,100019068|F|0-18:T>C-18:T>C,30044545.0,37282618.0,0.002163172350995205
100034977|F|0-7:A>C-7:A>C,100060605|F|0-5:C>T-5:C>T,30044545.0,37463852.0,0.04221895718456906
100034977|F|0-7:A>C-7:A>C,100038566|F|0-46:T>A-46:T>A,30044545.0,37463857.0,0.025691147295296982
100034977|F|0-7:A>C-7:A>C,100034752|F|0-27:G>T-27:G>T,30044545.0,37483520.0,0.03511266703632396
100034977|F|0-7:A>C-7:A>C,100032980|F|0-45:T>A-45:T>A,30044545.0,38018248.0,0.006188477127967576
100034977|F|0-7:A>C-7:A>C,100049995|F|0-28:T>A-28:T>A,30044545.0,38112106.0,4.95752393492733e-07
100034977|F|0-7:A>C-7:A>C,100015393|F|0-56:G>A-56:G>A,30044545.0,38230758.0,0.0018882587884711034
100034977|F|0-7:A>C-7:A>C,100022008|F|0-51:G>C-51:G>C,30044545.0,38274860.0,0.06283661587518141
100034977|F|0-7:A>C-7:A>C,100019383|F|0-67:A>T-67:A>T,30044545.0,38687047.0,0.078392944634983
100034977|F|0-7:A>C-7:A>C,100021690|F|0-12:G>A-12:G>A,30044545.0,38877675.0,0.049261356459891506
100034977|F|0-7:A>C-7:A>C,100034940|F|0-27:A>C-27:A>C,30044545.0,38877680.0,0.06888044107650879
100034977|F|0-7:A>C-7:A>C,100017082|F|0-22:G>A-22:G>A,30044545.0,38896484.0,0.0422030633832722
100034977|F|0-7:A>C-7:A>C,100018671|F|0-6:A>T-6:A>T,30044545.0,38898348.0,0.03447354314914157
100034977|F|0-7:A>C-7:A>C,100035888|F|0-14:T>C-14:T>C,30044545.0,38914509.0,0.038337834121611944
100034977|F|0-7:A>C-7:A>C,100034779|F|0-8:A>T-8:A>T,30044545.0,38917568.0,0.038060505578218114
100034977|F|0-7:A>C-7:A>C,100016817|F|0-58:C>T-58:C>T,30044545.0,38927419.0,0.0830525919539682
100034977|F|0-7:A>C-7:A>C,100018350|F|0-55:C>G-55:C>G,30044545.0,38996563.0,0.05645712419708858
100013352|F|0-68:T>C-68:T>C,100015028|F|0-52:A>T-52:A>T,30046946.0,30261516.0,0.02434143152113396
100013352|F|0-68:T>C-68:T>C,100013847|F|0-11:C>A-11:C>A,30046946.0,31582817.0,0.017795417510246388
100013352|F|0-68:T>C-68:T>C,100058699|F|0-62:C>A-62:C>A,30046946.0,31974051.0,0.0013448561242678885
100013352|F|0-68:T>C-68:T>C,100033659|F|0-57:T>C-57:T>C,30046946.0,32094438.0,0.002210117081939491
100013352|F|0-68:T>C-68:T>C,100013718|F|0-18:C>A-18:C>A,30046946.0,32883911.0,0.036510605202811276
100013352|F|0-68:T>C-68:T>C,100041762|F|0-5:T>C-5:T>C,30046946.0,32989042.0,0.006686630938585015
100013352|F|0-68:T>C-68:T>C,100015328|F|0-33:T>C-33:T>C,30046946.0,33041489.0,0.04099193363816536
100013352|F|0-68:T>C-68:T>C,100019357|F|0-62:A>C-62:A>C,30046946.0,33053982.0,0.019449636918519343
100013352|F|0-68:T>C-68:T>C,100016448|F|0-61:C>T-61:C>T,30046946.0,33055328.0,0.04740528470776782
100013352|F|0-68:T>C-68:T>C,100021291|F|0-61:A>G-61:A>G,30046946.0,33070336.0,0.024753259688518613
100013352|F|0-68:T>C-68:T>C,100048192|F|0-15:C>T-15:C>T,30046946.0,33491970.0,0.023747493575079836
100013352|F|0-68:T>C-68:T>C,100039244|F|0-37:G>C-37:G>C,30046946.0,33634526.0,0.04040404040404043
100013352|F|0-68:T>C-68:T>C,100014488|F|0-28:T>A-28:T>A,30046946.0,34000405.0,0.005248286273869735
100013352|F|0-68:T>C-68:T>C,100040723|F|0-6:G>A-6:G>A,30046946.0,34052241.0,0.0012909318017463429
100013352|F|0-68:T>C-68:T>C,100016551|F|0-65:A>C-65:A>C,30046946.0,35402436.0,0.032403966515412226
100013352|F|0-68:T>C-68:T>C,100032755|F|0-61:C>T-61:C>T,30046946.0,35410581.0,0.04706171954548575
100013352|F|0-68:T>C-68:T>C,100048771|F|0-11:G>A-11:G>A,30046946.0,35423854.0,0.004725987258738336
100013352|F|0-68:T>C-68:T>C,100014472|F|0-31:C>A-31:C>A,30046946.0,35488899.0,0.01901054802318257
100013352|F|0-68:T>C-68:T>C,100019838|F|0-5:G>C-5:G>C,30046946.0,36000724.0,0.008435301498923466
100013352|F|0-68:T>C-68:T>C,100046262|F|0-23:C>A-23:C>A,30046946.0,36000729.0,0.008435301498923466
100013352|F|0-68:T>C-68:T>C,100034510|F|0-47:C>T-47:C>T,30046946.0,36129807.0,0.018267155093176567
100013352|F|0-68:T>C-68:T>C,100014127|F|0-16:C>T-16:C>T,30046946.0,36258373.0,0.0029326578510999236
100013352|F|0-68:T>C-68:T>C,100014670|F|0-19:A>G-19:A>G,30046946.0,36976759.0,0.02263374485596702
100013352|F|0-68:T>C-68:T>C,100041232|F|0-30:T>A-30:T>A,30046946.0,37013523.0,0.01035021510719543
100013352|F|0-68:T>C-68:T>C,100019174|F|0-24:T>A-24:T>A,30046946.0,37246706.0,0.011741479908078986
100013352|F|0-68:T>C-68:T>C,100019068|F|0-18:T>C-18:T>C,30046946.0,37282618.0,5.1434317463564804e-05
100013352|F|0-68:T>C-68:T>C,100060605|F|0-5:C>T-5:C>T,30046946.0,37463852.0,0.004383846744694048
100013352|F|0-68:T>C-68:T>C,100038566|F|0-46:T>A-46:T>A,30046946.0,37463857.0,0.004133322479513408
100013352|F|0-68:T>C-68:T>C,100034752|F|0-27:G>T-27:G>T,30046946.0,37483520.0,0.00890670173466109
100013352|F|0-68:T>C-68:T>C,100032980|F|0-45:T>A-45:T>A,30046946.0,38018248.0,0.005783279220779215
100013352|F|0-68:T>C-68:T>C,100049995|F|0-28:T>A-28:T>A,30046946.0,38112106.0,0.0007228519910454853
100013352|F|0-68:T>C-68:T>C,100015393|F|0-56:G>A-56:G>A,30046946.0,38230758.0,0.0012368583797155229
100013352|F|0-68:T>C-68:T>C,100022008|F|0-51:G>C-51:G>C,30046946.0,38274860.0,0.054582023760106166
100013352|F|0-68:T>C-68:T>C,100019383|F|0-67:A>T-67:A>T,30046946.0,38687047.0,0.08359065177246985
100013352|F|0-68:T>C-68:T>C,100021690|F|0-12:G>A-12:G>A,30046946.0,38877675.0,0.052801895932207216
100013352|F|0-68:T>C-68:T>C,100034940|F|0-27:A>C-27:A>C,30046946.0,38877680.0,0.07266816064370406
100013352|F|0-68:T>C-68:T>C,100017082|F|0-22:G>A-22:G>A,30046946.0,38896484.0,0.03447872075869832
100013352|F|0-68:T>C-68:T>C,100018671|F|0-6:A>T-6:A>T,30046946.0,38898348.0,0.037204175135209495
100013352|F|0-68:T>C-68:T>C,100035888|F|0-14:T>C-14:T>C,30046946.0,38914509.0,0.041374554648890983
100013352|F|0-68:T>C-68:T>C,100034779|F|0-8:A>T-8:A>T,30046946.0,38917568.0,0.0411420924061373
100013352|F|0-68:T>C-68:T>C,100016817|F|0-58:C>T-58:C>T,30046946.0,38927419.0,0.07724750826966706
100013352|F|0-68:T>C-68:T>C,100018350|F|0-55:C>G-55:C>G,30046946.0,38996563.0,0.05790497723637261
100015028|F|0-52:A>T-52:A>T,100013847|F|0-11:C>A-11:C>A,30261516.0,31582817.0,0.05269198520605228
100015028|F|0-52:A>T-52:A>T,100058699|F|0-62:C>A-62:C>A,30261516.0,31974051.0,0.0011431635994129002
100015028|F|0-52:A>T-52:A>T,100033659|F|0-57:T>C-57:T>C,30261516.0,32094438.0,0.045769461183010736
100015028|F|0-52:A>T-52:A>T,100013718|F|0-18:C>A-18:C>A,30261516.0,32883911.0,0.034305851717939054
100015028|F|0-52:A>T-52:A>T,100041762|F|0-5:T>C-5:T>C,30261516.0,32989042.0,0.03825345854128203
100015028|F|0-52:A>T-52:A>T,100015328|F|0-33:T>C-33:T>C,30261516.0,33041489.0,0.013991113394894731
100015028|F|0-52:A>T-52:A>T,100019357|F|0-62:A>C-62:A>C,30261516.0,33053982.0,0.009821094537883487
100015028|F|0-52:A>T-52:A>T,100016448|F|0-61:C>T-61:C>T,30261516.0,33055328.0,2.1663496575001416e-06
100015028|F|0-52:A>T-52:A>T,100021291|F|0-61:A>G-61:A>G,30261516.0,33070336.0,2.676434377652556e-05
100015028|F|0-52:A>T-52:A>T,100048192|F|0-15:C>T-15:C>T,30261516.0,33491970.0,0.043683467702264535
100015028|F|0-52:A>T-52:A>T,100039244|F|0-37:G>C-37:G>C,30261516.0,33634526.0,0.10901339559679073
100015028|F|0-52:A>T-52:A>T,100014488|F|0-28:T>A-28:T>A,30261516.0,34000405.0,0.04033294623996793
100015028|F|0-52:A>T-52:A>T,100040723|F|0-6:G>A-6:G>A,30261516.0,34052241.0,5.4101417412968865e-06
100015028|F|0-52:A>T-52:A>T,100016551|F|0-65:A>C-65:A>C,30261516.0,35402436.0,0.0017587946154419322
100015028|F|0-52:A>T-52:A>T,100032755|F|0-61:C>T-61:C>T,30261516.0,35410581.0,0.000640141475074295
100015028|F|0-52:A>T-52:A>T,100048771|F|0-11:G>A-11:G>A,30261516.0,35423854.0,0.03269346822117346
100015028|F|0-52:A>T-52:A>T,100014472|F|0-31:C>A-31:C>A,30261516.0,35488899.0,0.10650884650931357
100015028|F|0-52:A>T-52:A>T,100019838|F|0-5:G>C-5:G>C,30261516.0,36000724.0,0.0025844316935792785
100015028|F|0-52:A>T-52:A>T,100046262|F|0-23:C>A-23:C>A,30261516.0,36000729.0,0.0025844316935792785
100015028|F|0-52:A>T-52:A>T,100034510|F|0-47:C>T-47:C>T,30261516.0,36129807.0,0.0028000149128434267
100015028|F|0-52:A>T-52:A>T,100014127|F|0-16:C>T-16:C>T,30261516.0,36258373.0,0.0013597779203331404
100015028|F|0-52:A>T-52:A>T,100014670|F|0-19:A>G-19:A>G,30261516.0,36976759.0,0.00817558487104233
100015028|F|0-52:A>T-52:A>T,100041232|F|0-30:T>A-30:T>A,30261516.0,37013523.0,0.0010807710095334126
100015028|F|0-52:A>T-52:A>T,100019174|F|0-24:T>A-24:T>A,30261516.0,37246706.0,0.015158980295136813
100015028|F|0-52:A>T-52:A>T,100019068|F|0-18:T>C-18:T>C,30261516.0,37282618.0,0.013991113394894757
100015028|F|0-52:A>T-52:A>T,100060605|F|0-5:C>T-5:C>T,30261516.0,37463852.0,0.0006927874265645354
100015028|F|0-52:A>T-52:A>T,100038566|F|0-46:T>A-46:T>A,30261516.0,37463857.0,0.014001151261297428
100015028|F|0-52:A>T-52:A>T,100034752|F|0-27:G>T-27:G>T,30261516.0,37483520.0,0.012826142984068431
100015028|F|0-52:A>T-52:A>T,100032980|F|0-45:T>A-45:T>A,30261516.0,38018248.0,0.01823416506717852
100015028|F|0-52:A>T-52:A>T,100049995|F|0-28:T>A-28:T>A,30261516.0,38112106.0,0.012029849078431881
100015028|F|0-52:A>T-52:A>T,100015393|F|0-56:G>A-56:G>A,30261516.0,38230758.0,0.009019759179707997
100015028|F|0-52:A>T-52:A>T,100022008|F|0-51:G>C-51:G>C,30261516.0,38274860.0,0.01459532949456173
100015028|F|0-52:A>T-52:A>T,100019383|F|0-67:A>T-67:A>T,30261516.0,38687047.0,0.051679965907413174
100015028|F|0-52:A>T-52:A>T,100021690|F|0-12:G>A-12:G>A,30261516.0,38877675.0,0.02067553680272739
100015028|F|0-52:A>T-52:A>T,100034940|F|0-27:A>C-27:A>C,30261516.0,38877680.0,0.026211612284069177
100015028|F|0-52:A>T-52:A>T,100017082|F|0-22:G>A-22:G>A,30261516.0,38896484.0,0.02868494240236889
100015028|F|0-52:A>T-52:A>T,100018671|F|0-6:A>T-6:A>T,30261516.0,38898348.0,0.06236731036519241
100015028|F|0-52:A>T-52:A>T,100035888|F|0-14:T>C-14:T>C,30261516.0,38914509.0,0.0368165372921373
100015028|F|0-52:A>T-52:A>T,100034779|F|0-8:A>T-8:A>T,30261516.0,38917568.0,0.04270633397312855
100015028|F|0-52:A>T-52:A>T,100016817|F|0-58:C>T-58:C>T,30261516.0,38927419.0,0.010928511453890137
100015028|F|0-52:A>T-52:A>T,100018350|F|0-55:C>G-55:C>G,30261516.0,38996563.0,0.0038203278826744566
100013847|F|0-11:C>A-11:C>A,100058699|F|0-62:C>A-62:C>A,31582817.0,31974051.0,0.02872834811998311
100013847|F|0-11:C>A-11:C>A,100033659|F|0-57:T>C-57:T>C,31582817.0,32094438.0,0.12158681563116022
100013847|F|0-11:C>A-11:C>A,100013718|F|0-18:C>A-18:C>A,31582817.0,32883911.0,0.08080071145578857
100013847|F|0-11:C>A-11:C>A,100041762|F|0-5:T>C-5:T>C,31582817.0,32989042.0,1.5082181138043425e-06
100013847|F|0-11:C>A-11:C>A,100015328|F|0-33:T>C-33:T>C,31582817.0,33041489.0,0.03458271375773839
100013847|F|0-11:C>A-11:C>A,100019357|F|0-62:A>C-62:A>C,31582817.0,33053982.0,0.041086713586532354
100013847|F|0-11:C>A-11:C>A,100016448|F|0-61:C>T-61:C>T,31582817.0,33055328.0,0.0027809010462710995
100013847|F|0-11:C>A-11:C>A,100021291|F|0-61:A>G-61:A>G,31582817.0,33070336.0,0.0004977975718587426
100013847|F|0-11:C>A-11:C>A,100048192|F|0-15:C>T-15:C>T,31582817.0,33491970.0,5.2071213733728975e-05
100013847|F|0-11:C>A-11:C>A,100039244|F|0-37:G>C-37:G>C,31582817.0,33634526.0,0.018598990081879783
100013847|F|0-11:C>A-11:C>A,100014488|F|0-28:T>A-28:T>A,31582817.0,34000405.0,0.04170923659322271
100013847|F|0-11:C>A-11:C>A,100040723|F|0-6:G>A-6:G>A,31582817.0,34052241.0,0.06338904841089445
100013847|F|0-11:C>A-11:C>A,100016551|F|0-65:A>C-65:A>C,31582817.0,35402436.0,0.10191462936664282
100013847|F|0-11:C>A-11:C>A,100032755|F|0-61:C>T-61:C>T,31582817.0,35410581.0,0.028574872998193612
100013847|F|0-11:C>A-11:C>A,100048771|F|0-11:G>A-11:G>A,31582817.0,35423854.0,0.024942670599933957
100013847|F|0-11:C>A-11:C>A,100014472|F|0-31:C>A-31:C>A,31582817.0,35488899.0,0.014199295847461156
100013847|F|0-11:C>A-11:C>A,100019838|F|0-5:G>C-5:G>C,31582817.0,36000724.0,0.00016963715716230242
100013847|F|0-11:C>A-11:C>A,100046262|F|0-23:C>A-23:C>A,31582817.0,36000729.0,0.00016963715716230242
100013847|F|0-11:C>A-11:C>A,100034510|F|0-47:C>T-47:C>T,31582817.0,36129807.0,0.0315671132232067
100013847|F|0-11:C>A-11:C>A,100014127|F|0-16:C>T-16:C>T,31582817.0,36258373.0,0.17317584909085212
100013847|F|0-11:C>A-11:C>A,100014670|F|0-19:A>G-19:A>G,31582817.0,36976759.0,1.862767670400423e-07
100013847|F|0-11:C>A-11:C>A,100041232|F|0-30:T>A-30:T>A,31582817.0,37013523.0,0.02010156455817644
100013847|F|0-11:C>A-11:C>A,100019174|F|0-24:T>A-24:T>A,31582817.0,37246706.0,0.0019547217147027137
100013847|F|0-11:C>A-11:C>A,100019068|F|0-18:T>C-18:T>C,31582817.0,37282618.0,0.01909748211131403
100013847|F|0-11:C>A-11:C>A,100060605|F|0-5:C>T-5:C>T,31582817.0,37463852.0,0.007322537730676215
100013847|F|0-11:C>A-11:C>A,100038566|F|0-46:T>A-46:T>A,31582817.0,37463857.0,0.007370001128503081
100013847|F|0-11:C>A-11:C>A,100034752|F|0-27:G>T-27:G>T,31582817.0,37483520.0,0.012362266201495543
100013847|F|0-11:C>A-11:C>A,100032980|F|0-45:T>A-45:T>A,31582817.0,38018248.0,0.0020067596113223485
100013847|F|0-11:C>A-11:C>A,100049995|F|0-28:T>A-28:T>A,31582817.0,38112106.0,0.009669286160737567
100013847|F|0-11:C>A-11:C>A,100015393|F|0-56:G>A-56:G>A,31582817.0,38230758.0,0.015236694436807188
100013847|F|0-11:C>A-11:C>A,100022008|F|0-51:G>C-51:G>C,31582817.0,38274860.0,0.0026633813875336847
100013847|F|0-11:C>A-11:C>A,100019383|F|0-67:A>T-67:A>T,31582817.0,38687047.0,0.059826105453481854
100013847|F|0-11:C>A-11:C>A,100021690|F|0-12:G>A-12:G>A,31582817.0,38877675.0,0.03734661319297085
100013847|F|0-11:C>A-11:C>A,100034940|F|0-27:A>C-27:A>C,31582817.0,38877680.0,0.023753926268804695
100013847|F|0-11:C>A-11:C>A,100017082|F|0-22:G>A-22:G>A,31582817.0,38896484.0,0.04136656871733489
100013847|F|0-11:C>A-11:C>A,100018671|F|0-6:A>T-6:A>T,31582817.0,38898348.0,0.033220934623845254
100013847|F|0-11:C>A-11:C>A,100035888|F|0-14:T>C-14:T>C,31582817.0,38914509.0,0.03694481520114953
100013847|F|0-11:C>A-11:C>A,100034779|F|0-8:A>T-8:A>T,31582817.0,38917568.0,0.03314146554238543
100013847|F|0-11:C>A-11:C>A,100016817|F|0-58:C>T-58:C>T,31582817.0,38927419.0,0.0003927302771941907
100013847|F|0-11:C>A-11:C>A,100018350|F|0-55:C>G-55:C>G,31582817.0,38996563.0,3.6093289622926995e-05
100058699|F|0-62:C>A-62:C>A,100033659|F|0-57:T>C-57:T>C,31974051.0,32094438.0,0.004222485813786106
100058699|F|0-62:C>A-62:C>A,100013718|F|0-18:C>A-18:C>A,31974051.0,32883911.0,0.01523039863237239
100058699|F|0-62:C>A-62:C>A,100041762|F|0-5:T>C-5:T>C,31974051.0,32989042.0,0.00043142756582797786
100058699|F|0-62:C>A-62:C>A,100015328|F|0-33:T>C-33:T>C,31974051.0,33041489.0,0.0074439224508701055
100058699|F|0-62:C>A-62:C>A,100019357|F|0-62:A>C-62:A>C,31974051.0,33053982.0,0.0025236789631106703
100058699|F|0-62:C>A-62:C>A,100016448|F|0-61:C>T-61:C>T,31974051.0,33055328.0,0.0002987651042358286
100058699|F|0-62:C>A-62:C>A,100021291|F|0-61:A>G-61:A>G,31974051.0,33070336.0,0.010847366835180271
100058699|F|0-62:C>A-62:C>A,100048192|F|0-15:C>T-15:C>T,31974051.0,33491970.0,0.04145880160078944
100058699|F|0-62:C>A-62:C>A,100039244|F|0-37:G>C-37:G>C,31974051.0,33634526.0,6.431143886125889e-05
100058699|F|0-62:C>A-62:C>A,100014488|F|0-28:T>A-28:T>A,31974051.0,34000405.0,0.006758897454852687
100058699|F|0-62:C>A-62:C>A,100040723|F|0-6:G>A-6:G>A,31974051.0,34052241.0,0.010293440892233564
100058699|F|0-62:C>A-62:C>A,100016551|F|0-65:A>C-65:A>C,31974051.0,35402436.0,0.009528309315694119
100058699|F|0-62:C>A-62:C>A,100032755|F|0-61:C>T-61:C>T,31974051.0,35410581.0,0.009358288770053423
100058699|F|0-62:C>A-62:C>A,100048771|F|0-11:G>A-11:G>A,31974051.0,35423854.0,0.008027228358592346
100058699|F|0-62:C>A-62:C>A,100014472|F|0-31:C>A-31:C>A,31974051.0,35488899.0,0.011010487489333571
100058699|F|0-62:C>A-62:C>A,100019838|F|0-5:G>C-5:G>C,31974051.0,36000724.0,0.0015528914839430985
100058699|F|0-62:C>A-62:C>A,100046262|F|0-23:C>A-23:C>A,31974051.0,36000729.0,0.0015528914839430985
100058699|F|0-62:C>A-62:C>A,100034510|F|0-47:C>T-47:C>T,31974051.0,36129807.0,0.02364958039478352
100058699|F|0-62:C>A-62:C>A,100014127|F|0-16:C>T-16:C>T,31974051.0,36258373.0,0.0007897966110545408
100058699|F|0-62:C>A-62:C>A,100014670|F|0-19:A>G-19:A>G,31974051.0,36976759.0,0.0021008403361344563
100058699|F|0-62:C>A-62:C>A,100041232|F|0-30:T>A-30:T>A,31974051.0,37013523.0,0.0002433238031510424
100058699|F|0-62:C>A-62:C>A,100019174|F|0-24:T>A-24:T>A,31974051.0,37246706.0,0.010038674560733395
100058699|F|0-62:C>A-62:C>A,100019068|F|0-18:T>C-18:T>C,31974051.0,37282618.0,0.0005293455965063221
100058699|F|0-62:C>A-62:C>A,100060605|F|0-5:C>T-5:C>T,31974051.0,37463852.0,0.0024459145360271766
100058699|F|0-62:C>A-62:C>A,100038566|F|0-46:T>A-46:T>A,31974051.0,37463857.0,0.010338079301151496
100058699|F|0-62:C>A-62:C>A,100034752|F|0-27:G>T-27:G>T,31974051.0,37483520.0,0.009470484306796922
100058699|F|0-62:C>A-62:C>A,100032980|F|0-45:T>A-45:T>A,31974051.0,38018248.0,1.88079096131566e-35
100058699|F|0-62:C>A-62:C>A,100049995|F|0-28:T>A-28:T>A,31974051.0,38112106.0,5.0362610797744166e-05
100058699|F|0-62:C>A-62:C>A,100015393|F|0-56:G>A-56:G>A,31974051.0,38230758.0,0.002100840336134455
100058699|F|0-62:C>A-62:C>A,100022008|F|0-51:G>C-51:G>C,31974051.0,38274860.0,0.0041968842331453066
100058699|F|0-62:C>A-62:C>A,100019383|F|0-67:A>T-67:A>T,31974051.0,38687047.0,0.006427396133278496
100058699|F|0-62:C>A-62:C>A,100021690|F|0-12:G>A-12:G>A,31974051.0,38877675.0,0.00013331111481419743
100058699|F|0-62:C>A-62:C>A,100034940|F|0-27:A>C-27:A>C,31974051.0,38877680.0,0.003037084398976983
100058699|F|0-62:C>A-62:C>A,100017082|F|0-22:G>A-22:G>A,31974051.0,38896484.0,8.201830648600902e-06
100058699|F|0-62:C>A-62:C>A,100018671|F|0-6:A>T-6:A>T,31974051.0,38898348.0,0.008495865189577161
100058699|F|0-62:C>A-62:C>A,100035888|F|0-14:T>C-14:T>C,31974051.0,38914509.0,0.0017005032101336105
100058699|F|0-62:C>A-62:C>A,100034779|F|0-8:A>T-8:A>T,31974051.0,38917568.0,0.0023500036718807358
100058699|F|0-62:C>A-62:C>A,100016817|F|0-58:C>T-58:C>T,31974051.0,38927419.0,0.013670478913509664
100058699|F|0-62:C>A-62:C>A,100018350|F|0-55:C>G-55:C>G,31974051.0,38996563.0,0.015199878400972817
100033659|F|0-57:T>C-57:T>C,100013718|F|0-18:C>A-18:C>A,32094438.0,32883911.0,0.015227897050750326
100033659|F|0-57:T>C-57:T>C,100041762|F|0-5:T>C-5:T>C,32094438.0,32989042.0,0.013012198125093207
100033659|F|0-57:T>C-57:T>C,100015328|F|0-33:T>C-33:T>C,32094438.0,33041489.0,0.01764383027069816
100033659|F|0-57:T>C-57:T>C,100019357|F|0-62:A>C-62:A>C,32094438.0,33053982.0,0.06564372668733683
100033659|F|0-57:T>C-57:T>C,100016448|F|0-61:C>T-61:C>T,32094438.0,33055328.0,0.020665218765962414
100033659|F|0-57:T>C-57:T>C,100021291|F|0-61:A>G-61:A>G,32094438.0,33070336.0,0.003508700583493344
100033659|F|0-57:T>C-57:T>C,100048192|F|0-15:C>T-15:C>T,32094438.0,33491970.0,0.003302300859648685
100033659|F|0-57:T>C-57:T>C,100039244|F|0-37:G>C-37:G>C,32094438.0,33634526.0,0.002749984342206823
100033659|F|0-57:T>C-57:T>C,100014488|F|0-28:T>A-28:T>A,32094438.0,34000405.0,0.0004427136032458033
100033659|F|0-57:T>C-57:T>C,100040723|F|0-6:G>A-6:G>A,32094438.0,34052241.0,0.054576390550982117
100033659|F|0-57:T>C-57:T>C,100016551|F|0-65:A>C-65:A>C,32094438.0,35402436.0,0.03255189672435946
100033659|F|0-57:T>C-57:T>C,100032755|F|0-61:C>T-61:C>T,32094438.0,35410581.0,0.0016288592963514207
100033659|F|0-57:T>C-57:T>C,100048771|F|0-11:G>A-11:G>A,32094438.0,35423854.0,0.0478576889972333
100033659|F|0-57:T>C-57:T>C,100014472|F|0-31:C>A-31:C>A,32094438.0,35488899.0,0.0005514324708880091
100033659|F|0-57:T>C-57:T>C,100019838|F|0-5:G>C-5:G>C,32094438.0,36000724.0,0.00016279797774255424
100033659|F|0-57:T>C-57:T>C,100046262|F|0-23:C>A-23:C>A,32094438.0,36000729.0,0.00016279797774255424
100033659|F|0-57:T>C-57:T>C,100034510|F|0-47:C>T-47:C>T,32094438.0,36129807.0,0.009033074311071313
100033659|F|0-57:T>C-57:T>C,100014127|F|0-16:C>T-16:C>T,32094438.0,36258373.0,0.0009698395671458866
100033659|F|0-57:T>C-57:T>C,100014670|F|0-19:A>G-19:A>G,32094438.0,36976759.0,0.035409642577835826
100033659|F|0-57:T>C-57:T>C,100041232|F|0-30:T>A-30:T>A,32094438.0,37013523.0,0.003486654588011754
100033659|F|0-57:T>C-57:T>C,100019174|F|0-24:T>A-24:T>A,32094438.0,37246706.0,0.06687680780835395
100033659|F|0-57:T>C-57:T>C,100019068|F|0-18:T>C-18:T>C,32094438.0,37282618.0,0.004539203029701643
100033659|F|0-57:T>C-57:T>C,100060605|F|0-5:C>T-5:C>T,32094438.0,37463852.0,0.00019992566647016404
100033659|F|0-57:T>C-57:T>C,100038566|F|0-46:T>A-46:T>A,32094438.0,37463857.0,0.002893642753375533
100033659|F|0-57:T>C-57:T>C,100034752|F|0-27:G>T-27:G>T,32094438.0,37483520.0,0.007014139136971691
100033659|F|0-57:T>C-57:T>C,100032980|F|0-45:T>A-45:T>A,32094438.0,38018248.0,0.024021453479557295
100033659|F|0-57:T>C-57:T>C,100049995|F|0-28:T>A-28:T>A,32094438.0,38112106.0,0.0813360731670526
100033659|F|0-57:T>C-57:T>C,100015393|F|0-56:G>A-56:G>A,32094438.0,38230758.0,0.054645218688576906
100033659|F|0-57:T>C-57:T>C,100022008|F|0-51:G>C-51:G>C,32094438.0,38274860.0,0.029499558425080993
100033659|F|0-57:T>C-57:T>C,100019383|F|0-67:A>T-67:A>T,32094438.0,38687047.0,0.008337723523198812
100033659|F|0-57:T>C-57:T>C,100021690|F|0-12:G>A-12:G>A,32094438.0,38877675.0,0.0008977376449810566
100033659|F|0-57:T>C-57:T>C,100034940|F|0-27:A>C-27:A>C,32094438.0,38877680.0,0.004961124014229809
100033659|F|0-57:T>C-57:T>C,100017082|F|0-22:G>A-22:G>A,32094438.0,38896484.0,0.001478764739624804
100033659|F|0-57:T>C-57:T>C,100018671|F|0-6:A>T-6:A>T,32094438.0,38898348.0,0.002635387090611085
100033659|F|0-57:T>C-57:T>C,100035888|F|0-14:T>C-14:T>C,32094438.0,38914509.0,0.0029307992128624794
100033659|F|0-57:T>C-57:T>C,100034779|F|0-8:A>T-8:A>T,32094438.0,38917568.0,0.0011987845334333765
100033659|F|0-57:T>C-57:T>C,100016817|F|0-58:C>T-58:C>T,32094438.0,38927419.0,0.01570425090753975
100033659|F|0-57:T>C-57:T>C,100018350|F|0-55:C>G-55:C>G,32094438.0,38996563.0,0.003908673562066494
100013718|F|0-18:C>A-18:C>A,100041762|F|0-5:T>C-5:T>C,32883911.0,32989042.0,0.09983722874207966
100013718|F|0-18:C>A-18:C>A,100015328|F|0-33:T>C-33:T>C,32883911.0,33041489.0,0.0054950198596377476
100013718|F|0-18:C>A-18:C>A,100019357|F|0-62:A>C-62:A>C,32883911.0,33053982.0,2.518863488793794e-05
100013718|F|0-18:C>A-18:C>A,100016448|F|0-61:C>T-61:C>T,32883911.0,33055328.0,0.00021544590593139678
100013718|F|0-18:C>A-18:C>A,100021291|F|0-61:A>G-61:A>G,32883911.0,33070336.0,0.008607953541561245
100013718|F|0-18:C>A-18:C>A,100048192|F|0-15:C>T-15:C>T,32883911.0,33491970.0,0.00665087945869617
100013718|F|0-18:C>A-18:C>A,100039244|F|0-37:G>C-37:G>C,32883911.0,33634526.0,0.052503809600836115
100013718|F|0-18:C>A-18:C>A,100014488|F|0-28:T>A-28:T>A,32883911.0,34000405.0,0.0007684116409620247
100013718|F|0-18:C>A-18:C>A,100040723|F|0-6:G>A-6:G>A,32883911.0,34052241.0,0.047320878732079276
100013718|F|0-18:C>A-18:C>A,100016551|F|0-65:A>C-65:A>C,32883911.0,35402436.0,0.010484916327573566
100013718|F|0-18:C>A-18:C>A,100032755|F|0-61:C>T-61:C>T,32883911.0,35410581.0,0.011746546422900442
100013718|F|0-18:C>A-18:C>A,100048771|F|0-11:G>A-11:G>A,32883911.0,35423854.0,0.0034899886359047757
100013718|F|0-18:C>A-18:C>A,100014472|F|0-31:C>A-31:C>A,32883911.0,35488899.0,0.004787016700778693
100013718|F|0-18:C>A-18:C>A,100019838|F|0-5:G>C-5:G>C,32883911.0,36000724.0,0.0009070568394387358
100013718|F|0-18:C>A-18:C>A,100046262|F|0-23:C>A-23:C>A,32883911.0,36000729.0,0.0009070568394387358
100013718|F|0-18:C>A-18:C>A,100034510|F|0-47:C>T-47:C>T,32883911.0,36129807.0,0.09259613997864104
100013718|F|0-18:C>A-18:C>A,100014127|F|0-16:C>T-16:C>T,32883911.0,36258373.0,0.0766230670862452
100013718|F|0-18:C>A-18:C>A,100014670|F|0-19:A>G-19:A>G,32883911.0,36976759.0,0.004613612165351462
100013718|F|0-18:C>A-18:C>A,100041232|F|0-30:T>A-30:T>A,32883911.0,37013523.0,0.011188575706368309
100013718|F|0-18:C>A-18:C>A,100019174|F|0-24:T>A-24:T>A,32883911.0,37246706.0,0.048190910806498725
100013718|F|0-18:C>A-18:C>A,100019068|F|0-18:T>C-18:T>C,32883911.0,37282618.0,0.0011012700360935744
100013718|F|0-18:C>A-18:C>A,100060605|F|0-5:C>T-5:C>T,32883911.0,37463852.0,0.00620086387234846
100013718|F|0-18:C>A-18:C>A,100038566|F|0-46:T>A-46:T>A,32883911.0,37463857.0,0.011618019666016582
100013718|F|0-18:C>A-18:C>A,100034752|F|0-27:G>T-27:G>T,32883911.0,37483520.0,0.010643009181677713
100013718|F|0-18:C>A-18:C>A,100032980|F|0-45:T>A-45:T>A,32883911.0,38018248.0,0.006274768824306473
100013718|F|0-18:C>A-18:C>A,100049995|F|0-28:T>A-28:T>A,32883911.0,38112106.0,0.017955701127377405
100013718|F|0-18:C>A-18:C>A,100015393|F|0-56:G>A-56:G>A,32883911.0,38230758.0,0.01971953711275594
100013718|F|0-18:C>A-18:C>A,100022008|F|0-51:G>C-51:G>C,32883911.0,38274860.0,0.0018246744237949615
100013718|F|0-18:C>A-18:C>A,100019383|F|0-67:A>T-67:A>T,32883911.0,38687047.0,0.02078502739004718
100013718|F|0-18:C>A-18:C>A,100021690|F|0-12:G>A-12:G>A,32883911.0,38877675.0,0.00206289924818783
100013718|F|0-18:C>A-18:C>A,100034940|F|0-27:A>C-27:A>C,32883911.0,38877680.0,0.0033419964390327996
100013718|F|0-18:C>A-18:C>A,100017082|F|0-22:G>A-22:G>A,32883911.0,38896484.0,0.007148193363152315
100013718|F|0-18:C>A-18:C>A,100018671|F|0-6:A>T-6:A>T,32883911.0,38898348.0,0.00886947289489082
100013718|F|0-18:C>A-18:C>A,100035888|F|0-14:T>C-14:T>C,32883911.0,38914509.0,0.0032927679903983625
100013718|F|0-18:C>A-18:C>A,100034779|F|0-8:A>T-8:A>T,32883911.0,38917568.0,0.002773943402978774
100013718|F|0-18:C>A-18:C>A,100016817|F|0-58:C>T-58:C>T,32883911.0,38927419.0,0.0063529054061072145
100013718|F|0-18:C>A-18:C>A,100018350|F|0-55:C>G-55:C>G,32883911.0,38996563.0,0.022952017176464924
100041762|F|0-5:T>C-5:T>C,100015328|F|0-33:T>C-33:T>C,32989042.0,33041489.0,0.20882865514100332
100041762|F|0-5:T>C-5:T>C,100019357|F|0-62:A>C-62:A>C,32989042.0,33053982.0,0.2147435963782017
100041762|F|0-5:T>C-5:T>C,100016448|F|0-61:C>T-61:C>T,32989042.0,33055328.0,0.02364410641374892
100041762|F|0-5:T>C-5:T>C,100021291|F|0-61:A>G-61:A>G,32989042.0,33070336.0,0.06916452358669821
100041762|F|0-5:T>C-5:T>C,100048192|F|0-15:C>T-15:C>T,32989042.0,33491970.0,4.0756677887550104e-05
100041762|F|0-5:T>C-5:T>C,100039244|F|0-37:G>C-37:G>C,32989042.0,33634526.0,0.07784050417994588
100041762|F|0-5:T>C-5:T>C,100014488|F|0-28:T>A-28:T>A,32989042.0,34000405.0,0.039831530651173785
100041762|F|0-5:T>C-5:T>C,100040723|F|0-6:G>A-6:G>A,32989042.0,34052241.0,0.0033514964597817225
100041762|F|0-5:T>C-5:T>C,100016551|F|0-65:A>C-65:A>C,32989042.0,35402436.0,0.12387782186076493
100041762|F|0-5:T>C-5:T>C,100032755|F|0-61:C>T-61:C>T,32989042.0,35410581.0,0.0184423207953578
100041762|F|0-5:T>C-5:T>C,100048771|F|0-11:G>A-11:G>A,32989042.0,35423854.0,0.03459302808440854
100041762|F|0-5:T>C-5:T>C,100014472|F|0-31:C>A-31:C>A,32989042.0,35488899.0,0.00103021513109755
100041762|F|0-5:T>C-5:T>C,100019838|F|0-5:G>C-5:G>C,32989042.0,36000724.0,0.008989699427685514
100041762|F|0-5:T>C-5:T>C,100046262|F|0-23:C>A-23:C>A,32989042.0,36000729.0,0.008989699427685514
100041762|F|0-5:T>C-5:T>C,100034510|F|0-47:C>T-47:C>T,32989042.0,36129807.0,0.10950404179709726
100041762|F|0-5:T>C-5:T>C,100014127|F|0-16:C>T-16:C>T,32989042.0,36258373.0,0.01643164858454421
100041762|F|0-5:T>C-5:T>C,100014670|F|0-19:A>G-19:A>G,32989042.0,36976759.0,0.007712859854204897
100041762|F|0-5:T>C-5:T>C,100041232|F|0-30:T>A-30:T>A,32989042.0,37013523.0,0.0002362739872016428
100041762|F|0-5:T>C-5:T>C,100019174|F|0-24:T>A-24:T>A,32989042.0,37246706.0,0.011745619494764561
100041762|F|0-5:T>C-5:T>C,100019068|F|0-18:T>C-18:T>C,32989042.0,37282618.0,0.005640042711770492
100041762|F|0-5:T>C-5:T>C,100060605|F|0-5:C>T-5:C>T,32989042.0,37463852.0,0.0003019221349237259
100041762|F|0-5:T>C-5:T>C,100038566|F|0-46:T>A-46:T>A,32989042.0,37463857.0,0.034311112352854604
100041762|F|0-5:T>C-5:T>C,100034752|F|0-27:G>T-27:G>T,32989042.0,37483520.0,0.031431646210168085
100041762|F|0-5:T>C-5:T>C,100032980|F|0-45:T>A-45:T>A,32989042.0,38018248.0,0.009032188025837263
100041762|F|0-5:T>C-5:T>C,100049995|F|0-28:T>A-28:T>A,32989042.0,38112106.0,0.06323225328621228
100041762|F|0-5:T>C-5:T>C,100015393|F|0-56:G>A-56:G>A,32989042.0,38230758.0,0.01835975455907065
100041762|F|0-5:T>C-5:T>C,100022008|F|0-51:G>C-51:G>C,32989042.0,38274860.0,0.006032558243110269
100041762|F|0-5:T>C-5:T>C,100019383|F|0-67:A>T-67:A>T,32989042.0,38687047.0,0.027698613396257246
100041762|F|0-5:T>C-5:T>C,100021690|F|0-12:G>A-12:G>A,32989042.0,38877675.0,8.113017131950477e-05
100041762|F|0-5:T>C-5:T>C,100034940|F|0-27:A>C-27:A>C,32989042.0,38877680.0,0.0006864420056578257
100041762|F|0-5:T>C-5:T>C,100017082|F|0-22:G>A-22:G>A,32989042.0,38896484.0,0.0006814367909910981
100041762|F|0-5:T>C-5:T>C,100018671|F|0-6:A>T-6:A>T,32989042.0,38898348.0,0.0008351983837879605
100041762|F|0-5:T>C-5:T>C,100035888|F|0-14:T>C-14:T>C,32989042.0,38914509.0,8.00928329234376e-05
100041762|F|0-5:T>C-5:T>C,100034779|F|0-8:A>T-8:A>T,32989042.0,38917568.0,0.00016738020100939117
100041762|F|0-5:T>C-5:T>C,100016817|F|0-58:C>T-58:C>T,32989042.0,38927419.0,0.0005103577234274279
100041762|F|0-5:T>C-5:T>C,100018350|F|0-55:C>G-55:C>G,32989042.0,38996563.0,0.000817985942511157
100015328|F|0-33:T>C-33:T>C,100019357|F|0-62:A>C-62:A>C,33041489.0,33053982.0,0.3750178738250939
100015328|F|0-33:T>C-33:T>C,100016448|F|0-61:C>T-61:C>T,33041489.0,33055328.0,0.08781647779354888
100015328|F|0-33:T>C-33:T>C,100021291|F|0-61:A>G-61:A>G,33041489.0,33070336.0,0.10824202787116034
100015328|F|0-33:T>C-33:T>C,100048192|F|0-15:C>T-15:C>T,33041489.0,33491970.0,0.01568775245126042
100015328|F|0-33:T>C-33:T>C,100039244|F|0-37:G>C-37:G>C,33041489.0,33634526.0,0.009556658916177744
100015328|F|0-33:T>C-33:T>C,100014488|F|0-28:T>A-28:T>A,33041489.0,34000405.0,4.2661857573009564e-05
100015328|F|0-33:T>C-33:T>C,100040723|F|0-6:G>A-6:G>A,33041489.0,34052241.0,0.025600580702837786
100015328|F|0-33:T>C-33:T>C,100016551|F|0-65:A>C-65:A>C,33041489.0,35402436.0,0.044825722085944174
100015328|F|0-33:T>C-33:T>C,100032755|F|0-61:C>T-61:C>T,33041489.0,35410581.0,0.029918338129811813
100015328|F|0-33:T>C-33:T>C,100048771|F|0-11:G>A-11:G>A,33041489.0,35423854.0,0.013781369577711085
100015328|F|0-33:T>C-33:T>C,100014472|F|0-31:C>A-31:C>A,33041489.0,35488899.0,0.05294057036740315
100015328|F|0-33:T>C-33:T>C,100019838|F|0-5:G>C-5:G>C,33041489.0,36000724.0,0.0004994755803359852
100015328|F|0-33:T>C-33:T>C,100046262|F|0-23:C>A-23:C>A,33041489.0,36000729.0,0.0004994755803359852
100015328|F|0-33:T>C-33:T>C,100034510|F|0-47:C>T-47:C>T,33041489.0,36129807.0,0.02635480385782316
100015328|F|0-33:T>C-33:T>C,100014127|F|0-16:C>T-16:C>T,33041489.0,36258373.0,0.06608118309445657
100015328|F|0-33:T>C-33:T>C,100014670|F|0-19:A>G-19:A>G,33041489.0,36976759.0,8.034709946970932e-05
100015328|F|0-33:T>C-33:T>C,100041232|F|0-30:T>A-30:T>A,33041489.0,37013523.0,0.0006723564931839565
100015328|F|0-33:T>C-33:T>C,100019174|F|0-24:T>A-24:T>A,33041489.0,37246706.0,0.029918338129811758
100015328|F|0-33:T>C-33:T>C,100019068|F|0-18:T>C-18:T>C,33041489.0,37282618.0,0.03941721148748415
100015328|F|0-33:T>C-33:T>C,100060605|F|0-5:C>T-5:C>T,33041489.0,37463852.0,0.009948242364461275
100015328|F|0-33:T>C-33:T>C,100038566|F|0-46:T>A-46:T>A,33041489.0,37463857.0,0.004741466742886643
100015328|F|0-33:T>C-33:T>C,100034752|F|0-27:G>T-27:G>T,33041489.0,37483520.0,0.00987779575256273
100015328|F|0-33:T>C-33:T>C,100032980|F|0-45:T>A-45:T>A,33041489.0,38018248.0,0.05409870641169847
100015328|F|0-33:T>C-33:T>C,100049995|F|0-28:T>A-28:T>A,33041489.0,38112106.0,0.0011798744549054653
100015328|F|0-33:T>C-33:T>C,100015393|F|0-56:G>A-56:G>A,33041489.0,38230758.0,8.034709946970821e-05
100015328|F|0-33:T>C-33:T>C,100022008|F|0-51:G>C-51:G>C,33041489.0,38274860.0,0.024283672588871638
100015328|F|0-33:T>C-33:T>C,100019383|F|0-67:A>T-67:A>T,33041489.0,38687047.0,0.24082462812777802
100015328|F|0-33:T>C-33:T>C,100021690|F|0-12:G>A-12:G>A,33041489.0,38877675.0,0.015775515666773907
100015328|F|0-33:T>C-33:T>C,100034940|F|0-27:A>C-27:A>C,33041489.0,38877680.0,0.016726170098302937
100015328|F|0-33:T>C-33:T>C,100017082|F|0-22:G>A-22:G>A,33041489.0,38896484.0,0.005465574471902655
100015328|F|0-33:T>C-33:T>C,100018671|F|0-6:A>T-6:A>T,33041489.0,38898348.0,0.0056410803424107704
100015328|F|0-33:T>C-33:T>C,100035888|F|0-14:T>C-14:T>C,33041489.0,38914509.0,0.002687717132703545
100015328|F|0-33:T>C-33:T>C,100034779|F|0-8:A>T-8:A>T,33041489.0,38917568.0,0.0043256531135855165
100015328|F|0-33:T>C-33:T>C,100016817|F|0-58:C>T-58:C>T,33041489.0,38927419.0,4.829297159870745e-05
100015328|F|0-33:T>C-33:T>C,100018350|F|0-55:C>G-55:C>G,33041489.0,38996563.0,0.01766503387657938
100019357|F|0-62:A>C-62:A>C,100016448|F|0-61:C>T-61:C>T,33053982.0,33055328.0,0.018831362149443257
100019357|F|0-62:A>C-62:A>C,100021291|F|0-61:A>G-61:A>G,33053982.0,33070336.0,0.1238632033608904
100019357|F|0-62:A>C-62:A>C,100048192|F|0-15:C>T-15:C>T,33053982.0,33491970.0,0.04137094337908924
100019357|F|0-62:A>C-62:A>C,100039244|F|0-37:G>C-37:G>C,33053982.0,33634526.0,0.05758043229398276
100019357|F|0-62:A>C-62:A>C,100014488|F|0-28:T>A-28:T>A,33053982.0,34000405.0,0.0012323890089158001
100019357|F|0-62:A>C-62:A>C,100040723|F|0-6:G>A-6:G>A,33053982.0,34052241.0,0.02503769538714737
100019357|F|0-62:A>C-62:A>C,100016551|F|0-65:A>C-65:A>C,33053982.0,35402436.0,0.036215483402536636
100019357|F|0-62:A>C-62:A>C,100032755|F|0-61:C>T-61:C>T,33053982.0,35410581.0,0.004952865519602816
100019357|F|0-62:A>C-62:A>C,100048771|F|0-11:G>A-11:G>A,33053982.0,35423854.0,0.0004886065058100807
100019357|F|0-62:A>C-62:A>C,100014472|F|0-31:C>A-31:C>A,33053982.0,35488899.0,0.04831198744081291
100019357|F|0-62:A>C-62:A>C,100019838|F|0-5:G>C-5:G>C,33053982.0,36000724.0,0.0014547500581676386
100019357|F|0-62:A>C-62:A>C,100046262|F|0-23:C>A-23:C>A,33053982.0,36000729.0,0.0014547500581676386
100019357|F|0-62:A>C-62:A>C,100034510|F|0-47:C>T-47:C>T,33053982.0,36129807.0,0.04358271155221537
100019357|F|0-62:A>C-62:A>C,100014127|F|0-16:C>T-16:C>T,33053982.0,36258373.0,0.05541346237032368
100019357|F|0-62:A>C-62:A>C,100014670|F|0-19:A>G-19:A>G,33053982.0,36976759.0,0.031626461004992085
100019357|F|0-62:A>C-62:A>C,100041232|F|0-30:T>A-30:T>A,33053982.0,37013523.0,0.009761893546351633
100019357|F|0-62:A>C-62:A>C,100019174|F|0-24:T>A-24:T>A,33053982.0,37246706.0,0.023540680717587466
100019357|F|0-62:A>C-62:A>C,100019068|F|0-18:T>C-18:T>C,33053982.0,37282618.0,0.008812987359630882
100019357|F|0-62:A>C-62:A>C,100060605|F|0-5:C>T-5:C>T,33053982.0,37463852.0,0.034145175013523245
100019357|F|0-62:A>C-62:A>C,100038566|F|0-46:T>A-46:T>A,33053982.0,37463857.0,0.0011043968504323085
100019357|F|0-62:A>C-62:A>C,100034752|F|0-27:G>T-27:G>T,33053982.0,37483520.0,0.004134350482122538
100019357|F|0-62:A>C-62:A>C,100032980|F|0-45:T>A-45:T>A,33053982.0,38018248.0,0.14151880296610164
100019357|F|0-62:A>C-62:A>C,100049995|F|0-28:T>A-28:T>A,33053982.0,38112106.0,0.0029386436687369394
100019357|F|0-62:A>C-62:A>C,100015393|F|0-56:G>A-56:G>A,33053982.0,38230758.0,0.017405249529190227
100019357|F|0-62:A>C-62:A>C,100022008|F|0-51:G>C-51:G>C,33053982.0,38274860.0,0.029205423825555285
100019357|F|0-62:A>C-62:A>C,100019383|F|0-67:A>T-67:A>T,33053982.0,38687047.0,0.08893119592272121
100019357|F|0-62:A>C-62:A>C,100021690|F|0-12:G>A-12:G>A,33053982.0,38877675.0,0.006978996614970955
100019357|F|0-62:A>C-62:A>C,100034940|F|0-27:A>C-27:A>C,33053982.0,38877680.0,0.009872132921886519
100019357|F|0-62:A>C-62:A>C,100017082|F|0-22:G>A-22:G>A,33053982.0,38896484.0,0.006602373755754499
100019357|F|0-62:A>C-62:A>C,100018671|F|0-6:A>T-6:A>T,33053982.0,38898348.0,0.008852855392707831
100019357|F|0-62:A>C-62:A>C,100035888|F|0-14:T>C-14:T>C,33053982.0,38914509.0,0.009845210864456794
100019357|F|0-62:A>C-62:A>C,100034779|F|0-8:A>T-8:A>T,33053982.0,38917568.0,0.008838346267377633
100019357|F|0-62:A>C-62:A>C,100016817|F|0-58:C>T-58:C>T,33053982.0,38927419.0,0.001911975942259001
100019357|F|0-62:A>C-62:A>C,100018350|F|0-55:C>G-55:C>G,33053982.0,38996563.0,0.0033874525084307697
100016448|F|0-61:C>T-61:C>T,100021291|F|0-61:A>G-61:A>G,33055328.0,33070336.0,0.0947030966748931
100016448|F|0-61:C>T-61:C>T,100048192|F|0-15:C>T-15:C>T,33055328.0,33491970.0,0.046080797073246645
100016448|F|0-61:C>T-61:C>T,100039244|F|0-37:G>C-37:G>C,33055328.0,33634526.0,0.026522330957536214
100016448|F|0-61:C>T-61:C>T,100014488|F|0-28:T>A-28:T>A,33055328.0,34000405.0,0.03932000275581456
100016448|F|0-61:C>T-61:C>T,100040723|F|0-6:G>A-6:G>A,33055328.0,34052241.0,0.0009663539499230753
100016448|F|0-61:C>T-61:C>T,100016551|F|0-65:A>C-65:A>C,33055328.0,35402436.0,0.00585033890263837
100016448|F|0-61:C>T-61:C>T,100032755|F|0-61:C>T-61:C>T,33055328.0,35410581.0,0.001955218095172948
100016448|F|0-61:C>T-61:C>T,100048771|F|0-11:G>A-11:G>A,33055328.0,35423854.0,1.2321704929668037e-05
100016448|F|0-61:C>T-61:C>T,100014472|F|0-31:C>A-31:C>A,33055328.0,35488899.0,0.0028016005222401036
100016448|F|0-61:C>T-61:C>T,100019838|F|0-5:G>C-5:G>C,33055328.0,36000724.0,2.383670900860859e-06
100016448|F|0-61:C>T-61:C>T,100046262|F|0-23:C>A-23:C>A,33055328.0,36000729.0,2.383670900860859e-06
100016448|F|0-61:C>T-61:C>T,100034510|F|0-47:C>T-47:C>T,33055328.0,36129807.0,0.000983143306838986
100016448|F|0-61:C>T-61:C>T,100014127|F|0-16:C>T-16:C>T,33055328.0,36258373.0,0.035036304741408196
100016448|F|0-61:C>T-61:C>T,100014670|F|0-19:A>G-19:A>G,33055328.0,36976759.0,0.006055394317245346
100016448|F|0-61:C>T-61:C>T,100041232|F|0-30:T>A-30:T>A,33055328.0,37013523.0,0.026228987746888966
100016448|F|0-61:C>T-61:C>T,100019174|F|0-24:T>A-24:T>A,33055328.0,37246706.0,0.004309918354782916
100016448|F|0-61:C>T-61:C>T,100019068|F|0-18:T>C-18:T>C,33055328.0,37282618.0,0.006765661064375997
100016448|F|0-61:C>T-61:C>T,100060605|F|0-5:C>T-5:C>T,33055328.0,37463852.0,0.005882625371362717
100016448|F|0-61:C>T-61:C>T,100038566|F|0-46:T>A-46:T>A,33055328.0,37463857.0,0.0036591922784730284
100016448|F|0-61:C>T-61:C>T,100034752|F|0-27:G>T-27:G>T,33055328.0,37483520.0,0.0033521045872584067
100016448|F|0-61:C>T-61:C>T,100032980|F|0-45:T>A-45:T>A,33055328.0,38018248.0,0.002680586907449209
100016448|F|0-61:C>T-61:C>T,100049995|F|0-28:T>A-28:T>A,33055328.0,38112106.0,0.0011600737499613512
100016448|F|0-61:C>T-61:C>T,100015393|F|0-56:G>A-56:G>A,33055328.0,38230758.0,0.012485020761920661
100016448|F|0-61:C>T-61:C>T,100022008|F|0-51:G>C-51:G>C,33055328.0,38274860.0,0.0025768679715926076
100016448|F|0-61:C>T-61:C>T,100019383|F|0-67:A>T-67:A>T,33055328.0,38687047.0,0.015006156371844832
100016448|F|0-61:C>T-61:C>T,100021690|F|0-12:G>A-12:G>A,33055328.0,38877675.0,0.019983501621061675
100016448|F|0-61:C>T-61:C>T,100034940|F|0-27:A>C-27:A>C,33055328.0,38877680.0,0.009440327804495049
100016448|F|0-61:C>T-61:C>T,100017082|F|0-22:G>A-22:G>A,33055328.0,38896484.0,0.01184566517142788
100016448|F|0-61:C>T-61:C>T,100018671|F|0-6:A>T-6:A>T,33055328.0,38898348.0,0.013202723173922693
100016448|F|0-61:C>T-61:C>T,100035888|F|0-14:T>C-14:T>C,33055328.0,38914509.0,0.014682674444155908
100016448|F|0-61:C>T-61:C>T,100034779|F|0-8:A>T-8:A>T,33055328.0,38917568.0,0.014373962569361631
100016448|F|0-61:C>T-61:C>T,100016817|F|0-58:C>T-58:C>T,33055328.0,38927419.0,0.005557823469521135
100016448|F|0-61:C>T-61:C>T,100018350|F|0-55:C>G-55:C>G,33055328.0,38996563.0,4.41113852579024e-05
100021291|F|0-61:A>G-61:A>G,100048192|F|0-15:C>T-15:C>T,33070336.0,33491970.0,0.27612211253508184
100021291|F|0-61:A>G-61:A>G,100039244|F|0-37:G>C-37:G>C,33070336.0,33634526.0,0.0005233128294817385
100021291|F|0-61:A>G-61:A>G,100014488|F|0-28:T>A-28:T>A,33070336.0,34000405.0,0.0005405410928739496
100021291|F|0-61:A>G-61:A>G,100040723|F|0-6:G>A-6:G>A,33070336.0,34052241.0,0.0072610092140804935
100021291|F|0-61:A>G-61:A>G,100016551|F|0-65:A>C-65:A>C,33070336.0,35402436.0,0.021249101890392155
100021291|F|0-61:A>G-61:A>G,100032755|F|0-61:C>T-61:C>T,33070336.0,35410581.0,0.010580025804840838
100021291|F|0-61:A>G-61:A>G,100048771|F|0-11:G>A-11:G>A,33070336.0,35423854.0,0.002985562429011344
100021291|F|0-61:A>G-61:A>G,100014472|F|0-31:C>A-31:C>A,33070336.0,35488899.0,0.0002088044639411484
100021291|F|0-61:A>G-61:A>G,100019838|F|0-5:G>C-5:G>C,33070336.0,36000724.0,0.0009857988471517467
100021291|F|0-61:A>G-61:A>G,100046262|F|0-23:C>A-23:C>A,33070336.0,36000729.0,0.0009857988471517467
100021291|F|0-61:A>G-61:A>G,100034510|F|0-47:C>T-47:C>T,33070336.0,36129807.0,0.01947086784428636
100021291|F|0-61:A>G-61:A>G,100014127|F|0-16:C>T-16:C>T,33070336.0,36258373.0,0.006753090358747654
100021291|F|0-61:A>G-61:A>G,100014670|F|0-19:A>G-19:A>G,33070336.0,36976759.0,0.0012650330901137186
100021291|F|0-61:A>G-61:A>G,100041232|F|0-30:T>A-30:T>A,33070336.0,37013523.0,0.00019069827941888993
100021291|F|0-61:A>G-61:A>G,100019174|F|0-24:T>A-24:T>A,33070336.0,37246706.0,0.0007577528476077142
100021291|F|0-61:A>G-61:A>G,100019068|F|0-18:T>C-18:T>C,33070336.0,37282618.0,0.010199360040154353
100021291|F|0-61:A>G-61:A>G,100060605|F|0-5:C>T-5:C>T,33070336.0,37463852.0,0.003221157921505468
100021291|F|0-61:A>G-61:A>G,100038566|F|0-46:T>A-46:T>A,33070336.0,37463857.0,0.01083433177333371
100021291|F|0-61:A>G-61:A>G,100034752|F|0-27:G>T-27:G>T,33070336.0,37483520.0,0.017770412544672372
100021291|F|0-61:A>G-61:A>G,100032980|F|0-45:T>A-45:T>A,33070336.0,38018248.0,0.0027034718269778025
100021291|F|0-61:A>G-61:A>G,100049995|F|0-28:T>A-28:T>A,33070336.0,38112106.0,0.0021226249600423993
100021291|F|0-61:A>G-61:A>G,100015393|F|0-56:G>A-56:G>A,33070336.0,38230758.0,0.031804251876344496
100021291|F|0-61:A>G-61:A>G,100022008|F|0-51:G>C-51:G>C,33070336.0,38274860.0,0.0015609447402821957
100021291|F|0-61:A>G-61:A>G,100019383|F|0-67:A>T-67:A>T,33070336.0,38687047.0,0.005037293383906938
100021291|F|0-61:A>G-61:A>G,100021690|F|0-12:G>A-12:G>A,33070336.0,38877675.0,0.004264608905535292
100021291|F|0-61:A>G-61:A>G,100034940|F|0-27:A>C-27:A>C,33070336.0,38877680.0,0.015544963005122394
100021291|F|0-61:A>G-61:A>G,100017082|F|0-22:G>A-22:G>A,33070336.0,38896484.0,0.0037713856548945626
100021291|F|0-61:A>G-61:A>G,100018671|F|0-6:A>T-6:A>T,33070336.0,38898348.0,0.013634359870106532
100021291|F|0-61:A>G-61:A>G,100035888|F|0-14:T>C-14:T>C,33070336.0,38914509.0,0.009141688618471755
100021291|F|0-61:A>G-61:A>G,100034779|F|0-8:A>T-8:A>T,33070336.0,38917568.0,0.012093679855217972
100021291|F|0-61:A>G-61:A>G,100016817|F|0-58:C>T-58:C>T,33070336.0,38927419.0,0.0047928880821043515
100021291|F|0-61:A>G-61:A>G,100018350|F|0-55:C>G-55:C>G,33070336.0,38996563.0,0.0011736920902583815
100048192|F|0-15:C>T-15:C>T,100039244|F|0-37:G>C-37:G>C,33491970.0,33634526.0,0.01240369000749019
100048192|F|0-15:C>T-15:C>T,100014488|F|0-28:T>A-28:T>A,33491970.0,34000405.0,0.0019342068497024258
100048192|F|0-15:C>T-15:C>T,100040723|F|0-6:G>A-6:G>A,33491970.0,34052241.0,0.06047284966862225
100048192|F|0-15:C>T-15:C>T,100016551|F|0-65:A>C-65:A>C,33491970.0,35402436.0,0.06260019886941351
100048192|F|0-15:C>T-15:C>T,100032755|F|0-61:C>T-61:C>T,33491970.0,35410581.0,0.0030984858571065517
100048192|F|0-15:C>T-15:C>T,100048771|F|0-11:G>A-11:G>A,33491970.0,35423854.0,0.003438915500352038
100048192|F|0-15:C>T-15:C>T,100014472|F|0-31:C>A-31:C>A,33491970.0,35488899.0,0.02858088592198617
100048192|F|0-15:C>T-15:C>T,100019838|F|0-5:G>C-5:G>C,33491970.0,36000724.0,0.000945744200304885
100048192|F|0-15:C>T-15:C>T,100046262|F|0-23:C>A-23:C>A,33491970.0,36000729.0,0.000945744200304885
100048192|F|0-15:C>T-15:C>T,100034510|F|0-47:C>T-47:C>T,33491970.0,36129807.0,0.0005806843867217572
100048192|F|0-15:C>T-15:C>T,100014127|F|0-16:C>T-16:C>T,33491970.0,36258373.0,0.015249006295427168
100048192|F|0-15:C>T-15:C>T,100014670|F|0-19:A>G-19:A>G,33491970.0,36976759.0,0.02406511601913901
100048192|F|0-15:C>T-15:C>T,100041232|F|0-30:T>A-30:T>A,33491970.0,37013523.0,0.01730547007443202
100048192|F|0-15:C>T-15:C>T,100019174|F|0-24:T>A-24:T>A,33491970.0,37246706.0,0.0030984858571065435
100048192|F|0-15:C>T-15:C>T,100019068|F|0-18:T>C-18:T>C,33491970.0,37282618.0,0.03395033740540125
100048192|F|0-15:C>T-15:C>T,100060605|F|0-5:C>T-5:C>T,33491970.0,37463852.0,0.04198770880722465
100048192|F|0-15:C>T-15:C>T,100038566|F|0-46:T>A-46:T>A,33491970.0,37463857.0,0.03648981172839794
100048192|F|0-15:C>T-15:C>T,100034752|F|0-27:G>T-27:G>T,33491970.0,37483520.0,0.019525191086053748
100048192|F|0-15:C>T-15:C>T,100032980|F|0-45:T>A-45:T>A,33491970.0,38018248.0,0.08964352283317803
100048192|F|0-15:C>T-15:C>T,100049995|F|0-28:T>A-28:T>A,33491970.0,38112106.0,0.044818170792426705
100048192|F|0-15:C>T-15:C>T,100015393|F|0-56:G>A-56:G>A,33491970.0,38230758.0,0.1141243871128932
100048192|F|0-15:C>T-15:C>T,100022008|F|0-51:G>C-51:G>C,33491970.0,38274860.0,0.07153587219718548
100048192|F|0-15:C>T-15:C>T,100019383|F|0-67:A>T-67:A>T,33491970.0,38687047.0,0.01018319983837228
100048192|F|0-15:C>T-15:C>T,100021690|F|0-12:G>A-12:G>A,33491970.0,38877675.0,0.023285960572274934
100048192|F|0-15:C>T-15:C>T,100034940|F|0-27:A>C-27:A>C,33491970.0,38877680.0,0.03252765509137326
100048192|F|0-15:C>T-15:C>T,100017082|F|0-22:G>A-22:G>A,33491970.0,38896484.0,0.008516083828121065
100048192|F|0-15:C>T-15:C>T,100018671|F|0-6:A>T-6:A>T,33491970.0,38898348.0,0.006825974424071934
100048192|F|0-15:C>T-15:C>T,100035888|F|0-14:T>C-14:T>C,33491970.0,38914509.0,0.014969195622231946
100048192|F|0-15:C>T-15:C>T,100034779|F|0-8:A>T-8:A>T,33491970.0,38917568.0,0.021894812286133474
100048192|F|0-15:C>T-15:C>T,100016817|F|0-58:C>T-58:C>T,33491970.0,38927419.0,0.0005196928707564418
100048192|F|0-15:C>T-15:C>T,100018350|F|0-55:C>G-55:C>G,33491970.0,38996563.0,0.003431809917375285
100039244|F|0-37:G>C-37:G>C,100014488|F|0-28:T>A-28:T>A,33634526.0,34000405.0,0.04675213250214164
100039244|F|0-37:G>C-37:G>C,100040723|F|0-6:G>A-6:G>A,33634526.0,34052241.0,0.11288157692897673
100039244|F|0-37:G>C-37:G>C,100016551|F|0-65:A>C-65:A>C,33634526.0,35402436.0,0.1504957308989764
100039244|F|0-37:G>C-37:G>C,100032755|F|0-61:C>T-61:C>T,33634526.0,35410581.0,0.05477533210769368
100039244|F|0-37:G>C-37:G>C,100048771|F|0-11:G>A-11:G>A,33634526.0,35423854.0,0.024443963486829593
100039244|F|0-37:G>C-37:G>C,100014472|F|0-31:C>A-31:C>A,33634526.0,35488899.0,4.14397993972641e-05
100039244|F|0-37:G>C-37:G>C,100019838|F|0-5:G>C-5:G>C,33634526.0,36000724.0,3.707170000297697e-05
100039244|F|0-37:G>C-37:G>C,100046262|F|0-23:C>A-23:C>A,33634526.0,36000729.0,3.707170000297697e-05
100039244|F|0-37:G>C-37:G>C,100034510|F|0-47:C>T-47:C>T,33634526.0,36129807.0,0.04774109433267126
100039244|F|0-37:G>C-37:G>C,100014127|F|0-16:C>T-16:C>T,33634526.0,36258373.0,0.06476711539349102
100039244|F|0-37:G>C-37:G>C,100014670|F|0-19:A>G-19:A>G,33634526.0,36976759.0,0.007897943758002084
100039244|F|0-37:G>C-37:G>C,100041232|F|0-30:T>A-30:T>A,33634526.0,37013523.0,0.001206480523957257
100039244|F|0-37:G>C-37:G>C,100019174|F|0-24:T>A-24:T>A,33634526.0,37246706.0,0.030153254483611617
100039244|F|0-37:G>C-37:G>C,100019068|F|0-18:T>C-18:T>C,33634526.0,37282618.0,0.01017975887124897
100039244|F|0-37:G>C-37:G>C,100060605|F|0-5:C>T-5:C>T,33634526.0,37463852.0,0.018949468085106332
100039244|F|0-37:G>C-37:G>C,100038566|F|0-46:T>A-46:T>A,33634526.0,37463857.0,0.0029243547536110495
100039244|F|0-37:G>C-37:G>C,100034752|F|0-27:G>T-27:G>T,33634526.0,37483520.0,0.0026789362893062316
100039244|F|0-37:G>C-37:G>C,100032980|F|0-45:T>A-45:T>A,33634526.0,38018248.0,0.04673833819241981
100039244|F|0-37:G>C-37:G>C,100049995|F|0-28:T>A-28:T>A,33634526.0,38112106.0,0.16146852576647103
100039244|F|0-37:G>C-37:G>C,100015393|F|0-56:G>A-56:G>A,33634526.0,38230758.0,0.0020158353086762583
100039244|F|0-37:G>C-37:G>C,100022008|F|0-51:G>C-51:G>C,33634526.0,38274860.0,0.00044929909341427535
100039244|F|0-37:G>C-37:G>C,100019383|F|0-67:A>T-67:A>T,33634526.0,38687047.0,2.1237266135227802e-06
100039244|F|0-37:G>C-37:G>C,100021690|F|0-12:G>A-12:G>A,33634526.0,38877675.0,0.09502232702065022
100039244|F|0-37:G>C-37:G>C,100034940|F|0-27:A>C-27:A>C,33634526.0,38877680.0,0.10275911606878803
100039244|F|0-37:G>C-37:G>C,100017082|F|0-22:G>A-22:G>A,33634526.0,38896484.0,0.06560010666684009
100039244|F|0-37:G>C-37:G>C,100018671|F|0-6:A>T-6:A>T,33634526.0,38898348.0,0.11059255077552042
100039244|F|0-37:G>C-37:G>C,100035888|F|0-14:T>C-14:T>C,33634526.0,38914509.0,0.08990026689141707
100039244|F|0-37:G>C-37:G>C,100034779|F|0-8:A>T-8:A>T,33634526.0,38917568.0,0.08391963883823543
100039244|F|0-37:G>C-37:G>C,100016817|F|0-58:C>T-58:C>T,33634526.0,38927419.0,0.005815795122296841
100039244|F|0-37:G>C-37:G>C,100018350|F|0-55:C>G-55:C>G,33634526.0,38996563.0,0.004370666686755914
100014488|F|0-28:T>A-28:T>A,100040723|F|0-6:G>A-6:G>A,34000405.0,34052241.0,0.019594154140789428
100014488|F|0-28:T>A-28:T>A,100016551|F|0-65:A>C-65:A>C,34000405.0,35402436.0,0.008797007299094656
100014488|F|0-28:T>A-28:T>A,100032755|F|0-61:C>T-61:C>T,34000405.0,35410581.0,4.145066981691672e-05
100014488|F|0-28:T>A-28:T>A,100048771|F|0-11:G>A-11:G>A,34000405.0,35423854.0,0.0031751507216607948
100014488|F|0-28:T>A-28:T>A,100014472|F|0-31:C>A-31:C>A,34000405.0,35488899.0,0.01840194436906718
100014488|F|0-28:T>A-28:T>A,100019838|F|0-5:G>C-5:G>C,34000405.0,36000724.0,0.021100840033442016
100014488|F|0-28:T>A-28:T>A,100046262|F|0-23:C>A-23:C>A,34000405.0,36000729.0,0.021100840033442016
100014488|F|0-28:T>A-28:T>A,100034510|F|0-47:C>T-47:C>T,34000405.0,36129807.0,0.026696697093918833
100014488|F|0-28:T>A-28:T>A,100014127|F|0-16:C>T-16:C>T,34000405.0,36258373.0,0.004973221421906239
100014488|F|0-28:T>A-28:T>A,100014670|F|0-19:A>G-19:A>G,34000405.0,36976759.0,0.0027555340242353906
100014488|F|0-28:T>A-28:T>A,100041232|F|0-30:T>A-30:T>A,34000405.0,37013523.0,0.05334058026174357
100014488|F|0-28:T>A-28:T>A,100019174|F|0-24:T>A-24:T>A,34000405.0,37246706.0,0.010405130103289879
100014488|F|0-28:T>A-28:T>A,100019068|F|0-18:T>C-18:T>C,34000405.0,37282618.0,0.0016973865699462661
100014488|F|0-28:T>A-28:T>A,100060605|F|0-5:C>T-5:C>T,34000405.0,37463852.0,0.0009363762121220373
100014488|F|0-28:T>A-28:T>A,100038566|F|0-46:T>A-46:T>A,34000405.0,37463857.0,0.01465351128531586
100014488|F|0-28:T>A-28:T>A,100034752|F|0-27:G>T-27:G>T,34000405.0,37483520.0,0.01342375547956934
100014488|F|0-28:T>A-28:T>A,100032980|F|0-45:T>A-45:T>A,34000405.0,38018248.0,4.81482486096809e-35
100014488|F|0-28:T>A-28:T>A,100049995|F|0-28:T>A-28:T>A,34000405.0,38112106.0,0.002908576399990156
100014488|F|0-28:T>A-28:T>A,100015393|F|0-56:G>A-56:G>A,34000405.0,38230758.0,0.013584521513905073
100014488|F|0-28:T>A-28:T>A,100022008|F|0-51:G>C-51:G>C,34000405.0,38274860.0,0.03037820843888084
100014488|F|0-28:T>A-28:T>A,100019383|F|0-67:A>T-67:A>T,34000405.0,38687047.0,0.011934878407050773
100014488|F|0-28:T>A-28:T>A,100021690|F|0-12:G>A-12:G>A,34000405.0,38877675.0,0.0009154668117851117
100014488|F|0-28:T>A-28:T>A,100034940|F|0-27:A>C-27:A>C,34000405.0,38877680.0,0.00037077511513543206
100014488|F|0-28:T>A-28:T>A,100017082|F|0-22:G>A-22:G>A,34000405.0,38896484.0,0.0004415736041117401
100014488|F|0-28:T>A-28:T>A,100018671|F|0-6:A>T-6:A>T,34000405.0,38898348.0,9.524308416155066e-05
100014488|F|0-28:T>A-28:T>A,100035888|F|0-14:T>C-14:T>C,34000405.0,38914509.0,0.0001059193000852652
100014488|F|0-28:T>A-28:T>A,100034779|F|0-8:A>T-8:A>T,34000405.0,38917568.0,0.0002692437863801293
100014488|F|0-28:T>A-28:T>A,100016817|F|0-58:C>T-58:C>T,34000405.0,38927419.0,0.00017468876845861872
100014488|F|0-28:T>A-28:T>A,100018350|F|0-55:C>G-55:C>G,34000405.0,38996563.0,0.058192884546689895
100040723|F|0-6:G>A-6:G>A,100016551|F|0-65:A>C-65:A>C,34052241.0,35402436.0,0.03146563859364434
100040723|F|0-6:G>A-6:G>A,100032755|F|0-61:C>T-61:C>T,34052241.0,35410581.0,0.02777113718208981
100040723|F|0-6:G>A-6:G>A,100048771|F|0-11:G>A-11:G>A,34052241.0,35423854.0,0.004863177905899518
100040723|F|0-6:G>A-6:G>A,100014472|F|0-31:C>A-31:C>A,34052241.0,35488899.0,4.2207713201172956e-05
100040723|F|0-6:G>A-6:G>A,100019838|F|0-5:G>C-5:G>C,34052241.0,36000724.0,0.0012639521904374085
100040723|F|0-6:G>A-6:G>A,100046262|F|0-23:C>A-23:C>A,34052241.0,36000729.0,0.0012639521904374085
100040723|F|0-6:G>A-6:G>A,100034510|F|0-47:C>T-47:C>T,34052241.0,36129807.0,0.0018275190650401398
100040723|F|0-6:G>A-6:G>A,100014127|F|0-16:C>T-16:C>T,34052241.0,36258373.0,0.12126189981594307
100040723|F|0-6:G>A-6:G>A,100014670|F|0-19:A>G-19:A>G,34052241.0,36976759.0,0.002323083278751326
100040723|F|0-6:G>A-6:G>A,100041232|F|0-30:T>A-30:T>A,34052241.0,37013523.0,0.005147311819257779
100040723|F|0-6:G>A-6:G>A,100019174|F|0-24:T>A-24:T>A,34052241.0,37246706.0,0.08304107449154637
100040723|F|0-6:G>A-6:G>A,100019068|F|0-18:T>C-18:T>C,34052241.0,37282618.0,0.016896249968293767
100040723|F|0-6:G>A-6:G>A,100060605|F|0-5:C>T-5:C>T,34052241.0,37463852.0,8.305159899680895e-07
100040723|F|0-6:G>A-6:G>A,100038566|F|0-46:T>A-46:T>A,34052241.0,37463857.0,0.0009595495874902
100040723|F|0-6:G>A-6:G>A,100034752|F|0-27:G>T-27:G>T,34052241.0,37483520.0,0.000879022016101886
100040723|F|0-6:G>A-6:G>A,100032980|F|0-45:T>A-45:T>A,34052241.0,38018248.0,0.0005464795213989879
100040723|F|0-6:G>A-6:G>A,100049995|F|0-28:T>A-28:T>A,34052241.0,38112106.0,0.002553225608180096
100040723|F|0-6:G>A-6:G>A,100015393|F|0-56:G>A-56:G>A,34052241.0,38230758.0,2.9218621027180355e-05
100040723|F|0-6:G>A-6:G>A,100022008|F|0-51:G>C-51:G>C,34052241.0,38274860.0,0.0008208356185396982
100040723|F|0-6:G>A-6:G>A,100019383|F|0-67:A>T-67:A>T,34052241.0,38687047.0,0.05021094873833022
100040723|F|0-6:G>A-6:G>A,100021690|F|0-12:G>A-12:G>A,34052241.0,38877675.0,0.001883794026352259
100040723|F|0-6:G>A-6:G>A,100034940|F|0-27:A>C-27:A>C,34052241.0,38877680.0,0.006082554672962646
100040723|F|0-6:G>A-6:G>A,100017082|F|0-22:G>A-22:G>A,34052241.0,38896484.0,0.000762347514455792
100040723|F|0-6:G>A-6:G>A,100018671|F|0-6:A>T-6:A>T,34052241.0,38898348.0,0.00029906459917409487
100040723|F|0-6:G>A-6:G>A,100035888|F|0-14:T>C-14:T>C,34052241.0,38914509.0,4.242194701125491e-05
100040723|F|0-6:G>A-6:G>A,100034779|F|0-8:A>T-8:A>T,34052241.0,38917568.0,0.0015730451983341082
100040723|F|0-6:G>A-6:G>A,100016817|F|0-58:C>T-58:C>T,34052241.0,38927419.0,0.005598675603867992
100040723|F|0-6:G>A-6:G>A,100018350|F|0-55:C>G-55:C>G,34052241.0,38996563.0,0.041916904195369295
100016551|F|0-65:A>C-65:A>C,100032755|F|0-61:C>T-61:C>T,35402436.0,35410581.0,0.018932874354561115
100016551|F|0-65:A>C-65:A>C,100048771|F|0-11:G>A-11:G>A,35402436.0,35423854.0,0.002922899750384359
100016551|F|0-65:A>C-65:A>C,100014472|F|0-31:C>A-31:C>A,35402436.0,35488899.0,0.14463109026340934
100016551|F|0-65:A>C-65:A>C,100019838|F|0-5:G>C-5:G>C,35402436.0,36000724.0,0.010093524396777532
100016551|F|0-65:A>C-65:A>C,100046262|F|0-23:C>A-23:C>A,35402436.0,36000729.0,0.010093524396777532
100016551|F|0-65:A>C-65:A>C,100034510|F|0-47:C>T-47:C>T,35402436.0,36129807.0,0.01658431000178436
100016551|F|0-65:A>C-65:A>C,100014127|F|0-16:C>T-16:C>T,35402436.0,36258373.0,0.05383332412353949
100016551|F|0-65:A>C-65:A>C,100014670|F|0-19:A>G-19:A>G,35402436.0,36976759.0,0.01399838035268642
100016551|F|0-65:A>C-65:A>C,100041232|F|0-30:T>A-30:T>A,35402436.0,37013523.0,0.006401337857462274
100016551|F|0-65:A>C-65:A>C,100019174|F|0-24:T>A-24:T>A,35402436.0,37246706.0,0.0014875519393591698
100016551|F|0-65:A>C-65:A>C,100019068|F|0-18:T>C-18:T>C,35402436.0,37282618.0,0.0139259700971113
100016551|F|0-65:A>C-65:A>C,100060605|F|0-5:C>T-5:C>T,35402436.0,37463852.0,0.0021743508990368877
100016551|F|0-65:A>C-65:A>C,100038566|F|0-46:T>A-46:T>A,35402436.0,37463857.0,0.010926379900831213
100016551|F|0-65:A>C-65:A>C,100034752|F|0-27:G>T-27:G>T,35402436.0,37483520.0,0.010009413389719064
100016551|F|0-65:A>C-65:A>C,100032980|F|0-45:T>A-45:T>A,35402436.0,38018248.0,0.07789491298527443
100016551|F|0-65:A>C-65:A>C,100049995|F|0-28:T>A-28:T>A,35402436.0,38112106.0,0.3081300659258039
100016551|F|0-65:A>C-65:A>C,100015393|F|0-56:G>A-56:G>A,35402436.0,38230758.0,0.002054661916330814
100016551|F|0-65:A>C-65:A>C,100022008|F|0-51:G>C-51:G>C,35402436.0,38274860.0,0.021490069868515174
100016551|F|0-65:A>C-65:A>C,100019383|F|0-67:A>T-67:A>T,35402436.0,38687047.0,0.03469004222016279
100016551|F|0-65:A>C-65:A>C,100021690|F|0-12:G>A-12:G>A,35402436.0,38877675.0,0.019416665718587252
100016551|F|0-65:A>C-65:A>C,100034940|F|0-27:A>C-27:A>C,35402436.0,38877680.0,0.02239392352016766
100016551|F|0-65:A>C-65:A>C,100017082|F|0-22:G>A-22:G>A,35402436.0,38896484.0,0.004088486311858313
100016551|F|0-65:A>C-65:A>C,100018671|F|0-6:A>T-6:A>T,35402436.0,38898348.0,0.012468086315198934
100016551|F|0-65:A>C-65:A>C,100035888|F|0-14:T>C-14:T>C,35402436.0,38914509.0,0.013865688911002946
100016551|F|0-65:A>C-65:A>C,100034779|F|0-8:A>T-8:A>T,35402436.0,38917568.0,0.01347796512725895
100016551|F|0-65:A>C-65:A>C,100016817|F|0-58:C>T-58:C>T,35402436.0,38927419.0,0.02336771436472593
100016551|F|0-65:A>C-65:A>C,100018350|F|0-55:C>G-55:C>G,35402436.0,38996563.0,0.021045421998069788
100032755|F|0-61:C>T-61:C>T,100048771|F|0-11:G>A-11:G>A,35410581.0,35423854.0,0.005324612311511866
100032755|F|0-61:C>T-61:C>T,100014472|F|0-31:C>A-31:C>A,35410581.0,35488899.0,0.015498422962157215
100032755|F|0-61:C>T-61:C>T,100019838|F|0-5:G>C-5:G>C,35410581.0,36000724.0,0.001030062276102401
100032755|F|0-61:C>T-61:C>T,100046262|F|0-23:C>A-23:C>A,35410581.0,36000729.0,0.001030062276102401
100032755|F|0-61:C>T-61:C>T,100034510|F|0-47:C>T-47:C>T,35410581.0,36129807.0,0.008359356651386127
100032755|F|0-61:C>T-61:C>T,100014127|F|0-16:C>T-16:C>T,35410581.0,36258373.0,0.00018509872038500596
100032755|F|0-61:C>T-61:C>T,100014670|F|0-19:A>G-19:A>G,35410581.0,36976759.0,0.0006928697404887882
100032755|F|0-61:C>T-61:C>T,100041232|F|0-30:T>A-30:T>A,35410581.0,37013523.0,0.0032266079318819772
100032755|F|0-61:C>T-61:C>T,100019174|F|0-24:T>A-24:T>A,35410581.0,37246706.0,0.033254916980566394
100032755|F|0-61:C>T-61:C>T,100019068|F|0-18:T>C-18:T>C,35410581.0,37282618.0,0.02991833812981166
100032755|F|0-61:C>T-61:C>T,100060605|F|0-5:C>T-5:C>T,35410581.0,37463852.0,0.06919101457475306
100032755|F|0-61:C>T-61:C>T,100038566|F|0-46:T>A-46:T>A,35410581.0,37463857.0,0.039743070601315565
100032755|F|0-61:C>T-61:C>T,100034752|F|0-27:G>T-27:G>T,35410581.0,37483520.0,0.0364077422381309
100032755|F|0-61:C>T-61:C>T,100032980|F|0-45:T>A-45:T>A,35410581.0,38018248.0,0.006854256854256851
100032755|F|0-61:C>T-61:C>T,100049995|F|0-28:T>A-28:T>A,35410581.0,38112106.0,0.005545919073316321
100032755|F|0-61:C>T-61:C>T,100015393|F|0-56:G>A-56:G>A,35410581.0,38230758.0,0.01568277891029214
100032755|F|0-61:C>T-61:C>T,100022008|F|0-51:G>C-51:G>C,35410581.0,38274860.0,0.003957546765765967
100032755|F|0-61:C>T-61:C>T,100019383|F|0-67:A>T-67:A>T,35410581.0,38687047.0,0.0009081827263645407
100032755|F|0-61:C>T-61:C>T,100021690|F|0-12:G>A-12:G>A,35410581.0,38877675.0,0.023627615695604298
100032755|F|0-61:C>T-61:C>T,100034940|F|0-27:A>C-27:A>C,35410581.0,38877680.0,0.019072714724888657
100032755|F|0-61:C>T-61:C>T,100017082|F|0-22:G>A-22:G>A,35410581.0,38896484.0,0.02769327406806487
100032755|F|0-61:C>T-61:C>T,100018671|F|0-6:A>T-6:A>T,35410581.0,38898348.0,0.03538606986882848
100032755|F|0-61:C>T-61:C>T,100035888|F|0-14:T>C-14:T>C,35410581.0,38914509.0,0.023885079194813665
100032755|F|0-61:C>T-61:C>T,100034779|F|0-8:A>T-8:A>T,35410581.0,38917568.0,0.028060388079114693
100032755|F|0-61:C>T-61:C>T,100016817|F|0-58:C>T-58:C>T,35410581.0,38927419.0,0.00021673386576889287
100032755|F|0-61:C>T-61:C>T,100018350|F|0-55:C>G-55:C>G,35410581.0,38996563.0,0.008324524312896408
100048771|F|0-11:G>A-11:G>A,100014472|F|0-31:C>A-31:C>A,35423854.0,35488899.0,0.1903685940989798
100048771|F|0-11:G>A-11:G>A,100019838|F|0-5:G>C-5:G>C,35423854.0,36000724.0,0.009689296929397824
100048771|F|0-11:G>A-11:G>A,100046262|F|0-23:C>A-23:C>A,35423854.0,36000729.0,0.009689296929397824
100048771|F|0-11:G>A-11:G>A,100034510|F|0-47:C>T-47:C>T,35423854.0,36129807.0,0.00029614182048979333
100048771|F|0-11:G>A-11:G>A,100014127|F|0-16:C>T-16:C>T,35423854.0,36258373.0,0.0018994567166146197
100048771|F|0-11:G>A-11:G>A,100014670|F|0-19:A>G-19:A>G,35423854.0,36976759.0,0.002464514837149486
100048771|F|0-11:G>A-11:G>A,100041232|F|0-30:T>A-30:T>A,35423854.0,37013523.0,0.021698586092131936
100048771|F|0-11:G>A-11:G>A,100019174|F|0-24:T>A-24:T>A,35423854.0,37246706.0,0.027651456076674387
100048771|F|0-11:G>A-11:G>A,100019068|F|0-18:T>C-18:T>C,35423854.0,37282618.0,0.007073351638905395
100048771|F|0-11:G>A-11:G>A,100060605|F|0-5:C>T-5:C>T,35423854.0,37463852.0,0.0030514593647549162
100048771|F|0-11:G>A-11:G>A,100038566|F|0-46:T>A-46:T>A,35423854.0,37463857.0,0.0005263756300716315
100048771|F|0-11:G>A-11:G>A,100034752|F|0-27:G>T-27:G>T,35423854.0,37483520.0,0.0003905828074127809
100048771|F|0-11:G>A-11:G>A,100032980|F|0-45:T>A-45:T>A,35423854.0,38018248.0,0.05081877729257642
100048771|F|0-11:G>A-11:G>A,100049995|F|0-28:T>A-28:T>A,35423854.0,38112106.0,0.011683465932882667
100048771|F|0-11:G>A-11:G>A,100015393|F|0-56:G>A-56:G>A,35423854.0,38230758.0,0.05130234205925628
100048771|F|0-11:G>A-11:G>A,100022008|F|0-51:G>C-51:G>C,35423854.0,38274860.0,9.969890929393474e-06
100048771|F|0-11:G>A-11:G>A,100019383|F|0-67:A>T-67:A>T,35423854.0,38687047.0,0.020902678107918325
100048771|F|0-11:G>A-11:G>A,100021690|F|0-12:G>A-12:G>A,35423854.0,38877675.0,0.0506698665215186
100048771|F|0-11:G>A-11:G>A,100034940|F|0-27:A>C-27:A>C,35423854.0,38877680.0,0.0405828745016138
100048771|F|0-11:G>A-11:G>A,100017082|F|0-22:G>A-22:G>A,35423854.0,38896484.0,0.03105539007834939
100048771|F|0-11:G>A-11:G>A,100018671|F|0-6:A>T-6:A>T,35423854.0,38898348.0,0.060046563886346965
100048771|F|0-11:G>A-11:G>A,100035888|F|0-14:T>C-14:T>C,35423854.0,38914509.0,0.036183998660329064
100048771|F|0-11:G>A-11:G>A,100034779|F|0-8:A>T-8:A>T,35423854.0,38917568.0,0.04350797856391305
100048771|F|0-11:G>A-11:G>A,100016817|F|0-58:C>T-58:C>T,35423854.0,38927419.0,0.026250815460825118
100048771|F|0-11:G>A-11:G>A,100018350|F|0-55:C>G-55:C>G,35423854.0,38996563.0,0.0001727824605350766
100014472|F|0-31:C>A-31:C>A,100019838|F|0-5:G>C-5:G>C,35488899.0,36000724.0,0.0006227334651355726
100014472|F|0-31:C>A-31:C>A,100046262|F|0-23:C>A-23:C>A,35488899.0,36000729.0,0.0006227334651355726
100014472|F|0-31:C>A-31:C>A,100034510|F|0-47:C>T-47:C>T,35488899.0,36129807.0,0.0002201037378927277
100014472|F|0-31:C>A-31:C>A,100014127|F|0-16:C>T-16:C>T,35488899.0,36258373.0,0.049158653122203085
100014472|F|0-31:C>A-31:C>A,100014670|F|0-19:A>G-19:A>G,35488899.0,36976759.0,4.043975343304626e-05
100014472|F|0-31:C>A-31:C>A,100041232|F|0-30:T>A-30:T>A,35488899.0,37013523.0,0.07379230565614267
100014472|F|0-31:C>A-31:C>A,100019174|F|0-24:T>A-24:T>A,35488899.0,37246706.0,0.009066543248515661
100014472|F|0-31:C>A-31:C>A,100019068|F|0-18:T>C-18:T>C,35488899.0,37282618.0,0.017586718658295898
100014472|F|0-31:C>A-31:C>A,100060605|F|0-5:C>T-5:C>T,35488899.0,37463852.0,0.00016552335248260156
100014472|F|0-31:C>A-31:C>A,100038566|F|0-46:T>A-46:T>A,35488899.0,37463857.0,0.0001304111018203862
100014472|F|0-31:C>A-31:C>A,100034752|F|0-27:G>T-27:G>T,35488899.0,37483520.0,0.0017197625216817615
100014472|F|0-31:C>A-31:C>A,100032980|F|0-45:T>A-45:T>A,35488899.0,38018248.0,0.10891436593355168
100014472|F|0-31:C>A-31:C>A,100049995|F|0-28:T>A-28:T>A,35488899.0,38112106.0,0.015865683553310524
100014472|F|0-31:C>A-31:C>A,100015393|F|0-56:G>A-56:G>A,35488899.0,38230758.0,0.0024513505639695
100014472|F|0-31:C>A-31:C>A,100022008|F|0-51:G>C-51:G>C,35488899.0,38274860.0,0.0033386538120482195
100014472|F|0-31:C>A-31:C>A,100019383|F|0-67:A>T-67:A>T,35488899.0,38687047.0,0.1178045164942684
100014472|F|0-31:C>A-31:C>A,100021690|F|0-12:G>A-12:G>A,35488899.0,38877675.0,0.003978532824469994
100014472|F|0-31:C>A-31:C>A,100034940|F|0-27:A>C-27:A>C,35488899.0,38877680.0,0.0040830807104636786
100014472|F|0-31:C>A-31:C>A,100017082|F|0-22:G>A-22:G>A,35488899.0,38896484.0,0.0013342194636710397
100014472|F|0-31:C>A-31:C>A,100018671|F|0-6:A>T-6:A>T,35488899.0,38898348.0,0.017105774350864956
100014472|F|0-31:C>A-31:C>A,100035888|F|0-14:T>C-14:T>C,35488899.0,38914509.0,0.003975468049246097
100014472|F|0-31:C>A-31:C>A,100034779|F|0-8:A>T-8:A>T,35488899.0,38917568.0,0.008146403331820248
100014472|F|0-31:C>A-31:C>A,100016817|F|0-58:C>T-58:C>T,35488899.0,38927419.0,0.00040155027506444965
100014472|F|0-31:C>A-31:C>A,100018350|F|0-55:C>G-55:C>G,35488899.0,38996563.0,0.013141248870944922
100019838|F|0-5:G>C-5:G>C,100046262|F|0-23:C>A-23:C>A,36000724.0,36000729.0,0.999999999999998
100019838|F|0-5:G>C-5:G>C,100034510|F|0-47:C>T-47:C>T,36000724.0,36129807.0,0.11231735427065107
100019838|F|0-5:G>C-5:G>C,100014127|F|0-16:C>T-16:C>T,36000724.0,36258373.0,0.018560726962196576
100019838|F|0-5:G>C-5:G>C,100014670|F|0-19:A>G-19:A>G,36000724.0,36976759.0,0.025494041333534466
100019838|F|0-5:G>C-5:G>C,100041232|F|0-30:T>A-30:T>A,36000724.0,37013523.0,0.01789136542873654
100019838|F|0-5:G>C-5:G>C,100019174|F|0-24:T>A-24:T>A,36000724.0,37246706.0,0.0016973028291666116
100019838|F|0-5:G>C-5:G>C,100019068|F|0-18:T>C-18:T>C,36000724.0,37282618.0,0.0025870578215737854
100019838|F|0-5:G>C-5:G>C,100060605|F|0-5:C>T-5:C>T,36000724.0,37463852.0,0.000762285637254752
100019838|F|0-5:G>C-5:G>C,100038566|F|0-46:T>A-46:T>A,36000724.0,37463857.0,0.013350029886796764
100019838|F|0-5:G>C-5:G>C,100034752|F|0-27:G>T-27:G>T,36000724.0,37483520.0,0.01222966518781645
100019838|F|0-5:G>C-5:G>C,100032980|F|0-45:T>A-45:T>A,36000724.0,38018248.0,3.6412113011071178e-34
100019838|F|0-5:G>C-5:G>C,100049995|F|0-28:T>A-28:T>A,36000724.0,38112106.0,0.04218078720111091
100019838|F|0-5:G>C-5:G>C,100015393|F|0-56:G>A-56:G>A,36000724.0,38230758.0,0.1254127486968036
100019838|F|0-5:G>C-5:G>C,100022008|F|0-51:G>C-51:G>C,36000724.0,38274860.0,0.02550712897735228
100019838|F|0-5:G>C-5:G>C,100019383|F|0-67:A>T-67:A>T,36000724.0,38687047.0,0.005653665236558585
100019838|F|0-5:G>C-5:G>C,100021690|F|0-12:G>A-12:G>A,36000724.0,38877675.0,0.013016354014915174
100019838|F|0-5:G>C-5:G>C,100034940|F|0-27:A>C-27:A>C,36000724.0,38877680.0,0.017664478214957993
100019838|F|0-5:G>C-5:G>C,100017082|F|0-22:G>A-22:G>A,36000724.0,38896484.0,0.004664979555010077
100019838|F|0-5:G>C-5:G>C,100018671|F|0-6:A>T-6:A>T,36000724.0,38898348.0,0.007089958797711068
100019838|F|0-5:G>C-5:G>C,100035888|F|0-14:T>C-14:T>C,36000724.0,38914509.0,0.007884703441702254
100019838|F|0-5:G>C-5:G>C,100034779|F|0-8:A>T-8:A>T,36000724.0,38917568.0,0.010217066312304988
100019838|F|0-5:G>C-5:G>C,100016817|F|0-58:C>T-58:C>T,36000724.0,38927419.0,0.012024824640922449
100019838|F|0-5:G>C-5:G>C,100018350|F|0-55:C>G-55:C>G,36000724.0,38996563.0,0.03331682533445748
100046262|F|0-23:C>A-23:C>A,100034510|F|0-47:C>T-47:C>T,36000729.0,36129807.0,0.11231735427065107
100046262|F|0-23:C>A-23:C>A,100014127|F|0-16:C>T-16:C>T,36000729.0,36258373.0,0.018560726962196576
100046262|F|0-23:C>A-23:C>A,100014670|F|0-19:A>G-19:A>G,36000729.0,36976759.0,0.025494041333534466
100046262|F|0-23:C>A-23:C>A,100041232|F|0-30:T>A-30:T>A,36000729.0,37013523.0,0.01789136542873654
100046262|F|0-23:C>A-23:C>A,100019174|F|0-24:T>A-24:T>A,36000729.0,37246706.0,0.0016973028291666116
100046262|F|0-23:C>A-23:C>A,100019068|F|0-18:T>C-18:T>C,36000729.0,37282618.0,0.0025870578215737854
100046262|F|0-23:C>A-23:C>A,100060605|F|0-5:C>T-5:C>T,36000729.0,37463852.0,0.000762285637254752
100046262|F|0-23:C>A-23:C>A,100038566|F|0-46:T>A-46:T>A,36000729.0,37463857.0,0.013350029886796764
100046262|F|0-23:C>A-23:C>A,100034752|F|0-27:G>T-27:G>T,36000729.0,37483520.0,0.01222966518781645
100046262|F|0-23:C>A-23:C>A,100032980|F|0-45:T>A-45:T>A,36000729.0,38018248.0,3.6412113011071178e-34
100046262|F|0-23:C>A-23:C>A,100049995|F|0-28:T>A-28:T>A,36000729.0,38112106.0,0.04218078720111091
100046262|F|0-23:C>A-23:C>A,100015393|F|0-56:G>A-56:G>A,36000729.0,38230758.0,0.1254127486968036
100046262|F|0-23:C>A-23:C>A,100022008|F|0-51:G>C-51:G>C,36000729.0,38274860.0,0.02550712897735228
100046262|F|0-23:C>A-23:C>A,100019383|F|0-67:A>T-67:A>T,36000729.0,38687047.0,0.005653665236558585
100046262|F|0-23:C>A-23:C>A,100021690|F|0-12:G>A-12:G>A,36000729.0,38877675.0,0.013016354014915174
100046262|F|0-23:C>A-23:C>A,100034940|F|0-27:A>C-27:A>C,36000729.0,38877680.0,0.017664478214957993
100046262|F|0-23:C>A-23:C>A,100017082|F|0-22:G>A-22:G>A,36000729.0,38896484.0,0.004664979555010077
100046262|F|0-23:C>A-23:C>A,100018671|F|0-6:A>T-6:A>T,36000729.0,38898348.0,0.007089958797711068
100046262|F|0-23:C>A-23:C>A,100035888|F|0-14:T>C-14:T>C,36000729.0,38914509.0,0.007884703441702254
100046262|F|0-23:C>A-23:C>A,100034779|F|0-8:A>T-8:A>T,36000729.0,38917568.0,0.010217066312304988
100046262|F|0-23:C>A-23:C>A,100016817|F|0-58:C>T-58:C>T,36000729.0,38927419.0,0.012024824640922449
100046262|F|0-23:C>A-23:C>A,100018350|F|0-55:C>G-55:C>G,36000729.0,38996563.0,0.03331682533445748
100034510|F|0-47:C>T-47:C>T,100014127|F|0-16:C>T-16:C>T,36129807.0,36258373.0,0.05231701186391645
100034510|F|0-47:C>T-47:C>T,100014670|F|0-19:A>G-19:A>G,36129807.0,36976759.0,0.03870029567729939
100034510|F|0-47:C>T-47:C>T,100041232|F|0-30:T>A-30:T>A,36129807.0,37013523.0,0.05105677581211461
100034510|F|0-47:C>T-47:C>T,100019174|F|0-24:T>A-24:T>A,36129807.0,37246706.0,0.0031816496464018265
100034510|F|0-47:C>T-47:C>T,100019068|F|0-18:T>C-18:T>C,36129807.0,37282618.0,0.0001583128465271391
100034510|F|0-47:C>T-47:C>T,100060605|F|0-5:C>T-5:C>T,36129807.0,37463852.0,0.020115338143351886
100034510|F|0-47:C>T-47:C>T,100038566|F|0-46:T>A-46:T>A,36129807.0,37463857.0,0.005646569235668095
100034510|F|0-47:C>T-47:C>T,100034752|F|0-27:G>T-27:G>T,36129807.0,37483520.0,0.005172696375784284
100034510|F|0-47:C>T-47:C>T,100032980|F|0-45:T>A-45:T>A,36129807.0,38018248.0,0.00715840589417281
100034510|F|0-47:C>T-47:C>T,100049995|F|0-28:T>A-28:T>A,36129807.0,38112106.0,0.01132009308278821
100034510|F|0-47:C>T-47:C>T,100015393|F|0-56:G>A-56:G>A,36129807.0,38230758.0,0.03870029567729945
100034510|F|0-47:C>T-47:C>T,100022008|F|0-51:G>C-51:G>C,36129807.0,38274860.0,0.0014986221851134847
100034510|F|0-47:C>T-47:C>T,100019383|F|0-67:A>T-67:A>T,36129807.0,38687047.0,0.0022950927170619084
100034510|F|0-47:C>T-47:C>T,100021690|F|0-12:G>A-12:G>A,36129807.0,38877675.0,0.00040083183278339296
100034510|F|0-47:C>T-47:C>T,100034940|F|0-27:A>C-27:A>C,36129807.0,38877680.0,0.0005533067357814734
100034510|F|0-47:C>T-47:C>T,100017082|F|0-22:G>A-22:G>A,36129807.0,38896484.0,0.00650890248562824
100034510|F|0-47:C>T-47:C>T,100018671|F|0-6:A>T-6:A>T,36129807.0,38898348.0,0.0006418103226196153
100034510|F|0-47:C>T-47:C>T,100035888|F|0-14:T>C-14:T>C,36129807.0,38914509.0,0.0032007776704265894
100034510|F|0-47:C>T-47:C>T,100034779|F|0-8:A>T-8:A>T,36129807.0,38917568.0,0.005151380600103857
100034510|F|0-47:C>T-47:C>T,100016817|F|0-58:C>T-58:C>T,36129807.0,38927419.0,0.021616303770705947
100034510|F|0-47:C>T-47:C>T,100018350|F|0-55:C>G-55:C>G,36129807.0,38996563.0,0.006814856063870852
100014127|F|0-16:C>T-16:C>T,100014670|F|0-19:A>G-19:A>G,36258373.0,36976759.0,0.012036469500591384
100014127|F|0-16:C>T-16:C>T,100041232|F|0-30:T>A-30:T>A,36258373.0,37013523.0,0.025025692504214762
100014127|F|0-16:C>T-16:C>T,100019174|F|0-24:T>A-24:T>A,36258373.0,37246706.0,0.054516416783394236
100014127|F|0-16:C>T-16:C>T,100019068|F|0-18:T>C-18:T>C,36258373.0,37282618.0,0.004515975949078279
100014127|F|0-16:C>T-16:C>T,100060605|F|0-5:C>T-5:C>T,36258373.0,37463852.0,0.0028836930698278684
100014127|F|0-16:C>T-16:C>T,100038566|F|0-46:T>A-46:T>A,36258373.0,37463857.0,0.0014647779174536885
100014127|F|0-16:C>T-16:C>T,100034752|F|0-27:G>T-27:G>T,36258373.0,37483520.0,4.744361267818873e-05
100014127|F|0-16:C>T-16:C>T,100032980|F|0-45:T>A-45:T>A,36258373.0,38018248.0,0.042693075898801607
100014127|F|0-16:C>T-16:C>T,100049995|F|0-28:T>A-28:T>A,36258373.0,38112106.0,0.06403571873726958
100014127|F|0-16:C>T-16:C>T,100015393|F|0-56:G>A-56:G>A,36258373.0,38230758.0,0.037544297198092144
100014127|F|0-16:C>T-16:C>T,100022008|F|0-51:G>C-51:G>C,36258373.0,38274860.0,0.05016269530022885
100014127|F|0-16:C>T-16:C>T,100019383|F|0-67:A>T-67:A>T,36258373.0,38687047.0,0.2389995157971193
100014127|F|0-16:C>T-16:C>T,100021690|F|0-12:G>A-12:G>A,36258373.0,38877675.0,0.0002656200294476751
100014127|F|0-16:C>T-16:C>T,100034940|F|0-27:A>C-27:A>C,36258373.0,38877680.0,2.2916304830274577e-05
100014127|F|0-16:C>T-16:C>T,100017082|F|0-22:G>A-22:G>A,36258373.0,38896484.0,0.0014677090396172515
100014127|F|0-16:C>T-16:C>T,100018671|F|0-6:A>T-6:A>T,36258373.0,38898348.0,0.0004253097255530792
100014127|F|0-16:C>T-16:C>T,100035888|F|0-14:T>C-14:T>C,36258373.0,38914509.0,6.54649912866102e-06
100014127|F|0-16:C>T-16:C>T,100034779|F|0-8:A>T-8:A>T,36258373.0,38917568.0,0.0008079115486467487
100014127|F|0-16:C>T-16:C>T,100016817|F|0-58:C>T-58:C>T,36258373.0,38927419.0,0.0674351440554045
100014127|F|0-16:C>T-16:C>T,100018350|F|0-55:C>G-55:C>G,36258373.0,38996563.0,1.1469060488971859e-06
100014670|F|0-19:A>G-19:A>G,100041232|F|0-30:T>A-30:T>A,36976759.0,37013523.0,0.14350141987163714
100014670|F|0-19:A>G-19:A>G,100019174|F|0-24:T>A-24:T>A,36976759.0,37246706.0,0.0009308647701504827
100014670|F|0-19:A>G-19:A>G,100019068|F|0-18:T>C-18:T>C,36976759.0,37282618.0,0.010728817627955252
100014670|F|0-19:A>G-19:A>G,100060605|F|0-5:C>T-5:C>T,36976759.0,37463852.0,2.8646210257152438e-05
100014670|F|0-19:A>G-19:A>G,100038566|F|0-46:T>A-46:T>A,36976759.0,37463857.0,0.03429374178329495
100014670|F|0-19:A>G-19:A>G,100034752|F|0-27:G>T-27:G>T,36976759.0,37483520.0,0.05594856382547764
100014670|F|0-19:A>G-19:A>G,100032980|F|0-45:T>A-45:T>A,36976759.0,38018248.0,0.018849206349206338
100014670|F|0-19:A>G-19:A>G,100049995|F|0-28:T>A-28:T>A,36976759.0,38112106.0,0.00930493645961679
100014670|F|0-19:A>G-19:A>G,100015393|F|0-56:G>A-56:G>A,36976759.0,38230758.0,0.06053162005542943
100014670|F|0-19:A>G-19:A>G,100022008|F|0-51:G>C-51:G>C,36976759.0,38274860.0,0.01811988113357981
100014670|F|0-19:A>G-19:A>G,100019383|F|0-67:A>T-67:A>T,36976759.0,38687047.0,0.012957721291054644
100014670|F|0-19:A>G-19:A>G,100021690|F|0-12:G>A-12:G>A,36976759.0,38877675.0,2.4981139239873592e-05
100014670|F|0-19:A>G-19:A>G,100034940|F|0-27:A>C-27:A>C,36976759.0,38877680.0,0.00036423587148224734
100014670|F|0-19:A>G-19:A>G,100017082|F|0-22:G>A-22:G>A,36976759.0,38896484.0,1.2049603051647926e-05
100014670|F|0-19:A>G-19:A>G,100018671|F|0-6:A>T-6:A>T,36976759.0,38898348.0,0.0008420698075870447
100014670|F|0-19:A>G-19:A>G,100035888|F|0-14:T>C-14:T>C,36976759.0,38914509.0,0.0009364611134522609
100014670|F|0-19:A>G-19:A>G,100034779|F|0-8:A>T-8:A>T,36976759.0,38917568.0,0.0015071548571340518
100014670|F|0-19:A>G-19:A>G,100016817|F|0-58:C>T-58:C>T,36976759.0,38927419.0,0.008481744960181928
100014670|F|0-19:A>G-19:A>G,100018350|F|0-55:C>G-55:C>G,36976759.0,38996563.0,0.0323478779012801
100041232|F|0-30:T>A-30:T>A,100019174|F|0-24:T>A-24:T>A,37013523.0,37246706.0,0.010064473401469255
100041232|F|0-30:T>A-30:T>A,100019068|F|0-18:T>C-18:T>C,37013523.0,37282618.0,0.006847014469623545
100041232|F|0-30:T>A-30:T>A,100060605|F|0-5:C>T-5:C>T,37013523.0,37463852.0,0.005242434219831953
100041232|F|0-30:T>A-30:T>A,100038566|F|0-46:T>A-46:T>A,37013523.0,37463857.0,0.0005985865280385857
100041232|F|0-30:T>A-30:T>A,100034752|F|0-27:G>T-27:G>T,37013523.0,37483520.0,0.0005483517929116673
100041232|F|0-30:T>A-30:T>A,100032980|F|0-45:T>A-45:T>A,37013523.0,38018248.0,0.0012280248190279213
100041232|F|0-30:T>A-30:T>A,100049995|F|0-28:T>A-28:T>A,37013523.0,38112106.0,0.0019144172061594338
100041232|F|0-30:T>A-30:T>A,100015393|F|0-56:G>A-56:G>A,37013523.0,38230758.0,0.06275932947770238
100041232|F|0-30:T>A-30:T>A,100022008|F|0-51:G>C-51:G>C,37013523.0,38274860.0,0.04835366170380548
100041232|F|0-30:T>A-30:T>A,100019383|F|0-67:A>T-67:A>T,37013523.0,38687047.0,0.036610235679522145
100041232|F|0-30:T>A-30:T>A,100021690|F|0-12:G>A-12:G>A,37013523.0,38877675.0,0.0061556872544682815
100041232|F|0-30:T>A-30:T>A,100034940|F|0-27:A>C-27:A>C,37013523.0,38877680.0,0.0004805314509239699
100041232|F|0-30:T>A-30:T>A,100017082|F|0-22:G>A-22:G>A,37013523.0,38896484.0,0.01696373521986858
100041232|F|0-30:T>A-30:T>A,100018671|F|0-6:A>T-6:A>T,37013523.0,38898348.0,0.011534484130140805
100041232|F|0-30:T>A-30:T>A,100035888|F|0-14:T>C-14:T>C,37013523.0,38914509.0,0.012827435153578363
100041232|F|0-30:T>A-30:T>A,100034779|F|0-8:A>T-8:A>T,37013523.0,38917568.0,0.011677653450250302
100041232|F|0-30:T>A-30:T>A,100016817|F|0-58:C>T-58:C>T,37013523.0,38927419.0,0.01813315095063464
100041232|F|0-30:T>A-30:T>A,100018350|F|0-55:C>G-55:C>G,37013523.0,38996563.0,0.051073173110581904
100019174|F|0-24:T>A-24:T>A,100019068|F|0-18:T>C-18:T>C,37246706.0,37282618.0,0.07249602373161168
100019174|F|0-24:T>A-24:T>A,100060605|F|0-5:C>T-5:C>T,37246706.0,37463852.0,0.008021589922235808
100019174|F|0-24:T>A-24:T>A,100038566|F|0-46:T>A-46:T>A,37246706.0,37463857.0,0.0006136582800035081
100019174|F|0-24:T>A-24:T>A,100034752|F|0-27:G>T-27:G>T,37246706.0,37483520.0,0.0005621586893671699
100019174|F|0-24:T>A-24:T>A,100032980|F|0-45:T>A-45:T>A,37246706.0,38018248.0,0.003855519480519482
100019174|F|0-24:T>A-24:T>A,100049995|F|0-28:T>A-28:T>A,37246706.0,38112106.0,0.01973087111946265
100019174|F|0-24:T>A-24:T>A,100015393|F|0-56:G>A-56:G>A,37246706.0,38230758.0,0.0006928697404887871
100019174|F|0-24:T>A-24:T>A,100022008|F|0-51:G>C-51:G>C,37246706.0,38274860.0,0.014457039820909635
100019174|F|0-24:T>A-24:T>A,100019383|F|0-67:A>T-67:A>T,37246706.0,38687047.0,0.018905100581236945
100019174|F|0-24:T>A-24:T>A,100021690|F|0-12:G>A-12:G>A,37246706.0,38877675.0,1.1497001581987544e-05
100019174|F|0-24:T>A-24:T>A,100034940|F|0-27:A>C-27:A>C,37246706.0,38877680.0,0.002053483201581026
100019174|F|0-24:T>A-24:T>A,100017082|F|0-22:G>A-22:G>A,37246706.0,38896484.0,0.009983019281332208
100019174|F|0-24:T>A-24:T>A,100018671|F|0-6:A>T-6:A>T,37246706.0,38898348.0,0.00038754349099176977
100019174|F|0-24:T>A-24:T>A,100035888|F|0-14:T>C-14:T>C,37246706.0,38914509.0,0.002876225912730339
100019174|F|0-24:T>A-24:T>A,100034779|F|0-8:A>T-8:A>T,37246706.0,38917568.0,0.002173748925855672
100019174|F|0-24:T>A-24:T>A,100016817|F|0-58:C>T-58:C>T,37246706.0,38927419.0,3.836518199456057e-05
100019174|F|0-24:T>A-24:T>A,100018350|F|0-55:C>G-55:C>G,37246706.0,38996563.0,0.015784008062351102
100019068|F|0-18:T>C-18:T>C,100060605|F|0-5:C>T-5:C>T,37282618.0,37463852.0,0.0035332957525446096
100019068|F|0-18:T>C-18:T>C,100038566|F|0-46:T>A-46:T>A,37282618.0,37463857.0,0.004741466742886661
100019068|F|0-18:T>C-18:T>C,100034752|F|0-27:G>T-27:G>T,37282618.0,37483520.0,0.001051326181400472
100019068|F|0-18:T>C-18:T>C,100032980|F|0-45:T>A-45:T>A,37282618.0,38018248.0,0.010686164229471305
100019068|F|0-18:T>C-18:T>C,100049995|F|0-28:T>A-28:T>A,37282618.0,38112106.0,0.052597890696026064
100019068|F|0-18:T>C-18:T>C,100015393|F|0-56:G>A-56:G>A,37282618.0,38230758.0,0.010728817627955226
100019068|F|0-18:T>C-18:T>C,100022008|F|0-51:G>C-51:G>C,37282618.0,38274860.0,0.042124443348690976
100019068|F|0-18:T>C-18:T>C,100019383|F|0-67:A>T-67:A>T,37282618.0,38687047.0,0.017760290890212155
100019068|F|0-18:T>C-18:T>C,100021690|F|0-12:G>A-12:G>A,37282618.0,38877675.0,0.04245308571556027
100019068|F|0-18:T>C-18:T>C,100034940|F|0-27:A>C-27:A>C,37282618.0,38877680.0,0.024421369883112463
100019068|F|0-18:T>C-18:T>C,100017082|F|0-22:G>A-22:G>A,37282618.0,38896484.0,0.016163658572237855
100019068|F|0-18:T>C-18:T>C,100018671|F|0-6:A>T-6:A>T,37282618.0,38898348.0,0.0320021751259872
100019068|F|0-18:T>C-18:T>C,100035888|F|0-14:T>C-14:T>C,37282618.0,38914509.0,0.017936778920334073
100019068|F|0-18:T>C-18:T>C,100034779|F|0-8:A>T-8:A>T,37282618.0,38917568.0,0.02256117212876477
100019068|F|0-18:T>C-18:T>C,100016817|F|0-58:C>T-58:C>T,37282618.0,38927419.0,0.0007978139616036193
100019068|F|0-18:T>C-18:T>C,100018350|F|0-55:C>G-55:C>G,37282618.0,38996563.0,0.005722485997389851
100060605|F|0-5:C>T-5:C>T,100038566|F|0-46:T>A-46:T>A,37463852.0,37463857.0,0.25130212531472307
100060605|F|0-5:C>T-5:C>T,100034752|F|0-27:G>T-27:G>T,37463852.0,37483520.0,0.18429736754486775
100060605|F|0-5:C>T-5:C>T,100032980|F|0-45:T>A-45:T>A,37463852.0,38018248.0,0.0015197568389057757
100060605|F|0-5:C>T-5:C>T,100049995|F|0-28:T>A-28:T>A,37463852.0,38112106.0,0.0003476541356122754
100060605|F|0-5:C>T-5:C>T,100015393|F|0-56:G>A-56:G>A,37463852.0,38230758.0,0.008278754764317072
100060605|F|0-5:C>T-5:C>T,100022008|F|0-51:G>C-51:G>C,37463852.0,38274860.0,0.0033753868787386736
100060605|F|0-5:C>T-5:C>T,100019383|F|0-67:A>T-67:A>T,37463852.0,38687047.0,0.004100354432801254
100060605|F|0-5:C>T-5:C>T,100021690|F|0-12:G>A-12:G>A,37463852.0,38877675.0,0.010021515537683946
100060605|F|0-5:C>T-5:C>T,100034940|F|0-27:A>C-27:A>C,37463852.0,38877680.0,0.017989295625743387
100060605|F|0-5:C>T-5:C>T,100017082|F|0-22:G>A-22:G>A,37463852.0,38896484.0,0.02204706923412053
100060605|F|0-5:C>T-5:C>T,100018671|F|0-6:A>T-6:A>T,37463852.0,38898348.0,0.017191191053993703
100060605|F|0-5:C>T-5:C>T,100035888|F|0-14:T>C-14:T>C,37463852.0,38914509.0,0.01911822721933815
100060605|F|0-5:C>T-5:C>T,100034779|F|0-8:A>T-8:A>T,37463852.0,38917568.0,0.022396669341894045
100060605|F|0-5:C>T-5:C>T,100016817|F|0-58:C>T-58:C>T,37463852.0,38927419.0,0.009600186629181513
100060605|F|0-5:C>T-5:C>T,100018350|F|0-55:C>G-55:C>G,37463852.0,38996563.0,0.0006715204637025523
100038566|F|0-46:T>A-46:T>A,100034752|F|0-27:G>T-27:G>T,37463857.0,37483520.0,0.9160777385159019
100038566|F|0-46:T>A-46:T>A,100032980|F|0-45:T>A-45:T>A,37463857.0,38018248.0,0.0011451301832208303
100038566|F|0-46:T>A-46:T>A,100049995|F|0-28:T>A-28:T>A,37463857.0,38112106.0,0.022070588565540693
100038566|F|0-46:T>A-46:T>A,100015393|F|0-56:G>A-56:G>A,37463857.0,38230758.0,0.003918507293627834
100038566|F|0-46:T>A-46:T>A,100022008|F|0-51:G>C-51:G>C,37463857.0,38274860.0,0.002314478452508339
100038566|F|0-46:T>A-46:T>A,100019383|F|0-67:A>T-67:A>T,37463857.0,38687047.0,0.018359172168236806
100038566|F|0-46:T>A-46:T>A,100021690|F|0-12:G>A-12:G>A,37463857.0,38877675.0,0.013553069024015128
100038566|F|0-46:T>A-46:T>A,100034940|F|0-27:A>C-27:A>C,37463857.0,38877680.0,0.01613139910276302
100038566|F|0-46:T>A-46:T>A,100017082|F|0-22:G>A-22:G>A,37463857.0,38896484.0,0.009657184991886917
100038566|F|0-46:T>A-46:T>A,100018671|F|0-6:A>T-6:A>T,37463857.0,38898348.0,0.0051157567866908565
100038566|F|0-46:T>A-46:T>A,100035888|F|0-14:T>C-14:T>C,37463857.0,38914509.0,0.012377575431739528
100038566|F|0-46:T>A-46:T>A,100034779|F|0-8:A>T-8:A>T,37463857.0,38917568.0,0.016288854216703532
100038566|F|0-46:T>A-46:T>A,100016817|F|0-58:C>T-58:C>T,37463857.0,38927419.0,0.0033438438945575574
100038566|F|0-46:T>A-46:T>A,100018350|F|0-55:C>G-55:C>G,37463857.0,38996563.0,8.238458682494424e-05
100034752|F|0-27:G>T-27:G>T,100032980|F|0-45:T>A-45:T>A,37483520.0,38018248.0,0.00419611307420495
100034752|F|0-27:G>T-27:G>T,100049995|F|0-28:T>A-28:T>A,37483520.0,38112106.0,0.0202183748608354
100034752|F|0-27:G>T-27:G>T,100015393|F|0-56:G>A-56:G>A,37483520.0,38230758.0,0.0035896572999046515
100034752|F|0-27:G>T-27:G>T,100022008|F|0-51:G>C-51:G>C,37483520.0,38274860.0,0.005808606418510102
100034752|F|0-27:G>T-27:G>T,100019383|F|0-67:A>T-67:A>T,37483520.0,38687047.0,0.016818428920902472
100034752|F|0-27:G>T-27:G>T,100021690|F|0-12:G>A-12:G>A,37483520.0,38877675.0,0.021033744081522306
100034752|F|0-27:G>T-27:G>T,100034940|F|0-27:A>C-27:A>C,37483520.0,38877680.0,0.024127650176678467
100034752|F|0-27:G>T-27:G>T,100017082|F|0-22:G>A-22:G>A,37483520.0,38896484.0,0.01623029981139841
100034752|F|0-27:G>T-27:G>T,100018671|F|0-6:A>T-6:A>T,37483520.0,38898348.0,0.010195916244106781
100034752|F|0-27:G>T-27:G>T,100035888|F|0-14:T>C-14:T>C,37483520.0,38914509.0,0.019817692860939984
100034752|F|0-27:G>T-27:G>T,100034779|F|0-8:A>T-8:A>T,37483520.0,38917568.0,0.024783508247199895
100034752|F|0-27:G>T-27:G>T,100016817|F|0-58:C>T-58:C>T,37483520.0,38927419.0,0.006729945923009113
100034752|F|0-27:G>T-27:G>T,100018350|F|0-55:C>G-55:C>G,37483520.0,38996563.0,0.0019864911752084033
100032980|F|0-45:T>A-45:T>A,100049995|F|0-28:T>A-28:T>A,38018248.0,38112106.0,0.12302011986301375
100032980|F|0-45:T>A-45:T>A,100015393|F|0-56:G>A-56:G>A,38018248.0,38230758.0,0.10262345679012347
100032980|F|0-45:T>A-45:T>A,100022008|F|0-51:G>C-51:G>C,38018248.0,38274860.0,0.02656963470319636
100032980|F|0-45:T>A-45:T>A,100019383|F|0-67:A>T-67:A>T,38018248.0,38687047.0,0.04069055944055944
100032980|F|0-45:T>A-45:T>A,100021690|F|0-12:G>A-12:G>A,38018248.0,38877675.0,0.006055240793201137
100032980|F|0-45:T>A-45:T>A,100034940|F|0-27:A>C-27:A>C,38018248.0,38877680.0,0.010869565217391308
100032980|F|0-45:T>A-45:T>A,100017082|F|0-22:G>A-22:G>A,38018248.0,38896484.0,0.005960680423870606
100032980|F|0-45:T>A-45:T>A,100018671|F|0-6:A>T-6:A>T,38018248.0,38898348.0,0.005669761273209553
100032980|F|0-45:T>A-45:T>A,100035888|F|0-14:T>C-14:T>C,38018248.0,38914509.0,0.0063053097345132725
100032980|F|0-45:T>A-45:T>A,100034779|F|0-8:A>T-8:A>T,38018248.0,38917568.0,0.0066713483146067405
100032980|F|0-45:T>A-45:T>A,100016817|F|0-58:C>T-58:C>T,38018248.0,38927419.0,0.0038196926375982858
100032980|F|0-45:T>A-45:T>A,100018350|F|0-55:C>G-55:C>G,38018248.0,38996563.0,0.0007671188630490953
100049995|F|0-28:T>A-28:T>A,100015393|F|0-56:G>A-56:G>A,38112106.0,38230758.0,0.009304936459616784
100049995|F|0-28:T>A-28:T>A,100022008|F|0-51:G>C-51:G>C,38112106.0,38274860.0,0.011632986958153494
100049995|F|0-28:T>A-28:T>A,100019383|F|0-67:A>T-67:A>T,38112106.0,38687047.0,0.028977871443624806
100049995|F|0-28:T>A-28:T>A,100021690|F|0-12:G>A-12:G>A,38112106.0,38877675.0,0.045124471263921793
100049995|F|0-28:T>A-28:T>A,100034940|F|0-27:A>C-27:A>C,38112106.0,38877680.0,0.0510999851101846
100049995|F|0-28:T>A-28:T>A,100017082|F|0-22:G>A-22:G>A,38112106.0,38896484.0,0.027964534834860062
100049995|F|0-28:T>A-28:T>A,100018671|F|0-6:A>T-6:A>T,38112106.0,38898348.0,0.030703826169107256
100049995|F|0-28:T>A-28:T>A,100035888|F|0-14:T>C-14:T>C,38112106.0,38914509.0,0.03414555299632284
100049995|F|0-28:T>A-28:T>A,100034779|F|0-8:A>T-8:A>T,38112106.0,38917568.0,0.03366992030509797
100049995|F|0-28:T>A-28:T>A,100016817|F|0-58:C>T-58:C>T,38112106.0,38927419.0,0.001414904971261265
100049995|F|0-28:T>A-28:T>A,100018350|F|0-55:C>G-55:C>G,38112106.0,38996563.0,0.005044207505929006
100015393|F|0-56:G>A-56:G>A,100022008|F|0-51:G>C-51:G>C,38230758.0,38274860.0,0.09309592262408117
100015393|F|0-56:G>A-56:G>A,100019383|F|0-67:A>T-67:A>T,38230758.0,38687047.0,0.012957721291054655
100015393|F|0-56:G>A-56:G>A,100021690|F|0-12:G>A-12:G>A,38230758.0,38877675.0,0.009992455695949568
100015393|F|0-56:G>A-56:G>A,100034940|F|0-27:A>C-27:A>C,38230758.0,38877680.0,0.013112491373360888
100015393|F|0-56:G>A-56:G>A,100017082|F|0-22:G>A-22:G>A,38230758.0,38896484.0,0.02096729295093293
100015393|F|0-56:G>A-56:G>A,100018671|F|0-6:A>T-6:A>T,38230758.0,38898348.0,0.011841606669192928
100015393|F|0-56:G>A-56:G>A,100035888|F|0-14:T>C-14:T>C,38230758.0,38914509.0,0.013168984407922479
100015393|F|0-56:G>A-56:G>A,100034779|F|0-8:A>T-8:A>T,38230758.0,38917568.0,0.012253477245154317
100015393|F|0-56:G>A-56:G>A,100016817|F|0-58:C>T-58:C>T,38230758.0,38927419.0,0.02806300292600025
100015393|F|0-56:G>A-56:G>A,100018350|F|0-55:C>G-55:C>G,38230758.0,38996563.0,0.0005266509896139526
100022008|F|0-51:G>C-51:G>C,100019383|F|0-67:A>T-67:A>T,38274860.0,38687047.0,0.14334067758725333
100022008|F|0-51:G>C-51:G>C,100021690|F|0-12:G>A-12:G>A,38274860.0,38877675.0,4.042324757137121e-05
100022008|F|0-51:G>C-51:G>C,100034940|F|0-27:A>C-27:A>C,38274860.0,38877680.0,0.0005893885249156253
100022008|F|0-51:G>C-51:G>C,100017082|F|0-22:G>A-22:G>A,38274860.0,38896484.0,5.7300460695703656e-05
100022008|F|0-51:G>C-51:G>C,100018671|F|0-6:A>T-6:A>T,38274860.0,38898348.0,0.0013625958359071255
100022008|F|0-51:G>C-51:G>C,100035888|F|0-14:T>C-14:T>C,38274860.0,38914509.0,0.0015153351921445032
100022008|F|0-51:G>C-51:G>C,100034779|F|0-8:A>T-8:A>T,38274860.0,38917568.0,0.0005771894720640287
100022008|F|0-51:G>C-51:G>C,100016817|F|0-58:C>T-58:C>T,38274860.0,38927419.0,0.052096082981647064
100022008|F|0-51:G>C-51:G>C,100018350|F|0-55:C>G-55:C>G,38274860.0,38996563.0,0.04958526541833323
100019383|F|0-67:A>T-67:A>T,100021690|F|0-12:G>A-12:G>A,38687047.0,38877675.0,0.047158224212048704
100019383|F|0-67:A>T-67:A>T,100034940|F|0-27:A>C-27:A>C,38687047.0,38877680.0,0.05776831863788382
100019383|F|0-67:A>T-67:A>T,100017082|F|0-22:G>A-22:G>A,38687047.0,38896484.0,0.028432248175694917
100019383|F|0-67:A>T-67:A>T,100018671|F|0-6:A>T-6:A>T,38687047.0,38898348.0,0.03451058225594039
100019383|F|0-67:A>T-67:A>T,100035888|F|0-14:T>C-14:T>C,38687047.0,38914509.0,0.02735575633805722
100019383|F|0-67:A>T-67:A>T,100034779|F|0-8:A>T-8:A>T,38687047.0,38917568.0,0.025143395929912854
100019383|F|0-67:A>T-67:A>T,100016817|F|0-58:C>T-58:C>T,38687047.0,38927419.0,0.16095569012831337
100019383|F|0-67:A>T-67:A>T,100018350|F|0-55:C>G-55:C>G,38687047.0,38996563.0,0.032325152237942925
100021690|F|0-12:G>A-12:G>A,100034940|F|0-27:A>C-27:A>C,38877675.0,38877680.0,0.8958538613129706
100021690|F|0-12:G>A-12:G>A,100017082|F|0-22:G>A-22:G>A,38877675.0,38896484.0,0.7863460988515273
100021690|F|0-12:G>A-12:G>A,100018671|F|0-6:A>T-6:A>T,38877675.0,38898348.0,0.7863800993379985
100021690|F|0-12:G>A-12:G>A,100035888|F|0-14:T>C-14:T>C,38877675.0,38914509.0,0.874528901033705
100021690|F|0-12:G>A-12:G>A,100034779|F|0-8:A>T-8:A>T,38877675.0,38917568.0,0.8496815241571251
100021690|F|0-12:G>A-12:G>A,100016817|F|0-58:C>T-58:C>T,38877675.0,38927419.0,0.32659912887999804
100021690|F|0-12:G>A-12:G>A,100018350|F|0-55:C>G-55:C>G,38877675.0,38996563.0,0.016140720732591093
100034940|F|0-27:A>C-27:A>C,100017082|F|0-22:G>A-22:G>A,38877680.0,38896484.0,0.7464096486335727
100034940|F|0-27:A>C-27:A>C,100018671|F|0-6:A>T-6:A>T,38877680.0,38898348.0,0.7456968631069093
100034940|F|0-27:A>C-27:A>C,100035888|F|0-14:T>C-14:T>C,38877680.0,38914509.0,0.8292853020392442
100034940|F|0-27:A>C-27:A>C,100034779|F|0-8:A>T-8:A>T,38877680.0,38917568.0,0.8045581609944087
100034940|F|0-27:A>C-27:A>C,100016817|F|0-58:C>T-58:C>T,38877680.0,38927419.0,0.33133527053485456
100034940|F|0-27:A>C-27:A>C,100018350|F|0-55:C>G-55:C>G,38877680.0,38996563.0,0.014708670374115268
100017082|F|0-22:G>A-22:G>A,100018671|F|0-6:A>T-6:A>T,38896484.0,38898348.0,0.759808997856384
100017082|F|0-22:G>A-22:G>A,100035888|F|0-14:T>C-14:T>C,38896484.0,38914509.0,0.8958141050002708
100017082|F|0-22:G>A-22:G>A,100034779|F|0-8:A>T-8:A>T,38896484.0,38917568.0,0.8680034647153951
100017082|F|0-22:G>A-22:G>A,100016817|F|0-58:C>T-58:C>T,38896484.0,38927419.0,0.2703030748199951
100017082|F|0-22:G>A-22:G>A,100018350|F|0-55:C>G-55:C>G,38896484.0,38996563.0,0.026362299698367647
100018671|F|0-6:A>T-6:A>T,100035888|F|0-14:T>C-14:T>C,38898348.0,38914509.0,0.8992042440318342
100018671|F|0-6:A>T-6:A>T,100034779|F|0-8:A>T-8:A>T,38898348.0,38917568.0,0.8744457359335334
100018671|F|0-6:A>T-6:A>T,100016817|F|0-58:C>T-58:C>T,38898348.0,38927419.0,0.25843701355458526
100018671|F|0-6:A>T-6:A>T,100018350|F|0-55:C>G-55:C>G,38898348.0,38996563.0,0.009330084510517561
100035888|F|0-14:T>C-14:T>C,100034779|F|0-8:A>T-8:A>T,38914509.0,38917568.0,0.9724662019083812
100035888|F|0-14:T>C-14:T>C,100016817|F|0-58:C>T-58:C>T,38914509.0,38927419.0,0.3112684787490429
100035888|F|0-14:T>C-14:T>C,100018350|F|0-55:C>G-55:C>G,38914509.0,38996563.0,0.025763569702651822
100034779|F|0-8:A>T-8:A>T,100016817|F|0-58:C>T-58:C>T,38917568.0,38927419.0,0.303310104685084
100034779|F|0-8:A>T-8:A>T,100018350|F|0-55:C>G-55:C>G,38917568.0,38996563.0,0.02351802252997705
100016817|F|0-58:C>T-58:C>T,100018350|F|0-55:C>G-55:C>G,38927419.0,38996563.0,0.0017475106803863233
