rs_i,rs_j,pos_i,pos_j,r2
100017888|F|0-29:G>T-29:G>T,100013714|F|0-67:T>C-67:T>C,1708047.0,2508303.0,0.02981412103746386
100017888|F|0-29:G>T-29:G>T,100019075|F|0-58:G>A-58:G>A,1708047.0,2821796.0,0.022743142144638434
100017888|F|0-29:G>T-29:G>T,100049762|F|0-13:A>G-13:A>G,1708047.0,3667920.0,0.006113256113256101
100017888|F|0-29:G>T-29:G>T,100049761|F|0-12:A>G-12:A>G,1708047.0,3667920.0,0.004906272022551116
100017888|F|0-29:G>T-29:G>T,100021278|F|0-44:C>G-44:C>G,1708047.0,3753633.0,0.01586952699138384
100017888|F|0-29:G>T-29:G>T,100021657|F|0-10:A>T-10:A>T,1708047.0,3994188.0,0.004723756906077352
100017888|F|0-29:G>T-29:G>T,100019345|F|0-24:G>A-24:G>A,1708047.0,4018002.0,0.007212488769092564
100017888|F|0-29:G>T-29:G>T,100019488|F|0-31:C>T-31:C>T,1708047.0,4399918.0,0.0008762793163826482
100017888|F|0-29:G>T-29:G>T,100034114|F|0-47:T>A-47:T>A,1708047.0,4820466.0,0.01873675631621842
100017888|F|0-29:G>T-29:G>T,100014086|F|0-61:C>T-61:C>T,1708047.0,5891468.0,0.010891719745222916
100017888|F|0-29:G>T-29:G>T,100017244|F|0-66:T>A-66:T>A,1708047.0,5946296.0,0.002856347438752784
100017888|F|0-29:G>T-29:G>T,100046635|F|0-47:T>A-47:T>A,1708047.0,6655180.0,0.06918581418581418
100017888|F|0-29:G>T-29:G>T,100022062|F|0-25:G>T-25:G>T,1708047.0,6664246.0,0.014731012658227903
100017888|F|0-29:G>T-29:G>T,100020750|F|0-37:T>C-37:T>C,1708047.0,6910475.0,0.04665691087613293
100017888|F|0-29:G>T-29:G>T,100034576|F|0-39:C>T-39:C>T,1708047.0,7042888.0,0.05911651728553138
100017888|F|0-29:G>T-29:G>T,100019346|F|0-50:A>C-50:A>C,1708047.0,7055098.0,0.0446075418994414
100017888|F|0-29:G>T-29:G>T,100040750|F|0-21:T>G-21:T>G,1708047.0,7192316.0,0.030161807580175008
100017888|F|0-29:G>T-29:G>T,100015923|F|0-54:G>A-54:G>A,1708047.0,7407875.0,0.011103042876901737
100017888|F|0-29:G>T-29:G>T,100038393|F|0-44:G>A-44:G>A,1708047.0,7824887.0,0.02062697695436053
100017888|F|0-29:G>T-29:G>T,100036149|F|0-36:T>A-36:T>A,1708047.0,8219449.0,0.008815184049079683
100017888|F|0-29:G>T-29:G>T,100036173|F|0-57:T>C-57:T>C,1708047.0,8514264.0,0.006862302483069995
100017888|F|0-29:G>T-29:G>T,100033255|F|0-46:T>C-46:T>C,1708047.0,8685335.0,0.012239698090993177
100017888|F|0-29:G>T-29:G>T,100014460|F|0-15:A>T-15:A>T,1708047.0,10928744.0,0.10010346989966593
100017888|F|0-29:G>T-29:G>T,100040451|F|0-37:G>A-37:G>A,1708047.0,10932163.0,0.09627965420184997
100017888|F|0-29:G>T-29:G>T,100018823|F|0-53:T>C-53:T>C,1708047.0,11900381.0,0.00603626128895631
100017888|F|0-29:G>T-29:G>T,100016501|F|0-17:C>T-17:C>T,1708047.0,12114192.0,0.02931360201511332
100017888|F|0-29:G>T-29:G>T,100018613|F|0-47:T>C-47:T>C,1708047.0,12308528.0,0.00558028455284553
100017888|F|0-29:G>T-29:G>T,100045000|F|0-23:G>A-23:G>A,1708047.0,12317197.0,0.009052941176470573
100017888|F|0-29:G>T-29:G>T,100015749|F|0-20:C>T-20:C>T,1708047.0,12317967.0,0.006700043535045704
100017888|F|0-29:G>T-29:G>T,100014140|F|0-33:C>G-33:C>G,1708047.0,12605038.0,0.01007032054540952
100017888|F|0-29:G>T-29:G>T,100018408|F|0-53:G>A-53:G>A,1708047.0,12747732.0,0.03435267857142849
100017888|F|0-29:G>T-29:G>T,100020066|F|0-27:G>C-27:G>C,1708047.0,13025005.0,0.006312551271534049
100017888|F|0-29:G>T-29:G>T,100034157|F|0-53:C>A-53:C>A,1708047.0,13580202.0,0.042889390519187304
100017888|F|0-29:G>T-29:G>T,100017630|F|0-52:A>T-52:A>T,1708047.0,13716601.0,0.021348643649815008
100017888|F|0-29:G>T-29:G>T,100044127|F|0-8:G>A-8:G>A,1708047.0,14087087.0,0.005906988694758554
100017888|F|0-29:G>T-29:G>T,100035819|F|0-44:C>T-44:C>T,1708047.0,14553363.0,0.002215743440233228
100017888|F|0-29:G>T-29:G>T,100034357|F|0-15:T>C-15:T>C,1708047.0,14568764.0,2.242681775259852e-05
100017888|F|0-29:G>T-29:G>T,100054129|F|0-61:T>A-61:T>A,1708047.0,14873218.0,0.004181568088033023
100017888|F|0-29:G>T-29:G>T,100022113|F|0-34:G>C-34:G>C,1708047.0,14898843.0,0.01031867145421905
100017888|F|0-29:G>T-29:G>T,100055747|F|0-35:G>C-35:G>C,1708047.0,14898843.0,0.009134615384615397
100017888|F|0-29:G>T-29:G>T,100034447|F|0-52:A>T-52:A>T,1708047.0,15211267.0,0.014700825309491084
100017888|F|0-29:G>T-29:G>T,100018930|F|0-63:C>G-63:C>G,1708047.0,15212141.0,0.016042216358839005
100017888|F|0-29:G>T-29:G>T,100014038|F|0-34:G>C-34:G>C,1708047.0,15259541.0,0.0168023255813954
100017888|F|0-29:G>T-29:G>T,100030229|F|0-11:A>T-11:A>T,1708047.0,15553876.0,0.003443888810630598
100017888|F|0-29:G>T-29:G>T,100017989|F|0-62:A>T-62:A>T,1708047.0,16021700.0,0.010281385281385254
100017888|F|0-29:G>T-29:G>T,100052450|F|0-8:A>G-8:A>G,1708047.0,22147758.0,0.0010749379652605486
100017888|F|0-29:G>T-29:G>T,100034572|F|0-53:G>A-53:G>A,1708047.0,26973588.0,0.0033521524347212297
100017888|F|0-29:G>T-29:G>T,100018223|F|0-41:G>A-41:G>A,1708047.0,42850086.0,0.006755689001264205
100017888|F|0-29:G>T-29:G>T,100034540|F|0-15:G>A-15:G>A,1708047.0,42850367.0,0.0081446751507033
100017888|F|0-29:G>T-29:G>T,100017511|F|0-59:G>C-59:G>C,1708047.0,42850408.0,0.005122846202935546
100017888|F|0-29:G>T-29:G>T,100050114|F|0-27:G>A-27:G>A,1708047.0,43250010.0,0.0033386233255240844
100017888|F|0-29:G>T-29:G>T,100016574|F|0-9:G>A-9:G>A,1708047.0,43529057.0,0.006363636363636393
100017888|F|0-29:G>T-29:G>T,100018496|F|0-32:T>G-32:T>G,1708047.0,43881573.0,0.11734816082121485
100017888|F|0-29:G>T-29:G>T,100017598|F|0-46:C>G-46:C>G,1708047.0,45505408.0,0.11276613234689595
100017888|F|0-29:G>T-29:G>T,100021048|F|0-66:C>T-66:C>T,1708047.0,45555246.0,0.11601715154146779
100017888|F|0-29:G>T-29:G>T,100017454|F|0-9:A>G-9:A>G,1708047.0,45869241.0,0.059631705364291014
100017888|F|0-29:G>T-29:G>T,100018445|F|0-45:A>G-45:A>G,1708047.0,45885872.0,0.05808772311710917
100017888|F|0-29:G>T-29:G>T,100034159|F|0-24:A>G-24:A>G,1708047.0,46097671.0,0.046164658634537954
100017888|F|0-29:G>T-29:G>T,100017594|F|0-13:G>T-13:G>T,1708047.0,46097676.0,0.07879959875167178
100017888|F|0-29:G>T-29:G>T,100030376|F|0-12:T>C-12:T>C,1708047.0,47165949.0,0.01590606338998625
100017888|F|0-29:G>T-29:G>T,100034945|F|0-61:G>A-61:G>A,1708047.0,47171709.0,0.007876665135507596
100017888|F|0-29:G>T-29:G>T,100043426|F|0-30:G>A-30:G>A,1708047.0,47201903.0,0.0067588932806323995
100017888|F|0-29:G>T-29:G>T,100015331|F|0-40:A>G-40:A>G,1708047.0,47228518.0,0.007334260051325902
100017888|F|0-29:G>T-29:G>T,100033028|F|0-17:A>C-17:A>C,1708047.0,47247609.0,0.009888172043010766
100017888|F|0-29:G>T-29:G>T,100014668|F|0-30:A>T-30:A>T,1708047.0,48841067.0,0.026164643399089416
100017888|F|0-29:G>T-29:G>T,100019661|F|0-30:A>T-30:A>T,1708047.0,48965503.0,0.005246686303387342
100017888|F|0-29:G>T-29:G>T,100035901|F|0-29:T>A-29:T>A,1708047.0,48989476.0,0.0019459304237824176
100017888|F|0-29:G>T-29:G>T,100043126|F|0-48:T>A-48:T>A,1708047.0,49230618.0,0.005356303837118275
100017888|F|0-29:G>T-29:G>T,100044970|F|0-28:C>T-28:C>T,1708047.0,49340094.0,0.0026905594405594296
100017888|F|0-29:G>T-29:G>T,100013964|F|0-14:T>G-14:T>G,1708047.0,49356602.0,0.001977878985035777
100017888|F|0-29:G>T-29:G>T,100020795|F|0-42:T>C-42:T>C,1708047.0,49358815.0,0.001601858224363379
100017888|F|0-29:G>T-29:G>T,100016185|F|0-62:C>T-62:C>T,1708047.0,49565807.0,0.0069966870540265095
100017888|F|0-29:G>T-29:G>T,100033324|F|0-45:A>T-45:A>T,1708047.0,53523372.0,0.0021099694894021167
100017888|F|0-29:G>T-29:G>T,100034432|F|0-24:T>A-24:T>A,1708047.0,53750135.0,1.0386668083865732e-32
100017888|F|0-29:G>T-29:G>T,100056034|F|0-41:G>T-41:G>T,1708047.0,53750140.0,0.03853643822393807
100017888|F|0-29:G>T-29:G>T,100019249|F|0-36:C>A-36:C>A,1708047.0,54407017.0,0.0016777041942604798
100017888|F|0-29:G>T-29:G>T,100013936|F|0-38:C>A-38:C>A,1708047.0,54572400.0,0.010602678571428594
100017888|F|0-29:G>T-29:G>T,100018265|F|0-5:C>T-5:C>T,1708047.0,56110897.0,0.002454127198084574
100017888|F|0-29:G>T-29:G>T,100014526|F|0-10:T>C-10:T>C,1708047.0,56110902.0,0.0033985693816325547
100017888|F|0-29:G>T-29:G>T,100030709|F|0-39:T>A-39:T>A,1708047.0,56193250.0,0.01337992545260916
100017888|F|0-29:G>T-29:G>T,100033311|F|0-46:C>T-46:C>T,1708047.0,57009334.0,0.0671453804347824
100017888|F|0-29:G>T-29:G>T,100034520|F|0-31:G>A-31:G>A,1708047.0,58309310.0,0.009784390591589415
100017888|F|0-29:G>T-29:G>T,100019390|F|0-56:C>T-56:C>T,1708047.0,58491205.0,0.11168690758293819
100017888|F|0-29:G>T-29:G>T,100013048|F|0-58:C>T-58:C>T,1708047.0,58709443.0,0.0804806362378974
100017888|F|0-29:G>T-29:G>T,100041246|F|0-21:G>A-21:G>A,1708047.0,58719431.0,0.019133937562940656
100017888|F|0-29:G>T-29:G>T,100033981|F|0-18:C>A-18:C>A,1708047.0,58771602.0,0.007285276073619598
100017888|F|0-29:G>T-29:G>T,100021859|F|0-23:T>A-23:T>A,1708047.0,59249203.0,0.000710846210129021
100017888|F|0-29:G>T-29:G>T,100038389|F|0-45:C>T-45:C>T,1708047.0,59686561.0,0.02198571428571416
100017888|F|0-29:G>T-29:G>T,100015287|F|0-63:T>C-63:T>C,1708047.0,61485460.0,0.000532511210762332
100017888|F|0-29:G>T-29:G>T,100013445|F|0-24:G>T-24:G>T,1708047.0,61602864.0,0.07857921083627796
100017888|F|0-29:G>T-29:G>T,100013879|F|0-63:G>A-63:G>A,1708047.0,61606253.0,0.04800498338870428
100017888|F|0-29:G>T-29:G>T,100040047|F|0-6:G>A-6:G>A,1708047.0,61640208.0,2.1919704660820957e-05
100017888|F|0-29:G>T-29:G>T,100016920|F|0-66:T>A-66:T>A,1708047.0,61641379.0,8.112724167378343e-05
100017888|F|0-29:G>T-29:G>T,100017079|F|0-12:A>G-12:A>G,1708047.0,61641384.0,0.00046568627450980436
100017888|F|0-29:G>T-29:G>T,100020360|F|0-56:A>G-56:A>G,1708047.0,61670176.0,0.00017542059909725067
100017888|F|0-29:G>T-29:G>T,100056174|F|0-11:G>A-11:G>A,1708047.0,61712285.0,0.007844036697247704
100017888|F|0-29:G>T-29:G>T,100013722|F|0-6:A>G-6:A>G,1708047.0,61760543.0,0.0002115812917594649
100017888|F|0-29:G>T-29:G>T,100013153|F|0-63:C>A-63:C>A,1708047.0,61760548.0,0.004168472372697735
100017888|F|0-29:G>T-29:G>T,100040510|F|0-32:T>C-32:T>C,1708047.0,62326715.0,0.0043915094339622715
100017888|F|0-29:G>T-29:G>T,100013356|F|0-7:G>A-7:G>A,1708047.0,62367252.0,0.0005569887429643528
100017888|F|0-29:G>T-29:G>T,100014994|F|0-36:G>A-36:G>A,1708047.0,62444541.0,0.013380023183925829
100017888|F|0-29:G>T-29:G>T,100020485|F|0-47:G>T-47:G>T,1708047.0,62444546.0,0.012963262010496555
100017888|F|0-29:G>T-29:G>T,100013478|F|0-51:G>A-51:G>A,1708047.0,62447789.0,0.015229698818147161
100017888|F|0-29:G>T-29:G>T,100013529|F|0-11:C>G-11:C>G,1708047.0,62466983.0,0.00103813559322034
100017888|F|0-29:G>T-29:G>T,100029518|F|0-19:G>C-19:G>C,1708047.0,62476880.0,0.0034947757945145916
100017888|F|0-29:G>T-29:G>T,100044261|F|0-5:T>A-5:T>A,1708047.0,62476902.0,0.0016889815627743614
100017888|F|0-29:G>T-29:G>T,100017508|F|0-26:G>A-26:G>A,1708047.0,62494366.0,0.008094088098918095
100017888|F|0-29:G>T-29:G>T,100051794|F|0-60:T>C-60:T>C,1708047.0,62494371.0,0.009559251559251532
100017888|F|0-29:G>T-29:G>T,100033227|F|0-6:A>G-6:A>G,1708047.0,62503297.0,0.007249479745972507
100017888|F|0-29:G>T-29:G>T,100015367|F|0-46:A>T-46:A>T,1708047.0,62730005.0,0.00922182109907743
100017888|F|0-29:G>T-29:G>T,100016319|F|0-60:C>A-60:C>A,1708047.0,62905182.0,0.016802325581395394
100017888|F|0-29:G>T-29:G>T,100020253|F|0-17:T>C-17:T>C,1708047.0,63125496.0,0.0026027397260274003
100017888|F|0-29:G>T-29:G>T,100017121|F|0-19:C>T-19:C>T,1708047.0,63306572.0,0.05114215670357499
100017888|F|0-29:G>T-29:G>T,100021507|F|0-53:A>C-53:A>C,1708047.0,63642647.0,0.04131075491209905
100017888|F|0-29:G>T-29:G>T,100019105|F|0-61:T>C-61:T>C,1708047.0,63665304.0,0.011018041237113394
100017888|F|0-29:G>T-29:G>T,100014627|F|0-15:C>G-15:C>G,1708047.0,64043609.0,0.029343166918809838
100017888|F|0-29:G>T-29:G>T,100033689|F|0-56:C>T-56:C>T,1708047.0,64044059.0,0.030749250749250705
100017888|F|0-29:G>T-29:G>T,100046739|F|0-18:T>G-18:T>G,1708047.0,64189766.0,8.527827648114819e-05
100017888|F|0-29:G>T-29:G>T,100030110|F|0-28:T>C-28:T>C,1708047.0,64196475.0,0.0011480362537764333
100017888|F|0-29:G>T-29:G>T,100016864|F|0-56:A>G-56:A>G,1708047.0,64720414.0,5.629019268121639e-33
100017888|F|0-29:G>T-29:G>T,100021392|F|0-51:G>A-51:G>A,1708047.0,64886887.0,0.0642095765158807
100013714|F|0-67:T>C-67:T>C,100019075|F|0-58:G>A-58:G>A,2508303.0,2821796.0,0.02214684230825435
100013714|F|0-67:T>C-67:T>C,100049762|F|0-13:A>G-13:A>G,2508303.0,3667920.0,0.03590251428868141
100013714|F|0-67:T>C-67:T>C,100049761|F|0-12:A>G-12:A>G,2508303.0,3667920.0,0.04330433210870169
100013714|F|0-67:T>C-67:T>C,100021278|F|0-44:C>G-44:C>G,2508303.0,3753633.0,0.00040486188987574277
100013714|F|0-67:T>C-67:T>C,100021657|F|0-10:A>T-10:A>T,2508303.0,3994188.0,0.05449233365707641
100013714|F|0-67:T>C-67:T>C,100019345|F|0-24:G>A-24:G>A,2508303.0,4018002.0,0.012441385667420214
100013714|F|0-67:T>C-67:T>C,100019488|F|0-31:C>T-31:C>T,2508303.0,4399918.0,0.11101858796377104
100013714|F|0-67:T>C-67:T>C,100034114|F|0-47:T>A-47:T>A,2508303.0,4820466.0,0.04810120041618806
100013714|F|0-67:T>C-67:T>C,100014086|F|0-61:C>T-61:C>T,2508303.0,5891468.0,0.007434057159639495
100013714|F|0-67:T>C-67:T>C,100017244|F|0-66:T>A-66:T>A,2508303.0,5946296.0,0.00038510169894032836
100013714|F|0-67:T>C-67:T>C,100046635|F|0-47:T>A-47:T>A,2508303.0,6655180.0,0.022169833048795617
100013714|F|0-67:T>C-67:T>C,100022062|F|0-25:G>T-25:G>T,2508303.0,6664246.0,0.00227994017436981
100013714|F|0-67:T>C-67:T>C,100020750|F|0-37:T>C-37:T>C,2508303.0,6910475.0,0.018622341259130922
100013714|F|0-67:T>C-67:T>C,100034576|F|0-39:C>T-39:C>T,2508303.0,7042888.0,0.0069017282456418725
100013714|F|0-67:T>C-67:T>C,100019346|F|0-50:A>C-50:A>C,2508303.0,7055098.0,0.000452803760887416
100013714|F|0-67:T>C-67:T>C,100040750|F|0-21:T>G-21:T>G,2508303.0,7192316.0,0.0006805521714655376
100013714|F|0-67:T>C-67:T>C,100015923|F|0-54:G>A-54:G>A,2508303.0,7407875.0,0.0014399257018267622
100013714|F|0-67:T>C-67:T>C,100038393|F|0-44:G>A-44:G>A,2508303.0,7824887.0,0.026254670137555
100013714|F|0-67:T>C-67:T>C,100036149|F|0-36:T>A-36:T>A,2508303.0,8219449.0,0.024801762698679272
100013714|F|0-67:T>C-67:T>C,100036173|F|0-57:T>C-57:T>C,2508303.0,8514264.0,0.0006586608205775442
100013714|F|0-67:T>C-67:T>C,100033255|F|0-46:T>C-46:T>C,2508303.0,8685335.0,0.0021417828173633867
100013714|F|0-67:T>C-67:T>C,100014460|F|0-15:A>T-15:A>T,2508303.0,10928744.0,0.03166324106290902
100013714|F|0-67:T>C-67:T>C,100040451|F|0-37:G>A-37:G>A,2508303.0,10932163.0,0.038957622866571916
100013714|F|0-67:T>C-67:T>C,100018823|F|0-53:T>C-53:T>C,2508303.0,11900381.0,0.0020228940291512395
100013714|F|0-67:T>C-67:T>C,100016501|F|0-17:C>T-17:C>T,2508303.0,12114192.0,0.02116740104094832
100013714|F|0-67:T>C-67:T>C,100018613|F|0-47:T>C-47:T>C,2508303.0,12308528.0,0.056254539490639924
100013714|F|0-67:T>C-67:T>C,100045000|F|0-23:G>A-23:G>A,2508303.0,12317197.0,0.05289879640617041
100013714|F|0-67:T>C-67:T>C,100015749|F|0-20:C>T-20:C>T,2508303.0,12317967.0,0.05251963781853042
100013714|F|0-67:T>C-67:T>C,100014140|F|0-33:C>G-33:C>G,2508303.0,12605038.0,0.024959643171668915
100013714|F|0-67:T>C-67:T>C,100018408|F|0-53:G>A-53:G>A,2508303.0,12747732.0,0.02216262157780983
100013714|F|0-67:T>C-67:T>C,100020066|F|0-27:G>C-27:G>C,2508303.0,13025005.0,0.030214743506393728
100013714|F|0-67:T>C-67:T>C,100034157|F|0-53:C>A-53:C>A,2508303.0,13580202.0,0.01873524111865008
100013714|F|0-67:T>C-67:T>C,100017630|F|0-52:A>T-52:A>T,2508303.0,13716601.0,0.09424626088686906
100013714|F|0-67:T>C-67:T>C,100044127|F|0-8:G>A-8:G>A,2508303.0,14087087.0,0.051550361193136905
100013714|F|0-67:T>C-67:T>C,100035819|F|0-44:C>T-44:C>T,2508303.0,14553363.0,0.0013889355659925573
100013714|F|0-67:T>C-67:T>C,100034357|F|0-15:T>C-15:T>C,2508303.0,14568764.0,0.09878446851877586
100013714|F|0-67:T>C-67:T>C,100054129|F|0-61:T>A-61:T>A,2508303.0,14873218.0,0.007536597838022123
100013714|F|0-67:T>C-67:T>C,100022113|F|0-34:G>C-34:G>C,2508303.0,14898843.0,0.014286342541093466
100013714|F|0-67:T>C-67:T>C,100055747|F|0-35:G>C-35:G>C,2508303.0,14898843.0,0.003352915096430943
100013714|F|0-67:T>C-67:T>C,100034447|F|0-52:A>T-52:A>T,2508303.0,15211267.0,0.08897248571960872
100013714|F|0-67:T>C-67:T>C,100018930|F|0-63:C>G-63:C>G,2508303.0,15212141.0,0.06957962330720151
100013714|F|0-67:T>C-67:T>C,100014038|F|0-34:G>C-34:G>C,2508303.0,15259541.0,0.10186984786542462
100013714|F|0-67:T>C-67:T>C,100030229|F|0-11:A>T-11:A>T,2508303.0,15553876.0,0.02469208973839041
100013714|F|0-67:T>C-67:T>C,100017989|F|0-62:A>T-62:A>T,2508303.0,16021700.0,0.006113003231158844
100013714|F|0-67:T>C-67:T>C,100052450|F|0-8:A>G-8:A>G,2508303.0,22147758.0,0.006123144619007774
100013714|F|0-67:T>C-67:T>C,100034572|F|0-53:G>A-53:G>A,2508303.0,26973588.0,0.004700538337478829
100013714|F|0-67:T>C-67:T>C,100018223|F|0-41:G>A-41:G>A,2508303.0,42850086.0,0.0009108231290782145
100013714|F|0-67:T>C-67:T>C,100034540|F|0-15:G>A-15:G>A,2508303.0,42850367.0,0.0004729081535156399
100013714|F|0-67:T>C-67:T>C,100017511|F|0-59:G>C-59:G>C,2508303.0,42850408.0,0.00038850646162107746
100013714|F|0-67:T>C-67:T>C,100050114|F|0-27:G>A-27:G>A,2508303.0,43250010.0,0.04409819040358111
100013714|F|0-67:T>C-67:T>C,100016574|F|0-9:G>A-9:G>A,2508303.0,43529057.0,0.07199932632209291
100013714|F|0-67:T>C-67:T>C,100018496|F|0-32:T>G-32:T>G,2508303.0,43881573.0,0.013326065037483677
100013714|F|0-67:T>C-67:T>C,100017598|F|0-46:C>G-46:C>G,2508303.0,45505408.0,0.012805729575683064
100013714|F|0-67:T>C-67:T>C,100021048|F|0-66:C>T-66:C>T,2508303.0,45555246.0,0.015330523649768965
100013714|F|0-67:T>C-67:T>C,100017454|F|0-9:A>G-9:A>G,2508303.0,45869241.0,0.020765892252707065
100013714|F|0-67:T>C-67:T>C,100018445|F|0-45:A>G-45:A>G,2508303.0,45885872.0,0.02296097277616835
100013714|F|0-67:T>C-67:T>C,100034159|F|0-24:A>G-24:A>G,2508303.0,46097671.0,0.013687675775146705
100013714|F|0-67:T>C-67:T>C,100017594|F|0-13:G>T-13:G>T,2508303.0,46097676.0,0.013890477065375335
100013714|F|0-67:T>C-67:T>C,100030376|F|0-12:T>C-12:T>C,2508303.0,47165949.0,0.013403157717769905
100013714|F|0-67:T>C-67:T>C,100034945|F|0-61:G>A-61:G>A,2508303.0,47171709.0,0.01965961936355853
100013714|F|0-67:T>C-67:T>C,100043426|F|0-30:G>A-30:G>A,2508303.0,47201903.0,0.0037984784570425445
100013714|F|0-67:T>C-67:T>C,100015331|F|0-40:A>G-40:A>G,2508303.0,47228518.0,0.008437221892156403
100013714|F|0-67:T>C-67:T>C,100033028|F|0-17:A>C-17:A>C,2508303.0,47247609.0,0.004517988286697045
100013714|F|0-67:T>C-67:T>C,100014668|F|0-30:A>T-30:A>T,2508303.0,48841067.0,0.05204119710970097
100013714|F|0-67:T>C-67:T>C,100019661|F|0-30:A>T-30:A>T,2508303.0,48965503.0,0.006580352810187321
100013714|F|0-67:T>C-67:T>C,100035901|F|0-29:T>A-29:T>A,2508303.0,48989476.0,0.010752629842491966
100013714|F|0-67:T>C-67:T>C,100043126|F|0-48:T>A-48:T>A,2508303.0,49230618.0,0.014623611264694166
100013714|F|0-67:T>C-67:T>C,100044970|F|0-28:C>T-28:C>T,2508303.0,49340094.0,0.0745248987323917
100013714|F|0-67:T>C-67:T>C,100013964|F|0-14:T>G-14:T>G,2508303.0,49356602.0,0.07425858600252365
100013714|F|0-67:T>C-67:T>C,100020795|F|0-42:T>C-42:T>C,2508303.0,49358815.0,0.08393644472035415
100013714|F|0-67:T>C-67:T>C,100016185|F|0-62:C>T-62:C>T,2508303.0,49565807.0,0.07943432420602406
100013714|F|0-67:T>C-67:T>C,100033324|F|0-45:A>T-45:A>T,2508303.0,53523372.0,0.02640917683225612
100013714|F|0-67:T>C-67:T>C,100034432|F|0-24:T>A-24:T>A,2508303.0,53750135.0,0.00024345042284295315
100013714|F|0-67:T>C-67:T>C,100056034|F|0-41:G>T-41:G>T,2508303.0,53750140.0,0.0919700577481558
100013714|F|0-67:T>C-67:T>C,100019249|F|0-36:C>A-36:C>A,2508303.0,54407017.0,0.003341873898632871
100013714|F|0-67:T>C-67:T>C,100013936|F|0-38:C>A-38:C>A,2508303.0,54572400.0,0.05210678584293949
100013714|F|0-67:T>C-67:T>C,100018265|F|0-5:C>T-5:C>T,2508303.0,56110897.0,0.03301694967084071
100013714|F|0-67:T>C-67:T>C,100014526|F|0-10:T>C-10:T>C,2508303.0,56110902.0,0.012879375205092553
100013714|F|0-67:T>C-67:T>C,100030709|F|0-39:T>A-39:T>A,2508303.0,56193250.0,0.020349765063698278
100013714|F|0-67:T>C-67:T>C,100033311|F|0-46:C>T-46:C>T,2508303.0,57009334.0,0.04059641648916176
100013714|F|0-67:T>C-67:T>C,100034520|F|0-31:G>A-31:G>A,2508303.0,58309310.0,0.006164743725364143
100013714|F|0-67:T>C-67:T>C,100019390|F|0-56:C>T-56:C>T,2508303.0,58491205.0,0.004515686247729361
100013714|F|0-67:T>C-67:T>C,100013048|F|0-58:C>T-58:C>T,2508303.0,58709443.0,0.015071886671370133
100013714|F|0-67:T>C-67:T>C,100041246|F|0-21:G>A-21:G>A,2508303.0,58719431.0,3.627699371102128e-06
100013714|F|0-67:T>C-67:T>C,100033981|F|0-18:C>A-18:C>A,2508303.0,58771602.0,0.004646532062728723
100013714|F|0-67:T>C-67:T>C,100021859|F|0-23:T>A-23:T>A,2508303.0,59249203.0,0.01335655506286459
100013714|F|0-67:T>C-67:T>C,100038389|F|0-45:C>T-45:C>T,2508303.0,59686561.0,0.015756369790951918
100013714|F|0-67:T>C-67:T>C,100015287|F|0-63:T>C-63:T>C,2508303.0,61485460.0,0.0004135382070534108
100013714|F|0-67:T>C-67:T>C,100013445|F|0-24:G>T-24:G>T,2508303.0,61602864.0,0.003566239990767239
100013714|F|0-67:T>C-67:T>C,100013879|F|0-63:G>A-63:G>A,2508303.0,61606253.0,0.0027669535745401992
100013714|F|0-67:T>C-67:T>C,100040047|F|0-6:G>A-6:G>A,2508303.0,61640208.0,0.005786629146391574
100013714|F|0-67:T>C-67:T>C,100016920|F|0-66:T>A-66:T>A,2508303.0,61641379.0,0.0023394989872938016
100013714|F|0-67:T>C-67:T>C,100017079|F|0-12:A>G-12:A>G,2508303.0,61641384.0,0.00031785048313273407
100013714|F|0-67:T>C-67:T>C,100020360|F|0-56:A>G-56:A>G,2508303.0,61670176.0,0.002248299806418577
100013714|F|0-67:T>C-67:T>C,100056174|F|0-11:G>A-11:G>A,2508303.0,61712285.0,0.0005948761335695202
100013714|F|0-67:T>C-67:T>C,100013722|F|0-6:A>G-6:A>G,2508303.0,61760543.0,0.005491710685930303
100013714|F|0-67:T>C-67:T>C,100013153|F|0-63:C>A-63:C>A,2508303.0,61760548.0,0.007216319419509761
100013714|F|0-67:T>C-67:T>C,100040510|F|0-32:T>C-32:T>C,2508303.0,62326715.0,0.0065317274753955695
100013714|F|0-67:T>C-67:T>C,100013356|F|0-7:G>A-7:G>A,2508303.0,62367252.0,0.010813674973371337
100013714|F|0-67:T>C-67:T>C,100014994|F|0-36:G>A-36:G>A,2508303.0,62444541.0,0.02316304691571386
100013714|F|0-67:T>C-67:T>C,100020485|F|0-47:G>T-47:G>T,2508303.0,62444546.0,0.0077499741134285614
100013714|F|0-67:T>C-67:T>C,100013478|F|0-51:G>A-51:G>A,2508303.0,62447789.0,0.004780642531540427
100013714|F|0-67:T>C-67:T>C,100013529|F|0-11:C>G-11:C>G,2508303.0,62466983.0,0.02088116055292338
100013714|F|0-67:T>C-67:T>C,100029518|F|0-19:G>C-19:G>C,2508303.0,62476880.0,0.0229609727761684
100013714|F|0-67:T>C-67:T>C,100044261|F|0-5:T>A-5:T>A,2508303.0,62476902.0,0.01224594100189001
100013714|F|0-67:T>C-67:T>C,100017508|F|0-26:G>A-26:G>A,2508303.0,62494366.0,0.02316304691571386
100013714|F|0-67:T>C-67:T>C,100051794|F|0-60:T>C-60:T>C,2508303.0,62494371.0,0.03236682703541491
100013714|F|0-67:T>C-67:T>C,100033227|F|0-6:A>G-6:A>G,2508303.0,62503297.0,0.01925296629583165
100013714|F|0-67:T>C-67:T>C,100015367|F|0-46:A>T-46:A>T,2508303.0,62730005.0,0.020119735836711634
100013714|F|0-67:T>C-67:T>C,100016319|F|0-60:C>A-60:C>A,2508303.0,62905182.0,0.05730178942430135
100013714|F|0-67:T>C-67:T>C,100020253|F|0-17:T>C-17:T>C,2508303.0,63125496.0,0.11848130748884778
100013714|F|0-67:T>C-67:T>C,100017121|F|0-19:C>T-19:C>T,2508303.0,63306572.0,0.004608405755304397
100013714|F|0-67:T>C-67:T>C,100021507|F|0-53:A>C-53:A>C,2508303.0,63642647.0,0.009313095851872604
100013714|F|0-67:T>C-67:T>C,100019105|F|0-61:T>C-61:T>C,2508303.0,63665304.0,0.011233993879794419
100013714|F|0-67:T>C-67:T>C,100014627|F|0-15:C>G-15:C>G,2508303.0,64043609.0,0.0022253273865319176
100013714|F|0-67:T>C-67:T>C,100033689|F|0-56:C>T-56:C>T,2508303.0,64044059.0,0.0008708870380340137
100013714|F|0-67:T>C-67:T>C,100046739|F|0-18:T>G-18:T>G,2508303.0,64189766.0,0.04672649382498881
100013714|F|0-67:T>C-67:T>C,100030110|F|0-28:T>C-28:T>C,2508303.0,64196475.0,0.03839557014374395
100013714|F|0-67:T>C-67:T>C,100016864|F|0-56:A>G-56:A>G,2508303.0,64720414.0,0.0035317535768700373
100013714|F|0-67:T>C-67:T>C,100021392|F|0-51:G>A-51:G>A,2508303.0,64886887.0,0.000839035539049127
100019075|F|0-58:G>A-58:G>A,100049762|F|0-13:A>G-13:A>G,2821796.0,3667920.0,0.08781376674144717
100019075|F|0-58:G>A-58:G>A,100049761|F|0-12:A>G-12:A>G,2821796.0,3667920.0,0.10530623757730388
100019075|F|0-58:G>A-58:G>A,100021278|F|0-44:C>G-44:C>G,2821796.0,3753633.0,0.02150651739445715
100019075|F|0-58:G>A-58:G>A,100021657|F|0-10:A>T-10:A>T,2821796.0,3994188.0,0.00045007187372269605
100019075|F|0-58:G>A-58:G>A,100019345|F|0-24:G>A-24:G>A,2821796.0,4018002.0,0.00048564572396501455
100019075|F|0-58:G>A-58:G>A,100019488|F|0-31:C>T-31:C>T,2821796.0,4399918.0,0.020898883419415943
100019075|F|0-58:G>A-58:G>A,100034114|F|0-47:T>A-47:T>A,2821796.0,4820466.0,0.0006722192074825171
100019075|F|0-58:G>A-58:G>A,100014086|F|0-61:C>T-61:C>T,2821796.0,5891468.0,0.0002782984153205103
100019075|F|0-58:G>A-58:G>A,100017244|F|0-66:T>A-66:T>A,2821796.0,5946296.0,0.06378649392356775
100019075|F|0-58:G>A-58:G>A,100046635|F|0-47:T>A-47:T>A,2821796.0,6655180.0,0.004709442677023715
100019075|F|0-58:G>A-58:G>A,100022062|F|0-25:G>T-25:G>T,2821796.0,6664246.0,0.006262034786451565
100019075|F|0-58:G>A-58:G>A,100020750|F|0-37:T>C-37:T>C,2821796.0,6910475.0,0.0174099776992564
100019075|F|0-58:G>A-58:G>A,100034576|F|0-39:C>T-39:C>T,2821796.0,7042888.0,0.10908503744196132
100019075|F|0-58:G>A-58:G>A,100019346|F|0-50:A>C-50:A>C,2821796.0,7055098.0,0.07063347218545801
100019075|F|0-58:G>A-58:G>A,100040750|F|0-21:T>G-21:T>G,2821796.0,7192316.0,0.04006322871150591
100019075|F|0-58:G>A-58:G>A,100015923|F|0-54:G>A-54:G>A,2821796.0,7407875.0,0.07301248952307993
100019075|F|0-58:G>A-58:G>A,100038393|F|0-44:G>A-44:G>A,2821796.0,7824887.0,0.017041670563762296
100019075|F|0-58:G>A-58:G>A,100036149|F|0-36:T>A-36:T>A,2821796.0,8219449.0,0.00364917205962598
100019075|F|0-58:G>A-58:G>A,100036173|F|0-57:T>C-57:T>C,2821796.0,8514264.0,0.0003171154131225746
100019075|F|0-58:G>A-58:G>A,100033255|F|0-46:T>C-46:T>C,2821796.0,8685335.0,0.039090306848582106
100019075|F|0-58:G>A-58:G>A,100014460|F|0-15:A>T-15:A>T,2821796.0,10928744.0,0.012347979688460013
100019075|F|0-58:G>A-58:G>A,100040451|F|0-37:G>A-37:G>A,2821796.0,10932163.0,0.011876303745394567
100019075|F|0-58:G>A-58:G>A,100018823|F|0-53:T>C-53:T>C,2821796.0,11900381.0,9.737500828092284e-05
100019075|F|0-58:G>A-58:G>A,100016501|F|0-17:C>T-17:C>T,2821796.0,12114192.0,0.017598740344771983
100019075|F|0-58:G>A-58:G>A,100018613|F|0-47:T>C-47:T>C,2821796.0,12308528.0,0.06616461894045368
100019075|F|0-58:G>A-58:G>A,100045000|F|0-23:G>A-23:G>A,2821796.0,12317197.0,0.020549117402572037
100019075|F|0-58:G>A-58:G>A,100015749|F|0-20:C>T-20:C>T,2821796.0,12317967.0,0.052669896149193124
100019075|F|0-58:G>A-58:G>A,100014140|F|0-33:C>G-33:C>G,2821796.0,12605038.0,3.113969754308433e-05
100019075|F|0-58:G>A-58:G>A,100018408|F|0-53:G>A-53:G>A,2821796.0,12747732.0,0.0012065260954755956
100019075|F|0-58:G>A-58:G>A,100020066|F|0-27:G>C-27:G>C,2821796.0,13025005.0,0.0012479909059726953
100019075|F|0-58:G>A-58:G>A,100034157|F|0-53:C>A-53:C>A,2821796.0,13580202.0,0.033818881126754186
100019075|F|0-58:G>A-58:G>A,100017630|F|0-52:A>T-52:A>T,2821796.0,13716601.0,0.012154160427127778
100019075|F|0-58:G>A-58:G>A,100044127|F|0-8:G>A-8:G>A,2821796.0,14087087.0,0.011200373509528705
100019075|F|0-58:G>A-58:G>A,100035819|F|0-44:C>T-44:C>T,2821796.0,14553363.0,0.04303033112069195
100019075|F|0-58:G>A-58:G>A,100034357|F|0-15:T>C-15:T>C,2821796.0,14568764.0,0.04960067960410576
100019075|F|0-58:G>A-58:G>A,100054129|F|0-61:T>A-61:T>A,2821796.0,14873218.0,0.0007729415571570834
100019075|F|0-58:G>A-58:G>A,100022113|F|0-34:G>C-34:G>C,2821796.0,14898843.0,0.015223759870222685
100019075|F|0-58:G>A-58:G>A,100055747|F|0-35:G>C-35:G>C,2821796.0,14898843.0,0.012239033825692183
100019075|F|0-58:G>A-58:G>A,100034447|F|0-52:A>T-52:A>T,2821796.0,15211267.0,0.030753012013752835
100019075|F|0-58:G>A-58:G>A,100018930|F|0-63:C>G-63:C>G,2821796.0,15212141.0,0.024839232174620644
100019075|F|0-58:G>A-58:G>A,100014038|F|0-34:G>C-34:G>C,2821796.0,15259541.0,0.04857526725821099
100019075|F|0-58:G>A-58:G>A,100030229|F|0-11:A>T-11:A>T,2821796.0,15553876.0,0.05295114524655476
100019075|F|0-58:G>A-58:G>A,100017989|F|0-62:A>T-62:A>T,2821796.0,16021700.0,0.005149913815749226
100019075|F|0-58:G>A-58:G>A,100052450|F|0-8:A>G-8:A>G,2821796.0,22147758.0,0.027642501136186354
100019075|F|0-58:G>A-58:G>A,100034572|F|0-53:G>A-53:G>A,2821796.0,26973588.0,0.028781404522098607
100019075|F|0-58:G>A-58:G>A,100018223|F|0-41:G>A-41:G>A,2821796.0,42850086.0,0.013283794306900248
100019075|F|0-58:G>A-58:G>A,100034540|F|0-15:G>A-15:G>A,2821796.0,42850367.0,0.020739065486540385
100019075|F|0-58:G>A-58:G>A,100017511|F|0-59:G>C-59:G>C,2821796.0,42850408.0,0.01835233231535075
100019075|F|0-58:G>A-58:G>A,100050114|F|0-27:G>A-27:G>A,2821796.0,43250010.0,0.008753557065167365
100019075|F|0-58:G>A-58:G>A,100016574|F|0-9:G>A-9:G>A,2821796.0,43529057.0,0.010050630998261851
100019075|F|0-58:G>A-58:G>A,100018496|F|0-32:T>G-32:T>G,2821796.0,43881573.0,0.06945994011264975
100019075|F|0-58:G>A-58:G>A,100017598|F|0-46:C>G-46:C>G,2821796.0,45505408.0,0.09852372767218835
100019075|F|0-58:G>A-58:G>A,100021048|F|0-66:C>T-66:C>T,2821796.0,45555246.0,0.07488885616325373
100019075|F|0-58:G>A-58:G>A,100017454|F|0-9:A>G-9:A>G,2821796.0,45869241.0,0.07682962662732024
100019075|F|0-58:G>A-58:G>A,100018445|F|0-45:A>G-45:A>G,2821796.0,45885872.0,0.06567386496753307
100019075|F|0-58:G>A-58:G>A,100034159|F|0-24:A>G-24:A>G,2821796.0,46097671.0,0.07590722407502024
100019075|F|0-58:G>A-58:G>A,100017594|F|0-13:G>T-13:G>T,2821796.0,46097676.0,0.07858947148401854
100019075|F|0-58:G>A-58:G>A,100030376|F|0-12:T>C-12:T>C,2821796.0,47165949.0,0.057039398899780075
100019075|F|0-58:G>A-58:G>A,100034945|F|0-61:G>A-61:G>A,2821796.0,47171709.0,0.057039398899780075
100019075|F|0-58:G>A-58:G>A,100043426|F|0-30:G>A-30:G>A,2821796.0,47201903.0,0.052438439839502485
100019075|F|0-58:G>A-58:G>A,100015331|F|0-40:A>G-40:A>G,2821796.0,47228518.0,0.07539614394296537
100019075|F|0-58:G>A-58:G>A,100033028|F|0-17:A>C-17:A>C,2821796.0,47247609.0,0.09482565986467524
100019075|F|0-58:G>A-58:G>A,100014668|F|0-30:A>T-30:A>T,2821796.0,48841067.0,0.05328778878970161
100019075|F|0-58:G>A-58:G>A,100019661|F|0-30:A>T-30:A>T,2821796.0,48965503.0,0.03758899674394443
100019075|F|0-58:G>A-58:G>A,100035901|F|0-29:T>A-29:T>A,2821796.0,48989476.0,0.01996048777487017
100019075|F|0-58:G>A-58:G>A,100043126|F|0-48:T>A-48:T>A,2821796.0,49230618.0,0.007040607825255456
100019075|F|0-58:G>A-58:G>A,100044970|F|0-28:C>T-28:C>T,2821796.0,49340094.0,0.012221776560928686
100019075|F|0-58:G>A-58:G>A,100013964|F|0-14:T>G-14:T>G,2821796.0,49356602.0,0.017328723301267557
100019075|F|0-58:G>A-58:G>A,100020795|F|0-42:T>C-42:T>C,2821796.0,49358815.0,0.0079658618995068
100019075|F|0-58:G>A-58:G>A,100016185|F|0-62:C>T-62:C>T,2821796.0,49565807.0,0.05445198166662843
100019075|F|0-58:G>A-58:G>A,100033324|F|0-45:A>T-45:A>T,2821796.0,53523372.0,0.03759659451251988
100019075|F|0-58:G>A-58:G>A,100034432|F|0-24:T>A-24:T>A,2821796.0,53750135.0,0.04603152449745053
100019075|F|0-58:G>A-58:G>A,100056034|F|0-41:G>T-41:G>T,2821796.0,53750140.0,0.02004009041103802
100019075|F|0-58:G>A-58:G>A,100019249|F|0-36:C>A-36:C>A,2821796.0,54407017.0,0.0002023087975425665
100019075|F|0-58:G>A-58:G>A,100013936|F|0-38:C>A-38:C>A,2821796.0,54572400.0,0.026942038504928097
100019075|F|0-58:G>A-58:G>A,100018265|F|0-5:C>T-5:C>T,2821796.0,56110897.0,0.0007972456730471051
100019075|F|0-58:G>A-58:G>A,100014526|F|0-10:T>C-10:T>C,2821796.0,56110902.0,3.580188917845514e-05
100019075|F|0-58:G>A-58:G>A,100030709|F|0-39:T>A-39:T>A,2821796.0,56193250.0,0.0018989843460217072
100019075|F|0-58:G>A-58:G>A,100033311|F|0-46:C>T-46:C>T,2821796.0,57009334.0,0.0003416504029780612
100019075|F|0-58:G>A-58:G>A,100034520|F|0-31:G>A-31:G>A,2821796.0,58309310.0,0.001993116519700996
100019075|F|0-58:G>A-58:G>A,100019390|F|0-56:C>T-56:C>T,2821796.0,58491205.0,0.043000836179692956
100019075|F|0-58:G>A-58:G>A,100013048|F|0-58:C>T-58:C>T,2821796.0,58709443.0,0.018837185505576694
100019075|F|0-58:G>A-58:G>A,100041246|F|0-21:G>A-21:G>A,2821796.0,58719431.0,0.0010549741791878126
100019075|F|0-58:G>A-58:G>A,100033981|F|0-18:C>A-18:C>A,2821796.0,58771602.0,0.028115103345929773
100019075|F|0-58:G>A-58:G>A,100021859|F|0-23:T>A-23:T>A,2821796.0,59249203.0,7.565747694865547e-05
100019075|F|0-58:G>A-58:G>A,100038389|F|0-45:C>T-45:C>T,2821796.0,59686561.0,0.04829526712319726
100019075|F|0-58:G>A-58:G>A,100015287|F|0-63:T>C-63:T>C,2821796.0,61485460.0,0.014539976665212893
100019075|F|0-58:G>A-58:G>A,100013445|F|0-24:G>T-24:G>T,2821796.0,61602864.0,0.012454263830020549
100019075|F|0-58:G>A-58:G>A,100013879|F|0-63:G>A-63:G>A,2821796.0,61606253.0,0.009696826593538274
100019075|F|0-58:G>A-58:G>A,100040047|F|0-6:G>A-6:G>A,2821796.0,61640208.0,0.017485224793730138
100019075|F|0-58:G>A-58:G>A,100016920|F|0-66:T>A-66:T>A,2821796.0,61641379.0,0.004412626986476312
100019075|F|0-58:G>A-58:G>A,100017079|F|0-12:A>G-12:A>G,2821796.0,61641384.0,0.0004584127915505325
100019075|F|0-58:G>A-58:G>A,100020360|F|0-56:A>G-56:A>G,2821796.0,61670176.0,0.022006261872333253
100019075|F|0-58:G>A-58:G>A,100056174|F|0-11:G>A-11:G>A,2821796.0,61712285.0,0.0022888116101184358
100019075|F|0-58:G>A-58:G>A,100013722|F|0-6:A>G-6:A>G,2821796.0,61760543.0,0.0032771171551448015
100019075|F|0-58:G>A-58:G>A,100013153|F|0-63:C>A-63:C>A,2821796.0,61760548.0,0.004799305456114123
100019075|F|0-58:G>A-58:G>A,100040510|F|0-32:T>C-32:T>C,2821796.0,62326715.0,0.004531223043021369
100019075|F|0-58:G>A-58:G>A,100013356|F|0-7:G>A-7:G>A,2821796.0,62367252.0,0.002883660142950942
100019075|F|0-58:G>A-58:G>A,100014994|F|0-36:G>A-36:G>A,2821796.0,62444541.0,0.06664182215764029
100019075|F|0-58:G>A-58:G>A,100020485|F|0-47:G>T-47:G>T,2821796.0,62444546.0,0.0539631274391063
100019075|F|0-58:G>A-58:G>A,100013478|F|0-51:G>A-51:G>A,2821796.0,62447789.0,0.03815882837067969
100019075|F|0-58:G>A-58:G>A,100013529|F|0-11:C>G-11:C>G,2821796.0,62466983.0,0.02439346548882021
100019075|F|0-58:G>A-58:G>A,100029518|F|0-19:G>C-19:G>C,2821796.0,62476880.0,0.02908569890033295
100019075|F|0-58:G>A-58:G>A,100044261|F|0-5:T>A-5:T>A,2821796.0,62476902.0,0.0192196746938624
100019075|F|0-58:G>A-58:G>A,100017508|F|0-26:G>A-26:G>A,2821796.0,62494366.0,0.004859373976187783
100019075|F|0-58:G>A-58:G>A,100051794|F|0-60:T>C-60:T>C,2821796.0,62494371.0,0.005841252724045741
100019075|F|0-58:G>A-58:G>A,100033227|F|0-6:A>G-6:A>G,2821796.0,62503297.0,0.005100091076889599
100019075|F|0-58:G>A-58:G>A,100015367|F|0-46:A>T-46:A>T,2821796.0,62730005.0,0.00012678892419972892
100019075|F|0-58:G>A-58:G>A,100016319|F|0-60:C>A-60:C>A,2821796.0,62905182.0,0.004499410388756802
100019075|F|0-58:G>A-58:G>A,100020253|F|0-17:T>C-17:T>C,2821796.0,63125496.0,0.04885332331272284
100019075|F|0-58:G>A-58:G>A,100017121|F|0-19:C>T-19:C>T,2821796.0,63306572.0,0.015654677503511502
100019075|F|0-58:G>A-58:G>A,100021507|F|0-53:A>C-53:A>C,2821796.0,63642647.0,1.934151178413801e-06
100019075|F|0-58:G>A-58:G>A,100019105|F|0-61:T>C-61:T>C,2821796.0,63665304.0,0.029329596969774805
100019075|F|0-58:G>A-58:G>A,100014627|F|0-15:C>G-15:C>G,2821796.0,64043609.0,0.008752807005850615
100019075|F|0-58:G>A-58:G>A,100033689|F|0-56:C>T-56:C>T,2821796.0,64044059.0,0.0071254597439136145
100019075|F|0-58:G>A-58:G>A,100046739|F|0-18:T>G-18:T>G,2821796.0,64189766.0,0.027806381711788737
100019075|F|0-58:G>A-58:G>A,100030110|F|0-28:T>C-28:T>C,2821796.0,64196475.0,0.04580818849151034
100019075|F|0-58:G>A-58:G>A,100016864|F|0-56:A>G-56:A>G,2821796.0,64720414.0,0.04817152714239989
100019075|F|0-58:G>A-58:G>A,100021392|F|0-51:G>A-51:G>A,2821796.0,64886887.0,1.6001062470548243e-06
100049762|F|0-13:A>G-13:A>G,100049761|F|0-12:A>G-12:A>G,3667920.0,3667920.0,0.8702665970107838
100049762|F|0-13:A>G-13:A>G,100021278|F|0-44:C>G-44:C>G,3667920.0,3753633.0,0.005117849895412761
100049762|F|0-13:A>G-13:A>G,100021657|F|0-10:A>T-10:A>T,3667920.0,3994188.0,0.0008541493348123184
100049762|F|0-13:A>G-13:A>G,100019345|F|0-24:G>A-24:G>A,3667920.0,4018002.0,0.024817559184136067
100049762|F|0-13:A>G-13:A>G,100019488|F|0-31:C>T-31:C>T,3667920.0,4399918.0,0.3210967081376953
100049762|F|0-13:A>G-13:A>G,100034114|F|0-47:T>A-47:T>A,3667920.0,4820466.0,0.04758758059491551
100049762|F|0-13:A>G-13:A>G,100014086|F|0-61:C>T-61:C>T,3667920.0,5891468.0,0.020905573453344175
100049762|F|0-13:A>G-13:A>G,100017244|F|0-66:T>A-66:T>A,3667920.0,5946296.0,0.008989899858496787
100049762|F|0-13:A>G-13:A>G,100046635|F|0-47:T>A-47:T>A,3667920.0,6655180.0,0.0005040005040005032
100049762|F|0-13:A>G-13:A>G,100022062|F|0-25:G>T-25:G>T,3667920.0,6664246.0,0.0034790667702060017
100049762|F|0-13:A>G-13:A>G,100020750|F|0-37:T>C-37:T>C,3667920.0,6910475.0,0.029532135177905545
100049762|F|0-13:A>G-13:A>G,100034576|F|0-39:C>T-39:C>T,3667920.0,7042888.0,0.019517734306466795
100049762|F|0-13:A>G-13:A>G,100019346|F|0-50:A>C-50:A>C,3667920.0,7055098.0,0.015116872658772125
100049762|F|0-13:A>G-13:A>G,100040750|F|0-21:T>G-21:T>G,3667920.0,7192316.0,0.0027015770456003695
100049762|F|0-13:A>G-13:A>G,100015923|F|0-54:G>A-54:G>A,3667920.0,7407875.0,0.01815864471466137
100049762|F|0-13:A>G-13:A>G,100038393|F|0-44:G>A-44:G>A,3667920.0,7824887.0,0.0018237849236493562
100049762|F|0-13:A>G-13:A>G,100036149|F|0-36:T>A-36:T>A,3667920.0,8219449.0,0.02937994962534845
100049762|F|0-13:A>G-13:A>G,100036173|F|0-57:T>C-57:T>C,3667920.0,8514264.0,0.003870445744034913
100049762|F|0-13:A>G-13:A>G,100033255|F|0-46:T>C-46:T>C,3667920.0,8685335.0,0.01209310124666275
100049762|F|0-13:A>G-13:A>G,100014460|F|0-15:A>T-15:A>T,3667920.0,10928744.0,0.006749224140528487
100049762|F|0-13:A>G-13:A>G,100040451|F|0-37:G>A-37:G>A,3667920.0,10932163.0,0.002152893889926456
100049762|F|0-13:A>G-13:A>G,100018823|F|0-53:T>C-53:T>C,3667920.0,11900381.0,0.01670493944134145
100049762|F|0-13:A>G-13:A>G,100016501|F|0-17:C>T-17:C>T,3667920.0,12114192.0,0.0002593453475065557
100049762|F|0-13:A>G-13:A>G,100018613|F|0-47:T>C-47:T>C,3667920.0,12308528.0,0.051090942859235565
100049762|F|0-13:A>G-13:A>G,100045000|F|0-23:G>A-23:G>A,3667920.0,12317197.0,0.053164509046861805
100049762|F|0-13:A>G-13:A>G,100015749|F|0-20:C>T-20:C>T,3667920.0,12317967.0,0.03629055076595347
100049762|F|0-13:A>G-13:A>G,100014140|F|0-33:C>G-33:C>G,3667920.0,12605038.0,0.001632050437337661
100049762|F|0-13:A>G-13:A>G,100018408|F|0-53:G>A-53:G>A,3667920.0,12747732.0,0.007619306168413314
100049762|F|0-13:A>G-13:A>G,100020066|F|0-27:G>C-27:G>C,3667920.0,13025005.0,0.005931397235745038
100049762|F|0-13:A>G-13:A>G,100034157|F|0-53:C>A-53:C>A,3667920.0,13580202.0,0.02705390007873079
100049762|F|0-13:A>G-13:A>G,100017630|F|0-52:A>T-52:A>T,3667920.0,13716601.0,0.03482540581800764
100049762|F|0-13:A>G-13:A>G,100044127|F|0-8:G>A-8:G>A,3667920.0,14087087.0,0.02099941668286984
100049762|F|0-13:A>G-13:A>G,100035819|F|0-44:C>T-44:C>T,3667920.0,14553363.0,0.00013507885228001805
100049762|F|0-13:A>G-13:A>G,100034357|F|0-15:T>C-15:T>C,3667920.0,14568764.0,0.03186573866460565
100049762|F|0-13:A>G-13:A>G,100054129|F|0-61:T>A-61:T>A,3667920.0,14873218.0,0.009433878759876007
100049762|F|0-13:A>G-13:A>G,100022113|F|0-34:G>C-34:G>C,3667920.0,14898843.0,0.0009710274521764658
100049762|F|0-13:A>G-13:A>G,100055747|F|0-35:G>C-35:G>C,3667920.0,14898843.0,0.008182976932976933
100049762|F|0-13:A>G-13:A>G,100034447|F|0-52:A>T-52:A>T,3667920.0,15211267.0,0.2224728658703898
100049762|F|0-13:A>G-13:A>G,100018930|F|0-63:C>G-63:C>G,3667920.0,15212141.0,0.20092161516963666
100049762|F|0-13:A>G-13:A>G,100014038|F|0-34:G>C-34:G>C,3667920.0,15259541.0,0.1643470713238159
100049762|F|0-13:A>G-13:A>G,100030229|F|0-11:A>T-11:A>T,3667920.0,15553876.0,0.008289939266133094
100049762|F|0-13:A>G-13:A>G,100017989|F|0-62:A>T-62:A>T,3667920.0,16021700.0,0.002030787745073457
100049762|F|0-13:A>G-13:A>G,100052450|F|0-8:A>G-8:A>G,3667920.0,22147758.0,0.033175412207670264
100049762|F|0-13:A>G-13:A>G,100034572|F|0-53:G>A-53:G>A,3667920.0,26973588.0,0.0004804683703766277
100049762|F|0-13:A>G-13:A>G,100018223|F|0-41:G>A-41:G>A,3667920.0,42850086.0,0.0016109888107359545
100049762|F|0-13:A>G-13:A>G,100034540|F|0-15:G>A-15:G>A,3667920.0,42850367.0,0.005725776489339812
100049762|F|0-13:A>G-13:A>G,100017511|F|0-59:G>C-59:G>C,3667920.0,42850408.0,0.0002661062010136655
100049762|F|0-13:A>G-13:A>G,100050114|F|0-27:G>A-27:G>A,3667920.0,43250010.0,0.007686326138975257
100049762|F|0-13:A>G-13:A>G,100016574|F|0-9:G>A-9:G>A,3667920.0,43529057.0,0.005081147938290777
100049762|F|0-13:A>G-13:A>G,100018496|F|0-32:T>G-32:T>G,3667920.0,43881573.0,1.981695737042157e-05
100049762|F|0-13:A>G-13:A>G,100017598|F|0-46:C>G-46:C>G,3667920.0,45505408.0,0.0015140647076528715
100049762|F|0-13:A>G-13:A>G,100021048|F|0-66:C>T-66:C>T,3667920.0,45555246.0,0.00015214333494837097
100049762|F|0-13:A>G-13:A>G,100017454|F|0-9:A>G-9:A>G,3667920.0,45869241.0,0.018403912319044403
100049762|F|0-13:A>G-13:A>G,100018445|F|0-45:A>G-45:A>G,3667920.0,45885872.0,0.01676911689972204
100049762|F|0-13:A>G-13:A>G,100034159|F|0-24:A>G-24:A>G,3667920.0,46097671.0,0.024441556444568524
100049762|F|0-13:A>G-13:A>G,100017594|F|0-13:G>T-13:G>T,3667920.0,46097676.0,0.030750465770528073
100049762|F|0-13:A>G-13:A>G,100030376|F|0-12:T>C-12:T>C,3667920.0,47165949.0,0.011095878344385432
100049762|F|0-13:A>G-13:A>G,100034945|F|0-61:G>A-61:G>A,3667920.0,47171709.0,0.011095878344385432
100049762|F|0-13:A>G-13:A>G,100043426|F|0-30:G>A-30:G>A,3667920.0,47201903.0,0.02138233659972795
100049762|F|0-13:A>G-13:A>G,100015331|F|0-40:A>G-40:A>G,3667920.0,47228518.0,0.018636747464805575
100049762|F|0-13:A>G-13:A>G,100033028|F|0-17:A>C-17:A>C,3667920.0,47247609.0,0.033908332295428986
100049762|F|0-13:A>G-13:A>G,100014668|F|0-30:A>T-30:A>T,3667920.0,48841067.0,0.07770848021227404
100049762|F|0-13:A>G-13:A>G,100019661|F|0-30:A>T-30:A>T,3667920.0,48965503.0,0.004352553689814369
100049762|F|0-13:A>G-13:A>G,100035901|F|0-29:T>A-29:T>A,3667920.0,48989476.0,0.007083179682800172
100049762|F|0-13:A>G-13:A>G,100043126|F|0-48:T>A-48:T>A,3667920.0,49230618.0,0.039112946708874746
100049762|F|0-13:A>G-13:A>G,100044970|F|0-28:C>T-28:C>T,3667920.0,49340094.0,0.010400635400635395
100049762|F|0-13:A>G-13:A>G,100013964|F|0-14:T>G-14:T>G,3667920.0,49356602.0,0.00787859148301568
100049762|F|0-13:A>G-13:A>G,100020795|F|0-42:T>C-42:T>C,3667920.0,49358815.0,0.006627436599907353
100049762|F|0-13:A>G-13:A>G,100016185|F|0-62:C>T-62:C>T,3667920.0,49565807.0,0.003495631935998918
100049762|F|0-13:A>G-13:A>G,100033324|F|0-45:A>T-45:A>T,3667920.0,53523372.0,0.05230007889582379
100049762|F|0-13:A>G-13:A>G,100034432|F|0-24:T>A-24:T>A,3667920.0,53750135.0,0.00522411082073173
100049762|F|0-13:A>G-13:A>G,100056034|F|0-41:G>T-41:G>T,3667920.0,53750140.0,0.0262308813225802
100049762|F|0-13:A>G-13:A>G,100019249|F|0-36:C>A-36:C>A,3667920.0,54407017.0,0.03989490910020705
100049762|F|0-13:A>G-13:A>G,100013936|F|0-38:C>A-38:C>A,3667920.0,54572400.0,0.016267243806306324
100049762|F|0-13:A>G-13:A>G,100018265|F|0-5:C>T-5:C>T,3667920.0,56110897.0,0.001557935689257588
100049762|F|0-13:A>G-13:A>G,100014526|F|0-10:T>C-10:T>C,3667920.0,56110902.0,0.008893551744937597
100049762|F|0-13:A>G-13:A>G,100030709|F|0-39:T>A-39:T>A,3667920.0,56193250.0,0.021227982889324717
100049762|F|0-13:A>G-13:A>G,100033311|F|0-46:C>T-46:C>T,3667920.0,57009334.0,1.7486430529908794e-05
100049762|F|0-13:A>G-13:A>G,100034520|F|0-31:G>A-31:G>A,3667920.0,58309310.0,0.0005283768647988181
100049762|F|0-13:A>G-13:A>G,100019390|F|0-56:C>T-56:C>T,3667920.0,58491205.0,0.0004391663159435715
100049762|F|0-13:A>G-13:A>G,100013048|F|0-58:C>T-58:C>T,3667920.0,58709443.0,0.0050950476261679605
100049762|F|0-13:A>G-13:A>G,100041246|F|0-21:G>A-21:G>A,3667920.0,58719431.0,0.0037793512113753892
100049762|F|0-13:A>G-13:A>G,100033981|F|0-18:C>A-18:C>A,3667920.0,58771602.0,0.009127444710266776
100049762|F|0-13:A>G-13:A>G,100021859|F|0-23:T>A-23:T>A,3667920.0,59249203.0,0.0020834556454924617
100049762|F|0-13:A>G-13:A>G,100038389|F|0-45:C>T-45:C>T,3667920.0,59686561.0,0.0013074298788584525
100049762|F|0-13:A>G-13:A>G,100015287|F|0-63:T>C-63:T>C,3667920.0,61485460.0,0.004169768743759791
100049762|F|0-13:A>G-13:A>G,100013445|F|0-24:G>T-24:G>T,3667920.0,61602864.0,0.004435720425119717
100049762|F|0-13:A>G-13:A>G,100013879|F|0-63:G>A-63:G>A,3667920.0,61606253.0,0.008129273079439198
100049762|F|0-13:A>G-13:A>G,100040047|F|0-6:G>A-6:G>A,3667920.0,61640208.0,0.024474405185065117
100049762|F|0-13:A>G-13:A>G,100016920|F|0-66:T>A-66:T>A,3667920.0,61641379.0,0.010694008025348747
100049762|F|0-13:A>G-13:A>G,100017079|F|0-12:A>G-12:A>G,3667920.0,61641384.0,0.0047978650919827375
100049762|F|0-13:A>G-13:A>G,100020360|F|0-56:A>G-56:A>G,3667920.0,61670176.0,0.018467438656195354
100049762|F|0-13:A>G-13:A>G,100056174|F|0-11:G>A-11:G>A,3667920.0,61712285.0,0.018513926770807515
100049762|F|0-13:A>G-13:A>G,100013722|F|0-6:A>G-6:A>G,3667920.0,61760543.0,0.02650821359061893
100049762|F|0-13:A>G-13:A>G,100013153|F|0-63:C>A-63:C>A,3667920.0,61760548.0,0.029926265841758788
100049762|F|0-13:A>G-13:A>G,100040510|F|0-32:T>C-32:T>C,3667920.0,62326715.0,0.0023713909327116893
100049762|F|0-13:A>G-13:A>G,100013356|F|0-7:G>A-7:G>A,3667920.0,62367252.0,0.000990151904786051
100049762|F|0-13:A>G-13:A>G,100014994|F|0-36:G>A-36:G>A,3667920.0,62444541.0,0.012572132742148169
100049762|F|0-13:A>G-13:A>G,100020485|F|0-47:G>T-47:G>T,3667920.0,62444546.0,0.0047387054855766945
100049762|F|0-13:A>G-13:A>G,100013478|F|0-51:G>A-51:G>A,3667920.0,62447789.0,0.005005223076134242
100049762|F|0-13:A>G-13:A>G,100013529|F|0-11:C>G-11:C>G,3667920.0,62466983.0,0.022846999541914784
100049762|F|0-13:A>G-13:A>G,100029518|F|0-19:G>C-19:G>C,3667920.0,62476880.0,0.016769116899722054
100049762|F|0-13:A>G-13:A>G,100044261|F|0-5:T>A-5:T>A,3667920.0,62476902.0,0.018001210165389216
100049762|F|0-13:A>G-13:A>G,100017508|F|0-26:G>A-26:G>A,3667920.0,62494366.0,0.012572132742148183
100049762|F|0-13:A>G-13:A>G,100051794|F|0-60:T>C-60:T>C,3667920.0,62494371.0,0.026492560276344067
100049762|F|0-13:A>G-13:A>G,100033227|F|0-6:A>G-6:A>G,3667920.0,62503297.0,0.02259706963969465
100049762|F|0-13:A>G-13:A>G,100015367|F|0-46:A>T-46:A>T,3667920.0,62730005.0,0.03721733595379792
100049762|F|0-13:A>G-13:A>G,100016319|F|0-60:C>A-60:C>A,3667920.0,62905182.0,0.02786507437670232
100049762|F|0-13:A>G-13:A>G,100020253|F|0-17:T>C-17:T>C,3667920.0,63125496.0,0.08887360942155449
100049762|F|0-13:A>G-13:A>G,100017121|F|0-19:C>T-19:C>T,3667920.0,63306572.0,0.010433744340456035
100049762|F|0-13:A>G-13:A>G,100021507|F|0-53:A>C-53:A>C,3667920.0,63642647.0,0.016695081845030126
100049762|F|0-13:A>G-13:A>G,100019105|F|0-61:T>C-61:T>C,3667920.0,63665304.0,0.0008292534065729926
100049762|F|0-13:A>G-13:A>G,100014627|F|0-15:C>G-15:C>G,3667920.0,64043609.0,0.011566948405072454
100049762|F|0-13:A>G-13:A>G,100033689|F|0-56:C>T-56:C>T,3667920.0,64044059.0,0.03055117340831626
100049762|F|0-13:A>G-13:A>G,100046739|F|0-18:T>G-18:T>G,3667920.0,64189766.0,0.000971027452176465
100049762|F|0-13:A>G-13:A>G,100030110|F|0-28:T>C-28:T>C,3667920.0,64196475.0,0.019247182011532415
100049762|F|0-13:A>G-13:A>G,100016864|F|0-56:A>G-56:A>G,3667920.0,64720414.0,0.011746126669947024
100049762|F|0-13:A>G-13:A>G,100021392|F|0-51:G>A-51:G>A,3667920.0,64886887.0,5.016703765500627e-05
100049761|F|0-12:A>G-12:A>G,100021278|F|0-44:C>G-44:C>G,3667920.0,3753633.0,0.004754584748941519
100049761|F|0-12:A>G-12:A>G,100021657|F|0-10:A>T-10:A>T,3667920.0,3994188.0,0.002265524316789897
100049761|F|0-12:A>G-12:A>G,100019345|F|0-24:G>A-24:G>A,3667920.0,4018002.0,0.018421379215587206
100049761|F|0-12:A>G-12:A>G,100019488|F|0-31:C>T-31:C>T,3667920.0,4399918.0,0.3958682433320783
100049761|F|0-12:A>G-12:A>G,100034114|F|0-47:T>A-47:T>A,3667920.0,4820466.0,0.0458873146085292
100049761|F|0-12:A>G-12:A>G,100014086|F|0-61:C>T-61:C>T,3667920.0,5891468.0,0.006822782707836751
100049761|F|0-12:A>G-12:A>G,100017244|F|0-66:T>A-66:T>A,3667920.0,5946296.0,0.0031809261622282826
100049761|F|0-12:A>G-12:A>G,100046635|F|0-47:T>A-47:T>A,3667920.0,6655180.0,0.004815480502584096
100049761|F|0-12:A>G-12:A>G,100022062|F|0-25:G>T-25:G>T,3667920.0,6664246.0,0.007356337390190782
100049761|F|0-12:A>G-12:A>G,100020750|F|0-37:T>C-37:T>C,3667920.0,6910475.0,0.046747688364002456
100049761|F|0-12:A>G-12:A>G,100034576|F|0-39:C>T-39:C>T,3667920.0,7042888.0,0.013829748516941435
100049761|F|0-12:A>G-12:A>G,100019346|F|0-50:A>C-50:A>C,3667920.0,7055098.0,0.005843973055224195
100049761|F|0-12:A>G-12:A>G,100040750|F|0-21:T>G-21:T>G,3667920.0,7192316.0,0.003523094529264446
100049761|F|0-12:A>G-12:A>G,100015923|F|0-54:G>A-54:G>A,3667920.0,7407875.0,0.03342797852109825
100049761|F|0-12:A>G-12:A>G,100038393|F|0-44:G>A-44:G>A,3667920.0,7824887.0,0.0006126110462011438
100049761|F|0-12:A>G-12:A>G,100036149|F|0-36:T>A-36:T>A,3667920.0,8219449.0,0.020125639329520016
100049761|F|0-12:A>G-12:A>G,100036173|F|0-57:T>C-57:T>C,3667920.0,8514264.0,0.006385048447623919
100049761|F|0-12:A>G-12:A>G,100033255|F|0-46:T>C-46:T>C,3667920.0,8685335.0,0.014832765069655201
100049761|F|0-12:A>G-12:A>G,100014460|F|0-15:A>T-15:A>T,3667920.0,10928744.0,0.003386611703092994
100049761|F|0-12:A>G-12:A>G,100040451|F|0-37:G>A-37:G>A,3667920.0,10932163.0,0.0008143119414755222
100049761|F|0-12:A>G-12:A>G,100018823|F|0-53:T>C-53:T>C,3667920.0,11900381.0,0.011460654621127097
100049761|F|0-12:A>G-12:A>G,100016501|F|0-17:C>T-17:C>T,3667920.0,12114192.0,0.002731905783865248
100049761|F|0-12:A>G-12:A>G,100018613|F|0-47:T>C-47:T>C,3667920.0,12308528.0,0.052687968740152545
100049761|F|0-12:A>G-12:A>G,100045000|F|0-23:G>A-23:G>A,3667920.0,12317197.0,0.059899266260415356
100049761|F|0-12:A>G-12:A>G,100015749|F|0-20:C>T-20:C>T,3667920.0,12317967.0,0.039900989218096566
100049761|F|0-12:A>G-12:A>G,100014140|F|0-33:C>G-33:C>G,3667920.0,12605038.0,0.00825591688787912
100049761|F|0-12:A>G-12:A>G,100018408|F|0-53:G>A-53:G>A,3667920.0,12747732.0,0.015700407574499135
100049761|F|0-12:A>G-12:A>G,100020066|F|0-27:G>C-27:G>C,3667920.0,13025005.0,0.0027460441066713896
100049761|F|0-12:A>G-12:A>G,100034157|F|0-53:C>A-53:C>A,3667920.0,13580202.0,0.029620579780693213
100049761|F|0-12:A>G-12:A>G,100017630|F|0-52:A>T-52:A>T,3667920.0,13716601.0,0.03591983986917033
100049761|F|0-12:A>G-12:A>G,100044127|F|0-8:G>A-8:G>A,3667920.0,14087087.0,0.022293249664840805
100049761|F|0-12:A>G-12:A>G,100035819|F|0-44:C>T-44:C>T,3667920.0,14553363.0,0.013284798969421639
100049761|F|0-12:A>G-12:A>G,100034357|F|0-15:T>C-15:T>C,3667920.0,14568764.0,0.05057492375497526
100049761|F|0-12:A>G-12:A>G,100054129|F|0-61:T>A-61:T>A,3667920.0,14873218.0,0.009208879686471584
100049761|F|0-12:A>G-12:A>G,100022113|F|0-34:G>C-34:G>C,3667920.0,14898843.0,0.001923118285691874
100049761|F|0-12:A>G-12:A>G,100055747|F|0-35:G>C-35:G>C,3667920.0,14898843.0,0.008239822193310566
100049761|F|0-12:A>G-12:A>G,100034447|F|0-52:A>T-52:A>T,3667920.0,15211267.0,0.17425502586725827
100049761|F|0-12:A>G-12:A>G,100018930|F|0-63:C>G-63:C>G,3667920.0,15212141.0,0.15580112346388356
100049761|F|0-12:A>G-12:A>G,100014038|F|0-34:G>C-34:G>C,3667920.0,15259541.0,0.12463739613550351
100049761|F|0-12:A>G-12:A>G,100030229|F|0-11:A>T-11:A>T,3667920.0,15553876.0,0.00023071303091089633
100049761|F|0-12:A>G-12:A>G,100017989|F|0-62:A>T-62:A>T,3667920.0,16021700.0,0.004383536360280538
100049761|F|0-12:A>G-12:A>G,100052450|F|0-8:A>G-8:A>G,3667920.0,22147758.0,0.03841006871764558
100049761|F|0-12:A>G-12:A>G,100034572|F|0-53:G>A-53:G>A,3667920.0,26973588.0,0.00029529179305155497
100049761|F|0-12:A>G-12:A>G,100018223|F|0-41:G>A-41:G>A,3667920.0,42850086.0,0.003427833742713355
100049761|F|0-12:A>G-12:A>G,100034540|F|0-15:G>A-15:G>A,3667920.0,42850367.0,0.007578235665900575
100049761|F|0-12:A>G-12:A>G,100017511|F|0-59:G>C-59:G>C,3667920.0,42850408.0,0.0018050902758758116
100049761|F|0-12:A>G-12:A>G,100050114|F|0-27:G>A-27:G>A,3667920.0,43250010.0,0.013001897471574587
100049761|F|0-12:A>G-12:A>G,100016574|F|0-9:G>A-9:G>A,3667920.0,43529057.0,0.019231121239577917
100049761|F|0-12:A>G-12:A>G,100018496|F|0-32:T>G-32:T>G,3667920.0,43881573.0,6.442867813150412e-05
100049761|F|0-12:A>G-12:A>G,100017598|F|0-46:C>G-46:C>G,3667920.0,45505408.0,0.00044026998977820647
100049761|F|0-12:A>G-12:A>G,100021048|F|0-66:C>T-66:C>T,3667920.0,45555246.0,4.891937290382032e-34
100049761|F|0-12:A>G-12:A>G,100017454|F|0-9:A>G-9:A>G,3667920.0,45869241.0,0.01953782899469683
100049761|F|0-12:A>G-12:A>G,100018445|F|0-45:A>G-45:A>G,3667920.0,45885872.0,0.019702752893669264
100049761|F|0-12:A>G-12:A>G,100034159|F|0-24:A>G-24:A>G,3667920.0,46097671.0,0.02634923060812674
100049761|F|0-12:A>G-12:A>G,100017594|F|0-13:G>T-13:G>T,3667920.0,46097676.0,0.03056411977188765
100049761|F|0-12:A>G-12:A>G,100030376|F|0-12:T>C-12:T>C,3667920.0,47165949.0,0.017713535996643832
100049761|F|0-12:A>G-12:A>G,100034945|F|0-61:G>A-61:G>A,3667920.0,47171709.0,0.022418693995752338
100049761|F|0-12:A>G-12:A>G,100043426|F|0-30:G>A-30:G>A,3667920.0,47201903.0,0.036017558308210025
100049761|F|0-12:A>G-12:A>G,100015331|F|0-40:A>G-40:A>G,3667920.0,47228518.0,0.03213559290359168
100049761|F|0-12:A>G-12:A>G,100033028|F|0-17:A>C-17:A>C,3667920.0,47247609.0,0.0460721240916291
100049761|F|0-12:A>G-12:A>G,100014668|F|0-30:A>T-30:A>T,3667920.0,48841067.0,0.07965591262164647
100049761|F|0-12:A>G-12:A>G,100019661|F|0-30:A>T-30:A>T,3667920.0,48965503.0,0.007896117042604704
100049761|F|0-12:A>G-12:A>G,100035901|F|0-29:T>A-29:T>A,3667920.0,48989476.0,0.008873898510278188
100049761|F|0-12:A>G-12:A>G,100043126|F|0-48:T>A-48:T>A,3667920.0,49230618.0,0.07974060504518847
100049761|F|0-12:A>G-12:A>G,100044970|F|0-28:C>T-28:C>T,3667920.0,49340094.0,0.01967491634510665
100049761|F|0-12:A>G-12:A>G,100013964|F|0-14:T>G-14:T>G,3667920.0,49356602.0,0.01572441670185691
100049761|F|0-12:A>G-12:A>G,100020795|F|0-42:T>C-42:T>C,3667920.0,49358815.0,0.01411080183547733
100049761|F|0-12:A>G-12:A>G,100016185|F|0-62:C>T-62:C>T,3667920.0,49565807.0,0.0034122607197068517
100049761|F|0-12:A>G-12:A>G,100033324|F|0-45:A>T-45:A>T,3667920.0,53523372.0,0.027531721124002317
100049761|F|0-12:A>G-12:A>G,100034432|F|0-24:T>A-24:T>A,3667920.0,53750135.0,0.011046158150846164
100049761|F|0-12:A>G-12:A>G,100056034|F|0-41:G>T-41:G>T,3667920.0,53750140.0,0.025331885797002063
100049761|F|0-12:A>G-12:A>G,100019249|F|0-36:C>A-36:C>A,3667920.0,54407017.0,0.04271110924429883
100049761|F|0-12:A>G-12:A>G,100013936|F|0-38:C>A-38:C>A,3667920.0,54572400.0,0.01808208748615724
100049761|F|0-12:A>G-12:A>G,100018265|F|0-5:C>T-5:C>T,3667920.0,56110897.0,0.007620811423042761
100049761|F|0-12:A>G-12:A>G,100014526|F|0-10:T>C-10:T>C,3667920.0,56110902.0,0.015904058648188446
100049761|F|0-12:A>G-12:A>G,100030709|F|0-39:T>A-39:T>A,3667920.0,56193250.0,0.02695944886115027
100049761|F|0-12:A>G-12:A>G,100033311|F|0-46:C>T-46:C>T,3667920.0,57009334.0,0.002046660998253522
100049761|F|0-12:A>G-12:A>G,100034520|F|0-31:G>A-31:G>A,3667920.0,58309310.0,0.0011929535873244585
100049761|F|0-12:A>G-12:A>G,100019390|F|0-56:C>T-56:C>T,3667920.0,58491205.0,0.005711251164794653
100049761|F|0-12:A>G-12:A>G,100013048|F|0-58:C>T-58:C>T,3667920.0,58709443.0,0.0014815724552287408
100049761|F|0-12:A>G-12:A>G,100041246|F|0-21:G>A-21:G>A,3667920.0,58719431.0,0.004871131039191186
100049761|F|0-12:A>G-12:A>G,100033981|F|0-18:C>A-18:C>A,3667920.0,58771602.0,0.006571637332088189
100049761|F|0-12:A>G-12:A>G,100021859|F|0-23:T>A-23:T>A,3667920.0,59249203.0,0.001586739172653971
100049761|F|0-12:A>G-12:A>G,100038389|F|0-45:C>T-45:C>T,3667920.0,59686561.0,0.00038256317326084815
100049761|F|0-12:A>G-12:A>G,100015287|F|0-63:T>C-63:T>C,3667920.0,61485460.0,0.0030021773686389314
100049761|F|0-12:A>G-12:A>G,100013445|F|0-24:G>T-24:G>T,3667920.0,61602864.0,0.0011926936386629013
100049761|F|0-12:A>G-12:A>G,100013879|F|0-63:G>A-63:G>A,3667920.0,61606253.0,0.003213975496290261
100049761|F|0-12:A>G-12:A>G,100040047|F|0-6:G>A-6:G>A,3667920.0,61640208.0,0.0296896915842838
100049761|F|0-12:A>G-12:A>G,100016920|F|0-66:T>A-66:T>A,3667920.0,61641379.0,0.01715878323280069
100049761|F|0-12:A>G-12:A>G,100017079|F|0-12:A>G-12:A>G,3667920.0,61641384.0,0.007587502936340123
100049761|F|0-12:A>G-12:A>G,100020360|F|0-56:A>G-56:A>G,3667920.0,61670176.0,0.03462122151942846
100049761|F|0-12:A>G-12:A>G,100056174|F|0-11:G>A-11:G>A,3667920.0,61712285.0,0.007677586619340396
100049761|F|0-12:A>G-12:A>G,100013722|F|0-6:A>G-6:A>G,3667920.0,61760543.0,0.022831843058962773
100049761|F|0-12:A>G-12:A>G,100013153|F|0-63:C>A-63:C>A,3667920.0,61760548.0,0.022213429108286616
100049761|F|0-12:A>G-12:A>G,100040510|F|0-32:T>C-32:T>C,3667920.0,62326715.0,0.013926562686983958
100049761|F|0-12:A>G-12:A>G,100013356|F|0-7:G>A-7:G>A,3667920.0,62367252.0,0.00019626100879645934
100049761|F|0-12:A>G-12:A>G,100014994|F|0-36:G>A-36:G>A,3667920.0,62444541.0,0.01252051807387704
100049761|F|0-12:A>G-12:A>G,100020485|F|0-47:G>T-47:G>T,3667920.0,62444546.0,0.0019527788138541937
100049761|F|0-12:A>G-12:A>G,100013478|F|0-51:G>A-51:G>A,3667920.0,62447789.0,0.0023035101478034773
100049761|F|0-12:A>G-12:A>G,100013529|F|0-11:C>G-11:C>G,3667920.0,62466983.0,0.021768731859390177
100049761|F|0-12:A>G-12:A>G,100029518|F|0-19:G>C-19:G>C,3667920.0,62476880.0,0.01541827852182107
100049761|F|0-12:A>G-12:A>G,100044261|F|0-5:T>A-5:T>A,3667920.0,62476902.0,0.019110315231453713
100049761|F|0-12:A>G-12:A>G,100017508|F|0-26:G>A-26:G>A,3667920.0,62494366.0,0.020281169772561117
100049761|F|0-12:A>G-12:A>G,100051794|F|0-60:T>C-60:T>C,3667920.0,62494371.0,0.04453957942330033
100049761|F|0-12:A>G-12:A>G,100033227|F|0-6:A>G-6:A>G,3667920.0,62503297.0,0.04206149700716443
100049761|F|0-12:A>G-12:A>G,100015367|F|0-46:A>T-46:A>T,3667920.0,62730005.0,0.05932184464633456
100049761|F|0-12:A>G-12:A>G,100016319|F|0-60:C>A-60:C>A,3667920.0,62905182.0,0.04148434042971632
100049761|F|0-12:A>G-12:A>G,100020253|F|0-17:T>C-17:T>C,3667920.0,63125496.0,0.0694155637290395
100049761|F|0-12:A>G-12:A>G,100017121|F|0-19:C>T-19:C>T,3667920.0,63306572.0,0.00511307330370423
100049761|F|0-12:A>G-12:A>G,100021507|F|0-53:A>C-53:A>C,3667920.0,63642647.0,0.013569717521041462
100049761|F|0-12:A>G-12:A>G,100019105|F|0-61:T>C-61:T>C,3667920.0,63665304.0,0.00015529304069222477
100049761|F|0-12:A>G-12:A>G,100014627|F|0-15:C>G-15:C>G,3667920.0,64043609.0,0.024611949989285276
100049761|F|0-12:A>G-12:A>G,100033689|F|0-56:C>T-56:C>T,3667920.0,64044059.0,0.04455155485810882
100049761|F|0-12:A>G-12:A>G,100046739|F|0-18:T>G-18:T>G,3667920.0,64189766.0,0.0019231182856918733
100049761|F|0-12:A>G-12:A>G,100030110|F|0-28:T>C-28:T>C,3667920.0,64196475.0,0.015801679409140963
100049761|F|0-12:A>G-12:A>G,100016864|F|0-56:A>G-56:A>G,3667920.0,64720414.0,0.01203878963077724
100049761|F|0-12:A>G-12:A>G,100021392|F|0-51:G>A-51:G>A,3667920.0,64886887.0,0.002609640510573878
100021278|F|0-44:C>G-44:C>G,100021657|F|0-10:A>T-10:A>T,3753633.0,3994188.0,0.00038993167512996153
100021278|F|0-44:C>G-44:C>G,100019345|F|0-24:G>A-24:G>A,3753633.0,4018002.0,0.027953090788388795
100021278|F|0-44:C>G-44:C>G,100019488|F|0-31:C>T-31:C>T,3753633.0,4399918.0,0.006983529031338712
100021278|F|0-44:C>G-44:C>G,100034114|F|0-47:T>A-47:T>A,3753633.0,4820466.0,0.20816901212662992
100021278|F|0-44:C>G-44:C>G,100014086|F|0-61:C>T-61:C>T,3753633.0,5891468.0,0.08048611258888586
100021278|F|0-44:C>G-44:C>G,100017244|F|0-66:T>A-66:T>A,3753633.0,5946296.0,0.0005958901042753851
100021278|F|0-44:C>G-44:C>G,100046635|F|0-47:T>A-47:T>A,3753633.0,6655180.0,0.014433517950310625
100021278|F|0-44:C>G-44:C>G,100022062|F|0-25:G>T-25:G>T,3753633.0,6664246.0,0.0010361183512029447
100021278|F|0-44:C>G-44:C>G,100020750|F|0-37:T>C-37:T>C,3753633.0,6910475.0,0.031696471971640404
100021278|F|0-44:C>G-44:C>G,100034576|F|0-39:C>T-39:C>T,3753633.0,7042888.0,0.07154744356714764
100021278|F|0-44:C>G-44:C>G,100019346|F|0-50:A>C-50:A>C,3753633.0,7055098.0,0.05683399756182128
100021278|F|0-44:C>G-44:C>G,100040750|F|0-21:T>G-21:T>G,3753633.0,7192316.0,0.01358248391169878
100021278|F|0-44:C>G-44:C>G,100015923|F|0-54:G>A-54:G>A,3753633.0,7407875.0,0.007958445908396524
100021278|F|0-44:C>G-44:C>G,100038393|F|0-44:G>A-44:G>A,3753633.0,7824887.0,1.3587246930573335e-05
100021278|F|0-44:C>G-44:C>G,100036149|F|0-36:T>A-36:T>A,3753633.0,8219449.0,0.0012310797092928564
100021278|F|0-44:C>G-44:C>G,100036173|F|0-57:T>C-57:T>C,3753633.0,8514264.0,0.021991465228406934
100021278|F|0-44:C>G-44:C>G,100033255|F|0-46:T>C-46:T>C,3753633.0,8685335.0,0.021941734189298137
100021278|F|0-44:C>G-44:C>G,100014460|F|0-15:A>T-15:A>T,3753633.0,10928744.0,0.030181711737089806
100021278|F|0-44:C>G-44:C>G,100040451|F|0-37:G>A-37:G>A,3753633.0,10932163.0,0.020489365166599743
100021278|F|0-44:C>G-44:C>G,100018823|F|0-53:T>C-53:T>C,3753633.0,11900381.0,6.901881625832553e-05
100021278|F|0-44:C>G-44:C>G,100016501|F|0-17:C>T-17:C>T,3753633.0,12114192.0,0.011594874341099674
100021278|F|0-44:C>G-44:C>G,100018613|F|0-47:T>C-47:T>C,3753633.0,12308528.0,0.013581109962673367
100021278|F|0-44:C>G-44:C>G,100045000|F|0-23:G>A-23:G>A,3753633.0,12317197.0,0.06509748756193183
100021278|F|0-44:C>G-44:C>G,100015749|F|0-20:C>T-20:C>T,3753633.0,12317967.0,0.016035701952661914
100021278|F|0-44:C>G-44:C>G,100014140|F|0-33:C>G-33:C>G,3753633.0,12605038.0,0.0232727410807905
100021278|F|0-44:C>G-44:C>G,100018408|F|0-53:G>A-53:G>A,3753633.0,12747732.0,0.010627381488796498
100021278|F|0-44:C>G-44:C>G,100020066|F|0-27:G>C-27:G>C,3753633.0,13025005.0,0.040305556344918524
100021278|F|0-44:C>G-44:C>G,100034157|F|0-53:C>A-53:C>A,3753633.0,13580202.0,7.965872821503645e-05
100021278|F|0-44:C>G-44:C>G,100017630|F|0-52:A>T-52:A>T,3753633.0,13716601.0,3.295638027933595e-05
100021278|F|0-44:C>G-44:C>G,100044127|F|0-8:G>A-8:G>A,3753633.0,14087087.0,0.01236118292183307
100021278|F|0-44:C>G-44:C>G,100035819|F|0-44:C>T-44:C>T,3753633.0,14553363.0,0.09643227533923437
100021278|F|0-44:C>G-44:C>G,100034357|F|0-15:T>C-15:T>C,3753633.0,14568764.0,0.003943523431087883
100021278|F|0-44:C>G-44:C>G,100054129|F|0-61:T>A-61:T>A,3753633.0,14873218.0,0.01467009267740393
100021278|F|0-44:C>G-44:C>G,100022113|F|0-34:G>C-34:G>C,3753633.0,14898843.0,0.005951634945554435
100021278|F|0-44:C>G-44:C>G,100055747|F|0-35:G>C-35:G>C,3753633.0,14898843.0,0.004511892846032103
100021278|F|0-44:C>G-44:C>G,100034447|F|0-52:A>T-52:A>T,3753633.0,15211267.0,0.03281326000151416
100021278|F|0-44:C>G-44:C>G,100018930|F|0-63:C>G-63:C>G,3753633.0,15212141.0,0.027857069286847357
100021278|F|0-44:C>G-44:C>G,100014038|F|0-34:G>C-34:G>C,3753633.0,15259541.0,0.01975231147333167
100021278|F|0-44:C>G-44:C>G,100030229|F|0-11:A>T-11:A>T,3753633.0,15553876.0,0.03486577859436101
100021278|F|0-44:C>G-44:C>G,100017989|F|0-62:A>T-62:A>T,3753633.0,16021700.0,0.08670749419386645
100021278|F|0-44:C>G-44:C>G,100052450|F|0-8:A>G-8:A>G,3753633.0,22147758.0,0.0016901606743748084
100021278|F|0-44:C>G-44:C>G,100034572|F|0-53:G>A-53:G>A,3753633.0,26973588.0,0.0019828803921931194
100021278|F|0-44:C>G-44:C>G,100018223|F|0-41:G>A-41:G>A,3753633.0,42850086.0,0.008650154043077812
100021278|F|0-44:C>G-44:C>G,100034540|F|0-15:G>A-15:G>A,3753633.0,42850367.0,0.019146704314171818
100021278|F|0-44:C>G-44:C>G,100017511|F|0-59:G>C-59:G>C,3753633.0,42850408.0,0.006217114930557933
100021278|F|0-44:C>G-44:C>G,100050114|F|0-27:G>A-27:G>A,3753633.0,43250010.0,0.05016222630923237
100021278|F|0-44:C>G-44:C>G,100016574|F|0-9:G>A-9:G>A,3753633.0,43529057.0,0.01932865797820959
100021278|F|0-44:C>G-44:C>G,100018496|F|0-32:T>G-32:T>G,3753633.0,43881573.0,0.0024610591923741273
100021278|F|0-44:C>G-44:C>G,100017598|F|0-46:C>G-46:C>G,3753633.0,45505408.0,0.002364963580670241
100021278|F|0-44:C>G-44:C>G,100021048|F|0-66:C>T-66:C>T,3753633.0,45555246.0,0.005222505854513055
100021278|F|0-44:C>G-44:C>G,100017454|F|0-9:A>G-9:A>G,3753633.0,45869241.0,0.005058574730366302
100021278|F|0-44:C>G-44:C>G,100018445|F|0-45:A>G-45:A>G,3753633.0,45885872.0,0.00408564959501384
100021278|F|0-44:C>G-44:C>G,100034159|F|0-24:A>G-24:A>G,3753633.0,46097671.0,0.0009660587134894448
100021278|F|0-44:C>G-44:C>G,100017594|F|0-13:G>T-13:G>T,3753633.0,46097676.0,0.00025172584288372
100021278|F|0-44:C>G-44:C>G,100030376|F|0-12:T>C-12:T>C,3753633.0,47165949.0,0.004727133961773579
100021278|F|0-44:C>G-44:C>G,100034945|F|0-61:G>A-61:G>A,3753633.0,47171709.0,0.009577807988127218
100021278|F|0-44:C>G-44:C>G,100043426|F|0-30:G>A-30:G>A,3753633.0,47201903.0,0.01452624964486493
100021278|F|0-44:C>G-44:C>G,100015331|F|0-40:A>G-40:A>G,3753633.0,47228518.0,0.015604808619842401
100021278|F|0-44:C>G-44:C>G,100033028|F|0-17:A>C-17:A>C,3753633.0,47247609.0,0.01324310680272496
100021278|F|0-44:C>G-44:C>G,100014668|F|0-30:A>T-30:A>T,3753633.0,48841067.0,0.00012209603334424526
100021278|F|0-44:C>G-44:C>G,100019661|F|0-30:A>T-30:A>T,3753633.0,48965503.0,0.00997857553322272
100021278|F|0-44:C>G-44:C>G,100035901|F|0-29:T>A-29:T>A,3753633.0,48989476.0,0.00834877245361466
100021278|F|0-44:C>G-44:C>G,100043126|F|0-48:T>A-48:T>A,3753633.0,49230618.0,0.028025939168849975
100021278|F|0-44:C>G-44:C>G,100044970|F|0-28:C>T-28:C>T,3753633.0,49340094.0,0.008410790897163335
100021278|F|0-44:C>G-44:C>G,100013964|F|0-14:T>G-14:T>G,3753633.0,49356602.0,0.013394787207157475
100021278|F|0-44:C>G-44:C>G,100020795|F|0-42:T>C-42:T>C,3753633.0,49358815.0,0.02163456796637526
100021278|F|0-44:C>G-44:C>G,100016185|F|0-62:C>T-62:C>T,3753633.0,49565807.0,0.013640096419628996
100021278|F|0-44:C>G-44:C>G,100033324|F|0-45:A>T-45:A>T,3753633.0,53523372.0,0.011177018197883233
100021278|F|0-44:C>G-44:C>G,100034432|F|0-24:T>A-24:T>A,3753633.0,53750135.0,0.008644319126468802
100021278|F|0-44:C>G-44:C>G,100056034|F|0-41:G>T-41:G>T,3753633.0,53750140.0,3.627965426804904e-06
100021278|F|0-44:C>G-44:C>G,100019249|F|0-36:C>A-36:C>A,3753633.0,54407017.0,7.375172297610654e-06
100021278|F|0-44:C>G-44:C>G,100013936|F|0-38:C>A-38:C>A,3753633.0,54572400.0,0.006824064399696027
100021278|F|0-44:C>G-44:C>G,100018265|F|0-5:C>T-5:C>T,3753633.0,56110897.0,0.0012183816684853855
100021278|F|0-44:C>G-44:C>G,100014526|F|0-10:T>C-10:T>C,3753633.0,56110902.0,3.538681109520466e-05
100021278|F|0-44:C>G-44:C>G,100030709|F|0-39:T>A-39:T>A,3753633.0,56193250.0,0.0087170766501632
100021278|F|0-44:C>G-44:C>G,100033311|F|0-46:C>T-46:C>T,3753633.0,57009334.0,0.0008788159111933376
100021278|F|0-44:C>G-44:C>G,100034520|F|0-31:G>A-31:G>A,3753633.0,58309310.0,0.0009525169068617709
100021278|F|0-44:C>G-44:C>G,100019390|F|0-56:C>T-56:C>T,3753633.0,58491205.0,0.0014428642026339247
100021278|F|0-44:C>G-44:C>G,100013048|F|0-58:C>T-58:C>T,3753633.0,58709443.0,0.00795844590839653
100021278|F|0-44:C>G-44:C>G,100041246|F|0-21:G>A-21:G>A,3753633.0,58719431.0,0.005249468275466511
100021278|F|0-44:C>G-44:C>G,100033981|F|0-18:C>A-18:C>A,3753633.0,58771602.0,0.005084448872199112
100021278|F|0-44:C>G-44:C>G,100021859|F|0-23:T>A-23:T>A,3753633.0,59249203.0,0.06434311402781155
100021278|F|0-44:C>G-44:C>G,100038389|F|0-45:C>T-45:C>T,3753633.0,59686561.0,0.0019732835400146876
100021278|F|0-44:C>G-44:C>G,100015287|F|0-63:T>C-63:T>C,3753633.0,61485460.0,5.992740898327755e-06
100021278|F|0-44:C>G-44:C>G,100013445|F|0-24:G>T-24:G>T,3753633.0,61602864.0,0.009779370966328891
100021278|F|0-44:C>G-44:C>G,100013879|F|0-63:G>A-63:G>A,3753633.0,61606253.0,0.01438552226416019
100021278|F|0-44:C>G-44:C>G,100040047|F|0-6:G>A-6:G>A,3753633.0,61640208.0,0.027067192892670677
100021278|F|0-44:C>G-44:C>G,100016920|F|0-66:T>A-66:T>A,3753633.0,61641379.0,0.013010387302186037
100021278|F|0-44:C>G-44:C>G,100017079|F|0-12:A>G-12:A>G,3753633.0,61641384.0,0.021298575698962537
100021278|F|0-44:C>G-44:C>G,100020360|F|0-56:A>G-56:A>G,3753633.0,61670176.0,0.012503211761066767
100021278|F|0-44:C>G-44:C>G,100056174|F|0-11:G>A-11:G>A,3753633.0,61712285.0,0.0005986512777411312
100021278|F|0-44:C>G-44:C>G,100013722|F|0-6:A>G-6:A>G,3753633.0,61760543.0,0.0035753406256523036
100021278|F|0-44:C>G-44:C>G,100013153|F|0-63:C>A-63:C>A,3753633.0,61760548.0,0.0024468951921481365
100021278|F|0-44:C>G-44:C>G,100040510|F|0-32:T>C-32:T>C,3753633.0,62326715.0,0.0034075357236464485
100021278|F|0-44:C>G-44:C>G,100013356|F|0-7:G>A-7:G>A,3753633.0,62367252.0,0.00012693114311267738
100021278|F|0-44:C>G-44:C>G,100014994|F|0-36:G>A-36:G>A,3753633.0,62444541.0,0.021985033111934837
100021278|F|0-44:C>G-44:C>G,100020485|F|0-47:G>T-47:G>T,3753633.0,62444546.0,0.017993196986746157
100021278|F|0-44:C>G-44:C>G,100013478|F|0-51:G>A-51:G>A,3753633.0,62447789.0,0.01597747429258737
100021278|F|0-44:C>G-44:C>G,100013529|F|0-11:C>G-11:C>G,3753633.0,62466983.0,0.0027553176587697837
100021278|F|0-44:C>G-44:C>G,100029518|F|0-19:G>C-19:G>C,3753633.0,62476880.0,0.004085649595013843
100021278|F|0-44:C>G-44:C>G,100044261|F|0-5:T>A-5:T>A,3753633.0,62476902.0,0.001597145685838638
100021278|F|0-44:C>G-44:C>G,100017508|F|0-26:G>A-26:G>A,3753633.0,62494366.0,0.0035581537273246264
100021278|F|0-44:C>G-44:C>G,100051794|F|0-60:T>C-60:T>C,3753633.0,62494371.0,0.0005014902500395733
100021278|F|0-44:C>G-44:C>G,100033227|F|0-6:A>G-6:A>G,3753633.0,62503297.0,0.009000324960426312
100021278|F|0-44:C>G-44:C>G,100015367|F|0-46:A>T-46:A>T,3753633.0,62730005.0,0.0013297475590348226
100021278|F|0-44:C>G-44:C>G,100016319|F|0-60:C>A-60:C>A,3753633.0,62905182.0,0.05550091804646255
100021278|F|0-44:C>G-44:C>G,100020253|F|0-17:T>C-17:T>C,3753633.0,63125496.0,0.0004686487567174335
100021278|F|0-44:C>G-44:C>G,100017121|F|0-19:C>T-19:C>T,3753633.0,63306572.0,0.007753242060742305
100021278|F|0-44:C>G-44:C>G,100021507|F|0-53:A>C-53:A>C,3753633.0,63642647.0,0.03918709900789693
100021278|F|0-44:C>G-44:C>G,100019105|F|0-61:T>C-61:T>C,3753633.0,63665304.0,0.0033099545173564627
100021278|F|0-44:C>G-44:C>G,100014627|F|0-15:C>G-15:C>G,3753633.0,64043609.0,1.684797302479897e-06
100021278|F|0-44:C>G-44:C>G,100033689|F|0-56:C>T-56:C>T,3753633.0,64044059.0,0.0012620358365039198
100021278|F|0-44:C>G-44:C>G,100046739|F|0-18:T>G-18:T>G,3753633.0,64189766.0,0.018144314144925334
100021278|F|0-44:C>G-44:C>G,100030110|F|0-28:T>C-28:T>C,3753633.0,64196475.0,0.02472910868429986
100021278|F|0-44:C>G-44:C>G,100016864|F|0-56:A>G-56:A>G,3753633.0,64720414.0,0.03698404206701014
100021278|F|0-44:C>G-44:C>G,100021392|F|0-51:G>A-51:G>A,3753633.0,64886887.0,0.019988240407135587
100021657|F|0-10:A>T-10:A>T,100019345|F|0-24:G>A-24:G>A,3994188.0,4018002.0,0.17232865730468153
100021657|F|0-10:A>T-10:A>T,100019488|F|0-31:C>T-31:C>T,3994188.0,4399918.0,0.004921914949364173
100021657|F|0-10:A>T-10:A>T,100034114|F|0-47:T>A-47:T>A,3994188.0,4820466.0,0.01743460895955189
100021657|F|0-10:A>T-10:A>T,100014086|F|0-61:C>T-61:C>T,3994188.0,5891468.0,0.013794559594608872
100021657|F|0-10:A>T-10:A>T,100017244|F|0-66:T>A-66:T>A,3994188.0,5946296.0,0.013789595868863492
100021657|F|0-10:A>T-10:A>T,100046635|F|0-47:T>A-47:T>A,3994188.0,6655180.0,8.830948057467584e-05
100021657|F|0-10:A>T-10:A>T,100022062|F|0-25:G>T-25:G>T,3994188.0,6664246.0,0.0010276553915969284
100021657|F|0-10:A>T-10:A>T,100020750|F|0-37:T>C-37:T>C,3994188.0,6910475.0,0.00138982198594582
100021657|F|0-10:A>T-10:A>T,100034576|F|0-39:C>T-39:C>T,3994188.0,7042888.0,0.001323149006208694
100021657|F|0-10:A>T-10:A>T,100019346|F|0-50:A>C-50:A>C,3994188.0,7055098.0,0.01621384919287636
100021657|F|0-10:A>T-10:A>T,100040750|F|0-21:T>G-21:T>G,3994188.0,7192316.0,0.0022651128328205795
100021657|F|0-10:A>T-10:A>T,100015923|F|0-54:G>A-54:G>A,3994188.0,7407875.0,0.00027605205443861187
100021657|F|0-10:A>T-10:A>T,100038393|F|0-44:G>A-44:G>A,3994188.0,7824887.0,0.019975196790437248
100021657|F|0-10:A>T-10:A>T,100036149|F|0-36:T>A-36:T>A,3994188.0,8219449.0,0.004613937565671299
100021657|F|0-10:A>T-10:A>T,100036173|F|0-57:T>C-57:T>C,3994188.0,8514264.0,0.003443685070401459
100021657|F|0-10:A>T-10:A>T,100033255|F|0-46:T>C-46:T>C,3994188.0,8685335.0,0.00017655769185200397
100021657|F|0-10:A>T-10:A>T,100014460|F|0-15:A>T-15:A>T,3994188.0,10928744.0,0.04877012925220357
100021657|F|0-10:A>T-10:A>T,100040451|F|0-37:G>A-37:G>A,3994188.0,10932163.0,0.046907176988850365
100021657|F|0-10:A>T-10:A>T,100018823|F|0-53:T>C-53:T>C,3994188.0,11900381.0,0.08725826040109623
100021657|F|0-10:A>T-10:A>T,100016501|F|0-17:C>T-17:C>T,3994188.0,12114192.0,0.00021744576032954304
100021657|F|0-10:A>T-10:A>T,100018613|F|0-47:T>C-47:T>C,3994188.0,12308528.0,0.007643006333378263
100021657|F|0-10:A>T-10:A>T,100045000|F|0-23:G>A-23:G>A,3994188.0,12317197.0,0.0019905752356191137
100021657|F|0-10:A>T-10:A>T,100015749|F|0-20:C>T-20:C>T,3994188.0,12317967.0,0.007600894272375476
100021657|F|0-10:A>T-10:A>T,100014140|F|0-33:C>G-33:C>G,3994188.0,12605038.0,0.006927413240698467
100021657|F|0-10:A>T-10:A>T,100018408|F|0-53:G>A-53:G>A,3994188.0,12747732.0,0.0028502984411996734
100021657|F|0-10:A>T-10:A>T,100020066|F|0-27:G>C-27:G>C,3994188.0,13025005.0,0.03141132120794601
100021657|F|0-10:A>T-10:A>T,100034157|F|0-53:C>A-53:C>A,3994188.0,13580202.0,0.0012222042078744834
100021657|F|0-10:A>T-10:A>T,100017630|F|0-52:A>T-52:A>T,3994188.0,13716601.0,0.002657264409943383
100021657|F|0-10:A>T-10:A>T,100044127|F|0-8:G>A-8:G>A,3994188.0,14087087.0,0.0036794558039440627
100021657|F|0-10:A>T-10:A>T,100035819|F|0-44:C>T-44:C>T,3994188.0,14553363.0,0.000581882318831238
100021657|F|0-10:A>T-10:A>T,100034357|F|0-15:T>C-15:T>C,3994188.0,14568764.0,0.02087115698642001
100021657|F|0-10:A>T-10:A>T,100054129|F|0-61:T>A-61:T>A,3994188.0,14873218.0,9.499418635579345e-07
100021657|F|0-10:A>T-10:A>T,100022113|F|0-34:G>C-34:G>C,3994188.0,14898843.0,0.00540087485245544
100021657|F|0-10:A>T-10:A>T,100055747|F|0-35:G>C-35:G>C,3994188.0,14898843.0,0.004781130471738213
100021657|F|0-10:A>T-10:A>T,100034447|F|0-52:A>T-52:A>T,3994188.0,15211267.0,0.00839368630639806
100021657|F|0-10:A>T-10:A>T,100018930|F|0-63:C>G-63:C>G,3994188.0,15212141.0,0.0070554964358081245
100021657|F|0-10:A>T-10:A>T,100014038|F|0-34:G>C-34:G>C,3994188.0,15259541.0,0.024717332648079154
100021657|F|0-10:A>T-10:A>T,100030229|F|0-11:A>T-11:A>T,3994188.0,15553876.0,1.2322436926632639e-05
100021657|F|0-10:A>T-10:A>T,100017989|F|0-62:A>T-62:A>T,3994188.0,16021700.0,0.0012571452488579638
100021657|F|0-10:A>T-10:A>T,100052450|F|0-8:A>G-8:A>G,3994188.0,22147758.0,0.009767900963766231
100021657|F|0-10:A>T-10:A>T,100034572|F|0-53:G>A-53:G>A,3994188.0,26973588.0,0.035793170537709335
100021657|F|0-10:A>T-10:A>T,100018223|F|0-41:G>A-41:G>A,3994188.0,42850086.0,0.0013689923238644763
100021657|F|0-10:A>T-10:A>T,100034540|F|0-15:G>A-15:G>A,3994188.0,42850367.0,0.0017780951993279902
100021657|F|0-10:A>T-10:A>T,100017511|F|0-59:G>C-59:G>C,3994188.0,42850408.0,0.008515144891001221
100021657|F|0-10:A>T-10:A>T,100050114|F|0-27:G>A-27:G>A,3994188.0,43250010.0,0.000749304414015166
100021657|F|0-10:A>T-10:A>T,100016574|F|0-9:G>A-9:G>A,3994188.0,43529057.0,0.0015336873071679692
100021657|F|0-10:A>T-10:A>T,100018496|F|0-32:T>G-32:T>G,3994188.0,43881573.0,0.003705296589142187
100021657|F|0-10:A>T-10:A>T,100017598|F|0-46:C>G-46:C>G,3994188.0,45505408.0,0.0035606179307087157
100021657|F|0-10:A>T-10:A>T,100021048|F|0-66:C>T-66:C>T,3994188.0,45555246.0,0.004175432956772682
100021657|F|0-10:A>T-10:A>T,100017454|F|0-9:A>G-9:A>G,3994188.0,45869241.0,0.02455113261880209
100021657|F|0-10:A>T-10:A>T,100018445|F|0-45:A>G-45:A>G,3994188.0,45885872.0,0.03002234478313058
100021657|F|0-10:A>T-10:A>T,100034159|F|0-24:A>G-24:A>G,3994188.0,46097671.0,0.02602814573209961
100021657|F|0-10:A>T-10:A>T,100017594|F|0-13:G>T-13:G>T,3994188.0,46097676.0,0.022114226457758162
100021657|F|0-10:A>T-10:A>T,100030376|F|0-12:T>C-12:T>C,3994188.0,47165949.0,0.030289351000032976
100021657|F|0-10:A>T-10:A>T,100034945|F|0-61:G>A-61:G>A,3994188.0,47171709.0,0.030289351000032976
100021657|F|0-10:A>T-10:A>T,100043426|F|0-30:G>A-30:G>A,3994188.0,47201903.0,0.04129725067150015
100021657|F|0-10:A>T-10:A>T,100015331|F|0-40:A>G-40:A>G,3994188.0,47228518.0,0.0389224510725982
100021657|F|0-10:A>T-10:A>T,100033028|F|0-17:A>C-17:A>C,3994188.0,47247609.0,0.035354660488326535
100021657|F|0-10:A>T-10:A>T,100014668|F|0-30:A>T-30:A>T,3994188.0,48841067.0,0.004700464177823999
100021657|F|0-10:A>T-10:A>T,100019661|F|0-30:A>T-30:A>T,3994188.0,48965503.0,0.005641827842374633
100021657|F|0-10:A>T-10:A>T,100035901|F|0-29:T>A-29:T>A,3994188.0,48989476.0,0.008392810341031788
100021657|F|0-10:A>T-10:A>T,100043126|F|0-48:T>A-48:T>A,3994188.0,49230618.0,8.652876865235994e-06
100021657|F|0-10:A>T-10:A>T,100044970|F|0-28:C>T-28:C>T,3994188.0,49340094.0,0.002716551404396719
100021657|F|0-10:A>T-10:A>T,100013964|F|0-14:T>G-14:T>G,3994188.0,49356602.0,0.002139221486931913
100021657|F|0-10:A>T-10:A>T,100020795|F|0-42:T>C-42:T>C,3994188.0,49358815.0,0.0018864570539900251
100021657|F|0-10:A>T-10:A>T,100016185|F|0-62:C>T-62:C>T,3994188.0,49565807.0,0.02879151390226451
100021657|F|0-10:A>T-10:A>T,100033324|F|0-45:A>T-45:A>T,3994188.0,53523372.0,0.07012687501304714
100021657|F|0-10:A>T-10:A>T,100034432|F|0-24:T>A-24:T>A,3994188.0,53750135.0,0.0017509494944780598
100021657|F|0-10:A>T-10:A>T,100056034|F|0-41:G>T-41:G>T,3994188.0,53750140.0,0.007904658802448892
100021657|F|0-10:A>T-10:A>T,100019249|F|0-36:C>A-36:C>A,3994188.0,54407017.0,0.007049382264339609
100021657|F|0-10:A>T-10:A>T,100013936|F|0-38:C>A-38:C>A,3994188.0,54572400.0,0.053044608943370423
100021657|F|0-10:A>T-10:A>T,100018265|F|0-5:C>T-5:C>T,3994188.0,56110897.0,0.016805039002115486
100021657|F|0-10:A>T-10:A>T,100014526|F|0-10:T>C-10:T>C,3994188.0,56110902.0,0.012978774565696037
100021657|F|0-10:A>T-10:A>T,100030709|F|0-39:T>A-39:T>A,3994188.0,56193250.0,0.055360410451932324
100021657|F|0-10:A>T-10:A>T,100033311|F|0-46:C>T-46:C>T,3994188.0,57009334.0,0.024405852149891903
100021657|F|0-10:A>T-10:A>T,100034520|F|0-31:G>A-31:G>A,3994188.0,58309310.0,0.02317892204156052
100021657|F|0-10:A>T-10:A>T,100019390|F|0-56:C>T-56:C>T,3994188.0,58491205.0,0.010870116650519762
100021657|F|0-10:A>T-10:A>T,100013048|F|0-58:C>T-58:C>T,3994188.0,58709443.0,0.005811421104513865
100021657|F|0-10:A>T-10:A>T,100041246|F|0-21:G>A-21:G>A,3994188.0,58719431.0,0.0009521067361030022
100021657|F|0-10:A>T-10:A>T,100033981|F|0-18:C>A-18:C>A,3994188.0,58771602.0,0.0008907992407551736
100021657|F|0-10:A>T-10:A>T,100021859|F|0-23:T>A-23:T>A,3994188.0,59249203.0,0.0021977134414611723
100021657|F|0-10:A>T-10:A>T,100038389|F|0-45:C>T-45:C>T,3994188.0,59686561.0,0.00921906515829167
100021657|F|0-10:A>T-10:A>T,100015287|F|0-63:T>C-63:T>C,3994188.0,61485460.0,0.007440291851448104
100021657|F|0-10:A>T-10:A>T,100013445|F|0-24:G>T-24:G>T,3994188.0,61602864.0,0.003442463997292883
100021657|F|0-10:A>T-10:A>T,100013879|F|0-63:G>A-63:G>A,3994188.0,61606253.0,0.002936803656320568
100021657|F|0-10:A>T-10:A>T,100040047|F|0-6:G>A-6:G>A,3994188.0,61640208.0,0.02221162745043042
100021657|F|0-10:A>T-10:A>T,100016920|F|0-66:T>A-66:T>A,3994188.0,61641379.0,0.017844926421672905
100021657|F|0-10:A>T-10:A>T,100017079|F|0-12:A>G-12:A>G,3994188.0,61641384.0,0.00829406348174635
100021657|F|0-10:A>T-10:A>T,100020360|F|0-56:A>G-56:A>G,3994188.0,61670176.0,0.032952219126405294
100021657|F|0-10:A>T-10:A>T,100056174|F|0-11:G>A-11:G>A,3994188.0,61712285.0,0.003243955598357742
100021657|F|0-10:A>T-10:A>T,100013722|F|0-6:A>G-6:A>G,3994188.0,61760543.0,0.0133999433978516
100021657|F|0-10:A>T-10:A>T,100013153|F|0-63:C>A-63:C>A,3994188.0,61760548.0,0.014249115603095873
100021657|F|0-10:A>T-10:A>T,100040510|F|0-32:T>C-32:T>C,3994188.0,62326715.0,0.0458097701448973
100021657|F|0-10:A>T-10:A>T,100013356|F|0-7:G>A-7:G>A,3994188.0,62367252.0,0.003174787246172497
100021657|F|0-10:A>T-10:A>T,100014994|F|0-36:G>A-36:G>A,3994188.0,62444541.0,0.0074421789474583095
100021657|F|0-10:A>T-10:A>T,100020485|F|0-47:G>T-47:G>T,3994188.0,62444546.0,0.006189819265418614
100021657|F|0-10:A>T-10:A>T,100013478|F|0-51:G>A-51:G>A,3994188.0,62447789.0,0.007879984329023157
100021657|F|0-10:A>T-10:A>T,100013529|F|0-11:C>G-11:C>G,3994188.0,62466983.0,0.009007163592096606
100021657|F|0-10:A>T-10:A>T,100029518|F|0-19:G>C-19:G>C,3994188.0,62476880.0,0.0076008942723754785
100021657|F|0-10:A>T-10:A>T,100044261|F|0-5:T>A-5:T>A,3994188.0,62476902.0,0.01015266129540794
100021657|F|0-10:A>T-10:A>T,100017508|F|0-26:G>A-26:G>A,3994188.0,62494366.0,0.018317649670813858
100021657|F|0-10:A>T-10:A>T,100051794|F|0-60:T>C-60:T>C,3994188.0,62494371.0,0.02251295068974626
100021657|F|0-10:A>T-10:A>T,100033227|F|0-6:A>G-6:A>G,3994188.0,62503297.0,0.019891118335044436
100021657|F|0-10:A>T-10:A>T,100015367|F|0-46:A>T-46:A>T,3994188.0,62730005.0,0.012568063505993628
100021657|F|0-10:A>T-10:A>T,100016319|F|0-60:C>A-60:C>A,3994188.0,62905182.0,0.00488243607863291
100021657|F|0-10:A>T-10:A>T,100020253|F|0-17:T>C-17:T>C,3994188.0,63125496.0,0.020018163929463397
100021657|F|0-10:A>T-10:A>T,100017121|F|0-19:C>T-19:C>T,3994188.0,63306572.0,0.009411792459515242
100021657|F|0-10:A>T-10:A>T,100021507|F|0-53:A>C-53:A>C,3994188.0,63642647.0,0.011338250669896636
100021657|F|0-10:A>T-10:A>T,100019105|F|0-61:T>C-61:T>C,3994188.0,63665304.0,0.016019251580566173
100021657|F|0-10:A>T-10:A>T,100014627|F|0-15:C>G-15:C>G,3994188.0,64043609.0,0.0018558994547576955
100021657|F|0-10:A>T-10:A>T,100033689|F|0-56:C>T-56:C>T,3994188.0,64044059.0,0.0021528885479161694
100021657|F|0-10:A>T-10:A>T,100046739|F|0-18:T>G-18:T>G,3994188.0,64189766.0,0.019064245117390872
100021657|F|0-10:A>T-10:A>T,100030110|F|0-28:T>C-28:T>C,3994188.0,64196475.0,0.09140224666588763
100021657|F|0-10:A>T-10:A>T,100016864|F|0-56:A>G-56:A>G,3994188.0,64720414.0,0.000706516985187479
100021657|F|0-10:A>T-10:A>T,100021392|F|0-51:G>A-51:G>A,3994188.0,64886887.0,0.004549436612977871
100019345|F|0-24:G>A-24:G>A,100019488|F|0-31:C>T-31:C>T,4018002.0,4399918.0,0.023523431890120308
100019345|F|0-24:G>A-24:G>A,100034114|F|0-47:T>A-47:T>A,4018002.0,4820466.0,0.023462070470420315
100019345|F|0-24:G>A-24:G>A,100014086|F|0-61:C>T-61:C>T,4018002.0,5891468.0,0.004249503550969711
100019345|F|0-24:G>A-24:G>A,100017244|F|0-66:T>A-66:T>A,4018002.0,5946296.0,0.0001215639426338241
100019345|F|0-24:G>A-24:G>A,100046635|F|0-47:T>A-47:T>A,4018002.0,6655180.0,0.01637221718084253
100019345|F|0-24:G>A-24:G>A,100022062|F|0-25:G>T-25:G>T,4018002.0,6664246.0,0.006833951902019736
100019345|F|0-24:G>A-24:G>A,100020750|F|0-37:T>C-37:T>C,4018002.0,6910475.0,0.017483910283032488
100019345|F|0-24:G>A-24:G>A,100034576|F|0-39:C>T-39:C>T,4018002.0,7042888.0,0.010376821631139945
100019345|F|0-24:G>A-24:G>A,100019346|F|0-50:A>C-50:A>C,4018002.0,7055098.0,0.001383472119742807
100019345|F|0-24:G>A-24:G>A,100040750|F|0-21:T>G-21:T>G,4018002.0,7192316.0,0.00032743170429511885
100019345|F|0-24:G>A-24:G>A,100015923|F|0-54:G>A-54:G>A,4018002.0,7407875.0,6.0892333655192145e-05
100019345|F|0-24:G>A-24:G>A,100038393|F|0-44:G>A-44:G>A,4018002.0,7824887.0,0.0038200310263334053
100019345|F|0-24:G>A-24:G>A,100036149|F|0-36:T>A-36:T>A,4018002.0,8219449.0,0.12485048423814483
100019345|F|0-24:G>A-24:G>A,100036173|F|0-57:T>C-57:T>C,4018002.0,8514264.0,0.0051723018949050795
100019345|F|0-24:G>A-24:G>A,100033255|F|0-46:T>C-46:T>C,4018002.0,8685335.0,0.011866311796058869
100019345|F|0-24:G>A-24:G>A,100014460|F|0-15:A>T-15:A>T,4018002.0,10928744.0,0.05538677893066751
100019345|F|0-24:G>A-24:G>A,100040451|F|0-37:G>A-37:G>A,4018002.0,10932163.0,0.06726523293994913
100019345|F|0-24:G>A-24:G>A,100018823|F|0-53:T>C-53:T>C,4018002.0,11900381.0,0.1428587509771317
100019345|F|0-24:G>A-24:G>A,100016501|F|0-17:C>T-17:C>T,4018002.0,12114192.0,2.5460495495190983e-05
100019345|F|0-24:G>A-24:G>A,100018613|F|0-47:T>C-47:T>C,4018002.0,12308528.0,0.01932081315422312
100019345|F|0-24:G>A-24:G>A,100045000|F|0-23:G>A-23:G>A,4018002.0,12317197.0,0.009632154748691927
100019345|F|0-24:G>A-24:G>A,100015749|F|0-20:C>T-20:C>T,4018002.0,12317967.0,0.014721338548151167
100019345|F|0-24:G>A-24:G>A,100014140|F|0-33:C>G-33:C>G,4018002.0,12605038.0,0.00010041687099941162
100019345|F|0-24:G>A-24:G>A,100018408|F|0-53:G>A-53:G>A,4018002.0,12747732.0,0.005165340015723272
100019345|F|0-24:G>A-24:G>A,100020066|F|0-27:G>C-27:G>C,4018002.0,13025005.0,0.003119225618335638
100019345|F|0-24:G>A-24:G>A,100034157|F|0-53:C>A-53:C>A,4018002.0,13580202.0,0.000981626945254011
100019345|F|0-24:G>A-24:G>A,100017630|F|0-52:A>T-52:A>T,4018002.0,13716601.0,0.001197732658426419
100019345|F|0-24:G>A-24:G>A,100044127|F|0-8:G>A-8:G>A,4018002.0,14087087.0,0.007562913858362707
100019345|F|0-24:G>A-24:G>A,100035819|F|0-44:C>T-44:C>T,4018002.0,14553363.0,0.010813268318494119
100019345|F|0-24:G>A-24:G>A,100034357|F|0-15:T>C-15:T>C,4018002.0,14568764.0,0.04746474195001628
100019345|F|0-24:G>A-24:G>A,100054129|F|0-61:T>A-61:T>A,4018002.0,14873218.0,0.009789272953997456
100019345|F|0-24:G>A-24:G>A,100022113|F|0-34:G>C-34:G>C,4018002.0,14898843.0,0.02581253699948857
100019345|F|0-24:G>A-24:G>A,100055747|F|0-35:G>C-35:G>C,4018002.0,14898843.0,0.022850577095860105
100019345|F|0-24:G>A-24:G>A,100034447|F|0-52:A>T-52:A>T,4018002.0,15211267.0,4.449107768513015e-05
100019345|F|0-24:G>A-24:G>A,100018930|F|0-63:C>G-63:C>G,4018002.0,15212141.0,3.585593146005239e-05
100019345|F|0-24:G>A-24:G>A,100014038|F|0-34:G>C-34:G>C,4018002.0,15259541.0,0.00039699951942164473
100019345|F|0-24:G>A-24:G>A,100030229|F|0-11:A>T-11:A>T,4018002.0,15553876.0,0.001939792928159611
100019345|F|0-24:G>A-24:G>A,100017989|F|0-62:A>T-62:A>T,4018002.0,16021700.0,0.0019296740994854183
100019345|F|0-24:G>A-24:G>A,100052450|F|0-8:A>G-8:A>G,4018002.0,22147758.0,0.005647966694832188
100019345|F|0-24:G>A-24:G>A,100034572|F|0-53:G>A-53:G>A,4018002.0,26973588.0,0.0008447354388154163
100019345|F|0-24:G>A-24:G>A,100018223|F|0-41:G>A-41:G>A,4018002.0,42850086.0,6.957199309845899e-06
100019345|F|0-24:G>A-24:G>A,100034540|F|0-15:G>A-15:G>A,4018002.0,42850367.0,3.851456542631696e-05
100019345|F|0-24:G>A-24:G>A,100017511|F|0-59:G>C-59:G>C,4018002.0,42850408.0,0.00025285667842650755
100019345|F|0-24:G>A-24:G>A,100050114|F|0-27:G>A-27:G>A,4018002.0,43250010.0,0.0011038210398242947
100019345|F|0-24:G>A-24:G>A,100016574|F|0-9:G>A-9:G>A,4018002.0,43529057.0,5.5425257581591885e-05
100019345|F|0-24:G>A-24:G>A,100018496|F|0-32:T>G-32:T>G,4018002.0,43881573.0,0.02041748232453071
100019345|F|0-24:G>A-24:G>A,100017598|F|0-46:C>G-46:C>G,4018002.0,45505408.0,0.01962025222965586
100019345|F|0-24:G>A-24:G>A,100021048|F|0-66:C>T-66:C>T,4018002.0,45555246.0,0.022847654861680833
100019345|F|0-24:G>A-24:G>A,100017454|F|0-9:A>G-9:A>G,4018002.0,45869241.0,0.023296354963575544
100019345|F|0-24:G>A-24:G>A,100018445|F|0-45:A>G-45:A>G,4018002.0,45885872.0,0.022812774660960607
100019345|F|0-24:G>A-24:G>A,100034159|F|0-24:A>G-24:A>G,4018002.0,46097671.0,0.029559387595304697
100019345|F|0-24:G>A-24:G>A,100017594|F|0-13:G>T-13:G>T,4018002.0,46097676.0,0.02394601713867514
100019345|F|0-24:G>A-24:G>A,100030376|F|0-12:T>C-12:T>C,4018002.0,47165949.0,0.04521706759510205
100019345|F|0-24:G>A-24:G>A,100034945|F|0-61:G>A-61:G>A,4018002.0,47171709.0,0.04521706759510205
100019345|F|0-24:G>A-24:G>A,100043426|F|0-30:G>A-30:G>A,4018002.0,47201903.0,0.010228066831840405
100019345|F|0-24:G>A-24:G>A,100015331|F|0-40:A>G-40:A>G,4018002.0,47228518.0,0.008589002203525178
100019345|F|0-24:G>A-24:G>A,100033028|F|0-17:A>C-17:A>C,4018002.0,47247609.0,0.005110666705310631
100019345|F|0-24:G>A-24:G>A,100014668|F|0-30:A>T-30:A>T,4018002.0,48841067.0,0.0004367385762867774
100019345|F|0-24:G>A-24:G>A,100019661|F|0-30:A>T-30:A>T,4018002.0,48965503.0,0.010802953094613967
100019345|F|0-24:G>A-24:G>A,100035901|F|0-29:T>A-29:T>A,4018002.0,48989476.0,0.02284768644727115
100019345|F|0-24:G>A-24:G>A,100043126|F|0-48:T>A-48:T>A,4018002.0,49230618.0,0.0004052625024537371
100019345|F|0-24:G>A-24:G>A,100044970|F|0-28:C>T-28:C>T,4018002.0,49340094.0,0.00031807814826683025
100019345|F|0-24:G>A-24:G>A,100013964|F|0-14:T>G-14:T>G,4018002.0,49356602.0,0.0001065365196667301
100019345|F|0-24:G>A-24:G>A,100020795|F|0-42:T>C-42:T>C,4018002.0,49358815.0,2.4734276574975346e-06
100019345|F|0-24:G>A-24:G>A,100016185|F|0-62:C>T-62:C>T,4018002.0,49565807.0,0.0013107304737908889
100019345|F|0-24:G>A-24:G>A,100033324|F|0-45:A>T-45:A>T,4018002.0,53523372.0,0.004574216013174037
100019345|F|0-24:G>A-24:G>A,100034432|F|0-24:T>A-24:T>A,4018002.0,53750135.0,0.016908979128301336
100019345|F|0-24:G>A-24:G>A,100056034|F|0-41:G>T-41:G>T,4018002.0,53750140.0,0.0002931310208938298
100019345|F|0-24:G>A-24:G>A,100019249|F|0-36:C>A-36:C>A,4018002.0,54407017.0,0.02600264979997577
100019345|F|0-24:G>A-24:G>A,100013936|F|0-38:C>A-38:C>A,4018002.0,54572400.0,0.029850147606212237
100019345|F|0-24:G>A-24:G>A,100018265|F|0-5:C>T-5:C>T,4018002.0,56110897.0,0.029260153044217686
100019345|F|0-24:G>A-24:G>A,100014526|F|0-10:T>C-10:T>C,4018002.0,56110902.0,0.042710412381341
100019345|F|0-24:G>A-24:G>A,100030709|F|0-39:T>A-39:T>A,4018002.0,56193250.0,0.10771636301354752
100019345|F|0-24:G>A-24:G>A,100033311|F|0-46:C>T-46:C>T,4018002.0,57009334.0,0.036927712020000815
100019345|F|0-24:G>A-24:G>A,100034520|F|0-31:G>A-31:G>A,4018002.0,58309310.0,0.018616409836705986
100019345|F|0-24:G>A-24:G>A,100019390|F|0-56:C>T-56:C>T,4018002.0,58491205.0,0.03515593396439345
100019345|F|0-24:G>A-24:G>A,100013048|F|0-58:C>T-58:C>T,4018002.0,58709443.0,0.012929057945890297
100019345|F|0-24:G>A-24:G>A,100041246|F|0-21:G>A-21:G>A,4018002.0,58719431.0,0.022587582982042338
100019345|F|0-24:G>A-24:G>A,100033981|F|0-18:C>A-18:C>A,4018002.0,58771602.0,0.005556543140464919
100019345|F|0-24:G>A-24:G>A,100021859|F|0-23:T>A-23:T>A,4018002.0,59249203.0,0.0157306986442436
100019345|F|0-24:G>A-24:G>A,100038389|F|0-45:C>T-45:C>T,4018002.0,59686561.0,0.0006025470985039712
100019345|F|0-24:G>A-24:G>A,100015287|F|0-63:T>C-63:T>C,4018002.0,61485460.0,0.00016116100387189277
100019345|F|0-24:G>A-24:G>A,100013445|F|0-24:G>T-24:G>T,4018002.0,61602864.0,0.00227012488663266
100019345|F|0-24:G>A-24:G>A,100013879|F|0-63:G>A-63:G>A,4018002.0,61606253.0,0.0010783163638425942
100019345|F|0-24:G>A-24:G>A,100040047|F|0-6:G>A-6:G>A,4018002.0,61640208.0,0.00011287917139847126
100019345|F|0-24:G>A-24:G>A,100016920|F|0-66:T>A-66:T>A,4018002.0,61641379.0,4.699525750715566e-06
100019345|F|0-24:G>A-24:G>A,100017079|F|0-12:A>G-12:A>G,4018002.0,61641384.0,0.0009711431742508342
100019345|F|0-24:G>A-24:G>A,100020360|F|0-56:A>G-56:A>G,4018002.0,61670176.0,0.0071232618131450084
100019345|F|0-24:G>A-24:G>A,100056174|F|0-11:G>A-11:G>A,4018002.0,61712285.0,1.6485735717170995e-05
100019345|F|0-24:G>A-24:G>A,100013722|F|0-6:A>G-6:A>G,4018002.0,61760543.0,0.00024037643800639555
100019345|F|0-24:G>A-24:G>A,100013153|F|0-63:C>A-63:C>A,4018002.0,61760548.0,0.0007096278688093703
100019345|F|0-24:G>A-24:G>A,100040510|F|0-32:T>C-32:T>C,4018002.0,62326715.0,0.00038142704572038906
100019345|F|0-24:G>A-24:G>A,100013356|F|0-7:G>A-7:G>A,4018002.0,62367252.0,0.011612716168629668
100019345|F|0-24:G>A-24:G>A,100014994|F|0-36:G>A-36:G>A,4018002.0,62444541.0,0.011946161772282337
100019345|F|0-24:G>A-24:G>A,100020485|F|0-47:G>T-47:G>T,4018002.0,62444546.0,0.01429222521954905
100019345|F|0-24:G>A-24:G>A,100013478|F|0-51:G>A-51:G>A,4018002.0,62447789.0,0.013293489516164192
100019345|F|0-24:G>A-24:G>A,100013529|F|0-11:C>G-11:C>G,4018002.0,62466983.0,0.02636598291379246
100019345|F|0-24:G>A-24:G>A,100029518|F|0-19:G>C-19:G>C,4018002.0,62476880.0,0.030885631127127354
100019345|F|0-24:G>A-24:G>A,100044261|F|0-5:T>A-5:T>A,4018002.0,62476902.0,0.013425913874420473
100019345|F|0-24:G>A-24:G>A,100017508|F|0-26:G>A-26:G>A,4018002.0,62494366.0,0.002843398448294781
100019345|F|0-24:G>A-24:G>A,100051794|F|0-60:T>C-60:T>C,4018002.0,62494371.0,0.005837269988213383
100019345|F|0-24:G>A-24:G>A,100033227|F|0-6:A>G-6:A>G,4018002.0,62503297.0,0.0072902777631368735
100019345|F|0-24:G>A-24:G>A,100015367|F|0-46:A>T-46:A>T,4018002.0,62730005.0,0.03020505934135794
100019345|F|0-24:G>A-24:G>A,100016319|F|0-60:C>A-60:C>A,4018002.0,62905182.0,0.014291982699178895
100019345|F|0-24:G>A-24:G>A,100020253|F|0-17:T>C-17:T>C,4018002.0,63125496.0,0.00964934953045577
100019345|F|0-24:G>A-24:G>A,100017121|F|0-19:C>T-19:C>T,4018002.0,63306572.0,0.019623838228137475
100019345|F|0-24:G>A-24:G>A,100021507|F|0-53:A>C-53:A>C,4018002.0,63642647.0,0.0024642957024764178
100019345|F|0-24:G>A-24:G>A,100019105|F|0-61:T>C-61:T>C,4018002.0,63665304.0,0.008805263011643102
100019345|F|0-24:G>A-24:G>A,100014627|F|0-15:C>G-15:C>G,4018002.0,64043609.0,0.023347147972501335
100019345|F|0-24:G>A-24:G>A,100033689|F|0-56:C>T-56:C>T,4018002.0,64044059.0,0.025528043385186296
100019345|F|0-24:G>A-24:G>A,100046739|F|0-18:T>G-18:T>G,4018002.0,64189766.0,0.0065042479848888765
100019345|F|0-24:G>A-24:G>A,100030110|F|0-28:T>C-28:T>C,4018002.0,64196475.0,0.00794272847940974
100019345|F|0-24:G>A-24:G>A,100016864|F|0-56:A>G-56:A>G,4018002.0,64720414.0,0.006301950286097637
100019345|F|0-24:G>A-24:G>A,100021392|F|0-51:G>A-51:G>A,4018002.0,64886887.0,0.044830237105102096
100019488|F|0-31:C>T-31:C>T,100034114|F|0-47:T>A-47:T>A,4399918.0,4820466.0,0.13569117368598435
100019488|F|0-31:C>T-31:C>T,100014086|F|0-61:C>T-61:C>T,4399918.0,5891468.0,0.005339017957828171
100019488|F|0-31:C>T-31:C>T,100017244|F|0-66:T>A-66:T>A,4399918.0,5946296.0,5.435329574492586e-06
100019488|F|0-31:C>T-31:C>T,100046635|F|0-47:T>A-47:T>A,4399918.0,6655180.0,0.0005623060753890103
100019488|F|0-31:C>T-31:C>T,100022062|F|0-25:G>T-25:G>T,4399918.0,6664246.0,0.003374223244478673
100019488|F|0-31:C>T-31:C>T,100020750|F|0-37:T>C-37:T>C,4399918.0,6910475.0,0.00026553859270932325
100019488|F|0-31:C>T-31:C>T,100034576|F|0-39:C>T-39:C>T,4399918.0,7042888.0,0.00604959837034816
100019488|F|0-31:C>T-31:C>T,100019346|F|0-50:A>C-50:A>C,4399918.0,7055098.0,0.009660797661040759
100019488|F|0-31:C>T-31:C>T,100040750|F|0-21:T>G-21:T>G,4399918.0,7192316.0,1.09287205121372e-05
100019488|F|0-31:C>T-31:C>T,100015923|F|0-54:G>A-54:G>A,4399918.0,7407875.0,9.113762162043887e-05
100019488|F|0-31:C>T-31:C>T,100038393|F|0-44:G>A-44:G>A,4399918.0,7824887.0,0.001245132372467149
100019488|F|0-31:C>T-31:C>T,100036149|F|0-36:T>A-36:T>A,4399918.0,8219449.0,0.0011682780751365585
100019488|F|0-31:C>T-31:C>T,100036173|F|0-57:T>C-57:T>C,4399918.0,8514264.0,0.00715017090211119
100019488|F|0-31:C>T-31:C>T,100033255|F|0-46:T>C-46:T>C,4399918.0,8685335.0,0.0009109634352690652
100019488|F|0-31:C>T-31:C>T,100014460|F|0-15:A>T-15:A>T,4399918.0,10928744.0,0.04319815362741697
100019488|F|0-31:C>T-31:C>T,100040451|F|0-37:G>A-37:G>A,4399918.0,10932163.0,0.041548043215432665
100019488|F|0-31:C>T-31:C>T,100018823|F|0-53:T>C-53:T>C,4399918.0,11900381.0,0.0055025581978503935
100019488|F|0-31:C>T-31:C>T,100016501|F|0-17:C>T-17:C>T,4399918.0,12114192.0,0.01695478766772394
100019488|F|0-31:C>T-31:C>T,100018613|F|0-47:T>C-47:T>C,4399918.0,12308528.0,0.056023030050764595
100019488|F|0-31:C>T-31:C>T,100045000|F|0-23:G>A-23:G>A,4399918.0,12317197.0,0.01468825661907959
100019488|F|0-31:C>T-31:C>T,100015749|F|0-20:C>T-20:C>T,4399918.0,12317967.0,0.04113288261836596
100019488|F|0-31:C>T-31:C>T,100014140|F|0-33:C>G-33:C>G,4399918.0,12605038.0,0.012622209166004551
100019488|F|0-31:C>T-31:C>T,100018408|F|0-53:G>A-53:G>A,4399918.0,12747732.0,0.0001779685837549285
100019488|F|0-31:C>T-31:C>T,100020066|F|0-27:G>C-27:G>C,4399918.0,13025005.0,0.001038928513777612
100019488|F|0-31:C>T-31:C>T,100034157|F|0-53:C>A-53:C>A,4399918.0,13580202.0,0.010915810787572613
100019488|F|0-31:C>T-31:C>T,100017630|F|0-52:A>T-52:A>T,4399918.0,13716601.0,0.025661693913795185
100019488|F|0-31:C>T-31:C>T,100044127|F|0-8:G>A-8:G>A,4399918.0,14087087.0,0.007324699739649866
100019488|F|0-31:C>T-31:C>T,100035819|F|0-44:C>T-44:C>T,4399918.0,14553363.0,0.0008205078447002897
100019488|F|0-31:C>T-31:C>T,100034357|F|0-15:T>C-15:T>C,4399918.0,14568764.0,0.017919773488474025
100019488|F|0-31:C>T-31:C>T,100054129|F|0-61:T>A-61:T>A,4399918.0,14873218.0,0.017427926875572267
100019488|F|0-31:C>T-31:C>T,100022113|F|0-34:G>C-34:G>C,4399918.0,14898843.0,0.000759216202858142
100019488|F|0-31:C>T-31:C>T,100055747|F|0-35:G>C-35:G>C,4399918.0,14898843.0,0.007709422550494475
100019488|F|0-31:C>T-31:C>T,100034447|F|0-52:A>T-52:A>T,4399918.0,15211267.0,0.07657588728131437
100019488|F|0-31:C>T-31:C>T,100018930|F|0-63:C>G-63:C>G,4399918.0,15212141.0,0.06912975203589312
100019488|F|0-31:C>T-31:C>T,100014038|F|0-34:G>C-34:G>C,4399918.0,15259541.0,0.05649531402431865
100019488|F|0-31:C>T-31:C>T,100030229|F|0-11:A>T-11:A>T,4399918.0,15553876.0,0.001512943963924222
100019488|F|0-31:C>T-31:C>T,100017989|F|0-62:A>T-62:A>T,4399918.0,16021700.0,0.001065563186392303
100019488|F|0-31:C>T-31:C>T,100052450|F|0-8:A>G-8:A>G,4399918.0,22147758.0,0.06100002088783869
100019488|F|0-31:C>T-31:C>T,100034572|F|0-53:G>A-53:G>A,4399918.0,26973588.0,0.01240554328677293
100019488|F|0-31:C>T-31:C>T,100018223|F|0-41:G>A-41:G>A,4399918.0,42850086.0,0.02089900190679384
100019488|F|0-31:C>T-31:C>T,100034540|F|0-15:G>A-15:G>A,4399918.0,42850367.0,0.023891560452679827
100019488|F|0-31:C>T-31:C>T,100017511|F|0-59:G>C-59:G>C,4399918.0,42850408.0,0.017960063224773507
100019488|F|0-31:C>T-31:C>T,100050114|F|0-27:G>A-27:G>A,4399918.0,43250010.0,0.019216790549031193
100019488|F|0-31:C>T-31:C>T,100016574|F|0-9:G>A-9:G>A,4399918.0,43529057.0,0.05644145306960661
100019488|F|0-31:C>T-31:C>T,100018496|F|0-32:T>G-32:T>G,4399918.0,43881573.0,0.027787583287218604
100019488|F|0-31:C>T-31:C>T,100017598|F|0-46:C>G-46:C>G,4399918.0,45505408.0,0.026702576952534852
100019488|F|0-31:C>T-31:C>T,100021048|F|0-66:C>T-66:C>T,4399918.0,45555246.0,0.026674143794141493
100019488|F|0-31:C>T-31:C>T,100017454|F|0-9:A>G-9:A>G,4399918.0,45869241.0,0.008232898928578345
100019488|F|0-31:C>T-31:C>T,100018445|F|0-45:A>G-45:A>G,4399918.0,45885872.0,0.006511924446462953
100019488|F|0-31:C>T-31:C>T,100034159|F|0-24:A>G-24:A>G,4399918.0,46097671.0,0.002117028126315721
100019488|F|0-31:C>T-31:C>T,100017594|F|0-13:G>T-13:G>T,4399918.0,46097676.0,0.0023095505823235917
100019488|F|0-31:C>T-31:C>T,100030376|F|0-12:T>C-12:T>C,4399918.0,47165949.0,0.00037787379923911416
100019488|F|0-31:C>T-31:C>T,100034945|F|0-61:G>A-61:G>A,4399918.0,47171709.0,0.0003778737992391147
100019488|F|0-31:C>T-31:C>T,100043426|F|0-30:G>A-30:G>A,4399918.0,47201903.0,0.0007625562583493196
100019488|F|0-31:C>T-31:C>T,100015331|F|0-40:A>G-40:A>G,4399918.0,47228518.0,0.0005130608911087151
100019488|F|0-31:C>T-31:C>T,100033028|F|0-17:A>C-17:A>C,4399918.0,47247609.0,7.87246122241062e-05
100019488|F|0-31:C>T-31:C>T,100014668|F|0-30:A>T-30:A>T,4399918.0,48841067.0,0.02867821746429097
100019488|F|0-31:C>T-31:C>T,100019661|F|0-30:A>T-30:A>T,4399918.0,48965503.0,0.0008086953906673608
100019488|F|0-31:C>T-31:C>T,100035901|F|0-29:T>A-29:T>A,4399918.0,48989476.0,9.059872104199386e-07
100019488|F|0-31:C>T-31:C>T,100043126|F|0-48:T>A-48:T>A,4399918.0,49230618.0,0.027454577853185794
100019488|F|0-31:C>T-31:C>T,100044970|F|0-28:C>T-28:C>T,4399918.0,49340094.0,0.046792174261409
100019488|F|0-31:C>T-31:C>T,100013964|F|0-14:T>G-14:T>G,4399918.0,49356602.0,0.04119888933945668
100019488|F|0-31:C>T-31:C>T,100020795|F|0-42:T>C-42:T>C,4399918.0,49358815.0,0.04117795031940905
100019488|F|0-31:C>T-31:C>T,100016185|F|0-62:C>T-62:C>T,4399918.0,49565807.0,0.005675755643698476
100019488|F|0-31:C>T-31:C>T,100033324|F|0-45:A>T-45:A>T,4399918.0,53523372.0,0.021403388542266453
100019488|F|0-31:C>T-31:C>T,100034432|F|0-24:T>A-24:T>A,4399918.0,53750135.0,0.000969794116407015
100019488|F|0-31:C>T-31:C>T,100056034|F|0-41:G>T-41:G>T,4399918.0,53750140.0,0.0297775587375054
100019488|F|0-31:C>T-31:C>T,100019249|F|0-36:C>A-36:C>A,4399918.0,54407017.0,0.013405414657337984
100019488|F|0-31:C>T-31:C>T,100013936|F|0-38:C>A-38:C>A,4399918.0,54572400.0,0.024602481609551745
100019488|F|0-31:C>T-31:C>T,100018265|F|0-5:C>T-5:C>T,4399918.0,56110897.0,0.0008001632105084873
100019488|F|0-31:C>T-31:C>T,100014526|F|0-10:T>C-10:T>C,4399918.0,56110902.0,0.0014814172709005154
100019488|F|0-31:C>T-31:C>T,100030709|F|0-39:T>A-39:T>A,4399918.0,56193250.0,0.05539242795717165
100019488|F|0-31:C>T-31:C>T,100033311|F|0-46:C>T-46:C>T,4399918.0,57009334.0,0.0017883288281381532
100019488|F|0-31:C>T-31:C>T,100034520|F|0-31:G>A-31:G>A,4399918.0,58309310.0,0.0025718270303871174
100019488|F|0-31:C>T-31:C>T,100019390|F|0-56:C>T-56:C>T,4399918.0,58491205.0,0.0006245734638064074
100019488|F|0-31:C>T-31:C>T,100013048|F|0-58:C>T-58:C>T,4399918.0,58709443.0,0.001659109769588058
100019488|F|0-31:C>T-31:C>T,100041246|F|0-21:G>A-21:G>A,4399918.0,58719431.0,2.6542799771029135e-06
100019488|F|0-31:C>T-31:C>T,100033981|F|0-18:C>A-18:C>A,4399918.0,58771602.0,0.009184974378495655
100019488|F|0-31:C>T-31:C>T,100021859|F|0-23:T>A-23:T>A,4399918.0,59249203.0,0.018028609952122073
100019488|F|0-31:C>T-31:C>T,100038389|F|0-45:C>T-45:C>T,4399918.0,59686561.0,0.00037652857389472406
100019488|F|0-31:C>T-31:C>T,100015287|F|0-63:T>C-63:T>C,4399918.0,61485460.0,0.002219398619419316
100019488|F|0-31:C>T-31:C>T,100013445|F|0-24:G>T-24:G>T,4399918.0,61602864.0,0.0012461021217593025
100019488|F|0-31:C>T-31:C>T,100013879|F|0-63:G>A-63:G>A,4399918.0,61606253.0,0.0018688270923436277
100019488|F|0-31:C>T-31:C>T,100040047|F|0-6:G>A-6:G>A,4399918.0,61640208.0,0.0009995199368136984
100019488|F|0-31:C>T-31:C>T,100016920|F|0-66:T>A-66:T>A,4399918.0,61641379.0,0.00025321626980537434
100019488|F|0-31:C>T-31:C>T,100017079|F|0-12:A>G-12:A>G,4399918.0,61641384.0,5.627420516160621e-06
100019488|F|0-31:C>T-31:C>T,100020360|F|0-56:A>G-56:A>G,4399918.0,61670176.0,0.002255480491679687
100019488|F|0-31:C>T-31:C>T,100056174|F|0-11:G>A-11:G>A,4399918.0,61712285.0,0.002660216594895606
100019488|F|0-31:C>T-31:C>T,100013722|F|0-6:A>G-6:A>G,4399918.0,61760543.0,0.024305380671442566
100019488|F|0-31:C>T-31:C>T,100013153|F|0-63:C>A-63:C>A,4399918.0,61760548.0,0.025952777008793698
100019488|F|0-31:C>T-31:C>T,100040510|F|0-32:T>C-32:T>C,4399918.0,62326715.0,0.01037095463815736
100019488|F|0-31:C>T-31:C>T,100013356|F|0-7:G>A-7:G>A,4399918.0,62367252.0,1.1126313393699724e-05
100019488|F|0-31:C>T-31:C>T,100014994|F|0-36:G>A-36:G>A,4399918.0,62444541.0,0.0020016699985130697
100019488|F|0-31:C>T-31:C>T,100020485|F|0-47:G>T-47:G>T,4399918.0,62444546.0,1.7025111132906297e-05
100019488|F|0-31:C>T-31:C>T,100013478|F|0-51:G>A-51:G>A,4399918.0,62447789.0,0.0004573146639009395
100019488|F|0-31:C>T-31:C>T,100013529|F|0-11:C>G-11:C>G,4399918.0,62466983.0,0.016184645402862654
100019488|F|0-31:C>T-31:C>T,100029518|F|0-19:G>C-19:G>C,4399918.0,62476880.0,0.018216967119751137
100019488|F|0-31:C>T-31:C>T,100044261|F|0-5:T>A-5:T>A,4399918.0,62476902.0,0.013662650230935942
100019488|F|0-31:C>T-31:C>T,100017508|F|0-26:G>A-26:G>A,4399918.0,62494366.0,0.00029432662480255895
100019488|F|0-31:C>T-31:C>T,100051794|F|0-60:T>C-60:T>C,4399918.0,62494371.0,0.0010759549712421508
100019488|F|0-31:C>T-31:C>T,100033227|F|0-6:A>G-6:A>G,4399918.0,62503297.0,0.0021073655280903674
100019488|F|0-31:C>T-31:C>T,100015367|F|0-46:A>T-46:A>T,4399918.0,62730005.0,0.006487343827309913
100019488|F|0-31:C>T-31:C>T,100016319|F|0-60:C>A-60:C>A,4399918.0,62905182.0,0.060255837467961294
100019488|F|0-31:C>T-31:C>T,100020253|F|0-17:T>C-17:T>C,4399918.0,63125496.0,0.009243002800265004
100019488|F|0-31:C>T-31:C>T,100017121|F|0-19:C>T-19:C>T,4399918.0,63306572.0,2.1238600542009906e-06
100019488|F|0-31:C>T-31:C>T,100021507|F|0-53:A>C-53:A>C,4399918.0,63642647.0,0.028172583489129863
100019488|F|0-31:C>T-31:C>T,100019105|F|0-61:T>C-61:T>C,4399918.0,63665304.0,0.00039127917782049717
100019488|F|0-31:C>T-31:C>T,100014627|F|0-15:C>G-15:C>G,4399918.0,64043609.0,0.012678445160644166
100019488|F|0-31:C>T-31:C>T,100033689|F|0-56:C>T-56:C>T,4399918.0,64044059.0,0.011468469383584439
100019488|F|0-31:C>T-31:C>T,100046739|F|0-18:T>G-18:T>G,4399918.0,64189766.0,0.010751531947538858
100019488|F|0-31:C>T-31:C>T,100030110|F|0-28:T>C-28:T>C,4399918.0,64196475.0,0.014653394993592115
100019488|F|0-31:C>T-31:C>T,100016864|F|0-56:A>G-56:A>G,4399918.0,64720414.0,0.011365917586187334
100019488|F|0-31:C>T-31:C>T,100021392|F|0-51:G>A-51:G>A,4399918.0,64886887.0,0.00456617904819395
100034114|F|0-47:T>A-47:T>A,100014086|F|0-61:C>T-61:C>T,4820466.0,5891468.0,0.15806897876338596
100034114|F|0-47:T>A-47:T>A,100017244|F|0-66:T>A-66:T>A,4820466.0,5946296.0,0.0048465635548585444
100034114|F|0-47:T>A-47:T>A,100046635|F|0-47:T>A-47:T>A,4820466.0,6655180.0,0.09894302926087774
100034114|F|0-47:T>A-47:T>A,100022062|F|0-25:G>T-25:G>T,4820466.0,6664246.0,0.007513924279886367
100034114|F|0-47:T>A-47:T>A,100020750|F|0-37:T>C-37:T>C,4820466.0,6910475.0,0.0342317524628388
100034114|F|0-47:T>A-47:T>A,100034576|F|0-39:C>T-39:C>T,4820466.0,7042888.0,0.1067585528482943
100034114|F|0-47:T>A-47:T>A,100019346|F|0-50:A>C-50:A>C,4820466.0,7055098.0,0.22790575642093905
100034114|F|0-47:T>A-47:T>A,100040750|F|0-21:T>G-21:T>G,4820466.0,7192316.0,0.0024978555865238197
100034114|F|0-47:T>A-47:T>A,100015923|F|0-54:G>A-54:G>A,4820466.0,7407875.0,0.006946346665223797
100034114|F|0-47:T>A-47:T>A,100038393|F|0-44:G>A-44:G>A,4820466.0,7824887.0,0.001281970544507875
100034114|F|0-47:T>A-47:T>A,100036149|F|0-36:T>A-36:T>A,4820466.0,8219449.0,0.002475300123499379
100034114|F|0-47:T>A-47:T>A,100036173|F|0-57:T>C-57:T>C,4820466.0,8514264.0,0.018953254556526297
100034114|F|0-47:T>A-47:T>A,100033255|F|0-46:T>C-46:T>C,4820466.0,8685335.0,0.008803134859104946
100034114|F|0-47:T>A-47:T>A,100014460|F|0-15:A>T-15:A>T,4820466.0,10928744.0,0.0048655290795452345
100034114|F|0-47:T>A-47:T>A,100040451|F|0-37:G>A-37:G>A,4820466.0,10932163.0,0.0016988093587879478
100034114|F|0-47:T>A-47:T>A,100018823|F|0-53:T>C-53:T>C,4820466.0,11900381.0,0.014854500828942727
100034114|F|0-47:T>A-47:T>A,100016501|F|0-17:C>T-17:C>T,4820466.0,12114192.0,0.02464490196440705
100034114|F|0-47:T>A-47:T>A,100018613|F|0-47:T>C-47:T>C,4820466.0,12308528.0,1.863557755381975e-05
100034114|F|0-47:T>A-47:T>A,100045000|F|0-23:G>A-23:G>A,4820466.0,12317197.0,0.008737235725586096
100034114|F|0-47:T>A-47:T>A,100015749|F|0-20:C>T-20:C>T,4820466.0,12317967.0,0.0001876938808601548
100034114|F|0-47:T>A-47:T>A,100014140|F|0-33:C>G-33:C>G,4820466.0,12605038.0,0.0033952054764904405
100034114|F|0-47:T>A-47:T>A,100018408|F|0-53:G>A-53:G>A,4820466.0,12747732.0,0.0002957316407614401
100034114|F|0-47:T>A-47:T>A,100020066|F|0-27:G>C-27:G>C,4820466.0,13025005.0,0.01290764003522063
100034114|F|0-47:T>A-47:T>A,100034157|F|0-53:C>A-53:C>A,4820466.0,13580202.0,0.00011049817775741949
100034114|F|0-47:T>A-47:T>A,100017630|F|0-52:A>T-52:A>T,4820466.0,13716601.0,0.00016279819957250446
100034114|F|0-47:T>A-47:T>A,100044127|F|0-8:G>A-8:G>A,4820466.0,14087087.0,0.034858037426154176
100034114|F|0-47:T>A-47:T>A,100035819|F|0-44:C>T-44:C>T,4820466.0,14553363.0,0.043464617771663466
100034114|F|0-47:T>A-47:T>A,100034357|F|0-15:T>C-15:T>C,4820466.0,14568764.0,0.006603467926947404
100034114|F|0-47:T>A-47:T>A,100054129|F|0-61:T>A-61:T>A,4820466.0,14873218.0,0.007537871526598343
100034114|F|0-47:T>A-47:T>A,100022113|F|0-34:G>C-34:G>C,4820466.0,14898843.0,1.3168695377349027e-05
100034114|F|0-47:T>A-47:T>A,100055747|F|0-35:G>C-35:G>C,4820466.0,14898843.0,0.001185270515955115
100034114|F|0-47:T>A-47:T>A,100034447|F|0-52:A>T-52:A>T,4820466.0,15211267.0,0.04619692857519206
100034114|F|0-47:T>A-47:T>A,100018930|F|0-63:C>G-63:C>G,4820466.0,15212141.0,0.0371973601873415
100034114|F|0-47:T>A-47:T>A,100014038|F|0-34:G>C-34:G>C,4820466.0,15259541.0,0.060859346866056326
100034114|F|0-47:T>A-47:T>A,100030229|F|0-11:A>T-11:A>T,4820466.0,15553876.0,0.051050184071519435
100034114|F|0-47:T>A-47:T>A,100017989|F|0-62:A>T-62:A>T,4820466.0,16021700.0,0.03734560060965921
100034114|F|0-47:T>A-47:T>A,100052450|F|0-8:A>G-8:A>G,4820466.0,22147758.0,0.01948103162709993
100034114|F|0-47:T>A-47:T>A,100034572|F|0-53:G>A-53:G>A,4820466.0,26973588.0,0.004353355085729871
100034114|F|0-47:T>A-47:T>A,100018223|F|0-41:G>A-41:G>A,4820466.0,42850086.0,0.000527532128458195
100034114|F|0-47:T>A-47:T>A,100034540|F|0-15:G>A-15:G>A,4820466.0,42850367.0,0.0013106531922129471
100034114|F|0-47:T>A-47:T>A,100017511|F|0-59:G>C-59:G>C,4820466.0,42850408.0,0.001076736001131738
100034114|F|0-47:T>A-47:T>A,100050114|F|0-27:G>A-27:G>A,4820466.0,43250010.0,0.05110959875195515
100034114|F|0-47:T>A-47:T>A,100016574|F|0-9:G>A-9:G>A,4820466.0,43529057.0,0.03665100180992602
100034114|F|0-47:T>A-47:T>A,100018496|F|0-32:T>G-32:T>G,4820466.0,43881573.0,0.017025327619298602
100034114|F|0-47:T>A-47:T>A,100017598|F|0-46:C>G-46:C>G,4820466.0,45505408.0,0.02414915329862314
100034114|F|0-47:T>A-47:T>A,100021048|F|0-66:C>T-66:C>T,4820466.0,45555246.0,0.022383988709669986
100034114|F|0-47:T>A-47:T>A,100017454|F|0-9:A>G-9:A>G,4820466.0,45869241.0,0.008721647244445935
100034114|F|0-47:T>A-47:T>A,100018445|F|0-45:A>G-45:A>G,4820466.0,45885872.0,0.009895263976009245
100034114|F|0-47:T>A-47:T>A,100034159|F|0-24:A>G-24:A>G,4820466.0,46097671.0,0.0009426458891801909
100034114|F|0-47:T>A-47:T>A,100017594|F|0-13:G>T-13:G>T,4820466.0,46097676.0,0.005768557871432669
100034114|F|0-47:T>A-47:T>A,100030376|F|0-12:T>C-12:T>C,4820466.0,47165949.0,0.0017310708118025752
100034114|F|0-47:T>A-47:T>A,100034945|F|0-61:G>A-61:G>A,4820466.0,47171709.0,0.00015732753214966043
100034114|F|0-47:T>A-47:T>A,100043426|F|0-30:G>A-30:G>A,4820466.0,47201903.0,0.0007906570041150673
100034114|F|0-47:T>A-47:T>A,100015331|F|0-40:A>G-40:A>G,4820466.0,47228518.0,0.001427811509359903
100034114|F|0-47:T>A-47:T>A,100033028|F|0-17:A>C-17:A>C,4820466.0,47247609.0,0.0015971291111286387
100034114|F|0-47:T>A-47:T>A,100014668|F|0-30:A>T-30:A>T,4820466.0,48841067.0,0.009840241011238034
100034114|F|0-47:T>A-47:T>A,100019661|F|0-30:A>T-30:A>T,4820466.0,48965503.0,0.009861970817784635
100034114|F|0-47:T>A-47:T>A,100035901|F|0-29:T>A-29:T>A,4820466.0,48989476.0,0.009291345320629477
100034114|F|0-47:T>A-47:T>A,100043126|F|0-48:T>A-48:T>A,4820466.0,49230618.0,0.03464785730104231
100034114|F|0-47:T>A-47:T>A,100044970|F|0-28:C>T-28:C>T,4820466.0,49340094.0,0.038527080091872334
100034114|F|0-47:T>A-47:T>A,100013964|F|0-14:T>G-14:T>G,4820466.0,49356602.0,0.0447480220308723
100034114|F|0-47:T>A-47:T>A,100020795|F|0-42:T>C-42:T>C,4820466.0,49358815.0,0.057796280185839224
100034114|F|0-47:T>A-47:T>A,100016185|F|0-62:C>T-62:C>T,4820466.0,49565807.0,0.0015204326373882934
100034114|F|0-47:T>A-47:T>A,100033324|F|0-45:A>T-45:A>T,4820466.0,53523372.0,0.0058211995012240085
100034114|F|0-47:T>A-47:T>A,100034432|F|0-24:T>A-24:T>A,4820466.0,53750135.0,0.02258580048176843
100034114|F|0-47:T>A-47:T>A,100056034|F|0-41:G>T-41:G>T,4820466.0,53750140.0,0.004092286488374506
100034114|F|0-47:T>A-47:T>A,100019249|F|0-36:C>A-36:C>A,4820466.0,54407017.0,0.01808114786688764
100034114|F|0-47:T>A-47:T>A,100013936|F|0-38:C>A-38:C>A,4820466.0,54572400.0,0.012306916004482436
100034114|F|0-47:T>A-47:T>A,100018265|F|0-5:C>T-5:C>T,4820466.0,56110897.0,0.00515430207776733
100034114|F|0-47:T>A-47:T>A,100014526|F|0-10:T>C-10:T>C,4820466.0,56110902.0,0.0005308576477311909
100034114|F|0-47:T>A-47:T>A,100030709|F|0-39:T>A-39:T>A,4820466.0,56193250.0,0.03751064311771095
100034114|F|0-47:T>A-47:T>A,100033311|F|0-46:C>T-46:C>T,4820466.0,57009334.0,0.010300950533290823
100034114|F|0-47:T>A-47:T>A,100034520|F|0-31:G>A-31:G>A,4820466.0,58309310.0,0.00748323681760066
100034114|F|0-47:T>A-47:T>A,100019390|F|0-56:C>T-56:C>T,4820466.0,58491205.0,0.002103152991344051
100034114|F|0-47:T>A-47:T>A,100013048|F|0-58:C>T-58:C>T,4820466.0,58709443.0,0.03393251878830515
100034114|F|0-47:T>A-47:T>A,100041246|F|0-21:G>A-21:G>A,4820466.0,58719431.0,0.0014135213815371004
100034114|F|0-47:T>A-47:T>A,100033981|F|0-18:C>A-18:C>A,4820466.0,58771602.0,0.0031877965610172007
100034114|F|0-47:T>A-47:T>A,100021859|F|0-23:T>A-23:T>A,4820466.0,59249203.0,0.048151794716508343
100034114|F|0-47:T>A-47:T>A,100038389|F|0-45:C>T-45:C>T,4820466.0,59686561.0,0.00011642798928862475
100034114|F|0-47:T>A-47:T>A,100015287|F|0-63:T>C-63:T>C,4820466.0,61485460.0,0.004833327851297988
100034114|F|0-47:T>A-47:T>A,100013445|F|0-24:G>T-24:G>T,4820466.0,61602864.0,0.0015051985988597675
100034114|F|0-47:T>A-47:T>A,100013879|F|0-63:G>A-63:G>A,4820466.0,61606253.0,0.0009781304914073417
100034114|F|0-47:T>A-47:T>A,100040047|F|0-6:G>A-6:G>A,4820466.0,61640208.0,5.41575510858029e-05
100034114|F|0-47:T>A-47:T>A,100016920|F|0-66:T>A-66:T>A,4820466.0,61641379.0,8.360494064310291e-05
100034114|F|0-47:T>A-47:T>A,100017079|F|0-12:A>G-12:A>G,4820466.0,61641384.0,0.010938523738753864
100034114|F|0-47:T>A-47:T>A,100020360|F|0-56:A>G-56:A>G,4820466.0,61670176.0,0.001327336408045086
100034114|F|0-47:T>A-47:T>A,100056174|F|0-11:G>A-11:G>A,4820466.0,61712285.0,0.013013765206403386
100034114|F|0-47:T>A-47:T>A,100013722|F|0-6:A>G-6:A>G,4820466.0,61760543.0,0.0015630587214547269
100034114|F|0-47:T>A-47:T>A,100013153|F|0-63:C>A-63:C>A,4820466.0,61760548.0,0.00302179827129032
100034114|F|0-47:T>A-47:T>A,100040510|F|0-32:T>C-32:T>C,4820466.0,62326715.0,0.00984146022666112
100034114|F|0-47:T>A-47:T>A,100013356|F|0-7:G>A-7:G>A,4820466.0,62367252.0,0.014461303748828341
100034114|F|0-47:T>A-47:T>A,100014994|F|0-36:G>A-36:G>A,4820466.0,62444541.0,0.0003534115830193635
100034114|F|0-47:T>A-47:T>A,100020485|F|0-47:G>T-47:G>T,4820466.0,62444546.0,0.001106841458122137
100034114|F|0-47:T>A-47:T>A,100013478|F|0-51:G>A-51:G>A,4820466.0,62447789.0,0.0019146811433308493
100034114|F|0-47:T>A-47:T>A,100013529|F|0-11:C>G-11:C>G,4820466.0,62466983.0,0.00265737018772533
100034114|F|0-47:T>A-47:T>A,100029518|F|0-19:G>C-19:G>C,4820466.0,62476880.0,0.005066759058890811
100034114|F|0-47:T>A-47:T>A,100044261|F|0-5:T>A-5:T>A,4820466.0,62476902.0,0.0009488906681893244
100034114|F|0-47:T>A-47:T>A,100017508|F|0-26:G>A-26:G>A,4820466.0,62494366.0,0.00975475802682809
100034114|F|0-47:T>A-47:T>A,100051794|F|0-60:T>C-60:T>C,4820466.0,62494371.0,0.00529493194529869
100034114|F|0-47:T>A-47:T>A,100033227|F|0-6:A>G-6:A>G,4820466.0,62503297.0,0.002112641028054596
100034114|F|0-47:T>A-47:T>A,100015367|F|0-46:A>T-46:A>T,4820466.0,62730005.0,6.407509077576943e-05
100034114|F|0-47:T>A-47:T>A,100016319|F|0-60:C>A-60:C>A,4820466.0,62905182.0,0.08651750345899428
100034114|F|0-47:T>A-47:T>A,100020253|F|0-17:T>C-17:T>C,4820466.0,63125496.0,0.016548324792622648
100034114|F|0-47:T>A-47:T>A,100017121|F|0-19:C>T-19:C>T,4820466.0,63306572.0,0.03484729802135968
100034114|F|0-47:T>A-47:T>A,100021507|F|0-53:A>C-53:A>C,4820466.0,63642647.0,0.0382373837872278
100034114|F|0-47:T>A-47:T>A,100019105|F|0-61:T>C-61:T>C,4820466.0,63665304.0,5.251262403482042e-06
100034114|F|0-47:T>A-47:T>A,100014627|F|0-15:C>G-15:C>G,4820466.0,64043609.0,0.003631519916026243
100034114|F|0-47:T>A-47:T>A,100033689|F|0-56:C>T-56:C>T,4820466.0,64044059.0,0.00035427083104344625
100034114|F|0-47:T>A-47:T>A,100046739|F|0-18:T>G-18:T>G,4820466.0,64189766.0,0.002897478780110579
100034114|F|0-47:T>A-47:T>A,100030110|F|0-28:T>C-28:T>C,4820466.0,64196475.0,0.011228046201158732
100034114|F|0-47:T>A-47:T>A,100016864|F|0-56:A>G-56:A>G,4820466.0,64720414.0,0.0013863458063369106
100034114|F|0-47:T>A-47:T>A,100021392|F|0-51:G>A-51:G>A,4820466.0,64886887.0,0.003465497590702609
100014086|F|0-61:C>T-61:C>T,100017244|F|0-66:T>A-66:T>A,5891468.0,5946296.0,0.0022886433168305123
100014086|F|0-61:C>T-61:C>T,100046635|F|0-47:T>A-47:T>A,5891468.0,6655180.0,0.06392671818627213
100014086|F|0-61:C>T-61:C>T,100022062|F|0-25:G>T-25:G>T,5891468.0,6664246.0,0.00020408368942997495
100014086|F|0-61:C>T-61:C>T,100020750|F|0-37:T>C-37:T>C,5891468.0,6910475.0,0.006379649585313749
100014086|F|0-61:C>T-61:C>T,100034576|F|0-39:C>T-39:C>T,5891468.0,7042888.0,0.04972818478133799
100014086|F|0-61:C>T-61:C>T,100019346|F|0-50:A>C-50:A>C,5891468.0,7055098.0,0.15692274846101836
100014086|F|0-61:C>T-61:C>T,100040750|F|0-21:T>G-21:T>G,5891468.0,7192316.0,9.284878646636143e-05
100014086|F|0-61:C>T-61:C>T,100015923|F|0-54:G>A-54:G>A,5891468.0,7407875.0,0.003015126287320172
100014086|F|0-61:C>T-61:C>T,100038393|F|0-44:G>A-44:G>A,5891468.0,7824887.0,0.04161875685368166
100014086|F|0-61:C>T-61:C>T,100036149|F|0-36:T>A-36:T>A,5891468.0,8219449.0,0.012485468524090536
100014086|F|0-61:C>T-61:C>T,100036173|F|0-57:T>C-57:T>C,5891468.0,8514264.0,0.009719486420037116
100014086|F|0-61:C>T-61:C>T,100033255|F|0-46:T>C-46:T>C,5891468.0,8685335.0,0.002418715621245394
100014086|F|0-61:C>T-61:C>T,100014460|F|0-15:A>T-15:A>T,5891468.0,10928744.0,0.012403506646358345
100014086|F|0-61:C>T-61:C>T,100040451|F|0-37:G>A-37:G>A,5891468.0,10932163.0,0.011929709649412614
100014086|F|0-61:C>T-61:C>T,100018823|F|0-53:T>C-53:T>C,5891468.0,11900381.0,0.008732387391962042
100014086|F|0-61:C>T-61:C>T,100016501|F|0-17:C>T-17:C>T,5891468.0,12114192.0,0.0009826886361083936
100014086|F|0-61:C>T-61:C>T,100018613|F|0-47:T>C-47:T>C,5891468.0,12308528.0,0.0007929418466159203
100014086|F|0-61:C>T-61:C>T,100045000|F|0-23:G>A-23:G>A,5891468.0,12317197.0,0.02250374672161854
100014086|F|0-61:C>T-61:C>T,100015749|F|0-20:C>T-20:C>T,5891468.0,12317967.0,0.0011939208993175798
100014086|F|0-61:C>T-61:C>T,100014140|F|0-33:C>G-33:C>G,5891468.0,12605038.0,0.003904945856177815
100014086|F|0-61:C>T-61:C>T,100018408|F|0-53:G>A-53:G>A,5891468.0,12747732.0,0.027525022747952665
100014086|F|0-61:C>T-61:C>T,100020066|F|0-27:G>C-27:G>C,5891468.0,13025005.0,0.014113714384245179
100014086|F|0-61:C>T-61:C>T,100034157|F|0-53:C>A-53:C>A,5891468.0,13580202.0,0.039065083535822435
100014086|F|0-61:C>T-61:C>T,100017630|F|0-52:A>T-52:A>T,5891468.0,13716601.0,0.10951722729664502
100014086|F|0-61:C>T-61:C>T,100044127|F|0-8:G>A-8:G>A,5891468.0,14087087.0,0.0004729610306295389
100014086|F|0-61:C>T-61:C>T,100035819|F|0-44:C>T-44:C>T,5891468.0,14553363.0,0.0008150382537000262
100014086|F|0-61:C>T-61:C>T,100034357|F|0-15:T>C-15:T>C,5891468.0,14568764.0,0.015916236625105978
100014086|F|0-61:C>T-61:C>T,100054129|F|0-61:T>A-61:T>A,5891468.0,14873218.0,0.02369041256713308
100014086|F|0-61:C>T-61:C>T,100022113|F|0-34:G>C-34:G>C,5891468.0,14898843.0,0.014614946997678645
100014086|F|0-61:C>T-61:C>T,100055747|F|0-35:G>C-35:G>C,5891468.0,14898843.0,0.012937898089171944
100014086|F|0-61:C>T-61:C>T,100034447|F|0-52:A>T-52:A>T,5891468.0,15211267.0,0.0032465896845074787
100014086|F|0-61:C>T-61:C>T,100018930|F|0-63:C>G-63:C>G,5891468.0,15212141.0,0.002151152042754155
100014086|F|0-61:C>T-61:C>T,100014038|F|0-34:G>C-34:G>C,5891468.0,15259541.0,0.0007035994667456702
100014086|F|0-61:C>T-61:C>T,100030229|F|0-11:A>T-11:A>T,5891468.0,15553876.0,6.392754698562495e-05
100014086|F|0-61:C>T-61:C>T,100017989|F|0-62:A>T-62:A>T,5891468.0,16021700.0,0.017374610527476807
100014086|F|0-61:C>T-61:C>T,100052450|F|0-8:A>G-8:A>G,5891468.0,22147758.0,0.004904827382739839
100014086|F|0-61:C>T-61:C>T,100034572|F|0-53:G>A-53:G>A,5891468.0,26973588.0,0.01397076671356459
100014086|F|0-61:C>T-61:C>T,100018223|F|0-41:G>A-41:G>A,5891468.0,42850086.0,0.0008465056728965188
100014086|F|0-61:C>T-61:C>T,100034540|F|0-15:G>A-15:G>A,5891468.0,42850367.0,0.00015358296253002325
100014086|F|0-61:C>T-61:C>T,100017511|F|0-59:G>C-59:G>C,5891468.0,42850408.0,0.0002601425093183883
100014086|F|0-61:C>T-61:C>T,100050114|F|0-27:G>A-27:G>A,5891468.0,43250010.0,0.016493472050203975
100014086|F|0-61:C>T-61:C>T,100016574|F|0-9:G>A-9:G>A,5891468.0,43529057.0,0.025146827694598452
100014086|F|0-61:C>T-61:C>T,100018496|F|0-32:T>G-32:T>G,5891468.0,43881573.0,0.041888924607563785
100014086|F|0-61:C>T-61:C>T,100017598|F|0-46:C>G-46:C>G,5891468.0,45505408.0,0.040253311028558815
100014086|F|0-61:C>T-61:C>T,100021048|F|0-66:C>T-66:C>T,5891468.0,45555246.0,0.04478390827804203
100014086|F|0-61:C>T-61:C>T,100017454|F|0-9:A>G-9:A>G,5891468.0,45869241.0,0.042926219956857116
100014086|F|0-61:C>T-61:C>T,100018445|F|0-45:A>G-45:A>G,5891468.0,45885872.0,0.03715192760426922
100014086|F|0-61:C>T-61:C>T,100034159|F|0-24:A>G-24:A>G,5891468.0,46097671.0,0.015333827347606997
100014086|F|0-61:C>T-61:C>T,100017594|F|0-13:G>T-13:G>T,5891468.0,46097676.0,0.022873887906040384
100014086|F|0-61:C>T-61:C>T,100030376|F|0-12:T>C-12:T>C,5891468.0,47165949.0,0.0004944571065774482
100014086|F|0-61:C>T-61:C>T,100034945|F|0-61:G>A-61:G>A,5891468.0,47171709.0,0.0003381106472121699
100014086|F|0-61:C>T-61:C>T,100043426|F|0-30:G>A-30:G>A,5891468.0,47201903.0,1.1189155470518025e-05
100014086|F|0-61:C>T-61:C>T,100015331|F|0-40:A>G-40:A>G,5891468.0,47228518.0,7.508867615088295e-05
100014086|F|0-61:C>T-61:C>T,100033028|F|0-17:A>C-17:A>C,5891468.0,47247609.0,0.0006163961372508737
100014086|F|0-61:C>T-61:C>T,100014668|F|0-30:A>T-30:A>T,5891468.0,48841067.0,0.007422943467713067
100014086|F|0-61:C>T-61:C>T,100019661|F|0-30:A>T-30:A>T,5891468.0,48965503.0,0.0005489604732824845
100014086|F|0-61:C>T-61:C>T,100035901|F|0-29:T>A-29:T>A,5891468.0,48989476.0,6.908269780071314e-05
100014086|F|0-61:C>T-61:C>T,100043126|F|0-48:T>A-48:T>A,5891468.0,49230618.0,0.014143232297033721
100014086|F|0-61:C>T-61:C>T,100044970|F|0-28:C>T-28:C>T,5891468.0,49340094.0,0.019549518952385266
100014086|F|0-61:C>T-61:C>T,100013964|F|0-14:T>G-14:T>G,5891468.0,49356602.0,0.020016866341495826
100014086|F|0-61:C>T-61:C>T,100020795|F|0-42:T>C-42:T>C,5891468.0,49358815.0,0.023200680779060245
100014086|F|0-61:C>T-61:C>T,100016185|F|0-62:C>T-62:C>T,5891468.0,49565807.0,0.014464515280780682
100014086|F|0-61:C>T-61:C>T,100033324|F|0-45:A>T-45:A>T,5891468.0,53523372.0,0.00027585759335770825
100014086|F|0-61:C>T-61:C>T,100034432|F|0-24:T>A-24:T>A,5891468.0,53750135.0,0.0019437849326401193
100014086|F|0-61:C>T-61:C>T,100056034|F|0-41:G>T-41:G>T,5891468.0,53750140.0,0.0465072670486683
100014086|F|0-61:C>T-61:C>T,100019249|F|0-36:C>A-36:C>A,5891468.0,54407017.0,0.00010633286933535821
100014086|F|0-61:C>T-61:C>T,100013936|F|0-38:C>A-38:C>A,5891468.0,54572400.0,0.003360876720313926
100014086|F|0-61:C>T-61:C>T,100018265|F|0-5:C>T-5:C>T,5891468.0,56110897.0,0.0016817675487564654
100014086|F|0-61:C>T-61:C>T,100014526|F|0-10:T>C-10:T>C,5891468.0,56110902.0,0.00010245007459470713
100014086|F|0-61:C>T-61:C>T,100030709|F|0-39:T>A-39:T>A,5891468.0,56193250.0,0.0005089521309429337
100014086|F|0-61:C>T-61:C>T,100033311|F|0-46:C>T-46:C>T,5891468.0,57009334.0,0.0001947175297701463
100014086|F|0-61:C>T-61:C>T,100034520|F|0-31:G>A-31:G>A,5891468.0,58309310.0,0.009091357918200762
100014086|F|0-61:C>T-61:C>T,100019390|F|0-56:C>T-56:C>T,5891468.0,58491205.0,0.007556383388172793
100014086|F|0-61:C>T-61:C>T,100013048|F|0-58:C>T-58:C>T,5891468.0,58709443.0,0.01572589881156887
100014086|F|0-61:C>T-61:C>T,100041246|F|0-21:G>A-21:G>A,5891468.0,58719431.0,4.008954400549329e-07
100014086|F|0-61:C>T-61:C>T,100033981|F|0-18:C>A-18:C>A,5891468.0,58771602.0,0.0014067445586339001
100014086|F|0-61:C>T-61:C>T,100021859|F|0-23:T>A-23:T>A,5891468.0,59249203.0,0.007279094784576467
100014086|F|0-61:C>T-61:C>T,100038389|F|0-45:C>T-45:C>T,5891468.0,59686561.0,0.01395839652209077
100014086|F|0-61:C>T-61:C>T,100015287|F|0-63:T>C-63:T>C,5891468.0,61485460.0,0.0006426551655194056
100014086|F|0-61:C>T-61:C>T,100013445|F|0-24:G>T-24:G>T,5891468.0,61602864.0,0.004336311734299621
100014086|F|0-61:C>T-61:C>T,100013879|F|0-63:G>A-63:G>A,5891468.0,61606253.0,0.0032005840404596138
100014086|F|0-61:C>T-61:C>T,100040047|F|0-6:G>A-6:G>A,5891468.0,61640208.0,0.0015888662890667523
100014086|F|0-61:C>T-61:C>T,100016920|F|0-66:T>A-66:T>A,5891468.0,61641379.0,0.0029617018499078084
100014086|F|0-61:C>T-61:C>T,100017079|F|0-12:A>G-12:A>G,5891468.0,61641384.0,0.011380666916448118
100014086|F|0-61:C>T-61:C>T,100020360|F|0-56:A>G-56:A>G,5891468.0,61670176.0,0.0028462477359392974
100014086|F|0-61:C>T-61:C>T,100056174|F|0-11:G>A-11:G>A,5891468.0,61712285.0,0.04026955019575765
100014086|F|0-61:C>T-61:C>T,100013722|F|0-6:A>G-6:A>G,5891468.0,61760543.0,0.01617226178485804
100014086|F|0-61:C>T-61:C>T,100013153|F|0-63:C>A-63:C>A,5891468.0,61760548.0,0.017948947974963998
100014086|F|0-61:C>T-61:C>T,100040510|F|0-32:T>C-32:T>C,5891468.0,62326715.0,0.027833380903737475
100014086|F|0-61:C>T-61:C>T,100013356|F|0-7:G>A-7:G>A,5891468.0,62367252.0,0.0025999032038336034
100014086|F|0-61:C>T-61:C>T,100014994|F|0-36:G>A-36:G>A,5891468.0,62444541.0,0.009690887142027378
100014086|F|0-61:C>T-61:C>T,100020485|F|0-47:G>T-47:G>T,5891468.0,62444546.0,0.01514715638652676
100014086|F|0-61:C>T-61:C>T,100013478|F|0-51:G>A-51:G>A,5891468.0,62447789.0,0.019560095529259792
100014086|F|0-61:C>T-61:C>T,100013529|F|0-11:C>G-11:C>G,5891468.0,62466983.0,0.0005768919356579948
100014086|F|0-61:C>T-61:C>T,100029518|F|0-19:G>C-19:G>C,5891468.0,62476880.0,0.0011939208993175798
100014086|F|0-61:C>T-61:C>T,100044261|F|0-5:T>A-5:T>A,5891468.0,62476902.0,0.00016793840837028826
100014086|F|0-61:C>T-61:C>T,100017508|F|0-26:G>A-26:G>A,5891468.0,62494366.0,0.009690887142027354
100014086|F|0-61:C>T-61:C>T,100051794|F|0-60:T>C-60:T>C,5891468.0,62494371.0,0.0062941125839214955
100014086|F|0-61:C>T-61:C>T,100033227|F|0-6:A>G-6:A>G,5891468.0,62503297.0,0.004127723792074817
100014086|F|0-61:C>T-61:C>T,100015367|F|0-46:A>T-46:A>T,5891468.0,62730005.0,0.0005941796265211391
100014086|F|0-61:C>T-61:C>T,100016319|F|0-60:C>A-60:C>A,5891468.0,62905182.0,0.008619093467634446
100014086|F|0-61:C>T-61:C>T,100020253|F|0-17:T>C-17:T>C,5891468.0,63125496.0,0.000349009685018759
100014086|F|0-61:C>T-61:C>T,100017121|F|0-19:C>T-19:C>T,5891468.0,63306572.0,0.01837628711664161
100014086|F|0-61:C>T-61:C>T,100021507|F|0-53:A>C-53:A>C,5891468.0,63642647.0,5.9281117646672674e-05
100014086|F|0-61:C>T-61:C>T,100019105|F|0-61:T>C-61:T>C,5891468.0,63665304.0,0.0006566419331538502
100014086|F|0-61:C>T-61:C>T,100014627|F|0-15:C>G-15:C>G,5891468.0,64043609.0,0.0024734526918295985
100014086|F|0-61:C>T-61:C>T,100033689|F|0-56:C>T-56:C>T,5891468.0,64044059.0,0.0019097144893323221
100014086|F|0-61:C>T-61:C>T,100046739|F|0-18:T>G-18:T>G,5891468.0,64189766.0,0.0016466740614529602
100014086|F|0-61:C>T-61:C>T,100030110|F|0-28:T>C-28:T>C,5891468.0,64196475.0,0.0045515663786633844
100014086|F|0-61:C>T-61:C>T,100016864|F|0-56:A>G-56:A>G,5891468.0,64720414.0,0.00529353117312147
100014086|F|0-61:C>T-61:C>T,100021392|F|0-51:G>A-51:G>A,5891468.0,64886887.0,0.008129601588985002
100017244|F|0-66:T>A-66:T>A,100046635|F|0-47:T>A-47:T>A,5946296.0,6655180.0,0.06792910133667364
100017244|F|0-66:T>A-66:T>A,100022062|F|0-25:G>T-25:G>T,5946296.0,6664246.0,0.019750223709091602
100017244|F|0-66:T>A-66:T>A,100020750|F|0-37:T>C-37:T>C,5946296.0,6910475.0,0.15414758824017563
100017244|F|0-66:T>A-66:T>A,100034576|F|0-39:C>T-39:C>T,5946296.0,7042888.0,0.07483980619900832
100017244|F|0-66:T>A-66:T>A,100019346|F|0-50:A>C-50:A>C,5946296.0,7055098.0,0.07491300759394959
100017244|F|0-66:T>A-66:T>A,100040750|F|0-21:T>G-21:T>G,5946296.0,7192316.0,0.044326989465846824
100017244|F|0-66:T>A-66:T>A,100015923|F|0-54:G>A-54:G>A,5946296.0,7407875.0,0.05963870329126471
100017244|F|0-66:T>A-66:T>A,100038393|F|0-44:G>A-44:G>A,5946296.0,7824887.0,0.10861142784873506
100017244|F|0-66:T>A-66:T>A,100036149|F|0-36:T>A-36:T>A,5946296.0,8219449.0,0.008618333857105764
100017244|F|0-66:T>A-66:T>A,100036173|F|0-57:T>C-57:T>C,5946296.0,8514264.0,3.7706063637781245e-06
100017244|F|0-66:T>A-66:T>A,100033255|F|0-46:T>C-46:T>C,5946296.0,8685335.0,0.09931384912584769
100017244|F|0-66:T>A-66:T>A,100014460|F|0-15:A>T-15:A>T,5946296.0,10928744.0,0.002920214126275906
100017244|F|0-66:T>A-66:T>A,100040451|F|0-37:G>A-37:G>A,5946296.0,10932163.0,0.002808665938903087
100017244|F|0-66:T>A-66:T>A,100018823|F|0-53:T>C-53:T>C,5946296.0,11900381.0,0.05481193012430877
100017244|F|0-66:T>A-66:T>A,100016501|F|0-17:C>T-17:C>T,5946296.0,12114192.0,0.04647186863615199
100017244|F|0-66:T>A-66:T>A,100018613|F|0-47:T>C-47:T>C,5946296.0,12308528.0,0.0013750067901569967
100017244|F|0-66:T>A-66:T>A,100045000|F|0-23:G>A-23:G>A,5946296.0,12317197.0,0.002456439145814224
100017244|F|0-66:T>A-66:T>A,100015749|F|0-20:C>T-20:C>T,5946296.0,12317967.0,0.003040989198977784
100017244|F|0-66:T>A-66:T>A,100014140|F|0-33:C>G-33:C>G,5946296.0,12605038.0,0.16217564109677088
100017244|F|0-66:T>A-66:T>A,100018408|F|0-53:G>A-53:G>A,5946296.0,12747732.0,0.006166149644713129
100017244|F|0-66:T>A-66:T>A,100020066|F|0-27:G>C-27:G>C,5946296.0,13025005.0,0.01695987741726064
100017244|F|0-66:T>A-66:T>A,100034157|F|0-53:C>A-53:C>A,5946296.0,13580202.0,0.005735092279306416
100017244|F|0-66:T>A-66:T>A,100017630|F|0-52:A>T-52:A>T,5946296.0,13716601.0,1.1442516914330036e-07
100017244|F|0-66:T>A-66:T>A,100044127|F|0-8:G>A-8:G>A,5946296.0,14087087.0,0.02166303864321846
100017244|F|0-66:T>A-66:T>A,100035819|F|0-44:C>T-44:C>T,5946296.0,14553363.0,0.0016072050837516077
100017244|F|0-66:T>A-66:T>A,100034357|F|0-15:T>C-15:T>C,5946296.0,14568764.0,0.09532681305569755
100017244|F|0-66:T>A-66:T>A,100054129|F|0-61:T>A-61:T>A,5946296.0,14873218.0,9.190528853664942e-06
100017244|F|0-66:T>A-66:T>A,100022113|F|0-34:G>C-34:G>C,5946296.0,14898843.0,0.01414007322609323
100017244|F|0-66:T>A-66:T>A,100055747|F|0-35:G>C-35:G>C,5946296.0,14898843.0,0.010314944891782307
100017244|F|0-66:T>A-66:T>A,100034447|F|0-52:A>T-52:A>T,5946296.0,15211267.0,0.019872221013837878
100017244|F|0-66:T>A-66:T>A,100018930|F|0-63:C>G-63:C>G,5946296.0,15212141.0,0.014458250818294568
100017244|F|0-66:T>A-66:T>A,100014038|F|0-34:G>C-34:G>C,5946296.0,15259541.0,0.029604979195801174
100017244|F|0-66:T>A-66:T>A,100030229|F|0-11:A>T-11:A>T,5946296.0,15553876.0,0.07904866615988757
100017244|F|0-66:T>A-66:T>A,100017989|F|0-62:A>T-62:A>T,5946296.0,16021700.0,0.004949671709137186
100017244|F|0-66:T>A-66:T>A,100052450|F|0-8:A>G-8:A>G,5946296.0,22147758.0,0.007886901198202307
100017244|F|0-66:T>A-66:T>A,100034572|F|0-53:G>A-53:G>A,5946296.0,26973588.0,0.011475879643673496
100017244|F|0-66:T>A-66:T>A,100018223|F|0-41:G>A-41:G>A,5946296.0,42850086.0,0.032459170869009873
100017244|F|0-66:T>A-66:T>A,100034540|F|0-15:G>A-15:G>A,5946296.0,42850367.0,0.03926315878454809
100017244|F|0-66:T>A-66:T>A,100017511|F|0-59:G>C-59:G>C,5946296.0,42850408.0,0.049121899382636225
100017244|F|0-66:T>A-66:T>A,100050114|F|0-27:G>A-27:G>A,5946296.0,43250010.0,0.013053571365659133
100017244|F|0-66:T>A-66:T>A,100016574|F|0-9:G>A-9:G>A,5946296.0,43529057.0,0.007739661971287812
100017244|F|0-66:T>A-66:T>A,100018496|F|0-32:T>G-32:T>G,5946296.0,43881573.0,0.0006147425162401884
100017244|F|0-66:T>A-66:T>A,100017598|F|0-46:C>G-46:C>G,5946296.0,45505408.0,3.7378888586805163e-06
100017244|F|0-66:T>A-66:T>A,100021048|F|0-66:C>T-66:C>T,5946296.0,45555246.0,0.00021791401486908645
100017244|F|0-66:T>A-66:T>A,100017454|F|0-9:A>G-9:A>G,5946296.0,45869241.0,0.005336414640249687
100017244|F|0-66:T>A-66:T>A,100018445|F|0-45:A>G-45:A>G,5946296.0,45885872.0,0.002795357166750863
100017244|F|0-66:T>A-66:T>A,100034159|F|0-24:A>G-24:A>G,5946296.0,46097671.0,0.004468598223629489
100017244|F|0-66:T>A-66:T>A,100017594|F|0-13:G>T-13:G>T,5946296.0,46097676.0,0.006394884886445356
100017244|F|0-66:T>A-66:T>A,100030376|F|0-12:T>C-12:T>C,5946296.0,47165949.0,0.023408660222157915
100017244|F|0-66:T>A-66:T>A,100034945|F|0-61:G>A-61:G>A,5946296.0,47171709.0,0.023408660222157915
100017244|F|0-66:T>A-66:T>A,100043426|F|0-30:G>A-30:G>A,5946296.0,47201903.0,0.03925801379079198
100017244|F|0-66:T>A-66:T>A,100015331|F|0-40:A>G-40:A>G,5946296.0,47228518.0,0.03437001275844747
100017244|F|0-66:T>A-66:T>A,100033028|F|0-17:A>C-17:A>C,5946296.0,47247609.0,0.0437132297179714
100017244|F|0-66:T>A-66:T>A,100014668|F|0-30:A>T-30:A>T,5946296.0,48841067.0,0.015858035560392204
100017244|F|0-66:T>A-66:T>A,100019661|F|0-30:A>T-30:A>T,5946296.0,48965503.0,0.008145612771011723
100017244|F|0-66:T>A-66:T>A,100035901|F|0-29:T>A-29:T>A,5946296.0,48989476.0,0.013990863102910513
100017244|F|0-66:T>A-66:T>A,100043126|F|0-48:T>A-48:T>A,5946296.0,49230618.0,0.0020581424889789587
100017244|F|0-66:T>A-66:T>A,100044970|F|0-28:C>T-28:C>T,5946296.0,49340094.0,0.0035334932328250786
100017244|F|0-66:T>A-66:T>A,100013964|F|0-14:T>G-14:T>G,5946296.0,49356602.0,0.006058911125182881
100017244|F|0-66:T>A-66:T>A,100020795|F|0-42:T>C-42:T>C,5946296.0,49358815.0,0.0011047720942922773
100017244|F|0-66:T>A-66:T>A,100016185|F|0-62:C>T-62:C>T,5946296.0,49565807.0,0.031384728550703934
100017244|F|0-66:T>A-66:T>A,100033324|F|0-45:A>T-45:A>T,5946296.0,53523372.0,0.050904173303832075
100017244|F|0-66:T>A-66:T>A,100034432|F|0-24:T>A-24:T>A,5946296.0,53750135.0,0.029656618916925222
100017244|F|0-66:T>A-66:T>A,100056034|F|0-41:G>T-41:G>T,5946296.0,53750140.0,0.0013114550280474532
100017244|F|0-66:T>A-66:T>A,100019249|F|0-36:C>A-36:C>A,5946296.0,54407017.0,0.006198469003967613
100017244|F|0-66:T>A-66:T>A,100013936|F|0-38:C>A-38:C>A,5946296.0,54572400.0,0.018356868603510424
100017244|F|0-66:T>A-66:T>A,100018265|F|0-5:C>T-5:C>T,5946296.0,56110897.0,0.048135847550055844
100017244|F|0-66:T>A-66:T>A,100014526|F|0-10:T>C-10:T>C,5946296.0,56110902.0,0.05700148235433902
100017244|F|0-66:T>A-66:T>A,100030709|F|0-39:T>A-39:T>A,5946296.0,56193250.0,0.027032125980267736
100017244|F|0-66:T>A-66:T>A,100033311|F|0-46:C>T-46:C>T,5946296.0,57009334.0,1.0086827410348208e-05
100017244|F|0-66:T>A-66:T>A,100034520|F|0-31:G>A-31:G>A,5946296.0,58309310.0,0.0005938330261646351
100017244|F|0-66:T>A-66:T>A,100019390|F|0-56:C>T-56:C>T,5946296.0,58491205.0,0.06827353747312784
100017244|F|0-66:T>A-66:T>A,100013048|F|0-58:C>T-58:C>T,5946296.0,58709443.0,0.019839179530147952
100017244|F|0-66:T>A-66:T>A,100041246|F|0-21:G>A-21:G>A,5946296.0,58719431.0,0.0030146063274398105
100017244|F|0-66:T>A-66:T>A,100033981|F|0-18:C>A-18:C>A,5946296.0,58771602.0,0.025790383993514365
100017244|F|0-66:T>A-66:T>A,100021859|F|0-23:T>A-23:T>A,5946296.0,59249203.0,0.003108446596166267
100017244|F|0-66:T>A-66:T>A,100038389|F|0-45:C>T-45:C>T,5946296.0,59686561.0,0.054489105714050065
100017244|F|0-66:T>A-66:T>A,100015287|F|0-63:T>C-63:T>C,5946296.0,61485460.0,0.050635692670308874
100017244|F|0-66:T>A-66:T>A,100013445|F|0-24:G>T-24:G>T,5946296.0,61602864.0,0.003233639645926078
100017244|F|0-66:T>A-66:T>A,100013879|F|0-63:G>A-63:G>A,5946296.0,61606253.0,0.004689268881012805
100017244|F|0-66:T>A-66:T>A,100040047|F|0-6:G>A-6:G>A,5946296.0,61640208.0,0.09916034846789026
100017244|F|0-66:T>A-66:T>A,100016920|F|0-66:T>A-66:T>A,5946296.0,61641379.0,0.07829937419841165
100017244|F|0-66:T>A-66:T>A,100017079|F|0-12:A>G-12:A>G,5946296.0,61641384.0,0.0525859935659491
100017244|F|0-66:T>A-66:T>A,100020360|F|0-56:A>G-56:A>G,5946296.0,61670176.0,0.06155116356078144
100017244|F|0-66:T>A-66:T>A,100056174|F|0-11:G>A-11:G>A,5946296.0,61712285.0,0.07012610422072839
100017244|F|0-66:T>A-66:T>A,100013722|F|0-6:A>G-6:A>G,5946296.0,61760543.0,0.0008203084310097719
100017244|F|0-66:T>A-66:T>A,100013153|F|0-63:C>A-63:C>A,5946296.0,61760548.0,0.0001465879394923568
100017244|F|0-66:T>A-66:T>A,100040510|F|0-32:T>C-32:T>C,5946296.0,62326715.0,0.008686756734042102
100017244|F|0-66:T>A-66:T>A,100013356|F|0-7:G>A-7:G>A,5946296.0,62367252.0,0.03576854478926838
100017244|F|0-66:T>A-66:T>A,100014994|F|0-36:G>A-36:G>A,5946296.0,62444541.0,0.03594799365238912
100017244|F|0-66:T>A-66:T>A,100020485|F|0-47:G>T-47:G>T,5946296.0,62444546.0,0.06218464513464482
100017244|F|0-66:T>A-66:T>A,100013478|F|0-51:G>A-51:G>A,5946296.0,62447789.0,0.05257613465033335
100017244|F|0-66:T>A-66:T>A,100013529|F|0-11:C>G-11:C>G,5946296.0,62466983.0,2.9884363242862283e-05
100017244|F|0-66:T>A-66:T>A,100029518|F|0-19:G>C-19:G>C,5946296.0,62476880.0,0.0006691048877865645
100017244|F|0-66:T>A-66:T>A,100044261|F|0-5:T>A-5:T>A,5946296.0,62476902.0,0.00014372002166554987
100017244|F|0-66:T>A-66:T>A,100017508|F|0-26:G>A-26:G>A,5946296.0,62494366.0,0.0013657346051503838
100017244|F|0-66:T>A-66:T>A,100051794|F|0-60:T>C-60:T>C,5946296.0,62494371.0,0.003735103957821084
100017244|F|0-66:T>A-66:T>A,100033227|F|0-6:A>G-6:A>G,5946296.0,62503297.0,0.00030397429433946923
100017244|F|0-66:T>A-66:T>A,100015367|F|0-46:A>T-46:A>T,5946296.0,62730005.0,0.0747455905488598
100017244|F|0-66:T>A-66:T>A,100016319|F|0-60:C>A-60:C>A,5946296.0,62905182.0,0.0013121320419191623
100017244|F|0-66:T>A-66:T>A,100020253|F|0-17:T>C-17:T>C,5946296.0,63125496.0,0.03909245304125865
100017244|F|0-66:T>A-66:T>A,100017121|F|0-19:C>T-19:C>T,5946296.0,63306572.0,0.00035066603133062984
100017244|F|0-66:T>A-66:T>A,100021507|F|0-53:A>C-53:A>C,5946296.0,63642647.0,0.042578244657206755
100017244|F|0-66:T>A-66:T>A,100019105|F|0-61:T>C-61:T>C,5946296.0,63665304.0,0.0004783443926556944
100017244|F|0-66:T>A-66:T>A,100014627|F|0-15:C>G-15:C>G,5946296.0,64043609.0,0.0461236770904582
100017244|F|0-66:T>A-66:T>A,100033689|F|0-56:C>T-56:C>T,5946296.0,64044059.0,0.05368805285286348
100017244|F|0-66:T>A-66:T>A,100046739|F|0-18:T>G-18:T>G,5946296.0,64189766.0,0.18444338706001367
100017244|F|0-66:T>A-66:T>A,100030110|F|0-28:T>C-28:T>C,5946296.0,64196475.0,0.19128218240377526
100017244|F|0-66:T>A-66:T>A,100016864|F|0-56:A>G-56:A>G,5946296.0,64720414.0,0.10912723277370547
100017244|F|0-66:T>A-66:T>A,100021392|F|0-51:G>A-51:G>A,5946296.0,64886887.0,0.10866205012672092
100046635|F|0-47:T>A-47:T>A,100022062|F|0-25:G>T-25:G>T,6655180.0,6664246.0,0.26617905652715845
100046635|F|0-47:T>A-47:T>A,100020750|F|0-37:T>C-37:T>C,6655180.0,6910475.0,0.000898082280257507
100046635|F|0-47:T>A-47:T>A,100034576|F|0-39:C>T-39:C>T,6655180.0,7042888.0,0.015946974493709444
100046635|F|0-47:T>A-47:T>A,100019346|F|0-50:A>C-50:A>C,6655180.0,7055098.0,0.059690658503507577
100046635|F|0-47:T>A-47:T>A,100040750|F|0-21:T>G-21:T>G,6655180.0,7192316.0,0.012239946642279
100046635|F|0-47:T>A-47:T>A,100015923|F|0-54:G>A-54:G>A,6655180.0,7407875.0,0.006433573342287031
100046635|F|0-47:T>A-47:T>A,100038393|F|0-44:G>A-44:G>A,6655180.0,7824887.0,0.08220704961554487
100046635|F|0-47:T>A-47:T>A,100036149|F|0-36:T>A-36:T>A,6655180.0,8219449.0,0.009610021879960481
100046635|F|0-47:T>A-47:T>A,100036173|F|0-57:T>C-57:T>C,6655180.0,8514264.0,0.05019923642948479
100046635|F|0-47:T>A-47:T>A,100033255|F|0-46:T>C-46:T>C,6655180.0,8685335.0,0.014757339204400005
100046635|F|0-47:T>A-47:T>A,100014460|F|0-15:A>T-15:A>T,6655180.0,10928744.0,0.11450511236255345
100046635|F|0-47:T>A-47:T>A,100040451|F|0-37:G>A-37:G>A,6655180.0,10932163.0,0.11013117361126985
100046635|F|0-47:T>A-47:T>A,100018823|F|0-53:T>C-53:T>C,6655180.0,11900381.0,1.6208463968438497e-07
100046635|F|0-47:T>A-47:T>A,100016501|F|0-17:C>T-17:C>T,6655180.0,12114192.0,6.290938280862832e-06
100046635|F|0-47:T>A-47:T>A,100018613|F|0-47:T>C-47:T>C,6655180.0,12308528.0,0.0038388948449924257
100046635|F|0-47:T>A-47:T>A,100045000|F|0-23:G>A-23:G>A,6655180.0,12317197.0,0.011172650878533193
100046635|F|0-47:T>A-47:T>A,100015749|F|0-20:C>T-20:C>T,6655180.0,12317967.0,0.006321551761255712
100046635|F|0-47:T>A-47:T>A,100014140|F|0-33:C>G-33:C>G,6655180.0,12605038.0,0.011951438078691602
100046635|F|0-47:T>A-47:T>A,100018408|F|0-53:G>A-53:G>A,6655180.0,12747732.0,0.031188189600577943
100046635|F|0-47:T>A-47:T>A,100020066|F|0-27:G>C-27:G>C,6655180.0,13025005.0,9.035263342072052e-05
100046635|F|0-47:T>A-47:T>A,100034157|F|0-53:C>A-53:C>A,6655180.0,13580202.0,0.035925981467742195
100046635|F|0-47:T>A-47:T>A,100017630|F|0-52:A>T-52:A>T,6655180.0,13716601.0,0.08183562738125015
100046635|F|0-47:T>A-47:T>A,100044127|F|0-8:G>A-8:G>A,6655180.0,14087087.0,0.10815546221507176
100046635|F|0-47:T>A-47:T>A,100035819|F|0-44:C>T-44:C>T,6655180.0,14553363.0,0.007084842999566026
100046635|F|0-47:T>A-47:T>A,100034357|F|0-15:T>C-15:T>C,6655180.0,14568764.0,0.003894181833275318
100046635|F|0-47:T>A-47:T>A,100054129|F|0-61:T>A-61:T>A,6655180.0,14873218.0,0.02626001921050065
100046635|F|0-47:T>A-47:T>A,100022113|F|0-34:G>C-34:G>C,6655180.0,14898843.0,0.01412434065037302
100046635|F|0-47:T>A-47:T>A,100055747|F|0-35:G>C-35:G>C,6655180.0,14898843.0,0.01882732651963421
100046635|F|0-47:T>A-47:T>A,100034447|F|0-52:A>T-52:A>T,6655180.0,15211267.0,0.005503609183113978
100046635|F|0-47:T>A-47:T>A,100018930|F|0-63:C>G-63:C>G,6655180.0,15212141.0,0.0021036022025467884
100046635|F|0-47:T>A-47:T>A,100014038|F|0-34:G>C-34:G>C,6655180.0,15259541.0,0.004469367841460867
100046635|F|0-47:T>A-47:T>A,100030229|F|0-11:A>T-11:A>T,6655180.0,15553876.0,0.0005013299139232351
100046635|F|0-47:T>A-47:T>A,100017989|F|0-62:A>T-62:A>T,6655180.0,16021700.0,0.04632704957380278
100046635|F|0-47:T>A-47:T>A,100052450|F|0-8:A>G-8:A>G,6655180.0,22147758.0,0.004335098317728586
100046635|F|0-47:T>A-47:T>A,100034572|F|0-53:G>A-53:G>A,6655180.0,26973588.0,0.005463925629768935
100046635|F|0-47:T>A-47:T>A,100018223|F|0-41:G>A-41:G>A,6655180.0,42850086.0,0.014324802883589243
100046635|F|0-47:T>A-47:T>A,100034540|F|0-15:G>A-15:G>A,6655180.0,42850367.0,0.007628339510456062
100046635|F|0-47:T>A-47:T>A,100017511|F|0-59:G>C-59:G>C,6655180.0,42850408.0,0.012058856905698002
100046635|F|0-47:T>A-47:T>A,100050114|F|0-27:G>A-27:G>A,6655180.0,43250010.0,0.008838827981353688
100046635|F|0-47:T>A-47:T>A,100016574|F|0-9:G>A-9:G>A,6655180.0,43529057.0,0.008905055982978062
100046635|F|0-47:T>A-47:T>A,100018496|F|0-32:T>G-32:T>G,6655180.0,43881573.0,0.09405313463268983
100046635|F|0-47:T>A-47:T>A,100017598|F|0-46:C>G-46:C>G,6655180.0,45505408.0,0.0903806941106574
100046635|F|0-47:T>A-47:T>A,100021048|F|0-66:C>T-66:C>T,6655180.0,45555246.0,0.09135480238389462
100046635|F|0-47:T>A-47:T>A,100017454|F|0-9:A>G-9:A>G,6655180.0,45869241.0,0.04076233014383545
100046635|F|0-47:T>A-47:T>A,100018445|F|0-45:A>G-45:A>G,6655180.0,45885872.0,0.04511819264757874
100046635|F|0-47:T>A-47:T>A,100034159|F|0-24:A>G-24:A>G,6655180.0,46097671.0,0.01855172939510293
100046635|F|0-47:T>A-47:T>A,100017594|F|0-13:G>T-13:G>T,6655180.0,46097676.0,0.024842745306410004
100046635|F|0-47:T>A-47:T>A,100030376|F|0-12:T>C-12:T>C,6655180.0,47165949.0,0.002553773741187612
100046635|F|0-47:T>A-47:T>A,100034945|F|0-61:G>A-61:G>A,6655180.0,47171709.0,0.014111749527459212
100046635|F|0-47:T>A-47:T>A,100043426|F|0-30:G>A-30:G>A,6655180.0,47201903.0,0.04256618436460337
100046635|F|0-47:T>A-47:T>A,100015331|F|0-40:A>G-40:A>G,6655180.0,47228518.0,0.030607170844553246
100046635|F|0-47:T>A-47:T>A,100033028|F|0-17:A>C-17:A>C,6655180.0,47247609.0,0.031432277400019325
100046635|F|0-47:T>A-47:T>A,100014668|F|0-30:A>T-30:A>T,6655180.0,48841067.0,0.04185217918146583
100046635|F|0-47:T>A-47:T>A,100019661|F|0-30:A>T-30:A>T,6655180.0,48965503.0,0.004771921745412184
100046635|F|0-47:T>A-47:T>A,100035901|F|0-29:T>A-29:T>A,6655180.0,48989476.0,0.004089203017096757
100046635|F|0-47:T>A-47:T>A,100043126|F|0-48:T>A-48:T>A,6655180.0,49230618.0,0.002084446485386188
100046635|F|0-47:T>A-47:T>A,100044970|F|0-28:C>T-28:C>T,6655180.0,49340094.0,7.859273593539399e-05
100046635|F|0-47:T>A-47:T>A,100013964|F|0-14:T>G-14:T>G,6655180.0,49356602.0,0.0007487632731614427
100046635|F|0-47:T>A-47:T>A,100020795|F|0-42:T>C-42:T>C,6655180.0,49358815.0,6.737928279566409e-05
100046635|F|0-47:T>A-47:T>A,100016185|F|0-62:C>T-62:C>T,6655180.0,49565807.0,0.027222777222777224
100046635|F|0-47:T>A-47:T>A,100033324|F|0-45:A>T-45:A>T,6655180.0,53523372.0,3.4517219459936255e-05
100046635|F|0-47:T>A-47:T>A,100034432|F|0-24:T>A-24:T>A,6655180.0,53750135.0,0.0005401145844651654
100046635|F|0-47:T>A-47:T>A,100056034|F|0-41:G>T-41:G>T,6655180.0,53750140.0,0.018497188140045282
100046635|F|0-47:T>A-47:T>A,100019249|F|0-36:C>A-36:C>A,6655180.0,54407017.0,0.008734091515548466
100046635|F|0-47:T>A-47:T>A,100013936|F|0-38:C>A-38:C>A,6655180.0,54572400.0,0.005820142469138017
100046635|F|0-47:T>A-47:T>A,100018265|F|0-5:C>T-5:C>T,6655180.0,56110897.0,0.06153313606643747
100046635|F|0-47:T>A-47:T>A,100014526|F|0-10:T>C-10:T>C,6655180.0,56110902.0,0.04752293054637118
100046635|F|0-47:T>A-47:T>A,100030709|F|0-39:T>A-39:T>A,6655180.0,56193250.0,0.015448076949674391
100046635|F|0-47:T>A-47:T>A,100033311|F|0-46:C>T-46:C>T,6655180.0,57009334.0,0.1120635478651782
100046635|F|0-47:T>A-47:T>A,100034520|F|0-31:G>A-31:G>A,6655180.0,58309310.0,1.281683391448167e-05
100046635|F|0-47:T>A-47:T>A,100019390|F|0-56:C>T-56:C>T,6655180.0,58491205.0,0.010018417601355994
100046635|F|0-47:T>A-47:T>A,100013048|F|0-58:C>T-58:C>T,6655180.0,58709443.0,0.039463302948780185
100046635|F|0-47:T>A-47:T>A,100041246|F|0-21:G>A-21:G>A,6655180.0,58719431.0,0.003341195561739361
100046635|F|0-47:T>A-47:T>A,100033981|F|0-18:C>A-18:C>A,6655180.0,58771602.0,0.009610021879960554
100046635|F|0-47:T>A-47:T>A,100021859|F|0-23:T>A-23:T>A,6655180.0,59249203.0,0.004312149140784526
100046635|F|0-47:T>A-47:T>A,100038389|F|0-45:C>T-45:C>T,6655180.0,59686561.0,0.0022913594342165743
100046635|F|0-47:T>A-47:T>A,100015287|F|0-63:T>C-63:T>C,6655180.0,61485460.0,0.06056723545512779
100046635|F|0-47:T>A-47:T>A,100013445|F|0-24:G>T-24:G>T,6655180.0,61602864.0,0.014367552353418057
100046635|F|0-47:T>A-47:T>A,100013879|F|0-63:G>A-63:G>A,6655180.0,61606253.0,0.020743376225103832
100046635|F|0-47:T>A-47:T>A,100040047|F|0-6:G>A-6:G>A,6655180.0,61640208.0,0.08215342571595446
100046635|F|0-47:T>A-47:T>A,100016920|F|0-66:T>A-66:T>A,6655180.0,61641379.0,0.06346562276323141
100046635|F|0-47:T>A-47:T>A,100017079|F|0-12:A>G-12:A>G,6655180.0,61641384.0,0.04655271199388835
100046635|F|0-47:T>A-47:T>A,100020360|F|0-56:A>G-56:A>G,6655180.0,61670176.0,0.07207585192812943
100046635|F|0-47:T>A-47:T>A,100056174|F|0-11:G>A-11:G>A,6655180.0,61712285.0,0.00021781544143929462
100046635|F|0-47:T>A-47:T>A,100013722|F|0-6:A>G-6:A>G,6655180.0,61760543.0,0.0020697565240995167
100046635|F|0-47:T>A-47:T>A,100013153|F|0-63:C>A-63:C>A,6655180.0,61760548.0,0.004781783763365561
100046635|F|0-47:T>A-47:T>A,100040510|F|0-32:T>C-32:T>C,6655180.0,62326715.0,0.05773118391042913
100046635|F|0-47:T>A-47:T>A,100013356|F|0-7:G>A-7:G>A,6655180.0,62367252.0,0.010529807903166242
100046635|F|0-47:T>A-47:T>A,100014994|F|0-36:G>A-36:G>A,6655180.0,62444541.0,0.01748657061640063
100046635|F|0-47:T>A-47:T>A,100020485|F|0-47:G>T-47:G>T,6655180.0,62444546.0,0.023932516817054574
100046635|F|0-47:T>A-47:T>A,100013478|F|0-51:G>A-51:G>A,6655180.0,62447789.0,0.027715755460703928
100046635|F|0-47:T>A-47:T>A,100013529|F|0-11:C>G-11:C>G,6655180.0,62466983.0,0.03892717452039495
100046635|F|0-47:T>A-47:T>A,100029518|F|0-19:G>C-19:G>C,6655180.0,62476880.0,0.034706314582239765
100046635|F|0-47:T>A-47:T>A,100044261|F|0-5:T>A-5:T>A,6655180.0,62476902.0,0.033180384146143695
100046635|F|0-47:T>A-47:T>A,100017508|F|0-26:G>A-26:G>A,6655180.0,62494366.0,0.002378031551138204
100046635|F|0-47:T>A-47:T>A,100051794|F|0-60:T>C-60:T>C,6655180.0,62494371.0,0.00915923992847067
100046635|F|0-47:T>A-47:T>A,100033227|F|0-6:A>G-6:A>G,6655180.0,62503297.0,0.009207541050675488
100046635|F|0-47:T>A-47:T>A,100015367|F|0-46:A>T-46:A>T,6655180.0,62730005.0,0.061494061494061544
100046635|F|0-47:T>A-47:T>A,100016319|F|0-60:C>A-60:C>A,6655180.0,62905182.0,0.010814766628720126
100046635|F|0-47:T>A-47:T>A,100020253|F|0-17:T>C-17:T>C,6655180.0,63125496.0,0.007006691938198783
100046635|F|0-47:T>A-47:T>A,100017121|F|0-19:C>T-19:C>T,6655180.0,63306572.0,0.0002636723441509596
100046635|F|0-47:T>A-47:T>A,100021507|F|0-53:A>C-53:A>C,6655180.0,63642647.0,0.0004049724835660728
100046635|F|0-47:T>A-47:T>A,100019105|F|0-61:T>C-61:T>C,6655180.0,63665304.0,0.0021756593921542374
100046635|F|0-47:T>A-47:T>A,100014627|F|0-15:C>G-15:C>G,6655180.0,64043609.0,0.00011643676545340693
100046635|F|0-47:T>A-47:T>A,100033689|F|0-56:C>T-56:C>T,6655180.0,64044059.0,0.0007410795997209611
100046635|F|0-47:T>A-47:T>A,100046739|F|0-18:T>G-18:T>G,6655180.0,64189766.0,0.005455944414651768
100046635|F|0-47:T>A-47:T>A,100030110|F|0-28:T>C-28:T>C,6655180.0,64196475.0,0.02363874795898972
100046635|F|0-47:T>A-47:T>A,100016864|F|0-56:A>G-56:A>G,6655180.0,64720414.0,0.009869447583388103
100046635|F|0-47:T>A-47:T>A,100021392|F|0-51:G>A-51:G>A,6655180.0,64886887.0,0.016689818843331834
100022062|F|0-25:G>T-25:G>T,100020750|F|0-37:T>C-37:T>C,6664246.0,6910475.0,0.0025766467593831967
100022062|F|0-25:G>T-25:G>T,100034576|F|0-39:C>T-39:C>T,6664246.0,7042888.0,0.0068435589027495015
100022062|F|0-25:G>T-25:G>T,100019346|F|0-50:A>C-50:A>C,6664246.0,7055098.0,0.00035358178346651486
100022062|F|0-25:G>T-25:G>T,100040750|F|0-21:T>G-21:T>G,6664246.0,7192316.0,0.00922611359191055
100022062|F|0-25:G>T-25:G>T,100015923|F|0-54:G>A-54:G>A,6664246.0,7407875.0,0.011450424372584114
100022062|F|0-25:G>T-25:G>T,100038393|F|0-44:G>A-44:G>A,6664246.0,7824887.0,0.028886413425843718
100022062|F|0-25:G>T-25:G>T,100036149|F|0-36:T>A-36:T>A,6664246.0,8219449.0,0.007701338734867557
100022062|F|0-25:G>T-25:G>T,100036173|F|0-57:T>C-57:T>C,6664246.0,8514264.0,0.003432437066034234
100022062|F|0-25:G>T-25:G>T,100033255|F|0-46:T>C-46:T>C,6664246.0,8685335.0,0.032765978737243
100022062|F|0-25:G>T-25:G>T,100014460|F|0-15:A>T-15:A>T,6664246.0,10928744.0,0.08477890436476009
100022062|F|0-25:G>T-25:G>T,100040451|F|0-37:G>A-37:G>A,6664246.0,10932163.0,0.08154046612002674
100022062|F|0-25:G>T-25:G>T,100018823|F|0-53:T>C-53:T>C,6664246.0,11900381.0,0.003680558954461672
100022062|F|0-25:G>T-25:G>T,100016501|F|0-17:C>T-17:C>T,6664246.0,12114192.0,0.03858049293753792
100022062|F|0-25:G>T-25:G>T,100018613|F|0-47:T>C-47:T>C,6664246.0,12308528.0,0.0027175311310075143
100022062|F|0-25:G>T-25:G>T,100045000|F|0-23:G>A-23:G>A,6664246.0,12317197.0,0.023827252419955345
100022062|F|0-25:G>T-25:G>T,100015749|F|0-20:C>T-20:C>T,6664246.0,12317967.0,0.0075463807436716565
100022062|F|0-25:G>T-25:G>T,100014140|F|0-33:C>G-33:C>G,6664246.0,12605038.0,0.02821629921949763
100022062|F|0-25:G>T-25:G>T,100018408|F|0-53:G>A-53:G>A,6664246.0,12747732.0,0.025617940181083047
100022062|F|0-25:G>T-25:G>T,100020066|F|0-27:G>C-27:G>C,6664246.0,13025005.0,0.0006236954964122902
100022062|F|0-25:G>T-25:G>T,100034157|F|0-53:C>A-53:C>A,6664246.0,13580202.0,0.006250634975061369
100022062|F|0-25:G>T-25:G>T,100017630|F|0-52:A>T-52:A>T,6664246.0,13716601.0,0.03148959628594861
100022062|F|0-25:G>T-25:G>T,100044127|F|0-8:G>A-8:G>A,6664246.0,14087087.0,0.318177465261066
100022062|F|0-25:G>T-25:G>T,100035819|F|0-44:C>T-44:C>T,6664246.0,14553363.0,0.006837703435804699
100022062|F|0-25:G>T-25:G>T,100034357|F|0-15:T>C-15:T>C,6664246.0,14568764.0,0.030182074084698862
100022062|F|0-25:G>T-25:G>T,100054129|F|0-61:T>A-61:T>A,6664246.0,14873218.0,0.020197689288194744
100022062|F|0-25:G>T-25:G>T,100022113|F|0-34:G>C-34:G>C,6664246.0,14898843.0,0.009014852522681553
100022062|F|0-25:G>T-25:G>T,100055747|F|0-35:G>C-35:G>C,6664246.0,14898843.0,0.007108419885318632
100022062|F|0-25:G>T-25:G>T,100034447|F|0-52:A>T-52:A>T,6664246.0,15211267.0,0.00910142639636138
100022062|F|0-25:G>T-25:G>T,100018930|F|0-63:C>G-63:C>G,6664246.0,15212141.0,0.011022603713228617
100022062|F|0-25:G>T-25:G>T,100014038|F|0-34:G>C-34:G>C,6664246.0,15259541.0,0.0062923167500736395
100022062|F|0-25:G>T-25:G>T,100030229|F|0-11:A>T-11:A>T,6664246.0,15553876.0,0.0038427458896735183
100022062|F|0-25:G>T-25:G>T,100017989|F|0-62:A>T-62:A>T,6664246.0,16021700.0,0.00016781741465285712
100022062|F|0-25:G>T-25:G>T,100052450|F|0-8:A>G-8:A>G,6664246.0,22147758.0,4.4206659151534085e-05
100022062|F|0-25:G>T-25:G>T,100034572|F|0-53:G>A-53:G>A,6664246.0,26973588.0,0.034983205738634754
100022062|F|0-25:G>T-25:G>T,100018223|F|0-41:G>A-41:G>A,6664246.0,42850086.0,0.0027044759877738436
100022062|F|0-25:G>T-25:G>T,100034540|F|0-15:G>A-15:G>A,6664246.0,42850367.0,0.0020517690148965304
100022062|F|0-25:G>T-25:G>T,100017511|F|0-59:G>C-59:G>C,6664246.0,42850408.0,0.001332982389059875
100022062|F|0-25:G>T-25:G>T,100050114|F|0-27:G>A-27:G>A,6664246.0,43250010.0,0.030729001519260984
100022062|F|0-25:G>T-25:G>T,100016574|F|0-9:G>A-9:G>A,6664246.0,43529057.0,0.022948746050011834
100022062|F|0-25:G>T-25:G>T,100018496|F|0-32:T>G-32:T>G,6664246.0,43881573.0,0.051553312904029196
100022062|F|0-25:G>T-25:G>T,100017598|F|0-46:C>G-46:C>G,6664246.0,45505408.0,0.04954033932166884
100022062|F|0-25:G>T-25:G>T,100021048|F|0-66:C>T-66:C>T,6664246.0,45555246.0,0.05541478643706344
100022062|F|0-25:G>T-25:G>T,100017454|F|0-9:A>G-9:A>G,6664246.0,45869241.0,0.0038208485212924215
100022062|F|0-25:G>T-25:G>T,100018445|F|0-45:A>G-45:A>G,6664246.0,45885872.0,0.0019839520391974636
100022062|F|0-25:G>T-25:G>T,100034159|F|0-24:A>G-24:A>G,6664246.0,46097671.0,0.015866560475375525
100022062|F|0-25:G>T-25:G>T,100017594|F|0-13:G>T-13:G>T,6664246.0,46097676.0,0.01573139249285002
100022062|F|0-25:G>T-25:G>T,100030376|F|0-12:T>C-12:T>C,6664246.0,47165949.0,0.018144235186035806
100022062|F|0-25:G>T-25:G>T,100034945|F|0-61:G>A-61:G>A,6664246.0,47171709.0,0.01814423518603582
100022062|F|0-25:G>T-25:G>T,100043426|F|0-30:G>A-30:G>A,6664246.0,47201903.0,0.03881234221997379
100022062|F|0-25:G>T-25:G>T,100015331|F|0-40:A>G-40:A>G,6664246.0,47228518.0,0.022171524942880945
100022062|F|0-25:G>T-25:G>T,100033028|F|0-17:A>C-17:A>C,6664246.0,47247609.0,0.020446743190720363
100022062|F|0-25:G>T-25:G>T,100014668|F|0-30:A>T-30:A>T,6664246.0,48841067.0,0.0666913528076396
100022062|F|0-25:G>T-25:G>T,100019661|F|0-30:A>T-30:A>T,6664246.0,48965503.0,0.009172433745055414
100022062|F|0-25:G>T-25:G>T,100035901|F|0-29:T>A-29:T>A,6664246.0,48989476.0,0.017113827973002125
100022062|F|0-25:G>T-25:G>T,100043126|F|0-48:T>A-48:T>A,6664246.0,49230618.0,0.009962172902162794
100022062|F|0-25:G>T-25:G>T,100044970|F|0-28:C>T-28:C>T,6664246.0,49340094.0,2.76622112065148e-05
100022062|F|0-25:G>T-25:G>T,100013964|F|0-14:T>G-14:T>G,6664246.0,49356602.0,0.0008459865282707742
100022062|F|0-25:G>T-25:G>T,100020795|F|0-42:T>C-42:T>C,6664246.0,49358815.0,0.0004651126772969837
100022062|F|0-25:G>T-25:G>T,100016185|F|0-62:C>T-62:C>T,6664246.0,49565807.0,0.012668263819891567
100022062|F|0-25:G>T-25:G>T,100033324|F|0-45:A>T-45:A>T,6664246.0,53523372.0,0.001382285449277305
100022062|F|0-25:G>T-25:G>T,100034432|F|0-24:T>A-24:T>A,6664246.0,53750135.0,0.001893795938614352
100022062|F|0-25:G>T-25:G>T,100056034|F|0-41:G>T-41:G>T,6664246.0,53750140.0,0.00017954210992185808
100022062|F|0-25:G>T-25:G>T,100019249|F|0-36:C>A-36:C>A,6664246.0,54407017.0,0.03961721435158029
100022062|F|0-25:G>T-25:G>T,100013936|F|0-38:C>A-38:C>A,6664246.0,54572400.0,0.005010940953385569
100022062|F|0-25:G>T-25:G>T,100018265|F|0-5:C>T-5:C>T,6664246.0,56110897.0,0.15552434712983543
100022062|F|0-25:G>T-25:G>T,100014526|F|0-10:T>C-10:T>C,6664246.0,56110902.0,0.17392247431364782
100022062|F|0-25:G>T-25:G>T,100030709|F|0-39:T>A-39:T>A,6664246.0,56193250.0,0.011337134845850064
100022062|F|0-25:G>T-25:G>T,100033311|F|0-46:C>T-46:C>T,6664246.0,57009334.0,0.028380209288815524
100022062|F|0-25:G>T-25:G>T,100034520|F|0-31:G>A-31:G>A,6664246.0,58309310.0,0.029841619274750736
100022062|F|0-25:G>T-25:G>T,100019390|F|0-56:C>T-56:C>T,6664246.0,58491205.0,0.0077055878843628675
100022062|F|0-25:G>T-25:G>T,100013048|F|0-58:C>T-58:C>T,6664246.0,58709443.0,0.02367071099672592
100022062|F|0-25:G>T-25:G>T,100041246|F|0-21:G>A-21:G>A,6664246.0,58719431.0,0.003878060629752849
100022062|F|0-25:G>T-25:G>T,100033981|F|0-18:C>A-18:C>A,6664246.0,58771602.0,0.0014765775327241612
100022062|F|0-25:G>T-25:G>T,100021859|F|0-23:T>A-23:T>A,6664246.0,59249203.0,0.0013086662181703305
100022062|F|0-25:G>T-25:G>T,100038389|F|0-45:C>T-45:C>T,6664246.0,59686561.0,0.026256892818074255
100022062|F|0-25:G>T-25:G>T,100015287|F|0-63:T>C-63:T>C,6664246.0,61485460.0,0.07883799108184639
100022062|F|0-25:G>T-25:G>T,100013445|F|0-24:G>T-24:G>T,6664246.0,61602864.0,0.0032805203109805827
100022062|F|0-25:G>T-25:G>T,100013879|F|0-63:G>A-63:G>A,6664246.0,61606253.0,0.0019741975879744504
100022062|F|0-25:G>T-25:G>T,100040047|F|0-6:G>A-6:G>A,6664246.0,61640208.0,0.10748111131231383
100022062|F|0-25:G>T-25:G>T,100016920|F|0-66:T>A-66:T>A,6664246.0,61641379.0,0.10346410739615741
100022062|F|0-25:G>T-25:G>T,100017079|F|0-12:A>G-12:A>G,6664246.0,61641384.0,0.16670975703924368
100022062|F|0-25:G>T-25:G>T,100020360|F|0-56:A>G-56:A>G,6664246.0,61670176.0,0.06985139437885331
100022062|F|0-25:G>T-25:G>T,100056174|F|0-11:G>A-11:G>A,6664246.0,61712285.0,0.0031000400005161298
100022062|F|0-25:G>T-25:G>T,100013722|F|0-6:A>G-6:A>G,6664246.0,61760543.0,0.004288323168535178
100022062|F|0-25:G>T-25:G>T,100013153|F|0-63:C>A-63:C>A,6664246.0,61760548.0,0.005635021858947689
100022062|F|0-25:G>T-25:G>T,100040510|F|0-32:T>C-32:T>C,6664246.0,62326715.0,0.12242133389061355
100022062|F|0-25:G>T-25:G>T,100013356|F|0-7:G>A-7:G>A,6664246.0,62367252.0,0.007471128447895977
100022062|F|0-25:G>T-25:G>T,100014994|F|0-36:G>A-36:G>A,6664246.0,62444541.0,0.05000929313481889
100022062|F|0-25:G>T-25:G>T,100020485|F|0-47:G>T-47:G>T,6664246.0,62444546.0,0.055089169160779945
100022062|F|0-25:G>T-25:G>T,100013478|F|0-51:G>A-51:G>A,6664246.0,62447789.0,0.03209625121919962
100022062|F|0-25:G>T-25:G>T,100013529|F|0-11:C>G-11:C>G,6664246.0,62466983.0,0.012483909032396462
100022062|F|0-25:G>T-25:G>T,100029518|F|0-19:G>C-19:G>C,6664246.0,62476880.0,0.009429608239696208
100022062|F|0-25:G>T-25:G>T,100044261|F|0-5:T>A-5:T>A,6664246.0,62476902.0,0.015420616574610147
100022062|F|0-25:G>T-25:G>T,100017508|F|0-26:G>A-26:G>A,6664246.0,62494366.0,0.0395480628976755
100022062|F|0-25:G>T-25:G>T,100051794|F|0-60:T>C-60:T>C,6664246.0,62494371.0,0.06322534803547472
100022062|F|0-25:G>T-25:G>T,100033227|F|0-6:A>G-6:A>G,6664246.0,62503297.0,0.05437517514007824
100022062|F|0-25:G>T-25:G>T,100015367|F|0-46:A>T-46:A>T,6664246.0,62730005.0,0.06324381968527362
100022062|F|0-25:G>T-25:G>T,100016319|F|0-60:C>A-60:C>A,6664246.0,62905182.0,7.768292284041523e-05
100022062|F|0-25:G>T-25:G>T,100020253|F|0-17:T>C-17:T>C,6664246.0,63125496.0,8.670019074041934e-05
100022062|F|0-25:G>T-25:G>T,100017121|F|0-19:C>T-19:C>T,6664246.0,63306572.0,0.007028738095163065
100022062|F|0-25:G>T-25:G>T,100021507|F|0-53:A>C-53:A>C,6664246.0,63642647.0,0.004712655464360474
100022062|F|0-25:G>T-25:G>T,100019105|F|0-61:T>C-61:T>C,6664246.0,63665304.0,0.0028319703626372024
100022062|F|0-25:G>T-25:G>T,100014627|F|0-15:C>G-15:C>G,6664246.0,64043609.0,0.0034407264845419563
100022062|F|0-25:G>T-25:G>T,100033689|F|0-56:C>T-56:C>T,6664246.0,64044059.0,0.008769008769008746
100022062|F|0-25:G>T-25:G>T,100046739|F|0-18:T>G-18:T>G,6664246.0,64189766.0,0.001728417506887149
100022062|F|0-25:G>T-25:G>T,100030110|F|0-28:T>C-28:T>C,6664246.0,64196475.0,0.00566093455878917
100022062|F|0-25:G>T-25:G>T,100016864|F|0-56:A>G-56:A>G,6664246.0,64720414.0,0.006249718044721428
100022062|F|0-25:G>T-25:G>T,100021392|F|0-51:G>A-51:G>A,6664246.0,64886887.0,0.026817090570425743
100020750|F|0-37:T>C-37:T>C,100034576|F|0-39:C>T-39:C>T,6910475.0,7042888.0,0.2659364994784232
100020750|F|0-37:T>C-37:T>C,100019346|F|0-50:A>C-50:A>C,6910475.0,7055098.0,0.032501867120120174
100020750|F|0-37:T>C-37:T>C,100040750|F|0-21:T>G-21:T>G,6910475.0,7192316.0,0.002664423559669879
100020750|F|0-37:T>C-37:T>C,100015923|F|0-54:G>A-54:G>A,6910475.0,7407875.0,0.009449053122897615
100020750|F|0-37:T>C-37:T>C,100038393|F|0-44:G>A-44:G>A,6910475.0,7824887.0,0.030533833991123558
100020750|F|0-37:T>C-37:T>C,100036149|F|0-36:T>A-36:T>A,6910475.0,8219449.0,0.013736492873426829
100020750|F|0-37:T>C-37:T>C,100036173|F|0-57:T>C-57:T>C,6910475.0,8514264.0,0.03652741879385959
100020750|F|0-37:T>C-37:T>C,100033255|F|0-46:T>C-46:T>C,6910475.0,8685335.0,0.005892740066429175
100020750|F|0-37:T>C-37:T>C,100014460|F|0-15:A>T-15:A>T,6910475.0,10928744.0,0.016522258548131243
100020750|F|0-37:T>C-37:T>C,100040451|F|0-37:G>A-37:G>A,6910475.0,10932163.0,0.007928273851824054
100020750|F|0-37:T>C-37:T>C,100018823|F|0-53:T>C-53:T>C,6910475.0,11900381.0,0.038292310168804286
100020750|F|0-37:T>C-37:T>C,100016501|F|0-17:C>T-17:C>T,6910475.0,12114192.0,0.04202591947156544
100020750|F|0-37:T>C-37:T>C,100018613|F|0-47:T>C-47:T>C,6910475.0,12308528.0,0.027403140581632443
100020750|F|0-37:T>C-37:T>C,100045000|F|0-23:G>A-23:G>A,6910475.0,12317197.0,5.553580948995952e-06
100020750|F|0-37:T>C-37:T>C,100015749|F|0-20:C>T-20:C>T,6910475.0,12317967.0,0.03132488751254424
100020750|F|0-37:T>C-37:T>C,100014140|F|0-33:C>G-33:C>G,6910475.0,12605038.0,0.11973956918640888
100020750|F|0-37:T>C-37:T>C,100018408|F|0-53:G>A-53:G>A,6910475.0,12747732.0,0.0060189040920371195
100020750|F|0-37:T>C-37:T>C,100020066|F|0-27:G>C-27:G>C,6910475.0,13025005.0,0.04508491092693981
100020750|F|0-37:T>C-37:T>C,100034157|F|0-53:C>A-53:C>A,6910475.0,13580202.0,0.0004032708360328206
100020750|F|0-37:T>C-37:T>C,100017630|F|0-52:A>T-52:A>T,6910475.0,13716601.0,0.01561818984432339
100020750|F|0-37:T>C-37:T>C,100044127|F|0-8:G>A-8:G>A,6910475.0,14087087.0,0.01050270055858638
100020750|F|0-37:T>C-37:T>C,100035819|F|0-44:C>T-44:C>T,6910475.0,14553363.0,0.05799002272467028
100020750|F|0-37:T>C-37:T>C,100034357|F|0-15:T>C-15:T>C,6910475.0,14568764.0,0.114970694293482
100020750|F|0-37:T>C-37:T>C,100054129|F|0-61:T>A-61:T>A,6910475.0,14873218.0,0.016182180005568543
100020750|F|0-37:T>C-37:T>C,100022113|F|0-34:G>C-34:G>C,6910475.0,14898843.0,0.007689994684515129
100020750|F|0-37:T>C-37:T>C,100055747|F|0-35:G>C-35:G>C,6910475.0,14898843.0,0.01423425517081107
100020750|F|0-37:T>C-37:T>C,100034447|F|0-52:A>T-52:A>T,6910475.0,15211267.0,0.0006004895340284362
100020750|F|0-37:T>C-37:T>C,100018930|F|0-63:C>G-63:C>G,6910475.0,15212141.0,1.2455260703560375e-07
100020750|F|0-37:T>C-37:T>C,100014038|F|0-34:G>C-34:G>C,6910475.0,15259541.0,0.0026698517529684536
100020750|F|0-37:T>C-37:T>C,100030229|F|0-11:A>T-11:A>T,6910475.0,15553876.0,0.11651952099688664
100020750|F|0-37:T>C-37:T>C,100017989|F|0-62:A>T-62:A>T,6910475.0,16021700.0,0.050680248754266875
100020750|F|0-37:T>C-37:T>C,100052450|F|0-8:A>G-8:A>G,6910475.0,22147758.0,0.002617266273342679
100020750|F|0-37:T>C-37:T>C,100034572|F|0-53:G>A-53:G>A,6910475.0,26973588.0,0.015159641662420273
100020750|F|0-37:T>C-37:T>C,100018223|F|0-41:G>A-41:G>A,6910475.0,42850086.0,3.8194033328115e-06
100020750|F|0-37:T>C-37:T>C,100034540|F|0-15:G>A-15:G>A,6910475.0,42850367.0,0.00022012341581964694
100020750|F|0-37:T>C-37:T>C,100017511|F|0-59:G>C-59:G>C,6910475.0,42850408.0,0.001232040846229927
100020750|F|0-37:T>C-37:T>C,100050114|F|0-27:G>A-27:G>A,6910475.0,43250010.0,0.021271215026178035
100020750|F|0-37:T>C-37:T>C,100016574|F|0-9:G>A-9:G>A,6910475.0,43529057.0,0.010273619884647063
100020750|F|0-37:T>C-37:T>C,100018496|F|0-32:T>G-32:T>G,6910475.0,43881573.0,0.00025201808295364445
100020750|F|0-37:T>C-37:T>C,100017598|F|0-46:C>G-46:C>G,6910475.0,45505408.0,0.0004781078523772501
100020750|F|0-37:T>C-37:T>C,100021048|F|0-66:C>T-66:C>T,6910475.0,45555246.0,7.936580816037924e-05
100020750|F|0-37:T>C-37:T>C,100017454|F|0-9:A>G-9:A>G,6910475.0,45869241.0,0.0549698066610388
100020750|F|0-37:T>C-37:T>C,100018445|F|0-45:A>G-45:A>G,6910475.0,45885872.0,0.05174242115356039
100020750|F|0-37:T>C-37:T>C,100034159|F|0-24:A>G-24:A>G,6910475.0,46097671.0,0.02651770222885504
100020750|F|0-37:T>C-37:T>C,100017594|F|0-13:G>T-13:G>T,6910475.0,46097676.0,0.04738310561357046
100020750|F|0-37:T>C-37:T>C,100030376|F|0-12:T>C-12:T>C,6910475.0,47165949.0,0.005714481735029914
100020750|F|0-37:T>C-37:T>C,100034945|F|0-61:G>A-61:G>A,6910475.0,47171709.0,0.0012979435515767003
100020750|F|0-37:T>C-37:T>C,100043426|F|0-30:G>A-30:G>A,6910475.0,47201903.0,0.0013137084757996356
100020750|F|0-37:T>C-37:T>C,100015331|F|0-40:A>G-40:A>G,6910475.0,47228518.0,0.0004975348181496315
100020750|F|0-37:T>C-37:T>C,100033028|F|0-17:A>C-17:A>C,6910475.0,47247609.0,0.003415034272163213
100020750|F|0-37:T>C-37:T>C,100014668|F|0-30:A>T-30:A>T,6910475.0,48841067.0,0.0037976380948888003
100020750|F|0-37:T>C-37:T>C,100019661|F|0-30:A>T-30:A>T,6910475.0,48965503.0,0.00018395521225901036
100020750|F|0-37:T>C-37:T>C,100035901|F|0-29:T>A-29:T>A,6910475.0,48989476.0,0.0026359540502683865
100020750|F|0-37:T>C-37:T>C,100043126|F|0-48:T>A-48:T>A,6910475.0,49230618.0,0.05570197332778154
100020750|F|0-37:T>C-37:T>C,100044970|F|0-28:C>T-28:C>T,6910475.0,49340094.0,0.006550992436566458
100020750|F|0-37:T>C-37:T>C,100013964|F|0-14:T>G-14:T>G,6910475.0,49356602.0,0.011784098972573803
100020750|F|0-37:T>C-37:T>C,100020795|F|0-42:T>C-42:T>C,6910475.0,49358815.0,0.00894343248576236
100020750|F|0-37:T>C-37:T>C,100016185|F|0-62:C>T-62:C>T,6910475.0,49565807.0,3.507927048975881e-05
100020750|F|0-37:T>C-37:T>C,100033324|F|0-45:A>T-45:A>T,6910475.0,53523372.0,0.022327167834415365
100020750|F|0-37:T>C-37:T>C,100034432|F|0-24:T>A-24:T>A,6910475.0,53750135.0,0.00770480480576284
100020750|F|0-37:T>C-37:T>C,100056034|F|0-41:G>T-41:G>T,6910475.0,53750140.0,0.000623740580783632
100020750|F|0-37:T>C-37:T>C,100019249|F|0-36:C>A-36:C>A,6910475.0,54407017.0,0.00020028444142107207
100020750|F|0-37:T>C-37:T>C,100013936|F|0-38:C>A-38:C>A,6910475.0,54572400.0,0.000147991155723997
100020750|F|0-37:T>C-37:T>C,100018265|F|0-5:C>T-5:C>T,6910475.0,56110897.0,0.02925718502847478
100020750|F|0-37:T>C-37:T>C,100014526|F|0-10:T>C-10:T>C,6910475.0,56110902.0,0.03559039133086217
100020750|F|0-37:T>C-37:T>C,100030709|F|0-39:T>A-39:T>A,6910475.0,56193250.0,0.014877304067771551
100020750|F|0-37:T>C-37:T>C,100033311|F|0-46:C>T-46:C>T,6910475.0,57009334.0,0.00010390327400499157
100020750|F|0-37:T>C-37:T>C,100034520|F|0-31:G>A-31:G>A,6910475.0,58309310.0,0.00027562861627974646
100020750|F|0-37:T>C-37:T>C,100019390|F|0-56:C>T-56:C>T,6910475.0,58491205.0,0.0027317071097206487
100020750|F|0-37:T>C-37:T>C,100013048|F|0-58:C>T-58:C>T,6910475.0,58709443.0,0.060558896716851836
100020750|F|0-37:T>C-37:T>C,100041246|F|0-21:G>A-21:G>A,6910475.0,58719431.0,0.010416666666666683
100020750|F|0-37:T>C-37:T>C,100033981|F|0-18:C>A-18:C>A,6910475.0,58771602.0,0.02351714107649246
100020750|F|0-37:T>C-37:T>C,100021859|F|0-23:T>A-23:T>A,6910475.0,59249203.0,0.0043585632920982165
100020750|F|0-37:T>C-37:T>C,100038389|F|0-45:C>T-45:C>T,6910475.0,59686561.0,0.04589417589795243
100020750|F|0-37:T>C-37:T>C,100015287|F|0-63:T>C-63:T>C,6910475.0,61485460.0,0.009352180510208221
100020750|F|0-37:T>C-37:T>C,100013445|F|0-24:G>T-24:G>T,6910475.0,61602864.0,0.008631311405990346
100020750|F|0-37:T>C-37:T>C,100013879|F|0-63:G>A-63:G>A,6910475.0,61606253.0,0.007905734660898708
100020750|F|0-37:T>C-37:T>C,100040047|F|0-6:G>A-6:G>A,6910475.0,61640208.0,0.01400648738214107
100020750|F|0-37:T>C-37:T>C,100016920|F|0-66:T>A-66:T>A,6910475.0,61641379.0,0.018258507137494502
100020750|F|0-37:T>C-37:T>C,100017079|F|0-12:A>G-12:A>G,6910475.0,61641384.0,0.0035579941946567236
100020750|F|0-37:T>C-37:T>C,100020360|F|0-56:A>G-56:A>G,6910475.0,61670176.0,0.012942619262205154
100020750|F|0-37:T>C-37:T>C,100056174|F|0-11:G>A-11:G>A,6910475.0,61712285.0,0.02631475806563372
100020750|F|0-37:T>C-37:T>C,100013722|F|0-6:A>G-6:A>G,6910475.0,61760543.0,0.019079407747327057
100020750|F|0-37:T>C-37:T>C,100013153|F|0-63:C>A-63:C>A,6910475.0,61760548.0,0.01318284737474346
100020750|F|0-37:T>C-37:T>C,100040510|F|0-32:T>C-32:T>C,6910475.0,62326715.0,7.125349142107921e-05
100020750|F|0-37:T>C-37:T>C,100013356|F|0-7:G>A-7:G>A,6910475.0,62367252.0,7.483788961756673e-06
100020750|F|0-37:T>C-37:T>C,100014994|F|0-36:G>A-36:G>A,6910475.0,62444541.0,7.062575587069269e-05
100020750|F|0-37:T>C-37:T>C,100020485|F|0-47:G>T-47:G>T,6910475.0,62444546.0,4.1507244290982104e-05
100020750|F|0-37:T>C-37:T>C,100013478|F|0-51:G>A-51:G>A,6910475.0,62447789.0,9.214328741910127e-06
100020750|F|0-37:T>C-37:T>C,100013529|F|0-11:C>G-11:C>G,6910475.0,62466983.0,0.004925367402324771
100020750|F|0-37:T>C-37:T>C,100029518|F|0-19:G>C-19:G>C,6910475.0,62476880.0,0.0017782290574728339
100020750|F|0-37:T>C-37:T>C,100044261|F|0-5:T>A-5:T>A,6910475.0,62476902.0,0.0003819537464622857
100020750|F|0-37:T>C-37:T>C,100017508|F|0-26:G>A-26:G>A,6910475.0,62494366.0,0.010093208487231341
100020750|F|0-37:T>C-37:T>C,100051794|F|0-60:T>C-60:T>C,6910475.0,62494371.0,0.010411694229670055
100020750|F|0-37:T>C-37:T>C,100033227|F|0-6:A>G-6:A>G,6910475.0,62503297.0,0.0115566689910714
100020750|F|0-37:T>C-37:T>C,100015367|F|0-46:A>T-46:A>T,6910475.0,62730005.0,0.0020736309400460275
100020750|F|0-37:T>C-37:T>C,100016319|F|0-60:C>A-60:C>A,6910475.0,62905182.0,0.03270568397386354
100020750|F|0-37:T>C-37:T>C,100020253|F|0-17:T>C-17:T>C,6910475.0,63125496.0,0.02534867359185533
100020750|F|0-37:T>C-37:T>C,100017121|F|0-19:C>T-19:C>T,6910475.0,63306572.0,0.015665884198121448
100020750|F|0-37:T>C-37:T>C,100021507|F|0-53:A>C-53:A>C,6910475.0,63642647.0,0.0005788646169515451
100020750|F|0-37:T>C-37:T>C,100019105|F|0-61:T>C-61:T>C,6910475.0,63665304.0,0.01158479848631141
100020750|F|0-37:T>C-37:T>C,100014627|F|0-15:C>G-15:C>G,6910475.0,64043609.0,0.004545862261244748
100020750|F|0-37:T>C-37:T>C,100033689|F|0-56:C>T-56:C>T,6910475.0,64044059.0,0.005355718677093305
100020750|F|0-37:T>C-37:T>C,100046739|F|0-18:T>G-18:T>G,6910475.0,64189766.0,0.027528143594027128
100020750|F|0-37:T>C-37:T>C,100030110|F|0-28:T>C-28:T>C,6910475.0,64196475.0,2.0536504778160146e-05
100020750|F|0-37:T>C-37:T>C,100016864|F|0-56:A>G-56:A>G,6910475.0,64720414.0,4.8761104224638946e-05
100020750|F|0-37:T>C-37:T>C,100021392|F|0-51:G>A-51:G>A,6910475.0,64886887.0,0.018667774396715398
100034576|F|0-39:C>T-39:C>T,100019346|F|0-50:A>C-50:A>C,7042888.0,7055098.0,0.5099956008268997
100034576|F|0-39:C>T-39:C>T,100040750|F|0-21:T>G-21:T>G,7042888.0,7192316.0,0.00874915541486395
100034576|F|0-39:C>T-39:C>T,100015923|F|0-54:G>A-54:G>A,7042888.0,7407875.0,0.10069073648057902
100034576|F|0-39:C>T-39:C>T,100038393|F|0-44:G>A-44:G>A,7042888.0,7824887.0,0.013238807890131985
100034576|F|0-39:C>T-39:C>T,100036149|F|0-36:T>A-36:T>A,7042888.0,8219449.0,0.001127395531396219
100034576|F|0-39:C>T-39:C>T,100036173|F|0-57:T>C-57:T>C,7042888.0,8514264.0,0.03970233604926646
100034576|F|0-39:C>T-39:C>T,100033255|F|0-46:T>C-46:T>C,7042888.0,8685335.0,0.018087451988224375
100034576|F|0-39:C>T-39:C>T,100014460|F|0-15:A>T-15:A>T,7042888.0,10928744.0,0.025969023576953732
100034576|F|0-39:C>T-39:C>T,100040451|F|0-37:G>A-37:G>A,7042888.0,10932163.0,0.014086437696250977
100034576|F|0-39:C>T-39:C>T,100018823|F|0-53:T>C-53:T>C,7042888.0,11900381.0,0.01824932873875628
100034576|F|0-39:C>T-39:C>T,100016501|F|0-17:C>T-17:C>T,7042888.0,12114192.0,0.006584810749851372
100034576|F|0-39:C>T-39:C>T,100018613|F|0-47:T>C-47:T>C,7042888.0,12308528.0,0.017489607514513
100034576|F|0-39:C>T-39:C>T,100045000|F|0-23:G>A-23:G>A,7042888.0,12317197.0,0.01830232733298186
100034576|F|0-39:C>T-39:C>T,100015749|F|0-20:C>T-20:C>T,7042888.0,12317967.0,0.02035741845168714
100034576|F|0-39:C>T-39:C>T,100014140|F|0-33:C>G-33:C>G,7042888.0,12605038.0,0.006571009340294088
100034576|F|0-39:C>T-39:C>T,100018408|F|0-53:G>A-53:G>A,7042888.0,12747732.0,0.0138332361593805
100034576|F|0-39:C>T-39:C>T,100020066|F|0-27:G>C-27:G>C,7042888.0,13025005.0,0.010985237999703763
100034576|F|0-39:C>T-39:C>T,100034157|F|0-53:C>A-53:C>A,7042888.0,13580202.0,0.007250416446280109
100034576|F|0-39:C>T-39:C>T,100017630|F|0-52:A>T-52:A>T,7042888.0,13716601.0,0.006240484419050252
100034576|F|0-39:C>T-39:C>T,100044127|F|0-8:G>A-8:G>A,7042888.0,14087087.0,0.012751569368247832
100034576|F|0-39:C>T-39:C>T,100035819|F|0-44:C>T-44:C>T,7042888.0,14553363.0,0.038325500311703224
100034576|F|0-39:C>T-39:C>T,100034357|F|0-15:T>C-15:T>C,7042888.0,14568764.0,0.04116978748906291
100034576|F|0-39:C>T-39:C>T,100054129|F|0-61:T>A-61:T>A,7042888.0,14873218.0,0.016668369183044533
100034576|F|0-39:C>T-39:C>T,100022113|F|0-34:G>C-34:G>C,7042888.0,14898843.0,0.007816552763072087
100034576|F|0-39:C>T-39:C>T,100055747|F|0-35:G>C-35:G>C,7042888.0,14898843.0,0.014958632916379387
100034576|F|0-39:C>T-39:C>T,100034447|F|0-52:A>T-52:A>T,7042888.0,15211267.0,0.003171523828477927
100034576|F|0-39:C>T-39:C>T,100018930|F|0-63:C>G-63:C>G,7042888.0,15212141.0,0.0008785221121242498
100034576|F|0-39:C>T-39:C>T,100014038|F|0-34:G>C-34:G>C,7042888.0,15259541.0,0.006789149271953071
100034576|F|0-39:C>T-39:C>T,100030229|F|0-11:A>T-11:A>T,7042888.0,15553876.0,0.09340719853160583
100034576|F|0-39:C>T-39:C>T,100017989|F|0-62:A>T-62:A>T,7042888.0,16021700.0,0.020372233400402395
100034576|F|0-39:C>T-39:C>T,100052450|F|0-8:A>G-8:A>G,7042888.0,22147758.0,0.0004292743956533079
100034576|F|0-39:C>T-39:C>T,100034572|F|0-53:G>A-53:G>A,7042888.0,26973588.0,0.009119191959352166
100034576|F|0-39:C>T-39:C>T,100018223|F|0-41:G>A-41:G>A,7042888.0,42850086.0,0.004283140516469691
100034576|F|0-39:C>T-39:C>T,100034540|F|0-15:G>A-15:G>A,7042888.0,42850367.0,0.0024195999026900014
100034576|F|0-39:C>T-39:C>T,100017511|F|0-59:G>C-59:G>C,7042888.0,42850408.0,0.005845665550223466
100034576|F|0-39:C>T-39:C>T,100050114|F|0-27:G>A-27:G>A,7042888.0,43250010.0,9.864392864502142e-05
100034576|F|0-39:C>T-39:C>T,100016574|F|0-9:G>A-9:G>A,7042888.0,43529057.0,0.006740165510972151
100034576|F|0-39:C>T-39:C>T,100018496|F|0-32:T>G-32:T>G,7042888.0,43881573.0,0.03871172051360967
100034576|F|0-39:C>T-39:C>T,100017598|F|0-46:C>G-46:C>G,7042888.0,45505408.0,0.02992166151888979
100034576|F|0-39:C>T-39:C>T,100021048|F|0-66:C>T-66:C>T,7042888.0,45555246.0,0.029577900302246427
100034576|F|0-39:C>T-39:C>T,100017454|F|0-9:A>G-9:A>G,7042888.0,45869241.0,0.10989653865644783
100034576|F|0-39:C>T-39:C>T,100018445|F|0-45:A>G-45:A>G,7042888.0,45885872.0,0.10774733359458083
100034576|F|0-39:C>T-39:C>T,100034159|F|0-24:A>G-24:A>G,7042888.0,46097671.0,0.08196298853116267
100034576|F|0-39:C>T-39:C>T,100017594|F|0-13:G>T-13:G>T,7042888.0,46097676.0,0.11414089720777805
100034576|F|0-39:C>T-39:C>T,100030376|F|0-12:T>C-12:T>C,7042888.0,47165949.0,0.003626161137143427
100034576|F|0-39:C>T-39:C>T,100034945|F|0-61:G>A-61:G>A,7042888.0,47171709.0,8.283158955682798e-06
100034576|F|0-39:C>T-39:C>T,100043426|F|0-30:G>A-30:G>A,7042888.0,47201903.0,1.874410380784529e-07
100034576|F|0-39:C>T-39:C>T,100015331|F|0-40:A>G-40:A>G,7042888.0,47228518.0,0.00019879757587440699
100034576|F|0-39:C>T-39:C>T,100033028|F|0-17:A>C-17:A>C,7042888.0,47247609.0,0.0019286458405040868
100034576|F|0-39:C>T-39:C>T,100014668|F|0-30:A>T-30:A>T,7042888.0,48841067.0,0.0059847982917507845
100034576|F|0-39:C>T-39:C>T,100019661|F|0-30:A>T-30:A>T,7042888.0,48965503.0,0.0012261950333679642
100034576|F|0-39:C>T-39:C>T,100035901|F|0-29:T>A-29:T>A,7042888.0,48989476.0,6.283267234171908e-05
100034576|F|0-39:C>T-39:C>T,100043126|F|0-48:T>A-48:T>A,7042888.0,49230618.0,0.005956612458978257
100034576|F|0-39:C>T-39:C>T,100044970|F|0-28:C>T-28:C>T,7042888.0,49340094.0,0.006275201537685542
100034576|F|0-39:C>T-39:C>T,100013964|F|0-14:T>G-14:T>G,7042888.0,49356602.0,0.0048018141775873855
100034576|F|0-39:C>T-39:C>T,100020795|F|0-42:T>C-42:T>C,7042888.0,49358815.0,0.004090026404228205
100034576|F|0-39:C>T-39:C>T,100016185|F|0-62:C>T-62:C>T,7042888.0,49565807.0,0.005850815516146955
100034576|F|0-39:C>T-39:C>T,100033324|F|0-45:A>T-45:A>T,7042888.0,53523372.0,0.012193959518569117
100034576|F|0-39:C>T-39:C>T,100034432|F|0-24:T>A-24:T>A,7042888.0,53750135.0,0.004827901845169117
100034576|F|0-39:C>T-39:C>T,100056034|F|0-41:G>T-41:G>T,7042888.0,53750140.0,0.006380626098935969
100034576|F|0-39:C>T-39:C>T,100019249|F|0-36:C>A-36:C>A,7042888.0,54407017.0,0.00010387429937844932
100034576|F|0-39:C>T-39:C>T,100013936|F|0-38:C>A-38:C>A,7042888.0,54572400.0,0.03376133934287546
100034576|F|0-39:C>T-39:C>T,100018265|F|0-5:C>T-5:C>T,7042888.0,56110897.0,0.016483206893092402
100034576|F|0-39:C>T-39:C>T,100014526|F|0-10:T>C-10:T>C,7042888.0,56110902.0,0.031913673621249056
100034576|F|0-39:C>T-39:C>T,100030709|F|0-39:T>A-39:T>A,7042888.0,56193250.0,0.0029019438865094324
100034576|F|0-39:C>T-39:C>T,100033311|F|0-46:C>T-46:C>T,7042888.0,57009334.0,0.006125148453302161
100034576|F|0-39:C>T-39:C>T,100034520|F|0-31:G>A-31:G>A,7042888.0,58309310.0,0.009801644485370496
100034576|F|0-39:C>T-39:C>T,100019390|F|0-56:C>T-56:C>T,7042888.0,58491205.0,0.004405580401842324
100034576|F|0-39:C>T-39:C>T,100013048|F|0-58:C>T-58:C>T,7042888.0,58709443.0,0.071080154593684
100034576|F|0-39:C>T-39:C>T,100041246|F|0-21:G>A-21:G>A,7042888.0,58719431.0,0.017538045877265495
100034576|F|0-39:C>T-39:C>T,100033981|F|0-18:C>A-18:C>A,7042888.0,58771602.0,0.0018736466016773569
100034576|F|0-39:C>T-39:C>T,100021859|F|0-23:T>A-23:T>A,7042888.0,59249203.0,0.00014216571509167544
100034576|F|0-39:C>T-39:C>T,100038389|F|0-45:C>T-45:C>T,7042888.0,59686561.0,0.03560927856702495
100034576|F|0-39:C>T-39:C>T,100015287|F|0-63:T>C-63:T>C,7042888.0,61485460.0,0.020215736599239493
100034576|F|0-39:C>T-39:C>T,100013445|F|0-24:G>T-24:G>T,7042888.0,61602864.0,0.0002338243330131052
100034576|F|0-39:C>T-39:C>T,100013879|F|0-63:G>A-63:G>A,7042888.0,61606253.0,2.8359019515259062e-05
100034576|F|0-39:C>T-39:C>T,100040047|F|0-6:G>A-6:G>A,7042888.0,61640208.0,0.018805537845945488
100034576|F|0-39:C>T-39:C>T,100016920|F|0-66:T>A-66:T>A,7042888.0,61641379.0,0.01819763650869844
100034576|F|0-39:C>T-39:C>T,100017079|F|0-12:A>G-12:A>G,7042888.0,61641384.0,0.008662641326270155
100034576|F|0-39:C>T-39:C>T,100020360|F|0-56:A>G-56:A>G,7042888.0,61670176.0,0.023140940869098903
100034576|F|0-39:C>T-39:C>T,100056174|F|0-11:G>A-11:G>A,7042888.0,61712285.0,0.03933845986679039
100034576|F|0-39:C>T-39:C>T,100013722|F|0-6:A>G-6:A>G,7042888.0,61760543.0,0.003274217757106185
100034576|F|0-39:C>T-39:C>T,100013153|F|0-63:C>A-63:C>A,7042888.0,61760548.0,0.006329912896070387
100034576|F|0-39:C>T-39:C>T,100040510|F|0-32:T>C-32:T>C,7042888.0,62326715.0,0.0034023466125512295
100034576|F|0-39:C>T-39:C>T,100013356|F|0-7:G>A-7:G>A,7042888.0,62367252.0,0.0035678208771647534
100034576|F|0-39:C>T-39:C>T,100014994|F|0-36:G>A-36:G>A,7042888.0,62444541.0,0.010892553107978578
100034576|F|0-39:C>T-39:C>T,100020485|F|0-47:G>T-47:G>T,7042888.0,62444546.0,0.012009075039660649
100034576|F|0-39:C>T-39:C>T,100013478|F|0-51:G>A-51:G>A,7042888.0,62447789.0,0.016454461005104542
100034576|F|0-39:C>T-39:C>T,100013529|F|0-11:C>G-11:C>G,7042888.0,62466983.0,0.002903527999016182
100034576|F|0-39:C>T-39:C>T,100029518|F|0-19:G>C-19:G>C,7042888.0,62476880.0,0.006814033632541551
100034576|F|0-39:C>T-39:C>T,100044261|F|0-5:T>A-5:T>A,7042888.0,62476902.0,0.0019876890309317996
100034576|F|0-39:C>T-39:C>T,100017508|F|0-26:G>A-26:G>A,7042888.0,62494366.0,0.0007403090266577232
100034576|F|0-39:C>T-39:C>T,100051794|F|0-60:T>C-60:T>C,7042888.0,62494371.0,0.0006388738783105046
100034576|F|0-39:C>T-39:C>T,100033227|F|0-6:A>G-6:A>G,7042888.0,62503297.0,0.0006990241134874205
100034576|F|0-39:C>T-39:C>T,100015367|F|0-46:A>T-46:A>T,7042888.0,62730005.0,0.0025900947749729923
100034576|F|0-39:C>T-39:C>T,100016319|F|0-60:C>A-60:C>A,7042888.0,62905182.0,0.0004243218294970686
100034576|F|0-39:C>T-39:C>T,100020253|F|0-17:T>C-17:T>C,7042888.0,63125496.0,0.026638661357935915
100034576|F|0-39:C>T-39:C>T,100017121|F|0-19:C>T-19:C>T,7042888.0,63306572.0,0.016122841767613735
100034576|F|0-39:C>T-39:C>T,100021507|F|0-53:A>C-53:A>C,7042888.0,63642647.0,0.004110132891611839
100034576|F|0-39:C>T-39:C>T,100019105|F|0-61:T>C-61:T>C,7042888.0,63665304.0,1.100008360063581e-05
100034576|F|0-39:C>T-39:C>T,100014627|F|0-15:C>G-15:C>G,7042888.0,64043609.0,0.017237642453384692
100034576|F|0-39:C>T-39:C>T,100033689|F|0-56:C>T-56:C>T,7042888.0,64044059.0,0.018741874855831328
100034576|F|0-39:C>T-39:C>T,100046739|F|0-18:T>G-18:T>G,7042888.0,64189766.0,0.0013196802270562587
100034576|F|0-39:C>T-39:C>T,100030110|F|0-28:T>C-28:T>C,7042888.0,64196475.0,6.447178907925793e-07
100034576|F|0-39:C>T-39:C>T,100016864|F|0-56:A>G-56:A>G,7042888.0,64720414.0,0.03444286277924804
100034576|F|0-39:C>T-39:C>T,100021392|F|0-51:G>A-51:G>A,7042888.0,64886887.0,0.0004252114606735099
100019346|F|0-50:A>C-50:A>C,100040750|F|0-21:T>G-21:T>G,7055098.0,7192316.0,0.00430802807954788
100019346|F|0-50:A>C-50:A>C,100015923|F|0-54:G>A-54:G>A,7055098.0,7407875.0,0.014082384848976523
100019346|F|0-50:A>C-50:A>C,100038393|F|0-44:G>A-44:G>A,7055098.0,7824887.0,0.0013269103090675547
100019346|F|0-50:A>C-50:A>C,100036149|F|0-36:T>A-36:T>A,7055098.0,8219449.0,0.006190663879082819
100019346|F|0-50:A>C-50:A>C,100036173|F|0-57:T>C-57:T>C,7055098.0,8514264.0,0.00416945155554435
100019346|F|0-50:A>C-50:A>C,100033255|F|0-46:T>C-46:T>C,7055098.0,8685335.0,0.06795369273696032
100019346|F|0-50:A>C-50:A>C,100014460|F|0-15:A>T-15:A>T,7055098.0,10928744.0,0.012897974626782018
100019346|F|0-50:A>C-50:A>C,100040451|F|0-37:G>A-37:G>A,7055098.0,10932163.0,0.007897210747282505
100019346|F|0-50:A>C-50:A>C,100018823|F|0-53:T>C-53:T>C,7055098.0,11900381.0,0.01675328857556365
100019346|F|0-50:A>C-50:A>C,100016501|F|0-17:C>T-17:C>T,7055098.0,12114192.0,0.004052741933214182
100019346|F|0-50:A>C-50:A>C,100018613|F|0-47:T>C-47:T>C,7055098.0,12308528.0,0.003135361311713674
100019346|F|0-50:A>C-50:A>C,100045000|F|0-23:G>A-23:G>A,7055098.0,12317197.0,0.015190601380216886
100019346|F|0-50:A>C-50:A>C,100015749|F|0-20:C>T-20:C>T,7055098.0,12317967.0,0.002080987345651237
100019346|F|0-50:A>C-50:A>C,100014140|F|0-33:C>G-33:C>G,7055098.0,12605038.0,0.0016610923090177123
100019346|F|0-50:A>C-50:A>C,100018408|F|0-53:G>A-53:G>A,7055098.0,12747732.0,0.003437063547486053
100019346|F|0-50:A>C-50:A>C,100020066|F|0-27:G>C-27:G>C,7055098.0,13025005.0,0.0025263403925738226
100019346|F|0-50:A>C-50:A>C,100034157|F|0-53:C>A-53:C>A,7055098.0,13580202.0,0.004731027024982036
100019346|F|0-50:A>C-50:A>C,100017630|F|0-52:A>T-52:A>T,7055098.0,13716601.0,0.008274838291921821
100019346|F|0-50:A>C-50:A>C,100044127|F|0-8:G>A-8:G>A,7055098.0,14087087.0,0.00367463411553279
100019346|F|0-50:A>C-50:A>C,100035819|F|0-44:C>T-44:C>T,7055098.0,14553363.0,0.012470071827613779
100019346|F|0-50:A>C-50:A>C,100034357|F|0-15:T>C-15:T>C,7055098.0,14568764.0,0.017830671920912006
100019346|F|0-50:A>C-50:A>C,100054129|F|0-61:T>A-61:T>A,7055098.0,14873218.0,0.00030737783652109573
100019346|F|0-50:A>C-50:A>C,100022113|F|0-34:G>C-34:G>C,7055098.0,14898843.0,0.00010029788471761131
100019346|F|0-50:A>C-50:A>C,100055747|F|0-35:G>C-35:G>C,7055098.0,14898843.0,0.0001678663515255686
100019346|F|0-50:A>C-50:A>C,100034447|F|0-52:A>T-52:A>T,7055098.0,15211267.0,0.020291739989088068
100019346|F|0-50:A>C-50:A>C,100018930|F|0-63:C>G-63:C>G,7055098.0,15212141.0,0.014445541781518538
100019346|F|0-50:A>C-50:A>C,100014038|F|0-34:G>C-34:G>C,7055098.0,15259541.0,0.024684942185267025
100019346|F|0-50:A>C-50:A>C,100030229|F|0-11:A>T-11:A>T,7055098.0,15553876.0,0.06221087608268591
100019346|F|0-50:A>C-50:A>C,100017989|F|0-62:A>T-62:A>T,7055098.0,16021700.0,0.008736607898619067
100019346|F|0-50:A>C-50:A>C,100052450|F|0-8:A>G-8:A>G,7055098.0,22147758.0,0.004058365794714685
100019346|F|0-50:A>C-50:A>C,100034572|F|0-53:G>A-53:G>A,7055098.0,26973588.0,0.007453882031043664
100019346|F|0-50:A>C-50:A>C,100018223|F|0-41:G>A-41:G>A,7055098.0,42850086.0,0.00026705817542323174
100019346|F|0-50:A>C-50:A>C,100034540|F|0-15:G>A-15:G>A,7055098.0,42850367.0,0.001031349276137804
100019346|F|0-50:A>C-50:A>C,100017511|F|0-59:G>C-59:G>C,7055098.0,42850408.0,0.0018739326828120509
100019346|F|0-50:A>C-50:A>C,100050114|F|0-27:G>A-27:G>A,7055098.0,43250010.0,0.007370932337029185
100019346|F|0-50:A>C-50:A>C,100016574|F|0-9:G>A-9:G>A,7055098.0,43529057.0,0.02153921497496919
100019346|F|0-50:A>C-50:A>C,100018496|F|0-32:T>G-32:T>G,7055098.0,43881573.0,0.0633748464762414
100019346|F|0-50:A>C-50:A>C,100017598|F|0-46:C>G-46:C>G,7055098.0,45505408.0,0.050184325395458626
100019346|F|0-50:A>C-50:A>C,100021048|F|0-66:C>T-66:C>T,7055098.0,45555246.0,0.05824319505527166
100019346|F|0-50:A>C-50:A>C,100017454|F|0-9:A>G-9:A>G,7055098.0,45869241.0,0.09232106355475443
100019346|F|0-50:A>C-50:A>C,100018445|F|0-45:A>G-45:A>G,7055098.0,45885872.0,0.0783281204777668
100019346|F|0-50:A>C-50:A>C,100034159|F|0-24:A>G-24:A>G,7055098.0,46097671.0,0.05870023389647988
100019346|F|0-50:A>C-50:A>C,100017594|F|0-13:G>T-13:G>T,7055098.0,46097676.0,0.08306568915832506
100019346|F|0-50:A>C-50:A>C,100030376|F|0-12:T>C-12:T>C,7055098.0,47165949.0,0.008782779849262094
100019346|F|0-50:A>C-50:A>C,100034945|F|0-61:G>A-61:G>A,7055098.0,47171709.0,0.004851699971515313
100019346|F|0-50:A>C-50:A>C,100043426|F|0-30:G>A-30:G>A,7055098.0,47201903.0,0.0002208139201095225
100019346|F|0-50:A>C-50:A>C,100015331|F|0-40:A>G-40:A>G,7055098.0,47228518.0,1.3440795981858945e-05
100019346|F|0-50:A>C-50:A>C,100033028|F|0-17:A>C-17:A>C,7055098.0,47247609.0,0.00406079173424641
100019346|F|0-50:A>C-50:A>C,100014668|F|0-30:A>T-30:A>T,7055098.0,48841067.0,1.589508396843014e-05
100019346|F|0-50:A>C-50:A>C,100019661|F|0-30:A>T-30:A>T,7055098.0,48965503.0,0.00331849609048249
100019346|F|0-50:A>C-50:A>C,100035901|F|0-29:T>A-29:T>A,7055098.0,48989476.0,0.0016338714977791402
100019346|F|0-50:A>C-50:A>C,100043126|F|0-48:T>A-48:T>A,7055098.0,49230618.0,0.013397759238438549
100019346|F|0-50:A>C-50:A>C,100044970|F|0-28:C>T-28:C>T,7055098.0,49340094.0,0.011290385592061605
100019346|F|0-50:A>C-50:A>C,100013964|F|0-14:T>G-14:T>G,7055098.0,49356602.0,0.013468975694507557
100019346|F|0-50:A>C-50:A>C,100020795|F|0-42:T>C-42:T>C,7055098.0,49358815.0,0.010787255802865964
100019346|F|0-50:A>C-50:A>C,100016185|F|0-62:C>T-62:C>T,7055098.0,49565807.0,0.004272874560789071
100019346|F|0-50:A>C-50:A>C,100033324|F|0-45:A>T-45:A>T,7055098.0,53523372.0,0.0074768263830825715
100019346|F|0-50:A>C-50:A>C,100034432|F|0-24:T>A-24:T>A,7055098.0,53750135.0,0.0024924342085857715
100019346|F|0-50:A>C-50:A>C,100056034|F|0-41:G>T-41:G>T,7055098.0,53750140.0,0.010516988956234785
100019346|F|0-50:A>C-50:A>C,100019249|F|0-36:C>A-36:C>A,7055098.0,54407017.0,0.005210452970266505
100019346|F|0-50:A>C-50:A>C,100013936|F|0-38:C>A-38:C>A,7055098.0,54572400.0,0.05434028643754981
100019346|F|0-50:A>C-50:A>C,100018265|F|0-5:C>T-5:C>T,7055098.0,56110897.0,0.00021241006001277384
100019346|F|0-50:A>C-50:A>C,100014526|F|0-10:T>C-10:T>C,7055098.0,56110902.0,0.004421332562205342
100019346|F|0-50:A>C-50:A>C,100030709|F|0-39:T>A-39:T>A,7055098.0,56193250.0,0.004648056591762308
100019346|F|0-50:A>C-50:A>C,100033311|F|0-46:C>T-46:C>T,7055098.0,57009334.0,0.030126609181442835
100019346|F|0-50:A>C-50:A>C,100034520|F|0-31:G>A-31:G>A,7055098.0,58309310.0,0.005039579990204542
100019346|F|0-50:A>C-50:A>C,100019390|F|0-56:C>T-56:C>T,7055098.0,58491205.0,0.040542508406365044
100019346|F|0-50:A>C-50:A>C,100013048|F|0-58:C>T-58:C>T,7055098.0,58709443.0,0.06610897331880675
100019346|F|0-50:A>C-50:A>C,100041246|F|0-21:G>A-21:G>A,7055098.0,58719431.0,0.00844247722887024
100019346|F|0-50:A>C-50:A>C,100033981|F|0-18:C>A-18:C>A,7055098.0,58771602.0,0.0012049302532816902
100019346|F|0-50:A>C-50:A>C,100021859|F|0-23:T>A-23:T>A,7055098.0,59249203.0,4.709825953567285e-06
100019346|F|0-50:A>C-50:A>C,100038389|F|0-45:C>T-45:C>T,7055098.0,59686561.0,0.01247007182761373
100019346|F|0-50:A>C-50:A>C,100015287|F|0-63:T>C-63:T>C,7055098.0,61485460.0,0.006018738883182584
100019346|F|0-50:A>C-50:A>C,100013445|F|0-24:G>T-24:G>T,7055098.0,61602864.0,5.1407834389455936e-05
100019346|F|0-50:A>C-50:A>C,100013879|F|0-63:G>A-63:G>A,7055098.0,61606253.0,8.352048107797082e-05
100019346|F|0-50:A>C-50:A>C,100040047|F|0-6:G>A-6:G>A,7055098.0,61640208.0,0.015474628312446989
100019346|F|0-50:A>C-50:A>C,100016920|F|0-66:T>A-66:T>A,7055098.0,61641379.0,0.011284403341459573
100019346|F|0-50:A>C-50:A>C,100017079|F|0-12:A>G-12:A>G,7055098.0,61641384.0,0.010845930550991345
100019346|F|0-50:A>C-50:A>C,100020360|F|0-56:A>G-56:A>G,7055098.0,61670176.0,0.01084451072043428
100019346|F|0-50:A>C-50:A>C,100056174|F|0-11:G>A-11:G>A,7055098.0,61712285.0,0.036902260263441115
100019346|F|0-50:A>C-50:A>C,100013722|F|0-6:A>G-6:A>G,7055098.0,61760543.0,0.002834511204290112
100019346|F|0-50:A>C-50:A>C,100013153|F|0-63:C>A-63:C>A,7055098.0,61760548.0,0.004902643190470721
100019346|F|0-50:A>C-50:A>C,100040510|F|0-32:T>C-32:T>C,7055098.0,62326715.0,0.005733174343838939
100019346|F|0-50:A>C-50:A>C,100013356|F|0-7:G>A-7:G>A,7055098.0,62367252.0,0.004259711027492741
100019346|F|0-50:A>C-50:A>C,100014994|F|0-36:G>A-36:G>A,7055098.0,62444541.0,0.01376275763515322
100019346|F|0-50:A>C-50:A>C,100020485|F|0-47:G>T-47:G>T,7055098.0,62444546.0,0.007105876860411875
100019346|F|0-50:A>C-50:A>C,100013478|F|0-51:G>A-51:G>A,7055098.0,62447789.0,0.016401163323159763
100019346|F|0-50:A>C-50:A>C,100013529|F|0-11:C>G-11:C>G,7055098.0,62466983.0,0.000562210017990719
100019346|F|0-50:A>C-50:A>C,100029518|F|0-19:G>C-19:G>C,7055098.0,62476880.0,0.002080987345651237
100019346|F|0-50:A>C-50:A>C,100044261|F|0-5:T>A-5:T>A,7055098.0,62476902.0,1.5327568532623928e-06
100019346|F|0-50:A>C-50:A>C,100017508|F|0-26:G>A-26:G>A,7055098.0,62494366.0,4.8569676979267805e-05
100019346|F|0-50:A>C-50:A>C,100051794|F|0-60:T>C-60:T>C,7055098.0,62494371.0,0.00041957514024553013
100019346|F|0-50:A>C-50:A>C,100033227|F|0-6:A>G-6:A>G,7055098.0,62503297.0,0.00029158429227712753
100019346|F|0-50:A>C-50:A>C,100015367|F|0-46:A>T-46:A>T,7055098.0,62730005.0,5.042050702861832e-05
100019346|F|0-50:A>C-50:A>C,100016319|F|0-60:C>A-60:C>A,7055098.0,62905182.0,7.946341811558664e-34
100019346|F|0-50:A>C-50:A>C,100020253|F|0-17:T>C-17:T>C,7055098.0,63125496.0,0.05792454274125652
100019346|F|0-50:A>C-50:A>C,100017121|F|0-19:C>T-19:C>T,7055098.0,63306572.0,0.016290618073334057
100019346|F|0-50:A>C-50:A>C,100021507|F|0-53:A>C-53:A>C,7055098.0,63642647.0,0.004943151947219132
100019346|F|0-50:A>C-50:A>C,100019105|F|0-61:T>C-61:T>C,7055098.0,63665304.0,0.03457063871450787
100019346|F|0-50:A>C-50:A>C,100014627|F|0-15:C>G-15:C>G,7055098.0,64043609.0,0.02091978746721429
100019346|F|0-50:A>C-50:A>C,100033689|F|0-56:C>T-56:C>T,7055098.0,64044059.0,0.024697718482634717
100019346|F|0-50:A>C-50:A>C,100046739|F|0-18:T>G-18:T>G,7055098.0,64189766.0,0.0001002978847176118
100019346|F|0-50:A>C-50:A>C,100030110|F|0-28:T>C-28:T>C,7055098.0,64196475.0,0.0035654610204391684
100019346|F|0-50:A>C-50:A>C,100016864|F|0-56:A>G-56:A>G,7055098.0,64720414.0,0.07132246324506797
100019346|F|0-50:A>C-50:A>C,100021392|F|0-51:G>A-51:G>A,7055098.0,64886887.0,0.0009678408009420327
100040750|F|0-21:T>G-21:T>G,100015923|F|0-54:G>A-54:G>A,7192316.0,7407875.0,0.018755872236268522
100040750|F|0-21:T>G-21:T>G,100038393|F|0-44:G>A-44:G>A,7192316.0,7824887.0,0.0671950401747427
100040750|F|0-21:T>G-21:T>G,100036149|F|0-36:T>A-36:T>A,7192316.0,8219449.0,5.58943998282887e-06
100040750|F|0-21:T>G-21:T>G,100036173|F|0-57:T>C-57:T>C,7192316.0,8514264.0,0.025798129635601404
100040750|F|0-21:T>G-21:T>G,100033255|F|0-46:T>C-46:T>C,7192316.0,8685335.0,0.019288297271646004
100040750|F|0-21:T>G-21:T>G,100014460|F|0-15:A>T-15:A>T,7192316.0,10928744.0,0.08922477256550025
100040750|F|0-21:T>G-21:T>G,100040451|F|0-37:G>A-37:G>A,7192316.0,10932163.0,0.08581650823348481
100040750|F|0-21:T>G-21:T>G,100018823|F|0-53:T>C-53:T>C,7192316.0,11900381.0,0.002086029312737517
100040750|F|0-21:T>G-21:T>G,100016501|F|0-17:C>T-17:C>T,7192316.0,12114192.0,0.14188777346130943
100040750|F|0-21:T>G-21:T>G,100018613|F|0-47:T>C-47:T>C,7192316.0,12308528.0,0.037452001706605925
100040750|F|0-21:T>G-21:T>G,100045000|F|0-23:G>A-23:G>A,7192316.0,12317197.0,0.00030869490653404074
100040750|F|0-21:T>G-21:T>G,100015749|F|0-20:C>T-20:C>T,7192316.0,12317967.0,0.03428384849804093
100040750|F|0-21:T>G-21:T>G,100014140|F|0-33:C>G-33:C>G,7192316.0,12605038.0,0.05803588886964582
100040750|F|0-21:T>G-21:T>G,100018408|F|0-53:G>A-53:G>A,7192316.0,12747732.0,0.0008134631403581899
100040750|F|0-21:T>G-21:T>G,100020066|F|0-27:G>C-27:G>C,7192316.0,13025005.0,0.008408232623882784
100040750|F|0-21:T>G-21:T>G,100034157|F|0-53:C>A-53:C>A,7192316.0,13580202.0,0.035293503083271324
100040750|F|0-21:T>G-21:T>G,100017630|F|0-52:A>T-52:A>T,7192316.0,13716601.0,0.0434104855611436
100040750|F|0-21:T>G-21:T>G,100044127|F|0-8:G>A-8:G>A,7192316.0,14087087.0,0.0776654811094896
100040750|F|0-21:T>G-21:T>G,100035819|F|0-44:C>T-44:C>T,7192316.0,14553363.0,0.005620532261217668
100040750|F|0-21:T>G-21:T>G,100034357|F|0-15:T>C-15:T>C,7192316.0,14568764.0,0.00024777211572609656
100040750|F|0-21:T>G-21:T>G,100054129|F|0-61:T>A-61:T>A,7192316.0,14873218.0,0.001448702884572967
100040750|F|0-21:T>G-21:T>G,100022113|F|0-34:G>C-34:G>C,7192316.0,14898843.0,0.00995153126652044
100040750|F|0-21:T>G-21:T>G,100055747|F|0-35:G>C-35:G>C,7192316.0,14898843.0,0.01822858264184793
100040750|F|0-21:T>G-21:T>G,100034447|F|0-52:A>T-52:A>T,7192316.0,15211267.0,2.005125099754967e-05
100040750|F|0-21:T>G-21:T>G,100018930|F|0-63:C>G-63:C>G,7192316.0,15212141.0,0.0009423294383716542
100040750|F|0-21:T>G-21:T>G,100014038|F|0-34:G>C-34:G>C,7192316.0,15259541.0,3.009265538105056e-36
100040750|F|0-21:T>G-21:T>G,100030229|F|0-11:A>T-11:A>T,7192316.0,15553876.0,0.013483605665315654
100040750|F|0-21:T>G-21:T>G,100017989|F|0-62:A>T-62:A>T,7192316.0,16021700.0,0.01199784180833741
100040750|F|0-21:T>G-21:T>G,100052450|F|0-8:A>G-8:A>G,7192316.0,22147758.0,0.003850976760785872
100040750|F|0-21:T>G-21:T>G,100034572|F|0-53:G>A-53:G>A,7192316.0,26973588.0,0.0021629278790859068
100040750|F|0-21:T>G-21:T>G,100018223|F|0-41:G>A-41:G>A,7192316.0,42850086.0,0.019923943931916255
100040750|F|0-21:T>G-21:T>G,100034540|F|0-15:G>A-15:G>A,7192316.0,42850367.0,0.005623912563781617
100040750|F|0-21:T>G-21:T>G,100017511|F|0-59:G>C-59:G>C,7192316.0,42850408.0,0.01107248442270516
100040750|F|0-21:T>G-21:T>G,100050114|F|0-27:G>A-27:G>A,7192316.0,43250010.0,0.0029348917436861255
100040750|F|0-21:T>G-21:T>G,100016574|F|0-9:G>A-9:G>A,7192316.0,43529057.0,5.085658759397545e-34
100040750|F|0-21:T>G-21:T>G,100018496|F|0-32:T>G-32:T>G,7192316.0,43881573.0,0.11363154573817774
100040750|F|0-21:T>G-21:T>G,100017598|F|0-46:C>G-46:C>G,7192316.0,45505408.0,0.0943672342990391
100040750|F|0-21:T>G-21:T>G,100021048|F|0-66:C>T-66:C>T,7192316.0,45555246.0,0.10533225137955429
100040750|F|0-21:T>G-21:T>G,100017454|F|0-9:A>G-9:A>G,7192316.0,45869241.0,0.0036472326549286055
100040750|F|0-21:T>G-21:T>G,100018445|F|0-45:A>G-45:A>G,7192316.0,45885872.0,0.004290042405419162
100040750|F|0-21:T>G-21:T>G,100034159|F|0-24:A>G-24:A>G,7192316.0,46097671.0,0.0022411072862880163
100040750|F|0-21:T>G-21:T>G,100017594|F|0-13:G>T-13:G>T,7192316.0,46097676.0,0.0008594928959418935
100040750|F|0-21:T>G-21:T>G,100030376|F|0-12:T>C-12:T>C,7192316.0,47165949.0,0.02532606322928145
100040750|F|0-21:T>G-21:T>G,100034945|F|0-61:G>A-61:G>A,7192316.0,47171709.0,0.02532606322928145
100040750|F|0-21:T>G-21:T>G,100043426|F|0-30:G>A-30:G>A,7192316.0,47201903.0,0.015371102327624061
100040750|F|0-21:T>G-21:T>G,100015331|F|0-40:A>G-40:A>G,7192316.0,47228518.0,0.01886065436806519
100040750|F|0-21:T>G-21:T>G,100033028|F|0-17:A>C-17:A>C,7192316.0,47247609.0,0.018282704786983905
100040750|F|0-21:T>G-21:T>G,100014668|F|0-30:A>T-30:A>T,7192316.0,48841067.0,0.0009751353391996304
100040750|F|0-21:T>G-21:T>G,100019661|F|0-30:A>T-30:A>T,7192316.0,48965503.0,0.0002164762391386185
100040750|F|0-21:T>G-21:T>G,100035901|F|0-29:T>A-29:T>A,7192316.0,48989476.0,5.676003120142198e-06
100040750|F|0-21:T>G-21:T>G,100043126|F|0-48:T>A-48:T>A,7192316.0,49230618.0,0.000345310962510078
100040750|F|0-21:T>G-21:T>G,100044970|F|0-28:C>T-28:C>T,7192316.0,49340094.0,0.004077555097963254
100040750|F|0-21:T>G-21:T>G,100013964|F|0-14:T>G-14:T>G,7192316.0,49356602.0,0.006411338585066909
100040750|F|0-21:T>G-21:T>G,100020795|F|0-42:T>C-42:T>C,7192316.0,49358815.0,0.005078966007797282
100040750|F|0-21:T>G-21:T>G,100016185|F|0-62:C>T-62:C>T,7192316.0,49565807.0,0.02329983981360128
100040750|F|0-21:T>G-21:T>G,100033324|F|0-45:A>T-45:A>T,7192316.0,53523372.0,0.00021937610590092802
100040750|F|0-21:T>G-21:T>G,100034432|F|0-24:T>A-24:T>A,7192316.0,53750135.0,0.10861366721979174
100040750|F|0-21:T>G-21:T>G,100056034|F|0-41:G>T-41:G>T,7192316.0,53750140.0,2.814142755833822e-05
100040750|F|0-21:T>G-21:T>G,100019249|F|0-36:C>A-36:C>A,7192316.0,54407017.0,0.08288000630715879
100040750|F|0-21:T>G-21:T>G,100013936|F|0-38:C>A-38:C>A,7192316.0,54572400.0,0.01796940077051227
100040750|F|0-21:T>G-21:T>G,100018265|F|0-5:C>T-5:C>T,7192316.0,56110897.0,0.006352562259462581
100040750|F|0-21:T>G-21:T>G,100014526|F|0-10:T>C-10:T>C,7192316.0,56110902.0,0.005000689275332743
100040750|F|0-21:T>G-21:T>G,100030709|F|0-39:T>A-39:T>A,7192316.0,56193250.0,0.00237714894264415
100040750|F|0-21:T>G-21:T>G,100033311|F|0-46:C>T-46:C>T,7192316.0,57009334.0,0.0033293985295981573
100040750|F|0-21:T>G-21:T>G,100034520|F|0-31:G>A-31:G>A,7192316.0,58309310.0,0.1167427565670396
100040750|F|0-21:T>G-21:T>G,100019390|F|0-56:C>T-56:C>T,7192316.0,58491205.0,0.06093432633717013
100040750|F|0-21:T>G-21:T>G,100013048|F|0-58:C>T-58:C>T,7192316.0,58709443.0,0.0026664489150728357
100040750|F|0-21:T>G-21:T>G,100041246|F|0-21:G>A-21:G>A,7192316.0,58719431.0,0.10983957674567489
100040750|F|0-21:T>G-21:T>G,100033981|F|0-18:C>A-18:C>A,7192316.0,58771602.0,0.008501538213883223
100040750|F|0-21:T>G-21:T>G,100021859|F|0-23:T>A-23:T>A,7192316.0,59249203.0,0.01187174529224712
100040750|F|0-21:T>G-21:T>G,100038389|F|0-45:C>T-45:C>T,7192316.0,59686561.0,0.09629321116201578
100040750|F|0-21:T>G-21:T>G,100015287|F|0-63:T>C-63:T>C,7192316.0,61485460.0,0.012944671782870763
100040750|F|0-21:T>G-21:T>G,100013445|F|0-24:G>T-24:G>T,7192316.0,61602864.0,0.06723954094510101
100040750|F|0-21:T>G-21:T>G,100013879|F|0-63:G>A-63:G>A,7192316.0,61606253.0,0.050211636624274636
100040750|F|0-21:T>G-21:T>G,100040047|F|0-6:G>A-6:G>A,7192316.0,61640208.0,0.020348966272513327
100040750|F|0-21:T>G-21:T>G,100016920|F|0-66:T>A-66:T>A,7192316.0,61641379.0,0.026703709420818456
100040750|F|0-21:T>G-21:T>G,100017079|F|0-12:A>G-12:A>G,7192316.0,61641384.0,0.010084033613445351
100040750|F|0-21:T>G-21:T>G,100020360|F|0-56:A>G-56:A>G,7192316.0,61670176.0,0.008188866730231567
100040750|F|0-21:T>G-21:T>G,100056174|F|0-11:G>A-11:G>A,7192316.0,61712285.0,0.0024072538582929895
100040750|F|0-21:T>G-21:T>G,100013722|F|0-6:A>G-6:A>G,7192316.0,61760543.0,0.03818414098060479
100040750|F|0-21:T>G-21:T>G,100013153|F|0-63:C>A-63:C>A,7192316.0,61760548.0,0.0285267333988231
100040750|F|0-21:T>G-21:T>G,100040510|F|0-32:T>C-32:T>C,7192316.0,62326715.0,0.045113867649485544
100040750|F|0-21:T>G-21:T>G,100013356|F|0-7:G>A-7:G>A,7192316.0,62367252.0,0.04375912788058137
100040750|F|0-21:T>G-21:T>G,100014994|F|0-36:G>A-36:G>A,7192316.0,62444541.0,0.00017038720986297035
100040750|F|0-21:T>G-21:T>G,100020485|F|0-47:G>T-47:G>T,7192316.0,62444546.0,0.0015065718311085864
100040750|F|0-21:T>G-21:T>G,100013478|F|0-51:G>A-51:G>A,7192316.0,62447789.0,0.005169842023188021
100040750|F|0-21:T>G-21:T>G,100013529|F|0-11:C>G-11:C>G,7192316.0,62466983.0,0.021124672629342332
100040750|F|0-21:T>G-21:T>G,100029518|F|0-19:G>C-19:G>C,7192316.0,62476880.0,0.012851088566529289
100040750|F|0-21:T>G-21:T>G,100044261|F|0-5:T>A-5:T>A,7192316.0,62476902.0,0.01599787036349716
100040750|F|0-21:T>G-21:T>G,100017508|F|0-26:G>A-26:G>A,7192316.0,62494366.0,0.001026547735455409
100040750|F|0-21:T>G-21:T>G,100051794|F|0-60:T>C-60:T>C,7192316.0,62494371.0,0.003491268797391248
100040750|F|0-21:T>G-21:T>G,100033227|F|0-6:A>G-6:A>G,7192316.0,62503297.0,0.003006092312217693
100040750|F|0-21:T>G-21:T>G,100015367|F|0-46:A>T-46:A>T,7192316.0,62730005.0,0.010314595152140307
100040750|F|0-21:T>G-21:T>G,100016319|F|0-60:C>A-60:C>A,7192316.0,62905182.0,0.0016102786629602016
100040750|F|0-21:T>G-21:T>G,100020253|F|0-17:T>C-17:T>C,7192316.0,63125496.0,0.05569112184991416
100040750|F|0-21:T>G-21:T>G,100017121|F|0-19:C>T-19:C>T,7192316.0,63306572.0,0.039283813850711134
100040750|F|0-21:T>G-21:T>G,100021507|F|0-53:A>C-53:A>C,7192316.0,63642647.0,9.421703383672816e-05
100040750|F|0-21:T>G-21:T>G,100019105|F|0-61:T>C-61:T>C,7192316.0,63665304.0,0.0008453307685371637
100040750|F|0-21:T>G-21:T>G,100014627|F|0-15:C>G-15:C>G,7192316.0,64043609.0,0.062219830659733154
100040750|F|0-21:T>G-21:T>G,100033689|F|0-56:C>T-56:C>T,7192316.0,64044059.0,0.06993006993006988
100040750|F|0-21:T>G-21:T>G,100046739|F|0-18:T>G-18:T>G,7192316.0,64189766.0,0.0205180815593742
100040750|F|0-21:T>G-21:T>G,100030110|F|0-28:T>C-28:T>C,7192316.0,64196475.0,0.016052601446275537
100040750|F|0-21:T>G-21:T>G,100016864|F|0-56:A>G-56:A>G,7192316.0,64720414.0,0.007981590675128524
100040750|F|0-21:T>G-21:T>G,100021392|F|0-51:G>A-51:G>A,7192316.0,64886887.0,6.313538752500808e-05
100015923|F|0-54:G>A-54:G>A,100038393|F|0-44:G>A-44:G>A,7407875.0,7824887.0,0.021855638659774117
100015923|F|0-54:G>A-54:G>A,100036149|F|0-36:T>A-36:T>A,7407875.0,8219449.0,0.01084491595176876
100015923|F|0-54:G>A-54:G>A,100036173|F|0-57:T>C-57:T>C,7407875.0,8514264.0,6.322415068890987e-05
100015923|F|0-54:G>A-54:G>A,100033255|F|0-46:T>C-46:T>C,7407875.0,8685335.0,0.017637370127668393
100015923|F|0-54:G>A-54:G>A,100014460|F|0-15:A>T-15:A>T,7407875.0,10928744.0,0.0016550384638513813
100015923|F|0-54:G>A-54:G>A,100040451|F|0-37:G>A-37:G>A,7407875.0,10932163.0,0.0015918182571501873
100015923|F|0-54:G>A-54:G>A,100018823|F|0-53:T>C-53:T>C,7407875.0,11900381.0,0.12182686887202941
100015923|F|0-54:G>A-54:G>A,100016501|F|0-17:C>T-17:C>T,7407875.0,12114192.0,0.00010887325759238533
100015923|F|0-54:G>A-54:G>A,100018613|F|0-47:T>C-47:T>C,7407875.0,12308528.0,0.0006887517007950167
100015923|F|0-54:G>A-54:G>A,100045000|F|0-23:G>A-23:G>A,7407875.0,12317197.0,0.0009966642258563139
100015923|F|0-54:G>A-54:G>A,100015749|F|0-20:C>T-20:C>T,7407875.0,12317967.0,0.0010370433261015775
100015923|F|0-54:G>A-54:G>A,100014140|F|0-33:C>G-33:C>G,7407875.0,12605038.0,0.028946965643116104
100015923|F|0-54:G>A-54:G>A,100018408|F|0-53:G>A-53:G>A,7407875.0,12747732.0,0.009170155354672952
100015923|F|0-54:G>A-54:G>A,100020066|F|0-27:G>C-27:G>C,7407875.0,13025005.0,0.03322452138058433
100015923|F|0-54:G>A-54:G>A,100034157|F|0-53:C>A-53:C>A,7407875.0,13580202.0,0.020232508765521108
100015923|F|0-54:G>A-54:G>A,100017630|F|0-52:A>T-52:A>T,7407875.0,13716601.0,0.017682181211659202
100015923|F|0-54:G>A-54:G>A,100044127|F|0-8:G>A-8:G>A,7407875.0,14087087.0,0.008648445795823302
100015923|F|0-54:G>A-54:G>A,100035819|F|0-44:C>T-44:C>T,7407875.0,14553363.0,0.026949027981079843
100015923|F|0-54:G>A-54:G>A,100034357|F|0-15:T>C-15:T>C,7407875.0,14568764.0,0.022835943509952817
100015923|F|0-54:G>A-54:G>A,100054129|F|0-61:T>A-61:T>A,7407875.0,14873218.0,0.0028199976789359633
100015923|F|0-54:G>A-54:G>A,100022113|F|0-34:G>C-34:G>C,7407875.0,14898843.0,0.0013713308054659572
100015923|F|0-54:G>A-54:G>A,100055747|F|0-35:G>C-35:G>C,7407875.0,14898843.0,0.0023938716884775047
100015923|F|0-54:G>A-54:G>A,100034447|F|0-52:A>T-52:A>T,7407875.0,15211267.0,0.002819997678935957
100015923|F|0-54:G>A-54:G>A,100018930|F|0-63:C>G-63:C>G,7407875.0,15212141.0,0.0018684972100271138
100015923|F|0-54:G>A-54:G>A,100014038|F|0-34:G>C-34:G>C,7407875.0,15259541.0,0.000611148637781849
100015923|F|0-54:G>A-54:G>A,100030229|F|0-11:A>T-11:A>T,7407875.0,15553876.0,0.0011244351521662566
100015923|F|0-54:G>A-54:G>A,100017989|F|0-62:A>T-62:A>T,7407875.0,16021700.0,0.001724416662175989
100015923|F|0-54:G>A-54:G>A,100052450|F|0-8:A>G-8:A>G,7407875.0,22147758.0,0.01643820493372094
100015923|F|0-54:G>A-54:G>A,100034572|F|0-53:G>A-53:G>A,7407875.0,26973588.0,0.02938263976940741
100015923|F|0-54:G>A-54:G>A,100018223|F|0-41:G>A-41:G>A,7407875.0,42850086.0,0.022662456088813735
100015923|F|0-54:G>A-54:G>A,100034540|F|0-15:G>A-15:G>A,7407875.0,42850367.0,0.022113570104470952
100015923|F|0-54:G>A-54:G>A,100017511|F|0-59:G>C-59:G>C,7407875.0,42850408.0,0.026723368648499734
100015923|F|0-54:G>A-54:G>A,100050114|F|0-27:G>A-27:G>A,7407875.0,43250010.0,0.021320334343072456
100015923|F|0-54:G>A-54:G>A,100016574|F|0-9:G>A-9:G>A,7407875.0,43529057.0,0.02184261105422926
100015923|F|0-54:G>A-54:G>A,100018496|F|0-32:T>G-32:T>G,7407875.0,43881573.0,0.013848414611204405
100015923|F|0-54:G>A-54:G>A,100017598|F|0-46:C>G-46:C>G,7407875.0,45505408.0,0.013307683255649747
100015923|F|0-54:G>A-54:G>A,100021048|F|0-66:C>T-66:C>T,7407875.0,45555246.0,0.015278796254089174
100015923|F|0-54:G>A-54:G>A,100017454|F|0-9:A>G-9:A>G,7407875.0,45869241.0,0.06958277548733306
100015923|F|0-54:G>A-54:G>A,100018445|F|0-45:A>G-45:A>G,7407875.0,45885872.0,0.08422556091263425
100015923|F|0-54:G>A-54:G>A,100034159|F|0-24:A>G-24:A>G,7407875.0,46097671.0,0.07492782332650108
100015923|F|0-54:G>A-54:G>A,100017594|F|0-13:G>T-13:G>T,7407875.0,46097676.0,0.0639358101337555
100015923|F|0-54:G>A-54:G>A,100030376|F|0-12:T>C-12:T>C,7407875.0,47165949.0,0.0816547763586496
100015923|F|0-54:G>A-54:G>A,100034945|F|0-61:G>A-61:G>A,7407875.0,47171709.0,0.0816547763586496
100015923|F|0-54:G>A-54:G>A,100043426|F|0-30:G>A-30:G>A,7407875.0,47201903.0,0.10894454801183995
100015923|F|0-54:G>A-54:G>A,100015331|F|0-40:A>G-40:A>G,7407875.0,47228518.0,0.10287013406500584
100015923|F|0-54:G>A-54:G>A,100033028|F|0-17:A>C-17:A>C,7407875.0,47247609.0,0.09399678757863736
100015923|F|0-54:G>A-54:G>A,100014668|F|0-30:A>T-30:A>T,7407875.0,48841067.0,0.024990712698102963
100015923|F|0-54:G>A-54:G>A,100019661|F|0-30:A>T-30:A>T,7407875.0,48965503.0,0.0037182117004164253
100015923|F|0-54:G>A-54:G>A,100035901|F|0-29:T>A-29:T>A,7407875.0,48989476.0,0.0009102210464340104
100015923|F|0-54:G>A-54:G>A,100043126|F|0-48:T>A-48:T>A,7407875.0,49230618.0,0.01858717537970977
100015923|F|0-54:G>A-54:G>A,100044970|F|0-28:C>T-28:C>T,7407875.0,49340094.0,0.0013601543684531256
100015923|F|0-54:G>A-54:G>A,100013964|F|0-14:T>G-14:T>G,7407875.0,49356602.0,0.001742180659454971
100015923|F|0-54:G>A-54:G>A,100020795|F|0-42:T>C-42:T>C,7407875.0,49358815.0,0.0024276095910687953
100015923|F|0-54:G>A-54:G>A,100016185|F|0-62:C>T-62:C>T,7407875.0,49565807.0,0.04283478061029565
100015923|F|0-54:G>A-54:G>A,100033324|F|0-45:A>T-45:A>T,7407875.0,53523372.0,0.00847531745925944
100015923|F|0-54:G>A-54:G>A,100034432|F|0-24:T>A-24:T>A,7407875.0,53750135.0,0.0054346476680381065
100015923|F|0-54:G>A-54:G>A,100056034|F|0-41:G>T-41:G>T,7407875.0,53750140.0,0.04039635367436186
100015923|F|0-54:G>A-54:G>A,100019249|F|0-36:C>A-36:C>A,7407875.0,54407017.0,9.236105386252342e-05
100015923|F|0-54:G>A-54:G>A,100013936|F|0-38:C>A-38:C>A,7407875.0,54572400.0,0.01890394221744715
100015923|F|0-54:G>A-54:G>A,100018265|F|0-5:C>T-5:C>T,7407875.0,56110897.0,0.04523470314732106
100015923|F|0-54:G>A-54:G>A,100014526|F|0-10:T>C-10:T>C,7407875.0,56110902.0,0.03527251970503799
100015923|F|0-54:G>A-54:G>A,100030709|F|0-39:T>A-39:T>A,7407875.0,56193250.0,0.0038179576577890297
100015923|F|0-54:G>A-54:G>A,100033311|F|0-46:C>T-46:C>T,7407875.0,57009334.0,0.00016913223885982345
100015923|F|0-54:G>A-54:G>A,100034520|F|0-31:G>A-31:G>A,7407875.0,58309310.0,0.007896781151632197
100015923|F|0-54:G>A-54:G>A,100019390|F|0-56:C>T-56:C>T,7407875.0,58491205.0,0.02789215059684188
100015923|F|0-54:G>A-54:G>A,100013048|F|0-58:C>T-58:C>T,7407875.0,58709443.0,0.013659563559703068
100015923|F|0-54:G>A-54:G>A,100041246|F|0-21:G>A-21:G>A,7407875.0,58719431.0,3.482189991072074e-07
100015923|F|0-54:G>A-54:G>A,100033981|F|0-18:C>A-18:C>A,7407875.0,58771602.0,0.010844915951768773
100015923|F|0-54:G>A-54:G>A,100021859|F|0-23:T>A-23:T>A,7407875.0,59249203.0,0.0011329785655921024
100015923|F|0-54:G>A-54:G>A,100038389|F|0-45:C>T-45:C>T,7407875.0,59686561.0,0.023908318514127606
100015923|F|0-54:G>A-54:G>A,100015287|F|0-63:T>C-63:T>C,7407875.0,61485460.0,0.06154289861005187
100015923|F|0-54:G>A-54:G>A,100013445|F|0-24:G>T-24:G>T,7407875.0,61602864.0,0.003766533567275471
100015923|F|0-54:G>A-54:G>A,100013879|F|0-63:G>A-63:G>A,7407875.0,61606253.0,0.002780037036526466
100015923|F|0-54:G>A-54:G>A,100040047|F|0-6:G>A-6:G>A,7407875.0,61640208.0,0.02279955653167947
100015923|F|0-54:G>A-54:G>A,100016920|F|0-66:T>A-66:T>A,7407875.0,61641379.0,0.02567360946242353
100015923|F|0-54:G>A-54:G>A,100017079|F|0-12:A>G-12:A>G,7407875.0,61641384.0,0.028693081658666283
100015923|F|0-54:G>A-54:G>A,100020360|F|0-56:A>G-56:A>G,7407875.0,61670176.0,0.02467279169511521
100015923|F|0-54:G>A-54:G>A,100056174|F|0-11:G>A-11:G>A,7407875.0,61712285.0,0.0940466107071708
100015923|F|0-54:G>A-54:G>A,100013722|F|0-6:A>G-6:A>G,7407875.0,61760543.0,3.8505731193043676e-07
100015923|F|0-54:G>A-54:G>A,100013153|F|0-63:C>A-63:C>A,7407875.0,61760548.0,7.342705022560007e-05
100015923|F|0-54:G>A-54:G>A,100040510|F|0-32:T>C-32:T>C,7407875.0,62326715.0,0.00163104465147838
100015923|F|0-54:G>A-54:G>A,100013356|F|0-7:G>A-7:G>A,7407875.0,62367252.0,0.02067049815885966
100015923|F|0-54:G>A-54:G>A,100014994|F|0-36:G>A-36:G>A,7407875.0,62444541.0,0.0001544526177848182
100015923|F|0-54:G>A-54:G>A,100020485|F|0-47:G>T-47:G>T,7407875.0,62444546.0,0.0007439117613719845
100015923|F|0-54:G>A-54:G>A,100013478|F|0-51:G>A-51:G>A,7407875.0,62447789.0,5.813558008235492e-05
100015923|F|0-54:G>A-54:G>A,100013529|F|0-11:C>G-11:C>G,7407875.0,62466983.0,0.0005010900907236785
100015923|F|0-54:G>A-54:G>A,100029518|F|0-19:G>C-19:G>C,7407875.0,62476880.0,0.0010370433261015744
100015923|F|0-54:G>A-54:G>A,100044261|F|0-5:T>A-5:T>A,7407875.0,62476902.0,0.00014587181252633677
100015923|F|0-54:G>A-54:G>A,100017508|F|0-26:G>A-26:G>A,7407875.0,62494366.0,0.00015445261778481768
100015923|F|0-54:G>A-54:G>A,100051794|F|0-60:T>C-60:T>C,7407875.0,62494371.0,3.594401934650699e-06
100015923|F|0-54:G>A-54:G>A,100033227|F|0-6:A>G-6:A>G,7407875.0,62503297.0,0.0005663255525245631
100015923|F|0-54:G>A-54:G>A,100015367|F|0-46:A>T-46:A>T,7407875.0,62730005.0,0.1417691527979587
100015923|F|0-54:G>A-54:G>A,100016319|F|0-60:C>A-60:C>A,7407875.0,62905182.0,0.0013750844350091714
100015923|F|0-54:G>A-54:G>A,100020253|F|0-17:T>C-17:T>C,7407875.0,63125496.0,0.011372894522442672
100015923|F|0-54:G>A-54:G>A,100017121|F|0-19:C>T-19:C>T,7407875.0,63306572.0,0.0041300209272058745
100015923|F|0-54:G>A-54:G>A,100021507|F|0-53:A>C-53:A>C,7407875.0,63642647.0,0.02665020360699767
100015923|F|0-54:G>A-54:G>A,100019105|F|0-61:T>C-61:T>C,7407875.0,63665304.0,0.006496770329811345
100015923|F|0-54:G>A-54:G>A,100014627|F|0-15:C>G-15:C>G,7407875.0,64043609.0,0.027344461114493932
100015923|F|0-54:G>A-54:G>A,100033689|F|0-56:C>T-56:C>T,7407875.0,64044059.0,0.025335832908447032
100015923|F|0-54:G>A-54:G>A,100046739|F|0-18:T>G-18:T>G,7407875.0,64189766.0,0.012517661548852612
100015923|F|0-54:G>A-54:G>A,100030110|F|0-28:T>C-28:T>C,7407875.0,64196475.0,0.005541383042291879
100015923|F|0-54:G>A-54:G>A,100016864|F|0-56:A>G-56:A>G,7407875.0,64720414.0,0.027165278017210727
100015923|F|0-54:G>A-54:G>A,100021392|F|0-51:G>A-51:G>A,7407875.0,64886887.0,0.015076105202763054
100038393|F|0-44:G>A-44:G>A,100036149|F|0-36:T>A-36:T>A,7824887.0,8219449.0,0.0025788771869516194
100038393|F|0-44:G>A-44:G>A,100036173|F|0-57:T>C-57:T>C,7824887.0,8514264.0,0.008170731334133735
100038393|F|0-44:G>A-44:G>A,100033255|F|0-46:T>C-46:T>C,7824887.0,8685335.0,0.01494777669266738
100038393|F|0-44:G>A-44:G>A,100014460|F|0-15:A>T-15:A>T,7824887.0,10928744.0,0.1066879525364711
100038393|F|0-44:G>A-44:G>A,100040451|F|0-37:G>A-37:G>A,7824887.0,10932163.0,0.10261261860363424
100038393|F|0-44:G>A-44:G>A,100018823|F|0-53:T>C-53:T>C,7824887.0,11900381.0,0.006343824926484213
100038393|F|0-44:G>A-44:G>A,100016501|F|0-17:C>T-17:C>T,7824887.0,12114192.0,0.04922253548700663
100038393|F|0-44:G>A-44:G>A,100018613|F|0-47:T>C-47:T>C,7824887.0,12308528.0,0.10890929062928224
100038393|F|0-44:G>A-44:G>A,100045000|F|0-23:G>A-23:G>A,7824887.0,12317197.0,0.0019204699502937109
100038393|F|0-44:G>A-44:G>A,100015749|F|0-20:C>T-20:C>T,7824887.0,12317967.0,0.12558886903505423
100038393|F|0-44:G>A-44:G>A,100014140|F|0-33:C>G-33:C>G,7824887.0,12605038.0,0.01915211237189254
100038393|F|0-44:G>A-44:G>A,100018408|F|0-53:G>A-53:G>A,7824887.0,12747732.0,0.005411975602769346
100038393|F|0-44:G>A-44:G>A,100020066|F|0-27:G>C-27:G>C,7824887.0,13025005.0,0.09264536835249372
100038393|F|0-44:G>A-44:G>A,100034157|F|0-53:C>A-53:C>A,7824887.0,13580202.0,0.057173507358018794
100038393|F|0-44:G>A-44:G>A,100017630|F|0-52:A>T-52:A>T,7824887.0,13716601.0,0.12844206663572422
100038393|F|0-44:G>A-44:G>A,100044127|F|0-8:G>A-8:G>A,7824887.0,14087087.0,0.2574157703080332
100038393|F|0-44:G>A-44:G>A,100035819|F|0-44:C>T-44:C>T,7824887.0,14553363.0,0.035110001330594734
100038393|F|0-44:G>A-44:G>A,100034357|F|0-15:T>C-15:T>C,7824887.0,14568764.0,0.1847248766517019
100038393|F|0-44:G>A-44:G>A,100054129|F|0-61:T>A-61:T>A,7824887.0,14873218.0,0.0008280754401743859
100038393|F|0-44:G>A-44:G>A,100022113|F|0-34:G>C-34:G>C,7824887.0,14898843.0,0.003018721590471191
100038393|F|0-44:G>A-44:G>A,100055747|F|0-35:G>C-35:G>C,7824887.0,14898843.0,0.001569614863220828
100038393|F|0-44:G>A-44:G>A,100034447|F|0-52:A>T-52:A>T,7824887.0,15211267.0,0.002127139181937916
100038393|F|0-44:G>A-44:G>A,100018930|F|0-63:C>G-63:C>G,7824887.0,15212141.0,0.009240342805227468
100038393|F|0-44:G>A-44:G>A,100014038|F|0-34:G>C-34:G>C,7824887.0,15259541.0,0.0024459063252030852
100038393|F|0-44:G>A-44:G>A,100030229|F|0-11:A>T-11:A>T,7824887.0,15553876.0,0.01030471165860932
100038393|F|0-44:G>A-44:G>A,100017989|F|0-62:A>T-62:A>T,7824887.0,16021700.0,0.0162763129324358
100038393|F|0-44:G>A-44:G>A,100052450|F|0-8:A>G-8:A>G,7824887.0,22147758.0,0.0031317311756942716
100038393|F|0-44:G>A-44:G>A,100034572|F|0-53:G>A-53:G>A,7824887.0,26973588.0,0.005472570022332266
100038393|F|0-44:G>A-44:G>A,100018223|F|0-41:G>A-41:G>A,7824887.0,42850086.0,0.0024970965156473944
100038393|F|0-44:G>A-44:G>A,100034540|F|0-15:G>A-15:G>A,7824887.0,42850367.0,0.001259152139113422
100038393|F|0-44:G>A-44:G>A,100017511|F|0-59:G>C-59:G>C,7824887.0,42850408.0,0.0031190064165136622
100038393|F|0-44:G>A-44:G>A,100050114|F|0-27:G>A-27:G>A,7824887.0,43250010.0,0.011636528211287547
100038393|F|0-44:G>A-44:G>A,100016574|F|0-9:G>A-9:G>A,7824887.0,43529057.0,0.018843786128015724
100038393|F|0-44:G>A-44:G>A,100018496|F|0-32:T>G-32:T>G,7824887.0,43881573.0,0.14228157203120048
100038393|F|0-44:G>A-44:G>A,100017598|F|0-46:C>G-46:C>G,7824887.0,45505408.0,0.12200637268585691
100038393|F|0-44:G>A-44:G>A,100021048|F|0-66:C>T-66:C>T,7824887.0,45555246.0,0.13828212636065368
100038393|F|0-44:G>A-44:G>A,100017454|F|0-9:A>G-9:A>G,7824887.0,45869241.0,4.522370720794881e-08
100038393|F|0-44:G>A-44:G>A,100018445|F|0-45:A>G-45:A>G,7824887.0,45885872.0,0.0002992173724701514
100038393|F|0-44:G>A-44:G>A,100034159|F|0-24:A>G-24:A>G,7824887.0,46097671.0,0.0010800091463912572
100038393|F|0-44:G>A-44:G>A,100017594|F|0-13:G>T-13:G>T,7824887.0,46097676.0,0.0005137739362446884
100038393|F|0-44:G>A-44:G>A,100030376|F|0-12:T>C-12:T>C,7824887.0,47165949.0,0.0009739604014445905
100038393|F|0-44:G>A-44:G>A,100034945|F|0-61:G>A-61:G>A,7824887.0,47171709.0,0.0009739604014445923
100038393|F|0-44:G>A-44:G>A,100043426|F|0-30:G>A-30:G>A,7824887.0,47201903.0,0.0010720875030586486
100038393|F|0-44:G>A-44:G>A,100015331|F|0-40:A>G-40:A>G,7824887.0,47228518.0,0.00038273140633715525
100038393|F|0-44:G>A-44:G>A,100033028|F|0-17:A>C-17:A>C,7824887.0,47247609.0,0.0005356908590003352
100038393|F|0-44:G>A-44:G>A,100014668|F|0-30:A>T-30:A>T,7824887.0,48841067.0,0.22447047508160317
100038393|F|0-44:G>A-44:G>A,100019661|F|0-30:A>T-30:A>T,7824887.0,48965503.0,0.011888568043388944
100038393|F|0-44:G>A-44:G>A,100035901|F|0-29:T>A-29:T>A,7824887.0,48989476.0,0.014797260623999418
100038393|F|0-44:G>A-44:G>A,100043126|F|0-48:T>A-48:T>A,7824887.0,49230618.0,0.006836869484476491
100038393|F|0-44:G>A-44:G>A,100044970|F|0-28:C>T-28:C>T,7824887.0,49340094.0,0.013605632957191985
100038393|F|0-44:G>A-44:G>A,100013964|F|0-14:T>G-14:T>G,7824887.0,49356602.0,0.016443982605888578
100038393|F|0-44:G>A-44:G>A,100020795|F|0-42:T>C-42:T>C,7824887.0,49358815.0,0.014779711577305961
100038393|F|0-44:G>A-44:G>A,100016185|F|0-62:C>T-62:C>T,7824887.0,49565807.0,0.054399150971946475
100038393|F|0-44:G>A-44:G>A,100033324|F|0-45:A>T-45:A>T,7824887.0,53523372.0,0.017490114434988862
100038393|F|0-44:G>A-44:G>A,100034432|F|0-24:T>A-24:T>A,7824887.0,53750135.0,0.023305217179277138
100038393|F|0-44:G>A-44:G>A,100056034|F|0-41:G>T-41:G>T,7824887.0,53750140.0,0.034199456702845625
100038393|F|0-44:G>A-44:G>A,100019249|F|0-36:C>A-36:C>A,7824887.0,54407017.0,0.04070269100209558
100038393|F|0-44:G>A-44:G>A,100013936|F|0-38:C>A-38:C>A,7824887.0,54572400.0,0.019911006794267633
100038393|F|0-44:G>A-44:G>A,100018265|F|0-5:C>T-5:C>T,7824887.0,56110897.0,0.060117802301639434
100038393|F|0-44:G>A-44:G>A,100014526|F|0-10:T>C-10:T>C,7824887.0,56110902.0,0.053756058751596836
100038393|F|0-44:G>A-44:G>A,100030709|F|0-39:T>A-39:T>A,7824887.0,56193250.0,0.012783943942441022
100038393|F|0-44:G>A-44:G>A,100033311|F|0-46:C>T-46:C>T,7824887.0,57009334.0,0.013562398082477034
100038393|F|0-44:G>A-44:G>A,100034520|F|0-31:G>A-31:G>A,7824887.0,58309310.0,0.04361707644100069
100038393|F|0-44:G>A-44:G>A,100019390|F|0-56:C>T-56:C>T,7824887.0,58491205.0,3.854860229192912e-05
100038393|F|0-44:G>A-44:G>A,100013048|F|0-58:C>T-58:C>T,7824887.0,58709443.0,0.05184003240002029
100038393|F|0-44:G>A-44:G>A,100041246|F|0-21:G>A-21:G>A,7824887.0,58719431.0,0.020163853708904066
100038393|F|0-44:G>A-44:G>A,100033981|F|0-18:C>A-18:C>A,7824887.0,58771602.0,0.08297040078288082
100038393|F|0-44:G>A-44:G>A,100021859|F|0-23:T>A-23:T>A,7824887.0,59249203.0,0.02200410254268863
100038393|F|0-44:G>A-44:G>A,100038389|F|0-45:C>T-45:C>T,7824887.0,59686561.0,0.008291552801268113
100038393|F|0-44:G>A-44:G>A,100015287|F|0-63:T>C-63:T>C,7824887.0,61485460.0,0.10431758726968025
100038393|F|0-44:G>A-44:G>A,100013445|F|0-24:G>T-24:G>T,7824887.0,61602864.0,0.019472218718281545
100038393|F|0-44:G>A-44:G>A,100013879|F|0-63:G>A-63:G>A,7824887.0,61606253.0,0.01355813503114338
100038393|F|0-44:G>A-44:G>A,100040047|F|0-6:G>A-6:G>A,7824887.0,61640208.0,0.03695931099758506
100038393|F|0-44:G>A-44:G>A,100016920|F|0-66:T>A-66:T>A,7824887.0,61641379.0,0.028081530880909804
100038393|F|0-44:G>A-44:G>A,100017079|F|0-12:A>G-12:A>G,7824887.0,61641384.0,0.008001958126223833
100038393|F|0-44:G>A-44:G>A,100020360|F|0-56:A>G-56:A>G,7824887.0,61670176.0,0.02698684666519933
100038393|F|0-44:G>A-44:G>A,100056174|F|0-11:G>A-11:G>A,7824887.0,61712285.0,0.0007881907162430502
100038393|F|0-44:G>A-44:G>A,100013722|F|0-6:A>G-6:A>G,7824887.0,61760543.0,0.022297000816193544
100038393|F|0-44:G>A-44:G>A,100013153|F|0-63:C>A-63:C>A,7824887.0,61760548.0,0.02808199259864511
100038393|F|0-44:G>A-44:G>A,100040510|F|0-32:T>C-32:T>C,7824887.0,62326715.0,0.04962235375866434
100038393|F|0-44:G>A-44:G>A,100013356|F|0-7:G>A-7:G>A,7824887.0,62367252.0,0.0004103332770961938
100038393|F|0-44:G>A-44:G>A,100014994|F|0-36:G>A-36:G>A,7824887.0,62444541.0,0.0157667894016738
100038393|F|0-44:G>A-44:G>A,100020485|F|0-47:G>T-47:G>T,7824887.0,62444546.0,0.023120252641518402
100038393|F|0-44:G>A-44:G>A,100013478|F|0-51:G>A-51:G>A,7824887.0,62447789.0,0.009473402496839221
100038393|F|0-44:G>A-44:G>A,100013529|F|0-11:C>G-11:C>G,7824887.0,62466983.0,0.0008913048473197703
100038393|F|0-44:G>A-44:G>A,100029518|F|0-19:G>C-19:G>C,7824887.0,62476880.0,0.0006169268113520014
100038393|F|0-44:G>A-44:G>A,100044261|F|0-5:T>A-5:T>A,7824887.0,62476902.0,0.00017262706959077738
100038393|F|0-44:G>A-44:G>A,100017508|F|0-26:G>A-26:G>A,7824887.0,62494366.0,0.02114524891902632
100038393|F|0-44:G>A-44:G>A,100051794|F|0-60:T>C-60:T>C,7824887.0,62494371.0,0.016075157851027738
100038393|F|0-44:G>A-44:G>A,100033227|F|0-6:A>G-6:A>G,7824887.0,62503297.0,0.023316219812851185
100038393|F|0-44:G>A-44:G>A,100015367|F|0-46:A>T-46:A>T,7824887.0,62730005.0,0.0029235043843502924
100038393|F|0-44:G>A-44:G>A,100016319|F|0-60:C>A-60:C>A,7824887.0,62905182.0,0.003194653159448923
100038393|F|0-44:G>A-44:G>A,100020253|F|0-17:T>C-17:T>C,7824887.0,63125496.0,0.021914403679379045
100038393|F|0-44:G>A-44:G>A,100017121|F|0-19:C>T-19:C>T,7824887.0,63306572.0,0.017619680592535384
100038393|F|0-44:G>A-44:G>A,100021507|F|0-53:A>C-53:A>C,7824887.0,63642647.0,0.005005792134566308
100038393|F|0-44:G>A-44:G>A,100019105|F|0-61:T>C-61:T>C,7824887.0,63665304.0,0.005383488384010135
100038393|F|0-44:G>A-44:G>A,100014627|F|0-15:C>G-15:C>G,7824887.0,64043609.0,0.00862055214465296
100038393|F|0-44:G>A-44:G>A,100033689|F|0-56:C>T-56:C>T,7824887.0,64044059.0,0.0037270118042824754
100038393|F|0-44:G>A-44:G>A,100046739|F|0-18:T>G-18:T>G,7824887.0,64189766.0,0.013500281103743909
100038393|F|0-44:G>A-44:G>A,100030110|F|0-28:T>C-28:T>C,7824887.0,64196475.0,0.04739383319931811
100038393|F|0-44:G>A-44:G>A,100016864|F|0-56:A>G-56:A>G,7824887.0,64720414.0,0.012235904684014432
100038393|F|0-44:G>A-44:G>A,100021392|F|0-51:G>A-51:G>A,7824887.0,64886887.0,0.011805513574307392
100036149|F|0-36:T>A-36:T>A,100036173|F|0-57:T>C-57:T>C,8219449.0,8514264.0,0.00900511016632277
100036149|F|0-36:T>A-36:T>A,100033255|F|0-46:T>C-46:T>C,8219449.0,8685335.0,0.004302485175930866
100036149|F|0-36:T>A-36:T>A,100014460|F|0-15:A>T-15:A>T,8219449.0,10928744.0,0.028411582832345045
100036149|F|0-36:T>A-36:T>A,100040451|F|0-37:G>A-37:G>A,8219449.0,10932163.0,0.05755711910523696
100036149|F|0-36:T>A-36:T>A,100018823|F|0-53:T>C-53:T>C,8219449.0,11900381.0,0.03416338694631492
100036149|F|0-36:T>A-36:T>A,100016501|F|0-17:C>T-17:C>T,8219449.0,12114192.0,0.023662901206904625
100036149|F|0-36:T>A-36:T>A,100018613|F|0-47:T>C-47:T>C,8219449.0,12308528.0,0.0075440171579629735
100036149|F|0-36:T>A-36:T>A,100045000|F|0-23:G>A-23:G>A,8219449.0,12317197.0,0.00020299530855286813
100036149|F|0-36:T>A-36:T>A,100015749|F|0-20:C>T-20:C>T,8219449.0,12317967.0,0.003087516125327507
100036149|F|0-36:T>A-36:T>A,100014140|F|0-33:C>G-33:C>G,8219449.0,12605038.0,0.005538530635140051
100036149|F|0-36:T>A-36:T>A,100018408|F|0-53:G>A-53:G>A,8219449.0,12747732.0,0.021366263146363
100036149|F|0-36:T>A-36:T>A,100020066|F|0-27:G>C-27:G>C,8219449.0,13025005.0,7.70645757107565e-06
100036149|F|0-36:T>A-36:T>A,100034157|F|0-53:C>A-53:C>A,8219449.0,13580202.0,0.00012463820299408814
100036149|F|0-36:T>A-36:T>A,100017630|F|0-52:A>T-52:A>T,8219449.0,13716601.0,0.00027327468171537084
100036149|F|0-36:T>A-36:T>A,100044127|F|0-8:G>A-8:G>A,8219449.0,14087087.0,0.006866373684575621
100036149|F|0-36:T>A-36:T>A,100035819|F|0-44:C>T-44:C>T,8219449.0,14553363.0,0.0024694145844139583
100036149|F|0-36:T>A-36:T>A,100034357|F|0-15:T>C-15:T>C,8219449.0,14568764.0,0.02255879345603277
100036149|F|0-36:T>A-36:T>A,100054129|F|0-61:T>A-61:T>A,8219449.0,14873218.0,0.0001033746550662001
100036149|F|0-36:T>A-36:T>A,100022113|F|0-34:G>C-34:G>C,8219449.0,14898843.0,0.0004653544954896391
100036149|F|0-36:T>A-36:T>A,100055747|F|0-35:G>C-35:G>C,8219449.0,14898843.0,0.00016590962718263468
100036149|F|0-36:T>A-36:T>A,100034447|F|0-52:A>T-52:A>T,8219449.0,15211267.0,0.006266297330824204
100036149|F|0-36:T>A-36:T>A,100018930|F|0-63:C>G-63:C>G,8219449.0,15212141.0,0.00485819965359276
100036149|F|0-36:T>A-36:T>A,100014038|F|0-34:G>C-34:G>C,8219449.0,15259541.0,0.0027108003994863726
100036149|F|0-36:T>A-36:T>A,100030229|F|0-11:A>T-11:A>T,8219449.0,15553876.0,0.00033523832239973865
100036149|F|0-36:T>A-36:T>A,100017989|F|0-62:A>T-62:A>T,8219449.0,16021700.0,0.000561044272700713
100036149|F|0-36:T>A-36:T>A,100052450|F|0-8:A>G-8:A>G,8219449.0,22147758.0,0.008701355376597813
100036149|F|0-36:T>A-36:T>A,100034572|F|0-53:G>A-53:G>A,8219449.0,26973588.0,0.002760357360880804
100036149|F|0-36:T>A-36:T>A,100018223|F|0-41:G>A-41:G>A,8219449.0,42850086.0,0.003432257451544598
100036149|F|0-36:T>A-36:T>A,100034540|F|0-15:G>A-15:G>A,8219449.0,42850367.0,0.002995574439408454
100036149|F|0-36:T>A-36:T>A,100017511|F|0-59:G>C-59:G>C,8219449.0,42850408.0,0.0005875104239667068
100036149|F|0-36:T>A-36:T>A,100050114|F|0-27:G>A-27:G>A,8219449.0,43250010.0,0.0012647592871244454
100036149|F|0-36:T>A-36:T>A,100016574|F|0-9:G>A-9:G>A,8219449.0,43529057.0,0.004636084774121568
100036149|F|0-36:T>A-36:T>A,100018496|F|0-32:T>G-32:T>G,8219449.0,43881573.0,0.02990223540648769
100036149|F|0-36:T>A-36:T>A,100017598|F|0-46:C>G-46:C>G,8219449.0,45505408.0,0.02873465942473001
100036149|F|0-36:T>A-36:T>A,100021048|F|0-66:C>T-66:C>T,8219449.0,45555246.0,0.031940866674303084
100036149|F|0-36:T>A-36:T>A,100017454|F|0-9:A>G-9:A>G,8219449.0,45869241.0,0.023108056997745492
100036149|F|0-36:T>A-36:T>A,100018445|F|0-45:A>G-45:A>G,8219449.0,45885872.0,0.008907490698724114
100036149|F|0-36:T>A-36:T>A,100034159|F|0-24:A>G-24:A>G,8219449.0,46097671.0,0.022778229482346674
100036149|F|0-36:T>A-36:T>A,100017594|F|0-13:G>T-13:G>T,8219449.0,46097676.0,0.031314874633830224
100036149|F|0-36:T>A-36:T>A,100030376|F|0-12:T>C-12:T>C,8219449.0,47165949.0,0.003403012813828888
100036149|F|0-36:T>A-36:T>A,100034945|F|0-61:G>A-61:G>A,8219449.0,47171709.0,0.003403012813828888
100036149|F|0-36:T>A-36:T>A,100043426|F|0-30:G>A-30:G>A,8219449.0,47201903.0,0.0005861832515606838
100036149|F|0-36:T>A-36:T>A,100015331|F|0-40:A>G-40:A>G,8219449.0,47228518.0,0.00037785953071945756
100036149|F|0-36:T>A-36:T>A,100033028|F|0-17:A>C-17:A>C,8219449.0,47247609.0,0.0019955142159773114
100036149|F|0-36:T>A-36:T>A,100014668|F|0-30:A>T-30:A>T,8219449.0,48841067.0,0.00209774368427096
100036149|F|0-36:T>A-36:T>A,100019661|F|0-30:A>T-30:A>T,8219449.0,48965503.0,0.0273244441031108
100036149|F|0-36:T>A-36:T>A,100035901|F|0-29:T>A-29:T>A,8219449.0,48989476.0,0.06459777340581956
100036149|F|0-36:T>A-36:T>A,100043126|F|0-48:T>A-48:T>A,8219449.0,49230618.0,0.006846291874648663
100036149|F|0-36:T>A-36:T>A,100044970|F|0-28:C>T-28:C>T,8219449.0,49340094.0,6.703419280106522e-06
100036149|F|0-36:T>A-36:T>A,100013964|F|0-14:T>G-14:T>G,8219449.0,49356602.0,6.386435211610542e-05
100036149|F|0-36:T>A-36:T>A,100020795|F|0-42:T>C-42:T>C,8219449.0,49358815.0,0.00019237752228306934
100036149|F|0-36:T>A-36:T>A,100016185|F|0-62:C>T-62:C>T,8219449.0,49565807.0,0.03033792361619237
100036149|F|0-36:T>A-36:T>A,100033324|F|0-45:A>T-45:A>T,8219449.0,53523372.0,0.0017671847257845655
100036149|F|0-36:T>A-36:T>A,100034432|F|0-24:T>A-24:T>A,8219449.0,53750135.0,0.011564206632504313
100036149|F|0-36:T>A-36:T>A,100056034|F|0-41:G>T-41:G>T,8219449.0,53750140.0,0.00015563191368406118
100036149|F|0-36:T>A-36:T>A,100019249|F|0-36:C>A-36:C>A,8219449.0,54407017.0,0.007320826392556806
100036149|F|0-36:T>A-36:T>A,100013936|F|0-38:C>A-38:C>A,8219449.0,54572400.0,0.0054093945141323214
100036149|F|0-36:T>A-36:T>A,100018265|F|0-5:C>T-5:C>T,8219449.0,56110897.0,0.02637718253673824
100036149|F|0-36:T>A-36:T>A,100014526|F|0-10:T>C-10:T>C,8219449.0,56110902.0,0.05056356085618712
100036149|F|0-36:T>A-36:T>A,100030709|F|0-39:T>A-39:T>A,8219449.0,56193250.0,0.042827998719431326
100036149|F|0-36:T>A-36:T>A,100033311|F|0-46:C>T-46:C>T,8219449.0,57009334.0,0.011023773006134961
100036149|F|0-36:T>A-36:T>A,100034520|F|0-31:G>A-31:G>A,8219449.0,58309310.0,0.0025714507475217458
100036149|F|0-36:T>A-36:T>A,100019390|F|0-56:C>T-56:C>T,8219449.0,58491205.0,0.03245664088622681
100036149|F|0-36:T>A-36:T>A,100013048|F|0-58:C>T-58:C>T,8219449.0,58709443.0,0.0011715203353443852
100036149|F|0-36:T>A-36:T>A,100041246|F|0-21:G>A-21:G>A,8219449.0,58719431.0,0.007353622597445935
100036149|F|0-36:T>A-36:T>A,100033981|F|0-18:C>A-18:C>A,8219449.0,58771602.0,0.039449758176822926
100036149|F|0-36:T>A-36:T>A,100021859|F|0-23:T>A-23:T>A,8219449.0,59249203.0,0.0016469044246720144
100036149|F|0-36:T>A-36:T>A,100038389|F|0-45:C>T-45:C>T,8219449.0,59686561.0,0.02492939916252816
100036149|F|0-36:T>A-36:T>A,100015287|F|0-63:T>C-63:T>C,8219449.0,61485460.0,0.007225955322017087
100036149|F|0-36:T>A-36:T>A,100013445|F|0-24:G>T-24:G>T,8219449.0,61602864.0,0.00039833943939820976
100036149|F|0-36:T>A-36:T>A,100013879|F|0-63:G>A-63:G>A,8219449.0,61606253.0,0.00010190978945437678
100036149|F|0-36:T>A-36:T>A,100040047|F|0-6:G>A-6:G>A,8219449.0,61640208.0,0.03842424431163496
100036149|F|0-36:T>A-36:T>A,100016920|F|0-66:T>A-66:T>A,8219449.0,61641379.0,0.026721956484154513
100036149|F|0-36:T>A-36:T>A,100017079|F|0-12:A>G-12:A>G,8219449.0,61641384.0,0.019487549621075517
100036149|F|0-36:T>A-36:T>A,100020360|F|0-56:A>G-56:A>G,8219449.0,61670176.0,9.062736795466638e-05
100036149|F|0-36:T>A-36:T>A,100056174|F|0-11:G>A-11:G>A,8219449.0,61712285.0,0.008133055664996905
100036149|F|0-36:T>A-36:T>A,100013722|F|0-6:A>G-6:A>G,8219449.0,61760543.0,0.0007895015508218754
100036149|F|0-36:T>A-36:T>A,100013153|F|0-63:C>A-63:C>A,8219449.0,61760548.0,0.00042539332265418943
100036149|F|0-36:T>A-36:T>A,100040510|F|0-32:T>C-32:T>C,8219449.0,62326715.0,0.06403102934367416
100036149|F|0-36:T>A-36:T>A,100013356|F|0-7:G>A-7:G>A,8219449.0,62367252.0,0.003229347713486572
100036149|F|0-36:T>A-36:T>A,100014994|F|0-36:G>A-36:G>A,8219449.0,62444541.0,0.0034682548525047053
100036149|F|0-36:T>A-36:T>A,100020485|F|0-47:G>T-47:G>T,8219449.0,62444546.0,0.0053554046924961084
100036149|F|0-36:T>A-36:T>A,100013478|F|0-51:G>A-51:G>A,8219449.0,62447789.0,0.008210900972753966
100036149|F|0-36:T>A-36:T>A,100013529|F|0-11:C>G-11:C>G,8219449.0,62466983.0,0.0009878340438806317
100036149|F|0-36:T>A-36:T>A,100029518|F|0-19:G>C-19:G>C,8219449.0,62476880.0,0.009938276386110476
100036149|F|0-36:T>A-36:T>A,100044261|F|0-5:T>A-5:T>A,8219449.0,62476902.0,0.0014246702252002305
100036149|F|0-36:T>A-36:T>A,100017508|F|0-26:G>A-26:G>A,8219449.0,62494366.0,0.028423421928485678
100036149|F|0-36:T>A-36:T>A,100051794|F|0-60:T>C-60:T>C,8219449.0,62494371.0,0.039858168692524544
100036149|F|0-36:T>A-36:T>A,100033227|F|0-6:A>G-6:A>G,8219449.0,62503297.0,0.030488845080082906
100036149|F|0-36:T>A-36:T>A,100015367|F|0-46:A>T-46:A>T,8219449.0,62730005.0,0.0036004185953799513
100036149|F|0-36:T>A-36:T>A,100016319|F|0-60:C>A-60:C>A,8219449.0,62905182.0,0.006099300898844365
100036149|F|0-36:T>A-36:T>A,100020253|F|0-17:T>C-17:T>C,8219449.0,63125496.0,0.006807294730649625
100036149|F|0-36:T>A-36:T>A,100017121|F|0-19:C>T-19:C>T,8219449.0,63306572.0,0.0031515436727862214
100036149|F|0-36:T>A-36:T>A,100021507|F|0-53:A>C-53:A>C,8219449.0,63642647.0,0.00733404812810474
100036149|F|0-36:T>A-36:T>A,100019105|F|0-61:T>C-61:T>C,8219449.0,63665304.0,0.015811776611220022
100036149|F|0-36:T>A-36:T>A,100014627|F|0-15:C>G-15:C>G,8219449.0,64043609.0,0.008772611677788839
100036149|F|0-36:T>A-36:T>A,100033689|F|0-56:C>T-56:C>T,8219449.0,64044059.0,0.000712669232607879
100036149|F|0-36:T>A-36:T>A,100046739|F|0-18:T>G-18:T>G,8219449.0,64189766.0,0.01007877983500563
100036149|F|0-36:T>A-36:T>A,100030110|F|0-28:T>C-28:T>C,8219449.0,64196475.0,0.013736492873426799
100036149|F|0-36:T>A-36:T>A,100016864|F|0-56:A>G-56:A>G,8219449.0,64720414.0,1.3311054716847645e-05
100036149|F|0-36:T>A-36:T>A,100021392|F|0-51:G>A-51:G>A,8219449.0,64886887.0,0.08734212344337744
100036173|F|0-57:T>C-57:T>C,100033255|F|0-46:T>C-46:T>C,8514264.0,8685335.0,0.0065735358019694675
100036173|F|0-57:T>C-57:T>C,100014460|F|0-15:A>T-15:A>T,8514264.0,10928744.0,0.006658764731195795
100036173|F|0-57:T>C-57:T>C,100040451|F|0-37:G>A-37:G>A,8514264.0,10932163.0,0.006404409021721078
100036173|F|0-57:T>C-57:T>C,100018823|F|0-53:T>C-53:T>C,8514264.0,11900381.0,0.00012379095445038882
100036173|F|0-57:T>C-57:T>C,100016501|F|0-17:C>T-17:C>T,8514264.0,12114192.0,0.03482666272438343
100036173|F|0-57:T>C-57:T>C,100018613|F|0-47:T>C-47:T>C,8514264.0,12308528.0,0.011103158435647563
100036173|F|0-57:T>C-57:T>C,100045000|F|0-23:G>A-23:G>A,8514264.0,12317197.0,0.000298765104235831
100036173|F|0-57:T>C-57:T>C,100015749|F|0-20:C>T-20:C>T,8514264.0,12317967.0,0.011041981345773375
100036173|F|0-57:T>C-57:T>C,100014140|F|0-33:C>G-33:C>G,8514264.0,12605038.0,0.00770494457383433
100036173|F|0-57:T>C-57:T>C,100018408|F|0-53:G>A-53:G>A,8514264.0,12747732.0,4.534827475008068e-05
100036173|F|0-57:T>C-57:T>C,100020066|F|0-27:G>C-27:G>C,8514264.0,13025005.0,0.023114087149108297
100036173|F|0-57:T>C-57:T>C,100034157|F|0-53:C>A-53:C>A,8514264.0,13580202.0,0.0005888565037274106
100036173|F|0-57:T>C-57:T>C,100017630|F|0-52:A>T-52:A>T,8514264.0,13716601.0,0.0009773208674183687
100036173|F|0-57:T>C-57:T>C,100044127|F|0-8:G>A-8:G>A,8514264.0,14087087.0,0.005345223982052667
100036173|F|0-57:T>C-57:T>C,100035819|F|0-44:C>T-44:C>T,8514264.0,14553363.0,0.08590423431546133
100036173|F|0-57:T>C-57:T>C,100034357|F|0-15:T>C-15:T>C,8514264.0,14568764.0,0.02000375156937092
100036173|F|0-57:T>C-57:T>C,100054129|F|0-61:T>A-61:T>A,8514264.0,14873218.0,0.0029839067754245372
100036173|F|0-57:T>C-57:T>C,100022113|F|0-34:G>C-34:G>C,8514264.0,14898843.0,4.9645188874614906e-05
100036173|F|0-57:T>C-57:T>C,100055747|F|0-35:G>C-35:G>C,8514264.0,14898843.0,0.0002441830178850505
100036173|F|0-57:T>C-57:T>C,100034447|F|0-52:A>T-52:A>T,8514264.0,15211267.0,0.002983906775424519
100036173|F|0-57:T>C-57:T>C,100018930|F|0-63:C>G-63:C>G,8514264.0,15212141.0,0.0021709738708851328
100036173|F|0-57:T>C-57:T>C,100014038|F|0-34:G>C-34:G>C,8514264.0,15259541.0,0.012218489159535927
100036173|F|0-57:T>C-57:T>C,100030229|F|0-11:A>T-11:A>T,8514264.0,15553876.0,0.004873565528310716
100036173|F|0-57:T>C-57:T>C,100017989|F|0-62:A>T-62:A>T,8514264.0,16021700.0,0.18294318548268929
100036173|F|0-57:T>C-57:T>C,100052450|F|0-8:A>G-8:A>G,8514264.0,22147758.0,0.004292486561473683
100036173|F|0-57:T>C-57:T>C,100034572|F|0-53:G>A-53:G>A,8514264.0,26973588.0,0.004645301888866387
100036173|F|0-57:T>C-57:T>C,100018223|F|0-41:G>A-41:G>A,8514264.0,42850086.0,0.0006595788398261491
100036173|F|0-57:T>C-57:T>C,100034540|F|0-15:G>A-15:G>A,8514264.0,42850367.0,0.0009831433068389886
100036173|F|0-57:T>C-57:T>C,100017511|F|0-59:G>C-59:G>C,8514264.0,42850408.0,0.00026253959702152505
100036173|F|0-57:T>C-57:T>C,100050114|F|0-27:G>A-27:G>A,8514264.0,43250010.0,0.0006767085047489216
100036173|F|0-57:T>C-57:T>C,100016574|F|0-9:G>A-9:G>A,8514264.0,43529057.0,0.005013045645099809
100036173|F|0-57:T>C-57:T>C,100018496|F|0-32:T>G-32:T>G,8514264.0,43881573.0,0.0017852073988108915
100036173|F|0-57:T>C-57:T>C,100017598|F|0-46:C>G-46:C>G,8514264.0,45505408.0,0.0017155013968022427
100036173|F|0-57:T>C-57:T>C,100021048|F|0-66:C>T-66:C>T,8514264.0,45555246.0,0.0021652001658451297
100036173|F|0-57:T>C-57:T>C,100017454|F|0-9:A>G-9:A>G,8514264.0,45869241.0,0.012904454489099182
100036173|F|0-57:T>C-57:T>C,100018445|F|0-45:A>G-45:A>G,8514264.0,45885872.0,0.01699365449683616
100036173|F|0-57:T>C-57:T>C,100034159|F|0-24:A>G-24:A>G,8514264.0,46097671.0,0.01213913214936495
100036173|F|0-57:T>C-57:T>C,100017594|F|0-13:G>T-13:G>T,8514264.0,46097676.0,0.009963528368669409
100036173|F|0-57:T>C-57:T>C,100030376|F|0-12:T>C-12:T>C,8514264.0,47165949.0,0.012775673442132075
100036173|F|0-57:T>C-57:T>C,100034945|F|0-61:G>A-61:G>A,8514264.0,47171709.0,0.00026544699303512653
100036173|F|0-57:T>C-57:T>C,100043426|F|0-30:G>A-30:G>A,8514264.0,47201903.0,7.162606534478137e-05
100036173|F|0-57:T>C-57:T>C,100015331|F|0-40:A>G-40:A>G,8514264.0,47228518.0,1.9551351988058735e-05
100036173|F|0-57:T>C-57:T>C,100033028|F|0-17:A>C-17:A>C,8514264.0,47247609.0,0.0015534357630039573
100036173|F|0-57:T>C-57:T>C,100014668|F|0-30:A>T-30:A>T,8514264.0,48841067.0,0.004318568732294942
100036173|F|0-57:T>C-57:T>C,100019661|F|0-30:A>T-30:A>T,8514264.0,48965503.0,0.0035375463629402377
100036173|F|0-57:T>C-57:T>C,100035901|F|0-29:T>A-29:T>A,8514264.0,48989476.0,0.001217776559396793
100036173|F|0-57:T>C-57:T>C,100043126|F|0-48:T>A-48:T>A,8514264.0,49230618.0,0.022771786300778977
100036173|F|0-57:T>C-57:T>C,100044970|F|0-28:C>T-28:C>T,8514264.0,49340094.0,0.03318915847132546
100036173|F|0-57:T>C-57:T>C,100013964|F|0-14:T>G-14:T>G,8514264.0,49356602.0,0.029198506075128028
100036173|F|0-57:T>C-57:T>C,100020795|F|0-42:T>C-42:T>C,8514264.0,49358815.0,0.029158944132090574
100036173|F|0-57:T>C-57:T>C,100016185|F|0-62:C>T-62:C>T,8514264.0,49565807.0,0.004712563537920265
100036173|F|0-57:T>C-57:T>C,100033324|F|0-45:A>T-45:A>T,8514264.0,53523372.0,0.00010832623739464625
100036173|F|0-57:T>C-57:T>C,100034432|F|0-24:T>A-24:T>A,8514264.0,53750135.0,2.3836709008607376e-06
100036173|F|0-57:T>C-57:T>C,100056034|F|0-41:G>T-41:G>T,8514264.0,53750140.0,0.005569530752939342
100036173|F|0-57:T>C-57:T>C,100019249|F|0-36:C>A-36:C>A,8514264.0,54407017.0,0.008685824127088519
100036173|F|0-57:T>C-57:T>C,100013936|F|0-38:C>A-38:C>A,8514264.0,54572400.0,0.002169474060786844
100036173|F|0-57:T>C-57:T>C,100018265|F|0-5:C>T-5:C>T,8514264.0,56110897.0,0.007227822272376913
100036173|F|0-57:T>C-57:T>C,100014526|F|0-10:T>C-10:T>C,8514264.0,56110902.0,0.014523396579114065
100036173|F|0-57:T>C-57:T>C,100030709|F|0-39:T>A-39:T>A,8514264.0,56193250.0,0.004043492789264791
100036173|F|0-57:T>C-57:T>C,100033311|F|0-46:C>T-46:C>T,8514264.0,57009334.0,0.005589667778977315
100036173|F|0-57:T>C-57:T>C,100034520|F|0-31:G>A-31:G>A,8514264.0,58309310.0,0.047598744386826944
100036173|F|0-57:T>C-57:T>C,100019390|F|0-56:C>T-56:C>T,8514264.0,58491205.0,0.034448784675788734
100036173|F|0-57:T>C-57:T>C,100013048|F|0-58:C>T-58:C>T,8514264.0,58709443.0,0.00844237547964498
100036173|F|0-57:T>C-57:T>C,100041246|F|0-21:G>A-21:G>A,8514264.0,58719431.0,0.08822252380660127
100036173|F|0-57:T>C-57:T>C,100033981|F|0-18:C>A-18:C>A,8514264.0,58771602.0,4.241161074104241e-05
100036173|F|0-57:T>C-57:T>C,100021859|F|0-23:T>A-23:T>A,8514264.0,59249203.0,0.04703450428353275
100036173|F|0-57:T>C-57:T>C,100038389|F|0-45:C>T-45:C>T,8514264.0,59686561.0,0.018139309900032253
100036173|F|0-57:T>C-57:T>C,100015287|F|0-63:T>C-63:T>C,8514264.0,61485460.0,0.0030620818107279274
100036173|F|0-57:T>C-57:T>C,100013445|F|0-24:G>T-24:G>T,8514264.0,61602864.0,0.0027522088129176
100036173|F|0-57:T>C-57:T>C,100013879|F|0-63:G>A-63:G>A,8514264.0,61606253.0,0.0021092220813991092
100036173|F|0-57:T>C-57:T>C,100040047|F|0-6:G>A-6:G>A,8514264.0,61640208.0,0.0011690335537890807
100036173|F|0-57:T>C-57:T>C,100016920|F|0-66:T>A-66:T>A,8514264.0,61641379.0,0.004588889124496597
100036173|F|0-57:T>C-57:T>C,100017079|F|0-12:A>G-12:A>G,8514264.0,61641384.0,0.006395786305492866
100036173|F|0-57:T>C-57:T>C,100020360|F|0-56:A>G-56:A>G,8514264.0,61670176.0,0.012571659082004206
100036173|F|0-57:T>C-57:T>C,100056174|F|0-11:G>A-11:G>A,8514264.0,61712285.0,0.0003132313044918908
100036173|F|0-57:T>C-57:T>C,100013722|F|0-6:A>G-6:A>G,8514264.0,61760543.0,0.00012317314121674912
100036173|F|0-57:T>C-57:T>C,100013153|F|0-63:C>A-63:C>A,8514264.0,61760548.0,2.2010863584004296e-05
100036173|F|0-57:T>C-57:T>C,100040510|F|0-32:T>C-32:T>C,8514264.0,62326715.0,0.007247167681758179
100036173|F|0-57:T>C-57:T>C,100013356|F|0-7:G>A-7:G>A,8514264.0,62367252.0,0.013639573689537917
100036173|F|0-57:T>C-57:T>C,100014994|F|0-36:G>A-36:G>A,8514264.0,62444541.0,0.00200962246311331
100036173|F|0-57:T>C-57:T>C,100020485|F|0-47:G>T-47:G>T,8514264.0,62444546.0,0.0011810689950251083
100036173|F|0-57:T>C-57:T>C,100013478|F|0-51:G>A-51:G>A,8514264.0,62447789.0,0.0023270444040348077
100036173|F|0-57:T>C-57:T>C,100013529|F|0-11:C>G-11:C>G,8514264.0,62466983.0,0.004452500286949544
100036173|F|0-57:T>C-57:T>C,100029518|F|0-19:G>C-19:G>C,8514264.0,62476880.0,0.003363155986167036
100036173|F|0-57:T>C-57:T>C,100044261|F|0-5:T>A-5:T>A,8514264.0,62476902.0,0.005499903879883542
100036173|F|0-57:T>C-57:T>C,100017508|F|0-26:G>A-26:G>A,8514264.0,62494366.0,2.1805799295932964e-07
100036173|F|0-57:T>C-57:T>C,100051794|F|0-60:T>C-60:T>C,8514264.0,62494371.0,0.00014665646719822705
100036173|F|0-57:T>C-57:T>C,100033227|F|0-6:A>G-6:A>G,8514264.0,62503297.0,9.61783541117897e-07
100036173|F|0-57:T>C-57:T>C,100015367|F|0-46:A>T-46:A>T,8514264.0,62730005.0,0.03251564878273155
100036173|F|0-57:T>C-57:T>C,100016319|F|0-60:C>A-60:C>A,8514264.0,62905182.0,0.0009974276864927333
100036173|F|0-57:T>C-57:T>C,100020253|F|0-17:T>C-17:T>C,8514264.0,63125496.0,0.0034091963264170156
100036173|F|0-57:T>C-57:T>C,100017121|F|0-19:C>T-19:C>T,8514264.0,63306572.0,0.0006823976801117593
100036173|F|0-57:T>C-57:T>C,100021507|F|0-53:A>C-53:A>C,8514264.0,63642647.0,0.0031099651945347717
100036173|F|0-57:T>C-57:T>C,100019105|F|0-61:T>C-61:T>C,8514264.0,63665304.0,0.02327150869190852
100036173|F|0-57:T>C-57:T>C,100014627|F|0-15:C>G-15:C>G,8514264.0,64043609.0,0.014279388344950204
100036173|F|0-57:T>C-57:T>C,100033689|F|0-56:C>T-56:C>T,8514264.0,64044059.0,0.015172186729748809
100036173|F|0-57:T>C-57:T>C,100046739|F|0-18:T>G-18:T>G,8514264.0,64189766.0,0.01054099071533652
100036173|F|0-57:T>C-57:T>C,100030110|F|0-28:T>C-28:T>C,8514264.0,64196475.0,0.005186417791356659
100036173|F|0-57:T>C-57:T>C,100016864|F|0-56:A>G-56:A>G,8514264.0,64720414.0,0.0026883633302292507
100036173|F|0-57:T>C-57:T>C,100021392|F|0-51:G>A-51:G>A,8514264.0,64886887.0,0.00031394138746884996
100033255|F|0-46:T>C-46:T>C,100014460|F|0-15:A>T-15:A>T,8685335.0,10928744.0,0.000427517621741969
100033255|F|0-46:T>C-46:T>C,100040451|F|0-37:G>A-37:G>A,8685335.0,10932163.0,0.00041118703305460043
100033255|F|0-46:T>C-46:T>C,100018823|F|0-53:T>C-53:T>C,8685335.0,11900381.0,0.06575051084913902
100033255|F|0-46:T>C-46:T>C,100016501|F|0-17:C>T-17:C>T,8685335.0,12114192.0,0.004636573985320483
100033255|F|0-46:T>C-46:T>C,100018613|F|0-47:T>C-47:T>C,8685335.0,12308528.0,0.041052004898150043
100033255|F|0-46:T>C-46:T>C,100045000|F|0-23:G>A-23:G>A,8685335.0,12317197.0,0.01903317882531031
100033255|F|0-46:T>C-46:T>C,100015749|F|0-20:C>T-20:C>T,8685335.0,12317967.0,0.046488951284280135
100033255|F|0-46:T>C-46:T>C,100014140|F|0-33:C>G-33:C>G,8685335.0,12605038.0,0.04435898004855182
100033255|F|0-46:T>C-46:T>C,100018408|F|0-53:G>A-53:G>A,8685335.0,12747732.0,0.00040626065293979574
100033255|F|0-46:T>C-46:T>C,100020066|F|0-27:G>C-27:G>C,8685335.0,13025005.0,0.037359015569989086
100033255|F|0-46:T>C-46:T>C,100034157|F|0-53:C>A-53:C>A,8685335.0,13580202.0,0.03693443435509869
100033255|F|0-46:T>C-46:T>C,100017630|F|0-52:A>T-52:A>T,8685335.0,13716601.0,0.08157689228328707
100033255|F|0-46:T>C-46:T>C,100044127|F|0-8:G>A-8:G>A,8685335.0,14087087.0,0.011971536938427533
100033255|F|0-46:T>C-46:T>C,100035819|F|0-44:C>T-44:C>T,8685335.0,14553363.0,0.023322075114751022
100033255|F|0-46:T>C-46:T>C,100034357|F|0-15:T>C-15:T>C,8685335.0,14568764.0,0.02451088415715649
100033255|F|0-46:T>C-46:T>C,100054129|F|0-61:T>A-61:T>A,8685335.0,14873218.0,0.003714390121087261
100033255|F|0-46:T>C-46:T>C,100022113|F|0-34:G>C-34:G>C,8685335.0,14898843.0,0.01757237380774831
100033255|F|0-46:T>C-46:T>C,100055747|F|0-35:G>C-35:G>C,8685335.0,14898843.0,0.01555596346299397
100033255|F|0-46:T>C-46:T>C,100034447|F|0-52:A>T-52:A>T,8685335.0,15211267.0,0.0037143901210872575
100033255|F|0-46:T>C-46:T>C,100018930|F|0-63:C>G-63:C>G,8685335.0,15212141.0,0.000296434366782353
100033255|F|0-46:T>C-46:T>C,100014038|F|0-34:G>C-34:G>C,8685335.0,15259541.0,0.00020657601117124208
100033255|F|0-46:T>C-46:T>C,100030229|F|0-11:A>T-11:A>T,8685335.0,15553876.0,0.0076663046344089695
100033255|F|0-46:T>C-46:T>C,100017989|F|0-62:A>T-62:A>T,8685335.0,16021700.0,0.01750887662501485
100033255|F|0-46:T>C-46:T>C,100052450|F|0-8:A>G-8:A>G,8685335.0,22147758.0,0.0008351448318921899
100033255|F|0-46:T>C-46:T>C,100034572|F|0-53:G>A-53:G>A,8685335.0,26973588.0,0.0270743183778175
100033255|F|0-46:T>C-46:T>C,100018223|F|0-41:G>A-41:G>A,8685335.0,42850086.0,0.004454175575638002
100033255|F|0-46:T>C-46:T>C,100034540|F|0-15:G>A-15:G>A,8685335.0,42850367.0,0.00578523931065517
100033255|F|0-46:T>C-46:T>C,100017511|F|0-59:G>C-59:G>C,8685335.0,42850408.0,0.002776093656928547
100033255|F|0-46:T>C-46:T>C,100050114|F|0-27:G>A-27:G>A,8685335.0,43250010.0,0.005428614447033889
100033255|F|0-46:T>C-46:T>C,100016574|F|0-9:G>A-9:G>A,8685335.0,43529057.0,0.007241780589270267
100033255|F|0-46:T>C-46:T>C,100018496|F|0-32:T>G-32:T>G,8685335.0,43881573.0,0.05292441415569793
100033255|F|0-46:T>C-46:T>C,100017598|F|0-46:C>G-46:C>G,8685335.0,45505408.0,0.05085790394411089
100033255|F|0-46:T>C-46:T>C,100021048|F|0-66:C>T-66:C>T,8685335.0,45555246.0,0.05651135295988814
100033255|F|0-46:T>C-46:T>C,100017454|F|0-9:A>G-9:A>G,8685335.0,45869241.0,0.02765249370466007
100033255|F|0-46:T>C-46:T>C,100018445|F|0-45:A>G-45:A>G,8685335.0,45885872.0,0.025884149329563493
100033255|F|0-46:T>C-46:T>C,100034159|F|0-24:A>G-24:A>G,8685335.0,46097671.0,0.03494087357756643
100033255|F|0-46:T>C-46:T>C,100017594|F|0-13:G>T-13:G>T,8685335.0,46097676.0,0.02895118379673481
100033255|F|0-46:T>C-46:T>C,100030376|F|0-12:T>C-12:T>C,8685335.0,47165949.0,0.07487201829108663
100033255|F|0-46:T>C-46:T>C,100034945|F|0-61:G>A-61:G>A,8685335.0,47171709.0,0.07157329338953777
100033255|F|0-46:T>C-46:T>C,100043426|F|0-30:G>A-30:G>A,8685335.0,47201903.0,0.05280939087060272
100033255|F|0-46:T>C-46:T>C,100015331|F|0-40:A>G-40:A>G,8685335.0,47228518.0,0.04879823710940384
100033255|F|0-46:T>C-46:T>C,100033028|F|0-17:A>C-17:A>C,8685335.0,47247609.0,0.04154445442156946
100033255|F|0-46:T>C-46:T>C,100014668|F|0-30:A>T-30:A>T,8685335.0,48841067.0,0.04637605761182549
100033255|F|0-46:T>C-46:T>C,100019661|F|0-30:A>T-30:A>T,8685335.0,48965503.0,0.0037965537646054946
100033255|F|0-46:T>C-46:T>C,100035901|F|0-29:T>A-29:T>A,8685335.0,48989476.0,0.0039048887610852287
100033255|F|0-46:T>C-46:T>C,100043126|F|0-48:T>A-48:T>A,8685335.0,49230618.0,0.013626119844657898
100033255|F|0-46:T>C-46:T>C,100044970|F|0-28:C>T-28:C>T,8685335.0,49340094.0,0.010394386540211123
100033255|F|0-46:T>C-46:T>C,100013964|F|0-14:T>G-14:T>G,8685335.0,49356602.0,0.0203557873083458
100033255|F|0-46:T>C-46:T>C,100020795|F|0-42:T>C-42:T>C,8685335.0,49358815.0,0.013471181770779465
100033255|F|0-46:T>C-46:T>C,100016185|F|0-62:C>T-62:C>T,8685335.0,49565807.0,0.03793512594136803
100033255|F|0-46:T>C-46:T>C,100033324|F|0-45:A>T-45:A>T,8685335.0,53523372.0,0.009795641121869142
100033255|F|0-46:T>C-46:T>C,100034432|F|0-24:T>A-24:T>A,8685335.0,53750135.0,0.01621468927055385
100033255|F|0-46:T>C-46:T>C,100056034|F|0-41:G>T-41:G>T,8685335.0,53750140.0,0.004168611144212428
100033255|F|0-46:T>C-46:T>C,100019249|F|0-36:C>A-36:C>A,8685335.0,54407017.0,0.010802222468511317
100033255|F|0-46:T>C-46:T>C,100013936|F|0-38:C>A-38:C>A,8685335.0,54572400.0,0.21838655642172308
100033255|F|0-46:T>C-46:T>C,100018265|F|0-5:C>T-5:C>T,8685335.0,56110897.0,0.022965588418154315
100033255|F|0-46:T>C-46:T>C,100014526|F|0-10:T>C-10:T>C,8685335.0,56110902.0,0.022212640210776142
100033255|F|0-46:T>C-46:T>C,100030709|F|0-39:T>A-39:T>A,8685335.0,56193250.0,0.0561676654442568
100033255|F|0-46:T>C-46:T>C,100033311|F|0-46:C>T-46:C>T,8685335.0,57009334.0,0.0011989280804261908
100033255|F|0-46:T>C-46:T>C,100034520|F|0-31:G>A-31:G>A,8685335.0,58309310.0,0.0005189017035410682
100033255|F|0-46:T>C-46:T>C,100019390|F|0-56:C>T-56:C>T,8685335.0,58491205.0,0.0453944057316039
100033255|F|0-46:T>C-46:T>C,100013048|F|0-58:C>T-58:C>T,8685335.0,58709443.0,0.006962955815927383
100033255|F|0-46:T>C-46:T>C,100041246|F|0-21:G>A-21:G>A,8685335.0,58719431.0,0.007788096695368966
100033255|F|0-46:T>C-46:T>C,100033981|F|0-18:C>A-18:C>A,8685335.0,58771602.0,0.015011981918582523
100033255|F|0-46:T>C-46:T>C,100021859|F|0-23:T>A-23:T>A,8685335.0,59249203.0,0.0007327796775769388
100033255|F|0-46:T>C-46:T>C,100038389|F|0-45:C>T-45:C>T,8685335.0,59686561.0,0.01964083814222579
100033255|F|0-46:T>C-46:T>C,100015287|F|0-63:T>C-63:T>C,8685335.0,61485460.0,0.08088877087204303
100033255|F|0-46:T>C-46:T>C,100013445|F|0-24:G>T-24:G>T,8685335.0,61602864.0,0.06443673710130456
100033255|F|0-46:T>C-46:T>C,100013879|F|0-63:G>A-63:G>A,8685335.0,61606253.0,0.06500809121390835
100033255|F|0-46:T>C-46:T>C,100040047|F|0-6:G>A-6:G>A,8685335.0,61640208.0,0.018804382074261033
100033255|F|0-46:T>C-46:T>C,100016920|F|0-66:T>A-66:T>A,8685335.0,61641379.0,0.02236141662084167
100033255|F|0-46:T>C-46:T>C,100017079|F|0-12:A>G-12:A>G,8685335.0,61641384.0,0.0318100812774863
100033255|F|0-46:T>C-46:T>C,100020360|F|0-56:A>G-56:A>G,8685335.0,61670176.0,0.01983376081888951
100033255|F|0-46:T>C-46:T>C,100056174|F|0-11:G>A-11:G>A,8685335.0,61712285.0,0.12171215567397736
100033255|F|0-46:T>C-46:T>C,100013722|F|0-6:A>G-6:A>G,8685335.0,61760543.0,0.000217969121524973
100033255|F|0-46:T>C-46:T>C,100013153|F|0-63:C>A-63:C>A,8685335.0,61760548.0,0.0005723599145834687
100033255|F|0-46:T>C-46:T>C,100040510|F|0-32:T>C-32:T>C,8685335.0,62326715.0,0.0015846573355780395
100033255|F|0-46:T>C-46:T>C,100013356|F|0-7:G>A-7:G>A,8685335.0,62367252.0,0.0027772149163532447
100033255|F|0-46:T>C-46:T>C,100014994|F|0-36:G>A-36:G>A,8685335.0,62444541.0,0.032006334717059645
100033255|F|0-46:T>C-46:T>C,100020485|F|0-47:G>T-47:G>T,8685335.0,62444546.0,0.04000463756934668
100033255|F|0-46:T>C-46:T>C,100013478|F|0-51:G>A-51:G>A,8685335.0,62447789.0,0.0380181617284692
100033255|F|0-46:T>C-46:T>C,100013529|F|0-11:C>G-11:C>G,8685335.0,62466983.0,0.0007126882744248992
100033255|F|0-46:T>C-46:T>C,100029518|F|0-19:G>C-19:G>C,8685335.0,62476880.0,0.00021042609976331588
100033255|F|0-46:T>C-46:T>C,100044261|F|0-5:T>A-5:T>A,8685335.0,62476902.0,0.0014747469497038786
100033255|F|0-46:T>C-46:T>C,100017508|F|0-26:G>A-26:G>A,8685335.0,62494366.0,0.009151502630085195
100033255|F|0-46:T>C-46:T>C,100051794|F|0-60:T>C-60:T>C,8685335.0,62494371.0,0.0032891234325091866
100033255|F|0-46:T>C-46:T>C,100033227|F|0-6:A>G-6:A>G,8685335.0,62503297.0,0.010027724804349807
100033255|F|0-46:T>C-46:T>C,100015367|F|0-46:A>T-46:A>T,8685335.0,62730005.0,0.0032447256320725757
100033255|F|0-46:T>C-46:T>C,100016319|F|0-60:C>A-60:C>A,8685335.0,62905182.0,0.00020657601117124149
100033255|F|0-46:T>C-46:T>C,100020253|F|0-17:T>C-17:T>C,8685335.0,63125496.0,0.019546813925116605
100033255|F|0-46:T>C-46:T>C,100017121|F|0-19:C>T-19:C>T,8685335.0,63306572.0,0.02235552221379897
100033255|F|0-46:T>C-46:T>C,100021507|F|0-53:A>C-53:A>C,8685335.0,63642647.0,0.03346060393281025
100033255|F|0-46:T>C-46:T>C,100019105|F|0-61:T>C-61:T>C,8685335.0,63665304.0,0.02105307704778886
100033255|F|0-46:T>C-46:T>C,100014627|F|0-15:C>G-15:C>G,8685335.0,64043609.0,0.0002900781442530588
100033255|F|0-46:T>C-46:T>C,100033689|F|0-56:C>T-56:C>T,8685335.0,64044059.0,0.00011223638862188974
100033255|F|0-46:T>C-46:T>C,100046739|F|0-18:T>G-18:T>G,8685335.0,64189766.0,0.03076823864042109
100033255|F|0-46:T>C-46:T>C,100030110|F|0-28:T>C-28:T>C,8685335.0,64196475.0,0.05795212861233749
100033255|F|0-46:T>C-46:T>C,100016864|F|0-56:A>G-56:A>G,8685335.0,64720414.0,0.12022631910838914
100033255|F|0-46:T>C-46:T>C,100021392|F|0-51:G>A-51:G>A,8685335.0,64886887.0,0.04829344873780931
100014460|F|0-15:A>T-15:A>T,100040451|F|0-37:G>A-37:G>A,10928744.0,10932163.0,0.9618013671089682
100014460|F|0-15:A>T-15:A>T,100018823|F|0-53:T>C-53:T>C,10928744.0,11900381.0,0.0012764042049872727
100014460|F|0-15:A>T-15:A>T,100016501|F|0-17:C>T-17:C>T,10928744.0,12114192.0,0.1612480307995584
100014460|F|0-15:A>T-15:A>T,100018613|F|0-47:T>C-47:T>C,10928744.0,12308528.0,0.01659601279332194
100014460|F|0-15:A>T-15:A>T,100045000|F|0-23:G>A-23:G>A,10928744.0,12317197.0,0.0013832874286838458
100014460|F|0-15:A>T-15:A>T,100015749|F|0-20:C>T-20:C>T,10928744.0,12317967.0,0.007798633669334572
100014460|F|0-15:A>T-15:A>T,100014140|F|0-33:C>G-33:C>G,10928744.0,12605038.0,0.025400421540357185
100014460|F|0-15:A>T-15:A>T,100018408|F|0-53:G>A-53:G>A,10928744.0,12747732.0,0.009146000059722883
100014460|F|0-15:A>T-15:A>T,100020066|F|0-27:G>C-27:G>C,10928744.0,13025005.0,0.0202329219492923
100014460|F|0-15:A>T-15:A>T,100034157|F|0-53:C>A-53:C>A,10928744.0,13580202.0,0.05390522962168845
100014460|F|0-15:A>T-15:A>T,100017630|F|0-52:A>T-52:A>T,10928744.0,13716601.0,0.06302611922602687
100014460|F|0-15:A>T-15:A>T,100044127|F|0-8:G>A-8:G>A,10928744.0,14087087.0,0.15519400055684104
100014460|F|0-15:A>T-15:A>T,100035819|F|0-44:C>T-44:C>T,10928744.0,14553363.0,0.009654387316321658
100014460|F|0-15:A>T-15:A>T,100034357|F|0-15:T>C-15:T>C,10928744.0,14568764.0,0.000618997539800591
100014460|F|0-15:A>T-15:A>T,100054129|F|0-61:T>A-61:T>A,10928744.0,14873218.0,0.007871837808743497
100014460|F|0-15:A>T-15:A>T,100022113|F|0-34:G>C-34:G>C,10928744.0,14898843.0,0.02156368775631522
100014460|F|0-15:A>T-15:A>T,100055747|F|0-35:G>C-35:G>C,10928744.0,14898843.0,0.014114556534602528
100014460|F|0-15:A>T-15:A>T,100034447|F|0-52:A>T-52:A>T,10928744.0,15211267.0,0.003064433025260722
100014460|F|0-15:A>T-15:A>T,100018930|F|0-63:C>G-63:C>G,10928744.0,15212141.0,0.00946481675947088
100014460|F|0-15:A>T-15:A>T,100014038|F|0-34:G>C-34:G>C,10928744.0,15259541.0,0.005587909310103442
100014460|F|0-15:A>T-15:A>T,100030229|F|0-11:A>T-11:A>T,10928744.0,15553876.0,0.015442826199240168
100014460|F|0-15:A>T-15:A>T,100017989|F|0-62:A>T-62:A>T,10928744.0,16021700.0,0.0006596664205359885
100014460|F|0-15:A>T-15:A>T,100052450|F|0-8:A>G-8:A>G,10928744.0,22147758.0,0.02248422159887802
100014460|F|0-15:A>T-15:A>T,100034572|F|0-53:G>A-53:G>A,10928744.0,26973588.0,0.03760152047639382
100014460|F|0-15:A>T-15:A>T,100018223|F|0-41:G>A-41:G>A,10928744.0,42850086.0,2.3783450101264694e-06
100014460|F|0-15:A>T-15:A>T,100034540|F|0-15:G>A-15:G>A,10928744.0,42850367.0,0.0003236956409733714
100014460|F|0-15:A>T-15:A>T,100017511|F|0-59:G>C-59:G>C,10928744.0,42850408.0,8.644001596472351e-05
100014460|F|0-15:A>T-15:A>T,100050114|F|0-27:G>A-27:G>A,10928744.0,43250010.0,0.005679297725161814
100014460|F|0-15:A>T-15:A>T,100016574|F|0-9:G>A-9:G>A,10928744.0,43529057.0,0.01364260739260748
100014460|F|0-15:A>T-15:A>T,100018496|F|0-32:T>G-32:T>G,10928744.0,43881573.0,0.1930302677015768
100014460|F|0-15:A>T-15:A>T,100017598|F|0-46:C>G-46:C>G,10928744.0,45505408.0,0.18549312202477913
100014460|F|0-15:A>T-15:A>T,100021048|F|0-66:C>T-66:C>T,10928744.0,45555246.0,0.19202310095745403
100014460|F|0-15:A>T-15:A>T,100017454|F|0-9:A>G-9:A>G,10928744.0,45869241.0,0.07423263025135833
100014460|F|0-15:A>T-15:A>T,100018445|F|0-45:A>G-45:A>G,10928744.0,45885872.0,0.06271248815162453
100014460|F|0-15:A>T-15:A>T,100034159|F|0-24:A>G-24:A>G,10928744.0,46097671.0,0.01651259091550145
100014460|F|0-15:A>T-15:A>T,100017594|F|0-13:G>T-13:G>T,10928744.0,46097676.0,0.027770529495703463
100014460|F|0-15:A>T-15:A>T,100030376|F|0-12:T>C-12:T>C,10928744.0,47165949.0,0.0042063346970379065
100014460|F|0-15:A>T-15:A>T,100034945|F|0-61:G>A-61:G>A,10928744.0,47171709.0,5.80905882877102e-06
100014460|F|0-15:A>T-15:A>T,100043426|F|0-30:G>A-30:G>A,10928744.0,47201903.0,0.001503740693249201
100014460|F|0-15:A>T-15:A>T,100015331|F|0-40:A>G-40:A>G,10928744.0,47228518.0,0.003943185654491303
100014460|F|0-15:A>T-15:A>T,100033028|F|0-17:A>C-17:A>C,10928744.0,47247609.0,0.0012991333117560319
100014460|F|0-15:A>T-15:A>T,100014668|F|0-30:A>T-30:A>T,10928744.0,48841067.0,0.07187357791863959
100014460|F|0-15:A>T-15:A>T,100019661|F|0-30:A>T-30:A>T,10928744.0,48965503.0,0.012775823272797736
100014460|F|0-15:A>T-15:A>T,100035901|F|0-29:T>A-29:T>A,10928744.0,48989476.0,0.0066567664934136335
100014460|F|0-15:A>T-15:A>T,100043126|F|0-48:T>A-48:T>A,10928744.0,49230618.0,0.002535206103351554
100014460|F|0-15:A>T-15:A>T,100044970|F|0-28:C>T-28:C>T,10928744.0,49340094.0,0.018271861917346977
100014460|F|0-15:A>T-15:A>T,100013964|F|0-14:T>G-14:T>G,10928744.0,49356602.0,0.01560184621042167
100014460|F|0-15:A>T-15:A>T,100020795|F|0-42:T>C-42:T>C,10928744.0,49358815.0,0.015088434262407137
100014460|F|0-15:A>T-15:A>T,100016185|F|0-62:C>T-62:C>T,10928744.0,49565807.0,0.10159379591843687
100014460|F|0-15:A>T-15:A>T,100033324|F|0-45:A>T-45:A>T,10928744.0,53523372.0,0.0016250294215853145
100014460|F|0-15:A>T-15:A>T,100034432|F|0-24:T>A-24:T>A,10928744.0,53750135.0,0.058974410477727786
100014460|F|0-15:A>T-15:A>T,100056034|F|0-41:G>T-41:G>T,10928744.0,53750140.0,0.09343408409305178
100014460|F|0-15:A>T-15:A>T,100019249|F|0-36:C>A-36:C>A,10928744.0,54407017.0,0.06286684090456054
100014460|F|0-15:A>T-15:A>T,100013936|F|0-38:C>A-38:C>A,10928744.0,54572400.0,0.014060598665940035
100014460|F|0-15:A>T-15:A>T,100018265|F|0-5:C>T-5:C>T,10928744.0,56110897.0,0.028009407529152243
100014460|F|0-15:A>T-15:A>T,100014526|F|0-10:T>C-10:T>C,10928744.0,56110902.0,0.02177780236050049
100014460|F|0-15:A>T-15:A>T,100030709|F|0-39:T>A-39:T>A,10928744.0,56193250.0,0.0036757798447790055
100014460|F|0-15:A>T-15:A>T,100033311|F|0-46:C>T-46:C>T,10928744.0,57009334.0,0.013361169932383277
100014460|F|0-15:A>T-15:A>T,100034520|F|0-31:G>A-31:G>A,10928744.0,58309310.0,0.020376263119879265
100014460|F|0-15:A>T-15:A>T,100019390|F|0-56:C>T-56:C>T,10928744.0,58491205.0,0.10176125196151466
100014460|F|0-15:A>T-15:A>T,100013048|F|0-58:C>T-58:C>T,10928744.0,58709443.0,0.06625488026015723
100014460|F|0-15:A>T-15:A>T,100041246|F|0-21:G>A-21:G>A,10928744.0,58719431.0,0.004337321956033379
100014460|F|0-15:A>T-15:A>T,100033981|F|0-18:C>A-18:C>A,10928744.0,58771602.0,0.04268061226583501
100014460|F|0-15:A>T-15:A>T,100021859|F|0-23:T>A-23:T>A,10928744.0,59249203.0,0.001934587290427185
100014460|F|0-15:A>T-15:A>T,100038389|F|0-45:C>T-45:C>T,10928744.0,59686561.0,0.050226946966077345
100014460|F|0-15:A>T-15:A>T,100015287|F|0-63:T>C-63:T>C,10928744.0,61485460.0,0.08042972089326153
100014460|F|0-15:A>T-15:A>T,100013445|F|0-24:G>T-24:G>T,10928744.0,61602864.0,0.10290540760130973
100014460|F|0-15:A>T-15:A>T,100013879|F|0-63:G>A-63:G>A,10928744.0,61606253.0,0.0910444143823818
100014460|F|0-15:A>T-15:A>T,100040047|F|0-6:G>A-6:G>A,10928744.0,61640208.0,0.01713217261661313
100014460|F|0-15:A>T-15:A>T,100016920|F|0-66:T>A-66:T>A,10928744.0,61641379.0,0.009816069577213055
100014460|F|0-15:A>T-15:A>T,100017079|F|0-12:A>G-12:A>G,10928744.0,61641384.0,0.013551093514328798
100014460|F|0-15:A>T-15:A>T,100020360|F|0-56:A>G-56:A>G,10928744.0,61670176.0,0.018624907879225352
100014460|F|0-15:A>T-15:A>T,100056174|F|0-11:G>A-11:G>A,10928744.0,61712285.0,0.0004459868138443092
100014460|F|0-15:A>T-15:A>T,100013722|F|0-6:A>G-6:A>G,10928744.0,61760543.0,0.004796170047150485
100014460|F|0-15:A>T-15:A>T,100013153|F|0-63:C>A-63:C>A,10928744.0,61760548.0,0.008688337252742082
100014460|F|0-15:A>T-15:A>T,100040510|F|0-32:T>C-32:T>C,10928744.0,62326715.0,0.17239560326875766
100014460|F|0-15:A>T-15:A>T,100013356|F|0-7:G>A-7:G>A,10928744.0,62367252.0,0.00204010240514033
100014460|F|0-15:A>T-15:A>T,100014994|F|0-36:G>A-36:G>A,10928744.0,62444541.0,0.006888341418845925
100014460|F|0-15:A>T-15:A>T,100020485|F|0-47:G>T-47:G>T,10928744.0,62444546.0,0.006124953248818902
100014460|F|0-15:A>T-15:A>T,100013478|F|0-51:G>A-51:G>A,10928744.0,62447789.0,0.0004561924549617074
100014460|F|0-15:A>T-15:A>T,100013529|F|0-11:C>G-11:C>G,10928744.0,62466983.0,0.00026925911229522297
100014460|F|0-15:A>T-15:A>T,100029518|F|0-19:G>C-19:G>C,10928744.0,62476880.0,0.0007571767304452673
100014460|F|0-15:A>T-15:A>T,100044261|F|0-5:T>A-5:T>A,10928744.0,62476902.0,0.004352377400818055
100014460|F|0-15:A>T-15:A>T,100017508|F|0-26:G>A-26:G>A,10928744.0,62494366.0,0.0006616594211513921
100014460|F|0-15:A>T-15:A>T,100051794|F|0-60:T>C-60:T>C,10928744.0,62494371.0,0.005323531661324298
100014460|F|0-15:A>T-15:A>T,100033227|F|0-6:A>G-6:A>G,10928744.0,62503297.0,0.004674658834916568
100014460|F|0-15:A>T-15:A>T,100015367|F|0-46:A>T-46:A>T,10928744.0,62730005.0,0.028326974391171506
100014460|F|0-15:A>T-15:A>T,100016319|F|0-60:C>A-60:C>A,10928744.0,62905182.0,0.0016625184724274689
100014460|F|0-15:A>T-15:A>T,100020253|F|0-17:T>C-17:T>C,10928744.0,63125496.0,0.03711143308746047
100014460|F|0-15:A>T-15:A>T,100017121|F|0-19:C>T-19:C>T,10928744.0,63306572.0,0.03278816513477016
100014460|F|0-15:A>T-15:A>T,100021507|F|0-53:A>C-53:A>C,10928744.0,63642647.0,0.05280885007937507
100014460|F|0-15:A>T-15:A>T,100019105|F|0-61:T>C-61:T>C,10928744.0,63665304.0,0.012091960314450239
100014460|F|0-15:A>T-15:A>T,100014627|F|0-15:C>G-15:C>G,10928744.0,64043609.0,0.003757323959339991
100014460|F|0-15:A>T-15:A>T,100033689|F|0-56:C>T-56:C>T,10928744.0,64044059.0,0.0031592571308290546
100014460|F|0-15:A>T-15:A>T,100046739|F|0-18:T>G-18:T>G,10928744.0,64189766.0,0.004165778507652675
100014460|F|0-15:A>T-15:A>T,100030110|F|0-28:T>C-28:T>C,10928744.0,64196475.0,1.2788095262152835e-05
100014460|F|0-15:A>T-15:A>T,100016864|F|0-56:A>G-56:A>G,10928744.0,64720414.0,0.0013098033322800368
100014460|F|0-15:A>T-15:A>T,100021392|F|0-51:G>A-51:G>A,10928744.0,64886887.0,0.0046176237924940525
100040451|F|0-37:G>A-37:G>A,100018823|F|0-53:T>C-53:T>C,10932163.0,11900381.0,0.0012276473093404028
100040451|F|0-37:G>A-37:G>A,100016501|F|0-17:C>T-17:C>T,10932163.0,12114192.0,0.15508857646664376
100040451|F|0-37:G>A-37:G>A,100018613|F|0-47:T>C-47:T>C,10932163.0,12308528.0,0.021183324016593594
100040451|F|0-37:G>A-37:G>A,100045000|F|0-23:G>A-23:G>A,10932163.0,12317197.0,0.0013304477400127733
100040451|F|0-37:G>A-37:G>A,100015749|F|0-20:C>T-20:C>T,10932163.0,12317967.0,0.011338061095756285
100040451|F|0-37:G>A-37:G>A,100014140|F|0-33:C>G-33:C>G,10932163.0,12605038.0,0.01542425472126825
100040451|F|0-37:G>A-37:G>A,100018408|F|0-53:G>A-53:G>A,10932163.0,12747732.0,0.005082287268797746
100040451|F|0-37:G>A-37:G>A,100020066|F|0-27:G>C-27:G>C,10932163.0,13025005.0,0.025214132356176682
100040451|F|0-37:G>A-37:G>A,100034157|F|0-53:C>A-53:C>A,10932163.0,13580202.0,0.05184612354446304
100040451|F|0-37:G>A-37:G>A,100017630|F|0-52:A>T-52:A>T,10932163.0,13716601.0,0.07282356540074987
100040451|F|0-37:G>A-37:G>A,100044127|F|0-8:G>A-8:G>A,10932163.0,14087087.0,0.14926580190267877
100040451|F|0-37:G>A-37:G>A,100035819|F|0-44:C>T-44:C>T,10932163.0,14553363.0,0.009285602919437624
100040451|F|0-37:G>A-37:G>A,100034357|F|0-15:T>C-15:T>C,10932163.0,14568764.0,0.0005953526800173029
100040451|F|0-37:G>A-37:G>A,100054129|F|0-61:T>A-61:T>A,10932163.0,14873218.0,0.014966546813720207
100040451|F|0-37:G>A-37:G>A,100022113|F|0-34:G>C-34:G>C,10932163.0,14898843.0,0.033992921179360654
100040451|F|0-37:G>A-37:G>A,100055747|F|0-35:G>C-35:G>C,10932163.0,14898843.0,0.025053354365778942
100040451|F|0-37:G>A-37:G>A,100034447|F|0-52:A>T-52:A>T,10932163.0,15211267.0,0.002947375873109633
100040451|F|0-37:G>A-37:G>A,100018930|F|0-63:C>G-63:C>G,10932163.0,15212141.0,0.009103273698694975
100040451|F|0-37:G>A-37:G>A,100014038|F|0-34:G>C-34:G>C,10932163.0,15259541.0,0.005374458813738423
100040451|F|0-37:G>A-37:G>A,100030229|F|0-11:A>T-11:A>T,10932163.0,15553876.0,0.00645701640642908
100040451|F|0-37:G>A-37:G>A,100017989|F|0-62:A>T-62:A>T,10932163.0,16021700.0,0.004830530011470894
100040451|F|0-37:G>A-37:G>A,100052450|F|0-8:A>G-8:A>G,10932163.0,22147758.0,0.021625355072181815
100040451|F|0-37:G>A-37:G>A,100034572|F|0-53:G>A-53:G>A,10932163.0,26973588.0,0.0361651937995714
100040451|F|0-37:G>A-37:G>A,100018223|F|0-41:G>A-41:G>A,10932163.0,42850086.0,0.0005033125476243902
100040451|F|0-37:G>A-37:G>A,100034540|F|0-15:G>A-15:G>A,10932163.0,42850367.0,0.0003113309100154022
100040451|F|0-37:G>A-37:G>A,100017511|F|0-59:G>C-59:G>C,10932163.0,42850408.0,0.0032765145829147563
100040451|F|0-37:G>A-37:G>A,100050114|F|0-27:G>A-27:G>A,10932163.0,43250010.0,0.009763703769966069
100040451|F|0-37:G>A-37:G>A,100016574|F|0-9:G>A-9:G>A,10932163.0,43529057.0,0.013121478441140711
100040451|F|0-37:G>A-37:G>A,100018496|F|0-32:T>G-32:T>G,10932163.0,43881573.0,0.18565677536878733
100040451|F|0-37:G>A-37:G>A,100017598|F|0-46:C>G-46:C>G,10932163.0,45505408.0,0.19509294612296377
100040451|F|0-37:G>A-37:G>A,100021048|F|0-66:C>T-66:C>T,10932163.0,45555246.0,0.2021411906394357
100040451|F|0-37:G>A-37:G>A,100017454|F|0-9:A>G-9:A>G,10932163.0,45869241.0,0.05248122905240171
100040451|F|0-37:G>A-37:G>A,100018445|F|0-45:A>G-45:A>G,10932163.0,45885872.0,0.04237341095770273
100040451|F|0-37:G>A-37:G>A,100034159|F|0-24:A>G-24:A>G,10932163.0,46097671.0,0.015881832517040506
100040451|F|0-37:G>A-37:G>A,100017594|F|0-13:G>T-13:G>T,10932163.0,46097676.0,0.020540560356564812
100040451|F|0-37:G>A-37:G>A,100030376|F|0-12:T>C-12:T>C,10932163.0,47165949.0,0.004045658462128942
100040451|F|0-37:G>A-37:G>A,100034945|F|0-61:G>A-61:G>A,10932163.0,47171709.0,5.587160723128273e-06
100040451|F|0-37:G>A-37:G>A,100043426|F|0-30:G>A-30:G>A,10932163.0,47201903.0,0.003362941843038343
100040451|F|0-37:G>A-37:G>A,100015331|F|0-40:A>G-40:A>G,10932163.0,47228518.0,0.006606810504443471
100040451|F|0-37:G>A-37:G>A,100033028|F|0-17:A>C-17:A>C,10932163.0,47247609.0,0.003036218443432731
100040451|F|0-37:G>A-37:G>A,100014668|F|0-30:A>T-30:A>T,10932163.0,48841067.0,0.05832254887783706
100040451|F|0-37:G>A-37:G>A,100019661|F|0-30:A>T-30:A>T,10932163.0,48965503.0,0.017411896797070878
100040451|F|0-37:G>A-37:G>A,100035901|F|0-29:T>A-29:T>A,10932163.0,48989476.0,0.01461744016386791
100040451|F|0-37:G>A-37:G>A,100043126|F|0-48:T>A-48:T>A,10932163.0,49230618.0,0.002438364696106527
100040451|F|0-37:G>A-37:G>A,100044970|F|0-28:C>T-28:C>T,10932163.0,49340094.0,0.01757390177173055
100040451|F|0-37:G>A-37:G>A,100013964|F|0-14:T>G-14:T>G,10932163.0,49356602.0,0.01500587701460739
100040451|F|0-37:G>A-37:G>A,100020795|F|0-42:T>C-42:T>C,10932163.0,49358815.0,0.021156745980682505
100040451|F|0-37:G>A-37:G>A,100016185|F|0-62:C>T-62:C>T,10932163.0,49565807.0,0.11161895065348991
100040451|F|0-37:G>A-37:G>A,100033324|F|0-45:A>T-45:A>T,10932163.0,53523372.0,0.0015629555192730542
100040451|F|0-37:G>A-37:G>A,100034432|F|0-24:T>A-24:T>A,10932163.0,53750135.0,0.056721668621923925
100040451|F|0-37:G>A-37:G>A,100056034|F|0-41:G>T-41:G>T,10932163.0,53750140.0,0.10284832480248601
100040451|F|0-37:G>A-37:G>A,100019249|F|0-36:C>A-36:C>A,10932163.0,54407017.0,0.060465413527828187
100040451|F|0-37:G>A-37:G>A,100013936|F|0-38:C>A-38:C>A,10932163.0,54572400.0,0.019262890243552173
100040451|F|0-37:G>A-37:G>A,100018265|F|0-5:C>T-5:C>T,10932163.0,56110897.0,0.02004645896696075
100040451|F|0-37:G>A-37:G>A,100014526|F|0-10:T>C-10:T>C,10932163.0,56110902.0,0.01524169580983794
100040451|F|0-37:G>A-37:G>A,100030709|F|0-39:T>A-39:T>A,10932163.0,56193250.0,0.010695071239454752
100040451|F|0-37:G>A-37:G>A,100033311|F|0-46:C>T-46:C>T,10932163.0,57009334.0,0.01285079150714152
100040451|F|0-37:G>A-37:G>A,100034520|F|0-31:G>A-31:G>A,10932163.0,58309310.0,0.0195979177252719
100040451|F|0-37:G>A-37:G>A,100019390|F|0-56:C>T-56:C>T,10932163.0,58491205.0,0.09787411125530464
100040451|F|0-37:G>A-37:G>A,100013048|F|0-58:C>T-58:C>T,10932163.0,58709443.0,0.047094684892561585
100040451|F|0-37:G>A-37:G>A,100041246|F|0-21:G>A-21:G>A,10932163.0,58719431.0,0.004171642186904632
100040451|F|0-37:G>A-37:G>A,100033981|F|0-18:C>A-18:C>A,10932163.0,58771602.0,0.027326299209879282
100040451|F|0-37:G>A-37:G>A,100021859|F|0-23:T>A-23:T>A,10932163.0,59249203.0,0.0018606887007244985
100040451|F|0-37:G>A-37:G>A,100038389|F|0-45:C>T-45:C>T,10932163.0,59686561.0,0.04830834625768284
100040451|F|0-37:G>A-37:G>A,100015287|F|0-63:T>C-63:T>C,10932163.0,61485460.0,0.06654446169408289
100040451|F|0-37:G>A-37:G>A,100013445|F|0-24:G>T-24:G>T,10932163.0,61602864.0,0.09897456171384483
100040451|F|0-37:G>A-37:G>A,100013879|F|0-63:G>A-63:G>A,10932163.0,61606253.0,0.08756664222061011
100040451|F|0-37:G>A-37:G>A,100040047|F|0-6:G>A-6:G>A,10932163.0,61640208.0,0.011643425368909477
100040451|F|0-37:G>A-37:G>A,100016920|F|0-66:T>A-66:T>A,10932163.0,61641379.0,0.009441109139000146
100040451|F|0-37:G>A-37:G>A,100017079|F|0-12:A>G-12:A>G,10932163.0,61641384.0,0.009082523238487133
100040451|F|0-37:G>A-37:G>A,100020360|F|0-56:A>G-56:A>G,10932163.0,61670176.0,0.017913461860517593
100040451|F|0-37:G>A-37:G>A,100056174|F|0-11:G>A-11:G>A,10932163.0,61712285.0,0.0004289507272680323
100040451|F|0-37:G>A-37:G>A,100013722|F|0-6:A>G-6:A>G,10932163.0,61760543.0,0.004612962908236415
100040451|F|0-37:G>A-37:G>A,100013153|F|0-63:C>A-63:C>A,10932163.0,61760548.0,0.008356454647591103
100040451|F|0-37:G>A-37:G>A,100040510|F|0-32:T>C-32:T>C,10932163.0,62326715.0,0.14939122114239328
100040451|F|0-37:G>A-37:G>A,100013356|F|0-7:G>A-7:G>A,10932163.0,62367252.0,0.0005601831210851795
100040451|F|0-37:G>A-37:G>A,100014994|F|0-36:G>A-36:G>A,10932163.0,62444541.0,0.0066252161937593234
100040451|F|0-37:G>A-37:G>A,100020485|F|0-47:G>T-47:G>T,10932163.0,62444546.0,0.005890988408192505
100040451|F|0-37:G>A-37:G>A,100013478|F|0-51:G>A-51:G>A,10932163.0,62447789.0,0.00043876652684695906
100040451|F|0-37:G>A-37:G>A,100013529|F|0-11:C>G-11:C>G,10932163.0,62466983.0,1.6185861394505582e-05
100040451|F|0-37:G>A-37:G>A,100029518|F|0-19:G>C-19:G>C,10932163.0,62476880.0,0.00016284067661198202
100040451|F|0-37:G>A-37:G>A,100044261|F|0-5:T>A-5:T>A,10932163.0,62476902.0,0.002002025987284887
100040451|F|0-37:G>A-37:G>A,100017508|F|0-26:G>A-26:G>A,10932163.0,62494366.0,0.0006363849358239332
100040451|F|0-37:G>A-37:G>A,100051794|F|0-60:T>C-60:T>C,10932163.0,62494371.0,0.005120180029709579
100040451|F|0-37:G>A-37:G>A,100033227|F|0-6:A>G-6:A>G,10932163.0,62503297.0,0.004496093258190777
100040451|F|0-37:G>A-37:G>A,100015367|F|0-46:A>T-46:A>T,10932163.0,62730005.0,0.021311340430325947
100040451|F|0-37:G>A-37:G>A,100016319|F|0-60:C>A-60:C>A,10932163.0,62905182.0,0.001599012539624654
100040451|F|0-37:G>A-37:G>A,100020253|F|0-17:T>C-17:T>C,10932163.0,63125496.0,0.03569382707889249
100040451|F|0-37:G>A-37:G>A,100017121|F|0-19:C>T-19:C>T,10932163.0,63306572.0,0.031535702051616536
100040451|F|0-37:G>A-37:G>A,100021507|F|0-53:A>C-53:A>C,10932163.0,63642647.0,0.050791624201795726
100040451|F|0-37:G>A-37:G>A,100019105|F|0-61:T>C-61:T>C,10932163.0,63665304.0,0.01163006396146561
100040451|F|0-37:G>A-37:G>A,100014627|F|0-15:C>G-15:C>G,10932163.0,64043609.0,0.0036137993207644944
100040451|F|0-37:G>A-37:G>A,100033689|F|0-56:C>T-56:C>T,10932163.0,64044059.0,0.001144864383706357
100040451|F|0-37:G>A-37:G>A,100046739|F|0-18:T>G-18:T>G,10932163.0,64189766.0,0.004006651463733504
100040451|F|0-37:G>A-37:G>A,100030110|F|0-28:T>C-28:T>C,10932163.0,64196475.0,1.2299607505858404e-05
100040451|F|0-37:G>A-37:G>A,100016864|F|0-56:A>G-56:A>G,10932163.0,64720414.0,0.0012597706356308207
100040451|F|0-37:G>A-37:G>A,100021392|F|0-51:G>A-51:G>A,10932163.0,64886887.0,0.0020928849265458476
100018823|F|0-53:T>C-53:T>C,100016501|F|0-17:C>T-17:C>T,11900381.0,12114192.0,0.04661524123057203
100018823|F|0-53:T>C-53:T>C,100018613|F|0-47:T>C-47:T>C,11900381.0,12308528.0,0.04019286657595842
100018823|F|0-53:T>C-53:T>C,100045000|F|0-23:G>A-23:G>A,11900381.0,12317197.0,0.007635139968189592
100018823|F|0-53:T>C-53:T>C,100015749|F|0-20:C>T-20:C>T,11900381.0,12317967.0,0.04622075076293687
100018823|F|0-53:T>C-53:T>C,100014140|F|0-33:C>G-33:C>G,11900381.0,12605038.0,0.09012902089646256
100018823|F|0-53:T>C-53:T>C,100018408|F|0-53:G>A-53:G>A,11900381.0,12747732.0,4.0742760014404937e-05
100018823|F|0-53:T>C-53:T>C,100020066|F|0-27:G>C-27:G>C,11900381.0,13025005.0,0.05417682990627554
100018823|F|0-53:T>C-53:T>C,100034157|F|0-53:C>A-53:C>A,11900381.0,13580202.0,0.010635950333480722
100018823|F|0-53:T>C-53:T>C,100017630|F|0-52:A>T-52:A>T,11900381.0,13716601.0,0.02607170821286286
100018823|F|0-53:T>C-53:T>C,100044127|F|0-8:G>A-8:G>A,11900381.0,14087087.0,0.004802369640834547
100018823|F|0-53:T>C-53:T>C,100035819|F|0-44:C>T-44:C>T,11900381.0,14553363.0,8.538056484107067e-05
100018823|F|0-53:T>C-53:T>C,100034357|F|0-15:T>C-15:T>C,11900381.0,14568764.0,0.033412866724365595
100018823|F|0-53:T>C-53:T>C,100054129|F|0-61:T>A-61:T>A,11900381.0,14873218.0,0.011426454312778946
100018823|F|0-53:T>C-53:T>C,100022113|F|0-34:G>C-34:G>C,11900381.0,14898843.0,0.007049139548728006
100018823|F|0-53:T>C-53:T>C,100055747|F|0-35:G>C-35:G>C,11900381.0,14898843.0,0.0062402586278472475
100018823|F|0-53:T>C-53:T>C,100034447|F|0-52:A>T-52:A>T,11900381.0,15211267.0,0.0020036466175806576
100018823|F|0-53:T>C-53:T>C,100018930|F|0-63:C>G-63:C>G,11900381.0,15212141.0,0.0025381552203619304
100018823|F|0-53:T>C-53:T>C,100014038|F|0-34:G>C-34:G>C,11900381.0,15259541.0,0.0037370365463030163
100018823|F|0-53:T>C-53:T>C,100030229|F|0-11:A>T-11:A>T,11900381.0,15553876.0,0.0002790316633246578
100018823|F|0-53:T>C-53:T>C,100017989|F|0-62:A>T-62:A>T,11900381.0,16021700.0,0.00020298399709802774
100018823|F|0-53:T>C-53:T>C,100052450|F|0-8:A>G-8:A>G,11900381.0,22147758.0,0.014922557394529757
100018823|F|0-53:T>C-53:T>C,100034572|F|0-53:G>A-53:G>A,11900381.0,26973588.0,0.0002344963242170884
100018823|F|0-53:T>C-53:T>C,100018223|F|0-41:G>A-41:G>A,11900381.0,42850086.0,0.019331974109753985
100018823|F|0-53:T>C-53:T>C,100034540|F|0-15:G>A-15:G>A,11900381.0,42850367.0,0.021840604260679602
100018823|F|0-53:T>C-53:T>C,100017511|F|0-59:G>C-59:G>C,11900381.0,42850408.0,0.017056924614991625
100018823|F|0-53:T>C-53:T>C,100050114|F|0-27:G>A-27:G>A,11900381.0,43250010.0,0.01231347857155872
100018823|F|0-53:T>C-53:T>C,100016574|F|0-9:G>A-9:G>A,11900381.0,43529057.0,0.01826944693895546
100018823|F|0-53:T>C-53:T>C,100018496|F|0-32:T>G-32:T>G,11900381.0,43881573.0,0.050633191600509164
100018823|F|0-53:T>C-53:T>C,100017598|F|0-46:C>G-46:C>G,11900381.0,45505408.0,0.048656145483760405
100018823|F|0-53:T>C-53:T>C,100021048|F|0-66:C>T-66:C>T,11900381.0,45555246.0,0.05311885895202923
100018823|F|0-53:T>C-53:T>C,100017454|F|0-9:A>G-9:A>G,11900381.0,45869241.0,0.10851902683218254
100018823|F|0-53:T>C-53:T>C,100018445|F|0-45:A>G-45:A>G,11900381.0,45885872.0,0.12588933123832666
100018823|F|0-53:T>C-53:T>C,100034159|F|0-24:A>G-24:A>G,11900381.0,46097671.0,0.1244341152507446
100018823|F|0-53:T>C-53:T>C,100017594|F|0-13:G>T-13:G>T,11900381.0,46097676.0,0.107995123246536
100018823|F|0-53:T>C-53:T>C,100030376|F|0-12:T>C-12:T>C,11900381.0,47165949.0,0.11204325030813474
100018823|F|0-53:T>C-53:T>C,100034945|F|0-61:G>A-61:G>A,11900381.0,47171709.0,0.11204325030813485
100018823|F|0-53:T>C-53:T>C,100043426|F|0-30:G>A-30:G>A,11900381.0,47201903.0,0.10885935774241712
100018823|F|0-53:T>C-53:T>C,100015331|F|0-40:A>G-40:A>G,11900381.0,47228518.0,0.10360695527886203
100018823|F|0-53:T>C-53:T>C,100033028|F|0-17:A>C-17:A>C,11900381.0,47247609.0,0.09707671620122496
100018823|F|0-53:T>C-53:T>C,100014668|F|0-30:A>T-30:A>T,11900381.0,48841067.0,0.000201064478803172
100018823|F|0-53:T>C-53:T>C,100019661|F|0-30:A>T-30:A>T,11900381.0,48965503.0,0.002371016440686154
100018823|F|0-53:T>C-53:T>C,100035901|F|0-29:T>A-29:T>A,11900381.0,48989476.0,0.004720368914062125
100018823|F|0-53:T>C-53:T>C,100043126|F|0-48:T>A-48:T>A,11900381.0,49230618.0,0.011965600629121682
100018823|F|0-53:T>C-53:T>C,100044970|F|0-28:C>T-28:C>T,11900381.0,49340094.0,0.006103199856530174
100018823|F|0-53:T>C-53:T>C,100013964|F|0-14:T>G-14:T>G,11900381.0,49356602.0,0.006391908686576859
100018823|F|0-53:T>C-53:T>C,100020795|F|0-42:T>C-42:T>C,11900381.0,49358815.0,0.007560943012683142
100018823|F|0-53:T>C-53:T>C,100016185|F|0-62:C>T-62:C>T,11900381.0,49565807.0,0.06255429898823203
100018823|F|0-53:T>C-53:T>C,100033324|F|0-45:A>T-45:A>T,11900381.0,53523372.0,0.005580443238795797
100018823|F|0-53:T>C-53:T>C,100034432|F|0-24:T>A-24:T>A,11900381.0,53750135.0,0.0055266682505222
100018823|F|0-53:T>C-53:T>C,100056034|F|0-41:G>T-41:G>T,11900381.0,53750140.0,0.07542843949471784
100018823|F|0-53:T>C-53:T>C,100019249|F|0-36:C>A-36:C>A,11900381.0,54407017.0,0.09727085099818808
100018823|F|0-53:T>C-53:T>C,100013936|F|0-38:C>A-38:C>A,11900381.0,54572400.0,0.0732457042434958
100018823|F|0-53:T>C-53:T>C,100018265|F|0-5:C>T-5:C>T,11900381.0,56110897.0,0.05321479254784874
100018823|F|0-53:T>C-53:T>C,100014526|F|0-10:T>C-10:T>C,11900381.0,56110902.0,0.043287964874858594
100018823|F|0-53:T>C-53:T>C,100030709|F|0-39:T>A-39:T>A,11900381.0,56193250.0,0.13319851313504225
100018823|F|0-53:T>C-53:T>C,100033311|F|0-46:C>T-46:C>T,11900381.0,57009334.0,0.043736778933974665
100018823|F|0-53:T>C-53:T>C,100034520|F|0-31:G>A-31:G>A,11900381.0,58309310.0,0.011296211350976292
100018823|F|0-53:T>C-53:T>C,100019390|F|0-56:C>T-56:C>T,11900381.0,58491205.0,0.010526044593704412
100018823|F|0-53:T>C-53:T>C,100013048|F|0-58:C>T-58:C>T,11900381.0,58709443.0,0.007584978260238135
100018823|F|0-53:T>C-53:T>C,100041246|F|0-21:G>A-21:G>A,11900381.0,58719431.0,0.01581619628858611
100018823|F|0-53:T>C-53:T>C,100033981|F|0-18:C>A-18:C>A,11900381.0,58771602.0,0.03416338694631495
100018823|F|0-53:T>C-53:T>C,100021859|F|0-23:T>A-23:T>A,11900381.0,59249203.0,0.007073999122632895
100018823|F|0-53:T>C-53:T>C,100038389|F|0-45:C>T-45:C>T,11900381.0,59686561.0,1.3185765532364618e-05
100018823|F|0-53:T>C-53:T>C,100015287|F|0-63:T>C-63:T>C,11900381.0,61485460.0,0.0011786533336543715
100018823|F|0-53:T>C-53:T>C,100013445|F|0-24:G>T-24:G>T,11900381.0,61602864.0,0.014347273351414384
100018823|F|0-53:T>C-53:T>C,100013879|F|0-63:G>A-63:G>A,11900381.0,61606253.0,0.013910311849154897
100018823|F|0-53:T>C-53:T>C,100040047|F|0-6:G>A-6:G>A,11900381.0,61640208.0,0.0017466043308864499
100018823|F|0-53:T>C-53:T>C,100016920|F|0-66:T>A-66:T>A,11900381.0,61641379.0,0.002638622218639459
100018823|F|0-53:T>C-53:T>C,100017079|F|0-12:A>G-12:A>G,11900381.0,61641384.0,0.0009854420652276735
100018823|F|0-53:T>C-53:T>C,100020360|F|0-56:A>G-56:A>G,11900381.0,61670176.0,0.0025357625096650064
100018823|F|0-53:T>C-53:T>C,100056174|F|0-11:G>A-11:G>A,11900381.0,61712285.0,0.04506588830857154
100018823|F|0-53:T>C-53:T>C,100013722|F|0-6:A>G-6:A>G,11900381.0,61760543.0,0.005828234780895929
100018823|F|0-53:T>C-53:T>C,100013153|F|0-63:C>A-63:C>A,11900381.0,61760548.0,0.006598502207665665
100018823|F|0-53:T>C-53:T>C,100040510|F|0-32:T>C-32:T>C,11900381.0,62326715.0,0.0029573292081741132
100018823|F|0-53:T>C-53:T>C,100013356|F|0-7:G>A-7:G>A,11900381.0,62367252.0,0.0623417057064937
100018823|F|0-53:T>C-53:T>C,100014994|F|0-36:G>A-36:G>A,11900381.0,62444541.0,0.07647926910000669
100018823|F|0-53:T>C-53:T>C,100020485|F|0-47:G>T-47:G>T,11900381.0,62444546.0,0.07388559932618192
100018823|F|0-53:T>C-53:T>C,100013478|F|0-51:G>A-51:G>A,11900381.0,62447789.0,0.07740350188469887
100018823|F|0-53:T>C-53:T>C,100013529|F|0-11:C>G-11:C>G,11900381.0,62466983.0,0.06247425183563115
100018823|F|0-53:T>C-53:T>C,100029518|F|0-19:G>C-19:G>C,11900381.0,62476880.0,0.0573223257137458
100018823|F|0-53:T>C-53:T>C,100044261|F|0-5:T>A-5:T>A,11900381.0,62476902.0,0.03434117870655061
100018823|F|0-53:T>C-53:T>C,100017508|F|0-26:G>A-26:G>A,11900381.0,62494366.0,0.044389023631231934
100018823|F|0-53:T>C-53:T>C,100051794|F|0-60:T>C-60:T>C,11900381.0,62494371.0,0.05270488705952067
100018823|F|0-53:T>C-53:T>C,100033227|F|0-6:A>G-6:A>G,11900381.0,62503297.0,0.048127247408000055
100018823|F|0-53:T>C-53:T>C,100015367|F|0-46:A>T-46:A>T,11900381.0,62730005.0,0.001301618325904756
100018823|F|0-53:T>C-53:T>C,100016319|F|0-60:C>A-60:C>A,11900381.0,62905182.0,0.0037370365463030232
100018823|F|0-53:T>C-53:T>C,100020253|F|0-17:T>C-17:T>C,11900381.0,63125496.0,0.01686725836304075
100018823|F|0-53:T>C-53:T>C,100017121|F|0-19:C>T-19:C>T,11900381.0,63306572.0,0.007283047699531094
100018823|F|0-53:T>C-53:T>C,100021507|F|0-53:A>C-53:A>C,11900381.0,63642647.0,0.01342268660384937
100018823|F|0-53:T>C-53:T>C,100019105|F|0-61:T>C-61:T>C,11900381.0,63665304.0,0.020908083031446974
100018823|F|0-53:T>C-53:T>C,100014627|F|0-15:C>G-15:C>G,11900381.0,64043609.0,0.006350613337661322
100018823|F|0-53:T>C-53:T>C,100033689|F|0-56:C>T-56:C>T,11900381.0,64044059.0,0.006945164725834485
100018823|F|0-53:T>C-53:T>C,100046739|F|0-18:T>G-18:T>G,11900381.0,64189766.0,0.003364944630863879
100018823|F|0-53:T>C-53:T>C,100030110|F|0-28:T>C-28:T>C,11900381.0,64196475.0,0.026382983957753736
100018823|F|0-53:T>C-53:T>C,100016864|F|0-56:A>G-56:A>G,11900381.0,64720414.0,0.02098490552667081
100018823|F|0-53:T>C-53:T>C,100021392|F|0-51:G>A-51:G>A,11900381.0,64886887.0,0.010556187261120644
100016501|F|0-17:C>T-17:C>T,100018613|F|0-47:T>C-47:T>C,12114192.0,12308528.0,0.02402290553132231
100016501|F|0-17:C>T-17:C>T,100045000|F|0-23:G>A-23:G>A,12114192.0,12317197.0,0.011853607941917328
100016501|F|0-17:C>T-17:C>T,100015749|F|0-20:C>T-20:C>T,12114192.0,12317967.0,0.02725189684497024
100016501|F|0-17:C>T-17:C>T,100014140|F|0-33:C>G-33:C>G,12114192.0,12605038.0,0.042011564186326844
100016501|F|0-17:C>T-17:C>T,100018408|F|0-53:G>A-53:G>A,12114192.0,12747732.0,0.0069736893891687735
100016501|F|0-17:C>T-17:C>T,100020066|F|0-27:G>C-27:G>C,12114192.0,13025005.0,0.0013224697949965154
100016501|F|0-17:C>T-17:C>T,100034157|F|0-53:C>A-53:C>A,12114192.0,13580202.0,0.026015161681004848
100016501|F|0-17:C>T-17:C>T,100017630|F|0-52:A>T-52:A>T,12114192.0,13716601.0,0.04367683644597121
100016501|F|0-17:C>T-17:C>T,100044127|F|0-8:G>A-8:G>A,12114192.0,14087087.0,0.0838799992751388
100016501|F|0-17:C>T-17:C>T,100035819|F|0-44:C>T-44:C>T,12114192.0,14553363.0,0.00022949086075596108
100016501|F|0-17:C>T-17:C>T,100034357|F|0-15:T>C-15:T>C,12114192.0,14568764.0,0.0007864103533821899
100016501|F|0-17:C>T-17:C>T,100054129|F|0-61:T>A-61:T>A,12114192.0,14873218.0,0.00021221749087898018
100016501|F|0-17:C>T-17:C>T,100022113|F|0-34:G>C-34:G>C,12114192.0,14898843.0,0.022435998896571697
100016501|F|0-17:C>T-17:C>T,100055747|F|0-35:G>C-35:G>C,12114192.0,14898843.0,0.009688044952528575
100016501|F|0-17:C>T-17:C>T,100034447|F|0-52:A>T-52:A>T,12114192.0,15211267.0,0.06340972008079854
100016501|F|0-17:C>T-17:C>T,100018930|F|0-63:C>G-63:C>G,12114192.0,15212141.0,0.04667260389597448
100016501|F|0-17:C>T-17:C>T,100014038|F|0-34:G>C-34:G>C,12114192.0,15259541.0,0.050084939370862946
100016501|F|0-17:C>T-17:C>T,100030229|F|0-11:A>T-11:A>T,12114192.0,15553876.0,0.022472151977034904
100016501|F|0-17:C>T-17:C>T,100017989|F|0-62:A>T-62:A>T,12114192.0,16021700.0,0.0042594894610008
100016501|F|0-17:C>T-17:C>T,100052450|F|0-8:A>G-8:A>G,12114192.0,22147758.0,0.001551753952826511
100016501|F|0-17:C>T-17:C>T,100034572|F|0-53:G>A-53:G>A,12114192.0,26973588.0,0.006479435569168215
100016501|F|0-17:C>T-17:C>T,100018223|F|0-41:G>A-41:G>A,12114192.0,42850086.0,0.008152165259675109
100016501|F|0-17:C>T-17:C>T,100034540|F|0-15:G>A-15:G>A,12114192.0,42850367.0,0.003545091198051023
100016501|F|0-17:C>T-17:C>T,100017511|F|0-59:G>C-59:G>C,12114192.0,42850408.0,0.005644198109947115
100016501|F|0-17:C>T-17:C>T,100050114|F|0-27:G>A-27:G>A,12114192.0,43250010.0,0.017472470474858146
100016501|F|0-17:C>T-17:C>T,100016574|F|0-9:G>A-9:G>A,12114192.0,43529057.0,0.02796951159671558
100016501|F|0-17:C>T-17:C>T,100018496|F|0-32:T>G-32:T>G,12114192.0,43881573.0,0.19961651005294215
100016501|F|0-17:C>T-17:C>T,100017598|F|0-46:C>G-46:C>G,12114192.0,45505408.0,0.17335627564315584
100016501|F|0-17:C>T-17:C>T,100021048|F|0-66:C>T-66:C>T,12114192.0,45555246.0,0.18716688669143627
100016501|F|0-17:C>T-17:C>T,100017454|F|0-9:A>G-9:A>G,12114192.0,45869241.0,0.020975218461923184
100016501|F|0-17:C>T-17:C>T,100018445|F|0-45:A>G-45:A>G,12114192.0,45885872.0,0.02040225504957182
100016501|F|0-17:C>T-17:C>T,100034159|F|0-24:A>G-24:A>G,12114192.0,46097671.0,0.004956855128321851
100016501|F|0-17:C>T-17:C>T,100017594|F|0-13:G>T-13:G>T,12114192.0,46097676.0,0.016677971545395628
100016501|F|0-17:C>T-17:C>T,100030376|F|0-12:T>C-12:T>C,12114192.0,47165949.0,0.017819972716827746
100016501|F|0-17:C>T-17:C>T,100034945|F|0-61:G>A-61:G>A,12114192.0,47171709.0,0.02444262145234874
100016501|F|0-17:C>T-17:C>T,100043426|F|0-30:G>A-30:G>A,12114192.0,47201903.0,0.024093746577592834
100016501|F|0-17:C>T-17:C>T,100015331|F|0-40:A>G-40:A>G,12114192.0,47228518.0,0.029101117663916487
100016501|F|0-17:C>T-17:C>T,100033028|F|0-17:A>C-17:A>C,12114192.0,47247609.0,0.032117223260475024
100016501|F|0-17:C>T-17:C>T,100014668|F|0-30:A>T-30:A>T,12114192.0,48841067.0,0.030329902187498786
100016501|F|0-17:C>T-17:C>T,100019661|F|0-30:A>T-30:A>T,12114192.0,48965503.0,0.006733119901470139
100016501|F|0-17:C>T-17:C>T,100035901|F|0-29:T>A-29:T>A,12114192.0,48989476.0,0.01804872406425802
100016501|F|0-17:C>T-17:C>T,100043126|F|0-48:T>A-48:T>A,12114192.0,49230618.0,0.0504197495310365
100016501|F|0-17:C>T-17:C>T,100044970|F|0-28:C>T-28:C>T,12114192.0,49340094.0,0.05566442373747158
100016501|F|0-17:C>T-17:C>T,100013964|F|0-14:T>G-14:T>G,12114192.0,49356602.0,0.05442780843312481
100016501|F|0-17:C>T-17:C>T,100020795|F|0-42:T>C-42:T>C,12114192.0,49358815.0,0.04746541941366854
100016501|F|0-17:C>T-17:C>T,100016185|F|0-62:C>T-62:C>T,12114192.0,49565807.0,0.012427559396801163
100016501|F|0-17:C>T-17:C>T,100033324|F|0-45:A>T-45:A>T,12114192.0,53523372.0,0.005659261152588754
100016501|F|0-17:C>T-17:C>T,100034432|F|0-24:T>A-24:T>A,12114192.0,53750135.0,0.14662503092092485
100016501|F|0-17:C>T-17:C>T,100056034|F|0-41:G>T-41:G>T,12114192.0,53750140.0,0.012308773328924473
100016501|F|0-17:C>T-17:C>T,100019249|F|0-36:C>A-36:C>A,12114192.0,54407017.0,0.10773579161592746
100016501|F|0-17:C>T-17:C>T,100013936|F|0-38:C>A-38:C>A,12114192.0,54572400.0,0.0010981496266642685
100016501|F|0-17:C>T-17:C>T,100018265|F|0-5:C>T-5:C>T,12114192.0,56110897.0,0.00011200991389480509
100016501|F|0-17:C>T-17:C>T,100014526|F|0-10:T>C-10:T>C,12114192.0,56110902.0,0.0004285939378094375
100016501|F|0-17:C>T-17:C>T,100030709|F|0-39:T>A-39:T>A,12114192.0,56193250.0,0.014814248503821268
100016501|F|0-17:C>T-17:C>T,100033311|F|0-46:C>T-46:C>T,12114192.0,57009334.0,1.7112035921589901e-06
100016501|F|0-17:C>T-17:C>T,100034520|F|0-31:G>A-31:G>A,12114192.0,58309310.0,0.181008310726744
100016501|F|0-17:C>T-17:C>T,100019390|F|0-56:C>T-56:C>T,12114192.0,58491205.0,0.033493201380018496
100016501|F|0-17:C>T-17:C>T,100013048|F|0-58:C>T-58:C>T,12114192.0,58709443.0,0.0025084398549285736
100016501|F|0-17:C>T-17:C>T,100041246|F|0-21:G>A-21:G>A,12114192.0,58719431.0,0.036302606913381046
100016501|F|0-17:C>T-17:C>T,100033981|F|0-18:C>A-18:C>A,12114192.0,58771602.0,0.004945063435891871
100016501|F|0-17:C>T-17:C>T,100021859|F|0-23:T>A-23:T>A,12114192.0,59249203.0,0.0038955880080836515
100016501|F|0-17:C>T-17:C>T,100038389|F|0-45:C>T-45:C>T,12114192.0,59686561.0,0.02120866818599815
100016501|F|0-17:C>T-17:C>T,100015287|F|0-63:T>C-63:T>C,12114192.0,61485460.0,0.03348544577605579
100016501|F|0-17:C>T-17:C>T,100013445|F|0-24:G>T-24:G>T,12114192.0,61602864.0,0.01015418940048002
100016501|F|0-17:C>T-17:C>T,100013879|F|0-63:G>A-63:G>A,12114192.0,61606253.0,0.00911319949454798
100016501|F|0-17:C>T-17:C>T,100040047|F|0-6:G>A-6:G>A,12114192.0,61640208.0,0.011769163976710403
100016501|F|0-17:C>T-17:C>T,100016920|F|0-66:T>A-66:T>A,12114192.0,61641379.0,0.019683546754372543
100016501|F|0-17:C>T-17:C>T,100017079|F|0-12:A>G-12:A>G,12114192.0,61641384.0,0.0010384254457450456
100016501|F|0-17:C>T-17:C>T,100020360|F|0-56:A>G-56:A>G,12114192.0,61670176.0,0.018916235740147908
100016501|F|0-17:C>T-17:C>T,100056174|F|0-11:G>A-11:G>A,12114192.0,61712285.0,0.0026322706999745817
100016501|F|0-17:C>T-17:C>T,100013722|F|0-6:A>G-6:A>G,12114192.0,61760543.0,0.0033695085075707
100016501|F|0-17:C>T-17:C>T,100013153|F|0-63:C>A-63:C>A,12114192.0,61760548.0,0.0041788222066364445
100016501|F|0-17:C>T-17:C>T,100040510|F|0-32:T>C-32:T>C,12114192.0,62326715.0,0.07925152084026416
100016501|F|0-17:C>T-17:C>T,100013356|F|0-7:G>A-7:G>A,12114192.0,62367252.0,0.0066295173463263215
100016501|F|0-17:C>T-17:C>T,100014994|F|0-36:G>A-36:G>A,12114192.0,62444541.0,0.0028030943046574233
100016501|F|0-17:C>T-17:C>T,100020485|F|0-47:G>T-47:G>T,12114192.0,62444546.0,0.0003673595567889564
100016501|F|0-17:C>T-17:C>T,100013478|F|0-51:G>A-51:G>A,12114192.0,62447789.0,3.0009670316162918e-05
100016501|F|0-17:C>T-17:C>T,100013529|F|0-11:C>G-11:C>G,12114192.0,62466983.0,0.004562822866413352
100016501|F|0-17:C>T-17:C>T,100029518|F|0-19:G>C-19:G>C,12114192.0,62476880.0,0.002900508713040442
100016501|F|0-17:C>T-17:C>T,100044261|F|0-5:T>A-5:T>A,12114192.0,62476902.0,0.010461748893700119
100016501|F|0-17:C>T-17:C>T,100017508|F|0-26:G>A-26:G>A,12114192.0,62494366.0,0.00529960016974293
100016501|F|0-17:C>T-17:C>T,100051794|F|0-60:T>C-60:T>C,12114192.0,62494371.0,0.0038176133894018013
100016501|F|0-17:C>T-17:C>T,100033227|F|0-6:A>G-6:A>G,12114192.0,62503297.0,0.0031426158497221794
100016501|F|0-17:C>T-17:C>T,100015367|F|0-46:A>T-46:A>T,12114192.0,62730005.0,0.025826722884530046
100016501|F|0-17:C>T-17:C>T,100016319|F|0-60:C>A-60:C>A,12114192.0,62905182.0,0.012521234842715705
100016501|F|0-17:C>T-17:C>T,100020253|F|0-17:T>C-17:T>C,12114192.0,63125496.0,0.008697077395534995
100016501|F|0-17:C>T-17:C>T,100017121|F|0-19:C>T-19:C>T,12114192.0,63306572.0,0.001981560980006477
100016501|F|0-17:C>T-17:C>T,100021507|F|0-53:A>C-53:A>C,12114192.0,63642647.0,0.0003939838342897484
100016501|F|0-17:C>T-17:C>T,100019105|F|0-61:T>C-61:T>C,12114192.0,63665304.0,0.0006362149108000723
100016501|F|0-17:C>T-17:C>T,100014627|F|0-15:C>G-15:C>G,12114192.0,64043609.0,0.014939644408200161
100016501|F|0-17:C>T-17:C>T,100033689|F|0-56:C>T-56:C>T,12114192.0,64044059.0,0.02698969795947126
100016501|F|0-17:C>T-17:C>T,100046739|F|0-18:T>G-18:T>G,12114192.0,64189766.0,0.0009553247199598452
100016501|F|0-17:C>T-17:C>T,100030110|F|0-28:T>C-28:T>C,12114192.0,64196475.0,0.0159999086806639
100016501|F|0-17:C>T-17:C>T,100016864|F|0-56:A>G-56:A>G,12114192.0,64720414.0,0.012281496604612297
100016501|F|0-17:C>T-17:C>T,100021392|F|0-51:G>A-51:G>A,12114192.0,64886887.0,0.004583522230007053
100018613|F|0-47:T>C-47:T>C,100045000|F|0-23:G>A-23:G>A,12308528.0,12317197.0,0.018083452893352496
100018613|F|0-47:T>C-47:T>C,100015749|F|0-20:C>T-20:C>T,12308528.0,12317967.0,0.9039008108844693
100018613|F|0-47:T>C-47:T>C,100014140|F|0-33:C>G-33:C>G,12308528.0,12605038.0,0.004307278930792502
100018613|F|0-47:T>C-47:T>C,100018408|F|0-53:G>A-53:G>A,12308528.0,12747732.0,0.15346123920223578
100018613|F|0-47:T>C-47:T>C,100020066|F|0-27:G>C-27:G>C,12308528.0,13025005.0,0.11279841700180746
100018613|F|0-47:T>C-47:T>C,100034157|F|0-53:C>A-53:C>A,12308528.0,13580202.0,0.05850378057956645
100018613|F|0-47:T>C-47:T>C,100017630|F|0-52:A>T-52:A>T,12308528.0,13716601.0,0.11250288211883369
100018613|F|0-47:T>C-47:T>C,100044127|F|0-8:G>A-8:G>A,12308528.0,14087087.0,0.011721459069678034
100018613|F|0-47:T>C-47:T>C,100035819|F|0-44:C>T-44:C>T,12308528.0,14553363.0,0.00014999466685628894
100018613|F|0-47:T>C-47:T>C,100034357|F|0-15:T>C-15:T>C,12308528.0,14568764.0,0.016702557252201405
100018613|F|0-47:T>C-47:T>C,100054129|F|0-61:T>A-61:T>A,12308528.0,14873218.0,0.040010875521409965
100018613|F|0-47:T>C-47:T>C,100022113|F|0-34:G>C-34:G>C,12308528.0,14898843.0,0.09722891214549477
100018613|F|0-47:T>C-47:T>C,100055747|F|0-35:G>C-35:G>C,12308528.0,14898843.0,0.08384634928080044
100018613|F|0-47:T>C-47:T>C,100034447|F|0-52:A>T-52:A>T,12308528.0,15211267.0,0.027062994151262013
100018613|F|0-47:T>C-47:T>C,100018930|F|0-63:C>G-63:C>G,12308528.0,15212141.0,0.014161277001952058
100018613|F|0-47:T>C-47:T>C,100014038|F|0-34:G>C-34:G>C,12308528.0,15259541.0,0.02806532425789377
100018613|F|0-47:T>C-47:T>C,100030229|F|0-11:A>T-11:A>T,12308528.0,15553876.0,0.018133016940818755
100018613|F|0-47:T>C-47:T>C,100017989|F|0-62:A>T-62:A>T,12308528.0,16021700.0,0.014303531834019619
100018613|F|0-47:T>C-47:T>C,100052450|F|0-8:A>G-8:A>G,12308528.0,22147758.0,0.01828520177261325
100018613|F|0-47:T>C-47:T>C,100034572|F|0-53:G>A-53:G>A,12308528.0,26973588.0,0.07608683179280627
100018613|F|0-47:T>C-47:T>C,100018223|F|0-41:G>A-41:G>A,12308528.0,42850086.0,0.02351306106297471
100018613|F|0-47:T>C-47:T>C,100034540|F|0-15:G>A-15:G>A,12308528.0,42850367.0,0.023294684135722842
100018613|F|0-47:T>C-47:T>C,100017511|F|0-59:G>C-59:G>C,12308528.0,42850408.0,0.01961829605532812
100018613|F|0-47:T>C-47:T>C,100050114|F|0-27:G>A-27:G>A,12308528.0,43250010.0,0.007516476149173091
100018613|F|0-47:T>C-47:T>C,100016574|F|0-9:G>A-9:G>A,12308528.0,43529057.0,0.005642223630028499
100018613|F|0-47:T>C-47:T>C,100018496|F|0-32:T>G-32:T>G,12308528.0,43881573.0,0.0029383741228344706
100018613|F|0-47:T>C-47:T>C,100017598|F|0-46:C>G-46:C>G,12308528.0,45505408.0,0.002823641060085077
100018613|F|0-47:T>C-47:T>C,100021048|F|0-66:C>T-66:C>T,12308528.0,45555246.0,0.004952227388101066
100018613|F|0-47:T>C-47:T>C,100017454|F|0-9:A>G-9:A>G,12308528.0,45869241.0,0.00022884160987326512
100018613|F|0-47:T>C-47:T>C,100018445|F|0-45:A>G-45:A>G,12308528.0,45885872.0,0.0008063274472535776
100018613|F|0-47:T>C-47:T>C,100034159|F|0-24:A>G-24:A>G,12308528.0,46097671.0,0.007174276373787839
100018613|F|0-47:T>C-47:T>C,100017594|F|0-13:G>T-13:G>T,12308528.0,46097676.0,0.009174885551798
100018613|F|0-47:T>C-47:T>C,100030376|F|0-12:T>C-12:T>C,12308528.0,47165949.0,0.0112082712466996
100018613|F|0-47:T>C-47:T>C,100034945|F|0-61:G>A-61:G>A,12308528.0,47171709.0,0.011208271246699606
100018613|F|0-47:T>C-47:T>C,100043426|F|0-30:G>A-30:G>A,12308528.0,47201903.0,0.006615509995679649
100018613|F|0-47:T>C-47:T>C,100015331|F|0-40:A>G-40:A>G,12308528.0,47228518.0,0.0041771856982898295
100018613|F|0-47:T>C-47:T>C,100033028|F|0-17:A>C-17:A>C,12308528.0,47247609.0,0.0003158055774106133
100018613|F|0-47:T>C-47:T>C,100014668|F|0-30:A>T-30:A>T,12308528.0,48841067.0,0.05348088382249533
100018613|F|0-47:T>C-47:T>C,100019661|F|0-30:A>T-30:A>T,12308528.0,48965503.0,0.00922466882989888
100018613|F|0-47:T>C-47:T>C,100035901|F|0-29:T>A-29:T>A,12308528.0,48989476.0,0.0166044208924062
100018613|F|0-47:T>C-47:T>C,100043126|F|0-48:T>A-48:T>A,12308528.0,49230618.0,0.008666462937143097
100018613|F|0-47:T>C-47:T>C,100044970|F|0-28:C>T-28:C>T,12308528.0,49340094.0,0.0017073881403149723
100018613|F|0-47:T>C-47:T>C,100013964|F|0-14:T>G-14:T>G,12308528.0,49356602.0,0.006983895879947738
100018613|F|0-47:T>C-47:T>C,100020795|F|0-42:T>C-42:T>C,12308528.0,49358815.0,0.006506373133242693
100018613|F|0-47:T>C-47:T>C,100016185|F|0-62:C>T-62:C>T,12308528.0,49565807.0,0.0053040285754539455
100018613|F|0-47:T>C-47:T>C,100033324|F|0-45:A>T-45:A>T,12308528.0,53523372.0,0.049749077725062166
100018613|F|0-47:T>C-47:T>C,100034432|F|0-24:T>A-24:T>A,12308528.0,53750135.0,0.015090980503258036
100018613|F|0-47:T>C-47:T>C,100056034|F|0-41:G>T-41:G>T,12308528.0,53750140.0,0.00804498422638668
100018613|F|0-47:T>C-47:T>C,100019249|F|0-36:C>A-36:C>A,12308528.0,54407017.0,0.03154781133904047
100018613|F|0-47:T>C-47:T>C,100013936|F|0-38:C>A-38:C>A,12308528.0,54572400.0,0.006947090955284554
100018613|F|0-47:T>C-47:T>C,100018265|F|0-5:C>T-5:C>T,12308528.0,56110897.0,7.279285313856853e-05
100018613|F|0-47:T>C-47:T>C,100014526|F|0-10:T>C-10:T>C,12308528.0,56110902.0,0.0036529030830092413
100018613|F|0-47:T>C-47:T>C,100030709|F|0-39:T>A-39:T>A,12308528.0,56193250.0,0.059660640536117825
100018613|F|0-47:T>C-47:T>C,100033311|F|0-46:C>T-46:C>T,12308528.0,57009334.0,0.007766933987274641
100018613|F|0-47:T>C-47:T>C,100034520|F|0-31:G>A-31:G>A,12308528.0,58309310.0,0.0660623431786705
100018613|F|0-47:T>C-47:T>C,100019390|F|0-56:C>T-56:C>T,12308528.0,58491205.0,0.0022892945902207797
100018613|F|0-47:T>C-47:T>C,100013048|F|0-58:C>T-58:C>T,12308528.0,58709443.0,0.057574019723599844
100018613|F|0-47:T>C-47:T>C,100041246|F|0-21:G>A-21:G>A,12308528.0,58719431.0,0.06468296367253695
100018613|F|0-47:T>C-47:T>C,100033981|F|0-18:C>A-18:C>A,12308528.0,58771602.0,0.0006585428200907765
100018613|F|0-47:T>C-47:T>C,100021859|F|0-23:T>A-23:T>A,12308528.0,59249203.0,0.00034270684784086796
100018613|F|0-47:T>C-47:T>C,100038389|F|0-45:C>T-45:C>T,12308528.0,59686561.0,0.006815395534907742
100018613|F|0-47:T>C-47:T>C,100015287|F|0-63:T>C-63:T>C,12308528.0,61485460.0,0.0005024335557256908
100018613|F|0-47:T>C-47:T>C,100013445|F|0-24:G>T-24:G>T,12308528.0,61602864.0,0.0019391536671550414
100018613|F|0-47:T>C-47:T>C,100013879|F|0-63:G>A-63:G>A,12308528.0,61606253.0,0.001323501607109093
100018613|F|0-47:T>C-47:T>C,100040047|F|0-6:G>A-6:G>A,12308528.0,61640208.0,0.011724275064624172
100018613|F|0-47:T>C-47:T>C,100016920|F|0-66:T>A-66:T>A,12308528.0,61641379.0,0.017222615650580097
100018613|F|0-47:T>C-47:T>C,100017079|F|0-12:A>G-12:A>G,12308528.0,61641384.0,0.04734975290929384
100018613|F|0-47:T>C-47:T>C,100020360|F|0-56:A>G-56:A>G,12308528.0,61670176.0,0.011935948503924916
100018613|F|0-47:T>C-47:T>C,100056174|F|0-11:G>A-11:G>A,12308528.0,61712285.0,0.002124007048556728
100018613|F|0-47:T>C-47:T>C,100013722|F|0-6:A>G-6:A>G,12308528.0,61760543.0,0.0004074094193057756
100018613|F|0-47:T>C-47:T>C,100013153|F|0-63:C>A-63:C>A,12308528.0,61760548.0,0.000704665768217818
100018613|F|0-47:T>C-47:T>C,100040510|F|0-32:T>C-32:T>C,12308528.0,62326715.0,0.004314312011044653
100018613|F|0-47:T>C-47:T>C,100013356|F|0-7:G>A-7:G>A,12308528.0,62367252.0,9.652564865235935e-05
100018613|F|0-47:T>C-47:T>C,100014994|F|0-36:G>A-36:G>A,12308528.0,62444541.0,0.06433696485341983
100018613|F|0-47:T>C-47:T>C,100020485|F|0-47:G>T-47:G>T,12308528.0,62444546.0,0.07366963051947824
100018613|F|0-47:T>C-47:T>C,100013478|F|0-51:G>A-51:G>A,12308528.0,62447789.0,0.061510279609086616
100018613|F|0-47:T>C-47:T>C,100013529|F|0-11:C>G-11:C>G,12308528.0,62466983.0,0.010227194432961268
100018613|F|0-47:T>C-47:T>C,100029518|F|0-19:G>C-19:G>C,12308528.0,62476880.0,0.011734331807837017
100018613|F|0-47:T>C-47:T>C,100044261|F|0-5:T>A-5:T>A,12308528.0,62476902.0,0.00844169575365639
100018613|F|0-47:T>C-47:T>C,100017508|F|0-26:G>A-26:G>A,12308528.0,62494366.0,0.014852202472952079
100018613|F|0-47:T>C-47:T>C,100051794|F|0-60:T>C-60:T>C,12308528.0,62494371.0,0.017853219072731238
100018613|F|0-47:T>C-47:T>C,100033227|F|0-6:A>G-6:A>G,12308528.0,62503297.0,0.016537235792777005
100018613|F|0-47:T>C-47:T>C,100015367|F|0-46:A>T-46:A>T,12308528.0,62730005.0,0.0044392591940359966
100018613|F|0-47:T>C-47:T>C,100016319|F|0-60:C>A-60:C>A,12308528.0,62905182.0,0.017961807525052026
100018613|F|0-47:T>C-47:T>C,100020253|F|0-17:T>C-17:T>C,12308528.0,63125496.0,0.007017763670787407
100018613|F|0-47:T>C-47:T>C,100017121|F|0-19:C>T-19:C>T,12308528.0,63306572.0,0.015454301984329077
100018613|F|0-47:T>C-47:T>C,100021507|F|0-53:A>C-53:A>C,12308528.0,63642647.0,0.0003179097199451832
100018613|F|0-47:T>C-47:T>C,100019105|F|0-61:T>C-61:T>C,12308528.0,63665304.0,0.001508674880563238
100018613|F|0-47:T>C-47:T>C,100014627|F|0-15:C>G-15:C>G,12308528.0,64043609.0,0.0020499448564833575
100018613|F|0-47:T>C-47:T>C,100033689|F|0-56:C>T-56:C>T,12308528.0,64044059.0,0.00036675722651332464
100018613|F|0-47:T>C-47:T>C,100046739|F|0-18:T>G-18:T>G,12308528.0,64189766.0,0.011863970749222732
100018613|F|0-47:T>C-47:T>C,100030110|F|0-28:T>C-28:T>C,12308528.0,64196475.0,0.012910495419153614
100018613|F|0-47:T>C-47:T>C,100016864|F|0-56:A>G-56:A>G,12308528.0,64720414.0,0.0007056661193499661
100018613|F|0-47:T>C-47:T>C,100021392|F|0-51:G>A-51:G>A,12308528.0,64886887.0,0.016451872892164914
100045000|F|0-23:G>A-23:G>A,100015749|F|0-20:C>T-20:C>T,12317197.0,12317967.0,0.017983815206535348
100045000|F|0-23:G>A-23:G>A,100014140|F|0-33:C>G-33:C>G,12317197.0,12605038.0,0.016390350281914007
100045000|F|0-23:G>A-23:G>A,100018408|F|0-53:G>A-53:G>A,12317197.0,12747732.0,7.385766806722724e-05
100045000|F|0-23:G>A-23:G>A,100020066|F|0-27:G>C-27:G>C,12317197.0,13025005.0,0.010139699850407741
100045000|F|0-23:G>A-23:G>A,100034157|F|0-53:C>A-53:C>A,12317197.0,13580202.0,0.0051868941707608526
100045000|F|0-23:G>A-23:G>A,100017630|F|0-52:A>T-52:A>T,12317197.0,13716601.0,0.0036266047726118637
100045000|F|0-23:G>A-23:G>A,100044127|F|0-8:G>A-8:G>A,12317197.0,14087087.0,0.008705640529593165
100045000|F|0-23:G>A-23:G>A,100035819|F|0-44:C>T-44:C>T,12317197.0,14553363.0,0.002100840336134457
100045000|F|0-23:G>A-23:G>A,100034357|F|0-15:T>C-15:T>C,12317197.0,14568764.0,0.011109259567849795
100045000|F|0-23:G>A-23:G>A,100054129|F|0-61:T>A-61:T>A,12317197.0,14873218.0,0.020713649971680514
100045000|F|0-23:G>A-23:G>A,100022113|F|0-34:G>C-34:G>C,12317197.0,14898843.0,0.0002376174886471641
100045000|F|0-23:G>A-23:G>A,100055747|F|0-35:G>C-35:G>C,12317197.0,14898843.0,0.011312217194570113
100045000|F|0-23:G>A-23:G>A,100034447|F|0-52:A>T-52:A>T,12317197.0,15211267.0,0.3908285459988657
100045000|F|0-23:G>A-23:G>A,100018930|F|0-63:C>G-63:C>G,12317197.0,15212141.0,0.36413549588700883
100045000|F|0-23:G>A-23:G>A,100014038|F|0-34:G>C-34:G>C,12317197.0,15259541.0,0.3183994528043783
100045000|F|0-23:G>A-23:G>A,100030229|F|0-11:A>T-11:A>T,12317197.0,15553876.0,0.03841731367853511
100045000|F|0-23:G>A-23:G>A,100017989|F|0-62:A>T-62:A>T,12317197.0,16021700.0,0.008148714031066958
100045000|F|0-23:G>A-23:G>A,100052450|F|0-8:A>G-8:A>G,12317197.0,22147758.0,0.05062229358244554
100045000|F|0-23:G>A-23:G>A,100034572|F|0-53:G>A-53:G>A,12317197.0,26973588.0,0.0012557598904064128
100045000|F|0-23:G>A-23:G>A,100018223|F|0-41:G>A-41:G>A,12317197.0,42850086.0,0.06250464787684984
100045000|F|0-23:G>A-23:G>A,100034540|F|0-15:G>A-15:G>A,12317197.0,42850367.0,0.04161577558015831
100045000|F|0-23:G>A-23:G>A,100017511|F|0-59:G>C-59:G>C,12317197.0,42850408.0,0.03266826832839067
100045000|F|0-23:G>A-23:G>A,100050114|F|0-27:G>A-27:G>A,12317197.0,43250010.0,0.04965529913533253
100045000|F|0-23:G>A-23:G>A,100016574|F|0-9:G>A-9:G>A,12317197.0,43529057.0,0.03265851795263563
100045000|F|0-23:G>A-23:G>A,100018496|F|0-32:T>G-32:T>G,12317197.0,43881573.0,0.00425200020127812
100045000|F|0-23:G>A-23:G>A,100017598|F|0-46:C>G-46:C>G,12317197.0,45505408.0,0.0008703851454268517
100045000|F|0-23:G>A-23:G>A,100021048|F|0-66:C>T-66:C>T,12317197.0,45555246.0,0.0036780669714694446
100045000|F|0-23:G>A-23:G>A,100017454|F|0-9:A>G-9:A>G,12317197.0,45869241.0,0.017808364338529673
100045000|F|0-23:G>A-23:G>A,100018445|F|0-45:A>G-45:A>G,12317197.0,45885872.0,0.011293503034648777
100045000|F|0-23:G>A-23:G>A,100034159|F|0-24:A>G-24:A>G,12317197.0,46097671.0,0.005787857311599338
100045000|F|0-23:G>A-23:G>A,100017594|F|0-13:G>T-13:G>T,12317197.0,46097676.0,0.013276599092601815
100045000|F|0-23:G>A-23:G>A,100030376|F|0-12:T>C-12:T>C,12317197.0,47165949.0,0.004924477829717099
100045000|F|0-23:G>A-23:G>A,100034945|F|0-61:G>A-61:G>A,12317197.0,47171709.0,0.004924477829717099
100045000|F|0-23:G>A-23:G>A,100043426|F|0-30:G>A-30:G>A,12317197.0,47201903.0,0.01426670800072335
100045000|F|0-23:G>A-23:G>A,100015331|F|0-40:A>G-40:A>G,12317197.0,47228518.0,0.012737130780455875
100045000|F|0-23:G>A-23:G>A,100033028|F|0-17:A>C-17:A>C,12317197.0,47247609.0,0.02127767235926629
100045000|F|0-23:G>A-23:G>A,100014668|F|0-30:A>T-30:A>T,12317197.0,48841067.0,0.03046802939688769
100045000|F|0-23:G>A-23:G>A,100019661|F|0-30:A>T-30:A>T,12317197.0,48965503.0,0.00018048456496000132
100045000|F|0-23:G>A-23:G>A,100035901|F|0-29:T>A-29:T>A,12317197.0,48989476.0,0.001764765412806487
100045000|F|0-23:G>A-23:G>A,100043126|F|0-48:T>A-48:T>A,12317197.0,49230618.0,0.05805196001658303
100045000|F|0-23:G>A-23:G>A,100044970|F|0-28:C>T-28:C>T,12317197.0,49340094.0,0.0408165364047717
100045000|F|0-23:G>A-23:G>A,100013964|F|0-14:T>G-14:T>G,12317197.0,49356602.0,0.035602204447165976
100045000|F|0-23:G>A-23:G>A,100020795|F|0-42:T>C-42:T>C,12317197.0,49358815.0,0.03523136715112756
100045000|F|0-23:G>A-23:G>A,100016185|F|0-62:C>T-62:C>T,12317197.0,49565807.0,0.007675241350362767
100045000|F|0-23:G>A-23:G>A,100033324|F|0-45:A>T-45:A>T,12317197.0,53523372.0,0.0037984327512904812
100045000|F|0-23:G>A-23:G>A,100034432|F|0-24:T>A-24:T>A,12317197.0,53750135.0,0.0015528914839431022
100045000|F|0-23:G>A-23:G>A,100056034|F|0-41:G>T-41:G>T,12317197.0,53750140.0,0.006820633658868948
100045000|F|0-23:G>A-23:G>A,100019249|F|0-36:C>A-36:C>A,12317197.0,54407017.0,8.115829113101842e-06
100045000|F|0-23:G>A-23:G>A,100013936|F|0-38:C>A-38:C>A,12317197.0,54572400.0,0.023929884453781494
100045000|F|0-23:G>A-23:G>A,100018265|F|0-5:C>T-5:C>T,12317197.0,56110897.0,0.026582047040431028
100045000|F|0-23:G>A-23:G>A,100014526|F|0-10:T>C-10:T>C,12317197.0,56110902.0,0.059458042832948144
100045000|F|0-23:G>A-23:G>A,100030709|F|0-39:T>A-39:T>A,12317197.0,56193250.0,0.0065855415648687745
100045000|F|0-23:G>A-23:G>A,100033311|F|0-46:C>T-46:C>T,12317197.0,57009334.0,0.017655051150895162
100045000|F|0-23:G>A-23:G>A,100034520|F|0-31:G>A-31:G>A,12317197.0,58309310.0,0.0010481740807513301
100045000|F|0-23:G>A-23:G>A,100019390|F|0-56:C>T-56:C>T,12317197.0,58491205.0,0.007326805129634804
100045000|F|0-23:G>A-23:G>A,100013048|F|0-58:C>T-58:C>T,12317197.0,58709443.0,0.0009966642258563126
100045000|F|0-23:G>A-23:G>A,100041246|F|0-21:G>A-21:G>A,12317197.0,58719431.0,0.0025028138143474874
100045000|F|0-23:G>A-23:G>A,100033981|F|0-18:C>A-18:C>A,12317197.0,58771602.0,0.010916636593287607
100045000|F|0-23:G>A-23:G>A,100021859|F|0-23:T>A-23:T>A,12317197.0,59249203.0,0.0027220781168834167
100045000|F|0-23:G>A-23:G>A,100038389|F|0-45:C>T-45:C>T,12317197.0,59686561.0,0.004939309056956106
100045000|F|0-23:G>A-23:G>A,100015287|F|0-63:T>C-63:T>C,12317197.0,61485460.0,0.010030335003956722
100045000|F|0-23:G>A-23:G>A,100013445|F|0-24:G>T-24:G>T,12317197.0,61602864.0,0.013172937019330701
100045000|F|0-23:G>A-23:G>A,100013879|F|0-63:G>A-63:G>A,12317197.0,61606253.0,0.018067226890756308
100045000|F|0-23:G>A-23:G>A,100040047|F|0-6:G>A-6:G>A,12317197.0,61640208.0,0.004587529520345274
100045000|F|0-23:G>A-23:G>A,100016920|F|0-66:T>A-66:T>A,12317197.0,61641379.0,0.00022605113779072564
100045000|F|0-23:G>A-23:G>A,100017079|F|0-12:A>G-12:A>G,12317197.0,61641384.0,0.003321799307958473
100045000|F|0-23:G>A-23:G>A,100020360|F|0-56:A>G-56:A>G,12317197.0,61670176.0,0.00617924642158874
100045000|F|0-23:G>A-23:G>A,100056174|F|0-11:G>A-11:G>A,12317197.0,61712285.0,0.0002698327037236918
100045000|F|0-23:G>A-23:G>A,100013722|F|0-6:A>G-6:A>G,12317197.0,61760543.0,0.010235163107559312
100045000|F|0-23:G>A-23:G>A,100013153|F|0-63:C>A-63:C>A,12317197.0,61760548.0,0.011614938499776923
100045000|F|0-23:G>A-23:G>A,100040510|F|0-32:T>C-32:T>C,12317197.0,62326715.0,0.0008393451720310753
100045000|F|0-23:G>A-23:G>A,100013356|F|0-7:G>A-7:G>A,12317197.0,62367252.0,0.012753835117536695
100045000|F|0-23:G>A-23:G>A,100014994|F|0-36:G>A-36:G>A,12317197.0,62444541.0,0.015365033184834852
100045000|F|0-23:G>A-23:G>A,100020485|F|0-47:G>T-47:G>T,12317197.0,62444546.0,5.93697309363752e-06
100045000|F|0-23:G>A-23:G>A,100013478|F|0-51:G>A-51:G>A,12317197.0,62447789.0,0.000807337803592653
100045000|F|0-23:G>A-23:G>A,100013529|F|0-11:C>G-11:C>G,12317197.0,62466983.0,0.00947158524426716
100045000|F|0-23:G>A-23:G>A,100029518|F|0-19:G>C-19:G>C,12317197.0,62476880.0,0.011293503034648792
100045000|F|0-23:G>A-23:G>A,100044261|F|0-5:T>A-5:T>A,12317197.0,62476902.0,0.007462686567164165
100045000|F|0-23:G>A-23:G>A,100017508|F|0-26:G>A-26:G>A,12317197.0,62494366.0,0.006188062551140977
100045000|F|0-23:G>A-23:G>A,100051794|F|0-60:T>C-60:T>C,12317197.0,62494371.0,0.012938730585789305
100045000|F|0-23:G>A-23:G>A,100033227|F|0-6:A>G-6:A>G,12317197.0,62503297.0,0.016425253320444838
100045000|F|0-23:G>A-23:G>A,100015367|F|0-46:A>T-46:A>T,12317197.0,62730005.0,0.010907010216842457
100045000|F|0-23:G>A-23:G>A,100016319|F|0-60:C>A-60:C>A,12317197.0,62905182.0,0.006497948016415839
100045000|F|0-23:G>A-23:G>A,100020253|F|0-17:T>C-17:T>C,12317197.0,63125496.0,0.00039484286865430946
100045000|F|0-23:G>A-23:G>A,100017121|F|0-19:C>T-19:C>T,12317197.0,63306572.0,0.014403809385558958
100045000|F|0-23:G>A-23:G>A,100021507|F|0-53:A>C-53:A>C,12317197.0,63642647.0,0.04271853519070492
100045000|F|0-23:G>A-23:G>A,100019105|F|0-61:T>C-61:T>C,12317197.0,63665304.0,0.010248635536688911
100045000|F|0-23:G>A-23:G>A,100014627|F|0-15:C>G-15:C>G,12317197.0,64043609.0,0.011279700987808144
100045000|F|0-23:G>A-23:G>A,100033689|F|0-56:C>T-56:C>T,12317197.0,64044059.0,0.010056120350238023
100045000|F|0-23:G>A-23:G>A,100046739|F|0-18:T>G-18:T>G,12317197.0,64189766.0,0.012778540500580823
100045000|F|0-23:G>A-23:G>A,100030110|F|0-28:T>C-28:T>C,12317197.0,64196475.0,0.0017993602274746793
100045000|F|0-23:G>A-23:G>A,100016864|F|0-56:A>G-56:A>G,12317197.0,64720414.0,0.010142015058254988
100045000|F|0-23:G>A-23:G>A,100021392|F|0-51:G>A-51:G>A,12317197.0,64886887.0,0.0022929287210553123
100015749|F|0-20:C>T-20:C>T,100014140|F|0-33:C>G-33:C>G,12317967.0,12605038.0,0.0038952155437064614
100015749|F|0-20:C>T-20:C>T,100018408|F|0-53:G>A-53:G>A,12317967.0,12747732.0,0.1742881339791035
100015749|F|0-20:C>T-20:C>T,100020066|F|0-27:G>C-27:G>C,12317967.0,13025005.0,0.13391865767775685
100015749|F|0-20:C>T-20:C>T,100034157|F|0-53:C>A-53:C>A,12317967.0,13580202.0,0.06784545009635691
100015749|F|0-20:C>T-20:C>T,100017630|F|0-52:A>T-52:A>T,12317967.0,13716601.0,0.1257578372476401
100015749|F|0-20:C>T-20:C>T,100044127|F|0-8:G>A-8:G>A,12317967.0,14087087.0,0.013468682731531038
100015749|F|0-20:C>T-20:C>T,100035819|F|0-44:C>T-44:C>T,12317967.0,14553363.0,4.569275934765942e-05
100015749|F|0-20:C>T-20:C>T,100034357|F|0-15:T>C-15:T>C,12317967.0,14568764.0,0.021577596594153495
100015749|F|0-20:C>T-20:C>T,100054129|F|0-61:T>A-61:T>A,12317967.0,14873218.0,0.04032545889950351
100015749|F|0-20:C>T-20:C>T,100022113|F|0-34:G>C-34:G>C,12317967.0,14898843.0,0.07608394057036366
100015749|F|0-20:C>T-20:C>T,100055747|F|0-35:G>C-35:G>C,12317967.0,14898843.0,0.06331418907605238
100015749|F|0-20:C>T-20:C>T,100034447|F|0-52:A>T-52:A>T,12317967.0,15211267.0,0.026913880254072202
100015749|F|0-20:C>T-20:C>T,100018930|F|0-63:C>G-63:C>G,12317967.0,15212141.0,0.013621070502651744
100015749|F|0-20:C>T-20:C>T,100014038|F|0-34:G>C-34:G>C,12317967.0,15259541.0,0.027700438387785888
100015749|F|0-20:C>T-20:C>T,100030229|F|0-11:A>T-11:A>T,12317967.0,15553876.0,0.02819799784579506
100015749|F|0-20:C>T-20:C>T,100017989|F|0-62:A>T-62:A>T,12317967.0,16021700.0,0.014025446328450245
100015749|F|0-20:C>T-20:C>T,100052450|F|0-8:A>G-8:A>G,12317967.0,22147758.0,0.01779535503748016
100015749|F|0-20:C>T-20:C>T,100034572|F|0-53:G>A-53:G>A,12317967.0,26973588.0,0.07619523977917254
100015749|F|0-20:C>T-20:C>T,100018223|F|0-41:G>A-41:G>A,12317967.0,42850086.0,0.015132762626126419
100015749|F|0-20:C>T-20:C>T,100034540|F|0-15:G>A-15:G>A,12317967.0,42850367.0,0.014631041216578529
100015749|F|0-20:C>T-20:C>T,100017511|F|0-59:G>C-59:G>C,12317967.0,42850408.0,0.01201978441400914
100015749|F|0-20:C>T-20:C>T,100050114|F|0-27:G>A-27:G>A,12317967.0,43250010.0,0.0005348510306157771
100015749|F|0-20:C>T-20:C>T,100016574|F|0-9:G>A-9:G>A,12317967.0,43529057.0,0.00010742413876937203
100015749|F|0-20:C>T-20:C>T,100018496|F|0-32:T>G-32:T>G,12317967.0,43881573.0,0.006304202342252477
100015749|F|0-20:C>T-20:C>T,100017598|F|0-46:C>G-46:C>G,12317967.0,45505408.0,0.00605804565400178
100015749|F|0-20:C>T-20:C>T,100021048|F|0-66:C>T-66:C>T,12317967.0,45555246.0,0.00923271892144999
100015749|F|0-20:C>T-20:C>T,100017454|F|0-9:A>G-9:A>G,12317967.0,45869241.0,0.0015399346033204465
100015749|F|0-20:C>T-20:C>T,100018445|F|0-45:A>G-45:A>G,12317967.0,45885872.0,0.001153100644800081
100015749|F|0-20:C>T-20:C>T,100034159|F|0-24:A>G-24:A>G,12317967.0,46097671.0,0.0047226345521397765
100015749|F|0-20:C>T-20:C>T,100017594|F|0-13:G>T-13:G>T,12317967.0,46097676.0,0.010401877189247007
100015749|F|0-20:C>T-20:C>T,100030376|F|0-12:T>C-12:T>C,12317967.0,47165949.0,0.011808456197684726
100015749|F|0-20:C>T-20:C>T,100034945|F|0-61:G>A-61:G>A,12317967.0,47171709.0,0.011808456197684714
100015749|F|0-20:C>T-20:C>T,100043426|F|0-30:G>A-30:G>A,12317967.0,47201903.0,0.010379772053789186
100015749|F|0-20:C>T-20:C>T,100015331|F|0-40:A>G-40:A>G,12317967.0,47228518.0,0.007153303319351721
100015749|F|0-20:C>T-20:C>T,100033028|F|0-17:A>C-17:A>C,12317967.0,47247609.0,0.0013528632484634039
100015749|F|0-20:C>T-20:C>T,100014668|F|0-30:A>T-30:A>T,12317967.0,48841067.0,0.05244112253915232
100015749|F|0-20:C>T-20:C>T,100019661|F|0-30:A>T-30:A>T,12317967.0,48965503.0,0.013304209520475497
100015749|F|0-20:C>T-20:C>T,100035901|F|0-29:T>A-29:T>A,12317967.0,48989476.0,0.022514816647515062
100015749|F|0-20:C>T-20:C>T,100043126|F|0-48:T>A-48:T>A,12317967.0,49230618.0,0.02038007765397584
100015749|F|0-20:C>T-20:C>T,100044970|F|0-28:C>T-28:C>T,12317967.0,49340094.0,0.012483978798737201
100015749|F|0-20:C>T-20:C>T,100013964|F|0-14:T>G-14:T>G,12317967.0,49356602.0,0.02333076239580411
100015749|F|0-20:C>T-20:C>T,100020795|F|0-42:T>C-42:T>C,12317967.0,49358815.0,0.022906759797108118
100015749|F|0-20:C>T-20:C>T,100016185|F|0-62:C>T-62:C>T,12317967.0,49565807.0,0.006262656117073347
100015749|F|0-20:C>T-20:C>T,100033324|F|0-45:A>T-45:A>T,12317967.0,53523372.0,0.03309348725972942
100015749|F|0-20:C>T-20:C>T,100034432|F|0-24:T>A-24:T>A,12317967.0,53750135.0,0.01415934838104336
100015749|F|0-20:C>T-20:C>T,100056034|F|0-41:G>T-41:G>T,12317967.0,53750140.0,0.018973096098150576
100015749|F|0-20:C>T-20:C>T,100019249|F|0-36:C>A-36:C>A,12317967.0,54407017.0,0.034602252578226134
100015749|F|0-20:C>T-20:C>T,100013936|F|0-38:C>A-38:C>A,12317967.0,54572400.0,0.0007483193334473559
100015749|F|0-20:C>T-20:C>T,100018265|F|0-5:C>T-5:C>T,12317967.0,56110897.0,0.000636395009358718
100015749|F|0-20:C>T-20:C>T,100014526|F|0-10:T>C-10:T>C,12317967.0,56110902.0,0.0060003600272060375
100015749|F|0-20:C>T-20:C>T,100030709|F|0-39:T>A-39:T>A,12317967.0,56193250.0,0.05994118596140812
100015749|F|0-20:C>T-20:C>T,100033311|F|0-46:C>T-46:C>T,12317967.0,57009334.0,0.008097755105903721
100015749|F|0-20:C>T-20:C>T,100034520|F|0-31:G>A-31:G>A,12317967.0,58309310.0,0.09267480189692426
100015749|F|0-20:C>T-20:C>T,100019390|F|0-56:C>T-56:C>T,12317967.0,58491205.0,0.003652249895288929
100015749|F|0-20:C>T-20:C>T,100013048|F|0-58:C>T-58:C>T,12317967.0,58709443.0,0.06418995610968911
100015749|F|0-20:C>T-20:C>T,100041246|F|0-21:G>A-21:G>A,12317967.0,58719431.0,0.06549207535026426
100015749|F|0-20:C>T-20:C>T,100033981|F|0-18:C>A-18:C>A,12317967.0,58771602.0,0.0037059875377593128
100015749|F|0-20:C>T-20:C>T,100021859|F|0-23:T>A-23:T>A,12317967.0,59249203.0,0.0006202740310028861
100015749|F|0-20:C>T-20:C>T,100038389|F|0-45:C>T-45:C>T,12317967.0,59686561.0,0.005037626718079497
100015749|F|0-20:C>T-20:C>T,100015287|F|0-63:T>C-63:T>C,12317967.0,61485460.0,1.9522442023227964e-05
100015749|F|0-20:C>T-20:C>T,100013445|F|0-24:G>T-24:G>T,12317967.0,61602864.0,0.0011168354482955951
100015749|F|0-20:C>T-20:C>T,100013879|F|0-63:G>A-63:G>A,12317967.0,61606253.0,0.0005857705486138928
100015749|F|0-20:C>T-20:C>T,100040047|F|0-6:G>A-6:G>A,12317967.0,61640208.0,0.010125413879261873
100015749|F|0-20:C>T-20:C>T,100016920|F|0-66:T>A-66:T>A,12317967.0,61641379.0,0.015418321227665968
100015749|F|0-20:C>T-20:C>T,100017079|F|0-12:A>G-12:A>G,12317967.0,61641384.0,0.030837324045856887
100015749|F|0-20:C>T-20:C>T,100020360|F|0-56:A>G-56:A>G,12317967.0,61670176.0,0.006654234377180005
100015749|F|0-20:C>T-20:C>T,100056174|F|0-11:G>A-11:G>A,12317967.0,61712285.0,0.0004644320673555103
100015749|F|0-20:C>T-20:C>T,100013722|F|0-6:A>G-6:A>G,12317967.0,61760543.0,2.0482802687344196e-05
100015749|F|0-20:C>T-20:C>T,100013153|F|0-63:C>A-63:C>A,12317967.0,61760548.0,7.54670348200162e-06
100015749|F|0-20:C>T-20:C>T,100040510|F|0-32:T>C-32:T>C,12317967.0,62326715.0,0.002484783269399794
100015749|F|0-20:C>T-20:C>T,100013356|F|0-7:G>A-7:G>A,12317967.0,62367252.0,0.0015813104783872582
100015749|F|0-20:C>T-20:C>T,100014994|F|0-36:G>A-36:G>A,12317967.0,62444541.0,0.05786430826042176
100015749|F|0-20:C>T-20:C>T,100020485|F|0-47:G>T-47:G>T,12317967.0,62444546.0,0.05720372309883053
100015749|F|0-20:C>T-20:C>T,100013478|F|0-51:G>A-51:G>A,12317967.0,62447789.0,0.05506627268805764
100015749|F|0-20:C>T-20:C>T,100013529|F|0-11:C>G-11:C>G,12317967.0,62466983.0,0.007728392966507534
100015749|F|0-20:C>T-20:C>T,100029518|F|0-19:G>C-19:G>C,12317967.0,62476880.0,0.009214996979839117
100015749|F|0-20:C>T-20:C>T,100044261|F|0-5:T>A-5:T>A,12317967.0,62476902.0,0.006089220852637119
100015749|F|0-20:C>T-20:C>T,100017508|F|0-26:G>A-26:G>A,12317967.0,62494366.0,0.010852809154336784
100015749|F|0-20:C>T-20:C>T,100051794|F|0-60:T>C-60:T>C,12317967.0,62494371.0,0.013196277889355816
100015749|F|0-20:C>T-20:C>T,100033227|F|0-6:A>G-6:A>G,12317967.0,62503297.0,0.012156260620268275
100015749|F|0-20:C>T-20:C>T,100015367|F|0-46:A>T-46:A>T,12317967.0,62730005.0,0.004414799400882339
100015749|F|0-20:C>T-20:C>T,100016319|F|0-60:C>A-60:C>A,12317967.0,62905182.0,0.009425843618066044
100015749|F|0-20:C>T-20:C>T,100020253|F|0-17:T>C-17:T>C,12317967.0,63125496.0,0.0032934560266219834
100015749|F|0-20:C>T-20:C>T,100017121|F|0-19:C>T-19:C>T,12317967.0,63306572.0,0.016550972085959736
100015749|F|0-20:C>T-20:C>T,100021507|F|0-53:A>C-53:A>C,12317967.0,63642647.0,0.0004188053389183044
100015749|F|0-20:C>T-20:C>T,100019105|F|0-61:T>C-61:T>C,12317967.0,63665304.0,0.000280509315153338
100015749|F|0-20:C>T-20:C>T,100014627|F|0-15:C>G-15:C>G,12317967.0,64043609.0,0.0003254151361891703
100015749|F|0-20:C>T-20:C>T,100033689|F|0-56:C>T-56:C>T,12317967.0,64044059.0,8.268831734221402e-05
100015749|F|0-20:C>T-20:C>T,100046739|F|0-18:T>G-18:T>G,12317967.0,64189766.0,0.011633314548912048
100015749|F|0-20:C>T-20:C>T,100030110|F|0-28:T>C-28:T>C,12317967.0,64196475.0,0.012523888376668893
100015749|F|0-20:C>T-20:C>T,100016864|F|0-56:A>G-56:A>G,12317967.0,64720414.0,0.003664510550273907
100015749|F|0-20:C>T-20:C>T,100021392|F|0-51:G>A-51:G>A,12317967.0,64886887.0,0.006863578597517876
100014140|F|0-33:C>G-33:C>G,100018408|F|0-53:G>A-53:G>A,12605038.0,12747732.0,0.05000589366255676
100014140|F|0-33:C>G-33:C>G,100020066|F|0-27:G>C-27:G>C,12605038.0,13025005.0,0.0007529088396522462
100014140|F|0-33:C>G-33:C>G,100034157|F|0-53:C>A-53:C>A,12605038.0,13580202.0,0.1022477593701174
100014140|F|0-33:C>G-33:C>G,100017630|F|0-52:A>T-52:A>T,12605038.0,13716601.0,0.04582853318652447
100014140|F|0-33:C>G-33:C>G,100044127|F|0-8:G>A-8:G>A,12605038.0,14087087.0,0.010309243959436148
100014140|F|0-33:C>G-33:C>G,100035819|F|0-44:C>T-44:C>T,12605038.0,14553363.0,0.009762638441969864
100014140|F|0-33:C>G-33:C>G,100034357|F|0-15:T>C-15:T>C,12605038.0,14568764.0,0.023387762441929544
100014140|F|0-33:C>G-33:C>G,100054129|F|0-61:T>A-61:T>A,12605038.0,14873218.0,0.007646625713365146
100014140|F|0-33:C>G-33:C>G,100022113|F|0-34:G>C-34:G>C,12605038.0,14898843.0,0.0019348329515915088
100014140|F|0-33:C>G-33:C>G,100055747|F|0-35:G>C-35:G>C,12605038.0,14898843.0,0.0011526478813640064
100014140|F|0-33:C>G-33:C>G,100034447|F|0-52:A>T-52:A>T,12605038.0,15211267.0,0.009454373884073268
100014140|F|0-33:C>G-33:C>G,100018930|F|0-63:C>G-63:C>G,12605038.0,15212141.0,0.010985330753591503
100014140|F|0-33:C>G-33:C>G,100014038|F|0-34:G>C-34:G>C,12605038.0,15259541.0,0.014261856105769022
100014140|F|0-33:C>G-33:C>G,100030229|F|0-11:A>T-11:A>T,12605038.0,15553876.0,0.011526354901493192
100014140|F|0-33:C>G-33:C>G,100017989|F|0-62:A>T-62:A>T,12605038.0,16021700.0,0.01824402084951142
100014140|F|0-33:C>G-33:C>G,100052450|F|0-8:A>G-8:A>G,12605038.0,22147758.0,0.00017088011445278242
100014140|F|0-33:C>G-33:C>G,100034572|F|0-53:G>A-53:G>A,12605038.0,26973588.0,0.01343779954799677
100014140|F|0-33:C>G-33:C>G,100018223|F|0-41:G>A-41:G>A,12605038.0,42850086.0,0.004114567319506332
100014140|F|0-33:C>G-33:C>G,100034540|F|0-15:G>A-15:G>A,12605038.0,42850367.0,0.005308536461032213
100014140|F|0-33:C>G-33:C>G,100017511|F|0-59:G>C-59:G>C,12605038.0,42850408.0,0.008384170302471922
100014140|F|0-33:C>G-33:C>G,100050114|F|0-27:G>A-27:G>A,12605038.0,43250010.0,0.0003623391005555301
100014140|F|0-33:C>G-33:C>G,100016574|F|0-9:G>A-9:G>A,12605038.0,43529057.0,7.618207923241663e-06
100014140|F|0-33:C>G-33:C>G,100018496|F|0-32:T>G-32:T>G,12605038.0,43881573.0,0.004483175974458788
100014140|F|0-33:C>G-33:C>G,100017598|F|0-46:C>G-46:C>G,12605038.0,45505408.0,0.0011005719381653515
100014140|F|0-33:C>G-33:C>G,100021048|F|0-66:C>T-66:C>T,12605038.0,45555246.0,0.005323617718791588
100014140|F|0-33:C>G-33:C>G,100017454|F|0-9:A>G-9:A>G,12605038.0,45869241.0,0.0033334190197047034
100014140|F|0-33:C>G-33:C>G,100018445|F|0-45:A>G-45:A>G,12605038.0,45885872.0,0.005887436337876878
100014140|F|0-33:C>G-33:C>G,100034159|F|0-24:A>G-24:A>G,12605038.0,46097671.0,0.014081155812226001
100014140|F|0-33:C>G-33:C>G,100017594|F|0-13:G>T-13:G>T,12605038.0,46097676.0,0.011290090928919836
100014140|F|0-33:C>G-33:C>G,100030376|F|0-12:T>C-12:T>C,12605038.0,47165949.0,0.023789364137013547
100014140|F|0-33:C>G-33:C>G,100034945|F|0-61:G>A-61:G>A,12605038.0,47171709.0,0.023789364137013554
100014140|F|0-33:C>G-33:C>G,100043426|F|0-30:G>A-30:G>A,12605038.0,47201903.0,0.02977990599838041
100014140|F|0-33:C>G-33:C>G,100015331|F|0-40:A>G-40:A>G,12605038.0,47228518.0,0.02717356033030225
100014140|F|0-33:C>G-33:C>G,100033028|F|0-17:A>C-17:A>C,12605038.0,47247609.0,0.022166239225130314
100014140|F|0-33:C>G-33:C>G,100014668|F|0-30:A>T-30:A>T,12605038.0,48841067.0,0.012277333139849977
100014140|F|0-33:C>G-33:C>G,100019661|F|0-30:A>T-30:A>T,12605038.0,48965503.0,0.026049794418601422
100014140|F|0-33:C>G-33:C>G,100035901|F|0-29:T>A-29:T>A,12605038.0,48989476.0,0.023573254272788956
100014140|F|0-33:C>G-33:C>G,100043126|F|0-48:T>A-48:T>A,12605038.0,49230618.0,0.0029870996249881324
100014140|F|0-33:C>G-33:C>G,100044970|F|0-28:C>T-28:C>T,12605038.0,49340094.0,0.005336517210319538
100014140|F|0-33:C>G-33:C>G,100013964|F|0-14:T>G-14:T>G,12605038.0,49356602.0,0.003248839235775908
100014140|F|0-33:C>G-33:C>G,100020795|F|0-42:T>C-42:T>C,12605038.0,49358815.0,0.003436659260418193
100014140|F|0-33:C>G-33:C>G,100016185|F|0-62:C>T-62:C>T,12605038.0,49565807.0,0.009089042358166375
100014140|F|0-33:C>G-33:C>G,100033324|F|0-45:A>T-45:A>T,12605038.0,53523372.0,0.0033541015406692684
100014140|F|0-33:C>G-33:C>G,100034432|F|0-24:T>A-24:T>A,12605038.0,53750135.0,0.008686001035882853
100014140|F|0-33:C>G-33:C>G,100056034|F|0-41:G>T-41:G>T,12605038.0,53750140.0,0.01990630366647143
100014140|F|0-33:C>G-33:C>G,100019249|F|0-36:C>A-36:C>A,12605038.0,54407017.0,0.010172228479598098
100014140|F|0-33:C>G-33:C>G,100013936|F|0-38:C>A-38:C>A,12605038.0,54572400.0,0.00024947316388915317
100014140|F|0-33:C>G-33:C>G,100018265|F|0-5:C>T-5:C>T,12605038.0,56110897.0,0.017101379491039775
100014140|F|0-33:C>G-33:C>G,100014526|F|0-10:T>C-10:T>C,12605038.0,56110902.0,0.02105860569348683
100014140|F|0-33:C>G-33:C>G,100030709|F|0-39:T>A-39:T>A,12605038.0,56193250.0,0.0016816739881899646
100014140|F|0-33:C>G-33:C>G,100033311|F|0-46:C>T-46:C>T,12605038.0,57009334.0,0.003158042412742232
100014140|F|0-33:C>G-33:C>G,100034520|F|0-31:G>A-31:G>A,12605038.0,58309310.0,0.010583399879468549
100014140|F|0-33:C>G-33:C>G,100019390|F|0-56:C>T-56:C>T,12605038.0,58491205.0,0.021452327419927926
100014140|F|0-33:C>G-33:C>G,100013048|F|0-58:C>T-58:C>T,12605038.0,58709443.0,1.7128382037344474e-06
100014140|F|0-33:C>G-33:C>G,100041246|F|0-21:G>A-21:G>A,12605038.0,58719431.0,0.033952618861930704
100014140|F|0-33:C>G-33:C>G,100033981|F|0-18:C>A-18:C>A,12605038.0,58771602.0,0.001652917107417905
100014140|F|0-33:C>G-33:C>G,100021859|F|0-23:T>A-23:T>A,12605038.0,59249203.0,7.530644501335088e-05
100014140|F|0-33:C>G-33:C>G,100038389|F|0-45:C>T-45:C>T,12605038.0,59686561.0,0.008341584040618103
100014140|F|0-33:C>G-33:C>G,100015287|F|0-63:T>C-63:T>C,12605038.0,61485460.0,0.023451651280274256
100014140|F|0-33:C>G-33:C>G,100013445|F|0-24:G>T-24:G>T,12605038.0,61602864.0,0.03170509589250079
100014140|F|0-33:C>G-33:C>G,100013879|F|0-63:G>A-63:G>A,12605038.0,61606253.0,0.030809175572774933
100014140|F|0-33:C>G-33:C>G,100040047|F|0-6:G>A-6:G>A,12605038.0,61640208.0,0.021286798297835703
100014140|F|0-33:C>G-33:C>G,100016920|F|0-66:T>A-66:T>A,12605038.0,61641379.0,0.024556264160839125
100014140|F|0-33:C>G-33:C>G,100017079|F|0-12:A>G-12:A>G,12605038.0,61641384.0,0.02591423648572484
100014140|F|0-33:C>G-33:C>G,100020360|F|0-56:A>G-56:A>G,12605038.0,61670176.0,0.0069561803404095315
100014140|F|0-33:C>G-33:C>G,100056174|F|0-11:G>A-11:G>A,12605038.0,61712285.0,0.02148564403698428
100014140|F|0-33:C>G-33:C>G,100013722|F|0-6:A>G-6:A>G,12605038.0,61760543.0,0.000608158654112894
100014140|F|0-33:C>G-33:C>G,100013153|F|0-63:C>A-63:C>A,12605038.0,61760548.0,0.001089789595667464
100014140|F|0-33:C>G-33:C>G,100040510|F|0-32:T>C-32:T>C,12605038.0,62326715.0,0.01504765587933855
100014140|F|0-33:C>G-33:C>G,100013356|F|0-7:G>A-7:G>A,12605038.0,62367252.0,0.0010740001676285249
100014140|F|0-33:C>G-33:C>G,100014994|F|0-36:G>A-36:G>A,12605038.0,62444541.0,0.0004164227024870437
100014140|F|0-33:C>G-33:C>G,100020485|F|0-47:G>T-47:G>T,12605038.0,62444546.0,2.449766614602681e-05
100014140|F|0-33:C>G-33:C>G,100013478|F|0-51:G>A-51:G>A,12605038.0,62447789.0,0.0006463381575142695
100014140|F|0-33:C>G-33:C>G,100013529|F|0-11:C>G-11:C>G,12605038.0,62466983.0,0.009406759776203047
100014140|F|0-33:C>G-33:C>G,100029518|F|0-19:G>C-19:G>C,12605038.0,62476880.0,0.013974793371406913
100014140|F|0-33:C>G-33:C>G,100044261|F|0-5:T>A-5:T>A,12605038.0,62476902.0,0.005436268750220215
100014140|F|0-33:C>G-33:C>G,100017508|F|0-26:G>A-26:G>A,12605038.0,62494366.0,0.0018098417310906376
100014140|F|0-33:C>G-33:C>G,100051794|F|0-60:T>C-60:T>C,12605038.0,62494371.0,0.0007831929540114592
100014140|F|0-33:C>G-33:C>G,100033227|F|0-6:A>G-6:A>G,12605038.0,62503297.0,0.00018336887357301698
100014140|F|0-33:C>G-33:C>G,100015367|F|0-46:A>T-46:A>T,12605038.0,62730005.0,0.04773706869111365
100014140|F|0-33:C>G-33:C>G,100016319|F|0-60:C>A-60:C>A,12605038.0,62905182.0,0.025813898920743244
100014140|F|0-33:C>G-33:C>G,100020253|F|0-17:T>C-17:T>C,12605038.0,63125496.0,0.0763795013222205
100014140|F|0-33:C>G-33:C>G,100017121|F|0-19:C>T-19:C>T,12605038.0,63306572.0,0.004184361693981278
100014140|F|0-33:C>G-33:C>G,100021507|F|0-53:A>C-53:A>C,12605038.0,63642647.0,0.03176795658312034
100014140|F|0-33:C>G-33:C>G,100019105|F|0-61:T>C-61:T>C,12605038.0,63665304.0,0.010112602052287242
100014140|F|0-33:C>G-33:C>G,100014627|F|0-15:C>G-15:C>G,12605038.0,64043609.0,0.044686824766344224
100014140|F|0-33:C>G-33:C>G,100033689|F|0-56:C>T-56:C>T,12605038.0,64044059.0,0.05773152030142367
100014140|F|0-33:C>G-33:C>G,100046739|F|0-18:T>G-18:T>G,12605038.0,64189766.0,0.0871625291975798
100014140|F|0-33:C>G-33:C>G,100030110|F|0-28:T>C-28:T>C,12605038.0,64196475.0,0.03161428422956628
100014140|F|0-33:C>G-33:C>G,100016864|F|0-56:A>G-56:A>G,12605038.0,64720414.0,0.0031446638108839717
100014140|F|0-33:C>G-33:C>G,100021392|F|0-51:G>A-51:G>A,12605038.0,64886887.0,0.0032194654834306275
100018408|F|0-53:G>A-53:G>A,100020066|F|0-27:G>C-27:G>C,12747732.0,13025005.0,0.052956399053673886
100018408|F|0-53:G>A-53:G>A,100034157|F|0-53:C>A-53:C>A,12747732.0,13580202.0,0.07316314293776205
100018408|F|0-53:G>A-53:G>A,100017630|F|0-52:A>T-52:A>T,12747732.0,13716601.0,0.06228884437753215
100018408|F|0-53:G>A-53:G>A,100044127|F|0-8:G>A-8:G>A,12747732.0,14087087.0,0.03484841272390239
100018408|F|0-53:G>A-53:G>A,100035819|F|0-44:C>T-44:C>T,12747732.0,14553363.0,0.00015465967956059966
100018408|F|0-53:G>A-53:G>A,100034357|F|0-15:T>C-15:T>C,12747732.0,14568764.0,0.0006987961393835129
100018408|F|0-53:G>A-53:G>A,100054129|F|0-61:T>A-61:T>A,12747732.0,14873218.0,0.008788103016309676
100018408|F|0-53:G>A-53:G>A,100022113|F|0-34:G>C-34:G>C,12747732.0,14898843.0,0.03050687075211594
100018408|F|0-53:G>A-53:G>A,100055747|F|0-35:G>C-35:G>C,12747732.0,14898843.0,0.024145776098901058
100018408|F|0-53:G>A-53:G>A,100034447|F|0-52:A>T-52:A>T,12747732.0,15211267.0,0.00011053252112399299
100018408|F|0-53:G>A-53:G>A,100018930|F|0-63:C>G-63:C>G,12747732.0,15212141.0,8.907957972107086e-05
100018408|F|0-53:G>A-53:G>A,100014038|F|0-34:G>C-34:G>C,12747732.0,15259541.0,6.164348006644563e-05
100018408|F|0-53:G>A-53:G>A,100030229|F|0-11:A>T-11:A>T,12747732.0,15553876.0,0.022940856861127328
100018408|F|0-53:G>A-53:G>A,100017989|F|0-62:A>T-62:A>T,12747732.0,16021700.0,0.00029019065012368705
100018408|F|0-53:G>A-53:G>A,100052450|F|0-8:A>G-8:A>G,12747732.0,22147758.0,0.0003705237135176641
100018408|F|0-53:G>A-53:G>A,100034572|F|0-53:G>A-53:G>A,12747732.0,26973588.0,0.06475508257510826
100018408|F|0-53:G>A-53:G>A,100018223|F|0-41:G>A-41:G>A,12747732.0,42850086.0,0.011812931754560253
100018408|F|0-53:G>A-53:G>A,100034540|F|0-15:G>A-15:G>A,12747732.0,42850367.0,0.01586122141421875
100018408|F|0-53:G>A-53:G>A,100017511|F|0-59:G>C-59:G>C,12747732.0,42850408.0,0.006683964468046318
100018408|F|0-53:G>A-53:G>A,100050114|F|0-27:G>A-27:G>A,12747732.0,43250010.0,4.876359573046155e-06
100018408|F|0-53:G>A-53:G>A,100016574|F|0-9:G>A-9:G>A,12747732.0,43529057.0,0.0016867897727272671
100018408|F|0-53:G>A-53:G>A,100018496|F|0-32:T>G-32:T>G,12747732.0,43881573.0,0.007393376512281561
100018408|F|0-53:G>A-53:G>A,100017598|F|0-46:C>G-46:C>G,12747732.0,45505408.0,0.0037872688956902055
100018408|F|0-53:G>A-53:G>A,100021048|F|0-66:C>T-66:C>T,12747732.0,45555246.0,0.0055615176826809805
100018408|F|0-53:G>A-53:G>A,100017454|F|0-9:A>G-9:A>G,12747732.0,45869241.0,0.011208967173738978
100018408|F|0-53:G>A-53:G>A,100018445|F|0-45:A>G-45:A>G,12747732.0,45885872.0,0.01464212103131414
100018408|F|0-53:G>A-53:G>A,100034159|F|0-24:A>G-24:A>G,12747732.0,46097671.0,0.0048811316695352895
100018408|F|0-53:G>A-53:G>A,100017594|F|0-13:G>T-13:G>T,12747732.0,46097676.0,0.010353639895548057
100018408|F|0-53:G>A-53:G>A,100030376|F|0-12:T>C-12:T>C,12747732.0,47165949.0,0.05856786042391236
100018408|F|0-53:G>A-53:G>A,100034945|F|0-61:G>A-61:G>A,12747732.0,47171709.0,0.05856786042391236
100018408|F|0-53:G>A-53:G>A,100043426|F|0-30:G>A-30:G>A,12747732.0,47201903.0,0.06962310410000638
100018408|F|0-53:G>A-53:G>A,100015331|F|0-40:A>G-40:A>G,12747732.0,47228518.0,0.06171623191754246
100018408|F|0-53:G>A-53:G>A,100033028|F|0-17:A>C-17:A>C,12747732.0,47247609.0,0.04541690668202759
100018408|F|0-53:G>A-53:G>A,100014668|F|0-30:A>T-30:A>T,12747732.0,48841067.0,0.001085022400462462
100018408|F|0-53:G>A-53:G>A,100019661|F|0-30:A>T-30:A>T,12747732.0,48965503.0,0.0669890096824812
100018408|F|0-53:G>A-53:G>A,100035901|F|0-29:T>A-29:T>A,12747732.0,48989476.0,0.1085070479804824
100018408|F|0-53:G>A-53:G>A,100043126|F|0-48:T>A-48:T>A,12747732.0,49230618.0,0.003985454364302481
100018408|F|0-53:G>A-53:G>A,100044970|F|0-28:C>T-28:C>T,12747732.0,49340094.0,0.0007902253996004016
100018408|F|0-53:G>A-53:G>A,100013964|F|0-14:T>G-14:T>G,12747732.0,49356602.0,0.000264676666047031
100018408|F|0-53:G>A-53:G>A,100020795|F|0-42:T>C-42:T>C,12747732.0,49358815.0,6.144921836594083e-06
100018408|F|0-53:G>A-53:G>A,100016185|F|0-62:C>T-62:C>T,12747732.0,49565807.0,4.095674967234581e-05
100018408|F|0-53:G>A-53:G>A,100033324|F|0-45:A>T-45:A>T,12747732.0,53523372.0,0.00011809675622840489
100018408|F|0-53:G>A-53:G>A,100034432|F|0-24:T>A-24:T>A,12747732.0,53750135.0,0.00019092246190979007
100018408|F|0-53:G>A-53:G>A,100056034|F|0-41:G>T-41:G>T,12747732.0,53750140.0,0.03981666964716625
100018408|F|0-53:G>A-53:G>A,100019249|F|0-36:C>A-36:C>A,12747732.0,54407017.0,0.014973419391556298
100018408|F|0-53:G>A-53:G>A,100013936|F|0-38:C>A-38:C>A,12747732.0,54572400.0,0.012832641601562588
100018408|F|0-53:G>A-53:G>A,100018265|F|0-5:C>T-5:C>T,12747732.0,56110897.0,0.029366504527840995
100018408|F|0-53:G>A-53:G>A,100014526|F|0-10:T>C-10:T>C,12747732.0,56110902.0,0.01175045543890046
100018408|F|0-53:G>A-53:G>A,100030709|F|0-39:T>A-39:T>A,12747732.0,56193250.0,0.0330489817482504
100018408|F|0-53:G>A-53:G>A,100033311|F|0-46:C>T-46:C>T,12747732.0,57009334.0,0.07658016607628108
100018408|F|0-53:G>A-53:G>A,100034520|F|0-31:G>A-31:G>A,12747732.0,58309310.0,0.007141902555747902
100018408|F|0-53:G>A-53:G>A,100019390|F|0-56:C>T-56:C>T,12747732.0,58491205.0,0.10422912060447692
100018408|F|0-53:G>A-53:G>A,100013048|F|0-58:C>T-58:C>T,12747732.0,58709443.0,0.18456162937166562
100018408|F|0-53:G>A-53:G>A,100041246|F|0-21:G>A-21:G>A,12747732.0,58719431.0,0.002301827075240982
100018408|F|0-53:G>A-53:G>A,100033981|F|0-18:C>A-18:C>A,12747732.0,58771602.0,0.010450545368645975
100018408|F|0-53:G>A-53:G>A,100021859|F|0-23:T>A-23:T>A,12747732.0,59249203.0,4.704569451386901e-06
100018408|F|0-53:G>A-53:G>A,100038389|F|0-45:C>T-45:C>T,12747732.0,59686561.0,0.12229175524376443
100018408|F|0-53:G>A-53:G>A,100015287|F|0-63:T>C-63:T>C,12747732.0,61485460.0,0.008334563681133882
100018408|F|0-53:G>A-53:G>A,100013445|F|0-24:G>T-24:G>T,12747732.0,61602864.0,0.07060310252082272
100018408|F|0-53:G>A-53:G>A,100013879|F|0-63:G>A-63:G>A,12747732.0,61606253.0,0.06463063968319886
100018408|F|0-53:G>A-53:G>A,100040047|F|0-6:G>A-6:G>A,12747732.0,61640208.0,0.031007163046344575
100018408|F|0-53:G>A-53:G>A,100016920|F|0-66:T>A-66:T>A,12747732.0,61641379.0,0.02524509967442357
100018408|F|0-53:G>A-53:G>A,100017079|F|0-12:A>G-12:A>G,12747732.0,61641384.0,0.0473181460084034
100018408|F|0-53:G>A-53:G>A,100020360|F|0-56:A>G-56:A>G,12747732.0,61670176.0,0.017696853567032097
100018408|F|0-53:G>A-53:G>A,100056174|F|0-11:G>A-11:G>A,12747732.0,61712285.0,0.0337062850692169
100018408|F|0-53:G>A-53:G>A,100013722|F|0-6:A>G-6:A>G,12747732.0,61760543.0,0.00016918176304486093
100018408|F|0-53:G>A-53:G>A,100013153|F|0-63:C>A-63:C>A,12747732.0,61760548.0,0.001016314231543105
100018408|F|0-53:G>A-53:G>A,100040510|F|0-32:T>C-32:T>C,12747732.0,62326715.0,0.023297003979952824
100018408|F|0-53:G>A-53:G>A,100013356|F|0-7:G>A-7:G>A,12747732.0,62367252.0,0.005277782430983649
100018408|F|0-53:G>A-53:G>A,100014994|F|0-36:G>A-36:G>A,12747732.0,62444541.0,0.0038429103589368535
100018408|F|0-53:G>A-53:G>A,100020485|F|0-47:G>T-47:G>T,12747732.0,62444546.0,6.510792144875715e-05
100018408|F|0-53:G>A-53:G>A,100013478|F|0-51:G>A-51:G>A,12747732.0,62447789.0,0.0008046628213332605
100018408|F|0-53:G>A-53:G>A,100013529|F|0-11:C>G-11:C>G,12747732.0,62466983.0,0.018891637030871697
100018408|F|0-53:G>A-53:G>A,100029518|F|0-19:G>C-19:G>C,12747732.0,62476880.0,0.01864062791529323
100018408|F|0-53:G>A-53:G>A,100044261|F|0-5:T>A-5:T>A,12747732.0,62476902.0,0.02532038060093439
100018408|F|0-53:G>A-53:G>A,100017508|F|0-26:G>A-26:G>A,12747732.0,62494366.0,0.011258230379912786
100018408|F|0-53:G>A-53:G>A,100051794|F|0-60:T>C-60:T>C,12747732.0,62494371.0,0.014501967626967578
100018408|F|0-53:G>A-53:G>A,100033227|F|0-6:A>G-6:A>G,12747732.0,62503297.0,0.01733287440029834
100018408|F|0-53:G>A-53:G>A,100015367|F|0-46:A>T-46:A>T,12747732.0,62730005.0,0.008864329049911197
100018408|F|0-53:G>A-53:G>A,100016319|F|0-60:C>A-60:C>A,12747732.0,62905182.0,0.012082122093023251
100018408|F|0-53:G>A-53:G>A,100020253|F|0-17:T>C-17:T>C,12747732.0,63125496.0,0.0030577299412915832
100018408|F|0-53:G>A-53:G>A,100017121|F|0-19:C>T-19:C>T,12747732.0,63306572.0,0.005036978087934125
100018408|F|0-53:G>A-53:G>A,100021507|F|0-53:A>C-53:A>C,12747732.0,63642647.0,0.006122234635839848
100018408|F|0-53:G>A-53:G>A,100019105|F|0-61:T>C-61:T>C,12747732.0,63665304.0,0.03383091517857139
100018408|F|0-53:G>A-53:G>A,100014627|F|0-15:C>G-15:C>G,12747732.0,64043609.0,0.035165606877206206
100018408|F|0-53:G>A-53:G>A,100033689|F|0-56:C>T-56:C>T,12747732.0,64044059.0,0.030446743546631946
100018408|F|0-53:G>A-53:G>A,100046739|F|0-18:T>G-18:T>G,12747732.0,64189766.0,0.016158991087458285
100018408|F|0-53:G>A-53:G>A,100030110|F|0-28:T>C-28:T>C,12747732.0,64196475.0,0.0028356981009926593
100018408|F|0-53:G>A-53:G>A,100016864|F|0-56:A>G-56:A>G,12747732.0,64720414.0,4.7837815630536204e-05
100018408|F|0-53:G>A-53:G>A,100021392|F|0-51:G>A-51:G>A,12747732.0,64886887.0,0.025145443764608855
100020066|F|0-27:G>C-27:G>C,100034157|F|0-53:C>A-53:C>A,13025005.0,13580202.0,0.09451577450339523
100020066|F|0-27:G>C-27:G>C,100017630|F|0-52:A>T-52:A>T,13025005.0,13716601.0,0.11900458118427042
100020066|F|0-27:G>C-27:G>C,100044127|F|0-8:G>A-8:G>A,13025005.0,14087087.0,0.015298308640091345
100020066|F|0-27:G>C-27:G>C,100035819|F|0-44:C>T-44:C>T,13025005.0,14553363.0,0.041149068322981194
100020066|F|0-27:G>C-27:G>C,100034357|F|0-15:T>C-15:T>C,13025005.0,14568764.0,0.17276042647071363
100020066|F|0-27:G>C-27:G>C,100054129|F|0-61:T>A-61:T>A,13025005.0,14873218.0,0.002310956846717436
100020066|F|0-27:G>C-27:G>C,100022113|F|0-34:G>C-34:G>C,13025005.0,14898843.0,0.0014256616145028663
100020066|F|0-27:G>C-27:G>C,100055747|F|0-35:G>C-35:G>C,13025005.0,14898843.0,0.006039195115794793
100020066|F|0-27:G>C-27:G>C,100034447|F|0-52:A>T-52:A>T,13025005.0,15211267.0,0.0034767318917686848
100020066|F|0-27:G>C-27:G>C,100018930|F|0-63:C>G-63:C>G,13025005.0,15212141.0,0.0003944796656284311
100020066|F|0-27:G>C-27:G>C,100014038|F|0-34:G>C-34:G>C,13025005.0,15259541.0,0.0022201766602438114
100020066|F|0-27:G>C-27:G>C,100030229|F|0-11:A>T-11:A>T,13025005.0,15553876.0,0.10671015317065628
100020066|F|0-27:G>C-27:G>C,100017989|F|0-62:A>T-62:A>T,13025005.0,16021700.0,0.051565402057608754
100020066|F|0-27:G>C-27:G>C,100052450|F|0-8:A>G-8:A>G,13025005.0,22147758.0,0.019499298059196448
100020066|F|0-27:G>C-27:G>C,100034572|F|0-53:G>A-53:G>A,13025005.0,26973588.0,0.06711027700088512
100020066|F|0-27:G>C-27:G>C,100018223|F|0-41:G>A-41:G>A,13025005.0,42850086.0,0.0012344059346897879
100020066|F|0-27:G>C-27:G>C,100034540|F|0-15:G>A-15:G>A,13025005.0,42850367.0,0.0014640375347465167
100020066|F|0-27:G>C-27:G>C,100017511|F|0-59:G>C-59:G>C,13025005.0,42850408.0,0.0009739955490942454
100020066|F|0-27:G>C-27:G>C,100050114|F|0-27:G>A-27:G>A,13025005.0,43250010.0,0.008656071424329946
100020066|F|0-27:G>C-27:G>C,100016574|F|0-9:G>A-9:G>A,13025005.0,43529057.0,0.004959355656648509
100020066|F|0-27:G>C-27:G>C,100018496|F|0-32:T>G-32:T>G,13025005.0,43881573.0,0.025936685751899488
100020066|F|0-27:G>C-27:G>C,100017598|F|0-46:C>G-46:C>G,13025005.0,45505408.0,0.03146238806241905
100020066|F|0-27:G>C-27:G>C,100021048|F|0-66:C>T-66:C>T,13025005.0,45555246.0,0.03262570453276865
100020066|F|0-27:G>C-27:G>C,100017454|F|0-9:A>G-9:A>G,13025005.0,45869241.0,9.856121156153853e-05
100020066|F|0-27:G>C-27:G>C,100018445|F|0-45:A>G-45:A>G,13025005.0,45885872.0,2.1606811038258792e-05
100020066|F|0-27:G>C-27:G>C,100034159|F|0-24:A>G-24:A>G,13025005.0,46097671.0,0.0003131887681983077
100020066|F|0-27:G>C-27:G>C,100017594|F|0-13:G>T-13:G>T,13025005.0,46097676.0,0.0018104360407385353
100020066|F|0-27:G>C-27:G>C,100030376|F|0-12:T>C-12:T>C,13025005.0,47165949.0,0.057826565522241406
100020066|F|0-27:G>C-27:G>C,100034945|F|0-61:G>A-61:G>A,13025005.0,47171709.0,0.06816777722803437
100020066|F|0-27:G>C-27:G>C,100043426|F|0-30:G>A-30:G>A,13025005.0,47201903.0,0.12907947578650572
100020066|F|0-27:G>C-27:G>C,100015331|F|0-40:A>G-40:A>G,13025005.0,47228518.0,0.11312351273077875
100020066|F|0-27:G>C-27:G>C,100033028|F|0-17:A>C-17:A>C,13025005.0,47247609.0,0.09145518537140437
100020066|F|0-27:G>C-27:G>C,100014668|F|0-30:A>T-30:A>T,13025005.0,48841067.0,4.066452472506915e-05
100020066|F|0-27:G>C-27:G>C,100019661|F|0-30:A>T-30:A>T,13025005.0,48965503.0,0.0021779201265513305
100020066|F|0-27:G>C-27:G>C,100035901|F|0-29:T>A-29:T>A,13025005.0,48989476.0,9.661489830788912e-06
100020066|F|0-27:G>C-27:G>C,100043126|F|0-48:T>A-48:T>A,13025005.0,49230618.0,0.0041377774123236835
100020066|F|0-27:G>C-27:G>C,100044970|F|0-28:C>T-28:C>T,13025005.0,49340094.0,0.002726713401446794
100020066|F|0-27:G>C-27:G>C,100013964|F|0-14:T>G-14:T>G,13025005.0,49356602.0,0.0005646873964228279
100020066|F|0-27:G>C-27:G>C,100020795|F|0-42:T>C-42:T>C,13025005.0,49358815.0,0.005298364335732639
100020066|F|0-27:G>C-27:G>C,100016185|F|0-62:C>T-62:C>T,13025005.0,49565807.0,0.010210613636116557
100020066|F|0-27:G>C-27:G>C,100033324|F|0-45:A>T-45:A>T,13025005.0,53523372.0,0.013203929952776522
100020066|F|0-27:G>C-27:G>C,100034432|F|0-24:T>A-24:T>A,13025005.0,53750135.0,0.0089190812834104
100020066|F|0-27:G>C-27:G>C,100056034|F|0-41:G>T-41:G>T,13025005.0,53750140.0,0.09397557495383561
100020066|F|0-27:G>C-27:G>C,100019249|F|0-36:C>A-36:C>A,13025005.0,54407017.0,2.9936690407763325e-05
100020066|F|0-27:G>C-27:G>C,100013936|F|0-38:C>A-38:C>A,13025005.0,54572400.0,0.013571449171598483
100020066|F|0-27:G>C-27:G>C,100018265|F|0-5:C>T-5:C>T,13025005.0,56110897.0,0.01860220600282403
100020066|F|0-27:G>C-27:G>C,100014526|F|0-10:T>C-10:T>C,13025005.0,56110902.0,0.020959274170842417
100020066|F|0-27:G>C-27:G>C,100030709|F|0-39:T>A-39:T>A,13025005.0,56193250.0,0.0024309477818809534
100020066|F|0-27:G>C-27:G>C,100033311|F|0-46:C>T-46:C>T,13025005.0,57009334.0,0.01054549568427437
100020066|F|0-27:G>C-27:G>C,100034520|F|0-31:G>A-31:G>A,13025005.0,58309310.0,0.0045315557837214
100020066|F|0-27:G>C-27:G>C,100019390|F|0-56:C>T-56:C>T,13025005.0,58491205.0,0.01051285141655229
100020066|F|0-27:G>C-27:G>C,100013048|F|0-58:C>T-58:C>T,13025005.0,58709443.0,0.04754722087010997
100020066|F|0-27:G>C-27:G>C,100041246|F|0-21:G>A-21:G>A,13025005.0,58719431.0,0.004297514926057473
100020066|F|0-27:G>C-27:G>C,100033981|F|0-18:C>A-18:C>A,13025005.0,58771602.0,0.0012179348455185462
100020066|F|0-27:G>C-27:G>C,100021859|F|0-23:T>A-23:T>A,13025005.0,59249203.0,0.020274851762981883
100020066|F|0-27:G>C-27:G>C,100038389|F|0-45:C>T-45:C>T,13025005.0,59686561.0,0.06316815761032318
100020066|F|0-27:G>C-27:G>C,100015287|F|0-63:T>C-63:T>C,13025005.0,61485460.0,0.00029429400707040975
100020066|F|0-27:G>C-27:G>C,100013445|F|0-24:G>T-24:G>T,13025005.0,61602864.0,0.0549623598094946
100020066|F|0-27:G>C-27:G>C,100013879|F|0-63:G>A-63:G>A,13025005.0,61606253.0,0.05216580498693183
100020066|F|0-27:G>C-27:G>C,100040047|F|0-6:G>A-6:G>A,13025005.0,61640208.0,0.0046359214755753615
100020066|F|0-27:G>C-27:G>C,100016920|F|0-66:T>A-66:T>A,13025005.0,61641379.0,0.0025641896838345833
100020066|F|0-27:G>C-27:G>C,100017079|F|0-12:A>G-12:A>G,13025005.0,61641384.0,0.0002261979443130829
100020066|F|0-27:G>C-27:G>C,100020360|F|0-56:A>G-56:A>G,13025005.0,61670176.0,0.011686164857274526
100020066|F|0-27:G>C-27:G>C,100056174|F|0-11:G>A-11:G>A,13025005.0,61712285.0,0.003319008662537346
100020066|F|0-27:G>C-27:G>C,100013722|F|0-6:A>G-6:A>G,13025005.0,61760543.0,0.01772647630044707
100020066|F|0-27:G>C-27:G>C,100013153|F|0-63:C>A-63:C>A,13025005.0,61760548.0,0.02570364764468677
100020066|F|0-27:G>C-27:G>C,100040510|F|0-32:T>C-32:T>C,13025005.0,62326715.0,0.0060957500735214455
100020066|F|0-27:G>C-27:G>C,100013356|F|0-7:G>A-7:G>A,13025005.0,62367252.0,0.005658578526057866
100020066|F|0-27:G>C-27:G>C,100014994|F|0-36:G>A-36:G>A,13025005.0,62444541.0,0.02282577790090695
100020066|F|0-27:G>C-27:G>C,100020485|F|0-47:G>T-47:G>T,13025005.0,62444546.0,0.02538071339175211
100020066|F|0-27:G>C-27:G>C,100013478|F|0-51:G>A-51:G>A,13025005.0,62447789.0,0.04195923172215751
100020066|F|0-27:G>C-27:G>C,100013529|F|0-11:C>G-11:C>G,13025005.0,62466983.0,0.03804174024276635
100020066|F|0-27:G>C-27:G>C,100029518|F|0-19:G>C-19:G>C,13025005.0,62476880.0,0.030976711786211884
100020066|F|0-27:G>C-27:G>C,100044261|F|0-5:T>A-5:T>A,13025005.0,62476902.0,0.028881358660540844
100020066|F|0-27:G>C-27:G>C,100017508|F|0-26:G>A-26:G>A,13025005.0,62494366.0,0.06033542202098914
100020066|F|0-27:G>C-27:G>C,100051794|F|0-60:T>C-60:T>C,13025005.0,62494371.0,0.062425491055515606
100020066|F|0-27:G>C-27:G>C,100033227|F|0-6:A>G-6:A>G,13025005.0,62503297.0,0.06631454436940781
100020066|F|0-27:G>C-27:G>C,100015367|F|0-46:A>T-46:A>T,13025005.0,62730005.0,0.001500551009602937
100020066|F|0-27:G>C-27:G>C,100016319|F|0-60:C>A-60:C>A,13025005.0,62905182.0,0.00018123891104031132
100020066|F|0-27:G>C-27:G>C,100020253|F|0-17:T>C-17:T>C,13025005.0,63125496.0,0.031605740164293634
100020066|F|0-27:G>C-27:G>C,100017121|F|0-19:C>T-19:C>T,13025005.0,63306572.0,0.029516101669023
100020066|F|0-27:G>C-27:G>C,100021507|F|0-53:A>C-53:A>C,13025005.0,63642647.0,0.004765972753023692
100020066|F|0-27:G>C-27:G>C,100019105|F|0-61:T>C-61:T>C,13025005.0,63665304.0,0.014472315485906141
100020066|F|0-27:G>C-27:G>C,100014627|F|0-15:C>G-15:C>G,13025005.0,64043609.0,0.0032578496382499795
100020066|F|0-27:G>C-27:G>C,100033689|F|0-56:C>T-56:C>T,13025005.0,64044059.0,0.0030245083054763135
100020066|F|0-27:G>C-27:G>C,100046739|F|0-18:T>G-18:T>G,13025005.0,64189766.0,0.007144692871544638
100020066|F|0-27:G>C-27:G>C,100030110|F|0-28:T>C-28:T>C,13025005.0,64196475.0,4.4765780479765644e-05
100020066|F|0-27:G>C-27:G>C,100016864|F|0-56:A>G-56:A>G,13025005.0,64720414.0,0.0008162853714203805
100020066|F|0-27:G>C-27:G>C,100021392|F|0-51:G>A-51:G>A,13025005.0,64886887.0,0.047780529805193844
100034157|F|0-53:C>A-53:C>A,100017630|F|0-52:A>T-52:A>T,13580202.0,13716601.0,0.6369143381217073
100034157|F|0-53:C>A-53:C>A,100044127|F|0-8:G>A-8:G>A,13580202.0,14087087.0,0.080046266115131
100034157|F|0-53:C>A-53:C>A,100035819|F|0-44:C>T-44:C>T,13580202.0,14553363.0,0.03591675907705872
100034157|F|0-53:C>A-53:C>A,100034357|F|0-15:T>C-15:T>C,13580202.0,14568764.0,0.009467450339666263
100034157|F|0-53:C>A-53:C>A,100054129|F|0-61:T>A-61:T>A,13580202.0,14873218.0,1.5719071852847416e-05
100034157|F|0-53:C>A-53:C>A,100022113|F|0-34:G>C-34:G>C,13580202.0,14898843.0,0.0035868648961908988
100034157|F|0-53:C>A-53:C>A,100055747|F|0-35:G>C-35:G>C,13580202.0,14898843.0,0.006945650286508066
100034157|F|0-53:C>A-53:C>A,100034447|F|0-52:A>T-52:A>T,13580202.0,15211267.0,1.571907185284777e-05
100034157|F|0-53:C>A-53:C>A,100018930|F|0-63:C>G-63:C>G,13580202.0,15212141.0,0.00073873416439841
100034157|F|0-53:C>A-53:C>A,100014038|F|0-34:G>C-34:G>C,13580202.0,15259541.0,6.233923040579578e-05
100034157|F|0-53:C>A-53:C>A,100030229|F|0-11:A>T-11:A>T,13580202.0,15553876.0,0.0035400059525759115
100034157|F|0-53:C>A-53:C>A,100017989|F|0-62:A>T-62:A>T,13580202.0,16021700.0,0.008414929690324716
100034157|F|0-53:C>A-53:C>A,100052450|F|0-8:A>G-8:A>G,13580202.0,22147758.0,0.012806509493322295
100034157|F|0-53:C>A-53:C>A,100034572|F|0-53:G>A-53:G>A,13580202.0,26973588.0,0.0025171012742719353
100034157|F|0-53:C>A-53:C>A,100018223|F|0-41:G>A-41:G>A,13580202.0,42850086.0,0.005844532023640683
100034157|F|0-53:C>A-53:C>A,100034540|F|0-15:G>A-15:G>A,13580202.0,42850367.0,0.00833545635841603
100034157|F|0-53:C>A-53:C>A,100017511|F|0-59:G>C-59:G>C,13580202.0,42850408.0,0.006514961515800645
100034157|F|0-53:C>A-53:C>A,100050114|F|0-27:G>A-27:G>A,13580202.0,43250010.0,0.03044383145249082
100034157|F|0-53:C>A-53:C>A,100016574|F|0-9:G>A-9:G>A,13580202.0,43529057.0,0.06140980915247275
100034157|F|0-53:C>A-53:C>A,100018496|F|0-32:T>G-32:T>G,13580202.0,43881573.0,0.07064579322490123
100034157|F|0-53:C>A-53:C>A,100017598|F|0-46:C>G-46:C>G,13580202.0,45505408.0,0.05648959843906989
100034157|F|0-53:C>A-53:C>A,100021048|F|0-66:C>T-66:C>T,13580202.0,45555246.0,0.06473938694155944
100034157|F|0-53:C>A-53:C>A,100017454|F|0-9:A>G-9:A>G,13580202.0,45869241.0,0.01696074692711279
100034157|F|0-53:C>A-53:C>A,100018445|F|0-45:A>G-45:A>G,13580202.0,45885872.0,0.020377939229793307
100034157|F|0-53:C>A-53:C>A,100034159|F|0-24:A>G-24:A>G,13580202.0,46097671.0,0.005915379916959025
100034157|F|0-53:C>A-53:C>A,100017594|F|0-13:G>T-13:G>T,13580202.0,46097676.0,0.012066886798054425
100034157|F|0-53:C>A-53:C>A,100030376|F|0-12:T>C-12:T>C,13580202.0,47165949.0,0.0009488304260320527
100034157|F|0-53:C>A-53:C>A,100034945|F|0-61:G>A-61:G>A,13580202.0,47171709.0,0.0009488304260320536
100034157|F|0-53:C>A-53:C>A,100043426|F|0-30:G>A-30:G>A,13580202.0,47201903.0,9.913642262252195e-07
100034157|F|0-53:C>A-53:C>A,100015331|F|0-40:A>G-40:A>G,13580202.0,47228518.0,8.261049651744521e-05
100034157|F|0-53:C>A-53:C>A,100033028|F|0-17:A>C-17:A>C,13580202.0,47247609.0,0.001553435763003964
100034157|F|0-53:C>A-53:C>A,100014668|F|0-30:A>T-30:A>T,13580202.0,48841067.0,0.10866756640416714
100034157|F|0-53:C>A-53:C>A,100019661|F|0-30:A>T-30:A>T,13580202.0,48965503.0,0.020875166640624707
100034157|F|0-53:C>A-53:C>A,100035901|F|0-29:T>A-29:T>A,13580202.0,48989476.0,0.0224229992732547
100034157|F|0-53:C>A-53:C>A,100043126|F|0-48:T>A-48:T>A,13580202.0,49230618.0,0.028848762884228957
100034157|F|0-53:C>A-53:C>A,100044970|F|0-28:C>T-28:C>T,13580202.0,49340094.0,0.044951873747020525
100034157|F|0-53:C>A-53:C>A,100013964|F|0-14:T>G-14:T>G,13580202.0,49356602.0,0.04705745853594782
100034157|F|0-53:C>A-53:C>A,100020795|F|0-42:T>C-42:T>C,13580202.0,49358815.0,0.04255265435100426
100034157|F|0-53:C>A-53:C>A,100016185|F|0-62:C>T-62:C>T,13580202.0,49565807.0,0.04252359445721531
100034157|F|0-53:C>A-53:C>A,100033324|F|0-45:A>T-45:A>T,13580202.0,53523372.0,0.0002602537853406359
100034157|F|0-53:C>A-53:C>A,100034432|F|0-24:T>A-24:T>A,13580202.0,53750135.0,0.002479166716326483
100034157|F|0-53:C>A-53:C>A,100056034|F|0-41:G>T-41:G>T,13580202.0,53750140.0,0.18627627748677406
100034157|F|0-53:C>A-53:C>A,100019249|F|0-36:C>A-36:C>A,13580202.0,54407017.0,0.026282723279466208
100034157|F|0-53:C>A-53:C>A,100013936|F|0-38:C>A-38:C>A,13580202.0,54572400.0,1.5431010158013646e-05
100034157|F|0-53:C>A-53:C>A,100018265|F|0-5:C>T-5:C>T,13580202.0,56110897.0,0.00030696136180052126
100034157|F|0-53:C>A-53:C>A,100014526|F|0-10:T>C-10:T>C,13580202.0,56110902.0,0.0005809358631645628
100034157|F|0-53:C>A-53:C>A,100030709|F|0-39:T>A-39:T>A,13580202.0,56193250.0,0.0010460313911586404
100034157|F|0-53:C>A-53:C>A,100033311|F|0-46:C>T-46:C>T,13580202.0,57009334.0,0.005589667778977324
100034157|F|0-53:C>A-53:C>A,100034520|F|0-31:G>A-31:G>A,13580202.0,58309310.0,0.01790785305271355
100034157|F|0-53:C>A-53:C>A,100019390|F|0-56:C>T-56:C>T,13580202.0,58491205.0,0.05524397753896849
100034157|F|0-53:C>A-53:C>A,100013048|F|0-58:C>T-58:C>T,13580202.0,58709443.0,0.012001660999909482
100034157|F|0-53:C>A-53:C>A,100041246|F|0-21:G>A-21:G>A,13580202.0,58719431.0,0.0003138504520355815
100034157|F|0-53:C>A-53:C>A,100033981|F|0-18:C>A-18:C>A,13580202.0,58771602.0,0.01474041497597246
100034157|F|0-53:C>A-53:C>A,100021859|F|0-23:T>A-23:T>A,13580202.0,59249203.0,0.012236431914578027
100034157|F|0-53:C>A-53:C>A,100038389|F|0-45:C>T-45:C>T,13580202.0,59686561.0,0.014692841019026081
100034157|F|0-53:C>A-53:C>A,100015287|F|0-63:T>C-63:T>C,13580202.0,61485460.0,5.6939537802791604e-05
100034157|F|0-53:C>A-53:C>A,100013445|F|0-24:G>T-24:G>T,13580202.0,61602864.0,0.06463619395544344
100034157|F|0-53:C>A-53:C>A,100013879|F|0-63:G>A-63:G>A,13580202.0,61606253.0,0.07509064967789837
100034157|F|0-53:C>A-53:C>A,100040047|F|0-6:G>A-6:G>A,13580202.0,61640208.0,0.014627633255241529
100034157|F|0-53:C>A-53:C>A,100016920|F|0-66:T>A-66:T>A,13580202.0,61641379.0,0.007421704067253567
100034157|F|0-53:C>A-53:C>A,100017079|F|0-12:A>G-12:A>G,13580202.0,61641384.0,0.0029267914840879904
100034157|F|0-53:C>A-53:C>A,100020360|F|0-56:A>G-56:A>G,13580202.0,61670176.0,0.007132388561964686
100034157|F|0-53:C>A-53:C>A,100056174|F|0-11:G>A-11:G>A,13580202.0,61712285.0,0.022630961749539234
100034157|F|0-53:C>A-53:C>A,100013722|F|0-6:A>G-6:A>G,13580202.0,61760543.0,0.008824632868627029
100034157|F|0-53:C>A-53:C>A,100013153|F|0-63:C>A-63:C>A,13580202.0,61760548.0,0.0118131082029597
100034157|F|0-53:C>A-53:C>A,100040510|F|0-32:T>C-32:T>C,13580202.0,62326715.0,0.012020382575918911
100034157|F|0-53:C>A-53:C>A,100013356|F|0-7:G>A-7:G>A,13580202.0,62367252.0,0.0011356164688144557
100034157|F|0-53:C>A-53:C>A,100014994|F|0-36:G>A-36:G>A,13580202.0,62444541.0,1.5754689991313107e-05
100034157|F|0-53:C>A-53:C>A,100020485|F|0-47:G>T-47:G>T,13580202.0,62444546.0,0.00040189153302937967
100034157|F|0-53:C>A-53:C>A,100013478|F|0-51:G>A-51:G>A,13580202.0,62447789.0,0.00018093975072053218
100034157|F|0-53:C>A-53:C>A,100013529|F|0-11:C>G-11:C>G,13580202.0,62466983.0,0.013084898802463947
100034157|F|0-53:C>A-53:C>A,100029518|F|0-19:G>C-19:G>C,13580202.0,62476880.0,0.013510175211361195
100034157|F|0-53:C>A-53:C>A,100044261|F|0-5:T>A-5:T>A,13580202.0,62476902.0,0.01215430201931519
100034157|F|0-53:C>A-53:C>A,100017508|F|0-26:G>A-26:G>A,13580202.0,62494366.0,0.01878400614400203
100034157|F|0-53:C>A-53:C>A,100051794|F|0-60:T>C-60:T>C,13580202.0,62494371.0,0.015862363492160268
100034157|F|0-53:C>A-53:C>A,100033227|F|0-6:A>G-6:A>G,13580202.0,62503297.0,0.04281956503410224
100034157|F|0-53:C>A-53:C>A,100015367|F|0-46:A>T-46:A>T,13580202.0,62730005.0,0.008919387377206964
100034157|F|0-53:C>A-53:C>A,100016319|F|0-60:C>A-60:C>A,13580202.0,62905182.0,0.007543046879101285
100034157|F|0-53:C>A-53:C>A,100020253|F|0-17:T>C-17:T>C,13580202.0,63125496.0,0.04233278703732331
100034157|F|0-53:C>A-53:C>A,100017121|F|0-19:C>T-19:C>T,13580202.0,63306572.0,0.01024662766542808
100034157|F|0-53:C>A-53:C>A,100021507|F|0-53:A>C-53:A>C,13580202.0,63642647.0,0.04840550818080169
100034157|F|0-53:C>A-53:C>A,100019105|F|0-61:T>C-61:T>C,13580202.0,63665304.0,0.018849922040445853
100034157|F|0-53:C>A-53:C>A,100014627|F|0-15:C>G-15:C>G,13580202.0,64043609.0,0.040233633742340374
100034157|F|0-53:C>A-53:C>A,100033689|F|0-56:C>T-56:C>T,13580202.0,64044059.0,0.057208663232929606
100034157|F|0-53:C>A-53:C>A,100046739|F|0-18:T>G-18:T>G,13580202.0,64189766.0,0.024184552443556464
100034157|F|0-53:C>A-53:C>A,100030110|F|0-28:T>C-28:T>C,13580202.0,64196475.0,0.007372999256647543
100034157|F|0-53:C>A-53:C>A,100016864|F|0-56:A>G-56:A>G,13580202.0,64720414.0,0.00320262676471876
100034157|F|0-53:C>A-53:C>A,100021392|F|0-51:G>A-51:G>A,13580202.0,64886887.0,0.06024660150300793
100017630|F|0-52:A>T-52:A>T,100044127|F|0-8:G>A-8:G>A,13716601.0,14087087.0,0.12463027640244724
100017630|F|0-52:A>T-52:A>T,100035819|F|0-44:C>T-44:C>T,13716601.0,14553363.0,0.015713692558228125
100017630|F|0-52:A>T-52:A>T,100034357|F|0-15:T>C-15:T>C,13716601.0,14568764.0,0.03494859107945653
100017630|F|0-52:A>T-52:A>T,100054129|F|0-61:T>A-61:T>A,13716601.0,14873218.0,0.028867387384942537
100017630|F|0-52:A>T-52:A>T,100022113|F|0-34:G>C-34:G>C,13716601.0,14898843.0,0.01388449218222511
100017630|F|0-52:A>T-52:A>T,100055747|F|0-35:G>C-35:G>C,13716601.0,14898843.0,0.011270807644882879
100017630|F|0-52:A>T-52:A>T,100034447|F|0-52:A>T-52:A>T,13716601.0,15211267.0,0.015916804189980576
100017630|F|0-52:A>T-52:A>T,100018930|F|0-63:C>G-63:C>G,13716601.0,15212141.0,0.008797243703821829
100017630|F|0-52:A>T-52:A>T,100014038|F|0-34:G>C-34:G>C,13716601.0,15259541.0,0.013348435752587998
100017630|F|0-52:A>T-52:A>T,100030229|F|0-11:A>T-11:A>T,13716601.0,15553876.0,0.018491920994991477
100017630|F|0-52:A>T-52:A>T,100017989|F|0-62:A>T-62:A>T,13716601.0,16021700.0,0.016739528453461845
100017630|F|0-52:A>T-52:A>T,100052450|F|0-8:A>G-8:A>G,13716601.0,22147758.0,0.005350719378602121
100017630|F|0-52:A>T-52:A>T,100034572|F|0-53:G>A-53:G>A,13716601.0,26973588.0,0.011208032287173424
100017630|F|0-52:A>T-52:A>T,100018223|F|0-41:G>A-41:G>A,13716601.0,42850086.0,0.017930700809507677
100017630|F|0-52:A>T-52:A>T,100034540|F|0-15:G>A-15:G>A,13716601.0,42850367.0,0.021655105659539
100017630|F|0-52:A>T-52:A>T,100017511|F|0-59:G>C-59:G>C,13716601.0,42850408.0,0.021359544929837573
100017630|F|0-52:A>T-52:A>T,100050114|F|0-27:G>A-27:G>A,13716601.0,43250010.0,0.05715540769982805
100017630|F|0-52:A>T-52:A>T,100016574|F|0-9:G>A-9:G>A,13716601.0,43529057.0,0.08762630710842781
100017630|F|0-52:A>T-52:A>T,100018496|F|0-32:T>G-32:T>G,13716601.0,43881573.0,0.19344583248510863
100017630|F|0-52:A>T-52:A>T,100017598|F|0-46:C>G-46:C>G,13716601.0,45505408.0,0.18589246048096417
100017630|F|0-52:A>T-52:A>T,100021048|F|0-66:C>T-66:C>T,13716601.0,45555246.0,0.20309139475503232
100017630|F|0-52:A>T-52:A>T,100017454|F|0-9:A>G-9:A>G,13716601.0,45869241.0,0.03127927742934178
100017630|F|0-52:A>T-52:A>T,100018445|F|0-45:A>G-45:A>G,13716601.0,45885872.0,0.03325626574521951
100017630|F|0-52:A>T-52:A>T,100034159|F|0-24:A>G-24:A>G,13716601.0,46097671.0,0.01942116493099404
100017630|F|0-52:A>T-52:A>T,100017594|F|0-13:G>T-13:G>T,13716601.0,46097676.0,0.022091540581384017
100017630|F|0-52:A>T-52:A>T,100030376|F|0-12:T>C-12:T>C,13716601.0,47165949.0,0.00662939021164546
100017630|F|0-52:A>T-52:A>T,100034945|F|0-61:G>A-61:G>A,13716601.0,47171709.0,0.0031520684524399536
100017630|F|0-52:A>T-52:A>T,100043426|F|0-30:G>A-30:G>A,13716601.0,47201903.0,0.006547068822574096
100017630|F|0-52:A>T-52:A>T,100015331|F|0-40:A>G-40:A>G,13716601.0,47228518.0,0.005242553469773501
100017630|F|0-52:A>T-52:A>T,100033028|F|0-17:A>C-17:A>C,13716601.0,47247609.0,0.0025207827850920856
100017630|F|0-52:A>T-52:A>T,100014668|F|0-30:A>T-30:A>T,13716601.0,48841067.0,0.12693571634836356
100017630|F|0-52:A>T-52:A>T,100019661|F|0-30:A>T-30:A>T,13716601.0,48965503.0,0.0064074335036110736
100017630|F|0-52:A>T-52:A>T,100035901|F|0-29:T>A-29:T>A,13716601.0,48989476.0,0.00907626086909049
100017630|F|0-52:A>T-52:A>T,100043126|F|0-48:T>A-48:T>A,13716601.0,49230618.0,0.021698513103403077
100017630|F|0-52:A>T-52:A>T,100044970|F|0-28:C>T-28:C>T,13716601.0,49340094.0,0.03142972933355174
100017630|F|0-52:A>T-52:A>T,100013964|F|0-14:T>G-14:T>G,13716601.0,49356602.0,0.0324668252966088
100017630|F|0-52:A>T-52:A>T,100020795|F|0-42:T>C-42:T>C,13716601.0,49358815.0,0.037933761773548964
100017630|F|0-52:A>T-52:A>T,100016185|F|0-62:C>T-62:C>T,13716601.0,49565807.0,0.03589909890886146
100017630|F|0-52:A>T-52:A>T,100033324|F|0-45:A>T-45:A>T,13716601.0,53523372.0,0.01056842192359155
100017630|F|0-52:A>T-52:A>T,100034432|F|0-24:T>A-24:T>A,13716601.0,53750135.0,0.002583927178695259
100017630|F|0-52:A>T-52:A>T,100056034|F|0-41:G>T-41:G>T,13716601.0,53750140.0,0.1544640327971096
100017630|F|0-52:A>T-52:A>T,100019249|F|0-36:C>A-36:C>A,13716601.0,54407017.0,0.06572168894586855
100017630|F|0-52:A>T-52:A>T,100013936|F|0-38:C>A-38:C>A,13716601.0,54572400.0,0.0008429882915712522
100017630|F|0-52:A>T-52:A>T,100018265|F|0-5:C>T-5:C>T,13716601.0,56110897.0,0.00041672997114438937
100017630|F|0-52:A>T-52:A>T,100014526|F|0-10:T>C-10:T>C,13716601.0,56110902.0,1.1801526971279025e-05
100017630|F|0-52:A>T-52:A>T,100030709|F|0-39:T>A-39:T>A,13716601.0,56193250.0,0.06098290413103107
100017630|F|0-52:A>T-52:A>T,100033311|F|0-46:C>T-46:C>T,13716601.0,57009334.0,0.009122192140674432
100017630|F|0-52:A>T-52:A>T,100034520|F|0-31:G>A-31:G>A,13716601.0,58309310.0,0.008187603101685407
100017630|F|0-52:A>T-52:A>T,100019390|F|0-56:C>T-56:C>T,13716601.0,58491205.0,0.030928772622880955
100017630|F|0-52:A>T-52:A>T,100013048|F|0-58:C>T-58:C>T,13716601.0,58709443.0,0.007454767008951925
100017630|F|0-52:A>T-52:A>T,100041246|F|0-21:G>A-21:G>A,13716601.0,58719431.0,0.019341462990626133
100017630|F|0-52:A>T-52:A>T,100033981|F|0-18:C>A-18:C>A,13716601.0,58771602.0,0.01186144500843465
100017630|F|0-52:A>T-52:A>T,100021859|F|0-23:T>A-23:T>A,13716601.0,59249203.0,0.05035578880748227
100017630|F|0-52:A>T-52:A>T,100038389|F|0-45:C>T-45:C>T,13716601.0,59686561.0,0.023978333626915656
100017630|F|0-52:A>T-52:A>T,100015287|F|0-63:T>C-63:T>C,13716601.0,61485460.0,0.015924535396150463
100017630|F|0-52:A>T-52:A>T,100013445|F|0-24:G>T-24:G>T,13716601.0,61602864.0,0.07157764483929012
100017630|F|0-52:A>T-52:A>T,100013879|F|0-63:G>A-63:G>A,13716601.0,61606253.0,0.07055192105230818
100017630|F|0-52:A>T-52:A>T,100040047|F|0-6:G>A-6:G>A,13716601.0,61640208.0,0.012606497416408045
100017630|F|0-52:A>T-52:A>T,100016920|F|0-66:T>A-66:T>A,13716601.0,61641379.0,0.012112027617694756
100017630|F|0-52:A>T-52:A>T,100017079|F|0-12:A>G-12:A>G,13716601.0,61641384.0,0.0016455719155726392
100017630|F|0-52:A>T-52:A>T,100020360|F|0-56:A>G-56:A>G,13716601.0,61670176.0,0.007055479969459719
100017630|F|0-52:A>T-52:A>T,100056174|F|0-11:G>A-11:G>A,13716601.0,61712285.0,0.049838127410943546
100017630|F|0-52:A>T-52:A>T,100013722|F|0-6:A>G-6:A>G,13716601.0,61760543.0,0.0344483837216009
100017630|F|0-52:A>T-52:A>T,100013153|F|0-63:C>A-63:C>A,13716601.0,61760548.0,0.03799480464309133
100017630|F|0-52:A>T-52:A>T,100040510|F|0-32:T>C-32:T>C,13716601.0,62326715.0,0.06020548821627141
100017630|F|0-52:A>T-52:A>T,100013356|F|0-7:G>A-7:G>A,13716601.0,62367252.0,0.0015410178525573557
100017630|F|0-52:A>T-52:A>T,100014994|F|0-36:G>A-36:G>A,13716601.0,62444541.0,0.023863399222819145
100017630|F|0-52:A>T-52:A>T,100020485|F|0-47:G>T-47:G>T,13716601.0,62444546.0,0.02556696702138092
100017630|F|0-52:A>T-52:A>T,100013478|F|0-51:G>A-51:G>A,13716601.0,62447789.0,0.03367306333567278
100017630|F|0-52:A>T-52:A>T,100013529|F|0-11:C>G-11:C>G,13716601.0,62466983.0,0.052514159125582355
100017630|F|0-52:A>T-52:A>T,100029518|F|0-19:G>C-19:G>C,13716601.0,62476880.0,0.05568842273764061
100017630|F|0-52:A>T-52:A>T,100044261|F|0-5:T>A-5:T>A,13716601.0,62476902.0,0.05877156611950049
100017630|F|0-52:A>T-52:A>T,100017508|F|0-26:G>A-26:G>A,13716601.0,62494366.0,0.1003400404408473
100017630|F|0-52:A>T-52:A>T,100051794|F|0-60:T>C-60:T>C,13716601.0,62494371.0,0.09151870973695905
100017630|F|0-52:A>T-52:A>T,100033227|F|0-6:A>G-6:A>G,13716601.0,62503297.0,0.10894365758821685
100017630|F|0-52:A>T-52:A>T,100015367|F|0-46:A>T-46:A>T,13716601.0,62730005.0,0.0002453849817713992
100017630|F|0-52:A>T-52:A>T,100016319|F|0-60:C>A-60:C>A,13716601.0,62905182.0,0.01334843575258799
100017630|F|0-52:A>T-52:A>T,100020253|F|0-17:T>C-17:T>C,13716601.0,63125496.0,0.044391753796260223
100017630|F|0-52:A>T-52:A>T,100017121|F|0-19:C>T-19:C>T,13716601.0,63306572.0,0.011610713339534113
100017630|F|0-52:A>T-52:A>T,100021507|F|0-53:A>C-53:A>C,13716601.0,63642647.0,0.016732186826176283
100017630|F|0-52:A>T-52:A>T,100019105|F|0-61:T>C-61:T>C,13716601.0,63665304.0,0.018912790623768577
100017630|F|0-52:A>T-52:A>T,100014627|F|0-15:C>G-15:C>G,13716601.0,64043609.0,0.013907439499618526
100017630|F|0-52:A>T-52:A>T,100033689|F|0-56:C>T-56:C>T,13716601.0,64044059.0,0.01840953436206211
100017630|F|0-52:A>T-52:A>T,100046739|F|0-18:T>G-18:T>G,13716601.0,64189766.0,0.0010296595067374728
100017630|F|0-52:A>T-52:A>T,100030110|F|0-28:T>C-28:T>C,13716601.0,64196475.0,0.00015739026452740146
100017630|F|0-52:A>T-52:A>T,100016864|F|0-56:A>G-56:A>G,13716601.0,64720414.0,0.0004901880728604283
100017630|F|0-52:A>T-52:A>T,100021392|F|0-51:G>A-51:G>A,13716601.0,64886887.0,0.007979787071178437
100044127|F|0-8:G>A-8:G>A,100035819|F|0-44:C>T-44:C>T,14087087.0,14553363.0,0.01822981431597747
100044127|F|0-8:G>A-8:G>A,100034357|F|0-15:T>C-15:T>C,14087087.0,14568764.0,0.23573646141767338
100044127|F|0-8:G>A-8:G>A,100054129|F|0-61:T>A-61:T>A,14087087.0,14873218.0,0.01302852392874458
100044127|F|0-8:G>A-8:G>A,100022113|F|0-34:G>C-34:G>C,14087087.0,14898843.0,0.008037478711567847
100044127|F|0-8:G>A-8:G>A,100055747|F|0-35:G>C-35:G>C,14087087.0,14898843.0,0.007115186971302074
100044127|F|0-8:G>A-8:G>A,100034447|F|0-52:A>T-52:A>T,14087087.0,15211267.0,0.013028523928744568
100044127|F|0-8:G>A-8:G>A,100018930|F|0-63:C>G-63:C>G,14087087.0,15212141.0,0.014106468311969421
100044127|F|0-8:G>A-8:G>A,100014038|F|0-34:G>C-34:G>C,14087087.0,15259541.0,0.005562991467291288
100044127|F|0-8:G>A-8:G>A,100030229|F|0-11:A>T-11:A>T,14087087.0,15553876.0,0.04137514651712102
100044127|F|0-8:G>A-8:G>A,100017989|F|0-62:A>T-62:A>T,14087087.0,16021700.0,0.00969020701805905
100044127|F|0-8:G>A-8:G>A,100052450|F|0-8:A>G-8:A>G,14087087.0,22147758.0,0.01453640348975689
100044127|F|0-8:G>A-8:G>A,100034572|F|0-53:G>A-53:G>A,14087087.0,26973588.0,0.0001421586795489512
100044127|F|0-8:G>A-8:G>A,100018223|F|0-41:G>A-41:G>A,14087087.0,42850086.0,4.693734627612984e-05
100044127|F|0-8:G>A-8:G>A,100034540|F|0-15:G>A-15:G>A,14087087.0,42850367.0,0.00014473159774734803
100044127|F|0-8:G>A-8:G>A,100017511|F|0-59:G>C-59:G>C,14087087.0,42850408.0,8.034414842089814e-06
100044127|F|0-8:G>A-8:G>A,100050114|F|0-27:G>A-27:G>A,14087087.0,43250010.0,0.04222865818253415
100044127|F|0-8:G>A-8:G>A,100016574|F|0-9:G>A-9:G>A,14087087.0,43529057.0,0.03651846611764377
100044127|F|0-8:G>A-8:G>A,100018496|F|0-32:T>G-32:T>G,14087087.0,43881573.0,0.10640765158861591
100044127|F|0-8:G>A-8:G>A,100017598|F|0-46:C>G-46:C>G,14087087.0,45505408.0,0.10225281110324025
100044127|F|0-8:G>A-8:G>A,100021048|F|0-66:C>T-66:C>T,14087087.0,45555246.0,0.1106756056602518
100044127|F|0-8:G>A-8:G>A,100017454|F|0-9:A>G-9:A>G,14087087.0,45869241.0,0.07068769095440808
100044127|F|0-8:G>A-8:G>A,100018445|F|0-45:A>G-45:A>G,14087087.0,45885872.0,0.07034164943684093
100044127|F|0-8:G>A-8:G>A,100034159|F|0-24:A>G-24:A>G,14087087.0,46097671.0,0.09920579027311668
100044127|F|0-8:G>A-8:G>A,100017594|F|0-13:G>T-13:G>T,14087087.0,46097676.0,0.09053185449856788
100044127|F|0-8:G>A-8:G>A,100030376|F|0-12:T>C-12:T>C,14087087.0,47165949.0,0.0960244469297583
100044127|F|0-8:G>A-8:G>A,100034945|F|0-61:G>A-61:G>A,14087087.0,47171709.0,0.0960244469297583
100044127|F|0-8:G>A-8:G>A,100043426|F|0-30:G>A-30:G>A,14087087.0,47201903.0,0.08678872824947247
100044127|F|0-8:G>A-8:G>A,100015331|F|0-40:A>G-40:A>G,14087087.0,47228518.0,0.08685327187351935
100044127|F|0-8:G>A-8:G>A,100033028|F|0-17:A>C-17:A>C,14087087.0,47247609.0,0.0945556918520489
100044127|F|0-8:G>A-8:G>A,100014668|F|0-30:A>T-30:A>T,14087087.0,48841067.0,0.28390259827689523
100044127|F|0-8:G>A-8:G>A,100019661|F|0-30:A>T-30:A>T,14087087.0,48965503.0,0.025315829810378485
100044127|F|0-8:G>A-8:G>A,100035901|F|0-29:T>A-29:T>A,14087087.0,48989476.0,0.03137400516019823
100044127|F|0-8:G>A-8:G>A,100043126|F|0-48:T>A-48:T>A,14087087.0,49230618.0,0.02784339258652347
100044127|F|0-8:G>A-8:G>A,100044970|F|0-28:C>T-28:C>T,14087087.0,49340094.0,0.031694923781254845
100044127|F|0-8:G>A-8:G>A,100013964|F|0-14:T>G-14:T>G,14087087.0,49356602.0,0.03119757191737069
100044127|F|0-8:G>A-8:G>A,100020795|F|0-42:T>C-42:T>C,14087087.0,49358815.0,0.03486000895478703
100044127|F|0-8:G>A-8:G>A,100016185|F|0-62:C>T-62:C>T,14087087.0,49565807.0,0.09528537065498294
100044127|F|0-8:G>A-8:G>A,100033324|F|0-45:A>T-45:A>T,14087087.0,53523372.0,0.0018958672461402214
100044127|F|0-8:G>A-8:G>A,100034432|F|0-24:T>A-24:T>A,14087087.0,53750135.0,0.022504126733309347
100044127|F|0-8:G>A-8:G>A,100056034|F|0-41:G>T-41:G>T,14087087.0,53750140.0,0.09559307876368549
100044127|F|0-8:G>A-8:G>A,100019249|F|0-36:C>A-36:C>A,14087087.0,54407017.0,0.12449392425510947
100044127|F|0-8:G>A-8:G>A,100013936|F|0-38:C>A-38:C>A,14087087.0,54572400.0,0.03484841272390237
100044127|F|0-8:G>A-8:G>A,100018265|F|0-5:C>T-5:C>T,14087087.0,56110897.0,0.24079215389173078
100044127|F|0-8:G>A-8:G>A,100014526|F|0-10:T>C-10:T>C,14087087.0,56110902.0,0.22383791925718982
100044127|F|0-8:G>A-8:G>A,100030709|F|0-39:T>A-39:T>A,14087087.0,56193250.0,0.07573165566132227
100044127|F|0-8:G>A-8:G>A,100033311|F|0-46:C>T-46:C>T,14087087.0,57009334.0,0.08825587045891262
100044127|F|0-8:G>A-8:G>A,100034520|F|0-31:G>A-31:G>A,14087087.0,58309310.0,0.07130806911338843
100044127|F|0-8:G>A-8:G>A,100019390|F|0-56:C>T-56:C>T,14087087.0,58491205.0,0.04052790266094523
100044127|F|0-8:G>A-8:G>A,100013048|F|0-58:C>T-58:C>T,14087087.0,58709443.0,0.008648445795823289
100044127|F|0-8:G>A-8:G>A,100041246|F|0-21:G>A-21:G>A,14087087.0,58719431.0,0.01803373874055697
100044127|F|0-8:G>A-8:G>A,100033981|F|0-18:C>A-18:C>A,14087087.0,58771602.0,0.024237227220852496
100044127|F|0-8:G>A-8:G>A,100021859|F|0-23:T>A-23:T>A,14087087.0,59249203.0,0.018562607837112218
100044127|F|0-8:G>A-8:G>A,100038389|F|0-45:C>T-45:C>T,14087087.0,59686561.0,0.03758625752459245
100044127|F|0-8:G>A-8:G>A,100015287|F|0-63:T>C-63:T>C,14087087.0,61485460.0,0.18292092783172567
100044127|F|0-8:G>A-8:G>A,100013445|F|0-24:G>T-24:G>T,14087087.0,61602864.0,0.048133527504094706
100044127|F|0-8:G>A-8:G>A,100013879|F|0-63:G>A-63:G>A,14087087.0,61606253.0,0.049782670304193144
100044127|F|0-8:G>A-8:G>A,100040047|F|0-6:G>A-6:G>A,14087087.0,61640208.0,0.2933767561730159
100044127|F|0-8:G>A-8:G>A,100016920|F|0-66:T>A-66:T>A,14087087.0,61641379.0,0.25917195973610385
100044127|F|0-8:G>A-8:G>A,100017079|F|0-12:A>G-12:A>G,14087087.0,61641384.0,0.25313110855853044
100044127|F|0-8:G>A-8:G>A,100020360|F|0-56:A>G-56:A>G,14087087.0,61670176.0,0.2490688263036317
100044127|F|0-8:G>A-8:G>A,100056174|F|0-11:G>A-11:G>A,14087087.0,61712285.0,0.018711636195630557
100044127|F|0-8:G>A-8:G>A,100013722|F|0-6:A>G-6:A>G,14087087.0,61760543.0,0.019941539609546824
100044127|F|0-8:G>A-8:G>A,100013153|F|0-63:C>A-63:C>A,14087087.0,61760548.0,0.021205261452500332
100044127|F|0-8:G>A-8:G>A,100040510|F|0-32:T>C-32:T>C,14087087.0,62326715.0,0.21117337935581448
100044127|F|0-8:G>A-8:G>A,100013356|F|0-7:G>A-7:G>A,14087087.0,62367252.0,0.04026202784756901
100044127|F|0-8:G>A-8:G>A,100014994|F|0-36:G>A-36:G>A,14087087.0,62444541.0,0.14035458539770052
100044127|F|0-8:G>A-8:G>A,100020485|F|0-47:G>T-47:G>T,14087087.0,62444546.0,0.13789857438692918
100044127|F|0-8:G>A-8:G>A,100013478|F|0-51:G>A-51:G>A,14087087.0,62447789.0,0.10012238561636944
100044127|F|0-8:G>A-8:G>A,100013529|F|0-11:C>G-11:C>G,14087087.0,62466983.0,0.09531938613757915
100044127|F|0-8:G>A-8:G>A,100029518|F|0-19:G>C-19:G>C,14087087.0,62476880.0,0.08820477668490256
100044127|F|0-8:G>A-8:G>A,100044261|F|0-5:T>A-5:T>A,14087087.0,62476902.0,0.09881551675754606
100044127|F|0-8:G>A-8:G>A,100017508|F|0-26:G>A-26:G>A,14087087.0,62494366.0,0.16367899277398537
100044127|F|0-8:G>A-8:G>A,100051794|F|0-60:T>C-60:T>C,14087087.0,62494371.0,0.18614867535730767
100044127|F|0-8:G>A-8:G>A,100033227|F|0-6:A>G-6:A>G,14087087.0,62503297.0,0.17712605826808198
100044127|F|0-8:G>A-8:G>A,100015367|F|0-46:A>T-46:A>T,14087087.0,62730005.0,0.10224064173107121
100044127|F|0-8:G>A-8:G>A,100016319|F|0-60:C>A-60:C>A,14087087.0,62905182.0,0.005562991467291288
100044127|F|0-8:G>A-8:G>A,100020253|F|0-17:T>C-17:T>C,14087087.0,63125496.0,0.06510017035295429
100044127|F|0-8:G>A-8:G>A,100017121|F|0-19:C>T-19:C>T,14087087.0,63306572.0,0.0128397738718094
100044127|F|0-8:G>A-8:G>A,100021507|F|0-53:A>C-53:A>C,14087087.0,63642647.0,0.016873367903402263
100044127|F|0-8:G>A-8:G>A,100019105|F|0-61:T>C-61:T>C,14087087.0,63665304.0,0.023839543976012133
100044127|F|0-8:G>A-8:G>A,100014627|F|0-15:C>G-15:C>G,14087087.0,64043609.0,0.014024786222459142
100044127|F|0-8:G>A-8:G>A,100033689|F|0-56:C>T-56:C>T,14087087.0,64044059.0,0.012896789746738406
100044127|F|0-8:G>A-8:G>A,100046739|F|0-18:T>G-18:T>G,14087087.0,64189766.0,0.0006315030048287629
100044127|F|0-8:G>A-8:G>A,100030110|F|0-28:T>C-28:T>C,14087087.0,64196475.0,0.002068306511458943
100044127|F|0-8:G>A-8:G>A,100016864|F|0-56:A>G-56:A>G,14087087.0,64720414.0,0.01376627787929107
100044127|F|0-8:G>A-8:G>A,100021392|F|0-51:G>A-51:G>A,14087087.0,64886887.0,0.046614214197183375
100035819|F|0-44:C>T-44:C>T,100034357|F|0-15:T>C-15:T>C,14553363.0,14568764.0,0.06113854384327579
100035819|F|0-44:C>T-44:C>T,100054129|F|0-61:T>A-61:T>A,14553363.0,14873218.0,0.004301243979611894
100035819|F|0-44:C>T-44:C>T,100022113|F|0-34:G>C-34:G>C,14553363.0,14898843.0,0.011934313350885344
100035819|F|0-44:C>T-44:C>T,100055747|F|0-35:G>C-35:G>C,14553363.0,14898843.0,0.009540045413769878
100035819|F|0-44:C>T-44:C>T,100034447|F|0-52:A>T-52:A>T,14553363.0,15211267.0,0.004301243979611896
100035819|F|0-44:C>T-44:C>T,100018930|F|0-63:C>G-63:C>G,14553363.0,15212141.0,0.005925377124087462
100035819|F|0-44:C>T-44:C>T,100014038|F|0-34:G>C-34:G>C,14553363.0,15259541.0,0.002898501593328369
100035819|F|0-44:C>T-44:C>T,100030229|F|0-11:A>T-11:A>T,14553363.0,15553876.0,0.004450968401769155
100035819|F|0-44:C>T-44:C>T,100017989|F|0-62:A>T-62:A>T,14553363.0,16021700.0,0.17389219138490256
100035819|F|0-44:C>T-44:C>T,100052450|F|0-8:A>G-8:A>G,14553363.0,22147758.0,0.0025772450064747566
100035819|F|0-44:C>T-44:C>T,100034572|F|0-53:G>A-53:G>A,14553363.0,26973588.0,0.0005601494554874078
100035819|F|0-44:C>T-44:C>T,100018223|F|0-41:G>A-41:G>A,14553363.0,42850086.0,0.0006307290841205557
100035819|F|0-44:C>T-44:C>T,100034540|F|0-15:G>A-15:G>A,14553363.0,42850367.0,0.002495733246891717
100035819|F|0-44:C>T-44:C>T,100017511|F|0-59:G>C-59:G>C,14553363.0,42850408.0,0.000476295906273895
100035819|F|0-44:C>T-44:C>T,100050114|F|0-27:G>A-27:G>A,14553363.0,43250010.0,0.026087926610543245
100035819|F|0-44:C>T-44:C>T,100016574|F|0-9:G>A-9:G>A,14553363.0,43529057.0,0.035250463821892446
100035819|F|0-44:C>T-44:C>T,100018496|F|0-32:T>G-32:T>G,14553363.0,43881573.0,0.0014627918257612213
100035819|F|0-44:C>T-44:C>T,100017598|F|0-46:C>G-46:C>G,14553363.0,45505408.0,0.0014056750056020268
100035819|F|0-44:C>T-44:C>T,100021048|F|0-66:C>T-66:C>T,14553363.0,45555246.0,0.0021021667770141344
100035819|F|0-44:C>T-44:C>T,100017454|F|0-9:A>G-9:A>G,14553363.0,45869241.0,0.04136027480876832
100035819|F|0-44:C>T-44:C>T,100018445|F|0-45:A>G-45:A>G,14553363.0,45885872.0,0.042971501679843566
100035819|F|0-44:C>T-44:C>T,100034159|F|0-24:A>G-24:A>G,14553363.0,46097671.0,0.038528842044563104
100035819|F|0-44:C>T-44:C>T,100017594|F|0-13:G>T-13:G>T,14553363.0,46097676.0,0.04187988806120502
100035819|F|0-44:C>T-44:C>T,100030376|F|0-12:T>C-12:T>C,14553363.0,47165949.0,0.0009053033904683353
100035819|F|0-44:C>T-44:C>T,100034945|F|0-61:G>A-61:G>A,14553363.0,47171709.0,0.0009053033904683344
100035819|F|0-44:C>T-44:C>T,100043426|F|0-30:G>A-30:G>A,14553363.0,47201903.0,0.0009859816315007093
100035819|F|0-44:C>T-44:C>T,100015331|F|0-40:A>G-40:A>G,14553363.0,47228518.0,0.00013748014175730126
100035819|F|0-44:C>T-44:C>T,100033028|F|0-17:A>C-17:A>C,14553363.0,47247609.0,4.8982726731245426e-05
100035819|F|0-44:C>T-44:C>T,100014668|F|0-30:A>T-30:A>T,14553363.0,48841067.0,0.029526508197035582
100035819|F|0-44:C>T-44:C>T,100019661|F|0-30:A>T-30:A>T,14553363.0,48965503.0,0.01367566277510372
100035819|F|0-44:C>T-44:C>T,100035901|F|0-29:T>A-29:T>A,14553363.0,48989476.0,0.00508746816699029
100035819|F|0-44:C>T-44:C>T,100043126|F|0-48:T>A-48:T>A,14553363.0,49230618.0,0.026260898698891068
100035819|F|0-44:C>T-44:C>T,100044970|F|0-28:C>T-28:C>T,14553363.0,49340094.0,0.03379592346429076
100035819|F|0-44:C>T-44:C>T,100013964|F|0-14:T>G-14:T>G,14553363.0,49356602.0,0.04043316369209656
100035819|F|0-44:C>T-44:C>T,100020795|F|0-42:T>C-42:T>C,14553363.0,49358815.0,0.026883280595691183
100035819|F|0-44:C>T-44:C>T,100016185|F|0-62:C>T-62:C>T,14553363.0,49565807.0,0.016072134402035157
100035819|F|0-44:C>T-44:C>T,100033324|F|0-45:A>T-45:A>T,14553363.0,53523372.0,0.0010968805295046445
100035819|F|0-44:C>T-44:C>T,100034432|F|0-24:T>A-24:T>A,14553363.0,53750135.0,0.004271775839616277
100035819|F|0-44:C>T-44:C>T,100056034|F|0-41:G>T-41:G>T,14553363.0,53750140.0,0.005540431492508756
100035819|F|0-44:C>T-44:C>T,100019249|F|0-36:C>A-36:C>A,14553363.0,54407017.0,0.002143548999543045
100035819|F|0-44:C>T-44:C>T,100013936|F|0-38:C>A-38:C>A,14553363.0,54572400.0,0.0023184716329133657
100035819|F|0-44:C>T-44:C>T,100018265|F|0-5:C>T-5:C>T,14553363.0,56110897.0,2.7275556132887895e-05
100035819|F|0-44:C>T-44:C>T,100014526|F|0-10:T>C-10:T>C,14553363.0,56110902.0,0.00018757622987019065
100035819|F|0-44:C>T-44:C>T,100030709|F|0-39:T>A-39:T>A,14553363.0,56193250.0,0.0008212321898179633
100035819|F|0-44:C>T-44:C>T,100033311|F|0-46:C>T-46:C>T,14553363.0,57009334.0,0.0016736119913804046
100035819|F|0-44:C>T-44:C>T,100034520|F|0-31:G>A-31:G>A,14553363.0,58309310.0,0.00898337901498037
100035819|F|0-44:C>T-44:C>T,100019390|F|0-56:C>T-56:C>T,14553363.0,58491205.0,0.0030467163168584922
100035819|F|0-44:C>T-44:C>T,100013048|F|0-58:C>T-58:C>T,14553363.0,58709443.0,0.014881960490182975
100035819|F|0-44:C>T-44:C>T,100041246|F|0-21:G>A-21:G>A,14553363.0,58719431.0,0.0015870936203570773
100035819|F|0-44:C>T-44:C>T,100033981|F|0-18:C>A-18:C>A,14553363.0,58771602.0,0.002575613944087713
100035819|F|0-44:C>T-44:C>T,100021859|F|0-23:T>A-23:T>A,14553363.0,59249203.0,0.04727640456196773
100035819|F|0-44:C>T-44:C>T,100038389|F|0-45:C>T-45:C>T,14553363.0,59686561.0,0.00907029478458048
100035819|F|0-44:C>T-44:C>T,100015287|F|0-63:T>C-63:T>C,14553363.0,61485460.0,0.028927770659833325
100035819|F|0-44:C>T-44:C>T,100013445|F|0-24:G>T-24:G>T,14553363.0,61602864.0,1.8135724759363945e-05
100035819|F|0-44:C>T-44:C>T,100013879|F|0-63:G>A-63:G>A,14553363.0,61606253.0,0.00010896622531309609
100035819|F|0-44:C>T-44:C>T,100040047|F|0-6:G>A-6:G>A,14553363.0,61640208.0,0.01865386374735803
100035819|F|0-44:C>T-44:C>T,100016920|F|0-66:T>A-66:T>A,14553363.0,61641379.0,0.02345004581068729
100035819|F|0-44:C>T-44:C>T,100017079|F|0-12:A>G-12:A>G,14553363.0,61641384.0,0.020836906191047843
100035819|F|0-44:C>T-44:C>T,100020360|F|0-56:A>G-56:A>G,14553363.0,61670176.0,0.02253590779180541
100035819|F|0-44:C>T-44:C>T,100056174|F|0-11:G>A-11:G>A,14553363.0,61712285.0,0.009569669938748714
100035819|F|0-44:C>T-44:C>T,100013722|F|0-6:A>G-6:A>G,14553363.0,61760543.0,8.116514184420911e-07
100035819|F|0-44:C>T-44:C>T,100013153|F|0-63:C>A-63:C>A,14553363.0,61760548.0,0.005181007552378611
100035819|F|0-44:C>T-44:C>T,100040510|F|0-32:T>C-32:T>C,14553363.0,62326715.0,8.595082237746601e-06
100035819|F|0-44:C>T-44:C>T,100013356|F|0-7:G>A-7:G>A,14553363.0,62367252.0,0.0016991703542848444
100035819|F|0-44:C>T-44:C>T,100014994|F|0-36:G>A-36:G>A,14553363.0,62444541.0,0.0033154393905939577
100035819|F|0-44:C>T-44:C>T,100020485|F|0-47:G>T-47:G>T,14553363.0,62444546.0,0.0001424181184094841
100035819|F|0-44:C>T-44:C>T,100013478|F|0-51:G>A-51:G>A,14553363.0,62447789.0,0.001521636921202766
100035819|F|0-44:C>T-44:C>T,100013529|F|0-11:C>G-11:C>G,14553363.0,62466983.0,0.003550118594653364
100035819|F|0-44:C>T-44:C>T,100029518|F|0-19:G>C-19:G>C,14553363.0,62476880.0,0.00039989097199922137
100035819|F|0-44:C>T-44:C>T,100044261|F|0-5:T>A-5:T>A,14553363.0,62476902.0,0.0019716575329492107
100035819|F|0-44:C>T-44:C>T,100017508|F|0-26:G>A-26:G>A,14553363.0,62494366.0,5.132738677277081e-05
100035819|F|0-44:C>T-44:C>T,100051794|F|0-60:T>C-60:T>C,14553363.0,62494371.0,7.576538188783136e-06
100035819|F|0-44:C>T-44:C>T,100033227|F|0-6:A>G-6:A>G,14553363.0,62503297.0,0.0019381221198915854
100035819|F|0-44:C>T-44:C>T,100015367|F|0-46:A>T-46:A>T,14553363.0,62730005.0,5.328330403847985e-05
100035819|F|0-44:C>T-44:C>T,100016319|F|0-60:C>A-60:C>A,14553363.0,62905182.0,0.0028985015933283625
100035819|F|0-44:C>T-44:C>T,100020253|F|0-17:T>C-17:T>C,14553363.0,63125496.0,0.0041959543112744056
100035819|F|0-44:C>T-44:C>T,100017121|F|0-19:C>T-19:C>T,14553363.0,63306572.0,0.007375663980750096
100035819|F|0-44:C>T-44:C>T,100021507|F|0-53:A>C-53:A>C,14553363.0,63642647.0,0.00010853802297991063
100035819|F|0-44:C>T-44:C>T,100019105|F|0-61:T>C-61:T>C,14553363.0,63665304.0,0.0012022482041417458
100035819|F|0-44:C>T-44:C>T,100014627|F|0-15:C>G-15:C>G,14553363.0,64043609.0,0.004528653908072851
100035819|F|0-44:C>T-44:C>T,100033689|F|0-56:C>T-56:C>T,14553363.0,64044059.0,0.003496503496503498
100035819|F|0-44:C>T-44:C>T,100046739|F|0-18:T>G-18:T>G,14553363.0,64189766.0,0.002890589423766425
100035819|F|0-44:C>T-44:C>T,100030110|F|0-28:T>C-28:T>C,14553363.0,64196475.0,7.046409414003051e-05
100035819|F|0-44:C>T-44:C>T,100016864|F|0-56:A>G-56:A>G,14553363.0,64720414.0,0.0013431057751933928
100035819|F|0-44:C>T-44:C>T,100021392|F|0-51:G>A-51:G>A,14553363.0,64886887.0,0.01720868981443809
100034357|F|0-15:T>C-15:T>C,100054129|F|0-61:T>A-61:T>A,14568764.0,14873218.0,0.0008652176341387639
100034357|F|0-15:T>C-15:T>C,100022113|F|0-34:G>C-34:G>C,14568764.0,14898843.0,0.0009798885503922113
100034357|F|0-15:T>C-15:T>C,100055747|F|0-35:G>C-35:G>C,14568764.0,14898843.0,2.2699208251616415e-05
100034357|F|0-15:T>C-15:T>C,100034447|F|0-52:A>T-52:A>T,14568764.0,15211267.0,0.03331777922386618
100034357|F|0-15:T>C-15:T>C,100018930|F|0-63:C>G-63:C>G,14568764.0,15212141.0,0.026948308380734583
100034357|F|0-15:T>C-15:T>C,100014038|F|0-34:G>C-34:G>C,14568764.0,15259541.0,0.016898346399631097
100034357|F|0-15:T>C-15:T>C,100030229|F|0-11:A>T-11:A>T,14568764.0,15553876.0,0.06449934673177225
100034357|F|0-15:T>C-15:T>C,100017989|F|0-62:A>T-62:A>T,14568764.0,16021700.0,0.0318362193362193
100034357|F|0-15:T>C-15:T>C,100052450|F|0-8:A>G-8:A>G,14568764.0,22147758.0,0.05111607857655545
100034357|F|0-15:T>C-15:T>C,100034572|F|0-53:G>A-53:G>A,14568764.0,26973588.0,0.03433319805438213
100034357|F|0-15:T>C-15:T>C,100018223|F|0-41:G>A-41:G>A,14568764.0,42850086.0,6.715062870895711e-07
100034357|F|0-15:T>C-15:T>C,100034540|F|0-15:G>A-15:G>A,14568764.0,42850367.0,0.0019239927973602985
100034357|F|0-15:T>C-15:T>C,100017511|F|0-59:G>C-59:G>C,14568764.0,42850408.0,0.0004466080087836181
100034357|F|0-15:T>C-15:T>C,100050114|F|0-27:G>A-27:G>A,14568764.0,43250010.0,0.006321393380165933
100034357|F|0-15:T>C-15:T>C,100016574|F|0-9:G>A-9:G>A,14568764.0,43529057.0,0.0074561887593049036
100034357|F|0-15:T>C-15:T>C,100018496|F|0-32:T>G-32:T>G,14568764.0,43881573.0,1.8174900704458734e-06
100034357|F|0-15:T>C-15:T>C,100017598|F|0-46:C>G-46:C>G,14568764.0,45505408.0,1.7465235448838206e-06
100034357|F|0-15:T>C-15:T>C,100021048|F|0-66:C>T-66:C>T,14568764.0,45555246.0,4.92542264329031e-05
100034357|F|0-15:T>C-15:T>C,100017454|F|0-9:A>G-9:A>G,14568764.0,45869241.0,0.1233969233932943
100034357|F|0-15:T>C-15:T>C,100018445|F|0-45:A>G-45:A>G,14568764.0,45885872.0,0.12139499811512532
100034357|F|0-15:T>C-15:T>C,100034159|F|0-24:A>G-24:A>G,14568764.0,46097671.0,0.12769586371927738
100034357|F|0-15:T>C-15:T>C,100017594|F|0-13:G>T-13:G>T,14568764.0,46097676.0,0.1382772739194482
100034357|F|0-15:T>C-15:T>C,100030376|F|0-12:T>C-12:T>C,14568764.0,47165949.0,0.0358374182315503
100034357|F|0-15:T>C-15:T>C,100034945|F|0-61:G>A-61:G>A,14568764.0,47171709.0,0.035837418231550296
100034357|F|0-15:T>C-15:T>C,100043426|F|0-30:G>A-30:G>A,14568764.0,47201903.0,0.03342582328602777
100034357|F|0-15:T>C-15:T>C,100015331|F|0-40:A>G-40:A>G,14568764.0,47228518.0,0.03742620990313991
100034357|F|0-15:T>C-15:T>C,100033028|F|0-17:A>C-17:A>C,14568764.0,47247609.0,0.036249708083300296
100034357|F|0-15:T>C-15:T>C,100014668|F|0-30:A>T-30:A>T,14568764.0,48841067.0,0.025380640347948562
100034357|F|0-15:T>C-15:T>C,100019661|F|0-30:A>T-30:A>T,14568764.0,48965503.0,0.06474004523491987
100034357|F|0-15:T>C-15:T>C,100035901|F|0-29:T>A-29:T>A,14568764.0,48989476.0,0.04324384108025012
100034357|F|0-15:T>C-15:T>C,100043126|F|0-48:T>A-48:T>A,14568764.0,49230618.0,0.012859995578044922
100034357|F|0-15:T>C-15:T>C,100044970|F|0-28:C>T-28:C>T,14568764.0,49340094.0,0.008452359727147267
100034357|F|0-15:T>C-15:T>C,100013964|F|0-14:T>G-14:T>G,14568764.0,49356602.0,0.002714287732930798
100034357|F|0-15:T>C-15:T>C,100020795|F|0-42:T>C-42:T>C,14568764.0,49358815.0,0.00491607673096007
100034357|F|0-15:T>C-15:T>C,100016185|F|0-62:C>T-62:C>T,14568764.0,49565807.0,0.009722258318822515
100034357|F|0-15:T>C-15:T>C,100033324|F|0-45:A>T-45:A>T,14568764.0,53523372.0,0.032373900585581636
100034357|F|0-15:T>C-15:T>C,100034432|F|0-24:T>A-24:T>A,14568764.0,53750135.0,0.0783809365692366
100034357|F|0-15:T>C-15:T>C,100056034|F|0-41:G>T-41:G>T,14568764.0,53750140.0,0.04481996793434468
100034357|F|0-15:T>C-15:T>C,100019249|F|0-36:C>A-36:C>A,14568764.0,54407017.0,0.017749939027822105
100034357|F|0-15:T>C-15:T>C,100013936|F|0-38:C>A-38:C>A,14568764.0,54572400.0,0.04725446692044387
100034357|F|0-15:T>C-15:T>C,100018265|F|0-5:C>T-5:C>T,14568764.0,56110897.0,0.24497603520893252
100034357|F|0-15:T>C-15:T>C,100014526|F|0-10:T>C-10:T>C,14568764.0,56110902.0,0.24061681853777597
100034357|F|0-15:T>C-15:T>C,100030709|F|0-39:T>A-39:T>A,14568764.0,56193250.0,0.12513318319269603
100034357|F|0-15:T>C-15:T>C,100033311|F|0-46:C>T-46:C>T,14568764.0,57009334.0,0.009508624317444675
100034357|F|0-15:T>C-15:T>C,100034520|F|0-31:G>A-31:G>A,14568764.0,58309310.0,0.008032918129705873
100034357|F|0-15:T>C-15:T>C,100019390|F|0-56:C>T-56:C>T,14568764.0,58491205.0,0.0047634611253574615
100034357|F|0-15:T>C-15:T>C,100013048|F|0-58:C>T-58:C>T,14568764.0,58709443.0,0.12102694156783006
100034357|F|0-15:T>C-15:T>C,100041246|F|0-21:G>A-21:G>A,14568764.0,58719431.0,0.03164930718999007
100034357|F|0-15:T>C-15:T>C,100033981|F|0-18:C>A-18:C>A,14568764.0,58771602.0,0.008524833880788105
100034357|F|0-15:T>C-15:T>C,100021859|F|0-23:T>A-23:T>A,14568764.0,59249203.0,0.05031359139304187
100034357|F|0-15:T>C-15:T>C,100038389|F|0-45:C>T-45:C>T,14568764.0,59686561.0,0.10702107408906283
100034357|F|0-15:T>C-15:T>C,100015287|F|0-63:T>C-63:T>C,14568764.0,61485460.0,0.024116636390198065
100034357|F|0-15:T>C-15:T>C,100013445|F|0-24:G>T-24:G>T,14568764.0,61602864.0,0.001801889352690662
100034357|F|0-15:T>C-15:T>C,100013879|F|0-63:G>A-63:G>A,14568764.0,61606253.0,0.0015372114983420117
100034357|F|0-15:T>C-15:T>C,100040047|F|0-6:G>A-6:G>A,14568764.0,61640208.0,0.1749166504346901
100034357|F|0-15:T>C-15:T>C,100016920|F|0-66:T>A-66:T>A,14568764.0,61641379.0,0.16474946556255227
100034357|F|0-15:T>C-15:T>C,100017079|F|0-12:A>G-12:A>G,14568764.0,61641384.0,0.14256998833527743
100034357|F|0-15:T>C-15:T>C,100020360|F|0-56:A>G-56:A>G,14568764.0,61670176.0,0.1583271433514559
100034357|F|0-15:T>C-15:T>C,100056174|F|0-11:G>A-11:G>A,14568764.0,61712285.0,0.028394127227521215
100034357|F|0-15:T>C-15:T>C,100013722|F|0-6:A>G-6:A>G,14568764.0,61760543.0,0.0490704608499425
100034357|F|0-15:T>C-15:T>C,100013153|F|0-63:C>A-63:C>A,14568764.0,61760548.0,0.057235382221417316
100034357|F|0-15:T>C-15:T>C,100040510|F|0-32:T>C-32:T>C,14568764.0,62326715.0,0.005010957293281278
100034357|F|0-15:T>C-15:T>C,100013356|F|0-7:G>A-7:G>A,14568764.0,62367252.0,0.025001461607555665
100034357|F|0-15:T>C-15:T>C,100014994|F|0-36:G>A-36:G>A,14568764.0,62444541.0,0.10971686165391821
100034357|F|0-15:T>C-15:T>C,100020485|F|0-47:G>T-47:G>T,14568764.0,62444546.0,0.11701082441940838
100034357|F|0-15:T>C-15:T>C,100013478|F|0-51:G>A-51:G>A,14568764.0,62447789.0,0.1165005164238625
100034357|F|0-15:T>C-15:T>C,100013529|F|0-11:C>G-11:C>G,14568764.0,62466983.0,0.051391623053408164
100034357|F|0-15:T>C-15:T>C,100029518|F|0-19:G>C-19:G>C,14568764.0,62476880.0,0.04805139560859236
100034357|F|0-15:T>C-15:T>C,100044261|F|0-5:T>A-5:T>A,14568764.0,62476902.0,0.06315365349556187
100034357|F|0-15:T>C-15:T>C,100017508|F|0-26:G>A-26:G>A,14568764.0,62494366.0,0.12356897455095267
100034357|F|0-15:T>C-15:T>C,100051794|F|0-60:T>C-60:T>C,14568764.0,62494371.0,0.14604179795397942
100034357|F|0-15:T>C-15:T>C,100033227|F|0-6:A>G-6:A>G,14568764.0,62503297.0,0.15051761430283017
100034357|F|0-15:T>C-15:T>C,100015367|F|0-46:A>T-46:A>T,14568764.0,62730005.0,0.06863485938152804
100034357|F|0-15:T>C-15:T>C,100016319|F|0-60:C>A-60:C>A,14568764.0,62905182.0,0.0004693985111008636
100034357|F|0-15:T>C-15:T>C,100020253|F|0-17:T>C-17:T>C,14568764.0,63125496.0,0.0500860206708319
100034357|F|0-15:T>C-15:T>C,100017121|F|0-19:C>T-19:C>T,14568764.0,63306572.0,0.01671415812455888
100034357|F|0-15:T>C-15:T>C,100021507|F|0-53:A>C-53:A>C,14568764.0,63642647.0,3.527649447831315e-05
100034357|F|0-15:T>C-15:T>C,100019105|F|0-61:T>C-61:T>C,14568764.0,63665304.0,0.011694070461337806
100034357|F|0-15:T>C-15:T>C,100014627|F|0-15:C>G-15:C>G,14568764.0,64043609.0,0.027040276724204823
100034357|F|0-15:T>C-15:T>C,100033689|F|0-56:C>T-56:C>T,14568764.0,64044059.0,0.03159163782393243
100034357|F|0-15:T>C-15:T>C,100046739|F|0-18:T>G-18:T>G,14568764.0,64189766.0,0.026406343506882105
100034357|F|0-15:T>C-15:T>C,100030110|F|0-28:T>C-28:T>C,14568764.0,64196475.0,0.03327542086389428
100034357|F|0-15:T>C-15:T>C,100016864|F|0-56:A>G-56:A>G,14568764.0,64720414.0,0.0920214357480191
100034357|F|0-15:T>C-15:T>C,100021392|F|0-51:G>A-51:G>A,14568764.0,64886887.0,0.12968729693056724
100054129|F|0-61:T>A-61:T>A,100022113|F|0-34:G>C-34:G>C,14873218.0,14898843.0,0.4662189860695061
100054129|F|0-61:T>A-61:T>A,100055747|F|0-35:G>C-35:G>C,14873218.0,14898843.0,0.5179511427362182
100054129|F|0-61:T>A-61:T>A,100034447|F|0-52:A>T-52:A>T,14873218.0,15211267.0,0.0020604356619977286
100054129|F|0-61:T>A-61:T>A,100018930|F|0-63:C>G-63:C>G,14873218.0,15212141.0,0.003050451307102956
100054129|F|0-61:T>A-61:T>A,100014038|F|0-34:G>C-34:G>C,14873218.0,15259541.0,0.005470074533764122
100054129|F|0-61:T>A-61:T>A,100030229|F|0-11:A>T-11:A>T,14873218.0,15553876.0,3.834871189340881e-05
100054129|F|0-61:T>A-61:T>A,100017989|F|0-62:A>T-62:A>T,14873218.0,16021700.0,0.00014588804134884015
100054129|F|0-61:T>A-61:T>A,100052450|F|0-8:A>G-8:A>G,14873218.0,22147758.0,0.01297552856101022
100054129|F|0-61:T>A-61:T>A,100034572|F|0-53:G>A-53:G>A,14873218.0,26973588.0,0.0001640523453175662
100054129|F|0-61:T>A-61:T>A,100018223|F|0-41:G>A-41:G>A,14873218.0,42850086.0,0.1622656536656369
100054129|F|0-61:T>A-61:T>A,100034540|F|0-15:G>A-15:G>A,14873218.0,42850367.0,0.13059776434917242
100054129|F|0-61:T>A-61:T>A,100017511|F|0-59:G>C-59:G>C,14873218.0,42850408.0,0.1407996688930653
100054129|F|0-61:T>A-61:T>A,100050114|F|0-27:G>A-27:G>A,14873218.0,43250010.0,2.9681688766885824e-05
100054129|F|0-61:T>A-61:T>A,100016574|F|0-9:G>A-9:G>A,14873218.0,43529057.0,0.00033941299415852176
100054129|F|0-61:T>A-61:T>A,100018496|F|0-32:T>G-32:T>G,14873218.0,43881573.0,0.006363378568075072
100054129|F|0-61:T>A-61:T>A,100017598|F|0-46:C>G-46:C>G,14873218.0,45505408.0,0.01297623631056467
100054129|F|0-61:T>A-61:T>A,100021048|F|0-66:C>T-66:C>T,14873218.0,45555246.0,0.012299160057361954
100054129|F|0-61:T>A-61:T>A,100017454|F|0-9:A>G-9:A>G,14873218.0,45869241.0,1.2389554009093882e-06
100054129|F|0-61:T>A-61:T>A,100018445|F|0-45:A>G-45:A>G,14873218.0,45885872.0,0.00028983441711843397
100054129|F|0-61:T>A-61:T>A,100034159|F|0-24:A>G-24:A>G,14873218.0,46097671.0,0.004201123614126388
100054129|F|0-61:T>A-61:T>A,100017594|F|0-13:G>T-13:G>T,14873218.0,46097676.0,0.0009089872143872901
100054129|F|0-61:T>A-61:T>A,100030376|F|0-12:T>C-12:T>C,14873218.0,47165949.0,0.002507773212382295
100054129|F|0-61:T>A-61:T>A,100034945|F|0-61:G>A-61:G>A,14873218.0,47171709.0,0.0006470042251145089
100054129|F|0-61:T>A-61:T>A,100043426|F|0-30:G>A-30:G>A,14873218.0,47201903.0,0.007577720872380294
100054129|F|0-61:T>A-61:T>A,100015331|F|0-40:A>G-40:A>G,14873218.0,47228518.0,0.0063633785680750786
100054129|F|0-61:T>A-61:T>A,100033028|F|0-17:A>C-17:A>C,14873218.0,47247609.0,0.018118353522355822
100054129|F|0-61:T>A-61:T>A,100014668|F|0-30:A>T-30:A>T,14873218.0,48841067.0,0.0005454751652253988
100054129|F|0-61:T>A-61:T>A,100019661|F|0-30:A>T-30:A>T,14873218.0,48965503.0,0.0002187860211938834
100054129|F|0-61:T>A-61:T>A,100035901|F|0-29:T>A-29:T>A,14873218.0,48989476.0,0.0021483103602180933
100054129|F|0-61:T>A-61:T>A,100043126|F|0-48:T>A-48:T>A,14873218.0,49230618.0,0.011988907547456407
100054129|F|0-61:T>A-61:T>A,100044970|F|0-28:C>T-28:C>T,14873218.0,49340094.0,0.018185906253306544
100054129|F|0-61:T>A-61:T>A,100013964|F|0-14:T>G-14:T>G,14873218.0,49356602.0,0.008594960260390404
100054129|F|0-61:T>A-61:T>A,100020795|F|0-42:T>C-42:T>C,14873218.0,49358815.0,0.010636817436958646
100054129|F|0-61:T>A-61:T>A,100016185|F|0-62:C>T-62:C>T,14873218.0,49565807.0,0.0708958519995457
100054129|F|0-61:T>A-61:T>A,100033324|F|0-45:A>T-45:A>T,14873218.0,53523372.0,0.003614651346025806
100054129|F|0-61:T>A-61:T>A,100034432|F|0-24:T>A-24:T>A,14873218.0,53750135.0,0.0035589837741423365
100054129|F|0-61:T>A-61:T>A,100056034|F|0-41:G>T-41:G>T,14873218.0,53750140.0,0.01357525239918636
100054129|F|0-61:T>A-61:T>A,100019249|F|0-36:C>A-36:C>A,14873218.0,54407017.0,0.034927056669429905
100054129|F|0-61:T>A-61:T>A,100013936|F|0-38:C>A-38:C>A,14873218.0,54572400.0,0.0009673514565729986
100054129|F|0-61:T>A-61:T>A,100018265|F|0-5:C>T-5:C>T,14873218.0,56110897.0,0.021107819415145373
100054129|F|0-61:T>A-61:T>A,100014526|F|0-10:T>C-10:T>C,14873218.0,56110902.0,0.014956301673845037
100054129|F|0-61:T>A-61:T>A,100030709|F|0-39:T>A-39:T>A,14873218.0,56193250.0,0.0034367753456001774
100054129|F|0-61:T>A-61:T>A,100033311|F|0-46:C>T-46:C>T,14873218.0,57009334.0,4.205041564499762e-05
100054129|F|0-61:T>A-61:T>A,100034520|F|0-31:G>A-31:G>A,14873218.0,58309310.0,0.000129659277966943
100054129|F|0-61:T>A-61:T>A,100019390|F|0-56:C>T-56:C>T,14873218.0,58491205.0,0.0056815403821456785
100054129|F|0-61:T>A-61:T>A,100013048|F|0-58:C>T-58:C>T,14873218.0,58709443.0,0.00015410343194050487
100054129|F|0-61:T>A-61:T>A,100041246|F|0-21:G>A-21:G>A,14873218.0,58719431.0,0.12383936524031328
100054129|F|0-61:T>A-61:T>A,100033981|F|0-18:C>A-18:C>A,14873218.0,58771602.0,0.02194918186344418
100054129|F|0-61:T>A-61:T>A,100021859|F|0-23:T>A-23:T>A,14873218.0,59249203.0,0.000341739037468558
100054129|F|0-61:T>A-61:T>A,100038389|F|0-45:C>T-45:C>T,14873218.0,59686561.0,0.001069845636558151
100054129|F|0-61:T>A-61:T>A,100015287|F|0-63:T>C-63:T>C,14873218.0,61485460.0,0.01530107142196262
100054129|F|0-61:T>A-61:T>A,100013445|F|0-24:G>T-24:G>T,14873218.0,61602864.0,0.0015328738559645364
100054129|F|0-61:T>A-61:T>A,100013879|F|0-63:G>A-63:G>A,14873218.0,61606253.0,0.0006911852742120482
100054129|F|0-61:T>A-61:T>A,100040047|F|0-6:G>A-6:G>A,14873218.0,61640208.0,0.030166134635513736
100054129|F|0-61:T>A-61:T>A,100016920|F|0-66:T>A-66:T>A,14873218.0,61641379.0,0.03439611801479349
100054129|F|0-61:T>A-61:T>A,100017079|F|0-12:A>G-12:A>G,14873218.0,61641384.0,0.0024577231167570153
100054129|F|0-61:T>A-61:T>A,100020360|F|0-56:A>G-56:A>G,14873218.0,61670176.0,0.005587997735506991
100054129|F|0-61:T>A-61:T>A,100056174|F|0-11:G>A-11:G>A,14873218.0,61712285.0,0.021593389952424782
100054129|F|0-61:T>A-61:T>A,100013722|F|0-6:A>G-6:A>G,14873218.0,61760543.0,0.13694041167442228
100054129|F|0-61:T>A-61:T>A,100013153|F|0-63:C>A-63:C>A,14873218.0,61760548.0,0.17075806867445253
100054129|F|0-61:T>A-61:T>A,100040510|F|0-32:T>C-32:T>C,14873218.0,62326715.0,0.017664348187174016
100054129|F|0-61:T>A-61:T>A,100013356|F|0-7:G>A-7:G>A,14873218.0,62367252.0,0.002170372989308135
100054129|F|0-61:T>A-61:T>A,100014994|F|0-36:G>A-36:G>A,14873218.0,62444541.0,0.09668061139233243
100054129|F|0-61:T>A-61:T>A,100020485|F|0-47:G>T-47:G>T,14873218.0,62444546.0,0.11270136424291921
100054129|F|0-61:T>A-61:T>A,100013478|F|0-51:G>A-51:G>A,14873218.0,62447789.0,0.11387781664788406
100054129|F|0-61:T>A-61:T>A,100013529|F|0-11:C>G-11:C>G,14873218.0,62466983.0,0.006699811157997805
100054129|F|0-61:T>A-61:T>A,100029518|F|0-19:G>C-19:G>C,14873218.0,62476880.0,0.0031911727455044346
100054129|F|0-61:T>A-61:T>A,100044261|F|0-5:T>A-5:T>A,14873218.0,62476902.0,0.0047293168432455245
100054129|F|0-61:T>A-61:T>A,100017508|F|0-26:G>A-26:G>A,14873218.0,62494366.0,0.09668061139233253
100054129|F|0-61:T>A-61:T>A,100051794|F|0-60:T>C-60:T>C,14873218.0,62494371.0,0.11581785997191793
100054129|F|0-61:T>A-61:T>A,100033227|F|0-6:A>G-6:A>G,14873218.0,62503297.0,0.10387495479887526
100054129|F|0-61:T>A-61:T>A,100015367|F|0-46:A>T-46:A>T,14873218.0,62730005.0,0.03138485144925738
100054129|F|0-61:T>A-61:T>A,100016319|F|0-60:C>A-60:C>A,14873218.0,62905182.0,0.005470074533764126
100054129|F|0-61:T>A-61:T>A,100020253|F|0-17:T>C-17:T>C,14873218.0,63125496.0,7.537072977709085e-05
100054129|F|0-61:T>A-61:T>A,100017121|F|0-19:C>T-19:C>T,14873218.0,63306572.0,0.025670608067140884
100054129|F|0-61:T>A-61:T>A,100021507|F|0-53:A>C-53:A>C,14873218.0,63642647.0,0.006870822421903563
100054129|F|0-61:T>A-61:T>A,100019105|F|0-61:T>C-61:T>C,14873218.0,63665304.0,0.010245465761000567
100054129|F|0-61:T>A-61:T>A,100014627|F|0-15:C>G-15:C>G,14873218.0,64043609.0,0.008165867924122544
100054129|F|0-61:T>A-61:T>A,100033689|F|0-56:C>T-56:C>T,14873218.0,64044059.0,0.015049599643822492
100054129|F|0-61:T>A-61:T>A,100046739|F|0-18:T>G-18:T>G,14873218.0,64189766.0,0.007335055403406446
100054129|F|0-61:T>A-61:T>A,100030110|F|0-28:T>C-28:T>C,14873218.0,64196475.0,0.001932890619480798
100054129|F|0-61:T>A-61:T>A,100016864|F|0-56:A>G-56:A>G,14873218.0,64720414.0,0.07104231306016191
100054129|F|0-61:T>A-61:T>A,100021392|F|0-51:G>A-51:G>A,14873218.0,64886887.0,0.000765205142496287
100022113|F|0-34:G>C-34:G>C,100055747|F|0-35:G>C-35:G>C,14898843.0,14898843.0,0.9157057036320951
100022113|F|0-34:G>C-34:G>C,100034447|F|0-52:A>T-52:A>T,14898843.0,15211267.0,0.007335055403406454
100022113|F|0-34:G>C-34:G>C,100018930|F|0-63:C>G-63:C>G,14898843.0,15212141.0,0.005686797440112176
100022113|F|0-34:G>C-34:G>C,100014038|F|0-34:G>C-34:G>C,14898843.0,15259541.0,0.0031731451713915993
100022113|F|0-34:G>C-34:G>C,100030229|F|0-11:A>T-11:A>T,14898843.0,15553876.0,0.006056411380839449
100022113|F|0-34:G>C-34:G>C,100017989|F|0-62:A>T-62:A>T,14898843.0,16021700.0,0.0006567340499117857
100022113|F|0-34:G>C-34:G>C,100052450|F|0-8:A>G-8:A>G,14898843.0,22147758.0,0.021337203172495926
100022113|F|0-34:G>C-34:G>C,100034572|F|0-53:G>A-53:G>A,14898843.0,26973588.0,1.1402956406497493e-05
100022113|F|0-34:G>C-34:G>C,100018223|F|0-41:G>A-41:G>A,14898843.0,42850086.0,0.17438553566038043
100022113|F|0-34:G>C-34:G>C,100034540|F|0-15:G>A-15:G>A,14898843.0,42850367.0,0.138192474516024
100022113|F|0-34:G>C-34:G>C,100017511|F|0-59:G>C-59:G>C,14898843.0,42850408.0,0.14479548451626267
100022113|F|0-34:G>C-34:G>C,100050114|F|0-27:G>A-27:G>A,14898843.0,43250010.0,0.00020010708686519292
100022113|F|0-34:G>C-34:G>C,100016574|F|0-9:G>A-9:G>A,14898843.0,43529057.0,0.0004430040336683057
100022113|F|0-34:G>C-34:G>C,100018496|F|0-32:T>G-32:T>G,14898843.0,43881573.0,0.010874122491103998
100022113|F|0-34:G>C-34:G>C,100017598|F|0-46:C>G-46:C>G,14898843.0,45505408.0,0.020456492527566372
100022113|F|0-34:G>C-34:G>C,100021048|F|0-66:C>T-66:C>T,14898843.0,45555246.0,0.02020703617403264
100022113|F|0-34:G>C-34:G>C,100017454|F|0-9:A>G-9:A>G,14898843.0,45869241.0,0.0013599748739745831
100022113|F|0-34:G>C-34:G>C,100018445|F|0-45:A>G-45:A>G,14898843.0,45885872.0,0.0005697854277181443
100022113|F|0-34:G>C-34:G>C,100034159|F|0-24:A>G-24:A>G,14898843.0,46097671.0,0.0038666785634458856
100022113|F|0-34:G>C-34:G>C,100017594|F|0-13:G>T-13:G>T,14898843.0,46097676.0,0.00044202950171728987
100022113|F|0-34:G>C-34:G>C,100030376|F|0-12:T>C-12:T>C,14898843.0,47165949.0,0.0005362492979896705
100022113|F|0-34:G>C-34:G>C,100034945|F|0-61:G>A-61:G>A,14898843.0,47171709.0,0.0003991459595955445
100022113|F|0-34:G>C-34:G>C,100043426|F|0-30:G>A-30:G>A,14898843.0,47201903.0,0.02332591388871147
100022113|F|0-34:G>C-34:G>C,100015331|F|0-40:A>G-40:A>G,14898843.0,47228518.0,0.02128770159091921
100022113|F|0-34:G>C-34:G>C,100033028|F|0-17:A>C-17:A>C,14898843.0,47247609.0,0.030120074902028927
100022113|F|0-34:G>C-34:G>C,100014668|F|0-30:A>T-30:A>T,14898843.0,48841067.0,0.00167909414278566
100022113|F|0-34:G>C-34:G>C,100019661|F|0-30:A>T-30:A>T,14898843.0,48965503.0,2.2034022293153905e-07
100022113|F|0-34:G>C-34:G>C,100035901|F|0-29:T>A-29:T>A,14898843.0,48989476.0,0.0007510529549168387
100022113|F|0-34:G>C-34:G>C,100043126|F|0-48:T>A-48:T>A,14898843.0,49230618.0,0.0005345928307621816
100022113|F|0-34:G>C-34:G>C,100044970|F|0-28:C>T-28:C>T,14898843.0,49340094.0,7.846731365582717e-06
100022113|F|0-34:G>C-34:G>C,100013964|F|0-14:T>G-14:T>G,14898843.0,49356602.0,0.0018224898932262179
100022113|F|0-34:G>C-34:G>C,100020795|F|0-42:T>C-42:T>C,14898843.0,49358815.0,0.0014283578456508557
100022113|F|0-34:G>C-34:G>C,100016185|F|0-62:C>T-62:C>T,14898843.0,49565807.0,0.07071888319726517
100022113|F|0-34:G>C-34:G>C,100033324|F|0-45:A>T-45:A>T,14898843.0,53523372.0,0.017617905030844153
100022113|F|0-34:G>C-34:G>C,100034432|F|0-24:T>A-24:T>A,14898843.0,53750135.0,0.00020901306023557326
100022113|F|0-34:G>C-34:G>C,100056034|F|0-41:G>T-41:G>T,14898843.0,53750140.0,0.000943589139280342
100022113|F|0-34:G>C-34:G>C,100019249|F|0-36:C>A-36:C>A,14898843.0,54407017.0,0.0365249028023827
100022113|F|0-34:G>C-34:G>C,100013936|F|0-38:C>A-38:C>A,14898843.0,54572400.0,0.0002406967331367027
100022113|F|0-34:G>C-34:G>C,100018265|F|0-5:C>T-5:C>T,14898843.0,56110897.0,0.030875983867061512
100022113|F|0-34:G>C-34:G>C,100014526|F|0-10:T>C-10:T>C,14898843.0,56110902.0,0.02353047325688269
100022113|F|0-34:G>C-34:G>C,100030709|F|0-39:T>A-39:T>A,14898843.0,56193250.0,0.021797320576724184
100022113|F|0-34:G>C-34:G>C,100033311|F|0-46:C>T-46:C>T,14898843.0,57009334.0,0.025765211536960448
100022113|F|0-34:G>C-34:G>C,100034520|F|0-31:G>A-31:G>A,14898843.0,58309310.0,1.2796380159979517e-06
100022113|F|0-34:G>C-34:G>C,100019390|F|0-56:C>T-56:C>T,14898843.0,58491205.0,1.0635853888894261e-06
100022113|F|0-34:G>C-34:G>C,100013048|F|0-58:C>T-58:C>T,14898843.0,58709443.0,0.012694587433668327
100022113|F|0-34:G>C-34:G>C,100041246|F|0-21:G>A-21:G>A,14898843.0,58719431.0,0.16984646565455486
100022113|F|0-34:G>C-34:G>C,100033981|F|0-18:C>A-18:C>A,14898843.0,58771602.0,0.04617817294665771
100022113|F|0-34:G>C-34:G>C,100021859|F|0-23:T>A-23:T>A,14898843.0,59249203.0,0.012729129070449903
100022113|F|0-34:G>C-34:G>C,100038389|F|0-45:C>T-45:C>T,14898843.0,59686561.0,0.0010259040779687092
100022113|F|0-34:G>C-34:G>C,100015287|F|0-63:T>C-63:T>C,14898843.0,61485460.0,0.0012881306808575665
100022113|F|0-34:G>C-34:G>C,100013445|F|0-24:G>T-24:G>T,14898843.0,61602864.0,0.02826458628061739
100022113|F|0-34:G>C-34:G>C,100013879|F|0-63:G>A-63:G>A,14898843.0,61606253.0,0.02774265315495322
100022113|F|0-34:G>C-34:G>C,100040047|F|0-6:G>A-6:G>A,14898843.0,61640208.0,0.006785518703516667
100022113|F|0-34:G>C-34:G>C,100016920|F|0-66:T>A-66:T>A,14898843.0,61641379.0,0.01829847435097441
100022113|F|0-34:G>C-34:G>C,100017079|F|0-12:A>G-12:A>G,14898843.0,61641384.0,0.0009900728693631824
100022113|F|0-34:G>C-34:G>C,100020360|F|0-56:A>G-56:A>G,14898843.0,61670176.0,0.00260809380223647
100022113|F|0-34:G>C-34:G>C,100056174|F|0-11:G>A-11:G>A,14898843.0,61712285.0,0.0015009141370052534
100022113|F|0-34:G>C-34:G>C,100013722|F|0-6:A>G-6:A>G,14898843.0,61760543.0,0.1341121102949703
100022113|F|0-34:G>C-34:G>C,100013153|F|0-63:C>A-63:C>A,14898843.0,61760548.0,0.1249968392039852
100022113|F|0-34:G>C-34:G>C,100040510|F|0-32:T>C-32:T>C,14898843.0,62326715.0,0.009786465566884584
100022113|F|0-34:G>C-34:G>C,100013356|F|0-7:G>A-7:G>A,14898843.0,62367252.0,0.004800113513495298
100022113|F|0-34:G>C-34:G>C,100014994|F|0-36:G>A-36:G>A,14898843.0,62444541.0,0.06839743714256377
100022113|F|0-34:G>C-34:G>C,100020485|F|0-47:G>T-47:G>T,14898843.0,62444546.0,0.07917019705165444
100022113|F|0-34:G>C-34:G>C,100013478|F|0-51:G>A-51:G>A,14898843.0,62447789.0,0.08674541122551421
100022113|F|0-34:G>C-34:G>C,100013529|F|0-11:C>G-11:C>G,14898843.0,62466983.0,0.00874463682560935
100022113|F|0-34:G>C-34:G>C,100029518|F|0-19:G>C-19:G>C,14898843.0,62476880.0,0.010426721607842235
100022113|F|0-34:G>C-34:G>C,100044261|F|0-5:T>A-5:T>A,14898843.0,62476902.0,0.006889922023634083
100022113|F|0-34:G>C-34:G>C,100017508|F|0-26:G>A-26:G>A,14898843.0,62494366.0,0.06839743714256377
100022113|F|0-34:G>C-34:G>C,100051794|F|0-60:T>C-60:T>C,14898843.0,62494371.0,0.08885214450744065
100022113|F|0-34:G>C-34:G>C,100033227|F|0-6:A>G-6:A>G,14898843.0,62503297.0,0.0735104801571383
100022113|F|0-34:G>C-34:G>C,100015367|F|0-46:A>T-46:A>T,14898843.0,62730005.0,0.03130650921322972
100022113|F|0-34:G>C-34:G>C,100016319|F|0-60:C>A-60:C>A,14898843.0,62905182.0,0.007139576635631091
100022113|F|0-34:G>C-34:G>C,100020253|F|0-17:T>C-17:T>C,14898843.0,63125496.0,0.007968323454907647
100022113|F|0-34:G>C-34:G>C,100017121|F|0-19:C>T-19:C>T,14898843.0,63306572.0,0.0002499063042641715
100022113|F|0-34:G>C-34:G>C,100021507|F|0-53:A>C-53:A>C,14898843.0,63642647.0,0.010304593785217388
100022113|F|0-34:G>C-34:G>C,100019105|F|0-61:T>C-61:T>C,14898843.0,63665304.0,0.018508578726239594
100022113|F|0-34:G>C-34:G>C,100014627|F|0-15:C>G-15:C>G,14898843.0,64043609.0,0.0001197340771784576
100022113|F|0-34:G>C-34:G>C,100033689|F|0-56:C>T-56:C>T,14898843.0,64044059.0,0.0008342196403237708
100022113|F|0-34:G>C-34:G>C,100046739|F|0-18:T>G-18:T>G,14898843.0,64189766.0,0.0005447237541458635
100022113|F|0-34:G>C-34:G>C,100030110|F|0-28:T>C-28:T>C,14898843.0,64196475.0,0.0023601024044433067
100022113|F|0-34:G>C-34:G>C,100016864|F|0-56:A>G-56:A>G,14898843.0,64720414.0,0.01209143963127911
100022113|F|0-34:G>C-34:G>C,100021392|F|0-51:G>A-51:G>A,14898843.0,64886887.0,0.027528066104163883
100055747|F|0-35:G>C-35:G>C,100034447|F|0-52:A>T-52:A>T,14898843.0,15211267.0,0.0027940165061898126
100055747|F|0-35:G>C-35:G>C,100018930|F|0-63:C>G-63:C>G,14898843.0,15212141.0,0.0035677136188349916
100055747|F|0-35:G>C-35:G>C,100014038|F|0-34:G>C-34:G>C,14898843.0,15259541.0,0.005310822898032185
100055747|F|0-35:G>C-35:G>C,100030229|F|0-11:A>T-11:A>T,14898843.0,15553876.0,0.006487348344476118
100055747|F|0-35:G>C-35:G>C,100017989|F|0-62:A>T-62:A>T,14898843.0,16021700.0,0.00023414085914085853
100055747|F|0-35:G>C-35:G>C,100052450|F|0-8:A>G-8:A>G,14898843.0,22147758.0,0.01888878284659918
100055747|F|0-35:G>C-35:G>C,100034572|F|0-53:G>A-53:G>A,14898843.0,26973588.0,0.0005428586938819852
100055747|F|0-35:G>C-35:G>C,100018223|F|0-41:G>A-41:G>A,14898843.0,42850086.0,0.20684169259943602
100055747|F|0-35:G>C-35:G>C,100034540|F|0-15:G>A-15:G>A,14898843.0,42850367.0,0.1669328661960944
100055747|F|0-35:G>C-35:G>C,100017511|F|0-59:G>C-59:G>C,14898843.0,42850408.0,0.17257989298512605
100055747|F|0-35:G>C-35:G>C,100050114|F|0-27:G>A-27:G>A,14898843.0,43250010.0,0.005021171376454987
100055747|F|0-35:G>C-35:G>C,100016574|F|0-9:G>A-9:G>A,14898843.0,43529057.0,0.011863136863136845
100055747|F|0-35:G>C-35:G>C,100018496|F|0-32:T>G-32:T>G,14898843.0,43881573.0,0.003475192472198464
100055747|F|0-35:G>C-35:G>C,100017598|F|0-46:C>G-46:C>G,14898843.0,45505408.0,0.010003675424452218
100055747|F|0-35:G>C-35:G>C,100021048|F|0-66:C>T-66:C>T,14898843.0,45555246.0,0.009649829653629044
100055747|F|0-35:G>C-35:G>C,100017454|F|0-9:A>G-9:A>G,14898843.0,45869241.0,1.9246166163700084e-05
100055747|F|0-35:G>C-35:G>C,100018445|F|0-45:A>G-45:A>G,14898843.0,45885872.0,8.372124175345774e-05
100055747|F|0-35:G>C-35:G>C,100034159|F|0-24:A>G-24:A>G,14898843.0,46097671.0,0.0006033750386160055
100055747|F|0-35:G>C-35:G>C,100017594|F|0-13:G>T-13:G>T,14898843.0,46097676.0,0.0002625690181419105
100055747|F|0-35:G>C-35:G>C,100030376|F|0-12:T>C-12:T>C,14898843.0,47165949.0,0.004968905692378359
100055747|F|0-35:G>C-35:G>C,100034945|F|0-61:G>A-61:G>A,14898843.0,47171709.0,0.000668041765308645
100055747|F|0-35:G>C-35:G>C,100043426|F|0-30:G>A-30:G>A,14898843.0,47201903.0,0.011660290192898878
100055747|F|0-35:G>C-35:G>C,100015331|F|0-40:A>G-40:A>G,14898843.0,47228518.0,0.010410154964795677
100055747|F|0-35:G>C-35:G>C,100033028|F|0-17:A>C-17:A>C,14898843.0,47247609.0,0.017390405293631117
100055747|F|0-35:G>C-35:G>C,100014668|F|0-30:A>T-30:A>T,14898843.0,48841067.0,0.0002978969689895342
100055747|F|0-35:G>C-35:G>C,100019661|F|0-30:A>T-30:A>T,14898843.0,48965503.0,0.0011564895585514123
100055747|F|0-35:G>C-35:G>C,100035901|F|0-29:T>A-29:T>A,14898843.0,48989476.0,4.529752347589049e-05
100055747|F|0-35:G>C-35:G>C,100043126|F|0-48:T>A-48:T>A,14898843.0,49230618.0,0.005421360159026561
100055747|F|0-35:G>C-35:G>C,100044970|F|0-28:C>T-28:C>T,14898843.0,49340094.0,0.008606777837547059
100055747|F|0-35:G>C-35:G>C,100013964|F|0-14:T>G-14:T>G,14898843.0,49356602.0,0.0017594840098093146
100055747|F|0-35:G>C-35:G>C,100020795|F|0-42:T>C-42:T>C,14898843.0,49358815.0,0.002390610937582715
100055747|F|0-35:G>C-35:G>C,100016185|F|0-62:C>T-62:C>T,14898843.0,49565807.0,0.048524121775268506
100055747|F|0-35:G>C-35:G>C,100033324|F|0-45:A>T-45:A>T,14898843.0,53523372.0,0.01559627002889411
100055747|F|0-35:G>C-35:G>C,100034432|F|0-24:T>A-24:T>A,14898843.0,53750135.0,0.0010280440256681036
100055747|F|0-35:G>C-35:G>C,100056034|F|0-41:G>T-41:G>T,14898843.0,53750140.0,0.0002842385654885662
100055747|F|0-35:G>C-35:G>C,100019249|F|0-36:C>A-36:C>A,14898843.0,54407017.0,0.020801494311428144
100055747|F|0-35:G>C-35:G>C,100013936|F|0-38:C>A-38:C>A,14898843.0,54572400.0,0.0017170329670329562
100055747|F|0-35:G>C-35:G>C,100018265|F|0-5:C>T-5:C>T,14898843.0,56110897.0,0.021725711523429315
100055747|F|0-35:G>C-35:G>C,100014526|F|0-10:T>C-10:T>C,14898843.0,56110902.0,0.016233953549249287
100055747|F|0-35:G>C-35:G>C,100030709|F|0-39:T>A-39:T>A,14898843.0,56193250.0,0.014745637748832613
100055747|F|0-35:G>C-35:G>C,100033311|F|0-46:C>T-46:C>T,14898843.0,57009334.0,0.014429609113712367
100055747|F|0-35:G>C-35:G>C,100034520|F|0-31:G>A-31:G>A,14898843.0,58309310.0,0.0008566807390756048
100055747|F|0-35:G>C-35:G>C,100019390|F|0-56:C>T-56:C>T,14898843.0,58491205.0,0.0005767521873860709
100055747|F|0-35:G>C-35:G>C,100013048|F|0-58:C>T-58:C>T,14898843.0,58709443.0,0.011237897648686001
100055747|F|0-35:G>C-35:G>C,100041246|F|0-21:G>A-21:G>A,14898843.0,58719431.0,0.1952247463010308
100055747|F|0-35:G>C-35:G>C,100033981|F|0-18:C>A-18:C>A,14898843.0,58771602.0,0.05375471920717321
100055747|F|0-35:G>C-35:G>C,100021859|F|0-23:T>A-23:T>A,14898843.0,59249203.0,0.010249054475686107
100055747|F|0-35:G>C-35:G>C,100038389|F|0-45:C>T-45:C>T,14898843.0,59686561.0,0.0001221001221001227
100055747|F|0-35:G>C-35:G>C,100015287|F|0-63:T>C-63:T>C,14898843.0,61485460.0,0.007378621938599492
100055747|F|0-35:G>C-35:G>C,100013445|F|0-24:G>T-24:G>T,14898843.0,61602864.0,0.02219806106731903
100055747|F|0-35:G>C-35:G>C,100013879|F|0-63:G>A-63:G>A,14898843.0,61606253.0,0.02159468438538208
100055747|F|0-35:G>C-35:G>C,100040047|F|0-6:G>A-6:G>A,14898843.0,61640208.0,0.003749423165666823
100055747|F|0-35:G>C-35:G>C,100016920|F|0-66:T>A-66:T>A,14898843.0,61641379.0,0.013348428364974026
100055747|F|0-35:G>C-35:G>C,100017079|F|0-12:A>G-12:A>G,14898843.0,61641384.0,0.00011783559577677291
100055747|F|0-35:G>C-35:G>C,100020360|F|0-56:A>G-56:A>G,14898843.0,61670176.0,0.0008335043085761224
100055747|F|0-35:G>C-35:G>C,100056174|F|0-11:G>A-11:G>A,14898843.0,61712285.0,0.0031012923429781167
100055747|F|0-35:G>C-35:G>C,100013722|F|0-6:A>G-6:A>G,14898843.0,61760543.0,0.1561161555593624
100055747|F|0-35:G>C-35:G>C,100013153|F|0-63:C>A-63:C>A,14898843.0,61760548.0,0.14631427618968218
100055747|F|0-35:G>C-35:G>C,100040510|F|0-32:T>C-32:T>C,14898843.0,62326715.0,0.004133027939042078
100055747|F|0-35:G>C-35:G>C,100013356|F|0-7:G>A-7:G>A,14898843.0,62367252.0,0.00014093844710636415
100055747|F|0-35:G>C-35:G>C,100014994|F|0-36:G>A-36:G>A,14898843.0,62444541.0,0.05517792919985744
100055747|F|0-35:G>C-35:G>C,100020485|F|0-47:G>T-47:G>T,14898843.0,62444546.0,0.06417211422005521
100055747|F|0-35:G>C-35:G>C,100013478|F|0-51:G>A-51:G>A,14898843.0,62447789.0,0.07274773453766975
100055747|F|0-35:G>C-35:G>C,100013529|F|0-11:C>G-11:C>G,14898843.0,62466983.0,0.0019352998696218968
100055747|F|0-35:G>C-35:G>C,100029518|F|0-19:G>C-19:G>C,14898843.0,62476880.0,0.0027680335554736927
100055747|F|0-35:G>C-35:G>C,100044261|F|0-5:T>A-5:T>A,14898843.0,62476902.0,0.0011871496589450888
100055747|F|0-35:G>C-35:G>C,100017508|F|0-26:G>A-26:G>A,14898843.0,62494366.0,0.05517792919985741
100055747|F|0-35:G>C-35:G>C,100051794|F|0-60:T>C-60:T>C,14898843.0,62494371.0,0.07438429553814165
100055747|F|0-35:G>C-35:G>C,100033227|F|0-6:A>G-6:A>G,14898843.0,62503297.0,0.05929011372449449
100055747|F|0-35:G>C-35:G>C,100015367|F|0-46:A>T-46:A>T,14898843.0,62730005.0,0.01853266068067512
100055747|F|0-35:G>C-35:G>C,100016319|F|0-60:C>A-60:C>A,14898843.0,62905182.0,0.005310822898032191
100055747|F|0-35:G>C-35:G>C,100020253|F|0-17:T>C-17:T>C,14898843.0,63125496.0,0.01646469968387773
100055747|F|0-35:G>C-35:G>C,100017121|F|0-19:C>T-19:C>T,14898843.0,63306572.0,0.0008571951313939176
100055747|F|0-35:G>C-35:G>C,100021507|F|0-53:A>C-53:A>C,14898843.0,63642647.0,0.0001988704160369103
100055747|F|0-35:G>C-35:G>C,100019105|F|0-61:T>C-61:T>C,14898843.0,63665304.0,0.025091693100713647
100055747|F|0-35:G>C-35:G>C,100014627|F|0-15:C>G-15:C>G,14898843.0,64043609.0,0.0019638077504945902
100055747|F|0-35:G>C-35:G>C,100033689|F|0-56:C>T-56:C>T,14898843.0,64044059.0,6.003611772842667e-06
100055747|F|0-35:G>C-35:G>C,100046739|F|0-18:T>G-18:T>G,14898843.0,64189766.0,0.00019420660129816378
100055747|F|0-35:G>C-35:G>C,100030110|F|0-28:T>C-28:T>C,14898843.0,64196475.0,0.001470630955147568
100055747|F|0-35:G>C-35:G>C,100016864|F|0-56:A>G-56:A>G,14898843.0,64720414.0,0.016485647232677297
100055747|F|0-35:G>C-35:G>C,100021392|F|0-51:G>A-51:G>A,14898843.0,64886887.0,0.01945750351669504
100034447|F|0-52:A>T-52:A>T,100018930|F|0-63:C>G-63:C>G,15211267.0,15212141.0,0.9381108614939058
100034447|F|0-52:A>T-52:A>T,100014038|F|0-34:G>C-34:G>C,15211267.0,15259541.0,0.8320591151914538
100034447|F|0-52:A>T-52:A>T,100030229|F|0-11:A>T-11:A>T,15211267.0,15553876.0,0.018224841840224066
100034447|F|0-52:A>T-52:A>T,100017989|F|0-62:A>T-62:A>T,15211267.0,16021700.0,0.008843346016660997
100034447|F|0-52:A>T-52:A>T,100052450|F|0-8:A>G-8:A>G,15211267.0,22147758.0,0.03039872892781442
100034447|F|0-52:A>T-52:A>T,100034572|F|0-53:G>A-53:G>A,15211267.0,26973588.0,0.006527147750978242
100034447|F|0-52:A>T-52:A>T,100018223|F|0-41:G>A-41:G>A,15211267.0,42850086.0,0.04720314681848927
100034447|F|0-52:A>T-52:A>T,100034540|F|0-15:G>A-15:G>A,15211267.0,42850367.0,0.0344959190573893
100034447|F|0-52:A>T-52:A>T,100017511|F|0-59:G>C-59:G>C,15211267.0,42850408.0,0.025219472458521696
100034447|F|0-52:A>T-52:A>T,100050114|F|0-27:G>A-27:G>A,15211267.0,43250010.0,0.13982896396151828
100034447|F|0-52:A>T-52:A>T,100016574|F|0-9:G>A-9:G>A,15211267.0,43529057.0,0.12252809089122688
100034447|F|0-52:A>T-52:A>T,100018496|F|0-32:T>G-32:T>G,15211267.0,43881573.0,0.035748261778663075
100034447|F|0-52:A>T-52:A>T,100017598|F|0-46:C>G-46:C>G,15211267.0,45505408.0,0.012976236310564658
100034447|F|0-52:A>T-52:A>T,100021048|F|0-66:C>T-66:C>T,15211267.0,45555246.0,0.033974135763351586
100034447|F|0-52:A>T-52:A>T,100017454|F|0-9:A>G-9:A>G,15211267.0,45869241.0,0.001322103074481591
100034447|F|0-52:A>T-52:A>T,100018445|F|0-45:A>G-45:A>G,15211267.0,45885872.0,0.0003893901440728548
100034447|F|0-52:A>T-52:A>T,100034159|F|0-24:A>G-24:A>G,15211267.0,46097671.0,0.0006423562199278531
100034447|F|0-52:A>T-52:A>T,100017594|F|0-13:G>T-13:G>T,15211267.0,46097676.0,4.967310802183998e-05
100034447|F|0-52:A>T-52:A>T,100030376|F|0-12:T>C-12:T>C,15211267.0,47165949.0,0.01923968789628216
100034447|F|0-52:A>T-52:A>T,100034945|F|0-61:G>A-61:G>A,15211267.0,47171709.0,0.01923968789628216
100034447|F|0-52:A>T-52:A>T,100043426|F|0-30:G>A-30:G>A,15211267.0,47201903.0,0.025884706765036833
100034447|F|0-52:A>T-52:A>T,100015331|F|0-40:A>G-40:A>G,15211267.0,47228518.0,0.02329846104607443
100034447|F|0-52:A>T-52:A>T,100033028|F|0-17:A>C-17:A>C,15211267.0,47247609.0,0.029288873112363327
100034447|F|0-52:A>T-52:A>T,100014668|F|0-30:A>T-30:A>T,15211267.0,48841067.0,0.02022589211976246
100034447|F|0-52:A>T-52:A>T,100019661|F|0-30:A>T-30:A>T,15211267.0,48965503.0,0.000587649799209805
100034447|F|0-52:A>T-52:A>T,100035901|F|0-29:T>A-29:T>A,15211267.0,48989476.0,0.0034755482705129044
100034447|F|0-52:A>T-52:A>T,100043126|F|0-48:T>A-48:T>A,15211267.0,49230618.0,0.14706305291265712
100034447|F|0-52:A>T-52:A>T,100044970|F|0-28:C>T-28:C>T,15211267.0,49340094.0,0.14257750502592292
100034447|F|0-52:A>T-52:A>T,100013964|F|0-14:T>G-14:T>G,15211267.0,49356602.0,0.12719628351197768
100034447|F|0-52:A>T-52:A>T,100020795|F|0-42:T>C-42:T>C,15211267.0,49358815.0,0.12889993761425192
100034447|F|0-52:A>T-52:A>T,100016185|F|0-62:C>T-62:C>T,15211267.0,49565807.0,0.021593389952424883
100034447|F|0-52:A>T-52:A>T,100033324|F|0-45:A>T-45:A>T,15211267.0,53523372.0,0.04531119923239493
100034447|F|0-52:A>T-52:A>T,100034432|F|0-24:T>A-24:T>A,15211267.0,53750135.0,0.0035589837741423413
100034447|F|0-52:A>T-52:A>T,100056034|F|0-41:G>T-41:G>T,15211267.0,53750140.0,0.037603628387672464
100034447|F|0-52:A>T-52:A>T,100019249|F|0-36:C>A-36:C>A,15211267.0,54407017.0,0.010840347553069753
100034447|F|0-52:A>T-52:A>T,100013936|F|0-38:C>A-38:C>A,15211267.0,54572400.0,0.024320224995087434
100034447|F|0-52:A>T-52:A>T,100018265|F|0-5:C>T-5:C>T,15211267.0,56110897.0,0.008286009471486082
100034447|F|0-52:A>T-52:A>T,100014526|F|0-10:T>C-10:T>C,15211267.0,56110902.0,0.022143722894876657
100034447|F|0-52:A>T-52:A>T,100030709|F|0-39:T>A-39:T>A,15211267.0,56193250.0,0.009855666055814553
100034447|F|0-52:A>T-52:A>T,100033311|F|0-46:C>T-46:C>T,15211267.0,57009334.0,0.029159627115603142
100034447|F|0-52:A>T-52:A>T,100034520|F|0-31:G>A-31:G>A,15211267.0,58309310.0,0.003412808669965435
100034447|F|0-52:A>T-52:A>T,100019390|F|0-56:C>T-56:C>T,15211267.0,58491205.0,0.019325671297352676
100034447|F|0-52:A>T-52:A>T,100013048|F|0-58:C>T-58:C>T,15211267.0,58709443.0,0.006073292353235513
100034447|F|0-52:A>T-52:A>T,100041246|F|0-21:G>A-21:G>A,15211267.0,58719431.0,0.0052392192389366645
100034447|F|0-52:A>T-52:A>T,100033981|F|0-18:C>A-18:C>A,15211267.0,58771602.0,0.016337414874136126
100034447|F|0-52:A>T-52:A>T,100021859|F|0-23:T>A-23:T>A,15211267.0,59249203.0,0.0003417390374685597
100034447|F|0-52:A>T-52:A>T,100038389|F|0-45:C>T-45:C>T,15211267.0,59686561.0,0.014759503067618593
100034447|F|0-52:A>T-52:A>T,100015287|F|0-63:T>C-63:T>C,15211267.0,61485460.0,0.003947668716575894
100034447|F|0-52:A>T-52:A>T,100013445|F|0-24:G>T-24:G>T,15211267.0,61602864.0,0.017386139207385284
100034447|F|0-52:A>T-52:A>T,100013879|F|0-63:G>A-63:G>A,15211267.0,61606253.0,0.024134361847486796
100034447|F|0-52:A>T-52:A>T,100040047|F|0-6:G>A-6:G>A,15211267.0,61640208.0,0.018452509792695117
100034447|F|0-52:A>T-52:A>T,100016920|F|0-66:T>A-66:T>A,15211267.0,61641379.0,0.005814667156887501
100034447|F|0-52:A>T-52:A>T,100017079|F|0-12:A>G-12:A>G,15211267.0,61641384.0,0.014244005717830476
100034447|F|0-52:A>T-52:A>T,100020360|F|0-56:A>G-56:A>G,15211267.0,61670176.0,0.012196767058061216
100034447|F|0-52:A>T-52:A>T,100056174|F|0-11:G>A-11:G>A,15211267.0,61712285.0,0.02159338995242477
100034447|F|0-52:A>T-52:A>T,100013722|F|0-6:A>G-6:A>G,15211267.0,61760543.0,0.0017190118343376512
100034447|F|0-52:A>T-52:A>T,100013153|F|0-63:C>A-63:C>A,15211267.0,61760548.0,0.002566611179083821
100034447|F|0-52:A>T-52:A>T,100040510|F|0-32:T>C-32:T>C,15211267.0,62326715.0,0.0003284692844722425
100034447|F|0-52:A>T-52:A>T,100013356|F|0-7:G>A-7:G>A,15211267.0,62367252.0,0.025936247551556015
100034447|F|0-52:A>T-52:A>T,100014994|F|0-36:G>A-36:G>A,15211267.0,62444541.0,0.0428684713490898
100034447|F|0-52:A>T-52:A>T,100020485|F|0-47:G>T-47:G>T,15211267.0,62444546.0,0.015210222909085502
100034447|F|0-52:A>T-52:A>T,100013478|F|0-51:G>A-51:G>A,15211267.0,62447789.0,0.027380394887884685
100034447|F|0-52:A>T-52:A>T,100013529|F|0-11:C>G-11:C>G,15211267.0,62466983.0,0.014174807078077984
100034447|F|0-52:A>T-52:A>T,100029518|F|0-19:G>C-19:G>C,15211267.0,62476880.0,0.016901418571798978
100034447|F|0-52:A>T-52:A>T,100044261|F|0-5:T>A-5:T>A,15211267.0,62476902.0,0.011168367242193396
100034447|F|0-52:A>T-52:A>T,100017508|F|0-26:G>A-26:G>A,15211267.0,62494366.0,0.004696312894769849
100034447|F|0-52:A>T-52:A>T,100051794|F|0-60:T>C-60:T>C,15211267.0,62494371.0,0.015571067840668891
100034447|F|0-52:A>T-52:A>T,100033227|F|0-6:A>G-6:A>G,15211267.0,62503297.0,0.011323384553625108
100034447|F|0-52:A>T-52:A>T,100015367|F|0-46:A>T-46:A>T,15211267.0,62730005.0,0.0451310436760757
100034447|F|0-52:A>T-52:A>T,100016319|F|0-60:C>A-60:C>A,15211267.0,62905182.0,0.05485269185246801
100034447|F|0-52:A>T-52:A>T,100020253|F|0-17:T>C-17:T>C,15211267.0,63125496.0,0.024420116447777564
100034447|F|0-52:A>T-52:A>T,100017121|F|0-19:C>T-19:C>T,15211267.0,63306572.0,0.0006873782655994794
100034447|F|0-52:A>T-52:A>T,100021507|F|0-53:A>C-53:A>C,15211267.0,63642647.0,0.019472012449342834
100034447|F|0-52:A>T-52:A>T,100019105|F|0-61:T>C-61:T>C,15211267.0,63665304.0,0.0019941434223400747
100034447|F|0-52:A>T-52:A>T,100014627|F|0-15:C>G-15:C>G,15211267.0,64043609.0,0.00816586792412256
100034447|F|0-52:A>T-52:A>T,100033689|F|0-56:C>T-56:C>T,15211267.0,64044059.0,0.015049599643822492
100034447|F|0-52:A>T-52:A>T,100046739|F|0-18:T>G-18:T>G,15211267.0,64189766.0,0.007335055403406464
100034447|F|0-52:A>T-52:A>T,100030110|F|0-28:T>C-28:T>C,15211267.0,64196475.0,0.0019328906194808068
100034447|F|0-52:A>T-52:A>T,100016864|F|0-56:A>G-56:A>G,15211267.0,64720414.0,0.001193783724261988
100034447|F|0-52:A>T-52:A>T,100021392|F|0-51:G>A-51:G>A,15211267.0,64886887.0,0.004396785344070909
100018930|F|0-63:C>G-63:C>G,100014038|F|0-34:G>C-34:G>C,15212141.0,15259541.0,0.7766076578511404
100018930|F|0-63:C>G-63:C>G,100030229|F|0-11:A>T-11:A>T,15212141.0,15553876.0,0.03310232479136929
100018930|F|0-63:C>G-63:C>G,100017989|F|0-62:A>T-62:A>T,15212141.0,16021700.0,0.00685616055009195
100018930|F|0-63:C>G-63:C>G,100052450|F|0-8:A>G-8:A>G,15212141.0,22147758.0,0.02539768796471499
100018930|F|0-63:C>G-63:C>G,100034572|F|0-53:G>A-53:G>A,15212141.0,26973588.0,0.009124967646910958
100018930|F|0-63:C>G-63:C>G,100018223|F|0-41:G>A-41:G>A,15212141.0,42850086.0,0.05358956632831752
100018930|F|0-63:C>G-63:C>G,100034540|F|0-15:G>A-15:G>A,15212141.0,42850367.0,0.0406560872461991
100018930|F|0-63:C>G-63:C>G,100017511|F|0-59:G>C-59:G>C,15212141.0,42850408.0,0.03007359911633909
100018930|F|0-63:C>G-63:C>G,100050114|F|0-27:G>A-27:G>A,15212141.0,43250010.0,0.12027642898963772
100018930|F|0-63:C>G-63:C>G,100016574|F|0-9:G>A-9:G>A,15212141.0,43529057.0,0.10547236404756179
100018930|F|0-63:C>G-63:C>G,100018496|F|0-32:T>G-32:T>G,15212141.0,43881573.0,0.023829226206463862
100018930|F|0-63:C>G-63:C>G,100017598|F|0-46:C>G-46:C>G,15212141.0,45505408.0,0.006620842266678368
100018930|F|0-63:C>G-63:C>G,100021048|F|0-66:C>T-66:C>T,15212141.0,45555246.0,0.022231527765207038
100018930|F|0-63:C>G-63:C>G,100017454|F|0-9:A>G-9:A>G,15212141.0,45869241.0,0.005878185397922585
100018930|F|0-63:C>G-63:C>G,100018445|F|0-45:A>G-45:A>G,15212141.0,45885872.0,0.0040044488451726
100018930|F|0-63:C>G-63:C>G,100034159|F|0-24:A>G-24:A>G,15212141.0,46097671.0,0.00038147312203961535
100018930|F|0-63:C>G-63:C>G,100017594|F|0-13:G>T-13:G>T,15212141.0,46097676.0,0.0023344394816121
100018930|F|0-63:C>G-63:C>G,100030376|F|0-12:T>C-12:T>C,15212141.0,47165949.0,0.030406637877643885
100018930|F|0-63:C>G-63:C>G,100034945|F|0-61:G>A-61:G>A,15212141.0,47171709.0,0.030406637877643885
100018930|F|0-63:C>G-63:C>G,100043426|F|0-30:G>A-30:G>A,15212141.0,47201903.0,0.03961969702763563
100018930|F|0-63:C>G-63:C>G,100015331|F|0-40:A>G-40:A>G,15212141.0,47228518.0,0.03611830240762356
100018930|F|0-63:C>G-63:C>G,100033028|F|0-17:A>C-17:A>C,15212141.0,47247609.0,0.042911453457031776
100018930|F|0-63:C>G-63:C>G,100014668|F|0-30:A>T-30:A>T,15212141.0,48841067.0,0.025635173892908234
100018930|F|0-63:C>G-63:C>G,100019661|F|0-30:A>T-30:A>T,15212141.0,48965503.0,0.000622390783694269
100018930|F|0-63:C>G-63:C>G,100035901|F|0-29:T>A-29:T>A,15212141.0,48989476.0,0.00016235007067768906
100018930|F|0-63:C>G-63:C>G,100043126|F|0-48:T>A-48:T>A,15212141.0,49230618.0,0.12946322494798407
100018930|F|0-63:C>G-63:C>G,100044970|F|0-28:C>T-28:C>T,15212141.0,49340094.0,0.12459753307378675
100018930|F|0-63:C>G-63:C>G,100013964|F|0-14:T>G-14:T>G,15212141.0,49356602.0,0.11062309986043466
100018930|F|0-63:C>G-63:C>G,100020795|F|0-42:T>C-42:T>C,15212141.0,49358815.0,0.11154271845894309
100018930|F|0-63:C>G-63:C>G,100016185|F|0-62:C>T-62:C>T,15212141.0,49565807.0,0.012436827425571355
100018930|F|0-63:C>G-63:C>G,100033324|F|0-45:A>T-45:A>T,15212141.0,53523372.0,0.039252459430138595
100018930|F|0-63:C>G-63:C>G,100034432|F|0-24:T>A-24:T>A,15212141.0,53750135.0,0.005269034557121082
100018930|F|0-63:C>G-63:C>G,100056034|F|0-41:G>T-41:G>T,15212141.0,53750140.0,0.02383982054991291
100018930|F|0-63:C>G-63:C>G,100019249|F|0-36:C>A-36:C>A,15212141.0,54407017.0,0.004260842405074343
100018930|F|0-63:C>G-63:C>G,100013936|F|0-38:C>A-38:C>A,15212141.0,54572400.0,0.01734640766349416
100018930|F|0-63:C>G-63:C>G,100018265|F|0-5:C>T-5:C>T,15212141.0,56110897.0,0.005906016448577814
100018930|F|0-63:C>G-63:C>G,100014526|F|0-10:T>C-10:T>C,15212141.0,56110902.0,0.01773419973070132
100018930|F|0-63:C>G-63:C>G,100030709|F|0-39:T>A-39:T>A,15212141.0,56193250.0,0.006954747513916186
100018930|F|0-63:C>G-63:C>G,100033311|F|0-46:C>T-46:C>T,15212141.0,57009334.0,0.027263536767236342
100018930|F|0-63:C>G-63:C>G,100034520|F|0-31:G>A-31:G>A,15212141.0,58309310.0,0.00102400246738519
100018930|F|0-63:C>G-63:C>G,100019390|F|0-56:C>T-56:C>T,15212141.0,58491205.0,0.024072023221498352
100018930|F|0-63:C>G-63:C>G,100013048|F|0-58:C>T-58:C>T,15212141.0,58709443.0,0.007242251393161712
100018930|F|0-63:C>G-63:C>G,100041246|F|0-21:G>A-21:G>A,15212141.0,58719431.0,0.003388163051651794
100018930|F|0-63:C>G-63:C>G,100033981|F|0-18:C>A-18:C>A,15212141.0,58771602.0,0.01768912783074607
100018930|F|0-63:C>G-63:C>G,100021859|F|0-23:T>A-23:T>A,15212141.0,59249203.0,2.7464896970630058e-05
100018930|F|0-63:C>G-63:C>G,100038389|F|0-45:C>T-45:C>T,15212141.0,59686561.0,0.018846588767433056
100018930|F|0-63:C>G-63:C>G,100015287|F|0-63:T>C-63:T>C,15212141.0,61485460.0,0.010386224073263377
100018930|F|0-63:C>G-63:C>G,100013445|F|0-24:G>T-24:G>T,15212141.0,61602864.0,0.011754477563235955
100018930|F|0-63:C>G-63:C>G,100013879|F|0-63:G>A-63:G>A,15212141.0,61606253.0,0.017181076271706466
100018930|F|0-63:C>G-63:C>G,100040047|F|0-6:G>A-6:G>A,15212141.0,61640208.0,0.023387512130262876
100018930|F|0-63:C>G-63:C>G,100016920|F|0-66:T>A-66:T>A,15212141.0,61641379.0,0.009014153611125517
100018930|F|0-63:C>G-63:C>G,100017079|F|0-12:A>G-12:A>G,15212141.0,61641384.0,0.01818834393915881
100018930|F|0-63:C>G-63:C>G,100020360|F|0-56:A>G-56:A>G,15212141.0,61670176.0,0.01638980406507852
100018930|F|0-63:C>G-63:C>G,100056174|F|0-11:G>A-11:G>A,15212141.0,61712285.0,0.017159851492338667
100018930|F|0-63:C>G-63:C>G,100013722|F|0-6:A>G-6:A>G,15212141.0,61760543.0,0.00290920603393058
100018930|F|0-63:C>G-63:C>G,100013153|F|0-63:C>A-63:C>A,15212141.0,61760548.0,0.004014956391484677
100018930|F|0-63:C>G-63:C>G,100040510|F|0-32:T>C-32:T>C,15212141.0,62326715.0,0.00014001593070144807
100018930|F|0-63:C>G-63:C>G,100013356|F|0-7:G>A-7:G>A,15212141.0,62367252.0,0.028870286673234182
100018930|F|0-63:C>G-63:C>G,100014994|F|0-36:G>A-36:G>A,15212141.0,62444541.0,0.05400929498028254
100018930|F|0-63:C>G-63:C>G,100020485|F|0-47:G>T-47:G>T,15212141.0,62444546.0,0.023153513644793396
100018930|F|0-63:C>G-63:C>G,100013478|F|0-51:G>A-51:G>A,15212141.0,62447789.0,0.03653003117339316
100018930|F|0-63:C>G-63:C>G,100013529|F|0-11:C>G-11:C>G,15212141.0,62466983.0,0.02570323330799161
100018930|F|0-63:C>G-63:C>G,100029518|F|0-19:G>C-19:G>C,15212141.0,62476880.0,0.029335039508915577
100018930|F|0-63:C>G-63:C>G,100044261|F|0-5:T>A-5:T>A,15212141.0,62476902.0,0.02134909806083663
100018930|F|0-63:C>G-63:C>G,100017508|F|0-26:G>A-26:G>A,15212141.0,62494366.0,0.003947588423125995
100018930|F|0-63:C>G-63:C>G,100051794|F|0-60:T>C-60:T>C,15212141.0,62494371.0,0.013607452591621466
100018930|F|0-63:C>G-63:C>G,100033227|F|0-6:A>G-6:A>G,15212141.0,62503297.0,0.00994294743148061
100018930|F|0-63:C>G-63:C>G,100015367|F|0-46:A>T-46:A>T,15212141.0,62730005.0,0.04512053274233828
100018930|F|0-63:C>G-63:C>G,100016319|F|0-60:C>A-60:C>A,15212141.0,62905182.0,0.04721727925385033
100018930|F|0-63:C>G-63:C>G,100020253|F|0-17:T>C-17:T>C,15212141.0,63125496.0,0.03341526005710777
100018930|F|0-63:C>G-63:C>G,100017121|F|0-19:C>T-19:C>T,15212141.0,63306572.0,0.00022433373603278117
100018930|F|0-63:C>G-63:C>G,100021507|F|0-53:A>C-53:A>C,15212141.0,63642647.0,0.015474033610464623
100018930|F|0-63:C>G-63:C>G,100019105|F|0-61:T>C-61:T>C,15212141.0,63665304.0,0.0008500394418301048
100018930|F|0-63:C>G-63:C>G,100014627|F|0-15:C>G-15:C>G,15212141.0,64043609.0,0.0014696157443813323
100018930|F|0-63:C>G-63:C>G,100033689|F|0-56:C>T-56:C>T,15212141.0,64044059.0,0.004873754214123599
100018930|F|0-63:C>G-63:C>G,100046739|F|0-18:T>G-18:T>G,15212141.0,64189766.0,0.005686797440112176
100018930|F|0-63:C>G-63:C>G,100030110|F|0-28:T>C-28:T>C,15212141.0,64196475.0,0.0011005468357659259
100018930|F|0-63:C>G-63:C>G,100016864|F|0-56:A>G-56:A>G,15212141.0,64720414.0,0.00047317283782924636
100018930|F|0-63:C>G-63:C>G,100021392|F|0-51:G>A-51:G>A,15212141.0,64886887.0,0.005790179058918537
100014038|F|0-34:G>C-34:G>C,100030229|F|0-11:A>T-11:A>T,15259541.0,15553876.0,0.03944763483447287
100014038|F|0-34:G>C-34:G>C,100017989|F|0-62:A>T-62:A>T,15259541.0,16021700.0,0.003825631732608479
100014038|F|0-34:G>C-34:G>C,100052450|F|0-8:A>G-8:A>G,15259541.0,22147758.0,0.01731202031277047
100014038|F|0-34:G>C-34:G>C,100034572|F|0-53:G>A-53:G>A,15259541.0,26973588.0,0.015279578539659635
100014038|F|0-34:G>C-34:G>C,100018223|F|0-41:G>A-41:G>A,15259541.0,42850086.0,0.04720254020521558
100014038|F|0-34:G>C-34:G>C,100034540|F|0-15:G>A-15:G>A,15259541.0,42850367.0,0.035810526643717276
100014038|F|0-34:G>C-34:G>C,100017511|F|0-59:G>C-59:G>C,15259541.0,42850408.0,0.02544856858758408
100014038|F|0-34:G>C-34:G>C,100050114|F|0-27:G>A-27:G>A,15259541.0,43250010.0,0.08801628654370298
100014038|F|0-34:G>C-34:G>C,100016574|F|0-9:G>A-9:G>A,15259541.0,43529057.0,0.07731803080640288
100014038|F|0-34:G>C-34:G>C,100018496|F|0-32:T>G-32:T>G,15259541.0,43881573.0,0.024994031869815227
100014038|F|0-34:G>C-34:G>C,100017598|F|0-46:C>G-46:C>G,15259541.0,45505408.0,0.007673080415603291
100014038|F|0-34:G>C-34:G>C,100021048|F|0-66:C>T-66:C>T,15259541.0,45555246.0,0.023215421745145397
100014038|F|0-34:G>C-34:G>C,100017454|F|0-9:A>G-9:A>G,15259541.0,45869241.0,0.0003979928128549358
100014038|F|0-34:G>C-34:G>C,100018445|F|0-45:A>G-45:A>G,15259541.0,45885872.0,4.809103886768419e-05
100014038|F|0-34:G>C-34:G>C,100034159|F|0-24:A>G-24:A>G,15259541.0,46097671.0,0.001996357523115723
100014038|F|0-34:G>C-34:G>C,100017594|F|0-13:G>T-13:G>T,15259541.0,46097676.0,0.00019699530321724392
100014038|F|0-34:G>C-34:G>C,100030376|F|0-12:T>C-12:T>C,15259541.0,47165949.0,0.009945412398115598
100014038|F|0-34:G>C-34:G>C,100034945|F|0-61:G>A-61:G>A,15259541.0,47171709.0,0.009945412398115598
100014038|F|0-34:G>C-34:G>C,100043426|F|0-30:G>A-30:G>A,15259541.0,47201903.0,0.017513353964314526
100014038|F|0-34:G>C-34:G>C,100015331|F|0-40:A>G-40:A>G,15259541.0,47228518.0,0.015308253924045613
100014038|F|0-34:G>C-34:G>C,100033028|F|0-17:A>C-17:A>C,15259541.0,47247609.0,0.019004751187797025
100014038|F|0-34:G>C-34:G>C,100014668|F|0-30:A>T-30:A>T,15259541.0,48841067.0,0.02464092882097619
100014038|F|0-34:G>C-34:G>C,100019661|F|0-30:A>T-30:A>T,15259541.0,48965503.0,0.004392574579580086
100014038|F|0-34:G>C-34:G>C,100035901|F|0-29:T>A-29:T>A,15259541.0,48989476.0,0.010802847770766216
100014038|F|0-34:G>C-34:G>C,100043126|F|0-48:T>A-48:T>A,15259541.0,49230618.0,0.09999817887126425
100014038|F|0-34:G>C-34:G>C,100044970|F|0-28:C>T-28:C>T,15259541.0,49340094.0,0.12359733289965852
100014038|F|0-34:G>C-34:G>C,100013964|F|0-14:T>G-14:T>G,15259541.0,49356602.0,0.1093151866366069
100014038|F|0-34:G>C-34:G>C,100020795|F|0-42:T>C-42:T>C,15259541.0,49358815.0,0.10978088637782286
100014038|F|0-34:G>C-34:G>C,100016185|F|0-62:C>T-62:C>T,15259541.0,49565807.0,0.00681257852689472
100014038|F|0-34:G>C-34:G>C,100033324|F|0-45:A>T-45:A>T,15259541.0,53523372.0,0.09921994273800289
100014038|F|0-34:G>C-34:G>C,100034432|F|0-24:T>A-24:T>A,15259541.0,53750135.0,0.0018663588811669673
100014038|F|0-34:G>C-34:G>C,100056034|F|0-41:G>T-41:G>T,15259541.0,53750140.0,0.023511156505342568
100014038|F|0-34:G>C-34:G>C,100019249|F|0-36:C>A-36:C>A,15259541.0,54407017.0,0.004938010164792859
100014038|F|0-34:G>C-34:G>C,100013936|F|0-38:C>A-38:C>A,15259541.0,54572400.0,0.02718477470930235
100014038|F|0-34:G>C-34:G>C,100018265|F|0-5:C>T-5:C>T,15259541.0,56110897.0,0.0025337258756589626
100014038|F|0-34:G>C-34:G>C,100014526|F|0-10:T>C-10:T>C,15259541.0,56110902.0,0.013495515552644471
100014038|F|0-34:G>C-34:G>C,100030709|F|0-39:T>A-39:T>A,15259541.0,56193250.0,0.01699915793644896
100014038|F|0-34:G>C-34:G>C,100033311|F|0-46:C>T-46:C>T,15259541.0,57009334.0,0.037522118301314446
100014038|F|0-34:G>C-34:G>C,100034520|F|0-31:G>A-31:G>A,15259541.0,58309310.0,0.0007086144308707301
100014038|F|0-34:G>C-34:G>C,100019390|F|0-56:C>T-56:C>T,15259541.0,58491205.0,0.034618510966604316
100014038|F|0-34:G>C-34:G>C,100013048|F|0-58:C>T-58:C>T,15259541.0,58709443.0,0.009778378204509641
100014038|F|0-34:G>C-34:G>C,100041246|F|0-21:G>A-21:G>A,15259541.0,58719431.0,0.0010011944073631746
100014038|F|0-34:G>C-34:G>C,100033981|F|0-18:C>A-18:C>A,15259541.0,58771602.0,0.02050042802111575
100014038|F|0-34:G>C-34:G>C,100021859|F|0-23:T>A-23:T>A,15259541.0,59249203.0,0.0005477471230324694
100014038|F|0-34:G>C-34:G>C,100038389|F|0-45:C>T-45:C>T,15259541.0,59686561.0,0.01578073089700997
100014038|F|0-34:G>C-34:G>C,100015287|F|0-63:T>C-63:T>C,15259541.0,61485460.0,0.01114558348107205
100014038|F|0-34:G>C-34:G>C,100013445|F|0-24:G>T-24:G>T,15259541.0,61602864.0,0.0041635850658777885
100014038|F|0-34:G>C-34:G>C,100013879|F|0-63:G>A-63:G>A,15259541.0,61606253.0,0.007339874835818592
100014038|F|0-34:G>C-34:G>C,100040047|F|0-6:G>A-6:G>A,15259541.0,61640208.0,0.0018351380646269098
100014038|F|0-34:G>C-34:G>C,100016920|F|0-66:T>A-66:T>A,15259541.0,61641379.0,4.716700097312978e-05
100014038|F|0-34:G>C-34:G>C,100017079|F|0-12:A>G-12:A>G,15259541.0,61641384.0,0.0043319653442772475
100014038|F|0-34:G>C-34:G>C,100020360|F|0-56:A>G-56:A>G,15259541.0,61670176.0,0.003671593934593622
100014038|F|0-34:G>C-34:G>C,100056174|F|0-11:G>A-11:G>A,15259541.0,61712285.0,0.024829315126946874
100014038|F|0-34:G>C-34:G>C,100013722|F|0-6:A>G-6:A>G,15259541.0,61760543.0,0.0060276065675661785
100014038|F|0-34:G>C-34:G>C,100013153|F|0-63:C>A-63:C>A,15259541.0,61760548.0,0.007659553024767563
100014038|F|0-34:G>C-34:G>C,100040510|F|0-32:T>C-32:T>C,15259541.0,62326715.0,0.001302654673102243
100014038|F|0-34:G>C-34:G>C,100013356|F|0-7:G>A-7:G>A,15259541.0,62367252.0,0.03502552467385142
100014038|F|0-34:G>C-34:G>C,100014994|F|0-36:G>A-36:G>A,15259541.0,62444541.0,0.03346393012472601
100014038|F|0-34:G>C-34:G>C,100020485|F|0-47:G>T-47:G>T,15259541.0,62444546.0,0.011416661189924092
100014038|F|0-34:G>C-34:G>C,100013478|F|0-51:G>A-51:G>A,15259541.0,62447789.0,0.020383193396519204
100014038|F|0-34:G>C-34:G>C,100013529|F|0-11:C>G-11:C>G,15259541.0,62466983.0,0.009657075285770577
100014038|F|0-34:G>C-34:G>C,100029518|F|0-19:G>C-19:G>C,15259541.0,62476880.0,0.012311305950127053
100014038|F|0-34:G>C-34:G>C,100044261|F|0-5:T>A-5:T>A,15259541.0,62476902.0,0.006982869510178232
100014038|F|0-34:G>C-34:G>C,100017508|F|0-26:G>A-26:G>A,15259541.0,62494366.0,0.00038415225908486496
100014038|F|0-34:G>C-34:G>C,100051794|F|0-60:T>C-60:T>C,15259541.0,62494371.0,0.004593144128027835
100014038|F|0-34:G>C-34:G>C,100033227|F|0-6:A>G-6:A>G,15259541.0,62503297.0,0.0003801776123051979
100014038|F|0-34:G>C-34:G>C,100015367|F|0-46:A>T-46:A>T,15259541.0,62730005.0,0.02144609557924988
100014038|F|0-34:G>C-34:G>C,100016319|F|0-60:C>A-60:C>A,15259541.0,62905182.0,0.059626825310978945
100014038|F|0-34:G>C-34:G>C,100020253|F|0-17:T>C-17:T>C,15259541.0,63125496.0,0.013618986938515473
100014038|F|0-34:G>C-34:G>C,100017121|F|0-19:C>T-19:C>T,15259541.0,63306572.0,3.822858010180666e-05
100014038|F|0-34:G>C-34:G>C,100021507|F|0-53:A>C-53:A>C,15259541.0,63642647.0,0.009253024217791776
100014038|F|0-34:G>C-34:G>C,100019105|F|0-61:T>C-61:T>C,15259541.0,63665304.0,0.002847039079357469
100014038|F|0-34:G>C-34:G>C,100014627|F|0-15:C>G-15:C>G,15259541.0,64043609.0,0.0027295969226799927
100014038|F|0-34:G>C-34:G>C,100033689|F|0-56:C>T-56:C>T,15259541.0,64044059.0,0.0066764630718119085
100014038|F|0-34:G>C-34:G>C,100046739|F|0-18:T>G-18:T>G,15259541.0,64189766.0,0.03887102834954716
100014038|F|0-34:G>C-34:G>C,100030110|F|0-28:T>C-28:T>C,15259541.0,64196475.0,0.020190753881823897
100014038|F|0-34:G>C-34:G>C,100016864|F|0-56:A>G-56:A>G,15259541.0,64720414.0,0.0028174202420327994
100014038|F|0-34:G>C-34:G>C,100021392|F|0-51:G>A-51:G>A,15259541.0,64886887.0,0.0034021979989703943
100030229|F|0-11:A>T-11:A>T,100017989|F|0-62:A>T-62:A>T,15553876.0,16021700.0,0.004887966660751574
100030229|F|0-11:A>T-11:A>T,100052450|F|0-8:A>G-8:A>G,15553876.0,22147758.0,0.006768834700756051
100030229|F|0-11:A>T-11:A>T,100034572|F|0-53:G>A-53:G>A,15553876.0,26973588.0,0.0367183227671395
100030229|F|0-11:A>T-11:A>T,100018223|F|0-41:G>A-41:G>A,15553876.0,42850086.0,0.005213574770922367
100030229|F|0-11:A>T-11:A>T,100034540|F|0-15:G>A-15:G>A,15553876.0,42850367.0,0.008551709326027621
100030229|F|0-11:A>T-11:A>T,100017511|F|0-59:G>C-59:G>C,15553876.0,42850408.0,0.004003120962325788
100030229|F|0-11:A>T-11:A>T,100050114|F|0-27:G>A-27:G>A,15553876.0,43250010.0,0.026082757157601506
100030229|F|0-11:A>T-11:A>T,100016574|F|0-9:G>A-9:G>A,15553876.0,43529057.0,0.0019056400236848146
100030229|F|0-11:A>T-11:A>T,100018496|F|0-32:T>G-32:T>G,15553876.0,43881573.0,0.00029811284801656193
100030229|F|0-11:A>T-11:A>T,100017598|F|0-46:C>G-46:C>G,15553876.0,45505408.0,0.0002864726011766219
100030229|F|0-11:A>T-11:A>T,100021048|F|0-66:C>T-66:C>T,15553876.0,45555246.0,0.0021093037083559332
100030229|F|0-11:A>T-11:A>T,100017454|F|0-9:A>G-9:A>G,15553876.0,45869241.0,0.05375411283621434
100030229|F|0-11:A>T-11:A>T,100018445|F|0-45:A>G-45:A>G,15553876.0,45885872.0,0.031569270672385574
100030229|F|0-11:A>T-11:A>T,100034159|F|0-24:A>G-24:A>G,15553876.0,46097671.0,0.022617675236797318
100030229|F|0-11:A>T-11:A>T,100017594|F|0-13:G>T-13:G>T,15553876.0,46097676.0,0.05579631578701661
100030229|F|0-11:A>T-11:A>T,100030376|F|0-12:T>C-12:T>C,15553876.0,47165949.0,0.004623107207298899
100030229|F|0-11:A>T-11:A>T,100034945|F|0-61:G>A-61:G>A,15553876.0,47171709.0,0.00813257063967615
100030229|F|0-11:A>T-11:A>T,100043426|F|0-30:G>A-30:G>A,15553876.0,47201903.0,1.2243967301936464e-05
100030229|F|0-11:A>T-11:A>T,100015331|F|0-40:A>G-40:A>G,15553876.0,47228518.0,1.1924513920662553e-05
100030229|F|0-11:A>T-11:A>T,100033028|F|0-17:A>C-17:A>C,15553876.0,47247609.0,0.002089344705524179
100030229|F|0-11:A>T-11:A>T,100014668|F|0-30:A>T-30:A>T,15553876.0,48841067.0,0.023245055614326417
100030229|F|0-11:A>T-11:A>T,100019661|F|0-30:A>T-30:A>T,15553876.0,48965503.0,0.0002896075143073779
100030229|F|0-11:A>T-11:A>T,100035901|F|0-29:T>A-29:T>A,15553876.0,48989476.0,0.00026319879412746726
100030229|F|0-11:A>T-11:A>T,100043126|F|0-48:T>A-48:T>A,15553876.0,49230618.0,0.0046537173904258634
100030229|F|0-11:A>T-11:A>T,100044970|F|0-28:C>T-28:C>T,15553876.0,49340094.0,0.004155802173128553
100030229|F|0-11:A>T-11:A>T,100013964|F|0-14:T>G-14:T>G,15553876.0,49356602.0,0.0028797342684734905
100030229|F|0-11:A>T-11:A>T,100020795|F|0-42:T>C-42:T>C,15553876.0,49358815.0,0.0003714710132556196
100030229|F|0-11:A>T-11:A>T,100016185|F|0-62:C>T-62:C>T,15553876.0,49565807.0,0.0017824700200173675
100030229|F|0-11:A>T-11:A>T,100033324|F|0-45:A>T-45:A>T,15553876.0,53523372.0,0.07494015162536027
100030229|F|0-11:A>T-11:A>T,100034432|F|0-24:T>A-24:T>A,15553876.0,53750135.0,0.005770205549224645
100030229|F|0-11:A>T-11:A>T,100056034|F|0-41:G>T-41:G>T,15553876.0,53750140.0,0.008544694151821899
100030229|F|0-11:A>T-11:A>T,100019249|F|0-36:C>A-36:C>A,15553876.0,54407017.0,0.00498507858116385
100030229|F|0-11:A>T-11:A>T,100013936|F|0-38:C>A-38:C>A,15553876.0,54572400.0,0.0008065144990240073
100030229|F|0-11:A>T-11:A>T,100018265|F|0-5:C>T-5:C>T,15553876.0,56110897.0,0.0009843143455628388
100030229|F|0-11:A>T-11:A>T,100014526|F|0-10:T>C-10:T>C,15553876.0,56110902.0,0.013476957649957736
100030229|F|0-11:A>T-11:A>T,100030709|F|0-39:T>A-39:T>A,15553876.0,56193250.0,0.0075823963466533015
100030229|F|0-11:A>T-11:A>T,100033311|F|0-46:C>T-46:C>T,15553876.0,57009334.0,6.06076381445882e-07
100030229|F|0-11:A>T-11:A>T,100034520|F|0-31:G>A-31:G>A,15553876.0,58309310.0,0.002404434169014665
100030229|F|0-11:A>T-11:A>T,100019390|F|0-56:C>T-56:C>T,15553876.0,58491205.0,0.00621607447770385
100030229|F|0-11:A>T-11:A>T,100013048|F|0-58:C>T-58:C>T,15553876.0,58709443.0,0.011674690900886608
100030229|F|0-11:A>T-11:A>T,100041246|F|0-21:G>A-21:G>A,15553876.0,58719431.0,0.009096638861096558
100030229|F|0-11:A>T-11:A>T,100033981|F|0-18:C>A-18:C>A,15553876.0,58771602.0,0.003463559198262628
100030229|F|0-11:A>T-11:A>T,100021859|F|0-23:T>A-23:T>A,15553876.0,59249203.0,0.0653770828293883
100030229|F|0-11:A>T-11:A>T,100038389|F|0-45:C>T-45:C>T,15553876.0,59686561.0,0.025292294689392845
100030229|F|0-11:A>T-11:A>T,100015287|F|0-63:T>C-63:T>C,15553876.0,61485460.0,0.013124124726718889
100030229|F|0-11:A>T-11:A>T,100013445|F|0-24:G>T-24:G>T,15553876.0,61602864.0,0.0008511625337167371
100030229|F|0-11:A>T-11:A>T,100013879|F|0-63:G>A-63:G>A,15553876.0,61606253.0,0.001636833100976432
100030229|F|0-11:A>T-11:A>T,100040047|F|0-6:G>A-6:G>A,15553876.0,61640208.0,0.01522450445334409
100030229|F|0-11:A>T-11:A>T,100016920|F|0-66:T>A-66:T>A,15553876.0,61641379.0,0.009601409242558586
100030229|F|0-11:A>T-11:A>T,100017079|F|0-12:A>G-12:A>G,15553876.0,61641384.0,0.014485976575914676
100030229|F|0-11:A>T-11:A>T,100020360|F|0-56:A>G-56:A>G,15553876.0,61670176.0,0.013695625128165186
100030229|F|0-11:A>T-11:A>T,100056174|F|0-11:G>A-11:G>A,15553876.0,61712285.0,0.03233128357657297
100030229|F|0-11:A>T-11:A>T,100013722|F|0-6:A>G-6:A>G,15553876.0,61760543.0,0.001435577624042947
100030229|F|0-11:A>T-11:A>T,100013153|F|0-63:C>A-63:C>A,15553876.0,61760548.0,0.0023391002481491286
100030229|F|0-11:A>T-11:A>T,100040510|F|0-32:T>C-32:T>C,15553876.0,62326715.0,1.893702806932654e-05
100030229|F|0-11:A>T-11:A>T,100013356|F|0-7:G>A-7:G>A,15553876.0,62367252.0,0.04071612033721947
100030229|F|0-11:A>T-11:A>T,100014994|F|0-36:G>A-36:G>A,15553876.0,62444541.0,0.06860040859532862
100030229|F|0-11:A>T-11:A>T,100020485|F|0-47:G>T-47:G>T,15553876.0,62444546.0,0.05143426961013098
100030229|F|0-11:A>T-11:A>T,100013478|F|0-51:G>A-51:G>A,15553876.0,62447789.0,0.0511924414277025
100030229|F|0-11:A>T-11:A>T,100013529|F|0-11:C>G-11:C>G,15553876.0,62466983.0,0.037616203603117404
100030229|F|0-11:A>T-11:A>T,100029518|F|0-19:G>C-19:G>C,15553876.0,62476880.0,0.039711496561606344
100030229|F|0-11:A>T-11:A>T,100044261|F|0-5:T>A-5:T>A,15553876.0,62476902.0,0.04260254023502961
100030229|F|0-11:A>T-11:A>T,100017508|F|0-26:G>A-26:G>A,15553876.0,62494366.0,0.03258714392511184
100030229|F|0-11:A>T-11:A>T,100051794|F|0-60:T>C-60:T>C,15553876.0,62494371.0,0.015191031073549714
100030229|F|0-11:A>T-11:A>T,100033227|F|0-6:A>G-6:A>G,15553876.0,62503297.0,0.010787009600120639
100030229|F|0-11:A>T-11:A>T,100015367|F|0-46:A>T-46:A>T,15553876.0,62730005.0,0.00010064806334479717
100030229|F|0-11:A>T-11:A>T,100016319|F|0-60:C>A-60:C>A,15553876.0,62905182.0,0.005945809596503929
100030229|F|0-11:A>T-11:A>T,100020253|F|0-17:T>C-17:T>C,15553876.0,63125496.0,0.04162587051620239
100030229|F|0-11:A>T-11:A>T,100017121|F|0-19:C>T-19:C>T,15553876.0,63306572.0,0.03543181940047243
100030229|F|0-11:A>T-11:A>T,100021507|F|0-53:A>C-53:A>C,15553876.0,63642647.0,0.0014127157846731471
100030229|F|0-11:A>T-11:A>T,100019105|F|0-61:T>C-61:T>C,15553876.0,63665304.0,0.00470905103037116
100030229|F|0-11:A>T-11:A>T,100014627|F|0-15:C>G-15:C>G,15553876.0,64043609.0,0.0030795404171594996
100030229|F|0-11:A>T-11:A>T,100033689|F|0-56:C>T-56:C>T,15553876.0,64044059.0,0.0002696040870431639
100030229|F|0-11:A>T-11:A>T,100046739|F|0-18:T>G-18:T>G,15553876.0,64189766.0,0.024225645523357837
100030229|F|0-11:A>T-11:A>T,100030110|F|0-28:T>C-28:T>C,15553876.0,64196475.0,0.010248879783502144
100030229|F|0-11:A>T-11:A>T,100016864|F|0-56:A>G-56:A>G,15553876.0,64720414.0,0.010571540914345185
100030229|F|0-11:A>T-11:A>T,100021392|F|0-51:G>A-51:G>A,15553876.0,64886887.0,0.020406515930818145
100017989|F|0-62:A>T-62:A>T,100052450|F|0-8:A>G-8:A>G,16021700.0,22147758.0,0.012279834860479998
100017989|F|0-62:A>T-62:A>T,100034572|F|0-53:G>A-53:G>A,16021700.0,26973588.0,1.3747720169738808e-05
100017989|F|0-62:A>T-62:A>T,100018223|F|0-41:G>A-41:G>A,16021700.0,42850086.0,0.0017242818285801808
100017989|F|0-62:A>T-62:A>T,100034540|F|0-15:G>A-15:G>A,16021700.0,42850367.0,6.12526566980693e-05
100017989|F|0-62:A>T-62:A>T,100017511|F|0-59:G>C-59:G>C,16021700.0,42850408.0,0.0008291272649919745
100017989|F|0-62:A>T-62:A>T,100050114|F|0-27:G>A-27:G>A,16021700.0,43250010.0,0.00024125464801712766
100017989|F|0-62:A>T-62:A>T,100016574|F|0-9:G>A-9:G>A,16021700.0,43529057.0,0.001201720357564506
100017989|F|0-62:A>T-62:A>T,100018496|F|0-32:T>G-32:T>G,16021700.0,43881573.0,0.004666918482145165
100017989|F|0-62:A>T-62:A>T,100017598|F|0-46:C>G-46:C>G,16021700.0,45505408.0,0.0004913055159664271
100017989|F|0-62:A>T-62:A>T,100021048|F|0-66:C>T-66:C>T,16021700.0,45555246.0,0.0007904239341495068
100017989|F|0-62:A>T-62:A>T,100017454|F|0-9:A>G-9:A>G,16021700.0,45869241.0,0.03261137048166677
100017989|F|0-62:A>T-62:A>T,100018445|F|0-45:A>G-45:A>G,16021700.0,45885872.0,0.04175430214829422
100017989|F|0-62:A>T-62:A>T,100034159|F|0-24:A>G-24:A>G,16021700.0,46097671.0,0.03214589961577908
100017989|F|0-62:A>T-62:A>T,100017594|F|0-13:G>T-13:G>T,16021700.0,46097676.0,0.04419328627977763
100017989|F|0-62:A>T-62:A>T,100030376|F|0-12:T>C-12:T>C,16021700.0,47165949.0,0.000646517010779757
100017989|F|0-62:A>T-62:A>T,100034945|F|0-61:G>A-61:G>A,16021700.0,47171709.0,0.014436891389119234
100017989|F|0-62:A>T-62:A>T,100043426|F|0-30:G>A-30:G>A,16021700.0,47201903.0,0.041126491719377115
100017989|F|0-62:A>T-62:A>T,100015331|F|0-40:A>G-40:A>G,16021700.0,47228518.0,0.042199691526038856
100017989|F|0-62:A>T-62:A>T,100033028|F|0-17:A>C-17:A>C,16021700.0,47247609.0,0.049248242796629906
100017989|F|0-62:A>T-62:A>T,100014668|F|0-30:A>T-30:A>T,16021700.0,48841067.0,0.008967027745479913
100017989|F|0-62:A>T-62:A>T,100019661|F|0-30:A>T-30:A>T,16021700.0,48965503.0,0.0023472681793742195
100017989|F|0-62:A>T-62:A>T,100035901|F|0-29:T>A-29:T>A,16021700.0,48989476.0,0.0009054902508412908
100017989|F|0-62:A>T-62:A>T,100043126|F|0-48:T>A-48:T>A,16021700.0,49230618.0,0.009661866455131913
100017989|F|0-62:A>T-62:A>T,100044970|F|0-28:C>T-28:C>T,16021700.0,49340094.0,0.0030651167014803414
100017989|F|0-62:A>T-62:A>T,100013964|F|0-14:T>G-14:T>G,16021700.0,49356602.0,0.0021972443084999926
100017989|F|0-62:A>T-62:A>T,100020795|F|0-42:T>C-42:T>C,16021700.0,49358815.0,0.009894813834937698
100017989|F|0-62:A>T-62:A>T,100016185|F|0-62:C>T-62:C>T,16021700.0,49565807.0,0.008543274598320478
100017989|F|0-62:A>T-62:A>T,100033324|F|0-45:A>T-45:A>T,16021700.0,53523372.0,0.0024939490069513723
100017989|F|0-62:A>T-62:A>T,100034432|F|0-24:T>A-24:T>A,16021700.0,53750135.0,0.0031290427277755684
100017989|F|0-62:A>T-62:A>T,100056034|F|0-41:G>T-41:G>T,16021700.0,53750140.0,0.017115445686874262
100017989|F|0-62:A>T-62:A>T,100019249|F|0-36:C>A-36:C>A,16021700.0,54407017.0,0.01033155586135717
100017989|F|0-62:A>T-62:A>T,100013936|F|0-38:C>A-38:C>A,16021700.0,54572400.0,0.0047940340909090814
100017989|F|0-62:A>T-62:A>T,100018265|F|0-5:C>T-5:C>T,16021700.0,56110897.0,0.0012960021823141981
100017989|F|0-62:A>T-62:A>T,100014526|F|0-10:T>C-10:T>C,16021700.0,56110902.0,0.0048626307273824335
100017989|F|0-62:A>T-62:A>T,100030709|F|0-39:T>A-39:T>A,16021700.0,56193250.0,0.012346479399195049
100017989|F|0-62:A>T-62:A>T,100033311|F|0-46:C>T-46:C>T,16021700.0,57009334.0,0.0004705439488048168
100017989|F|0-62:A>T-62:A>T,100034520|F|0-31:G>A-31:G>A,16021700.0,58309310.0,0.013631889611932341
100017989|F|0-62:A>T-62:A>T,100019390|F|0-56:C>T-56:C>T,16021700.0,58491205.0,0.011817566319935966
100017989|F|0-62:A>T-62:A>T,100013048|F|0-58:C>T-58:C>T,16021700.0,58709443.0,0.015304946321543805
100017989|F|0-62:A>T-62:A>T,100041246|F|0-21:G>A-21:G>A,16021700.0,58719431.0,0.09750559108565136
100017989|F|0-62:A>T-62:A>T,100033981|F|0-18:C>A-18:C>A,16021700.0,58771602.0,0.003951378376225005
100017989|F|0-62:A>T-62:A>T,100021859|F|0-23:T>A-23:T>A,16021700.0,59249203.0,0.0023242027811388594
100017989|F|0-62:A>T-62:A>T,100038389|F|0-45:C>T-45:C>T,16021700.0,59686561.0,0.00042087542087542064
100017989|F|0-62:A>T-62:A>T,100015287|F|0-63:T>C-63:T>C,16021700.0,61485460.0,5.459786849921404e-05
100017989|F|0-62:A>T-62:A>T,100013445|F|0-24:G>T-24:G>T,16021700.0,61602864.0,0.018817975310908154
100017989|F|0-62:A>T-62:A>T,100013879|F|0-63:G>A-63:G>A,16021700.0,61606253.0,0.010391048597028652
100017989|F|0-62:A>T-62:A>T,100040047|F|0-6:G>A-6:G>A,16021700.0,61640208.0,0.0018468687135046165
100017989|F|0-62:A>T-62:A>T,100016920|F|0-66:T>A-66:T>A,16021700.0,61641379.0,0.010581291751231955
100017989|F|0-62:A>T-62:A>T,100017079|F|0-12:A>G-12:A>G,16021700.0,61641384.0,0.006132756132756127
100017989|F|0-62:A>T-62:A>T,100020360|F|0-56:A>G-56:A>G,16021700.0,61670176.0,0.010168808076071085
100017989|F|0-62:A>T-62:A>T,100056174|F|0-11:G>A-11:G>A,16021700.0,61712285.0,0.0018095436673418277
100017989|F|0-62:A>T-62:A>T,100013722|F|0-6:A>G-6:A>G,16021700.0,61760543.0,0.0011141883357918974
100017989|F|0-62:A>T-62:A>T,100013153|F|0-63:C>A-63:C>A,16021700.0,61760548.0,0.0006003386285076394
100017989|F|0-62:A>T-62:A>T,100040510|F|0-32:T>C-32:T>C,16021700.0,62326715.0,0.00015952993547333201
100017989|F|0-62:A>T-62:A>T,100013356|F|0-7:G>A-7:G>A,16021700.0,62367252.0,0.0003860468799493189
100017989|F|0-62:A>T-62:A>T,100014994|F|0-36:G>A-36:G>A,16021700.0,62444541.0,0.00028624453856293205
100017989|F|0-62:A>T-62:A>T,100020485|F|0-47:G>T-47:G>T,16021700.0,62444546.0,3.4953607824016497e-06
100017989|F|0-62:A>T-62:A>T,100013478|F|0-51:G>A-51:G>A,16021700.0,62447789.0,0.0004753157631541146
100017989|F|0-62:A>T-62:A>T,100013529|F|0-11:C>G-11:C>G,16021700.0,62466983.0,0.010542776432606938
100017989|F|0-62:A>T-62:A>T,100029518|F|0-19:G>C-19:G>C,16021700.0,62476880.0,0.01257074444928165
100017989|F|0-62:A>T-62:A>T,100044261|F|0-5:T>A-5:T>A,16021700.0,62476902.0,0.008306680881307744
100017989|F|0-62:A>T-62:A>T,100017508|F|0-26:G>A-26:G>A,16021700.0,62494366.0,0.00028624453856293254
100017989|F|0-62:A>T-62:A>T,100051794|F|0-60:T>C-60:T>C,16021700.0,62494371.0,0.00014062514062514067
100017989|F|0-62:A>T-62:A>T,100033227|F|0-6:A>G-6:A>G,16021700.0,62503297.0,0.005187541908057859
100017989|F|0-62:A>T-62:A>T,100015367|F|0-46:A>T-46:A>T,16021700.0,62730005.0,0.000297152372964648
100017989|F|0-62:A>T-62:A>T,100016319|F|0-60:C>A-60:C>A,16021700.0,62905182.0,0.019367260646330434
100017989|F|0-62:A>T-62:A>T,100020253|F|0-17:T>C-17:T>C,16021700.0,63125496.0,2.965071458222126e-05
100017989|F|0-62:A>T-62:A>T,100017121|F|0-19:C>T-19:C>T,16021700.0,63306572.0,0.01028322142188753
100017989|F|0-62:A>T-62:A>T,100021507|F|0-53:A>C-53:A>C,16021700.0,63642647.0,0.0009406742860724241
100017989|F|0-62:A>T-62:A>T,100019105|F|0-61:T>C-61:T>C,16021700.0,63665304.0,0.00403054848931137
100017989|F|0-62:A>T-62:A>T,100014627|F|0-15:C>G-15:C>G,16021700.0,64043609.0,0.007610413624029355
100017989|F|0-62:A>T-62:A>T,100033689|F|0-56:C>T-56:C>T,16021700.0,64044059.0,0.006577837746668911
100017989|F|0-62:A>T-62:A>T,100046739|F|0-18:T>G-18:T>G,16021700.0,64189766.0,0.01422373258100368
100017989|F|0-62:A>T-62:A>T,100030110|F|0-28:T>C-28:T>C,16021700.0,64196475.0,0.01938569989929504
100017989|F|0-62:A>T-62:A>T,100016864|F|0-56:A>G-56:A>G,16021700.0,64720414.0,0.01255969689253802
100017989|F|0-62:A>T-62:A>T,100021392|F|0-51:G>A-51:G>A,16021700.0,64886887.0,0.00013775525084475966
100052450|F|0-8:A>G-8:A>G,100034572|F|0-53:G>A-53:G>A,22147758.0,26973588.0,0.0007098023352263371
100052450|F|0-8:A>G-8:A>G,100018223|F|0-41:G>A-41:G>A,22147758.0,42850086.0,0.028433373173595844
100052450|F|0-8:A>G-8:A>G,100034540|F|0-15:G>A-15:G>A,22147758.0,42850367.0,0.0172654355561687
100052450|F|0-8:A>G-8:A>G,100017511|F|0-59:G>C-59:G>C,22147758.0,42850408.0,0.010921597907208412
100052450|F|0-8:A>G-8:A>G,100050114|F|0-27:G>A-27:G>A,22147758.0,43250010.0,0.0004331292687157421
100052450|F|0-8:A>G-8:A>G,100016574|F|0-9:G>A-9:G>A,22147758.0,43529057.0,0.001957719699655189
100052450|F|0-8:A>G-8:A>G,100018496|F|0-32:T>G-32:T>G,22147758.0,43881573.0,8.234152043308045e-05
100052450|F|0-8:A>G-8:A>G,100017598|F|0-46:C>G-46:C>G,22147758.0,45505408.0,0.0023318058797952095
100052450|F|0-8:A>G-8:A>G,100021048|F|0-66:C>T-66:C>T,22147758.0,45555246.0,0.00024566080061716895
100052450|F|0-8:A>G-8:A>G,100017454|F|0-9:A>G-9:A>G,22147758.0,45869241.0,0.0054749341243052274
100052450|F|0-8:A>G-8:A>G,100018445|F|0-45:A>G-45:A>G,22147758.0,45885872.0,0.009366336426878206
100052450|F|0-8:A>G-8:A>G,100034159|F|0-24:A>G-24:A>G,22147758.0,46097671.0,0.020119663932819817
100052450|F|0-8:A>G-8:A>G,100017594|F|0-13:G>T-13:G>T,22147758.0,46097676.0,0.016142860777782344
100052450|F|0-8:A>G-8:A>G,100030376|F|0-12:T>C-12:T>C,22147758.0,47165949.0,0.0016242444413796014
100052450|F|0-8:A>G-8:A>G,100034945|F|0-61:G>A-61:G>A,22147758.0,47171709.0,0.00671534840708166
100052450|F|0-8:A>G-8:A>G,100043426|F|0-30:G>A-30:G>A,22147758.0,47201903.0,0.01104292829398021
100052450|F|0-8:A>G-8:A>G,100015331|F|0-40:A>G-40:A>G,22147758.0,47228518.0,0.009452470457878955
100052450|F|0-8:A>G-8:A>G,100033028|F|0-17:A>C-17:A>C,22147758.0,47247609.0,0.01399352526303618
100052450|F|0-8:A>G-8:A>G,100014668|F|0-30:A>T-30:A>T,22147758.0,48841067.0,0.002869642744330699
100052450|F|0-8:A>G-8:A>G,100019661|F|0-30:A>T-30:A>T,22147758.0,48965503.0,0.017042448369352228
100052450|F|0-8:A>G-8:A>G,100035901|F|0-29:T>A-29:T>A,22147758.0,48989476.0,0.017082763733311565
100052450|F|0-8:A>G-8:A>G,100043126|F|0-48:T>A-48:T>A,22147758.0,49230618.0,0.0029566491978394805
100052450|F|0-8:A>G-8:A>G,100044970|F|0-28:C>T-28:C>T,22147758.0,49340094.0,0.0010989837292566763
100052450|F|0-8:A>G-8:A>G,100013964|F|0-14:T>G-14:T>G,22147758.0,49356602.0,9.202290563131694e-05
100052450|F|0-8:A>G-8:A>G,100020795|F|0-42:T>C-42:T>C,22147758.0,49358815.0,2.703968914035058e-06
100052450|F|0-8:A>G-8:A>G,100016185|F|0-62:C>T-62:C>T,22147758.0,49565807.0,0.0015699447483999056
100052450|F|0-8:A>G-8:A>G,100033324|F|0-45:A>T-45:A>T,22147758.0,53523372.0,0.058892348758834825
100052450|F|0-8:A>G-8:A>G,100034432|F|0-24:T>A-24:T>A,22147758.0,53750135.0,0.0030244391980945476
100052450|F|0-8:A>G-8:A>G,100056034|F|0-41:G>T-41:G>T,22147758.0,53750140.0,0.007055653225008064
100052450|F|0-8:A>G-8:A>G,100019249|F|0-36:C>A-36:C>A,22147758.0,54407017.0,0.02867509042738687
100052450|F|0-8:A>G-8:A>G,100013936|F|0-38:C>A-38:C>A,22147758.0,54572400.0,0.06561777646077024
100052450|F|0-8:A>G-8:A>G,100018265|F|0-5:C>T-5:C>T,22147758.0,56110897.0,0.0006354509361596895
100052450|F|0-8:A>G-8:A>G,100014526|F|0-10:T>C-10:T>C,22147758.0,56110902.0,0.018858072841870913
100052450|F|0-8:A>G-8:A>G,100030709|F|0-39:T>A-39:T>A,22147758.0,56193250.0,0.01240375476436478
100052450|F|0-8:A>G-8:A>G,100033311|F|0-46:C>T-46:C>T,22147758.0,57009334.0,0.0021864998022080736
100052450|F|0-8:A>G-8:A>G,100034520|F|0-31:G>A-31:G>A,22147758.0,58309310.0,0.0016129916573666095
100052450|F|0-8:A>G-8:A>G,100019390|F|0-56:C>T-56:C>T,22147758.0,58491205.0,0.021005937890779678
100052450|F|0-8:A>G-8:A>G,100013048|F|0-58:C>T-58:C>T,22147758.0,58709443.0,0.006281839637481401
100052450|F|0-8:A>G-8:A>G,100041246|F|0-21:G>A-21:G>A,22147758.0,58719431.0,0.0007754863032126482
100052450|F|0-8:A>G-8:A>G,100033981|F|0-18:C>A-18:C>A,22147758.0,58771602.0,0.008701355376597842
100052450|F|0-8:A>G-8:A>G,100021859|F|0-23:T>A-23:T>A,22147758.0,59249203.0,0.05764444238798941
100052450|F|0-8:A>G-8:A>G,100038389|F|0-45:C>T-45:C>T,22147758.0,59686561.0,0.005051400212690551
100052450|F|0-8:A>G-8:A>G,100015287|F|0-63:T>C-63:T>C,22147758.0,61485460.0,0.004948962749483506
100052450|F|0-8:A>G-8:A>G,100013445|F|0-24:G>T-24:G>T,22147758.0,61602864.0,0.013015239063911147
100052450|F|0-8:A>G-8:A>G,100013879|F|0-63:G>A-63:G>A,22147758.0,61606253.0,0.01886117133679023
100052450|F|0-8:A>G-8:A>G,100040047|F|0-6:G>A-6:G>A,22147758.0,61640208.0,0.018130442233930028
100052450|F|0-8:A>G-8:A>G,100016920|F|0-66:T>A-66:T>A,22147758.0,61641379.0,0.004712291601771226
100052450|F|0-8:A>G-8:A>G,100017079|F|0-12:A>G-12:A>G,22147758.0,61641384.0,0.013905107121425874
100052450|F|0-8:A>G-8:A>G,100020360|F|0-56:A>G-56:A>G,22147758.0,61670176.0,0.03436509043614546
100052450|F|0-8:A>G-8:A>G,100056174|F|0-11:G>A-11:G>A,22147758.0,61712285.0,0.00022077348024373818
100052450|F|0-8:A>G-8:A>G,100013722|F|0-6:A>G-6:A>G,22147758.0,61760543.0,0.010080299756282243
100052450|F|0-8:A>G-8:A>G,100013153|F|0-63:C>A-63:C>A,22147758.0,61760548.0,0.0020602075262544277
100052450|F|0-8:A>G-8:A>G,100040510|F|0-32:T>C-32:T>C,22147758.0,62326715.0,0.0006004494592443449
100052450|F|0-8:A>G-8:A>G,100013356|F|0-7:G>A-7:G>A,22147758.0,62367252.0,2.359264181874364e-33
100052450|F|0-8:A>G-8:A>G,100014994|F|0-36:G>A-36:G>A,22147758.0,62444541.0,0.007227718310507366
100052450|F|0-8:A>G-8:A>G,100020485|F|0-47:G>T-47:G>T,22147758.0,62444546.0,0.004455465051008559
100052450|F|0-8:A>G-8:A>G,100013478|F|0-51:G>A-51:G>A,22147758.0,62447789.0,0.0016311612581581712
100052450|F|0-8:A>G-8:A>G,100013529|F|0-11:C>G-11:C>G,22147758.0,62466983.0,1.5771543929007353e-05
100052450|F|0-8:A>G-8:A>G,100029518|F|0-19:G>C-19:G>C,22147758.0,62476880.0,0.0009852099674729534
100052450|F|0-8:A>G-8:A>G,100044261|F|0-5:T>A-5:T>A,22147758.0,62476902.0,0.0005588028330105406
100052450|F|0-8:A>G-8:A>G,100017508|F|0-26:G>A-26:G>A,22147758.0,62494366.0,6.072437143883477e-06
100052450|F|0-8:A>G-8:A>G,100051794|F|0-60:T>C-60:T>C,22147758.0,62494371.0,0.0005292943258203813
100052450|F|0-8:A>G-8:A>G,100033227|F|0-6:A>G-6:A>G,22147758.0,62503297.0,4.637043540933687e-05
100052450|F|0-8:A>G-8:A>G,100015367|F|0-46:A>T-46:A>T,22147758.0,62730005.0,0.0017162198075206237
100052450|F|0-8:A>G-8:A>G,100016319|F|0-60:C>A-60:C>A,22147758.0,62905182.0,0.004044280300844444
100052450|F|0-8:A>G-8:A>G,100020253|F|0-17:T>C-17:T>C,22147758.0,63125496.0,0.0026371845859252015
100052450|F|0-8:A>G-8:A>G,100017121|F|0-19:C>T-19:C>T,22147758.0,63306572.0,0.012316900798104992
100052450|F|0-8:A>G-8:A>G,100021507|F|0-53:A>C-53:A>C,22147758.0,63642647.0,0.0014667227780614806
100052450|F|0-8:A>G-8:A>G,100019105|F|0-61:T>C-61:T>C,22147758.0,63665304.0,0.032083045543304975
100052450|F|0-8:A>G-8:A>G,100014627|F|0-15:C>G-15:C>G,22147758.0,64043609.0,0.00515329431682953
100052450|F|0-8:A>G-8:A>G,100033689|F|0-56:C>T-56:C>T,22147758.0,64044059.0,0.00044155596264777535
100052450|F|0-8:A>G-8:A>G,100046739|F|0-18:T>G-18:T>G,22147758.0,64189766.0,0.038625627957880146
100052450|F|0-8:A>G-8:A>G,100030110|F|0-28:T>C-28:T>C,22147758.0,64196475.0,0.05356196851908751
100052450|F|0-8:A>G-8:A>G,100016864|F|0-56:A>G-56:A>G,22147758.0,64720414.0,0.005197211572287624
100052450|F|0-8:A>G-8:A>G,100021392|F|0-51:G>A-51:G>A,22147758.0,64886887.0,0.037057646731961276
100034572|F|0-53:G>A-53:G>A,100018223|F|0-41:G>A-41:G>A,26973588.0,42850086.0,0.018838543530026848
100034572|F|0-53:G>A-53:G>A,100034540|F|0-15:G>A-15:G>A,26973588.0,42850367.0,0.03799062763373283
100034572|F|0-53:G>A-53:G>A,100017511|F|0-59:G>C-59:G>C,26973588.0,42850408.0,0.02583284206411436
100034572|F|0-53:G>A-53:G>A,100050114|F|0-27:G>A-27:G>A,26973588.0,43250010.0,0.007492857097133241
100034572|F|0-53:G>A-53:G>A,100016574|F|0-9:G>A-9:G>A,26973588.0,43529057.0,0.00735732157750507
100034572|F|0-53:G>A-53:G>A,100018496|F|0-32:T>G-32:T>G,26973588.0,43881573.0,0.0076309725543368305
100034572|F|0-53:G>A-53:G>A,100017598|F|0-46:C>G-46:C>G,26973588.0,45505408.0,0.007333010206345874
100034572|F|0-53:G>A-53:G>A,100021048|F|0-66:C>T-66:C>T,26973588.0,45555246.0,0.009492083444287784
100034572|F|0-53:G>A-53:G>A,100017454|F|0-9:A>G-9:A>G,26973588.0,45869241.0,0.012577740385674795
100034572|F|0-53:G>A-53:G>A,100018445|F|0-45:A>G-45:A>G,26973588.0,45885872.0,0.01413590922343866
100034572|F|0-53:G>A-53:G>A,100034159|F|0-24:A>G-24:A>G,26973588.0,46097671.0,0.020067567376067463
100034572|F|0-53:G>A-53:G>A,100017594|F|0-13:G>T-13:G>T,26973588.0,46097676.0,0.022682423573882022
100034572|F|0-53:G>A-53:G>A,100030376|F|0-12:T>C-12:T>C,26973588.0,47165949.0,0.022678956784682774
100034572|F|0-53:G>A-53:G>A,100034945|F|0-61:G>A-61:G>A,26973588.0,47171709.0,0.02267895678468279
100034572|F|0-53:G>A-53:G>A,100043426|F|0-30:G>A-30:G>A,26973588.0,47201903.0,0.017408598581315007
100034572|F|0-53:G>A-53:G>A,100015331|F|0-40:A>G-40:A>G,26973588.0,47228518.0,0.019473906305747166
100034572|F|0-53:G>A-53:G>A,100033028|F|0-17:A>C-17:A>C,26973588.0,47247609.0,0.013385844696883455
100034572|F|0-53:G>A-53:G>A,100014668|F|0-30:A>T-30:A>T,26973588.0,48841067.0,0.0012637390684473418
100034572|F|0-53:G>A-53:G>A,100019661|F|0-30:A>T-30:A>T,26973588.0,48965503.0,0.0013317493692032623
100034572|F|0-53:G>A-53:G>A,100035901|F|0-29:T>A-29:T>A,26973588.0,48989476.0,7.132600120431592e-05
100034572|F|0-53:G>A-53:G>A,100043126|F|0-48:T>A-48:T>A,26973588.0,49230618.0,0.020906361891540746
100034572|F|0-53:G>A-53:G>A,100044970|F|0-28:C>T-28:C>T,26973588.0,49340094.0,0.06307339449541287
100034572|F|0-53:G>A-53:G>A,100013964|F|0-14:T>G-14:T>G,26973588.0,49356602.0,0.08176758746497237
100034572|F|0-53:G>A-53:G>A,100020795|F|0-42:T>C-42:T>C,26973588.0,49358815.0,0.07444372021772777
100034572|F|0-53:G>A-53:G>A,100016185|F|0-62:C>T-62:C>T,26973588.0,49565807.0,0.022570782050202975
100034572|F|0-53:G>A-53:G>A,100033324|F|0-45:A>T-45:A>T,26973588.0,53523372.0,0.019833450040109828
100034572|F|0-53:G>A-53:G>A,100034432|F|0-24:T>A-24:T>A,26973588.0,53750135.0,0.011274320943677581
100034572|F|0-53:G>A-53:G>A,100056034|F|0-41:G>T-41:G>T,26973588.0,53750140.0,0.026322673111664023
100034572|F|0-53:G>A-53:G>A,100019249|F|0-36:C>A-36:C>A,26973588.0,54407017.0,0.006786093182593566
100034572|F|0-53:G>A-53:G>A,100013936|F|0-38:C>A-38:C>A,26973588.0,54572400.0,0.00539093217562255
100034572|F|0-53:G>A-53:G>A,100018265|F|0-5:C>T-5:C>T,26973588.0,56110897.0,0.0005200374350939473
100034572|F|0-53:G>A-53:G>A,100014526|F|0-10:T>C-10:T>C,26973588.0,56110902.0,0.012157988054109208
100034572|F|0-53:G>A-53:G>A,100030709|F|0-39:T>A-39:T>A,26973588.0,56193250.0,0.0005570010589502355
100034572|F|0-53:G>A-53:G>A,100033311|F|0-46:C>T-46:C>T,26973588.0,57009334.0,0.0012680839802399412
100034572|F|0-53:G>A-53:G>A,100034520|F|0-31:G>A-31:G>A,26973588.0,58309310.0,0.02186676800544855
100034572|F|0-53:G>A-53:G>A,100019390|F|0-56:C>T-56:C>T,26973588.0,58491205.0,0.00035160391588931835
100034572|F|0-53:G>A-53:G>A,100013048|F|0-58:C>T-58:C>T,26973588.0,58709443.0,0.015496475810914836
100034572|F|0-53:G>A-53:G>A,100041246|F|0-21:G>A-21:G>A,26973588.0,58719431.0,0.007249760319413047
100034572|F|0-53:G>A-53:G>A,100033981|F|0-18:C>A-18:C>A,26973588.0,58771602.0,0.022914402673928816
100034572|F|0-53:G>A-53:G>A,100021859|F|0-23:T>A-23:T>A,26973588.0,59249203.0,0.001633834031020542
100034572|F|0-53:G>A-53:G>A,100038389|F|0-45:C>T-45:C>T,26973588.0,59686561.0,0.018830303233973042
100034572|F|0-53:G>A-53:G>A,100015287|F|0-63:T>C-63:T>C,26973588.0,61485460.0,0.0017801139905883395
100034572|F|0-53:G>A-53:G>A,100013445|F|0-24:G>T-24:G>T,26973588.0,61602864.0,0.004452184603414871
100034572|F|0-53:G>A-53:G>A,100013879|F|0-63:G>A-63:G>A,26973588.0,61606253.0,0.0037982073399184567
100034572|F|0-53:G>A-53:G>A,100040047|F|0-6:G>A-6:G>A,26973588.0,61640208.0,0.0011529359198525152
100034572|F|0-53:G>A-53:G>A,100016920|F|0-66:T>A-66:T>A,26973588.0,61641379.0,0.0011959812138440955
100034572|F|0-53:G>A-53:G>A,100017079|F|0-12:A>G-12:A>G,26973588.0,61641384.0,0.0004998823806163298
100034572|F|0-53:G>A-53:G>A,100020360|F|0-56:A>G-56:A>G,26973588.0,61670176.0,0.0011493590491681873
100034572|F|0-53:G>A-53:G>A,100056174|F|0-11:G>A-11:G>A,26973588.0,61712285.0,0.0004281237658057809
100034572|F|0-53:G>A-53:G>A,100013722|F|0-6:A>G-6:A>G,26973588.0,61760543.0,0.0022493724783216244
100034572|F|0-53:G>A-53:G>A,100013153|F|0-63:C>A-63:C>A,26973588.0,61760548.0,0.005394944991593343
100034572|F|0-53:G>A-53:G>A,100040510|F|0-32:T>C-32:T>C,26973588.0,62326715.0,0.004213076390460844
100034572|F|0-53:G>A-53:G>A,100013356|F|0-7:G>A-7:G>A,26973588.0,62367252.0,0.007152825314692542
100034572|F|0-53:G>A-53:G>A,100014994|F|0-36:G>A-36:G>A,26973588.0,62444541.0,0.0017891053546088083
100034572|F|0-53:G>A-53:G>A,100020485|F|0-47:G>T-47:G>T,26973588.0,62444546.0,0.00496423126639466
100034572|F|0-53:G>A-53:G>A,100013478|F|0-51:G>A-51:G>A,26973588.0,62447789.0,0.0068018352390543345
100034572|F|0-53:G>A-53:G>A,100013529|F|0-11:C>G-11:C>G,26973588.0,62466983.0,0.007272466299056271
100034572|F|0-53:G>A-53:G>A,100029518|F|0-19:G>C-19:G>C,26973588.0,62476880.0,0.008415213731881251
100034572|F|0-53:G>A-53:G>A,100044261|F|0-5:T>A-5:T>A,26973588.0,62476902.0,0.002565424362268526
100034572|F|0-53:G>A-53:G>A,100017508|F|0-26:G>A-26:G>A,26973588.0,62494366.0,0.0017891053546088078
100034572|F|0-53:G>A-53:G>A,100051794|F|0-60:T>C-60:T>C,26973588.0,62494371.0,0.0017624567730425175
100034572|F|0-53:G>A-53:G>A,100033227|F|0-6:A>G-6:A>G,26973588.0,62503297.0,0.0004116372468814716
100034572|F|0-53:G>A-53:G>A,100015367|F|0-46:A>T-46:A>T,26973588.0,62730005.0,0.01414044009181955
100034572|F|0-53:G>A-53:G>A,100016319|F|0-60:C>A-60:C>A,26973588.0,62905182.0,7.795703336561058e-05
100034572|F|0-53:G>A-53:G>A,100020253|F|0-17:T>C-17:T>C,26973588.0,63125496.0,0.0007830550748736001
100034572|F|0-53:G>A-53:G>A,100017121|F|0-19:C>T-19:C>T,26973588.0,63306572.0,0.06857452204431363
100034572|F|0-53:G>A-53:G>A,100021507|F|0-53:A>C-53:A>C,26973588.0,63642647.0,0.020353383606801487
100034572|F|0-53:G>A-53:G>A,100019105|F|0-61:T>C-61:T>C,26973588.0,63665304.0,0.0014732737233446533
100034572|F|0-53:G>A-53:G>A,100014627|F|0-15:C>G-15:C>G,26973588.0,64043609.0,0.01271250228210076
100034572|F|0-53:G>A-53:G>A,100033689|F|0-56:C>T-56:C>T,26973588.0,64044059.0,0.016983810120719055
100034572|F|0-53:G>A-53:G>A,100046739|F|0-18:T>G-18:T>G,26973588.0,64189766.0,1.1402956406498542e-05
100034572|F|0-53:G>A-53:G>A,100030110|F|0-28:T>C-28:T>C,26973588.0,64196475.0,0.02149556422124957
100034572|F|0-53:G>A-53:G>A,100016864|F|0-56:A>G-56:A>G,26973588.0,64720414.0,0.004231845270373201
100034572|F|0-53:G>A-53:G>A,100021392|F|0-51:G>A-51:G>A,26973588.0,64886887.0,0.006799821091747875
100018223|F|0-41:G>A-41:G>A,100034540|F|0-15:G>A-15:G>A,42850086.0,42850367.0,0.9105375231908188
100018223|F|0-41:G>A-41:G>A,100017511|F|0-59:G>C-59:G>C,42850086.0,42850408.0,0.8841813453360544
100018223|F|0-41:G>A-41:G>A,100050114|F|0-27:G>A-27:G>A,42850086.0,43250010.0,0.09049971001179617
100018223|F|0-41:G>A-41:G>A,100016574|F|0-9:G>A-9:G>A,42850086.0,43529057.0,0.1054394404584036
100018223|F|0-41:G>A-41:G>A,100018496|F|0-32:T>G-32:T>G,42850086.0,43881573.0,0.09363580496583117
100018223|F|0-41:G>A-41:G>A,100017598|F|0-46:C>G-46:C>G,42850086.0,45505408.0,0.05167983630059295
100018223|F|0-41:G>A-41:G>A,100021048|F|0-66:C>T-66:C>T,42850086.0,45555246.0,0.07251466097373117
100018223|F|0-41:G>A-41:G>A,100017454|F|0-9:A>G-9:A>G,42850086.0,45869241.0,0.01298187728438122
100018223|F|0-41:G>A-41:G>A,100018445|F|0-45:A>G-45:A>G,42850086.0,45885872.0,0.015917053904752378
100018223|F|0-41:G>A-41:G>A,100034159|F|0-24:A>G-24:A>G,42850086.0,46097671.0,0.0007775253986870409
100018223|F|0-41:G>A-41:G>A,100017594|F|0-13:G>T-13:G>T,42850086.0,46097676.0,0.004333188856129452
100018223|F|0-41:G>A-41:G>A,100030376|F|0-12:T>C-12:T>C,42850086.0,47165949.0,0.014634159443022042
100018223|F|0-41:G>A-41:G>A,100034945|F|0-61:G>A-61:G>A,42850086.0,47171709.0,0.02963990564498281
100018223|F|0-41:G>A-41:G>A,100043426|F|0-30:G>A-30:G>A,42850086.0,47201903.0,0.005796504594119064
100018223|F|0-41:G>A-41:G>A,100015331|F|0-40:A>G-40:A>G,42850086.0,47228518.0,0.007952016321339617
100018223|F|0-41:G>A-41:G>A,100033028|F|0-17:A>C-17:A>C,42850086.0,47247609.0,0.006744219240650871
100018223|F|0-41:G>A-41:G>A,100014668|F|0-30:A>T-30:A>T,42850086.0,48841067.0,0.0029160407901998166
100018223|F|0-41:G>A-41:G>A,100019661|F|0-30:A>T-30:A>T,42850086.0,48965503.0,0.02709676608532293
100018223|F|0-41:G>A-41:G>A,100035901|F|0-29:T>A-29:T>A,42850086.0,48989476.0,0.04387755673208477
100018223|F|0-41:G>A-41:G>A,100043126|F|0-48:T>A-48:T>A,42850086.0,49230618.0,0.04544518551004978
100018223|F|0-41:G>A-41:G>A,100044970|F|0-28:C>T-28:C>T,42850086.0,49340094.0,0.03717521416636462
100018223|F|0-41:G>A-41:G>A,100013964|F|0-14:T>G-14:T>G,42850086.0,49356602.0,0.028446651373166064
100018223|F|0-41:G>A-41:G>A,100020795|F|0-42:T>C-42:T>C,42850086.0,49358815.0,0.024229916220244493
100018223|F|0-41:G>A-41:G>A,100016185|F|0-62:C>T-62:C>T,42850086.0,49565807.0,0.025348966005172884
100018223|F|0-41:G>A-41:G>A,100033324|F|0-45:A>T-45:A>T,42850086.0,53523372.0,0.00029151056107687054
100018223|F|0-41:G>A-41:G>A,100034432|F|0-24:T>A-24:T>A,42850086.0,53750135.0,0.028601198541672
100018223|F|0-41:G>A-41:G>A,100056034|F|0-41:G>T-41:G>T,42850086.0,53750140.0,0.03964736307103567
100018223|F|0-41:G>A-41:G>A,100019249|F|0-36:C>A-36:C>A,42850086.0,54407017.0,0.027252035872662412
100018223|F|0-41:G>A-41:G>A,100013936|F|0-38:C>A-38:C>A,42850086.0,54572400.0,0.011812931754560246
100018223|F|0-41:G>A-41:G>A,100018265|F|0-5:C>T-5:C>T,42850086.0,56110897.0,0.005234017801298024
100018223|F|0-41:G>A-41:G>A,100014526|F|0-10:T>C-10:T>C,42850086.0,56110902.0,0.001840532593567212
100018223|F|0-41:G>A-41:G>A,100030709|F|0-39:T>A-39:T>A,42850086.0,56193250.0,0.00043621734933335687
100018223|F|0-41:G>A-41:G>A,100033311|F|0-46:C>T-46:C>T,42850086.0,57009334.0,0.003609303715714846
100018223|F|0-41:G>A-41:G>A,100034520|F|0-31:G>A-31:G>A,42850086.0,58309310.0,0.0001986892815017121
100018223|F|0-41:G>A-41:G>A,100019390|F|0-56:C>T-56:C>T,42850086.0,58491205.0,0.005038915285109144
100018223|F|0-41:G>A-41:G>A,100013048|F|0-58:C>T-58:C>T,42850086.0,58709443.0,0.01126281489719231
100018223|F|0-41:G>A-41:G>A,100041246|F|0-21:G>A-21:G>A,42850086.0,58719431.0,0.043529898925856556
100018223|F|0-41:G>A-41:G>A,100033981|F|0-18:C>A-18:C>A,42850086.0,58771602.0,0.06035135496730835
100018223|F|0-41:G>A-41:G>A,100021859|F|0-23:T>A-23:T>A,42850086.0,59249203.0,0.00740860337304224
100018223|F|0-41:G>A-41:G>A,100038389|F|0-45:C>T-45:C>T,42850086.0,59686561.0,0.0067826540645756885
100018223|F|0-41:G>A-41:G>A,100015287|F|0-63:T>C-63:T>C,42850086.0,61485460.0,0.014032940649572308
100018223|F|0-41:G>A-41:G>A,100013445|F|0-24:G>T-24:G>T,42850086.0,61602864.0,0.0013852096390637315
100018223|F|0-41:G>A-41:G>A,100013879|F|0-63:G>A-63:G>A,42850086.0,61606253.0,0.00016800299045323112
100018223|F|0-41:G>A-41:G>A,100040047|F|0-6:G>A-6:G>A,42850086.0,61640208.0,0.010585821572524776
100018223|F|0-41:G>A-41:G>A,100016920|F|0-66:T>A-66:T>A,42850086.0,61641379.0,0.0324986693815242
100018223|F|0-41:G>A-41:G>A,100017079|F|0-12:A>G-12:A>G,42850086.0,61641384.0,0.0013943630549565025
100018223|F|0-41:G>A-41:G>A,100020360|F|0-56:A>G-56:A>G,42850086.0,61670176.0,0.0031100418277638063
100018223|F|0-41:G>A-41:G>A,100056174|F|0-11:G>A-11:G>A,42850086.0,61712285.0,0.0018486716964938128
100018223|F|0-41:G>A-41:G>A,100013722|F|0-6:A>G-6:A>G,42850086.0,61760543.0,0.00996807063878433
100018223|F|0-41:G>A-41:G>A,100013153|F|0-63:C>A-63:C>A,42850086.0,61760548.0,0.014598140236928733
100018223|F|0-41:G>A-41:G>A,100040510|F|0-32:T>C-32:T>C,42850086.0,62326715.0,0.001461011855067623
100018223|F|0-41:G>A-41:G>A,100013356|F|0-7:G>A-7:G>A,42850086.0,62367252.0,0.012827233202799807
100018223|F|0-41:G>A-41:G>A,100014994|F|0-36:G>A-36:G>A,42850086.0,62444541.0,0.053153583005879586
100018223|F|0-41:G>A-41:G>A,100020485|F|0-47:G>T-47:G>T,42850086.0,62444546.0,0.058918854982909837
100018223|F|0-41:G>A-41:G>A,100013478|F|0-51:G>A-51:G>A,42850086.0,62447789.0,0.058690734449171514
100018223|F|0-41:G>A-41:G>A,100013529|F|0-11:C>G-11:C>G,42850086.0,62466983.0,0.05384195075960491
100018223|F|0-41:G>A-41:G>A,100029518|F|0-19:G>C-19:G>C,42850086.0,62476880.0,0.04036733451591618
100018223|F|0-41:G>A-41:G>A,100044261|F|0-5:T>A-5:T>A,42850086.0,62476902.0,0.043514116781304985
100018223|F|0-41:G>A-41:G>A,100017508|F|0-26:G>A-26:G>A,42850086.0,62494366.0,0.06452908200251287
100018223|F|0-41:G>A-41:G>A,100051794|F|0-60:T>C-60:T>C,42850086.0,62494371.0,0.06570803030980035
100018223|F|0-41:G>A-41:G>A,100033227|F|0-6:A>G-6:A>G,42850086.0,62503297.0,0.06895656533185382
100018223|F|0-41:G>A-41:G>A,100015367|F|0-46:A>T-46:A>T,42850086.0,62730005.0,0.0057812950851511965
100018223|F|0-41:G>A-41:G>A,100016319|F|0-60:C>A-60:C>A,42850086.0,62905182.0,0.017875518184223678
100018223|F|0-41:G>A-41:G>A,100020253|F|0-17:T>C-17:T>C,42850086.0,63125496.0,0.0038186446842041507
100018223|F|0-41:G>A-41:G>A,100017121|F|0-19:C>T-19:C>T,42850086.0,63306572.0,0.00047187186004580254
100018223|F|0-41:G>A-41:G>A,100021507|F|0-53:A>C-53:A>C,42850086.0,63642647.0,0.005532771078981882
100018223|F|0-41:G>A-41:G>A,100019105|F|0-61:T>C-61:T>C,42850086.0,63665304.0,0.015155193087179289
100018223|F|0-41:G>A-41:G>A,100014627|F|0-15:C>G-15:C>G,42850086.0,64043609.0,0.0026396940364782004
100018223|F|0-41:G>A-41:G>A,100033689|F|0-56:C>T-56:C>T,42850086.0,64044059.0,0.008648194409888529
100018223|F|0-41:G>A-41:G>A,100046739|F|0-18:T>G-18:T>G,42850086.0,64189766.0,0.001430194263562019
100018223|F|0-41:G>A-41:G>A,100030110|F|0-28:T>C-28:T>C,42850086.0,64196475.0,3.819403332811351e-06
100018223|F|0-41:G>A-41:G>A,100016864|F|0-56:A>G-56:A>G,42850086.0,64720414.0,0.03675925907855408
100018223|F|0-41:G>A-41:G>A,100021392|F|0-51:G>A-51:G>A,42850086.0,64886887.0,0.04300546694100748
100034540|F|0-15:G>A-15:G>A,100017511|F|0-59:G>C-59:G>C,42850367.0,42850408.0,0.8540097352845506
100034540|F|0-15:G>A-15:G>A,100050114|F|0-27:G>A-27:G>A,42850367.0,43250010.0,0.10464766374757582
100034540|F|0-15:G>A-15:G>A,100016574|F|0-9:G>A-9:G>A,42850367.0,43529057.0,0.09920538269500091
100034540|F|0-15:G>A-15:G>A,100018496|F|0-32:T>G-32:T>G,42850367.0,43881573.0,0.09703795929335475
100034540|F|0-15:G>A-15:G>A,100017598|F|0-46:C>G-46:C>G,42850367.0,45505408.0,0.06529140372567524
100034540|F|0-15:G>A-15:G>A,100021048|F|0-66:C>T-66:C>T,42850367.0,45555246.0,0.08974585116998451
100034540|F|0-15:G>A-15:G>A,100017454|F|0-9:A>G-9:A>G,42850367.0,45869241.0,0.014870637300195206
100034540|F|0-15:G>A-15:G>A,100018445|F|0-45:A>G-45:A>G,42850367.0,45885872.0,0.018370739550495577
100034540|F|0-15:G>A-15:G>A,100034159|F|0-24:A>G-24:A>G,42850367.0,46097671.0,0.007717490860965619
100034540|F|0-15:G>A-15:G>A,100017594|F|0-13:G>T-13:G>T,42850367.0,46097676.0,0.009461302395276637
100034540|F|0-15:G>A-15:G>A,100030376|F|0-12:T>C-12:T>C,42850367.0,47165949.0,0.015784040112470962
100034540|F|0-15:G>A-15:G>A,100034945|F|0-61:G>A-61:G>A,42850367.0,47171709.0,0.03180121534855205
100034540|F|0-15:G>A-15:G>A,100043426|F|0-30:G>A-30:G>A,42850367.0,47201903.0,0.006751533506826321
100034540|F|0-15:G>A-15:G>A,100015331|F|0-40:A>G-40:A>G,42850367.0,47228518.0,0.009076861108898854
100034540|F|0-15:G>A-15:G>A,100033028|F|0-17:A>C-17:A>C,42850367.0,47247609.0,0.007607184783469821
100034540|F|0-15:G>A-15:G>A,100014668|F|0-30:A>T-30:A>T,42850367.0,48841067.0,0.009619075496813491
100034540|F|0-15:G>A-15:G>A,100019661|F|0-30:A>T-30:A>T,42850367.0,48965503.0,0.03129388627866054
100034540|F|0-15:G>A-15:G>A,100035901|F|0-29:T>A-29:T>A,42850367.0,48989476.0,0.0613465876811585
100034540|F|0-15:G>A-15:G>A,100043126|F|0-48:T>A-48:T>A,42850367.0,49230618.0,0.05320692597824037
100034540|F|0-15:G>A-15:G>A,100044970|F|0-28:C>T-28:C>T,42850367.0,49340094.0,0.04428884912809893
100034540|F|0-15:G>A-15:G>A,100013964|F|0-14:T>G-14:T>G,42850367.0,49356602.0,0.03440954774416805
100034540|F|0-15:G>A-15:G>A,100020795|F|0-42:T>C-42:T>C,42850367.0,49358815.0,0.04204249332397258
100034540|F|0-15:G>A-15:G>A,100016185|F|0-62:C>T-62:C>T,42850367.0,49565807.0,0.02841402931655921
100034540|F|0-15:G>A-15:G>A,100033324|F|0-45:A>T-45:A>T,42850367.0,53523372.0,0.0040319359316285915
100034540|F|0-15:G>A-15:G>A,100034432|F|0-24:T>A-24:T>A,42850367.0,53750135.0,0.03392176513981824
100034540|F|0-15:G>A-15:G>A,100056034|F|0-41:G>T-41:G>T,42850367.0,53750140.0,0.032279337034862826
100034540|F|0-15:G>A-15:G>A,100019249|F|0-36:C>A-36:C>A,42850367.0,54407017.0,0.020674941485578746
100034540|F|0-15:G>A-15:G>A,100013936|F|0-38:C>A-38:C>A,42850367.0,54572400.0,0.009389894657209838
100034540|F|0-15:G>A-15:G>A,100018265|F|0-5:C>T-5:C>T,42850367.0,56110897.0,0.008989037862320881
100034540|F|0-15:G>A-15:G>A,100014526|F|0-10:T>C-10:T>C,42850367.0,56110902.0,0.00812046014582477
100034540|F|0-15:G>A-15:G>A,100030709|F|0-39:T>A-39:T>A,42850367.0,56193250.0,0.0001356169044465238
100034540|F|0-15:G>A-15:G>A,100033311|F|0-46:C>T-46:C>T,42850367.0,57009334.0,0.0012035331547220359
100034540|F|0-15:G>A-15:G>A,100034520|F|0-31:G>A-31:G>A,42850367.0,58309310.0,0.0010999298699227924
100034540|F|0-15:G>A-15:G>A,100019390|F|0-56:C>T-56:C>T,42850367.0,58491205.0,0.014249058798881374
100034540|F|0-15:G>A-15:G>A,100013048|F|0-58:C>T-58:C>T,42850367.0,58709443.0,0.01060643537985938
100034540|F|0-15:G>A-15:G>A,100041246|F|0-21:G>A-21:G>A,42850367.0,58719431.0,0.08051690028457749
100034540|F|0-15:G>A-15:G>A,100033981|F|0-18:C>A-18:C>A,42850367.0,58771602.0,0.03966593592182714
100034540|F|0-15:G>A-15:G>A,100021859|F|0-23:T>A-23:T>A,42850367.0,59249203.0,0.009558439096298383
100034540|F|0-15:G>A-15:G>A,100038389|F|0-45:C>T-45:C>T,42850367.0,59686561.0,0.005145706418311902
100034540|F|0-15:G>A-15:G>A,100015287|F|0-63:T>C-63:T>C,42850367.0,61485460.0,0.014208683873021802
100034540|F|0-15:G>A-15:G>A,100013445|F|0-24:G>T-24:G>T,42850367.0,61602864.0,0.0013269620222207085
100034540|F|0-15:G>A-15:G>A,100013879|F|0-63:G>A-63:G>A,42850367.0,61606253.0,0.0012266546207884903
100034540|F|0-15:G>A-15:G>A,100040047|F|0-6:G>A-6:G>A,42850367.0,61640208.0,0.014420781057641397
100034540|F|0-15:G>A-15:G>A,100016920|F|0-66:T>A-66:T>A,42850367.0,61641379.0,0.030487349732855225
100034540|F|0-15:G>A-15:G>A,100017079|F|0-12:A>G-12:A>G,42850367.0,61641384.0,0.005714576520494324
100034540|F|0-15:G>A-15:G>A,100020360|F|0-56:A>G-56:A>G,42850367.0,61670176.0,0.009305084238001953
100034540|F|0-15:G>A-15:G>A,100056174|F|0-11:G>A-11:G>A,42850367.0,61712285.0,0.0001399881403737302
100034540|F|0-15:G>A-15:G>A,100013722|F|0-6:A>G-6:A>G,42850367.0,61760543.0,0.018035352804550417
100034540|F|0-15:G>A-15:G>A,100013153|F|0-63:C>A-63:C>A,42850367.0,61760548.0,0.024037055555031488
100034540|F|0-15:G>A-15:G>A,100040510|F|0-32:T>C-32:T>C,42850367.0,62326715.0,0.0018976133907922534
100034540|F|0-15:G>A-15:G>A,100013356|F|0-7:G>A-7:G>A,42850367.0,62367252.0,0.009731467297670559
100034540|F|0-15:G>A-15:G>A,100014994|F|0-36:G>A-36:G>A,42850367.0,62444541.0,0.054882664696973345
100034540|F|0-15:G>A-15:G>A,100020485|F|0-47:G>T-47:G>T,42850367.0,62444546.0,0.06126720821511019
100034540|F|0-15:G>A-15:G>A,100013478|F|0-51:G>A-51:G>A,42850367.0,62447789.0,0.06056194634562253
100034540|F|0-15:G>A-15:G>A,100013529|F|0-11:C>G-11:C>G,42850367.0,62466983.0,0.03691095167277812
100034540|F|0-15:G>A-15:G>A,100029518|F|0-19:G>C-19:G>C,42850367.0,62476880.0,0.025981718196745187
100034540|F|0-15:G>A-15:G>A,100044261|F|0-5:T>A-5:T>A,42850367.0,62476902.0,0.028164871830908794
100034540|F|0-15:G>A-15:G>A,100017508|F|0-26:G>A-26:G>A,42850367.0,62494366.0,0.06678875452782748
100034540|F|0-15:G>A-15:G>A,100051794|F|0-60:T>C-60:T>C,42850367.0,62494371.0,0.06755190194573985
100034540|F|0-15:G>A-15:G>A,100033227|F|0-6:A>G-6:A>G,42850367.0,62503297.0,0.0713446263756115
100034540|F|0-15:G>A-15:G>A,100015367|F|0-46:A>T-46:A>T,42850367.0,62730005.0,0.017061570119039263
100034540|F|0-15:G>A-15:G>A,100016319|F|0-60:C>A-60:C>A,42850367.0,62905182.0,0.010654371563419992
100034540|F|0-15:G>A-15:G>A,100020253|F|0-17:T>C-17:T>C,42850367.0,63125496.0,0.0031402251603372625
100034540|F|0-15:G>A-15:G>A,100017121|F|0-19:C>T-19:C>T,42850367.0,63306572.0,0.011717220545028788
100034540|F|0-15:G>A-15:G>A,100021507|F|0-53:A>C-53:A>C,42850367.0,63642647.0,0.0046007531874012525
100034540|F|0-15:G>A-15:G>A,100019105|F|0-61:T>C-61:T>C,42850367.0,63665304.0,0.013533948805767167
100034540|F|0-15:G>A-15:G>A,100014627|F|0-15:C>G-15:C>G,42850367.0,64043609.0,0.009992504945756254
100034540|F|0-15:G>A-15:G>A,100033689|F|0-56:C>T-56:C>T,42850367.0,64044059.0,0.02024633102998806
100034540|F|0-15:G>A-15:G>A,100046739|F|0-18:T>G-18:T>G,42850367.0,64189766.0,0.0020214020906660765
100034540|F|0-15:G>A-15:G>A,100030110|F|0-28:T>C-28:T>C,42850367.0,64196475.0,8.195344639536538e-05
100034540|F|0-15:G>A-15:G>A,100016864|F|0-56:A>G-56:A>G,42850367.0,64720414.0,0.03562585480745118
100034540|F|0-15:G>A-15:G>A,100021392|F|0-51:G>A-51:G>A,42850367.0,64886887.0,0.05405084168854718
100017511|F|0-59:G>C-59:G>C,100050114|F|0-27:G>A-27:G>A,42850408.0,43250010.0,0.09403649153799837
100017511|F|0-59:G>C-59:G>C,100016574|F|0-9:G>A-9:G>A,42850408.0,43529057.0,0.11058230219047055
100017511|F|0-59:G>C-59:G>C,100018496|F|0-32:T>G-32:T>G,42850408.0,43881573.0,0.08377337766803888
100017511|F|0-59:G>C-59:G>C,100017598|F|0-46:C>G-46:C>G,42850408.0,45505408.0,0.04441488824556824
100017511|F|0-59:G>C-59:G>C,100021048|F|0-66:C>T-66:C>T,42850408.0,45555246.0,0.06344551833143483
100017511|F|0-59:G>C-59:G>C,100017454|F|0-9:A>G-9:A>G,42850408.0,45869241.0,0.01674243031949488
100017511|F|0-59:G>C-59:G>C,100018445|F|0-45:A>G-45:A>G,42850408.0,45885872.0,0.019805806469357826
100017511|F|0-59:G>C-59:G>C,100034159|F|0-24:A>G-24:A>G,42850408.0,46097671.0,0.0004037368363050169
100017511|F|0-59:G>C-59:G>C,100017594|F|0-13:G>T-13:G>T,42850408.0,46097676.0,0.0035054815648542597
100017511|F|0-59:G>C-59:G>C,100030376|F|0-12:T>C-12:T>C,42850408.0,47165949.0,0.014252457744845995
100017511|F|0-59:G>C-59:G>C,100034945|F|0-61:G>A-61:G>A,42850408.0,47171709.0,0.02917906030998204
100017511|F|0-59:G>C-59:G>C,100043426|F|0-30:G>A-30:G>A,42850408.0,47201903.0,0.004772973204759239
100017511|F|0-59:G>C-59:G>C,100015331|F|0-40:A>G-40:A>G,42850408.0,47228518.0,0.006857171790069242
100017511|F|0-59:G>C-59:G>C,100033028|F|0-17:A>C-17:A>C,42850408.0,47247609.0,0.005971618941748852
100017511|F|0-59:G>C-59:G>C,100014668|F|0-30:A>T-30:A>T,42850408.0,48841067.0,0.002732121374104698
100017511|F|0-59:G>C-59:G>C,100019661|F|0-30:A>T-30:A>T,42850408.0,48965503.0,0.03148172340732833
100017511|F|0-59:G>C-59:G>C,100035901|F|0-29:T>A-29:T>A,42850408.0,48989476.0,0.03975737731121858
100017511|F|0-59:G>C-59:G>C,100043126|F|0-48:T>A-48:T>A,42850408.0,49230618.0,0.05101311355637203
100017511|F|0-59:G>C-59:G>C,100044970|F|0-28:C>T-28:C>T,42850408.0,49340094.0,0.04083623778901388
100017511|F|0-59:G>C-59:G>C,100013964|F|0-14:T>G-14:T>G,42850408.0,49356602.0,0.043049576101763895
100017511|F|0-59:G>C-59:G>C,100020795|F|0-42:T>C-42:T>C,42850408.0,49358815.0,0.026686968097605086
100017511|F|0-59:G>C-59:G>C,100016185|F|0-62:C>T-62:C>T,42850408.0,49565807.0,0.022755341273605043
100017511|F|0-59:G>C-59:G>C,100033324|F|0-45:A>T-45:A>T,42850408.0,53523372.0,0.00698268230187649
100017511|F|0-59:G>C-59:G>C,100034432|F|0-24:T>A-24:T>A,42850408.0,53750135.0,0.0358032856924328
100017511|F|0-59:G>C-59:G>C,100056034|F|0-41:G>T-41:G>T,42850408.0,53750140.0,0.02902805942052909
100017511|F|0-59:G>C-59:G>C,100019249|F|0-36:C>A-36:C>A,42850408.0,54407017.0,0.017513886717071627
100017511|F|0-59:G>C-59:G>C,100013936|F|0-38:C>A-38:C>A,42850408.0,54572400.0,0.012122319861655588
100017511|F|0-59:G>C-59:G>C,100018265|F|0-5:C>T-5:C>T,42850408.0,56110897.0,2.0989460798457085e-05
100017511|F|0-59:G>C-59:G>C,100014526|F|0-10:T>C-10:T>C,42850408.0,56110902.0,4.886299105912913e-05
100017511|F|0-59:G>C-59:G>C,100030709|F|0-39:T>A-39:T>A,42850408.0,56193250.0,0.004611978418024031
100017511|F|0-59:G>C-59:G>C,100033311|F|0-46:C>T-46:C>T,42850408.0,57009334.0,0.003297026303376728
100017511|F|0-59:G>C-59:G>C,100034520|F|0-31:G>A-31:G>A,42850408.0,58309310.0,0.00012383437624090252
100017511|F|0-59:G>C-59:G>C,100019390|F|0-56:C>T-56:C>T,42850408.0,58491205.0,0.004700112963763889
100017511|F|0-59:G>C-59:G>C,100013048|F|0-58:C>T-58:C>T,42850408.0,58709443.0,0.005508671678401608
100017511|F|0-59:G>C-59:G>C,100041246|F|0-21:G>A-21:G>A,42850408.0,58719431.0,0.03579363136081487
100017511|F|0-59:G>C-59:G>C,100033981|F|0-18:C>A-18:C>A,42850408.0,58771602.0,0.044406098167339564
100017511|F|0-59:G>C-59:G>C,100021859|F|0-23:T>A-23:T>A,42850408.0,59249203.0,0.004704716991900311
100017511|F|0-59:G>C-59:G>C,100038389|F|0-45:C>T-45:C>T,42850408.0,59686561.0,0.002279150332755948
100017511|F|0-59:G>C-59:G>C,100015287|F|0-63:T>C-63:T>C,42850408.0,61485460.0,0.009794214187802802
100017511|F|0-59:G>C-59:G>C,100013445|F|0-24:G>T-24:G>T,42850408.0,61602864.0,7.366299779837959e-05
100017511|F|0-59:G>C-59:G>C,100013879|F|0-63:G>A-63:G>A,42850408.0,61606253.0,0.00026501748055301653
100017511|F|0-59:G>C-59:G>C,100040047|F|0-6:G>A-6:G>A,42850408.0,61640208.0,0.0057308693463977356
100017511|F|0-59:G>C-59:G>C,100016920|F|0-66:T>A-66:T>A,42850408.0,61641379.0,0.02339264625819575
100017511|F|0-59:G>C-59:G>C,100017079|F|0-12:A>G-12:A>G,42850408.0,61641384.0,0.00015641227773815288
100017511|F|0-59:G>C-59:G>C,100020360|F|0-56:A>G-56:A>G,42850408.0,61670176.0,0.0027781131089282722
100017511|F|0-59:G>C-59:G>C,100056174|F|0-11:G>A-11:G>A,42850408.0,61712285.0,0.004339063131209641
100017511|F|0-59:G>C-59:G>C,100013722|F|0-6:A>G-6:A>G,42850408.0,61760543.0,0.006212664319632506
100017511|F|0-59:G>C-59:G>C,100013153|F|0-63:C>A-63:C>A,42850408.0,61760548.0,0.01020661794141217
100017511|F|0-59:G>C-59:G>C,100040510|F|0-32:T>C-32:T>C,42850408.0,62326715.0,0.0031625898544268075
100017511|F|0-59:G>C-59:G>C,100013356|F|0-7:G>A-7:G>A,42850408.0,62367252.0,0.009377570458243483
100017511|F|0-59:G>C-59:G>C,100014994|F|0-36:G>A-36:G>A,42850408.0,62444541.0,0.03626581719763003
100017511|F|0-59:G>C-59:G>C,100020485|F|0-47:G>T-47:G>T,42850408.0,62444546.0,0.040095811909902974
100017511|F|0-59:G>C-59:G>C,100013478|F|0-51:G>A-51:G>A,42850408.0,62447789.0,0.04119764510158894
100017511|F|0-59:G>C-59:G>C,100013529|F|0-11:C>G-11:C>G,42850408.0,62466983.0,0.049733378040734195
100017511|F|0-59:G>C-59:G>C,100029518|F|0-19:G>C-19:G>C,42850408.0,62476880.0,0.04658840267500226
100017511|F|0-59:G>C-59:G>C,100044261|F|0-5:T>A-5:T>A,42850408.0,62476902.0,0.04023978982672129
100017511|F|0-59:G>C-59:G>C,100017508|F|0-26:G>A-26:G>A,42850408.0,62494366.0,0.045805884308215535
100017511|F|0-59:G>C-59:G>C,100051794|F|0-60:T>C-60:T>C,42850408.0,62494371.0,0.04680739843471173
100017511|F|0-59:G>C-59:G>C,100033227|F|0-6:A>G-6:A>G,42850408.0,62503297.0,0.04888141663329627
100017511|F|0-59:G>C-59:G>C,100015367|F|0-46:A>T-46:A>T,42850408.0,62730005.0,0.004945820217476844
100017511|F|0-59:G>C-59:G>C,100016319|F|0-60:C>A-60:C>A,42850408.0,62905182.0,0.013816951366112119
100017511|F|0-59:G>C-59:G>C,100020253|F|0-17:T>C-17:T>C,42850408.0,63125496.0,0.002379994929671057
100017511|F|0-59:G>C-59:G>C,100017121|F|0-19:C>T-19:C>T,42850408.0,63306572.0,0.0013474716859992978
100017511|F|0-59:G>C-59:G>C,100021507|F|0-53:A>C-53:A>C,42850408.0,63642647.0,0.0028313080871041766
100017511|F|0-59:G>C-59:G>C,100019105|F|0-61:T>C-61:T>C,42850408.0,63665304.0,0.011118494200619737
100017511|F|0-59:G>C-59:G>C,100014627|F|0-15:C>G-15:C>G,42850408.0,64043609.0,0.004557243268484103
100017511|F|0-59:G>C-59:G>C,100033689|F|0-56:C>T-56:C>T,42850408.0,64044059.0,0.00688813420147181
100017511|F|0-59:G>C-59:G>C,100046739|F|0-18:T>G-18:T>G,42850408.0,64189766.0,0.0006877141767078855
100017511|F|0-59:G>C-59:G>C,100030110|F|0-28:T>C-28:T>C,42850408.0,64196475.0,0.00013881471513099708
100017511|F|0-59:G>C-59:G>C,100016864|F|0-56:A>G-56:A>G,42850408.0,64720414.0,0.043870348179145965
100017511|F|0-59:G>C-59:G>C,100021392|F|0-51:G>A-51:G>A,42850408.0,64886887.0,0.06260383953693628
100050114|F|0-27:G>A-27:G>A,100016574|F|0-9:G>A-9:G>A,43250010.0,43529057.0,0.8657405267436369
100050114|F|0-27:G>A-27:G>A,100018496|F|0-32:T>G-32:T>G,43250010.0,43881573.0,0.28353534159187227
100050114|F|0-27:G>A-27:G>A,100017598|F|0-46:C>G-46:C>G,43250010.0,45505408.0,0.24681279813385654
100050114|F|0-27:G>A-27:G>A,100021048|F|0-66:C>T-66:C>T,43250010.0,45555246.0,0.3038873769984756
100050114|F|0-27:G>A-27:G>A,100017454|F|0-9:A>G-9:A>G,43250010.0,45869241.0,0.06675720750205014
100050114|F|0-27:G>A-27:G>A,100018445|F|0-45:A>G-45:A>G,43250010.0,45885872.0,0.08284709702551317
100050114|F|0-27:G>A-27:G>A,100034159|F|0-24:A>G-24:A>G,43250010.0,46097671.0,0.06437837612237861
100050114|F|0-27:G>A-27:G>A,100017594|F|0-13:G>T-13:G>T,43250010.0,46097676.0,0.03918163892599685
100050114|F|0-27:G>A-27:G>A,100030376|F|0-12:T>C-12:T>C,43250010.0,47165949.0,0.014866146784487286
100050114|F|0-27:G>A-27:G>A,100034945|F|0-61:G>A-61:G>A,43250010.0,47171709.0,0.022065508188500286
100050114|F|0-27:G>A-27:G>A,100043426|F|0-30:G>A-30:G>A,43250010.0,47201903.0,0.023434153453908296
100050114|F|0-27:G>A-27:G>A,100015331|F|0-40:A>G-40:A>G,43250010.0,47228518.0,0.01960690566322495
100050114|F|0-27:G>A-27:G>A,100033028|F|0-17:A>C-17:A>C,43250010.0,47247609.0,0.017672466413593827
100050114|F|0-27:G>A-27:G>A,100014668|F|0-30:A>T-30:A>T,43250010.0,48841067.0,0.01295714736256764
100050114|F|0-27:G>A-27:G>A,100019661|F|0-30:A>T-30:A>T,43250010.0,48965503.0,0.0025004606687732524
100050114|F|0-27:G>A-27:G>A,100035901|F|0-29:T>A-29:T>A,43250010.0,48989476.0,0.001448792117393016
100050114|F|0-27:G>A-27:G>A,100043126|F|0-48:T>A-48:T>A,43250010.0,49230618.0,0.4208682768768162
100050114|F|0-27:G>A-27:G>A,100044970|F|0-28:C>T-28:C>T,43250010.0,49340094.0,0.42913055456137617
100050114|F|0-27:G>A-27:G>A,100013964|F|0-14:T>G-14:T>G,43250010.0,49356602.0,0.42239670397275686
100050114|F|0-27:G>A-27:G>A,100020795|F|0-42:T>C-42:T>C,43250010.0,49358815.0,0.4719839390694384
100050114|F|0-27:G>A-27:G>A,100016185|F|0-62:C>T-62:C>T,43250010.0,49565807.0,0.11098472248476444
100050114|F|0-27:G>A-27:G>A,100033324|F|0-45:A>T-45:A>T,43250010.0,53523372.0,0.0012280395273284272
100050114|F|0-27:G>A-27:G>A,100034432|F|0-24:T>A-24:T>A,43250010.0,53750135.0,0.002849035700563839
100050114|F|0-27:G>A-27:G>A,100056034|F|0-41:G>T-41:G>T,43250010.0,53750140.0,0.1613075862553531
100050114|F|0-27:G>A-27:G>A,100019249|F|0-36:C>A-36:C>A,43250010.0,54407017.0,0.06911423277480672
100050114|F|0-27:G>A-27:G>A,100013936|F|0-38:C>A-38:C>A,43250010.0,54572400.0,0.004223126425342615
100050114|F|0-27:G>A-27:G>A,100018265|F|0-5:C>T-5:C>T,43250010.0,56110897.0,0.02040871381654655
100050114|F|0-27:G>A-27:G>A,100014526|F|0-10:T>C-10:T>C,43250010.0,56110902.0,0.02643366680574984
100050114|F|0-27:G>A-27:G>A,100030709|F|0-39:T>A-39:T>A,43250010.0,56193250.0,0.02009359862529153
100050114|F|0-27:G>A-27:G>A,100033311|F|0-46:C>T-46:C>T,43250010.0,57009334.0,0.0006048866602808668
100050114|F|0-27:G>A-27:G>A,100034520|F|0-31:G>A-31:G>A,43250010.0,58309310.0,0.012452846978822063
100050114|F|0-27:G>A-27:G>A,100019390|F|0-56:C>T-56:C>T,43250010.0,58491205.0,0.0020707195153788507
100050114|F|0-27:G>A-27:G>A,100013048|F|0-58:C>T-58:C>T,43250010.0,58709443.0,0.024786652295351812
100050114|F|0-27:G>A-27:G>A,100041246|F|0-21:G>A-21:G>A,43250010.0,58719431.0,0.03093033276244818
100050114|F|0-27:G>A-27:G>A,100033981|F|0-18:C>A-18:C>A,43250010.0,58771602.0,0.0012647592871244462
100050114|F|0-27:G>A-27:G>A,100021859|F|0-23:T>A-23:T>A,43250010.0,59249203.0,0.021523222596086997
100050114|F|0-27:G>A-27:G>A,100038389|F|0-45:C>T-45:C>T,43250010.0,59686561.0,4.087561417710875e-05
100050114|F|0-27:G>A-27:G>A,100015287|F|0-63:T>C-63:T>C,43250010.0,61485460.0,0.0003378776754776918
100050114|F|0-27:G>A-27:G>A,100013445|F|0-24:G>T-24:G>T,43250010.0,61602864.0,0.013013235476519542
100050114|F|0-27:G>A-27:G>A,100013879|F|0-63:G>A-63:G>A,43250010.0,61606253.0,0.0071708619493261565
100050114|F|0-27:G>A-27:G>A,100040047|F|0-6:G>A-6:G>A,43250010.0,61640208.0,0.05683040927149595
100050114|F|0-27:G>A-27:G>A,100016920|F|0-66:T>A-66:T>A,43250010.0,61641379.0,0.05605641663995281
100050114|F|0-27:G>A-27:G>A,100017079|F|0-12:A>G-12:A>G,43250010.0,61641384.0,0.1103257137539942
100050114|F|0-27:G>A-27:G>A,100020360|F|0-56:A>G-56:A>G,43250010.0,61670176.0,0.042825751097415245
100050114|F|0-27:G>A-27:G>A,100056174|F|0-11:G>A-11:G>A,43250010.0,61712285.0,0.001212558255668291
100050114|F|0-27:G>A-27:G>A,100013722|F|0-6:A>G-6:A>G,43250010.0,61760543.0,0.011060768856471158
100050114|F|0-27:G>A-27:G>A,100013153|F|0-63:C>A-63:C>A,43250010.0,61760548.0,0.016137328206547008
100050114|F|0-27:G>A-27:G>A,100040510|F|0-32:T>C-32:T>C,43250010.0,62326715.0,0.009160721207628753
100050114|F|0-27:G>A-27:G>A,100013356|F|0-7:G>A-7:G>A,43250010.0,62367252.0,0.003938854285674348
100050114|F|0-27:G>A-27:G>A,100014994|F|0-36:G>A-36:G>A,43250010.0,62444541.0,0.0008037498158182091
100050114|F|0-27:G>A-27:G>A,100020485|F|0-47:G>T-47:G>T,43250010.0,62444546.0,0.00047236931545311945
100050114|F|0-27:G>A-27:G>A,100013478|F|0-51:G>A-51:G>A,43250010.0,62447789.0,0.00020566705807782625
100050114|F|0-27:G>A-27:G>A,100013529|F|0-11:C>G-11:C>G,43250010.0,62466983.0,0.0055019106868138285
100050114|F|0-27:G>A-27:G>A,100029518|F|0-19:G>C-19:G>C,43250010.0,62476880.0,0.0059141837869338834
100050114|F|0-27:G>A-27:G>A,100044261|F|0-5:T>A-5:T>A,43250010.0,62476902.0,0.009210265885913947
100050114|F|0-27:G>A-27:G>A,100017508|F|0-26:G>A-26:G>A,43250010.0,62494366.0,0.008782331127933432
100050114|F|0-27:G>A-27:G>A,100051794|F|0-60:T>C-60:T>C,43250010.0,62494371.0,0.004165040787630447
100050114|F|0-27:G>A-27:G>A,100033227|F|0-6:A>G-6:A>G,43250010.0,62503297.0,0.009211916433516704
100050114|F|0-27:G>A-27:G>A,100015367|F|0-46:A>T-46:A>T,43250010.0,62730005.0,0.0224332100566996
100050114|F|0-27:G>A-27:G>A,100016319|F|0-60:C>A-60:C>A,43250010.0,62905182.0,0.04400563304233883
100050114|F|0-27:G>A-27:G>A,100020253|F|0-17:T>C-17:T>C,43250010.0,63125496.0,0.00891227676055006
100050114|F|0-27:G>A-27:G>A,100017121|F|0-19:C>T-19:C>T,43250010.0,63306572.0,0.00041027122390172466
100050114|F|0-27:G>A-27:G>A,100021507|F|0-53:A>C-53:A>C,43250010.0,63642647.0,0.01404847999853891
100050114|F|0-27:G>A-27:G>A,100019105|F|0-61:T>C-61:T>C,43250010.0,63665304.0,0.02239323135836369
100050114|F|0-27:G>A-27:G>A,100014627|F|0-15:C>G-15:C>G,43250010.0,64043609.0,0.006173301894117048
100050114|F|0-27:G>A-27:G>A,100033689|F|0-56:C>T-56:C>T,43250010.0,64044059.0,0.004390151657677335
100050114|F|0-27:G>A-27:G>A,100046739|F|0-18:T>G-18:T>G,43250010.0,64189766.0,0.0014804722714634542
100050114|F|0-27:G>A-27:G>A,100030110|F|0-28:T>C-28:T>C,43250010.0,64196475.0,0.0024312346045675284
100050114|F|0-27:G>A-27:G>A,100016864|F|0-56:A>G-56:A>G,43250010.0,64720414.0,0.004308951936934831
100050114|F|0-27:G>A-27:G>A,100021392|F|0-51:G>A-51:G>A,43250010.0,64886887.0,0.0685910011445845
100016574|F|0-9:G>A-9:G>A,100018496|F|0-32:T>G-32:T>G,43529057.0,43881573.0,0.3250905424771982
100016574|F|0-9:G>A-9:G>A,100017598|F|0-46:C>G-46:C>G,43529057.0,45505408.0,0.2848869174393218
100016574|F|0-9:G>A-9:G>A,100021048|F|0-66:C>T-66:C>T,43529057.0,45555246.0,0.3182452588661884
100016574|F|0-9:G>A-9:G>A,100017454|F|0-9:A>G-9:A>G,43529057.0,45869241.0,0.1175732794027427
100016574|F|0-9:G>A-9:G>A,100018445|F|0-45:A>G-45:A>G,43529057.0,45885872.0,0.12418230441739368
100016574|F|0-9:G>A-9:G>A,100034159|F|0-24:A>G-24:A>G,43529057.0,46097671.0,0.08373754759296956
100016574|F|0-9:G>A-9:G>A,100017594|F|0-13:G>T-13:G>T,43529057.0,46097676.0,0.08019755545390833
100016574|F|0-9:G>A-9:G>A,100030376|F|0-12:T>C-12:T>C,43529057.0,47165949.0,0.0018135286853706684
100016574|F|0-9:G>A-9:G>A,100034945|F|0-61:G>A-61:G>A,43529057.0,47171709.0,0.00478884918480692
100016574|F|0-9:G>A-9:G>A,100043426|F|0-30:G>A-30:G>A,43529057.0,47201903.0,0.008777783481340787
100016574|F|0-9:G>A-9:G>A,100015331|F|0-40:A>G-40:A>G,43529057.0,47228518.0,0.0067545798940153055
100016574|F|0-9:G>A-9:G>A,100033028|F|0-17:A>C-17:A>C,43529057.0,47247609.0,0.002653260717776848
100016574|F|0-9:G>A-9:G>A,100014668|F|0-30:A>T-30:A>T,43529057.0,48841067.0,0.022746979878998076
100016574|F|0-9:G>A-9:G>A,100019661|F|0-30:A>T-30:A>T,43529057.0,48965503.0,0.00511797971297235
100016574|F|0-9:G>A-9:G>A,100035901|F|0-29:T>A-29:T>A,43529057.0,48989476.0,0.002965409037515292
100016574|F|0-9:G>A-9:G>A,100043126|F|0-48:T>A-48:T>A,43529057.0,49230618.0,0.37409106164000405
100016574|F|0-9:G>A-9:G>A,100044970|F|0-28:C>T-28:C>T,43529057.0,49340094.0,0.4313867950231601
100016574|F|0-9:G>A-9:G>A,100013964|F|0-14:T>G-14:T>G,43529057.0,49356602.0,0.4257978521153538
100016574|F|0-9:G>A-9:G>A,100020795|F|0-42:T>C-42:T>C,43529057.0,49358815.0,0.43309185652613014
100016574|F|0-9:G>A-9:G>A,100016185|F|0-62:C>T-62:C>T,43529057.0,49565807.0,0.10215358036458946
100016574|F|0-9:G>A-9:G>A,100033324|F|0-45:A>T-45:A>T,43529057.0,53523372.0,0.00018893635914912367
100016574|F|0-9:G>A-9:G>A,100034432|F|0-24:T>A-24:T>A,43529057.0,53750135.0,0.0005862669537431968
100016574|F|0-9:G>A-9:G>A,100056034|F|0-41:G>T-41:G>T,43529057.0,53750140.0,0.1765202702702703
100016574|F|0-9:G>A-9:G>A,100019249|F|0-36:C>A-36:C>A,43529057.0,54407017.0,0.0629479516068921
100016574|F|0-9:G>A-9:G>A,100013936|F|0-38:C>A-38:C>A,43529057.0,54572400.0,0.0022031539888682744
100016574|F|0-9:G>A-9:G>A,100018265|F|0-5:C>T-5:C>T,43529057.0,56110897.0,0.012877522917776241
100016574|F|0-9:G>A-9:G>A,100014526|F|0-10:T>C-10:T>C,43529057.0,56110902.0,0.011906918362611709
100016574|F|0-9:G>A-9:G>A,100030709|F|0-39:T>A-39:T>A,43529057.0,56193250.0,0.02762506396691704
100016574|F|0-9:G>A-9:G>A,100033311|F|0-46:C>T-46:C>T,43529057.0,57009334.0,2.359264181874364e-33
100016574|F|0-9:G>A-9:G>A,100034520|F|0-31:G>A-31:G>A,43529057.0,58309310.0,0.0035614777239866284
100016574|F|0-9:G>A-9:G>A,100019390|F|0-56:C>T-56:C>T,43529057.0,58491205.0,0.007162860835846634
100016574|F|0-9:G>A-9:G>A,100013048|F|0-58:C>T-58:C>T,43529057.0,58709443.0,0.0308014944944406
100016574|F|0-9:G>A-9:G>A,100041246|F|0-21:G>A-21:G>A,43529057.0,58719431.0,0.02242646577994006
100016574|F|0-9:G>A-9:G>A,100033981|F|0-18:C>A-18:C>A,43529057.0,58771602.0,0.004636084774121569
100016574|F|0-9:G>A-9:G>A,100021859|F|0-23:T>A-23:T>A,43529057.0,59249203.0,0.029991641737235328
100016574|F|0-9:G>A-9:G>A,100038389|F|0-45:C>T-45:C>T,43529057.0,59686561.0,0.0009791795506081252
100016574|F|0-9:G>A-9:G>A,100015287|F|0-63:T>C-63:T>C,43529057.0,61485460.0,0.0006915730009900396
100016574|F|0-9:G>A-9:G>A,100013445|F|0-24:G>T-24:G>T,43529057.0,61602864.0,0.024559068728679963
100016574|F|0-9:G>A-9:G>A,100013879|F|0-63:G>A-63:G>A,43529057.0,61606253.0,0.01639556456832198
100016574|F|0-9:G>A-9:G>A,100040047|F|0-6:G>A-6:G>A,43529057.0,61640208.0,0.038971526858005805
100016574|F|0-9:G>A-9:G>A,100016920|F|0-66:T>A-66:T>A,43529057.0,61641379.0,0.048702685017800236
100016574|F|0-9:G>A-9:G>A,100017079|F|0-12:A>G-12:A>G,43529057.0,61641384.0,0.10220906544435958
100016574|F|0-9:G>A-9:G>A,100020360|F|0-56:A>G-56:A>G,43529057.0,61670176.0,0.046804139643696355
100016574|F|0-9:G>A-9:G>A,100056174|F|0-11:G>A-11:G>A,43529057.0,61712285.0,0.00028297390682711855
100016574|F|0-9:G>A-9:G>A,100013722|F|0-6:A>G-6:A>G,43529057.0,61760543.0,0.017585977496890646
100016574|F|0-9:G>A-9:G>A,100013153|F|0-63:C>A-63:C>A,43529057.0,61760548.0,0.024127281169534626
100016574|F|0-9:G>A-9:G>A,100040510|F|0-32:T>C-32:T>C,43529057.0,62326715.0,0.006547108551825516
100016574|F|0-9:G>A-9:G>A,100013356|F|0-7:G>A-7:G>A,43529057.0,62367252.0,0.0014177895275456211
100016574|F|0-9:G>A-9:G>A,100014994|F|0-36:G>A-36:G>A,43529057.0,62444541.0,0.0019307392761797664
100016574|F|0-9:G>A-9:G>A,100020485|F|0-47:G>T-47:G>T,43529057.0,62444546.0,0.0015938845167751145
100016574|F|0-9:G>A-9:G>A,100013478|F|0-51:G>A-51:G>A,43529057.0,62447789.0,0.0008466562031182712
100016574|F|0-9:G>A-9:G>A,100013529|F|0-11:C>G-11:C>G,43529057.0,62466983.0,0.00795179396874311
100016574|F|0-9:G>A-9:G>A,100029518|F|0-19:G>C-19:G>C,43529057.0,62476880.0,0.008701355240319106
100016574|F|0-9:G>A-9:G>A,100044261|F|0-5:T>A-5:T>A,43529057.0,62476902.0,0.011942293878202557
100016574|F|0-9:G>A-9:G>A,100017508|F|0-26:G>A-26:G>A,43529057.0,62494366.0,0.0008581063449687865
100016574|F|0-9:G>A-9:G>A,100051794|F|0-60:T>C-60:T>C,43529057.0,62494371.0,0.0006412506412506419
100016574|F|0-9:G>A-9:G>A,100033227|F|0-6:A>G-6:A>G,43529057.0,62503297.0,0.0029708415440897187
100016574|F|0-9:G>A-9:G>A,100015367|F|0-46:A>T-46:A>T,43529057.0,62730005.0,0.028604768676970725
100016574|F|0-9:G>A-9:G>A,100016319|F|0-60:C>A-60:C>A,43529057.0,62905182.0,0.05504379341588646
100016574|F|0-9:G>A-9:G>A,100020253|F|0-17:T>C-17:T>C,43529057.0,63125496.0,0.003380181462373247
100016574|F|0-9:G>A-9:G>A,100017121|F|0-19:C>T-19:C>T,43529057.0,63306572.0,2.3720475387845975e-06
100016574|F|0-9:G>A-9:G>A,100021507|F|0-53:A>C-53:A>C,43529057.0,63642647.0,0.020669093057924446
100016574|F|0-9:G>A-9:G>A,100019105|F|0-61:T>C-61:T>C,43529057.0,63665304.0,0.01430914446378364
100016574|F|0-9:G>A-9:G>A,100014627|F|0-15:C>G-15:C>G,43529057.0,64043609.0,0.006097281437674778
100016574|F|0-9:G>A-9:G>A,100033689|F|0-56:C>T-56:C>T,43529057.0,64044059.0,0.004437121320238207
100016574|F|0-9:G>A-9:G>A,100046739|F|0-18:T>G-18:T>G,43529057.0,64189766.0,0.00044300403366830424
100016574|F|0-9:G>A-9:G>A,100030110|F|0-28:T>C-28:T>C,43529057.0,64196475.0,0.0008386628477262906
100016574|F|0-9:G>A-9:G>A,100016864|F|0-56:A>G-56:A>G,43529057.0,64720414.0,0.0013094422115161675
100016574|F|0-9:G>A-9:G>A,100021392|F|0-51:G>A-51:G>A,43529057.0,64886887.0,0.07721429196405129
100018496|F|0-32:T>G-32:T>G,100017598|F|0-46:C>G-46:C>G,43881573.0,45505408.0,0.9223037543022111
100018496|F|0-32:T>G-32:T>G,100021048|F|0-66:C>T-66:C>T,43881573.0,45555246.0,0.9799040341251627
100018496|F|0-32:T>G-32:T>G,100017454|F|0-9:A>G-9:A>G,43881573.0,45869241.0,0.33535814965060146
100018496|F|0-32:T>G-32:T>G,100018445|F|0-45:A>G-45:A>G,43881573.0,45885872.0,0.35025643408127405
100018496|F|0-32:T>G-32:T>G,100034159|F|0-24:A>G-24:A>G,43881573.0,46097671.0,0.30074795546600386
100018496|F|0-32:T>G-32:T>G,100017594|F|0-13:G>T-13:G>T,43881573.0,46097676.0,0.3085321618402579
100018496|F|0-32:T>G-32:T>G,100030376|F|0-12:T>C-12:T>C,43881573.0,47165949.0,0.12137860901335319
100018496|F|0-32:T>G-32:T>G,100034945|F|0-61:G>A-61:G>A,43881573.0,47171709.0,0.09381086897666041
100018496|F|0-32:T>G-32:T>G,100043426|F|0-30:G>A-30:G>A,43881573.0,47201903.0,0.03368986664352458
100018496|F|0-32:T>G-32:T>G,100015331|F|0-40:A>G-40:A>G,43881573.0,47228518.0,0.039471390227000344
100018496|F|0-32:T>G-32:T>G,100033028|F|0-17:A>C-17:A>C,43881573.0,47247609.0,0.036429445256951465
100018496|F|0-32:T>G-32:T>G,100014668|F|0-30:A>T-30:A>T,43881573.0,48841067.0,0.012306245951625897
100018496|F|0-32:T>G-32:T>G,100019661|F|0-30:A>T-30:A>T,43881573.0,48965503.0,0.005997052812111953
100018496|F|0-32:T>G-32:T>G,100035901|F|0-29:T>A-29:T>A,43881573.0,48989476.0,0.01384560507610424
100018496|F|0-32:T>G-32:T>G,100043126|F|0-48:T>A-48:T>A,43881573.0,49230618.0,0.11325673409864447
100018496|F|0-32:T>G-32:T>G,100044970|F|0-28:C>T-28:C>T,43881573.0,49340094.0,0.14760875352192682
100018496|F|0-32:T>G-32:T>G,100013964|F|0-14:T>G-14:T>G,43881573.0,49356602.0,0.13988594982170588
100018496|F|0-32:T>G-32:T>G,100020795|F|0-42:T>C-42:T>C,43881573.0,49358815.0,0.1313538491790387
100018496|F|0-32:T>G-32:T>G,100016185|F|0-62:C>T-62:C>T,43881573.0,49565807.0,0.0038852504689179937
100018496|F|0-32:T>G-32:T>G,100033324|F|0-45:A>T-45:A>T,43881573.0,53523372.0,0.00021018070026436084
100018496|F|0-32:T>G-32:T>G,100034432|F|0-24:T>A-24:T>A,43881573.0,53750135.0,0.10777912420746083
100018496|F|0-32:T>G-32:T>G,100056034|F|0-41:G>T-41:G>T,43881573.0,53750140.0,0.031156437125748608
100018496|F|0-32:T>G-32:T>G,100019249|F|0-36:C>A-36:C>A,43881573.0,54407017.0,0.14975069964139806
100018496|F|0-32:T>G-32:T>G,100013936|F|0-38:C>A-38:C>A,43881573.0,54572400.0,0.05707359197421482
100018496|F|0-32:T>G-32:T>G,100018265|F|0-5:C>T-5:C>T,43881573.0,56110897.0,0.0030814079768997776
100018496|F|0-32:T>G-32:T>G,100014526|F|0-10:T>C-10:T>C,43881573.0,56110902.0,0.004585838270302943
100018496|F|0-32:T>G-32:T>G,100030709|F|0-39:T>A-39:T>A,43881573.0,56193250.0,0.046530398809865446
100018496|F|0-32:T>G-32:T>G,100033311|F|0-46:C>T-46:C>T,43881573.0,57009334.0,0.04551601377989382
100018496|F|0-32:T>G-32:T>G,100034520|F|0-31:G>A-31:G>A,43881573.0,58309310.0,0.0066776131069497206
100018496|F|0-32:T>G-32:T>G,100019390|F|0-56:C>T-56:C>T,43881573.0,58491205.0,0.019794597501003368
100018496|F|0-32:T>G-32:T>G,100013048|F|0-58:C>T-58:C>T,43881573.0,58709443.0,0.010307778042019097
100018496|F|0-32:T>G-32:T>G,100041246|F|0-21:G>A-21:G>A,43881573.0,58719431.0,1.0768277859476892e-07
100018496|F|0-32:T>G-32:T>G,100033981|F|0-18:C>A-18:C>A,43881573.0,58771602.0,0.044687793562743085
100018496|F|0-32:T>G-32:T>G,100021859|F|0-23:T>A-23:T>A,43881573.0,59249203.0,0.016394617925479284
100018496|F|0-32:T>G-32:T>G,100038389|F|0-45:C>T-45:C>T,43881573.0,59686561.0,0.012262889187611205
100018496|F|0-32:T>G-32:T>G,100015287|F|0-63:T>C-63:T>C,43881573.0,61485460.0,0.03798137229704582
100018496|F|0-32:T>G-32:T>G,100013445|F|0-24:G>T-24:G>T,43881573.0,61602864.0,0.05055613155314777
100018496|F|0-32:T>G-32:T>G,100013879|F|0-63:G>A-63:G>A,43881573.0,61606253.0,0.042673907050635354
100018496|F|0-32:T>G-32:T>G,100040047|F|0-6:G>A-6:G>A,43881573.0,61640208.0,0.004064436885343296
100018496|F|0-32:T>G-32:T>G,100016920|F|0-66:T>A-66:T>A,43881573.0,61641379.0,0.0010687877630124708
100018496|F|0-32:T>G-32:T>G,100017079|F|0-12:A>G-12:A>G,43881573.0,61641384.0,0.006542587094718118
100018496|F|0-32:T>G-32:T>G,100020360|F|0-56:A>G-56:A>G,43881573.0,61670176.0,0.005162121387098576
100018496|F|0-32:T>G-32:T>G,100056174|F|0-11:G>A-11:G>A,43881573.0,61712285.0,0.018843047849255595
100018496|F|0-32:T>G-32:T>G,100013722|F|0-6:A>G-6:A>G,43881573.0,61760543.0,0.05281625739929623
100018496|F|0-32:T>G-32:T>G,100013153|F|0-63:C>A-63:C>A,43881573.0,61760548.0,0.05341132469621964
100018496|F|0-32:T>G-32:T>G,100040510|F|0-32:T>C-32:T>C,43881573.0,62326715.0,0.13237003082783189
100018496|F|0-32:T>G-32:T>G,100013356|F|0-7:G>A-7:G>A,43881573.0,62367252.0,0.012438470686608555
100018496|F|0-32:T>G-32:T>G,100014994|F|0-36:G>A-36:G>A,43881573.0,62444541.0,4.7762721410788076e-05
100018496|F|0-32:T>G-32:T>G,100020485|F|0-47:G>T-47:G>T,43881573.0,62444546.0,0.00023004628035583374
100018496|F|0-32:T>G-32:T>G,100013478|F|0-51:G>A-51:G>A,43881573.0,62447789.0,0.0018149393712982513
100018496|F|0-32:T>G-32:T>G,100013529|F|0-11:C>G-11:C>G,43881573.0,62466983.0,0.005578431514694584
100018496|F|0-32:T>G-32:T>G,100029518|F|0-19:G>C-19:G>C,43881573.0,62476880.0,0.003469443350999346
100018496|F|0-32:T>G-32:T>G,100044261|F|0-5:T>A-5:T>A,43881573.0,62476902.0,0.004687226575320429
100018496|F|0-32:T>G-32:T>G,100017508|F|0-26:G>A-26:G>A,43881573.0,62494366.0,0.008035416801636318
100018496|F|0-32:T>G-32:T>G,100051794|F|0-60:T>C-60:T>C,43881573.0,62494371.0,0.006590249853722876
100018496|F|0-32:T>G-32:T>G,100033227|F|0-6:A>G-6:A>G,43881573.0,62503297.0,0.005391299442356328
100018496|F|0-32:T>G-32:T>G,100015367|F|0-46:A>T-46:A>T,43881573.0,62730005.0,0.0021521337589562083
100018496|F|0-32:T>G-32:T>G,100016319|F|0-60:C>A-60:C>A,43881573.0,62905182.0,0.02499403186981526
100018496|F|0-32:T>G-32:T>G,100020253|F|0-17:T>C-17:T>C,43881573.0,63125496.0,0.006773146466362775
100018496|F|0-32:T>G-32:T>G,100017121|F|0-19:C>T-19:C>T,43881573.0,63306572.0,1.9955658751937396e-05
100018496|F|0-32:T>G-32:T>G,100021507|F|0-53:A>C-53:A>C,43881573.0,63642647.0,0.02370451149702357
100018496|F|0-32:T>G-32:T>G,100019105|F|0-61:T>C-61:T>C,43881573.0,63665304.0,0.0024803118358276083
100018496|F|0-32:T>G-32:T>G,100014627|F|0-15:C>G-15:C>G,43881573.0,64043609.0,0.0006643833577711683
100018496|F|0-32:T>G-32:T>G,100033689|F|0-56:C>T-56:C>T,43881573.0,64044059.0,0.0019895096349330727
100018496|F|0-32:T>G-32:T>G,100046739|F|0-18:T>G-18:T>G,43881573.0,64189766.0,0.010782935283574931
100018496|F|0-32:T>G-32:T>G,100030110|F|0-28:T>C-28:T>C,43881573.0,64196475.0,0.024316494331147857
100018496|F|0-32:T>G-32:T>G,100016864|F|0-56:A>G-56:A>G,43881573.0,64720414.0,0.031029832089502163
100018496|F|0-32:T>G-32:T>G,100021392|F|0-51:G>A-51:G>A,43881573.0,64886887.0,0.004662114654233405
100017598|F|0-46:C>G-46:C>G,100021048|F|0-66:C>T-66:C>T,45505408.0,45555246.0,0.9416422654273062
100017598|F|0-46:C>G-46:C>G,100017454|F|0-9:A>G-9:A>G,45505408.0,45869241.0,0.344510544728426
100017598|F|0-46:C>G-46:C>G,100018445|F|0-45:A>G-45:A>G,45505408.0,45885872.0,0.33658016559063675
100017598|F|0-46:C>G-46:C>G,100034159|F|0-24:A>G-24:A>G,45505408.0,46097671.0,0.31266888350772576
100017598|F|0-46:C>G-46:C>G,100017594|F|0-13:G>T-13:G>T,45505408.0,46097676.0,0.3190416675599784
100017598|F|0-46:C>G-46:C>G,100030376|F|0-12:T>C-12:T>C,45505408.0,47165949.0,0.14653834382960837
100017598|F|0-46:C>G-46:C>G,100034945|F|0-61:G>A-61:G>A,45505408.0,47171709.0,0.11663920586651053
100017598|F|0-46:C>G-46:C>G,100043426|F|0-30:G>A-30:G>A,45505408.0,47201903.0,0.05782660862272725
100017598|F|0-46:C>G-46:C>G,100015331|F|0-40:A>G-40:A>G,45505408.0,47228518.0,0.06477251591585177
100017598|F|0-46:C>G-46:C>G,100033028|F|0-17:A>C-17:A>C,45505408.0,47247609.0,0.06101697537002409
100017598|F|0-46:C>G-46:C>G,100014668|F|0-30:A>T-30:A>T,45505408.0,48841067.0,0.00758434283616291
100017598|F|0-46:C>G-46:C>G,100019661|F|0-30:A>T-30:A>T,45505408.0,48965503.0,0.014062894406621783
100017598|F|0-46:C>G-46:C>G,100035901|F|0-29:T>A-29:T>A,45505408.0,48989476.0,0.024550359501821467
100017598|F|0-46:C>G-46:C>G,100043126|F|0-48:T>A-48:T>A,45505408.0,49230618.0,0.09178030738272781
100017598|F|0-46:C>G-46:C>G,100044970|F|0-28:C>T-28:C>T,45505408.0,49340094.0,0.12331174784935607
100017598|F|0-46:C>G-46:C>G,100013964|F|0-14:T>G-14:T>G,45505408.0,49356602.0,0.11701558836011354
100017598|F|0-46:C>G-46:C>G,100020795|F|0-42:T>C-42:T>C,45505408.0,49358815.0,0.1262249483685128
100017598|F|0-46:C>G-46:C>G,100016185|F|0-62:C>T-62:C>T,45505408.0,49565807.0,0.0015493723114850084
100017598|F|0-46:C>G-46:C>G,100033324|F|0-45:A>T-45:A>T,45505408.0,53523372.0,0.00020197389117060371
100017598|F|0-46:C>G-46:C>G,100034432|F|0-24:T>A-24:T>A,45505408.0,53750135.0,0.12469168434205682
100017598|F|0-46:C>G-46:C>G,100056034|F|0-41:G>T-41:G>T,45505408.0,53750140.0,0.029939889025893857
100017598|F|0-46:C>G-46:C>G,100019249|F|0-36:C>A-36:C>A,45505408.0,54407017.0,0.14390346722630096
100017598|F|0-46:C>G-46:C>G,100013936|F|0-38:C>A-38:C>A,45505408.0,54572400.0,0.05484507112031002
100017598|F|0-46:C>G-46:C>G,100018265|F|0-5:C>T-5:C>T,45505408.0,56110897.0,0.010001519307465366
100017598|F|0-46:C>G-46:C>G,100014526|F|0-10:T>C-10:T>C,45505408.0,56110902.0,0.011966748348876639
100017598|F|0-46:C>G-46:C>G,100030709|F|0-39:T>A-39:T>A,45505408.0,56193250.0,0.05460511024530897
100017598|F|0-46:C>G-46:C>G,100033311|F|0-46:C>T-46:C>T,45505408.0,57009334.0,0.043738775264032616
100017598|F|0-46:C>G-46:C>G,100034520|F|0-31:G>A-31:G>A,45505408.0,58309310.0,0.006416876055917977
100017598|F|0-46:C>G-46:C>G,100019390|F|0-56:C>T-56:C>T,45505408.0,58491205.0,0.0190216888439565
100017598|F|0-46:C>G-46:C>G,100013048|F|0-58:C>T-58:C>T,45505408.0,58709443.0,0.009905295956531304
100017598|F|0-46:C>G-46:C>G,100041246|F|0-21:G>A-21:G>A,45505408.0,58719431.0,1.0347814893321673e-07
100017598|F|0-46:C>G-46:C>G,100033981|F|0-18:C>A-18:C>A,45505408.0,58771602.0,0.02873465942472999
100017598|F|0-46:C>G-46:C>G,100021859|F|0-23:T>A-23:T>A,45505408.0,59249203.0,0.015754466382971774
100017598|F|0-46:C>G-46:C>G,100038389|F|0-45:C>T-45:C>T,45505408.0,59686561.0,0.024675591568316616
100017598|F|0-46:C>G-46:C>G,100015287|F|0-63:T>C-63:T>C,45505408.0,61485460.0,0.03649833474331827
100017598|F|0-46:C>G-46:C>G,100013445|F|0-24:G>T-24:G>T,45505408.0,61602864.0,0.03882623206528605
100017598|F|0-46:C>G-46:C>G,100013879|F|0-63:G>A-63:G>A,45505408.0,61606253.0,0.0315703375377049
100017598|F|0-46:C>G-46:C>G,100040047|F|0-6:G>A-6:G>A,45505408.0,61640208.0,0.00044615160221011114
100017598|F|0-46:C>G-46:C>G,100016920|F|0-66:T>A-66:T>A,45505408.0,61641379.0,0.0010270554007082325
100017598|F|0-46:C>G-46:C>G,100017079|F|0-12:A>G-12:A>G,45505408.0,61641384.0,0.0016934229507668149
100017598|F|0-46:C>G-46:C>G,100020360|F|0-56:A>G-56:A>G,45505408.0,61670176.0,0.0009870183621086112
100017598|F|0-46:C>G-46:C>G,100056174|F|0-11:G>A-11:G>A,45505408.0,61712285.0,0.027947266560330593
100017598|F|0-46:C>G-46:C>G,100013722|F|0-6:A>G-6:A>G,45505408.0,61760543.0,0.0662660183794284
100017598|F|0-46:C>G-46:C>G,100013153|F|0-63:C>A-63:C>A,45505408.0,61760548.0,0.06669267239594258
100017598|F|0-46:C>G-46:C>G,100040510|F|0-32:T>C-32:T>C,45505408.0,62326715.0,0.12720145173673283
100017598|F|0-46:C>G-46:C>G,100013356|F|0-7:G>A-7:G>A,45505408.0,62367252.0,0.022813271858413357
100017598|F|0-46:C>G-46:C>G,100014994|F|0-36:G>A-36:G>A,45505408.0,62444541.0,4.589775694961894e-05
100017598|F|0-46:C>G-46:C>G,100020485|F|0-47:G>T-47:G>T,45505408.0,62444546.0,2.0077852287074965e-05
100017598|F|0-46:C>G-46:C>G,100013478|F|0-51:G>A-51:G>A,45505408.0,62447789.0,0.0005271273954406618
100017598|F|0-46:C>G-46:C>G,100013529|F|0-11:C>G-11:C>G,45505408.0,62466983.0,0.002796122524330008
100017598|F|0-46:C>G-46:C>G,100029518|F|0-19:G>C-19:G>C,45505408.0,62476880.0,0.00141734935093774
100017598|F|0-46:C>G-46:C>G,100044261|F|0-5:T>A-5:T>A,45505408.0,62476902.0,0.002203072185312644
100017598|F|0-46:C>G-46:C>G,100017508|F|0-26:G>A-26:G>A,45505408.0,62494366.0,0.011406783720240364
100017598|F|0-46:C>G-46:C>G,100051794|F|0-60:T>C-60:T>C,45505408.0,62494371.0,0.009843856946199717
100017598|F|0-46:C>G-46:C>G,100033227|F|0-6:A>G-6:A>G,45505408.0,62503297.0,0.008398992389678332
100017598|F|0-46:C>G-46:C>G,100015367|F|0-46:A>T-46:A>T,45505408.0,62730005.0,0.0006858909014290588
100017598|F|0-46:C>G-46:C>G,100016319|F|0-60:C>A-60:C>A,45505408.0,62905182.0,0.024018103786119183
100017598|F|0-46:C>G-46:C>G,100020253|F|0-17:T>C-17:T>C,45505408.0,63125496.0,0.0033796147717739507
100017598|F|0-46:C>G-46:C>G,100017121|F|0-19:C>T-19:C>T,45505408.0,63306572.0,1.9176461225659825e-05
100017598|F|0-46:C>G-46:C>G,100021507|F|0-53:A>C-53:A>C,45505408.0,63642647.0,0.014390207722070407
100017598|F|0-46:C>G-46:C>G,100019105|F|0-61:T>C-61:T>C,45505408.0,63665304.0,0.002383464476845434
100017598|F|0-46:C>G-46:C>G,100014627|F|0-15:C>G-15:C>G,45505408.0,64043609.0,0.0006384415497200935
100017598|F|0-46:C>G-46:C>G,100033689|F|0-56:C>T-56:C>T,45505408.0,64044059.0,0.0019118263569558218
100017598|F|0-46:C>G-46:C>G,100046739|F|0-18:T>G-18:T>G,45505408.0,64189766.0,0.010361899997122137
100017598|F|0-46:C>G-46:C>G,100030110|F|0-28:T>C-28:T>C,45505408.0,64196475.0,0.036210470829716866
100017598|F|0-46:C>G-46:C>G,100016864|F|0-56:A>G-56:A>G,45505408.0,64720414.0,0.029818227466196487
100017598|F|0-46:C>G-46:C>G,100021392|F|0-51:G>A-51:G>A,45505408.0,64886887.0,0.0006092538946558913
100021048|F|0-66:C>T-66:C>T,100017454|F|0-9:A>G-9:A>G,45555246.0,45869241.0,0.31352029083101457
100021048|F|0-66:C>T-66:C>T,100018445|F|0-45:A>G-45:A>G,45555246.0,45885872.0,0.3261408667803022
100021048|F|0-66:C>T-66:C>T,100034159|F|0-24:A>G-24:A>G,45555246.0,46097671.0,0.30171756282620804
100021048|F|0-66:C>T-66:C>T,100017594|F|0-13:G>T-13:G>T,45555246.0,46097676.0,0.287191356560838
100021048|F|0-66:C>T-66:C>T,100030376|F|0-12:T>C-12:T>C,45555246.0,47165949.0,0.12259697612369183
100021048|F|0-66:C>T-66:C>T,100034945|F|0-61:G>A-61:G>A,45555246.0,47171709.0,0.0946860668445685
100021048|F|0-66:C>T-66:C>T,100043426|F|0-30:G>A-30:G>A,45555246.0,47201903.0,0.0410562228984325
100021048|F|0-66:C>T-66:C>T,100015331|F|0-40:A>G-40:A>G,45555246.0,47228518.0,0.04745739276363221
100021048|F|0-66:C>T-66:C>T,100033028|F|0-17:A>C-17:A>C,45555246.0,47247609.0,0.04438460353255925
100021048|F|0-66:C>T-66:C>T,100014668|F|0-30:A>T-30:A>T,45555246.0,48841067.0,0.010294735528925715
100021048|F|0-66:C>T-66:C>T,100019661|F|0-30:A>T-30:A>T,45555246.0,48965503.0,0.00882762467942713
100021048|F|0-66:C>T-66:C>T,100035901|F|0-29:T>A-29:T>A,45555246.0,48989476.0,0.018288210273814366
100021048|F|0-66:C>T-66:C>T,100043126|F|0-48:T>A-48:T>A,45555246.0,49230618.0,0.10893013130875917
100021048|F|0-66:C>T-66:C>T,100044970|F|0-28:C>T-28:C>T,45555246.0,49340094.0,0.14247910144566708
100021048|F|0-66:C>T-66:C>T,100013964|F|0-14:T>G-14:T>G,45555246.0,49356602.0,0.13489265084070431
100021048|F|0-66:C>T-66:C>T,100020795|F|0-42:T>C-42:T>C,45555246.0,49358815.0,0.14517973653563557
100021048|F|0-66:C>T-66:C>T,100016185|F|0-62:C>T-62:C>T,45555246.0,49565807.0,0.004431185578532276
100021048|F|0-66:C>T-66:C>T,100033324|F|0-45:A>T-45:A>T,45555246.0,53523372.0,0.00042195727056362233
100021048|F|0-66:C>T-66:C>T,100034432|F|0-24:T>A-24:T>A,45555246.0,53750135.0,0.10410747012413463
100021048|F|0-66:C>T-66:C>T,100056034|F|0-41:G>T-41:G>T,45555246.0,53750140.0,0.04038734938648094
100021048|F|0-66:C>T-66:C>T,100019249|F|0-36:C>A-36:C>A,45555246.0,54407017.0,0.15374921280334033
100021048|F|0-66:C>T-66:C>T,100013936|F|0-38:C>A-38:C>A,45555246.0,54572400.0,0.05261867284907879
100021048|F|0-66:C>T-66:C>T,100018265|F|0-5:C>T-5:C>T,45555246.0,56110897.0,0.003967106319195
100021048|F|0-66:C>T-66:C>T,100014526|F|0-10:T>C-10:T>C,45555246.0,56110902.0,0.005691043683926895
100021048|F|0-66:C>T-66:C>T,100030709|F|0-39:T>A-39:T>A,45555246.0,56193250.0,0.05393922914825636
100021048|F|0-66:C>T-66:C>T,100033311|F|0-46:C>T-46:C>T,45555246.0,57009334.0,0.046731342860918595
100021048|F|0-66:C>T-66:C>T,100034520|F|0-31:G>A-31:G>A,45555246.0,58309310.0,0.004606467934074642
100021048|F|0-66:C>T-66:C>T,100019390|F|0-56:C>T-56:C>T,45555246.0,58491205.0,0.01712273091146312
100021048|F|0-66:C>T-66:C>T,100013048|F|0-58:C>T-58:C>T,45555246.0,58709443.0,0.009459217605997057
100021048|F|0-66:C>T-66:C>T,100041246|F|0-21:G>A-21:G>A,45555246.0,58719431.0,4.820980908915664e-05
100021048|F|0-66:C>T-66:C>T,100033981|F|0-18:C>A-18:C>A,45555246.0,58771602.0,0.03194086667430311
100021048|F|0-66:C>T-66:C>T,100021859|F|0-23:T>A-23:T>A,45555246.0,59249203.0,0.014794077637639728
100021048|F|0-66:C>T-66:C>T,100038389|F|0-45:C>T-45:C>T,45555246.0,59686561.0,0.015879908194280777
100021048|F|0-66:C>T-66:C>T,100015287|F|0-63:T>C-63:T>C,45555246.0,61485460.0,0.03769697937375515
100021048|F|0-66:C>T-66:C>T,100013445|F|0-24:G>T-24:G>T,45555246.0,61602864.0,0.046081198436821715
100021048|F|0-66:C>T-66:C>T,100013879|F|0-63:G>A-63:G>A,45555246.0,61606253.0,0.03843751397498294
100021048|F|0-66:C>T-66:C>T,100040047|F|0-6:G>A-6:G>A,45555246.0,61640208.0,0.0029580104680778834
100021048|F|0-66:C>T-66:C>T,100016920|F|0-66:T>A-66:T>A,45555246.0,61641379.0,0.0019860943268962383
100021048|F|0-66:C>T-66:C>T,100017079|F|0-12:A>G-12:A>G,45555246.0,61641384.0,0.005214851898206093
100021048|F|0-66:C>T-66:C>T,100020360|F|0-56:A>G-56:A>G,45555246.0,61670176.0,0.00406260339807613
100021048|F|0-66:C>T-66:C>T,100056174|F|0-11:G>A-11:G>A,45555246.0,61712285.0,0.021233896154596938
100021048|F|0-66:C>T-66:C>T,100013722|F|0-6:A>G-6:A>G,45555246.0,61760543.0,0.05013505188835707
100021048|F|0-66:C>T-66:C>T,100013153|F|0-63:C>A-63:C>A,45555246.0,61760548.0,0.050611830910645014
100021048|F|0-66:C>T-66:C>T,100040510|F|0-32:T>C-32:T>C,45555246.0,62326715.0,0.1319047038727176
100021048|F|0-66:C>T-66:C>T,100013356|F|0-7:G>A-7:G>A,45555246.0,62367252.0,0.011104336948543351
100021048|F|0-66:C>T-66:C>T,100014994|F|0-36:G>A-36:G>A,45555246.0,62444541.0,0.00010071031602486089
100021048|F|0-66:C>T-66:C>T,100020485|F|0-47:G>T-47:G>T,45555246.0,62444546.0,7.406393268789172e-06
100021048|F|0-66:C>T-66:C>T,100013478|F|0-51:G>A-51:G>A,45555246.0,62447789.0,0.0006886954293402073
100021048|F|0-66:C>T-66:C>T,100013529|F|0-11:C>G-11:C>G,45555246.0,62466983.0,0.002516982270730139
100021048|F|0-66:C>T-66:C>T,100029518|F|0-19:G>C-19:G>C,45555246.0,62476880.0,0.0011648885603019045
100021048|F|0-66:C>T-66:C>T,100044261|F|0-5:T>A-5:T>A,45555246.0,62476902.0,0.001983136855885571
100021048|F|0-66:C>T-66:C>T,100017508|F|0-26:G>A-26:G>A,45555246.0,62494366.0,0.011517132750038423
100021048|F|0-66:C>T-66:C>T,100051794|F|0-60:T>C-60:T>C,45555246.0,62494371.0,0.009759709607733905
100021048|F|0-66:C>T-66:C>T,100033227|F|0-6:A>G-6:A>G,45555246.0,62503297.0,0.008393562641032444
100021048|F|0-66:C>T-66:C>T,100015367|F|0-46:A>T-46:A>T,45555246.0,62730005.0,0.0008656892359831971
100021048|F|0-66:C>T-66:C>T,100016319|F|0-60:C>A-60:C>A,45555246.0,62905182.0,0.023215421745145397
100021048|F|0-66:C>T-66:C>T,100020253|F|0-17:T>C-17:T>C,45555246.0,63125496.0,0.004336214229206695
100021048|F|0-66:C>T-66:C>T,100017121|F|0-19:C>T-19:C>T,45555246.0,63306572.0,2.67886760205866e-06
100021048|F|0-66:C>T-66:C>T,100021507|F|0-53:A>C-53:A>C,45555246.0,63642647.0,0.02193128786201713
100021048|F|0-66:C>T-66:C>T,100019105|F|0-61:T>C-61:T>C,45555246.0,63665304.0,0.0034272866856766854
100021048|F|0-66:C>T-66:C>T,100014627|F|0-15:C>G-15:C>G,45555246.0,64043609.0,0.0010576767482349408
100021048|F|0-66:C>T-66:C>T,100033689|F|0-56:C>T-56:C>T,45555246.0,64044059.0,0.0026723168277662476
100021048|F|0-66:C>T-66:C>T,100046739|F|0-18:T>G-18:T>G,45555246.0,64189766.0,0.011986550990005231
100021048|F|0-66:C>T-66:C>T,100030110|F|0-28:T>C-28:T>C,45555246.0,64196475.0,0.02649965302055779
100021048|F|0-66:C>T-66:C>T,100016864|F|0-56:A>G-56:A>G,45555246.0,64720414.0,0.03401052508482257
100021048|F|0-66:C>T-66:C>T,100021392|F|0-51:G>A-51:G>A,45555246.0,64886887.0,0.0028604360467181537
100017454|F|0-9:A>G-9:A>G,100018445|F|0-45:A>G-45:A>G,45869241.0,45885872.0,0.9449287335832991
100017454|F|0-9:A>G-9:A>G,100034159|F|0-24:A>G-24:A>G,45869241.0,46097671.0,0.7019995514483894
100017454|F|0-9:A>G-9:A>G,100017594|F|0-13:G>T-13:G>T,45869241.0,46097676.0,0.7987380095784177
100017454|F|0-9:A>G-9:A>G,100030376|F|0-12:T>C-12:T>C,45869241.0,47165949.0,0.24382431990608602
100017454|F|0-9:A>G-9:A>G,100034945|F|0-61:G>A-61:G>A,45869241.0,47171709.0,0.205252350709231
100017454|F|0-9:A>G-9:A>G,100043426|F|0-30:G>A-30:G>A,45869241.0,47201903.0,0.08165377273272308
100017454|F|0-9:A>G-9:A>G,100015331|F|0-40:A>G-40:A>G,45869241.0,47228518.0,0.09325578512425002
100017454|F|0-9:A>G-9:A>G,100033028|F|0-17:A>C-17:A>C,45869241.0,47247609.0,0.10076448255378508
100017454|F|0-9:A>G-9:A>G,100014668|F|0-30:A>T-30:A>T,45869241.0,48841067.0,0.01834568312211727
100017454|F|0-9:A>G-9:A>G,100019661|F|0-30:A>T-30:A>T,45869241.0,48965503.0,0.06463732596288124
100017454|F|0-9:A>G-9:A>G,100035901|F|0-29:T>A-29:T>A,45869241.0,48989476.0,0.038021812769633755
100017454|F|0-9:A>G-9:A>G,100043126|F|0-48:T>A-48:T>A,45869241.0,49230618.0,0.006913048057866808
100017454|F|0-9:A>G-9:A>G,100044970|F|0-28:C>T-28:C>T,45869241.0,49340094.0,0.018203373887921526
100017454|F|0-9:A>G-9:A>G,100013964|F|0-14:T>G-14:T>G,45869241.0,49356602.0,0.022436231353332503
100017454|F|0-9:A>G-9:A>G,100020795|F|0-42:T>C-42:T>C,45869241.0,49358815.0,0.015475284563507594
100017454|F|0-9:A>G-9:A>G,100016185|F|0-62:C>T-62:C>T,45869241.0,49565807.0,0.011364035162890767
100017454|F|0-9:A>G-9:A>G,100033324|F|0-45:A>T-45:A>T,45869241.0,53523372.0,0.004497050995952244
100017454|F|0-9:A>G-9:A>G,100034432|F|0-24:T>A-24:T>A,45869241.0,53750135.0,0.0529741639140246
100017454|F|0-9:A>G-9:A>G,100056034|F|0-41:G>T-41:G>T,45869241.0,53750140.0,0.007460070372900636
100017454|F|0-9:A>G-9:A>G,100019249|F|0-36:C>A-36:C>A,45869241.0,54407017.0,0.037774645765177264
100017454|F|0-9:A>G-9:A>G,100013936|F|0-38:C>A-38:C>A,45869241.0,54572400.0,0.10284170416690497
100017454|F|0-9:A>G-9:A>G,100018265|F|0-5:C>T-5:C>T,45869241.0,56110897.0,0.12662535380644357
100017454|F|0-9:A>G-9:A>G,100014526|F|0-10:T>C-10:T>C,45869241.0,56110902.0,0.11846001226719056
100017454|F|0-9:A>G-9:A>G,100030709|F|0-39:T>A-39:T>A,45869241.0,56193250.0,0.06637130790894685
100017454|F|0-9:A>G-9:A>G,100033311|F|0-46:C>T-46:C>T,45869241.0,57009334.0,0.004264280990009395
100017454|F|0-9:A>G-9:A>G,100034520|F|0-31:G>A-31:G>A,45869241.0,58309310.0,0.015159740051485267
100017454|F|0-9:A>G-9:A>G,100019390|F|0-56:C>T-56:C>T,45869241.0,58491205.0,0.007942135699080605
100017454|F|0-9:A>G-9:A>G,100013048|F|0-58:C>T-58:C>T,45869241.0,58709443.0,0.07096354815526
100017454|F|0-9:A>G-9:A>G,100041246|F|0-21:G>A-21:G>A,45869241.0,58719431.0,0.015804788846182704
100017454|F|0-9:A>G-9:A>G,100033981|F|0-18:C>A-18:C>A,45869241.0,58771602.0,0.02310805699774544
100017454|F|0-9:A>G-9:A>G,100021859|F|0-23:T>A-23:T>A,45869241.0,59249203.0,0.002727567633544526
100017454|F|0-9:A>G-9:A>G,100038389|F|0-45:C>T-45:C>T,45869241.0,59686561.0,0.04066745459859951
100017454|F|0-9:A>G-9:A>G,100015287|F|0-63:T>C-63:T>C,45869241.0,61485460.0,0.003905590840385311
100017454|F|0-9:A>G-9:A>G,100013445|F|0-24:G>T-24:G>T,45869241.0,61602864.0,0.008918854754003445
100017454|F|0-9:A>G-9:A>G,100013879|F|0-63:G>A-63:G>A,45869241.0,61606253.0,0.007241673737661213
100017454|F|0-9:A>G-9:A>G,100040047|F|0-6:G>A-6:G>A,45869241.0,61640208.0,0.03633589843725454
100017454|F|0-9:A>G-9:A>G,100016920|F|0-66:T>A-66:T>A,45869241.0,61641379.0,0.04472104583752402
100017454|F|0-9:A>G-9:A>G,100017079|F|0-12:A>G-12:A>G,45869241.0,61641384.0,0.020064090488076784
100017454|F|0-9:A>G-9:A>G,100020360|F|0-56:A>G-56:A>G,45869241.0,61670176.0,0.04297771413684092
100017454|F|0-9:A>G-9:A>G,100056174|F|0-11:G>A-11:G>A,45869241.0,61712285.0,0.12485320825467698
100017454|F|0-9:A>G-9:A>G,100013722|F|0-6:A>G-6:A>G,45869241.0,61760543.0,0.0033741915581462965
100017454|F|0-9:A>G-9:A>G,100013153|F|0-63:C>A-63:C>A,45869241.0,61760548.0,0.0026387307028721573
100017454|F|0-9:A>G-9:A>G,100040510|F|0-32:T>C-32:T>C,45869241.0,62326715.0,0.007365562261129654
100017454|F|0-9:A>G-9:A>G,100013356|F|0-7:G>A-7:G>A,45869241.0,62367252.0,0.03528568633518442
100017454|F|0-9:A>G-9:A>G,100014994|F|0-36:G>A-36:G>A,45869241.0,62444541.0,0.013736491511601867
100017454|F|0-9:A>G-9:A>G,100020485|F|0-47:G>T-47:G>T,45869241.0,62444546.0,0.0050061850045236165
100017454|F|0-9:A>G-9:A>G,100013478|F|0-51:G>A-51:G>A,45869241.0,62447789.0,0.0068593189458162045
100017454|F|0-9:A>G-9:A>G,100013529|F|0-11:C>G-11:C>G,45869241.0,62466983.0,0.043573842124547096
100017454|F|0-9:A>G-9:A>G,100029518|F|0-19:G>C-19:G>C,45869241.0,62476880.0,0.0477617182993238
100017454|F|0-9:A>G-9:A>G,100044261|F|0-5:T>A-5:T>A,45869241.0,62476902.0,0.046067407042403
100017454|F|0-9:A>G-9:A>G,100017508|F|0-26:G>A-26:G>A,45869241.0,62494366.0,0.01373649151160186
100017454|F|0-9:A>G-9:A>G,100051794|F|0-60:T>C-60:T>C,45869241.0,62494371.0,0.017581632873866646
100017454|F|0-9:A>G-9:A>G,100033227|F|0-6:A>G-6:A>G,45869241.0,62503297.0,0.01057516925958695
100017454|F|0-9:A>G-9:A>G,100015367|F|0-46:A>T-46:A>T,45869241.0,62730005.0,0.021628052542314608
100017454|F|0-9:A>G-9:A>G,100016319|F|0-60:C>A-60:C>A,45869241.0,62905182.0,0.006367885005678963
100017454|F|0-9:A>G-9:A>G,100020253|F|0-17:T>C-17:T>C,45869241.0,63125496.0,0.029625069918948865
100017454|F|0-9:A>G-9:A>G,100017121|F|0-19:C>T-19:C>T,45869241.0,63306572.0,0.020227858748992248
100017454|F|0-9:A>G-9:A>G,100021507|F|0-53:A>C-53:A>C,45869241.0,63642647.0,0.008524813646159956
100017454|F|0-9:A>G-9:A>G,100019105|F|0-61:T>C-61:T>C,45869241.0,63665304.0,0.03064565054105154
100017454|F|0-9:A>G-9:A>G,100014627|F|0-15:C>G-15:C>G,45869241.0,64043609.0,0.003307537608503339
100017454|F|0-9:A>G-9:A>G,100033689|F|0-56:C>T-56:C>T,45869241.0,64044059.0,0.0028316359381211384
100017454|F|0-9:A>G-9:A>G,100046739|F|0-18:T>G-18:T>G,45869241.0,64189766.0,0.007044055352001518
100017454|F|0-9:A>G-9:A>G,100030110|F|0-28:T>C-28:T>C,45869241.0,64196475.0,0.0037263950132915787
100017454|F|0-9:A>G-9:A>G,100016864|F|0-56:A>G-56:A>G,45869241.0,64720414.0,0.01909880814242642
100017454|F|0-9:A>G-9:A>G,100021392|F|0-51:G>A-51:G>A,45869241.0,64886887.0,0.00020979247305448012
100018445|F|0-45:A>G-45:A>G,100034159|F|0-24:A>G-24:A>G,45885872.0,46097671.0,0.7463690198320526
100018445|F|0-45:A>G-45:A>G,100017594|F|0-13:G>T-13:G>T,45885872.0,46097676.0,0.7771483128180329
100018445|F|0-45:A>G-45:A>G,100030376|F|0-12:T>C-12:T>C,45885872.0,47165949.0,0.22068493605427703
100018445|F|0-45:A>G-45:A>G,100034945|F|0-61:G>A-61:G>A,45885872.0,47171709.0,0.18257527293394016
100018445|F|0-45:A>G-45:A>G,100043426|F|0-30:G>A-30:G>A,45885872.0,47201903.0,0.07184506188878613
100018445|F|0-45:A>G-45:A>G,100015331|F|0-40:A>G-40:A>G,45885872.0,47228518.0,0.08383773531362539
100018445|F|0-45:A>G-45:A>G,100033028|F|0-17:A>C-17:A>C,45885872.0,47247609.0,0.0924078157110021
100018445|F|0-45:A>G-45:A>G,100014668|F|0-30:A>T-30:A>T,45885872.0,48841067.0,0.022478848507950264
100018445|F|0-45:A>G-45:A>G,100019661|F|0-30:A>T-30:A>T,45885872.0,48965503.0,0.05068808667855393
100018445|F|0-45:A>G-45:A>G,100035901|F|0-29:T>A-29:T>A,45885872.0,48989476.0,0.021631303047150302
100018445|F|0-45:A>G-45:A>G,100043126|F|0-48:T>A-48:T>A,45885872.0,49230618.0,0.013230631080886218
100018445|F|0-45:A>G-45:A>G,100044970|F|0-28:C>T-28:C>T,45885872.0,49340094.0,0.02694492055615261
100018445|F|0-45:A>G-45:A>G,100013964|F|0-14:T>G-14:T>G,45885872.0,49356602.0,0.031692564401135395
100018445|F|0-45:A>G-45:A>G,100020795|F|0-42:T>C-42:T>C,45885872.0,49358815.0,0.022906759797108094
100018445|F|0-45:A>G-45:A>G,100016185|F|0-62:C>T-62:C>T,45885872.0,49565807.0,0.009972676322482407
100018445|F|0-45:A>G-45:A>G,100033324|F|0-45:A>T-45:A>T,45885872.0,53523372.0,0.007701562551088783
100018445|F|0-45:A>G-45:A>G,100034432|F|0-24:T>A-24:T>A,45885872.0,53750135.0,0.04648825726039985
100018445|F|0-45:A>G-45:A>G,100056034|F|0-41:G>T-41:G>T,45885872.0,53750140.0,0.008873049537503208
100018445|F|0-45:A>G-45:A>G,100019249|F|0-36:C>A-36:C>A,45885872.0,54407017.0,0.04380629883877715
100018445|F|0-45:A>G-45:A>G,100013936|F|0-38:C>A-38:C>A,45885872.0,54572400.0,0.1373841656819456
100018445|F|0-45:A>G-45:A>G,100018265|F|0-5:C>T-5:C>T,45885872.0,56110897.0,0.10361630807576402
100018445|F|0-45:A>G-45:A>G,100014526|F|0-10:T>C-10:T>C,45885872.0,56110902.0,0.09870790165660673
100018445|F|0-45:A>G-45:A>G,100030709|F|0-39:T>A-39:T>A,45885872.0,56193250.0,0.05994118596140815
100018445|F|0-45:A>G-45:A>G,100033311|F|0-46:C>T-46:C>T,45885872.0,57009334.0,0.008996848441256098
100018445|F|0-45:A>G-45:A>G,100034520|F|0-31:G>A-31:G>A,45885872.0,58309310.0,0.014144157786148316
100018445|F|0-45:A>G-45:A>G,100019390|F|0-56:C>T-56:C>T,45885872.0,58491205.0,0.003621623196957901
100018445|F|0-45:A>G-45:A>G,100013048|F|0-58:C>T-58:C>T,45885872.0,58709443.0,0.06899506903887502
100018445|F|0-45:A>G-45:A>G,100041246|F|0-21:G>A-21:G>A,45885872.0,58719431.0,0.014762567401501425
100018445|F|0-45:A>G-45:A>G,100033981|F|0-18:C>A-18:C>A,45885872.0,58771602.0,0.029586637411828202
100018445|F|0-45:A>G-45:A>G,100021859|F|0-23:T>A-23:T>A,45885872.0,59249203.0,0.003366452849824141
100018445|F|0-45:A>G-45:A>G,100038389|F|0-45:C>T-45:C>T,45885872.0,59686561.0,0.031953341487516426
100018445|F|0-45:A>G-45:A>G,100015287|F|0-63:T>C-63:T>C,45885872.0,61485460.0,0.003427408727702934
100018445|F|0-45:A>G-45:A>G,100013445|F|0-24:G>T-24:G>T,45885872.0,61602864.0,0.0075410108847869615
100018445|F|0-45:A>G-45:A>G,100013879|F|0-63:G>A-63:G>A,45885872.0,61606253.0,0.006081889276349195
100018445|F|0-45:A>G-45:A>G,100040047|F|0-6:G>A-6:G>A,45885872.0,61640208.0,0.027059029865603868
100018445|F|0-45:A>G-45:A>G,100016920|F|0-66:T>A-66:T>A,45885872.0,61641379.0,0.04247250804617618
100018445|F|0-45:A>G-45:A>G,100017079|F|0-12:A>G-12:A>G,45885872.0,61641384.0,0.013624975458185046
100018445|F|0-45:A>G-45:A>G,100020360|F|0-56:A>G-56:A>G,45885872.0,61670176.0,0.04081682964470434
100018445|F|0-45:A>G-45:A>G,100056174|F|0-11:G>A-11:G>A,45885872.0,61712285.0,0.1047257491822201
100018445|F|0-45:A>G-45:A>G,100013722|F|0-6:A>G-6:A>G,45885872.0,61760543.0,0.01076304621211167
100018445|F|0-45:A>G-45:A>G,100013153|F|0-63:C>A-63:C>A,45885872.0,61760548.0,0.009047672054226833
100018445|F|0-45:A>G-45:A>G,100040510|F|0-32:T>C-32:T>C,45885872.0,62326715.0,0.01497030581316073
100018445|F|0-45:A>G-45:A>G,100013356|F|0-7:G>A-7:G>A,45885872.0,62367252.0,0.02353592988979018
100018445|F|0-45:A>G-45:A>G,100014994|F|0-36:G>A-36:G>A,45885872.0,62444541.0,0.012127277431284248
100018445|F|0-45:A>G-45:A>G,100020485|F|0-47:G>T-47:G>T,45885872.0,62444546.0,0.0063114831460318625
100018445|F|0-45:A>G-45:A>G,100013478|F|0-51:G>A-51:G>A,45885872.0,62447789.0,0.008894933486649291
100018445|F|0-45:A>G-45:A>G,100013529|F|0-11:C>G-11:C>G,45885872.0,62466983.0,0.03392782036997409
100018445|F|0-45:A>G-45:A>G,100029518|F|0-19:G>C-19:G>C,45885872.0,62476880.0,0.03744738883543087
100018445|F|0-45:A>G-45:A>G,100044261|F|0-5:T>A-5:T>A,45885872.0,62476902.0,0.03683106911599395
100018445|F|0-45:A>G-45:A>G,100017508|F|0-26:G>A-26:G>A,45885872.0,62494366.0,0.012127277431284248
100018445|F|0-45:A>G-45:A>G,100051794|F|0-60:T>C-60:T>C,45885872.0,62494371.0,0.016291701097970148
100018445|F|0-45:A>G-45:A>G,100033227|F|0-6:A>G-6:A>G,45885872.0,62503297.0,0.008977707123122916
100018445|F|0-45:A>G-45:A>G,100015367|F|0-46:A>T-46:A>T,45885872.0,62730005.0,0.01587418214623062
100018445|F|0-45:A>G-45:A>G,100016319|F|0-60:C>A-60:C>A,45885872.0,62905182.0,0.0038953741482823942
100018445|F|0-45:A>G-45:A>G,100020253|F|0-17:T>C-17:T>C,45885872.0,63125496.0,0.03912786779659001
100018445|F|0-45:A>G-45:A>G,100017121|F|0-19:C>T-19:C>T,45885872.0,63306572.0,0.027806929034313203
100018445|F|0-45:A>G-45:A>G,100021507|F|0-53:A>C-53:A>C,45885872.0,63642647.0,0.011453386211681193
100018445|F|0-45:A>G-45:A>G,100019105|F|0-61:T>C-61:T>C,45885872.0,63665304.0,0.006462934621132911
100018445|F|0-45:A>G-45:A>G,100014627|F|0-15:C>G-15:C>G,45885872.0,64043609.0,0.003912720466147715
100018445|F|0-45:A>G-45:A>G,100033689|F|0-56:C>T-56:C>T,45885872.0,64044059.0,0.003289918614254691
100018445|F|0-45:A>G-45:A>G,100046739|F|0-18:T>G-18:T>G,45885872.0,64189766.0,0.01042672160784225
100018445|F|0-45:A>G-45:A>G,100030110|F|0-28:T>C-28:T>C,45885872.0,64196475.0,0.0065106923913629605
100018445|F|0-45:A>G-45:A>G,100016864|F|0-56:A>G-56:A>G,45885872.0,64720414.0,0.012710278197646432
100018445|F|0-45:A>G-45:A>G,100021392|F|0-51:G>A-51:G>A,45885872.0,64886887.0,0.0006687909031447881
100034159|F|0-24:A>G-24:A>G,100017594|F|0-13:G>T-13:G>T,46097671.0,46097676.0,0.8943489069966906
100034159|F|0-24:A>G-24:A>G,100030376|F|0-12:T>C-12:T>C,46097671.0,47165949.0,0.2167443891320915
100034159|F|0-24:A>G-24:A>G,100034945|F|0-61:G>A-61:G>A,46097671.0,47171709.0,0.17634853838874123
100034159|F|0-24:A>G-24:A>G,100043426|F|0-30:G>A-30:G>A,46097671.0,47201903.0,0.07087837516072196
100034159|F|0-24:A>G-24:A>G,100015331|F|0-40:A>G-40:A>G,46097671.0,47228518.0,0.07074405406055384
100034159|F|0-24:A>G-24:A>G,100033028|F|0-17:A>C-17:A>C,46097671.0,47247609.0,0.07644016927926742
100034159|F|0-24:A>G-24:A>G,100014668|F|0-30:A>T-30:A>T,46097671.0,48841067.0,0.06297420333839163
100034159|F|0-24:A>G-24:A>G,100019661|F|0-30:A>T-30:A>T,46097671.0,48965503.0,0.03710078408873603
100034159|F|0-24:A>G-24:A>G,100035901|F|0-29:T>A-29:T>A,46097671.0,48989476.0,0.03698758030223354
100034159|F|0-24:A>G-24:A>G,100043126|F|0-48:T>A-48:T>A,46097671.0,49230618.0,0.010444676120299486
100034159|F|0-24:A>G-24:A>G,100044970|F|0-28:C>T-28:C>T,46097671.0,49340094.0,0.04871101539023212
100034159|F|0-24:A>G-24:A>G,100013964|F|0-14:T>G-14:T>G,46097671.0,49356602.0,0.043632647048832955
100034159|F|0-24:A>G-24:A>G,100020795|F|0-42:T>C-42:T>C,46097671.0,49358815.0,0.04440413063126568
100034159|F|0-24:A>G-24:A>G,100016185|F|0-62:C>T-62:C>T,46097671.0,49565807.0,0.004029944958222301
100034159|F|0-24:A>G-24:A>G,100033324|F|0-45:A>T-45:A>T,46097671.0,53523372.0,0.0024574845623223547
100034159|F|0-24:A>G-24:A>G,100034432|F|0-24:T>A-24:T>A,46097671.0,53750135.0,0.023824972540637764
100034159|F|0-24:A>G-24:A>G,100056034|F|0-41:G>T-41:G>T,46097671.0,53750140.0,0.01304057930563953
100034159|F|0-24:A>G-24:A>G,100019249|F|0-36:C>A-36:C>A,46097671.0,54407017.0,0.033551424240006414
100034159|F|0-24:A>G-24:A>G,100013936|F|0-38:C>A-38:C>A,46097671.0,54572400.0,0.12782722687625478
100034159|F|0-24:A>G-24:A>G,100018265|F|0-5:C>T-5:C>T,46097671.0,56110897.0,0.15471472833001584
100034159|F|0-24:A>G-24:A>G,100014526|F|0-10:T>C-10:T>C,46097671.0,56110902.0,0.1615683955541866
100034159|F|0-24:A>G-24:A>G,100030709|F|0-39:T>A-39:T>A,46097671.0,56193250.0,0.06197373359251711
100034159|F|0-24:A>G-24:A>G,100033311|F|0-46:C>T-46:C>T,46097671.0,57009334.0,0.013812041644840248
100034159|F|0-24:A>G-24:A>G,100034520|F|0-31:G>A-31:G>A,46097671.0,58309310.0,0.03584267576363907
100034159|F|0-24:A>G-24:A>G,100019390|F|0-56:C>T-56:C>T,46097671.0,58491205.0,7.613391956451507e-05
100034159|F|0-24:A>G-24:A>G,100013048|F|0-58:C>T-58:C>T,46097671.0,58709443.0,0.04049548817677347
100034159|F|0-24:A>G-24:A>G,100041246|F|0-21:G>A-21:G>A,46097671.0,58719431.0,0.03134441087613297
100034159|F|0-24:A>G-24:A>G,100033981|F|0-18:C>A-18:C>A,46097671.0,58771602.0,0.011934432515337429
100034159|F|0-24:A>G-24:A>G,100021859|F|0-23:T>A-23:T>A,46097671.0,59249203.0,0.0012231124819477282
100034159|F|0-24:A>G-24:A>G,100038389|F|0-45:C>T-45:C>T,46097671.0,59686561.0,0.006934483967616517
100034159|F|0-24:A>G-24:A>G,100015287|F|0-63:T>C-63:T>C,46097671.0,61485460.0,0.006128775190447905
100034159|F|0-24:A>G-24:A>G,100013445|F|0-24:G>T-24:G>T,46097671.0,61602864.0,0.0007689769679424398
100034159|F|0-24:A>G-24:A>G,100013879|F|0-63:G>A-63:G>A,46097671.0,61606253.0,0.0014092916516564654
100034159|F|0-24:A>G-24:A>G,100040047|F|0-6:G>A-6:G>A,46097671.0,61640208.0,0.03762372980616528
100034159|F|0-24:A>G-24:A>G,100016920|F|0-66:T>A-66:T>A,46097671.0,61641379.0,0.031278830094073964
100034159|F|0-24:A>G-24:A>G,100017079|F|0-12:A>G-12:A>G,46097671.0,61641384.0,0.04120526222537214
100034159|F|0-24:A>G-24:A>G,100020360|F|0-56:A>G-56:A>G,46097671.0,61670176.0,0.03799981419317002
100034159|F|0-24:A>G-24:A>G,100056174|F|0-11:G>A-11:G>A,46097671.0,61712285.0,0.06538136490917801
100034159|F|0-24:A>G-24:A>G,100013722|F|0-6:A>G-6:A>G,46097671.0,61760543.0,0.009593496480353486
100034159|F|0-24:A>G-24:A>G,100013153|F|0-63:C>A-63:C>A,46097671.0,61760548.0,0.008362812028177716
100034159|F|0-24:A>G-24:A>G,100040510|F|0-32:T>C-32:T>C,46097671.0,62326715.0,0.004157254016064252
100034159|F|0-24:A>G-24:A>G,100013356|F|0-7:G>A-7:G>A,46097671.0,62367252.0,0.01567338773480414
100034159|F|0-24:A>G-24:A>G,100014994|F|0-36:G>A-36:G>A,46097671.0,62444541.0,0.04176210250585023
100034159|F|0-24:A>G-24:A>G,100020485|F|0-47:G>T-47:G>T,46097671.0,62444546.0,0.031701341093076325
100034159|F|0-24:A>G-24:A>G,100013478|F|0-51:G>A-51:G>A,46097671.0,62447789.0,0.03432568436154075
100034159|F|0-24:A>G-24:A>G,100013529|F|0-11:C>G-11:C>G,46097671.0,62466983.0,0.04276002314342112
100034159|F|0-24:A>G-24:A>G,100029518|F|0-19:G>C-19:G>C,46097671.0,62476880.0,0.03910483029199947
100034159|F|0-24:A>G-24:A>G,100044261|F|0-5:T>A-5:T>A,46097671.0,62476902.0,0.04482394018567695
100034159|F|0-24:A>G-24:A>G,100017508|F|0-26:G>A-26:G>A,46097671.0,62494366.0,0.02004972168426411
100034159|F|0-24:A>G-24:A>G,100051794|F|0-60:T>C-60:T>C,46097671.0,62494371.0,0.024485937513045897
100034159|F|0-24:A>G-24:A>G,100033227|F|0-6:A>G-6:A>G,46097671.0,62503297.0,0.015824483395171576
100034159|F|0-24:A>G-24:A>G,100015367|F|0-46:A>T-46:A>T,46097671.0,62730005.0,0.0387193076356771
100034159|F|0-24:A>G-24:A>G,100016319|F|0-60:C>A-60:C>A,46097671.0,62905182.0,0.0019963575231157255
100034159|F|0-24:A>G-24:A>G,100020253|F|0-17:T>C-17:T>C,46097671.0,63125496.0,0.03664658634538161
100034159|F|0-24:A>G-24:A>G,100017121|F|0-19:C>T-19:C>T,46097671.0,63306572.0,0.0300488817627232
100034159|F|0-24:A>G-24:A>G,100021507|F|0-53:A>C-53:A>C,46097671.0,63642647.0,0.028183571929912103
100034159|F|0-24:A>G-24:A>G,100019105|F|0-61:T>C-61:T>C,46097671.0,63665304.0,0.003312217943940709
100034159|F|0-24:A>G-24:A>G,100014627|F|0-15:C>G-15:C>G,46097671.0,64043609.0,0.0025824427310857153
100034159|F|0-24:A>G-24:A>G,100033689|F|0-56:C>T-56:C>T,46097671.0,64044059.0,0.0029247860573161748
100034159|F|0-24:A>G-24:A>G,100046739|F|0-18:T>G-18:T>G,46097671.0,64189766.0,0.005343636665152518
100034159|F|0-24:A>G-24:A>G,100030110|F|0-28:T>C-28:T>C,46097671.0,64196475.0,0.007282908067314552
100034159|F|0-24:A>G-24:A>G,100016864|F|0-56:A>G-56:A>G,46097671.0,64720414.0,0.03276061397823726
100034159|F|0-24:A>G-24:A>G,100021392|F|0-51:G>A-51:G>A,46097671.0,64886887.0,8.696963020513092e-06
100017594|F|0-13:G>T-13:G>T,100030376|F|0-12:T>C-12:T>C,46097676.0,47165949.0,0.23293460735599408
100017594|F|0-13:G>T-13:G>T,100034945|F|0-61:G>A-61:G>A,46097676.0,47171709.0,0.19328489122797382
100017594|F|0-13:G>T-13:G>T,100043426|F|0-30:G>A-30:G>A,46097676.0,47201903.0,0.07562927928218971
100017594|F|0-13:G>T-13:G>T,100015331|F|0-40:A>G-40:A>G,46097676.0,47228518.0,0.07520479072426442
100017594|F|0-13:G>T-13:G>T,100033028|F|0-17:A>C-17:A>C,46097676.0,47247609.0,0.08039468070316731
100017594|F|0-13:G>T-13:G>T,100014668|F|0-30:A>T-30:A>T,46097676.0,48841067.0,0.041406231853565234
100017594|F|0-13:G>T-13:G>T,100019661|F|0-30:A>T-30:A>T,46097676.0,48965503.0,0.05384471100949851
100017594|F|0-13:G>T-13:G>T,100035901|F|0-29:T>A-29:T>A,46097676.0,48989476.0,0.05240648607248982
100017594|F|0-13:G>T-13:G>T,100043126|F|0-48:T>A-48:T>A,46097676.0,49230618.0,0.005991318680129337
100017594|F|0-13:G>T-13:G>T,100044970|F|0-28:C>T-28:C>T,46097676.0,49340094.0,0.03657260038223031
100017594|F|0-13:G>T-13:G>T,100013964|F|0-14:T>G-14:T>G,46097676.0,49356602.0,0.032747293611498855
100017594|F|0-13:G>T-13:G>T,100020795|F|0-42:T>C-42:T>C,46097676.0,49358815.0,0.024400758619229492
100017594|F|0-13:G>T-13:G>T,100016185|F|0-62:C>T-62:C>T,46097676.0,49565807.0,0.007444385818287087
100017594|F|0-13:G>T-13:G>T,100033324|F|0-45:A>T-45:A>T,46097676.0,53523372.0,0.001656812855087706
100017594|F|0-13:G>T-13:G>T,100034432|F|0-24:T>A-24:T>A,46097676.0,53750135.0,0.04790734614459344
100017594|F|0-13:G>T-13:G>T,100056034|F|0-41:G>T-41:G>T,46097676.0,53750140.0,0.00386358589657742
100017594|F|0-13:G>T-13:G>T,100019249|F|0-36:C>A-36:C>A,46097676.0,54407017.0,0.037615431477276855
100017594|F|0-13:G>T-13:G>T,100013936|F|0-38:C>A-38:C>A,46097676.0,54572400.0,0.12138514515397086
100017594|F|0-13:G>T-13:G>T,100018265|F|0-5:C>T-5:C>T,46097676.0,56110897.0,0.18901130592521395
100017594|F|0-13:G>T-13:G>T,100014526|F|0-10:T>C-10:T>C,46097676.0,56110902.0,0.21259705139163454
100017594|F|0-13:G>T-13:G>T,100030709|F|0-39:T>A-39:T>A,46097676.0,56193250.0,0.058875393663495326
100017594|F|0-13:G>T-13:G>T,100033311|F|0-46:C>T-46:C>T,46097676.0,57009334.0,0.017663649227548477
100017594|F|0-13:G>T-13:G>T,100034520|F|0-31:G>A-31:G>A,46097676.0,58309310.0,0.018764007704018752
100017594|F|0-13:G>T-13:G>T,100019390|F|0-56:C>T-56:C>T,46097676.0,58491205.0,0.0007419079474214618
100017594|F|0-13:G>T-13:G>T,100013048|F|0-58:C>T-58:C>T,46097676.0,58709443.0,0.05384525022985298
100017594|F|0-13:G>T-13:G>T,100041246|F|0-21:G>A-21:G>A,46097676.0,58719431.0,0.025431700009742753
100017594|F|0-13:G>T-13:G>T,100033981|F|0-18:C>A-18:C>A,46097676.0,58771602.0,0.018956214152277436
100017594|F|0-13:G>T-13:G>T,100021859|F|0-23:T>A-23:T>A,46097676.0,59249203.0,0.0016350771429205462
100017594|F|0-13:G>T-13:G>T,100038389|F|0-45:C>T-45:C>T,46097676.0,59686561.0,0.019505127061970575
100017594|F|0-13:G>T-13:G>T,100015287|F|0-63:T>C-63:T>C,46097676.0,61485460.0,0.0008446807106913557
100017594|F|0-13:G>T-13:G>T,100013445|F|0-24:G>T-24:G>T,46097676.0,61602864.0,0.00019140821306648558
100017594|F|0-13:G>T-13:G>T,100013879|F|0-63:G>A-63:G>A,46097676.0,61606253.0,0.000473973661876074
100017594|F|0-13:G>T-13:G>T,100040047|F|0-6:G>A-6:G>A,46097676.0,61640208.0,0.0466150034327172
100017594|F|0-13:G>T-13:G>T,100016920|F|0-66:T>A-66:T>A,46097676.0,61641379.0,0.048355392029020436
100017594|F|0-13:G>T-13:G>T,100017079|F|0-12:A>G-12:A>G,46097676.0,61641384.0,0.04911139667637003
100017594|F|0-13:G>T-13:G>T,100020360|F|0-56:A>G-56:A>G,46097676.0,61670176.0,0.05564244827888364
100017594|F|0-13:G>T-13:G>T,100056174|F|0-11:G>A-11:G>A,46097676.0,61712285.0,0.0908342007959521
100017594|F|0-13:G>T-13:G>T,100013722|F|0-6:A>G-6:A>G,46097676.0,61760543.0,0.0044336152960906755
100017594|F|0-13:G>T-13:G>T,100013153|F|0-63:C>A-63:C>A,46097676.0,61760548.0,0.003740540571871854
100017594|F|0-13:G>T-13:G>T,100040510|F|0-32:T>C-32:T>C,46097676.0,62326715.0,0.004121838171586242
100017594|F|0-13:G>T-13:G>T,100013356|F|0-7:G>A-7:G>A,46097676.0,62367252.0,0.028396087807889252
100017594|F|0-13:G>T-13:G>T,100014994|F|0-36:G>A-36:G>A,46097676.0,62444541.0,0.05268132834351223
100017594|F|0-13:G>T-13:G>T,100020485|F|0-47:G>T-47:G>T,46097676.0,62444546.0,0.03460859074236428
100017594|F|0-13:G>T-13:G>T,100013478|F|0-51:G>A-51:G>A,46097676.0,62447789.0,0.036672783322673375
100017594|F|0-13:G>T-13:G>T,100013529|F|0-11:C>G-11:C>G,46097676.0,62466983.0,0.06898675351564575
100017594|F|0-13:G>T-13:G>T,100029518|F|0-19:G>C-19:G>C,46097676.0,62476880.0,0.06439537818135309
100017594|F|0-13:G>T-13:G>T,100044261|F|0-5:T>A-5:T>A,46097676.0,62476902.0,0.07092673841983081
100017594|F|0-13:G>T-13:G>T,100017508|F|0-26:G>A-26:G>A,46097676.0,62494366.0,0.0361357780792863
100017594|F|0-13:G>T-13:G>T,100051794|F|0-60:T>C-60:T>C,46097676.0,62494371.0,0.03427619120887059
100017594|F|0-13:G>T-13:G>T,100033227|F|0-6:A>G-6:A>G,46097676.0,62503297.0,0.024618228305610224
100017594|F|0-13:G>T-13:G>T,100015367|F|0-46:A>T-46:A>T,46097676.0,62730005.0,0.043289109640743534
100017594|F|0-13:G>T-13:G>T,100016319|F|0-60:C>A-60:C>A,46097676.0,62905182.0,0.0024131924644112384
100017594|F|0-13:G>T-13:G>T,100020253|F|0-17:T>C-17:T>C,46097676.0,63125496.0,0.03908659513005449
100017594|F|0-13:G>T-13:G>T,100017121|F|0-19:C>T-19:C>T,46097676.0,63306572.0,0.02469302815666728
100017594|F|0-13:G>T-13:G>T,100021507|F|0-53:A>C-53:A>C,46097676.0,63642647.0,0.01771154288580673
100017594|F|0-13:G>T-13:G>T,100019105|F|0-61:T>C-61:T>C,46097676.0,63665304.0,0.012136842685835897
100017594|F|0-13:G>T-13:G>T,100014627|F|0-15:C>G-15:C>G,46097676.0,64043609.0,0.0017017137869842843
100017594|F|0-13:G>T-13:G>T,100033689|F|0-56:C>T-56:C>T,46097676.0,64044059.0,0.0019468382709577595
100017594|F|0-13:G>T-13:G>T,100046739|F|0-18:T>G-18:T>G,46097676.0,64189766.0,0.004091924527214542
100017594|F|0-13:G>T-13:G>T,100030110|F|0-28:T>C-28:T>C,46097676.0,64196475.0,0.00557693421493927
100017594|F|0-13:G>T-13:G>T,100016864|F|0-56:A>G-56:A>G,46097676.0,64720414.0,0.026747345037504307
100017594|F|0-13:G>T-13:G>T,100021392|F|0-51:G>A-51:G>A,46097676.0,64886887.0,0.0006608625616129202
100030376|F|0-12:T>C-12:T>C,100034945|F|0-61:G>A-61:G>A,47165949.0,47171709.0,0.9146282100271991
100030376|F|0-12:T>C-12:T>C,100043426|F|0-30:G>A-30:G>A,47165949.0,47201903.0,0.6715313245090976
100030376|F|0-12:T>C-12:T>C,100015331|F|0-40:A>G-40:A>G,47165949.0,47228518.0,0.6554452450830347
100030376|F|0-12:T>C-12:T>C,100033028|F|0-17:A>C-17:A>C,47165949.0,47247609.0,0.6294990146250389
100030376|F|0-12:T>C-12:T>C,100014668|F|0-30:A>T-30:A>T,47165949.0,48841067.0,0.07364642864694086
100030376|F|0-12:T>C-12:T>C,100019661|F|0-30:A>T-30:A>T,47165949.0,48965503.0,0.03179584891270795
100030376|F|0-12:T>C-12:T>C,100035901|F|0-29:T>A-29:T>A,47165949.0,48989476.0,0.06546649071411571
100030376|F|0-12:T>C-12:T>C,100043126|F|0-48:T>A-48:T>A,47165949.0,49230618.0,0.08618983830744217
100030376|F|0-12:T>C-12:T>C,100044970|F|0-28:C>T-28:C>T,47165949.0,49340094.0,0.040482026012572656
100030376|F|0-12:T>C-12:T>C,100013964|F|0-14:T>G-14:T>G,47165949.0,49356602.0,0.03808940036442977
100030376|F|0-12:T>C-12:T>C,100020795|F|0-42:T>C-42:T>C,47165949.0,49358815.0,0.04074411170274477
100030376|F|0-12:T>C-12:T>C,100016185|F|0-62:C>T-62:C>T,47165949.0,49565807.0,0.26330791468774883
100030376|F|0-12:T>C-12:T>C,100033324|F|0-45:A>T-45:A>T,47165949.0,53523372.0,0.0009313344528048858
100030376|F|0-12:T>C-12:T>C,100034432|F|0-24:T>A-24:T>A,47165949.0,53750135.0,0.10921040696656381
100030376|F|0-12:T>C-12:T>C,100056034|F|0-41:G>T-41:G>T,47165949.0,53750140.0,0.057775446799907065
100030376|F|0-12:T>C-12:T>C,100019249|F|0-36:C>A-36:C>A,47165949.0,54407017.0,0.00392936235843114
100030376|F|0-12:T>C-12:T>C,100013936|F|0-38:C>A-38:C>A,47165949.0,54572400.0,0.04750615454180061
100030376|F|0-12:T>C-12:T>C,100018265|F|0-5:C>T-5:C>T,47165949.0,56110897.0,0.20540402536259036
100030376|F|0-12:T>C-12:T>C,100014526|F|0-10:T>C-10:T>C,47165949.0,56110902.0,0.17938650442838683
100030376|F|0-12:T>C-12:T>C,100030709|F|0-39:T>A-39:T>A,47165949.0,56193250.0,0.07439384689289666
100030376|F|0-12:T>C-12:T>C,100033311|F|0-46:C>T-46:C>T,47165949.0,57009334.0,0.0018036887619580233
100030376|F|0-12:T>C-12:T>C,100034520|F|0-31:G>A-31:G>A,47165949.0,58309310.0,0.00048529448838387175
100030376|F|0-12:T>C-12:T>C,100019390|F|0-56:C>T-56:C>T,47165949.0,58491205.0,0.0020126396819833362
100030376|F|0-12:T>C-12:T>C,100013048|F|0-58:C>T-58:C>T,47165949.0,58709443.0,0.029642223395475502
100030376|F|0-12:T>C-12:T>C,100041246|F|0-21:G>A-21:G>A,47165949.0,58719431.0,0.0012031857360735117
100030376|F|0-12:T>C-12:T>C,100033981|F|0-18:C>A-18:C>A,47165949.0,58771602.0,0.0034030128138288983
100030376|F|0-12:T>C-12:T>C,100021859|F|0-23:T>A-23:T>A,47165949.0,59249203.0,0.0009048382181328035
100030376|F|0-12:T>C-12:T>C,100038389|F|0-45:C>T-45:C>T,47165949.0,59686561.0,0.0011392552733848124
100030376|F|0-12:T>C-12:T>C,100015287|F|0-63:T>C-63:T>C,47165949.0,61485460.0,0.009083961760846672
100030376|F|0-12:T>C-12:T>C,100013445|F|0-24:G>T-24:G>T,47165949.0,61602864.0,0.0006363372726864504
100030376|F|0-12:T>C-12:T>C,100013879|F|0-63:G>A-63:G>A,47165949.0,61606253.0,0.0008412472893142883
100030376|F|0-12:T>C-12:T>C,100040047|F|0-6:G>A-6:G>A,47165949.0,61640208.0,0.09177712456802327
100030376|F|0-12:T>C-12:T>C,100016920|F|0-66:T>A-66:T>A,47165949.0,61641379.0,0.083377692489645
100030376|F|0-12:T>C-12:T>C,100017079|F|0-12:A>G-12:A>G,47165949.0,61641384.0,0.10268223044844957
100030376|F|0-12:T>C-12:T>C,100020360|F|0-56:A>G-56:A>G,47165949.0,61670176.0,0.058478527991278194
100030376|F|0-12:T>C-12:T>C,100056174|F|0-11:G>A-11:G>A,47165949.0,61712285.0,0.04115178808477284
100030376|F|0-12:T>C-12:T>C,100013722|F|0-6:A>G-6:A>G,47165949.0,61760543.0,0.010903625982507954
100030376|F|0-12:T>C-12:T>C,100013153|F|0-63:C>A-63:C>A,47165949.0,61760548.0,0.010319647292610472
100030376|F|0-12:T>C-12:T>C,100040510|F|0-32:T>C-32:T>C,47165949.0,62326715.0,0.0033855227463793804
100030376|F|0-12:T>C-12:T>C,100013356|F|0-7:G>A-7:G>A,47165949.0,62367252.0,0.07834097907425491
100030376|F|0-12:T>C-12:T>C,100014994|F|0-36:G>A-36:G>A,47165949.0,62444541.0,0.012137260839221927
100030376|F|0-12:T>C-12:T>C,100020485|F|0-47:G>T-47:G>T,47165949.0,62444546.0,0.008023100535955136
100030376|F|0-12:T>C-12:T>C,100013478|F|0-51:G>A-51:G>A,47165949.0,62447789.0,0.008170540417433777
100030376|F|0-12:T>C-12:T>C,100013529|F|0-11:C>G-11:C>G,47165949.0,62466983.0,0.048094290852751784
100030376|F|0-12:T>C-12:T>C,100029518|F|0-19:G>C-19:G>C,47165949.0,62476880.0,0.046170795763442206
100030376|F|0-12:T>C-12:T>C,100044261|F|0-5:T>A-5:T>A,47165949.0,62476902.0,0.048119043653359055
100030376|F|0-12:T>C-12:T>C,100017508|F|0-26:G>A-26:G>A,47165949.0,62494366.0,0.03618201990885462
100030376|F|0-12:T>C-12:T>C,100051794|F|0-60:T>C-60:T>C,47165949.0,62494371.0,0.032106591592122154
100030376|F|0-12:T>C-12:T>C,100033227|F|0-6:A>G-6:A>G,47165949.0,62503297.0,0.031314293704375
100030376|F|0-12:T>C-12:T>C,100015367|F|0-46:A>T-46:A>T,47165949.0,62730005.0,0.15799424424216948
100030376|F|0-12:T>C-12:T>C,100016319|F|0-60:C>A-60:C>A,47165949.0,62905182.0,0.0018267083996538896
100030376|F|0-12:T>C-12:T>C,100020253|F|0-17:T>C-17:T>C,47165949.0,63125496.0,0.09675247449990874
100030376|F|0-12:T>C-12:T>C,100017121|F|0-19:C>T-19:C>T,47165949.0,63306572.0,0.0021043587113020942
100030376|F|0-12:T>C-12:T>C,100021507|F|0-53:A>C-53:A>C,47165949.0,63642647.0,0.0038050570051953317
100030376|F|0-12:T>C-12:T>C,100019105|F|0-61:T>C-61:T>C,47165949.0,63665304.0,0.004501726105631032
100030376|F|0-12:T>C-12:T>C,100014627|F|0-15:C>G-15:C>G,47165949.0,64043609.0,0.007630835922520989
100030376|F|0-12:T>C-12:T>C,100033689|F|0-56:C>T-56:C>T,47165949.0,64044059.0,0.00739275653147955
100030376|F|0-12:T>C-12:T>C,100046739|F|0-18:T>G-18:T>G,47165949.0,64189766.0,0.022316093911457283
100030376|F|0-12:T>C-12:T>C,100030110|F|0-28:T>C-28:T>C,47165949.0,64196475.0,0.048911685889420874
100030376|F|0-12:T>C-12:T>C,100016864|F|0-56:A>G-56:A>G,47165949.0,64720414.0,0.03587085381348965
100030376|F|0-12:T>C-12:T>C,100021392|F|0-51:G>A-51:G>A,47165949.0,64886887.0,0.007281976724908149
100034945|F|0-61:G>A-61:G>A,100043426|F|0-30:G>A-30:G>A,47171709.0,47201903.0,0.7069524910990047
100034945|F|0-61:G>A-61:G>A,100015331|F|0-40:A>G-40:A>G,47171709.0,47228518.0,0.6899795788696906
100034945|F|0-61:G>A-61:G>A,100033028|F|0-17:A>C-17:A>C,47171709.0,47247609.0,0.6634475281659186
100034945|F|0-61:G>A-61:G>A,100014668|F|0-30:A>T-30:A>T,47171709.0,48841067.0,0.07364642864694089
100034945|F|0-61:G>A-61:G>A,100019661|F|0-30:A>T-30:A>T,47171709.0,48965503.0,0.04034886072969318
100034945|F|0-61:G>A-61:G>A,100035901|F|0-29:T>A-29:T>A,47171709.0,48989476.0,0.07712554661943609
100034945|F|0-61:G>A-61:G>A,100043126|F|0-48:T>A-48:T>A,47171709.0,49230618.0,0.07027408706887597
100034945|F|0-61:G>A-61:G>A,100044970|F|0-28:C>T-28:C>T,47171709.0,49340094.0,0.04048202601257267
100034945|F|0-61:G>A-61:G>A,100013964|F|0-14:T>G-14:T>G,47171709.0,49356602.0,0.03808940036442977
100034945|F|0-61:G>A-61:G>A,100020795|F|0-42:T>C-42:T>C,47171709.0,49358815.0,0.04074411170274475
100034945|F|0-61:G>A-61:G>A,100016185|F|0-62:C>T-62:C>T,47171709.0,49565807.0,0.2874233776620277
100034945|F|0-61:G>A-61:G>A,100033324|F|0-45:A>T-45:A>T,47171709.0,53523372.0,0.005572796757718423
100034945|F|0-61:G>A-61:G>A,100034432|F|0-24:T>A-24:T>A,47171709.0,53750135.0,0.0884397165528646
100034945|F|0-61:G>A-61:G>A,100056034|F|0-41:G>T-41:G>T,47171709.0,53750140.0,0.06902719374010145
100034945|F|0-61:G>A-61:G>A,100019249|F|0-36:C>A-36:C>A,47171709.0,54407017.0,0.0015030202366502633
100034945|F|0-61:G>A-61:G>A,100013936|F|0-38:C>A-38:C>A,47171709.0,54572400.0,0.07078626642578251
100034945|F|0-61:G>A-61:G>A,100018265|F|0-5:C>T-5:C>T,47171709.0,56110897.0,0.18414078756324198
100034945|F|0-61:G>A-61:G>A,100014526|F|0-10:T>C-10:T>C,47171709.0,56110902.0,0.1606459687182405
100034945|F|0-61:G>A-61:G>A,100030709|F|0-39:T>A-39:T>A,47171709.0,56193250.0,0.08776060890234486
100034945|F|0-61:G>A-61:G>A,100033311|F|0-46:C>T-46:C>T,47171709.0,57009334.0,0.0018036887619580233
100034945|F|0-61:G>A-61:G>A,100034520|F|0-31:G>A-31:G>A,47171709.0,58309310.0,0.0004852944883838711
100034945|F|0-61:G>A-61:G>A,100019390|F|0-56:C>T-56:C>T,47171709.0,58491205.0,0.0004033579189588709
100034945|F|0-61:G>A-61:G>A,100013048|F|0-58:C>T-58:C>T,47171709.0,58709443.0,0.029642223395475502
100034945|F|0-61:G>A-61:G>A,100041246|F|0-21:G>A-21:G>A,47171709.0,58719431.0,0.004488123340184234
100034945|F|0-61:G>A-61:G>A,100033981|F|0-18:C>A-18:C>A,47171709.0,58771602.0,0.0034030128138288983
100034945|F|0-61:G>A-61:G>A,100021859|F|0-23:T>A-23:T>A,47171709.0,59249203.0,0.000518529439179784
100034945|F|0-61:G>A-61:G>A,100038389|F|0-45:C>T-45:C>T,47171709.0,59686561.0,6.562110374696585e-05
100034945|F|0-61:G>A-61:G>A,100015287|F|0-63:T>C-63:T>C,47171709.0,61485460.0,0.01365812787993514
100034945|F|0-61:G>A-61:G>A,100013445|F|0-24:G>T-24:G>T,47171709.0,61602864.0,0.000636337272686449
100034945|F|0-61:G>A-61:G>A,100013879|F|0-63:G>A-63:G>A,47171709.0,61606253.0,0.0008412472893142908
100034945|F|0-61:G>A-61:G>A,100040047|F|0-6:G>A-6:G>A,47171709.0,61640208.0,0.10550588768471134
100034945|F|0-61:G>A-61:G>A,100016920|F|0-66:T>A-66:T>A,47171709.0,61641379.0,0.09596881181924057
100034945|F|0-61:G>A-61:G>A,100017079|F|0-12:A>G-12:A>G,47171709.0,61641384.0,0.10268223044844957
100034945|F|0-61:G>A-61:G>A,100020360|F|0-56:A>G-56:A>G,47171709.0,61670176.0,0.06887770248479406
100034945|F|0-61:G>A-61:G>A,100056174|F|0-11:G>A-11:G>A,47171709.0,61712285.0,0.05632751492880111
100034945|F|0-61:G>A-61:G>A,100013722|F|0-6:A>G-6:A>G,47171709.0,61760543.0,0.004962924807130215
100034945|F|0-61:G>A-61:G>A,100013153|F|0-63:C>A-63:C>A,47171709.0,61760548.0,0.001194901290005672
100034945|F|0-61:G>A-61:G>A,100040510|F|0-32:T>C-32:T>C,47171709.0,62326715.0,0.0013013949437082352
100034945|F|0-61:G>A-61:G>A,100013356|F|0-7:G>A-7:G>A,47171709.0,62367252.0,0.0911693739168056
100034945|F|0-61:G>A-61:G>A,100014994|F|0-36:G>A-36:G>A,47171709.0,62444541.0,0.01694705573726732
100034945|F|0-61:G>A-61:G>A,100020485|F|0-47:G>T-47:G>T,47171709.0,62444546.0,0.012105908116731803
100034945|F|0-61:G>A-61:G>A,100013478|F|0-51:G>A-51:G>A,47171709.0,62447789.0,0.012159186490448538
100034945|F|0-61:G>A-61:G>A,100013529|F|0-11:C>G-11:C>G,47171709.0,62466983.0,0.039126305053603504
100034945|F|0-61:G>A-61:G>A,100029518|F|0-19:G>C-19:G>C,47171709.0,62476880.0,0.02971866801557989
100034945|F|0-61:G>A-61:G>A,100044261|F|0-5:T>A-5:T>A,47171709.0,62476902.0,0.039216156779936166
100034945|F|0-61:G>A-61:G>A,100017508|F|0-26:G>A-26:G>A,47171709.0,62494366.0,0.044195534458534094
100034945|F|0-61:G>A-61:G>A,100051794|F|0-60:T>C-60:T>C,47171709.0,62494371.0,0.03997686071641057
100034945|F|0-61:G>A-61:G>A,100033227|F|0-6:A>G-6:A>G,47171709.0,62503297.0,0.03910548569235918
100034945|F|0-61:G>A-61:G>A,100015367|F|0-46:A>T-46:A>T,47171709.0,62730005.0,0.15799424424216954
100034945|F|0-61:G>A-61:G>A,100016319|F|0-60:C>A-60:C>A,47171709.0,62905182.0,0.0018267083996538896
100034945|F|0-61:G>A-61:G>A,100020253|F|0-17:T>C-17:T>C,47171709.0,63125496.0,0.11214534265452644
100034945|F|0-61:G>A-61:G>A,100017121|F|0-19:C>T-19:C>T,47171709.0,63306572.0,0.000996298102102035
100034945|F|0-61:G>A-61:G>A,100021507|F|0-53:A>C-53:A>C,47171709.0,63642647.0,0.0038050570051953317
100034945|F|0-61:G>A-61:G>A,100019105|F|0-61:T>C-61:T>C,47171709.0,63665304.0,0.0011838858923421567
100034945|F|0-61:G>A-61:G>A,100014627|F|0-15:C>G-15:C>G,47171709.0,64043609.0,0.00415937860421759
100034945|F|0-61:G>A-61:G>A,100033689|F|0-56:C>T-56:C>T,47171709.0,64044059.0,0.003997839551353565
100034945|F|0-61:G>A-61:G>A,100046739|F|0-18:T>G-18:T>G,47171709.0,64189766.0,0.03706449588442588
100034945|F|0-61:G>A-61:G>A,100030110|F|0-28:T>C-28:T>C,47171709.0,64196475.0,0.06797860633067225
100034945|F|0-61:G>A-61:G>A,100016864|F|0-56:A>G-56:A>G,47171709.0,64720414.0,0.05905881719640787
100034945|F|0-61:G>A-61:G>A,100021392|F|0-51:G>A-51:G>A,47171709.0,64886887.0,0.016899984216829745
100043426|F|0-30:G>A-30:G>A,100015331|F|0-40:A>G-40:A>G,47201903.0,47228518.0,0.9799065524137103
100043426|F|0-30:G>A-30:G>A,100033028|F|0-17:A>C-17:A>C,47201903.0,47247609.0,0.9225683671686468
100043426|F|0-30:G>A-30:G>A,100014668|F|0-30:A>T-30:A>T,47201903.0,48841067.0,0.06610279301115209
100043426|F|0-30:G>A-30:G>A,100019661|F|0-30:A>T-30:A>T,47201903.0,48965503.0,0.02499655581233348
100043426|F|0-30:G>A-30:G>A,100035901|F|0-29:T>A-29:T>A,47201903.0,48989476.0,0.0417121160731424
100043426|F|0-30:G>A-30:G>A,100043126|F|0-48:T>A-48:T>A,47201903.0,49230618.0,0.1038440136615209
100043426|F|0-30:G>A-30:G>A,100044970|F|0-28:C>T-28:C>T,47201903.0,49340094.0,0.035502486095371544
100043426|F|0-30:G>A-30:G>A,100013964|F|0-14:T>G-14:T>G,47201903.0,49356602.0,0.03440503876135118
100043426|F|0-30:G>A-30:G>A,100020795|F|0-42:T>C-42:T>C,47201903.0,49358815.0,0.028394374941249516
100043426|F|0-30:G>A-30:G>A,100016185|F|0-62:C>T-62:C>T,47201903.0,49565807.0,0.25891594444645916
100043426|F|0-30:G>A-30:G>A,100033324|F|0-45:A>T-45:A>T,47201903.0,53523372.0,0.00214989426796053
100043426|F|0-30:G>A-30:G>A,100034432|F|0-24:T>A-24:T>A,47201903.0,53750135.0,0.07494438438839522
100043426|F|0-30:G>A-30:G>A,100056034|F|0-41:G>T-41:G>T,47201903.0,53750140.0,0.00464270029487421
100043426|F|0-30:G>A-30:G>A,100019249|F|0-36:C>A-36:C>A,47201903.0,54407017.0,0.011944960692441305
100043426|F|0-30:G>A-30:G>A,100013936|F|0-38:C>A-38:C>A,47201903.0,54572400.0,0.01507309116004766
100043426|F|0-30:G>A-30:G>A,100018265|F|0-5:C>T-5:C>T,47201903.0,56110897.0,0.17626648601025835
100043426|F|0-30:G>A-30:G>A,100014526|F|0-10:T>C-10:T>C,47201903.0,56110902.0,0.15816966404686078
100043426|F|0-30:G>A-30:G>A,100030709|F|0-39:T>A-39:T>A,47201903.0,56193250.0,0.09105641776846098
100043426|F|0-30:G>A-30:G>A,100033311|F|0-46:C>T-46:C>T,47201903.0,57009334.0,0.000292385098623284
100043426|F|0-30:G>A-30:G>A,100034520|F|0-31:G>A-31:G>A,47201903.0,58309310.0,0.01328353728490086
100043426|F|0-30:G>A-30:G>A,100019390|F|0-56:C>T-56:C>T,47201903.0,58491205.0,0.0002581580278365771
100043426|F|0-30:G>A-30:G>A,100013048|F|0-58:C>T-58:C>T,47201903.0,58709443.0,0.04796354913619935
100043426|F|0-30:G>A-30:G>A,100041246|F|0-21:G>A-21:G>A,47201903.0,58719431.0,0.0005731822361271985
100043426|F|0-30:G>A-30:G>A,100033981|F|0-18:C>A-18:C>A,47201903.0,58771602.0,0.0005861832515606881
100043426|F|0-30:G>A-30:G>A,100021859|F|0-23:T>A-23:T>A,47201903.0,59249203.0,0.0034281355498232895
100043426|F|0-30:G>A-30:G>A,100038389|F|0-45:C>T-45:C>T,47201903.0,59686561.0,0.0007685551163812042
100043426|F|0-30:G>A-30:G>A,100015287|F|0-63:T>C-63:T>C,47201903.0,61485460.0,0.01862182952551446
100043426|F|0-30:G>A-30:G>A,100013445|F|0-24:G>T-24:G>T,47201903.0,61602864.0,0.009684143633290987
100043426|F|0-30:G>A-30:G>A,100013879|F|0-63:G>A-63:G>A,47201903.0,61606253.0,0.007470341140715259
100043426|F|0-30:G>A-30:G>A,100040047|F|0-6:G>A-6:G>A,47201903.0,61640208.0,0.12425148335342771
100043426|F|0-30:G>A-30:G>A,100016920|F|0-66:T>A-66:T>A,47201903.0,61641379.0,0.09573142969441206
100043426|F|0-30:G>A-30:G>A,100017079|F|0-12:A>G-12:A>G,47201903.0,61641384.0,0.10748576988986187
100043426|F|0-30:G>A-30:G>A,100020360|F|0-56:A>G-56:A>G,47201903.0,61670176.0,0.09199959308342749
100043426|F|0-30:G>A-30:G>A,100056174|F|0-11:G>A-11:G>A,47201903.0,61712285.0,0.04221022047358307
100043426|F|0-30:G>A-30:G>A,100013722|F|0-6:A>G-6:A>G,47201903.0,61760543.0,0.005547021488243538
100043426|F|0-30:G>A-30:G>A,100013153|F|0-63:C>A-63:C>A,47201903.0,61760548.0,0.0061295274093804445
100043426|F|0-30:G>A-30:G>A,100040510|F|0-32:T>C-32:T>C,47201903.0,62326715.0,0.0022839137892460264
100043426|F|0-30:G>A-30:G>A,100013356|F|0-7:G>A-7:G>A,47201903.0,62367252.0,0.04134336265831494
100043426|F|0-30:G>A-30:G>A,100014994|F|0-36:G>A-36:G>A,47201903.0,62444541.0,0.00870580850504914
100043426|F|0-30:G>A-30:G>A,100020485|F|0-47:G>T-47:G>T,47201903.0,62444546.0,0.0074874617229499394
100043426|F|0-30:G>A-30:G>A,100013478|F|0-51:G>A-51:G>A,47201903.0,62447789.0,0.005792480323800259
100043426|F|0-30:G>A-30:G>A,100013529|F|0-11:C>G-11:C>G,47201903.0,62466983.0,0.0077962752060025415
100043426|F|0-30:G>A-30:G>A,100029518|F|0-19:G>C-19:G>C,47201903.0,62476880.0,0.00657905931798155
100043426|F|0-30:G>A-30:G>A,100044261|F|0-5:T>A-5:T>A,47201903.0,62476902.0,0.008787776609473736
100043426|F|0-30:G>A-30:G>A,100017508|F|0-26:G>A-26:G>A,47201903.0,62494366.0,0.02943762095112812
100043426|F|0-30:G>A-30:G>A,100051794|F|0-60:T>C-60:T>C,47201903.0,62494371.0,0.027774810383506016
100043426|F|0-30:G>A-30:G>A,100033227|F|0-6:A>G-6:A>G,47201903.0,62503297.0,0.025065721336428187
100043426|F|0-30:G>A-30:G>A,100015367|F|0-46:A>T-46:A>T,47201903.0,62730005.0,0.19644570013428944
100043426|F|0-30:G>A-30:G>A,100016319|F|0-60:C>A-60:C>A,47201903.0,62905182.0,0.001746484051842996
100043426|F|0-30:G>A-30:G>A,100020253|F|0-17:T>C-17:T>C,47201903.0,63125496.0,0.04094699225729599
100043426|F|0-30:G>A-30:G>A,100017121|F|0-19:C>T-19:C>T,47201903.0,63306572.0,0.004227429255417587
100043426|F|0-30:G>A-30:G>A,100021507|F|0-53:A>C-53:A>C,47201903.0,63642647.0,0.004496314250821695
100043426|F|0-30:G>A-30:G>A,100019105|F|0-61:T>C-61:T>C,47201903.0,63665304.0,0.00010187033943196986
100043426|F|0-30:G>A-30:G>A,100014627|F|0-15:C>G-15:C>G,47201903.0,64043609.0,0.01723942044931323
100043426|F|0-30:G>A-30:G>A,100033689|F|0-56:C>T-56:C>T,47201903.0,64044059.0,0.016229707929312654
100043426|F|0-30:G>A-30:G>A,100046739|F|0-18:T>G-18:T>G,47201903.0,64189766.0,0.02332591388871147
100043426|F|0-30:G>A-30:G>A,100030110|F|0-28:T>C-28:T>C,47201903.0,64196475.0,0.0550254946682111
100043426|F|0-30:G>A-30:G>A,100016864|F|0-56:A>G-56:A>G,47201903.0,64720414.0,0.015334403752651849
100043426|F|0-30:G>A-30:G>A,100021392|F|0-51:G>A-51:G>A,47201903.0,64886887.0,0.007155287232284311
100015331|F|0-40:A>G-40:A>G,100033028|F|0-17:A>C-17:A>C,47228518.0,47247609.0,0.9416938013374195
100015331|F|0-40:A>G-40:A>G,100014668|F|0-30:A>T-30:A>T,47228518.0,48841067.0,0.0705376586951826
100015331|F|0-40:A>G-40:A>G,100019661|F|0-30:A>T-30:A>T,47228518.0,48965503.0,0.02623875959421365
100015331|F|0-40:A>G-40:A>G,100035901|F|0-29:T>A-29:T>A,47228518.0,48989476.0,0.03422610999199749
100015331|F|0-40:A>G-40:A>G,100043126|F|0-48:T>A-48:T>A,47228518.0,49230618.0,0.09550961841838179
100015331|F|0-40:A>G-40:A>G,100044970|F|0-28:C>T-28:C>T,47228518.0,49340094.0,0.04094707687522066
100015331|F|0-40:A>G-40:A>G,100013964|F|0-14:T>G-14:T>G,47228518.0,49356602.0,0.039446782612857716
100015331|F|0-40:A>G-40:A>G,100020795|F|0-42:T>C-42:T>C,47228518.0,49358815.0,0.03313408086982074
100015331|F|0-40:A>G-40:A>G,100016185|F|0-62:C>T-62:C>T,47228518.0,49565807.0,0.278857095769143
100015331|F|0-40:A>G-40:A>G,100033324|F|0-45:A>T-45:A>T,47228518.0,53523372.0,0.0015894915457492472
100015331|F|0-40:A>G-40:A>G,100034432|F|0-24:T>A-24:T>A,47228518.0,53750135.0,0.07741162719063303
100015331|F|0-40:A>G-40:A>G,100056034|F|0-41:G>T-41:G>T,47228518.0,53750140.0,0.00813367404738234
100015331|F|0-40:A>G-40:A>G,100019249|F|0-36:C>A-36:C>A,47228518.0,54407017.0,0.012109709153122343
100015331|F|0-40:A>G-40:A>G,100013936|F|0-38:C>A-38:C>A,47228518.0,54572400.0,0.011922643074819737
100015331|F|0-40:A>G-40:A>G,100018265|F|0-5:C>T-5:C>T,47228518.0,56110897.0,0.16591491245086262
100015331|F|0-40:A>G-40:A>G,100014526|F|0-10:T>C-10:T>C,47228518.0,56110902.0,0.13205412996537308
100015331|F|0-40:A>G-40:A>G,100030709|F|0-39:T>A-39:T>A,47228518.0,56193250.0,0.09343254385797074
100015331|F|0-40:A>G-40:A>G,100033311|F|0-46:C>T-46:C>T,47228518.0,57009334.0,0.0002455299029270655
100015331|F|0-40:A>G-40:A>G,100034520|F|0-31:G>A-31:G>A,47228518.0,58309310.0,0.01640868553088306
100015331|F|0-40:A>G-40:A>G,100019390|F|0-56:C>T-56:C>T,47228518.0,58491205.0,0.0007117619871968978
100015331|F|0-40:A>G-40:A>G,100013048|F|0-58:C>T-58:C>T,47228518.0,58709443.0,0.044576081979491
100015331|F|0-40:A>G-40:A>G,100041246|F|0-21:G>A-21:G>A,47228518.0,58719431.0,0.0009514850316630442
100015331|F|0-40:A>G-40:A>G,100033981|F|0-18:C>A-18:C>A,47228518.0,58771602.0,0.00037785953071945496
100015331|F|0-40:A>G-40:A>G,100021859|F|0-23:T>A-23:T>A,47228518.0,59249203.0,0.0042387693573488336
100015331|F|0-40:A>G-40:A>G,100038389|F|0-45:C>T-45:C>T,47228518.0,59686561.0,0.0014274172742949358
100015331|F|0-40:A>G-40:A>G,100015287|F|0-63:T>C-63:T>C,47228518.0,61485460.0,0.012471853218610827
100015331|F|0-40:A>G-40:A>G,100013445|F|0-24:G>T-24:G>T,47228518.0,61602864.0,0.011861436138324057
100015331|F|0-40:A>G-40:A>G,100013879|F|0-63:G>A-63:G>A,47228518.0,61606253.0,0.00946552552228244
100015331|F|0-40:A>G-40:A>G,100040047|F|0-6:G>A-6:G>A,47228518.0,61640208.0,0.11430517565962407
100015331|F|0-40:A>G-40:A>G,100016920|F|0-66:T>A-66:T>A,47228518.0,61641379.0,0.08796047042185004
100015331|F|0-40:A>G-40:A>G,100017079|F|0-12:A>G-12:A>G,47228518.0,61641384.0,0.08695214612791215
100015331|F|0-40:A>G-40:A>G,100020360|F|0-56:A>G-56:A>G,47228518.0,61670176.0,0.0964988804266138
100015331|F|0-40:A>G-40:A>G,100056174|F|0-11:G>A-11:G>A,47228518.0,61712285.0,0.038181010194551904
100015331|F|0-40:A>G-40:A>G,100013722|F|0-6:A>G-6:A>G,47228518.0,61760543.0,0.004343960821595747
100015331|F|0-40:A>G-40:A>G,100013153|F|0-63:C>A-63:C>A,47228518.0,61760548.0,0.004821188763163963
100015331|F|0-40:A>G-40:A>G,100040510|F|0-32:T>C-32:T>C,47228518.0,62326715.0,0.0005043820714366415
100015331|F|0-40:A>G-40:A>G,100013356|F|0-7:G>A-7:G>A,47228518.0,62367252.0,0.043099057179128694
100015331|F|0-40:A>G-40:A>G,100014994|F|0-36:G>A-36:G>A,47228518.0,62444541.0,0.008035416801636303
100015331|F|0-40:A>G-40:A>G,100020485|F|0-47:G>T-47:G>T,47228518.0,62444546.0,0.006976243026951463
100015331|F|0-40:A>G-40:A>G,100013478|F|0-51:G>A-51:G>A,47228518.0,62447789.0,0.005253952092547094
100015331|F|0-40:A>G-40:A>G,100013529|F|0-11:C>G-11:C>G,47228518.0,62466983.0,0.008333212509605482
100015331|F|0-40:A>G-40:A>G,100029518|F|0-19:G>C-19:G>C,47228518.0,62476880.0,0.007153303319351713
100015331|F|0-40:A>G-40:A>G,100044261|F|0-5:T>A-5:T>A,47228518.0,62476902.0,0.009253536073469518
100015331|F|0-40:A>G-40:A>G,100017508|F|0-26:G>A-26:G>A,47228518.0,62494366.0,0.027849509085163728
100015331|F|0-40:A>G-40:A>G,100051794|F|0-60:T>C-60:T>C,47228518.0,62494371.0,0.02601976030119735
100015331|F|0-40:A>G-40:A>G,100033227|F|0-6:A>G-6:A>G,47228518.0,62503297.0,0.023617915350506308
100015331|F|0-40:A>G-40:A>G,100015367|F|0-46:A>T-46:A>T,47228518.0,62730005.0,0.17657829433105593
100015331|F|0-40:A>G-40:A>G,100016319|F|0-60:C>A-60:C>A,47228518.0,62905182.0,0.0023151371675254155
100015331|F|0-40:A>G-40:A>G,100020253|F|0-17:T>C-17:T>C,47228518.0,63125496.0,0.03749838874110881
100015331|F|0-40:A>G-40:A>G,100017121|F|0-19:C>T-19:C>T,47228518.0,63306572.0,0.0049359744693117475
100015331|F|0-40:A>G-40:A>G,100021507|F|0-53:A>C-53:A>C,47228518.0,63642647.0,0.003503555748600293
100015331|F|0-40:A>G-40:A>G,100019105|F|0-61:T>C-61:T>C,47228518.0,63665304.0,0.00017637773054774377
100015331|F|0-40:A>G-40:A>G,100014627|F|0-15:C>G-15:C>G,47228518.0,64043609.0,0.025007311937611673
100015331|F|0-40:A>G-40:A>G,100033689|F|0-56:C>T-56:C>T,47228518.0,64044059.0,0.023833309547595233
100015331|F|0-40:A>G-40:A>G,100046739|F|0-18:T>G-18:T>G,47228518.0,64189766.0,0.021287701590919167
100015331|F|0-40:A>G-40:A>G,100030110|F|0-28:T>C-28:T>C,47228518.0,64196475.0,0.05101643928371128
100015331|F|0-40:A>G-40:A>G,100016864|F|0-56:A>G-56:A>G,47228518.0,64720414.0,0.01329987390494404
100015331|F|0-40:A>G-40:A>G,100021392|F|0-51:G>A-51:G>A,47228518.0,64886887.0,0.004662114654233412
100033028|F|0-17:A>C-17:A>C,100014668|F|0-30:A>T-30:A>T,47247609.0,48841067.0,0.07832003524401573
100033028|F|0-17:A>C-17:A>C,100019661|F|0-30:A>T-30:A>T,47247609.0,48965503.0,0.03252859729414437
100033028|F|0-17:A>C-17:A>C,100035901|F|0-29:T>A-29:T>A,47247609.0,48989476.0,0.039664956846422225
100033028|F|0-17:A>C-17:A>C,100043126|F|0-48:T>A-48:T>A,47247609.0,49230618.0,0.09640370155185617
100033028|F|0-17:A>C-17:A>C,100044970|F|0-28:C>T-28:C>T,47247609.0,49340094.0,0.040070682006165946
100033028|F|0-17:A>C-17:A>C,100013964|F|0-14:T>G-14:T>G,47247609.0,49356602.0,0.03830951231627036
100033028|F|0-17:A>C-17:A>C,100020795|F|0-42:T>C-42:T>C,47247609.0,49358815.0,0.03174929141783044
100033028|F|0-17:A>C-17:A>C,100016185|F|0-62:C>T-62:C>T,47247609.0,49565807.0,0.292443523724968
100033028|F|0-17:A>C-17:A>C,100033324|F|0-45:A>T-45:A>T,47247609.0,53523372.0,0.004220719613840938
100033028|F|0-17:A>C-17:A>C,100034432|F|0-24:T>A-24:T>A,47247609.0,53750135.0,0.07357983899353934
100033028|F|0-17:A>C-17:A>C,100056034|F|0-41:G>T-41:G>T,47247609.0,53750140.0,0.00893765309087891
100033028|F|0-17:A>C-17:A>C,100019249|F|0-36:C>A-36:C>A,47247609.0,54407017.0,0.01961979871347536
100033028|F|0-17:A>C-17:A>C,100013936|F|0-38:C>A-38:C>A,47247609.0,54572400.0,0.014406922043010719
100033028|F|0-17:A>C-17:A>C,100018265|F|0-5:C>T-5:C>T,47247609.0,56110897.0,0.15007963704093294
100033028|F|0-17:A>C-17:A>C,100014526|F|0-10:T>C-10:T>C,47247609.0,56110902.0,0.1331412625802312
100033028|F|0-17:A>C-17:A>C,100030709|F|0-39:T>A-39:T>A,47247609.0,56193250.0,0.08108030735053318
100033028|F|0-17:A>C-17:A>C,100033311|F|0-46:C>T-46:C>T,47247609.0,57009334.0,0.0012286699392239366
100033028|F|0-17:A>C-17:A>C,100034520|F|0-31:G>A-31:G>A,47247609.0,58309310.0,0.008601000927352333
100033028|F|0-17:A>C-17:A>C,100019390|F|0-56:C>T-56:C>T,47247609.0,58491205.0,0.0012485348825357998
100033028|F|0-17:A>C-17:A>C,100013048|F|0-58:C>T-58:C>T,47247609.0,58709443.0,0.038682907241333137
100033028|F|0-17:A>C-17:A>C,100041246|F|0-21:G>A-21:G>A,47247609.0,58719431.0,9.745638826625099e-05
100033028|F|0-17:A>C-17:A>C,100033981|F|0-18:C>A-18:C>A,47247609.0,58771602.0,0.0019955142159773084
100033028|F|0-17:A>C-17:A>C,100021859|F|0-23:T>A-23:T>A,47247609.0,59249203.0,0.007625159229193984
100033028|F|0-17:A>C-17:A>C,100038389|F|0-45:C>T-45:C>T,47247609.0,59686561.0,0.001973032940774877
100033028|F|0-17:A>C-17:A>C,100015287|F|0-63:T>C-63:T>C,47247609.0,61485460.0,0.007147162351125896
100033028|F|0-17:A>C-17:A>C,100013445|F|0-24:G>T-24:G>T,47247609.0,61602864.0,0.009386438187874411
100033028|F|0-17:A>C-17:A>C,100013879|F|0-63:G>A-63:G>A,47247609.0,61606253.0,0.006866002214839422
100033028|F|0-17:A>C-17:A>C,100040047|F|0-6:G>A-6:G>A,47247609.0,61640208.0,0.12387176166445844
100033028|F|0-17:A>C-17:A>C,100016920|F|0-66:T>A-66:T>A,47247609.0,61641379.0,0.07347019824981876
100033028|F|0-17:A>C-17:A>C,100017079|F|0-12:A>G-12:A>G,47247609.0,61641384.0,0.06173729706936548
100033028|F|0-17:A>C-17:A>C,100020360|F|0-56:A>G-56:A>G,47247609.0,61670176.0,0.09340873893073191
100033028|F|0-17:A>C-17:A>C,100056174|F|0-11:G>A-11:G>A,47247609.0,61712285.0,0.04292443523724969
100033028|F|0-17:A>C-17:A>C,100013722|F|0-6:A>G-6:A>G,47247609.0,61760543.0,0.001870943793854923
100033028|F|0-17:A>C-17:A>C,100013153|F|0-63:C>A-63:C>A,47247609.0,61760548.0,0.0021231608010344933
100033028|F|0-17:A>C-17:A>C,100040510|F|0-32:T>C-32:T>C,47247609.0,62326715.0,0.0030444816392777396
100033028|F|0-17:A>C-17:A>C,100013356|F|0-7:G>A-7:G>A,47247609.0,62367252.0,0.03474449756904513
100033028|F|0-17:A>C-17:A>C,100014994|F|0-36:G>A-36:G>A,47247609.0,62444541.0,0.014709120672749331
100033028|F|0-17:A>C-17:A>C,100020485|F|0-47:G>T-47:G>T,47247609.0,62444546.0,0.013857597423174954
100033028|F|0-17:A>C-17:A>C,100013478|F|0-51:G>A-51:G>A,47247609.0,62447789.0,0.010662501690996518
100033028|F|0-17:A>C-17:A>C,100013529|F|0-11:C>G-11:C>G,47247609.0,62466983.0,0.0069254601786039914
100033028|F|0-17:A>C-17:A>C,100029518|F|0-19:G>C-19:G>C,47247609.0,62476880.0,0.006066819273386064
100033028|F|0-17:A>C-17:A>C,100044261|F|0-5:T>A-5:T>A,47247609.0,62476902.0,0.00755237097246217
100033028|F|0-17:A>C-17:A>C,100017508|F|0-26:G>A-26:G>A,47247609.0,62494366.0,0.03949680909408184
100033028|F|0-17:A>C-17:A>C,100051794|F|0-60:T>C-60:T>C,47247609.0,62494371.0,0.037024120895088726
100033028|F|0-17:A>C-17:A>C,100033227|F|0-6:A>G-6:A>G,47247609.0,62503297.0,0.03483622511239381
100033028|F|0-17:A>C-17:A>C,100015367|F|0-46:A>T-46:A>T,47247609.0,62730005.0,0.15163425332867506
100033028|F|0-17:A>C-17:A>C,100016319|F|0-60:C>A-60:C>A,47247609.0,62905182.0,0.004751187796949234
100033028|F|0-17:A>C-17:A>C,100020253|F|0-17:T>C-17:T>C,47247609.0,63125496.0,0.04932832523199309
100033028|F|0-17:A>C-17:A>C,100017121|F|0-19:C>T-19:C>T,47247609.0,63306572.0,0.002632954403811852
100033028|F|0-17:A>C-17:A>C,100021507|F|0-53:A>C-53:A>C,47247609.0,63642647.0,0.010344041542960713
100033028|F|0-17:A>C-17:A>C,100019105|F|0-61:T>C-61:T>C,47247609.0,63665304.0,0.0003990688393747921
100033028|F|0-17:A>C-17:A>C,100014627|F|0-15:C>G-15:C>G,47247609.0,64043609.0,0.017927924996882127
100033028|F|0-17:A>C-17:A>C,100033689|F|0-56:C>T-56:C>T,47247609.0,64044059.0,0.01714548891968244
100033028|F|0-17:A>C-17:A>C,100046739|F|0-18:T>G-18:T>G,47247609.0,64189766.0,0.017374181965599148
100033028|F|0-17:A>C-17:A>C,100030110|F|0-28:T>C-28:T>C,47247609.0,64196475.0,0.04392034564532371
100033028|F|0-17:A>C-17:A>C,100016864|F|0-56:A>G-56:A>G,47247609.0,64720414.0,0.01461467789928891
100033028|F|0-17:A>C-17:A>C,100021392|F|0-51:G>A-51:G>A,47247609.0,64886887.0,0.007669957672286216
100014668|F|0-30:A>T-30:A>T,100019661|F|0-30:A>T-30:A>T,48841067.0,48965503.0,0.044957425215704776
100014668|F|0-30:A>T-30:A>T,100035901|F|0-29:T>A-29:T>A,48841067.0,48989476.0,0.018724103278787606
100014668|F|0-30:A>T-30:A>T,100043126|F|0-48:T>A-48:T>A,48841067.0,49230618.0,0.01185481114254806
100014668|F|0-30:A>T-30:A>T,100044970|F|0-28:C>T-28:C>T,48841067.0,49340094.0,0.018307122821538558
100014668|F|0-30:A>T-30:A>T,100013964|F|0-14:T>G-14:T>G,48841067.0,49356602.0,0.021064953536917237
100014668|F|0-30:A>T-30:A>T,100020795|F|0-42:T>C-42:T>C,48841067.0,49358815.0,0.018575977492018496
100014668|F|0-30:A>T-30:A>T,100016185|F|0-62:C>T-62:C>T,48841067.0,49565807.0,0.21915741527051416
100014668|F|0-30:A>T-30:A>T,100033324|F|0-45:A>T-45:A>T,48841067.0,53523372.0,6.068351437257084e-06
100014668|F|0-30:A>T-30:A>T,100034432|F|0-24:T>A-24:T>A,48841067.0,53750135.0,0.010025002416918104
100014668|F|0-30:A>T-30:A>T,100056034|F|0-41:G>T-41:G>T,48841067.0,53750140.0,0.05267141870897552
100014668|F|0-30:A>T-30:A>T,100019249|F|0-36:C>A-36:C>A,48841067.0,54407017.0,0.12643440403492223
100014668|F|0-30:A>T-30:A>T,100013936|F|0-38:C>A-38:C>A,48841067.0,54572400.0,0.09643270659458787
100014668|F|0-30:A>T-30:A>T,100018265|F|0-5:C>T-5:C>T,48841067.0,56110897.0,0.018337485212372058
100014668|F|0-30:A>T-30:A>T,100014526|F|0-10:T>C-10:T>C,48841067.0,56110902.0,0.025019553889566105
100014668|F|0-30:A>T-30:A>T,100030709|F|0-39:T>A-39:T>A,48841067.0,56193250.0,0.046163467738416744
100014668|F|0-30:A>T-30:A>T,100033311|F|0-46:C>T-46:C>T,48841067.0,57009334.0,0.01155269292516109
100014668|F|0-30:A>T-30:A>T,100034520|F|0-31:G>A-31:G>A,48841067.0,58309310.0,0.09692441336236257
100014668|F|0-30:A>T-30:A>T,100019390|F|0-56:C>T-56:C>T,48841067.0,58491205.0,0.0007947588020529948
100014668|F|0-30:A>T-30:A>T,100013048|F|0-58:C>T-58:C>T,48841067.0,58709443.0,0.0015127283259559698
100014668|F|0-30:A>T-30:A>T,100041246|F|0-21:G>A-21:G>A,48841067.0,58719431.0,0.03880272682678592
100014668|F|0-30:A>T-30:A>T,100033981|F|0-18:C>A-18:C>A,48841067.0,58771602.0,0.06501938706163808
100014668|F|0-30:A>T-30:A>T,100021859|F|0-23:T>A-23:T>A,48841067.0,59249203.0,0.04498968174062866
100014668|F|0-30:A>T-30:A>T,100038389|F|0-45:C>T-45:C>T,48841067.0,59686561.0,0.0015736525599955025
100014668|F|0-30:A>T-30:A>T,100015287|F|0-63:T>C-63:T>C,48841067.0,61485460.0,0.1726709740490975
100014668|F|0-30:A>T-30:A>T,100013445|F|0-24:G>T-24:G>T,48841067.0,61602864.0,0.0010194533960331805
100014668|F|0-30:A>T-30:A>T,100013879|F|0-63:G>A-63:G>A,48841067.0,61606253.0,0.0010166751529634011
100014668|F|0-30:A>T-30:A>T,100040047|F|0-6:G>A-6:G>A,48841067.0,61640208.0,0.04874912439057466
100014668|F|0-30:A>T-30:A>T,100016920|F|0-66:T>A-66:T>A,48841067.0,61641379.0,0.03956343380126802
100014668|F|0-30:A>T-30:A>T,100017079|F|0-12:A>G-12:A>G,48841067.0,61641384.0,0.029784928640145977
100014668|F|0-30:A>T-30:A>T,100020360|F|0-56:A>G-56:A>G,48841067.0,61670176.0,0.0469287346130066
100014668|F|0-30:A>T-30:A>T,100056174|F|0-11:G>A-11:G>A,48841067.0,61712285.0,0.0067658810262978385
100014668|F|0-30:A>T-30:A>T,100013722|F|0-6:A>G-6:A>G,48841067.0,61760543.0,0.004165948496800058
100014668|F|0-30:A>T-30:A>T,100013153|F|0-63:C>A-63:C>A,48841067.0,61760548.0,0.0068130466781859125
100014668|F|0-30:A>T-30:A>T,100040510|F|0-32:T>C-32:T>C,48841067.0,62326715.0,0.044115822525076155
100014668|F|0-30:A>T-30:A>T,100013356|F|0-7:G>A-7:G>A,48841067.0,62367252.0,0.015366738600851667
100014668|F|0-30:A>T-30:A>T,100014994|F|0-36:G>A-36:G>A,48841067.0,62444541.0,0.06826593147314657
100014668|F|0-30:A>T-30:A>T,100020485|F|0-47:G>T-47:G>T,48841067.0,62444546.0,0.06449706546561185
100014668|F|0-30:A>T-30:A>T,100013478|F|0-51:G>A-51:G>A,48841067.0,62447789.0,0.035077861669203375
100014668|F|0-30:A>T-30:A>T,100013529|F|0-11:C>G-11:C>G,48841067.0,62466983.0,0.017123830834255074
100014668|F|0-30:A>T-30:A>T,100029518|F|0-19:G>C-19:G>C,48841067.0,62476880.0,0.011098518905594634
100014668|F|0-30:A>T-30:A>T,100044261|F|0-5:T>A-5:T>A,48841067.0,62476902.0,0.011899853139906186
100014668|F|0-30:A>T-30:A>T,100017508|F|0-26:G>A-26:G>A,48841067.0,62494366.0,0.04808309469251871
100014668|F|0-30:A>T-30:A>T,100051794|F|0-60:T>C-60:T>C,48841067.0,62494371.0,0.04795401798436701
100014668|F|0-30:A>T-30:A>T,100033227|F|0-6:A>G-6:A>G,48841067.0,62503297.0,0.0513232372128785
100014668|F|0-30:A>T-30:A>T,100015367|F|0-46:A>T-46:A>T,48841067.0,62730005.0,0.051028514641197634
100014668|F|0-30:A>T-30:A>T,100016319|F|0-60:C>A-60:C>A,48841067.0,62905182.0,0.03777158250108825
100014668|F|0-30:A>T-30:A>T,100020253|F|0-17:T>C-17:T>C,48841067.0,63125496.0,0.06791111480657705
100014668|F|0-30:A>T-30:A>T,100017121|F|0-19:C>T-19:C>T,48841067.0,63306572.0,0.014749725013286773
100014668|F|0-30:A>T-30:A>T,100021507|F|0-53:A>C-53:A>C,48841067.0,63642647.0,0.0006225941658964331
100014668|F|0-30:A>T-30:A>T,100019105|F|0-61:T>C-61:T>C,48841067.0,63665304.0,0.013769822025457738
100014668|F|0-30:A>T-30:A>T,100014627|F|0-15:C>G-15:C>G,48841067.0,64043609.0,5.739223460109112e-07
100014668|F|0-30:A>T-30:A>T,100033689|F|0-56:C>T-56:C>T,48841067.0,64044059.0,0.00010617859631516703
100014668|F|0-30:A>T-30:A>T,100046739|F|0-18:T>G-18:T>G,48841067.0,64189766.0,0.0016790941427856508
100014668|F|0-30:A>T-30:A>T,100030110|F|0-28:T>C-28:T>C,48841067.0,64196475.0,0.01091116571692286
100014668|F|0-30:A>T-30:A>T,100016864|F|0-56:A>G-56:A>G,48841067.0,64720414.0,0.031397909150599104
100014668|F|0-30:A>T-30:A>T,100021392|F|0-51:G>A-51:G>A,48841067.0,64886887.0,0.0005844400207779242
100019661|F|0-30:A>T-30:A>T,100035901|F|0-29:T>A-29:T>A,48965503.0,48989476.0,0.851021677709994
100019661|F|0-30:A>T-30:A>T,100043126|F|0-48:T>A-48:T>A,48965503.0,49230618.0,0.0019107167364600635
100019661|F|0-30:A>T-30:A>T,100044970|F|0-28:C>T-28:C>T,48965503.0,49340094.0,0.01624020309587323
100019661|F|0-30:A>T-30:A>T,100013964|F|0-14:T>G-14:T>G,48965503.0,49356602.0,0.010696391321387149
100019661|F|0-30:A>T-30:A>T,100020795|F|0-42:T>C-42:T>C,48965503.0,49358815.0,0.007450686052015702
100019661|F|0-30:A>T-30:A>T,100016185|F|0-62:C>T-62:C>T,48965503.0,49565807.0,0.0229718104966379
100019661|F|0-30:A>T-30:A>T,100033324|F|0-45:A>T-45:A>T,48965503.0,53523372.0,0.004421681842412514
100019661|F|0-30:A>T-30:A>T,100034432|F|0-24:T>A-24:T>A,48965503.0,53750135.0,0.06459641303260331
100019661|F|0-30:A>T-30:A>T,100056034|F|0-41:G>T-41:G>T,48965503.0,53750140.0,0.01534598584488127
100019661|F|0-30:A>T-30:A>T,100019249|F|0-36:C>A-36:C>A,48965503.0,54407017.0,0.09494982991262108
100019661|F|0-30:A>T-30:A>T,100013936|F|0-38:C>A-38:C>A,48965503.0,54572400.0,0.001561582268216568
100019661|F|0-30:A>T-30:A>T,100018265|F|0-5:C>T-5:C>T,48965503.0,56110897.0,0.024057686370475333
100019661|F|0-30:A>T-30:A>T,100014526|F|0-10:T>C-10:T>C,48965503.0,56110902.0,0.016708465479261875
100019661|F|0-30:A>T-30:A>T,100030709|F|0-39:T>A-39:T>A,48965503.0,56193250.0,0.07095595174051107
100019661|F|0-30:A>T-30:A>T,100033311|F|0-46:C>T-46:C>T,48965503.0,57009334.0,0.00024012294294678882
100019661|F|0-30:A>T-30:A>T,100034520|F|0-31:G>A-31:G>A,48965503.0,58309310.0,0.03616706398484767
100019661|F|0-30:A>T-30:A>T,100019390|F|0-56:C>T-56:C>T,48965503.0,58491205.0,3.5190213281775704e-05
100019661|F|0-30:A>T-30:A>T,100013048|F|0-58:C>T-58:C>T,48965503.0,58709443.0,0.018151235341208397
100019661|F|0-30:A>T-30:A>T,100041246|F|0-21:G>A-21:G>A,48965503.0,58719431.0,0.00989857327260387
100019661|F|0-30:A>T-30:A>T,100033981|F|0-18:C>A-18:C>A,48965503.0,58771602.0,0.0613724697392713
100019661|F|0-30:A>T-30:A>T,100021859|F|0-23:T>A-23:T>A,48965503.0,59249203.0,0.03122323796826142
100019661|F|0-30:A>T-30:A>T,100038389|F|0-45:C>T-45:C>T,48965503.0,59686561.0,0.07106817526552438
100019661|F|0-30:A>T-30:A>T,100015287|F|0-63:T>C-63:T>C,48965503.0,61485460.0,0.019483996733083674
100019661|F|0-30:A>T-30:A>T,100013445|F|0-24:G>T-24:G>T,48965503.0,61602864.0,0.00048600305421550854
100019661|F|0-30:A>T-30:A>T,100013879|F|0-63:G>A-63:G>A,48965503.0,61606253.0,0.001274185051627942
100019661|F|0-30:A>T-30:A>T,100040047|F|0-6:G>A-6:G>A,48965503.0,61640208.0,0.11565236706531402
100019661|F|0-30:A>T-30:A>T,100016920|F|0-66:T>A-66:T>A,48965503.0,61641379.0,0.08266874939997768
100019661|F|0-30:A>T-30:A>T,100017079|F|0-12:A>G-12:A>G,48965503.0,61641384.0,0.0658840855930003
100019661|F|0-30:A>T-30:A>T,100020360|F|0-56:A>G-56:A>G,48965503.0,61670176.0,0.057227906624452075
100019661|F|0-30:A>T-30:A>T,100056174|F|0-11:G>A-11:G>A,48965503.0,61712285.0,0.0007094947597879563
100019661|F|0-30:A>T-30:A>T,100013722|F|0-6:A>G-6:A>G,48965503.0,61760543.0,5.466793058921453e-07
100019661|F|0-30:A>T-30:A>T,100013153|F|0-63:C>A-63:C>A,48965503.0,61760548.0,0.0001042469461229448
100019661|F|0-30:A>T-30:A>T,100040510|F|0-32:T>C-32:T>C,48965503.0,62326715.0,0.0006382513129741307
100019661|F|0-30:A>T-30:A>T,100013356|F|0-7:G>A-7:G>A,48965503.0,62367252.0,0.0032881951256354125
100019661|F|0-30:A>T-30:A>T,100014994|F|0-36:G>A-36:G>A,48965503.0,62444541.0,0.016901816017281534
100019661|F|0-30:A>T-30:A>T,100020485|F|0-47:G>T-47:G>T,48965503.0,62444546.0,0.01334620184638291
100019661|F|0-30:A>T-30:A>T,100013478|F|0-51:G>A-51:G>A,48965503.0,62447789.0,0.008772562717443647
100019661|F|0-30:A>T-30:A>T,100013529|F|0-11:C>G-11:C>G,48965503.0,62466983.0,0.08094322824359498
100019661|F|0-30:A>T-30:A>T,100029518|F|0-19:G>C-19:G>C,48965503.0,62476880.0,0.07239256172647555
100019661|F|0-30:A>T-30:A>T,100044261|F|0-5:T>A-5:T>A,48965503.0,62476902.0,0.08662310900664318
100019661|F|0-30:A>T-30:A>T,100017508|F|0-26:G>A-26:G>A,48965503.0,62494366.0,0.04526617885956781
100019661|F|0-30:A>T-30:A>T,100051794|F|0-60:T>C-60:T>C,48965503.0,62494371.0,0.04703015012293372
100019661|F|0-30:A>T-30:A>T,100033227|F|0-6:A>G-6:A>G,48965503.0,62503297.0,0.04920095303020214
100019661|F|0-30:A>T-30:A>T,100015367|F|0-46:A>T-46:A>T,48965503.0,62730005.0,0.0013079824293490607
100019661|F|0-30:A>T-30:A>T,100016319|F|0-60:C>A-60:C>A,48965503.0,62905182.0,0.0312360858992362
100019661|F|0-30:A>T-30:A>T,100020253|F|0-17:T>C-17:T>C,48965503.0,63125496.0,0.004902455262573906
100019661|F|0-30:A>T-30:A>T,100017121|F|0-19:C>T-19:C>T,48965503.0,63306572.0,0.0018552590786079187
100019661|F|0-30:A>T-30:A>T,100021507|F|0-53:A>C-53:A>C,48965503.0,63642647.0,0.016085053196323
100019661|F|0-30:A>T-30:A>T,100019105|F|0-61:T>C-61:T>C,48965503.0,63665304.0,0.009223691602265325
100019661|F|0-30:A>T-30:A>T,100014627|F|0-15:C>G-15:C>G,48965503.0,64043609.0,6.337620386936509e-05
100019661|F|0-30:A>T-30:A>T,100033689|F|0-56:C>T-56:C>T,48965503.0,64044059.0,0.0004855846166597268
100019661|F|0-30:A>T-30:A>T,100046739|F|0-18:T>G-18:T>G,48965503.0,64189766.0,0.0019469262098220468
100019661|F|0-30:A>T-30:A>T,100030110|F|0-28:T>C-28:T>C,48965503.0,64196475.0,0.007867294923077195
100019661|F|0-30:A>T-30:A>T,100016864|F|0-56:A>G-56:A>G,48965503.0,64720414.0,0.010229659906037558
100019661|F|0-30:A>T-30:A>T,100021392|F|0-51:G>A-51:G>A,48965503.0,64886887.0,0.010025311336048288
100035901|F|0-29:T>A-29:T>A,100043126|F|0-48:T>A-48:T>A,48989476.0,49230618.0,0.00036175472538271276
100035901|F|0-29:T>A-29:T>A,100044970|F|0-28:C>T-28:C>T,48989476.0,49340094.0,0.004641105257803552
100035901|F|0-29:T>A-29:T>A,100013964|F|0-14:T>G-14:T>G,48989476.0,49356602.0,0.005084265536130281
100035901|F|0-29:T>A-29:T>A,100020795|F|0-42:T>C-42:T>C,48989476.0,49358815.0,0.002739674028259704
100035901|F|0-29:T>A-29:T>A,100016185|F|0-62:C>T-62:C>T,48989476.0,49565807.0,0.018260304417712644
100035901|F|0-29:T>A-29:T>A,100033324|F|0-45:A>T-45:A>T,48989476.0,53523372.0,0.0009223317534423241
100035901|F|0-29:T>A-29:T>A,100034432|F|0-24:T>A-24:T>A,48989476.0,53750135.0,0.0674414359537458
100035901|F|0-29:T>A-29:T>A,100056034|F|0-41:G>T-41:G>T,48989476.0,53750140.0,0.02658332600695027
100035901|F|0-29:T>A-29:T>A,100019249|F|0-36:C>A-36:C>A,48989476.0,54407017.0,0.06163360993475217
100035901|F|0-29:T>A-29:T>A,100013936|F|0-38:C>A-38:C>A,48989476.0,54572400.0,0.006953372074636322
100035901|F|0-29:T>A-29:T>A,100018265|F|0-5:C>T-5:C>T,48989476.0,56110897.0,0.037477086770598335
100035901|F|0-29:T>A-29:T>A,100014526|F|0-10:T>C-10:T>C,48989476.0,56110902.0,0.04382961905489363
100035901|F|0-29:T>A-29:T>A,100030709|F|0-39:T>A-39:T>A,48989476.0,56193250.0,0.05909801833406426
100035901|F|0-29:T>A-29:T>A,100033311|F|0-46:C>T-46:C>T,48989476.0,57009334.0,0.001261924896185681
100035901|F|0-29:T>A-29:T>A,100034520|F|0-31:G>A-31:G>A,48989476.0,58309310.0,0.02507024569651279
100035901|F|0-29:T>A-29:T>A,100019390|F|0-56:C>T-56:C>T,48989476.0,58491205.0,0.007064320530230126
100035901|F|0-29:T>A-29:T>A,100013048|F|0-58:C>T-58:C>T,48989476.0,58709443.0,5.983922146023472e-06
100035901|F|0-29:T>A-29:T>A,100041246|F|0-21:G>A-21:G>A,48989476.0,58719431.0,0.0016851419773964934
100035901|F|0-29:T>A-29:T>A,100033981|F|0-18:C>A-18:C>A,48989476.0,58771602.0,0.04589604117918695
100035901|F|0-29:T>A-29:T>A,100021859|F|0-23:T>A-23:T>A,48989476.0,59249203.0,0.033037457816042594
100035901|F|0-29:T>A-29:T>A,100038389|F|0-45:C>T-45:C>T,48989476.0,59686561.0,0.018245631155688075
100035901|F|0-29:T>A-29:T>A,100015287|F|0-63:T>C-63:T>C,48989476.0,61485460.0,0.005013217495880163
100035901|F|0-29:T>A-29:T>A,100013445|F|0-24:G>T-24:G>T,48989476.0,61602864.0,0.012189341331730054
100035901|F|0-29:T>A-29:T>A,100013879|F|0-63:G>A-63:G>A,48989476.0,61606253.0,0.01122917283942834
100035901|F|0-29:T>A-29:T>A,100040047|F|0-6:G>A-6:G>A,48989476.0,61640208.0,0.13914678430730407
100035901|F|0-29:T>A-29:T>A,100016920|F|0-66:T>A-66:T>A,48989476.0,61641379.0,0.09186436283557223
100035901|F|0-29:T>A-29:T>A,100017079|F|0-12:A>G-12:A>G,48989476.0,61641384.0,0.10759955600203394
100035901|F|0-29:T>A-29:T>A,100020360|F|0-56:A>G-56:A>G,48989476.0,61670176.0,0.05530420096877758
100035901|F|0-29:T>A-29:T>A,100056174|F|0-11:G>A-11:G>A,48989476.0,61712285.0,0.00027908100203680175
100035901|F|0-29:T>A-29:T>A,100013722|F|0-6:A>G-6:A>G,48989476.0,61760543.0,0.0034689428612884954
100035901|F|0-29:T>A-29:T>A,100013153|F|0-63:C>A-63:C>A,48989476.0,61760548.0,0.004265571045109763
100035901|F|0-29:T>A-29:T>A,100040510|F|0-32:T>C-32:T>C,48989476.0,62326715.0,0.01646885479694008
100035901|F|0-29:T>A-29:T>A,100013356|F|0-7:G>A-7:G>A,48989476.0,62367252.0,0.0054169885590258544
100035901|F|0-29:T>A-29:T>A,100014994|F|0-36:G>A-36:G>A,48989476.0,62444541.0,0.03686488361112008
100035901|F|0-29:T>A-29:T>A,100020485|F|0-47:G>T-47:G>T,48989476.0,62444546.0,0.03350408578657996
100035901|F|0-29:T>A-29:T>A,100013478|F|0-51:G>A-51:G>A,48989476.0,62447789.0,0.024082382697892386
100035901|F|0-29:T>A-29:T>A,100013529|F|0-11:C>G-11:C>G,48989476.0,62466983.0,0.10311908360938686
100035901|F|0-29:T>A-29:T>A,100029518|F|0-19:G>C-19:G>C,48989476.0,62476880.0,0.08227271112638468
100035901|F|0-29:T>A-29:T>A,100044261|F|0-5:T>A-5:T>A,48989476.0,62476902.0,0.10742762079767465
100035901|F|0-29:T>A-29:T>A,100017508|F|0-26:G>A-26:G>A,48989476.0,62494366.0,0.08538406717326204
100035901|F|0-29:T>A-29:T>A,100051794|F|0-60:T>C-60:T>C,48989476.0,62494371.0,0.07559914315132513
100035901|F|0-29:T>A-29:T>A,100033227|F|0-6:A>G-6:A>G,48989476.0,62503297.0,0.08029196773124646
100035901|F|0-29:T>A-29:T>A,100015367|F|0-46:A>T-46:A>T,48989476.0,62730005.0,0.026611973360957778
100035901|F|0-29:T>A-29:T>A,100016319|F|0-60:C>A-60:C>A,48989476.0,62905182.0,0.030720768427400957
100035901|F|0-29:T>A-29:T>A,100020253|F|0-17:T>C-17:T>C,48989476.0,63125496.0,0.01393395891277413
100035901|F|0-29:T>A-29:T>A,100017121|F|0-19:C>T-19:C>T,48989476.0,63306572.0,0.002050933088864525
100035901|F|0-29:T>A-29:T>A,100021507|F|0-53:A>C-53:A>C,48989476.0,63642647.0,0.03981329476781878
100035901|F|0-29:T>A-29:T>A,100019105|F|0-61:T>C-61:T>C,48989476.0,63665304.0,0.01221544500740107
100035901|F|0-29:T>A-29:T>A,100014627|F|0-15:C>G-15:C>G,48989476.0,64043609.0,0.0021419765667886007
100035901|F|0-29:T>A-29:T>A,100033689|F|0-56:C>T-56:C>T,48989476.0,64044059.0,0.0054386442147352845
100035901|F|0-29:T>A-29:T>A,100046739|F|0-18:T>G-18:T>G,48989476.0,64189766.0,0.004984868563745671
100035901|F|0-29:T>A-29:T>A,100030110|F|0-28:T>C-28:T>C,48989476.0,64196475.0,0.014029859873001012
100035901|F|0-29:T>A-29:T>A,100016864|F|0-56:A>G-56:A>G,48989476.0,64720414.0,0.012522422821878262
100035901|F|0-29:T>A-29:T>A,100021392|F|0-51:G>A-51:G>A,48989476.0,64886887.0,0.014632285215616835
100043126|F|0-48:T>A-48:T>A,100044970|F|0-28:C>T-28:C>T,49230618.0,49340094.0,0.4264837550859483
100043126|F|0-48:T>A-48:T>A,100013964|F|0-14:T>G-14:T>G,49230618.0,49356602.0,0.42609128829004556
100043126|F|0-48:T>A-48:T>A,100020795|F|0-42:T>C-42:T>C,49230618.0,49358815.0,0.4355749263937496
100043126|F|0-48:T>A-48:T>A,100016185|F|0-62:C>T-62:C>T,49230618.0,49565807.0,0.04695678342700816
100043126|F|0-48:T>A-48:T>A,100033324|F|0-45:A>T-45:A>T,49230618.0,53523372.0,0.00027395171016357696
100043126|F|0-48:T>A-48:T>A,100034432|F|0-24:T>A-24:T>A,49230618.0,53750135.0,0.002547094687175177
100043126|F|0-48:T>A-48:T>A,100056034|F|0-41:G>T-41:G>T,49230618.0,53750140.0,0.06842557892381697
100043126|F|0-48:T>A-48:T>A,100019249|F|0-36:C>A-36:C>A,49230618.0,54407017.0,0.1389367152940206
100043126|F|0-48:T>A-48:T>A,100013936|F|0-38:C>A-38:C>A,49230618.0,54572400.0,0.01569240564520643
100043126|F|0-48:T>A-48:T>A,100018265|F|0-5:C>T-5:C>T,49230618.0,56110897.0,0.04400279286996381
100043126|F|0-48:T>A-48:T>A,100014526|F|0-10:T>C-10:T>C,49230618.0,56110902.0,0.05486670823392528
100043126|F|0-48:T>A-48:T>A,100030709|F|0-39:T>A-39:T>A,49230618.0,56193250.0,0.025749351807142426
100043126|F|0-48:T>A-48:T>A,100033311|F|0-46:C>T-46:C>T,49230618.0,57009334.0,0.002556199142010827
100043126|F|0-48:T>A-48:T>A,100034520|F|0-31:G>A-31:G>A,49230618.0,58309310.0,0.005197638352986773
100043126|F|0-48:T>A-48:T>A,100019390|F|0-56:C>T-56:C>T,49230618.0,58491205.0,0.004055644523783919
100043126|F|0-48:T>A-48:T>A,100013048|F|0-58:C>T-58:C>T,49230618.0,58709443.0,0.01858717537970981
100043126|F|0-48:T>A-48:T>A,100041246|F|0-21:G>A-21:G>A,49230618.0,58719431.0,0.017980996182360334
100043126|F|0-48:T>A-48:T>A,100033981|F|0-18:C>A-18:C>A,49230618.0,58771602.0,0.0009416241094205653
100043126|F|0-48:T>A-48:T>A,100021859|F|0-23:T>A-23:T>A,49230618.0,59249203.0,0.011409244580210512
100043126|F|0-48:T>A-48:T>A,100038389|F|0-45:C>T-45:C>T,49230618.0,59686561.0,0.0012429926290537028
100043126|F|0-48:T>A-48:T>A,100015287|F|0-63:T>C-63:T>C,49230618.0,61485460.0,5.486864884415913e-05
100043126|F|0-48:T>A-48:T>A,100013445|F|0-24:G>T-24:G>T,49230618.0,61602864.0,0.007379933829748601
100043126|F|0-48:T>A-48:T>A,100013879|F|0-63:G>A-63:G>A,49230618.0,61606253.0,0.006295902200183666
100043126|F|0-48:T>A-48:T>A,100040047|F|0-6:G>A-6:G>A,49230618.0,61640208.0,0.035970702417084985
100043126|F|0-48:T>A-48:T>A,100016920|F|0-66:T>A-66:T>A,49230618.0,61641379.0,0.016109841263047767
100043126|F|0-48:T>A-48:T>A,100017079|F|0-12:A>G-12:A>G,49230618.0,61641384.0,0.047914075575414244
100043126|F|0-48:T>A-48:T>A,100020360|F|0-56:A>G-56:A>G,49230618.0,61670176.0,0.031782998918076164
100043126|F|0-48:T>A-48:T>A,100056174|F|0-11:G>A-11:G>A,49230618.0,61712285.0,0.009343142255716854
100043126|F|0-48:T>A-48:T>A,100013722|F|0-6:A>G-6:A>G,49230618.0,61760543.0,0.006524766600450334
100043126|F|0-48:T>A-48:T>A,100013153|F|0-63:C>A-63:C>A,49230618.0,61760548.0,0.004276850792120955
100043126|F|0-48:T>A-48:T>A,100040510|F|0-32:T>C-32:T>C,49230618.0,62326715.0,0.001018103308166247
100043126|F|0-48:T>A-48:T>A,100013356|F|0-7:G>A-7:G>A,49230618.0,62367252.0,1.1110849919414355e-05
100043126|F|0-48:T>A-48:T>A,100014994|F|0-36:G>A-36:G>A,49230618.0,62444541.0,4.841331414552475e-06
100043126|F|0-48:T>A-48:T>A,100020485|F|0-47:G>T-47:G>T,49230618.0,62444546.0,0.0006260414924588923
100043126|F|0-48:T>A-48:T>A,100013478|F|0-51:G>A-51:G>A,49230618.0,62447789.0,3.948266807898687e-05
100043126|F|0-48:T>A-48:T>A,100013529|F|0-11:C>G-11:C>G,49230618.0,62466983.0,3.1522503749519096e-05
100043126|F|0-48:T>A-48:T>A,100029518|F|0-19:G>C-19:G>C,49230618.0,62476880.0,0.0005591884003819589
100043126|F|0-48:T>A-48:T>A,100044261|F|0-5:T>A-5:T>A,49230618.0,62476902.0,0.0001589030754835152
100043126|F|0-48:T>A-48:T>A,100017508|F|0-26:G>A-26:G>A,49230618.0,62494366.0,0.025272052567176503
100043126|F|0-48:T>A-48:T>A,100051794|F|0-60:T>C-60:T>C,49230618.0,62494371.0,0.012381214417236308
100043126|F|0-48:T>A-48:T>A,100033227|F|0-6:A>G-6:A>G,49230618.0,62503297.0,0.01874074544747172
100043126|F|0-48:T>A-48:T>A,100015367|F|0-46:A>T-46:A>T,49230618.0,62730005.0,0.044408132905259225
100043126|F|0-48:T>A-48:T>A,100016319|F|0-60:C>A-60:C>A,49230618.0,62905182.0,0.049826082205751306
100043126|F|0-48:T>A-48:T>A,100020253|F|0-17:T>C-17:T>C,49230618.0,63125496.0,0.02269874813614961
100043126|F|0-48:T>A-48:T>A,100017121|F|0-19:C>T-19:C>T,49230618.0,63306572.0,0.002030308406256147
100043126|F|0-48:T>A-48:T>A,100021507|F|0-53:A>C-53:A>C,49230618.0,63642647.0,0.03142787962026436
100043126|F|0-48:T>A-48:T>A,100019105|F|0-61:T>C-61:T>C,49230618.0,63665304.0,0.018164351048284892
100043126|F|0-48:T>A-48:T>A,100014627|F|0-15:C>G-15:C>G,49230618.0,64043609.0,0.000663825760941376
100043126|F|0-48:T>A-48:T>A,100033689|F|0-56:C>T-56:C>T,49230618.0,64044059.0,0.0001893173388866423
100043126|F|0-48:T>A-48:T>A,100046739|F|0-18:T>G-18:T>G,49230618.0,64189766.0,0.0005345928307621809
100043126|F|0-48:T>A-48:T>A,100030110|F|0-28:T>C-28:T>C,49230618.0,64196475.0,0.006565437309403899
100043126|F|0-48:T>A-48:T>A,100016864|F|0-56:A>G-56:A>G,49230618.0,64720414.0,0.012902467262280148
100043126|F|0-48:T>A-48:T>A,100021392|F|0-51:G>A-51:G>A,49230618.0,64886887.0,0.032021426692583545
100044970|F|0-28:C>T-28:C>T,100013964|F|0-14:T>G-14:T>G,49340094.0,49356602.0,0.9077515685355653
100044970|F|0-28:C>T-28:C>T,100020795|F|0-42:T>C-42:T>C,49340094.0,49358815.0,0.9365840628744967
100044970|F|0-28:C>T-28:C>T,100016185|F|0-62:C>T-62:C>T,49340094.0,49565807.0,0.1784094473314653
100044970|F|0-28:C>T-28:C>T,100033324|F|0-45:A>T-45:A>T,49340094.0,53523372.0,7.550641756860985e-05
100044970|F|0-28:C>T-28:C>T,100034432|F|0-24:T>A-24:T>A,49340094.0,53750135.0,0.0056536652365585804
100044970|F|0-28:C>T-28:C>T,100056034|F|0-41:G>T-41:G>T,49340094.0,53750140.0,0.2255535849285853
100044970|F|0-28:C>T-28:C>T,100019249|F|0-36:C>A-36:C>A,49340094.0,54407017.0,0.016218604794763707
100044970|F|0-28:C>T-28:C>T,100013936|F|0-38:C>A-38:C>A,49340094.0,54572400.0,0.0037096692370129796
100044970|F|0-28:C>T-28:C>T,100018265|F|0-5:C>T-5:C>T,49340094.0,56110897.0,0.001890730106842527
100044970|F|0-28:C>T-28:C>T,100014526|F|0-10:T>C-10:T>C,49340094.0,56110902.0,0.00027106787002457
100044970|F|0-28:C>T-28:C>T,100030709|F|0-39:T>A-39:T>A,49340094.0,56193250.0,0.012402068112930783
100044970|F|0-28:C>T-28:C>T,100033311|F|0-46:C>T-46:C>T,49340094.0,57009334.0,0.008551231377318327
100044970|F|0-28:C>T-28:C>T,100034520|F|0-31:G>A-31:G>A,49340094.0,58309310.0,0.0052366557177676255
100044970|F|0-28:C>T-28:C>T,100019390|F|0-56:C>T-56:C>T,49340094.0,58491205.0,0.0006628442647399984
100044970|F|0-28:C>T-28:C>T,100013048|F|0-58:C>T-58:C>T,49340094.0,58709443.0,0.010663610248672448
100044970|F|0-28:C>T-28:C>T,100041246|F|0-21:G>A-21:G>A,49340094.0,58719431.0,0.02677835759406755
100044970|F|0-28:C>T-28:C>T,100033981|F|0-18:C>A-18:C>A,49340094.0,58771602.0,6.703419280106701e-06
100044970|F|0-28:C>T-28:C>T,100021859|F|0-23:T>A-23:T>A,49340094.0,59249203.0,0.029124332299521865
100044970|F|0-28:C>T-28:C>T,100038389|F|0-45:C>T-45:C>T,49340094.0,59686561.0,0.0005439005439005378
100044970|F|0-28:C>T-28:C>T,100015287|F|0-63:T>C-63:T>C,49340094.0,61485460.0,0.02286054752422467
100044970|F|0-28:C>T-28:C>T,100013445|F|0-24:G>T-24:G>T,49340094.0,61602864.0,0.0004350037477245999
100044970|F|0-28:C>T-28:C>T,100013879|F|0-63:G>A-63:G>A,49340094.0,61606253.0,0.00018586065097693014
100044970|F|0-28:C>T-28:C>T,100040047|F|0-6:G>A-6:G>A,49340094.0,61640208.0,0.03356328719734348
100044970|F|0-28:C>T-28:C>T,100016920|F|0-66:T>A-66:T>A,49340094.0,61641379.0,0.02340955372552297
100044970|F|0-28:C>T-28:C>T,100017079|F|0-12:A>G-12:A>G,49340094.0,61641384.0,0.043877690936514405
100044970|F|0-28:C>T-28:C>T,100020360|F|0-56:A>G-56:A>G,49340094.0,61670176.0,0.030777337147874652
100044970|F|0-28:C>T-28:C>T,100056174|F|0-11:G>A-11:G>A,49340094.0,61712285.0,0.00012530474113043
100044970|F|0-28:C>T-28:C>T,100013722|F|0-6:A>G-6:A>G,49340094.0,61760543.0,1.9468282274517658e-05
100044970|F|0-28:C>T-28:C>T,100013153|F|0-63:C>A-63:C>A,49340094.0,61760548.0,0.0003835546901635782
100044970|F|0-28:C>T-28:C>T,100040510|F|0-32:T>C-32:T>C,49340094.0,62326715.0,0.02229845626072037
100044970|F|0-28:C>T-28:C>T,100013356|F|0-7:G>A-7:G>A,49340094.0,62367252.0,0.008661308203991119
100044970|F|0-28:C>T-28:C>T,100014994|F|0-36:G>A-36:G>A,49340094.0,62444541.0,0.0012311394169972193
100044970|F|0-28:C>T-28:C>T,100020485|F|0-47:G>T-47:G>T,49340094.0,62444546.0,0.0034160429800316706
100044970|F|0-28:C>T-28:C>T,100013478|F|0-51:G>A-51:G>A,49340094.0,62447789.0,0.004680555814753296
100044970|F|0-28:C>T-28:C>T,100013529|F|0-11:C>G-11:C>G,49340094.0,62466983.0,0.0007037454071352358
100044970|F|0-28:C>T-28:C>T,100029518|F|0-19:G>C-19:G>C,49340094.0,62476880.0,4.756888735991916e-05
100044970|F|0-28:C>T-28:C>T,100044261|F|0-5:T>A-5:T>A,49340094.0,62476902.0,0.002089383399743368
100044970|F|0-28:C>T-28:C>T,100017508|F|0-26:G>A-26:G>A,49340094.0,62494366.0,0.00020434549994055443
100044970|F|0-28:C>T-28:C>T,100051794|F|0-60:T>C-60:T>C,49340094.0,62494371.0,0.00014720207027899256
100044970|F|0-28:C>T-28:C>T,100033227|F|0-6:A>G-6:A>G,49340094.0,62503297.0,0.004219285880779912
100044970|F|0-28:C>T-28:C>T,100015367|F|0-46:A>T-46:A>T,49340094.0,62730005.0,0.0037096878252112888
100044970|F|0-28:C>T-28:C>T,100016319|F|0-60:C>A-60:C>A,49340094.0,62905182.0,0.0019312083265571546
100044970|F|0-28:C>T-28:C>T,100020253|F|0-17:T>C-17:T>C,49340094.0,63125496.0,0.012414982277995968
100044970|F|0-28:C>T-28:C>T,100017121|F|0-19:C>T-19:C>T,49340094.0,63306572.0,0.014764572700410625
100044970|F|0-28:C>T-28:C>T,100021507|F|0-53:A>C-53:A>C,49340094.0,63642647.0,0.029654290900412918
100044970|F|0-28:C>T-28:C>T,100019105|F|0-61:T>C-61:T>C,49340094.0,63665304.0,0.0023835700382092125
100044970|F|0-28:C>T-28:C>T,100014627|F|0-15:C>G-15:C>G,49340094.0,64043609.0,0.00037248429835419147
100044970|F|0-28:C>T-28:C>T,100033689|F|0-56:C>T-56:C>T,49340094.0,64044059.0,7.859273593539438e-05
100044970|F|0-28:C>T-28:C>T,100046739|F|0-18:T>G-18:T>G,49340094.0,64189766.0,0.0025423409624486756
100044970|F|0-28:C>T-28:C>T,100030110|F|0-28:T>C-28:T>C,49340094.0,64196475.0,0.003195445038345336
100044970|F|0-28:C>T-28:C>T,100016864|F|0-56:A>G-56:A>G,49340094.0,64720414.0,0.005832401521709561
100044970|F|0-28:C>T-28:C>T,100021392|F|0-51:G>A-51:G>A,49340094.0,64886887.0,0.040637598686203105
100013964|F|0-14:T>G-14:T>G,100020795|F|0-42:T>C-42:T>C,49356602.0,49358815.0,0.9079888109808943
100013964|F|0-14:T>G-14:T>G,100016185|F|0-62:C>T-62:C>T,49356602.0,49565807.0,0.19305284464685918
100013964|F|0-14:T>G-14:T>G,100033324|F|0-45:A>T-45:A>T,49356602.0,53523372.0,1.2488880459552365e-06
100013964|F|0-14:T>G-14:T>G,100034432|F|0-24:T>A-24:T>A,49356602.0,53750135.0,0.0018577310535822125
100013964|F|0-14:T>G-14:T>G,100056034|F|0-41:G>T-41:G>T,49356602.0,53750140.0,0.2365788039177755
100013964|F|0-14:T>G-14:T>G,100019249|F|0-36:C>A-36:C>A,49356602.0,54407017.0,0.015759266280891818
100013964|F|0-14:T>G-14:T>G,100013936|F|0-38:C>A-38:C>A,49356602.0,54572400.0,0.0020151188830281642
100013964|F|0-14:T>G-14:T>G,100018265|F|0-5:C>T-5:C>T,49356602.0,56110897.0,0.001109331650026073
100013964|F|0-14:T>G-14:T>G,100014526|F|0-10:T>C-10:T>C,49356602.0,56110902.0,0.001163774058018891
100013964|F|0-14:T>G-14:T>G,100030709|F|0-39:T>A-39:T>A,49356602.0,56193250.0,0.01579160612592615
100013964|F|0-14:T>G-14:T>G,100033311|F|0-46:C>T-46:C>T,49356602.0,57009334.0,0.007692940086560495
100013964|F|0-14:T>G-14:T>G,100034520|F|0-31:G>A-31:G>A,49356602.0,58309310.0,0.0005204249097226861
100013964|F|0-14:T>G-14:T>G,100019390|F|0-56:C>T-56:C>T,49356602.0,58491205.0,7.554570206625239e-05
100013964|F|0-14:T>G-14:T>G,100013048|F|0-58:C>T-58:C>T,49356602.0,58709443.0,0.002340605317790494
100013964|F|0-14:T>G-14:T>G,100041246|F|0-21:G>A-21:G>A,49356602.0,58719431.0,0.016460211722788193
100013964|F|0-14:T>G-14:T>G,100033981|F|0-18:C>A-18:C>A,49356602.0,58771602.0,6.386435211610607e-05
100013964|F|0-14:T>G-14:T>G,100021859|F|0-23:T>A-23:T>A,49356602.0,59249203.0,0.024204373602034715
100013964|F|0-14:T>G-14:T>G,100038389|F|0-45:C>T-45:C>T,49356602.0,59686561.0,0.0012495998182400258
100013964|F|0-14:T>G-14:T>G,100015287|F|0-63:T>C-63:T>C,49356602.0,61485460.0,0.022064122351211198
100013964|F|0-14:T>G-14:T>G,100013445|F|0-24:G>T-24:G>T,49356602.0,61602864.0,3.103655186207873e-05
100013964|F|0-14:T>G-14:T>G,100013879|F|0-63:G>A-63:G>A,49356602.0,61606253.0,2.70190235541051e-06
100013964|F|0-14:T>G-14:T>G,100040047|F|0-6:G>A-6:G>A,49356602.0,61640208.0,0.02711166401805761
100013964|F|0-14:T>G-14:T>G,100016920|F|0-66:T>A-66:T>A,49356602.0,61641379.0,0.012485644453605832
100013964|F|0-14:T>G-14:T>G,100017079|F|0-12:A>G-12:A>G,49356602.0,61641384.0,0.036359664230038245
100013964|F|0-14:T>G-14:T>G,100020360|F|0-56:A>G-56:A>G,49356602.0,61670176.0,0.025162127246160865
100013964|F|0-14:T>G-14:T>G,100056174|F|0-11:G>A-11:G>A,49356602.0,61712285.0,0.0018281845964675566
100013964|F|0-14:T>G-14:T>G,100013722|F|0-6:A>G-6:A>G,49356602.0,61760543.0,0.00018547687117907033
100013964|F|0-14:T>G-14:T>G,100013153|F|0-63:C>A-63:C>A,49356602.0,61760548.0,0.0008148586227338526
100013964|F|0-14:T>G-14:T>G,100040510|F|0-32:T>C-32:T>C,49356602.0,62326715.0,0.0195664950098821
100013964|F|0-14:T>G-14:T>G,100013356|F|0-7:G>A-7:G>A,49356602.0,62367252.0,0.009668941592073462
100013964|F|0-14:T>G-14:T>G,100014994|F|0-36:G>A-36:G>A,49356602.0,62444541.0,0.00016994506450370442
100013964|F|0-14:T>G-14:T>G,100020485|F|0-47:G>T-47:G>T,49356602.0,62444546.0,0.0011790975346643927
100013964|F|0-14:T>G-14:T>G,100013478|F|0-51:G>A-51:G>A,49356602.0,62447789.0,0.00479244836540577
100013964|F|0-14:T>G-14:T>G,100013529|F|0-11:C>G-11:C>G,49356602.0,62466983.0,0.0004190421578465632
100013964|F|0-14:T>G-14:T>G,100029518|F|0-19:G>C-19:G>C,49356602.0,62476880.0,1.1329875266570194e-06
100013964|F|0-14:T>G-14:T>G,100044261|F|0-5:T>A-5:T>A,49356602.0,62476902.0,0.0015639967714719653
100013964|F|0-14:T>G-14:T>G,100017508|F|0-26:G>A-26:G>A,49356602.0,62494366.0,0.0034120368368497135
100013964|F|0-14:T>G-14:T>G,100051794|F|0-60:T>C-60:T>C,49356602.0,62494371.0,0.0010567471530386352
100013964|F|0-14:T>G-14:T>G,100033227|F|0-6:A>G-6:A>G,49356602.0,62503297.0,0.00709654832993357
100013964|F|0-14:T>G-14:T>G,100015367|F|0-46:A>T-46:A>T,49356602.0,62730005.0,0.0038209785055931525
100013964|F|0-14:T>G-14:T>G,100016319|F|0-60:C>A-60:C>A,49356602.0,62905182.0,0.005821518814967266
100013964|F|0-14:T>G-14:T>G,100020253|F|0-17:T>C-17:T>C,49356602.0,63125496.0,0.0100021390183688
100013964|F|0-14:T>G-14:T>G,100017121|F|0-19:C>T-19:C>T,49356602.0,63306572.0,0.015554284273732453
100013964|F|0-14:T>G-14:T>G,100021507|F|0-53:A>C-53:A>C,49356602.0,63642647.0,0.0554196082969619
100013964|F|0-14:T>G-14:T>G,100019105|F|0-61:T>C-61:T>C,49356602.0,63665304.0,0.0032866274507173565
100013964|F|0-14:T>G-14:T>G,100014627|F|0-15:C>G-15:C>G,49356602.0,64043609.0,0.0014291943458236928
100013964|F|0-14:T>G-14:T>G,100033689|F|0-56:C>T-56:C>T,49356602.0,64044059.0,8.124601488296841e-08
100013964|F|0-14:T>G-14:T>G,100046739|F|0-18:T>G-18:T>G,49356602.0,64189766.0,0.0018224898932262179
100013964|F|0-14:T>G-14:T>G,100030110|F|0-28:T>C-28:T>C,49356602.0,64196475.0,0.0037779092554845375
100013964|F|0-14:T>G-14:T>G,100016864|F|0-56:A>G-56:A>G,49356602.0,64720414.0,0.006748711280937218
100013964|F|0-14:T>G-14:T>G,100021392|F|0-51:G>A-51:G>A,49356602.0,64886887.0,0.03087023143593727
100020795|F|0-42:T>C-42:T>C,100016185|F|0-62:C>T-62:C>T,49358815.0,49565807.0,0.1836168165551536
100020795|F|0-42:T>C-42:T>C,100033324|F|0-45:A>T-45:A>T,49358815.0,53523372.0,3.996291330395899e-05
100020795|F|0-42:T>C-42:T>C,100034432|F|0-24:T>A-24:T>A,49358815.0,53750135.0,0.0029767636561576264
100020795|F|0-42:T>C-42:T>C,100056034|F|0-41:G>T-41:G>T,49358815.0,53750140.0,0.251988629569497
100020795|F|0-42:T>C-42:T>C,100019249|F|0-36:C>A-36:C>A,49358815.0,54407017.0,0.017394171152323945
100020795|F|0-42:T>C-42:T>C,100013936|F|0-38:C>A-38:C>A,49358815.0,54572400.0,0.0010186168088191928
100020795|F|0-42:T>C-42:T>C,100018265|F|0-5:C>T-5:C>T,49358815.0,56110897.0,0.0006438758261239256
100020795|F|0-42:T>C-42:T>C,100014526|F|0-10:T>C-10:T>C,49358815.0,56110902.0,0.0006766402826712676
100020795|F|0-42:T>C-42:T>C,100030709|F|0-39:T>A-39:T>A,49358815.0,56193250.0,0.02190768686137967
100020795|F|0-42:T>C-42:T>C,100033311|F|0-46:C>T-46:C>T,49358815.0,57009334.0,0.00786416409826745
100020795|F|0-42:T>C-42:T>C,100034520|F|0-31:G>A-31:G>A,49358815.0,58309310.0,0.005616222047044027
100020795|F|0-42:T>C-42:T>C,100019390|F|0-56:C>T-56:C>T,49358815.0,58491205.0,0.0005138290446632706
100020795|F|0-42:T>C-42:T>C,100013048|F|0-58:C>T-58:C>T,49358815.0,58709443.0,0.00805696993581267
100020795|F|0-42:T>C-42:T>C,100041246|F|0-21:G>A-21:G>A,49358815.0,58719431.0,0.03263657716888139
100020795|F|0-42:T>C-42:T>C,100033981|F|0-18:C>A-18:C>A,49358815.0,58771602.0,0.0012202382209011242
100020795|F|0-42:T>C-42:T>C,100021859|F|0-23:T>A-23:T>A,49358815.0,59249203.0,0.03351347482929802
100020795|F|0-42:T>C-42:T>C,100038389|F|0-45:C>T-45:C>T,49358815.0,59686561.0,0.00017478888779645595
100020795|F|0-42:T>C-42:T>C,100015287|F|0-63:T>C-63:T>C,49358815.0,61485460.0,0.024196111956397627
100020795|F|0-42:T>C-42:T>C,100013445|F|0-24:G>T-24:G>T,49358815.0,61602864.0,0.0004413921240080865
100020795|F|0-42:T>C-42:T>C,100013879|F|0-63:G>A-63:G>A,49358815.0,61606253.0,0.0002315063575647147
100020795|F|0-42:T>C-42:T>C,100040047|F|0-6:G>A-6:G>A,49358815.0,61640208.0,0.024633485896023388
100020795|F|0-42:T>C-42:T>C,100016920|F|0-66:T>A-66:T>A,49358815.0,61641379.0,0.016785848413982594
100020795|F|0-42:T>C-42:T>C,100017079|F|0-12:A>G-12:A>G,49358815.0,61641384.0,0.03401346774084721
100020795|F|0-42:T>C-42:T>C,100020360|F|0-56:A>G-56:A>G,49358815.0,61670176.0,0.02318078340879784
100020795|F|0-42:T>C-42:T>C,100056174|F|0-11:G>A-11:G>A,49358815.0,61712285.0,5.702374713499999e-05
100020795|F|0-42:T>C-42:T>C,100013722|F|0-6:A>G-6:A>G,49358815.0,61760543.0,0.0005587088843143093
100020795|F|0-42:T>C-42:T>C,100013153|F|0-63:C>A-63:C>A,49358815.0,61760548.0,0.001543673603908382
100020795|F|0-42:T>C-42:T>C,100040510|F|0-32:T>C-32:T>C,49358815.0,62326715.0,0.01948635873729055
100020795|F|0-42:T>C-42:T>C,100013356|F|0-7:G>A-7:G>A,49358815.0,62367252.0,0.01208673844242809
100020795|F|0-42:T>C-42:T>C,100014994|F|0-36:G>A-36:G>A,49358815.0,62444541.0,0.0002723140632130303
100020795|F|0-42:T>C-42:T>C,100020485|F|0-47:G>T-47:G>T,49358815.0,62444546.0,0.0014204320491814466
100020795|F|0-42:T>C-42:T>C,100013478|F|0-51:G>A-51:G>A,49358815.0,62447789.0,0.0025199286632439726
100020795|F|0-42:T>C-42:T>C,100013529|F|0-11:C>G-11:C>G,49358815.0,62466983.0,0.00011081689549383576
100020795|F|0-42:T>C-42:T>C,100029518|F|0-19:G>C-19:G>C,49358815.0,62476880.0,0.0009396139253420401
100020795|F|0-42:T>C-42:T>C,100044261|F|0-5:T>A-5:T>A,49358815.0,62476902.0,9.788714820295584e-05
100020795|F|0-42:T>C-42:T>C,100017508|F|0-26:G>A-26:G>A,49358815.0,62494366.0,0.0032470925686981394
100020795|F|0-42:T>C-42:T>C,100051794|F|0-60:T>C-60:T>C,49358815.0,62494371.0,0.0008656546853381013
100020795|F|0-42:T>C-42:T>C,100033227|F|0-6:A>G-6:A>G,49358815.0,62503297.0,0.0069543556079068
100020795|F|0-42:T>C-42:T>C,100015367|F|0-46:A>T-46:A>T,49358815.0,62730005.0,0.0017448028602592457
100020795|F|0-42:T>C-42:T>C,100016319|F|0-60:C>A-60:C>A,49358815.0,62905182.0,0.004865634853310695
100020795|F|0-42:T>C-42:T>C,100020253|F|0-17:T>C-17:T>C,49358815.0,63125496.0,0.015463990421329557
100020795|F|0-42:T>C-42:T>C,100017121|F|0-19:C>T-19:C>T,49358815.0,63306572.0,0.018495558274830407
100020795|F|0-42:T>C-42:T>C,100021507|F|0-53:A>C-53:A>C,49358815.0,63642647.0,0.03732320036781587
100020795|F|0-42:T>C-42:T>C,100019105|F|0-61:T>C-61:T>C,49358815.0,63665304.0,0.004829148367047211
100020795|F|0-42:T>C-42:T>C,100014627|F|0-15:C>G-15:C>G,49358815.0,64043609.0,0.0009384656017997447
100020795|F|0-42:T>C-42:T>C,100033689|F|0-56:C>T-56:C>T,49358815.0,64044059.0,6.737928279566249e-05
100020795|F|0-42:T>C-42:T>C,100046739|F|0-18:T>G-18:T>G,49358815.0,64189766.0,0.001428357845650859
100020795|F|0-42:T>C-42:T>C,100030110|F|0-28:T>C-28:T>C,49358815.0,64196475.0,0.004949650998143262
100020795|F|0-42:T>C-42:T>C,100016864|F|0-56:A>G-56:A>G,49358815.0,64720414.0,0.008690022337605442
100020795|F|0-42:T>C-42:T>C,100021392|F|0-51:G>A-51:G>A,49358815.0,64886887.0,0.03563169891108432
100016185|F|0-62:C>T-62:C>T,100033324|F|0-45:A>T-45:A>T,49565807.0,53523372.0,0.0009101187293580347
100016185|F|0-62:C>T-62:C>T,100034432|F|0-24:T>A-24:T>A,49565807.0,53750135.0,0.04310462676815141
100016185|F|0-62:C>T-62:C>T,100056034|F|0-41:G>T-41:G>T,49565807.0,53750140.0,0.2001355877502673
100016185|F|0-62:C>T-62:C>T,100019249|F|0-36:C>A-36:C>A,49565807.0,54407017.0,0.03554856005832677
100016185|F|0-62:C>T-62:C>T,100013936|F|0-38:C>A-38:C>A,49565807.0,54572400.0,0.13035879250400462
100016185|F|0-62:C>T-62:C>T,100018265|F|0-5:C>T-5:C>T,49565807.0,56110897.0,0.0699578270538498
100016185|F|0-62:C>T-62:C>T,100014526|F|0-10:T>C-10:T>C,49565807.0,56110902.0,0.05222958677141257
100016185|F|0-62:C>T-62:C>T,100030709|F|0-39:T>A-39:T>A,49565807.0,56193250.0,0.00011968617795624839
100016185|F|0-62:C>T-62:C>T,100033311|F|0-46:C>T-46:C>T,49565807.0,57009334.0,0.005048364579178305
100016185|F|0-62:C>T-62:C>T,100034520|F|0-31:G>A-31:G>A,49565807.0,58309310.0,0.000470812871500782
100016185|F|0-62:C>T-62:C>T,100019390|F|0-56:C>T-56:C>T,49565807.0,58491205.0,0.007160939364513424
100016185|F|0-62:C>T-62:C>T,100013048|F|0-58:C>T-58:C>T,49565807.0,58709443.0,0.027917006808475944
100016185|F|0-62:C>T-62:C>T,100041246|F|0-21:G>A-21:G>A,49565807.0,58719431.0,0.01589926632194987
100016185|F|0-62:C>T-62:C>T,100033981|F|0-18:C>A-18:C>A,49565807.0,58771602.0,0.0023219154737559766
100016185|F|0-62:C>T-62:C>T,100021859|F|0-23:T>A-23:T>A,49565807.0,59249203.0,0.001973082862966993
100016185|F|0-62:C>T-62:C>T,100038389|F|0-45:C>T-45:C>T,49565807.0,59686561.0,0.00116499199068006
100016185|F|0-62:C>T-62:C>T,100015287|F|0-63:T>C-63:T>C,49565807.0,61485460.0,0.023040059333616757
100016185|F|0-62:C>T-62:C>T,100013445|F|0-24:G>T-24:G>T,49565807.0,61602864.0,0.0005679914848553631
100016185|F|0-62:C>T-62:C>T,100013879|F|0-63:G>A-63:G>A,49565807.0,61606253.0,0.0002561119746952894
100016185|F|0-62:C>T-62:C>T,100040047|F|0-6:G>A-6:G>A,49565807.0,61640208.0,0.046995592774012176
100016185|F|0-62:C>T-62:C>T,100016920|F|0-66:T>A-66:T>A,49565807.0,61641379.0,0.038939900814014536
100016185|F|0-62:C>T-62:C>T,100017079|F|0-12:A>G-12:A>G,49565807.0,61641384.0,0.019519148128160562
100016185|F|0-62:C>T-62:C>T,100020360|F|0-56:A>G-56:A>G,49565807.0,61670176.0,0.06688222095899225
100016185|F|0-62:C>T-62:C>T,100056174|F|0-11:G>A-11:G>A,49565807.0,61712285.0,0.04042928017656575
100016185|F|0-62:C>T-62:C>T,100013722|F|0-6:A>G-6:A>G,49565807.0,61760543.0,0.003723871600498552
100016185|F|0-62:C>T-62:C>T,100013153|F|0-63:C>A-63:C>A,49565807.0,61760548.0,0.010288797002196664
100016185|F|0-62:C>T-62:C>T,100040510|F|0-32:T>C-32:T>C,49565807.0,62326715.0,0.030726792548997017
100016185|F|0-62:C>T-62:C>T,100013356|F|0-7:G>A-7:G>A,49565807.0,62367252.0,0.012318717929592837
100016185|F|0-62:C>T-62:C>T,100014994|F|0-36:G>A-36:G>A,49565807.0,62444541.0,0.0018150107057272086
100016185|F|0-62:C>T-62:C>T,100020485|F|0-47:G>T-47:G>T,49565807.0,62444546.0,0.0029383992259881656
100016185|F|0-62:C>T-62:C>T,100013478|F|0-51:G>A-51:G>A,49565807.0,62447789.0,0.0006202968875271413
100016185|F|0-62:C>T-62:C>T,100013529|F|0-11:C>G-11:C>G,49565807.0,62466983.0,2.051694051383098e-05
100016185|F|0-62:C>T-62:C>T,100029518|F|0-19:G>C-19:G>C,49565807.0,62476880.0,0.00014428472718703778
100016185|F|0-62:C>T-62:C>T,100044261|F|0-5:T>A-5:T>A,49565807.0,62476902.0,0.0017524023165338969
100016185|F|0-62:C>T-62:C>T,100017508|F|0-26:G>A-26:G>A,49565807.0,62494366.0,0.0071846143181026785
100016185|F|0-62:C>T-62:C>T,100051794|F|0-60:T>C-60:T>C,49565807.0,62494371.0,0.005945871771559848
100016185|F|0-62:C>T-62:C>T,100033227|F|0-6:A>G-6:A>G,49565807.0,62503297.0,0.011587934287028145
100016185|F|0-62:C>T-62:C>T,100015367|F|0-46:A>T-46:A>T,49565807.0,62730005.0,0.05560160702771012
100016185|F|0-62:C>T-62:C>T,100016319|F|0-60:C>A-60:C>A,49565807.0,62905182.0,5.630230187516269e-05
100016185|F|0-62:C>T-62:C>T,100020253|F|0-17:T>C-17:T>C,49565807.0,63125496.0,0.05345572731208023
100016185|F|0-62:C>T-62:C>T,100017121|F|0-19:C>T-19:C>T,49565807.0,63306572.0,0.0006163143165943107
100016185|F|0-62:C>T-62:C>T,100021507|F|0-53:A>C-53:A>C,49565807.0,63642647.0,0.007653297871555414
100016185|F|0-62:C>T-62:C>T,100019105|F|0-61:T>C-61:T>C,49565807.0,63665304.0,0.005793057788707038
100016185|F|0-62:C>T-62:C>T,100014627|F|0-15:C>G-15:C>G,49565807.0,64043609.0,0.004277181732802215
100016185|F|0-62:C>T-62:C>T,100033689|F|0-56:C>T-56:C>T,49565807.0,64044059.0,0.002039308805363854
100016185|F|0-62:C>T-62:C>T,100046739|F|0-18:T>G-18:T>G,49565807.0,64189766.0,0.0015009141370052523
100016185|F|0-62:C>T-62:C>T,100030110|F|0-28:T>C-28:T>C,49565807.0,64196475.0,0.019586840297988038
100016185|F|0-62:C>T-62:C>T,100016864|F|0-56:A>G-56:A>G,49565807.0,64720414.0,0.050914895335087126
100016185|F|0-62:C>T-62:C>T,100021392|F|0-51:G>A-51:G>A,49565807.0,64886887.0,0.0009126728338920724
100033324|F|0-45:A>T-45:A>T,100034432|F|0-24:T>A-24:T>A,53523372.0,53750135.0,0.024082434793377152
100033324|F|0-45:A>T-45:A>T,100056034|F|0-41:G>T-41:G>T,53523372.0,53750140.0,0.005855201998819014
100033324|F|0-45:A>T-45:A>T,100019249|F|0-36:C>A-36:C>A,53523372.0,54407017.0,2.6483732431473023e-05
100033324|F|0-45:A>T-45:A>T,100013936|F|0-38:C>A-38:C>A,53523372.0,54572400.0,0.014788873838353029
100033324|F|0-45:A>T-45:A>T,100018265|F|0-5:C>T-5:C>T,53523372.0,56110897.0,0.007847326402954267
100033324|F|0-45:A>T-45:A>T,100014526|F|0-10:T>C-10:T>C,53523372.0,56110902.0,4.502932495982826e-05
100033324|F|0-45:A>T-45:A>T,100030709|F|0-39:T>A-39:T>A,53523372.0,56193250.0,0.0011130884287025922
100033324|F|0-45:A>T-45:A>T,100033311|F|0-46:C>T-46:C>T,53523372.0,57009334.0,0.0048238898069301915
100033324|F|0-45:A>T-45:A>T,100034520|F|0-31:G>A-31:G>A,53523372.0,58309310.0,0.0042905775808421065
100033324|F|0-45:A>T-45:A>T,100019390|F|0-56:C>T-56:C>T,53523372.0,58491205.0,0.002251878507088424
100033324|F|0-45:A>T-45:A>T,100013048|F|0-58:C>T-58:C>T,53523372.0,58709443.0,0.0037335469268020044
100033324|F|0-45:A>T-45:A>T,100041246|F|0-21:G>A-21:G>A,53523372.0,58719431.0,0.01781519554869175
100033324|F|0-45:A>T-45:A>T,100033981|F|0-18:C>A-18:C>A,53523372.0,58771602.0,0.015050878991073885
100033324|F|0-45:A>T-45:A>T,100021859|F|0-23:T>A-23:T>A,53523372.0,59249203.0,0.014160052118912933
100033324|F|0-45:A>T-45:A>T,100038389|F|0-45:C>T-45:C>T,53523372.0,59686561.0,0.01725880575368361
100033324|F|0-45:A>T-45:A>T,100015287|F|0-63:T>C-63:T>C,53523372.0,61485460.0,0.004400526054789319
100033324|F|0-45:A>T-45:A>T,100013445|F|0-24:G>T-24:G>T,53523372.0,61602864.0,0.015607574745776592
100033324|F|0-45:A>T-45:A>T,100013879|F|0-63:G>A-63:G>A,53523372.0,61606253.0,0.02172110422976339
100033324|F|0-45:A>T-45:A>T,100040047|F|0-6:G>A-6:G>A,53523372.0,61640208.0,9.766007713950288e-05
100033324|F|0-45:A>T-45:A>T,100016920|F|0-66:T>A-66:T>A,53523372.0,61641379.0,0.0011835256609984024
100033324|F|0-45:A>T-45:A>T,100017079|F|0-12:A>G-12:A>G,53523372.0,61641384.0,0.0030833096609761594
100033324|F|0-45:A>T-45:A>T,100020360|F|0-56:A>G-56:A>G,53523372.0,61670176.0,0.0011373890431096516
100033324|F|0-45:A>T-45:A>T,100056174|F|0-11:G>A-11:G>A,53523372.0,61712285.0,0.021357644444296126
100033324|F|0-45:A>T-45:A>T,100013722|F|0-6:A>G-6:A>G,53523372.0,61760543.0,0.043711238762495254
100033324|F|0-45:A>T-45:A>T,100013153|F|0-63:C>A-63:C>A,53523372.0,61760548.0,0.021849595731786832
100033324|F|0-45:A>T-45:A>T,100040510|F|0-32:T>C-32:T>C,53523372.0,62326715.0,0.002941787014448586
100033324|F|0-45:A>T-45:A>T,100013356|F|0-7:G>A-7:G>A,53523372.0,62367252.0,0.0026254133874588107
100033324|F|0-45:A>T-45:A>T,100014994|F|0-36:G>A-36:G>A,53523372.0,62444541.0,0.007945364100203117
100033324|F|0-45:A>T-45:A>T,100020485|F|0-47:G>T-47:G>T,53523372.0,62444546.0,0.011724156107804853
100033324|F|0-45:A>T-45:A>T,100013478|F|0-51:G>A-51:G>A,53523372.0,62447789.0,0.006885612115398813
100033324|F|0-45:A>T-45:A>T,100013529|F|0-11:C>G-11:C>G,53523372.0,62466983.0,0.0004529157672564328
100033324|F|0-45:A>T-45:A>T,100029518|F|0-19:G>C-19:G>C,53523372.0,62476880.0,0.00010111643540383436
100033324|F|0-45:A>T-45:A>T,100044261|F|0-5:T>A-5:T>A,53523372.0,62476902.0,8.426430757827584e-05
100033324|F|0-45:A>T-45:A>T,100017508|F|0-26:G>A-26:G>A,53523372.0,62494366.0,0.0023677181310064062
100033324|F|0-45:A>T-45:A>T,100051794|F|0-60:T>C-60:T>C,53523372.0,62494371.0,0.0010926617582373151
100033324|F|0-45:A>T-45:A>T,100033227|F|0-6:A>G-6:A>G,53523372.0,62503297.0,0.0001723295543596324
100033324|F|0-45:A>T-45:A>T,100015367|F|0-46:A>T-46:A>T,53523372.0,62730005.0,0.0037191586686199816
100033324|F|0-45:A>T-45:A>T,100016319|F|0-60:C>A-60:C>A,53523372.0,62905182.0,0.0007195341600751465
100033324|F|0-45:A>T-45:A>T,100020253|F|0-17:T>C-17:T>C,53523372.0,63125496.0,0.03147941939353578
100033324|F|0-45:A>T-45:A>T,100017121|F|0-19:C>T-19:C>T,53523372.0,63306572.0,0.09128629098408887
100033324|F|0-45:A>T-45:A>T,100021507|F|0-53:A>C-53:A>C,53523372.0,63642647.0,4.0197211752141824e-05
100033324|F|0-45:A>T-45:A>T,100019105|F|0-61:T>C-61:T>C,53523372.0,63665304.0,0.05225554391124315
100033324|F|0-45:A>T-45:A>T,100014627|F|0-15:C>G-15:C>G,53523372.0,64043609.0,0.019108531405430926
100033324|F|0-45:A>T-45:A>T,100033689|F|0-56:C>T-56:C>T,53523372.0,64044059.0,0.017216422017294904
100033324|F|0-45:A>T-45:A>T,100046739|F|0-18:T>G-18:T>G,53523372.0,64189766.0,0.22850549473351442
100033324|F|0-45:A>T-45:A>T,100030110|F|0-28:T>C-28:T>C,53523372.0,64196475.0,0.1733393300292443
100033324|F|0-45:A>T-45:A>T,100016864|F|0-56:A>G-56:A>G,53523372.0,64720414.0,0.04184143713820856
100033324|F|0-45:A>T-45:A>T,100021392|F|0-51:G>A-51:G>A,53523372.0,64886887.0,0.0010994868084336265
100034432|F|0-24:T>A-24:T>A,100056034|F|0-41:G>T-41:G>T,53750135.0,53750140.0,0.06440795052859476
100034432|F|0-24:T>A-24:T>A,100019249|F|0-36:C>A-36:C>A,53750135.0,54407017.0,0.11307944106053508
100034432|F|0-24:T>A-24:T>A,100013936|F|0-38:C>A-38:C>A,53750135.0,54572400.0,0.007524348506562077
100034432|F|0-24:T>A-24:T>A,100018265|F|0-5:C>T-5:C>T,53750135.0,56110897.0,0.05174815959520406
100034432|F|0-24:T>A-24:T>A,100014526|F|0-10:T>C-10:T>C,53750135.0,56110902.0,0.05019713725494458
100034432|F|0-24:T>A-24:T>A,100030709|F|0-39:T>A-39:T>A,53750135.0,56193250.0,0.008997782358504448
100034432|F|0-24:T>A-24:T>A,100033311|F|0-46:C>T-46:C>T,53750135.0,57009334.0,0.08841206211836004
100034432|F|0-24:T>A-24:T>A,100034520|F|0-31:G>A-31:G>A,53750135.0,58309310.0,0.23899025395121767
100034432|F|0-24:T>A-24:T>A,100019390|F|0-56:C>T-56:C>T,53750135.0,58491205.0,0.024154757853435932
100034432|F|0-24:T>A-24:T>A,100013048|F|0-58:C>T-58:C>T,53750135.0,58709443.0,0.00026618235353398335
100034432|F|0-24:T>A-24:T>A,100041246|F|0-21:G>A-21:G>A,53750135.0,58719431.0,0.0004689638451207026
100034432|F|0-24:T>A-24:T>A,100033981|F|0-18:C>A-18:C>A,53750135.0,58771602.0,0.00017855870329940617
100034432|F|0-24:T>A-24:T>A,100021859|F|0-23:T>A-23:T>A,53750135.0,59249203.0,0.0012819479807724319
100034432|F|0-24:T>A-24:T>A,100038389|F|0-45:C>T-45:C>T,53750135.0,59686561.0,0.1795519686227183
100034432|F|0-24:T>A-24:T>A,100015287|F|0-63:T>C-63:T>C,53750135.0,61485460.0,0.03201045548605227
100034432|F|0-24:T>A-24:T>A,100013445|F|0-24:G>T-24:G>T,53750135.0,61602864.0,2.2387976164267753e-05
100034432|F|0-24:T>A-24:T>A,100013879|F|0-63:G>A-63:G>A,53750135.0,61606253.0,0.0006314748094173912
100034432|F|0-24:T>A-24:T>A,100040047|F|0-6:G>A-6:G>A,53750135.0,61640208.0,0.07241689078132241
100034432|F|0-24:T>A-24:T>A,100016920|F|0-66:T>A-66:T>A,53750135.0,61641379.0,0.0710630991661384
100034432|F|0-24:T>A-24:T>A,100017079|F|0-12:A>G-12:A>G,53750135.0,61641384.0,0.03789314036068491
100034432|F|0-24:T>A-24:T>A,100020360|F|0-56:A>G-56:A>G,53750135.0,61670176.0,0.05292841051737148
100034432|F|0-24:T>A-24:T>A,100056174|F|0-11:G>A-11:G>A,53750135.0,61712285.0,0.0002546065314900752
100034432|F|0-24:T>A-24:T>A,100013722|F|0-6:A>G-6:A>G,53750135.0,61760543.0,0.005517658624233599
100034432|F|0-24:T>A-24:T>A,100013153|F|0-63:C>A-63:C>A,53750135.0,61760548.0,0.0036521214853085736
100034432|F|0-24:T>A-24:T>A,100040510|F|0-32:T>C-32:T>C,53750135.0,62326715.0,0.005491522384491262
100034432|F|0-24:T>A-24:T>A,100013356|F|0-7:G>A-7:G>A,53750135.0,62367252.0,0.029851476272459078
100034432|F|0-24:T>A-24:T>A,100014994|F|0-36:G>A-36:G>A,53750135.0,62444541.0,0.033491531053077374
100034432|F|0-24:T>A-24:T>A,100020485|F|0-47:G>T-47:G>T,53750135.0,62444546.0,0.026750966334842353
100034432|F|0-24:T>A-24:T>A,100013478|F|0-51:G>A-51:G>A,53750135.0,62447789.0,0.03587074538814911
100034432|F|0-24:T>A-24:T>A,100013529|F|0-11:C>G-11:C>G,53750135.0,62466983.0,0.018745637427737914
100034432|F|0-24:T>A-24:T>A,100029518|F|0-19:G>C-19:G>C,53750135.0,62476880.0,0.014159348381043378
100034432|F|0-24:T>A-24:T>A,100044261|F|0-5:T>A-5:T>A,53750135.0,62476902.0,0.023155350336954254
100034432|F|0-24:T>A-24:T>A,100017508|F|0-26:G>A-26:G>A,53750135.0,62494366.0,0.023306741046728544
100034432|F|0-24:T>A-24:T>A,100051794|F|0-60:T>C-60:T>C,53750135.0,62494371.0,0.033204758653544296
100034432|F|0-24:T>A-24:T>A,100033227|F|0-6:A>G-6:A>G,53750135.0,62503297.0,0.04959150122810868
100034432|F|0-24:T>A-24:T>A,100015367|F|0-46:A>T-46:A>T,53750135.0,62730005.0,0.015050483486814837
100034432|F|0-24:T>A-24:T>A,100016319|F|0-60:C>A-60:C>A,53750135.0,62905182.0,0.05144151666216449
100034432|F|0-24:T>A-24:T>A,100020253|F|0-17:T>C-17:T>C,53750135.0,63125496.0,0.024316153389940868
100034432|F|0-24:T>A-24:T>A,100017121|F|0-19:C>T-19:C>T,53750135.0,63306572.0,0.015009896018684753
100034432|F|0-24:T>A-24:T>A,100021507|F|0-53:A>C-53:A>C,53750135.0,63642647.0,0.00022959348030956222
100034432|F|0-24:T>A-24:T>A,100019105|F|0-61:T>C-61:T>C,53750135.0,63665304.0,0.0011498601116929205
100034432|F|0-24:T>A-24:T>A,100014627|F|0-15:C>G-15:C>G,53750135.0,64043609.0,0.019938351382740645
100034432|F|0-24:T>A-24:T>A,100033689|F|0-56:C>T-56:C>T,53750135.0,64044059.0,0.03376190862991289
100034432|F|0-24:T>A-24:T>A,100046739|F|0-18:T>G-18:T>G,53750135.0,64189766.0,0.013536557853488016
100034432|F|0-24:T>A-24:T>A,100030110|F|0-28:T>C-28:T>C,53750135.0,64196475.0,0.023161470313312508
100034432|F|0-24:T>A-24:T>A,100016864|F|0-56:A>G-56:A>G,53750135.0,64720414.0,0.009384476303689413
100034432|F|0-24:T>A-24:T>A,100021392|F|0-51:G>A-51:G>A,53750135.0,64886887.0,0.009818249819855676
100056034|F|0-41:G>T-41:G>T,100019249|F|0-36:C>A-36:C>A,53750140.0,54407017.0,0.03318955781704116
100056034|F|0-41:G>T-41:G>T,100013936|F|0-38:C>A-38:C>A,53750140.0,54572400.0,0.02257196560000686
100056034|F|0-41:G>T-41:G>T,100018265|F|0-5:C>T-5:C>T,53750140.0,56110897.0,0.054014967036944715
100056034|F|0-41:G>T-41:G>T,100014526|F|0-10:T>C-10:T>C,53750140.0,56110902.0,0.04678994679428455
100056034|F|0-41:G>T-41:G>T,100030709|F|0-39:T>A-39:T>A,53750140.0,56193250.0,4.111825198087124e-06
100056034|F|0-41:G>T-41:G>T,100033311|F|0-46:C>T-46:C>T,53750140.0,57009334.0,0.008032829024676868
100056034|F|0-41:G>T-41:G>T,100034520|F|0-31:G>A-31:G>A,53750140.0,58309310.0,0.0003976586300178623
100056034|F|0-41:G>T-41:G>T,100019390|F|0-56:C>T-56:C>T,53750140.0,58491205.0,0.13969863355230625
100056034|F|0-41:G>T-41:G>T,100013048|F|0-58:C>T-58:C>T,53750140.0,58709443.0,0.07007481696278368
100056034|F|0-41:G>T-41:G>T,100041246|F|0-21:G>A-21:G>A,53750140.0,58719431.0,0.0062611300337886465
100056034|F|0-41:G>T-41:G>T,100033981|F|0-18:C>A-18:C>A,53750140.0,58771602.0,0.002845417722718352
100056034|F|0-41:G>T-41:G>T,100021859|F|0-23:T>A-23:T>A,53750140.0,59249203.0,0.033167001849765544
100056034|F|0-41:G>T-41:G>T,100038389|F|0-45:C>T-45:C>T,53750140.0,59686561.0,0.004412575841147265
100056034|F|0-41:G>T-41:G>T,100015287|F|0-63:T>C-63:T>C,53750140.0,61485460.0,0.001299896549336009
100056034|F|0-41:G>T-41:G>T,100013445|F|0-24:G>T-24:G>T,53750140.0,61602864.0,0.1635248401480733
100056034|F|0-41:G>T-41:G>T,100013879|F|0-63:G>A-63:G>A,53750140.0,61606253.0,0.15938666478533606
100056034|F|0-41:G>T-41:G>T,100040047|F|0-6:G>A-6:G>A,53750140.0,61640208.0,0.08205947228789859
100056034|F|0-41:G>T-41:G>T,100016920|F|0-66:T>A-66:T>A,53750140.0,61641379.0,0.08586493616649458
100056034|F|0-41:G>T-41:G>T,100017079|F|0-12:A>G-12:A>G,53750140.0,61641384.0,0.05988459573018396
100056034|F|0-41:G>T-41:G>T,100020360|F|0-56:A>G-56:A>G,53750140.0,61670176.0,0.09510890660870151
100056034|F|0-41:G>T-41:G>T,100056174|F|0-11:G>A-11:G>A,53750140.0,61712285.0,0.0005667528603308446
100056034|F|0-41:G>T-41:G>T,100013722|F|0-6:A>G-6:A>G,53750140.0,61760543.0,0.0001839405027044225
100056034|F|0-41:G>T-41:G>T,100013153|F|0-63:C>A-63:C>A,53750140.0,61760548.0,0.002489469038764823
100056034|F|0-41:G>T-41:G>T,100040510|F|0-32:T>C-32:T>C,53750140.0,62326715.0,0.024791469366941016
100056034|F|0-41:G>T-41:G>T,100013356|F|0-7:G>A-7:G>A,53750140.0,62367252.0,0.06227504264851821
100056034|F|0-41:G>T-41:G>T,100014994|F|0-36:G>A-36:G>A,53750140.0,62444541.0,0.07964108366204574
100056034|F|0-41:G>T-41:G>T,100020485|F|0-47:G>T-47:G>T,53750140.0,62444546.0,0.05883281596089439
100056034|F|0-41:G>T-41:G>T,100013478|F|0-51:G>A-51:G>A,53750140.0,62447789.0,0.05801115061742206
100056034|F|0-41:G>T-41:G>T,100013529|F|0-11:C>G-11:C>G,53750140.0,62466983.0,0.06762789575289568
100056034|F|0-41:G>T-41:G>T,100029518|F|0-19:G>C-19:G>C,53750140.0,62476880.0,0.054008880140791214
100056034|F|0-41:G>T-41:G>T,100044261|F|0-5:T>A-5:T>A,53750140.0,62476902.0,0.04709989330544634
100056034|F|0-41:G>T-41:G>T,100017508|F|0-26:G>A-26:G>A,53750140.0,62494366.0,0.06848433220148825
100056034|F|0-41:G>T-41:G>T,100051794|F|0-60:T>C-60:T>C,53750140.0,62494371.0,0.07590063333306556
100056034|F|0-41:G>T-41:G>T,100033227|F|0-6:A>G-6:A>G,53750140.0,62503297.0,0.11108770486517514
100056034|F|0-41:G>T-41:G>T,100015367|F|0-46:A>T-46:A>T,53750140.0,62730005.0,0.017019130399094373
100056034|F|0-41:G>T-41:G>T,100016319|F|0-60:C>A-60:C>A,53750140.0,62905182.0,0.0019192780820687803
100056034|F|0-41:G>T-41:G>T,100020253|F|0-17:T>C-17:T>C,53750140.0,63125496.0,0.09441113079811717
100056034|F|0-41:G>T-41:G>T,100017121|F|0-19:C>T-19:C>T,53750140.0,63306572.0,0.015542867319724653
100056034|F|0-41:G>T-41:G>T,100021507|F|0-53:A>C-53:A>C,53750140.0,63642647.0,0.09794701999976053
100056034|F|0-41:G>T-41:G>T,100019105|F|0-61:T>C-61:T>C,53750140.0,63665304.0,0.007466390359431596
100056034|F|0-41:G>T-41:G>T,100014627|F|0-15:C>G-15:C>G,53750140.0,64043609.0,2.944915955505961e-05
100056034|F|0-41:G>T-41:G>T,100033689|F|0-56:C>T-56:C>T,53750140.0,64044059.0,1.5428586857158506e-05
100056034|F|0-41:G>T-41:G>T,100046739|F|0-18:T>G-18:T>G,53750140.0,64189766.0,0.00018217595641294214
100056034|F|0-41:G>T-41:G>T,100030110|F|0-28:T>C-28:T>C,53750140.0,64196475.0,2.2053505814835086e-05
100056034|F|0-41:G>T-41:G>T,100016864|F|0-56:A>G-56:A>G,53750140.0,64720414.0,0.023650793794763213
100056034|F|0-41:G>T-41:G>T,100021392|F|0-51:G>A-51:G>A,53750140.0,64886887.0,0.09174349268490264
100019249|F|0-36:C>A-36:C>A,100013936|F|0-38:C>A-38:C>A,54407017.0,54572400.0,0.037618213029210035
100019249|F|0-36:C>A-36:C>A,100018265|F|0-5:C>T-5:C>T,54407017.0,56110897.0,0.027797501963434137
100019249|F|0-36:C>A-36:C>A,100014526|F|0-10:T>C-10:T>C,54407017.0,56110902.0,0.01938182222053526
100019249|F|0-36:C>A-36:C>A,100030709|F|0-39:T>A-39:T>A,54407017.0,56193250.0,0.08207978345757896
100019249|F|0-36:C>A-36:C>A,100033311|F|0-46:C>T-46:C>T,54407017.0,57009334.0,0.1061837148478742
100019249|F|0-36:C>A-36:C>A,100034520|F|0-31:G>A-31:G>A,54407017.0,58309310.0,0.12623621489114287
100019249|F|0-36:C>A-36:C>A,100019390|F|0-56:C>T-56:C>T,54407017.0,58491205.0,0.036910329242647796
100019249|F|0-36:C>A-36:C>A,100013048|F|0-58:C>T-58:C>T,54407017.0,58709443.0,0.06687856277040415
100019249|F|0-36:C>A-36:C>A,100041246|F|0-21:G>A-21:G>A,54407017.0,58719431.0,0.06293071922886251
100019249|F|0-36:C>A-36:C>A,100033981|F|0-18:C>A-18:C>A,54407017.0,58771602.0,0.029916439821774315
100019249|F|0-36:C>A-36:C>A,100021859|F|0-23:T>A-23:T>A,54407017.0,59249203.0,0.02460023075188439
100019249|F|0-36:C>A-36:C>A,100038389|F|0-45:C>T-45:C>T,54407017.0,59686561.0,0.10988471915624236
100019249|F|0-36:C>A-36:C>A,100015287|F|0-63:T>C-63:T>C,54407017.0,61485460.0,0.09360244112493697
100019249|F|0-36:C>A-36:C>A,100013445|F|0-24:G>T-24:G>T,54407017.0,61602864.0,0.014538676198722306
100019249|F|0-36:C>A-36:C>A,100013879|F|0-63:G>A-63:G>A,54407017.0,61606253.0,0.015036797870233824
100019249|F|0-36:C>A-36:C>A,100040047|F|0-6:G>A-6:G>A,54407017.0,61640208.0,0.005768407000043795
100019249|F|0-36:C>A-36:C>A,100016920|F|0-66:T>A-66:T>A,54407017.0,61641379.0,0.004422787263202149
100019249|F|0-36:C>A-36:C>A,100017079|F|0-12:A>G-12:A>G,54407017.0,61641384.0,0.0007791195948578102
100019249|F|0-36:C>A-36:C>A,100020360|F|0-56:A>G-56:A>G,54407017.0,61670176.0,0.007708662262525566
100019249|F|0-36:C>A-36:C>A,100056174|F|0-11:G>A-11:G>A,54407017.0,61712285.0,0.012941880835206681
100019249|F|0-36:C>A-36:C>A,100013722|F|0-6:A>G-6:A>G,54407017.0,61760543.0,0.03584261936016767
100019249|F|0-36:C>A-36:C>A,100013153|F|0-63:C>A-63:C>A,54407017.0,61760548.0,0.023559231941145953
100019249|F|0-36:C>A-36:C>A,100040510|F|0-32:T>C-32:T>C,54407017.0,62326715.0,0.06378467449706349
100019249|F|0-36:C>A-36:C>A,100013356|F|0-7:G>A-7:G>A,54407017.0,62367252.0,0.005037360374240512
100019249|F|0-36:C>A-36:C>A,100014994|F|0-36:G>A-36:G>A,54407017.0,62444541.0,0.031854920911935224
100019249|F|0-36:C>A-36:C>A,100020485|F|0-47:G>T-47:G>T,54407017.0,62444546.0,0.030997984993953166
100019249|F|0-36:C>A-36:C>A,100013478|F|0-51:G>A-51:G>A,54407017.0,62447789.0,0.0248254425320585
100019249|F|0-36:C>A-36:C>A,100013529|F|0-11:C>G-11:C>G,54407017.0,62466983.0,0.0026880588917573937
100019249|F|0-36:C>A-36:C>A,100029518|F|0-19:G>C-19:G>C,54407017.0,62476880.0,0.004913069259164222
100019249|F|0-36:C>A-36:C>A,100044261|F|0-5:T>A-5:T>A,54407017.0,62476902.0,8.291470190923096e-05
100019249|F|0-36:C>A-36:C>A,100017508|F|0-26:G>A-26:G>A,54407017.0,62494366.0,0.05967451235281876
100019249|F|0-36:C>A-36:C>A,100051794|F|0-60:T>C-60:T>C,54407017.0,62494371.0,0.05622599165645517
100019249|F|0-36:C>A-36:C>A,100033227|F|0-6:A>G-6:A>G,54407017.0,62503297.0,0.04347702157915647
100019249|F|0-36:C>A-36:C>A,100015367|F|0-46:A>T-46:A>T,54407017.0,62730005.0,0.0235263594576957
100019249|F|0-36:C>A-36:C>A,100016319|F|0-60:C>A-60:C>A,54407017.0,62905182.0,0.03511473894963822
100019249|F|0-36:C>A-36:C>A,100020253|F|0-17:T>C-17:T>C,54407017.0,63125496.0,0.00027215821464211327
100019249|F|0-36:C>A-36:C>A,100017121|F|0-19:C>T-19:C>T,54407017.0,63306572.0,0.005178645808581591
100019249|F|0-36:C>A-36:C>A,100021507|F|0-53:A>C-53:A>C,54407017.0,63642647.0,0.020494331710234674
100019249|F|0-36:C>A-36:C>A,100019105|F|0-61:T>C-61:T>C,54407017.0,63665304.0,0.00017423932090757948
100019249|F|0-36:C>A-36:C>A,100014627|F|0-15:C>G-15:C>G,54407017.0,64043609.0,0.011867499017587692
100019249|F|0-36:C>A-36:C>A,100033689|F|0-56:C>T-56:C>T,54407017.0,64044059.0,0.011248133764690058
100019249|F|0-36:C>A-36:C>A,100046739|F|0-18:T>G-18:T>G,54407017.0,64189766.0,0.008569441306906666
100019249|F|0-36:C>A-36:C>A,100030110|F|0-28:T>C-28:T>C,54407017.0,64196475.0,0.0052688771733258605
100019249|F|0-36:C>A-36:C>A,100016864|F|0-56:A>G-56:A>G,54407017.0,64720414.0,0.012951156707637971
100019249|F|0-36:C>A-36:C>A,100021392|F|0-51:G>A-51:G>A,54407017.0,64886887.0,0.007994572064750651
100013936|F|0-38:C>A-38:C>A,100018265|F|0-5:C>T-5:C>T,54572400.0,56110897.0,0.02753607398589587
100013936|F|0-38:C>A-38:C>A,100014526|F|0-10:T>C-10:T>C,54572400.0,56110902.0,0.04375331827980354
100013936|F|0-38:C>A-38:C>A,100030709|F|0-39:T>A-39:T>A,54572400.0,56193250.0,0.04313366470789596
100013936|F|0-38:C>A-38:C>A,100033311|F|0-46:C>T-46:C>T,54572400.0,57009334.0,0.004010881696428577
100013936|F|0-38:C>A-38:C>A,100034520|F|0-31:G>A-31:G>A,54572400.0,58309310.0,0.00906897528255776
100013936|F|0-38:C>A-38:C>A,100019390|F|0-56:C>T-56:C>T,54572400.0,58491205.0,0.003541361422012536
100013936|F|0-38:C>A-38:C>A,100013048|F|0-58:C>T-58:C>T,54572400.0,58709443.0,0.02390831851412756
100013936|F|0-38:C>A-38:C>A,100041246|F|0-21:G>A-21:G>A,54572400.0,58719431.0,0.0034629965562508963
100013936|F|0-38:C>A-38:C>A,100033981|F|0-18:C>A-18:C>A,54572400.0,58771602.0,0.005409394514132326
100013936|F|0-38:C>A-38:C>A,100021859|F|0-23:T>A-23:T>A,54572400.0,59249203.0,0.053288850199102705
100013936|F|0-38:C>A-38:C>A,100038389|F|0-45:C>T-45:C>T,54572400.0,59686561.0,0.01714852607709755
100013936|F|0-38:C>A-38:C>A,100015287|F|0-63:T>C-63:T>C,54572400.0,61485460.0,0.03472239600016002
100013936|F|0-38:C>A-38:C>A,100013445|F|0-24:G>T-24:G>T,54572400.0,61602864.0,4.346302898367856e-05
100013936|F|0-38:C>A-38:C>A,100013879|F|0-63:G>A-63:G>A,54572400.0,61606253.0,0.0005214204140958699
100013936|F|0-38:C>A-38:C>A,100040047|F|0-6:G>A-6:G>A,54572400.0,61640208.0,0.010769355367031469
100013936|F|0-38:C>A-38:C>A,100016920|F|0-66:T>A-66:T>A,54572400.0,61641379.0,0.012659511959405846
100013936|F|0-38:C>A-38:C>A,100017079|F|0-12:A>G-12:A>G,54572400.0,61641384.0,0.007090336134453799
100013936|F|0-38:C>A-38:C>A,100020360|F|0-56:A>G-56:A>G,54572400.0,61670176.0,0.017696853567032097
100013936|F|0-38:C>A-38:C>A,100056174|F|0-11:G>A-11:G>A,54572400.0,61712285.0,0.21379679308650032
100013936|F|0-38:C>A-38:C>A,100013722|F|0-6:A>G-6:A>G,54572400.0,61760543.0,0.015710134624562513
100013936|F|0-38:C>A-38:C>A,100013153|F|0-63:C>A-63:C>A,54572400.0,61760548.0,0.004735292766212671
100013936|F|0-38:C>A-38:C>A,100040510|F|0-32:T>C-32:T>C,54572400.0,62326715.0,0.02695417789757414
100013936|F|0-38:C>A-38:C>A,100013356|F|0-7:G>A-7:G>A,54572400.0,62367252.0,0.0052777824309836446
100013936|F|0-38:C>A-38:C>A,100014994|F|0-36:G>A-36:G>A,54572400.0,62444541.0,0.007064068019982341
100013936|F|0-38:C>A-38:C>A,100020485|F|0-47:G>T-47:G>T,54572400.0,62444546.0,0.0028259991925716566
100013936|F|0-38:C>A-38:C>A,100013478|F|0-51:G>A-51:G>A,54572400.0,62447789.0,0.005210655822803754
100013936|F|0-38:C>A-38:C>A,100013529|F|0-11:C>G-11:C>G,54572400.0,62466983.0,2.246330205811123e-05
100013936|F|0-38:C>A-38:C>A,100029518|F|0-19:G>C-19:G>C,54572400.0,62476880.0,0.0007483193334473528
100013936|F|0-38:C>A-38:C>A,100044261|F|0-5:T>A-5:T>A,54572400.0,62476902.0,0.0008383396502257628
100013936|F|0-38:C>A-38:C>A,100017508|F|0-26:G>A-26:G>A,54572400.0,62494366.0,0.0006883267036045476
100013936|F|0-38:C>A-38:C>A,100051794|F|0-60:T>C-60:T>C,54572400.0,62494371.0,0.0008353133353133346
100013936|F|0-38:C>A-38:C>A,100033227|F|0-6:A>G-6:A>G,54572400.0,62503297.0,0.00029125886337949785
100013936|F|0-38:C>A-38:C>A,100015367|F|0-46:A>T-46:A>T,54572400.0,62730005.0,0.00033178838247091764
100013936|F|0-38:C>A-38:C>A,100016319|F|0-60:C>A-60:C>A,54572400.0,62905182.0,0.04167099252491697
100013936|F|0-38:C>A-38:C>A,100020253|F|0-17:T>C-17:T>C,54572400.0,63125496.0,0.0453232020547946
100013936|F|0-38:C>A-38:C>A,100017121|F|0-19:C>T-19:C>T,54572400.0,63306572.0,0.02027981322609695
100013936|F|0-38:C>A-38:C>A,100021507|F|0-53:A>C-53:A>C,54572400.0,63642647.0,3.6933077263997656e-05
100013936|F|0-38:C>A-38:C>A,100019105|F|0-61:T>C-61:T>C,54572400.0,63665304.0,0.005752945508100152
100013936|F|0-38:C>A-38:C>A,100014627|F|0-15:C>G-15:C>G,54572400.0,64043609.0,0.004154242422195806
100013936|F|0-38:C>A-38:C>A,100033689|F|0-56:C>T-56:C>T,54572400.0,64044059.0,0.0026226563614956473
100013936|F|0-38:C>A-38:C>A,100046739|F|0-18:T>G-18:T>G,54572400.0,64189766.0,0.04230877508656059
100013936|F|0-38:C>A-38:C>A,100030110|F|0-28:T>C-28:T>C,54572400.0,64196475.0,0.11508875465310732
100013936|F|0-38:C>A-38:C>A,100016864|F|0-56:A>G-56:A>G,54572400.0,64720414.0,0.19566546255201722
100013936|F|0-38:C>A-38:C>A,100021392|F|0-51:G>A-51:G>A,54572400.0,64886887.0,0.017944755538464217
100018265|F|0-5:C>T-5:C>T,100014526|F|0-10:T>C-10:T>C,56110897.0,56110902.0,0.8570470936212384
100018265|F|0-5:C>T-5:C>T,100030709|F|0-39:T>A-39:T>A,56110897.0,56193250.0,0.1582818885826689
100018265|F|0-5:C>T-5:C>T,100033311|F|0-46:C>T-46:C>T,56110897.0,57009334.0,0.0030519827886341198
100018265|F|0-5:C>T-5:C>T,100034520|F|0-31:G>A-31:G>A,56110897.0,58309310.0,0.0003876946066361536
100018265|F|0-5:C>T-5:C>T,100019390|F|0-56:C>T-56:C>T,56110897.0,58491205.0,0.0394568911547058
100018265|F|0-5:C>T-5:C>T,100013048|F|0-58:C>T-58:C>T,56110897.0,58709443.0,0.0029114675581682573
100018265|F|0-5:C>T-5:C>T,100041246|F|0-21:G>A-21:G>A,56110897.0,58719431.0,0.069276628454998
100018265|F|0-5:C>T-5:C>T,100033981|F|0-18:C>A-18:C>A,56110897.0,58771602.0,0.003337027810494015
100018265|F|0-5:C>T-5:C>T,100021859|F|0-23:T>A-23:T>A,56110897.0,59249203.0,0.010452040639034344
100018265|F|0-5:C>T-5:C>T,100038389|F|0-45:C>T-45:C>T,56110897.0,59686561.0,0.006468670892475747
100018265|F|0-5:C>T-5:C>T,100015287|F|0-63:T>C-63:T>C,56110897.0,61485460.0,0.011951946691666219
100018265|F|0-5:C>T-5:C>T,100013445|F|0-24:G>T-24:G>T,56110897.0,61602864.0,0.057042543767111126
100018265|F|0-5:C>T-5:C>T,100013879|F|0-63:G>A-63:G>A,56110897.0,61606253.0,0.045442630589776094
100018265|F|0-5:C>T-5:C>T,100040047|F|0-6:G>A-6:G>A,56110897.0,61640208.0,0.26606474830706156
100018265|F|0-5:C>T-5:C>T,100016920|F|0-66:T>A-66:T>A,56110897.0,61641379.0,0.24395751916649014
100018265|F|0-5:C>T-5:C>T,100017079|F|0-12:A>G-12:A>G,56110897.0,61641384.0,0.263510024896147
100018265|F|0-5:C>T-5:C>T,100020360|F|0-56:A>G-56:A>G,56110897.0,61670176.0,0.2570235526038525
100018265|F|0-5:C>T-5:C>T,100056174|F|0-11:G>A-11:G>A,56110897.0,61712285.0,0.01960755706353577
100018265|F|0-5:C>T-5:C>T,100013722|F|0-6:A>G-6:A>G,56110897.0,61760543.0,0.05724279230287573
100018265|F|0-5:C>T-5:C>T,100013153|F|0-63:C>A-63:C>A,56110897.0,61760548.0,0.05055719319536804
100018265|F|0-5:C>T-5:C>T,100040510|F|0-32:T>C-32:T>C,56110897.0,62326715.0,0.02994489045534169
100018265|F|0-5:C>T-5:C>T,100013356|F|0-7:G>A-7:G>A,56110897.0,62367252.0,0.011135523848083346
100018265|F|0-5:C>T-5:C>T,100014994|F|0-36:G>A-36:G>A,56110897.0,62444541.0,0.10111968668345041
100018265|F|0-5:C>T-5:C>T,100020485|F|0-47:G>T-47:G>T,56110897.0,62444546.0,0.07709997098777295
100018265|F|0-5:C>T-5:C>T,100013478|F|0-51:G>A-51:G>A,56110897.0,62447789.0,0.10969954137074646
100018265|F|0-5:C>T-5:C>T,100013529|F|0-11:C>G-11:C>G,56110897.0,62466983.0,0.06481006675611134
100018265|F|0-5:C>T-5:C>T,100029518|F|0-19:G>C-19:G>C,56110897.0,62476880.0,0.05865016406249946
100018265|F|0-5:C>T-5:C>T,100044261|F|0-5:T>A-5:T>A,56110897.0,62476902.0,0.056821577624261384
100018265|F|0-5:C>T-5:C>T,100017508|F|0-26:G>A-26:G>A,56110897.0,62494366.0,0.10111968668345034
100018265|F|0-5:C>T-5:C>T,100051794|F|0-60:T>C-60:T>C,56110897.0,62494371.0,0.12603688582786396
100018265|F|0-5:C>T-5:C>T,100033227|F|0-6:A>G-6:A>G,56110897.0,62503297.0,0.11052477588115095
100018265|F|0-5:C>T-5:C>T,100015367|F|0-46:A>T-46:A>T,56110897.0,62730005.0,0.27331959378363313
100018265|F|0-5:C>T-5:C>T,100016319|F|0-60:C>A-60:C>A,56110897.0,62905182.0,0.00253372587565896
100018265|F|0-5:C>T-5:C>T,100020253|F|0-17:T>C-17:T>C,56110897.0,63125496.0,0.017844685116829677
100018265|F|0-5:C>T-5:C>T,100017121|F|0-19:C>T-19:C>T,56110897.0,63306572.0,0.0012469529839160781
100018265|F|0-5:C>T-5:C>T,100021507|F|0-53:A>C-53:A>C,56110897.0,63642647.0,0.00010218990191023261
100018265|F|0-5:C>T-5:C>T,100019105|F|0-61:T>C-61:T>C,56110897.0,63665304.0,0.015722480719318935
100018265|F|0-5:C>T-5:C>T,100014627|F|0-15:C>G-15:C>G,56110897.0,64043609.0,0.00011794649210262991
100018265|F|0-5:C>T-5:C>T,100033689|F|0-56:C>T-56:C>T,56110897.0,64044059.0,0.001016688010059138
100018265|F|0-5:C>T-5:C>T,100046739|F|0-18:T>G-18:T>G,56110897.0,64189766.0,0.006468921336681129
100018265|F|0-5:C>T-5:C>T,100030110|F|0-28:T>C-28:T>C,56110897.0,64196475.0,0.027359937309565062
100018265|F|0-5:C>T-5:C>T,100016864|F|0-56:A>G-56:A>G,56110897.0,64720414.0,0.010096372998121226
100018265|F|0-5:C>T-5:C>T,100021392|F|0-51:G>A-51:G>A,56110897.0,64886887.0,0.08511921064299031
100014526|F|0-10:T>C-10:T>C,100030709|F|0-39:T>A-39:T>A,56110902.0,56193250.0,0.11380713230806366
100014526|F|0-10:T>C-10:T>C,100033311|F|0-46:C>T-46:C>T,56110902.0,57009334.0,4.883772600110131e-05
100014526|F|0-10:T>C-10:T>C,100034520|F|0-31:G>A-31:G>A,56110902.0,58309310.0,0.0015042152255184877
100014526|F|0-10:T>C-10:T>C,100019390|F|0-56:C>T-56:C>T,56110902.0,58491205.0,0.04572608943409985
100014526|F|0-10:T>C-10:T>C,100013048|F|0-58:C>T-58:C>T,56110902.0,58709443.0,0.0017657955382872868
100014526|F|0-10:T>C-10:T>C,100041246|F|0-21:G>A-21:G>A,56110902.0,58719431.0,0.08826517183441754
100014526|F|0-10:T>C-10:T>C,100033981|F|0-18:C>A-18:C>A,56110902.0,58771602.0,0.004345949513759789
100014526|F|0-10:T>C-10:T>C,100021859|F|0-23:T>A-23:T>A,56110902.0,59249203.0,0.007691627395324475
100014526|F|0-10:T>C-10:T>C,100038389|F|0-45:C>T-45:C>T,56110902.0,59686561.0,0.004159603661461895
100014526|F|0-10:T>C-10:T>C,100015287|F|0-63:T>C-63:T>C,56110902.0,61485460.0,0.005802710260651095
100014526|F|0-10:T>C-10:T>C,100013445|F|0-24:G>T-24:G>T,56110902.0,61602864.0,0.08996600708717922
100014526|F|0-10:T>C-10:T>C,100013879|F|0-63:G>A-63:G>A,56110902.0,61606253.0,0.07937920330937653
100014526|F|0-10:T>C-10:T>C,100040047|F|0-6:G>A-6:G>A,56110902.0,61640208.0,0.2819792894029175
100014526|F|0-10:T>C-10:T>C,100016920|F|0-66:T>A-66:T>A,56110902.0,61641379.0,0.23853240799354852
100014526|F|0-10:T>C-10:T>C,100017079|F|0-12:A>G-12:A>G,56110902.0,61641384.0,0.282522039398305
100014526|F|0-10:T>C-10:T>C,100020360|F|0-56:A>G-56:A>G,56110902.0,61670176.0,0.25733015031679735
100014526|F|0-10:T>C-10:T>C,100056174|F|0-11:G>A-11:G>A,56110902.0,61712285.0,0.025876438865101496
100014526|F|0-10:T>C-10:T>C,100013722|F|0-6:A>G-6:A>G,56110902.0,61760543.0,0.0425284743970018
100014526|F|0-10:T>C-10:T>C,100013153|F|0-63:C>A-63:C>A,56110902.0,61760548.0,0.03687447906961686
100014526|F|0-10:T>C-10:T>C,100040510|F|0-32:T>C-32:T>C,56110902.0,62326715.0,0.0319659137759589
100014526|F|0-10:T>C-10:T>C,100013356|F|0-7:G>A-7:G>A,56110902.0,62367252.0,0.00890887694775876
100014526|F|0-10:T>C-10:T>C,100014994|F|0-36:G>A-36:G>A,56110902.0,62444541.0,0.11711598722678068
100014526|F|0-10:T>C-10:T>C,100020485|F|0-47:G>T-47:G>T,56110902.0,62444546.0,0.09407549771333788
100014526|F|0-10:T>C-10:T>C,100013478|F|0-51:G>A-51:G>A,56110902.0,62447789.0,0.12523720132000551
100014526|F|0-10:T>C-10:T>C,100013529|F|0-11:C>G-11:C>G,56110902.0,62466983.0,0.052167092172638076
100014526|F|0-10:T>C-10:T>C,100029518|F|0-19:G>C-19:G>C,56110902.0,62476880.0,0.04750310099235847
100014526|F|0-10:T>C-10:T>C,100044261|F|0-5:T>A-5:T>A,56110902.0,62476902.0,0.04498439387423673
100014526|F|0-10:T>C-10:T>C,100017508|F|0-26:G>A-26:G>A,56110902.0,62494366.0,0.1269309038108087
100014526|F|0-10:T>C-10:T>C,100051794|F|0-60:T>C-60:T>C,56110902.0,62494371.0,0.12139698131839799
100014526|F|0-10:T>C-10:T>C,100033227|F|0-6:A>G-6:A>G,56110902.0,62503297.0,0.10345783969586442
100014526|F|0-10:T>C-10:T>C,100015367|F|0-46:A>T-46:A>T,56110902.0,62730005.0,0.2506241045428254
100014526|F|0-10:T>C-10:T>C,100016319|F|0-60:C>A-60:C>A,56110902.0,62905182.0,0.013495515552644508
100014526|F|0-10:T>C-10:T>C,100020253|F|0-17:T>C-17:T>C,56110902.0,63125496.0,0.026047500811195935
100014526|F|0-10:T>C-10:T>C,100017121|F|0-19:C>T-19:C>T,56110902.0,63306572.0,0.003366907165380993
100014526|F|0-10:T>C-10:T>C,100021507|F|0-53:A>C-53:A>C,56110902.0,63642647.0,0.0007527721207402588
100014526|F|0-10:T>C-10:T>C,100019105|F|0-61:T>C-61:T>C,56110902.0,63665304.0,0.005481694372111712
100014526|F|0-10:T>C-10:T>C,100014627|F|0-15:C>G-15:C>G,56110902.0,64043609.0,0.00849579144485166
100014526|F|0-10:T>C-10:T>C,100033689|F|0-56:C>T-56:C>T,56110902.0,64044059.0,0.011601524231376921
100014526|F|0-10:T>C-10:T>C,100046739|F|0-18:T>G-18:T>G,56110902.0,64189766.0,0.004033277192191529
100014526|F|0-10:T>C-10:T>C,100030110|F|0-28:T>C-28:T>C,56110902.0,64196475.0,0.020051309328736465
100014526|F|0-10:T>C-10:T>C,100016864|F|0-56:A>G-56:A>G,56110902.0,64720414.0,0.005949756907550466
100014526|F|0-10:T>C-10:T>C,100021392|F|0-51:G>A-51:G>A,56110902.0,64886887.0,0.11349832897251613
100030709|F|0-39:T>A-39:T>A,100033311|F|0-46:C>T-46:C>T,56193250.0,57009334.0,0.0033442868222438287
100030709|F|0-39:T>A-39:T>A,100034520|F|0-31:G>A-31:G>A,56193250.0,58309310.0,0.030181787543351907
100030709|F|0-39:T>A-39:T>A,100019390|F|0-56:C>T-56:C>T,56193250.0,58491205.0,0.0006246719309136968
100030709|F|0-39:T>A-39:T>A,100013048|F|0-58:C>T-58:C>T,56193250.0,58709443.0,0.00038960254648348765
100030709|F|0-39:T>A-39:T>A,100041246|F|0-21:G>A-21:G>A,56193250.0,58719431.0,0.0067265319429832115
100030709|F|0-39:T>A-39:T>A,100033981|F|0-18:C>A-18:C>A,56193250.0,58771602.0,0.0012421842842862503
100030709|F|0-39:T>A-39:T>A,100021859|F|0-23:T>A-23:T>A,56193250.0,59249203.0,0.01174173500889193
100030709|F|0-39:T>A-39:T>A,100038389|F|0-45:C>T-45:C>T,56193250.0,59686561.0,0.000931842385516505
100030709|F|0-39:T>A-39:T>A,100015287|F|0-63:T>C-63:T>C,56193250.0,61485460.0,0.001255092002273195
100030709|F|0-39:T>A-39:T>A,100013445|F|0-24:G>T-24:G>T,56193250.0,61602864.0,0.0038290521580861335
100030709|F|0-39:T>A-39:T>A,100013879|F|0-63:G>A-63:G>A,56193250.0,61606253.0,0.005528253354986402
100030709|F|0-39:T>A-39:T>A,100040047|F|0-6:G>A-6:G>A,56193250.0,61640208.0,0.12951460404469592
100030709|F|0-39:T>A-39:T>A,100016920|F|0-66:T>A-66:T>A,56193250.0,61641379.0,0.11917760504343061
100030709|F|0-39:T>A-39:T>A,100017079|F|0-12:A>G-12:A>G,56193250.0,61641384.0,0.11512168765269697
100030709|F|0-39:T>A-39:T>A,100020360|F|0-56:A>G-56:A>G,56193250.0,61670176.0,0.08644704924043314
100030709|F|0-39:T>A-39:T>A,100056174|F|0-11:G>A-11:G>A,56193250.0,61712285.0,0.0733152643843244
100030709|F|0-39:T>A-39:T>A,100013722|F|0-6:A>G-6:A>G,56193250.0,61760543.0,0.0005516044410605932
100030709|F|0-39:T>A-39:T>A,100013153|F|0-63:C>A-63:C>A,56193250.0,61760548.0,0.001274378473676505
100030709|F|0-39:T>A-39:T>A,100040510|F|0-32:T>C-32:T>C,56193250.0,62326715.0,0.0008304323145859722
100030709|F|0-39:T>A-39:T>A,100013356|F|0-7:G>A-7:G>A,56193250.0,62367252.0,3.0220565169524914e-05
100030709|F|0-39:T>A-39:T>A,100014994|F|0-36:G>A-36:G>A,56193250.0,62444541.0,0.00032102165643677023
100030709|F|0-39:T>A-39:T>A,100020485|F|0-47:G>T-47:G>T,56193250.0,62444546.0,7.738929783400236e-06
100030709|F|0-39:T>A-39:T>A,100013478|F|0-51:G>A-51:G>A,56193250.0,62447789.0,0.00012185357919640372
100030709|F|0-39:T>A-39:T>A,100013529|F|0-11:C>G-11:C>G,56193250.0,62466983.0,0.001371816393205898
100030709|F|0-39:T>A-39:T>A,100029518|F|0-19:G>C-19:G>C,56193250.0,62476880.0,0.0056776955449136576
100030709|F|0-39:T>A-39:T>A,100044261|F|0-5:T>A-5:T>A,56193250.0,62476902.0,0.00043220282724696566
100030709|F|0-39:T>A-39:T>A,100017508|F|0-26:G>A-26:G>A,56193250.0,62494366.0,0.0015573228120941568
100030709|F|0-39:T>A-39:T>A,100051794|F|0-60:T>C-60:T>C,56193250.0,62494371.0,2.214059722046919e-05
100030709|F|0-39:T>A-39:T>A,100033227|F|0-6:A>G-6:A>G,56193250.0,62503297.0,0.0005901002943387142
100030709|F|0-39:T>A-39:T>A,100015367|F|0-46:A>T-46:A>T,56193250.0,62730005.0,0.007074974999220414
100030709|F|0-39:T>A-39:T>A,100016319|F|0-60:C>A-60:C>A,56193250.0,62905182.0,0.02846917799737481
100030709|F|0-39:T>A-39:T>A,100020253|F|0-17:T>C-17:T>C,56193250.0,63125496.0,0.004743095977942142
100030709|F|0-39:T>A-39:T>A,100017121|F|0-19:C>T-19:C>T,56193250.0,63306572.0,0.00368671201290888
100030709|F|0-39:T>A-39:T>A,100021507|F|0-53:A>C-53:A>C,56193250.0,63642647.0,0.0036128337369619214
100030709|F|0-39:T>A-39:T>A,100019105|F|0-61:T>C-61:T>C,56193250.0,63665304.0,0.008923866144066418
100030709|F|0-39:T>A-39:T>A,100014627|F|0-15:C>G-15:C>G,56193250.0,64043609.0,0.04147312862204129
100030709|F|0-39:T>A-39:T>A,100033689|F|0-56:C>T-56:C>T,56193250.0,64044059.0,0.02107643421541184
100030709|F|0-39:T>A-39:T>A,100046739|F|0-18:T>G-18:T>G,56193250.0,64189766.0,0.001454046953958046
100030709|F|0-39:T>A-39:T>A,100030110|F|0-28:T>C-28:T>C,56193250.0,64196475.0,0.042921054409621504
100030709|F|0-39:T>A-39:T>A,100016864|F|0-56:A>G-56:A>G,56193250.0,64720414.0,0.06035988037910677
100030709|F|0-39:T>A-39:T>A,100021392|F|0-51:G>A-51:G>A,56193250.0,64886887.0,0.11779266743950771
100033311|F|0-46:C>T-46:C>T,100034520|F|0-31:G>A-31:G>A,57009334.0,58309310.0,0.05231656156063093
100033311|F|0-46:C>T-46:C>T,100019390|F|0-56:C>T-56:C>T,57009334.0,58491205.0,0.1277882237791056
100033311|F|0-46:C>T-46:C>T,100013048|F|0-58:C>T-58:C>T,57009334.0,58709443.0,0.1001450778759997
100033311|F|0-46:C>T-46:C>T,100041246|F|0-21:G>A-21:G>A,57009334.0,58719431.0,3.07861552607389e-05
100033311|F|0-46:C>T-46:C>T,100033981|F|0-18:C>A-18:C>A,57009334.0,58771602.0,0.05526994698586321
100033311|F|0-46:C>T-46:C>T,100021859|F|0-23:T>A-23:T>A,57009334.0,59249203.0,0.021904568872628098
100033311|F|0-46:C>T-46:C>T,100038389|F|0-45:C>T-45:C>T,57009334.0,59686561.0,0.039305124223602474
100033311|F|0-46:C>T-46:C>T,100015287|F|0-63:T>C-63:T>C,57009334.0,61485460.0,0.10060592951842452
100033311|F|0-46:C>T-46:C>T,100013445|F|0-24:G>T-24:G>T,57009334.0,61602864.0,0.021636708147692973
100033311|F|0-46:C>T-46:C>T,100013879|F|0-63:G>A-63:G>A,57009334.0,61606253.0,0.03304429076989739
100033311|F|0-46:C>T-46:C>T,100040047|F|0-6:G>A-6:G>A,57009334.0,61640208.0,0.030285369976525256
100033311|F|0-46:C>T-46:C>T,100016920|F|0-66:T>A-66:T>A,57009334.0,61641379.0,0.04391104778524499
100033311|F|0-46:C>T-46:C>T,100017079|F|0-12:A>G-12:A>G,57009334.0,61641384.0,0.0261082693947144
100033311|F|0-46:C>T-46:C>T,100020360|F|0-56:A>G-56:A>G,57009334.0,61670176.0,0.03348652343401543
100033311|F|0-46:C>T-46:C>T,100056174|F|0-11:G>A-11:G>A,57009334.0,61712285.0,0.005048364579178297
100033311|F|0-46:C>T-46:C>T,100013722|F|0-6:A>G-6:A>G,57009334.0,61760543.0,0.011029945773215847
100033311|F|0-46:C>T-46:C>T,100013153|F|0-63:C>A-63:C>A,57009334.0,61760548.0,0.0103374216873145
100033311|F|0-46:C>T-46:C>T,100040510|F|0-32:T>C-32:T>C,57009334.0,62326715.0,0.026662799938474237
100033311|F|0-46:C>T-46:C>T,100013356|F|0-7:G>A-7:G>A,57009334.0,62367252.0,0.016575832041765246
100033311|F|0-46:C>T-46:C>T,100014994|F|0-36:G>A-36:G>A,57009334.0,62444541.0,0.00328123950003359
100033311|F|0-46:C>T-46:C>T,100020485|F|0-47:G>T-47:G>T,57009334.0,62444546.0,0.003029227589475356
100033311|F|0-46:C>T-46:C>T,100013478|F|0-51:G>A-51:G>A,57009334.0,62447789.0,0.0033682495151585528
100033311|F|0-46:C>T-46:C>T,100013529|F|0-11:C>G-11:C>G,57009334.0,62466983.0,0.03500368459837867
100033311|F|0-46:C>T-46:C>T,100029518|F|0-19:G>C-19:G>C,57009334.0,62476880.0,0.03327236849576951
100033311|F|0-46:C>T-46:C>T,100044261|F|0-5:T>A-5:T>A,57009334.0,62476902.0,0.03536306638164666
100033311|F|0-46:C>T-46:C>T,100017508|F|0-26:G>A-26:G>A,57009334.0,62494366.0,0.00018899939520193354
100033311|F|0-46:C>T-46:C>T,100051794|F|0-60:T>C-60:T>C,57009334.0,62494371.0,0.0003177822471300729
100033311|F|0-46:C>T-46:C>T,100033227|F|0-6:A>G-6:A>G,57009334.0,62503297.0,2.8018740844854852e-05
100033311|F|0-46:C>T-46:C>T,100015367|F|0-46:A>T-46:A>T,57009334.0,62730005.0,0.005580843753815039
100033311|F|0-46:C>T-46:C>T,100016319|F|0-60:C>A-60:C>A,57009334.0,62905182.0,0.0015008847320525777
100033311|F|0-46:C>T-46:C>T,100020253|F|0-17:T>C-17:T>C,57009334.0,63125496.0,0.0019058963668850532
100033311|F|0-46:C>T-46:C>T,100017121|F|0-19:C>T-19:C>T,57009334.0,63306572.0,0.00021458894217533703
100033311|F|0-46:C>T-46:C>T,100021507|F|0-53:A>C-53:A>C,57009334.0,63642647.0,0.012227558338204242
100033311|F|0-46:C>T-46:C>T,100019105|F|0-61:T>C-61:T>C,57009334.0,63665304.0,0.006779471089197658
100033311|F|0-46:C>T-46:C>T,100014627|F|0-15:C>G-15:C>G,57009334.0,64043609.0,0.018885047359073887
100033311|F|0-46:C>T-46:C>T,100033689|F|0-56:C>T-56:C>T,57009334.0,64044059.0,0.018351214003387933
100033311|F|0-46:C>T-46:C>T,100046739|F|0-18:T>G-18:T>G,57009334.0,64189766.0,0.0007378912653188694
100033311|F|0-46:C>T-46:C>T,100030110|F|0-28:T>C-28:T>C,57009334.0,64196475.0,0.005587687179823987
100033311|F|0-46:C>T-46:C>T,100016864|F|0-56:A>G-56:A>G,57009334.0,64720414.0,0.007984195029138223
100033311|F|0-46:C>T-46:C>T,100021392|F|0-51:G>A-51:G>A,57009334.0,64886887.0,0.00016346194082939302
100034520|F|0-31:G>A-31:G>A,100019390|F|0-56:C>T-56:C>T,58309310.0,58491205.0,0.018977613982224955
100034520|F|0-31:G>A-31:G>A,100013048|F|0-58:C>T-58:C>T,58309310.0,58709443.0,0.021593719839624423
100034520|F|0-31:G>A-31:G>A,100041246|F|0-21:G>A-21:G>A,58309310.0,58719431.0,0.12995476532448463
100034520|F|0-31:G>A-31:G>A,100033981|F|0-18:C>A-18:C>A,58309310.0,58771602.0,0.0025714507475217458
100034520|F|0-31:G>A-31:G>A,100021859|F|0-23:T>A-23:T>A,58309310.0,59249203.0,0.0040620654289768516
100034520|F|0-31:G>A-31:G>A,100038389|F|0-45:C>T-45:C>T,58309310.0,59686561.0,0.051547703899806514
100034520|F|0-31:G>A-31:G>A,100015287|F|0-63:T>C-63:T>C,58309310.0,61485460.0,0.09580886888761776
100034520|F|0-31:G>A-31:G>A,100013445|F|0-24:G>T-24:G>T,58309310.0,61602864.0,0.004896121133663603
100034520|F|0-31:G>A-31:G>A,100013879|F|0-63:G>A-63:G>A,58309310.0,61606253.0,0.0059939190581170445
100034520|F|0-31:G>A-31:G>A,100040047|F|0-6:G>A-6:G>A,58309310.0,61640208.0,0.01918305128340912
100034520|F|0-31:G>A-31:G>A,100016920|F|0-66:T>A-66:T>A,58309310.0,61641379.0,0.028496944147377256
100034520|F|0-31:G>A-31:G>A,100017079|F|0-12:A>G-12:A>G,58309310.0,61641384.0,0.013528433468897193
100034520|F|0-31:G>A-31:G>A,100020360|F|0-56:A>G-56:A>G,58309310.0,61670176.0,0.007818479715926172
100034520|F|0-31:G>A-31:G>A,100056174|F|0-11:G>A-11:G>A,58309310.0,61712285.0,0.03743289281814201
100034520|F|0-31:G>A-31:G>A,100013722|F|0-6:A>G-6:A>G,58309310.0,61760543.0,0.00686486323452608
100034520|F|0-31:G>A-31:G>A,100013153|F|0-63:C>A-63:C>A,58309310.0,61760548.0,0.010123987524025662
100034520|F|0-31:G>A-31:G>A,100040510|F|0-32:T>C-32:T>C,58309310.0,62326715.0,0.017400802189378554
100034520|F|0-31:G>A-31:G>A,100013356|F|0-7:G>A-7:G>A,58309310.0,62367252.0,0.000802688957861676
100034520|F|0-31:G>A-31:G>A,100014994|F|0-36:G>A-36:G>A,58309310.0,62444541.0,0.012203439637517738
100034520|F|0-31:G>A-31:G>A,100020485|F|0-47:G>T-47:G>T,58309310.0,62444546.0,0.006133692983286557
100034520|F|0-31:G>A-31:G>A,100013478|F|0-51:G>A-51:G>A,58309310.0,62447789.0,0.005100176110828363
100034520|F|0-31:G>A-31:G>A,100013529|F|0-11:C>G-11:C>G,58309310.0,62466983.0,0.00011476617901107774
100034520|F|0-31:G>A-31:G>A,100029518|F|0-19:G>C-19:G>C,58309310.0,62476880.0,0.00017136300067242035
100034520|F|0-31:G>A-31:G>A,100044261|F|0-5:T>A-5:T>A,58309310.0,62476902.0,0.00034073479819050586
100034520|F|0-31:G>A-31:G>A,100017508|F|0-26:G>A-26:G>A,58309310.0,62494366.0,0.0012734910067959849
100034520|F|0-31:G>A-31:G>A,100051794|F|0-60:T>C-60:T>C,58309310.0,62494371.0,0.0021412387770192364
100034520|F|0-31:G>A-31:G>A,100033227|F|0-6:A>G-6:A>G,58309310.0,62503297.0,0.0012438939168191504
100034520|F|0-31:G>A-31:G>A,100015367|F|0-46:A>T-46:A>T,58309310.0,62730005.0,0.00012015110591909805
100034520|F|0-31:G>A-31:G>A,100016319|F|0-60:C>A-60:C>A,58309310.0,62905182.0,0.025510119511346144
100034520|F|0-31:G>A-31:G>A,100020253|F|0-17:T>C-17:T>C,58309310.0,63125496.0,0.0063489196340522774
100034520|F|0-31:G>A-31:G>A,100017121|F|0-19:C>T-19:C>T,58309310.0,63306572.0,0.03158398542998482
100034520|F|0-31:G>A-31:G>A,100021507|F|0-53:A>C-53:A>C,58309310.0,63642647.0,0.010350290889444301
100034520|F|0-31:G>A-31:G>A,100019105|F|0-61:T>C-61:T>C,58309310.0,63665304.0,0.04684824859836431
100034520|F|0-31:G>A-31:G>A,100014627|F|0-15:C>G-15:C>G,58309310.0,64043609.0,0.004388783634521367
100034520|F|0-31:G>A-31:G>A,100033689|F|0-56:C>T-56:C>T,58309310.0,64044059.0,0.012053520250241572
100034520|F|0-31:G>A-31:G>A,100046739|F|0-18:T>G-18:T>G,58309310.0,64189766.0,1.2796380159980508e-06
100034520|F|0-31:G>A-31:G>A,100030110|F|0-28:T>C-28:T>C,58309310.0,64196475.0,0.001068330056654606
100034520|F|0-31:G>A-31:G>A,100016864|F|0-56:A>G-56:A>G,58309310.0,64720414.0,0.0015275368070192638
100034520|F|0-31:G>A-31:G>A,100021392|F|0-51:G>A-51:G>A,58309310.0,64886887.0,0.00035123415587524914
100019390|F|0-56:C>T-56:C>T,100013048|F|0-58:C>T-58:C>T,58491205.0,58709443.0,0.2713812986306399
100019390|F|0-56:C>T-56:C>T,100041246|F|0-21:G>A-21:G>A,58491205.0,58719431.0,0.06675296387508778
100019390|F|0-56:C>T-56:C>T,100033981|F|0-18:C>A-18:C>A,58491205.0,58771602.0,9.0861512517078e-07
100019390|F|0-56:C>T-56:C>T,100021859|F|0-23:T>A-23:T>A,58491205.0,59249203.0,0.0003792704764492514
100019390|F|0-56:C>T-56:C>T,100038389|F|0-45:C>T-45:C>T,58491205.0,59686561.0,0.08308884375235052
100019390|F|0-56:C>T-56:C>T,100015287|F|0-63:T>C-63:T>C,58491205.0,61485460.0,0.011996113425286349
100019390|F|0-56:C>T-56:C>T,100013445|F|0-24:G>T-24:G>T,58491205.0,61602864.0,0.33815928203797063
100019390|F|0-56:C>T-56:C>T,100013879|F|0-63:G>A-63:G>A,58491205.0,61606253.0,0.3422856867314326
100019390|F|0-56:C>T-56:C>T,100040047|F|0-6:G>A-6:G>A,58491205.0,61640208.0,0.010288974864238926
100019390|F|0-56:C>T-56:C>T,100016920|F|0-66:T>A-66:T>A,58491205.0,61641379.0,0.016902921005662135
100019390|F|0-56:C>T-56:C>T,100017079|F|0-12:A>G-12:A>G,58491205.0,61641384.0,0.039053061983087035
100019390|F|0-56:C>T-56:C>T,100020360|F|0-56:A>G-56:A>G,58491205.0,61670176.0,0.02276223388635321
100019390|F|0-56:C>T-56:C>T,100056174|F|0-11:G>A-11:G>A,58491205.0,61712285.0,0.009620662854906733
100019390|F|0-56:C>T-56:C>T,100013722|F|0-6:A>G-6:A>G,58491205.0,61760543.0,0.006207185003008267
100019390|F|0-56:C>T-56:C>T,100013153|F|0-63:C>A-63:C>A,58491205.0,61760548.0,0.009710376733606162
100019390|F|0-56:C>T-56:C>T,100040510|F|0-32:T>C-32:T>C,58491205.0,62326715.0,0.04250312975051406
100019390|F|0-56:C>T-56:C>T,100013356|F|0-7:G>A-7:G>A,58491205.0,62367252.0,6.25205623182754e-07
100019390|F|0-56:C>T-56:C>T,100014994|F|0-36:G>A-36:G>A,58491205.0,62444541.0,0.001058476233729133
100019390|F|0-56:C>T-56:C>T,100020485|F|0-47:G>T-47:G>T,58491205.0,62444546.0,0.002320459602752909
100019390|F|0-56:C>T-56:C>T,100013478|F|0-51:G>A-51:G>A,58491205.0,62447789.0,0.00039840781421367395
100019390|F|0-56:C>T-56:C>T,100013529|F|0-11:C>G-11:C>G,58491205.0,62466983.0,0.004030193188207886
100019390|F|0-56:C>T-56:C>T,100029518|F|0-19:G>C-19:G>C,58491205.0,62476880.0,0.0036522498952889382
100019390|F|0-56:C>T-56:C>T,100044261|F|0-5:T>A-5:T>A,58491205.0,62476902.0,0.001685254900573797
100019390|F|0-56:C>T-56:C>T,100017508|F|0-26:G>A-26:G>A,58491205.0,62494366.0,0.0012705033988441015
100019390|F|0-56:C>T-56:C>T,100051794|F|0-60:T>C-60:T>C,58491205.0,62494371.0,0.0003463977101417859
100019390|F|0-56:C>T-56:C>T,100033227|F|0-6:A>G-6:A>G,58491205.0,62503297.0,0.00014538885226298998
100019390|F|0-56:C>T-56:C>T,100015367|F|0-46:A>T-46:A>T,58491205.0,62730005.0,0.02217827214779582
100019390|F|0-56:C>T-56:C>T,100016319|F|0-60:C>A-60:C>A,58491205.0,62905182.0,0.0002617656783864181
100019390|F|0-56:C>T-56:C>T,100020253|F|0-17:T>C-17:T>C,58491205.0,63125496.0,0.005276975264558859
100019390|F|0-56:C>T-56:C>T,100017121|F|0-19:C>T-19:C>T,58491205.0,63306572.0,0.07710899233199155
100019390|F|0-56:C>T-56:C>T,100021507|F|0-53:A>C-53:A>C,58491205.0,63642647.0,0.05830575459352966
100019390|F|0-56:C>T-56:C>T,100019105|F|0-61:T>C-61:T>C,58491205.0,63665304.0,0.0023857001514633333
100019390|F|0-56:C>T-56:C>T,100014627|F|0-15:C>G-15:C>G,58491205.0,64043609.0,0.02169813378169415
100019390|F|0-56:C>T-56:C>T,100033689|F|0-56:C>T-56:C>T,58491205.0,64044059.0,0.033906333595314635
100019390|F|0-56:C>T-56:C>T,100046739|F|0-18:T>G-18:T>G,58491205.0,64189766.0,0.021295372552690036
100019390|F|0-56:C>T-56:C>T,100030110|F|0-28:T>C-28:T>C,58491205.0,64196475.0,0.03797554445096721
100019390|F|0-56:C>T-56:C>T,100016864|F|0-56:A>G-56:A>G,58491205.0,64720414.0,0.001912313447672468
100019390|F|0-56:C>T-56:C>T,100021392|F|0-51:G>A-51:G>A,58491205.0,64886887.0,0.004598216932978765
100013048|F|0-58:C>T-58:C>T,100041246|F|0-21:G>A-21:G>A,58709443.0,58719431.0,0.02848292125096977
100013048|F|0-58:C>T-58:C>T,100033981|F|0-18:C>A-18:C>A,58709443.0,58771602.0,0.010844915951768756
100013048|F|0-58:C>T-58:C>T,100021859|F|0-23:T>A-23:T>A,58709443.0,59249203.0,0.0063226438792725196
100013048|F|0-58:C>T-58:C>T,100038389|F|0-45:C>T-45:C>T,58709443.0,59686561.0,0.3108959581988626
100013048|F|0-58:C>T-58:C>T,100015287|F|0-63:T>C-63:T>C,58709443.0,61485460.0,0.030019413380967606
100013048|F|0-58:C>T-58:C>T,100013445|F|0-24:G>T-24:G>T,58709443.0,61602864.0,0.16826422591381623
100013048|F|0-58:C>T-58:C>T,100013879|F|0-63:G>A-63:G>A,58709443.0,61606253.0,0.1621152176010811
100013048|F|0-58:C>T-58:C>T,100040047|F|0-6:G>A-6:G>A,58709443.0,61640208.0,0.02279955653167947
100013048|F|0-58:C>T-58:C>T,100016920|F|0-66:T>A-66:T>A,58709443.0,61641379.0,0.02567360946242361
100013048|F|0-58:C>T-58:C>T,100017079|F|0-12:A>G-12:A>G,58709443.0,61641384.0,0.0417683670978766
100013048|F|0-58:C>T-58:C>T,100020360|F|0-56:A>G-56:A>G,58709443.0,61670176.0,0.014711532840584067
100013048|F|0-58:C>T-58:C>T,100056174|F|0-11:G>A-11:G>A,58709443.0,61712285.0,0.029553608816475615
100013048|F|0-58:C>T-58:C>T,100013722|F|0-6:A>G-6:A>G,58709443.0,61760543.0,0.003548688186749711
100013048|F|0-58:C>T-58:C>T,100013153|F|0-63:C>A-63:C>A,58709443.0,61760548.0,0.004450952978216153
100013048|F|0-58:C>T-58:C>T,100040510|F|0-32:T>C-32:T>C,58709443.0,62326715.0,0.09297362274589668
100013048|F|0-58:C>T-58:C>T,100013356|F|0-7:G>A-7:G>A,58709443.0,62367252.0,0.015385653377759432
100013048|F|0-58:C>T-58:C>T,100014994|F|0-36:G>A-36:G>A,58709443.0,62444541.0,0.0004971610646862532
100013048|F|0-58:C>T-58:C>T,100020485|F|0-47:G>T-47:G>T,58709443.0,62444546.0,0.0019109416591144728
100013048|F|0-58:C>T-58:C>T,100013478|F|0-51:G>A-51:G>A,58709443.0,62447789.0,5.813558008235429e-05
100013048|F|0-58:C>T-58:C>T,100013529|F|0-11:C>G-11:C>G,58709443.0,62466983.0,0.0035633073118128316
100013048|F|0-58:C>T-58:C>T,100029518|F|0-19:G>C-19:G>C,58709443.0,62476880.0,0.0010370433261015757
100013048|F|0-58:C>T-58:C>T,100044261|F|0-5:T>A-5:T>A,58709443.0,62476902.0,0.002409844844607813
100013048|F|0-58:C>T-58:C>T,100017508|F|0-26:G>A-26:G>A,58709443.0,62494366.0,0.0004971610646862534
100013048|F|0-58:C>T-58:C>T,100051794|F|0-60:T>C-60:T>C,58709443.0,62494371.0,0.0014377607738603581
100013048|F|0-58:C>T-58:C>T,100033227|F|0-6:A>G-6:A>G,58709443.0,62503297.0,0.0005663255525245652
100013048|F|0-58:C>T-58:C>T,100015367|F|0-46:A>T-46:A>T,58709443.0,62730005.0,0.055225308595741734
100013048|F|0-58:C>T-58:C>T,100016319|F|0-60:C>A-60:C>A,58709443.0,62905182.0,0.025821029946283273
100013048|F|0-58:C>T-58:C>T,100020253|F|0-17:T>C-17:T>C,58709443.0,63125496.0,0.021902650675458105
100013048|F|0-58:C>T-58:C>T,100017121|F|0-19:C>T-19:C>T,58709443.0,63306572.0,0.004130020927205859
100013048|F|0-58:C>T-58:C>T,100021507|F|0-53:A>C-53:A>C,58709443.0,63642647.0,0.054947428344211076
100013048|F|0-58:C>T-58:C>T,100019105|F|0-61:T>C-61:T>C,58709443.0,63665304.0,0.006496770329811347
100013048|F|0-58:C>T-58:C>T,100014627|F|0-15:C>G-15:C>G,58709443.0,64043609.0,0.023103712120102485
100013048|F|0-58:C>T-58:C>T,100033689|F|0-56:C>T-56:C>T,58709443.0,64044059.0,0.01373522742817347
100013048|F|0-58:C>T-58:C>T,100046739|F|0-18:T>G-18:T>G,58709443.0,64189766.0,0.012694587433668343
100013048|F|0-58:C>T-58:C>T,100030110|F|0-28:T>C-28:T>C,58709443.0,64196475.0,0.017301609189638613
100013048|F|0-58:C>T-58:C>T,100016864|F|0-56:A>G-56:A>G,58709443.0,64720414.0,0.013072228988234952
100013048|F|0-58:C>T-58:C>T,100021392|F|0-51:G>A-51:G>A,58709443.0,64886887.0,0.0010385092059739338
100041246|F|0-21:G>A-21:G>A,100033981|F|0-18:C>A-18:C>A,58719431.0,58771602.0,0.0010441186464762507
100041246|F|0-21:G>A-21:G>A,100021859|F|0-23:T>A-23:T>A,58719431.0,59249203.0,0.016866374884334265
100041246|F|0-21:G>A-21:G>A,100038389|F|0-45:C>T-45:C>T,58719431.0,59686561.0,0.0007832606019917178
100041246|F|0-21:G>A-21:G>A,100015287|F|0-63:T>C-63:T>C,58719431.0,61485460.0,0.022356608366186644
100041246|F|0-21:G>A-21:G>A,100013445|F|0-24:G>T-24:G>T,58719431.0,61602864.0,0.022667654737461435
100041246|F|0-21:G>A-21:G>A,100013879|F|0-63:G>A-63:G>A,58719431.0,61606253.0,0.019338023975134937
100041246|F|0-21:G>A-21:G>A,100040047|F|0-6:G>A-6:G>A,58719431.0,61640208.0,0.0034370728928061686
100041246|F|0-21:G>A-21:G>A,100016920|F|0-66:T>A-66:T>A,58719431.0,61641379.0,0.0021982442425759114
100041246|F|0-21:G>A-21:G>A,100017079|F|0-12:A>G-12:A>G,58719431.0,61641384.0,0.00029865924214600193
100041246|F|0-21:G>A-21:G>A,100020360|F|0-56:A>G-56:A>G,58719431.0,61670176.0,0.005851795560304983
100041246|F|0-21:G>A-21:G>A,100056174|F|0-11:G>A-11:G>A,58719431.0,61712285.0,4.879338858246223e-05
100041246|F|0-21:G>A-21:G>A,100013722|F|0-6:A>G-6:A>G,58719431.0,61760543.0,0.15812272769071722
100041246|F|0-21:G>A-21:G>A,100013153|F|0-63:C>A-63:C>A,58719431.0,61760548.0,0.14495864333105282
100041246|F|0-21:G>A-21:G>A,100040510|F|0-32:T>C-32:T>C,58719431.0,62326715.0,0.0327320726215585
100041246|F|0-21:G>A-21:G>A,100013356|F|0-7:G>A-7:G>A,58719431.0,62367252.0,0.008481509402591122
100041246|F|0-21:G>A-21:G>A,100014994|F|0-36:G>A-36:G>A,58719431.0,62444541.0,0.03397828462296359
100041246|F|0-21:G>A-21:G>A,100020485|F|0-47:G>T-47:G>T,58719431.0,62444546.0,0.022166570921765254
100041246|F|0-21:G>A-21:G>A,100013478|F|0-51:G>A-51:G>A,58719431.0,62447789.0,0.031075419664682843
100041246|F|0-21:G>A-21:G>A,100013529|F|0-11:C>G-11:C>G,58719431.0,62466983.0,0.000162152013245259
100041246|F|0-21:G>A-21:G>A,100029518|F|0-19:G>C-19:G>C,58719431.0,62476880.0,0.0007369829994112062
100041246|F|0-21:G>A-21:G>A,100044261|F|0-5:T>A-5:T>A,58719431.0,62476902.0,3.978684858982253e-06
100041246|F|0-21:G>A-21:G>A,100017508|F|0-26:G>A-26:G>A,58719431.0,62494366.0,0.02393259773592897
100041246|F|0-21:G>A-21:G>A,100051794|F|0-60:T>C-60:T>C,58719431.0,62494371.0,0.040240100663061315
100041246|F|0-21:G>A-21:G>A,100033227|F|0-6:A>G-6:A>G,58719431.0,62503297.0,0.036334383561035015
100041246|F|0-21:G>A-21:G>A,100015367|F|0-46:A>T-46:A>T,58719431.0,62730005.0,0.020815180794239992
100041246|F|0-21:G>A-21:G>A,100016319|F|0-60:C>A-60:C>A,58719431.0,62905182.0,0.007119604674582555
100041246|F|0-21:G>A-21:G>A,100020253|F|0-17:T>C-17:T>C,58719431.0,63125496.0,0.041730469450537384
100041246|F|0-21:G>A-21:G>A,100017121|F|0-19:C>T-19:C>T,58719431.0,63306572.0,0.008164168532260166
100041246|F|0-21:G>A-21:G>A,100021507|F|0-53:A>C-53:A>C,58719431.0,63642647.0,0.001750620423627235
100041246|F|0-21:G>A-21:G>A,100019105|F|0-61:T>C-61:T>C,58719431.0,63665304.0,0.06359594480954317
100041246|F|0-21:G>A-21:G>A,100014627|F|0-15:C>G-15:C>G,58719431.0,64043609.0,0.0003048317547085779
100041246|F|0-21:G>A-21:G>A,100033689|F|0-56:C>T-56:C>T,58719431.0,64044059.0,0.0018717435635864665
100041246|F|0-21:G>A-21:G>A,100046739|F|0-18:T>G-18:T>G,58719431.0,64189766.0,0.026470753081263645
100041246|F|0-21:G>A-21:G>A,100030110|F|0-28:T>C-28:T>C,58719431.0,64196475.0,0.017254086764450855
100041246|F|0-21:G>A-21:G>A,100016864|F|0-56:A>G-56:A>G,58719431.0,64720414.0,0.00208047378025129
100041246|F|0-21:G>A-21:G>A,100021392|F|0-51:G>A-51:G>A,58719431.0,64886887.0,0.006920556503803831
100033981|F|0-18:C>A-18:C>A,100021859|F|0-23:T>A-23:T>A,58771602.0,59249203.0,5.9374057931612596e-05
100033981|F|0-18:C>A-18:C>A,100038389|F|0-45:C>T-45:C>T,58771602.0,59686561.0,0.04192837666764066
100033981|F|0-18:C>A-18:C>A,100015287|F|0-63:T>C-63:T>C,58771602.0,61485460.0,0.05884360642658658
100033981|F|0-18:C>A-18:C>A,100013445|F|0-24:G>T-24:G>T,58771602.0,61602864.0,0.04021421809852084
100033981|F|0-18:C>A-18:C>A,100013879|F|0-63:G>A-63:G>A,58771602.0,61606253.0,0.040763915781749906
100033981|F|0-18:C>A-18:C>A,100040047|F|0-6:G>A-6:G>A,58771602.0,61640208.0,0.007007121603755165
100033981|F|0-18:C>A-18:C>A,100016920|F|0-66:T>A-66:T>A,58771602.0,61641379.0,0.0008253197152033058
100033981|F|0-18:C>A-18:C>A,100017079|F|0-12:A>G-12:A>G,58771602.0,61641384.0,0.0019886021893420025
100033981|F|0-18:C>A-18:C>A,100020360|F|0-56:A>G-56:A>G,58771602.0,61670176.0,0.004335638457220098
100033981|F|0-18:C>A-18:C>A,100056174|F|0-11:G>A-11:G>A,58771602.0,61712285.0,0.0012822226599876092
100033981|F|0-18:C>A-18:C>A,100013722|F|0-6:A>G-6:A>G,58771602.0,61760543.0,0.009226792326506061
100033981|F|0-18:C>A-18:C>A,100013153|F|0-63:C>A-63:C>A,58771602.0,61760548.0,0.010370623932362428
100033981|F|0-18:C>A-18:C>A,100040510|F|0-32:T>C-32:T>C,58771602.0,62326715.0,0.022793617606204446
100033981|F|0-18:C>A-18:C>A,100013356|F|0-7:G>A-7:G>A,58771602.0,62367252.0,0.003229347713486566
100033981|F|0-18:C>A-18:C>A,100014994|F|0-36:G>A-36:G>A,58771602.0,62444541.0,0.015361721394638582
100033981|F|0-18:C>A-18:C>A,100020485|F|0-47:G>T-47:G>T,58771602.0,62444546.0,0.012928915346339689
100033981|F|0-18:C>A-18:C>A,100013478|F|0-51:G>A-51:G>A,58771602.0,62447789.0,0.016209984118779445
100033981|F|0-18:C>A-18:C>A,100013529|F|0-11:C>G-11:C>G,58771602.0,62466983.0,0.005000909847145685
100033981|F|0-18:C>A-18:C>A,100029518|F|0-19:G>C-19:G>C,58771602.0,62476880.0,0.0037059875377593253
100033981|F|0-18:C>A-18:C>A,100044261|F|0-5:T>A-5:T>A,58771602.0,62476902.0,1.5148903623348792e-06
100033981|F|0-18:C>A-18:C>A,100017508|F|0-26:G>A-26:G>A,58771602.0,62494366.0,0.0004984069940546717
100033981|F|0-18:C>A-18:C>A,100051794|F|0-60:T>C-60:T>C,58771602.0,62494371.0,9.964542173131128e-05
100033981|F|0-18:C>A-18:C>A,100033227|F|0-6:A>G-6:A>G,58771602.0,62503297.0,0.0005123297012771175
100033981|F|0-18:C>A-18:C>A,100015367|F|0-46:A>T-46:A>T,58771602.0,62730005.0,0.04369427648950809
100033981|F|0-18:C>A-18:C>A,100016319|F|0-60:C>A-60:C>A,58771602.0,62905182.0,0.006099300898844354
100033981|F|0-18:C>A-18:C>A,100020253|F|0-17:T>C-17:T>C,58771602.0,63125496.0,0.02876292125388693
100033981|F|0-18:C>A-18:C>A,100017121|F|0-19:C>T-19:C>T,58771602.0,63306572.0,0.007286577142503137
100033981|F|0-18:C>A-18:C>A,100021507|F|0-53:A>C-53:A>C,58771602.0,63642647.0,0.007334048128104742
100033981|F|0-18:C>A-18:C>A,100019105|F|0-61:T>C-61:T>C,58771602.0,63665304.0,0.00285600215040162
100033981|F|0-18:C>A-18:C>A,100014627|F|0-15:C>G-15:C>G,58771602.0,64043609.0,0.0026923636183634665
100033981|F|0-18:C>A-18:C>A,100033689|F|0-56:C>T-56:C>T,58771602.0,64044059.0,0.0031871885782928807
100033981|F|0-18:C>A-18:C>A,100046739|F|0-18:T>G-18:T>G,58771602.0,64189766.0,0.0004653544954896407
100033981|F|0-18:C>A-18:C>A,100030110|F|0-28:T>C-28:T>C,58771602.0,64196475.0,0.002016222452875656
100033981|F|0-18:C>A-18:C>A,100016864|F|0-56:A>G-56:A>G,58771602.0,64720414.0,1.3311054716847405e-05
100033981|F|0-18:C>A-18:C>A,100021392|F|0-51:G>A-51:G>A,58771602.0,64886887.0,0.0025692767349445116
100021859|F|0-23:T>A-23:T>A,100038389|F|0-45:C>T-45:C>T,59249203.0,59686561.0,0.02908577596600547
100021859|F|0-23:T>A-23:T>A,100015287|F|0-63:T>C-63:T>C,59249203.0,61485460.0,0.03463431095722377
100021859|F|0-23:T>A-23:T>A,100013445|F|0-24:G>T-24:G>T,59249203.0,61602864.0,0.00022383079614984985
100021859|F|0-23:T>A-23:T>A,100013879|F|0-63:G>A-63:G>A,59249203.0,61606253.0,0.0011661866275501775
100021859|F|0-23:T>A-23:T>A,100040047|F|0-6:G>A-6:G>A,59249203.0,61640208.0,0.03802026040720224
100021859|F|0-23:T>A-23:T>A,100016920|F|0-66:T>A-66:T>A,59249203.0,61641379.0,0.03386994312162026
100021859|F|0-23:T>A-23:T>A,100017079|F|0-12:A>G-12:A>G,59249203.0,61641384.0,0.04909301349760654
100021859|F|0-23:T>A-23:T>A,100020360|F|0-56:A>G-56:A>G,59249203.0,61670176.0,0.030012451536899673
100021859|F|0-23:T>A-23:T>A,100056174|F|0-11:G>A-11:G>A,59249203.0,61712285.0,0.00675287609850455
100021859|F|0-23:T>A-23:T>A,100013722|F|0-6:A>G-6:A>G,59249203.0,61760543.0,0.0007847754720104232
100021859|F|0-23:T>A-23:T>A,100013153|F|0-63:C>A-63:C>A,59249203.0,61760548.0,0.009436808557494927
100021859|F|0-23:T>A-23:T>A,100040510|F|0-32:T>C-32:T>C,59249203.0,62326715.0,0.00034288829640297184
100021859|F|0-23:T>A-23:T>A,100013356|F|0-7:G>A-7:G>A,59249203.0,62367252.0,0.031221616040832106
100021859|F|0-23:T>A-23:T>A,100014994|F|0-36:G>A-36:G>A,59249203.0,62444541.0,0.0038293055477131243
100021859|F|0-23:T>A-23:T>A,100020485|F|0-47:G>T-47:G>T,59249203.0,62444546.0,0.0035792127787468895
100021859|F|0-23:T>A-23:T>A,100013478|F|0-51:G>A-51:G>A,59249203.0,62447789.0,0.00514256253565254
100021859|F|0-23:T>A-23:T>A,100013529|F|0-11:C>G-11:C>G,59249203.0,62466983.0,0.025815597925469648
100021859|F|0-23:T>A-23:T>A,100029518|F|0-19:G>C-19:G>C,59249203.0,62476880.0,0.014899460107592044
100021859|F|0-23:T>A-23:T>A,100044261|F|0-5:T>A-5:T>A,59249203.0,62476902.0,0.03850388160905862
100021859|F|0-23:T>A-23:T>A,100017508|F|0-26:G>A-26:G>A,59249203.0,62494366.0,0.036110417795933894
100021859|F|0-23:T>A-23:T>A,100051794|F|0-60:T>C-60:T>C,59249203.0,62494371.0,0.022595364933399854
100021859|F|0-23:T>A-23:T>A,100033227|F|0-6:A>G-6:A>G,59249203.0,62503297.0,0.022311254252453065
100021859|F|0-23:T>A-23:T>A,100015367|F|0-46:A>T-46:A>T,59249203.0,62730005.0,0.0020655310946251287
100021859|F|0-23:T>A-23:T>A,100016319|F|0-60:C>A-60:C>A,59249203.0,62905182.0,0.012029167018353593
100021859|F|0-23:T>A-23:T>A,100020253|F|0-17:T>C-17:T>C,59249203.0,63125496.0,0.0010196840341031273
100021859|F|0-23:T>A-23:T>A,100017121|F|0-19:C>T-19:C>T,59249203.0,63306572.0,0.02772880440768876
100021859|F|0-23:T>A-23:T>A,100021507|F|0-53:A>C-53:A>C,59249203.0,63642647.0,0.0014733913642333272
100021859|F|0-23:T>A-23:T>A,100019105|F|0-61:T>C-61:T>C,59249203.0,63665304.0,0.0021854256338582913
100021859|F|0-23:T>A-23:T>A,100014627|F|0-15:C>G-15:C>G,59249203.0,64043609.0,0.0038628158602096786
100021859|F|0-23:T>A-23:T>A,100033689|F|0-56:C>T-56:C>T,59249203.0,64044059.0,0.0006961178260593664
100021859|F|0-23:T>A-23:T>A,100046739|F|0-18:T>G-18:T>G,59249203.0,64189766.0,0.04025511003882894
100021859|F|0-23:T>A-23:T>A,100030110|F|0-28:T>C-28:T>C,59249203.0,64196475.0,0.03635356652676792
100021859|F|0-23:T>A-23:T>A,100016864|F|0-56:A>G-56:A>G,59249203.0,64720414.0,0.06321807061006596
100021859|F|0-23:T>A-23:T>A,100021392|F|0-51:G>A-51:G>A,59249203.0,64886887.0,0.044001889180291416
100038389|F|0-45:C>T-45:C>T,100015287|F|0-63:T>C-63:T>C,59686561.0,61485460.0,0.021531781621467697
100038389|F|0-45:C>T-45:C>T,100013445|F|0-24:G>T-24:G>T,59686561.0,61602864.0,0.056873632845364355
100038389|F|0-45:C>T-45:C>T,100013879|F|0-63:G>A-63:G>A,59686561.0,61606253.0,0.047344829404630015
100038389|F|0-45:C>T-45:C>T,100040047|F|0-6:G>A-6:G>A,59686561.0,61640208.0,0.001540056108584033
100038389|F|0-45:C>T-45:C>T,100016920|F|0-66:T>A-66:T>A,59686561.0,61641379.0,0.0009759668171282095
100038389|F|0-45:C>T-45:C>T,100017079|F|0-12:A>G-12:A>G,59686561.0,61641384.0,0.0006224712107065094
100038389|F|0-45:C>T-45:C>T,100020360|F|0-56:A>G-56:A>G,59686561.0,61670176.0,0.0003191537865317133
100038389|F|0-45:C>T-45:C>T,100056174|F|0-11:G>A-11:G>A,59686561.0,61712285.0,0.024250946555992373
100038389|F|0-45:C>T-45:C>T,100013722|F|0-6:A>G-6:A>G,59686561.0,61760543.0,0.00817071446247393
100038389|F|0-45:C>T-45:C>T,100013153|F|0-63:C>A-63:C>A,59686561.0,61760548.0,0.011182479492338644
100038389|F|0-45:C>T-45:C>T,100040510|F|0-32:T>C-32:T>C,59686561.0,62326715.0,0.050960242587600964
100038389|F|0-45:C>T-45:C>T,100013356|F|0-7:G>A-7:G>A,59686561.0,62367252.0,0.0028310104529616705
100038389|F|0-45:C>T-45:C>T,100014994|F|0-36:G>A-36:G>A,59686561.0,62444541.0,0.002332192536983873
100038389|F|0-45:C>T-45:C>T,100020485|F|0-47:G>T-47:G>T,59686561.0,62444546.0,0.004500131367309415
100038389|F|0-45:C>T-45:C>T,100013478|F|0-51:G>A-51:G>A,59686561.0,62447789.0,0.0011860888719447623
100038389|F|0-45:C>T-45:C>T,100013529|F|0-11:C>G-11:C>G,59686561.0,62466983.0,4.333342374871281e-34
100038389|F|0-45:C>T-45:C>T,100029518|F|0-19:G>C-19:G>C,59686561.0,62476880.0,1.5548230611356194e-05
100038389|F|0-45:C>T-45:C>T,100044261|F|0-5:T>A-5:T>A,59686561.0,62476902.0,0.0008431233189793302
100038389|F|0-45:C>T-45:C>T,100017508|F|0-26:G>A-26:G>A,59686561.0,62494366.0,0.000613331370672945
100038389|F|0-45:C>T-45:C>T,100051794|F|0-60:T>C-60:T>C,59686561.0,62494371.0,0.0010312510312510308
100038389|F|0-45:C>T-45:C>T,100033227|F|0-6:A>G-6:A>G,59686561.0,62503297.0,0.000731487983470332
100038389|F|0-45:C>T-45:C>T,100015367|F|0-46:A>T-46:A>T,59686561.0,62730005.0,0.000636703404453104
100038389|F|0-45:C>T-45:C>T,100016319|F|0-60:C>A-60:C>A,59686561.0,62905182.0,0.0017534145441122201
100038389|F|0-45:C>T-45:C>T,100020253|F|0-17:T>C-17:T>C,59686561.0,63125496.0,0.009760817569036752
100038389|F|0-45:C>T-45:C>T,100017121|F|0-19:C>T-19:C>T,59686561.0,63306572.0,7.932126969695532e-05
100038389|F|0-45:C>T-45:C>T,100021507|F|0-53:A>C-53:A>C,59686561.0,63642647.0,0.006898278097864448
100038389|F|0-45:C>T-45:C>T,100019105|F|0-61:T>C-61:T>C,59686561.0,63665304.0,0.0032073310423825917
100038389|F|0-45:C>T-45:C>T,100014627|F|0-15:C>G-15:C>G,59686561.0,64043609.0,0.04383289708554463
100038389|F|0-45:C>T-45:C>T,100033689|F|0-56:C>T-56:C>T,59686561.0,64044059.0,0.0482374768089054
100038389|F|0-45:C>T-45:C>T,100046739|F|0-18:T>G-18:T>G,59686561.0,64189766.0,0.03391895357784042
100038389|F|0-45:C>T-45:C>T,100030110|F|0-28:T>C-28:T>C,59686561.0,64196475.0,0.03282501318755095
100038389|F|0-45:C>T-45:C>T,100016864|F|0-56:A>G-56:A>G,59686561.0,64720414.0,0.021377474879947074
100038389|F|0-45:C>T-45:C>T,100021392|F|0-51:G>A-51:G>A,59686561.0,64886887.0,0.0022075561055349357
100015287|F|0-63:T>C-63:T>C,100013445|F|0-24:G>T-24:G>T,61485460.0,61602864.0,0.002259648650218936
100015287|F|0-63:T>C-63:T>C,100013879|F|0-63:G>A-63:G>A,61485460.0,61606253.0,0.0020279933852777794
100015287|F|0-63:T>C-63:T>C,100040047|F|0-6:G>A-6:G>A,61485460.0,61640208.0,0.025349670247350586
100015287|F|0-63:T>C-63:T>C,100016920|F|0-66:T>A-66:T>A,61485460.0,61641379.0,0.03258038049576251
100015287|F|0-63:T>C-63:T>C,100017079|F|0-12:A>G-12:A>G,61485460.0,61641384.0,0.050334124681262596
100015287|F|0-63:T>C-63:T>C,100020360|F|0-56:A>G-56:A>G,61485460.0,61670176.0,0.005635282665778507
100015287|F|0-63:T>C-63:T>C,100056174|F|0-11:G>A-11:G>A,61485460.0,61712285.0,0.05348574998971499
100015287|F|0-63:T>C-63:T>C,100013722|F|0-6:A>G-6:A>G,61485460.0,61760543.0,0.024721728404925685
100015287|F|0-63:T>C-63:T>C,100013153|F|0-63:C>A-63:C>A,61485460.0,61760548.0,0.034118127183244334
100015287|F|0-63:T>C-63:T>C,100040510|F|0-32:T>C-32:T>C,61485460.0,62326715.0,0.14484225611303805
100015287|F|0-63:T>C-63:T>C,100013356|F|0-7:G>A-7:G>A,61485460.0,62367252.0,0.0250349153198328
100015287|F|0-63:T>C-63:T>C,100014994|F|0-36:G>A-36:G>A,61485460.0,62444541.0,0.053854327666151586
100015287|F|0-63:T>C-63:T>C,100020485|F|0-47:G>T-47:G>T,61485460.0,62444546.0,0.04989852834417462
100015287|F|0-63:T>C-63:T>C,100013478|F|0-51:G>A-51:G>A,61485460.0,62447789.0,0.043599308634039366
100015287|F|0-63:T>C-63:T>C,100013529|F|0-11:C>G-11:C>G,61485460.0,62466983.0,0.011282017177168011
100015287|F|0-63:T>C-63:T>C,100029518|F|0-19:G>C-19:G>C,61485460.0,62476880.0,0.004540187923026915
100015287|F|0-63:T>C-63:T>C,100044261|F|0-5:T>A-5:T>A,61485460.0,62476902.0,0.010188358523919526
100015287|F|0-63:T>C-63:T>C,100017508|F|0-26:G>A-26:G>A,61485460.0,62494366.0,0.02340160000277238
100015287|F|0-63:T>C-63:T>C,100051794|F|0-60:T>C-60:T>C,61485460.0,62494371.0,0.03733929686844477
100015287|F|0-63:T>C-63:T>C,100033227|F|0-6:A>G-6:A>G,61485460.0,62503297.0,0.026015305862225804
100015287|F|0-63:T>C-63:T>C,100015367|F|0-46:A>T-46:A>T,61485460.0,62730005.0,0.05148496507710379
100015287|F|0-63:T>C-63:T>C,100016319|F|0-60:C>A-60:C>A,61485460.0,62905182.0,0.004953592658254256
100015287|F|0-63:T>C-63:T>C,100020253|F|0-17:T>C-17:T>C,61485460.0,63125496.0,0.01597763990417101
100015287|F|0-63:T>C-63:T>C,100017121|F|0-19:C>T-19:C>T,61485460.0,63306572.0,0.0007082397374038102
100015287|F|0-63:T>C-63:T>C,100021507|F|0-53:A>C-53:A>C,61485460.0,63642647.0,0.010784706989858143
100015287|F|0-63:T>C-63:T>C,100019105|F|0-61:T>C-61:T>C,61485460.0,63665304.0,0.0019532152928667225
100015287|F|0-63:T>C-63:T>C,100014627|F|0-15:C>G-15:C>G,61485460.0,64043609.0,1.4133588416337782e-06
100015287|F|0-63:T>C-63:T>C,100033689|F|0-56:C>T-56:C>T,61485460.0,64044059.0,0.00045358229214731617
100015287|F|0-63:T>C-63:T>C,100046739|F|0-18:T>G-18:T>G,61485460.0,64189766.0,0.04258882063585359
100015287|F|0-63:T>C-63:T>C,100030110|F|0-28:T>C-28:T>C,61485460.0,64196475.0,0.03131223497215939
100015287|F|0-63:T>C-63:T>C,100016864|F|0-56:A>G-56:A>G,61485460.0,64720414.0,0.05779059736321888
100015287|F|0-63:T>C-63:T>C,100021392|F|0-51:G>A-51:G>A,61485460.0,64886887.0,0.0045371757079288935
100013445|F|0-24:G>T-24:G>T,100013879|F|0-63:G>A-63:G>A,61602864.0,61606253.0,0.9462079679435236
100013445|F|0-24:G>T-24:G>T,100040047|F|0-6:G>A-6:G>A,61602864.0,61640208.0,0.09173935186921504
100013445|F|0-24:G>T-24:G>T,100016920|F|0-66:T>A-66:T>A,61602864.0,61641379.0,0.0651494851530761
100013445|F|0-24:G>T-24:G>T,100017079|F|0-12:A>G-12:A>G,61602864.0,61641384.0,0.08453428485646315
100013445|F|0-24:G>T-24:G>T,100020360|F|0-56:A>G-56:A>G,61602864.0,61670176.0,0.13466861977184294
100013445|F|0-24:G>T-24:G>T,100056174|F|0-11:G>A-11:G>A,61602864.0,61712285.0,0.008700366594266325
100013445|F|0-24:G>T-24:G>T,100013722|F|0-6:A>G-6:A>G,61602864.0,61760543.0,0.014365124960322802
100013445|F|0-24:G>T-24:G>T,100013153|F|0-63:C>A-63:C>A,61602864.0,61760548.0,0.01887632764057387
100013445|F|0-24:G>T-24:G>T,100040510|F|0-32:T>C-32:T>C,61602864.0,62326715.0,0.05751077849634434
100013445|F|0-24:G>T-24:G>T,100013356|F|0-7:G>A-7:G>A,61602864.0,62367252.0,0.0011138393695706477
100013445|F|0-24:G>T-24:G>T,100014994|F|0-36:G>A-36:G>A,61602864.0,62444541.0,0.018874828646484675
100013445|F|0-24:G>T-24:G>T,100020485|F|0-47:G>T-47:G>T,61602864.0,62444546.0,0.006750502740643834
100013445|F|0-24:G>T-24:G>T,100013478|F|0-51:G>A-51:G>A,61602864.0,62447789.0,0.02185612730008662
100013445|F|0-24:G>T-24:G>T,100013529|F|0-11:C>G-11:C>G,61602864.0,62466983.0,0.024275818011219544
100013445|F|0-24:G>T-24:G>T,100029518|F|0-19:G>C-19:G>C,61602864.0,62476880.0,0.023616672640556963
100013445|F|0-24:G>T-24:G>T,100044261|F|0-5:T>A-5:T>A,61602864.0,62476902.0,0.017075555500402777
100013445|F|0-24:G>T-24:G>T,100017508|F|0-26:G>A-26:G>A,61602864.0,62494366.0,0.025614335348614514
100013445|F|0-24:G>T-24:G>T,100051794|F|0-60:T>C-60:T>C,61602864.0,62494371.0,0.02391372753563567
100013445|F|0-24:G>T-24:G>T,100033227|F|0-6:A>G-6:A>G,61602864.0,62503297.0,0.027160338420163004
100013445|F|0-24:G>T-24:G>T,100015367|F|0-46:A>T-46:A>T,61602864.0,62730005.0,0.08920389339857143
100013445|F|0-24:G>T-24:G>T,100016319|F|0-60:C>A-60:C>A,61602864.0,62905182.0,0.010994466814583518
100013445|F|0-24:G>T-24:G>T,100020253|F|0-17:T>C-17:T>C,61602864.0,63125496.0,0.05424592994175252
100013445|F|0-24:G>T-24:G>T,100017121|F|0-19:C>T-19:C>T,61602864.0,63306572.0,0.06894308565995043
100013445|F|0-24:G>T-24:G>T,100021507|F|0-53:A>C-53:A>C,61602864.0,63642647.0,0.07958888917310104
100013445|F|0-24:G>T-24:G>T,100019105|F|0-61:T>C-61:T>C,61602864.0,63665304.0,0.0001859373671875942
100013445|F|0-24:G>T-24:G>T,100014627|F|0-15:C>G-15:C>G,61602864.0,64043609.0,0.0030898681192967083
100013445|F|0-24:G>T-24:G>T,100033689|F|0-56:C>T-56:C>T,61602864.0,64044059.0,0.0018127485000276554
100013445|F|0-24:G>T-24:G>T,100046739|F|0-18:T>G-18:T>G,61602864.0,64189766.0,0.02826458628061739
100013445|F|0-24:G>T-24:G>T,100030110|F|0-28:T>C-28:T>C,61602864.0,64196475.0,0.03094297004828855
100013445|F|0-24:G>T-24:G>T,100016864|F|0-56:A>G-56:A>G,61602864.0,64720414.0,0.011290627888648203
100013445|F|0-24:G>T-24:G>T,100021392|F|0-51:G>A-51:G>A,61602864.0,64886887.0,0.03943069522996538
100013879|F|0-63:G>A-63:G>A,100040047|F|0-6:G>A-6:G>A,61606253.0,61640208.0,0.1022606539959862
100013879|F|0-63:G>A-63:G>A,100016920|F|0-66:T>A-66:T>A,61606253.0,61641379.0,0.07163887241787278
100013879|F|0-63:G>A-63:G>A,100017079|F|0-12:A>G-12:A>G,61606253.0,61641384.0,0.08026187219073679
100013879|F|0-63:G>A-63:G>A,100020360|F|0-56:A>G-56:A>G,61606253.0,61670176.0,0.13075175485353846
100013879|F|0-63:G>A-63:G>A,100056174|F|0-11:G>A-11:G>A,61606253.0,61712285.0,0.006519743058307164
100013879|F|0-63:G>A-63:G>A,100013722|F|0-6:A>G-6:A>G,61606253.0,61760543.0,0.004162072971313157
100013879|F|0-63:G>A-63:G>A,100013153|F|0-63:C>A-63:C>A,61606253.0,61760548.0,0.007198828030796598
100013879|F|0-63:G>A-63:G>A,100040510|F|0-32:T>C-32:T>C,61606253.0,62326715.0,0.055947549050335284
100013879|F|0-63:G>A-63:G>A,100013356|F|0-7:G>A-7:G>A,61606253.0,62367252.0,0.00032918726197228717
100013879|F|0-63:G>A-63:G>A,100014994|F|0-36:G>A-36:G>A,61606253.0,62444541.0,0.01636899413084667
100013879|F|0-63:G>A-63:G>A,100020485|F|0-47:G>T-47:G>T,61606253.0,62444546.0,0.004533401647314763
100013879|F|0-63:G>A-63:G>A,100013478|F|0-51:G>A-51:G>A,61606253.0,62447789.0,0.019507031460768057
100013879|F|0-63:G>A-63:G>A,100013529|F|0-11:C>G-11:C>G,61606253.0,62466983.0,0.03276507686243592
100013879|F|0-63:G>A-63:G>A,100029518|F|0-19:G>C-19:G>C,61606253.0,62476880.0,0.03150143839212492
100013879|F|0-63:G>A-63:G>A,100044261|F|0-5:T>A-5:T>A,61606253.0,62476902.0,0.024109348703035532
100013879|F|0-63:G>A-63:G>A,100017508|F|0-26:G>A-26:G>A,61606253.0,62494366.0,0.023106902802097058
100013879|F|0-63:G>A-63:G>A,100051794|F|0-60:T>C-60:T>C,61606253.0,62494371.0,0.02166030073006817
100013879|F|0-63:G>A-63:G>A,100033227|F|0-6:A>G-6:A>G,61606253.0,62503297.0,0.02447029629030089
100013879|F|0-63:G>A-63:G>A,100015367|F|0-46:A>T-46:A>T,61606253.0,62730005.0,0.08209698118186064
100013879|F|0-63:G>A-63:G>A,100016319|F|0-60:C>A-60:C>A,61606253.0,62905182.0,0.016514718380591834
100013879|F|0-63:G>A-63:G>A,100020253|F|0-17:T>C-17:T>C,61606253.0,63125496.0,0.0546693669503482
100013879|F|0-63:G>A-63:G>A,100017121|F|0-19:C>T-19:C>T,61606253.0,63306572.0,0.05756326095101172
100013879|F|0-63:G>A-63:G>A,100021507|F|0-53:A>C-53:A>C,61606253.0,63642647.0,0.07711282969213278
100013879|F|0-63:G>A-63:G>A,100019105|F|0-61:T>C-61:T>C,61606253.0,63665304.0,3.8531355961229155e-05
100013879|F|0-63:G>A-63:G>A,100014627|F|0-15:C>G-15:C>G,61606253.0,64043609.0,0.0022805977050778747
100013879|F|0-63:G>A-63:G>A,100033689|F|0-56:C>T-56:C>T,61606253.0,64044059.0,0.0011948184705659803
100013879|F|0-63:G>A-63:G>A,100046739|F|0-18:T>G-18:T>G,61606253.0,64189766.0,0.027742653154953258
100013879|F|0-63:G>A-63:G>A,100030110|F|0-28:T>C-28:T>C,61606253.0,64196475.0,0.02986645722716824
100013879|F|0-63:G>A-63:G>A,100016864|F|0-56:A>G-56:A>G,61606253.0,64720414.0,0.009160852508775052
100013879|F|0-63:G>A-63:G>A,100021392|F|0-51:G>A-51:G>A,61606253.0,64886887.0,0.03805889255897095
100040047|F|0-6:G>A-6:G>A,100016920|F|0-66:T>A-66:T>A,61640208.0,61641379.0,0.8611018885487107
100040047|F|0-6:G>A-6:G>A,100017079|F|0-12:A>G-12:A>G,61640208.0,61641384.0,0.7256813431417765
100040047|F|0-6:G>A-6:G>A,100020360|F|0-56:A>G-56:A>G,61640208.0,61670176.0,0.7540306920364568
100040047|F|0-6:G>A-6:G>A,100056174|F|0-11:G>A-11:G>A,61640208.0,61712285.0,0.06317142987176275
100040047|F|0-6:G>A-6:G>A,100013722|F|0-6:A>G-6:A>G,61640208.0,61760543.0,0.026831018630335816
100040047|F|0-6:G>A-6:G>A,100013153|F|0-63:C>A-63:C>A,61640208.0,61760548.0,0.03225572597131904
100040047|F|0-6:G>A-6:G>A,100040510|F|0-32:T>C-32:T>C,61640208.0,62326715.0,0.08367362931102029
100040047|F|0-6:G>A-6:G>A,100013356|F|0-7:G>A-7:G>A,61640208.0,62367252.0,0.07458132433370747
100040047|F|0-6:G>A-6:G>A,100014994|F|0-36:G>A-36:G>A,61640208.0,62444541.0,0.1849689721971205
100040047|F|0-6:G>A-6:G>A,100020485|F|0-47:G>T-47:G>T,61640208.0,62444546.0,0.18240917502397289
100040047|F|0-6:G>A-6:G>A,100013478|F|0-51:G>A-51:G>A,61640208.0,62447789.0,0.19175371887711598
100040047|F|0-6:G>A-6:G>A,100013529|F|0-11:C>G-11:C>G,61640208.0,62466983.0,0.1159329464306662
100040047|F|0-6:G>A-6:G>A,100029518|F|0-19:G>C-19:G>C,61640208.0,62476880.0,0.0983004557016343
100040047|F|0-6:G>A-6:G>A,100044261|F|0-5:T>A-5:T>A,61640208.0,62476902.0,0.13013509166348314
100040047|F|0-6:G>A-6:G>A,100017508|F|0-26:G>A-26:G>A,61640208.0,62494366.0,0.20262415935534403
100040047|F|0-6:G>A-6:G>A,100051794|F|0-60:T>C-60:T>C,61640208.0,62494371.0,0.23006695595528004
100040047|F|0-6:G>A-6:G>A,100033227|F|0-6:A>G-6:A>G,61640208.0,62503297.0,0.24007487517024395
100040047|F|0-6:G>A-6:G>A,100015367|F|0-46:A>T-46:A>T,61640208.0,62730005.0,0.27280742331412133
100040047|F|0-6:G>A-6:G>A,100016319|F|0-60:C>A-60:C>A,61640208.0,62905182.0,0.00616810293944045
100040047|F|0-6:G>A-6:G>A,100020253|F|0-17:T>C-17:T>C,61640208.0,63125496.0,0.10276343154793903
100040047|F|0-6:G>A-6:G>A,100017121|F|0-19:C>T-19:C>T,61640208.0,63306572.0,0.00014964502727336058
100040047|F|0-6:G>A-6:G>A,100021507|F|0-53:A>C-53:A>C,61640208.0,63642647.0,0.019665576865352155
100040047|F|0-6:G>A-6:G>A,100019105|F|0-61:T>C-61:T>C,61640208.0,63665304.0,0.0062916569536486675
100040047|F|0-6:G>A-6:G>A,100014627|F|0-15:C>G-15:C>G,61640208.0,64043609.0,0.033869396562055655
100040047|F|0-6:G>A-6:G>A,100033689|F|0-56:C>T-56:C>T,61640208.0,64044059.0,0.04761510985553451
100040047|F|0-6:G>A-6:G>A,100046739|F|0-18:T>G-18:T>G,61640208.0,64189766.0,0.006785518703516678
100040047|F|0-6:G>A-6:G>A,100030110|F|0-28:T>C-28:T>C,61640208.0,64196475.0,0.009954487596841938
100040047|F|0-6:G>A-6:G>A,100016864|F|0-56:A>G-56:A>G,61640208.0,64720414.0,0.0465906721900976
100040047|F|0-6:G>A-6:G>A,100021392|F|0-51:G>A-51:G>A,61640208.0,64886887.0,0.14426654431930921
100016920|F|0-66:T>A-66:T>A,100017079|F|0-12:A>G-12:A>G,61641379.0,61641384.0,0.7507922255153119
100016920|F|0-66:T>A-66:T>A,100020360|F|0-56:A>G-56:A>G,61641379.0,61670176.0,0.7075116593142956
100016920|F|0-66:T>A-66:T>A,100056174|F|0-11:G>A-11:G>A,61641379.0,61712285.0,0.05316275295951861
100016920|F|0-66:T>A-66:T>A,100013722|F|0-6:A>G-6:A>G,61641379.0,61760543.0,0.03251473052366111
100016920|F|0-66:T>A-66:T>A,100013153|F|0-63:C>A-63:C>A,61641379.0,61760548.0,0.03850375127332342
100016920|F|0-66:T>A-66:T>A,100040510|F|0-32:T>C-32:T>C,61641379.0,62326715.0,0.05035206161481093
100016920|F|0-66:T>A-66:T>A,100013356|F|0-7:G>A-7:G>A,61641379.0,62367252.0,0.08088295671024082
100016920|F|0-66:T>A-66:T>A,100014994|F|0-36:G>A-36:G>A,61641379.0,62444541.0,0.161376919289845
100016920|F|0-66:T>A-66:T>A,100020485|F|0-47:G>T-47:G>T,61641379.0,62444546.0,0.17341592178356863
100016920|F|0-66:T>A-66:T>A,100013478|F|0-51:G>A-51:G>A,61641379.0,62447789.0,0.18411526915061666
100016920|F|0-66:T>A-66:T>A,100013529|F|0-11:C>G-11:C>G,61641379.0,62466983.0,0.1423336204026687
100016920|F|0-66:T>A-66:T>A,100029518|F|0-19:G>C-19:G>C,61641379.0,62476880.0,0.1221119460388498
100016920|F|0-66:T>A-66:T>A,100044261|F|0-5:T>A-5:T>A,61641379.0,62476902.0,0.1581312524882495
100016920|F|0-66:T>A-66:T>A,100017508|F|0-26:G>A-26:G>A,61641379.0,62494366.0,0.17725049232020132
100016920|F|0-66:T>A-66:T>A,100051794|F|0-60:T>C-60:T>C,61641379.0,62494371.0,0.20326639455589068
100016920|F|0-66:T>A-66:T>A,100033227|F|0-6:A>G-6:A>G,61641379.0,62503297.0,0.2106292682270683
100016920|F|0-66:T>A-66:T>A,100015367|F|0-46:A>T-46:A>T,61641379.0,62730005.0,0.2648392869804882
100016920|F|0-66:T>A-66:T>A,100016319|F|0-60:C>A-60:C>A,61641379.0,62905182.0,0.0038205270788235117
100016920|F|0-66:T>A-66:T>A,100020253|F|0-17:T>C-17:T>C,61641379.0,63125496.0,0.0921250424060925
100016920|F|0-66:T>A-66:T>A,100017121|F|0-19:C>T-19:C>T,61641379.0,63306572.0,5.3343723216355524e-05
100016920|F|0-66:T>A-66:T>A,100021507|F|0-53:A>C-53:A>C,61641379.0,63642647.0,0.0037373372531807458
100016920|F|0-66:T>A-66:T>A,100019105|F|0-61:T>C-61:T>C,61641379.0,63665304.0,0.004853108190197812
100016920|F|0-66:T>A-66:T>A,100014627|F|0-15:C>G-15:C>G,61641379.0,64043609.0,0.017002118347542464
100016920|F|0-66:T>A-66:T>A,100033689|F|0-56:C>T-56:C>T,61641379.0,64044059.0,0.034638504109042095
100016920|F|0-66:T>A-66:T>A,100046739|F|0-18:T>G-18:T>G,61641379.0,64189766.0,0.008776583104253445
100016920|F|0-66:T>A-66:T>A,100030110|F|0-28:T>C-28:T>C,61641379.0,64196475.0,0.012732326541985172
100016920|F|0-66:T>A-66:T>A,100016864|F|0-56:A>G-56:A>G,61641379.0,64720414.0,0.06456855035691779
100016920|F|0-66:T>A-66:T>A,100021392|F|0-51:G>A-51:G>A,61641379.0,64886887.0,0.11993730422982773
100017079|F|0-12:A>G-12:A>G,100020360|F|0-56:A>G-56:A>G,61641384.0,61670176.0,0.6276802883648318
100017079|F|0-12:A>G-12:A>G,100056174|F|0-11:G>A-11:G>A,61641384.0,61712285.0,0.0657970183486239
100017079|F|0-12:A>G-12:A>G,100013722|F|0-6:A>G-6:A>G,61641384.0,61760543.0,0.02065865321629766
100017079|F|0-12:A>G-12:A>G,100013153|F|0-63:C>A-63:C>A,61641384.0,61760548.0,0.02498512947974422
100017079|F|0-12:A>G-12:A>G,100040510|F|0-32:T>C-32:T>C,61641384.0,62326715.0,0.04953870699223105
100017079|F|0-12:A>G-12:A>G,100013356|F|0-7:G>A-7:G>A,61641384.0,62367252.0,0.11552371886841038
100017079|F|0-12:A>G-12:A>G,100014994|F|0-36:G>A-36:G>A,61641384.0,62444541.0,0.12755799769676027
100017079|F|0-12:A>G-12:A>G,100020485|F|0-47:G>T-47:G>T,61641384.0,62444546.0,0.1254047036658832
100017079|F|0-12:A>G-12:A>G,100013478|F|0-51:G>A-51:G>A,61641384.0,62447789.0,0.13280800310974572
100017079|F|0-12:A>G-12:A>G,100013529|F|0-11:C>G-11:C>G,61641384.0,62466983.0,0.10103024260551702
100017079|F|0-12:A>G-12:A>G,100029518|F|0-19:G>C-19:G>C,61641384.0,62476880.0,0.0860628099737938
100017079|F|0-12:A>G-12:A>G,100044261|F|0-5:T>A-5:T>A,61641384.0,62476902.0,0.11294737385735687
100017079|F|0-12:A>G-12:A>G,100017508|F|0-26:G>A-26:G>A,61641384.0,62494366.0,0.1275579976967602
100017079|F|0-12:A>G-12:A>G,100051794|F|0-60:T>C-60:T>C,61641384.0,62494371.0,0.14561575149810446
100017079|F|0-12:A>G-12:A>G,100033227|F|0-6:A>G-6:A>G,61641384.0,62503297.0,0.13866844340979884
100017079|F|0-12:A>G-12:A>G,100015367|F|0-46:A>T-46:A>T,61641384.0,62730005.0,0.3341601582470128
100017079|F|0-12:A>G-12:A>G,100016319|F|0-60:C>A-60:C>A,61641384.0,62905182.0,0.009746922024623806
100017079|F|0-12:A>G-12:A>G,100020253|F|0-17:T>C-17:T>C,61641384.0,63125496.0,0.04066075745366644
100017079|F|0-12:A>G-12:A>G,100017121|F|0-19:C>T-19:C>T,61641384.0,63306572.0,0.001699013209206139
100017079|F|0-12:A>G-12:A>G,100021507|F|0-53:A>C-53:A>C,61641384.0,63642647.0,0.0038551615061743474
100017079|F|0-12:A>G-12:A>G,100019105|F|0-61:T>C-61:T>C,61641384.0,63665304.0,0.004247523751768742
100017079|F|0-12:A>G-12:A>G,100014627|F|0-15:C>G-15:C>G,61641384.0,64043609.0,0.026708641096378015
100017079|F|0-12:A>G-12:A>G,100033689|F|0-56:C>T-56:C>T,61641384.0,64044059.0,0.03792286145227325
100017079|F|0-12:A>G-12:A>G,100046739|F|0-18:T>G-18:T>G,61641384.0,64189766.0,0.005086774386594852
100017079|F|0-12:A>G-12:A>G,100030110|F|0-28:T>C-28:T>C,61641384.0,64196475.0,0.007497334281144483
100017079|F|0-12:A>G-12:A>G,100016864|F|0-56:A>G-56:A>G,61641384.0,64720414.0,0.05853412980736979
100017079|F|0-12:A>G-12:A>G,100021392|F|0-51:G>A-51:G>A,61641384.0,64886887.0,0.15799977353790381
100020360|F|0-56:A>G-56:A>G,100056174|F|0-11:G>A-11:G>A,61670176.0,61712285.0,0.06688222095899231
100020360|F|0-56:A>G-56:A>G,100013722|F|0-6:A>G-6:A>G,61670176.0,61760543.0,0.020926455818017147
100020360|F|0-56:A>G-56:A>G,100013153|F|0-63:C>A-63:C>A,61670176.0,61760548.0,0.025821225766899027
100020360|F|0-56:A>G-56:A>G,100040510|F|0-32:T>C-32:T>C,61670176.0,62326715.0,0.024737778818683654
100020360|F|0-56:A>G-56:A>G,100013356|F|0-7:G>A-7:G>A,61670176.0,62367252.0,0.08978394375023584
100020360|F|0-56:A>G-56:A>G,100014994|F|0-36:G>A-36:G>A,61670176.0,62444541.0,0.12672293892648082
100020360|F|0-56:A>G-56:A>G,100020485|F|0-47:G>T-47:G>T,61670176.0,62444546.0,0.10949632805644505
100020360|F|0-56:A>G-56:A>G,100013478|F|0-51:G>A-51:G>A,61670176.0,62447789.0,0.1326983248936879
100020360|F|0-56:A>G-56:A>G,100013529|F|0-11:C>G-11:C>G,61670176.0,62466983.0,0.10837425147618264
100020360|F|0-56:A>G-56:A>G,100029518|F|0-19:G>C-19:G>C,61670176.0,62476880.0,0.10399981135409006
100020360|F|0-56:A>G-56:A>G,100044261|F|0-5:T>A-5:T>A,61670176.0,62476902.0,0.12215688736313131
100020360|F|0-56:A>G-56:A>G,100017508|F|0-26:G>A-26:G>A,61670176.0,62494366.0,0.11361459474269384
100020360|F|0-56:A>G-56:A>G,100051794|F|0-60:T>C-60:T>C,61670176.0,62494371.0,0.13212796142627925
100020360|F|0-56:A>G-56:A>G,100033227|F|0-6:A>G-6:A>G,61670176.0,62503297.0,0.12365666498242162
100020360|F|0-56:A>G-56:A>G,100015367|F|0-46:A>T-46:A>T,61670176.0,62730005.0,0.2948892516609085
100020360|F|0-56:A>G-56:A>G,100016319|F|0-60:C>A-60:C>A,61670176.0,62905182.0,0.008884350755312955
100020360|F|0-56:A>G-56:A>G,100020253|F|0-17:T>C-17:T>C,61670176.0,63125496.0,0.03419879595955058
100020360|F|0-56:A>G-56:A>G,100017121|F|0-19:C>T-19:C>T,61670176.0,63306572.0,0.0008664292703983964
100020360|F|0-56:A>G-56:A>G,100021507|F|0-53:A>C-53:A>C,61670176.0,63642647.0,0.023334778931663285
100020360|F|0-56:A>G-56:A>G,100019105|F|0-61:T>C-61:T>C,61670176.0,63665304.0,0.009838126985604241
100020360|F|0-56:A>G-56:A>G,100014627|F|0-15:C>G-15:C>G,61670176.0,64043609.0,0.01633933572833177
100020360|F|0-56:A>G-56:A>G,100033689|F|0-56:C>T-56:C>T,61670176.0,64044059.0,0.019443830687162676
100020360|F|0-56:A>G-56:A>G,100046739|F|0-18:T>G-18:T>G,61670176.0,64189766.0,0.0026080938022364636
100020360|F|0-56:A>G-56:A>G,100030110|F|0-28:T>C-28:T>C,61670176.0,64196475.0,0.005361081117266912
100020360|F|0-56:A>G-56:A>G,100016864|F|0-56:A>G-56:A>G,61670176.0,64720414.0,0.02995563369748043
100020360|F|0-56:A>G-56:A>G,100021392|F|0-51:G>A-51:G>A,61670176.0,64886887.0,0.11526186561602605
100056174|F|0-11:G>A-11:G>A,100013722|F|0-6:A>G-6:A>G,61712285.0,61760543.0,5.395527267526135e-05
100056174|F|0-11:G>A-11:G>A,100013153|F|0-63:C>A-63:C>A,61712285.0,61760548.0,0.002351041677020487
100056174|F|0-11:G>A-11:G>A,100040510|F|0-32:T>C-32:T>C,61712285.0,62326715.0,0.00654535225895792
100056174|F|0-11:G>A-11:G>A,100013356|F|0-7:G>A-7:G>A,61712285.0,62367252.0,0.004165447441348086
100056174|F|0-11:G>A-11:G>A,100014994|F|0-36:G>A-36:G>A,61712285.0,62444541.0,0.00042583625200289237
100056174|F|0-11:G>A-11:G>A,100020485|F|0-47:G>T-47:G>T,61712285.0,62444546.0,0.00102271169993296
100056174|F|0-11:G>A-11:G>A,100013478|F|0-51:G>A-51:G>A,61712285.0,62447789.0,0.003463101637945204
100056174|F|0-11:G>A-11:G>A,100013529|F|0-11:C>G-11:C>G,61712285.0,62466983.0,0.009047970766599293
100056174|F|0-11:G>A-11:G>A,100029518|F|0-19:G>C-19:G>C,61712285.0,62476880.0,0.012701174847128077
100056174|F|0-11:G>A-11:G>A,100044261|F|0-5:T>A-5:T>A,61712285.0,62476902.0,0.011939090301326609
100056174|F|0-11:G>A-11:G>A,100017508|F|0-26:G>A-26:G>A,61712285.0,62494366.0,0.00042583625200289123
100056174|F|0-11:G>A-11:G>A,100051794|F|0-60:T>C-60:T>C,61712285.0,62494371.0,0.00010728795132464748
100056174|F|0-11:G>A-11:G>A,100033227|F|0-6:A>G-6:A>G,61712285.0,62503297.0,0.0005003392102343059
100056174|F|0-11:G>A-11:G>A,100015367|F|0-46:A>T-46:A>T,61712285.0,62730005.0,0.04593412012350179
100056174|F|0-11:G>A-11:G>A,100016319|F|0-60:C>A-60:C>A,61712285.0,62905182.0,0.04573154469810114
100056174|F|0-11:G>A-11:G>A,100020253|F|0-17:T>C-17:T>C,61712285.0,63125496.0,0.04247832097524192
100056174|F|0-11:G>A-11:G>A,100017121|F|0-19:C>T-19:C>T,61712285.0,63306572.0,0.013542062620480378
100056174|F|0-11:G>A-11:G>A,100021507|F|0-53:A>C-53:A>C,61712285.0,63642647.0,0.0003427321802984751
100056174|F|0-11:G>A-11:G>A,100019105|F|0-61:T>C-61:T>C,61712285.0,63665304.0,0.0005985174501087684
100056174|F|0-11:G>A-11:G>A,100014627|F|0-15:C>G-15:C>G,61712285.0,64043609.0,0.004277181732802212
100056174|F|0-11:G>A-11:G>A,100033689|F|0-56:C>T-56:C>T,61712285.0,64044059.0,0.0032652267457313343
100056174|F|0-11:G>A-11:G>A,100046739|F|0-18:T>G-18:T>G,61712285.0,64189766.0,0.09694999423517169
100056174|F|0-11:G>A-11:G>A,100030110|F|0-28:T>C-28:T>C,61712285.0,64196475.0,0.03299010504725744
100056174|F|0-11:G>A-11:G>A,100016864|F|0-56:A>G-56:A>G,61712285.0,64720414.0,0.1270868064300304
100056174|F|0-11:G>A-11:G>A,100021392|F|0-51:G>A-51:G>A,61712285.0,64886887.0,0.021854663534979838
100013722|F|0-6:A>G-6:A>G,100013153|F|0-63:C>A-63:C>A,61760543.0,61760548.0,0.9492250746211044
100013722|F|0-6:A>G-6:A>G,100040510|F|0-32:T>C-32:T>C,61760543.0,62326715.0,0.06713359352019153
100013722|F|0-6:A>G-6:A>G,100013356|F|0-7:G>A-7:G>A,61760543.0,62367252.0,0.003908127086667474
100013722|F|0-6:A>G-6:A>G,100014994|F|0-36:G>A-36:G>A,61760543.0,62444541.0,0.017297691417988807
100013722|F|0-6:A>G-6:A>G,100020485|F|0-47:G>T-47:G>T,61760543.0,62444546.0,0.024511586776517685
100013722|F|0-6:A>G-6:A>G,100013478|F|0-51:G>A-51:G>A,61760543.0,62447789.0,0.03436290838199345
100013722|F|0-6:A>G-6:A>G,100013529|F|0-11:C>G-11:C>G,61760543.0,62466983.0,0.002868898871314773
100013722|F|0-6:A>G-6:A>G,100029518|F|0-19:G>C-19:G>C,61760543.0,62476880.0,0.0014136769854744234
100013722|F|0-6:A>G-6:A>G,100044261|F|0-5:T>A-5:T>A,61760543.0,62476902.0,0.004694854041074605
100013722|F|0-6:A>G-6:A>G,100017508|F|0-26:G>A-26:G>A,61760543.0,62494366.0,0.05062297119134743
100013722|F|0-6:A>G-6:A>G,100051794|F|0-60:T>C-60:T>C,61760543.0,62494371.0,0.059178053331728216
100013722|F|0-6:A>G-6:A>G,100033227|F|0-6:A>G-6:A>G,61760543.0,62503297.0,0.05420484799560565
100013722|F|0-6:A>G-6:A>G,100015367|F|0-46:A>T-46:A>T,61760543.0,62730005.0,0.07767361083193305
100013722|F|0-6:A>G-6:A>G,100016319|F|0-60:C>A-60:C>A,61760543.0,62905182.0,0.007872792251514995
100013722|F|0-6:A>G-6:A>G,100020253|F|0-17:T>C-17:T>C,61760543.0,63125496.0,0.0044085791866247635
100013722|F|0-6:A>G-6:A>G,100017121|F|0-19:C>T-19:C>T,61760543.0,63306572.0,0.001206148018784977
100013722|F|0-6:A>G-6:A>G,100021507|F|0-53:A>C-53:A>C,61760543.0,63642647.0,0.0033580310606357387
100013722|F|0-6:A>G-6:A>G,100019105|F|0-61:T>C-61:T>C,61760543.0,63665304.0,0.07032380088627663
100013722|F|0-6:A>G-6:A>G,100014627|F|0-15:C>G-15:C>G,61760543.0,64043609.0,0.00781924756869919
100013722|F|0-6:A>G-6:A>G,100033689|F|0-56:C>T-56:C>T,61760543.0,64044059.0,0.003694662798226272
100013722|F|0-6:A>G-6:A>G,100046739|F|0-18:T>G-18:T>G,61760543.0,64189766.0,0.010800482220613939
100013722|F|0-6:A>G-6:A>G,100030110|F|0-28:T>C-28:T>C,61760543.0,64196475.0,0.019079407747327057
100013722|F|0-6:A>G-6:A>G,100016864|F|0-56:A>G-56:A>G,61760543.0,64720414.0,0.005971537229670122
100013722|F|0-6:A>G-6:A>G,100021392|F|0-51:G>A-51:G>A,61760543.0,64886887.0,0.014678244457258245
100013153|F|0-63:C>A-63:C>A,100040510|F|0-32:T>C-32:T>C,61760548.0,62326715.0,0.0626034873975347
100013153|F|0-63:C>A-63:C>A,100013356|F|0-7:G>A-7:G>A,61760548.0,62367252.0,0.0002806382239170339
100013153|F|0-63:C>A-63:C>A,100014994|F|0-36:G>A-36:G>A,61760548.0,62444541.0,0.01583701172676292
100013153|F|0-63:C>A-63:C>A,100020485|F|0-47:G>T-47:G>T,61760548.0,62444546.0,0.022937350821490517
100013153|F|0-63:C>A-63:C>A,100013478|F|0-51:G>A-51:G>A,61760548.0,62447789.0,0.031921963760037544
100013153|F|0-63:C>A-63:C>A,100013529|F|0-11:C>G-11:C>G,61760548.0,62466983.0,0.0021370071799768704
100013153|F|0-63:C>A-63:C>A,100029518|F|0-19:G>C-19:G>C,61760548.0,62476880.0,0.003905890720903571
100013153|F|0-63:C>A-63:C>A,100044261|F|0-5:T>A-5:T>A,61760548.0,62476902.0,0.0038096988767208476
100013153|F|0-63:C>A-63:C>A,100017508|F|0-26:G>A-26:G>A,61760548.0,62494366.0,0.06189088818967776
100013153|F|0-63:C>A-63:C>A,100051794|F|0-60:T>C-60:T>C,61760548.0,62494371.0,0.07117991814633212
100013153|F|0-63:C>A-63:C>A,100033227|F|0-6:A>G-6:A>G,61760548.0,62503297.0,0.06630675675617893
100013153|F|0-63:C>A-63:C>A,100015367|F|0-46:A>T-46:A>T,61760548.0,62730005.0,0.07776009011581288
100013153|F|0-63:C>A-63:C>A,100016319|F|0-60:C>A-60:C>A,61760548.0,62905182.0,0.00586434528458767
100013153|F|0-63:C>A-63:C>A,100020253|F|0-17:T>C-17:T>C,61760548.0,63125496.0,0.0014841419433354601
100013153|F|0-63:C>A-63:C>A,100017121|F|0-19:C>T-19:C>T,61760548.0,63306572.0,0.020588725013703228
100013153|F|0-63:C>A-63:C>A,100021507|F|0-53:A>C-53:A>C,61760548.0,63642647.0,0.0021200706746244556
100013153|F|0-63:C>A-63:C>A,100019105|F|0-61:T>C-61:T>C,61760548.0,63665304.0,0.061682545710424024
100013153|F|0-63:C>A-63:C>A,100014627|F|0-15:C>G-15:C>G,61760548.0,64043609.0,0.003901117243044752
100013153|F|0-63:C>A-63:C>A,100033689|F|0-56:C>T-56:C>T,61760548.0,64044059.0,0.0012729686348321235
100013153|F|0-63:C>A-63:C>A,100046739|F|0-18:T>G-18:T>G,61760548.0,64189766.0,0.0019300306743096234
100013153|F|0-63:C>A-63:C>A,100030110|F|0-28:T>C-28:T>C,61760548.0,64196475.0,0.0071289928742803285
100013153|F|0-63:C>A-63:C>A,100016864|F|0-56:A>G-56:A>G,61760548.0,64720414.0,2.3219221454474227e-05
100013153|F|0-63:C>A-63:C>A,100021392|F|0-51:G>A-51:G>A,61760548.0,64886887.0,0.02686609030059531
100040510|F|0-32:T>C-32:T>C,100013356|F|0-7:G>A-7:G>A,62326715.0,62367252.0,0.00039962697794612104
100040510|F|0-32:T>C-32:T>C,100014994|F|0-36:G>A-36:G>A,62326715.0,62444541.0,0.027016017322329552
100040510|F|0-32:T>C-32:T>C,100020485|F|0-47:G>T-47:G>T,62326715.0,62444546.0,0.03162229302031522
100040510|F|0-32:T>C-32:T>C,100013478|F|0-51:G>A-51:G>A,62326715.0,62447789.0,0.02562711751631067
100040510|F|0-32:T>C-32:T>C,100013529|F|0-11:C>G-11:C>G,62326715.0,62466983.0,0.011867404860889033
100040510|F|0-32:T>C-32:T>C,100029518|F|0-19:G>C-19:G>C,62326715.0,62476880.0,0.008630001396407119
100040510|F|0-32:T>C-32:T>C,100044261|F|0-5:T>A-5:T>A,62326715.0,62476902.0,0.020873625076614707
100040510|F|0-32:T>C-32:T>C,100017508|F|0-26:G>A-26:G>A,62326715.0,62494366.0,0.0419935259980754
100040510|F|0-32:T>C-32:T>C,100051794|F|0-60:T>C-60:T>C,62326715.0,62494371.0,0.04105171027340825
100040510|F|0-32:T>C-32:T>C,100033227|F|0-6:A>G-6:A>G,62326715.0,62503297.0,0.03768087670419578
100040510|F|0-32:T>C-32:T>C,100015367|F|0-46:A>T-46:A>T,62326715.0,62730005.0,0.03377499451293805
100040510|F|0-32:T>C-32:T>C,100016319|F|0-60:C>A-60:C>A,62326715.0,62905182.0,0.08336989907854328
100040510|F|0-32:T>C-32:T>C,100020253|F|0-17:T>C-17:T>C,62326715.0,63125496.0,0.005434220728870502
100040510|F|0-32:T>C-32:T>C,100017121|F|0-19:C>T-19:C>T,62326715.0,63306572.0,0.014981425460455899
100040510|F|0-32:T>C-32:T>C,100021507|F|0-53:A>C-53:A>C,62326715.0,63642647.0,0.04917282101812647
100040510|F|0-32:T>C-32:T>C,100019105|F|0-61:T>C-61:T>C,62326715.0,63665304.0,0.010224178175452212
100040510|F|0-32:T>C-32:T>C,100014627|F|0-15:C>G-15:C>G,62326715.0,64043609.0,0.0031458434428491286
100040510|F|0-32:T>C-32:T>C,100033689|F|0-56:C>T-56:C>T,62326715.0,64044059.0,0.0013253256177784495
100040510|F|0-32:T>C-32:T>C,100046739|F|0-18:T>G-18:T>G,62326715.0,64189766.0,0.014311845804681419
100040510|F|0-32:T>C-32:T>C,100030110|F|0-28:T>C-28:T>C,62326715.0,64196475.0,0.0285013965684318
100040510|F|0-32:T>C-32:T>C,100016864|F|0-56:A>G-56:A>G,62326715.0,64720414.0,0.0037549127085337456
100040510|F|0-32:T>C-32:T>C,100021392|F|0-51:G>A-51:G>A,62326715.0,64886887.0,0.001034251457315632
100013356|F|0-7:G>A-7:G>A,100014994|F|0-36:G>A-36:G>A,62367252.0,62444541.0,0.19640384542889563
100013356|F|0-7:G>A-7:G>A,100020485|F|0-47:G>T-47:G>T,62367252.0,62444546.0,0.13745672191668018
100013356|F|0-7:G>A-7:G>A,100013478|F|0-51:G>A-51:G>A,62367252.0,62447789.0,0.18205258147188327
100013356|F|0-7:G>A-7:G>A,100013529|F|0-11:C>G-11:C>G,62367252.0,62466983.0,0.2673734775972272
100013356|F|0-7:G>A-7:G>A,100029518|F|0-19:G>C-19:G>C,62367252.0,62476880.0,0.24685519533186695
100013356|F|0-7:G>A-7:G>A,100044261|F|0-5:T>A-5:T>A,62367252.0,62476902.0,0.2777777834972582
100013356|F|0-7:G>A-7:G>A,100017508|F|0-26:G>A-26:G>A,62367252.0,62494366.0,0.14631359811918795
100013356|F|0-7:G>A-7:G>A,100051794|F|0-60:T>C-60:T>C,62367252.0,62494371.0,0.15709654487797053
100013356|F|0-7:G>A-7:G>A,100033227|F|0-6:A>G-6:A>G,62367252.0,62503297.0,0.12886202660905682
100013356|F|0-7:G>A-7:G>A,100015367|F|0-46:A>T-46:A>T,62367252.0,62730005.0,0.09658794154589692
100013356|F|0-7:G>A-7:G>A,100016319|F|0-60:C>A-60:C>A,62367252.0,62905182.0,0.043574654217025166
100013356|F|0-7:G>A-7:G>A,100020253|F|0-17:T>C-17:T>C,62367252.0,63125496.0,0.0027002107481559545
100013356|F|0-7:G>A-7:G>A,100017121|F|0-19:C>T-19:C>T,62367252.0,63306572.0,0.014280737777448534
100013356|F|0-7:G>A-7:G>A,100021507|F|0-53:A>C-53:A>C,62367252.0,63642647.0,0.025770816882061048
100013356|F|0-7:G>A-7:G>A,100019105|F|0-61:T>C-61:T>C,62367252.0,63665304.0,0.11257337865805292
100013356|F|0-7:G>A-7:G>A,100014627|F|0-15:C>G-15:C>G,62367252.0,64043609.0,0.009133036532855717
100013356|F|0-7:G>A-7:G>A,100033689|F|0-56:C>T-56:C>T,62367252.0,64044059.0,0.006339872603943898
100013356|F|0-7:G>A-7:G>A,100046739|F|0-18:T>G-18:T>G,62367252.0,64189766.0,0.040019401713144324
100013356|F|0-7:G>A-7:G>A,100030110|F|0-28:T>C-28:T>C,62367252.0,64196475.0,0.049568544067383494
100013356|F|0-7:G>A-7:G>A,100016864|F|0-56:A>G-56:A>G,62367252.0,64720414.0,0.03852751585503743
100013356|F|0-7:G>A-7:G>A,100021392|F|0-51:G>A-51:G>A,62367252.0,64886887.0,0.012044567676742099
100014994|F|0-36:G>A-36:G>A,100020485|F|0-47:G>T-47:G>T,62444541.0,62444546.0,0.9105495442148106
100014994|F|0-36:G>A-36:G>A,100013478|F|0-51:G>A-51:G>A,62444541.0,62447789.0,0.876675929139505
100014994|F|0-36:G>A-36:G>A,100013529|F|0-11:C>G-11:C>G,62444541.0,62466983.0,0.38339516805071594
100014994|F|0-36:G>A-36:G>A,100029518|F|0-19:G>C-19:G>C,62444541.0,62476880.0,0.35661325605133776
100014994|F|0-36:G>A-36:G>A,100044261|F|0-5:T>A-5:T>A,62444541.0,62476902.0,0.3712888841319358
100014994|F|0-36:G>A-36:G>A,100017508|F|0-26:G>A-26:G>A,62444541.0,62494366.0,0.44840307422917247
100014994|F|0-36:G>A-36:G>A,100051794|F|0-60:T>C-60:T>C,62444541.0,62494371.0,0.5263538416552314
100014994|F|0-36:G>A-36:G>A,100033227|F|0-6:A>G-6:A>G,62444541.0,62503297.0,0.4607959750061797
100014994|F|0-36:G>A-36:G>A,100015367|F|0-46:A>T-46:A>T,62444541.0,62730005.0,0.10729021166530621
100014994|F|0-36:G>A-36:G>A,100016319|F|0-60:C>A-60:C>A,62444541.0,62905182.0,0.002091495632795369
100014994|F|0-36:G>A-36:G>A,100020253|F|0-17:T>C-17:T>C,62444541.0,63125496.0,0.056154855920899374
100014994|F|0-36:G>A-36:G>A,100017121|F|0-19:C>T-19:C>T,62444541.0,63306572.0,0.005265948794968331
100014994|F|0-36:G>A-36:G>A,100021507|F|0-53:A>C-53:A>C,62444541.0,63642647.0,0.004967741497229287
100014994|F|0-36:G>A-36:G>A,100019105|F|0-61:T>C-61:T>C,62444541.0,63665304.0,0.05527344683631054
100014994|F|0-36:G>A-36:G>A,100014627|F|0-15:C>G-15:C>G,62444541.0,64043609.0,0.04813110044341354
100014994|F|0-36:G>A-36:G>A,100033689|F|0-56:C>T-56:C>T,62444541.0,64044059.0,0.05596842299894856
100014994|F|0-36:G>A-36:G>A,100046739|F|0-18:T>G-18:T>G,62444541.0,64189766.0,0.020403693056476657
100014994|F|0-36:G>A-36:G>A,100030110|F|0-28:T>C-28:T>C,62444541.0,64196475.0,0.036043796140214863
100014994|F|0-36:G>A-36:G>A,100016864|F|0-56:A>G-56:A>G,62444541.0,64720414.0,0.04412968250920316
100014994|F|0-36:G>A-36:G>A,100021392|F|0-51:G>A-51:G>A,62444541.0,64886887.0,0.012861797918281256
100020485|F|0-47:G>T-47:G>T,100013478|F|0-51:G>A-51:G>A,62444546.0,62447789.0,0.8950560559357285
100020485|F|0-47:G>T-47:G>T,100013529|F|0-11:C>G-11:C>G,62444546.0,62466983.0,0.3369850078347914
100020485|F|0-47:G>T-47:G>T,100029518|F|0-19:G>C-19:G>C,62444546.0,62476880.0,0.3106631071157217
100020485|F|0-47:G>T-47:G>T,100044261|F|0-5:T>A-5:T>A,62444546.0,62476902.0,0.3273099344522733
100020485|F|0-47:G>T-47:G>T,100017508|F|0-26:G>A-26:G>A,62444546.0,62494366.0,0.4277897616339245
100020485|F|0-47:G>T-47:G>T,100051794|F|0-60:T>C-60:T>C,62444546.0,62494371.0,0.47943785529574845
100020485|F|0-47:G>T-47:G>T,100033227|F|0-6:A>G-6:A>G,62444546.0,62503297.0,0.43869723047965314
100020485|F|0-47:G>T-47:G>T,100015367|F|0-46:A>T-46:A>T,62444546.0,62730005.0,0.09514282299684186
100020485|F|0-47:G>T-47:G>T,100016319|F|0-60:C>A-60:C>A,62444546.0,62905182.0,0.0007135413243702495
100020485|F|0-47:G>T-47:G>T,100020253|F|0-17:T>C-17:T>C,62444546.0,63125496.0,0.056414907560515724
100020485|F|0-47:G>T-47:G>T,100017121|F|0-19:C>T-19:C>T,62444546.0,63306572.0,0.0073979635276619484
100020485|F|0-47:G>T-47:G>T,100021507|F|0-53:A>C-53:A>C,62444546.0,63642647.0,0.0009619001535950791
100020485|F|0-47:G>T-47:G>T,100019105|F|0-61:T>C-61:T>C,62444546.0,63665304.0,0.020144088500805412
100020485|F|0-47:G>T-47:G>T,100014627|F|0-15:C>G-15:C>G,62444546.0,64043609.0,0.05914646721598665
100020485|F|0-47:G>T-47:G>T,100033689|F|0-56:C>T-56:C>T,62444546.0,64044059.0,0.0683055337879722
100020485|F|0-47:G>T-47:G>T,100046739|F|0-18:T>G-18:T>G,62444546.0,64189766.0,0.025617367392216667
100020485|F|0-47:G>T-47:G>T,100030110|F|0-28:T>C-28:T>C,62444546.0,64196475.0,0.04429284157450961
100020485|F|0-47:G>T-47:G>T,100016864|F|0-56:A>G-56:A>G,62444546.0,64720414.0,0.04395113584175407
100020485|F|0-47:G>T-47:G>T,100021392|F|0-51:G>A-51:G>A,62444546.0,64886887.0,0.014006093791466645
100013478|F|0-51:G>A-51:G>A,100013529|F|0-11:C>G-11:C>G,62447789.0,62466983.0,0.38311352636714285
100013478|F|0-51:G>A-51:G>A,100029518|F|0-19:G>C-19:G>C,62447789.0,62476880.0,0.35694791445886415
100013478|F|0-51:G>A-51:G>A,100044261|F|0-5:T>A-5:T>A,62447789.0,62476902.0,0.37055600203106376
100013478|F|0-51:G>A-51:G>A,100017508|F|0-26:G>A-26:G>A,62447789.0,62494366.0,0.39235369437286743
100013478|F|0-51:G>A-51:G>A,100051794|F|0-60:T>C-60:T>C,62447789.0,62494371.0,0.46217670645806275
100013478|F|0-51:G>A-51:G>A,100033227|F|0-6:A>G-6:A>G,62447789.0,62503297.0,0.4019205589123347
100013478|F|0-51:G>A-51:G>A,100015367|F|0-46:A>T-46:A>T,62447789.0,62730005.0,0.11991031999778584
100013478|F|0-51:G>A-51:G>A,100016319|F|0-60:C>A-60:C>A,62447789.0,62905182.0,0.0026952983003661625
100013478|F|0-51:G>A-51:G>A,100020253|F|0-17:T>C-17:T>C,62447789.0,63125496.0,0.05274860428558742
100013478|F|0-51:G>A-51:G>A,100017121|F|0-19:C>T-19:C>T,62447789.0,63306572.0,0.004399660049275983
100013478|F|0-51:G>A-51:G>A,100021507|F|0-53:A>C-53:A>C,62447789.0,63642647.0,1.4193115471638954e-05
100013478|F|0-51:G>A-51:G>A,100019105|F|0-61:T>C-61:T>C,62447789.0,63665304.0,0.05093718925759852
100013478|F|0-51:G>A-51:G>A,100014627|F|0-15:C>G-15:C>G,62447789.0,64043609.0,0.028942926810792944
100013478|F|0-51:G>A-51:G>A,100033689|F|0-56:C>T-56:C>T,62447789.0,64044059.0,0.043237785851205565
100013478|F|0-51:G>A-51:G>A,100046739|F|0-18:T>G-18:T>G,62447789.0,64189766.0,0.01886091206705493
100013478|F|0-51:G>A-51:G>A,100030110|F|0-28:T>C-28:T>C,62447789.0,64196475.0,0.03358752402924163
100013478|F|0-51:G>A-51:G>A,100016864|F|0-56:A>G-56:A>G,62447789.0,64720414.0,0.04087190570843099
100013478|F|0-51:G>A-51:G>A,100021392|F|0-51:G>A-51:G>A,62447789.0,64886887.0,0.025388792487571053
100013529|F|0-11:C>G-11:C>G,100029518|F|0-19:G>C-19:G>C,62466983.0,62476880.0,0.9595825062904435
100013529|F|0-11:C>G-11:C>G,100044261|F|0-5:T>A-5:T>A,62466983.0,62476902.0,0.9593337524739215
100013529|F|0-11:C>G-11:C>G,100017508|F|0-26:G>A-26:G>A,62466983.0,62494366.0,0.3593639483404499
100013529|F|0-11:C>G-11:C>G,100051794|F|0-60:T>C-60:T>C,62466983.0,62494371.0,0.3519107438598964
100013529|F|0-11:C>G-11:C>G,100033227|F|0-6:A>G-6:A>G,62466983.0,62503297.0,0.3187021516806553
100013529|F|0-11:C>G-11:C>G,100015367|F|0-46:A>T-46:A>T,62466983.0,62730005.0,0.15507488765152558
100013529|F|0-11:C>G-11:C>G,100016319|F|0-60:C>A-60:C>A,62466983.0,62905182.0,0.0017737485218762364
100013529|F|0-11:C>G-11:C>G,100020253|F|0-17:T>C-17:T>C,62466983.0,63125496.0,0.05514279080566525
100013529|F|0-11:C>G-11:C>G,100017121|F|0-19:C>T-19:C>T,62466983.0,63306572.0,0.0017544150514330302
100013529|F|0-11:C>G-11:C>G,100021507|F|0-53:A>C-53:A>C,62466983.0,63642647.0,0.04000446952833327
100013529|F|0-11:C>G-11:C>G,100019105|F|0-61:T>C-61:T>C,62466983.0,63665304.0,0.14939716931679156
100013529|F|0-11:C>G-11:C>G,100014627|F|0-15:C>G-15:C>G,62466983.0,64043609.0,0.02931271742010471
100013529|F|0-11:C>G-11:C>G,100033689|F|0-56:C>T-56:C>T,62466983.0,64044059.0,0.030582764692934215
100013529|F|0-11:C>G-11:C>G,100046739|F|0-18:T>G-18:T>G,62466983.0,64189766.0,0.0011563156133037086
100013529|F|0-11:C>G-11:C>G,100030110|F|0-28:T>C-28:T>C,62466983.0,64196475.0,6.0807004966970116e-05
100013529|F|0-11:C>G-11:C>G,100016864|F|0-56:A>G-56:A>G,62466983.0,64720414.0,0.02337901316447268
100013529|F|0-11:C>G-11:C>G,100021392|F|0-51:G>A-51:G>A,62466983.0,64886887.0,0.0009492096376894334
100029518|F|0-19:G>C-19:G>C,100044261|F|0-5:T>A-5:T>A,62476880.0,62476902.0,0.9220356226753743
100029518|F|0-19:G>C-19:G>C,100017508|F|0-26:G>A-26:G>A,62476880.0,62494366.0,0.31159536092706086
100029518|F|0-19:G>C-19:G>C,100051794|F|0-60:T>C-60:T>C,62476880.0,62494371.0,0.30474645135071715
100029518|F|0-19:G>C-19:G>C,100033227|F|0-6:A>G-6:A>G,62476880.0,62503297.0,0.2729239659512862
100029518|F|0-19:G>C-19:G>C,100015367|F|0-46:A>T-46:A>T,62476880.0,62730005.0,0.14748496486723572
100029518|F|0-19:G>C-19:G>C,100016319|F|0-60:C>A-60:C>A,62476880.0,62905182.0,0.0007694566218829414
100029518|F|0-19:G>C-19:G>C,100020253|F|0-17:T>C-17:T>C,62476880.0,63125496.0,0.03912786779659001
100029518|F|0-19:G>C-19:G>C,100017121|F|0-19:C>T-19:C>T,62476880.0,63306572.0,0.0004715371880143297
100029518|F|0-19:G>C-19:G>C,100021507|F|0-53:A>C-53:A>C,62476880.0,63642647.0,0.04481374698980143
100029518|F|0-19:G>C-19:G>C,100019105|F|0-61:T>C-61:T>C,62476880.0,63665304.0,0.15889169647545737
100029518|F|0-19:G>C-19:G>C,100014627|F|0-15:C>G-15:C>G,62476880.0,64043609.0,0.025603403856594723
100029518|F|0-19:G>C-19:G>C,100033689|F|0-56:C>T-56:C>T,62476880.0,64044059.0,0.02016273887192481
100029518|F|0-19:G>C-19:G>C,100046739|F|0-18:T>G-18:T>G,62476880.0,64189766.0,0.004338067997520733
100029518|F|0-19:G>C-19:G>C,100030110|F|0-28:T>C-28:T>C,62476880.0,64196475.0,0.0012159561861195558
100029518|F|0-19:G>C-19:G>C,100016864|F|0-56:A>G-56:A>G,62476880.0,64720414.0,0.012710278197646366
100029518|F|0-19:G>C-19:G>C,100021392|F|0-51:G>A-51:G>A,62476880.0,64886887.0,1.6969868636456502e-05
100044261|F|0-5:T>A-5:T>A,100017508|F|0-26:G>A-26:G>A,62476902.0,62494366.0,0.3955123803656502
100044261|F|0-5:T>A-5:T>A,100051794|F|0-60:T>C-60:T>C,62476902.0,62494371.0,0.38774689290492526
100044261|F|0-5:T>A-5:T>A,100033227|F|0-6:A>G-6:A>G,62476902.0,62503297.0,0.3546461322071775
100044261|F|0-5:T>A-5:T>A,100015367|F|0-46:A>T-46:A>T,62476902.0,62730005.0,0.12662390602378515
100044261|F|0-5:T>A-5:T>A,100016319|F|0-60:C>A-60:C>A,62476902.0,62905182.0,0.003103497560079229
100044261|F|0-5:T>A-5:T>A,100020253|F|0-17:T>C-17:T>C,62476902.0,63125496.0,0.03896863386532286
100044261|F|0-5:T>A-5:T>A,100017121|F|0-19:C>T-19:C>T,62476902.0,63306572.0,0.0008532733525376978
100044261|F|0-5:T>A-5:T>A,100021507|F|0-53:A>C-53:A>C,62476902.0,63642647.0,0.03395740289972967
100044261|F|0-5:T>A-5:T>A,100019105|F|0-61:T>C-61:T>C,62476902.0,63665304.0,0.13442113266294392
100044261|F|0-5:T>A-5:T>A,100014627|F|0-15:C>G-15:C>G,62476902.0,64043609.0,0.024547769296261332
100044261|F|0-5:T>A-5:T>A,100033689|F|0-56:C>T-56:C>T,62476902.0,64044059.0,0.02557193684278843
100044261|F|0-5:T>A-5:T>A,100046739|F|0-18:T>G-18:T>G,62476902.0,64189766.0,0.0018922706144007865
100044261|F|0-5:T>A-5:T>A,100030110|F|0-28:T>C-28:T>C,62476902.0,64196475.0,0.0003662047855621493
100044261|F|0-5:T>A-5:T>A,100016864|F|0-56:A>G-56:A>G,62476902.0,64720414.0,0.018974230078928525
100044261|F|0-5:T>A-5:T>A,100021392|F|0-51:G>A-51:G>A,62476902.0,64886887.0,0.0018865327723607945
100017508|F|0-26:G>A-26:G>A,100051794|F|0-60:T>C-60:T>C,62494366.0,62494371.0,0.9100695035780019
100017508|F|0-26:G>A-26:G>A,100033227|F|0-6:A>G-6:A>G,62494366.0,62503297.0,0.8588335351814346
100017508|F|0-26:G>A-26:G>A,100015367|F|0-46:A>T-46:A>T,62494366.0,62730005.0,0.1331903983394622
100017508|F|0-26:G>A-26:G>A,100016319|F|0-60:C>A-60:C>A,62494366.0,62905182.0,0.007213525753926895
100017508|F|0-26:G>A-26:G>A,100020253|F|0-17:T>C-17:T>C,62494366.0,63125496.0,0.04627389849886724
100017508|F|0-26:G>A-26:G>A,100017121|F|0-19:C>T-19:C>T,62494366.0,63306572.0,0.03207723267772471
100017508|F|0-26:G>A-26:G>A,100021507|F|0-53:A>C-53:A>C,62494366.0,63642647.0,0.01703920648798292
100017508|F|0-26:G>A-26:G>A,100019105|F|0-61:T>C-61:T>C,62494366.0,63665304.0,0.055273446836310615
100017508|F|0-26:G>A-26:G>A,100014627|F|0-15:C>G-15:C>G,62494366.0,64043609.0,0.04813110044341355
100017508|F|0-26:G>A-26:G>A,100033689|F|0-56:C>T-56:C>T,62494366.0,64044059.0,0.04653016998457498
100017508|F|0-26:G>A-26:G>A,100046739|F|0-18:T>G-18:T>G,62494366.0,64189766.0,0.0005834135729329415
100017508|F|0-26:G>A-26:G>A,100030110|F|0-28:T>C-28:T>C,62494366.0,64196475.0,0.001997512339078331
100017508|F|0-26:G>A-26:G>A,100016864|F|0-56:A>G-56:A>G,62494366.0,64720414.0,0.01857698194346015
100017508|F|0-26:G>A-26:G>A,100021392|F|0-51:G>A-51:G>A,62494366.0,64886887.0,0.00863544522509307
100051794|F|0-60:T>C-60:T>C,100033227|F|0-6:A>G-6:A>G,62494371.0,62503297.0,0.9096740320772463
100051794|F|0-60:T>C-60:T>C,100015367|F|0-46:A>T-46:A>T,62494371.0,62730005.0,0.14894511284402942
100051794|F|0-60:T>C-60:T>C,100016319|F|0-60:C>A-60:C>A,62494371.0,62905182.0,0.0011482860320069612
100051794|F|0-60:T>C-60:T>C,100020253|F|0-17:T>C-17:T>C,62494371.0,63125496.0,0.04212684760629972
100051794|F|0-60:T>C-60:T>C,100017121|F|0-19:C>T-19:C>T,62494371.0,63306572.0,0.028147392586299
100051794|F|0-60:T>C-60:T>C,100021507|F|0-53:A>C-53:A>C,62494371.0,63642647.0,0.013168446467308954
100051794|F|0-60:T>C-60:T>C,100019105|F|0-61:T>C-61:T>C,62494371.0,63665304.0,0.0792592751355637
100051794|F|0-60:T>C-60:T>C,100014627|F|0-15:C>G-15:C>G,62494371.0,64043609.0,0.03481909117310022
100051794|F|0-60:T>C-60:T>C,100033689|F|0-56:C>T-56:C>T,62494371.0,64044059.0,0.05088985858216622
100051794|F|0-60:T>C-60:T>C,100046739|F|0-18:T>G-18:T>G,62494371.0,64189766.0,0.002687399455801607
100051794|F|0-60:T>C-60:T>C,100030110|F|0-28:T>C-28:T>C,62494371.0,64196475.0,0.004538003027429011
100051794|F|0-60:T>C-60:T>C,100016864|F|0-56:A>G-56:A>G,62494371.0,64720414.0,0.02960243385775296
100051794|F|0-60:T>C-60:T>C,100021392|F|0-51:G>A-51:G>A,62494371.0,64886887.0,0.013267645004892447
100033227|F|0-6:A>G-6:A>G,100015367|F|0-46:A>T-46:A>T,62503297.0,62730005.0,0.11773754428153548
100033227|F|0-6:A>G-6:A>G,100016319|F|0-60:C>A-60:C>A,62503297.0,62905182.0,0.00038017761230519726
100033227|F|0-6:A>G-6:A>G,100020253|F|0-17:T>C-17:T>C,62503297.0,63125496.0,0.04118288612457691
100033227|F|0-6:A>G-6:A>G,100017121|F|0-19:C>T-19:C>T,62503297.0,63306572.0,0.034344619607262025
100033227|F|0-6:A>G-6:A>G,100021507|F|0-53:A>C-53:A>C,62503297.0,63642647.0,0.018157107662919055
100033227|F|0-6:A>G-6:A>G,100019105|F|0-61:T>C-61:T>C,62503297.0,63665304.0,0.04497894755920778
100033227|F|0-6:A>G-6:A>G,100014627|F|0-15:C>G-15:C>G,62503297.0,64043609.0,0.04331626827386952
100033227|F|0-6:A>G-6:A>G,100033689|F|0-56:C>T-56:C>T,62503297.0,64044059.0,0.051098617933320725
100033227|F|0-6:A>G-6:A>G,100046739|F|0-18:T>G-18:T>G,62503297.0,64189766.0,3.7481930569196105e-05
100033227|F|0-6:A>G-6:A>G,100030110|F|0-28:T>C-28:T>C,62503297.0,64196475.0,0.0003115074510847959
100033227|F|0-6:A>G-6:A>G,100016864|F|0-56:A>G-56:A>G,62503297.0,64720414.0,0.027655694937952658
100033227|F|0-6:A>G-6:A>G,100021392|F|0-51:G>A-51:G>A,62503297.0,64886887.0,0.02511722248200485
100015367|F|0-46:A>T-46:A>T,100016319|F|0-60:C>A-60:C>A,62730005.0,62905182.0,0.0021711956268248775
100015367|F|0-46:A>T-46:A>T,100020253|F|0-17:T>C-17:T>C,62730005.0,63125496.0,0.04159042579496558
100015367|F|0-46:A>T-46:A>T,100017121|F|0-19:C>T-19:C>T,62730005.0,63306572.0,0.0016408820952848546
100015367|F|0-46:A>T-46:A>T,100021507|F|0-53:A>C-53:A>C,62730005.0,63642647.0,0.012486772684301982
100015367|F|0-46:A>T-46:A>T,100019105|F|0-61:T>C-61:T>C,62730005.0,63665304.0,0.04780395416444389
100015367|F|0-46:A>T-46:A>T,100014627|F|0-15:C>G-15:C>G,62730005.0,64043609.0,0.050671431192411895
100015367|F|0-46:A>T-46:A>T,100033689|F|0-56:C>T-56:C>T,62730005.0,64044059.0,0.06149406149406149
100015367|F|0-46:A>T-46:A>T,100046739|F|0-18:T>G-18:T>G,62730005.0,64189766.0,0.00927714296619403
100015367|F|0-46:A>T-46:A>T,100030110|F|0-28:T>C-28:T>C,62730005.0,64196475.0,0.0008072451807659631
100015367|F|0-46:A>T-46:A>T,100016864|F|0-56:A>G-56:A>G,62730005.0,64720414.0,0.039432494495038085
100015367|F|0-46:A>T-46:A>T,100021392|F|0-51:G>A-51:G>A,62730005.0,64886887.0,0.012998908975931445
100016319|F|0-60:C>A-60:C>A,100020253|F|0-17:T>C-17:T>C,62905182.0,63125496.0,0.013618986938515461
100016319|F|0-60:C>A-60:C>A,100017121|F|0-19:C>T-19:C>T,62905182.0,63306572.0,0.014453706982936257
100016319|F|0-60:C>A-60:C>A,100021507|F|0-53:A>C-53:A>C,62905182.0,63642647.0,0.0041124552079074665
100016319|F|0-60:C>A-60:C>A,100019105|F|0-61:T>C-61:T>C,62905182.0,63665304.0,0.0028470390793574702
100016319|F|0-60:C>A-60:C>A,100014627|F|0-15:C>G-15:C>G,62905182.0,64043609.0,0.008021672589100417
100016319|F|0-60:C>A-60:C>A,100033689|F|0-56:C>T-56:C>T,62905182.0,64044059.0,0.001986385707315938
100016319|F|0-60:C>A-60:C>A,100046739|F|0-18:T>G-18:T>G,62905182.0,64189766.0,0.00019832157321197512
100016319|F|0-60:C>A-60:C>A,100030110|F|0-28:T>C-28:T>C,62905182.0,64196475.0,0.0026698517529684497
100016319|F|0-60:C>A-60:C>A,100016864|F|0-56:A>G-56:A>G,62905182.0,64720414.0,0.017856885804555148
100016319|F|0-60:C>A-60:C>A,100021392|F|0-51:G>A-51:G>A,62905182.0,64886887.0,0.01722362736978759
100020253|F|0-17:T>C-17:T>C,100017121|F|0-19:C>T-19:C>T,63125496.0,63306572.0,0.02083155226380797
100020253|F|0-17:T>C-17:T>C,100021507|F|0-53:A>C-53:A>C,63125496.0,63642647.0,0.038305166380983455
100020253|F|0-17:T>C-17:T>C,100019105|F|0-61:T>C-61:T>C,63125496.0,63665304.0,0.008476910040954693
100020253|F|0-17:T>C-17:T>C,100014627|F|0-15:C>G-15:C>G,63125496.0,64043609.0,0.02741798437402858
100020253|F|0-17:T>C-17:T>C,100033689|F|0-56:C>T-56:C>T,63125496.0,64044059.0,0.033528115719896535
100020253|F|0-17:T>C-17:T>C,100046739|F|0-18:T>G-18:T>G,63125496.0,64189766.0,0.05785027421853858
100020253|F|0-17:T>C-17:T>C,100030110|F|0-28:T>C-28:T>C,63125496.0,64196475.0,0.034784588006456216
100020253|F|0-17:T>C-17:T>C,100016864|F|0-56:A>G-56:A>G,63125496.0,64720414.0,0.016234829485557933
100020253|F|0-17:T>C-17:T>C,100021392|F|0-51:G>A-51:G>A,63125496.0,64886887.0,0.011353448389521016
100017121|F|0-19:C>T-19:C>T,100021507|F|0-53:A>C-53:A>C,63306572.0,63642647.0,0.0018438116580137974
100017121|F|0-19:C>T-19:C>T,100019105|F|0-61:T>C-61:T>C,63306572.0,63665304.0,0.012313423218020002
100017121|F|0-19:C>T-19:C>T,100014627|F|0-15:C>G-15:C>G,63306572.0,64043609.0,0.021303868789179208
100017121|F|0-19:C>T-19:C>T,100033689|F|0-56:C>T-56:C>T,63306572.0,64044059.0,0.019232480348822835
100017121|F|0-19:C>T-19:C>T,100046739|F|0-18:T>G-18:T>G,63306572.0,64189766.0,0.008529350622822358
100017121|F|0-19:C>T-19:C>T,100030110|F|0-28:T>C-28:T>C,63306572.0,64196475.0,0.002537202244460764
100017121|F|0-19:C>T-19:C>T,100016864|F|0-56:A>G-56:A>G,63306572.0,64720414.0,0.02327732295085498
100017121|F|0-19:C>T-19:C>T,100021392|F|0-51:G>A-51:G>A,63306572.0,64886887.0,0.004691091572579527
100021507|F|0-53:A>C-53:A>C,100019105|F|0-61:T>C-61:T>C,63642647.0,63665304.0,0.0005397179074403727
100021507|F|0-53:A>C-53:A>C,100014627|F|0-15:C>G-15:C>G,63642647.0,64043609.0,0.0038569829069323063
100021507|F|0-53:A>C-53:A>C,100033689|F|0-56:C>T-56:C>T,63642647.0,64044059.0,0.00040497248356607154
100021507|F|0-53:A>C-53:A>C,100046739|F|0-18:T>G-18:T>G,63642647.0,64189766.0,0.024767507273230186
100021507|F|0-53:A>C-53:A>C,100030110|F|0-28:T>C-28:T>C,63642647.0,64196475.0,0.03375593997694305
100021507|F|0-53:A>C-53:A>C,100016864|F|0-56:A>G-56:A>G,63642647.0,64720414.0,0.010815586063013858
100021507|F|0-53:A>C-53:A>C,100021392|F|0-51:G>A-51:G>A,63642647.0,64886887.0,0.0015886377502829132
100019105|F|0-61:T>C-61:T>C,100014627|F|0-15:C>G-15:C>G,63665304.0,64043609.0,0.002196505346995856
100019105|F|0-61:T>C-61:T>C,100033689|F|0-56:C>T-56:C>T,63665304.0,64044059.0,0.00046345407170149394
100019105|F|0-61:T>C-61:T>C,100046739|F|0-18:T>G-18:T>G,63665304.0,64189766.0,0.03499278165429678
100019105|F|0-61:T>C-61:T>C,100030110|F|0-28:T>C-28:T>C,63665304.0,64196475.0,0.00996667393403308
100019105|F|0-61:T>C-61:T>C,100016864|F|0-56:A>G-56:A>G,63665304.0,64720414.0,0.04619853673766876
100019105|F|0-61:T>C-61:T>C,100021392|F|0-51:G>A-51:G>A,63665304.0,64886887.0,0.021360869392655517
100014627|F|0-15:C>G-15:C>G,100033689|F|0-56:C>T-56:C>T,64043609.0,64044059.0,0.9300236450387747
100014627|F|0-15:C>G-15:C>G,100046739|F|0-18:T>G-18:T>G,64043609.0,64189766.0,0.006312407709697607
100014627|F|0-15:C>G-15:C>G,100030110|F|0-28:T>C-28:T>C,64043609.0,64196475.0,0.0013119445802920028
100014627|F|0-15:C>G-15:C>G,100016864|F|0-56:A>G-56:A>G,64043609.0,64720414.0,0.05773688744420861
100014627|F|0-15:C>G-15:C>G,100021392|F|0-51:G>A-51:G>A,64043609.0,64886887.0,0.007689033395992968
100033689|F|0-56:C>T-56:C>T,100046739|F|0-18:T>G-18:T>G,64044059.0,64189766.0,0.005455944414651766
100033689|F|0-56:C>T-56:C>T,100030110|F|0-28:T>C-28:T>C,64044059.0,64196475.0,0.0008980822802575234
100033689|F|0-56:C>T-56:C>T,100016864|F|0-56:A>G-56:A>G,64044059.0,64720414.0,0.06742615562838396
100033689|F|0-56:C>T-56:C>T,100021392|F|0-51:G>A-51:G>A,64044059.0,64886887.0,0.00646514217255315
100046739|F|0-18:T>G-18:T>G,100030110|F|0-28:T>C-28:T>C,64189766.0,64196475.0,0.659144532372929
100046739|F|0-18:T>G-18:T>G,100016864|F|0-56:A>G-56:A>G,64189766.0,64720414.0,0.1129539203172768
100046739|F|0-18:T>G-18:T>G,100021392|F|0-51:G>A-51:G>A,64189766.0,64886887.0,0.00979937724956491
100030110|F|0-28:T>C-28:T>C,100016864|F|0-56:A>G-56:A>G,64196475.0,64720414.0,0.1725190609272173
100030110|F|0-28:T>C-28:T>C,100021392|F|0-51:G>A-51:G>A,64196475.0,64886887.0,0.007415479094760551
100016864|F|0-56:A>G-56:A>G,100021392|F|0-51:G>A-51:G>A,64720414.0,64886887.0,0.0537352713130638
