rs_i,rs_j,pos_i,pos_j,r2
100015956|F|0-13:C>T-13:C>T,100017877|F|0-34:T>G-34:T>G,127376.0,140638.0,0.9072959340764357
100015956|F|0-13:C>T-13:C>T,100015734|F|0-6:T>C-6:T>C,127376.0,148692.0,0.7522768593118371
100015956|F|0-13:C>T-13:C>T,100040575|F|0-64:T>C-64:T>C,127376.0,149263.0,0.9516796177722431
100015956|F|0-13:C>T-13:C>T,100043410|F|0-43:T>A-43:T>A,127376.0,149268.0,0.864587088053555
100015956|F|0-13:C>T-13:C>T,100044760|F|0-9:A>T-9:A>T,127376.0,161332.0,0.8607070842574543
100015956|F|0-13:C>T-13:C>T,100028279|F|0-18:C>T-18:C>T,127376.0,217293.0,0.38586507455493146
100015956|F|0-13:C>T-13:C>T,100019395|F|0-49:A>G-49:A>G,127376.0,229572.0,0.0357956971691241
100015956|F|0-13:C>T-13:C>T,100016722|F|0-34:C>T-34:C>T,127376.0,241042.0,0.37171516600013355
100015956|F|0-13:C>T-13:C>T,100019055|F|0-38:T>A-38:T>A,127376.0,258321.0,0.02766652680830507
100015956|F|0-13:C>T-13:C>T,100015011|F|0-55:G>C-55:G>C,127376.0,308687.0,0.05148363576584814
100015956|F|0-13:C>T-13:C>T,100022248|F|0-57:T>A-57:T>A,127376.0,309996.0,0.053659323220365734
100015956|F|0-13:C>T-13:C>T,100021860|F|0-9:A>C-9:A>C,127376.0,318755.0,0.00407278984037478
100015956|F|0-13:C>T-13:C>T,100033115|F|0-33:C>G-33:C>G,127376.0,318760.0,0.023027710159059408
100015956|F|0-13:C>T-13:C>T,100038456|F|0-36:A>C-36:A>C,127376.0,351680.0,0.09657914031952147
100015956|F|0-13:C>T-13:C>T,100019588|F|0-22:A>G-22:A>G,127376.0,355298.0,0.00012863401003821513
100015956|F|0-13:C>T-13:C>T,100034599|F|0-15:A>G-15:A>G,127376.0,384667.0,0.05621467022562492
100015956|F|0-13:C>T-13:C>T,100013678|F|0-60:A>T-60:A>T,127376.0,384672.0,0.05959523427092076
100015956|F|0-13:C>T-13:C>T,100034394|F|0-13:G>T-13:G>T,127376.0,395268.0,0.018970067045911605
100015956|F|0-13:C>T-13:C>T,100017460|F|0-50:C>T-50:C>T,127376.0,399483.0,0.004203697346505451
100015956|F|0-13:C>T-13:C>T,100040406|F|0-25:G>A-25:G>A,127376.0,399735.0,0.018212543802477964
100015956|F|0-13:C>T-13:C>T,100035374|F|0-23:A>G-23:A>G,127376.0,415101.0,0.02375499316709159
100015956|F|0-13:C>T-13:C>T,100013415|F|0-20:G>A-20:G>A,127376.0,457327.0,0.046583144698803376
100015956|F|0-13:C>T-13:C>T,100015193|F|0-65:C>A-65:C>A,127376.0,881171.0,0.016119442242292673
100015956|F|0-13:C>T-13:C>T,100014043|F|0-61:T>G-61:T>G,127376.0,2010696.0,5.5730679877447557e-05
100015956|F|0-13:C>T-13:C>T,100052829|F|0-41:A>T-41:A>T,127376.0,2175352.0,0.012778855544644842
100015956|F|0-13:C>T-13:C>T,100033134|F|0-15:C>T-15:C>T,127376.0,2234010.0,0.03700708305344402
100015956|F|0-13:C>T-13:C>T,100021344|F|0-55:A>T-55:A>T,127376.0,2234950.0,0.03700708305344402
100015956|F|0-13:C>T-13:C>T,100058484|F|0-60:G>A-60:G>A,127376.0,2239425.0,0.03700708305344402
100015956|F|0-13:C>T-13:C>T,100034034|F|0-18:A>G-18:A>G,127376.0,2251809.0,0.021882204044208615
100015956|F|0-13:C>T-13:C>T,100022059|F|0-28:G>C-28:G>C,127376.0,2251814.0,0.03700708305344402
100015956|F|0-13:C>T-13:C>T,100021104|F|0-25:C>T-25:C>T,127376.0,2304248.0,0.020666550508554732
100015956|F|0-13:C>T-13:C>T,100018738|F|0-46:T>C-46:T>C,127376.0,2322887.0,0.00415700237565304
100015956|F|0-13:C>T-13:C>T,100028644|F|0-13:T>C-13:T>C,127376.0,2337096.0,0.009987555784414688
100015956|F|0-13:C>T-13:C>T,100019784|F|0-32:C>G-32:C>G,127376.0,2348981.0,0.005944159669122876
100015956|F|0-13:C>T-13:C>T,100029801|F|0-44:C>T-44:C>T,127376.0,2411287.0,0.005761034676875717
100015956|F|0-13:C>T-13:C>T,100018506|F|0-23:C>T-23:C>T,127376.0,2437135.0,0.0003187413147207904
100015956|F|0-13:C>T-13:C>T,100016982|F|0-43:C>A-43:C>A,127376.0,2465867.0,0.007900289322084763
100015956|F|0-13:C>T-13:C>T,100014343|F|0-46:C>T-46:C>T,127376.0,2481166.0,0.05808741266513051
100015956|F|0-13:C>T-13:C>T,100021653|F|0-36:G>A-36:G>A,127376.0,2486131.0,0.05441819564967123
100015956|F|0-13:C>T-13:C>T,100033716|F|0-51:T>C-51:T>C,127376.0,2760698.0,0.022466131335293592
100015956|F|0-13:C>T-13:C>T,100029063|F|0-9:C>T-9:C>T,127376.0,2761830.0,0.02700365101423097
100015956|F|0-13:C>T-13:C>T,100016995|F|0-19:T>G-19:T>G,127376.0,2968804.0,4.074890160919789e-06
100015956|F|0-13:C>T-13:C>T,100028785|F|0-15:C>T-15:C>T,127376.0,4410868.0,0.030886960756306064
100015956|F|0-13:C>T-13:C>T,100018585|F|0-68:A>G-68:A>G,127376.0,4632943.0,0.004695256846080467
100015956|F|0-13:C>T-13:C>T,100021948|F|0-23:C>G-23:C>G,127376.0,4712047.0,0.04672243005916753
100015956|F|0-13:C>T-13:C>T,100040647|F|0-14:T>A-14:T>A,127376.0,4728537.0,0.008930722644926545
100015956|F|0-13:C>T-13:C>T,100018462|F|0-57:G>T-57:G>T,127376.0,4783202.0,0.049382838441648064
100015956|F|0-13:C>T-13:C>T,100028807|F|0-29:G>A-29:G>A,127376.0,5488909.0,0.07558655953308482
100015956|F|0-13:C>T-13:C>T,100020957|F|0-56:G>A-56:G>A,127376.0,5525318.0,0.0033630055860092815
100015956|F|0-13:C>T-13:C>T,100041207|F|0-27:C>A-27:C>A,127376.0,5602442.0,0.001033904564414346
100015956|F|0-13:C>T-13:C>T,100016888|F|0-67:C>T-67:C>T,127376.0,6552228.0,0.07036463142464912
100015956|F|0-13:C>T-13:C>T,100013584|F|0-22:T>C-22:T>C,127376.0,6865742.0,0.0003092122533874544
100015956|F|0-13:C>T-13:C>T,100018629|F|0-63:G>A-63:G>A,127376.0,6866047.0,0.0003092122533874544
100015956|F|0-13:C>T-13:C>T,100040243|F|0-44:T>G-44:T>G,127376.0,6915952.0,0.005765017063162531
100015956|F|0-13:C>T-13:C>T,100033204|F|0-66:T>C-66:T>C,127376.0,7052774.0,0.0016226999571990535
100015956|F|0-13:C>T-13:C>T,100021889|F|0-32:T>A-32:T>A,127376.0,7053581.0,0.00689172306965462
100015956|F|0-13:C>T-13:C>T,100028365|F|0-14:C>A-14:C>A,127376.0,7058744.0,0.0463987553958411
100015956|F|0-13:C>T-13:C>T,100043120|F|0-10:T>G-10:T>G,127376.0,7220209.0,0.002742432138440474
100015956|F|0-13:C>T-13:C>T,100014119|F|0-65:C>G-65:C>G,127376.0,7227243.0,0.002742432138440474
100015956|F|0-13:C>T-13:C>T,100018572|F|0-44:T>A-44:T>A,127376.0,7228216.0,0.0067359137308397555
100015956|F|0-13:C>T-13:C>T,100017140|F|0-53:T>C-53:T>C,127376.0,7621185.0,0.013198259856952561
100015956|F|0-13:C>T-13:C>T,100014614|F|0-54:G>A-54:G>A,127376.0,7686876.0,0.0008314373924418155
100015956|F|0-13:C>T-13:C>T,100020518|F|0-50:T>G-50:T>G,127376.0,8001607.0,0.018707411233302444
100015956|F|0-13:C>T-13:C>T,100018646|F|0-46:C>T-46:C>T,127376.0,8570732.0,0.002460037338003209
100015956|F|0-13:C>T-13:C>T,100041050|F|0-49:T>A-49:T>A,127376.0,8877660.0,0.01841220452215919
100015956|F|0-13:C>T-13:C>T,100040807|F|0-22:G>A-22:G>A,127376.0,13128905.0,0.06093681035751074
100015956|F|0-13:C>T-13:C>T,100015846|F|0-45:G>T-45:G>T,127376.0,16161088.0,0.006739929097678834
100015956|F|0-13:C>T-13:C>T,100045098|F|0-63:G>T-63:G>T,127376.0,17792887.0,0.0001084393264544399
100015956|F|0-13:C>T-13:C>T,100017652|F|0-34:G>A-34:G>A,127376.0,20785539.0,0.05354427062213747
100015956|F|0-13:C>T-13:C>T,100044913|F|0-35:T>C-35:T>C,127376.0,30665404.0,0.00047855191868535394
100015956|F|0-13:C>T-13:C>T,100015510|F|0-57:A>C-57:A>C,127376.0,35835846.0,0.0062369964206508265
100015956|F|0-13:C>T-13:C>T,100015139|F|0-52:T>C-52:T>C,127376.0,35912066.0,7.808991708656888e-05
100015956|F|0-13:C>T-13:C>T,100036187|F|0-16:T>C-16:T>C,127376.0,42008443.0,0.04568321336586314
100015956|F|0-13:C>T-13:C>T,100014991|F|0-45:T>G-45:T>G,127376.0,43771333.0,0.08562952110664009
100015956|F|0-13:C>T-13:C>T,100060618|F|0-5:A>G-5:A>G,127376.0,53483214.0,0.0316735940473054
100015956|F|0-13:C>T-13:C>T,100019259|F|0-35:C>T-35:C>T,127376.0,64990492.0,0.004266290740092022
100017877|F|0-34:T>G-34:T>G,100015734|F|0-6:T>C-6:T>C,140638.0,148692.0,0.7556545709664028
100017877|F|0-34:T>G-34:T>G,100040575|F|0-64:T>C-64:T>C,140638.0,149263.0,0.9072959340764357
100017877|F|0-34:T>G-34:T>G,100043410|F|0-43:T>A-43:T>A,140638.0,149268.0,0.9119431148748177
100017877|F|0-34:T>G-34:T>G,100044760|F|0-9:A>T-9:A>T,140638.0,161332.0,0.8205661058556564
100017877|F|0-34:T>G-34:T>G,100028279|F|0-18:C>T-18:C>T,140638.0,217293.0,0.33975890058130365
100017877|F|0-34:T>G-34:T>G,100019395|F|0-49:A>G-49:A>G,140638.0,229572.0,0.04570560858867052
100017877|F|0-34:T>G-34:T>G,100016722|F|0-34:C>T-34:C>T,140638.0,241042.0,0.34203503524722
100017877|F|0-34:T>G-34:T>G,100019055|F|0-38:T>A-38:T>A,140638.0,258321.0,0.03639290767853535
100017877|F|0-34:T>G-34:T>G,100015011|F|0-55:G>C-55:G>C,140638.0,308687.0,0.03992134625937447
100017877|F|0-34:T>G-34:T>G,100022248|F|0-57:T>A-57:T>A,140638.0,309996.0,0.04160841382816475
100017877|F|0-34:T>G-34:T>G,100021860|F|0-9:A>C-9:A>C,140638.0,318755.0,0.008420570272203847
100017877|F|0-34:T>G-34:T>G,100033115|F|0-33:C>G-33:C>G,140638.0,318760.0,0.01565762667131477
100017877|F|0-34:T>G-34:T>G,100038456|F|0-36:A>C-36:A>C,140638.0,351680.0,0.10707484819902276
100017877|F|0-34:T>G-34:T>G,100019588|F|0-22:A>G-22:A>G,140638.0,355298.0,0.0016238712576017473
100017877|F|0-34:T>G-34:T>G,100034599|F|0-15:A>G-15:A>G,140638.0,384667.0,0.06641676137851711
100017877|F|0-34:T>G-34:T>G,100013678|F|0-60:A>T-60:A>T,140638.0,384672.0,0.06990139603872694
100017877|F|0-34:T>G-34:T>G,100034394|F|0-13:G>T-13:G>T,140638.0,395268.0,0.018085356015297135
100017877|F|0-34:T>G-34:T>G,100017460|F|0-50:C>T-50:C>T,140638.0,399483.0,0.0040076486239143715
100017877|F|0-34:T>G-34:T>G,100040406|F|0-25:G>A-25:G>A,140638.0,399735.0,0.01736316154364863
100017877|F|0-34:T>G-34:T>G,100035374|F|0-23:A>G-23:A>G,140638.0,415101.0,0.030257201744843323
100017877|F|0-34:T>G-34:T>G,100013415|F|0-20:G>A-20:G>A,140638.0,457327.0,0.058249893883626565
100017877|F|0-34:T>G-34:T>G,100015193|F|0-65:C>A-65:C>A,140638.0,881171.0,0.015367676403795959
100017877|F|0-34:T>G-34:T>G,100014043|F|0-61:T>G-61:T>G,140638.0,2010696.0,0.003098316212677276
100017877|F|0-34:T>G-34:T>G,100052829|F|0-41:A>T-41:A>T,140638.0,2175352.0,0.012182885354786574
100017877|F|0-34:T>G-34:T>G,100033134|F|0-15:C>T-15:C>T,140638.0,2234010.0,0.04829197111938784
100017877|F|0-34:T>G-34:T>G,100021344|F|0-55:A>T-55:A>T,140638.0,2234950.0,0.04829197111938784
100017877|F|0-34:T>G-34:T>G,100058484|F|0-60:G>A-60:G>A,140638.0,2239425.0,0.04829197111938784
100017877|F|0-34:T>G-34:T>G,100034034|F|0-18:A>G-18:A>G,140638.0,2251809.0,0.031019965631288105
100017877|F|0-34:T>G-34:T>G,100022059|F|0-28:G>C-28:G>C,140638.0,2251814.0,0.04829197111938784
100017877|F|0-34:T>G-34:T>G,100021104|F|0-25:C>T-25:C>T,140638.0,2304248.0,0.019702720219741426
100017877|F|0-34:T>G-34:T>G,100018738|F|0-46:T>C-46:T>C,140638.0,2322887.0,0.001684818721928552
100017877|F|0-34:T>G-34:T>G,100028644|F|0-13:T>C-13:T>C,140638.0,2337096.0,0.005527373224967733
100017877|F|0-34:T>G-34:T>G,100019784|F|0-32:C>G-32:C>G,140638.0,2348981.0,0.005666940636935004
100017877|F|0-34:T>G-34:T>G,100029801|F|0-44:C>T-44:C>T,140638.0,2411287.0,0.002580390836261252
100017877|F|0-34:T>G-34:T>G,100018506|F|0-23:C>T-23:C>T,140638.0,2437135.0,7.839988289017528e-05
100017877|F|0-34:T>G-34:T>G,100016982|F|0-43:C>A-43:C>A,140638.0,2465867.0,0.007531841857382731
100017877|F|0-34:T>G-34:T>G,100014343|F|0-46:C>T-46:C>T,140638.0,2481166.0,0.05537837771020293
100017877|F|0-34:T>G-34:T>G,100021653|F|0-36:G>A-36:G>A,140638.0,2486131.0,0.051880282745047426
100017877|F|0-34:T>G-34:T>G,100033716|F|0-51:T>C-51:T>C,140638.0,2760698.0,0.02141837361469814
100017877|F|0-34:T>G-34:T>G,100029063|F|0-9:C>T-9:C>T,140638.0,2761830.0,0.02574427602829484
100017877|F|0-34:T>G-34:T>G,100016995|F|0-19:T>G-19:T>G,140638.0,2968804.0,0.000613964651365755
100017877|F|0-34:T>G-34:T>G,100028785|F|0-15:C>T-15:C>T,140638.0,4410868.0,0.029446479032276058
100017877|F|0-34:T>G-34:T>G,100018585|F|0-68:A>G-68:A>G,140638.0,4632943.0,0.00922769516063343
100017877|F|0-34:T>G-34:T>G,100021948|F|0-23:C>G-23:C>G,140638.0,4712047.0,0.028029003191705388
100017877|F|0-34:T>G-34:T>G,100040647|F|0-14:T>A-14:T>A,140638.0,4728537.0,0.00851421864332221
100017877|F|0-34:T>G-34:T>G,100018462|F|0-57:G>T-57:G>T,140638.0,4783202.0,0.04707976055654422
100017877|F|0-34:T>G-34:T>G,100028807|F|0-29:G>A-29:G>A,140638.0,5488909.0,0.07206141316310818
100017877|F|0-34:T>G-34:T>G,100020957|F|0-56:G>A-56:G>A,140638.0,5525318.0,0.00320616438293079
100017877|F|0-34:T>G-34:T>G,100041207|F|0-27:C>A-27:C>A,140638.0,5602442.0,0.0009856861384843717
100017877|F|0-34:T>G-34:T>G,100016888|F|0-67:C>T-67:C>T,140638.0,6552228.0,0.06708302122075041
100017877|F|0-34:T>G-34:T>G,100013584|F|0-22:T>C-22:T>C,140638.0,6865742.0,3.760095103333349e-05
100017877|F|0-34:T>G-34:T>G,100018629|F|0-63:G>A-63:G>A,140638.0,6866047.0,3.760095103333358e-05
100017877|F|0-34:T>G-34:T>G,100040243|F|0-44:T>G-44:T>G,140638.0,6915952.0,0.005496152742592851
100017877|F|0-34:T>G-34:T>G,100033204|F|0-66:T>C-66:T>C,140638.0,7052774.0,3.925405661598082e-05
100017877|F|0-34:T>G-34:T>G,100021889|F|0-32:T>A-32:T>A,140638.0,7053581.0,0.002437232148142426
100017877|F|0-34:T>G-34:T>G,100028365|F|0-14:C>A-14:C>A,140638.0,7058744.0,0.0442348468231338
100017877|F|0-34:T>G-34:T>G,100043120|F|0-10:T>G-10:T>G,140638.0,7220209.0,0.0026145327505407026
100017877|F|0-34:T>G-34:T>G,100014119|F|0-65:C>G-65:C>G,140638.0,7227243.0,0.0026145327505407026
100017877|F|0-34:T>G-34:T>G,100018572|F|0-44:T>A-44:T>A,140638.0,7228216.0,0.006421769496951801
100017877|F|0-34:T>G-34:T>G,100017140|F|0-53:T>C-53:T>C,140638.0,7621185.0,0.012582729819441252
100017877|F|0-34:T>G-34:T>G,100014614|F|0-54:G>A-54:G>A,140638.0,7686876.0,4.331629559040126e-05
100017877|F|0-34:T>G-34:T>G,100020518|F|0-50:T>G-50:T>G,140638.0,8001607.0,0.01207311922156345
100017877|F|0-34:T>G-34:T>G,100018646|F|0-46:C>T-46:C>T,140638.0,8570732.0,0.0057978200788873285
100017877|F|0-34:T>G-34:T>G,100041050|F|0-49:T>A-49:T>A,140638.0,8877660.0,0.01755351064410064
100017877|F|0-34:T>G-34:T>G,100040807|F|0-22:G>A-22:G>A,140638.0,13128905.0,0.05809488743951179
100017877|F|0-34:T>G-34:T>G,100015846|F|0-45:G>T-45:G>T,140638.0,16161088.0,0.001156489558551415
100017877|F|0-34:T>G-34:T>G,100045098|F|0-63:G>T-63:G>T,140638.0,17792887.0,0.0010131046968659392
100017877|F|0-34:T>G-34:T>G,100017652|F|0-34:G>A-34:G>A,140638.0,20785539.0,0.03335432683258767
100017877|F|0-34:T>G-34:T>G,100044913|F|0-35:T>C-35:T>C,140638.0,30665404.0,0.0024839384431495715
100017877|F|0-34:T>G-34:T>G,100015510|F|0-57:A>C-57:A>C,140638.0,35835846.0,0.0030804484656121543
100017877|F|0-34:T>G-34:T>G,100015139|F|0-52:T>C-52:T>C,140638.0,35912066.0,7.444802110069544e-05
100017877|F|0-34:T>G-34:T>G,100036187|F|0-16:T>C-16:T>C,140638.0,42008443.0,0.04355267567820633
100017877|F|0-34:T>G-34:T>G,100014991|F|0-45:T>G-45:T>G,140638.0,43771333.0,0.08163599901281064
100017877|F|0-34:T>G-34:T>G,100060618|F|0-5:A>G-5:A>G,140638.0,53483214.0,0.030196425940042706
100017877|F|0-34:T>G-34:T>G,100019259|F|0-35:C>T-35:C>T,140638.0,64990492.0,0.004067322836160391
100015734|F|0-6:T>C-6:T>C,100040575|F|0-64:T>C-64:T>C,148692.0,149263.0,0.7522768593118373
100015734|F|0-6:T>C-6:T>C,100043410|F|0-43:T>A-43:T>A,148692.0,149268.0,0.7198062849815714
100015734|F|0-6:T>C-6:T>C,100044760|F|0-9:A>T-9:A>T,148692.0,161332.0,0.7156528397520033
100015734|F|0-6:T>C-6:T>C,100028279|F|0-18:C>T-18:C>T,148692.0,217293.0,0.29719157291607456
100015734|F|0-6:T>C-6:T>C,100019395|F|0-49:A>G-49:A>G,148692.0,229572.0,0.025545342531025885
100015734|F|0-6:T>C-6:T>C,100016722|F|0-34:C>T-34:C>T,148692.0,241042.0,0.28230240337722046
100015734|F|0-6:T>C-6:T>C,100019055|F|0-38:T>A-38:T>A,148692.0,258321.0,0.019536247577467004
100015734|F|0-6:T>C-6:T>C,100015011|F|0-55:G>C-55:G>C,148692.0,308687.0,0.030687475341161112
100015734|F|0-6:T>C-6:T>C,100022248|F|0-57:T>A-57:T>A,148692.0,309996.0,0.03198432149659269
100015734|F|0-6:T>C-6:T>C,100021860|F|0-9:A>C-9:A>C,148692.0,318755.0,0.0002644098540808851
100015734|F|0-6:T>C-6:T>C,100033115|F|0-33:C>G-33:C>G,148692.0,318760.0,0.010068801132445845
100015734|F|0-6:T>C-6:T>C,100038456|F|0-36:A>C-36:A>C,148692.0,351680.0,0.08629829098431775
100015734|F|0-6:T>C-6:T>C,100019588|F|0-22:A>G-22:A>G,148692.0,355298.0,0.002460125225187411
100015734|F|0-6:T>C-6:T>C,100034599|F|0-15:A>G-15:A>G,148692.0,384667.0,0.05922262778367524
100015734|F|0-6:T>C-6:T>C,100013678|F|0-60:A>T-60:A>T,148692.0,384672.0,0.062311604436156284
100015734|F|0-6:T>C-6:T>C,100034394|F|0-13:G>T-13:G>T,148692.0,395268.0,0.008188867057694118
100015734|F|0-6:T>C-6:T>C,100017460|F|0-50:C>T-50:C>T,148692.0,399483.0,0.0004574524664753533
100015734|F|0-6:T>C-6:T>C,100040406|F|0-25:G>A-25:G>A,148692.0,399735.0,0.014779730199559929
100015734|F|0-6:T>C-6:T>C,100035374|F|0-23:A>G-23:A>G,148692.0,415101.0,0.04594062371030213
100015734|F|0-6:T>C-6:T>C,100013415|F|0-20:G>A-20:G>A,148692.0,457327.0,0.043713588783419036
100015734|F|0-6:T>C-6:T>C,100015193|F|0-65:C>A-65:C>A,148692.0,881171.0,0.007208134461676131
100015734|F|0-6:T>C-6:T>C,100014043|F|0-61:T>G-61:T>G,148692.0,2010696.0,4.1428499311832546e-05
100015734|F|0-6:T>C-6:T>C,100052829|F|0-41:A>T-41:A>T,148692.0,2175352.0,0.0033618766874893677
100015734|F|0-6:T>C-6:T>C,100033134|F|0-15:C>T-15:C>T,148692.0,2234010.0,0.07805468930686017
100015734|F|0-6:T>C-6:T>C,100021344|F|0-55:A>T-55:A>T,148692.0,2234950.0,0.07805468930686017
100015734|F|0-6:T>C-6:T>C,100058484|F|0-60:G>A-60:G>A,148692.0,2239425.0,0.07805468930686017
100015734|F|0-6:T>C-6:T>C,100034034|F|0-18:A>G-18:A>G,148692.0,2251809.0,0.05625066535055508
100015734|F|0-6:T>C-6:T>C,100022059|F|0-28:G>C-28:G>C,148692.0,2251814.0,0.07805468930686017
100015734|F|0-6:T>C-6:T>C,100021104|F|0-25:C>T-25:C>T,148692.0,2304248.0,0.06594164347695806
100015734|F|0-6:T>C-6:T>C,100018738|F|0-46:T>C-46:T>C,148692.0,2322887.0,0.002608043937388493
100015734|F|0-6:T>C-6:T>C,100028644|F|0-13:T>C-13:T>C,148692.0,2337096.0,0.0037561512308962445
100015734|F|0-6:T>C-6:T>C,100019784|F|0-32:C>G-32:C>G,148692.0,2348981.0,0.008520113263199174
100015734|F|0-6:T>C-6:T>C,100029801|F|0-44:C>T-44:C>T,148692.0,2411287.0,0.00024749401751303216
100015734|F|0-6:T>C-6:T>C,100018506|F|0-23:C>T-23:C>T,148692.0,2437135.0,0.005744413688129439
100015734|F|0-6:T>C-6:T>C,100016982|F|0-43:C>A-43:C>A,148692.0,2465867.0,0.020883324613108212
100015734|F|0-6:T>C-6:T>C,100014343|F|0-46:C>T-46:C>T,148692.0,2481166.0,0.08927263867865085
100015734|F|0-6:T>C-6:T>C,100021653|F|0-36:G>A-36:G>A,148692.0,2486131.0,0.06465917859676541
100015734|F|0-6:T>C-6:T>C,100033716|F|0-51:T>C-51:T>C,148692.0,2760698.0,0.0573543957847965
100015734|F|0-6:T>C-6:T>C,100029063|F|0-9:C>T-9:C>T,148692.0,2761830.0,0.05184524523848486
100015734|F|0-6:T>C-6:T>C,100016995|F|0-19:T>G-19:T>G,148692.0,2968804.0,0.0009383094777471229
100015734|F|0-6:T>C-6:T>C,100028785|F|0-15:C>T-15:C>T,148692.0,4410868.0,0.02926662227364636
100015734|F|0-6:T>C-6:T>C,100018585|F|0-68:A>G-68:A>G,148692.0,4632943.0,0.001999489447791962
100015734|F|0-6:T>C-6:T>C,100021948|F|0-23:C>G-23:C>G,148692.0,4712047.0,0.03853452190739111
100015734|F|0-6:T>C-6:T>C,100040647|F|0-14:T>A-14:T>A,148692.0,4728537.0,0.0037080140879277496
100015734|F|0-6:T>C-6:T>C,100018462|F|0-57:G>T-57:G>T,148692.0,4783202.0,0.0789666570379155
100015734|F|0-6:T>C-6:T>C,100028807|F|0-29:G>A-29:G>A,148692.0,5488909.0,0.08497789266449203
100015734|F|0-6:T>C-6:T>C,100020957|F|0-56:G>A-56:G>A,148692.0,5525318.0,0.008864546938361237
100015734|F|0-6:T>C-6:T>C,100041207|F|0-27:C>A-27:C>A,148692.0,5602442.0,0.00806971981913963
100015734|F|0-6:T>C-6:T>C,100016888|F|0-67:C>T-67:C>T,148692.0,6552228.0,0.040384758510239205
100015734|F|0-6:T>C-6:T>C,100013584|F|0-22:T>C-22:T>C,148692.0,6865742.0,0.003956022021110246
100015734|F|0-6:T>C-6:T>C,100018629|F|0-63:G>A-63:G>A,148692.0,6866047.0,0.008545043892705752
100015734|F|0-6:T>C-6:T>C,100040243|F|0-44:T>G-44:T>G,148692.0,6915952.0,0.0035336905420433546
100015734|F|0-6:T>C-6:T>C,100033204|F|0-66:T>C-66:T>C,148692.0,7052774.0,0.0003845276341160871
100015734|F|0-6:T>C-6:T>C,100021889|F|0-32:T>A-32:T>A,148692.0,7053581.0,0.0005748690679395483
100015734|F|0-6:T>C-6:T>C,100028365|F|0-14:C>A-14:C>A,148692.0,7058744.0,0.05278990687269627
100015734|F|0-6:T>C-6:T>C,100043120|F|0-10:T>G-10:T>G,148692.0,7220209.0,0.009676359747941213
100015734|F|0-6:T>C-6:T>C,100014119|F|0-65:C>G-65:C>G,148692.0,7227243.0,0.009676359747941213
100015734|F|0-6:T>C-6:T>C,100018572|F|0-44:T>A-44:T>A,148692.0,7228216.0,0.015603549144712703
100015734|F|0-6:T>C-6:T>C,100017140|F|0-53:T>C-53:T>C,148692.0,7621185.0,0.0061954382323172645
100015734|F|0-6:T>C-6:T>C,100014614|F|0-54:G>A-54:G>A,148692.0,7686876.0,0.0005494475029319786
100015734|F|0-6:T>C-6:T>C,100020518|F|0-50:T>G-50:T>G,148692.0,8001607.0,0.014409127948571807
100015734|F|0-6:T>C-6:T>C,100018646|F|0-46:C>T-46:C>T,148692.0,8570732.0,0.008638999346428687
100015734|F|0-6:T>C-6:T>C,100041050|F|0-49:T>A-49:T>A,148692.0,8877660.0,0.01892889641119014
100015734|F|0-6:T>C-6:T>C,100040807|F|0-22:G>A-22:G>A,148692.0,13128905.0,0.04573655505067254
100015734|F|0-6:T>C-6:T>C,100015846|F|0-45:G>T-45:G>T,148692.0,16161088.0,0.006435399511851893
100015734|F|0-6:T>C-6:T>C,100045098|F|0-63:G>T-63:G>T,148692.0,17792887.0,3.6139109065300215e-05
100015734|F|0-6:T>C-6:T>C,100017652|F|0-34:G>A-34:G>A,148692.0,20785539.0,0.03212128400576313
100015734|F|0-6:T>C-6:T>C,100044913|F|0-35:T>C-35:T>C,148692.0,30665404.0,0.0006344271649887941
100015734|F|0-6:T>C-6:T>C,100015510|F|0-57:A>C-57:A>C,148692.0,35835846.0,0.0026274974256970986
100015734|F|0-6:T>C-6:T>C,100015139|F|0-52:T>C-52:T>C,148692.0,35912066.0,0.0011238417850733269
100015734|F|0-6:T>C-6:T>C,100036187|F|0-16:T>C-16:T>C,148692.0,42008443.0,0.022410935752572737
100015734|F|0-6:T>C-6:T>C,100014991|F|0-45:T>G-45:T>G,148692.0,43771333.0,0.11396169210235363
100015734|F|0-6:T>C-6:T>C,100060618|F|0-5:A>G-5:A>G,148692.0,53483214.0,0.013906377932180728
100015734|F|0-6:T>C-6:T>C,100019259|F|0-35:C>T-35:C>T,148692.0,64990492.0,0.0012638472879611894
100040575|F|0-64:T>C-64:T>C,100043410|F|0-43:T>A-43:T>A,149263.0,149268.0,0.9099897013388282
100040575|F|0-64:T>C-64:T>C,100044760|F|0-9:A>T-9:A>T,149263.0,161332.0,0.8162699663792814
100040575|F|0-64:T>C-64:T>C,100028279|F|0-18:C>T-18:C>T,149263.0,217293.0,0.38586507455493174
100040575|F|0-64:T>C-64:T>C,100019395|F|0-49:A>G-49:A>G,149263.0,229572.0,0.02542099309864109
100040575|F|0-64:T>C-64:T>C,100016722|F|0-34:C>T-34:C>T,149263.0,241042.0,0.3717151660001338
100040575|F|0-64:T>C-64:T>C,100019055|F|0-38:T>A-38:T>A,149263.0,258321.0,0.02766652680830507
100040575|F|0-64:T>C-64:T>C,100015011|F|0-55:G>C-55:G>C,149263.0,308687.0,0.05148363576584814
100040575|F|0-64:T>C-64:T>C,100022248|F|0-57:T>A-57:T>A,149263.0,309996.0,0.053659323220365686
100040575|F|0-64:T>C-64:T>C,100021860|F|0-9:A>C-9:A>C,149263.0,318755.0,0.004072789840374776
100040575|F|0-64:T>C-64:T>C,100033115|F|0-33:C>G-33:C>G,149263.0,318760.0,0.023027710159059366
100040575|F|0-64:T>C-64:T>C,100038456|F|0-36:A>C-36:A>C,149263.0,351680.0,0.08203221566385337
100040575|F|0-64:T>C-64:T>C,100019588|F|0-22:A>G-22:A>G,149263.0,355298.0,0.00034550539270296
100040575|F|0-64:T>C-64:T>C,100034599|F|0-15:A>G-15:A>G,149263.0,384667.0,0.056214670225624895
100040575|F|0-64:T>C-64:T>C,100013678|F|0-60:A>T-60:A>T,149263.0,384672.0,0.05959523427092076
100040575|F|0-64:T>C-64:T>C,100034394|F|0-13:G>T-13:G>T,149263.0,395268.0,0.018970067045911598
100040575|F|0-64:T>C-64:T>C,100017460|F|0-50:C>T-50:C>T,149263.0,399483.0,0.0014482492276004133
100040575|F|0-64:T>C-64:T>C,100040406|F|0-25:G>A-25:G>A,149263.0,399735.0,0.01821254380247797
100040575|F|0-64:T>C-64:T>C,100035374|F|0-23:A>G-23:A>G,149263.0,415101.0,0.01692687432731279
100040575|F|0-64:T>C-64:T>C,100013415|F|0-20:G>A-20:G>A,149263.0,457327.0,0.046583144698803376
100040575|F|0-64:T>C-64:T>C,100015193|F|0-65:C>A-65:C>A,149263.0,881171.0,0.016119442242292673
100040575|F|0-64:T>C-64:T>C,100014043|F|0-61:T>G-61:T>G,149263.0,2010696.0,0.0006136132088159499
100040575|F|0-64:T>C-64:T>C,100052829|F|0-41:A>T-41:A>T,149263.0,2175352.0,0.012778855544644842
100040575|F|0-64:T>C-64:T>C,100033134|F|0-15:C>T-15:C>T,149263.0,2234010.0,0.03700708305344402
100040575|F|0-64:T>C-64:T>C,100021344|F|0-55:A>T-55:A>T,149263.0,2234950.0,0.03700708305344402
100040575|F|0-64:T>C-64:T>C,100058484|F|0-60:G>A-60:G>A,149263.0,2239425.0,0.03700708305344402
100040575|F|0-64:T>C-64:T>C,100034034|F|0-18:A>G-18:A>G,149263.0,2251809.0,0.021882204044208615
100040575|F|0-64:T>C-64:T>C,100022059|F|0-28:G>C-28:G>C,149263.0,2251814.0,0.03700708305344402
100040575|F|0-64:T>C-64:T>C,100021104|F|0-25:C>T-25:C>T,149263.0,2304248.0,0.02066655050855475
100040575|F|0-64:T>C-64:T>C,100018738|F|0-46:T>C-46:T>C,149263.0,2322887.0,0.007553541436493677
100040575|F|0-64:T>C-64:T>C,100028644|F|0-13:T>C-13:T>C,149263.0,2337096.0,0.01530972269901209
100040575|F|0-64:T>C-64:T>C,100019784|F|0-32:C>G-32:C>G,149263.0,2348981.0,0.005944159669122876
100040575|F|0-64:T>C-64:T>C,100029801|F|0-44:C>T-44:C>T,149263.0,2411287.0,0.009955604078633676
100040575|F|0-64:T>C-64:T>C,100018506|F|0-23:C>T-23:C>T,149263.0,2437135.0,0.0020048017588031714
100040575|F|0-64:T>C-64:T>C,100016982|F|0-43:C>A-43:C>A,149263.0,2465867.0,0.002852076413164877
100040575|F|0-64:T>C-64:T>C,100014343|F|0-46:C>T-46:C>T,149263.0,2481166.0,0.04005086353162577
100040575|F|0-64:T>C-64:T>C,100021653|F|0-36:G>A-36:G>A,149263.0,2486131.0,0.03662791963932903
100040575|F|0-64:T>C-64:T>C,100033716|F|0-51:T>C-51:T>C,149263.0,2760698.0,0.022466131335293592
100040575|F|0-64:T>C-64:T>C,100029063|F|0-9:C>T-9:C>T,149263.0,2761830.0,0.02700365101423097
100040575|F|0-64:T>C-64:T>C,100016995|F|0-19:T>G-19:T>G,149263.0,2968804.0,0.0006439989674727313
100040575|F|0-64:T>C-64:T>C,100028785|F|0-15:C>T-15:C>T,149263.0,4410868.0,0.030886960756306064
100040575|F|0-64:T>C-64:T>C,100018585|F|0-68:A>G-68:A>G,149263.0,4632943.0,0.004695256846080467
100040575|F|0-64:T>C-64:T>C,100021948|F|0-23:C>G-23:C>G,149263.0,4712047.0,0.04672243005916753
100040575|F|0-64:T>C-64:T>C,100040647|F|0-14:T>A-14:T>A,149263.0,4728537.0,0.008930722644926545
100040575|F|0-64:T>C-64:T>C,100018462|F|0-57:G>T-57:G>T,149263.0,4783202.0,0.049382838441648064
100040575|F|0-64:T>C-64:T>C,100028807|F|0-29:G>A-29:G>A,149263.0,5488909.0,0.07558655953308485
100040575|F|0-64:T>C-64:T>C,100020957|F|0-56:G>A-56:G>A,149263.0,5525318.0,0.0033630055860092815
100040575|F|0-64:T>C-64:T>C,100041207|F|0-27:C>A-27:C>A,149263.0,5602442.0,0.0010339045644143442
100040575|F|0-64:T>C-64:T>C,100016888|F|0-67:C>T-67:C>T,149263.0,6552228.0,0.07036463142464912
100040575|F|0-64:T>C-64:T>C,100013584|F|0-22:T>C-22:T>C,149263.0,6865742.0,0.00030921225338745393
100040575|F|0-64:T>C-64:T>C,100018629|F|0-63:G>A-63:G>A,149263.0,6866047.0,0.0003092122533874554
100040575|F|0-64:T>C-64:T>C,100040243|F|0-44:T>G-44:T>G,149263.0,6915952.0,0.002675223955631109
100040575|F|0-64:T>C-64:T>C,100033204|F|0-66:T>C-66:T>C,149263.0,7052774.0,4.1174311702756375e-05
100040575|F|0-64:T>C-64:T>C,100021889|F|0-32:T>A-32:T>A,149263.0,7053581.0,0.002556458231599438
100040575|F|0-64:T>C-64:T>C,100028365|F|0-14:C>A-14:C>A,149263.0,7058744.0,0.0463987553958411
100040575|F|0-64:T>C-64:T>C,100043120|F|0-10:T>G-10:T>G,149263.0,7220209.0,0.002742432138440471
100040575|F|0-64:T>C-64:T>C,100014119|F|0-65:C>G-65:C>G,149263.0,7227243.0,0.002742432138440471
100040575|F|0-64:T>C-64:T>C,100018572|F|0-44:T>A-44:T>A,149263.0,7228216.0,0.0067359137308397555
100040575|F|0-64:T>C-64:T>C,100017140|F|0-53:T>C-53:T>C,149263.0,7621185.0,0.013198259856952554
100040575|F|0-64:T>C-64:T>C,100014614|F|0-54:G>A-54:G>A,149263.0,7686876.0,0.0008314373924418126
100040575|F|0-64:T>C-64:T>C,100020518|F|0-50:T>G-50:T>G,149263.0,8001607.0,0.01870741123330243
100040575|F|0-64:T>C-64:T>C,100018646|F|0-46:C>T-46:C>T,149263.0,8570732.0,0.0024600373380031983
100040575|F|0-64:T>C-64:T>C,100041050|F|0-49:T>A-49:T>A,149263.0,8877660.0,0.018412204522159182
100040575|F|0-64:T>C-64:T>C,100040807|F|0-22:G>A-22:G>A,149263.0,13128905.0,0.06093681035751074
100040575|F|0-64:T>C-64:T>C,100015846|F|0-45:G>T-45:G>T,149263.0,16161088.0,0.001213063455596924
100040575|F|0-64:T>C-64:T>C,100045098|F|0-63:G>T-63:G>T,149263.0,17792887.0,0.0010626644013985204
100040575|F|0-64:T>C-64:T>C,100017652|F|0-34:G>A-34:G>A,149263.0,20785539.0,0.034985975158589686
100040575|F|0-64:T>C-64:T>C,100044913|F|0-35:T>C-35:T>C,149263.0,30665404.0,0.00021268974163793472
100040575|F|0-64:T>C-64:T>C,100015510|F|0-57:A>C-57:A>C,149263.0,35835846.0,0.0062369964206508265
100040575|F|0-64:T>C-64:T>C,100015139|F|0-52:T>C-52:T>C,149263.0,35912066.0,7.808991708656912e-05
100040575|F|0-64:T>C-64:T>C,100036187|F|0-16:T>C-16:T>C,149263.0,42008443.0,0.03296305883087248
100040575|F|0-64:T>C-64:T>C,100014991|F|0-45:T>G-45:T>G,149263.0,43771333.0,0.08562952110664009
100040575|F|0-64:T>C-64:T>C,100060618|F|0-5:A>G-5:A>G,149263.0,53483214.0,0.0316735940473054
100040575|F|0-64:T>C-64:T>C,100019259|F|0-35:C>T-35:C>T,149263.0,64990492.0,0.004266290740092024
100043410|F|0-43:T>A-43:T>A,100044760|F|0-9:A>T-9:A>T,149268.0,161332.0,0.7345428915357329
100043410|F|0-43:T>A-43:T>A,100028279|F|0-18:C>T-18:C>T,149268.0,217293.0,0.34663546394352
100043410|F|0-43:T>A-43:T>A,100019395|F|0-49:A>G-49:A>G,149268.0,229572.0,0.03316501524390241
100043410|F|0-43:T>A-43:T>A,100016722|F|0-34:C>T-34:C>T,149268.0,241042.0,0.3620637894719764
100043410|F|0-43:T>A-43:T>A,100019055|F|0-38:T>A-38:T>A,149268.0,258321.0,0.044480755265068984
100043410|F|0-43:T>A-43:T>A,100015011|F|0-55:G>C-55:G>C,149268.0,308687.0,0.03945795988049507
100043410|F|0-43:T>A-43:T>A,100022248|F|0-57:T>A-57:T>A,149268.0,309996.0,0.041125444839857736
100043410|F|0-43:T>A-43:T>A,100021860|F|0-9:A>C-9:A>C,149268.0,318755.0,0.005178151918559128
100043410|F|0-43:T>A-43:T>A,100033115|F|0-33:C>G-33:C>G,149268.0,318760.0,0.018449029707714424
100043410|F|0-43:T>A-43:T>A,100038456|F|0-36:A>C-36:A>C,149268.0,351680.0,0.1005506256384065
100043410|F|0-43:T>A-43:T>A,100019588|F|0-22:A>G-22:A>G,149268.0,355298.0,0.0006963184271395513
100043410|F|0-43:T>A-43:T>A,100034599|F|0-15:A>G-15:A>G,149268.0,384667.0,0.06779040012406942
100043410|F|0-43:T>A-43:T>A,100013678|F|0-60:A>T-60:A>T,149268.0,384672.0,0.07193425076452586
100043410|F|0-43:T>A-43:T>A,100034394|F|0-13:G>T-13:G>T,149268.0,395268.0,0.032140589729119665
100043410|F|0-43:T>A-43:T>A,100017460|F|0-50:C>T-50:C>T,149268.0,399483.0,0.002499999999999995
100043410|F|0-43:T>A-43:T>A,100040406|F|0-25:G>A-25:G>A,149268.0,399735.0,0.02698550724637684
100043410|F|0-43:T>A-43:T>A,100035374|F|0-23:A>G-23:A>G,149268.0,415101.0,0.026497491867932828
100043410|F|0-43:T>A-43:T>A,100013415|F|0-20:G>A-20:G>A,149268.0,457327.0,0.04130975042301184
100043410|F|0-43:T>A-43:T>A,100015193|F|0-65:C>A-65:C>A,149268.0,881171.0,0.019586330935251806
100043410|F|0-43:T>A-43:T>A,100014043|F|0-61:T>G-61:T>G,149268.0,2010696.0,0.004698680679785338
100043410|F|0-43:T>A-43:T>A,100052829|F|0-41:A>T-41:A>T,149268.0,2175352.0,0.008268733850129205
100043410|F|0-43:T>A-43:T>A,100033134|F|0-15:C>T-15:C>T,149268.0,2234010.0,0.04492007819687205
100043410|F|0-43:T>A-43:T>A,100021344|F|0-55:A>T-55:A>T,149268.0,2234950.0,0.04492007819687205
100043410|F|0-43:T>A-43:T>A,100058484|F|0-60:G>A-60:G>A,149268.0,2239425.0,0.04492007819687205
100043410|F|0-43:T>A-43:T>A,100034034|F|0-18:A>G-18:A>G,149268.0,2251809.0,0.027768019038984633
100043410|F|0-43:T>A-43:T>A,100022059|F|0-28:G>C-28:G>C,149268.0,2251814.0,0.04492007819687205
100043410|F|0-43:T>A-43:T>A,100021104|F|0-25:C>T-25:C>T,149268.0,2304248.0,0.039954682779456255
100043410|F|0-43:T>A-43:T>A,100018738|F|0-46:T>C-46:T>C,149268.0,2322887.0,0.006446327989601386
100043410|F|0-43:T>A-43:T>A,100028644|F|0-13:T>C-13:T>C,149268.0,2337096.0,0.013744212962962972
100043410|F|0-43:T>A-43:T>A,100019784|F|0-32:C>G-32:C>G,149268.0,2348981.0,0.0035067590120160244
100043410|F|0-43:T>A-43:T>A,100029801|F|0-44:C>T-44:C>T,149268.0,2411287.0,0.009328999018645723
100043410|F|0-43:T>A-43:T>A,100018506|F|0-23:C>T-23:C>T,149268.0,2437135.0,0.00032946038677479525
100043410|F|0-43:T>A-43:T>A,100016982|F|0-43:C>A-43:C>A,149268.0,2465867.0,0.00747900866738896
100043410|F|0-43:T>A-43:T>A,100014343|F|0-46:C>T-46:C>T,149268.0,2481166.0,0.04957284172661874
100043410|F|0-43:T>A-43:T>A,100021653|F|0-36:G>A-36:G>A,149268.0,2486131.0,0.04533610271903317
100043410|F|0-43:T>A-43:T>A,100033716|F|0-51:T>C-51:T>C,149268.0,2760698.0,0.03456823671497583
100043410|F|0-43:T>A-43:T>A,100029063|F|0-9:C>T-9:C>T,149268.0,2761830.0,0.029674677608440808
100043410|F|0-43:T>A-43:T>A,100016995|F|0-19:T>G-19:T>G,149268.0,2968804.0,9.891795865633039e-05
100043410|F|0-43:T>A-43:T>A,100028785|F|0-15:C>T-15:C>T,149268.0,4410868.0,0.028430404738400798
100043410|F|0-43:T>A-43:T>A,100018585|F|0-68:A>G-68:A>G,149268.0,4632943.0,0.005525709900230226
100043410|F|0-43:T>A-43:T>A,100021948|F|0-23:C>G-23:C>G,149268.0,4712047.0,0.054796948861194565
100043410|F|0-43:T>A-43:T>A,100040647|F|0-14:T>A-14:T>A,149268.0,4728537.0,0.008811034386063302
100043410|F|0-43:T>A-43:T>A,100018462|F|0-57:G>T-57:G>T,149268.0,4783202.0,0.05181554360135892
100043410|F|0-43:T>A-43:T>A,100028807|F|0-29:G>A-29:G>A,149268.0,5488909.0,0.056358339753466734
100043410|F|0-43:T>A-43:T>A,100020957|F|0-56:G>A-56:G>A,149268.0,5525318.0,0.0013191838649155802
100043410|F|0-43:T>A-43:T>A,100041207|F|0-27:C>A-27:C>A,149268.0,5602442.0,0.0007978402509652524
100043410|F|0-43:T>A-43:T>A,100016888|F|0-67:C>T-67:C>T,149268.0,6552228.0,0.08138873232821407
100043410|F|0-43:T>A-43:T>A,100013584|F|0-22:T>C-22:T>C,149268.0,6865742.0,5.514705882352916e-05
100043410|F|0-43:T>A-43:T>A,100018629|F|0-63:G>A-63:G>A,149268.0,6866047.0,0.0002588848039215706
100043410|F|0-43:T>A-43:T>A,100040243|F|0-44:T>G-44:T>G,149268.0,6915952.0,0.0030509329299041868
100043410|F|0-43:T>A-43:T>A,100033204|F|0-66:T>C-66:T>C,149268.0,7052774.0,0.004692127344521218
100043410|F|0-43:T>A-43:T>A,100021889|F|0-32:T>A-32:T>A,149268.0,7053581.0,0.01054227107887578
100043410|F|0-43:T>A-43:T>A,100028365|F|0-14:C>A-14:C>A,149268.0,7058744.0,0.03830547112462007
100043410|F|0-43:T>A-43:T>A,100043120|F|0-10:T>G-10:T>G,149268.0,7220209.0,0.0007592871485943805
100043410|F|0-43:T>A-43:T>A,100014119|F|0-65:C>G-65:C>G,149268.0,7227243.0,0.0007592871485943805
100043410|F|0-43:T>A-43:T>A,100018572|F|0-44:T>A-44:T>A,149268.0,7228216.0,0.0031015478424014785
100043410|F|0-43:T>A-43:T>A,100017140|F|0-53:T>C-53:T>C,149268.0,7621185.0,0.013775802752293577
100043410|F|0-43:T>A-43:T>A,100014614|F|0-54:G>A-54:G>A,149268.0,7686876.0,3.404139433551699e-06
100043410|F|0-43:T>A-43:T>A,100020518|F|0-50:T>G-50:T>G,149268.0,8001607.0,0.013089592817400108
100043410|F|0-43:T>A-43:T>A,100018646|F|0-46:C>T-46:C>T,149268.0,8570732.0,0.004007021497919556
100043410|F|0-43:T>A-43:T>A,100041050|F|0-49:T>A-49:T>A,149268.0,8877660.0,0.01954048463356977
100043410|F|0-43:T>A-43:T>A,100040807|F|0-22:G>A-22:G>A,149268.0,13128905.0,0.08500297619047621
100043410|F|0-43:T>A-43:T>A,100015846|F|0-45:G>T-45:G>T,149268.0,16161088.0,0.003756009615384615
100043410|F|0-43:T>A-43:T>A,100045098|F|0-63:G>T-63:G>T,149268.0,17792887.0,0.0026323646496815207
100043410|F|0-43:T>A-43:T>A,100017652|F|0-34:G>A-34:G>A,149268.0,20785539.0,0.026086006384919414
100043410|F|0-43:T>A-43:T>A,100044913|F|0-35:T>C-35:T>C,149268.0,30665404.0,5.163043478260885e-05
100043410|F|0-43:T>A-43:T>A,100015510|F|0-57:A>C-57:A>C,149268.0,35835846.0,0.00474283305227656
100043410|F|0-43:T>A-43:T>A,100015139|F|0-52:T>C-52:T>C,149268.0,35912066.0,1.7193947730398313e-05
100043410|F|0-43:T>A-43:T>A,100036187|F|0-16:T>C-16:T>C,149268.0,42008443.0,0.03370098039215695
100043410|F|0-43:T>A-43:T>A,100014991|F|0-45:T>G-45:T>G,149268.0,43771333.0,0.09733165212649963
100043410|F|0-43:T>A-43:T>A,100060618|F|0-5:A>G-5:A>G,149268.0,53483214.0,0.02969917125731061
100043410|F|0-43:T>A-43:T>A,100019259|F|0-35:C>T-35:C>T,149268.0,64990492.0,0.0010936501725019184
100044760|F|0-9:A>T-9:A>T,100028279|F|0-18:C>T-18:C>T,161332.0,217293.0,0.4103018076355563
100044760|F|0-9:A>T-9:A>T,100019395|F|0-49:A>G-49:A>G,161332.0,229572.0,0.059817540609199686
100044760|F|0-9:A>T-9:A>T,100016722|F|0-34:C>T-34:C>T,161332.0,241042.0,0.40727143746332156
100044760|F|0-9:A>T-9:A>T,100019055|F|0-38:T>A-38:T>A,161332.0,258321.0,0.04730611622922533
100044760|F|0-9:A>T-9:A>T,100015011|F|0-55:G>C-55:G>C,161332.0,308687.0,0.06591416906729966
100044760|F|0-9:A>T-9:A>T,100022248|F|0-57:T>A-57:T>A,161332.0,309996.0,0.06869968777788397
100044760|F|0-9:A>T-9:A>T,100021860|F|0-9:A>C-9:A>C,161332.0,318755.0,0.006863308541583886
100044760|F|0-9:A>T-9:A>T,100033115|F|0-33:C>G-33:C>G,161332.0,318760.0,0.03627851170485307
100044760|F|0-9:A>T-9:A>T,100038456|F|0-36:A>C-36:A>C,161332.0,351680.0,0.14003144855964073
100044760|F|0-9:A>T-9:A>T,100019588|F|0-22:A>G-22:A>G,161332.0,355298.0,0.009267751499522647
100044760|F|0-9:A>T-9:A>T,100034599|F|0-15:A>G-15:A>G,161332.0,384667.0,0.10797000197454719
100044760|F|0-9:A>T-9:A>T,100013678|F|0-60:A>T-60:A>T,161332.0,384672.0,0.11253024391982928
100044760|F|0-9:A>T-9:A>T,100034394|F|0-13:G>T-13:G>T,161332.0,395268.0,0.011613397685915613
100044760|F|0-9:A>T-9:A>T,100017460|F|0-50:C>T-50:C>T,161332.0,399483.0,0.000946418626770038
100044760|F|0-9:A>T-9:A>T,100040406|F|0-25:G>A-25:G>A,161332.0,399735.0,0.022392475553629387
100044760|F|0-9:A>T-9:A>T,100035374|F|0-23:A>G-23:A>G,161332.0,415101.0,0.031238682186642688
100044760|F|0-9:A>T-9:A>T,100013415|F|0-20:G>A-20:G>A,161332.0,457327.0,0.050595153866538345
100044760|F|0-9:A>T-9:A>T,100015193|F|0-65:C>A-65:C>A,161332.0,881171.0,0.012803239415563349
100044760|F|0-9:A>T-9:A>T,100014043|F|0-61:T>G-61:T>G,161332.0,2010696.0,0.012795276482967292
100044760|F|0-9:A>T-9:A>T,100052829|F|0-41:A>T-41:A>T,161332.0,2175352.0,0.010373897748807887
100044760|F|0-9:A>T-9:A>T,100033134|F|0-15:C>T-15:C>T,161332.0,2234010.0,0.04085326703505604
100044760|F|0-9:A>T-9:A>T,100021344|F|0-55:A>T-55:A>T,161332.0,2234950.0,0.04085326703505604
100044760|F|0-9:A>T-9:A>T,100058484|F|0-60:G>A-60:G>A,161332.0,2239425.0,0.04085326703505604
100044760|F|0-9:A>T-9:A>T,100034034|F|0-18:A>G-18:A>G,161332.0,2251809.0,0.02473280492450439
100044760|F|0-9:A>T-9:A>T,100022059|F|0-28:G>C-28:G>C,161332.0,2251814.0,0.04085326703505604
100044760|F|0-9:A>T-9:A>T,100021104|F|0-25:C>T-25:C>T,161332.0,2304248.0,0.029562423533410976
100044760|F|0-9:A>T-9:A>T,100018738|F|0-46:T>C-46:T>C,161332.0,2322887.0,0.0007774474469462531
100044760|F|0-9:A>T-9:A>T,100028644|F|0-13:T>C-13:T>C,161332.0,2337096.0,0.0037672936494527946
100044760|F|0-9:A>T-9:A>T,100019784|F|0-32:C>G-32:C>G,161332.0,2348981.0,0.009155728503014991
100044760|F|0-9:A>T-9:A>T,100029801|F|0-44:C>T-44:C>T,161332.0,2411287.0,0.00023134941931979685
100044760|F|0-9:A>T-9:A>T,100018506|F|0-23:C>T-23:C>T,161332.0,2437135.0,0.001254932859985345
100044760|F|0-9:A>T-9:A>T,100016982|F|0-43:C>A-43:C>A,161332.0,2465867.0,0.011072556434948715
100044760|F|0-9:A>T-9:A>T,100014343|F|0-46:C>T-46:C>T,161332.0,2481166.0,0.06346468694279232
100044760|F|0-9:A>T-9:A>T,100021653|F|0-36:G>A-36:G>A,161332.0,2486131.0,0.05938343620753279
100044760|F|0-9:A>T-9:A>T,100033716|F|0-51:T>C-51:T>C,161332.0,2760698.0,0.028206879834284545
100044760|F|0-9:A>T-9:A>T,100029063|F|0-9:C>T-9:C>T,161332.0,2761830.0,0.034798026582783144
100044760|F|0-9:A>T-9:A>T,100016995|F|0-19:T>G-19:T>G,161332.0,2968804.0,1.6043460096312993e-05
100044760|F|0-9:A>T-9:A>T,100028785|F|0-15:C>T-15:C>T,161332.0,4410868.0,0.0356685941353384
100044760|F|0-9:A>T-9:A>T,100018585|F|0-68:A>G-68:A>G,161332.0,4632943.0,0.005099639453419328
100044760|F|0-9:A>T-9:A>T,100021948|F|0-23:C>G-23:C>G,161332.0,4712047.0,0.02877964031398521
100044760|F|0-9:A>T-9:A>T,100040647|F|0-14:T>A-14:T>A,161332.0,4728537.0,0.012489965913285609
100044760|F|0-9:A>T-9:A>T,100018462|F|0-57:G>T-57:G>T,161332.0,4783202.0,0.0589614667777168
100044760|F|0-9:A>T-9:A>T,100028807|F|0-29:G>A-29:G>A,161332.0,5488909.0,0.08155125004197665
100044760|F|0-9:A>T-9:A>T,100020957|F|0-56:G>A-56:G>A,161332.0,5525318.0,0.004929588849087443
100044760|F|0-9:A>T-9:A>T,100041207|F|0-27:C>A-27:C>A,161332.0,5602442.0,0.00162479427874765
100044760|F|0-9:A>T-9:A>T,100016888|F|0-67:C>T-67:C>T,161332.0,6552228.0,0.0757360480335448
100044760|F|0-9:A>T-9:A>T,100013584|F|0-22:T>C-22:T>C,161332.0,6865742.0,0.00012577889746876985
100044760|F|0-9:A>T-9:A>T,100018629|F|0-63:G>A-63:G>A,161332.0,6866047.0,0.00012577889746877047
100044760|F|0-9:A>T-9:A>T,100040243|F|0-44:T>G-44:T>G,161332.0,6915952.0,0.0042863707964735254
100044760|F|0-9:A>T-9:A>T,100033204|F|0-66:T>C-66:T>C,161332.0,7052774.0,0.0004354191256193553
100044760|F|0-9:A>T-9:A>T,100021889|F|0-32:T>A-32:T>A,161332.0,7053581.0,0.0036808106169461947
100044760|F|0-9:A>T-9:A>T,100028365|F|0-14:C>A-14:C>A,161332.0,7058744.0,0.0666212716659708
100044760|F|0-9:A>T-9:A>T,100043120|F|0-10:T>G-10:T>G,161332.0,7220209.0,0.0077033934012787205
100044760|F|0-9:A>T-9:A>T,100014119|F|0-65:C>G-65:C>G,161332.0,7227243.0,0.0077033934012787205
100044760|F|0-9:A>T-9:A>T,100018572|F|0-44:T>A-44:T>A,161332.0,7228216.0,0.013240662641723291
100044760|F|0-9:A>T-9:A>T,100017140|F|0-53:T>C-53:T>C,161332.0,7621185.0,0.009597600868606917
100044760|F|0-9:A>T-9:A>T,100014614|F|0-54:G>A-54:G>A,161332.0,7686876.0,0.002368715126981132
100044760|F|0-9:A>T-9:A>T,100020518|F|0-50:T>G-50:T>G,161332.0,8001607.0,0.02608841002496795
100044760|F|0-9:A>T-9:A>T,100018646|F|0-46:C>T-46:C>T,161332.0,8570732.0,0.0001941079749995262
100044760|F|0-9:A>T-9:A>T,100041050|F|0-49:T>A-49:T>A,161332.0,8877660.0,0.015889748004682534
100044760|F|0-9:A>T-9:A>T,100040807|F|0-22:G>A-22:G>A,161332.0,13128905.0,0.07248147611807015
100044760|F|0-9:A>T-9:A>T,100015846|F|0-45:G>T-45:G>T,161332.0,16161088.0,0.005123250419119652
100044760|F|0-9:A>T-9:A>T,100045098|F|0-63:G>T-63:G>T,161332.0,17792887.0,0.0004844460729401035
100044760|F|0-9:A>T-9:A>T,100017652|F|0-34:G>A-34:G>A,161332.0,20785539.0,0.04756443670919526
100044760|F|0-9:A>T-9:A>T,100044913|F|0-35:T>C-35:T>C,161332.0,30665404.0,0.000837391745080325
100044760|F|0-9:A>T-9:A>T,100015510|F|0-57:A>C-57:A>C,161332.0,35835846.0,0.011402030275498328
100044760|F|0-9:A>T-9:A>T,100015139|F|0-52:T>C-52:T>C,161332.0,35912066.0,0.0003074518377741874
100044760|F|0-9:A>T-9:A>T,100036187|F|0-16:T>C-16:T>C,161332.0,42008443.0,0.07742491550368487
100044760|F|0-9:A>T-9:A>T,100014991|F|0-45:T>G-45:T>G,161332.0,43771333.0,0.091332359812761
100044760|F|0-9:A>T-9:A>T,100060618|F|0-5:A>G-5:A>G,161332.0,53483214.0,0.038889730954361885
100044760|F|0-9:A>T-9:A>T,100019259|F|0-35:C>T-35:C>T,161332.0,64990492.0,0.0024057836742009107
100028279|F|0-18:C>T-18:C>T,100019395|F|0-49:A>G-49:A>G,217293.0,229572.0,0.04535205112357499
100028279|F|0-18:C>T-18:C>T,100016722|F|0-34:C>T-34:C>T,217293.0,241042.0,0.8090763065678827
100028279|F|0-18:C>T-18:C>T,100019055|F|0-38:T>A-38:T>A,217293.0,258321.0,0.049057511725483775
100028279|F|0-18:C>T-18:C>T,100015011|F|0-55:G>C-55:G>C,217293.0,308687.0,0.3710517202452175
100028279|F|0-18:C>T-18:C>T,100022248|F|0-57:T>A-57:T>A,217293.0,309996.0,0.3867322867146562
100028279|F|0-18:C>T-18:C>T,100021860|F|0-9:A>C-9:A>C,217293.0,318755.0,0.006319277681751433
100028279|F|0-18:C>T-18:C>T,100033115|F|0-33:C>G-33:C>G,217293.0,318760.0,0.2902524839187718
100028279|F|0-18:C>T-18:C>T,100038456|F|0-36:A>C-36:A>C,217293.0,351680.0,0.32278459088153233
100028279|F|0-18:C>T-18:C>T,100019588|F|0-22:A>G-22:A>G,217293.0,355298.0,0.019508925325560304
100028279|F|0-18:C>T-18:C>T,100034599|F|0-15:A>G-15:A>G,217293.0,384667.0,0.11697826375306741
100028279|F|0-18:C>T-18:C>T,100013678|F|0-60:A>T-60:A>T,217293.0,384672.0,0.12436752148614905
100028279|F|0-18:C>T-18:C>T,100034394|F|0-13:G>T-13:G>T,217293.0,395268.0,0.05534657455186242
100028279|F|0-18:C>T-18:C>T,100017460|F|0-50:C>T-50:C>T,217293.0,399483.0,0.08993302640344143
100028279|F|0-18:C>T-18:C>T,100040406|F|0-25:G>A-25:G>A,217293.0,399735.0,0.015309478392422518
100028279|F|0-18:C>T-18:C>T,100035374|F|0-23:A>G-23:A>G,217293.0,415101.0,0.008492731517432323
100028279|F|0-18:C>T-18:C>T,100013415|F|0-20:G>A-20:G>A,217293.0,457327.0,0.020931833443832617
100028279|F|0-18:C>T-18:C>T,100015193|F|0-65:C>A-65:C>A,217293.0,881171.0,0.034325036188900614
100028279|F|0-18:C>T-18:C>T,100014043|F|0-61:T>G-61:T>G,217293.0,2010696.0,0.03276068857200332
100028279|F|0-18:C>T-18:C>T,100052829|F|0-41:A>T-41:A>T,217293.0,2175352.0,0.0008808724285626799
100028279|F|0-18:C>T-18:C>T,100033134|F|0-15:C>T-15:C>T,217293.0,2234010.0,0.07855745780254508
100028279|F|0-18:C>T-18:C>T,100021344|F|0-55:A>T-55:A>T,217293.0,2234950.0,0.07855745780254508
100028279|F|0-18:C>T-18:C>T,100058484|F|0-60:G>A-60:G>A,217293.0,2239425.0,0.07855745780254508
100028279|F|0-18:C>T-18:C>T,100034034|F|0-18:A>G-18:A>G,217293.0,2251809.0,0.053007339356424314
100028279|F|0-18:C>T-18:C>T,100022059|F|0-28:G>C-28:G>C,217293.0,2251814.0,0.07855745780254508
100028279|F|0-18:C>T-18:C>T,100021104|F|0-25:C>T-25:C>T,217293.0,2304248.0,0.028522082718210554
100028279|F|0-18:C>T-18:C>T,100018738|F|0-46:T>C-46:T>C,217293.0,2322887.0,0.08210364353503895
100028279|F|0-18:C>T-18:C>T,100028644|F|0-13:T>C-13:T>C,217293.0,2337096.0,0.11497730711043855
100028279|F|0-18:C>T-18:C>T,100019784|F|0-32:C>G-32:C>G,217293.0,2348981.0,0.17841371282065815
100028279|F|0-18:C>T-18:C>T,100029801|F|0-44:C>T-44:C>T,217293.0,2411287.0,0.1408612682779089
100028279|F|0-18:C>T-18:C>T,100018506|F|0-23:C>T-23:C>T,217293.0,2437135.0,0.081985161458171
100028279|F|0-18:C>T-18:C>T,100016982|F|0-43:C>A-43:C>A,217293.0,2465867.0,0.07159665389833082
100028279|F|0-18:C>T-18:C>T,100014343|F|0-46:C>T-46:C>T,217293.0,2481166.0,0.020969608579399755
100028279|F|0-18:C>T-18:C>T,100021653|F|0-36:G>A-36:G>A,217293.0,2486131.0,0.016237718492381634
100028279|F|0-18:C>T-18:C>T,100033716|F|0-51:T>C-51:T>C,217293.0,2760698.0,0.028652361497852562
100028279|F|0-18:C>T-18:C>T,100029063|F|0-9:C>T-9:C>T,217293.0,2761830.0,0.02809578959254479
100028279|F|0-18:C>T-18:C>T,100016995|F|0-19:T>G-19:T>G,217293.0,2968804.0,0.00533735720028513
100028279|F|0-18:C>T-18:C>T,100028785|F|0-15:C>T-15:C>T,217293.0,4410868.0,0.014899100398799494
100028279|F|0-18:C>T-18:C>T,100018585|F|0-68:A>G-68:A>G,217293.0,4632943.0,0.001301933665628289
100028279|F|0-18:C>T-18:C>T,100021948|F|0-23:C>G-23:C>G,217293.0,4712047.0,0.20558849923533648
100028279|F|0-18:C>T-18:C>T,100040647|F|0-14:T>A-14:T>A,217293.0,4728537.0,8.060381163758884e-05
100028279|F|0-18:C>T-18:C>T,100018462|F|0-57:G>T-57:G>T,217293.0,4783202.0,0.03344624095296997
100028279|F|0-18:C>T-18:C>T,100028807|F|0-29:G>A-29:G>A,217293.0,5488909.0,0.0511936203492396
100028279|F|0-18:C>T-18:C>T,100020957|F|0-56:G>A-56:G>A,217293.0,5525318.0,0.004374897699867257
100028279|F|0-18:C>T-18:C>T,100041207|F|0-27:C>A-27:C>A,217293.0,5602442.0,0.04679793933765194
100028279|F|0-18:C>T-18:C>T,100016888|F|0-67:C>T-67:C>T,217293.0,6552228.0,0.03321676905521655
100028279|F|0-18:C>T-18:C>T,100013584|F|0-22:T>C-22:T>C,217293.0,6865742.0,0.05636297004934064
100028279|F|0-18:C>T-18:C>T,100018629|F|0-63:G>A-63:G>A,217293.0,6866047.0,0.045707138125043005
100028279|F|0-18:C>T-18:C>T,100040243|F|0-44:T>G-44:T>G,217293.0,6915952.0,0.00851641372238922
100028279|F|0-18:C>T-18:C>T,100033204|F|0-66:T>C-66:T>C,217293.0,7052774.0,0.00046309225653992056
100028279|F|0-18:C>T-18:C>T,100021889|F|0-32:T>A-32:T>A,217293.0,7053581.0,0.001408275875311875
100028279|F|0-18:C>T-18:C>T,100028365|F|0-14:C>A-14:C>A,217293.0,7058744.0,0.008859500281266149
100028279|F|0-18:C>T-18:C>T,100043120|F|0-10:T>G-10:T>G,217293.0,7220209.0,9.113610265570253e-06
100028279|F|0-18:C>T-18:C>T,100014119|F|0-65:C>G-65:C>G,217293.0,7227243.0,9.113610265570253e-06
100028279|F|0-18:C>T-18:C>T,100018572|F|0-44:T>A-44:T>A,217293.0,7228216.0,0.0006897276001737091
100028279|F|0-18:C>T-18:C>T,100017140|F|0-53:T>C-53:T>C,217293.0,7621185.0,0.003384415467251456
100028279|F|0-18:C>T-18:C>T,100014614|F|0-54:G>A-54:G>A,217293.0,7686876.0,0.000158756840552098
100028279|F|0-18:C>T-18:C>T,100020518|F|0-50:T>G-50:T>G,217293.0,8001607.0,0.022348791230262424
100028279|F|0-18:C>T-18:C>T,100018646|F|0-46:C>T-46:C>T,217293.0,8570732.0,0.03022781017287725
100028279|F|0-18:C>T-18:C>T,100041050|F|0-49:T>A-49:T>A,217293.0,8877660.0,0.004345446937264635
100028279|F|0-18:C>T-18:C>T,100040807|F|0-22:G>A-22:G>A,217293.0,13128905.0,0.11531349806690211
100028279|F|0-18:C>T-18:C>T,100015846|F|0-45:G>T-45:G>T,217293.0,16161088.0,0.009218986384266258
100028279|F|0-18:C>T-18:C>T,100045098|F|0-63:G>T-63:G>T,217293.0,17792887.0,0.023070502134384278
100028279|F|0-18:C>T-18:C>T,100017652|F|0-34:G>A-34:G>A,217293.0,20785539.0,0.018877393079853134
100028279|F|0-18:C>T-18:C>T,100044913|F|0-35:T>C-35:T>C,217293.0,30665404.0,0.015049113113639847
100028279|F|0-18:C>T-18:C>T,100015510|F|0-57:A>C-57:A>C,217293.0,35835846.0,0.12166914770490153
100028279|F|0-18:C>T-18:C>T,100015139|F|0-52:T>C-52:T>C,217293.0,35912066.0,0.0018397437364780806
100028279|F|0-18:C>T-18:C>T,100036187|F|0-16:T>C-16:T>C,217293.0,42008443.0,0.06871284707895883
100028279|F|0-18:C>T-18:C>T,100014991|F|0-45:T>G-45:T>G,217293.0,43771333.0,0.09863130502400141
100028279|F|0-18:C>T-18:C>T,100060618|F|0-5:A>G-5:A>G,217293.0,53483214.0,0.14042581143985264
100028279|F|0-18:C>T-18:C>T,100019259|F|0-35:C>T-35:C>T,217293.0,64990492.0,0.004750446464683196
100019395|F|0-49:A>G-49:A>G,100016722|F|0-34:C>T-34:C>T,229572.0,241042.0,0.04482716443408362
100019395|F|0-49:A>G-49:A>G,100019055|F|0-38:T>A-38:T>A,229572.0,258321.0,0.6570322601714569
100019395|F|0-49:A>G-49:A>G,100015011|F|0-55:G>C-55:G>C,229572.0,308687.0,0.09697932606726771
100019395|F|0-49:A>G-49:A>G,100022248|F|0-57:T>A-57:T>A,229572.0,309996.0,0.08425587310671813
100019395|F|0-49:A>G-49:A>G,100021860|F|0-9:A>C-9:A>C,229572.0,318755.0,0.029019669050938744
100019395|F|0-49:A>G-49:A>G,100033115|F|0-33:C>G-33:C>G,229572.0,318760.0,0.10927438440052832
100019395|F|0-49:A>G-49:A>G,100038456|F|0-36:A>C-36:A>C,229572.0,351680.0,0.007794106884825248
100019395|F|0-49:A>G-49:A>G,100019588|F|0-22:A>G-22:A>G,229572.0,355298.0,0.08508157309551106
100019395|F|0-49:A>G-49:A>G,100034599|F|0-15:A>G-15:A>G,229572.0,384667.0,0.050558785480845
100019395|F|0-49:A>G-49:A>G,100013678|F|0-60:A>T-60:A>T,229572.0,384672.0,0.043365872305512115
100019395|F|0-49:A>G-49:A>G,100034394|F|0-13:G>T-13:G>T,229572.0,395268.0,0.03481504724577431
100019395|F|0-49:A>G-49:A>G,100017460|F|0-50:C>T-50:C>T,229572.0,399483.0,0.11067120219813281
100019395|F|0-49:A>G-49:A>G,100040406|F|0-25:G>A-25:G>A,229572.0,399735.0,0.08964200149247877
100019395|F|0-49:A>G-49:A>G,100035374|F|0-23:A>G-23:A>G,229572.0,415101.0,0.21684556566580634
100019395|F|0-49:A>G-49:A>G,100013415|F|0-20:G>A-20:G>A,229572.0,457327.0,0.008088811852585543
100019395|F|0-49:A>G-49:A>G,100015193|F|0-65:C>A-65:C>A,229572.0,881171.0,0.009383499298122459
100019395|F|0-49:A>G-49:A>G,100014043|F|0-61:T>G-61:T>G,229572.0,2010696.0,0.03420742615297372
100019395|F|0-49:A>G-49:A>G,100052829|F|0-41:A>T-41:A>T,229572.0,2175352.0,0.006066541406693131
100019395|F|0-49:A>G-49:A>G,100033134|F|0-15:C>T-15:C>T,229572.0,2234010.0,0.000652283359885116
100019395|F|0-49:A>G-49:A>G,100021344|F|0-55:A>T-55:A>T,229572.0,2234950.0,0.000652283359885116
100019395|F|0-49:A>G-49:A>G,100058484|F|0-60:G>A-60:G>A,229572.0,2239425.0,0.000652283359885116
100019395|F|0-49:A>G-49:A>G,100034034|F|0-18:A>G-18:A>G,229572.0,2251809.0,4.9926199058001815e-05
100019395|F|0-49:A>G-49:A>G,100022059|F|0-28:G>C-28:G>C,229572.0,2251814.0,0.0006522833598851163
100019395|F|0-49:A>G-49:A>G,100021104|F|0-25:C>T-25:C>T,229572.0,2304248.0,0.005722508013410935
100019395|F|0-49:A>G-49:A>G,100018738|F|0-46:T>C-46:T>C,229572.0,2322887.0,0.02992012142283471
100019395|F|0-49:A>G-49:A>G,100028644|F|0-13:T>C-13:T>C,229572.0,2337096.0,0.038751976061427294
100019395|F|0-49:A>G-49:A>G,100019784|F|0-32:C>G-32:C>G,229572.0,2348981.0,0.045335981511934624
100019395|F|0-49:A>G-49:A>G,100029801|F|0-44:C>T-44:C>T,229572.0,2411287.0,0.08760980396850095
100019395|F|0-49:A>G-49:A>G,100018506|F|0-23:C>T-23:C>T,229572.0,2437135.0,0.3185444260380687
100019395|F|0-49:A>G-49:A>G,100016982|F|0-43:C>A-43:C>A,229572.0,2465867.0,0.10058085379066145
100019395|F|0-49:A>G-49:A>G,100014343|F|0-46:C>T-46:C>T,229572.0,2481166.0,0.20277680294788572
100019395|F|0-49:A>G-49:A>G,100021653|F|0-36:G>A-36:G>A,229572.0,2486131.0,0.18838452628767174
100019395|F|0-49:A>G-49:A>G,100033716|F|0-51:T>C-51:T>C,229572.0,2760698.0,0.008510258336279016
100019395|F|0-49:A>G-49:A>G,100029063|F|0-9:C>T-9:C>T,229572.0,2761830.0,0.01664878084522344
100019395|F|0-49:A>G-49:A>G,100016995|F|0-19:T>G-19:T>G,229572.0,2968804.0,0.0038563971213840084
100019395|F|0-49:A>G-49:A>G,100028785|F|0-15:C>T-15:C>T,229572.0,4410868.0,0.01056558188669252
100019395|F|0-49:A>G-49:A>G,100018585|F|0-68:A>G-68:A>G,229572.0,4632943.0,0.0003954289351028567
100019395|F|0-49:A>G-49:A>G,100021948|F|0-23:C>G-23:C>G,229572.0,4712047.0,0.09836280356787244
100019395|F|0-49:A>G-49:A>G,100040647|F|0-14:T>A-14:T>A,229572.0,4728537.0,0.001096445294432966
100019395|F|0-49:A>G-49:A>G,100018462|F|0-57:G>T-57:G>T,229572.0,4783202.0,0.00022097616219650455
100019395|F|0-49:A>G-49:A>G,100028807|F|0-29:G>A-29:G>A,229572.0,5488909.0,0.0268917471532188
100019395|F|0-49:A>G-49:A>G,100020957|F|0-56:G>A-56:G>A,229572.0,5525318.0,0.0030920382784972293
100019395|F|0-49:A>G-49:A>G,100041207|F|0-27:C>A-27:C>A,229572.0,5602442.0,0.017723335677794546
100019395|F|0-49:A>G-49:A>G,100016888|F|0-67:C>T-67:C>T,229572.0,6552228.0,0.02314736753248534
100019395|F|0-49:A>G-49:A>G,100013584|F|0-22:T>C-22:T>C,229572.0,6865742.0,0.009564801530368247
100019395|F|0-49:A>G-49:A>G,100018629|F|0-63:G>A-63:G>A,229572.0,6866047.0,0.009564801530368242
100019395|F|0-49:A>G-49:A>G,100040243|F|0-44:T>G-44:T>G,229572.0,6915952.0,0.0033602119540484367
100019395|F|0-49:A>G-49:A>G,100033204|F|0-66:T>C-66:T>C,229572.0,7052774.0,0.010565581886692512
100019395|F|0-49:A>G-49:A>G,100021889|F|0-32:T>A-32:T>A,229572.0,7053581.0,0.02722774500807112
100019395|F|0-49:A>G-49:A>G,100028365|F|0-14:C>A-14:C>A,229572.0,7058744.0,0.025587979094076674
100019395|F|0-49:A>G-49:A>G,100043120|F|0-10:T>G-10:T>G,229572.0,7220209.0,0.007181546307179933
100019395|F|0-49:A>G-49:A>G,100014119|F|0-65:C>G-65:C>G,229572.0,7227243.0,0.007181546307179933
100019395|F|0-49:A>G-49:A>G,100018572|F|0-44:T>A-44:T>A,229572.0,7228216.0,0.012635564910996197
100019395|F|0-49:A>G-49:A>G,100017140|F|0-53:T>C-53:T>C,229572.0,7621185.0,0.00014771900872678501
100019395|F|0-49:A>G-49:A>G,100014614|F|0-54:G>A-54:G>A,229572.0,7686876.0,0.02287913810510653
100019395|F|0-49:A>G-49:A>G,100020518|F|0-50:T>G-50:T>G,229572.0,8001607.0,0.002285814303514807
100019395|F|0-49:A>G-49:A>G,100018646|F|0-46:C>T-46:C>T,229572.0,8570732.0,0.013195172693751882
100019395|F|0-49:A>G-49:A>G,100041050|F|0-49:T>A-49:T>A,229572.0,8877660.0,0.003603759441849736
100019395|F|0-49:A>G-49:A>G,100040807|F|0-22:G>A-22:G>A,229572.0,13128905.0,0.0024000072590011595
100019395|F|0-49:A>G-49:A>G,100015846|F|0-45:G>T-45:G>T,229572.0,16161088.0,0.00131918386491557
100019395|F|0-49:A>G-49:A>G,100045098|F|0-63:G>T-63:G>T,229572.0,17792887.0,0.06788421673528043
100019395|F|0-49:A>G-49:A>G,100017652|F|0-34:G>A-34:G>A,229572.0,20785539.0,0.006362440581687647
100019395|F|0-49:A>G-49:A>G,100044913|F|0-35:T>C-35:T>C,229572.0,30665404.0,0.009523296659597027
100019395|F|0-49:A>G-49:A>G,100015510|F|0-57:A>C-57:A>C,229572.0,35835846.0,0.06521403480134096
100019395|F|0-49:A>G-49:A>G,100015139|F|0-52:T>C-52:T>C,229572.0,35912066.0,0.01374493617271111
100019395|F|0-49:A>G-49:A>G,100036187|F|0-16:T>C-16:T>C,229572.0,42008443.0,0.020096952306421438
100019395|F|0-49:A>G-49:A>G,100014991|F|0-45:T>G-45:T>G,229572.0,43771333.0,0.00031605746469132834
100019395|F|0-49:A>G-49:A>G,100060618|F|0-5:A>G-5:A>G,229572.0,53483214.0,0.013077009470922234
100019395|F|0-49:A>G-49:A>G,100019259|F|0-35:C>T-35:C>T,229572.0,64990492.0,0.009160552678792197
100016722|F|0-34:C>T-34:C>T,100019055|F|0-38:T>A-38:T>A,241042.0,258321.0,0.03695934232051816
100016722|F|0-34:C>T-34:C>T,100015011|F|0-55:G>C-55:G>C,241042.0,308687.0,0.295948064272068
100016722|F|0-34:C>T-34:C>T,100022248|F|0-57:T>A-57:T>A,241042.0,309996.0,0.30845476627644824
100016722|F|0-34:C>T-34:C>T,100021860|F|0-9:A>C-9:A>C,241042.0,318755.0,0.008070348794838748
100016722|F|0-34:C>T-34:C>T,100033115|F|0-33:C>G-33:C>G,241042.0,318760.0,0.22882129554067482
100016722|F|0-34:C>T-34:C>T,100038456|F|0-36:A>C-36:A>C,241042.0,351680.0,0.24389685586996354
100016722|F|0-34:C>T-34:C>T,100019588|F|0-22:A>G-22:A>G,241042.0,355298.0,0.03443334690060768
100016722|F|0-34:C>T-34:C>T,100034599|F|0-15:A>G-15:A>G,241042.0,384667.0,0.0870288401655816
100016722|F|0-34:C>T-34:C>T,100013678|F|0-60:A>T-60:A>T,241042.0,384672.0,0.09278094383406396
100016722|F|0-34:C>T-34:C>T,100034394|F|0-13:G>T-13:G>T,241042.0,395268.0,0.10416364496457155
100016722|F|0-34:C>T-34:C>T,100017460|F|0-50:C>T-50:C>T,241042.0,399483.0,0.12308792616095521
100016722|F|0-34:C>T-34:C>T,100040406|F|0-25:G>A-25:G>A,241042.0,399735.0,0.016585021917327764
100016722|F|0-34:C>T-34:C>T,100035374|F|0-23:A>G-23:A>G,241042.0,415101.0,0.015591364607529684
100016722|F|0-34:C>T-34:C>T,100013415|F|0-20:G>A-20:G>A,241042.0,457327.0,0.026851678841808037
100016722|F|0-34:C>T-34:C>T,100015193|F|0-65:C>A-65:C>A,241042.0,881171.0,0.01798520309923362
100016722|F|0-34:C>T-34:C>T,100014043|F|0-61:T>G-61:T>G,241042.0,2010696.0,0.04498750808024924
100016722|F|0-34:C>T-34:C>T,100052829|F|0-41:A>T-41:A>T,241042.0,2175352.0,0.000860309588471358
100016722|F|0-34:C>T-34:C>T,100033134|F|0-15:C>T-15:C>T,241042.0,2234010.0,0.08292929314590385
100016722|F|0-34:C>T-34:C>T,100021344|F|0-55:A>T-55:A>T,241042.0,2234950.0,0.08292929314590385
100016722|F|0-34:C>T-34:C>T,100058484|F|0-60:G>A-60:G>A,241042.0,2239425.0,0.08292929314590385
100016722|F|0-34:C>T-34:C>T,100034034|F|0-18:A>G-18:A>G,241042.0,2251809.0,0.05885553027549999
100016722|F|0-34:C>T-34:C>T,100022059|F|0-28:G>C-28:G>C,241042.0,2251814.0,0.08292929314590385
100016722|F|0-34:C>T-34:C>T,100021104|F|0-25:C>T-25:C>T,241042.0,2304248.0,0.024261021668469048
100016722|F|0-34:C>T-34:C>T,100018738|F|0-46:T>C-46:T>C,241042.0,2322887.0,0.06595066641301878
100016722|F|0-34:C>T-34:C>T,100028644|F|0-13:T>C-13:T>C,241042.0,2337096.0,0.08623856076888246
100016722|F|0-34:C>T-34:C>T,100019784|F|0-32:C>G-32:C>G,241042.0,2348981.0,0.13350831673129412
100016722|F|0-34:C>T-34:C>T,100029801|F|0-44:C>T-44:C>T,241042.0,2411287.0,0.09281999764023129
100016722|F|0-34:C>T-34:C>T,100018506|F|0-23:C>T-23:C>T,241042.0,2437135.0,0.08323030093717232
100016722|F|0-34:C>T-34:C>T,100016982|F|0-43:C>A-43:C>A,241042.0,2465867.0,0.03928822724420026
100016722|F|0-34:C>T-34:C>T,100014343|F|0-46:C>T-46:C>T,241042.0,2481166.0,0.0062084891326185665
100016722|F|0-34:C>T-34:C>T,100021653|F|0-36:G>A-36:G>A,241042.0,2486131.0,0.0037908469824207355
100016722|F|0-34:C>T-34:C>T,100033716|F|0-51:T>C-51:T>C,241042.0,2760698.0,0.016008972209942685
100016722|F|0-34:C>T-34:C>T,100029063|F|0-9:C>T-9:C>T,241042.0,2761830.0,0.01482827782929263
100016722|F|0-34:C>T-34:C>T,100016995|F|0-19:T>G-19:T>G,241042.0,2968804.0,0.004992995111603408
100016722|F|0-34:C>T-34:C>T,100028785|F|0-15:C>T-15:C>T,241042.0,4410868.0,0.02113041773709317
100016722|F|0-34:C>T-34:C>T,100018585|F|0-68:A>G-68:A>G,241042.0,4632943.0,0.004314324546222096
100016722|F|0-34:C>T-34:C>T,100021948|F|0-23:C>G-23:C>G,241042.0,4712047.0,0.1937603821634696
100016722|F|0-34:C>T-34:C>T,100040647|F|0-14:T>A-14:T>A,241042.0,4728537.0,0.0012812838352525386
100016722|F|0-34:C>T-34:C>T,100018462|F|0-57:G>T-57:G>T,241042.0,4783202.0,0.04049760658495593
100016722|F|0-34:C>T-34:C>T,100028807|F|0-29:G>A-29:G>A,241042.0,5488909.0,0.03312269698320218
100016722|F|0-34:C>T-34:C>T,100020957|F|0-56:G>A-56:G>A,241042.0,5525318.0,0.03320487774273056
100016722|F|0-34:C>T-34:C>T,100041207|F|0-27:C>A-27:C>A,241042.0,5602442.0,0.024997629658613244
100016722|F|0-34:C>T-34:C>T,100016888|F|0-67:C>T-67:C>T,241042.0,6552228.0,0.050992240378702626
100016722|F|0-34:C>T-34:C>T,100013584|F|0-22:T>C-22:T>C,241042.0,6865742.0,0.01430950596387881
100016722|F|0-34:C>T-34:C>T,100018629|F|0-63:G>A-63:G>A,241042.0,6866047.0,0.009653635941600035
100016722|F|0-34:C>T-34:C>T,100040243|F|0-44:T>G-44:T>G,241042.0,6915952.0,0.004895877398452957
100016722|F|0-34:C>T-34:C>T,100033204|F|0-66:T>C-66:T>C,241042.0,7052774.0,0.004791477944919091
100016722|F|0-34:C>T-34:C>T,100021889|F|0-32:T>A-32:T>A,241042.0,7053581.0,0.006797447336658628
100016722|F|0-34:C>T-34:C>T,100028365|F|0-14:C>A-14:C>A,241042.0,7058744.0,0.015159621303296749
100016722|F|0-34:C>T-34:C>T,100043120|F|0-10:T>G-10:T>G,241042.0,7220209.0,0.0023904391071371215
100016722|F|0-34:C>T-34:C>T,100014119|F|0-65:C>G-65:C>G,241042.0,7227243.0,0.0023904391071371215
100016722|F|0-34:C>T-34:C>T,100018572|F|0-44:T>A-44:T>A,241042.0,7228216.0,0.0007188150535285558
100016722|F|0-34:C>T-34:C>T,100017140|F|0-53:T>C-53:T>C,241042.0,7621185.0,0.003190936141966004
100016722|F|0-34:C>T-34:C>T,100014614|F|0-54:G>A-54:G>A,241042.0,7686876.0,0.007796111270734266
100016722|F|0-34:C>T-34:C>T,100020518|F|0-50:T>G-50:T>G,241042.0,8001607.0,0.007335790670594571
100016722|F|0-34:C>T-34:C>T,100018646|F|0-46:C>T-46:C>T,241042.0,8570732.0,0.026210199160562008
100016722|F|0-34:C>T-34:C>T,100041050|F|0-49:T>A-49:T>A,241042.0,8877660.0,0.01974655785296784
100016722|F|0-34:C>T-34:C>T,100040807|F|0-22:G>A-22:G>A,241042.0,13128905.0,0.13078483731457044
100016722|F|0-34:C>T-34:C>T,100015846|F|0-45:G>T-45:G>T,241042.0,16161088.0,0.007966002998697472
100016722|F|0-34:C>T-34:C>T,100045098|F|0-63:G>T-63:G>T,241042.0,17792887.0,0.014536695089691668
100016722|F|0-34:C>T-34:C>T,100017652|F|0-34:G>A-34:G>A,241042.0,20785539.0,0.017492883892374248
100016722|F|0-34:C>T-34:C>T,100044913|F|0-35:T>C-35:T>C,241042.0,30665404.0,0.01150052951011448
100016722|F|0-34:C>T-34:C>T,100015510|F|0-57:A>C-57:A>C,241042.0,35835846.0,0.0983667708134233
100016722|F|0-34:C>T-34:C>T,100015139|F|0-52:T>C-52:T>C,241042.0,35912066.0,3.875662080054246e-05
100016722|F|0-34:C>T-34:C>T,100036187|F|0-16:T>C-16:T>C,241042.0,42008443.0,0.06676600482722256
100016722|F|0-34:C>T-34:C>T,100014991|F|0-45:T>G-45:T>G,241042.0,43771333.0,0.09808619208248429
100016722|F|0-34:C>T-34:C>T,100060618|F|0-5:A>G-5:A>G,241042.0,53483214.0,0.20359384093770883
100016722|F|0-34:C>T-34:C>T,100019259|F|0-35:C>T-35:C>T,241042.0,64990492.0,0.0019532779507690856
100019055|F|0-38:T>A-38:T>A,100015011|F|0-55:G>C-55:G>C,258321.0,308687.0,0.08332806415748549
100019055|F|0-38:T>A-38:T>A,100022248|F|0-57:T>A-57:T>A,258321.0,309996.0,0.07166573628265083
100019055|F|0-38:T>A-38:T>A,100021860|F|0-9:A>C-9:A>C,258321.0,318755.0,0.050501896863620895
100019055|F|0-38:T>A-38:T>A,100033115|F|0-33:C>G-33:C>G,258321.0,318760.0,0.06721425193620009
100019055|F|0-38:T>A-38:T>A,100038456|F|0-36:A>C-36:A>C,258321.0,351680.0,0.005935187225118963
100019055|F|0-38:T>A-38:T>A,100019588|F|0-22:A>G-22:A>G,258321.0,355298.0,0.04806858349724993
100019055|F|0-38:T>A-38:T>A,100034599|F|0-15:A>G-15:A>G,258321.0,384667.0,0.017483705181364873
100019055|F|0-38:T>A-38:T>A,100013678|F|0-60:A>T-60:A>T,258321.0,384672.0,0.01399410143488816
100019055|F|0-38:T>A-38:T>A,100034394|F|0-13:G>T-13:G>T,258321.0,395268.0,0.01357516503800752
100019055|F|0-38:T>A-38:T>A,100017460|F|0-50:C>T-50:C>T,258321.0,399483.0,0.05491451267292463
100019055|F|0-38:T>A-38:T>A,100040406|F|0-25:G>A-25:G>A,258321.0,399735.0,0.0721901213518151
100019055|F|0-38:T>A-38:T>A,100035374|F|0-23:A>G-23:A>G,258321.0,415101.0,0.10316524685980213
100019055|F|0-38:T>A-38:T>A,100013415|F|0-20:G>A-20:G>A,258321.0,457327.0,0.0007312851818674519
100019055|F|0-38:T>A-38:T>A,100015193|F|0-65:C>A-65:C>A,258321.0,881171.0,0.0031608699968130173
100019055|F|0-38:T>A-38:T>A,100014043|F|0-61:T>G-61:T>G,258321.0,2010696.0,0.017470766216776245
100019055|F|0-38:T>A-38:T>A,100052829|F|0-41:A>T-41:A>T,258321.0,2175352.0,0.0003945400535561162
100019055|F|0-38:T>A-38:T>A,100033134|F|0-15:C>T-15:C>T,258321.0,2234010.0,0.007792629471291725
100019055|F|0-38:T>A-38:T>A,100021344|F|0-55:A>T-55:A>T,258321.0,2234950.0,0.007792629471291725
100019055|F|0-38:T>A-38:T>A,100058484|F|0-60:G>A-60:G>A,258321.0,2239425.0,0.007792629471291725
100019055|F|0-38:T>A-38:T>A,100034034|F|0-18:A>G-18:A>G,258321.0,2251809.0,0.012177786732032774
100019055|F|0-38:T>A-38:T>A,100022059|F|0-28:G>C-28:G>C,258321.0,2251814.0,0.016154640669856134
100019055|F|0-38:T>A-38:T>A,100021104|F|0-25:C>T-25:C>T,258321.0,2304248.0,0.0013824988426611486
100019055|F|0-38:T>A-38:T>A,100018738|F|0-46:T>C-46:T>C,258321.0,2322887.0,0.028983287582958015
100019055|F|0-38:T>A-38:T>A,100028644|F|0-13:T>C-13:T>C,258321.0,2337096.0,0.026861601979612175
100019055|F|0-38:T>A-38:T>A,100019784|F|0-32:C>G-32:C>G,258321.0,2348981.0,0.04688943767191903
100019055|F|0-38:T>A-38:T>A,100029801|F|0-44:C>T-44:C>T,258321.0,2411287.0,0.0809072965863552
100019055|F|0-38:T>A-38:T>A,100018506|F|0-23:C>T-23:C>T,258321.0,2437135.0,0.2210371937874293
100019055|F|0-38:T>A-38:T>A,100016982|F|0-43:C>A-43:C>A,258321.0,2465867.0,0.05483681374319317
100019055|F|0-38:T>A-38:T>A,100014343|F|0-46:C>T-46:C>T,258321.0,2481166.0,0.11036922096309945
100019055|F|0-38:T>A-38:T>A,100021653|F|0-36:G>A-36:G>A,258321.0,2486131.0,0.09676559445530478
100019055|F|0-38:T>A-38:T>A,100033716|F|0-51:T>C-51:T>C,258321.0,2760698.0,0.002319857984346006
100019055|F|0-38:T>A-38:T>A,100029063|F|0-9:C>T-9:C>T,258321.0,2761830.0,0.00752268255658828
100019055|F|0-38:T>A-38:T>A,100016995|F|0-19:T>G-19:T>G,258321.0,2968804.0,0.008360988667646233
100019055|F|0-38:T>A-38:T>A,100028785|F|0-15:C>T-15:C>T,258321.0,4410868.0,0.005936622025505746
100019055|F|0-38:T>A-38:T>A,100018585|F|0-68:A>G-68:A>G,258321.0,4632943.0,0.0007223150196379428
100019055|F|0-38:T>A-38:T>A,100021948|F|0-23:C>G-23:C>G,258321.0,4712047.0,0.07895972853799543
100019055|F|0-38:T>A-38:T>A,100040647|F|0-14:T>A-14:T>A,258321.0,4728537.0,0.004236994248247567
100019055|F|0-38:T>A-38:T>A,100018462|F|0-57:G>T-57:G>T,258321.0,4783202.0,0.0002814808235277665
100019055|F|0-38:T>A-38:T>A,100028807|F|0-29:G>A-29:G>A,258321.0,5488909.0,0.012007887672560322
100019055|F|0-38:T>A-38:T>A,100020957|F|0-56:G>A-56:G>A,258321.0,5525318.0,0.00034880187917012384
100019055|F|0-38:T>A-38:T>A,100041207|F|0-27:C>A-27:C>A,258321.0,5602442.0,0.000694058904843224
100019055|F|0-38:T>A-38:T>A,100016888|F|0-67:C>T-67:C>T,258321.0,6552228.0,0.0514439959441577
100019055|F|0-38:T>A-38:T>A,100013584|F|0-22:T>C-22:T>C,258321.0,6865742.0,0.019243399974368868
100019055|F|0-38:T>A-38:T>A,100018629|F|0-63:G>A-63:G>A,258321.0,6866047.0,0.012183704273285226
100019055|F|0-38:T>A-38:T>A,100040243|F|0-44:T>G-44:T>G,258321.0,6915952.0,0.005142568037468812
100019055|F|0-38:T>A-38:T>A,100033204|F|0-66:T>C-66:T>C,258321.0,7052774.0,1.147034807488168e-05
100019055|F|0-38:T>A-38:T>A,100021889|F|0-32:T>A-32:T>A,258321.0,7053581.0,0.005156762009729854
100019055|F|0-38:T>A-38:T>A,100028365|F|0-14:C>A-14:C>A,258321.0,7058744.0,0.026499173349402817
100019055|F|0-38:T>A-38:T>A,100043120|F|0-10:T>G-10:T>G,258321.0,7220209.0,1.7863757134565907e-05
100019055|F|0-38:T>A-38:T>A,100014119|F|0-65:C>G-65:C>G,258321.0,7227243.0,1.7863757134565907e-05
100019055|F|0-38:T>A-38:T>A,100018572|F|0-44:T>A-44:T>A,258321.0,7228216.0,0.0013519479086193593
100019055|F|0-38:T>A-38:T>A,100017140|F|0-53:T>C-53:T>C,258321.0,7621185.0,0.012908871499670214
100019055|F|0-38:T>A-38:T>A,100014614|F|0-54:G>A-54:G>A,258321.0,7686876.0,0.02736839107465789
100019055|F|0-38:T>A-38:T>A,100020518|F|0-50:T>G-50:T>G,258321.0,8001607.0,3.305992773099866e-06
100019055|F|0-38:T>A-38:T>A,100018646|F|0-46:C>T-46:C>T,258321.0,8570732.0,0.020245548776864204
100019055|F|0-38:T>A-38:T>A,100041050|F|0-49:T>A-49:T>A,258321.0,8877660.0,0.0021975342978448713
100019055|F|0-38:T>A-38:T>A,100040807|F|0-22:G>A-22:G>A,258321.0,13128905.0,0.00021181312030985218
100019055|F|0-38:T>A-38:T>A,100015846|F|0-45:G>T-45:G>T,258321.0,16161088.0,0.013965700240210033
100019055|F|0-38:T>A-38:T>A,100045098|F|0-63:G>T-63:G>T,258321.0,17792887.0,0.03501103201365477
100019055|F|0-38:T>A-38:T>A,100017652|F|0-34:G>A-34:G>A,258321.0,20785539.0,0.0032775235247528537
100019055|F|0-38:T>A-38:T>A,100044913|F|0-35:T>C-35:T>C,258321.0,30665404.0,0.019197372991064367
100019055|F|0-38:T>A-38:T>A,100015510|F|0-57:A>C-57:A>C,258321.0,35835846.0,0.05285589502805061
100019055|F|0-38:T>A-38:T>A,100015139|F|0-52:T>C-52:T>C,258321.0,35912066.0,0.005544267735113807
100019055|F|0-38:T>A-38:T>A,100036187|F|0-16:T>C-16:T>C,258321.0,42008443.0,0.022633744855967128
100019055|F|0-38:T>A-38:T>A,100014991|F|0-45:T>G-45:T>G,258321.0,43771333.0,0.0003328161912206221
100019055|F|0-38:T>A-38:T>A,100060618|F|0-5:A>G-5:A>G,258321.0,53483214.0,0.00556037253084964
100019055|F|0-38:T>A-38:T>A,100019259|F|0-35:C>T-35:C>T,258321.0,64990492.0,0.00027934300335121144
100015011|F|0-55:G>C-55:G>C,100022248|F|0-57:T>A-57:T>A,308687.0,309996.0,0.959453691848054
100015011|F|0-55:G>C-55:G>C,100021860|F|0-9:A>C-9:A>C,308687.0,318755.0,0.02888893122384909
100015011|F|0-55:G>C-55:G>C,100033115|F|0-33:C>G-33:C>G,308687.0,318760.0,0.7025713617273035
100015011|F|0-55:G>C-55:G>C,100038456|F|0-36:A>C-36:A>C,308687.0,351680.0,0.18329629866984712
100015011|F|0-55:G>C-55:G>C,100019588|F|0-22:A>G-22:A>G,308687.0,355298.0,0.008319208021663308
100015011|F|0-55:G>C-55:G>C,100034599|F|0-15:A>G-15:A>G,308687.0,384667.0,0.00040270951220519645
100015011|F|0-55:G>C-55:G>C,100013678|F|0-60:A>T-60:A>T,308687.0,384672.0,0.0007194962938599058
100015011|F|0-55:G>C-55:G>C,100034394|F|0-13:G>T-13:G>T,308687.0,395268.0,0.07379029460985066
100015011|F|0-55:G>C-55:G>C,100017460|F|0-50:C>T-50:C>T,308687.0,399483.0,0.15117430170247076
100015011|F|0-55:G>C-55:G>C,100040406|F|0-25:G>A-25:G>A,308687.0,399735.0,0.08149742646578739
100015011|F|0-55:G>C-55:G>C,100035374|F|0-23:A>G-23:A>G,308687.0,415101.0,0.059786866455560084
100015011|F|0-55:G>C-55:G>C,100013415|F|0-20:G>A-20:G>A,308687.0,457327.0,0.054639842335559775
100015011|F|0-55:G>C-55:G>C,100015193|F|0-65:C>A-65:C>A,308687.0,881171.0,0.06288439159044082
100015011|F|0-55:G>C-55:G>C,100014043|F|0-61:T>G-61:T>G,308687.0,2010696.0,0.050026837449045104
100015011|F|0-55:G>C-55:G>C,100052829|F|0-41:A>T-41:A>T,308687.0,2175352.0,0.014839959812118343
100015011|F|0-55:G>C-55:G>C,100033134|F|0-15:C>T-15:C>T,308687.0,2234010.0,0.0005819954995227436
100015011|F|0-55:G>C-55:G>C,100021344|F|0-55:A>T-55:A>T,308687.0,2234950.0,0.0005819954995227436
100015011|F|0-55:G>C-55:G>C,100058484|F|0-60:G>A-60:G>A,308687.0,2239425.0,0.0005819954995227436
100015011|F|0-55:G>C-55:G>C,100034034|F|0-18:A>G-18:A>G,308687.0,2251809.0,7.8356896509693e-06
100015011|F|0-55:G>C-55:G>C,100022059|F|0-28:G>C-28:G>C,308687.0,2251814.0,0.0012534155057186494
100015011|F|0-55:G>C-55:G>C,100021104|F|0-25:C>T-25:C>T,308687.0,2304248.0,0.03606052224728031
100015011|F|0-55:G>C-55:G>C,100018738|F|0-46:T>C-46:T>C,308687.0,2322887.0,0.13692843870639407
100015011|F|0-55:G>C-55:G>C,100028644|F|0-13:T>C-13:T>C,308687.0,2337096.0,0.15888145935094242
100015011|F|0-55:G>C-55:G>C,100019784|F|0-32:C>G-32:C>G,308687.0,2348981.0,0.09850778417317865
100015011|F|0-55:G>C-55:G>C,100029801|F|0-44:C>T-44:C>T,308687.0,2411287.0,0.21342052224130795
100015011|F|0-55:G>C-55:G>C,100018506|F|0-23:C>T-23:C>T,308687.0,2437135.0,0.18697443360706842
100015011|F|0-55:G>C-55:G>C,100016982|F|0-43:C>A-43:C>A,308687.0,2465867.0,0.04358155895549274
100015011|F|0-55:G>C-55:G>C,100014343|F|0-46:C>T-46:C>T,308687.0,2481166.0,0.06288439159044082
100015011|F|0-55:G>C-55:G>C,100021653|F|0-36:G>A-36:G>A,308687.0,2486131.0,0.07170697442919886
100015011|F|0-55:G>C-55:G>C,100033716|F|0-51:T>C-51:T>C,308687.0,2760698.0,9.278331384883772e-05
100015011|F|0-55:G>C-55:G>C,100029063|F|0-9:C>T-9:C>T,308687.0,2761830.0,0.0015412200368361726
100015011|F|0-55:G>C-55:G>C,100016995|F|0-19:T>G-19:T>G,308687.0,2968804.0,0.02615520859870673
100015011|F|0-55:G>C-55:G>C,100028785|F|0-15:C>T-15:C>T,308687.0,4410868.0,0.00010122357285295372
100015011|F|0-55:G>C-55:G>C,100018585|F|0-68:A>G-68:A>G,308687.0,4632943.0,0.0008353453355777388
100015011|F|0-55:G>C-55:G>C,100021948|F|0-23:C>G-23:C>G,308687.0,4712047.0,0.08961602564561093
100015011|F|0-55:G>C-55:G>C,100040647|F|0-14:T>A-14:T>A,308687.0,4728537.0,0.011826539506059084
100015011|F|0-55:G>C-55:G>C,100018462|F|0-57:G>T-57:G>T,308687.0,4783202.0,0.0008526397756455276
100015011|F|0-55:G>C-55:G>C,100028807|F|0-29:G>A-29:G>A,308687.0,5488909.0,0.033042396884928125
100015011|F|0-55:G>C-55:G>C,100020957|F|0-56:G>A-56:G>A,308687.0,5525318.0,0.009601271281106388
100015011|F|0-55:G>C-55:G>C,100041207|F|0-27:C>A-27:C>A,308687.0,5602442.0,0.061407758590857134
100015011|F|0-55:G>C-55:G>C,100016888|F|0-67:C>T-67:C>T,308687.0,6552228.0,0.0006170214570113772
100015011|F|0-55:G>C-55:G>C,100013584|F|0-22:T>C-22:T>C,308687.0,6865742.0,0.00816078138468357
100015011|F|0-55:G>C-55:G>C,100018629|F|0-63:G>A-63:G>A,308687.0,6866047.0,0.0021980890093980217
100015011|F|0-55:G>C-55:G>C,100040243|F|0-44:T>G-44:T>G,308687.0,6915952.0,0.004248715447070498
100015011|F|0-55:G>C-55:G>C,100033204|F|0-66:T>C-66:T>C,308687.0,7052774.0,0.006795567144829561
100015011|F|0-55:G>C-55:G>C,100021889|F|0-32:T>A-32:T>A,308687.0,7053581.0,0.008361551489767758
100015011|F|0-55:G>C-55:G>C,100028365|F|0-14:C>A-14:C>A,308687.0,7058744.0,0.008174449663811367
100015011|F|0-55:G>C-55:G>C,100043120|F|0-10:T>G-10:T>G,308687.0,7220209.0,0.003847228435723248
100015011|F|0-55:G>C-55:G>C,100014119|F|0-65:C>G-65:C>G,308687.0,7227243.0,0.003847228435723248
100015011|F|0-55:G>C-55:G>C,100018572|F|0-44:T>A-44:T>A,308687.0,7228216.0,0.00016835906564522215
100015011|F|0-55:G>C-55:G>C,100017140|F|0-53:T>C-53:T>C,308687.0,7621185.0,0.017949352355444852
100015011|F|0-55:G>C-55:G>C,100014614|F|0-54:G>A-54:G>A,308687.0,7686876.0,0.00011169877919394618
100015011|F|0-55:G>C-55:G>C,100020518|F|0-50:T>G-50:T>G,308687.0,8001607.0,0.00011922209981582861
100015011|F|0-55:G>C-55:G>C,100018646|F|0-46:C>T-46:C>T,308687.0,8570732.0,0.00511816115877377
100015011|F|0-55:G>C-55:G>C,100041050|F|0-49:T>A-49:T>A,308687.0,8877660.0,0.0009888112974717706
100015011|F|0-55:G>C-55:G>C,100040807|F|0-22:G>A-22:G>A,308687.0,13128905.0,0.09074903969270134
100015011|F|0-55:G>C-55:G>C,100015846|F|0-45:G>T-45:G>T,308687.0,16161088.0,0.00248284579270495
100015011|F|0-55:G>C-55:G>C,100045098|F|0-63:G>T-63:G>T,308687.0,17792887.0,0.00261247081019216
100015011|F|0-55:G>C-55:G>C,100017652|F|0-34:G>A-34:G>A,308687.0,20785539.0,0.03081963222251592
100015011|F|0-55:G>C-55:G>C,100044913|F|0-35:T>C-35:T>C,308687.0,30665404.0,4.4072074078197604e-05
100015011|F|0-55:G>C-55:G>C,100015510|F|0-57:A>C-57:A>C,308687.0,35835846.0,0.04893523206796612
100015011|F|0-55:G>C-55:G>C,100015139|F|0-52:T>C-52:T>C,308687.0,35912066.0,0.008595359410013482
100015011|F|0-55:G>C-55:G>C,100036187|F|0-16:T>C-16:T>C,308687.0,42008443.0,0.025912891055619055
100015011|F|0-55:G>C-55:G>C,100014991|F|0-45:T>G-45:T>G,308687.0,43771333.0,0.045017269939321314
100015011|F|0-55:G>C-55:G>C,100060618|F|0-5:A>G-5:A>G,308687.0,53483214.0,0.07179216481136667
100015011|F|0-55:G>C-55:G>C,100019259|F|0-35:C>T-35:C>T,308687.0,64990492.0,0.04673282371448109
100022248|F|0-57:T>A-57:T>A,100021860|F|0-9:A>C-9:A>C,309996.0,318755.0,0.03010977128891394
100022248|F|0-57:T>A-57:T>A,100033115|F|0-33:C>G-33:C>G,309996.0,318760.0,0.7322618774586617
100022248|F|0-57:T>A-57:T>A,100038456|F|0-36:A>C-36:A>C,309996.0,351680.0,0.19104236111363496
100022248|F|0-57:T>A-57:T>A,100019588|F|0-22:A>G-22:A>G,309996.0,355298.0,0.014625267864247333
100022248|F|0-57:T>A-57:T>A,100034599|F|0-15:A>G-15:A>G,309996.0,384667.0,0.0004197279302031931
100022248|F|0-57:T>A-57:T>A,100013678|F|0-60:A>T-60:A>T,309996.0,384672.0,0.0007499020536093275
100022248|F|0-57:T>A-57:T>A,100034394|F|0-13:G>T-13:G>T,309996.0,395268.0,0.06427484074130595
100022248|F|0-57:T>A-57:T>A,100017460|F|0-50:C>T-50:C>T,309996.0,399483.0,0.15756289541320648
100022248|F|0-57:T>A-57:T>A,100040406|F|0-25:G>A-25:G>A,309996.0,399735.0,0.08494149030664581
100022248|F|0-57:T>A-57:T>A,100035374|F|0-23:A>G-23:A>G,309996.0,415101.0,0.05166447343007399
100022248|F|0-57:T>A-57:T>A,100013415|F|0-20:G>A-20:G>A,309996.0,457327.0,0.04389020735107283
100022248|F|0-57:T>A-57:T>A,100015193|F|0-65:C>A-65:C>A,309996.0,881171.0,0.06554187255178057
100022248|F|0-57:T>A-57:T>A,100014043|F|0-61:T>G-61:T>G,309996.0,2010696.0,0.05214096091775474
100022248|F|0-57:T>A-57:T>A,100052829|F|0-41:A>T-41:A>T,309996.0,2175352.0,0.01546709334510376
100022248|F|0-57:T>A-57:T>A,100033134|F|0-15:C>T-15:C>T,309996.0,2234010.0,0.0006065905050630712
100022248|F|0-57:T>A-57:T>A,100021344|F|0-55:A>T-55:A>T,309996.0,2234950.0,0.0006065905050630712
100022248|F|0-57:T>A-57:T>A,100058484|F|0-60:G>A-60:G>A,309996.0,2239425.0,0.0006065905050630712
100022248|F|0-57:T>A-57:T>A,100034034|F|0-18:A>G-18:A>G,309996.0,2251809.0,8.166824222518203e-06
100022248|F|0-57:T>A-57:T>A,100022059|F|0-28:G>C-28:G>C,309996.0,2251814.0,0.0013063845773571175
100022248|F|0-57:T>A-57:T>A,100021104|F|0-25:C>T-25:C>T,309996.0,2304248.0,0.037584432217694544
100022248|F|0-57:T>A-57:T>A,100018738|F|0-46:T>C-46:T>C,309996.0,2322887.0,0.14271500528873732
100022248|F|0-57:T>A-57:T>A,100028644|F|0-13:T>C-13:T>C,309996.0,2337096.0,0.16559575589824715
100022248|F|0-57:T>A-57:T>A,100019784|F|0-32:C>G-32:C>G,309996.0,2348981.0,0.10267070209864596
100022248|F|0-57:T>A-57:T>A,100029801|F|0-44:C>T-44:C>T,309996.0,2411287.0,0.2224396279410076
100022248|F|0-57:T>A-57:T>A,100018506|F|0-23:C>T-23:C>T,309996.0,2437135.0,0.17340991257495397
100022248|F|0-57:T>A-57:T>A,100016982|F|0-43:C>A-43:C>A,309996.0,2465867.0,0.04542330633128095
100022248|F|0-57:T>A-57:T>A,100014343|F|0-46:C>T-46:C>T,309996.0,2481166.0,0.06554187255178043
100022248|F|0-57:T>A-57:T>A,100021653|F|0-36:G>A-36:G>A,309996.0,2486131.0,0.07473729585747933
100022248|F|0-57:T>A-57:T>A,100033716|F|0-51:T>C-51:T>C,309996.0,2760698.0,9.670431688070569e-05
100022248|F|0-57:T>A-57:T>A,100029063|F|0-9:C>T-9:C>T,309996.0,2761830.0,0.0016063516665067385
100022248|F|0-57:T>A-57:T>A,100016995|F|0-19:T>G-19:T>G,309996.0,2968804.0,0.03631716564594879
100022248|F|0-57:T>A-57:T>A,100028785|F|0-15:C>T-15:C>T,309996.0,4410868.0,0.00010550125942814611
100022248|F|0-57:T>A-57:T>A,100018585|F|0-68:A>G-68:A>G,309996.0,4632943.0,0.0008706468510936972
100022248|F|0-57:T>A-57:T>A,100021948|F|0-23:C>G-23:C>G,309996.0,4712047.0,0.0934031797543004
100022248|F|0-57:T>A-57:T>A,100040647|F|0-14:T>A-14:T>A,309996.0,4728537.0,0.020750435541500353
100022248|F|0-57:T>A-57:T>A,100018462|F|0-57:G>T-57:G>T,309996.0,4783202.0,1.5239417546941896e-05
100022248|F|0-57:T>A-57:T>A,100028807|F|0-29:G>A-29:G>A,309996.0,5488909.0,0.034438761521969286
100022248|F|0-57:T>A-57:T>A,100020957|F|0-56:G>A-56:G>A,309996.0,5525318.0,0.003208188391766204
100022248|F|0-57:T>A-57:T>A,100041207|F|0-27:C>A-27:C>A,309996.0,5602442.0,0.08821247372181526
100022248|F|0-57:T>A-57:T>A,100016888|F|0-67:C>T-67:C>T,309996.0,6552228.0,0.0006430966520363201
100022248|F|0-57:T>A-57:T>A,100013584|F|0-22:T>C-22:T>C,309996.0,6865742.0,0.008505654263484798
100022248|F|0-57:T>A-57:T>A,100018629|F|0-63:G>A-63:G>A,309996.0,6866047.0,0.002290979781592373
100022248|F|0-57:T>A-57:T>A,100040243|F|0-44:T>G-44:T>G,309996.0,6915952.0,0.0019402016786815989
100022248|F|0-57:T>A-57:T>A,100033204|F|0-66:T>C-66:T>C,309996.0,7052774.0,0.007082746361359267
100022248|F|0-57:T>A-57:T>A,100021889|F|0-32:T>A-32:T>A,309996.0,7053581.0,0.015256938372539497
100022248|F|0-57:T>A-57:T>A,100028365|F|0-14:C>A-14:C>A,309996.0,7058744.0,0.004570087291371467
100022248|F|0-57:T>A-57:T>A,100043120|F|0-10:T>G-10:T>G,309996.0,7220209.0,0.004009811487944657
100022248|F|0-57:T>A-57:T>A,100014119|F|0-65:C>G-65:C>G,309996.0,7227243.0,0.004009811487944657
100022248|F|0-57:T>A-57:T>A,100018572|F|0-44:T>A-44:T>A,309996.0,7228216.0,0.0009088754314863165
100022248|F|0-57:T>A-57:T>A,100017140|F|0-53:T>C-53:T>C,309996.0,7621185.0,0.018707888153384068
100022248|F|0-57:T>A-57:T>A,100014614|F|0-54:G>A-54:G>A,309996.0,7686876.0,0.0001164191457524087
100022248|F|0-57:T>A-57:T>A,100020518|F|0-50:T>G-50:T>G,309996.0,8001607.0,0.0011342628843803394
100022248|F|0-57:T>A-57:T>A,100018646|F|0-46:C>T-46:C>T,309996.0,8570732.0,0.01582613424909058
100022248|F|0-57:T>A-57:T>A,100041050|F|0-49:T>A-49:T>A,309996.0,8877660.0,0.0029038157374456273
100022248|F|0-57:T>A-57:T>A,100040807|F|0-22:G>A-22:G>A,309996.0,13128905.0,0.07652304694119672
100022248|F|0-57:T>A-57:T>A,100015846|F|0-45:G>T-45:G>T,309996.0,16161088.0,0.008987689912400754
100022248|F|0-57:T>A-57:T>A,100045098|F|0-63:G>T-63:G>T,309996.0,17792887.0,0.0027228732688079327
100022248|F|0-57:T>A-57:T>A,100017652|F|0-34:G>A-34:G>A,309996.0,20785539.0,0.03212206329953507
100022248|F|0-57:T>A-57:T>A,100044913|F|0-35:T>C-35:T>C,309996.0,30665404.0,4.5934550518335004e-05
100022248|F|0-57:T>A-57:T>A,100015510|F|0-57:A>C-57:A>C,309996.0,35835846.0,0.04213526132278726
100022248|F|0-57:T>A-57:T>A,100015139|F|0-52:T>C-52:T>C,309996.0,35912066.0,0.0004136337603469647
100022248|F|0-57:T>A-57:T>A,100036187|F|0-16:T>C-16:T>C,309996.0,42008443.0,0.018072015687543255
100022248|F|0-57:T>A-57:T>A,100014991|F|0-45:T>G-45:T>G,309996.0,43771333.0,0.04691969015472857
100022248|F|0-57:T>A-57:T>A,100060618|F|0-5:A>G-5:A>G,309996.0,53483214.0,0.07482608636700731
100022248|F|0-57:T>A-57:T>A,100019259|F|0-35:C>T-35:C>T,309996.0,64990492.0,0.03902804589493789
100021860|F|0-9:A>C-9:A>C,100033115|F|0-33:C>G-33:C>G,318755.0,318760.0,0.06018547528628391
100021860|F|0-9:A>C-9:A>C,100038456|F|0-36:A>C-36:A>C,318755.0,351680.0,0.020427409427259867
100021860|F|0-9:A>C-9:A>C,100019588|F|0-22:A>G-22:A>G,318755.0,355298.0,0.009358534151155392
100021860|F|0-9:A>C-9:A>C,100034599|F|0-15:A>G-15:A>G,318755.0,384667.0,0.0007579459845986848
100021860|F|0-9:A>C-9:A>C,100013678|F|0-60:A>T-60:A>T,318755.0,384672.0,0.0014488276469841641
100021860|F|0-9:A>C-9:A>C,100034394|F|0-13:G>T-13:G>T,318755.0,395268.0,0.0018959548249901461
100021860|F|0-9:A>C-9:A>C,100017460|F|0-50:C>T-50:C>T,318755.0,399483.0,0.0022024275646045405
100021860|F|0-9:A>C-9:A>C,100040406|F|0-25:G>A-25:G>A,318755.0,399735.0,0.002162311778940424
100021860|F|0-9:A>C-9:A>C,100035374|F|0-23:A>G-23:A>G,318755.0,415101.0,0.004170080910547061
100021860|F|0-9:A>C-9:A>C,100013415|F|0-20:G>A-20:G>A,318755.0,457327.0,2.0040890040770307e-05
100021860|F|0-9:A>C-9:A>C,100015193|F|0-65:C>A-65:C>A,318755.0,881171.0,2.8168537996541277e-05
100021860|F|0-9:A>C-9:A>C,100014043|F|0-61:T>G-61:T>G,318755.0,2010696.0,0.06136923665287749
100021860|F|0-9:A>C-9:A>C,100052829|F|0-41:A>T-41:A>T,318755.0,2175352.0,0.005160370619932452
100021860|F|0-9:A>C-9:A>C,100033134|F|0-15:C>T-15:C>T,318755.0,2234010.0,0.05627858675786083
100021860|F|0-9:A>C-9:A>C,100021344|F|0-55:A>T-55:A>T,318755.0,2234950.0,0.05627858675786083
100021860|F|0-9:A>C-9:A>C,100058484|F|0-60:G>A-60:G>A,318755.0,2239425.0,0.05627858675786083
100021860|F|0-9:A>C-9:A>C,100034034|F|0-18:A>G-18:A>G,318755.0,2251809.0,0.04948133906885958
100021860|F|0-9:A>C-9:A>C,100022059|F|0-28:G>C-28:G>C,318755.0,2251814.0,0.05627858675786084
100021860|F|0-9:A>C-9:A>C,100021104|F|0-25:C>T-25:C>T,318755.0,2304248.0,0.0054697684101947695
100021860|F|0-9:A>C-9:A>C,100018738|F|0-46:T>C-46:T>C,318755.0,2322887.0,0.01148706144845005
100021860|F|0-9:A>C-9:A>C,100028644|F|0-13:T>C-13:T>C,318755.0,2337096.0,0.015188593056643183
100021860|F|0-9:A>C-9:A>C,100019784|F|0-32:C>G-32:C>G,318755.0,2348981.0,0.0006964388958182794
100021860|F|0-9:A>C-9:A>C,100029801|F|0-44:C>T-44:C>T,318755.0,2411287.0,0.015140002443779619
100021860|F|0-9:A>C-9:A>C,100018506|F|0-23:C>T-23:C>T,318755.0,2437135.0,0.006018961119787633
100021860|F|0-9:A>C-9:A>C,100016982|F|0-43:C>A-43:C>A,318755.0,2465867.0,0.004337300230513862
100021860|F|0-9:A>C-9:A>C,100014343|F|0-46:C>T-46:C>T,318755.0,2481166.0,0.021302456859884043
100021860|F|0-9:A>C-9:A>C,100021653|F|0-36:G>A-36:G>A,318755.0,2486131.0,0.017606408524511053
100021860|F|0-9:A>C-9:A>C,100033716|F|0-51:T>C-51:T>C,318755.0,2760698.0,0.09535104543786568
100021860|F|0-9:A>C-9:A>C,100029063|F|0-9:C>T-9:C>T,318755.0,2761830.0,0.08624243881973528
100021860|F|0-9:A>C-9:A>C,100016995|F|0-19:T>G-19:T>G,318755.0,2968804.0,6.1968963919392715e-06
100021860|F|0-9:A>C-9:A>C,100028785|F|0-15:C>T-15:C>T,318755.0,4410868.0,0.0011458324475630418
100021860|F|0-9:A>C-9:A>C,100018585|F|0-68:A>G-68:A>G,318755.0,4632943.0,0.002273081035211194
100021860|F|0-9:A>C-9:A>C,100021948|F|0-23:C>G-23:C>G,318755.0,4712047.0,0.05712249278918718
100021860|F|0-9:A>C-9:A>C,100040647|F|0-14:T>A-14:T>A,318755.0,4728537.0,0.0008353111758065887
100021860|F|0-9:A>C-9:A>C,100018462|F|0-57:G>T-57:G>T,318755.0,4783202.0,0.002538376060113976
100021860|F|0-9:A>C-9:A>C,100028807|F|0-29:G>A-29:G>A,318755.0,5488909.0,0.0912921873661426
100021860|F|0-9:A>C-9:A>C,100020957|F|0-56:G>A-56:G>A,318755.0,5525318.0,0.04681212269022881
100021860|F|0-9:A>C-9:A>C,100041207|F|0-27:C>A-27:C>A,318755.0,5602442.0,0.024479070607692374
100021860|F|0-9:A>C-9:A>C,100016888|F|0-67:C>T-67:C>T,318755.0,6552228.0,0.146839998091848
100021860|F|0-9:A>C-9:A>C,100013584|F|0-22:T>C-22:T>C,318755.0,6865742.0,0.006487324765458256
100021860|F|0-9:A>C-9:A>C,100018629|F|0-63:G>A-63:G>A,318755.0,6866047.0,0.002612683679579896
100021860|F|0-9:A>C-9:A>C,100040243|F|0-44:T>G-44:T>G,318755.0,6915952.0,0.023510726057945165
100021860|F|0-9:A>C-9:A>C,100033204|F|0-66:T>C-66:T>C,318755.0,7052774.0,0.0024677238190137464
100021860|F|0-9:A>C-9:A>C,100021889|F|0-32:T>A-32:T>A,318755.0,7053581.0,0.0004985690765769425
100021860|F|0-9:A>C-9:A>C,100028365|F|0-14:C>A-14:C>A,318755.0,7058744.0,0.0013120845065729212
100021860|F|0-9:A>C-9:A>C,100043120|F|0-10:T>G-10:T>G,318755.0,7220209.0,0.015411685897859267
100021860|F|0-9:A>C-9:A>C,100014119|F|0-65:C>G-65:C>G,318755.0,7227243.0,0.015411685897859267
100021860|F|0-9:A>C-9:A>C,100018572|F|0-44:T>A-44:T>A,318755.0,7228216.0,0.010243652674464213
100021860|F|0-9:A>C-9:A>C,100017140|F|0-53:T>C-53:T>C,318755.0,7621185.0,0.006954372705523978
100021860|F|0-9:A>C-9:A>C,100014614|F|0-54:G>A-54:G>A,318755.0,7686876.0,0.051832274717944285
100021860|F|0-9:A>C-9:A>C,100020518|F|0-50:T>G-50:T>G,318755.0,8001607.0,0.0024098590327529274
100021860|F|0-9:A>C-9:A>C,100018646|F|0-46:C>T-46:C>T,318755.0,8570732.0,0.006217437062637065
100021860|F|0-9:A>C-9:A>C,100041050|F|0-49:T>A-49:T>A,318755.0,8877660.0,3.702531235479151e-05
100021860|F|0-9:A>C-9:A>C,100040807|F|0-22:G>A-22:G>A,318755.0,13128905.0,0.0005640079054331177
100021860|F|0-9:A>C-9:A>C,100015846|F|0-45:G>T-45:G>T,318755.0,16161088.0,0.03618004939461474
100021860|F|0-9:A>C-9:A>C,100045098|F|0-63:G>T-63:G>T,318755.0,17792887.0,0.0213989296170862
100021860|F|0-9:A>C-9:A>C,100017652|F|0-34:G>A-34:G>A,318755.0,20785539.0,5.654690547952566e-06
100021860|F|0-9:A>C-9:A>C,100044913|F|0-35:T>C-35:T>C,318755.0,30665404.0,0.001293793197371556
100021860|F|0-9:A>C-9:A>C,100015510|F|0-57:A>C-57:A>C,318755.0,35835846.0,0.004913761569656965
100021860|F|0-9:A>C-9:A>C,100015139|F|0-52:T>C-52:T>C,318755.0,35912066.0,0.05550427142363197
100021860|F|0-9:A>C-9:A>C,100036187|F|0-16:T>C-16:T>C,318755.0,42008443.0,0.004246248937390878
100021860|F|0-9:A>C-9:A>C,100014991|F|0-45:T>G-45:T>G,318755.0,43771333.0,0.002872736247116797
100021860|F|0-9:A>C-9:A>C,100060618|F|0-5:A>G-5:A>G,318755.0,53483214.0,0.007891415970999885
100021860|F|0-9:A>C-9:A>C,100019259|F|0-35:C>T-35:C>T,318755.0,64990492.0,1.980394114938746e-07
100033115|F|0-33:C>G-33:C>G,100038456|F|0-36:A>C-36:A>C,318760.0,351680.0,0.29422673704086755
100033115|F|0-33:C>G-33:C>G,100019588|F|0-22:A>G-22:A>G,318760.0,355298.0,0.0527862942716579
100033115|F|0-33:C>G-33:C>G,100034599|F|0-15:A>G-15:A>G,318760.0,384667.0,0.004316051392229578
100033115|F|0-33:C>G-33:C>G,100013678|F|0-60:A>T-60:A>T,318760.0,384672.0,0.004764092261839353
100033115|F|0-33:C>G-33:C>G,100034394|F|0-13:G>T-13:G>T,318760.0,395268.0,0.04988157637141035
100033115|F|0-33:C>G-33:C>G,100017460|F|0-50:C>T-50:C>T,318760.0,399483.0,0.15333013895543848
100033115|F|0-33:C>G-33:C>G,100040406|F|0-25:G>A-25:G>A,318760.0,399735.0,0.13936341603994373
100033115|F|0-33:C>G-33:C>G,100035374|F|0-23:A>G-23:A>G,318760.0,415101.0,0.09681558643306996
100033115|F|0-33:C>G-33:C>G,100013415|F|0-20:G>A-20:G>A,318760.0,457327.0,0.011646608567905238
100033115|F|0-33:C>G-33:C>G,100015193|F|0-65:C>A-65:C>A,318760.0,881171.0,0.07170545307884023
100033115|F|0-33:C>G-33:C>G,100014043|F|0-61:T>G-61:T>G,318760.0,2010696.0,0.049253278451749656
100033115|F|0-33:C>G-33:C>G,100052829|F|0-41:A>T-41:A>T,318760.0,2175352.0,0.0012678461102258452
100033115|F|0-33:C>G-33:C>G,100033134|F|0-15:C>T-15:C>T,318760.0,2234010.0,0.0003213479510651861
100033115|F|0-33:C>G-33:C>G,100021344|F|0-55:A>T-55:A>T,318760.0,2234950.0,0.0003213479510651861
100033115|F|0-33:C>G-33:C>G,100058484|F|0-60:G>A-60:G>A,318760.0,2239425.0,0.0003213479510651861
100033115|F|0-33:C>G-33:C>G,100034034|F|0-18:A>G-18:A>G,318760.0,2251809.0,0.0005021805321636623
100033115|F|0-33:C>G-33:C>G,100022059|F|0-28:G>C-28:G>C,318760.0,2251814.0,0.000185248938868512
100033115|F|0-33:C>G-33:C>G,100021104|F|0-25:C>T-25:C>T,318760.0,2304248.0,0.015323061623023866
100033115|F|0-33:C>G-33:C>G,100018738|F|0-46:T>C-46:T>C,318760.0,2322887.0,0.24036226570525313
100033115|F|0-33:C>G-33:C>G,100028644|F|0-13:T>C-13:T>C,318760.0,2337096.0,0.2738779747644144
100033115|F|0-33:C>G-33:C>G,100019784|F|0-32:C>G-32:C>G,318760.0,2348981.0,0.07020772945623721
100033115|F|0-33:C>G-33:C>G,100029801|F|0-44:C>T-44:C>T,318760.0,2411287.0,0.28655732740602236
100033115|F|0-33:C>G-33:C>G,100018506|F|0-23:C>T-23:C>T,318760.0,2437135.0,0.19660100655784005
100033115|F|0-33:C>G-33:C>G,100016982|F|0-43:C>A-43:C>A,318760.0,2465867.0,0.05118410881788454
100033115|F|0-33:C>G-33:C>G,100014343|F|0-46:C>T-46:C>T,318760.0,2481166.0,0.09438352528327124
100033115|F|0-33:C>G-33:C>G,100021653|F|0-36:G>A-36:G>A,318760.0,2486131.0,0.10287320298148346
100033115|F|0-33:C>G-33:C>G,100033716|F|0-51:T>C-51:T>C,318760.0,2760698.0,2.893458238138384e-06
100033115|F|0-33:C>G-33:C>G,100029063|F|0-9:C>T-9:C>T,318760.0,2761830.0,0.0003102160361889689
100033115|F|0-33:C>G-33:C>G,100016995|F|0-19:T>G-19:T>G,318760.0,2968804.0,0.07769302771308545
100033115|F|0-33:C>G-33:C>G,100028785|F|0-15:C>T-15:C>T,318760.0,4410868.0,0.009470676131233102
100033115|F|0-33:C>G-33:C>G,100018585|F|0-68:A>G-68:A>G,318760.0,4632943.0,2.9786409380733075e-05
100033115|F|0-33:C>G-33:C>G,100021948|F|0-23:C>G-23:C>G,318760.0,4712047.0,0.14807197604669628
100033115|F|0-33:C>G-33:C>G,100040647|F|0-14:T>A-14:T>A,318760.0,4728537.0,0.020536123239320907
100033115|F|0-33:C>G-33:C>G,100018462|F|0-57:G>T-57:G>T,318760.0,4783202.0,0.000521483095753738
100033115|F|0-33:C>G-33:C>G,100028807|F|0-29:G>A-29:G>A,318760.0,5488909.0,0.029774161420430073
100033115|F|0-33:C>G-33:C>G,100020957|F|0-56:G>A-56:G>A,318760.0,5525318.0,0.008810909309933461
100033115|F|0-33:C>G-33:C>G,100041207|F|0-27:C>A-27:C>A,318760.0,5602442.0,0.14232254321197796
100033115|F|0-33:C>G-33:C>G,100016888|F|0-67:C>T-67:C>T,318760.0,6552228.0,0.0003613198330470577
100033115|F|0-33:C>G-33:C>G,100013584|F|0-22:T>C-22:T>C,318760.0,6865742.0,0.010857361631763273
100033115|F|0-33:C>G-33:C>G,100018629|F|0-63:G>A-63:G>A,318760.0,6866047.0,0.003382282476958153
100033115|F|0-33:C>G-33:C>G,100040243|F|0-44:T>G-44:T>G,318760.0,6915952.0,0.009282543208068716
100033115|F|0-33:C>G-33:C>G,100033204|F|0-66:T>C-66:T>C,318760.0,7052774.0,4.730075856226612e-07
100033115|F|0-33:C>G-33:C>G,100021889|F|0-32:T>A-32:T>A,318760.0,7053581.0,0.0028854746018720586
100033115|F|0-33:C>G-33:C>G,100028365|F|0-14:C>A-14:C>A,318760.0,7058744.0,0.009437493355159962
100033115|F|0-33:C>G-33:C>G,100043120|F|0-10:T>G-10:T>G,318760.0,7220209.0,0.001281840346532268
100033115|F|0-33:C>G-33:C>G,100014119|F|0-65:C>G-65:C>G,318760.0,7227243.0,0.001281840346532268
100033115|F|0-33:C>G-33:C>G,100018572|F|0-44:T>A-44:T>A,318760.0,7228216.0,1.4383690333530485e-05
100033115|F|0-33:C>G-33:C>G,100017140|F|0-53:T>C-53:T>C,318760.0,7621185.0,0.02983135003494768
100033115|F|0-33:C>G-33:C>G,100014614|F|0-54:G>A-54:G>A,318760.0,7686876.0,0.0012277737587075479
100033115|F|0-33:C>G-33:C>G,100020518|F|0-50:T>G-50:T>G,318760.0,8001607.0,0.006759332709484419
100033115|F|0-33:C>G-33:C>G,100018646|F|0-46:C>T-46:C>T,318760.0,8570732.0,0.024313463505340128
100033115|F|0-33:C>G-33:C>G,100041050|F|0-49:T>A-49:T>A,318760.0,8877660.0,0.0033996903039303144
100033115|F|0-33:C>G-33:C>G,100040807|F|0-22:G>A-22:G>A,318760.0,13128905.0,0.06852225796883175
100033115|F|0-33:C>G-33:C>G,100015846|F|0-45:G>T-45:G>T,318760.0,16161088.0,0.00046648667575835444
100033115|F|0-33:C>G-33:C>G,100045098|F|0-63:G>T-63:G>T,318760.0,17792887.0,0.007478048825150542
100033115|F|0-33:C>G-33:C>G,100017652|F|0-34:G>A-34:G>A,318760.0,20785539.0,0.0465578878528609
100033115|F|0-33:C>G-33:C>G,100044913|F|0-35:T>C-35:T>C,318760.0,30665404.0,0.00019791254348867633
100033115|F|0-33:C>G-33:C>G,100015510|F|0-57:A>C-57:A>C,318760.0,35835846.0,0.046154989814890475
100033115|F|0-33:C>G-33:C>G,100015139|F|0-52:T>C-52:T>C,318760.0,35912066.0,0.000613116238666166
100033115|F|0-33:C>G-33:C>G,100036187|F|0-16:T>C-16:T>C,318760.0,42008443.0,0.011910161111096901
100033115|F|0-33:C>G-33:C>G,100014991|F|0-45:T>G-45:T>G,318760.0,43771333.0,0.03384416382455855
100033115|F|0-33:C>G-33:C>G,100060618|F|0-5:A>G-5:A>G,318760.0,53483214.0,0.057445974464659176
100033115|F|0-33:C>G-33:C>G,100019259|F|0-35:C>T-35:C>T,318760.0,64990492.0,0.00014844178360575645
100038456|F|0-36:A>C-36:A>C,100019588|F|0-22:A>G-22:A>G,351680.0,355298.0,0.08205950638032442
100038456|F|0-36:A>C-36:A>C,100034599|F|0-15:A>G-15:A>G,351680.0,384667.0,0.2135544321571866
100038456|F|0-36:A>C-36:A>C,100013678|F|0-60:A>T-60:A>T,351680.0,384672.0,0.2138974270069001
100038456|F|0-36:A>C-36:A>C,100034394|F|0-13:G>T-13:G>T,351680.0,395268.0,0.10341350066982245
100038456|F|0-36:A>C-36:A>C,100017460|F|0-50:C>T-50:C>T,351680.0,399483.0,0.11634959141981602
100038456|F|0-36:A>C-36:A>C,100040406|F|0-25:G>A-25:G>A,351680.0,399735.0,0.024380550333163973
100038456|F|0-36:A>C-36:A>C,100035374|F|0-23:A>G-23:A>G,351680.0,415101.0,0.0009556853137594032
100038456|F|0-36:A>C-36:A>C,100013415|F|0-20:G>A-20:G>A,351680.0,457327.0,0.0015040901226950388
100038456|F|0-36:A>C-36:A>C,100015193|F|0-65:C>A-65:C>A,351680.0,881171.0,0.0405824472189357
100038456|F|0-36:A>C-36:A>C,100014043|F|0-61:T>G-61:T>G,351680.0,2010696.0,0.002270511693689106
100038456|F|0-36:A>C-36:A>C,100052829|F|0-41:A>T-41:A>T,351680.0,2175352.0,0.009311827446136305
100038456|F|0-36:A>C-36:A>C,100033134|F|0-15:C>T-15:C>T,351680.0,2234010.0,0.08131008773949361
100038456|F|0-36:A>C-36:A>C,100021344|F|0-55:A>T-55:A>T,351680.0,2234950.0,0.08131008773949361
100038456|F|0-36:A>C-36:A>C,100058484|F|0-60:G>A-60:G>A,351680.0,2239425.0,0.08131008773949361
100038456|F|0-36:A>C-36:A>C,100034034|F|0-18:A>G-18:A>G,351680.0,2251809.0,0.045798694617798834
100038456|F|0-36:A>C-36:A>C,100022059|F|0-28:G>C-28:G>C,351680.0,2251814.0,0.06380177377174577
100038456|F|0-36:A>C-36:A>C,100021104|F|0-25:C>T-25:C>T,351680.0,2304248.0,0.029035732250369435
100038456|F|0-36:A>C-36:A>C,100018738|F|0-46:T>C-46:T>C,351680.0,2322887.0,0.0904966714346156
100038456|F|0-36:A>C-36:A>C,100028644|F|0-13:T>C-13:T>C,351680.0,2337096.0,0.11970240797487962
100038456|F|0-36:A>C-36:A>C,100019784|F|0-32:C>G-32:C>G,351680.0,2348981.0,0.06965501158507556
100038456|F|0-36:A>C-36:A>C,100029801|F|0-44:C>T-44:C>T,351680.0,2411287.0,0.144937768205926
100038456|F|0-36:A>C-36:A>C,100018506|F|0-23:C>T-23:C>T,351680.0,2437135.0,0.02228974719897641
100038456|F|0-36:A>C-36:A>C,100016982|F|0-43:C>A-43:C>A,351680.0,2465867.0,0.0586256400665326
100038456|F|0-36:A>C-36:A>C,100014343|F|0-46:C>T-46:C>T,351680.0,2481166.0,0.02583479692242114
100038456|F|0-36:A>C-36:A>C,100021653|F|0-36:G>A-36:G>A,351680.0,2486131.0,0.016557873963505502
100038456|F|0-36:A>C-36:A>C,100033716|F|0-51:T>C-51:T>C,351680.0,2760698.0,0.07601972336950377
100038456|F|0-36:A>C-36:A>C,100029063|F|0-9:C>T-9:C>T,351680.0,2761830.0,0.07954874761551772
100038456|F|0-36:A>C-36:A>C,100016995|F|0-19:T>G-19:T>G,351680.0,2968804.0,0.003168607950421385
100038456|F|0-36:A>C-36:A>C,100028785|F|0-15:C>T-15:C>T,351680.0,4410868.0,0.0005490422263384982
100038456|F|0-36:A>C-36:A>C,100018585|F|0-68:A>G-68:A>G,351680.0,4632943.0,0.0013876400574771661
100038456|F|0-36:A>C-36:A>C,100021948|F|0-23:C>G-23:C>G,351680.0,4712047.0,0.15801365635807968
100038456|F|0-36:A>C-36:A>C,100040647|F|0-14:T>A-14:T>A,351680.0,4728537.0,0.004694462765119032
100038456|F|0-36:A>C-36:A>C,100018462|F|0-57:G>T-57:G>T,351680.0,4783202.0,0.016324698625842623
100038456|F|0-36:A>C-36:A>C,100028807|F|0-29:G>A-29:G>A,351680.0,5488909.0,0.06123597472972484
100038456|F|0-36:A>C-36:A>C,100020957|F|0-56:G>A-56:G>A,351680.0,5525318.0,0.022430707138846324
100038456|F|0-36:A>C-36:A>C,100041207|F|0-27:C>A-27:C>A,351680.0,5602442.0,0.09368363283391387
100038456|F|0-36:A>C-36:A>C,100016888|F|0-67:C>T-67:C>T,351680.0,6552228.0,0.014402872467801045
100038456|F|0-36:A>C-36:A>C,100013584|F|0-22:T>C-22:T>C,351680.0,6865742.0,0.04208476035971093
100038456|F|0-36:A>C-36:A>C,100018629|F|0-63:G>A-63:G>A,351680.0,6866047.0,0.032898278054837964
100038456|F|0-36:A>C-36:A>C,100040243|F|0-44:T>G-44:T>G,351680.0,6915952.0,0.03564104901880495
100038456|F|0-36:A>C-36:A>C,100033204|F|0-66:T>C-66:T>C,351680.0,7052774.0,0.0005490422263384946
100038456|F|0-36:A>C-36:A>C,100021889|F|0-32:T>A-32:T>A,351680.0,7053581.0,0.001986526670228935
100038456|F|0-36:A>C-36:A>C,100028365|F|0-14:C>A-14:C>A,351680.0,7058744.0,0.0006287043102725625
100038456|F|0-36:A>C-36:A>C,100043120|F|0-10:T>G-10:T>G,351680.0,7220209.0,0.012864532696670183
100038456|F|0-36:A>C-36:A>C,100014119|F|0-65:C>G-65:C>G,351680.0,7227243.0,0.012864532696670183
100038456|F|0-36:A>C-36:A>C,100018572|F|0-44:T>A-44:T>A,351680.0,7228216.0,0.022430707138846366
100038456|F|0-36:A>C-36:A>C,100017140|F|0-53:T>C-53:T>C,351680.0,7621185.0,0.0016764028544386225
100038456|F|0-36:A>C-36:A>C,100014614|F|0-54:G>A-54:G>A,351680.0,7686876.0,0.0006058603216567513
100038456|F|0-36:A>C-36:A>C,100020518|F|0-50:T>G-50:T>G,351680.0,8001607.0,0.0469914357294794
100038456|F|0-36:A>C-36:A>C,100018646|F|0-46:C>T-46:C>T,351680.0,8570732.0,0.00754966643479787
100038456|F|0-36:A>C-36:A>C,100041050|F|0-49:T>A-49:T>A,351680.0,8877660.0,0.005253648123597911
100038456|F|0-36:A>C-36:A>C,100040807|F|0-22:G>A-22:G>A,351680.0,13128905.0,0.05058915803297803
100038456|F|0-36:A>C-36:A>C,100015846|F|0-45:G>T-45:G>T,351680.0,16161088.0,0.004149642492339103
100038456|F|0-36:A>C-36:A>C,100045098|F|0-63:G>T-63:G>T,351680.0,17792887.0,0.0027357956578596423
100038456|F|0-36:A>C-36:A>C,100017652|F|0-34:G>A-34:G>A,351680.0,20785539.0,0.023016603461378456
100038456|F|0-36:A>C-36:A>C,100044913|F|0-35:T>C-35:T>C,351680.0,30665404.0,0.02109517253630586
100038456|F|0-36:A>C-36:A>C,100015510|F|0-57:A>C-57:A>C,351680.0,35835846.0,0.05788554802625793
100038456|F|0-36:A>C-36:A>C,100015139|F|0-52:T>C-52:T>C,351680.0,35912066.0,0.023014950831280828
100038456|F|0-36:A>C-36:A>C,100036187|F|0-16:T>C-16:T>C,351680.0,42008443.0,0.20069225573040952
100038456|F|0-36:A>C-36:A>C,100014991|F|0-45:T>G-45:T>G,351680.0,43771333.0,0.04814072624347951
100038456|F|0-36:A>C-36:A>C,100060618|F|0-5:A>G-5:A>G,351680.0,53483214.0,0.03709004561612794
100038456|F|0-36:A>C-36:A>C,100019259|F|0-35:C>T-35:C>T,351680.0,64990492.0,0.004711905494992745
100019588|F|0-22:A>G-22:A>G,100034599|F|0-15:A>G-15:A>G,355298.0,384667.0,0.00044493304839761616
100019588|F|0-22:A>G-22:A>G,100013678|F|0-60:A>T-60:A>T,355298.0,384672.0,0.0015591143051832098
100019588|F|0-22:A>G-22:A>G,100034394|F|0-13:G>T-13:G>T,355298.0,395268.0,9.148129648033104e-05
100019588|F|0-22:A>G-22:A>G,100017460|F|0-50:C>T-50:C>T,355298.0,399483.0,0.010354498034400394
100019588|F|0-22:A>G-22:A>G,100040406|F|0-25:G>A-25:G>A,355298.0,399735.0,0.007224339085490235
100019588|F|0-22:A>G-22:A>G,100035374|F|0-23:A>G-23:A>G,355298.0,415101.0,0.09577918221308442
100019588|F|0-22:A>G-22:A>G,100013415|F|0-20:G>A-20:G>A,355298.0,457327.0,0.016803224152573862
100019588|F|0-22:A>G-22:A>G,100015193|F|0-65:C>A-65:C>A,355298.0,881171.0,0.0005616170132513858
100019588|F|0-22:A>G-22:A>G,100014043|F|0-61:T>G-61:T>G,355298.0,2010696.0,0.011834796965061786
100019588|F|0-22:A>G-22:A>G,100052829|F|0-41:A>T-41:A>T,355298.0,2175352.0,0.015958612500722173
100019588|F|0-22:A>G-22:A>G,100033134|F|0-15:C>T-15:C>T,355298.0,2234010.0,0.0030430779684772515
100019588|F|0-22:A>G-22:A>G,100021344|F|0-55:A>T-55:A>T,355298.0,2234950.0,0.0030430779684772515
100019588|F|0-22:A>G-22:A>G,100058484|F|0-60:G>A-60:G>A,355298.0,2239425.0,0.0030430779684772515
100019588|F|0-22:A>G-22:A>G,100034034|F|0-18:A>G-18:A>G,355298.0,2251809.0,0.005169891324634372
100019588|F|0-22:A>G-22:A>G,100022059|F|0-28:G>C-28:G>C,355298.0,2251814.0,0.0030430779684772515
100019588|F|0-22:A>G-22:A>G,100021104|F|0-25:C>T-25:C>T,355298.0,2304248.0,0.002411153323845171
100019588|F|0-22:A>G-22:A>G,100018738|F|0-46:T>C-46:T>C,355298.0,2322887.0,0.0023571259632614366
100019588|F|0-22:A>G-22:A>G,100028644|F|0-13:T>C-13:T>C,355298.0,2337096.0,0.0012207658699563005
100019588|F|0-22:A>G-22:A>G,100019784|F|0-32:C>G-32:C>G,355298.0,2348981.0,0.020897691396289903
100019588|F|0-22:A>G-22:A>G,100029801|F|0-44:C>T-44:C>T,355298.0,2411287.0,0.03600527903526159
100019588|F|0-22:A>G-22:A>G,100018506|F|0-23:C>T-23:C>T,355298.0,2437135.0,0.04894494757564715
100019588|F|0-22:A>G-22:A>G,100016982|F|0-43:C>A-43:C>A,355298.0,2465867.0,1.0232798248478835e-05
100019588|F|0-22:A>G-22:A>G,100014343|F|0-46:C>T-46:C>T,355298.0,2481166.0,0.0006933543373473967
100019588|F|0-22:A>G-22:A>G,100021653|F|0-36:G>A-36:G>A,355298.0,2486131.0,0.0024111533238451786
100019588|F|0-22:A>G-22:A>G,100033716|F|0-51:T>C-51:T>C,355298.0,2760698.0,0.03605496146812228
100019588|F|0-22:A>G-22:A>G,100029063|F|0-9:C>T-9:C>T,355298.0,2761830.0,0.03835707074039556
100019588|F|0-22:A>G-22:A>G,100016995|F|0-19:T>G-19:T>G,355298.0,2968804.0,0.04088258234566363
100019588|F|0-22:A>G-22:A>G,100028785|F|0-15:C>T-15:C>T,355298.0,4410868.0,0.004690184121455775
100019588|F|0-22:A>G-22:A>G,100018585|F|0-68:A>G-68:A>G,355298.0,4632943.0,2.1301888589938303e-05
100019588|F|0-22:A>G-22:A>G,100021948|F|0-23:C>G-23:C>G,355298.0,4712047.0,0.0684433748304823
100019588|F|0-22:A>G-22:A>G,100040647|F|0-14:T>A-14:T>A,355298.0,4728537.0,1.925565710261005e-06
100019588|F|0-22:A>G-22:A>G,100018462|F|0-57:G>T-57:G>T,355298.0,4783202.0,0.006161094816769416
100019588|F|0-22:A>G-22:A>G,100028807|F|0-29:G>A-29:G>A,355298.0,5488909.0,0.003660367114818718
100019588|F|0-22:A>G-22:A>G,100020957|F|0-56:G>A-56:G>A,355298.0,5525318.0,0.02224212029202913
100019588|F|0-22:A>G-22:A>G,100041207|F|0-27:C>A-27:C>A,355298.0,5602442.0,0.000821988967709861
100019588|F|0-22:A>G-22:A>G,100016888|F|0-67:C>T-67:C>T,355298.0,6552228.0,0.001981572893038851
100019588|F|0-22:A>G-22:A>G,100013584|F|0-22:T>C-22:T>C,355298.0,6865742.0,8.503787019819622e-05
100019588|F|0-22:A>G-22:A>G,100018629|F|0-63:G>A-63:G>A,355298.0,6866047.0,8.503787019819538e-05
100019588|F|0-22:A>G-22:A>G,100040243|F|0-44:T>G-44:T>G,355298.0,6915952.0,6.220958330854696e-06
100019588|F|0-22:A>G-22:A>G,100033204|F|0-66:T>C-66:T>C,355298.0,7052774.0,0.032455678340402916
100019588|F|0-22:A>G-22:A>G,100021889|F|0-32:T>A-32:T>A,355298.0,7053581.0,0.042473530170398156
100019588|F|0-22:A>G-22:A>G,100028365|F|0-14:C>A-14:C>A,355298.0,7058744.0,0.002463599655974861
100019588|F|0-22:A>G-22:A>G,100043120|F|0-10:T>G-10:T>G,355298.0,7220209.0,0.016584843615015204
100019588|F|0-22:A>G-22:A>G,100014119|F|0-65:C>G-65:C>G,355298.0,7227243.0,0.016584843615015204
100019588|F|0-22:A>G-22:A>G,100018572|F|0-44:T>A-44:T>A,355298.0,7228216.0,0.042546228054060505
100019588|F|0-22:A>G-22:A>G,100017140|F|0-53:T>C-53:T>C,355298.0,7621185.0,0.0074837486648794225
100019588|F|0-22:A>G-22:A>G,100014614|F|0-54:G>A-54:G>A,355298.0,7686876.0,0.0763469998639393
100019588|F|0-22:A>G-22:A>G,100020518|F|0-50:T>G-50:T>G,355298.0,8001607.0,0.014004634639916481
100019588|F|0-22:A>G-22:A>G,100018646|F|0-46:C>T-46:C>T,355298.0,8570732.0,0.036005553197018134
100019588|F|0-22:A>G-22:A>G,100041050|F|0-49:T>A-49:T>A,355298.0,8877660.0,0.0034654439869420445
100019588|F|0-22:A>G-22:A>G,100040807|F|0-22:G>A-22:G>A,355298.0,13128905.0,0.00734295260124099
100019588|F|0-22:A>G-22:A>G,100015846|F|0-45:G>T-45:G>T,355298.0,16161088.0,0.0015661141094834184
100019588|F|0-22:A>G-22:A>G,100045098|F|0-63:G>T-63:G>T,355298.0,17792887.0,0.005347961243241391
100019588|F|0-22:A>G-22:A>G,100017652|F|0-34:G>A-34:G>A,355298.0,20785539.0,0.012827506374487686
100019588|F|0-22:A>G-22:A>G,100044913|F|0-35:T>C-35:T>C,355298.0,30665404.0,0.001990379135798328
100019588|F|0-22:A>G-22:A>G,100015510|F|0-57:A>C-57:A>C,355298.0,35835846.0,0.018644741854662725
100019588|F|0-22:A>G-22:A>G,100015139|F|0-52:T>C-52:T>C,355298.0,35912066.0,0.00286769064999221
100019588|F|0-22:A>G-22:A>G,100036187|F|0-16:T>C-16:T>C,355298.0,42008443.0,0.03859791621141343
100019588|F|0-22:A>G-22:A>G,100014991|F|0-45:T>G-45:T>G,355298.0,43771333.0,0.016012120916568687
100019588|F|0-22:A>G-22:A>G,100060618|F|0-5:A>G-5:A>G,355298.0,53483214.0,0.004109608597576614
100019588|F|0-22:A>G-22:A>G,100019259|F|0-35:C>T-35:C>T,355298.0,64990492.0,0.018980678642510067
100034599|F|0-15:A>G-15:A>G,100013678|F|0-60:A>T-60:A>T,384667.0,384672.0,0.9713084587307692
100034599|F|0-15:A>G-15:A>G,100034394|F|0-13:G>T-13:G>T,384667.0,395268.0,0.10705858712029984
100034599|F|0-15:A>G-15:A>G,100017460|F|0-50:C>T-50:C>T,384667.0,399483.0,0.04426676469687218
100034599|F|0-15:A>G-15:A>G,100040406|F|0-25:G>A-25:G>A,384667.0,399735.0,0.00877352025668992
100034599|F|0-15:A>G-15:A>G,100035374|F|0-23:A>G-23:A>G,384667.0,415101.0,0.02256227041780165
100034599|F|0-15:A>G-15:A>G,100013415|F|0-20:G>A-20:G>A,384667.0,457327.0,0.0008188638090799532
100034599|F|0-15:A>G-15:A>G,100015193|F|0-65:C>A-65:C>A,384667.0,881171.0,0.06750182980166725
100034599|F|0-15:A>G-15:A>G,100014043|F|0-61:T>G-61:T>G,384667.0,2010696.0,0.00014204734615606615
100034599|F|0-15:A>G-15:A>G,100052829|F|0-41:A>T-41:A>T,384667.0,2175352.0,0.00027090105859798187
100034599|F|0-15:A>G-15:A>G,100033134|F|0-15:C>T-15:C>T,384667.0,2234010.0,0.1244626889862367
100034599|F|0-15:A>G-15:A>G,100021344|F|0-55:A>T-55:A>T,384667.0,2234950.0,0.1244626889862367
100034599|F|0-15:A>G-15:A>G,100058484|F|0-60:G>A-60:G>A,384667.0,2239425.0,0.1244626889862367
100034599|F|0-15:A>G-15:A>G,100034034|F|0-18:A>G-18:A>G,384667.0,2251809.0,0.08293195413366207
100034599|F|0-15:A>G-15:A>G,100022059|F|0-28:G>C-28:G>C,384667.0,2251814.0,0.10043136115746405
100034599|F|0-15:A>G-15:A>G,100021104|F|0-25:C>T-25:C>T,384667.0,2304248.0,0.06481693192296455
100034599|F|0-15:A>G-15:A>G,100018738|F|0-46:T>C-46:T>C,384667.0,2322887.0,0.003935227991106565
100034599|F|0-15:A>G-15:A>G,100028644|F|0-13:T>C-13:T>C,384667.0,2337096.0,0.0022099875930521084
100034599|F|0-15:A>G-15:A>G,100019784|F|0-32:C>G-32:C>G,384667.0,2348981.0,0.04148304024886789
100034599|F|0-15:A>G-15:A>G,100029801|F|0-44:C>T-44:C>T,384667.0,2411287.0,0.00013423611432411957
100034599|F|0-15:A>G-15:A>G,100018506|F|0-23:C>T-23:C>T,384667.0,2437135.0,0.03277082827019425
100034599|F|0-15:A>G-15:A>G,100016982|F|0-43:C>A-43:C>A,384667.0,2465867.0,0.0009962187709190793
100034599|F|0-15:A>G-15:A>G,100014343|F|0-46:C>T-46:C>T,384667.0,2481166.0,0.00984076262563158
100034599|F|0-15:A>G-15:A>G,100021653|F|0-36:G>A-36:G>A,384667.0,2486131.0,0.01282769710554523
100034599|F|0-15:A>G-15:A>G,100033716|F|0-51:T>C-51:T>C,384667.0,2760698.0,0.012601742966399284
100034599|F|0-15:A>G-15:A>G,100029063|F|0-9:C>T-9:C>T,384667.0,2761830.0,0.017812079101929047
100034599|F|0-15:A>G-15:A>G,100016995|F|0-19:T>G-19:T>G,384667.0,2968804.0,0.028890335564660342
100034599|F|0-15:A>G-15:A>G,100028785|F|0-15:C>T-15:C>T,384667.0,4410868.0,0.010996009690401943
100034599|F|0-15:A>G-15:A>G,100018585|F|0-68:A>G-68:A>G,384667.0,4632943.0,0.0027862072445911314
100034599|F|0-15:A>G-15:A>G,100021948|F|0-23:C>G-23:C>G,384667.0,4712047.0,0.0030521518350233026
100034599|F|0-15:A>G-15:A>G,100040647|F|0-14:T>A-14:T>A,384667.0,4728537.0,0.012549265311593208
100034599|F|0-15:A>G-15:A>G,100018462|F|0-57:G>T-57:G>T,384667.0,4783202.0,0.032777947949832756
100034599|F|0-15:A>G-15:A>G,100028807|F|0-29:G>A-29:G>A,384667.0,5488909.0,0.06595958374594259
100034599|F|0-15:A>G-15:A>G,100020957|F|0-56:G>A-56:G>A,384667.0,5525318.0,0.01370147207389231
100034599|F|0-15:A>G-15:A>G,100041207|F|0-27:C>A-27:C>A,384667.0,5602442.0,0.011442969356275798
100034599|F|0-15:A>G-15:A>G,100016888|F|0-67:C>T-67:C>T,384667.0,6552228.0,0.014549180136809135
100034599|F|0-15:A>G-15:A>G,100013584|F|0-22:T>C-22:T>C,384667.0,6865742.0,0.0014900501143385381
100034599|F|0-15:A>G-15:A>G,100018629|F|0-63:G>A-63:G>A,384667.0,6866047.0,0.0014900501143385381
100034599|F|0-15:A>G-15:A>G,100040243|F|0-44:T>G-44:T>G,384667.0,6915952.0,0.002619114207738478
100034599|F|0-15:A>G-15:A>G,100033204|F|0-66:T>C-66:T>C,384667.0,7052774.0,0.010996009690401935
100034599|F|0-15:A>G-15:A>G,100021889|F|0-32:T>A-32:T>A,384667.0,7053581.0,0.02116717546776331
100034599|F|0-15:A>G-15:A>G,100028365|F|0-14:C>A-14:C>A,384667.0,7058744.0,0.028519010159367055
100034599|F|0-15:A>G-15:A>G,100043120|F|0-10:T>G-10:T>G,384667.0,7220209.0,0.011600060290790947
100034599|F|0-15:A>G-15:A>G,100014119|F|0-65:C>G-65:C>G,384667.0,7227243.0,0.011600060290790947
100034599|F|0-15:A>G-15:A>G,100018572|F|0-44:T>A-44:T>A,384667.0,7228216.0,0.028324154209283997
100034599|F|0-15:A>G-15:A>G,100017140|F|0-53:T>C-53:T>C,384667.0,7621185.0,0.04517722585198173
100034599|F|0-15:A>G-15:A>G,100014614|F|0-54:G>A-54:G>A,384667.0,7686876.0,0.001027830487033524
100034599|F|0-15:A>G-15:A>G,100020518|F|0-50:T>G-50:T>G,384667.0,8001607.0,0.003169278589636901
100034599|F|0-15:A>G-15:A>G,100018646|F|0-46:C>T-46:C>T,384667.0,8570732.0,0.016274547172213955
100034599|F|0-15:A>G-15:A>G,100041050|F|0-49:T>A-49:T>A,384667.0,8877660.0,0.012934903120215432
100034599|F|0-15:A>G-15:A>G,100040807|F|0-22:G>A-22:G>A,384667.0,13128905.0,0.06829729410374585
100034599|F|0-15:A>G-15:A>G,100015846|F|0-45:G>T-45:G>T,384667.0,16161088.0,0.0006039439778583722
100034599|F|0-15:A>G-15:A>G,100045098|F|0-63:G>T-63:G>T,384667.0,17792887.0,0.006561309683741354
100034599|F|0-15:A>G-15:A>G,100017652|F|0-34:G>A-34:G>A,384667.0,20785539.0,0.03791493865935548
100034599|F|0-15:A>G-15:A>G,100044913|F|0-35:T>C-35:T>C,384667.0,30665404.0,0.0016014402848203697
100034599|F|0-15:A>G-15:A>G,100015510|F|0-57:A>C-57:A>C,384667.0,35835846.0,0.0012632516873867525
100034599|F|0-15:A>G-15:A>G,100015139|F|0-52:T>C-52:T>C,384667.0,35912066.0,0.017817068342315705
100034599|F|0-15:A>G-15:A>G,100036187|F|0-16:T>C-16:T>C,384667.0,42008443.0,0.0631648553849693
100034599|F|0-15:A>G-15:A>G,100014991|F|0-45:T>G-45:T>G,384667.0,43771333.0,0.054179937275233875
100034599|F|0-15:A>G-15:A>G,100060618|F|0-5:A>G-5:A>G,384667.0,53483214.0,0.04016560070348701
100034599|F|0-15:A>G-15:A>G,100019259|F|0-35:C>T-35:C>T,384667.0,64990492.0,0.008517052591021762
100013678|F|0-60:A>T-60:A>T,100034394|F|0-13:G>T-13:G>T,384672.0,395268.0,0.11611130670090639
100013678|F|0-60:A>T-60:A>T,100017460|F|0-50:C>T-50:C>T,384672.0,399483.0,0.051685732623551084
100013678|F|0-60:A>T-60:A>T,100040406|F|0-25:G>A-25:G>A,384672.0,399735.0,0.007115631786553236
100013678|F|0-60:A>T-60:A>T,100035374|F|0-23:A>G-23:A>G,384672.0,415101.0,0.02331035446597698
100013678|F|0-60:A>T-60:A>T,100013415|F|0-20:G>A-20:G>A,384672.0,457327.0,0.0015652731854473632
100013678|F|0-60:A>T-60:A>T,100015193|F|0-65:C>A-65:C>A,384672.0,881171.0,0.07023188788418809
100013678|F|0-60:A>T-60:A>T,100014043|F|0-61:T>G-61:T>G,384672.0,2010696.0,0.0005778394139819351
100013678|F|0-60:A>T-60:A>T,100052829|F|0-41:A>T-41:A>T,384672.0,2175352.0,0.00048400224418999893
100013678|F|0-60:A>T-60:A>T,100033134|F|0-15:C>T-15:C>T,384672.0,2234010.0,0.1309927725215152
100013678|F|0-60:A>T-60:A>T,100021344|F|0-55:A>T-55:A>T,384672.0,2234950.0,0.1309927725215152
100013678|F|0-60:A>T-60:A>T,100058484|F|0-60:G>A-60:G>A,384672.0,2239425.0,0.1309927725215152
100013678|F|0-60:A>T-60:A>T,100034034|F|0-18:A>G-18:A>G,384672.0,2251809.0,0.08872105822042188
100013678|F|0-60:A>T-60:A>T,100022059|F|0-28:G>C-28:G>C,384672.0,2251814.0,0.10647097051897754
100013678|F|0-60:A>T-60:A>T,100021104|F|0-25:C>T-25:C>T,384672.0,2304248.0,0.06735219934033657
100013678|F|0-60:A>T-60:A>T,100018738|F|0-46:T>C-46:T>C,384672.0,2322887.0,0.008349167103917253
100013678|F|0-60:A>T-60:A>T,100028644|F|0-13:T>C-13:T>C,384672.0,2337096.0,0.0026899988673689027
100013678|F|0-60:A>T-60:A>T,100019784|F|0-32:C>G-32:C>G,384672.0,2348981.0,0.0493037607737943
100013678|F|0-60:A>T-60:A>T,100029801|F|0-44:C>T-44:C>T,384672.0,2411287.0,0.00042202735187402563
100013678|F|0-60:A>T-60:A>T,100018506|F|0-23:C>T-23:C>T,384672.0,2437135.0,0.037859060133808735
100013678|F|0-60:A>T-60:A>T,100016982|F|0-43:C>A-43:C>A,384672.0,2465867.0,0.0016566110376680248
100013678|F|0-60:A>T-60:A>T,100014343|F|0-46:C>T-46:C>T,384672.0,2481166.0,0.008365784436670855
100013678|F|0-60:A>T-60:A>T,100021653|F|0-36:G>A-36:G>A,384672.0,2486131.0,0.011179171632621008
100013678|F|0-60:A>T-60:A>T,100033716|F|0-51:T>C-51:T>C,384672.0,2760698.0,0.014197284640044952
100013678|F|0-60:A>T-60:A>T,100029063|F|0-9:C>T-9:C>T,384672.0,2761830.0,0.019520956795766684
100013678|F|0-60:A>T-60:A>T,100016995|F|0-19:T>G-19:T>G,384672.0,2968804.0,0.03496916214272749
100013678|F|0-60:A>T-60:A>T,100028785|F|0-15:C>T-15:C>T,384672.0,4410868.0,0.006037717621984544
100013678|F|0-60:A>T-60:A>T,100018585|F|0-68:A>G-68:A>G,384672.0,4632943.0,0.004462179726390056
100013678|F|0-60:A>T-60:A>T,100021948|F|0-23:C>G-23:C>G,384672.0,4712047.0,0.0030374055923745816
100013678|F|0-60:A>T-60:A>T,100040647|F|0-14:T>A-14:T>A,384672.0,4728537.0,0.006721159566196373
100013678|F|0-60:A>T-60:A>T,100018462|F|0-57:G>T-57:G>T,384672.0,4783202.0,0.035066028032042396
100013678|F|0-60:A>T-60:A>T,100028807|F|0-29:G>A-29:G>A,384672.0,5488909.0,0.06984398486497709
100013678|F|0-60:A>T-60:A>T,100020957|F|0-56:G>A-56:G>A,384672.0,5525318.0,0.015175769259456873
100013678|F|0-60:A>T-60:A>T,100041207|F|0-27:C>A-27:C>A,384672.0,5602442.0,0.013964037759909313
100013678|F|0-60:A>T-60:A>T,100016888|F|0-67:C>T-67:C>T,384672.0,6552228.0,0.023098588555242303
100013678|F|0-60:A>T-60:A>T,100013584|F|0-22:T>C-22:T>C,384672.0,6865742.0,0.001266714636925106
100013678|F|0-60:A>T-60:A>T,100018629|F|0-63:G>A-63:G>A,384672.0,6866047.0,0.001266714636925104
100013678|F|0-60:A>T-60:A>T,100040243|F|0-44:T>G-44:T>G,384672.0,6915952.0,0.0018525201213371713
100013678|F|0-60:A>T-60:A>T,100033204|F|0-66:T>C-66:T>C,384672.0,7052774.0,0.013135809401330106
100013678|F|0-60:A>T-60:A>T,100021889|F|0-32:T>A-32:T>A,384672.0,7053581.0,0.024453741672003777
100013678|F|0-60:A>T-60:A>T,100028365|F|0-14:C>A-14:C>A,384672.0,7058744.0,0.029672438954109828
100013678|F|0-60:A>T-60:A>T,100043120|F|0-10:T>G-10:T>G,384672.0,7220209.0,0.012903295137737482
100013678|F|0-60:A>T-60:A>T,100014119|F|0-65:C>G-65:C>G,384672.0,7227243.0,0.012903295137737482
100013678|F|0-60:A>T-60:A>T,100018572|F|0-44:T>A-44:T>A,384672.0,7228216.0,0.030301335123442942
100013678|F|0-60:A>T-60:A>T,100017140|F|0-53:T>C-53:T>C,384672.0,7621185.0,0.048330843363353276
100013678|F|0-60:A>T-60:A>T,100014614|F|0-54:G>A-54:G>A,384672.0,7686876.0,0.0018363614558973354
100013678|F|0-60:A>T-60:A>T,100020518|F|0-50:T>G-50:T>G,384672.0,8001607.0,0.00894073898765463
100013678|F|0-60:A>T-60:A>T,100018646|F|0-46:C>T-46:C>T,384672.0,8570732.0,0.01915291368172814
100013678|F|0-60:A>T-60:A>T,100041050|F|0-49:T>A-49:T>A,384672.0,8877660.0,0.010996161103520063
100013678|F|0-60:A>T-60:A>T,100040807|F|0-22:G>A-22:G>A,384672.0,13128905.0,0.06058322411533418
100013678|F|0-60:A>T-60:A>T,100015846|F|0-45:G>T-45:G>T,384672.0,16161088.0,0.000360209362502941
100013678|F|0-60:A>T-60:A>T,100045098|F|0-63:G>T-63:G>T,384672.0,17792887.0,0.0054782913574475635
100013678|F|0-60:A>T-60:A>T,100017652|F|0-34:G>A-34:G>A,384672.0,20785539.0,0.03985925655251549
100013678|F|0-60:A>T-60:A>T,100044913|F|0-35:T>C-35:T>C,384672.0,30665404.0,6.315649514692234e-05
100013678|F|0-60:A>T-60:A>T,100015510|F|0-57:A>C-57:A>C,384672.0,35835846.0,0.003119988035748353
100013678|F|0-60:A>T-60:A>T,100015139|F|0-52:T>C-52:T>C,384672.0,35912066.0,0.01956534541431628
100013678|F|0-60:A>T-60:A>T,100036187|F|0-16:T>C-16:T>C,384672.0,42008443.0,0.07064710788402098
100013678|F|0-60:A>T-60:A>T,100014991|F|0-45:T>G-45:T>G,384672.0,43771333.0,0.05044037364227827
100013678|F|0-60:A>T-60:A>T,100060618|F|0-5:A>G-5:A>G,384672.0,53483214.0,0.05063775497898326
100013678|F|0-60:A>T-60:A>T,100019259|F|0-35:C>T-35:C>T,384672.0,64990492.0,0.004160183272621943
100034394|F|0-13:G>T-13:G>T,100017460|F|0-50:C>T-50:C>T,395268.0,399483.0,0.6115796477440569
100034394|F|0-13:G>T-13:G>T,100040406|F|0-25:G>A-25:G>A,395268.0,399735.0,0.05708657302901098
100034394|F|0-13:G>T-13:G>T,100035374|F|0-23:A>G-23:A>G,395268.0,415101.0,0.05447889573280396
100034394|F|0-13:G>T-13:G>T,100013415|F|0-20:G>A-20:G>A,395268.0,457327.0,0.00015469056158403052
100034394|F|0-13:G>T-13:G>T,100015193|F|0-65:C>A-65:C>A,395268.0,881171.0,0.16442827679165928
100034394|F|0-13:G>T-13:G>T,100014043|F|0-61:T>G-61:T>G,395268.0,2010696.0,0.0006541833409385512
100034394|F|0-13:G>T-13:G>T,100052829|F|0-41:A>T-41:A>T,395268.0,2175352.0,4.411138525790197e-05
100034394|F|0-13:G>T-13:G>T,100033134|F|0-15:C>T-15:C>T,395268.0,2234010.0,0.0004518047269079904
100034394|F|0-13:G>T-13:G>T,100021344|F|0-55:A>T-55:A>T,395268.0,2234950.0,0.0004518047269079904
100034394|F|0-13:G>T-13:G>T,100058484|F|0-60:G>A-60:G>A,395268.0,2239425.0,0.0004518047269079904
100034394|F|0-13:G>T-13:G>T,100034034|F|0-18:A>G-18:A>G,395268.0,2251809.0,0.005533850835705605
100034394|F|0-13:G>T-13:G>T,100022059|F|0-28:G>C-28:G>C,395268.0,2251814.0,0.0030781387254667863
100034394|F|0-13:G>T-13:G>T,100021104|F|0-25:C>T-25:C>T,395268.0,2304248.0,0.0017648227206699737
100034394|F|0-13:G>T-13:G>T,100018738|F|0-46:T>C-46:T>C,395268.0,2322887.0,0.015099176580820063
100034394|F|0-13:G>T-13:G>T,100028644|F|0-13:T>C-13:T>C,395268.0,2337096.0,0.037751598946576426
100034394|F|0-13:G>T-13:G>T,100019784|F|0-32:C>G-32:C>G,395268.0,2348981.0,0.012003306892259659
100034394|F|0-13:G>T-13:G>T,100029801|F|0-44:C>T-44:C>T,395268.0,2411287.0,0.03519258523715321
100034394|F|0-13:G>T-13:G>T,100018506|F|0-23:C>T-23:C>T,395268.0,2437135.0,0.022179420922114144
100034394|F|0-13:G>T-13:G>T,100016982|F|0-43:C>A-43:C>A,395268.0,2465867.0,0.005118901462255031
100034394|F|0-13:G>T-13:G>T,100014343|F|0-46:C>T-46:C>T,395268.0,2481166.0,0.022106468324211984
100034394|F|0-13:G>T-13:G>T,100021653|F|0-36:G>A-36:G>A,395268.0,2486131.0,0.01779975346613655
100034394|F|0-13:G>T-13:G>T,100033716|F|0-51:T>C-51:T>C,395268.0,2760698.0,0.003274909761071303
100034394|F|0-13:G>T-13:G>T,100029063|F|0-9:C>T-9:C>T,395268.0,2761830.0,0.0026676859523815863
100034394|F|0-13:G>T-13:G>T,100016995|F|0-19:T>G-19:T>G,395268.0,2968804.0,0.06709341697726912
100034394|F|0-13:G>T-13:G>T,100028785|F|0-15:C>T-15:C>T,395268.0,4410868.0,0.05562896788699497
100034394|F|0-13:G>T-13:G>T,100018585|F|0-68:A>G-68:A>G,395268.0,4632943.0,0.016638110697833955
100034394|F|0-13:G>T-13:G>T,100021948|F|0-23:C>G-23:C>G,395268.0,4712047.0,0.0064434002256365955
100034394|F|0-13:G>T-13:G>T,100040647|F|0-14:T>A-14:T>A,395268.0,4728537.0,0.000857542261394363
100034394|F|0-13:G>T-13:G>T,100018462|F|0-57:G>T-57:G>T,395268.0,4783202.0,7.733230394024081e-05
100034394|F|0-13:G>T-13:G>T,100028807|F|0-29:G>A-29:G>A,395268.0,5488909.0,0.0001183666832459733
100034394|F|0-13:G>T-13:G>T,100020957|F|0-56:G>A-56:G>A,395268.0,5525318.0,0.00036237024551179594
100034394|F|0-13:G>T-13:G>T,100041207|F|0-27:C>A-27:C>A,395268.0,5602442.0,0.022045049221262547
100034394|F|0-13:G>T-13:G>T,100016888|F|0-67:C>T-67:C>T,395268.0,6552228.0,0.0009090149580472103
100034394|F|0-13:G>T-13:G>T,100013584|F|0-22:T>C-22:T>C,395268.0,6865742.0,0.03685461204797951
100034394|F|0-13:G>T-13:G>T,100018629|F|0-63:G>A-63:G>A,395268.0,6866047.0,0.04707106459965482
100034394|F|0-13:G>T-13:G>T,100040243|F|0-44:T>G-44:T>G,395268.0,6915952.0,0.030710318178558328
100034394|F|0-13:G>T-13:G>T,100033204|F|0-66:T>C-66:T>C,395268.0,7052774.0,0.016769719381672578
100034394|F|0-13:G>T-13:G>T,100021889|F|0-32:T>A-32:T>A,395268.0,7053581.0,0.016761694455302515
100034394|F|0-13:G>T-13:G>T,100028365|F|0-14:C>A-14:C>A,395268.0,7058744.0,0.00017367424372371248
100034394|F|0-13:G>T-13:G>T,100043120|F|0-10:T>G-10:T>G,395268.0,7220209.0,0.04465066813529513
100034394|F|0-13:G>T-13:G>T,100014119|F|0-65:C>G-65:C>G,395268.0,7227243.0,0.04465066813529513
100034394|F|0-13:G>T-13:G>T,100018572|F|0-44:T>A-44:T>A,395268.0,7228216.0,0.05078053862670932
100034394|F|0-13:G>T-13:G>T,100017140|F|0-53:T>C-53:T>C,395268.0,7621185.0,0.0728458552508957
100034394|F|0-13:G>T-13:G>T,100014614|F|0-54:G>A-54:G>A,395268.0,7686876.0,0.009759660071703645
100034394|F|0-13:G>T-13:G>T,100020518|F|0-50:T>G-50:T>G,395268.0,8001607.0,0.002603372759647915
100034394|F|0-13:G>T-13:G>T,100018646|F|0-46:C>T-46:C>T,395268.0,8570732.0,0.011045606960485642
100034394|F|0-13:G>T-13:G>T,100041050|F|0-49:T>A-49:T>A,395268.0,8877660.0,1.6676539177859563e-06
100034394|F|0-13:G>T-13:G>T,100040807|F|0-22:G>A-22:G>A,395268.0,13128905.0,0.23411802644308266
100034394|F|0-13:G>T-13:G>T,100015846|F|0-45:G>T-45:G>T,395268.0,16161088.0,0.0002441830178850488
100034394|F|0-13:G>T-13:G>T,100045098|F|0-63:G>T-63:G>T,395268.0,17792887.0,0.0007557403919426013
100034394|F|0-13:G>T-13:G>T,100017652|F|0-34:G>A-34:G>A,395268.0,20785539.0,0.03600739725482093
100034394|F|0-13:G>T-13:G>T,100044913|F|0-35:T>C-35:T>C,395268.0,30665404.0,0.003729512219059778
100034394|F|0-13:G>T-13:G>T,100015510|F|0-57:A>C-57:A>C,395268.0,35835846.0,0.019054364500816538
100034394|F|0-13:G>T-13:G>T,100015139|F|0-52:T>C-52:T>C,395268.0,35912066.0,1.5719071852847656e-05
100034394|F|0-13:G>T-13:G>T,100036187|F|0-16:T>C-16:T>C,395268.0,42008443.0,0.04071064348168974
100034394|F|0-13:G>T-13:G>T,100014991|F|0-45:T>G-45:T>G,395268.0,43771333.0,0.013298468112970228
100034394|F|0-13:G>T-13:G>T,100060618|F|0-5:A>G-5:A>G,395268.0,53483214.0,0.08595432314941782
100034394|F|0-13:G>T-13:G>T,100019259|F|0-35:C>T-35:C>T,395268.0,64990492.0,0.0010555424635560065
100017460|F|0-50:C>T-50:C>T,100040406|F|0-25:G>A-25:G>A,399483.0,399735.0,0.274233862149858
100017460|F|0-50:C>T-50:C>T,100035374|F|0-23:A>G-23:A>G,399483.0,415101.0,0.20205766618609028
100017460|F|0-50:C>T-50:C>T,100013415|F|0-20:G>A-20:G>A,399483.0,457327.0,0.007836816653088515
100017460|F|0-50:C>T-50:C>T,100015193|F|0-65:C>A-65:C>A,399483.0,881171.0,0.11351474376054717
100017460|F|0-50:C>T-50:C>T,100014043|F|0-61:T>G-61:T>G,399483.0,2010696.0,0.0008834117361249146
100017460|F|0-50:C>T-50:C>T,100052829|F|0-41:A>T-41:A>T,399483.0,2175352.0,0.010208313395221233
100017460|F|0-50:C>T-50:C>T,100033134|F|0-15:C>T-15:C>T,399483.0,2234010.0,0.0002271514077708498
100017460|F|0-50:C>T-50:C>T,100021344|F|0-55:A>T-55:A>T,399483.0,2234950.0,0.0002271514077708498
100017460|F|0-50:C>T-50:C>T,100058484|F|0-60:G>A-60:G>A,399483.0,2239425.0,0.0002271514077708498
100017460|F|0-50:C>T-50:C>T,100034034|F|0-18:A>G-18:A>G,399483.0,2251809.0,0.0018503128392823175
100017460|F|0-50:C>T-50:C>T,100022059|F|0-28:G>C-28:G>C,399483.0,2251814.0,0.0004294581303167629
100017460|F|0-50:C>T-50:C>T,100021104|F|0-25:C>T-25:C>T,399483.0,2304248.0,0.007139094028570359
100017460|F|0-50:C>T-50:C>T,100018738|F|0-46:T>C-46:T>C,399483.0,2322887.0,0.04225941170806849
100017460|F|0-50:C>T-50:C>T,100028644|F|0-13:T>C-13:T>C,399483.0,2337096.0,0.0821259144947416
100017460|F|0-50:C>T-50:C>T,100019784|F|0-32:C>G-32:C>G,399483.0,2348981.0,0.021798612141291245
100017460|F|0-50:C>T-50:C>T,100029801|F|0-44:C>T-44:C>T,399483.0,2411287.0,0.08111506378802744
100017460|F|0-50:C>T-50:C>T,100018506|F|0-23:C>T-23:C>T,399483.0,2437135.0,0.07540115755181243
100017460|F|0-50:C>T-50:C>T,100016982|F|0-43:C>A-43:C>A,399483.0,2465867.0,0.06323732996268214
100017460|F|0-50:C>T-50:C>T,100014343|F|0-46:C>T-46:C>T,399483.0,2481166.0,0.11351474376054725
100017460|F|0-50:C>T-50:C>T,100021653|F|0-36:G>A-36:G>A,399483.0,2486131.0,0.10779157808362258
100017460|F|0-50:C>T-50:C>T,100033716|F|0-51:T>C-51:T>C,399483.0,2760698.0,0.0035821852448261414
100017460|F|0-50:C>T-50:C>T,100029063|F|0-9:C>T-9:C>T,399483.0,2761830.0,0.0008864863300189603
100017460|F|0-50:C>T-50:C>T,100016995|F|0-19:T>G-19:T>G,399483.0,2968804.0,0.010208313395221215
100017460|F|0-50:C>T-50:C>T,100028785|F|0-15:C>T-15:C>T,399483.0,4410868.0,0.021422891301963367
100017460|F|0-50:C>T-50:C>T,100018585|F|0-68:A>G-68:A>G,399483.0,4632943.0,0.012897586765583696
100017460|F|0-50:C>T-50:C>T,100021948|F|0-23:C>G-23:C>G,399483.0,4712047.0,0.06434296529734146
100017460|F|0-50:C>T-50:C>T,100040647|F|0-14:T>A-14:T>A,399483.0,4728537.0,0.004276170071403738
100017460|F|0-50:C>T-50:C>T,100018462|F|0-57:G>T-57:G>T,399483.0,4783202.0,0.0029535953469513334
100017460|F|0-50:C>T-50:C>T,100028807|F|0-29:G>A-29:G>A,399483.0,5488909.0,0.0011889136182921492
100017460|F|0-50:C>T-50:C>T,100020957|F|0-56:G>A-56:G>A,399483.0,5525318.0,0.0038290714103722135
100017460|F|0-50:C>T-50:C>T,100041207|F|0-27:C>A-27:C>A,399483.0,5602442.0,0.07007751799418462
100017460|F|0-50:C>T-50:C>T,100016888|F|0-67:C>T-67:C>T,399483.0,6552228.0,6.885770432182852e-05
100017460|F|0-50:C>T-50:C>T,100013584|F|0-22:T>C-22:T>C,399483.0,6865742.0,0.0036613410796417327
100017460|F|0-50:C>T-50:C>T,100018629|F|0-63:G>A-63:G>A,399483.0,6866047.0,0.0036613410796417292
100017460|F|0-50:C>T-50:C>T,100040243|F|0-44:T>G-44:T>G,399483.0,6915952.0,0.015410697720749794
100017460|F|0-50:C>T-50:C>T,100033204|F|0-66:T>C-66:T>C,399483.0,7052774.0,3.808514009237903e-06
100017460|F|0-50:C>T-50:C>T,100021889|F|0-32:T>A-32:T>A,399483.0,7053581.0,0.0018503128392823138
100017460|F|0-50:C>T-50:C>T,100028365|F|0-14:C>A-14:C>A,399483.0,7058744.0,0.0019724004653082702
100017460|F|0-50:C>T-50:C>T,100043120|F|0-10:T>G-10:T>G,399483.0,7220209.0,0.016392731419505167
100017460|F|0-50:C>T-50:C>T,100014119|F|0-65:C>G-65:C>G,399483.0,7227243.0,0.016392731419505167
100017460|F|0-50:C>T-50:C>T,100018572|F|0-44:T>A-44:T>A,399483.0,7228216.0,0.008367498204896575
100017460|F|0-50:C>T-50:C>T,100017140|F|0-53:T>C-53:T>C,399483.0,7621185.0,0.035837155963302766
100017460|F|0-50:C>T-50:C>T,100014614|F|0-54:G>A-54:G>A,399483.0,7686876.0,0.013179483041501908
100017460|F|0-50:C>T-50:C>T,100020518|F|0-50:T>G-50:T>G,399483.0,8001607.0,3.122326507927575e-05
100017460|F|0-50:C>T-50:C>T,100018646|F|0-46:C>T-46:C>T,399483.0,8570732.0,0.01028449855310694
100017460|F|0-50:C>T-50:C>T,100041050|F|0-49:T>A-49:T>A,399483.0,8877660.0,0.005720456469077428
100017460|F|0-50:C>T-50:C>T,100040807|F|0-22:G>A-22:G>A,399483.0,13128905.0,0.1354497354497355
100017460|F|0-50:C>T-50:C>T,100015846|F|0-45:G>T-45:G>T,399483.0,16161088.0,0.0012538580246913582
100017460|F|0-50:C>T-50:C>T,100045098|F|0-63:G>T-63:G>T,399483.0,17792887.0,0.007101714240780055
100017460|F|0-50:C>T-50:C>T,100017652|F|0-34:G>A-34:G>A,399483.0,20785539.0,0.027818833072456296
100017460|F|0-50:C>T-50:C>T,100044913|F|0-35:T>C-35:T>C,399483.0,30665404.0,0.010772275899087467
100017460|F|0-50:C>T-50:C>T,100015510|F|0-57:A>C-57:A>C,399483.0,35835846.0,0.036109614744030086
100017460|F|0-50:C>T-50:C>T,100015139|F|0-52:T>C-52:T>C,399483.0,35912066.0,0.01847288026219707
100017460|F|0-50:C>T-50:C>T,100036187|F|0-16:T>C-16:T>C,399483.0,42008443.0,0.012794750335600014
100017460|F|0-50:C>T-50:C>T,100014991|F|0-45:T>G-45:T>G,399483.0,43771333.0,0.01464534781964809
100017460|F|0-50:C>T-50:C>T,100060618|F|0-5:A>G-5:A>G,399483.0,53483214.0,0.16088243839369257
100017460|F|0-50:C>T-50:C>T,100019259|F|0-35:C>T-35:C>T,399483.0,64990492.0,0.002064539471677721
100040406|F|0-25:G>A-25:G>A,100035374|F|0-23:A>G-23:A>G,399735.0,415101.0,0.1295014706534995
100040406|F|0-25:G>A-25:G>A,100013415|F|0-20:G>A-20:G>A,399735.0,457327.0,0.04038673227777914
100040406|F|0-25:G>A-25:G>A,100015193|F|0-65:C>A-65:C>A,399735.0,881171.0,0.005822009059419125
100040406|F|0-25:G>A-25:G>A,100014043|F|0-61:T>G-61:T>G,399735.0,2010696.0,0.01206865261465869
100040406|F|0-25:G>A-25:G>A,100052829|F|0-41:A>T-41:A>T,399735.0,2175352.0,0.000711530539639741
100040406|F|0-25:G>A-25:G>A,100033134|F|0-15:C>T-15:C>T,399735.0,2234010.0,0.016895250115921273
100040406|F|0-25:G>A-25:G>A,100021344|F|0-55:A>T-55:A>T,399735.0,2234950.0,0.016895250115921273
100040406|F|0-25:G>A-25:G>A,100058484|F|0-60:G>A-60:G>A,399735.0,2239425.0,0.016895250115921273
100040406|F|0-25:G>A-25:G>A,100034034|F|0-18:A>G-18:A>G,399735.0,2251809.0,0.019479519331701133
100040406|F|0-25:G>A-25:G>A,100022059|F|0-28:G>C-28:G>C,399735.0,2251814.0,0.016895250115921266
100040406|F|0-25:G>A-25:G>A,100021104|F|0-25:C>T-25:C>T,399735.0,2304248.0,0.007810713642842889
100040406|F|0-25:G>A-25:G>A,100018738|F|0-46:T>C-46:T>C,399735.0,2322887.0,0.06039955542159608
100040406|F|0-25:G>A-25:G>A,100028644|F|0-13:T>C-13:T>C,399735.0,2337096.0,0.07202018846543812
100040406|F|0-25:G>A-25:G>A,100019784|F|0-32:C>G-32:C>G,399735.0,2348981.0,0.05312397205936412
100040406|F|0-25:G>A-25:G>A,100029801|F|0-44:C>T-44:C>T,399735.0,2411287.0,0.10342225572417148
100040406|F|0-25:G>A-25:G>A,100018506|F|0-23:C>T-23:C>T,399735.0,2437135.0,0.19470236462831841
100040406|F|0-25:G>A-25:G>A,100016982|F|0-43:C>A-43:C>A,399735.0,2465867.0,0.11538897699338667
100040406|F|0-25:G>A-25:G>A,100014343|F|0-46:C>T-46:C>T,399735.0,2481166.0,0.29962986132832947
100040406|F|0-25:G>A-25:G>A,100021653|F|0-36:G>A-36:G>A,399735.0,2486131.0,0.3300026514101114
100040406|F|0-25:G>A-25:G>A,100033716|F|0-51:T>C-51:T>C,399735.0,2760698.0,0.04729787548523103
100040406|F|0-25:G>A-25:G>A,100029063|F|0-9:C>T-9:C>T,399735.0,2761830.0,0.0414639625608584
100040406|F|0-25:G>A-25:G>A,100016995|F|0-19:T>G-19:T>G,399735.0,2968804.0,0.0014280022635825358
100040406|F|0-25:G>A-25:G>A,100028785|F|0-15:C>T-15:C>T,399735.0,4410868.0,0.001087314190880868
100040406|F|0-25:G>A-25:G>A,100018585|F|0-68:A>G-68:A>G,399735.0,4632943.0,5.283237122804571e-05
100040406|F|0-25:G>A-25:G>A,100021948|F|0-23:C>G-23:C>G,399735.0,4712047.0,0.05902217682640331
100040406|F|0-25:G>A-25:G>A,100040647|F|0-14:T>A-14:T>A,399735.0,4728537.0,0.019134789289846334
100040406|F|0-25:G>A-25:G>A,100018462|F|0-57:G>T-57:G>T,399735.0,4783202.0,0.015280581679715062
100040406|F|0-25:G>A-25:G>A,100028807|F|0-29:G>A-29:G>A,399735.0,5488909.0,0.01357718675331056
100040406|F|0-25:G>A-25:G>A,100020957|F|0-56:G>A-56:G>A,399735.0,5525318.0,0.006945766224663355
100040406|F|0-25:G>A-25:G>A,100041207|F|0-27:C>A-27:C>A,399735.0,5602442.0,0.07977134743439097
100040406|F|0-25:G>A-25:G>A,100016888|F|0-67:C>T-67:C>T,399735.0,6552228.0,0.00018303228681976192
100040406|F|0-25:G>A-25:G>A,100013584|F|0-22:T>C-22:T>C,399735.0,6865742.0,0.036748721227621434
100040406|F|0-25:G>A-25:G>A,100018629|F|0-63:G>A-63:G>A,399735.0,6866047.0,0.036748721227621434
100040406|F|0-25:G>A-25:G>A,100040243|F|0-44:T>G-44:T>G,399735.0,6915952.0,0.0015429053557493126
100040406|F|0-25:G>A-25:G>A,100033204|F|0-66:T>C-66:T>C,399735.0,7052774.0,0.00822281356853656
100040406|F|0-25:G>A-25:G>A,100021889|F|0-32:T>A-32:T>A,399735.0,7053581.0,0.019479519331701146
100040406|F|0-25:G>A-25:G>A,100028365|F|0-14:C>A-14:C>A,399735.0,7058744.0,7.439711417509849e-05
100040406|F|0-25:G>A-25:G>A,100043120|F|0-10:T>G-10:T>G,399735.0,7220209.0,0.0001382340958035038
100040406|F|0-25:G>A-25:G>A,100014119|F|0-65:C>G-65:C>G,399735.0,7227243.0,0.0001382340958035038
100040406|F|0-25:G>A-25:G>A,100018572|F|0-44:T>A-44:T>A,399735.0,7228216.0,0.0007031870764638513
100040406|F|0-25:G>A-25:G>A,100017140|F|0-53:T>C-53:T>C,399735.0,7621185.0,8.77173543707259e-06
100040406|F|0-25:G>A-25:G>A,100014614|F|0-54:G>A-54:G>A,399735.0,7686876.0,0.019197372991064374
100040406|F|0-25:G>A-25:G>A,100020518|F|0-50:T>G-50:T>G,399735.0,8001607.0,0.0017062156832559935
100040406|F|0-25:G>A-25:G>A,100018646|F|0-46:C>T-46:C>T,399735.0,8570732.0,0.01379675973386395
100040406|F|0-25:G>A-25:G>A,100041050|F|0-49:T>A-49:T>A,399735.0,8877660.0,0.0261294031208719
100040406|F|0-25:G>A-25:G>A,100040807|F|0-22:G>A-22:G>A,399735.0,13128905.0,0.0004662219154972803
100040406|F|0-25:G>A-25:G>A,100015846|F|0-45:G>T-45:G>T,399735.0,16161088.0,0.005883810231636344
100040406|F|0-25:G>A-25:G>A,100045098|F|0-63:G>T-63:G>T,399735.0,17792887.0,0.005895053181123521
100040406|F|0-25:G>A-25:G>A,100017652|F|0-34:G>A-34:G>A,399735.0,20785539.0,0.00015278077659930134
100040406|F|0-25:G>A-25:G>A,100044913|F|0-35:T>C-35:T>C,399735.0,30665404.0,3.500665126374002e-05
100040406|F|0-25:G>A-25:G>A,100015510|F|0-57:A>C-57:A>C,399735.0,35835846.0,0.03973134638414348
100040406|F|0-25:G>A-25:G>A,100015139|F|0-52:T>C-52:T>C,399735.0,35912066.0,0.043095065641564054
100040406|F|0-25:G>A-25:G>A,100036187|F|0-16:T>C-16:T>C,399735.0,42008443.0,0.03060263045344032
100040406|F|0-25:G>A-25:G>A,100014991|F|0-45:T>G-45:T>G,399735.0,43771333.0,0.0008341279499593458
100040406|F|0-25:G>A-25:G>A,100060618|F|0-5:A>G-5:A>G,399735.0,53483214.0,0.060310220614690775
100040406|F|0-25:G>A-25:G>A,100019259|F|0-35:C>T-35:C>T,399735.0,64990492.0,0.00721029959317793
100035374|F|0-23:A>G-23:A>G,100013415|F|0-20:G>A-20:G>A,415101.0,457327.0,0.007541572063966549
100035374|F|0-23:A>G-23:A>G,100015193|F|0-65:C>A-65:C>A,415101.0,881171.0,0.039953475755266143
100035374|F|0-23:A>G-23:A>G,100014043|F|0-61:T>G-61:T>G,415101.0,2010696.0,0.0010946014332713107
100035374|F|0-23:A>G-23:A>G,100052829|F|0-41:A>T-41:A>T,415101.0,2175352.0,0.0017915009133845203
100035374|F|0-23:A>G-23:A>G,100033134|F|0-15:C>T-15:C>T,415101.0,2234010.0,0.008200679098075878
100035374|F|0-23:A>G-23:A>G,100021344|F|0-55:A>T-55:A>T,415101.0,2234950.0,0.008200679098075878
100035374|F|0-23:A>G-23:A>G,100058484|F|0-60:G>A-60:G>A,415101.0,2239425.0,0.008200679098075878
100035374|F|0-23:A>G-23:A>G,100034034|F|0-18:A>G-18:A>G,415101.0,2251809.0,0.013800794652945002
100035374|F|0-23:A>G-23:A>G,100022059|F|0-28:G>C-28:G>C,415101.0,2251814.0,0.008200679098075873
100035374|F|0-23:A>G-23:A>G,100021104|F|0-25:C>T-25:C>T,415101.0,2304248.0,0.0075542199905636554
100035374|F|0-23:A>G-23:A>G,100018738|F|0-46:T>C-46:T>C,415101.0,2322887.0,0.005120257471216964
100035374|F|0-23:A>G-23:A>G,100028644|F|0-13:T>C-13:T>C,415101.0,2337096.0,0.020405740614970035
100035374|F|0-23:A>G-23:A>G,100019784|F|0-32:C>G-32:C>G,415101.0,2348981.0,0.0065332849819276125
100035374|F|0-23:A>G-23:A>G,100029801|F|0-44:C>T-44:C>T,415101.0,2411287.0,0.012896809342218542
100035374|F|0-23:A>G-23:A>G,100018506|F|0-23:C>T-23:C>T,415101.0,2437135.0,0.10641505572442901
100035374|F|0-23:A>G-23:A>G,100016982|F|0-43:C>A-43:C>A,415101.0,2465867.0,0.04519910934567147
100035374|F|0-23:A>G-23:A>G,100014343|F|0-46:C>T-46:C>T,415101.0,2481166.0,0.10378713841156735
100035374|F|0-23:A>G-23:A>G,100021653|F|0-36:G>A-36:G>A,415101.0,2486131.0,0.10532904674710657
100035374|F|0-23:A>G-23:A>G,100033716|F|0-51:T>C-51:T>C,415101.0,2760698.0,0.030456189526105862
100035374|F|0-23:A>G-23:A>G,100029063|F|0-9:C>T-9:C>T,415101.0,2761830.0,0.029121311756290846
100035374|F|0-23:A>G-23:A>G,100016995|F|0-19:T>G-19:T>G,415101.0,2968804.0,0.0007078256670025386
100035374|F|0-23:A>G-23:A>G,100028785|F|0-15:C>T-15:C>T,415101.0,4410868.0,0.0001430284493348366
100035374|F|0-23:A>G-23:A>G,100018585|F|0-68:A>G-68:A>G,415101.0,4632943.0,0.005497339257508634
100035374|F|0-23:A>G-23:A>G,100021948|F|0-23:C>G-23:C>G,415101.0,4712047.0,0.06870717064063617
100035374|F|0-23:A>G-23:A>G,100040647|F|0-14:T>A-14:T>A,415101.0,4728537.0,0.0055471712158149085
100035374|F|0-23:A>G-23:A>G,100018462|F|0-57:G>T-57:G>T,415101.0,4783202.0,0.0025845126206521887
100035374|F|0-23:A>G-23:A>G,100028807|F|0-29:G>A-29:G>A,415101.0,5488909.0,0.0015959819197191756
100035374|F|0-23:A>G-23:A>G,100020957|F|0-56:G>A-56:G>A,415101.0,5525318.0,0.00012848430259379998
100035374|F|0-23:A>G-23:A>G,100041207|F|0-27:C>A-27:C>A,415101.0,5602442.0,0.0009670214124308153
100035374|F|0-23:A>G-23:A>G,100016888|F|0-67:C>T-67:C>T,415101.0,6552228.0,0.011090029503705977
100035374|F|0-23:A>G-23:A>G,100013584|F|0-22:T>C-22:T>C,415101.0,6865742.0,0.006159341439818034
100035374|F|0-23:A>G-23:A>G,100018629|F|0-63:G>A-63:G>A,415101.0,6866047.0,0.0030296630042868757
100035374|F|0-23:A>G-23:A>G,100040243|F|0-44:T>G-44:T>G,415101.0,6915952.0,6.42172515495753e-07
100035374|F|0-23:A>G-23:A>G,100033204|F|0-66:T>C-66:T>C,415101.0,7052774.0,0.002044999537804041
100035374|F|0-23:A>G-23:A>G,100021889|F|0-32:T>A-32:T>A,415101.0,7053581.0,0.00732743894418197
100035374|F|0-23:A>G-23:A>G,100028365|F|0-14:C>A-14:C>A,415101.0,7058744.0,0.003170797258567045
100035374|F|0-23:A>G-23:A>G,100043120|F|0-10:T>G-10:T>G,415101.0,7220209.0,0.0008594645241277026
100035374|F|0-23:A>G-23:A>G,100014119|F|0-65:C>G-65:C>G,415101.0,7227243.0,0.0008594645241277026
100035374|F|0-23:A>G-23:A>G,100018572|F|0-44:T>A-44:T>A,415101.0,7228216.0,0.001191665360213989
100035374|F|0-23:A>G-23:A>G,100017140|F|0-53:T>C-53:T>C,415101.0,7621185.0,0.03433452925396172
100035374|F|0-23:A>G-23:A>G,100014614|F|0-54:G>A-54:G>A,415101.0,7686876.0,0.00015782986838364888
100035374|F|0-23:A>G-23:A>G,100020518|F|0-50:T>G-50:T>G,415101.0,8001607.0,0.0019959892222495817
100035374|F|0-23:A>G-23:A>G,100018646|F|0-46:C>T-46:C>T,415101.0,8570732.0,0.0002653220509792799
100035374|F|0-23:A>G-23:A>G,100041050|F|0-49:T>A-49:T>A,415101.0,8877660.0,0.04776776978394567
100035374|F|0-23:A>G-23:A>G,100040807|F|0-22:G>A-22:G>A,415101.0,13128905.0,2.1560687377407523e-06
100035374|F|0-23:A>G-23:A>G,100015846|F|0-45:G>T-45:G>T,415101.0,16161088.0,0.015154882768999777
100035374|F|0-23:A>G-23:A>G,100045098|F|0-63:G>T-63:G>T,415101.0,17792887.0,0.025134208231767055
100035374|F|0-23:A>G-23:A>G,100017652|F|0-34:G>A-34:G>A,415101.0,20785539.0,0.053890761902084784
100035374|F|0-23:A>G-23:A>G,100044913|F|0-35:T>C-35:T>C,415101.0,30665404.0,0.002378075978036813
100035374|F|0-23:A>G-23:A>G,100015510|F|0-57:A>C-57:A>C,415101.0,35835846.0,0.02766377591635838
100035374|F|0-23:A>G-23:A>G,100015139|F|0-52:T>C-52:T>C,415101.0,35912066.0,0.05262646458213516
100035374|F|0-23:A>G-23:A>G,100036187|F|0-16:T>C-16:T>C,415101.0,42008443.0,0.007818757726108934
100035374|F|0-23:A>G-23:A>G,100014991|F|0-45:T>G-45:T>G,415101.0,43771333.0,0.001799741347114263
100035374|F|0-23:A>G-23:A>G,100060618|F|0-5:A>G-5:A>G,415101.0,53483214.0,0.036240559621904464
100035374|F|0-23:A>G-23:A>G,100019259|F|0-35:C>T-35:C>T,415101.0,64990492.0,0.001364022100879935
100013415|F|0-20:G>A-20:G>A,100015193|F|0-65:C>A-65:C>A,457327.0,881171.0,0.002198748615320939
100013415|F|0-20:G>A-20:G>A,100014043|F|0-61:T>G-61:T>G,457327.0,2010696.0,0.06630162030941171
100013415|F|0-20:G>A-20:G>A,100052829|F|0-41:A>T-41:A>T,457327.0,2175352.0,0.04628044701530709
100013415|F|0-20:G>A-20:G>A,100033134|F|0-15:C>T-15:C>T,457327.0,2234010.0,0.0013729400062576277
100013415|F|0-20:G>A-20:G>A,100021344|F|0-55:A>T-55:A>T,457327.0,2234950.0,0.0013729400062576277
100013415|F|0-20:G>A-20:G>A,100058484|F|0-60:G>A-60:G>A,457327.0,2239425.0,0.0013729400062576277
100013415|F|0-20:G>A-20:G>A,100034034|F|0-18:A>G-18:A>G,457327.0,2251809.0,0.004200204641088064
100013415|F|0-20:G>A-20:G>A,100022059|F|0-28:G>C-28:G>C,457327.0,2251814.0,0.006234462973426927
100013415|F|0-20:G>A-20:G>A,100021104|F|0-25:C>T-25:C>T,457327.0,2304248.0,0.005909386006614832
100013415|F|0-20:G>A-20:G>A,100018738|F|0-46:T>C-46:T>C,457327.0,2322887.0,0.008083503417818392
100013415|F|0-20:G>A-20:G>A,100028644|F|0-13:T>C-13:T>C,457327.0,2337096.0,0.007293037538384412
100013415|F|0-20:G>A-20:G>A,100019784|F|0-32:C>G-32:C>G,457327.0,2348981.0,0.006345742433792151
100013415|F|0-20:G>A-20:G>A,100029801|F|0-44:C>T-44:C>T,457327.0,2411287.0,0.013675134375793938
100013415|F|0-20:G>A-20:G>A,100018506|F|0-23:C>T-23:C>T,457327.0,2437135.0,0.0001351104580772308
100013415|F|0-20:G>A-20:G>A,100016982|F|0-43:C>A-43:C>A,457327.0,2465867.0,0.012980001576555511
100013415|F|0-20:G>A-20:G>A,100014343|F|0-46:C>T-46:C>T,457327.0,2481166.0,0.023014583257252055
100013415|F|0-20:G>A-20:G>A,100021653|F|0-36:G>A-36:G>A,457327.0,2486131.0,0.019021475199492852
100013415|F|0-20:G>A-20:G>A,100033716|F|0-51:T>C-51:T>C,457327.0,2760698.0,0.0040053295405314835
100013415|F|0-20:G>A-20:G>A,100029063|F|0-9:C>T-9:C>T,457327.0,2761830.0,0.004722061877756026
100013415|F|0-20:G>A-20:G>A,100016995|F|0-19:T>G-19:T>G,457327.0,2968804.0,0.005302540913006031
100013415|F|0-20:G>A-20:G>A,100028785|F|0-15:C>T-15:C>T,457327.0,4410868.0,0.009033161121996106
100013415|F|0-20:G>A-20:G>A,100018585|F|0-68:A>G-68:A>G,457327.0,4632943.0,0.027020814909755334
100013415|F|0-20:G>A-20:G>A,100021948|F|0-23:C>G-23:C>G,457327.0,4712047.0,0.009076121772148761
100013415|F|0-20:G>A-20:G>A,100040647|F|0-14:T>A-14:T>A,457327.0,4728537.0,0.001696196587408896
100013415|F|0-20:G>A-20:G>A,100018462|F|0-57:G>T-57:G>T,457327.0,4783202.0,0.036807300140077666
100013415|F|0-20:G>A-20:G>A,100028807|F|0-29:G>A-29:G>A,457327.0,5488909.0,0.007049762878722745
100013415|F|0-20:G>A-20:G>A,100020957|F|0-56:G>A-56:G>A,457327.0,5525318.0,0.011066958092462569
100013415|F|0-20:G>A-20:G>A,100041207|F|0-27:C>A-27:C>A,457327.0,5602442.0,0.01749578621406032
100013415|F|0-20:G>A-20:G>A,100016888|F|0-67:C>T-67:C>T,457327.0,6552228.0,0.010804822402576943
100013415|F|0-20:G>A-20:G>A,100013584|F|0-22:T>C-22:T>C,457327.0,6865742.0,0.0014929829799940268
100013415|F|0-20:G>A-20:G>A,100018629|F|0-63:G>A-63:G>A,457327.0,6866047.0,6.479960850668626e-05
100013415|F|0-20:G>A-20:G>A,100040243|F|0-44:T>G-44:T>G,457327.0,6915952.0,0.0007171789312370043
100013415|F|0-20:G>A-20:G>A,100033204|F|0-66:T>C-66:T>C,457327.0,7052774.0,6.764848843210809e-05
100013415|F|0-20:G>A-20:G>A,100021889|F|0-32:T>A-32:T>A,457327.0,7053581.0,0.000538640195252758
100013415|F|0-20:G>A-20:G>A,100028365|F|0-14:C>A-14:C>A,457327.0,7058744.0,0.001417539691111351
100013415|F|0-20:G>A-20:G>A,100043120|F|0-10:T>G-10:T>G,457327.0,7220209.0,0.0045057556792313
100013415|F|0-20:G>A-20:G>A,100014119|F|0-65:C>G-65:C>G,457327.0,7227243.0,0.0045057556792313
100013415|F|0-20:G>A-20:G>A,100018572|F|0-44:T>A-44:T>A,457327.0,7228216.0,0.0020571232654927095
100013415|F|0-20:G>A-20:G>A,100017140|F|0-53:T>C-53:T>C,457327.0,7621185.0,0.002881768189509306
100013415|F|0-20:G>A-20:G>A,100014614|F|0-54:G>A-54:G>A,457327.0,7686876.0,0.0013660333469729309
100013415|F|0-20:G>A-20:G>A,100020518|F|0-50:T>G-50:T>G,457327.0,8001607.0,0.03902920814407988
100013415|F|0-20:G>A-20:G>A,100018646|F|0-46:C>T-46:C>T,457327.0,8570732.0,0.01858905308710644
100013415|F|0-20:G>A-20:G>A,100041050|F|0-49:T>A-49:T>A,457327.0,8877660.0,0.020703079686231165
100013415|F|0-20:G>A-20:G>A,100040807|F|0-22:G>A-22:G>A,457327.0,13128905.0,0.003671138506163887
100013415|F|0-20:G>A-20:G>A,100015846|F|0-45:G>T-45:G>T,457327.0,16161088.0,0.0019930365742548547
100013415|F|0-20:G>A-20:G>A,100045098|F|0-63:G>T-63:G>T,457327.0,17792887.0,0.015279955705001765
100013415|F|0-20:G>A-20:G>A,100017652|F|0-34:G>A-34:G>A,457327.0,20785539.0,2.443668301094867e-05
100013415|F|0-20:G>A-20:G>A,100044913|F|0-35:T>C-35:T>C,457327.0,30665404.0,2.715862148139813e-34
100013415|F|0-20:G>A-20:G>A,100015510|F|0-57:A>C-57:A>C,457327.0,35835846.0,0.046096253384808
100013415|F|0-20:G>A-20:G>A,100015139|F|0-52:T>C-52:T>C,457327.0,35912066.0,0.0015931312651719866
100013415|F|0-20:G>A-20:G>A,100036187|F|0-16:T>C-16:T>C,457327.0,42008443.0,0.011876189485177246
100013415|F|0-20:G>A-20:G>A,100014991|F|0-45:T>G-45:T>G,457327.0,43771333.0,0.0370887282335725
100013415|F|0-20:G>A-20:G>A,100060618|F|0-5:A>G-5:A>G,457327.0,53483214.0,0.009270739262549503
100013415|F|0-20:G>A-20:G>A,100019259|F|0-35:C>T-35:C>T,457327.0,64990492.0,0.09980825327854895
100015193|F|0-65:C>A-65:C>A,100014043|F|0-61:T>G-61:T>G,881171.0,2010696.0,0.0001286984723491312
100015193|F|0-65:C>A-65:C>A,100052829|F|0-41:A>T-41:A>T,881171.0,2175352.0,0.0014871823471455398
100015193|F|0-65:C>A-65:C>A,100033134|F|0-15:C>T-15:C>T,881171.0,2234010.0,0.025025977378171083
100015193|F|0-65:C>A-65:C>A,100021344|F|0-55:A>T-55:A>T,881171.0,2234950.0,0.025025977378171083
100015193|F|0-65:C>A-65:C>A,100058484|F|0-60:G>A-60:G>A,881171.0,2239425.0,0.025025977378171083
100015193|F|0-65:C>A-65:C>A,100034034|F|0-18:A>G-18:A>G,881171.0,2251809.0,0.027426834597598485
100015193|F|0-65:C>A-65:C>A,100022059|F|0-28:G>C-28:G>C,881171.0,2251814.0,0.025025977378171083
100015193|F|0-65:C>A-65:C>A,100021104|F|0-25:C>T-25:C>T,881171.0,2304248.0,0.0071860940250820515
100015193|F|0-65:C>A-65:C>A,100018738|F|0-46:T>C-46:T>C,881171.0,2322887.0,0.06584853434410182
100015193|F|0-65:C>A-65:C>A,100028644|F|0-13:T>C-13:T>C,881171.0,2337096.0,0.07752131628030907
100015193|F|0-65:C>A-65:C>A,100019784|F|0-32:C>G-32:C>G,881171.0,2348981.0,0.0031756970925262504
100015193|F|0-65:C>A-65:C>A,100029801|F|0-44:C>T-44:C>T,881171.0,2411287.0,0.08897494369568143
100015193|F|0-65:C>A-65:C>A,100018506|F|0-23:C>T-23:C>T,881171.0,2437135.0,0.004089678974225453
100015193|F|0-65:C>A-65:C>A,100016982|F|0-43:C>A-43:C>A,881171.0,2465867.0,0.001402994614059551
100015193|F|0-65:C>A-65:C>A,100014343|F|0-46:C>T-46:C>T,881171.0,2481166.0,0.0006340251539775451
100015193|F|0-65:C>A-65:C>A,100021653|F|0-36:G>A-36:G>A,881171.0,2486131.0,0.00021734877958660292
100015193|F|0-65:C>A-65:C>A,100033716|F|0-51:T>C-51:T>C,881171.0,2760698.0,7.819831091648249e-05
100015193|F|0-65:C>A-65:C>A,100029063|F|0-9:C>T-9:C>T,881171.0,2761830.0,0.0003795322475899787
100015193|F|0-65:C>A-65:C>A,100016995|F|0-19:T>G-19:T>G,881171.0,2968804.0,5.228375439183542e-05
100015193|F|0-65:C>A-65:C>A,100028785|F|0-15:C>T-15:C>T,881171.0,4410868.0,0.00022193498902753228
100015193|F|0-65:C>A-65:C>A,100018585|F|0-68:A>G-68:A>G,881171.0,4632943.0,0.00033817918803867266
100015193|F|0-65:C>A-65:C>A,100021948|F|0-23:C>G-23:C>G,881171.0,4712047.0,0.013912376759529194
100015193|F|0-65:C>A-65:C>A,100040647|F|0-14:T>A-14:T>A,881171.0,4728537.0,0.047523585113822125
100015193|F|0-65:C>A-65:C>A,100018462|F|0-57:G>T-57:G>T,881171.0,4783202.0,0.029697646186561497
100015193|F|0-65:C>A-65:C>A,100028807|F|0-29:G>A-29:G>A,881171.0,5488909.0,0.00017320504151378384
100015193|F|0-65:C>A-65:C>A,100020957|F|0-56:G>A-56:G>A,881171.0,5525318.0,1.687205582625779e-05
100015193|F|0-65:C>A-65:C>A,100041207|F|0-27:C>A-27:C>A,881171.0,5602442.0,0.12839921113302383
100015193|F|0-65:C>A-65:C>A,100016888|F|0-67:C>T-67:C>T,881171.0,6552228.0,0.008553196895773503
100015193|F|0-65:C>A-65:C>A,100013584|F|0-22:T>C-22:T>C,881171.0,6865742.0,0.020383693045563585
100015193|F|0-65:C>A-65:C>A,100018629|F|0-63:G>A-63:G>A,881171.0,6866047.0,0.020383693045563575
100015193|F|0-65:C>A-65:C>A,100040243|F|0-44:T>G-44:T>G,881171.0,6915952.0,0.010888414835453868
100015193|F|0-65:C>A-65:C>A,100033204|F|0-66:T>C-66:T>C,881171.0,7052774.0,0.005113382147194377
100015193|F|0-65:C>A-65:C>A,100021889|F|0-32:T>A-32:T>A,881171.0,7053581.0,0.012400777474122231
100015193|F|0-65:C>A-65:C>A,100028365|F|0-14:C>A-14:C>A,881171.0,7058744.0,0.013666878047713795
100015193|F|0-65:C>A-65:C>A,100043120|F|0-10:T>G-10:T>G,881171.0,7220209.0,0.005218716592990666
100015193|F|0-65:C>A-65:C>A,100014119|F|0-65:C>G-65:C>G,881171.0,7227243.0,0.005218716592990666
100015193|F|0-65:C>A-65:C>A,100018572|F|0-44:T>A-44:T>A,881171.0,7228216.0,0.006748822330503309
100015193|F|0-65:C>A-65:C>A,100017140|F|0-53:T>C-53:T>C,881171.0,7621185.0,0.2807673585901921
100015193|F|0-65:C>A-65:C>A,100014614|F|0-54:G>A-54:G>A,881171.0,7686876.0,0.0019200326013698878
100015193|F|0-65:C>A-65:C>A,100020518|F|0-50:T>G-50:T>G,881171.0,8001607.0,0.015301870794714765
100015193|F|0-65:C>A-65:C>A,100018646|F|0-46:C>T-46:C>T,881171.0,8570732.0,0.01207355890599587
100015193|F|0-65:C>A-65:C>A,100041050|F|0-49:T>A-49:T>A,881171.0,8877660.0,0.016344371311461426
100015193|F|0-65:C>A-65:C>A,100040807|F|0-22:G>A-22:G>A,881171.0,13128905.0,0.06334361082562523
100015193|F|0-65:C>A-65:C>A,100015846|F|0-45:G>T-45:G>T,881171.0,16161088.0,0.012607221914775884
100015193|F|0-65:C>A-65:C>A,100045098|F|0-63:G>T-63:G>T,881171.0,17792887.0,0.005727901755029103
100015193|F|0-65:C>A-65:C>A,100017652|F|0-34:G>A-34:G>A,881171.0,20785539.0,0.35559724916934826
100015193|F|0-65:C>A-65:C>A,100044913|F|0-35:T>C-35:T>C,881171.0,30665404.0,0.01485767907413199
100015193|F|0-65:C>A-65:C>A,100015510|F|0-57:A>C-57:A>C,881171.0,35835846.0,0.0008530275273878757
100015193|F|0-65:C>A-65:C>A,100015139|F|0-52:T>C-52:T>C,881171.0,35912066.0,0.001001949472059222
100015193|F|0-65:C>A-65:C>A,100036187|F|0-16:T>C-16:T>C,881171.0,42008443.0,0.002596852998884317
100015193|F|0-65:C>A-65:C>A,100014991|F|0-45:T>G-45:T>G,881171.0,43771333.0,0.000980676745408476
100015193|F|0-65:C>A-65:C>A,100060618|F|0-5:A>G-5:A>G,881171.0,53483214.0,0.059246324880542524
100015193|F|0-65:C>A-65:C>A,100019259|F|0-35:C>T-35:C>T,881171.0,64990492.0,0.0056856188956323
100014043|F|0-61:T>G-61:T>G,100052829|F|0-41:A>T-41:A>T,2010696.0,2175352.0,0.01830742420250265
100014043|F|0-61:T>G-61:T>G,100033134|F|0-15:C>T-15:C>T,2010696.0,2234010.0,0.019388553617068198
100014043|F|0-61:T>G-61:T>G,100021344|F|0-55:A>T-55:A>T,2010696.0,2234950.0,0.019388553617068198
100014043|F|0-61:T>G-61:T>G,100058484|F|0-60:G>A-60:G>A,2010696.0,2239425.0,0.019388553617068198
100014043|F|0-61:T>G-61:T>G,100034034|F|0-18:A>G-18:A>G,2010696.0,2251809.0,0.02760421650499456
100014043|F|0-61:T>G-61:T>G,100022059|F|0-28:G>C-28:G>C,2010696.0,2251814.0,0.03324457361598204
100014043|F|0-61:T>G-61:T>G,100021104|F|0-25:C>T-25:C>T,2010696.0,2304248.0,0.002271265585394722
100014043|F|0-61:T>G-61:T>G,100018738|F|0-46:T>C-46:T>C,2010696.0,2322887.0,0.006599992094077382
100014043|F|0-61:T>G-61:T>G,100028644|F|0-13:T>C-13:T>C,2010696.0,2337096.0,0.001927632014841315
100014043|F|0-61:T>G-61:T>G,100019784|F|0-32:C>G-32:C>G,2010696.0,2348981.0,0.0031819408585329
100014043|F|0-61:T>G-61:T>G,100029801|F|0-44:C>T-44:C>T,2010696.0,2411287.0,0.028426905784723542
100014043|F|0-61:T>G-61:T>G,100018506|F|0-23:C>T-23:C>T,2010696.0,2437135.0,0.00013405655987152974
100014043|F|0-61:T>G-61:T>G,100016982|F|0-43:C>A-43:C>A,2010696.0,2465867.0,0.002140682266157841
100014043|F|0-61:T>G-61:T>G,100014343|F|0-46:C>T-46:C>T,2010696.0,2481166.0,0.014189006576491933
100014043|F|0-61:T>G-61:T>G,100021653|F|0-36:G>A-36:G>A,2010696.0,2486131.0,0.010582462749082571
100014043|F|0-61:T>G-61:T>G,100033716|F|0-51:T>C-51:T>C,2010696.0,2760698.0,0.001750019444660499
100014043|F|0-61:T>G-61:T>G,100029063|F|0-9:C>T-9:C>T,2010696.0,2761830.0,0.0019388583280728591
100014043|F|0-61:T>G-61:T>G,100016995|F|0-19:T>G-19:T>G,2010696.0,2968804.0,0.004474583165767599
100014043|F|0-61:T>G-61:T>G,100028785|F|0-15:C>T-15:C>T,2010696.0,4410868.0,0.01127471669724706
100014043|F|0-61:T>G-61:T>G,100018585|F|0-68:A>G-68:A>G,2010696.0,4632943.0,0.003081508614357676
100014043|F|0-61:T>G-61:T>G,100021948|F|0-23:C>G-23:C>G,2010696.0,4712047.0,0.00010464770336248759
100014043|F|0-61:T>G-61:T>G,100040647|F|0-14:T>A-14:T>A,2010696.0,4728537.0,0.007342955571074325
100014043|F|0-61:T>G-61:T>G,100018462|F|0-57:G>T-57:G>T,2010696.0,4783202.0,0.006978364941440078
100014043|F|0-61:T>G-61:T>G,100028807|F|0-29:G>A-29:G>A,2010696.0,5488909.0,0.002956419811957852
100014043|F|0-61:T>G-61:T>G,100020957|F|0-56:G>A-56:G>A,2010696.0,5525318.0,0.008699533809704414
100014043|F|0-61:T>G-61:T>G,100041207|F|0-27:C>A-27:C>A,2010696.0,5602442.0,0.0071836946836947
100014043|F|0-61:T>G-61:T>G,100016888|F|0-67:C>T-67:C>T,2010696.0,6552228.0,0.00032327398787514384
100014043|F|0-61:T>G-61:T>G,100013584|F|0-22:T>C-22:T>C,2010696.0,6865742.0,0.055256673331228745
100014043|F|0-61:T>G-61:T>G,100018629|F|0-63:G>A-63:G>A,2010696.0,6866047.0,0.029639762881896955
100014043|F|0-61:T>G-61:T>G,100040243|F|0-44:T>G-44:T>G,2010696.0,6915952.0,0.0016509968001717622
100014043|F|0-61:T>G-61:T>G,100033204|F|0-66:T>C-66:T>C,2010696.0,7052774.0,0.013686344074438393
100014043|F|0-61:T>G-61:T>G,100021889|F|0-32:T>A-32:T>A,2010696.0,7053581.0,0.015220321225086257
100014043|F|0-61:T>G-61:T>G,100028365|F|0-14:C>A-14:C>A,2010696.0,7058744.0,0.017617217023451554
100014043|F|0-61:T>G-61:T>G,100043120|F|0-10:T>G-10:T>G,2010696.0,7220209.0,0.0028023543188855737
100014043|F|0-61:T>G-61:T>G,100014119|F|0-65:C>G-65:C>G,2010696.0,7227243.0,0.0028023543188855737
100014043|F|0-61:T>G-61:T>G,100018572|F|0-44:T>A-44:T>A,2010696.0,7228216.0,0.0010073100249373226
100014043|F|0-61:T>G-61:T>G,100017140|F|0-53:T>C-53:T>C,2010696.0,7621185.0,0.0038796445979878843
100014043|F|0-61:T>G-61:T>G,100014614|F|0-54:G>A-54:G>A,2010696.0,7686876.0,0.028825205295793514
100014043|F|0-61:T>G-61:T>G,100020518|F|0-50:T>G-50:T>G,2010696.0,8001607.0,0.007528889926461995
100014043|F|0-61:T>G-61:T>G,100018646|F|0-46:C>T-46:C>T,2010696.0,8570732.0,0.028274093822185944
100014043|F|0-61:T>G-61:T>G,100041050|F|0-49:T>A-49:T>A,2010696.0,8877660.0,0.012222095349260118
100014043|F|0-61:T>G-61:T>G,100040807|F|0-22:G>A-22:G>A,2010696.0,13128905.0,0.01916687963199591
100014043|F|0-61:T>G-61:T>G,100015846|F|0-45:G>T-45:G>T,2010696.0,16161088.0,0.008428512453557193
100014043|F|0-61:T>G-61:T>G,100045098|F|0-63:G>T-63:G>T,2010696.0,17792887.0,0.007079079452616712
100014043|F|0-61:T>G-61:T>G,100017652|F|0-34:G>A-34:G>A,2010696.0,20785539.0,0.013079253716649721
100014043|F|0-61:T>G-61:T>G,100044913|F|0-35:T>C-35:T>C,2010696.0,30665404.0,0.029925332503694536
100014043|F|0-61:T>G-61:T>G,100015510|F|0-57:A>C-57:A>C,2010696.0,35835846.0,0.08276804595655315
100014043|F|0-61:T>G-61:T>G,100015139|F|0-52:T>C-52:T>C,2010696.0,35912066.0,0.005773044811303365
100014043|F|0-61:T>G-61:T>G,100036187|F|0-16:T>C-16:T>C,2010696.0,42008443.0,0.013266145619086811
100014043|F|0-61:T>G-61:T>G,100014991|F|0-45:T>G-45:T>G,2010696.0,43771333.0,0.01439930121360976
100014043|F|0-61:T>G-61:T>G,100060618|F|0-5:A>G-5:A>G,2010696.0,53483214.0,0.039608915465975274
100014043|F|0-61:T>G-61:T>G,100019259|F|0-35:C>T-35:C>T,2010696.0,64990492.0,0.001015430785810831
100052829|F|0-41:A>T-41:A>T,100033134|F|0-15:C>T-15:C>T,2175352.0,2234010.0,2.1394493057487463e-05
100052829|F|0-41:A>T-41:A>T,100021344|F|0-55:A>T-55:A>T,2175352.0,2234950.0,2.1394493057487463e-05
100052829|F|0-41:A>T-41:A>T,100058484|F|0-60:G>A-60:G>A,2175352.0,2239425.0,2.1394493057487463e-05
100052829|F|0-41:A>T-41:A>T,100034034|F|0-18:A>G-18:A>G,2175352.0,2251809.0,0.004957117188030767
100052829|F|0-41:A>T-41:A>T,100022059|F|0-28:G>C-28:G>C,2175352.0,2251814.0,0.006062367324428472
100052829|F|0-41:A>T-41:A>T,100021104|F|0-25:C>T-25:C>T,2175352.0,2304248.0,0.00399697104537968
100052829|F|0-41:A>T-41:A>T,100018738|F|0-46:T>C-46:T>C,2175352.0,2322887.0,0.013301671749537619
100052829|F|0-41:A>T-41:A>T,100028644|F|0-13:T>C-13:T>C,2175352.0,2337096.0,0.004091300602928515
100052829|F|0-41:A>T-41:A>T,100019784|F|0-32:C>G-32:C>G,2175352.0,2348981.0,0.004937246216315981
100052829|F|0-41:A>T-41:A>T,100029801|F|0-44:C>T-44:C>T,2175352.0,2411287.0,2.028639315537076e-05
100052829|F|0-41:A>T-41:A>T,100018506|F|0-23:C>T-23:C>T,2175352.0,2437135.0,0.023600774387816086
100052829|F|0-41:A>T-41:A>T,100016982|F|0-43:C>A-43:C>A,2175352.0,2465867.0,0.02998941772279471
100052829|F|0-41:A>T-41:A>T,100014343|F|0-46:C>T-46:C>T,2175352.0,2481166.0,0.01693993642295464
100052829|F|0-41:A>T-41:A>T,100021653|F|0-36:G>A-36:G>A,2175352.0,2486131.0,0.015492166092882717
100052829|F|0-41:A>T-41:A>T,100033716|F|0-51:T>C-51:T>C,2175352.0,2760698.0,0.020222446916076855
100052829|F|0-41:A>T-41:A>T,100029063|F|0-9:C>T-9:C>T,2175352.0,2761830.0,0.017728127811554313
100052829|F|0-41:A>T-41:A>T,100016995|F|0-19:T>G-19:T>G,2175352.0,2968804.0,0.0009218362945602885
100052829|F|0-41:A>T-41:A>T,100028785|F|0-15:C>T-15:C>T,2175352.0,4410868.0,0.001124911040198354
100052829|F|0-41:A>T-41:A>T,100018585|F|0-68:A>G-68:A>G,2175352.0,4632943.0,0.004664747025845739
100052829|F|0-41:A>T-41:A>T,100021948|F|0-23:C>G-23:C>G,2175352.0,4712047.0,2.2486283367146755e-05
100052829|F|0-41:A>T-41:A>T,100040647|F|0-14:T>A-14:T>A,2175352.0,4728537.0,0.00025885231127224735
100052829|F|0-41:A>T-41:A>T,100018462|F|0-57:G>T-57:G>T,2175352.0,4783202.0,0.0032841118924502675
100052829|F|0-41:A>T-41:A>T,100028807|F|0-29:G>A-29:G>A,2175352.0,5488909.0,0.001397996520188089
100052829|F|0-41:A>T-41:A>T,100020957|F|0-56:G>A-56:G>A,2175352.0,5525318.0,0.034207426152973404
100052829|F|0-41:A>T-41:A>T,100041207|F|0-27:C>A-27:C>A,2175352.0,5602442.0,0.013230423114144041
100052829|F|0-41:A>T-41:A>T,100016888|F|0-67:C>T-67:C>T,2175352.0,6552228.0,0.0013950891163994653
100052829|F|0-41:A>T-41:A>T,100013584|F|0-22:T>C-22:T>C,2175352.0,6865742.0,0.0025649794801641504
100052829|F|0-41:A>T-41:A>T,100018629|F|0-63:G>A-63:G>A,2175352.0,6866047.0,0.01083782996402694
100052829|F|0-41:A>T-41:A>T,100040243|F|0-44:T>G-44:T>G,2175352.0,6915952.0,0.005337357200285109
100052829|F|0-41:A>T-41:A>T,100033204|F|0-66:T>C-66:T>C,2175352.0,7052774.0,0.01196907897589732
100052829|F|0-41:A>T-41:A>T,100021889|F|0-32:T>A-32:T>A,2175352.0,7053581.0,0.004957117188030759
100052829|F|0-41:A>T-41:A>T,100028365|F|0-14:C>A-14:C>A,2175352.0,7058744.0,0.0006283232408912768
100052829|F|0-41:A>T-41:A>T,100043120|F|0-10:T>G-10:T>G,2175352.0,7220209.0,0.0002192231458132202
100052829|F|0-41:A>T-41:A>T,100014119|F|0-65:C>G-65:C>G,2175352.0,7227243.0,0.0002192231458132202
100052829|F|0-41:A>T-41:A>T,100018572|F|0-44:T>A-44:T>A,2175352.0,7228216.0,0.0005866069394146656
100052829|F|0-41:A>T-41:A>T,100017140|F|0-53:T>C-53:T>C,2175352.0,7621185.0,0.0068273949221250635
100052829|F|0-41:A>T-41:A>T,100014614|F|0-54:G>A-54:G>A,2175352.0,7686876.0,0.01541380261550502
100052829|F|0-41:A>T-41:A>T,100020518|F|0-50:T>G-50:T>G,2175352.0,8001607.0,8.364930551471255e-05
100052829|F|0-41:A>T-41:A>T,100018646|F|0-46:C>T-46:C>T,2175352.0,8570732.0,0.047027706996097166
100052829|F|0-41:A>T-41:A>T,100041050|F|0-49:T>A-49:T>A,2175352.0,8877660.0,0.0019547834161061928
100052829|F|0-41:A>T-41:A>T,100040807|F|0-22:G>A-22:G>A,2175352.0,13128905.0,0.0025993601574996928
100052829|F|0-41:A>T-41:A>T,100015846|F|0-45:G>T-45:G>T,2175352.0,16161088.0,0.010062611806797838
100052829|F|0-41:A>T-41:A>T,100045098|F|0-63:G>T-63:G>T,2175352.0,17792887.0,0.014081247222633675
100052829|F|0-41:A>T-41:A>T,100017652|F|0-34:G>A-34:G>A,2175352.0,20785539.0,0.0067359053708901965
100052829|F|0-41:A>T-41:A>T,100044913|F|0-35:T>C-35:T>C,2175352.0,30665404.0,0.0683069318054152
100052829|F|0-41:A>T-41:A>T,100015510|F|0-57:A>C-57:A>C,2175352.0,35835846.0,0.004323698968587003
100052829|F|0-41:A>T-41:A>T,100015139|F|0-52:T>C-52:T>C,2175352.0,35912066.0,0.0018802270489676534
100052829|F|0-41:A>T-41:A>T,100036187|F|0-16:T>C-16:T>C,2175352.0,42008443.0,0.01743149691166107
100052829|F|0-41:A>T-41:A>T,100014991|F|0-45:T>G-45:T>G,2175352.0,43771333.0,0.0016914215831311471
100052829|F|0-41:A>T-41:A>T,100060618|F|0-5:A>G-5:A>G,2175352.0,53483214.0,0.0004289178684362128
100052829|F|0-41:A>T-41:A>T,100019259|F|0-35:C>T-35:C>T,2175352.0,64990492.0,0.12593910418748172
100033134|F|0-15:C>T-15:C>T,100021344|F|0-55:A>T-55:A>T,2234010.0,2234950.0,0.9999999999999973
100033134|F|0-15:C>T-15:C>T,100058484|F|0-60:G>A-60:G>A,2234010.0,2239425.0,0.9999999999999973
100033134|F|0-15:C>T-15:C>T,100034034|F|0-18:A>G-18:A>G,2234010.0,2251809.0,0.874570565681455
100033134|F|0-15:C>T-15:C>T,100022059|F|0-28:G>C-28:G>C,2234010.0,2251814.0,0.9145130330941293
100033134|F|0-15:C>T-15:C>T,100021104|F|0-25:C>T-25:C>T,2234010.0,2304248.0,0.1296984827555539
100033134|F|0-15:C>T-15:C>T,100018738|F|0-46:T>C-46:T>C,2234010.0,2322887.0,0.01531252441410142
100033134|F|0-15:C>T-15:C>T,100028644|F|0-13:T>C-13:T>C,2234010.0,2337096.0,0.007930423523799785
100033134|F|0-15:C>T-15:C>T,100019784|F|0-32:C>G-32:C>G,2234010.0,2348981.0,0.0008181715455013271
100033134|F|0-15:C>T-15:C>T,100029801|F|0-44:C>T-44:C>T,2234010.0,2411287.0,0.0006865868642977548
100033134|F|0-15:C>T-15:C>T,100018506|F|0-23:C>T-23:C>T,2234010.0,2437135.0,0.05199599876266955
100033134|F|0-15:C>T-15:C>T,100016982|F|0-43:C>A-43:C>A,2234010.0,2465867.0,0.04543227805015618
100033134|F|0-15:C>T-15:C>T,100014343|F|0-46:C>T-46:C>T,2234010.0,2481166.0,0.025025977378171072
100033134|F|0-15:C>T-15:C>T,100021653|F|0-36:G>A-36:G>A,2234010.0,2486131.0,0.02068388563551113
100033134|F|0-15:C>T-15:C>T,100033716|F|0-51:T>C-51:T>C,2234010.0,2760698.0,0.17999280028798867
100033134|F|0-15:C>T-15:C>T,100029063|F|0-9:C>T-9:C>T,2234010.0,2761830.0,0.1738571371564844
100033134|F|0-15:C>T-15:C>T,100016995|F|0-19:T>G-19:T>G,2234010.0,2968804.0,0.005765964451861202
100033134|F|0-15:C>T-15:C>T,100028785|F|0-15:C>T-15:C>T,2234010.0,4410868.0,0.0013461159480570488
100033134|F|0-15:C>T-15:C>T,100018585|F|0-68:A>G-68:A>G,2234010.0,4632943.0,0.02938233967187741
100033134|F|0-15:C>T-15:C>T,100021948|F|0-23:C>G-23:C>G,2234010.0,4712047.0,0.06710710514424303
100033134|F|0-15:C>T-15:C>T,100040647|F|0-14:T>A-14:T>A,2234010.0,4728537.0,0.043966557203439074
100033134|F|0-15:C>T-15:C>T,100018462|F|0-57:G>T-57:G>T,2234010.0,4783202.0,0.08822582544036872
100033134|F|0-15:C>T-15:C>T,100028807|F|0-29:G>A-29:G>A,2234010.0,5488909.0,0.13504056910142684
100033134|F|0-15:C>T-15:C>T,100020957|F|0-56:G>A-56:G>A,2234010.0,5525318.0,0.0022369086474814956
100033134|F|0-15:C>T-15:C>T,100041207|F|0-27:C>A-27:C>A,2234010.0,5602442.0,0.011295412083130563
100033134|F|0-15:C>T-15:C>T,100016888|F|0-67:C>T-67:C>T,2234010.0,6552228.0,0.0001734301958530849
100033134|F|0-15:C>T-15:C>T,100013584|F|0-22:T>C-22:T>C,2234010.0,6865742.0,0.033486773274167034
100033134|F|0-15:C>T-15:C>T,100018629|F|0-63:G>A-63:G>A,2234010.0,6866047.0,0.02282996915417494
100033134|F|0-15:C>T-15:C>T,100040243|F|0-44:T>G-44:T>G,2234010.0,6915952.0,0.01029959810180464
100033134|F|0-15:C>T-15:C>T,100033204|F|0-66:T>C-66:T>C,2234010.0,7052774.0,0.020844250139175072
100033134|F|0-15:C>T-15:C>T,100021889|F|0-32:T>A-32:T>A,2234010.0,7053581.0,0.023821458746364547
100033134|F|0-15:C>T-15:C>T,100028365|F|0-14:C>A-14:C>A,2234010.0,7058744.0,0.0045299099890107756
100033134|F|0-15:C>T-15:C>T,100043120|F|0-10:T>G-10:T>G,2234010.0,7220209.0,0.03964755064415899
100033134|F|0-15:C>T-15:C>T,100014119|F|0-65:C>G-65:C>G,2234010.0,7227243.0,0.03964755064415899
100033134|F|0-15:C>T-15:C>T,100018572|F|0-44:T>A-44:T>A,2234010.0,7228216.0,0.029620053471782287
100033134|F|0-15:C>T-15:C>T,100017140|F|0-53:T>C-53:T>C,2234010.0,7621185.0,0.019370131158056404
100033134|F|0-15:C>T-15:C>T,100014614|F|0-54:G>A-54:G>A,2234010.0,7686876.0,0.02300133484856681
100033134|F|0-15:C>T-15:C>T,100020518|F|0-50:T>G-50:T>G,2234010.0,8001607.0,0.013926949244741442
100033134|F|0-15:C>T-15:C>T,100018646|F|0-46:C>T-46:C>T,2234010.0,8570732.0,9.186872469622853e-05
100033134|F|0-15:C>T-15:C>T,100041050|F|0-49:T>A-49:T>A,2234010.0,8877660.0,0.0076364557710835715
100033134|F|0-15:C>T-15:C>T,100040807|F|0-22:G>A-22:G>A,2234010.0,13128905.0,0.011587155561396579
100033134|F|0-15:C>T-15:C>T,100015846|F|0-45:G>T-45:G>T,2234010.0,16161088.0,0.006368976010190341
100033134|F|0-15:C>T-15:C>T,100045098|F|0-63:G>T-63:G>T,2234010.0,17792887.0,0.10957853087150392
100033134|F|0-15:C>T-15:C>T,100017652|F|0-34:G>A-34:G>A,2234010.0,20785539.0,0.0014946954569369703
100033134|F|0-15:C>T-15:C>T,100044913|F|0-35:T>C-35:T>C,2234010.0,30665404.0,0.0003799848006079765
100033134|F|0-15:C>T-15:C>T,100015510|F|0-57:A>C-57:A>C,2234010.0,35835846.0,0.00028273742574749143
100033134|F|0-15:C>T-15:C>T,100015139|F|0-52:T>C-52:T>C,2234010.0,35912066.0,0.02204874666086264
100033134|F|0-15:C>T-15:C>T,100036187|F|0-16:T>C-16:T>C,2234010.0,42008443.0,0.08161619168031829
100033134|F|0-15:C>T-15:C>T,100014991|F|0-45:T>G-45:T>G,2234010.0,43771333.0,0.04033015342417941
100033134|F|0-15:C>T-15:C>T,100060618|F|0-5:A>G-5:A>G,2234010.0,53483214.0,0.013065890837805546
100033134|F|0-15:C>T-15:C>T,100019259|F|0-35:C>T-35:C>T,2234010.0,64990492.0,0.001884508059493618
100021344|F|0-55:A>T-55:A>T,100058484|F|0-60:G>A-60:G>A,2234950.0,2239425.0,0.9999999999999973
100021344|F|0-55:A>T-55:A>T,100034034|F|0-18:A>G-18:A>G,2234950.0,2251809.0,0.874570565681455
100021344|F|0-55:A>T-55:A>T,100022059|F|0-28:G>C-28:G>C,2234950.0,2251814.0,0.9145130330941293
100021344|F|0-55:A>T-55:A>T,100021104|F|0-25:C>T-25:C>T,2234950.0,2304248.0,0.1296984827555539
100021344|F|0-55:A>T-55:A>T,100018738|F|0-46:T>C-46:T>C,2234950.0,2322887.0,0.01531252441410142
100021344|F|0-55:A>T-55:A>T,100028644|F|0-13:T>C-13:T>C,2234950.0,2337096.0,0.007930423523799785
100021344|F|0-55:A>T-55:A>T,100019784|F|0-32:C>G-32:C>G,2234950.0,2348981.0,0.0008181715455013271
100021344|F|0-55:A>T-55:A>T,100029801|F|0-44:C>T-44:C>T,2234950.0,2411287.0,0.0006865868642977548
100021344|F|0-55:A>T-55:A>T,100018506|F|0-23:C>T-23:C>T,2234950.0,2437135.0,0.05199599876266955
100021344|F|0-55:A>T-55:A>T,100016982|F|0-43:C>A-43:C>A,2234950.0,2465867.0,0.04543227805015618
100021344|F|0-55:A>T-55:A>T,100014343|F|0-46:C>T-46:C>T,2234950.0,2481166.0,0.025025977378171072
100021344|F|0-55:A>T-55:A>T,100021653|F|0-36:G>A-36:G>A,2234950.0,2486131.0,0.02068388563551113
100021344|F|0-55:A>T-55:A>T,100033716|F|0-51:T>C-51:T>C,2234950.0,2760698.0,0.17999280028798867
100021344|F|0-55:A>T-55:A>T,100029063|F|0-9:C>T-9:C>T,2234950.0,2761830.0,0.1738571371564844
100021344|F|0-55:A>T-55:A>T,100016995|F|0-19:T>G-19:T>G,2234950.0,2968804.0,0.005765964451861202
100021344|F|0-55:A>T-55:A>T,100028785|F|0-15:C>T-15:C>T,2234950.0,4410868.0,0.0013461159480570488
100021344|F|0-55:A>T-55:A>T,100018585|F|0-68:A>G-68:A>G,2234950.0,4632943.0,0.02938233967187741
100021344|F|0-55:A>T-55:A>T,100021948|F|0-23:C>G-23:C>G,2234950.0,4712047.0,0.06710710514424303
100021344|F|0-55:A>T-55:A>T,100040647|F|0-14:T>A-14:T>A,2234950.0,4728537.0,0.043966557203439074
100021344|F|0-55:A>T-55:A>T,100018462|F|0-57:G>T-57:G>T,2234950.0,4783202.0,0.08822582544036872
100021344|F|0-55:A>T-55:A>T,100028807|F|0-29:G>A-29:G>A,2234950.0,5488909.0,0.13504056910142684
100021344|F|0-55:A>T-55:A>T,100020957|F|0-56:G>A-56:G>A,2234950.0,5525318.0,0.0022369086474814956
100021344|F|0-55:A>T-55:A>T,100041207|F|0-27:C>A-27:C>A,2234950.0,5602442.0,0.011295412083130563
100021344|F|0-55:A>T-55:A>T,100016888|F|0-67:C>T-67:C>T,2234950.0,6552228.0,0.0001734301958530849
100021344|F|0-55:A>T-55:A>T,100013584|F|0-22:T>C-22:T>C,2234950.0,6865742.0,0.033486773274167034
100021344|F|0-55:A>T-55:A>T,100018629|F|0-63:G>A-63:G>A,2234950.0,6866047.0,0.02282996915417494
100021344|F|0-55:A>T-55:A>T,100040243|F|0-44:T>G-44:T>G,2234950.0,6915952.0,0.01029959810180464
100021344|F|0-55:A>T-55:A>T,100033204|F|0-66:T>C-66:T>C,2234950.0,7052774.0,0.020844250139175072
100021344|F|0-55:A>T-55:A>T,100021889|F|0-32:T>A-32:T>A,2234950.0,7053581.0,0.023821458746364547
100021344|F|0-55:A>T-55:A>T,100028365|F|0-14:C>A-14:C>A,2234950.0,7058744.0,0.0045299099890107756
100021344|F|0-55:A>T-55:A>T,100043120|F|0-10:T>G-10:T>G,2234950.0,7220209.0,0.03964755064415899
100021344|F|0-55:A>T-55:A>T,100014119|F|0-65:C>G-65:C>G,2234950.0,7227243.0,0.03964755064415899
100021344|F|0-55:A>T-55:A>T,100018572|F|0-44:T>A-44:T>A,2234950.0,7228216.0,0.029620053471782287
100021344|F|0-55:A>T-55:A>T,100017140|F|0-53:T>C-53:T>C,2234950.0,7621185.0,0.019370131158056404
100021344|F|0-55:A>T-55:A>T,100014614|F|0-54:G>A-54:G>A,2234950.0,7686876.0,0.02300133484856681
100021344|F|0-55:A>T-55:A>T,100020518|F|0-50:T>G-50:T>G,2234950.0,8001607.0,0.013926949244741442
100021344|F|0-55:A>T-55:A>T,100018646|F|0-46:C>T-46:C>T,2234950.0,8570732.0,9.186872469622853e-05
100021344|F|0-55:A>T-55:A>T,100041050|F|0-49:T>A-49:T>A,2234950.0,8877660.0,0.0076364557710835715
100021344|F|0-55:A>T-55:A>T,100040807|F|0-22:G>A-22:G>A,2234950.0,13128905.0,0.011587155561396579
100021344|F|0-55:A>T-55:A>T,100015846|F|0-45:G>T-45:G>T,2234950.0,16161088.0,0.006368976010190341
100021344|F|0-55:A>T-55:A>T,100045098|F|0-63:G>T-63:G>T,2234950.0,17792887.0,0.10957853087150392
100021344|F|0-55:A>T-55:A>T,100017652|F|0-34:G>A-34:G>A,2234950.0,20785539.0,0.0014946954569369703
100021344|F|0-55:A>T-55:A>T,100044913|F|0-35:T>C-35:T>C,2234950.0,30665404.0,0.0003799848006079765
100021344|F|0-55:A>T-55:A>T,100015510|F|0-57:A>C-57:A>C,2234950.0,35835846.0,0.00028273742574749143
100021344|F|0-55:A>T-55:A>T,100015139|F|0-52:T>C-52:T>C,2234950.0,35912066.0,0.02204874666086264
100021344|F|0-55:A>T-55:A>T,100036187|F|0-16:T>C-16:T>C,2234950.0,42008443.0,0.08161619168031829
100021344|F|0-55:A>T-55:A>T,100014991|F|0-45:T>G-45:T>G,2234950.0,43771333.0,0.04033015342417941
100021344|F|0-55:A>T-55:A>T,100060618|F|0-5:A>G-5:A>G,2234950.0,53483214.0,0.013065890837805546
100021344|F|0-55:A>T-55:A>T,100019259|F|0-35:C>T-35:C>T,2234950.0,64990492.0,0.001884508059493618
100058484|F|0-60:G>A-60:G>A,100034034|F|0-18:A>G-18:A>G,2239425.0,2251809.0,0.874570565681455
100058484|F|0-60:G>A-60:G>A,100022059|F|0-28:G>C-28:G>C,2239425.0,2251814.0,0.9145130330941293
100058484|F|0-60:G>A-60:G>A,100021104|F|0-25:C>T-25:C>T,2239425.0,2304248.0,0.1296984827555539
100058484|F|0-60:G>A-60:G>A,100018738|F|0-46:T>C-46:T>C,2239425.0,2322887.0,0.01531252441410142
100058484|F|0-60:G>A-60:G>A,100028644|F|0-13:T>C-13:T>C,2239425.0,2337096.0,0.007930423523799785
100058484|F|0-60:G>A-60:G>A,100019784|F|0-32:C>G-32:C>G,2239425.0,2348981.0,0.0008181715455013271
100058484|F|0-60:G>A-60:G>A,100029801|F|0-44:C>T-44:C>T,2239425.0,2411287.0,0.0006865868642977548
100058484|F|0-60:G>A-60:G>A,100018506|F|0-23:C>T-23:C>T,2239425.0,2437135.0,0.05199599876266955
100058484|F|0-60:G>A-60:G>A,100016982|F|0-43:C>A-43:C>A,2239425.0,2465867.0,0.04543227805015618
100058484|F|0-60:G>A-60:G>A,100014343|F|0-46:C>T-46:C>T,2239425.0,2481166.0,0.025025977378171072
100058484|F|0-60:G>A-60:G>A,100021653|F|0-36:G>A-36:G>A,2239425.0,2486131.0,0.02068388563551113
100058484|F|0-60:G>A-60:G>A,100033716|F|0-51:T>C-51:T>C,2239425.0,2760698.0,0.17999280028798867
100058484|F|0-60:G>A-60:G>A,100029063|F|0-9:C>T-9:C>T,2239425.0,2761830.0,0.1738571371564844
100058484|F|0-60:G>A-60:G>A,100016995|F|0-19:T>G-19:T>G,2239425.0,2968804.0,0.005765964451861202
100058484|F|0-60:G>A-60:G>A,100028785|F|0-15:C>T-15:C>T,2239425.0,4410868.0,0.0013461159480570488
100058484|F|0-60:G>A-60:G>A,100018585|F|0-68:A>G-68:A>G,2239425.0,4632943.0,0.02938233967187741
100058484|F|0-60:G>A-60:G>A,100021948|F|0-23:C>G-23:C>G,2239425.0,4712047.0,0.06710710514424303
100058484|F|0-60:G>A-60:G>A,100040647|F|0-14:T>A-14:T>A,2239425.0,4728537.0,0.043966557203439074
100058484|F|0-60:G>A-60:G>A,100018462|F|0-57:G>T-57:G>T,2239425.0,4783202.0,0.08822582544036872
100058484|F|0-60:G>A-60:G>A,100028807|F|0-29:G>A-29:G>A,2239425.0,5488909.0,0.13504056910142684
100058484|F|0-60:G>A-60:G>A,100020957|F|0-56:G>A-56:G>A,2239425.0,5525318.0,0.0022369086474814956
100058484|F|0-60:G>A-60:G>A,100041207|F|0-27:C>A-27:C>A,2239425.0,5602442.0,0.011295412083130563
100058484|F|0-60:G>A-60:G>A,100016888|F|0-67:C>T-67:C>T,2239425.0,6552228.0,0.0001734301958530849
100058484|F|0-60:G>A-60:G>A,100013584|F|0-22:T>C-22:T>C,2239425.0,6865742.0,0.033486773274167034
100058484|F|0-60:G>A-60:G>A,100018629|F|0-63:G>A-63:G>A,2239425.0,6866047.0,0.02282996915417494
100058484|F|0-60:G>A-60:G>A,100040243|F|0-44:T>G-44:T>G,2239425.0,6915952.0,0.01029959810180464
100058484|F|0-60:G>A-60:G>A,100033204|F|0-66:T>C-66:T>C,2239425.0,7052774.0,0.020844250139175072
100058484|F|0-60:G>A-60:G>A,100021889|F|0-32:T>A-32:T>A,2239425.0,7053581.0,0.023821458746364547
100058484|F|0-60:G>A-60:G>A,100028365|F|0-14:C>A-14:C>A,2239425.0,7058744.0,0.0045299099890107756
100058484|F|0-60:G>A-60:G>A,100043120|F|0-10:T>G-10:T>G,2239425.0,7220209.0,0.03964755064415899
100058484|F|0-60:G>A-60:G>A,100014119|F|0-65:C>G-65:C>G,2239425.0,7227243.0,0.03964755064415899
100058484|F|0-60:G>A-60:G>A,100018572|F|0-44:T>A-44:T>A,2239425.0,7228216.0,0.029620053471782287
100058484|F|0-60:G>A-60:G>A,100017140|F|0-53:T>C-53:T>C,2239425.0,7621185.0,0.019370131158056404
100058484|F|0-60:G>A-60:G>A,100014614|F|0-54:G>A-54:G>A,2239425.0,7686876.0,0.02300133484856681
100058484|F|0-60:G>A-60:G>A,100020518|F|0-50:T>G-50:T>G,2239425.0,8001607.0,0.013926949244741442
100058484|F|0-60:G>A-60:G>A,100018646|F|0-46:C>T-46:C>T,2239425.0,8570732.0,9.186872469622853e-05
100058484|F|0-60:G>A-60:G>A,100041050|F|0-49:T>A-49:T>A,2239425.0,8877660.0,0.0076364557710835715
100058484|F|0-60:G>A-60:G>A,100040807|F|0-22:G>A-22:G>A,2239425.0,13128905.0,0.011587155561396579
100058484|F|0-60:G>A-60:G>A,100015846|F|0-45:G>T-45:G>T,2239425.0,16161088.0,0.006368976010190341
100058484|F|0-60:G>A-60:G>A,100045098|F|0-63:G>T-63:G>T,2239425.0,17792887.0,0.10957853087150392
100058484|F|0-60:G>A-60:G>A,100017652|F|0-34:G>A-34:G>A,2239425.0,20785539.0,0.0014946954569369703
100058484|F|0-60:G>A-60:G>A,100044913|F|0-35:T>C-35:T>C,2239425.0,30665404.0,0.0003799848006079765
100058484|F|0-60:G>A-60:G>A,100015510|F|0-57:A>C-57:A>C,2239425.0,35835846.0,0.00028273742574749143
100058484|F|0-60:G>A-60:G>A,100015139|F|0-52:T>C-52:T>C,2239425.0,35912066.0,0.02204874666086264
100058484|F|0-60:G>A-60:G>A,100036187|F|0-16:T>C-16:T>C,2239425.0,42008443.0,0.08161619168031829
100058484|F|0-60:G>A-60:G>A,100014991|F|0-45:T>G-45:T>G,2239425.0,43771333.0,0.04033015342417941
100058484|F|0-60:G>A-60:G>A,100060618|F|0-5:A>G-5:A>G,2239425.0,53483214.0,0.013065890837805546
100058484|F|0-60:G>A-60:G>A,100019259|F|0-35:C>T-35:C>T,2239425.0,64990492.0,0.001884508059493618
100034034|F|0-18:A>G-18:A>G,100022059|F|0-28:G>C-28:G>C,2251809.0,2251814.0,0.9575893210871771
100034034|F|0-18:A>G-18:A>G,100021104|F|0-25:C>T-25:C>T,2251809.0,2304248.0,0.12202678495616177
100034034|F|0-18:A>G-18:A>G,100018738|F|0-46:T>C-46:T>C,2251809.0,2322887.0,0.013736367335972033
100034034|F|0-18:A>G-18:A>G,100028644|F|0-13:T>C-13:T>C,2251809.0,2337096.0,0.012919310970081633
100034034|F|0-18:A>G-18:A>G,100019784|F|0-32:C>G-32:C>G,2251809.0,2348981.0,0.0010676066123825425
100034034|F|0-18:A>G-18:A>G,100029801|F|0-44:C>T-44:C>T,2251809.0,2411287.0,0.0003487677909386242
100034034|F|0-18:A>G-18:A>G,100018506|F|0-23:C>T-23:C>T,2251809.0,2437135.0,0.04339608021903623
100034034|F|0-18:A>G-18:A>G,100016982|F|0-43:C>A-43:C>A,2251809.0,2465867.0,0.04007979812763202
100034034|F|0-18:A>G-18:A>G,100014343|F|0-46:C>T-46:C>T,2251809.0,2481166.0,0.027426834597598457
100034034|F|0-18:A>G-18:A>G,100021653|F|0-36:G>A-36:G>A,2251809.0,2486131.0,0.022790083622529062
100034034|F|0-18:A>G-18:A>G,100033716|F|0-51:T>C-51:T>C,2251809.0,2760698.0,0.1695858024448027
100034034|F|0-18:A>G-18:A>G,100029063|F|0-9:C>T-9:C>T,2251809.0,2761830.0,0.1641574348547435
100034034|F|0-18:A>G-18:A>G,100016995|F|0-19:T>G-19:T>G,2251809.0,2968804.0,0.008017246832106925
100034034|F|0-18:A>G-18:A>G,100028785|F|0-15:C>T-15:C>T,2251809.0,4410868.0,0.019339699052838936
100034034|F|0-18:A>G-18:A>G,100018585|F|0-68:A>G-68:A>G,2251809.0,4632943.0,0.02330141266858196
100034034|F|0-18:A>G-18:A>G,100021948|F|0-23:C>G-23:C>G,2251809.0,4712047.0,0.05162152990574196
100034034|F|0-18:A>G-18:A>G,100040647|F|0-14:T>A-14:T>A,2251809.0,4728537.0,0.02234152560916819
100034034|F|0-18:A>G-18:A>G,100018462|F|0-57:G>T-57:G>T,2251809.0,4783202.0,0.05646111860066576
100034034|F|0-18:A>G-18:A>G,100028807|F|0-29:G>A-29:G>A,2251809.0,5488909.0,0.09848490669095532
100034034|F|0-18:A>G-18:A>G,100020957|F|0-56:G>A-56:G>A,2251809.0,5525318.0,0.0014802712710856808
100034034|F|0-18:A>G-18:A>G,100041207|F|0-27:C>A-27:C>A,2251809.0,5602442.0,0.01441411541706193
100034034|F|0-18:A>G-18:A>G,100016888|F|0-67:C>T-67:C>T,2251809.0,6552228.0,0.0004459956584007326
100034034|F|0-18:A>G-18:A>G,100013584|F|0-22:T>C-22:T>C,2251809.0,6865742.0,0.006944074093826095
100034034|F|0-18:A>G-18:A>G,100018629|F|0-63:G>A-63:G>A,2251809.0,6866047.0,0.002669302081666748
100034034|F|0-18:A>G-18:A>G,100040243|F|0-44:T>G-44:T>G,2251809.0,6915952.0,0.0060990998281402805
100034034|F|0-18:A>G-18:A>G,100033204|F|0-66:T>C-66:T>C,2251809.0,7052774.0,0.017044066303959677
100034034|F|0-18:A>G-18:A>G,100021889|F|0-32:T>A-32:T>A,2251809.0,7053581.0,0.01924118595210129
100034034|F|0-18:A>G-18:A>G,100028365|F|0-14:C>A-14:C>A,2251809.0,7058744.0,3.4445984562686928e-06
100034034|F|0-18:A>G-18:A>G,100043120|F|0-10:T>G-10:T>G,2251809.0,7220209.0,0.01574566625522942
100034034|F|0-18:A>G-18:A>G,100014119|F|0-65:C>G-65:C>G,2251809.0,7227243.0,0.01574566625522942
100034034|F|0-18:A>G-18:A>G,100018572|F|0-44:T>A-44:T>A,2251809.0,7228216.0,0.010085065632021828
100034034|F|0-18:A>G-18:A>G,100017140|F|0-53:T>C-53:T>C,2251809.0,7621185.0,0.022162243090154504
100034034|F|0-18:A>G-18:A>G,100014614|F|0-54:G>A-54:G>A,2251809.0,7686876.0,0.01880788580164611
100034034|F|0-18:A>G-18:A>G,100020518|F|0-50:T>G-50:T>G,2251809.0,8001607.0,0.0014381158481191925
100034034|F|0-18:A>G-18:A>G,100018646|F|0-46:C>T-46:C>T,2251809.0,8570732.0,2.2634021700996493e-05
100034034|F|0-18:A>G-18:A>G,100041050|F|0-49:T>A-49:T>A,2251809.0,8877660.0,0.0011814972705001786
100034034|F|0-18:A>G-18:A>G,100040807|F|0-22:G>A-22:G>A,2251809.0,13128905.0,0.006238397444199795
100034034|F|0-18:A>G-18:A>G,100015846|F|0-45:G>T-45:G>T,2251809.0,16161088.0,0.007366273798730716
100034034|F|0-18:A>G-18:A>G,100045098|F|0-63:G>T-63:G>T,2251809.0,17792887.0,0.10291705886089489
100034034|F|0-18:A>G-18:A>G,100017652|F|0-34:G>A-34:G>A,2251809.0,20785539.0,0.002121139532941333
100034034|F|0-18:A>G-18:A>G,100044913|F|0-35:T>C-35:T>C,2251809.0,30665404.0,0.004587291576333307
100034034|F|0-18:A>G-18:A>G,100015510|F|0-57:A>C-57:A>C,2251809.0,35835846.0,0.00044184265203438543
100034034|F|0-18:A>G-18:A>G,100015139|F|0-52:T>C-52:T>C,2251809.0,35912066.0,0.007298152718420815
100034034|F|0-18:A>G-18:A>G,100036187|F|0-16:T>C-16:T>C,2251809.0,42008443.0,0.06960618665994366
100034034|F|0-18:A>G-18:A>G,100014991|F|0-45:T>G-45:T>G,2251809.0,43771333.0,0.042980085046136866
100034034|F|0-18:A>G-18:A>G,100060618|F|0-5:A>G-5:A>G,2251809.0,53483214.0,0.016198910368303773
100034034|F|0-18:A>G-18:A>G,100019259|F|0-35:C>T-35:C>T,2251809.0,64990492.0,0.005796438876015719
100022059|F|0-28:G>C-28:G>C,100021104|F|0-25:C>T-25:C>T,2251814.0,2304248.0,0.1296984827555539
100022059|F|0-28:G>C-28:G>C,100018738|F|0-46:T>C-46:T>C,2251814.0,2322887.0,0.008789973357738134
100022059|F|0-28:G>C-28:G>C,100028644|F|0-13:T>C-13:T>C,2251814.0,2337096.0,0.007930423523799782
100022059|F|0-28:G>C-28:G>C,100019784|F|0-32:C>G-32:C>G,2251814.0,2348981.0,0.0008181715455013287
100022059|F|0-28:G>C-28:G>C,100029801|F|0-44:C>T-44:C>T,2251814.0,2411287.0,3.261400456641224e-05
100022059|F|0-28:G>C-28:G>C,100018506|F|0-23:C>T-23:C>T,2251814.0,2437135.0,0.036880165467118045
100022059|F|0-28:G>C-28:G>C,100016982|F|0-43:C>A-43:C>A,2251814.0,2465867.0,0.04543227805015618
100022059|F|0-28:G>C-28:G>C,100014343|F|0-46:C>T-46:C>T,2251814.0,2481166.0,0.025025977378171072
100022059|F|0-28:G>C-28:G>C,100021653|F|0-36:G>A-36:G>A,2251814.0,2486131.0,0.02068388563551113
100022059|F|0-28:G>C-28:G>C,100033716|F|0-51:T>C-51:T>C,2251814.0,2760698.0,0.17999280028798867
100022059|F|0-28:G>C-28:G>C,100029063|F|0-9:C>T-9:C>T,2251814.0,2761830.0,0.1738571371564844
100022059|F|0-28:G>C-28:G>C,100016995|F|0-19:T>G-19:T>G,2251814.0,2968804.0,0.005765964451861202
100022059|F|0-28:G>C-28:G>C,100028785|F|0-15:C>T-15:C>T,2251814.0,4410868.0,0.016185403916518563
100022059|F|0-28:G>C-28:G>C,100018585|F|0-68:A>G-68:A>G,2251814.0,4632943.0,0.00838839815555497
100022059|F|0-28:G>C-28:G>C,100021948|F|0-23:C>G-23:C>G,2251814.0,4712047.0,0.06710710514424303
100022059|F|0-28:G>C-28:G>C,100040647|F|0-14:T>A-14:T>A,2251814.0,4728537.0,0.0263048803646368
100022059|F|0-28:G>C-28:G>C,100018462|F|0-57:G>T-57:G>T,2251814.0,4783202.0,0.061774278745724595
100022059|F|0-28:G>C-28:G>C,100028807|F|0-29:G>A-29:G>A,2251814.0,5488909.0,0.10724942342830154
100022059|F|0-28:G>C-28:G>C,100020957|F|0-56:G>A-56:G>A,2251814.0,5525318.0,0.0022369086474814956
100022059|F|0-28:G>C-28:G>C,100041207|F|0-27:C>A-27:C>A,2251814.0,5602442.0,0.011295412083130566
100022059|F|0-28:G>C-28:G>C,100016888|F|0-67:C>T-67:C>T,2251814.0,6552228.0,0.0001734301958530849
100022059|F|0-28:G>C-28:G>C,100013584|F|0-22:T>C-22:T>C,2251814.0,6865742.0,0.014208132655085963
100022059|F|0-28:G>C-28:G>C,100018629|F|0-63:G>A-63:G>A,2251814.0,6866047.0,0.007621263776899894
100022059|F|0-28:G>C-28:G>C,100040243|F|0-44:T>G-44:T>G,2251814.0,6915952.0,0.01029959810180464
100022059|F|0-28:G>C-28:G>C,100033204|F|0-66:T>C-66:T>C,2251814.0,7052774.0,0.020844250139175072
100022059|F|0-28:G>C-28:G>C,100021889|F|0-32:T>A-32:T>A,2251814.0,7053581.0,0.023821458746364547
100022059|F|0-28:G>C-28:G>C,100028365|F|0-14:C>A-14:C>A,2251814.0,7058744.0,0.0010101419651420646
100022059|F|0-28:G>C-28:G>C,100043120|F|0-10:T>G-10:T>G,2251814.0,7220209.0,0.0181055408386074
100022059|F|0-28:G>C-28:G>C,100014119|F|0-65:C>G-65:C>G,2251814.0,7227243.0,0.0181055408386074
100022059|F|0-28:G>C-28:G>C,100018572|F|0-44:T>A-44:T>A,2251814.0,7228216.0,0.012034171541205884
100022059|F|0-28:G>C-28:G>C,100017140|F|0-53:T>C-53:T>C,2251814.0,7621185.0,0.01937013115805641
100022059|F|0-28:G>C-28:G>C,100014614|F|0-54:G>A-54:G>A,2251814.0,7686876.0,0.023001334848566802
100022059|F|0-28:G>C-28:G>C,100020518|F|0-50:T>G-50:T>G,2251814.0,8001607.0,0.007329109971665883
100022059|F|0-28:G>C-28:G>C,100018646|F|0-46:C>T-46:C>T,2251814.0,8570732.0,9.186872469622827e-05
100022059|F|0-28:G>C-28:G>C,100041050|F|0-49:T>A-49:T>A,2251814.0,8877660.0,0.003142663891553085
100022059|F|0-28:G>C-28:G>C,100040807|F|0-22:G>A-22:G>A,2251814.0,13128905.0,0.011587155561396579
100022059|F|0-28:G>C-28:G>C,100015846|F|0-45:G>T-45:G>T,2251814.0,16161088.0,0.006368976010190341
100022059|F|0-28:G>C-28:G>C,100045098|F|0-63:G>T-63:G>T,2251814.0,17792887.0,0.10957853087150392
100022059|F|0-28:G>C-28:G>C,100017652|F|0-34:G>A-34:G>A,2251814.0,20785539.0,0.001494695456936967
100022059|F|0-28:G>C-28:G>C,100044913|F|0-35:T>C-35:T>C,2251814.0,30665404.0,0.006079756809727604
100022059|F|0-28:G>C-28:G>C,100015510|F|0-57:A>C-57:A>C,2251814.0,35835846.0,0.0021526246875926084
100022059|F|0-28:G>C-28:G>C,100015139|F|0-52:T>C-52:T>C,2251814.0,35912066.0,0.009035443259023432
100022059|F|0-28:G>C-28:G>C,100036187|F|0-16:T>C-16:T>C,2251814.0,42008443.0,0.08161619168031829
100022059|F|0-28:G>C-28:G>C,100014991|F|0-45:T>G-45:T>G,2251814.0,43771333.0,0.040330153424179394
100022059|F|0-28:G>C-28:G>C,100060618|F|0-5:A>G-5:A>G,2251814.0,53483214.0,0.025642115650584163
100022059|F|0-28:G>C-28:G>C,100019259|F|0-35:C>T-35:C>T,2251814.0,64990492.0,0.007622020807045734
100021104|F|0-25:C>T-25:C>T,100018738|F|0-46:T>C-46:T>C,2304248.0,2322887.0,0.008136843083560656
100021104|F|0-25:C>T-25:C>T,100028644|F|0-13:T>C-13:T>C,2304248.0,2337096.0,0.0023917421953675738
100021104|F|0-25:C>T-25:C>T,100019784|F|0-32:C>G-32:C>G,2304248.0,2348981.0,0.007897992892840006
100021104|F|0-25:C>T-25:C>T,100029801|F|0-44:C>T-44:C>T,2304248.0,2411287.0,0.005167860499452988
100021104|F|0-25:C>T-25:C>T,100018506|F|0-23:C>T-23:C>T,2304248.0,2437135.0,0.0018243738609442662
100021104|F|0-25:C>T-25:C>T,100016982|F|0-43:C>A-43:C>A,2304248.0,2465867.0,0.02108298173891127
100021104|F|0-25:C>T-25:C>T,100014343|F|0-46:C>T-46:C>T,2304248.0,2481166.0,0.02396270294942292
100021104|F|0-25:C>T-25:C>T,100021653|F|0-36:G>A-36:G>A,2304248.0,2486131.0,0.021914732432160994
100021104|F|0-25:C>T-25:C>T,100033716|F|0-51:T>C-51:T>C,2304248.0,2760698.0,0.1637914678109082
100021104|F|0-25:C>T-25:C>T,100029063|F|0-9:C>T-9:C>T,2304248.0,2761830.0,0.08072140977463571
100021104|F|0-25:C>T-25:C>T,100016995|F|0-19:T>G-19:T>G,2304248.0,2968804.0,0.0006596563541691055
100021104|F|0-25:C>T-25:C>T,100028785|F|0-15:C>T-15:C>T,2304248.0,4410868.0,0.01317614217588268
100021104|F|0-25:C>T-25:C>T,100018585|F|0-68:A>G-68:A>G,2304248.0,4632943.0,9.390368032868596e-05
100021104|F|0-25:C>T-25:C>T,100021948|F|0-23:C>G-23:C>G,2304248.0,4712047.0,0.09031570802233578
100021104|F|0-25:C>T-25:C>T,100040647|F|0-14:T>A-14:T>A,2304248.0,4728537.0,0.007526748722356187
100021104|F|0-25:C>T-25:C>T,100018462|F|0-57:G>T-57:G>T,2304248.0,4783202.0,0.010541941951531639
100021104|F|0-25:C>T-25:C>T,100028807|F|0-29:G>A-29:G>A,2304248.0,5488909.0,0.0951917660914539
100021104|F|0-25:C>T-25:C>T,100020957|F|0-56:G>A-56:G>A,2304248.0,5525318.0,4.534556151975553e-05
100021104|F|0-25:C>T-25:C>T,100041207|F|0-27:C>A-27:C>A,2304248.0,5602442.0,0.033075884473165444
100021104|F|0-25:C>T-25:C>T,100016888|F|0-67:C>T-67:C>T,2304248.0,6552228.0,0.02113711011602853
100021104|F|0-25:C>T-25:C>T,100013584|F|0-22:T>C-22:T>C,2304248.0,6865742.0,0.05102352496889999
100021104|F|0-25:C>T-25:C>T,100018629|F|0-63:G>A-63:G>A,2304248.0,6866047.0,0.010662875422072142
100021104|F|0-25:C>T-25:C>T,100040243|F|0-44:T>G-44:T>G,2304248.0,6915952.0,0.04516658211108613
100021104|F|0-25:C>T-25:C>T,100033204|F|0-66:T>C-66:T>C,2304248.0,7052774.0,0.08482216085152837
100021104|F|0-25:C>T-25:C>T,100021889|F|0-32:T>A-32:T>A,2304248.0,7053581.0,0.056714659004692046
100021104|F|0-25:C>T-25:C>T,100028365|F|0-14:C>A-14:C>A,2304248.0,7058744.0,9.1828207788868e-05
100021104|F|0-25:C>T-25:C>T,100043120|F|0-10:T>G-10:T>G,2304248.0,7220209.0,0.010380646452880995
100021104|F|0-25:C>T-25:C>T,100014119|F|0-65:C>G-65:C>G,2304248.0,7227243.0,0.010380646452880995
100021104|F|0-25:C>T-25:C>T,100018572|F|0-44:T>A-44:T>A,2304248.0,7228216.0,0.007516735346298391
100021104|F|0-25:C>T-25:C>T,100017140|F|0-53:T>C-53:T>C,2304248.0,7621185.0,0.004684165303916393
100021104|F|0-25:C>T-25:C>T,100014614|F|0-54:G>A-54:G>A,2304248.0,7686876.0,0.003557994194656716
100021104|F|0-25:C>T-25:C>T,100020518|F|0-50:T>G-50:T>G,2304248.0,8001607.0,0.00045863533352588154
100021104|F|0-25:C>T-25:C>T,100018646|F|0-46:C>T-46:C>T,2304248.0,8570732.0,0.012560443911821024
100021104|F|0-25:C>T-25:C>T,100041050|F|0-49:T>A-49:T>A,2304248.0,8877660.0,0.009445551484505004
100021104|F|0-25:C>T-25:C>T,100040807|F|0-22:G>A-22:G>A,2304248.0,13128905.0,0.015114731693281511
100021104|F|0-25:C>T-25:C>T,100015846|F|0-45:G>T-45:G>T,2304248.0,16161088.0,0.0014706309551475744
100021104|F|0-25:C>T-25:C>T,100045098|F|0-63:G>T-63:G>T,2304248.0,17792887.0,0.0045515663786633844
100021104|F|0-25:C>T-25:C>T,100017652|F|0-34:G>A-34:G>A,2304248.0,20785539.0,0.002792426278568407
100021104|F|0-25:C>T-25:C>T,100044913|F|0-35:T>C-35:T>C,2304248.0,30665404.0,0.07549586234073277
100021104|F|0-25:C>T-25:C>T,100015510|F|0-57:A>C-57:A>C,2304248.0,35835846.0,0.01348196863712085
100021104|F|0-25:C>T-25:C>T,100015139|F|0-52:T>C-52:T>C,2304248.0,35912066.0,0.03272616014993536
100021104|F|0-25:C>T-25:C>T,100036187|F|0-16:T>C-16:T>C,2304248.0,42008443.0,0.0008081301732447971
100021104|F|0-25:C>T-25:C>T,100014991|F|0-45:T>G-45:T>G,2304248.0,43771333.0,0.02066373008002581
100021104|F|0-25:C>T-25:C>T,100060618|F|0-5:A>G-5:A>G,2304248.0,53483214.0,1.0882900032310662e-05
100021104|F|0-25:C>T-25:C>T,100019259|F|0-35:C>T-35:C>T,2304248.0,64990492.0,0.0004679728132707091
100018738|F|0-46:T>C-46:T>C,100028644|F|0-13:T>C-13:T>C,2322887.0,2337096.0,0.8564574106168571
100018738|F|0-46:T>C-46:T>C,100019784|F|0-32:C>G-32:C>G,2322887.0,2348981.0,0.0069041361908309925
100018738|F|0-46:T>C-46:T>C,100029801|F|0-44:C>T-44:C>T,2322887.0,2411287.0,0.5490245559669571
100018738|F|0-46:T>C-46:T>C,100018506|F|0-23:C>T-23:C>T,2322887.0,2437135.0,0.19551465190376335
100018738|F|0-46:T>C-46:T>C,100016982|F|0-43:C>A-43:C>A,2322887.0,2465867.0,0.05733988989261516
100018738|F|0-46:T>C-46:T>C,100014343|F|0-46:C>T-46:C>T,2322887.0,2481166.0,0.13625191701058567
100018738|F|0-46:T>C-46:T>C,100021653|F|0-36:G>A-36:G>A,2322887.0,2486131.0,0.11055791755459805
100018738|F|0-46:T>C-46:T>C,100033716|F|0-51:T>C-51:T>C,2322887.0,2760698.0,0.0013840747159638072
100018738|F|0-46:T>C-46:T>C,100029063|F|0-9:C>T-9:C>T,2322887.0,2761830.0,0.0006953742627204252
100018738|F|0-46:T>C-46:T>C,100016995|F|0-19:T>G-19:T>G,2322887.0,2968804.0,0.05127206122732312
100018738|F|0-46:T>C-46:T>C,100028785|F|0-15:C>T-15:C>T,2322887.0,4410868.0,0.008027787805324545
100018738|F|0-46:T>C-46:T>C,100018585|F|0-68:A>G-68:A>G,2322887.0,4632943.0,0.04852287282647297
100018738|F|0-46:T>C-46:T>C,100021948|F|0-23:C>G-23:C>G,2322887.0,4712047.0,0.07308192241034535
100018738|F|0-46:T>C-46:T>C,100040647|F|0-14:T>A-14:T>A,2322887.0,4728537.0,0.011930018395341345
100018738|F|0-46:T>C-46:T>C,100018462|F|0-57:G>T-57:G>T,2322887.0,4783202.0,0.002202688565646888
100018738|F|0-46:T>C-46:T>C,100028807|F|0-29:G>A-29:G>A,2322887.0,5488909.0,1.0097523720001204e-05
100018738|F|0-46:T>C-46:T>C,100020957|F|0-56:G>A-56:G>A,2322887.0,5525318.0,0.004331942732838874
100018738|F|0-46:T>C-46:T>C,100041207|F|0-27:C>A-27:C>A,2322887.0,5602442.0,0.06063813837048237
100018738|F|0-46:T>C-46:T>C,100016888|F|0-67:C>T-67:C>T,2322887.0,6552228.0,0.0038283511222348015
100018738|F|0-46:T>C-46:T>C,100013584|F|0-22:T>C-22:T>C,2322887.0,6865742.0,0.046916947021443035
100018738|F|0-46:T>C-46:T>C,100018629|F|0-63:G>A-63:G>A,2322887.0,6866047.0,0.037912939222482886
100018738|F|0-46:T>C-46:T>C,100040243|F|0-44:T>G-44:T>G,2322887.0,6915952.0,0.022095087271268493
100018738|F|0-46:T>C-46:T>C,100033204|F|0-66:T>C-66:T>C,2322887.0,7052774.0,0.008027787805324533
100018738|F|0-46:T>C-46:T>C,100021889|F|0-32:T>A-32:T>A,2322887.0,7053581.0,0.013736367335972038
100018738|F|0-46:T>C-46:T>C,100028365|F|0-14:C>A-14:C>A,2322887.0,7058744.0,0.00042142304025116685
100018738|F|0-46:T>C-46:T>C,100043120|F|0-10:T>G-10:T>G,2322887.0,7220209.0,0.0058500901352376575
100018738|F|0-46:T>C-46:T>C,100014119|F|0-65:C>G-65:C>G,2322887.0,7227243.0,0.0058500901352376575
100018738|F|0-46:T>C-46:T>C,100018572|F|0-44:T>A-44:T>A,2322887.0,7228216.0,0.011803507499813041
100018738|F|0-46:T>C-46:T>C,100017140|F|0-53:T>C-53:T>C,2322887.0,7621185.0,0.01774889494856343
100018738|F|0-46:T>C-46:T>C,100014614|F|0-54:G>A-54:G>A,2322887.0,7686876.0,1.4277326567060409e-05
100018738|F|0-46:T>C-46:T>C,100020518|F|0-50:T>G-50:T>G,2322887.0,8001607.0,0.00021745962450327448
100018738|F|0-46:T>C-46:T>C,100018646|F|0-46:C>T-46:C>T,2322887.0,8570732.0,2.1708848436481972e-05
100018738|F|0-46:T>C-46:T>C,100041050|F|0-49:T>A-49:T>A,2322887.0,8877660.0,0.0024787869103662465
100018738|F|0-46:T>C-46:T>C,100040807|F|0-22:G>A-22:G>A,2322887.0,13128905.0,0.017766877114797387
100018738|F|0-46:T>C-46:T>C,100015846|F|0-45:G>T-45:G>T,2322887.0,16161088.0,0.0022965687908278938
100018738|F|0-46:T>C-46:T>C,100045098|F|0-63:G>T-63:G>T,2322887.0,17792887.0,0.00033392575257481496
100018738|F|0-46:T>C-46:T>C,100017652|F|0-34:G>A-34:G>A,2322887.0,20785539.0,0.007208525029337331
100018738|F|0-46:T>C-46:T>C,100044913|F|0-35:T>C-35:T>C,2322887.0,30665404.0,0.00017896164569361898
100018738|F|0-46:T>C-46:T>C,100015510|F|0-57:A>C-57:A>C,2322887.0,35835846.0,0.016604436581024732
100018738|F|0-46:T>C-46:T>C,100015139|F|0-52:T>C-52:T>C,2322887.0,35912066.0,1.3409491297539849e-06
100018738|F|0-46:T>C-46:T>C,100036187|F|0-16:T>C-16:T>C,2322887.0,42008443.0,0.0024100470501734646
100018738|F|0-46:T>C-46:T>C,100014991|F|0-45:T>G-45:T>G,2322887.0,43771333.0,0.0009997939932981676
100018738|F|0-46:T>C-46:T>C,100060618|F|0-5:A>G-5:A>G,2322887.0,53483214.0,0.029370429219867614
100018738|F|0-46:T>C-46:T>C,100019259|F|0-35:C>T-35:C>T,2322887.0,64990492.0,0.007579110114590855
100028644|F|0-13:T>C-13:T>C,100019784|F|0-32:C>G-32:C>G,2337096.0,2348981.0,0.001879048608020576
100028644|F|0-13:T>C-13:T>C,100029801|F|0-44:C>T-44:C>T,2337096.0,2411287.0,0.5387407770871957
100028644|F|0-13:T>C-13:T>C,100018506|F|0-23:C>T-23:C>T,2337096.0,2437135.0,0.2076705136202956
100028644|F|0-13:T>C-13:T>C,100016982|F|0-43:C>A-43:C>A,2337096.0,2465867.0,0.08810591469042203
100028644|F|0-13:T>C-13:T>C,100014343|F|0-46:C>T-46:C>T,2337096.0,2481166.0,0.1582067679189981
100028644|F|0-13:T>C-13:T>C,100021653|F|0-36:G>A-36:G>A,2337096.0,2486131.0,0.12862258028421142
100028644|F|0-13:T>C-13:T>C,100033716|F|0-51:T>C-51:T>C,2337096.0,2760698.0,0.0010623546251565547
100028644|F|0-13:T>C-13:T>C,100029063|F|0-9:C>T-9:C>T,2337096.0,2761830.0,0.0004640484564282965
100028644|F|0-13:T>C-13:T>C,100016995|F|0-19:T>G-19:T>G,2337096.0,2968804.0,0.06276168772131285
100028644|F|0-13:T>C-13:T>C,100028785|F|0-15:C>T-15:C>T,2337096.0,4410868.0,0.0027786918211399982
100028644|F|0-13:T>C-13:T>C,100018585|F|0-68:A>G-68:A>G,2337096.0,4632943.0,0.010936300844205694
100028644|F|0-13:T>C-13:T>C,100021948|F|0-23:C>G-23:C>G,2337096.0,4712047.0,0.0952774594534369
100028644|F|0-13:T>C-13:T>C,100040647|F|0-14:T>A-14:T>A,2337096.0,4728537.0,0.011530394240385218
100028644|F|0-13:T>C-13:T>C,100018462|F|0-57:G>T-57:G>T,2337096.0,4783202.0,0.016138165345413433
100028644|F|0-13:T>C-13:T>C,100028807|F|0-29:G>A-29:G>A,2337096.0,5488909.0,0.0016603178679449862
100028644|F|0-13:T>C-13:T>C,100020957|F|0-56:G>A-56:G>A,2337096.0,5525318.0,0.0040433256896671545
100028644|F|0-13:T>C-13:T>C,100041207|F|0-27:C>A-27:C>A,2337096.0,5602442.0,0.06189671814671814
100028644|F|0-13:T>C-13:T>C,100016888|F|0-67:C>T-67:C>T,2337096.0,6552228.0,0.0013590336379308244
100028644|F|0-13:T>C-13:T>C,100013584|F|0-22:T>C-22:T>C,2337096.0,6865742.0,0.0652176379811182
100028644|F|0-13:T>C-13:T>C,100018629|F|0-63:G>A-63:G>A,2337096.0,6866047.0,0.043658088235294004
100028644|F|0-13:T>C-13:T>C,100040243|F|0-44:T>G-44:T>G,2337096.0,6915952.0,0.030363413085299114
100028644|F|0-13:T>C-13:T>C,100033204|F|0-66:T>C-66:T>C,2337096.0,7052774.0,0.0027786918211399982
100028644|F|0-13:T>C-13:T>C,100021889|F|0-32:T>A-32:T>A,2337096.0,7053581.0,0.012919310970081671
100028644|F|0-13:T>C-13:T>C,100028365|F|0-14:C>A-14:C>A,2337096.0,7058744.0,0.0006684115726668927
100028644|F|0-13:T>C-13:T>C,100043120|F|0-10:T>G-10:T>G,2337096.0,7220209.0,0.000794846050870148
100028644|F|0-13:T>C-13:T>C,100014119|F|0-65:C>G-65:C>G,2337096.0,7227243.0,0.000794846050870148
100028644|F|0-13:T>C-13:T>C,100018572|F|0-44:T>A-44:T>A,2337096.0,7228216.0,0.004043325689667156
100028644|F|0-13:T>C-13:T>C,100017140|F|0-53:T>C-53:T>C,2337096.0,7621185.0,0.022242928134556587
100028644|F|0-13:T>C-13:T>C,100014614|F|0-54:G>A-54:G>A,2337096.0,7686876.0,0.0004311909949164858
100028644|F|0-13:T>C-13:T>C,100020518|F|0-50:T>G-50:T>G,2337096.0,8001607.0,0.0003559452219037465
100028644|F|0-13:T>C-13:T>C,100018646|F|0-46:C>T-46:C>T,2337096.0,8570732.0,0.00048800534237427337
100028644|F|0-13:T>C-13:T>C,100041050|F|0-49:T>A-49:T>A,2337096.0,8877660.0,0.004678881008668237
100028644|F|0-13:T>C-13:T>C,100040807|F|0-22:G>A-22:G>A,2337096.0,13128905.0,0.051311728395061956
100028644|F|0-13:T>C-13:T>C,100015846|F|0-45:G>T-45:G>T,2337096.0,16161088.0,0.0021144943019942982
100028644|F|0-13:T>C-13:T>C,100045098|F|0-63:G>T-63:G>T,2337096.0,17792887.0,0.0006303078556263277
100028644|F|0-13:T>C-13:T>C,100017652|F|0-34:G>A-34:G>A,2337096.0,20785539.0,0.020864300755605136
100028644|F|0-13:T>C-13:T>C,100044913|F|0-35:T>C-35:T>C,2337096.0,30665404.0,0.0002012882447665051
100028644|F|0-13:T>C-13:T>C,100015510|F|0-57:A>C-57:A>C,2337096.0,35835846.0,0.024030354131534603
100028644|F|0-13:T>C-13:T>C,100015139|F|0-52:T>C-52:T>C,2337096.0,35912066.0,6.0497223495848293e-05
100028644|F|0-13:T>C-13:T>C,100036187|F|0-16:T>C-16:T>C,2337096.0,42008443.0,0.0006271869016967064
100028644|F|0-13:T>C-13:T>C,100014991|F|0-45:T>G-45:T>G,2337096.0,43771333.0,0.0007673977139625968
100028644|F|0-13:T>C-13:T>C,100060618|F|0-5:A>G-5:A>G,2337096.0,53483214.0,0.026087941054603287
100028644|F|0-13:T>C-13:T>C,100019259|F|0-35:C>T-35:C>T,2337096.0,64990492.0,0.0020192268254283774
100019784|F|0-32:C>G-32:C>G,100029801|F|0-44:C>T-44:C>T,2348981.0,2411287.0,0.051625589107360946
100019784|F|0-32:C>G-32:C>G,100018506|F|0-23:C>T-23:C>T,2348981.0,2437135.0,0.06513998285924186
100019784|F|0-32:C>G-32:C>G,100016982|F|0-43:C>A-43:C>A,2348981.0,2465867.0,0.05853977206155682
100019784|F|0-32:C>G-32:C>G,100014343|F|0-46:C>T-46:C>T,2348981.0,2481166.0,0.05883744272939468
100019784|F|0-32:C>G-32:C>G,100021653|F|0-36:G>A-36:G>A,2348981.0,2486131.0,0.05380890532795014
100019784|F|0-32:C>G-32:C>G,100033716|F|0-51:T>C-51:T>C,2348981.0,2760698.0,4.031139748328184e-06
100019784|F|0-32:C>G-32:C>G,100029063|F|0-9:C>T-9:C>T,2348981.0,2761830.0,1.5847624891023315e-05
100019784|F|0-32:C>G-32:C>G,100016995|F|0-19:T>G-19:T>G,2348981.0,2968804.0,0.0012808852802875827
100019784|F|0-32:C>G-32:C>G,100028785|F|0-15:C>T-15:C>T,2348981.0,4410868.0,0.002827231306763748
100019784|F|0-32:C>G-32:C>G,100018585|F|0-68:A>G-68:A>G,2348981.0,4632943.0,0.0067166813361791014
100019784|F|0-32:C>G-32:C>G,100021948|F|0-23:C>G-23:C>G,2348981.0,4712047.0,0.045100170805021295
100019784|F|0-32:C>G-32:C>G,100040647|F|0-14:T>A-14:T>A,2348981.0,4728537.0,4.742244725629401e-05
100019784|F|0-32:C>G-32:C>G,100018462|F|0-57:G>T-57:G>T,2348981.0,4783202.0,0.0009527614773643105
100019784|F|0-32:C>G-32:C>G,100028807|F|0-29:G>A-29:G>A,2348981.0,5488909.0,0.006567050880372593
100019784|F|0-32:C>G-32:C>G,100020957|F|0-56:G>A-56:G>A,2348981.0,5525318.0,0.0006625469356264892
100019784|F|0-32:C>G-32:C>G,100041207|F|0-27:C>A-27:C>A,2348981.0,5602442.0,0.07688251323515011
100019784|F|0-32:C>G-32:C>G,100016888|F|0-67:C>T-67:C>T,2348981.0,6552228.0,0.01220044523849348
100019784|F|0-32:C>G-32:C>G,100013584|F|0-22:T>C-22:T>C,2348981.0,6865742.0,0.08099238527186547
100019784|F|0-32:C>G-32:C>G,100018629|F|0-63:G>A-63:G>A,2348981.0,6866047.0,0.053013904159794775
100019784|F|0-32:C>G-32:C>G,100040243|F|0-44:T>G-44:T>G,2348981.0,6915952.0,0.024905959669204274
100019784|F|0-32:C>G-32:C>G,100033204|F|0-66:T>C-66:T>C,2348981.0,7052774.0,0.0005734859378150814
100019784|F|0-32:C>G-32:C>G,100021889|F|0-32:T>A-32:T>A,2348981.0,7053581.0,1.8307879832523904e-05
100019784|F|0-32:C>G-32:C>G,100028365|F|0-14:C>A-14:C>A,2348981.0,7058744.0,0.04220673156914389
100019784|F|0-32:C>G-32:C>G,100043120|F|0-10:T>G-10:T>G,2348981.0,7220209.0,0.010146058198079374
100019784|F|0-32:C>G-32:C>G,100014119|F|0-65:C>G-65:C>G,2348981.0,7227243.0,0.010146058198079374
100019784|F|0-32:C>G-32:C>G,100018572|F|0-44:T>A-44:T>A,2348981.0,7228216.0,0.0006625469356264881
100019784|F|0-32:C>G-32:C>G,100017140|F|0-53:T>C-53:T>C,2348981.0,7621185.0,0.009095460614152211
100019784|F|0-32:C>G-32:C>G,100014614|F|0-54:G>A-54:G>A,2348981.0,7686876.0,0.021513070441052842
100019784|F|0-32:C>G-32:C>G,100020518|F|0-50:T>G-50:T>G,2348981.0,8001607.0,0.0656687419341113
100019784|F|0-32:C>G-32:C>G,100018646|F|0-46:C>T-46:C>T,2348981.0,8570732.0,0.03165674898940592
100019784|F|0-32:C>G-32:C>G,100041050|F|0-49:T>A-49:T>A,2348981.0,8877660.0,0.01391926824418373
100019784|F|0-32:C>G-32:C>G,100040807|F|0-22:G>A-22:G>A,2348981.0,13128905.0,0.021175058808570176
100019784|F|0-32:C>G-32:C>G,100015846|F|0-45:G>T-45:G>T,2348981.0,16161088.0,0.017723952449419697
100019784|F|0-32:C>G-32:C>G,100045098|F|0-63:G>T-63:G>T,2348981.0,17792887.0,0.0006380588130245798
100019784|F|0-32:C>G-32:C>G,100017652|F|0-34:G>A-34:G>A,2348981.0,20785539.0,0.012051134562308871
100019784|F|0-32:C>G-32:C>G,100044913|F|0-35:T>C-35:T>C,2348981.0,30665404.0,0.03336332501306101
100019784|F|0-32:C>G-32:C>G,100015510|F|0-57:A>C-57:A>C,2348981.0,35835846.0,0.032342448728715355
100019784|F|0-32:C>G-32:C>G,100015139|F|0-52:T>C-52:T>C,2348981.0,35912066.0,0.00430858751604615
100019784|F|0-32:C>G-32:C>G,100036187|F|0-16:T>C-16:T>C,2348981.0,42008443.0,0.03748372756069294
100019784|F|0-32:C>G-32:C>G,100014991|F|0-45:T>G-45:T>G,2348981.0,43771333.0,0.010746607981852983
100019784|F|0-32:C>G-32:C>G,100060618|F|0-5:A>G-5:A>G,2348981.0,53483214.0,0.012805313613644252
100019784|F|0-32:C>G-32:C>G,100019259|F|0-35:C>T-35:C>T,2348981.0,64990492.0,0.005469853833563598
100029801|F|0-44:C>T-44:C>T,100018506|F|0-23:C>T-23:C>T,2411287.0,2437135.0,0.2730651158861241
100029801|F|0-44:C>T-44:C>T,100016982|F|0-43:C>A-43:C>A,2411287.0,2465867.0,0.24617864581616644
100029801|F|0-44:C>T-44:C>T,100014343|F|0-46:C>T-46:C>T,2411287.0,2481166.0,0.20970269907724476
100029801|F|0-44:C>T-44:C>T,100021653|F|0-36:G>A-36:G>A,2411287.0,2486131.0,0.1754298613355313
100029801|F|0-44:C>T-44:C>T,100033716|F|0-51:T>C-51:T>C,2411287.0,2760698.0,0.0028474681533946795
100029801|F|0-44:C>T-44:C>T,100029063|F|0-9:C>T-9:C>T,2411287.0,2761830.0,0.01119425522343929
100029801|F|0-44:C>T-44:C>T,100016995|F|0-19:T>G-19:T>G,2411287.0,2968804.0,0.02217564276168826
100029801|F|0-44:C>T-44:C>T,100028785|F|0-15:C>T-15:C>T,2411287.0,4410868.0,0.02463085385571476
100029801|F|0-44:C>T-44:C>T,100018585|F|0-68:A>G-68:A>G,2411287.0,4632943.0,0.015518276311102112
100029801|F|0-44:C>T-44:C>T,100021948|F|0-23:C>G-23:C>G,2411287.0,4712047.0,0.1412657256012009
100029801|F|0-44:C>T-44:C>T,100040647|F|0-14:T>A-14:T>A,2411287.0,4728537.0,0.003145855763292946
100029801|F|0-44:C>T-44:C>T,100018462|F|0-57:G>T-57:G>T,2411287.0,4783202.0,0.001711674114808441
100029801|F|0-44:C>T-44:C>T,100028807|F|0-29:G>A-29:G>A,2411287.0,5488909.0,0.023532183581292873
100029801|F|0-44:C>T-44:C>T,100020957|F|0-56:G>A-56:G>A,2411287.0,5525318.0,0.008396056539262458
100029801|F|0-44:C>T-44:C>T,100041207|F|0-27:C>A-27:C>A,2411287.0,5602442.0,0.15787684809090582
100029801|F|0-44:C>T-44:C>T,100016888|F|0-67:C>T-67:C>T,2411287.0,6552228.0,0.00039901654391556827
100029801|F|0-44:C>T-44:C>T,100013584|F|0-22:T>C-22:T>C,2411287.0,6865742.0,0.05775077450018275
100029801|F|0-44:C>T-44:C>T,100018629|F|0-63:G>A-63:G>A,2411287.0,6866047.0,0.03752838230483555
100029801|F|0-44:C>T-44:C>T,100040243|F|0-44:T>G-44:T>G,2411287.0,6915952.0,0.0012827384089589779
100029801|F|0-44:C>T-44:C>T,100033204|F|0-66:T>C-66:T>C,2411287.0,7052774.0,0.015347102001749604
100029801|F|0-44:C>T-44:C>T,100021889|F|0-32:T>A-32:T>A,2411287.0,7053581.0,0.02114137818439673
100029801|F|0-44:C>T-44:C>T,100028365|F|0-14:C>A-14:C>A,2411287.0,7058744.0,0.0015678551294403338
100029801|F|0-44:C>T-44:C>T,100043120|F|0-10:T>G-10:T>G,2411287.0,7220209.0,0.010966584690085173
100029801|F|0-44:C>T-44:C>T,100014119|F|0-65:C>G-65:C>G,2411287.0,7227243.0,0.010966584690085173
100029801|F|0-44:C>T-44:C>T,100018572|F|0-44:T>A-44:T>A,2411287.0,7228216.0,0.01856287755902394
100029801|F|0-44:C>T-44:C>T,100017140|F|0-53:T>C-53:T>C,2411287.0,7621185.0,0.04364452129718827
100029801|F|0-44:C>T-44:C>T,100014614|F|0-54:G>A-54:G>A,2411287.0,7686876.0,0.0036822165350711184
100029801|F|0-44:C>T-44:C>T,100020518|F|0-50:T>G-50:T>G,2411287.0,8001607.0,0.0003678837544420286
100029801|F|0-44:C>T-44:C>T,100018646|F|0-46:C>T-46:C>T,2411287.0,8570732.0,0.004192533268726332
100029801|F|0-44:C>T-44:C>T,100041050|F|0-49:T>A-49:T>A,2411287.0,8877660.0,0.0022054371202472217
100029801|F|0-44:C>T-44:C>T,100040807|F|0-22:G>A-22:G>A,2411287.0,13128905.0,0.02526111033225847
100029801|F|0-44:C>T-44:C>T,100015846|F|0-45:G>T-45:G>T,2411287.0,16161088.0,0.0009966879293424914
100029801|F|0-44:C>T-44:C>T,100045098|F|0-63:G>T-63:G>T,2411287.0,17792887.0,0.007125952444947293
100029801|F|0-44:C>T-44:C>T,100017652|F|0-34:G>A-34:G>A,2411287.0,20785539.0,0.028065680319595044
100029801|F|0-44:C>T-44:C>T,100044913|F|0-35:T>C-35:T>C,2411287.0,30665404.0,0.006130797457012407
100029801|F|0-44:C>T-44:C>T,100015510|F|0-57:A>C-57:A>C,2411287.0,35835846.0,0.035798744594690804
100029801|F|0-44:C>T-44:C>T,100015139|F|0-52:T>C-52:T>C,2411287.0,35912066.0,0.0025527697273131085
100029801|F|0-44:C>T-44:C>T,100036187|F|0-16:T>C-16:T>C,2411287.0,42008443.0,0.01003756172823309
100029801|F|0-44:C>T-44:C>T,100014991|F|0-45:T>G-45:T>G,2411287.0,43771333.0,0.0020238425209995903
100029801|F|0-44:C>T-44:C>T,100060618|F|0-5:A>G-5:A>G,2411287.0,53483214.0,0.0009741248574985825
100029801|F|0-44:C>T-44:C>T,100019259|F|0-35:C>T-35:C>T,2411287.0,64990492.0,0.0017869024190771499
100018506|F|0-23:C>T-23:C>T,100016982|F|0-43:C>A-43:C>A,2437135.0,2465867.0,0.08856903598277624
100018506|F|0-23:C>T-23:C>T,100014343|F|0-46:C>T-46:C>T,2437135.0,2481166.0,0.3204479460723378
100018506|F|0-23:C>T-23:C>T,100021653|F|0-36:G>A-36:G>A,2437135.0,2486131.0,0.26072337931333384
100018506|F|0-23:C>T-23:C>T,100033716|F|0-51:T>C-51:T>C,2437135.0,2760698.0,0.0847595540969377
100018506|F|0-23:C>T-23:C>T,100029063|F|0-9:C>T-9:C>T,2437135.0,2761830.0,0.06780973394697375
100018506|F|0-23:C>T-23:C>T,100016995|F|0-19:T>G-19:T>G,2437135.0,2968804.0,0.04075207822542011
100018506|F|0-23:C>T-23:C>T,100028785|F|0-15:C>T-15:C>T,2437135.0,4410868.0,0.029941545929122276
100018506|F|0-23:C>T-23:C>T,100018585|F|0-68:A>G-68:A>G,2437135.0,4632943.0,0.003418499178200518
100018506|F|0-23:C>T-23:C>T,100021948|F|0-23:C>G-23:C>G,2437135.0,4712047.0,0.08006642305024879
100018506|F|0-23:C>T-23:C>T,100040647|F|0-14:T>A-14:T>A,2437135.0,4728537.0,0.02769760838659093
100018506|F|0-23:C>T-23:C>T,100018462|F|0-57:G>T-57:G>T,2437135.0,4783202.0,0.0057863264589539986
100018506|F|0-23:C>T-23:C>T,100028807|F|0-29:G>A-29:G>A,2437135.0,5488909.0,0.05870649408322406
100018506|F|0-23:C>T-23:C>T,100020957|F|0-56:G>A-56:G>A,2437135.0,5525318.0,0.000491866212390234
100018506|F|0-23:C>T-23:C>T,100041207|F|0-27:C>A-27:C>A,2437135.0,5602442.0,0.01859214563908889
100018506|F|0-23:C>T-23:C>T,100016888|F|0-67:C>T-67:C>T,2437135.0,6552228.0,0.0061487911049783635
100018506|F|0-23:C>T-23:C>T,100013584|F|0-22:T>C-22:T>C,2437135.0,6865742.0,0.03431831247782937
100018506|F|0-23:C>T-23:C>T,100018629|F|0-63:G>A-63:G>A,2437135.0,6866047.0,0.01761403251256826
100018506|F|0-23:C>T-23:C>T,100040243|F|0-44:T>G-44:T>G,2437135.0,6915952.0,0.0009344084732704576
100018506|F|0-23:C>T-23:C>T,100033204|F|0-66:T>C-66:T>C,2437135.0,7052774.0,0.00017797330893025708
100018506|F|0-23:C>T-23:C>T,100021889|F|0-32:T>A-32:T>A,2437135.0,7053581.0,0.000882439940071566
100018506|F|0-23:C>T-23:C>T,100028365|F|0-14:C>A-14:C>A,2437135.0,7058744.0,0.0050152923754282885
100018506|F|0-23:C>T-23:C>T,100043120|F|0-10:T>G-10:T>G,2437135.0,7220209.0,0.02437729708603598
100018506|F|0-23:C>T-23:C>T,100014119|F|0-65:C>G-65:C>G,2437135.0,7227243.0,0.02437729708603598
100018506|F|0-23:C>T-23:C>T,100018572|F|0-44:T>A-44:T>A,2437135.0,7228216.0,0.01561360675749859
100018506|F|0-23:C>T-23:C>T,100017140|F|0-53:T>C-53:T>C,2437135.0,7621185.0,0.0002448462458578237
100018506|F|0-23:C>T-23:C>T,100014614|F|0-54:G>A-54:G>A,2437135.0,7686876.0,0.00019639102608534861
100018506|F|0-23:C>T-23:C>T,100020518|F|0-50:T>G-50:T>G,2437135.0,8001607.0,0.010110342551317677
100018506|F|0-23:C>T-23:C>T,100018646|F|0-46:C>T-46:C>T,2437135.0,8570732.0,0.0013810141006417483
100018506|F|0-23:C>T-23:C>T,100041050|F|0-49:T>A-49:T>A,2437135.0,8877660.0,1.6591231865783783e-05
100018506|F|0-23:C>T-23:C>T,100040807|F|0-22:G>A-22:G>A,2437135.0,13128905.0,0.024968065828951686
100018506|F|0-23:C>T-23:C>T,100015846|F|0-45:G>T-45:G>T,2437135.0,16161088.0,7.497960554729149e-06
100018506|F|0-23:C>T-23:C>T,100045098|F|0-63:G>T-63:G>T,2437135.0,17792887.0,0.0004174596993694163
100018506|F|0-23:C>T-23:C>T,100017652|F|0-34:G>A-34:G>A,2437135.0,20785539.0,0.0023829881908484555
100018506|F|0-23:C>T-23:C>T,100044913|F|0-35:T>C-35:T>C,2437135.0,30665404.0,0.02087119260082994
100018506|F|0-23:C>T-23:C>T,100015510|F|0-57:A>C-57:A>C,2437135.0,35835846.0,0.0991490449504987
100018506|F|0-23:C>T-23:C>T,100015139|F|0-52:T>C-52:T>C,2437135.0,35912066.0,0.06775552373000747
100018506|F|0-23:C>T-23:C>T,100036187|F|0-16:T>C-16:T>C,2437135.0,42008443.0,0.001902765870143212
100018506|F|0-23:C>T-23:C>T,100014991|F|0-45:T>G-45:T>G,2437135.0,43771333.0,0.0018043118444084282
100018506|F|0-23:C>T-23:C>T,100060618|F|0-5:A>G-5:A>G,2437135.0,53483214.0,2.876398681028754e-06
100018506|F|0-23:C>T-23:C>T,100019259|F|0-35:C>T-35:C>T,2437135.0,64990492.0,0.009087229270316202
100016982|F|0-43:C>A-43:C>A,100014343|F|0-46:C>T-46:C>T,2465867.0,2481166.0,0.538058177509997
100016982|F|0-43:C>A-43:C>A,100021653|F|0-36:G>A-36:G>A,2465867.0,2486131.0,0.49777300802257074
100016982|F|0-43:C>A-43:C>A,100033716|F|0-51:T>C-51:T>C,2465867.0,2760698.0,0.010997796515249096
100016982|F|0-43:C>A-43:C>A,100029063|F|0-9:C>T-9:C>T,2465867.0,2761830.0,0.02383913000956406
100016982|F|0-43:C>A-43:C>A,100016995|F|0-19:T>G-19:T>G,2465867.0,2968804.0,0.013815925767285055
100016982|F|0-43:C>A-43:C>A,100028785|F|0-15:C>T-15:C>T,2465867.0,4410868.0,0.005699471336332975
100016982|F|0-43:C>A-43:C>A,100018585|F|0-68:A>G-68:A>G,2465867.0,4632943.0,0.0012973228710476434
100016982|F|0-43:C>A-43:C>A,100021948|F|0-23:C>G-23:C>G,2465867.0,4712047.0,0.06322326208748288
100016982|F|0-43:C>A-43:C>A,100040647|F|0-14:T>A-14:T>A,2465867.0,4728537.0,0.0003682902298790569
100016982|F|0-43:C>A-43:C>A,100018462|F|0-57:G>T-57:G>T,2465867.0,4783202.0,0.03672229386423962
100016982|F|0-43:C>A-43:C>A,100028807|F|0-29:G>A-29:G>A,2465867.0,5488909.0,0.022586836653439607
100016982|F|0-43:C>A-43:C>A,100020957|F|0-56:G>A-56:G>A,2465867.0,5525318.0,9.960179608463327e-05
100016982|F|0-43:C>A-43:C>A,100041207|F|0-27:C>A-27:C>A,2465867.0,5602442.0,0.15190990014933675
100016982|F|0-43:C>A-43:C>A,100016888|F|0-67:C>T-67:C>T,2465867.0,6552228.0,0.0226833392081751
100016982|F|0-43:C>A-43:C>A,100013584|F|0-22:T>C-22:T>C,2465867.0,6865742.0,0.037295795891487696
100016982|F|0-43:C>A-43:C>A,100018629|F|0-63:G>A-63:G>A,2465867.0,6866047.0,0.025123876744630683
100016982|F|0-43:C>A-43:C>A,100040243|F|0-44:T>G-44:T>G,2465867.0,6915952.0,0.012789643715897149
100016982|F|0-43:C>A-43:C>A,100033204|F|0-66:T>C-66:T>C,2465867.0,7052774.0,0.015529695753685261
100016982|F|0-43:C>A-43:C>A,100021889|F|0-32:T>A-32:T>A,2465867.0,7053581.0,0.016727991914104085
100016982|F|0-43:C>A-43:C>A,100028365|F|0-14:C>A-14:C>A,2465867.0,7058744.0,0.010290877836577549
100016982|F|0-43:C>A-43:C>A,100043120|F|0-10:T>G-10:T>G,2465867.0,7220209.0,0.004022590905333141
100016982|F|0-43:C>A-43:C>A,100014119|F|0-65:C>G-65:C>G,2465867.0,7227243.0,0.004022590905333141
100016982|F|0-43:C>A-43:C>A,100018572|F|0-44:T>A-44:T>A,2465867.0,7228216.0,9.960179608463285e-05
100016982|F|0-43:C>A-43:C>A,100017140|F|0-53:T>C-53:T>C,2465867.0,7621185.0,0.0032953099684912804
100016982|F|0-43:C>A-43:C>A,100014614|F|0-54:G>A-54:G>A,2465867.0,7686876.0,0.0005712168098249272
100016982|F|0-43:C>A-43:C>A,100020518|F|0-50:T>G-50:T>G,2465867.0,8001607.0,0.002244665221005811
100016982|F|0-43:C>A-43:C>A,100018646|F|0-46:C>T-46:C>T,2465867.0,8570732.0,0.031114431172546926
100016982|F|0-43:C>A-43:C>A,100041050|F|0-49:T>A-49:T>A,2465867.0,8877660.0,0.021005739840022186
100016982|F|0-43:C>A-43:C>A,100040807|F|0-22:G>A-22:G>A,2465867.0,13128905.0,0.014245730795026546
100016982|F|0-43:C>A-43:C>A,100015846|F|0-45:G>T-45:G>T,2465867.0,16161088.0,0.0008334027835652971
100016982|F|0-43:C>A-43:C>A,100045098|F|0-63:G>T-63:G>T,2465867.0,17792887.0,0.031675045372676965
100016982|F|0-43:C>A-43:C>A,100017652|F|0-34:G>A-34:G>A,2465867.0,20785539.0,0.00028164402369499573
100016982|F|0-43:C>A-43:C>A,100044913|F|0-35:T>C-35:T>C,2465867.0,30665404.0,0.0017900042394837204
100016982|F|0-43:C>A-43:C>A,100015510|F|0-57:A>C-57:A>C,2465867.0,35835846.0,0.011839554645292917
100016982|F|0-43:C>A-43:C>A,100015139|F|0-52:T>C-52:T>C,2465867.0,35912066.0,0.027767014743204758
100016982|F|0-43:C>A-43:C>A,100036187|F|0-16:T>C-16:T>C,2465867.0,42008443.0,0.024411793674428355
100016982|F|0-43:C>A-43:C>A,100014991|F|0-45:T>G-45:T>G,2465867.0,43771333.0,0.00338171128946315
100016982|F|0-43:C>A-43:C>A,100060618|F|0-5:A>G-5:A>G,2465867.0,53483214.0,0.028099812954498836
100016982|F|0-43:C>A-43:C>A,100019259|F|0-35:C>T-35:C>T,2465867.0,64990492.0,0.0026314369866739496
100014343|F|0-46:C>T-46:C>T,100021653|F|0-36:G>A-36:G>A,2481166.0,2486131.0,0.9324806016214232
100014343|F|0-46:C>T-46:C>T,100033716|F|0-51:T>C-51:T>C,2481166.0,2760698.0,0.014605706738956616
100014343|F|0-46:C>T-46:C>T,100029063|F|0-9:C>T-9:C>T,2481166.0,2761830.0,0.01079558393144804
100014343|F|0-46:C>T-46:C>T,100016995|F|0-19:T>G-19:T>G,2481166.0,2968804.0,0.001487182347145541
100014343|F|0-46:C>T-46:C>T,100028785|F|0-15:C>T-15:C>T,2481166.0,4410868.0,0.009667488122039346
100014343|F|0-46:C>T-46:C>T,100018585|F|0-68:A>G-68:A>G,2481166.0,4632943.0,0.0009938327158687454
100014343|F|0-46:C>T-46:C>T,100021948|F|0-23:C>G-23:C>G,2481166.0,4712047.0,0.047615109459488665
100014343|F|0-46:C>T-46:C>T,100040647|F|0-14:T>A-14:T>A,2481166.0,4728537.0,0.025154659825716512
100014343|F|0-46:C>T-46:C>T,100018462|F|0-57:G>T-57:G>T,2481166.0,4783202.0,0.012475863024189963
100014343|F|0-46:C>T-46:C>T,100028807|F|0-29:G>A-29:G>A,2481166.0,5488909.0,0.026632007183159456
100014343|F|0-46:C>T-46:C>T,100020957|F|0-56:G>A-56:G>A,2481166.0,5525318.0,0.006748822330503311
100014343|F|0-46:C>T-46:C>T,100041207|F|0-27:C>A-27:C>A,2481166.0,5602442.0,0.22760218466153675
100014343|F|0-46:C>T-46:C>T,100016888|F|0-67:C>T-67:C>T,2481166.0,6552228.0,0.00855319689577351
100014343|F|0-46:C>T-46:C>T,100013584|F|0-22:T>C-22:T>C,2481166.0,6865742.0,0.031104528142192018
100014343|F|0-46:C>T-46:C>T,100018629|F|0-63:G>A-63:G>A,2481166.0,6866047.0,0.009327831852165338
100014343|F|0-46:C>T-46:C>T,100040243|F|0-44:T>G-44:T>G,2481166.0,6915952.0,0.010888414835453863
100014343|F|0-46:C>T-46:C>T,100033204|F|0-66:T>C-66:T>C,2481166.0,7052774.0,0.005113382147194381
100014343|F|0-46:C>T-46:C>T,100021889|F|0-32:T>A-32:T>A,2481166.0,7053581.0,0.012400777474122224
100014343|F|0-46:C>T-46:C>T,100028365|F|0-14:C>A-14:C>A,2481166.0,7058744.0,0.03766044914828025
100014343|F|0-46:C>T-46:C>T,100043120|F|0-10:T>G-10:T>G,2481166.0,7220209.0,0.005218716592990678
100014343|F|0-46:C>T-46:C>T,100014119|F|0-65:C>G-65:C>G,2481166.0,7227243.0,0.005218716592990678
100014343|F|0-46:C>T-46:C>T,100018572|F|0-44:T>A-44:T>A,2481166.0,7228216.0,1.6872055826257507e-05
100014343|F|0-46:C>T-46:C>T,100017140|F|0-53:T>C-53:T>C,2481166.0,7621185.0,0.0003712626229291759
100014343|F|0-46:C>T-46:C>T,100014614|F|0-54:G>A-54:G>A,2481166.0,7686876.0,0.005642544787699228
100014343|F|0-46:C>T-46:C>T,100020518|F|0-50:T>G-50:T>G,2481166.0,8001607.0,0.00691859259178393
100014343|F|0-46:C>T-46:C>T,100018646|F|0-46:C>T-46:C>T,2481166.0,8570732.0,0.0419331663656593
100014343|F|0-46:C>T-46:C>T,100041050|F|0-49:T>A-49:T>A,2481166.0,8877660.0,0.011497185230538956
100014343|F|0-46:C>T-46:C>T,100040807|F|0-22:G>A-22:G>A,2481166.0,13128905.0,0.0072028091812264446
100014343|F|0-46:C>T-46:C>T,100015846|F|0-45:G>T-45:G>T,2481166.0,16161088.0,0.001106806862202536
100014343|F|0-46:C>T-46:C>T,100045098|F|0-63:G>T-63:G>T,2481166.0,17792887.0,0.004639600421573567
100014343|F|0-46:C>T-46:C>T,100017652|F|0-34:G>A-34:G>A,2481166.0,20785539.0,0.00502875291739854
100014343|F|0-46:C>T-46:C>T,100044913|F|0-35:T>C-35:T>C,2481166.0,30665404.0,0.003714419768532995
100014343|F|0-46:C>T-46:C>T,100015510|F|0-57:A>C-57:A>C,2481166.0,35835846.0,0.05278913462821653
100014343|F|0-46:C>T-46:C>T,100015139|F|0-52:T>C-52:T>C,2481166.0,35912066.0,0.0284998960941288
100014343|F|0-46:C>T-46:C>T,100036187|F|0-16:T>C-16:T>C,2481166.0,42008443.0,8.014978391617989e-06
100014343|F|0-46:C>T-46:C>T,100014991|F|0-45:T>G-45:T>G,2481166.0,43771333.0,0.007688505684002379
100014343|F|0-46:C>T-46:C>T,100060618|F|0-5:A>G-5:A>G,2481166.0,53483214.0,0.02136631025705798
100014343|F|0-46:C>T-46:C>T,100019259|F|0-35:C>T-35:C>T,2481166.0,64990492.0,0.007970418962555494
100021653|F|0-36:G>A-36:G>A,100033716|F|0-51:T>C-51:T>C,2486131.0,2760698.0,0.012487776756133481
100021653|F|0-36:G>A-36:G>A,100029063|F|0-9:C>T-9:C>T,2486131.0,2761830.0,0.009053261458580495
100021653|F|0-36:G>A-36:G>A,100016995|F|0-19:T>G-19:T>G,2486131.0,2968804.0,0.004645893346448384
100021653|F|0-36:G>A-36:G>A,100028785|F|0-15:C>T-15:C>T,2486131.0,4410868.0,0.013742793831251161
100021653|F|0-36:G>A-36:G>A,100018585|F|0-68:A>G-68:A>G,2486131.0,4632943.0,9.390368032868562e-05
100021653|F|0-36:G>A-36:G>A,100021948|F|0-23:C>G-23:C>G,2486131.0,4712047.0,0.05016897396515608
100021653|F|0-36:G>A-36:G>A,100040647|F|0-14:T>A-14:T>A,2486131.0,4728537.0,0.021790516015981542
100021653|F|0-36:G>A-36:G>A,100018462|F|0-57:G>T-57:G>T,2486131.0,4783202.0,0.010541941951531634
100021653|F|0-36:G>A-36:G>A,100028807|F|0-29:G>A-29:G>A,2486131.0,5488909.0,0.023301302491865274
100021653|F|0-36:G>A-36:G>A,100020957|F|0-56:G>A-56:G>A,2486131.0,5525318.0,0.005362821174109964
100021653|F|0-36:G>A-36:G>A,100041207|F|0-27:C>A-27:C>A,2486131.0,5602442.0,0.21813578252399982
100021653|F|0-36:G>A-36:G>A,100016888|F|0-67:C>T-67:C>T,2486131.0,6552228.0,0.007119283341854323
100021653|F|0-36:G>A-36:G>A,100013584|F|0-22:T>C-22:T>C,2486131.0,6865742.0,0.020775020733368905
100021653|F|0-36:G>A-36:G>A,100018629|F|0-63:G>A-63:G>A,2486131.0,6866047.0,0.0038921346484212986
100021653|F|0-36:G>A-36:G>A,100040243|F|0-44:T>G-44:T>G,2486131.0,6915952.0,0.014193339762604501
100021653|F|0-36:G>A-36:G>A,100033204|F|0-66:T>C-66:T>C,2486131.0,7052774.0,0.0032243224784746834
100021653|F|0-36:G>A-36:G>A,100021889|F|0-32:T>A-32:T>A,2486131.0,7053581.0,0.009096654824935022
100021653|F|0-36:G>A-36:G>A,100028365|F|0-14:C>A-14:C>A,2486131.0,7058744.0,0.036731283115547554
100021653|F|0-36:G>A-36:G>A,100043120|F|0-10:T>G-10:T>G,2486131.0,7220209.0,0.004041088826605526
100021653|F|0-36:G>A-36:G>A,100014119|F|0-65:C>G-65:C>G,2486131.0,7227243.0,0.004041088826605526
100021653|F|0-36:G>A-36:G>A,100018572|F|0-44:T>A-44:T>A,2486131.0,7228216.0,4.5345561519757504e-05
100021653|F|0-36:G>A-36:G>A,100017140|F|0-53:T>C-53:T>C,2486131.0,7621185.0,3.507927048975927e-05
100021653|F|0-36:G>A-36:G>A,100014614|F|0-54:G>A-54:G>A,2486131.0,7686876.0,0.014539686300837889
100021653|F|0-36:G>A-36:G>A,100020518|F|0-50:T>G-50:T>G,2486131.0,8001607.0,0.0039609588821293736
100021653|F|0-36:G>A-36:G>A,100018646|F|0-46:C>T-46:C>T,2486131.0,8570732.0,0.05209385252942588
100021653|F|0-36:G>A-36:G>A,100041050|F|0-49:T>A-49:T>A,2486131.0,8877660.0,0.018859855870526288
100021653|F|0-36:G>A-36:G>A,100040807|F|0-22:G>A-22:G>A,2486131.0,13128905.0,0.004351891814127443
100021653|F|0-36:G>A-36:G>A,100015846|F|0-45:G>T-45:G>T,2486131.0,16161088.0,0.00181559377178711
100021653|F|0-36:G>A-36:G>A,100045098|F|0-63:G>T-63:G>T,2486131.0,17792887.0,0.0063796495853137535
100021653|F|0-36:G>A-36:G>A,100017652|F|0-34:G>A-34:G>A,2486131.0,20785539.0,0.003937757369387482
100021653|F|0-36:G>A-36:G>A,100044913|F|0-35:T>C-35:T>C,2486131.0,30665404.0,0.005615394719558651
100021653|F|0-36:G>A-36:G>A,100015510|F|0-57:A>C-57:A>C,2486131.0,35835846.0,0.0528216911296445
100021653|F|0-36:G>A-36:G>A,100015139|F|0-52:T>C-52:T>C,2486131.0,35912066.0,0.026064154722673514
100021653|F|0-36:G>A-36:G>A,100036187|F|0-16:T>C-16:T>C,2486131.0,42008443.0,0.000712204684125783
100021653|F|0-36:G>A-36:G>A,100014991|F|0-45:T>G-45:T>G,2486131.0,43771333.0,0.0015324007419438659
100021653|F|0-36:G>A-36:G>A,100060618|F|0-5:A>G-5:A>G,2486131.0,53483214.0,0.03635802774394423
100021653|F|0-36:G>A-36:G>A,100019259|F|0-35:C>T-35:C>T,2486131.0,64990492.0,0.006064927659988437
100033716|F|0-51:T>C-51:T>C,100029063|F|0-9:C>T-9:C>T,2760698.0,2761830.0,0.867214888062025
100033716|F|0-51:T>C-51:T>C,100016995|F|0-19:T>G-19:T>G,2760698.0,2968804.0,0.010957726347851054
100033716|F|0-51:T>C-51:T>C,100028785|F|0-15:C>T-15:C>T,2760698.0,4410868.0,0.0010074347492262496
100033716|F|0-51:T>C-51:T>C,100018585|F|0-68:A>G-68:A>G,2760698.0,4632943.0,0.0022430585679276034
100033716|F|0-51:T>C-51:T>C,100021948|F|0-23:C>G-23:C>G,2760698.0,4712047.0,0.05684165509280878
100033716|F|0-51:T>C-51:T>C,100040647|F|0-14:T>A-14:T>A,2760698.0,4728537.0,0.00289989410441978
100033716|F|0-51:T>C-51:T>C,100018462|F|0-57:G>T-57:G>T,2760698.0,4783202.0,0.00010942056340648181
100033716|F|0-51:T>C-51:T>C,100028807|F|0-29:G>A-29:G>A,2760698.0,5488909.0,0.17872163045339134
100033716|F|0-51:T>C-51:T>C,100020957|F|0-56:G>A-56:G>A,2760698.0,5525318.0,0.02094832821237912
100033716|F|0-51:T>C-51:T>C,100041207|F|0-27:C>A-27:C>A,2760698.0,5602442.0,7.286012720795363e-05
100033716|F|0-51:T>C-51:T>C,100016888|F|0-67:C>T-67:C>T,2760698.0,6552228.0,0.030782267892559476
100033716|F|0-51:T>C-51:T>C,100013584|F|0-22:T>C-22:T>C,2760698.0,6865742.0,0.016209623946196877
100033716|F|0-51:T>C-51:T>C,100018629|F|0-63:G>A-63:G>A,2760698.0,6866047.0,0.003836317135549896
100033716|F|0-51:T>C-51:T>C,100040243|F|0-44:T>G-44:T>G,2760698.0,6915952.0,0.13048411497730744
100033716|F|0-51:T>C-51:T>C,100033204|F|0-66:T>C-66:T>C,2760698.0,7052774.0,0.0037257202264284043
100033716|F|0-51:T>C-51:T>C,100021889|F|0-32:T>A-32:T>A,2760698.0,7053581.0,0.00013686870677685983
100033716|F|0-51:T>C-51:T>C,100028365|F|0-14:C>A-14:C>A,2760698.0,7058744.0,3.303819215012519e-05
100033716|F|0-51:T>C-51:T>C,100043120|F|0-10:T>G-10:T>G,2760698.0,7220209.0,0.02678588751139823
100033716|F|0-51:T>C-51:T>C,100014119|F|0-65:C>G-65:C>G,2760698.0,7227243.0,0.02678588751139823
100033716|F|0-51:T>C-51:T>C,100018572|F|0-44:T>A-44:T>A,2760698.0,7228216.0,0.043550769955860075
100033716|F|0-51:T>C-51:T>C,100017140|F|0-53:T>C-53:T>C,2760698.0,7621185.0,0.005048364579178305
100033716|F|0-51:T>C-51:T>C,100014614|F|0-54:G>A-54:G>A,2760698.0,7686876.0,0.0002368096997252975
100033716|F|0-51:T>C-51:T>C,100020518|F|0-50:T>G-50:T>G,2760698.0,8001607.0,0.0033262958808911204
100033716|F|0-51:T>C-51:T>C,100018646|F|0-46:C>T-46:C>T,2760698.0,8570732.0,0.01936387331068636
100033716|F|0-51:T>C-51:T>C,100041050|F|0-49:T>A-49:T>A,2760698.0,8877660.0,0.0004825207569580118
100033716|F|0-51:T>C-51:T>C,100040807|F|0-22:G>A-22:G>A,2760698.0,13128905.0,0.02355647573038877
100033716|F|0-51:T>C-51:T>C,100015846|F|0-45:G>T-45:G>T,2760698.0,16161088.0,0.018580453363062053
100033716|F|0-51:T>C-51:T>C,100045098|F|0-63:G>T-63:G>T,2760698.0,17792887.0,0.00024039201206190873
100033716|F|0-51:T>C-51:T>C,100017652|F|0-34:G>A-34:G>A,2760698.0,20785539.0,0.0015697912673337945
100033716|F|0-51:T>C-51:T>C,100044913|F|0-35:T>C-35:T>C,2760698.0,30665404.0,0.0003990758244066374
100033716|F|0-51:T>C-51:T>C,100015510|F|0-57:A>C-57:A>C,2760698.0,35835846.0,0.0008248405308306989
100033716|F|0-51:T>C-51:T>C,100015139|F|0-52:T>C-52:T>C,2760698.0,35912066.0,0.09509831283349617
100033716|F|0-51:T>C-51:T>C,100036187|F|0-16:T>C-16:T>C,2760698.0,42008443.0,0.06394400096446119
100033716|F|0-51:T>C-51:T>C,100014991|F|0-45:T>G-45:T>G,2760698.0,43771333.0,0.013335071831586928
100033716|F|0-51:T>C-51:T>C,100060618|F|0-5:A>G-5:A>G,2760698.0,53483214.0,0.0006415119423567755
100033716|F|0-51:T>C-51:T>C,100019259|F|0-35:C>T-35:C>T,2760698.0,64990492.0,0.0003345073175710189
100029063|F|0-9:C>T-9:C>T,100016995|F|0-19:T>G-19:T>G,2761830.0,2968804.0,0.011738665176258895
100029063|F|0-9:C>T-9:C>T,100028785|F|0-15:C>T-15:C>T,2761830.0,4410868.0,0.00875951435558147
100029063|F|0-9:C>T-9:C>T,100018585|F|0-68:A>G-68:A>G,2761830.0,4632943.0,0.0004759509797482452
100029063|F|0-9:C>T-9:C>T,100021948|F|0-23:C>G-23:C>G,2761830.0,4712047.0,0.052886473131811634
100029063|F|0-9:C>T-9:C>T,100040647|F|0-14:T>A-14:T>A,2761830.0,4728537.0,0.009736412949940309
100029063|F|0-9:C>T-9:C>T,100018462|F|0-57:G>T-57:G>T,2761830.0,4783202.0,0.0018175807455931153
100029063|F|0-9:C>T-9:C>T,100028807|F|0-29:G>A-29:G>A,2761830.0,5488909.0,0.2541833228865048
100029063|F|0-9:C>T-9:C>T,100020957|F|0-56:G>A-56:G>A,2761830.0,5525318.0,0.035475718631295755
100029063|F|0-9:C>T-9:C>T,100041207|F|0-27:C>A-27:C>A,2761830.0,5602442.0,2.0368719079152873e-05
100029063|F|0-9:C>T-9:C>T,100016888|F|0-67:C>T-67:C>T,2761830.0,6552228.0,0.027875600668523307
100029063|F|0-9:C>T-9:C>T,100013584|F|0-22:T>C-22:T>C,2761830.0,6865742.0,0.01336473921338761
100029063|F|0-9:C>T-9:C>T,100018629|F|0-63:G>A-63:G>A,2761830.0,6866047.0,0.006335769946900233
100029063|F|0-9:C>T-9:C>T,100040243|F|0-44:T>G-44:T>G,2761830.0,6915952.0,0.108296842031831
100029063|F|0-9:C>T-9:C>T,100033204|F|0-66:T>C-66:T>C,2761830.0,7052774.0,7.406644454448477e-05
100029063|F|0-9:C>T-9:C>T,100021889|F|0-32:T>A-32:T>A,2761830.0,7053581.0,0.0012650673480298438
100029063|F|0-9:C>T-9:C>T,100028365|F|0-14:C>A-14:C>A,2761830.0,7058744.0,0.00016034949062311587
100029063|F|0-9:C>T-9:C>T,100043120|F|0-10:T>G-10:T>G,2761830.0,7220209.0,0.018230012664962294
100029063|F|0-9:C>T-9:C>T,100014119|F|0-65:C>G-65:C>G,2761830.0,7227243.0,0.018230012664962294
100029063|F|0-9:C>T-9:C>T,100018572|F|0-44:T>A-44:T>A,2761830.0,7228216.0,0.03547571863129577
100029063|F|0-9:C>T-9:C>T,100017140|F|0-53:T>C-53:T>C,2761830.0,7621185.0,0.009373621971025106
100029063|F|0-9:C>T-9:C>T,100014614|F|0-54:G>A-54:G>A,2761830.0,7686876.0,0.003933636760683127
100029063|F|0-9:C>T-9:C>T,100020518|F|0-50:T>G-50:T>G,2761830.0,8001607.0,0.006049048228128746
100029063|F|0-9:C>T-9:C>T,100018646|F|0-46:C>T-46:C>T,2761830.0,8570732.0,0.010939606154666675
100029063|F|0-9:C>T-9:C>T,100041050|F|0-49:T>A-49:T>A,2761830.0,8877660.0,0.0033292315537707296
100029063|F|0-9:C>T-9:C>T,100040807|F|0-22:G>A-22:G>A,2761830.0,13128905.0,0.012902640540389657
100029063|F|0-9:C>T-9:C>T,100015846|F|0-45:G>T-45:G>T,2761830.0,16161088.0,0.01628866444224
100029063|F|0-9:C>T-9:C>T,100045098|F|0-63:G>T-63:G>T,2761830.0,17792887.0,0.0004484920214156094
100029063|F|0-9:C>T-9:C>T,100017652|F|0-34:G>A-34:G>A,2761830.0,20785539.0,8.465462871905946e-06
100029063|F|0-9:C>T-9:C>T,100044913|F|0-35:T>C-35:T>C,2761830.0,30665404.0,0.0019368979050920102
100029063|F|0-9:C>T-9:C>T,100015510|F|0-57:A>C-57:A>C,2761830.0,35835846.0,0.002526669091728617
100029063|F|0-9:C>T-9:C>T,100015139|F|0-52:T>C-52:T>C,2761830.0,35912066.0,0.09600552141402388
100029063|F|0-9:C>T-9:C>T,100036187|F|0-16:T>C-16:T>C,2761830.0,42008443.0,0.08847979136235128
100029063|F|0-9:C>T-9:C>T,100014991|F|0-45:T>G-45:T>G,2761830.0,43771333.0,0.010013091264265866
100029063|F|0-9:C>T-9:C>T,100060618|F|0-5:A>G-5:A>G,2761830.0,53483214.0,0.0008111585487060409
100029063|F|0-9:C>T-9:C>T,100019259|F|0-35:C>T-35:C>T,2761830.0,64990492.0,0.0031453424956860185
100016995|F|0-19:T>G-19:T>G,100028785|F|0-15:C>T-15:C>T,2968804.0,4410868.0,0.017784945578283397
100016995|F|0-19:T>G-19:T>G,100018585|F|0-68:A>G-68:A>G,2968804.0,4632943.0,0.02124346320655381
100016995|F|0-19:T>G-19:T>G,100021948|F|0-23:C>G-23:C>G,2968804.0,4712047.0,0.036278495117978045
100016995|F|0-19:T>G-19:T>G,100040647|F|0-14:T>A-14:T>A,2968804.0,4728537.0,0.005180631437512453
100016995|F|0-19:T>G-19:T>G,100018462|F|0-57:G>T-57:G>T,2968804.0,4783202.0,1.828977440660491e-07
100016995|F|0-19:T>G-19:T>G,100028807|F|0-29:G>A-29:G>A,2968804.0,5488909.0,0.02289860070949949
100016995|F|0-19:T>G-19:T>G,100020957|F|0-56:G>A-56:G>A,2968804.0,5525318.0,0.0030908974116574876
100016995|F|0-19:T>G-19:T>G,100041207|F|0-27:C>A-27:C>A,2968804.0,5602442.0,0.0069216849740105614
100016995|F|0-19:T>G-19:T>G,100016888|F|0-67:C>T-67:C>T,2968804.0,6552228.0,0.0017301699217330154
100016995|F|0-19:T>G-19:T>G,100013584|F|0-22:T>C-22:T>C,2968804.0,6865742.0,0.05923400529462423
100016995|F|0-19:T>G-19:T>G,100018629|F|0-63:G>A-63:G>A,2968804.0,6866047.0,0.046937541166337256
100016995|F|0-19:T>G-19:T>G,100040243|F|0-44:T>G-44:T>G,2968804.0,6915952.0,0.0459331481676941
100016995|F|0-19:T>G-19:T>G,100033204|F|0-66:T>C-66:T>C,2968804.0,7052774.0,0.009106582132535455
100016995|F|0-19:T>G-19:T>G,100021889|F|0-32:T>A-32:T>A,2968804.0,7053581.0,0.026322385975762603
100016995|F|0-19:T>G-19:T>G,100028365|F|0-14:C>A-14:C>A,2968804.0,7058744.0,0.015317833384384628
100016995|F|0-19:T>G-19:T>G,100043120|F|0-10:T>G-10:T>G,2968804.0,7220209.0,0.0003116471052167323
100016995|F|0-19:T>G-19:T>G,100014119|F|0-65:C>G-65:C>G,2968804.0,7227243.0,0.0003116471052167323
100016995|F|0-19:T>G-19:T>G,100018572|F|0-44:T>A-44:T>A,2968804.0,7228216.0,1.0907980278371801e-05
100016995|F|0-19:T>G-19:T>G,100017140|F|0-53:T>C-53:T>C,2968804.0,7621185.0,0.0023232107721119946
100016995|F|0-19:T>G-19:T>G,100014614|F|0-54:G>A-54:G>A,2968804.0,7686876.0,0.0034975553528905075
100016995|F|0-19:T>G-19:T>G,100020518|F|0-50:T>G-50:T>G,2968804.0,8001607.0,0.027765116017665636
100016995|F|0-19:T>G-19:T>G,100018646|F|0-46:C>T-46:C>T,2968804.0,8570732.0,0.009225025714357378
100016995|F|0-19:T>G-19:T>G,100041050|F|0-49:T>A-49:T>A,2968804.0,8877660.0,0.007576694705591247
100016995|F|0-19:T>G-19:T>G,100040807|F|0-22:G>A-22:G>A,2968804.0,13128905.0,0.002599360157499683
100016995|F|0-19:T>G-19:T>G,100015846|F|0-45:G>T-45:G>T,2968804.0,16161088.0,3.1057443848141384e-05
100016995|F|0-19:T>G-19:T>G,100045098|F|0-63:G>T-63:G>T,2968804.0,17792887.0,0.009879194851791506
100016995|F|0-19:T>G-19:T>G,100017652|F|0-34:G>A-34:G>A,2968804.0,20785539.0,0.007095091460612196
100016995|F|0-19:T>G-19:T>G,100044913|F|0-35:T>C-35:T>C,2968804.0,30665404.0,0.006670598809122559
100016995|F|0-19:T>G-19:T>G,100015510|F|0-57:A>C-57:A>C,2968804.0,35835846.0,0.03500198537197537
100016995|F|0-19:T>G-19:T>G,100015139|F|0-52:T>C-52:T>C,2968804.0,35912066.0,0.01536548023984446
100016995|F|0-19:T>G-19:T>G,100036187|F|0-16:T>C-16:T>C,2968804.0,42008443.0,0.00593155103244023
100016995|F|0-19:T>G-19:T>G,100014991|F|0-45:T>G-45:T>G,2968804.0,43771333.0,0.007915373972537127
100016995|F|0-19:T>G-19:T>G,100060618|F|0-5:A>G-5:A>G,2968804.0,53483214.0,0.024530416061619684
100016995|F|0-19:T>G-19:T>G,100019259|F|0-35:C>T-35:C>T,2968804.0,64990492.0,0.0003922507006944524
100028785|F|0-15:C>T-15:C>T,100018585|F|0-68:A>G-68:A>G,4410868.0,4632943.0,0.14040819310589342
100028785|F|0-15:C>T-15:C>T,100021948|F|0-23:C>G-23:C>G,4410868.0,4712047.0,7.731463471645573e-05
100028785|F|0-15:C>T-15:C>T,100040647|F|0-14:T>A-14:T>A,4410868.0,4728537.0,0.027875825100109157
100028785|F|0-15:C>T-15:C>T,100018462|F|0-57:G>T-57:G>T,4410868.0,4783202.0,0.020983164501346584
100028785|F|0-15:C>T-15:C>T,100028807|F|0-29:G>A-29:G>A,4410868.0,5488909.0,0.004806734333479857
100028785|F|0-15:C>T-15:C>T,100020957|F|0-56:G>A-56:G>A,4410868.0,5525318.0,0.0020169318558551194
100028785|F|0-15:C>T-15:C>T,100041207|F|0-27:C>A-27:C>A,4410868.0,5602442.0,0.00026310949928916327
100028785|F|0-15:C>T-15:C>T,100016888|F|0-67:C>T-67:C>T,4410868.0,6552228.0,0.004796737801006253
100028785|F|0-15:C>T-15:C>T,100013584|F|0-22:T>C-22:T>C,4410868.0,6865742.0,0.001463813560962396
100028785|F|0-15:C>T-15:C>T,100018629|F|0-63:G>A-63:G>A,4410868.0,6866047.0,2.721967365425938e-05
100028785|F|0-15:C>T-15:C>T,100040243|F|0-44:T>G-44:T>G,4410868.0,6915952.0,0.001030601176137343
100028785|F|0-15:C>T-15:C>T,100033204|F|0-66:T>C-66:T>C,4410868.0,7052774.0,0.0009978863130731814
100028785|F|0-15:C>T-15:C>T,100021889|F|0-32:T>A-32:T>A,4410868.0,7053581.0,0.0016548245429542899
100028785|F|0-15:C>T-15:C>T,100028365|F|0-14:C>A-14:C>A,4410868.0,7058744.0,9.37658464280454e-05
100028785|F|0-15:C>T-15:C>T,100043120|F|0-10:T>G-10:T>G,4410868.0,7220209.0,0.011299393031157219
100028785|F|0-15:C>T-15:C>T,100014119|F|0-65:C>G-65:C>G,4410868.0,7227243.0,0.011299393031157219
100028785|F|0-15:C>T-15:C>T,100018572|F|0-44:T>A-44:T>A,4410868.0,7228216.0,0.04565229872816609
100028785|F|0-15:C>T-15:C>T,100017140|F|0-53:T>C-53:T>C,4410868.0,7621185.0,0.0027181050019471588
100028785|F|0-15:C>T-15:C>T,100014614|F|0-54:G>A-54:G>A,4410868.0,7686876.0,0.006796450070650166
100028785|F|0-15:C>T-15:C>T,100020518|F|0-50:T>G-50:T>G,4410868.0,8001607.0,0.002552677608889197
100028785|F|0-15:C>T-15:C>T,100018646|F|0-46:C>T-46:C>T,4410868.0,8570732.0,0.0009120339881129213
100028785|F|0-15:C>T-15:C>T,100041050|F|0-49:T>A-49:T>A,4410868.0,8877660.0,0.013095129743593344
100028785|F|0-15:C>T-15:C>T,100040807|F|0-22:G>A-22:G>A,4410868.0,13128905.0,0.01842711418229683
100028785|F|0-15:C>T-15:C>T,100015846|F|0-45:G>T-45:G>T,4410868.0,16161088.0,0.00010678487356670857
100028785|F|0-15:C>T-15:C>T,100045098|F|0-63:G>T-63:G>T,4410868.0,17792887.0,0.006042467036801838
100028785|F|0-15:C>T-15:C>T,100017652|F|0-34:G>A-34:G>A,4410868.0,20785539.0,0.008240396883686298
100028785|F|0-15:C>T-15:C>T,100044913|F|0-35:T>C-35:T>C,4410868.0,30665404.0,0.014678741576891715
100028785|F|0-15:C>T-15:C>T,100015510|F|0-57:A>C-57:A>C,4410868.0,35835846.0,0.01486618312693835
100028785|F|0-15:C>T-15:C>T,100015139|F|0-52:T>C-52:T>C,4410868.0,35912066.0,0.0006276724452814877
100028785|F|0-15:C>T-15:C>T,100036187|F|0-16:T>C-16:T>C,4410868.0,42008443.0,0.004435212117692806
100028785|F|0-15:C>T-15:C>T,100014991|F|0-45:T>G-45:T>G,4410868.0,43771333.0,0.005815618335681952
100028785|F|0-15:C>T-15:C>T,100060618|F|0-5:A>G-5:A>G,4410868.0,53483214.0,0.008029190068268488
100028785|F|0-15:C>T-15:C>T,100019259|F|0-35:C>T-35:C>T,4410868.0,64990492.0,0.0060755035042782644
100018585|F|0-68:A>G-68:A>G,100021948|F|0-23:C>G-23:C>G,4632943.0,4712047.0,0.0015475345150739665
100018585|F|0-68:A>G-68:A>G,100040647|F|0-14:T>A-14:T>A,4632943.0,4728537.0,0.013956975789272191
100018585|F|0-68:A>G-68:A>G,100018462|F|0-57:G>T-57:G>T,4632943.0,4783202.0,0.018148075397049584
100018585|F|0-68:A>G-68:A>G,100028807|F|0-29:G>A-29:G>A,4632943.0,5488909.0,0.005678492325994168
100018585|F|0-68:A>G-68:A>G,100020957|F|0-56:G>A-56:G>A,4632943.0,5525318.0,0.05875314435297966
100018585|F|0-68:A>G-68:A>G,100041207|F|0-27:C>A-27:C>A,4632943.0,5602442.0,0.0001712153717142214
100018585|F|0-68:A>G-68:A>G,100016888|F|0-67:C>T-67:C>T,4632943.0,6552228.0,0.032553100652930114
100018585|F|0-68:A>G-68:A>G,100013584|F|0-22:T>C-22:T>C,4632943.0,6865742.0,0.004975320903495715
100018585|F|0-68:A>G-68:A>G,100018629|F|0-63:G>A-63:G>A,4632943.0,6866047.0,0.009934182805892908
100018585|F|0-68:A>G-68:A>G,100040243|F|0-44:T>G-44:T>G,4632943.0,6915952.0,0.002294638734693866
100018585|F|0-68:A>G-68:A>G,100033204|F|0-66:T>C-66:T>C,4632943.0,7052774.0,0.0015002587240773933
100018585|F|0-68:A>G-68:A>G,100021889|F|0-32:T>A-32:T>A,4632943.0,7053581.0,0.0020666792373273523
100018585|F|0-68:A>G-68:A>G,100028365|F|0-14:C>A-14:C>A,4632943.0,7058744.0,0.00014287813719567082
100018585|F|0-68:A>G-68:A>G,100043120|F|0-10:T>G-10:T>G,4632943.0,7220209.0,0.07663655389015765
100018585|F|0-68:A>G-68:A>G,100014119|F|0-65:C>G-65:C>G,4632943.0,7227243.0,0.07663655389015765
100018585|F|0-68:A>G-68:A>G,100018572|F|0-44:T>A-44:T>A,4632943.0,7228216.0,0.08963331840650611
100018585|F|0-68:A>G-68:A>G,100017140|F|0-53:T>C-53:T>C,4632943.0,7621185.0,0.003274905475719413
100018585|F|0-68:A>G-68:A>G,100014614|F|0-54:G>A-54:G>A,4632943.0,7686876.0,0.001655514256525494
100018585|F|0-68:A>G-68:A>G,100020518|F|0-50:T>G-50:T>G,4632943.0,8001607.0,0.001848192044272759
100018585|F|0-68:A>G-68:A>G,100018646|F|0-46:C>T-46:C>T,4632943.0,8570732.0,0.0010070912851277837
100018585|F|0-68:A>G-68:A>G,100041050|F|0-49:T>A-49:T>A,4632943.0,8877660.0,0.043190019758005314
100018585|F|0-68:A>G-68:A>G,100040807|F|0-22:G>A-22:G>A,4632943.0,13128905.0,0.0035814786390381253
100018585|F|0-68:A>G-68:A>G,100015846|F|0-45:G>T-45:G>T,4632943.0,16161088.0,0.006724496723537414
100018585|F|0-68:A>G-68:A>G,100045098|F|0-63:G>T-63:G>T,4632943.0,17792887.0,0.013991474842475263
100018585|F|0-68:A>G-68:A>G,100017652|F|0-34:G>A-34:G>A,4632943.0,20785539.0,0.0012469178524101925
100018585|F|0-68:A>G-68:A>G,100044913|F|0-35:T>C-35:T>C,4632943.0,30665404.0,0.020287630551570016
100018585|F|0-68:A>G-68:A>G,100015510|F|0-57:A>C-57:A>C,4632943.0,35835846.0,0.012812888663985948
100018585|F|0-68:A>G-68:A>G,100015139|F|0-52:T>C-52:T>C,4632943.0,35912066.0,0.057803333963206346
100018585|F|0-68:A>G-68:A>G,100036187|F|0-16:T>C-16:T>C,4632943.0,42008443.0,0.031913190867639885
100018585|F|0-68:A>G-68:A>G,100014991|F|0-45:T>G-45:T>G,4632943.0,43771333.0,0.017839881290637863
100018585|F|0-68:A>G-68:A>G,100060618|F|0-5:A>G-5:A>G,4632943.0,53483214.0,0.0010529709418153732
100018585|F|0-68:A>G-68:A>G,100019259|F|0-35:C>T-35:C>T,4632943.0,64990492.0,0.04565428922960297
100021948|F|0-23:C>G-23:C>G,100040647|F|0-14:T>A-14:T>A,4712047.0,4728537.0,0.0023373055929754674
100021948|F|0-23:C>G-23:C>G,100018462|F|0-57:G>T-57:G>T,4712047.0,4783202.0,0.00867372092151757
100021948|F|0-23:C>G-23:C>G,100028807|F|0-29:G>A-29:G>A,4712047.0,5488909.0,0.08577574305251601
100021948|F|0-23:C>G-23:C>G,100020957|F|0-56:G>A-56:G>A,4712047.0,5525318.0,0.006314848692766471
100021948|F|0-23:C>G-23:C>G,100041207|F|0-27:C>A-27:C>A,4712047.0,5602442.0,0.00010038278194702794
100021948|F|0-23:C>G-23:C>G,100016888|F|0-67:C>T-67:C>T,4712047.0,6552228.0,0.0001227188102120695
100021948|F|0-23:C>G-23:C>G,100013584|F|0-22:T>C-22:T>C,4712047.0,6865742.0,0.15219882538318266
100021948|F|0-23:C>G-23:C>G,100018629|F|0-63:G>A-63:G>A,4712047.0,6866047.0,0.1054450841359319
100021948|F|0-23:C>G-23:C>G,100040243|F|0-44:T>G-44:T>G,4712047.0,6915952.0,0.129826342995826
100021948|F|0-23:C>G-23:C>G,100033204|F|0-66:T>C-66:T>C,4712047.0,7052774.0,0.02128581131156588
100021948|F|0-23:C>G-23:C>G,100021889|F|0-32:T>A-32:T>A,4712047.0,7053581.0,0.019115055591248008
100021948|F|0-23:C>G-23:C>G,100028365|F|0-14:C>A-14:C>A,4712047.0,7058744.0,0.0027446403590466375
100021948|F|0-23:C>G-23:C>G,100043120|F|0-10:T>G-10:T>G,4712047.0,7220209.0,0.0014861767655063726
100021948|F|0-23:C>G-23:C>G,100014119|F|0-65:C>G-65:C>G,4712047.0,7227243.0,0.0014861767655063726
100021948|F|0-23:C>G-23:C>G,100018572|F|0-44:T>A-44:T>A,4712047.0,7228216.0,3.406458645592093e-05
100021948|F|0-23:C>G-23:C>G,100017140|F|0-53:T>C-53:T>C,4712047.0,7621185.0,0.03031031804544181
100021948|F|0-23:C>G-23:C>G,100014614|F|0-54:G>A-54:G>A,4712047.0,7686876.0,0.007790051989854812
100021948|F|0-23:C>G-23:C>G,100020518|F|0-50:T>G-50:T>G,4712047.0,8001607.0,0.00014134397744234873
100021948|F|0-23:C>G-23:C>G,100018646|F|0-46:C>T-46:C>T,4712047.0,8570732.0,0.0017669318802908715
100021948|F|0-23:C>G-23:C>G,100041050|F|0-49:T>A-49:T>A,4712047.0,8877660.0,0.018286717442785424
100021948|F|0-23:C>G-23:C>G,100040807|F|0-22:G>A-22:G>A,4712047.0,13128905.0,0.017621810219575568
100021948|F|0-23:C>G-23:C>G,100015846|F|0-45:G>T-45:G>T,4712047.0,16161088.0,2.0660474033915635e-05
100021948|F|0-23:C>G-23:C>G,100045098|F|0-63:G>T-63:G>T,4712047.0,17792887.0,0.0011503015007978926
100021948|F|0-23:C>G-23:C>G,100017652|F|0-34:G>A-34:G>A,4712047.0,20785539.0,0.026265097171844047
100021948|F|0-23:C>G-23:C>G,100044913|F|0-35:T>C-35:T>C,4712047.0,30665404.0,0.06074951888043952
100021948|F|0-23:C>G-23:C>G,100015510|F|0-57:A>C-57:A>C,4712047.0,35835846.0,0.05079498786515945
100021948|F|0-23:C>G-23:C>G,100015139|F|0-52:T>C-52:T>C,4712047.0,35912066.0,0.004474120855054213
100021948|F|0-23:C>G-23:C>G,100036187|F|0-16:T>C-16:T>C,4712047.0,42008443.0,0.0629785238313007
100021948|F|0-23:C>G-23:C>G,100014991|F|0-45:T>G-45:T>G,4712047.0,43771333.0,0.05433360404787757
100021948|F|0-23:C>G-23:C>G,100060618|F|0-5:A>G-5:A>G,4712047.0,53483214.0,0.03897552374503752
100021948|F|0-23:C>G-23:C>G,100019259|F|0-35:C>T-35:C>T,4712047.0,64990492.0,0.004522790548314977
100040647|F|0-14:T>A-14:T>A,100018462|F|0-57:G>T-57:G>T,4728537.0,4783202.0,0.34121690907297775
100040647|F|0-14:T>A-14:T>A,100028807|F|0-29:G>A-29:G>A,4728537.0,5488909.0,0.05495371238770322
100040647|F|0-14:T>A-14:T>A,100020957|F|0-56:G>A-56:G>A,4728537.0,5525318.0,0.0365611922134638
100040647|F|0-14:T>A-14:T>A,100041207|F|0-27:C>A-27:C>A,4728537.0,5602442.0,0.05417267615381813
100040647|F|0-14:T>A-14:T>A,100016888|F|0-67:C>T-67:C>T,4728537.0,6552228.0,0.002915667498924209
100040647|F|0-14:T>A-14:T>A,100013584|F|0-22:T>C-22:T>C,4728537.0,6865742.0,0.009408862888513626
100040647|F|0-14:T>A-14:T>A,100018629|F|0-63:G>A-63:G>A,4728537.0,6866047.0,0.01733652599109677
100040647|F|0-14:T>A-14:T>A,100040243|F|0-44:T>G-44:T>G,4728537.0,6915952.0,0.00839972880824008
100040647|F|0-14:T>A-14:T>A,100033204|F|0-66:T>C-66:T>C,4728537.0,7052774.0,0.0989453317281134
100040647|F|0-14:T>A-14:T>A,100021889|F|0-32:T>A-32:T>A,4728537.0,7053581.0,0.18693681089521663
100040647|F|0-14:T>A-14:T>A,100028365|F|0-14:C>A-14:C>A,4728537.0,7058744.0,0.008769192463574398
100040647|F|0-14:T>A-14:T>A,100043120|F|0-10:T>G-10:T>G,4728537.0,7220209.0,0.1262526123046408
100040647|F|0-14:T>A-14:T>A,100014119|F|0-65:C>G-65:C>G,4728537.0,7227243.0,0.1262526123046408
100040647|F|0-14:T>A-14:T>A,100018572|F|0-44:T>A-44:T>A,4728537.0,7228216.0,0.15577697060873308
100040647|F|0-14:T>A-14:T>A,100017140|F|0-53:T>C-53:T>C,4728537.0,7621185.0,0.00974575350282017
100040647|F|0-14:T>A-14:T>A,100014614|F|0-54:G>A-54:G>A,4728537.0,7686876.0,0.0009821161221800026
100040647|F|0-14:T>A-14:T>A,100020518|F|0-50:T>G-50:T>G,4728537.0,8001607.0,0.01994949200794
100040647|F|0-14:T>A-14:T>A,100018646|F|0-46:C>T-46:C>T,4728537.0,8570732.0,0.01341215005253678
100040647|F|0-14:T>A-14:T>A,100041050|F|0-49:T>A-49:T>A,4728537.0,8877660.0,0.00019956053178686798
100040647|F|0-14:T>A-14:T>A,100040807|F|0-22:G>A-22:G>A,4728537.0,13128905.0,0.012559706720034815
100040647|F|0-14:T>A-14:T>A,100015846|F|0-45:G>T-45:G>T,4728537.0,16161088.0,0.009870298418792885
100040647|F|0-14:T>A-14:T>A,100045098|F|0-63:G>T-63:G>T,4728537.0,17792887.0,0.00012770091505205863
100040647|F|0-14:T>A-14:T>A,100017652|F|0-34:G>A-34:G>A,4728537.0,20785539.0,0.015009398387029388
100040647|F|0-14:T>A-14:T>A,100044913|F|0-35:T>C-35:T>C,4728537.0,30665404.0,0.014189083470112546
100040647|F|0-14:T>A-14:T>A,100015510|F|0-57:A>C-57:A>C,4728537.0,35835846.0,0.04141665849475065
100040647|F|0-14:T>A-14:T>A,100015139|F|0-52:T>C-52:T>C,4728537.0,35912066.0,0.03210091378177114
100040647|F|0-14:T>A-14:T>A,100036187|F|0-16:T>C-16:T>C,4728537.0,42008443.0,0.022856520661643613
100040647|F|0-14:T>A-14:T>A,100014991|F|0-45:T>G-45:T>G,4728537.0,43771333.0,0.002238120045927238
100040647|F|0-14:T>A-14:T>A,100060618|F|0-5:A>G-5:A>G,4728537.0,53483214.0,0.0018276838111981801
100040647|F|0-14:T>A-14:T>A,100019259|F|0-35:C>T-35:C>T,4728537.0,64990492.0,0.0027823370229139344
100018462|F|0-57:G>T-57:G>T,100028807|F|0-29:G>A-29:G>A,4783202.0,5488909.0,0.04696135006901486
100018462|F|0-57:G>T-57:G>T,100020957|F|0-56:G>A-56:G>A,4783202.0,5525318.0,0.0013816322064257299
100018462|F|0-57:G>T-57:G>T,100041207|F|0-27:C>A-27:C>A,4783202.0,5602442.0,0.023194445051749685
100018462|F|0-57:G>T-57:G>T,100016888|F|0-67:C>T-67:C>T,4783202.0,6552228.0,0.011886399396849571
100018462|F|0-57:G>T-57:G>T,100013584|F|0-22:T>C-22:T>C,4783202.0,6865742.0,0.06323487775631217
100018462|F|0-57:G>T-57:G>T,100018629|F|0-63:G>A-63:G>A,4783202.0,6866047.0,0.08228687851131408
100018462|F|0-57:G>T-57:G>T,100040243|F|0-44:T>G-44:T>G,4783202.0,6915952.0,0.0006219342325965447
100018462|F|0-57:G>T-57:G>T,100033204|F|0-66:T>C-66:T>C,4783202.0,7052774.0,3.381856924533727e-05
100018462|F|0-57:G>T-57:G>T,100021889|F|0-32:T>A-32:T>A,4783202.0,7053581.0,0.019980769013572576
100018462|F|0-57:G>T-57:G>T,100028365|F|0-14:C>A-14:C>A,4783202.0,7058744.0,0.015490160305947855
100018462|F|0-57:G>T-57:G>T,100043120|F|0-10:T>G-10:T>G,4783202.0,7220209.0,0.015291062324041397
100018462|F|0-57:G>T-57:G>T,100014119|F|0-65:C>G-65:C>G,4783202.0,7227243.0,0.015291062324041397
100018462|F|0-57:G>T-57:G>T,100018572|F|0-44:T>A-44:T>A,4783202.0,7228216.0,0.030852203068593955
100018462|F|0-57:G>T-57:G>T,100017140|F|0-53:T>C-53:T>C,4783202.0,7621185.0,0.0028082044115660836
100018462|F|0-57:G>T-57:G>T,100014614|F|0-54:G>A-54:G>A,4783202.0,7686876.0,0.0021761819110430155
100018462|F|0-57:G>T-57:G>T,100020518|F|0-50:T>G-50:T>G,4783202.0,8001607.0,0.036811927196737614
100018462|F|0-57:G>T-57:G>T,100018646|F|0-46:C>T-46:C>T,4783202.0,8570732.0,0.0011945470224285844
100018462|F|0-57:G>T-57:G>T,100041050|F|0-49:T>A-49:T>A,4783202.0,8877660.0,0.03903520397098883
100018462|F|0-57:G>T-57:G>T,100040807|F|0-22:G>A-22:G>A,4783202.0,13128905.0,0.016852720703230337
100018462|F|0-57:G>T-57:G>T,100015846|F|0-45:G>T-45:G>T,4783202.0,16161088.0,5.44472515027447e-05
100018462|F|0-57:G>T-57:G>T,100045098|F|0-63:G>T-63:G>T,4783202.0,17792887.0,0.00117262733443458
100018462|F|0-57:G>T-57:G>T,100017652|F|0-34:G>A-34:G>A,4783202.0,20785539.0,0.006411432872607716
100018462|F|0-57:G>T-57:G>T,100044913|F|0-35:T>C-35:T>C,4783202.0,30665404.0,0.014150130484021842
100018462|F|0-57:G>T-57:G>T,100015510|F|0-57:A>C-57:A>C,4783202.0,35835846.0,0.012070322123528739
100018462|F|0-57:G>T-57:G>T,100015139|F|0-52:T>C-52:T>C,4783202.0,35912066.0,0.0032962530824483843
100018462|F|0-57:G>T-57:G>T,100036187|F|0-16:T>C-16:T>C,4783202.0,42008443.0,0.04952151250698985
100018462|F|0-57:G>T-57:G>T,100014991|F|0-45:T>G-45:T>G,4783202.0,43771333.0,0.011500708277397813
100018462|F|0-57:G>T-57:G>T,100060618|F|0-5:A>G-5:A>G,4783202.0,53483214.0,0.006215271289628251
100018462|F|0-57:G>T-57:G>T,100019259|F|0-35:C>T-35:C>T,4783202.0,64990492.0,0.0003310851140659673
100028807|F|0-29:G>A-29:G>A,100020957|F|0-56:G>A-56:G>A,5488909.0,5525318.0,0.01733110832945476
100028807|F|0-29:G>A-29:G>A,100041207|F|0-27:C>A-27:C>A,5488909.0,5602442.0,0.01030775368699096
100028807|F|0-29:G>A-29:G>A,100016888|F|0-67:C>T-67:C>T,5488909.0,6552228.0,0.003743524955638938
100028807|F|0-29:G>A-29:G>A,100013584|F|0-22:T>C-22:T>C,5488909.0,6865742.0,0.032310738239826
100028807|F|0-29:G>A-29:G>A,100018629|F|0-63:G>A-63:G>A,5488909.0,6866047.0,0.04365690806368776
100028807|F|0-29:G>A-29:G>A,100040243|F|0-44:T>G-44:T>G,5488909.0,6915952.0,0.03111540544551646
100028807|F|0-29:G>A-29:G>A,100033204|F|0-66:T>C-66:T>C,5488909.0,7052774.0,0.0007787818452566559
100028807|F|0-29:G>A-29:G>A,100021889|F|0-32:T>A-32:T>A,5488909.0,7053581.0,0.001888671741307858
100028807|F|0-29:G>A-29:G>A,100028365|F|0-14:C>A-14:C>A,5488909.0,7058744.0,0.014755574393151005
100028807|F|0-29:G>A-29:G>A,100043120|F|0-10:T>G-10:T>G,5488909.0,7220209.0,0.0234048675441365
100028807|F|0-29:G>A-29:G>A,100014119|F|0-65:C>G-65:C>G,5488909.0,7227243.0,0.0234048675441365
100028807|F|0-29:G>A-29:G>A,100018572|F|0-44:T>A-44:T>A,5488909.0,7228216.0,0.017331108329454746
100028807|F|0-29:G>A-29:G>A,100017140|F|0-53:T>C-53:T>C,5488909.0,7621185.0,0.017564955259326245
100028807|F|0-29:G>A-29:G>A,100014614|F|0-54:G>A-54:G>A,5488909.0,7686876.0,0.0008593747377396426
100028807|F|0-29:G>A-29:G>A,100020518|F|0-50:T>G-50:T>G,5488909.0,8001607.0,0.010738282233356936
100028807|F|0-29:G>A-29:G>A,100018646|F|0-46:C>T-46:C>T,5488909.0,8570732.0,0.012588581814762509
100028807|F|0-29:G>A-29:G>A,100041050|F|0-49:T>A-49:T>A,5488909.0,8877660.0,0.04655507472853305
100028807|F|0-29:G>A-29:G>A,100040807|F|0-22:G>A-22:G>A,5488909.0,13128905.0,0.0018343238682221796
100028807|F|0-29:G>A-29:G>A,100015846|F|0-45:G>T-45:G>T,5488909.0,16161088.0,0.02700160009482029
100028807|F|0-29:G>A-29:G>A,100045098|F|0-63:G>T-63:G>T,5488909.0,17792887.0,0.0013359602720500899
100028807|F|0-29:G>A-29:G>A,100017652|F|0-34:G>A-34:G>A,5488909.0,20785539.0,5.0068843195393474e-05
100028807|F|0-29:G>A-29:G>A,100044913|F|0-35:T>C-35:T>C,5488909.0,30665404.0,0.013444597038922713
100028807|F|0-29:G>A-29:G>A,100015510|F|0-57:A>C-57:A>C,5488909.0,35835846.0,0.026196743205918208
100028807|F|0-29:G>A-29:G>A,100015139|F|0-52:T>C-52:T>C,5488909.0,35912066.0,0.0474036344137526
100028807|F|0-29:G>A-29:G>A,100036187|F|0-16:T>C-16:T>C,5488909.0,42008443.0,0.08702267852091097
100028807|F|0-29:G>A-29:G>A,100014991|F|0-45:T>G-45:T>G,5488909.0,43771333.0,0.012300611796018669
100028807|F|0-29:G>A-29:G>A,100060618|F|0-5:A>G-5:A>G,5488909.0,53483214.0,0.018930131509736898
100028807|F|0-29:G>A-29:G>A,100019259|F|0-35:C>T-35:C>T,5488909.0,64990492.0,0.00031173661445636487
100020957|F|0-56:G>A-56:G>A,100041207|F|0-27:C>A-27:C>A,5525318.0,5602442.0,0.0021299358189602094
100020957|F|0-56:G>A-56:G>A,100016888|F|0-67:C>T-67:C>T,5525318.0,6552228.0,0.00020928608067797956
100020957|F|0-56:G>A-56:G>A,100013584|F|0-22:T>C-22:T>C,5525318.0,6865742.0,0.0008277232093587902
100020957|F|0-56:G>A-56:G>A,100018629|F|0-63:G>A-63:G>A,5525318.0,6866047.0,0.0055239028069013875
100020957|F|0-56:G>A-56:G>A,100040243|F|0-44:T>G-44:T>G,5525318.0,6915952.0,0.017115699203076082
100020957|F|0-56:G>A-56:G>A,100033204|F|0-66:T>C-66:T>C,5525318.0,7052774.0,0.04565229872816614
100020957|F|0-56:G>A-56:G>A,100021889|F|0-32:T>A-32:T>A,5525318.0,7053581.0,0.05032156884090634
100020957|F|0-56:G>A-56:G>A,100028365|F|0-14:C>A-14:C>A,5525318.0,7058744.0,0.042263781884954735
100020957|F|0-56:G>A-56:G>A,100043120|F|0-10:T>G-10:T>G,5525318.0,7220209.0,0.16142995999005422
100020957|F|0-56:G>A-56:G>A,100014119|F|0-65:C>G-65:C>G,5525318.0,7227243.0,0.16142995999005422
100020957|F|0-56:G>A-56:G>A,100018572|F|0-44:T>A-44:T>A,5525318.0,7228216.0,0.2164955348499936
100020957|F|0-56:G>A-56:G>A,100017140|F|0-53:T>C-53:T>C,5525318.0,7621185.0,7.745666729779661e-05
100020957|F|0-56:G>A-56:G>A,100014614|F|0-54:G>A-54:G>A,5525318.0,7686876.0,0.0022256557407202924
100020957|F|0-56:G>A-56:G>A,100020518|F|0-50:T>G-50:T>G,5525318.0,8001607.0,0.0020519748211372574
100020957|F|0-56:G>A-56:G>A,100018646|F|0-46:C>T-46:C>T,5525318.0,8570732.0,0.0025189113514948193
100020957|F|0-56:G>A-56:G>A,100041050|F|0-49:T>A-49:T>A,5525318.0,8877660.0,0.016771342017839166
100020957|F|0-56:G>A-56:G>A,100040807|F|0-22:G>A-22:G>A,5525318.0,13128905.0,0.002512731171267761
100020957|F|0-56:G>A-56:G>A,100015846|F|0-45:G>T-45:G>T,5525318.0,16161088.0,0.0011049574253138967
100020957|F|0-56:G>A-56:G>A,100045098|F|0-63:G>T-63:G>T,5525318.0,17792887.0,0.00408993678373824
100020957|F|0-56:G>A-56:G>A,100017652|F|0-34:G>A-34:G>A,5525318.0,20785539.0,0.003468266785013661
100020957|F|0-56:G>A-56:G>A,100044913|F|0-35:T>C-35:T>C,5525318.0,30665404.0,0.012399053756423849
100020957|F|0-56:G>A-56:G>A,100015510|F|0-57:A>C-57:A>C,5525318.0,35835846.0,0.007752262955240777
100020957|F|0-56:G>A-56:G>A,100015139|F|0-52:T>C-52:T>C,5525318.0,35912066.0,0.08454647978920812
100020957|F|0-56:G>A-56:G>A,100036187|F|0-16:T>C-16:T>C,5525318.0,42008443.0,0.03348056773451318
100020957|F|0-56:G>A-56:G>A,100014991|F|0-45:T>G-45:T>G,5525318.0,43771333.0,0.00016572517037979792
100020957|F|0-56:G>A-56:G>A,100060618|F|0-5:A>G-5:A>G,5525318.0,53483214.0,0.01184292127637651
100020957|F|0-56:G>A-56:G>A,100019259|F|0-35:C>T-35:C>T,5525318.0,64990492.0,0.09269575669178645
100041207|F|0-27:C>A-27:C>A,100016888|F|0-67:C>T-67:C>T,5602442.0,6552228.0,0.014479897881335116
100041207|F|0-27:C>A-27:C>A,100013584|F|0-22:T>C-22:T>C,5602442.0,6865742.0,0.01692885769172534
100041207|F|0-27:C>A-27:C>A,100018629|F|0-63:G>A-63:G>A,5602442.0,6866047.0,0.01692885769172534
100041207|F|0-27:C>A-27:C>A,100040243|F|0-44:T>G-44:T>G,5602442.0,6915952.0,0.06682671433049653
100041207|F|0-27:C>A-27:C>A,100033204|F|0-66:T>C-66:T>C,5602442.0,7052774.0,0.032579483128594676
100041207|F|0-27:C>A-27:C>A,100021889|F|0-32:T>A-32:T>A,5602442.0,7053581.0,0.03345222489034824
100041207|F|0-27:C>A-27:C>A,100028365|F|0-14:C>A-14:C>A,5602442.0,7058744.0,0.005750431282346194
100041207|F|0-27:C>A-27:C>A,100043120|F|0-10:T>G-10:T>G,5602442.0,7220209.0,0.027679249817804032
100041207|F|0-27:C>A-27:C>A,100014119|F|0-65:C>G-65:C>G,5602442.0,7227243.0,0.027679249817804032
100041207|F|0-27:C>A-27:C>A,100018572|F|0-44:T>A-44:T>A,5602442.0,7228216.0,0.008344983954740055
100041207|F|0-27:C>A-27:C>A,100017140|F|0-53:T>C-53:T>C,5602442.0,7621185.0,0.06606780334561299
100041207|F|0-27:C>A-27:C>A,100014614|F|0-54:G>A-54:G>A,5602442.0,7686876.0,0.03595099826717471
100041207|F|0-27:C>A-27:C>A,100020518|F|0-50:T>G-50:T>G,5602442.0,8001607.0,0.07438437787451432
100041207|F|0-27:C>A-27:C>A,100018646|F|0-46:C>T-46:C>T,5602442.0,8570732.0,0.11473575752788631
100041207|F|0-27:C>A-27:C>A,100041050|F|0-49:T>A-49:T>A,5602442.0,8877660.0,0.0006289534215066132
100041207|F|0-27:C>A-27:C>A,100040807|F|0-22:G>A-22:G>A,5602442.0,13128905.0,0.018385732671446952
100041207|F|0-27:C>A-27:C>A,100015846|F|0-45:G>T-45:G>T,5602442.0,16161088.0,0.003921332046332067
100041207|F|0-27:C>A-27:C>A,100045098|F|0-63:G>T-63:G>T,5602442.0,17792887.0,0.0619850970169443
100041207|F|0-27:C>A-27:C>A,100017652|F|0-34:G>A-34:G>A,5602442.0,20785539.0,0.12981491921709293
100041207|F|0-27:C>A-27:C>A,100044913|F|0-35:T>C-35:T>C,5602442.0,30665404.0,0.0007973812321638427
100041207|F|0-27:C>A-27:C>A,100015510|F|0-57:A>C-57:A>C,5602442.0,35835846.0,0.08347065710314011
100041207|F|0-27:C>A-27:C>A,100015139|F|0-52:T>C-52:T>C,5602442.0,35912066.0,0.0029800629869405643
100041207|F|0-27:C>A-27:C>A,100036187|F|0-16:T>C-16:T>C,5602442.0,42008443.0,0.02072461355549592
100041207|F|0-27:C>A-27:C>A,100014991|F|0-45:T>G-45:T>G,5602442.0,43771333.0,0.013812457105804993
100041207|F|0-27:C>A-27:C>A,100060618|F|0-5:A>G-5:A>G,5602442.0,53483214.0,0.07844273791010689
100041207|F|0-27:C>A-27:C>A,100019259|F|0-35:C>T-35:C>T,5602442.0,64990492.0,0.003695313340246898
100016888|F|0-67:C>T-67:C>T,100013584|F|0-22:T>C-22:T>C,6552228.0,6865742.0,0.009965633780636375
100016888|F|0-67:C>T-67:C>T,100018629|F|0-63:G>A-63:G>A,6552228.0,6866047.0,0.004234505788600721
100016888|F|0-67:C>T-67:C>T,100040243|F|0-44:T>G-44:T>G,6552228.0,6915952.0,0.09923009807685479
100016888|F|0-67:C>T-67:C>T,100033204|F|0-66:T>C-66:T>C,6552228.0,7052774.0,0.03145078703731402
100016888|F|0-67:C>T-67:C>T,100021889|F|0-32:T>A-32:T>A,6552228.0,7053581.0,0.04417581939819116
100016888|F|0-67:C>T-67:C>T,100028365|F|0-14:C>A-14:C>A,6552228.0,7058744.0,0.03193163228494317
100016888|F|0-67:C>T-67:C>T,100043120|F|0-10:T>G-10:T>G,6552228.0,7220209.0,0.005378118551892974
100016888|F|0-67:C>T-67:C>T,100014119|F|0-65:C>G-65:C>G,6552228.0,7227243.0,0.005378118551892974
100016888|F|0-67:C>T-67:C>T,100018572|F|0-44:T>A-44:T>A,6552228.0,7228216.0,0.006799704761227501
100016888|F|0-67:C>T-67:C>T,100017140|F|0-53:T>C-53:T>C,6552228.0,7621185.0,0.018729311368588766
100016888|F|0-67:C>T-67:C>T,100014614|F|0-54:G>A-54:G>A,6552228.0,7686876.0,0.00043866408106200125
100016888|F|0-67:C>T-67:C>T,100020518|F|0-50:T>G-50:T>G,6552228.0,8001607.0,0.016692361385656537
100016888|F|0-67:C>T-67:C>T,100018646|F|0-46:C>T-46:C>T,6552228.0,8570732.0,2.7848691512130965e-05
100016888|F|0-67:C>T-67:C>T,100041050|F|0-49:T>A-49:T>A,6552228.0,8877660.0,0.0010210865022157781
100016888|F|0-67:C>T-67:C>T,100040807|F|0-22:G>A-22:G>A,6552228.0,13128905.0,0.024223235393448155
100016888|F|0-67:C>T-67:C>T,100015846|F|0-45:G>T-45:G>T,6552228.0,16161088.0,0.013729166892475357
100016888|F|0-67:C>T-67:C>T,100045098|F|0-63:G>T-63:G>T,6552228.0,17792887.0,0.012533330222063892
100016888|F|0-67:C>T-67:C>T,100017652|F|0-34:G>A-34:G>A,6552228.0,20785539.0,0.005132375716088364
100016888|F|0-67:C>T-67:C>T,100044913|F|0-35:T>C-35:T>C,6552228.0,30665404.0,0.0019612287698619253
100016888|F|0-67:C>T-67:C>T,100015510|F|0-57:A>C-57:A>C,6552228.0,35835846.0,0.005086505845323482
100016888|F|0-67:C>T-67:C>T,100015139|F|0-52:T>C-52:T>C,6552228.0,35912066.0,0.00025931034785735925
100016888|F|0-67:C>T-67:C>T,100036187|F|0-16:T>C-16:T>C,6552228.0,42008443.0,0.013609633203454931
100016888|F|0-67:C>T-67:C>T,100014991|F|0-45:T>G-45:T>G,6552228.0,43771333.0,0.019930498328531353
100016888|F|0-67:C>T-67:C>T,100060618|F|0-5:A>G-5:A>G,6552228.0,53483214.0,0.003987074029693754
100016888|F|0-67:C>T-67:C>T,100019259|F|0-35:C>T-35:C>T,6552228.0,64990492.0,0.0004146128430750817
100013584|F|0-22:T>C-22:T>C,100018629|F|0-63:G>A-63:G>A,6865742.0,6866047.0,0.8651735510380631
100013584|F|0-22:T>C-22:T>C,100040243|F|0-44:T>G-44:T>G,6865742.0,6915952.0,0.008690598024383708
100013584|F|0-22:T>C-22:T>C,100033204|F|0-66:T>C-66:T>C,6865742.0,7052774.0,0.00370490002516307
100013584|F|0-22:T>C-22:T>C,100021889|F|0-32:T>A-32:T>A,6865742.0,7053581.0,0.0018776776349705847
100013584|F|0-22:T>C-22:T>C,100028365|F|0-14:C>A-14:C>A,6865742.0,7058744.0,0.0752447255497945
100013584|F|0-22:T>C-22:T>C,100043120|F|0-10:T>G-10:T>G,6865742.0,7220209.0,0.016635168123474247
100013584|F|0-22:T>C-22:T>C,100014119|F|0-65:C>G-65:C>G,6865742.0,7227243.0,0.016635168123474247
100013584|F|0-22:T>C-22:T>C,100018572|F|0-44:T>A-44:T>A,6865742.0,7228216.0,0.014370194606923455
100013584|F|0-22:T>C-22:T>C,100017140|F|0-53:T>C-53:T>C,6865742.0,7621185.0,0.03443529074473828
100013584|F|0-22:T>C-22:T>C,100014614|F|0-54:G>A-54:G>A,6865742.0,7686876.0,3.0036524413686736e-05
100013584|F|0-22:T>C-22:T>C,100020518|F|0-50:T>G-50:T>G,6865742.0,8001607.0,0.016122913505311073
100013584|F|0-22:T>C-22:T>C,100018646|F|0-46:C>T-46:C>T,6865742.0,8570732.0,3.39941801963508e-05
100013584|F|0-22:T>C-22:T>C,100041050|F|0-49:T>A-49:T>A,6865742.0,8877660.0,0.002435046122467903
100013584|F|0-22:T>C-22:T>C,100040807|F|0-22:G>A-22:G>A,6865742.0,13128905.0,0.005648926237161537
100013584|F|0-22:T>C-22:T>C,100015846|F|0-45:G>T-45:G>T,6865742.0,16161088.0,0.018476621417797857
100013584|F|0-22:T>C-22:T>C,100045098|F|0-63:G>T-63:G>T,6865742.0,17792887.0,0.000702510303484453
100013584|F|0-22:T>C-22:T>C,100017652|F|0-34:G>A-34:G>A,6865742.0,20785539.0,0.07442272667656298
100013584|F|0-22:T>C-22:T>C,100044913|F|0-35:T>C-35:T>C,6865742.0,30665404.0,0.00020247229326513278
100013584|F|0-22:T>C-22:T>C,100015510|F|0-57:A>C-57:A>C,6865742.0,35835846.0,0.00010462131732963052
100013584|F|0-22:T>C-22:T>C,100015139|F|0-52:T>C-52:T>C,6865742.0,35912066.0,0.016726171211263016
100013584|F|0-22:T>C-22:T>C,100036187|F|0-16:T>C-16:T>C,6865742.0,42008443.0,0.001845880954877485
100013584|F|0-22:T>C-22:T>C,100014991|F|0-45:T>G-45:T>G,6865742.0,43771333.0,0.10467116235807303
100013584|F|0-22:T>C-22:T>C,100060618|F|0-5:A>G-5:A>G,6865742.0,53483214.0,0.017602804432618288
100013584|F|0-22:T>C-22:T>C,100019259|F|0-35:C>T-35:C>T,6865742.0,64990492.0,0.004381552859665025
100018629|F|0-63:G>A-63:G>A,100040243|F|0-44:T>G-44:T>G,6866047.0,6915952.0,0.0048451049607941875
100018629|F|0-63:G>A-63:G>A,100033204|F|0-66:T>C-66:T>C,6866047.0,7052774.0,0.003704900025163072
100018629|F|0-63:G>A-63:G>A,100021889|F|0-32:T>A-32:T>A,6866047.0,7053581.0,0.0018776776349705836
100018629|F|0-63:G>A-63:G>A,100028365|F|0-14:C>A-14:C>A,6866047.0,7058744.0,0.0752447255497945
100018629|F|0-63:G>A-63:G>A,100043120|F|0-10:T>G-10:T>G,6866047.0,7220209.0,0.04983167965981569
100018629|F|0-63:G>A-63:G>A,100014119|F|0-65:C>G-65:C>G,6866047.0,7227243.0,0.04983167965981569
100018629|F|0-63:G>A-63:G>A,100018572|F|0-44:T>A-44:T>A,6866047.0,7228216.0,0.027366598609425002
100018629|F|0-63:G>A-63:G>A,100017140|F|0-53:T>C-53:T>C,6866047.0,7621185.0,0.03443529074473826
100018629|F|0-63:G>A-63:G>A,100014614|F|0-54:G>A-54:G>A,6866047.0,7686876.0,0.005610155282156426
100018629|F|0-63:G>A-63:G>A,100020518|F|0-50:T>G-50:T>G,6866047.0,8001607.0,0.030373808602854407
100018629|F|0-63:G>A-63:G>A,100018646|F|0-46:C>T-46:C>T,6866047.0,8570732.0,3.3994180196350646e-05
100018629|F|0-63:G>A-63:G>A,100041050|F|0-49:T>A-49:T>A,6866047.0,8877660.0,0.0007011078663143773
100018629|F|0-63:G>A-63:G>A,100040807|F|0-22:G>A-22:G>A,6866047.0,13128905.0,0.011580882352941187
100018629|F|0-63:G>A-63:G>A,100015846|F|0-45:G>T-45:G>T,6866047.0,16161088.0,0.018476621417797847
100018629|F|0-63:G>A-63:G>A,100045098|F|0-63:G>T-63:G>T,6866047.0,17792887.0,0.0007025103034844527
100018629|F|0-63:G>A-63:G>A,100017652|F|0-34:G>A-34:G>A,6866047.0,20785539.0,0.07137502310136581
100018629|F|0-63:G>A-63:G>A,100044913|F|0-35:T>C-35:T>C,6866047.0,30665404.0,0.007289002557544764
100018629|F|0-63:G>A-63:G>A,100015510|F|0-57:A>C-57:A>C,6866047.0,35835846.0,0.001012631022054692
100018629|F|0-63:G>A-63:G>A,100015139|F|0-52:T>C-52:T>C,6866047.0,35912066.0,0.008158696766189258
100018629|F|0-63:G>A-63:G>A,100036187|F|0-16:T>C-16:T>C,6866047.0,42008443.0,0.001845880954877485
100018629|F|0-63:G>A-63:G>A,100014991|F|0-45:T>G-45:T>G,6866047.0,43771333.0,0.08340549960442194
100018629|F|0-63:G>A-63:G>A,100060618|F|0-5:A>G-5:A>G,6866047.0,53483214.0,0.009845557365324848
100018629|F|0-63:G>A-63:G>A,100019259|F|0-35:C>T-35:C>T,6866047.0,64990492.0,0.001166422330709269
100040243|F|0-44:T>G-44:T>G,100033204|F|0-66:T>C-66:T>C,6915952.0,7052774.0,0.02760893557728351
100040243|F|0-44:T>G-44:T>G,100021889|F|0-32:T>A-32:T>A,6915952.0,7053581.0,0.030432749083437734
100040243|F|0-44:T>G-44:T>G,100028365|F|0-14:C>A-14:C>A,6915952.0,7058744.0,0.028517474521272696
100040243|F|0-44:T>G-44:T>G,100043120|F|0-10:T>G-10:T>G,6915952.0,7220209.0,0.07004214538436138
100040243|F|0-44:T>G-44:T>G,100014119|F|0-65:C>G-65:C>G,6915952.0,7227243.0,0.07004214538436138
100040243|F|0-44:T>G-44:T>G,100018572|F|0-44:T>A-44:T>A,6915952.0,7228216.0,0.07259548564297445
100040243|F|0-44:T>G-44:T>G,100017140|F|0-53:T>C-53:T>C,6915952.0,7621185.0,4.684312065400002e-05
100040243|F|0-44:T>G-44:T>G,100014614|F|0-54:G>A-54:G>A,6915952.0,7686876.0,0.0013459998220165489
100040243|F|0-44:T>G-44:T>G,100020518|F|0-50:T>G-50:T>G,6915952.0,8001607.0,0.08331114166928756
100040243|F|0-44:T>G-44:T>G,100018646|F|0-46:C>T-46:C>T,6915952.0,8570732.0,0.009064915862501167
100040243|F|0-44:T>G-44:T>G,100041050|F|0-49:T>A-49:T>A,6915952.0,8877660.0,0.0018255049719304386
100040243|F|0-44:T>G-44:T>G,100040807|F|0-22:G>A-22:G>A,6915952.0,13128905.0,0.048414499435679534
100040243|F|0-44:T>G-44:T>G,100015846|F|0-45:G>T-45:G>T,6915952.0,16161088.0,0.002424454012956281
100040243|F|0-44:T>G-44:T>G,100045098|F|0-63:G>T-63:G>T,6915952.0,17792887.0,0.01818823856281586
100040243|F|0-44:T>G-44:T>G,100017652|F|0-34:G>A-34:G>A,6915952.0,20785539.0,0.0034994550057366614
100040243|F|0-44:T>G-44:T>G,100044913|F|0-35:T>C-35:T>C,6915952.0,30665404.0,0.00020829222302615752
100040243|F|0-44:T>G-44:T>G,100015510|F|0-57:A>C-57:A>C,6915952.0,35835846.0,0.0006085134265200274
100040243|F|0-44:T>G-44:T>G,100015139|F|0-52:T>C-52:T>C,6915952.0,35912066.0,0.051130794698541565
100040243|F|0-44:T>G-44:T>G,100036187|F|0-16:T>C-16:T>C,6915952.0,42008443.0,0.00893557808214745
100040243|F|0-44:T>G-44:T>G,100014991|F|0-45:T>G-45:T>G,6915952.0,43771333.0,0.03464618284865194
100040243|F|0-44:T>G-44:T>G,100060618|F|0-5:A>G-5:A>G,6915952.0,53483214.0,0.0005952506172145611
100040243|F|0-44:T>G-44:T>G,100019259|F|0-35:C>T-35:C>T,6915952.0,64990492.0,0.0005388234936048315
100033204|F|0-66:T>C-66:T>C,100021889|F|0-32:T>A-32:T>A,7052774.0,7053581.0,0.8000886481184288
100033204|F|0-66:T>C-66:T>C,100028365|F|0-14:C>A-14:C>A,7052774.0,7058744.0,0.14261785241705854
100033204|F|0-66:T>C-66:T>C,100043120|F|0-10:T>G-10:T>G,7052774.0,7220209.0,0.1942002957535961
100033204|F|0-66:T>C-66:T>C,100014119|F|0-65:C>G-65:C>G,7052774.0,7227243.0,0.1942002957535961
100033204|F|0-66:T>C-66:T>C,100018572|F|0-44:T>A-44:T>A,7052774.0,7228216.0,0.16613341754193614
100033204|F|0-66:T>C-66:T>C,100017140|F|0-53:T>C-53:T>C,7052774.0,7621185.0,0.023474646114275955
100033204|F|0-66:T>C-66:T>C,100014614|F|0-54:G>A-54:G>A,7052774.0,7686876.0,0.013130232898248708
100033204|F|0-66:T>C-66:T>C,100020518|F|0-50:T>G-50:T>G,7052774.0,8001607.0,0.0025171006555646603
100033204|F|0-66:T>C-66:T>C,100018646|F|0-46:C>T-46:C>T,7052774.0,8570732.0,0.0076919601354376475
100033204|F|0-66:T>C-66:T>C,100041050|F|0-49:T>A-49:T>A,7052774.0,8877660.0,0.03155199895449
100033204|F|0-66:T>C-66:T>C,100040807|F|0-22:G>A-22:G>A,7052774.0,13128905.0,0.051920274526394965
100033204|F|0-66:T>C-66:T>C,100015846|F|0-45:G>T-45:G>T,7052774.0,16161088.0,0.0057426532006986135
100033204|F|0-66:T>C-66:T>C,100045098|F|0-63:G>T-63:G>T,7052774.0,17792887.0,0.025754365226576804
100033204|F|0-66:T>C-66:T>C,100017652|F|0-34:G>A-34:G>A,7052774.0,20785539.0,0.0013971607173032096
100033204|F|0-66:T>C-66:T>C,100044913|F|0-35:T>C-35:T>C,7052774.0,30665404.0,0.03302716854800638
100033204|F|0-66:T>C-66:T>C,100015510|F|0-57:A>C-57:A>C,7052774.0,35835846.0,4.161748866755759e-07
100033204|F|0-66:T>C-66:T>C,100015139|F|0-52:T>C-52:T>C,7052774.0,35912066.0,0.036521099163420265
100033204|F|0-66:T>C-66:T>C,100036187|F|0-16:T>C-16:T>C,7052774.0,42008443.0,0.00048588492203845536
100033204|F|0-66:T>C-66:T>C,100014991|F|0-45:T>G-45:T>G,7052774.0,43771333.0,0.01576129724702102
100033204|F|0-66:T>C-66:T>C,100060618|F|0-5:A>G-5:A>G,7052774.0,53483214.0,0.018789681647500896
100033204|F|0-66:T>C-66:T>C,100019259|F|0-35:C>T-35:C>T,7052774.0,64990492.0,0.00057519559803818
100021889|F|0-32:T>A-32:T>A,100028365|F|0-14:C>A-14:C>A,7053581.0,7058744.0,0.1256623962831405
100021889|F|0-32:T>A-32:T>A,100043120|F|0-10:T>G-10:T>G,7053581.0,7220209.0,0.14580352233958563
100021889|F|0-32:T>A-32:T>A,100014119|F|0-65:C>G-65:C>G,7053581.0,7227243.0,0.14580352233958563
100021889|F|0-32:T>A-32:T>A,100018572|F|0-44:T>A-44:T>A,7053581.0,7228216.0,0.1682436098717636
100021889|F|0-32:T>A-32:T>A,100017140|F|0-53:T>C-53:T>C,7053581.0,7621185.0,0.05692980778028231
100021889|F|0-32:T>A-32:T>A,100014614|F|0-54:G>A-54:G>A,7053581.0,7686876.0,0.03398361963905132
100021889|F|0-32:T>A-32:T>A,100020518|F|0-50:T>G-50:T>G,7053581.0,8001607.0,0.0006975045296521936
100021889|F|0-32:T>A-32:T>A,100018646|F|0-46:C>T-46:C>T,7053581.0,8570732.0,2.2634021700996666e-05
100021889|F|0-32:T>A-32:T>A,100041050|F|0-49:T>A-49:T>A,7053581.0,8877660.0,0.04597658652846615
100021889|F|0-32:T>A-32:T>A,100040807|F|0-22:G>A-22:G>A,7053581.0,13128905.0,0.06529810473600138
100021889|F|0-32:T>A-32:T>A,100015846|F|0-45:G>T-45:G>T,7053581.0,16161088.0,0.0015691470813864324
100021889|F|0-32:T>A-32:T>A,100045098|F|0-63:G>T-63:G>T,7053581.0,17792887.0,0.006193661178834793
100021889|F|0-32:T>A-32:T>A,100017652|F|0-34:G>A-34:G>A,7053581.0,20785539.0,6.546726953522376e-06
100021889|F|0-32:T>A-32:T>A,100044913|F|0-35:T>C-35:T>C,7053581.0,30665404.0,0.030332295321061156
100021889|F|0-32:T>A-32:T>A,100015510|F|0-57:A>C-57:A>C,7053581.0,35835846.0,0.004499552041878751
100021889|F|0-32:T>A-32:T>A,100015139|F|0-52:T>C-52:T>C,7053581.0,35912066.0,0.03667907083469996
100021889|F|0-32:T>A-32:T>A,100036187|F|0-16:T>C-16:T>C,7053581.0,42008443.0,0.008655901988257596
100021889|F|0-32:T>A-32:T>A,100014991|F|0-45:T>G-45:T>G,7053581.0,43771333.0,0.01273640542151817
100021889|F|0-32:T>A-32:T>A,100060618|F|0-5:A>G-5:A>G,7053581.0,53483214.0,0.011965053776984803
100021889|F|0-32:T>A-32:T>A,100019259|F|0-35:C>T-35:C>T,7053581.0,64990492.0,0.0010292399080113397
100028365|F|0-14:C>A-14:C>A,100043120|F|0-10:T>G-10:T>G,7058744.0,7220209.0,0.06598582780971904
100028365|F|0-14:C>A-14:C>A,100014119|F|0-65:C>G-65:C>G,7058744.0,7227243.0,0.06598582780971904
100028365|F|0-14:C>A-14:C>A,100018572|F|0-44:T>A-44:T>A,7058744.0,7228216.0,0.042263781884954825
100028365|F|0-14:C>A-14:C>A,100017140|F|0-53:T>C-53:T>C,7058744.0,7621185.0,0.004461671453668329
100028365|F|0-14:C>A-14:C>A,100014614|F|0-54:G>A-54:G>A,7058744.0,7686876.0,0.0023839322963227763
100028365|F|0-14:C>A-14:C>A,100020518|F|0-50:T>G-50:T>G,7058744.0,8001607.0,0.05553992494230771
100028365|F|0-14:C>A-14:C>A,100018646|F|0-46:C>T-46:C>T,7058744.0,8570732.0,0.0026980426543680787
100028365|F|0-14:C>A-14:C>A,100041050|F|0-49:T>A-49:T>A,7058744.0,8877660.0,0.049501677840292656
100028365|F|0-14:C>A-14:C>A,100040807|F|0-22:G>A-22:G>A,7058744.0,13128905.0,0.002836879432624104
100028365|F|0-14:C>A-14:C>A,100015846|F|0-45:G>T-45:G>T,7058744.0,16161088.0,0.01754296235679209
100028365|F|0-14:C>A-14:C>A,100045098|F|0-63:G>T-63:G>T,7058744.0,17792887.0,0.009202030859775825
100028365|F|0-14:C>A-14:C>A,100017652|F|0-34:G>A-34:G>A,7058744.0,20785539.0,0.025354848666597048
100028365|F|0-14:C>A-14:C>A,100044913|F|0-35:T>C-35:T>C,7058744.0,30665404.0,6.277256508523898e-05
100028365|F|0-14:C>A-14:C>A,100015510|F|0-57:A>C-57:A>C,7058744.0,35835846.0,0.005960176220034134
100028365|F|0-14:C>A-14:C>A,100015139|F|0-52:T>C-52:T>C,7058744.0,35912066.0,0.023460070322723677
100028365|F|0-14:C>A-14:C>A,100036187|F|0-16:T>C-16:T>C,7058744.0,42008443.0,0.01904775449831774
100028365|F|0-14:C>A-14:C>A,100014991|F|0-45:T>G-45:T>G,7058744.0,43771333.0,0.13573815103432946
100028365|F|0-14:C>A-14:C>A,100060618|F|0-5:A>G-5:A>G,7058744.0,53483214.0,0.017493265338472407
100028365|F|0-14:C>A-14:C>A,100019259|F|0-35:C>T-35:C>T,7058744.0,64990492.0,0.019374626016051763
100043120|F|0-10:T>G-10:T>G,100014119|F|0-65:C>G-65:C>G,7220209.0,7227243.0,1.0000000000000009
100043120|F|0-10:T>G-10:T>G,100018572|F|0-44:T>A-44:T>A,7220209.0,7228216.0,0.7443667729077666
100043120|F|0-10:T>G-10:T>G,100017140|F|0-53:T>C-53:T>C,7220209.0,7621185.0,0.009432224310084343
100043120|F|0-10:T>G-10:T>G,100014614|F|0-54:G>A-54:G>A,7220209.0,7686876.0,0.012468720196690892
100043120|F|0-10:T>G-10:T>G,100020518|F|0-50:T>G-50:T>G,7220209.0,8001607.0,0.00476590225342442
100043120|F|0-10:T>G-10:T>G,100018646|F|0-46:C>T-46:C>T,7220209.0,8570732.0,0.0009413520935336385
100043120|F|0-10:T>G-10:T>G,100041050|F|0-49:T>A-49:T>A,7220209.0,8877660.0,0.0031390336760754615
100043120|F|0-10:T>G-10:T>G,100040807|F|0-22:G>A-22:G>A,7220209.0,13128905.0,0.05049961751768994
100043120|F|0-10:T>G-10:T>G,100015846|F|0-45:G>T-45:G>T,7220209.0,16161088.0,0.013901760889712678
100043120|F|0-10:T>G-10:T>G,100045098|F|0-63:G>T-63:G>T,7220209.0,17792887.0,0.002974477527946171
100043120|F|0-10:T>G-10:T>G,100017652|F|0-34:G>A-34:G>A,7220209.0,20785539.0,0.0014500079979388434
100043120|F|0-10:T>G-10:T>G,100044913|F|0-35:T>C-35:T>C,7220209.0,30665404.0,0.029858564693556883
100043120|F|0-10:T>G-10:T>G,100015510|F|0-57:A>C-57:A>C,7220209.0,35835846.0,0.009511909357497433
100043120|F|0-10:T>G-10:T>G,100015139|F|0-52:T>C-52:T>C,7220209.0,35912066.0,0.09866425813294431
100043120|F|0-10:T>G-10:T>G,100036187|F|0-16:T>C-16:T>C,7220209.0,42008443.0,0.02408206802253574
100043120|F|0-10:T>G-10:T>G,100014991|F|0-45:T>G-45:T>G,7220209.0,43771333.0,2.189784218662995e-06
100043120|F|0-10:T>G-10:T>G,100060618|F|0-5:A>G-5:A>G,7220209.0,53483214.0,0.0005925612318958182
100043120|F|0-10:T>G-10:T>G,100019259|F|0-35:C>T-35:C>T,7220209.0,64990492.0,4.113374017408681e-05
100014119|F|0-65:C>G-65:C>G,100018572|F|0-44:T>A-44:T>A,7227243.0,7228216.0,0.7443667729077666
100014119|F|0-65:C>G-65:C>G,100017140|F|0-53:T>C-53:T>C,7227243.0,7621185.0,0.009432224310084343
100014119|F|0-65:C>G-65:C>G,100014614|F|0-54:G>A-54:G>A,7227243.0,7686876.0,0.012468720196690892
100014119|F|0-65:C>G-65:C>G,100020518|F|0-50:T>G-50:T>G,7227243.0,8001607.0,0.00476590225342442
100014119|F|0-65:C>G-65:C>G,100018646|F|0-46:C>T-46:C>T,7227243.0,8570732.0,0.0009413520935336385
100014119|F|0-65:C>G-65:C>G,100041050|F|0-49:T>A-49:T>A,7227243.0,8877660.0,0.0031390336760754615
100014119|F|0-65:C>G-65:C>G,100040807|F|0-22:G>A-22:G>A,7227243.0,13128905.0,0.05049961751768994
100014119|F|0-65:C>G-65:C>G,100015846|F|0-45:G>T-45:G>T,7227243.0,16161088.0,0.013901760889712678
100014119|F|0-65:C>G-65:C>G,100045098|F|0-63:G>T-63:G>T,7227243.0,17792887.0,0.002974477527946171
100014119|F|0-65:C>G-65:C>G,100017652|F|0-34:G>A-34:G>A,7227243.0,20785539.0,0.0014500079979388434
100014119|F|0-65:C>G-65:C>G,100044913|F|0-35:T>C-35:T>C,7227243.0,30665404.0,0.029858564693556883
100014119|F|0-65:C>G-65:C>G,100015510|F|0-57:A>C-57:A>C,7227243.0,35835846.0,0.009511909357497433
100014119|F|0-65:C>G-65:C>G,100015139|F|0-52:T>C-52:T>C,7227243.0,35912066.0,0.09866425813294431
100014119|F|0-65:C>G-65:C>G,100036187|F|0-16:T>C-16:T>C,7227243.0,42008443.0,0.02408206802253574
100014119|F|0-65:C>G-65:C>G,100014991|F|0-45:T>G-45:T>G,7227243.0,43771333.0,2.189784218662995e-06
100014119|F|0-65:C>G-65:C>G,100060618|F|0-5:A>G-5:A>G,7227243.0,53483214.0,0.0005925612318958182
100014119|F|0-65:C>G-65:C>G,100019259|F|0-35:C>T-35:C>T,7227243.0,64990492.0,4.113374017408681e-05
100018572|F|0-44:T>A-44:T>A,100017140|F|0-53:T>C-53:T>C,7228216.0,7621185.0,0.006158342943697623
100018572|F|0-44:T>A-44:T>A,100014614|F|0-54:G>A-54:G>A,7228216.0,7686876.0,0.0004297007525128057
100018572|F|0-44:T>A-44:T>A,100020518|F|0-50:T>G-50:T>G,7228216.0,8001607.0,0.008385362247459274
100018572|F|0-44:T>A-44:T>A,100018646|F|0-46:C>T-46:C>T,7228216.0,8570732.0,0.002518911351494826
100018572|F|0-44:T>A-44:T>A,100041050|F|0-49:T>A-49:T>A,7228216.0,8877660.0,0.007185341902518866
100018572|F|0-44:T>A-44:T>A,100040807|F|0-22:G>A-22:G>A,7228216.0,13128905.0,0.05789332618600925
100018572|F|0-44:T>A-44:T>A,100015846|F|0-45:G>T-45:G>T,7228216.0,16161088.0,0.015243902439024404
100018572|F|0-44:T>A-44:T>A,100045098|F|0-63:G>T-63:G>T,7228216.0,17792887.0,0.004089936783738247
100018572|F|0-44:T>A-44:T>A,100017652|F|0-34:G>A-34:G>A,7228216.0,20785539.0,0.0006638479393190219
100018572|F|0-44:T>A-44:T>A,100044913|F|0-35:T>C-35:T>C,7228216.0,30665404.0,0.012399053756423877
100018572|F|0-44:T>A-44:T>A,100015510|F|0-57:A>C-57:A>C,7228216.0,35835846.0,0.0077522629552407895
100018572|F|0-44:T>A-44:T>A,100015139|F|0-52:T>C-52:T>C,7228216.0,35912066.0,0.08454647978920812
100018572|F|0-44:T>A-44:T>A,100036187|F|0-16:T>C-16:T>C,7228216.0,42008443.0,0.03348056773451318
100018572|F|0-44:T>A-44:T>A,100014991|F|0-45:T>G-45:T>G,7228216.0,43771333.0,0.00016572517037979833
100018572|F|0-44:T>A-44:T>A,100060618|F|0-5:A>G-5:A>G,7228216.0,53483214.0,1.3516847694914642e-05
100018572|F|0-44:T>A-44:T>A,100019259|F|0-35:C>T-35:C>T,7228216.0,64990492.0,0.0028867190665262115
100017140|F|0-53:T>C-53:T>C,100014614|F|0-54:G>A-54:G>A,7621185.0,7686876.0,2.81075733045508e-06
100017140|F|0-53:T>C-53:T>C,100020518|F|0-50:T>G-50:T>G,7621185.0,8001607.0,0.009727839187351785
100017140|F|0-53:T>C-53:T>C,100018646|F|0-46:C>T-46:C>T,7621185.0,8570732.0,3.1811067706674883e-06
100017140|F|0-53:T>C-53:T>C,100041050|F|0-49:T>A-49:T>A,7621185.0,8877660.0,0.013880755633634815
100017140|F|0-53:T>C-53:T>C,100040807|F|0-22:G>A-22:G>A,7621185.0,13128905.0,0.08110119047619054
100017140|F|0-53:T>C-53:T>C,100015846|F|0-45:G>T-45:G>T,7621185.0,16161088.0,0.003101292342978102
100017140|F|0-53:T>C-53:T>C,100045098|F|0-63:G>T-63:G>T,7621185.0,17792887.0,0.0031449957634546734
100017140|F|0-53:T>C-53:T>C,100017652|F|0-34:G>A-34:G>A,7621185.0,20785539.0,0.30845930346079964
100017140|F|0-53:T>C-53:T>C,100044913|F|0-35:T>C-35:T>C,7621185.0,30665404.0,0.00011841842840047837
100017140|F|0-53:T>C-53:T>C,100015510|F|0-57:A>C-57:A>C,7621185.0,35835846.0,0.01663629674180422
100017140|F|0-53:T>C-53:T>C,100015139|F|0-52:T>C-52:T>C,7621185.0,35912066.0,0.0007634743762856009
100017140|F|0-53:T>C-53:T>C,100036187|F|0-16:T>C-16:T>C,7621185.0,42008443.0,0.006872557196356446
100017140|F|0-53:T>C-53:T>C,100014991|F|0-45:T>G-45:T>G,7621185.0,43771333.0,0.0008131947015097081
100017140|F|0-53:T>C-53:T>C,100060618|F|0-5:A>G-5:A>G,7621185.0,53483214.0,0.000359893510343728
100017140|F|0-53:T>C-53:T>C,100019259|F|0-35:C>T-35:C>T,7621185.0,64990492.0,0.002785339837958784
100014614|F|0-54:G>A-54:G>A,100020518|F|0-50:T>G-50:T>G,7686876.0,8001607.0,0.00030428908482406136
100014614|F|0-54:G>A-54:G>A,100018646|F|0-46:C>T-46:C>T,7686876.0,8570732.0,0.03875506513284933
100014614|F|0-54:G>A-54:G>A,100041050|F|0-49:T>A-49:T>A,7686876.0,8877660.0,0.06490881091075774
100014614|F|0-54:G>A-54:G>A,100040807|F|0-22:G>A-22:G>A,7686876.0,13128905.0,0.020334059549745834
100014614|F|0-54:G>A-54:G>A,100015846|F|0-45:G>T-45:G>T,7686876.0,16161088.0,0.0033517680576504055
100014614|F|0-54:G>A-54:G>A,100045098|F|0-63:G>T-63:G>T,7686876.0,17792887.0,0.006667776806405496
100014614|F|0-54:G>A-54:G>A,100017652|F|0-34:G>A-34:G>A,7686876.0,20785539.0,0.023794820789705705
100014614|F|0-54:G>A-54:G>A,100044913|F|0-35:T>C-35:T>C,7686876.0,30665404.0,0.013610637491711654
100014614|F|0-54:G>A-54:G>A,100015510|F|0-57:A>C-57:A>C,7686876.0,35835846.0,4.5924309390236466e-07
100014614|F|0-54:G>A-54:G>A,100015139|F|0-52:T>C-52:T>C,7686876.0,35912066.0,0.0006926276547605129
100014614|F|0-54:G>A-54:G>A,100036187|F|0-16:T>C-16:T>C,7686876.0,42008443.0,0.0005361671307461376
100014614|F|0-54:G>A-54:G>A,100014991|F|0-45:T>G-45:T>G,7686876.0,43771333.0,0.0008030353786977111
100014614|F|0-54:G>A-54:G>A,100060618|F|0-5:A>G-5:A>G,7686876.0,53483214.0,0.0008488415440974884
100014614|F|0-54:G>A-54:G>A,100019259|F|0-35:C>T-35:C>T,7686876.0,64990492.0,0.0006347201969636976
100020518|F|0-50:T>G-50:T>G,100018646|F|0-46:C>T-46:C>T,8001607.0,8570732.0,0.014813296740532767
100020518|F|0-50:T>G-50:T>G,100041050|F|0-49:T>A-49:T>A,8001607.0,8877660.0,0.014063921862649757
100020518|F|0-50:T>G-50:T>G,100040807|F|0-22:G>A-22:G>A,8001607.0,13128905.0,0.003480501963051289
100020518|F|0-50:T>G-50:T>G,100015846|F|0-45:G>T-45:G>T,8001607.0,16161088.0,0.000297896968989533
100020518|F|0-50:T>G-50:T>G,100045098|F|0-63:G>T-63:G>T,8001607.0,17792887.0,0.01612673934965481
100020518|F|0-50:T>G-50:T>G,100017652|F|0-34:G>A-34:G>A,8001607.0,20785539.0,0.004474341826720268
100020518|F|0-50:T>G-50:T>G,100044913|F|0-35:T>C-35:T>C,8001607.0,30665404.0,0.0008356974775131431
100020518|F|0-50:T>G-50:T>G,100015510|F|0-57:A>C-57:A>C,8001607.0,35835846.0,0.026949943319506554
100020518|F|0-50:T>G-50:T>G,100015139|F|0-52:T>C-52:T>C,8001607.0,35912066.0,0.010526140018743788
100020518|F|0-50:T>G-50:T>G,100036187|F|0-16:T>C-16:T>C,8001607.0,42008443.0,0.006987779247441844
100020518|F|0-50:T>G-50:T>G,100014991|F|0-45:T>G-45:T>G,8001607.0,43771333.0,0.026214222556123976
100020518|F|0-50:T>G-50:T>G,100060618|F|0-5:A>G-5:A>G,8001607.0,53483214.0,0.005262149146224845
100020518|F|0-50:T>G-50:T>G,100019259|F|0-35:C>T-35:C>T,8001607.0,64990492.0,0.002955446015755856
100018646|F|0-46:C>T-46:C>T,100041050|F|0-49:T>A-49:T>A,8570732.0,8877660.0,0.04308641793149137
100018646|F|0-46:C>T-46:C>T,100040807|F|0-22:G>A-22:G>A,8570732.0,13128905.0,0.05845469255663419
100018646|F|0-46:C>T-46:C>T,100015846|F|0-45:G>T-45:G>T,8570732.0,16161088.0,0.15644170756427975
100018646|F|0-46:C>T-46:C>T,100045098|F|0-63:G>T-63:G>T,8570732.0,17792887.0,0.09191083906817314
100018646|F|0-46:C>T-46:C>T,100017652|F|0-34:G>A-34:G>A,8570732.0,20785539.0,0.001281959914294241
100018646|F|0-46:C>T-46:C>T,100044913|F|0-35:T>C-35:T>C,8570732.0,30665404.0,0.00866474703009107
100018646|F|0-46:C>T-46:C>T,100015510|F|0-57:A>C-57:A>C,8570732.0,35835846.0,0.012226627459051885
100018646|F|0-46:C>T-46:C>T,100015139|F|0-52:T>C-52:T>C,8570732.0,35912066.0,0.008073762751184248
100018646|F|0-46:C>T-46:C>T,100036187|F|0-16:T>C-16:T>C,8570732.0,42008443.0,0.0001484927598576943
100018646|F|0-46:C>T-46:C>T,100014991|F|0-45:T>G-45:T>G,8570732.0,43771333.0,0.00726302527236344
100018646|F|0-46:C>T-46:C>T,100060618|F|0-5:A>G-5:A>G,8570732.0,53483214.0,0.03975274086412011
100018646|F|0-46:C>T-46:C>T,100019259|F|0-35:C>T-35:C>T,8570732.0,64990492.0,7.015154742794024e-05
100041050|F|0-49:T>A-49:T>A,100040807|F|0-22:G>A-22:G>A,8877660.0,13128905.0,0.050534729258133466
100041050|F|0-49:T>A-49:T>A,100015846|F|0-45:G>T-45:G>T,8877660.0,16161088.0,0.01657119476268407
100041050|F|0-49:T>A-49:T>A,100045098|F|0-63:G>T-63:G>T,8877660.0,17792887.0,1.882218307208165e-05
100041050|F|0-49:T>A-49:T>A,100017652|F|0-34:G>A-34:G>A,8877660.0,20785539.0,0.0021338770182433467
100041050|F|0-49:T>A-49:T>A,100044913|F|0-35:T>C-35:T>C,8877660.0,30665404.0,0.014109877685270842
100041050|F|0-49:T>A-49:T>A,100015510|F|0-57:A>C-57:A>C,8877660.0,35835846.0,0.06029764111641315
100041050|F|0-49:T>A-49:T>A,100015139|F|0-52:T>C-52:T>C,8877660.0,35912066.0,0.012747096946224763
100041050|F|0-49:T>A-49:T>A,100036187|F|0-16:T>C-16:T>C,8877660.0,42008443.0,0.0007611576760512934
100041050|F|0-49:T>A-49:T>A,100014991|F|0-45:T>G-45:T>G,8877660.0,43771333.0,0.056149794658809045
100041050|F|0-49:T>A-49:T>A,100060618|F|0-5:A>G-5:A>G,8877660.0,53483214.0,0.036419445994882234
100041050|F|0-49:T>A-49:T>A,100019259|F|0-35:C>T-35:C>T,8877660.0,64990492.0,0.017723668221565306
100040807|F|0-22:G>A-22:G>A,100015846|F|0-45:G>T-45:G>T,13128905.0,16161088.0,0.029773351648351723
100040807|F|0-22:G>A-22:G>A,100045098|F|0-63:G>T-63:G>T,13128905.0,17792887.0,0.005014027904155276
100040807|F|0-22:G>A-22:G>A,100017652|F|0-34:G>A-34:G>A,13128905.0,20785539.0,0.07155018894149323
100040807|F|0-22:G>A-22:G>A,100044913|F|0-35:T>C-35:T>C,13128905.0,30665404.0,0.0015734989648033026
100040807|F|0-22:G>A-22:G>A,100015510|F|0-57:A>C-57:A>C,13128905.0,35835846.0,0.0012145667710591816
100040807|F|0-22:G>A-22:G>A,100015139|F|0-52:T>C-52:T>C,13128905.0,35912066.0,3.2750376629331065e-05
100040807|F|0-22:G>A-22:G>A,100036187|F|0-16:T>C-16:T>C,13128905.0,42008443.0,0.03395297512944567
100040807|F|0-22:G>A-22:G>A,100014991|F|0-45:T>G-45:T>G,13128905.0,43771333.0,0.010385833722802064
100040807|F|0-22:G>A-22:G>A,100060618|F|0-5:A>G-5:A>G,13128905.0,53483214.0,0.012335167279715552
100040807|F|0-22:G>A-22:G>A,100019259|F|0-35:C>T-35:C>T,13128905.0,64990492.0,0.0010811920176538152
100015846|F|0-45:G>T-45:G>T,100045098|F|0-63:G>T-63:G>T,16161088.0,17792887.0,0.012937898089171935
100015846|F|0-45:G>T-45:G>T,100017652|F|0-34:G>A-34:G>A,16161088.0,20785539.0,0.0035549734546390043
100015846|F|0-45:G>T-45:G>T,100044913|F|0-35:T>C-35:T>C,16161088.0,30665404.0,8.37346943887345e-33
100015846|F|0-45:G>T-45:G>T,100015510|F|0-57:A>C-57:A>C,16161088.0,35835846.0,0.022746343559475933
100015846|F|0-45:G>T-45:G>T,100015139|F|0-52:T>C-52:T>C,16161088.0,35912066.0,0.0005951751137445826
100015846|F|0-45:G>T-45:G>T,100036187|F|0-16:T>C-16:T>C,16161088.0,42008443.0,0.026780817221993766
100015846|F|0-45:G>T-45:G>T,100014991|F|0-45:T>G-45:T>G,16161088.0,43771333.0,0.013421692811005706
100015846|F|0-45:G>T-45:G>T,100060618|F|0-5:A>G-5:A>G,16161088.0,53483214.0,0.01979624797691205
100015846|F|0-45:G>T-45:G>T,100019259|F|0-35:C>T-35:C>T,16161088.0,64990492.0,0.032122210768510004
100045098|F|0-63:G>T-63:G>T,100017652|F|0-34:G>A-34:G>A,17792887.0,20785539.0,0.014902018502129265
100045098|F|0-63:G>T-63:G>T,100044913|F|0-35:T>C-35:T>C,17792887.0,30665404.0,0.001479853226253112
100045098|F|0-63:G>T-63:G>T,100015510|F|0-57:A>C-57:A>C,17792887.0,35835846.0,0.05300762075595333
100045098|F|0-63:G>T-63:G>T,100015139|F|0-52:T>C-52:T>C,17792887.0,35912066.0,0.006992022884377804
100045098|F|0-63:G>T-63:G>T,100036187|F|0-16:T>C-16:T>C,17792887.0,42008443.0,0.050695698082360054
100045098|F|0-63:G>T-63:G>T,100014991|F|0-45:T>G-45:T>G,17792887.0,43771333.0,0.018781821086483932
100045098|F|0-63:G>T-63:G>T,100060618|F|0-5:A>G-5:A>G,17792887.0,53483214.0,0.019853160190611344
100045098|F|0-63:G>T-63:G>T,100019259|F|0-35:C>T-35:C>T,17792887.0,64990492.0,3.2618793959706416e-05
100017652|F|0-34:G>A-34:G>A,100044913|F|0-35:T>C-35:T>C,20785539.0,30665404.0,0.0013116845347469204
100017652|F|0-34:G>A-34:G>A,100015510|F|0-57:A>C-57:A>C,20785539.0,35835846.0,0.006724821662683667
100017652|F|0-34:G>A-34:G>A,100015139|F|0-52:T>C-52:T>C,20785539.0,35912066.0,0.022884835994099788
100017652|F|0-34:G>A-34:G>A,100036187|F|0-16:T>C-16:T>C,20785539.0,42008443.0,0.00041189532005621483
100017652|F|0-34:G>A-34:G>A,100014991|F|0-45:T>G-45:T>G,20785539.0,43771333.0,3.149853797049223e-05
100017652|F|0-34:G>A-34:G>A,100060618|F|0-5:A>G-5:A>G,20785539.0,53483214.0,0.011427743102711784
100017652|F|0-34:G>A-34:G>A,100019259|F|0-35:C>T-35:C>T,20785539.0,64990492.0,0.003296077156620051
100044913|F|0-35:T>C-35:T>C,100015510|F|0-57:A>C-57:A>C,30665404.0,35835846.0,0.06965320038125972
100044913|F|0-35:T>C-35:T>C,100015139|F|0-52:T>C-52:T>C,30665404.0,35912066.0,0.00014203695951199065
100044913|F|0-35:T>C-35:T>C,100036187|F|0-16:T>C-16:T>C,30665404.0,42008443.0,0.005890103076803841
100044913|F|0-35:T>C-35:T>C,100014991|F|0-45:T>G-45:T>G,30665404.0,43771333.0,0.02882746195059507
100044913|F|0-35:T>C-35:T>C,100060618|F|0-5:A>G-5:A>G,30665404.0,53483214.0,0.0006441629271514679
100044913|F|0-35:T>C-35:T>C,100019259|F|0-35:C>T-35:C>T,30665404.0,64990492.0,0.015015456190253983
100015510|F|0-57:A>C-57:A>C,100015139|F|0-52:T>C-52:T>C,35835846.0,35912066.0,0.028194739869778315
100015510|F|0-57:A>C-57:A>C,100036187|F|0-16:T>C-16:T>C,35835846.0,42008443.0,0.010291731670439145
100015510|F|0-57:A>C-57:A>C,100014991|F|0-45:T>G-45:T>G,35835846.0,43771333.0,0.09643772033226596
100015510|F|0-57:A>C-57:A>C,100060618|F|0-5:A>G-5:A>G,35835846.0,53483214.0,0.09153504224200018
100015510|F|0-57:A>C-57:A>C,100019259|F|0-35:C>T-35:C>T,35835846.0,64990492.0,1.801833031734197e-05
100015139|F|0-52:T>C-52:T>C,100036187|F|0-16:T>C-16:T>C,35912066.0,42008443.0,0.0009611447430041132
100015139|F|0-52:T>C-52:T>C,100014991|F|0-45:T>G-45:T>G,35912066.0,43771333.0,0.009720486785598023
100015139|F|0-52:T>C-52:T>C,100060618|F|0-5:A>G-5:A>G,35912066.0,53483214.0,0.006596409832613127
100015139|F|0-52:T>C-52:T>C,100019259|F|0-35:C>T-35:C>T,35912066.0,64990492.0,0.007516969411382566
100036187|F|0-16:T>C-16:T>C,100014991|F|0-45:T>G-45:T>G,42008443.0,43771333.0,0.004363022099887818
100036187|F|0-16:T>C-16:T>C,100060618|F|0-5:A>G-5:A>G,42008443.0,53483214.0,0.009272075634658206
100036187|F|0-16:T>C-16:T>C,100019259|F|0-35:C>T-35:C>T,42008443.0,64990492.0,0.0637929861596073
100014991|F|0-45:T>G-45:T>G,100060618|F|0-5:A>G-5:A>G,43771333.0,53483214.0,0.09403032509828381
100014991|F|0-45:T>G-45:T>G,100019259|F|0-35:C>T-35:C>T,43771333.0,64990492.0,0.018786860187820074
100060618|F|0-5:A>G-5:A>G,100019259|F|0-35:C>T-35:C>T,53483214.0,64990492.0,0.00158320838397455
