rs,loading_LD1,abs_loading,chr_cowpea,pos_cowpea,chr_ayb,snp_pos_ayb
100038564|F|0-34:C>T-34:C>T,0.039424929283718754,0.039424929283718754,,,Ss05,9728385.0
100013120|F|0-6:A>G-6:A>G,-0.038392876296726344,0.038392876296726344,,,Ss05,20353406.0
100038434|F|0-16:C>A-16:C>A,-0.03707500185120908,0.03707500185120908,,,Ss05,10925160.0
100018444|F|0-56:T>G-56:T>G,-0.035331727781338064,0.035331727781338064,,,Ss08,16466723.0
100044743|F|0-7:G>A-7:G>A,-0.0350415025510476,0.0350415025510476,,,Ss05,20353401.0
100052578|F|0-7:G>A-7:G>A,-0.03218350825435265,0.03218350825435265,,,Ss05,51051029.0
100033600|F|0-16:A>G-16:A>G,-0.02923681858412209,0.02923681858412209,,,Ss08,12781650.0
100035013|F|0-54:A>T-54:A>T,-0.028696925725427425,0.028696925725427425,,,Ss08,12776859.0
100021699|F|0-19:G>C-19:G>C,-0.027655857951941705,0.027655857951941705,,,Ss05,9404333.0
100019784|F|0-32:C>G-32:C>G,-0.027499467295444623,0.027499467295444623,,,Ss07,2348981.0
100019372|F|0-56:G>A-56:G>A,-0.027201313944345364,0.027201313944345364,,,Ss08,28078846.0
100019999|F|0-68:T>C-68:T>C,-0.02680148865485106,0.02680148865485106,,,Ss08,8797618.0
100044127|F|0-8:G>A-8:G>A,-0.025632065773963684,0.025632065773963684,,,Ss09,14087087.0
100038655|F|0-21:A>T-21:A>T,-0.02551829180930574,0.02551829180930574,,,Ss05,9384711.0
100018327|F|0-50:C>T-50:C>T,-0.02404527030135124,0.02404527030135124,,,Ss01,10262280.0
100014001|F|0-46:T>A-46:T>A,-0.022586225602229754,0.022586225602229754,,,Ss05,2168229.0
100021043|F|0-14:C>T-14:C>T,-0.021918174237230335,0.021918174237230335,,,Ss08,10975291.0
100017261|F|0-49:C>T-49:C>T,-0.021694897063555846,0.021694897063555846,,,Ss01,12523186.0
100019511|F|0-33:G>A-33:G>A,-0.02154409552493573,0.02154409552493573,,,Ss02,14299715.0
100021397|F|0-9:C>T-9:C>T,-0.020826879670320684,0.020826879670320684,,,Ss01,27420869.0
100038609|F|0-8:A>T-8:A>T,-0.020738679147663475,0.020738679147663475,,,Ss01,27247323.0
100032869|F|0-50:G>A-50:G>A,-0.020731363434350853,0.020731363434350853,,,Ss03,23121189.0
100022149|F|0-63:C>T-63:C>T,-0.02063611619921429,0.02063611619921429,,,Ss04,16420191.0
100021804|F|0-50:G>A-50:G>A,0.020465450529269822,0.020465450529269822,,,Ss02,894084.0
100014230|F|0-12:A>G-12:A>G,-0.020229564658681944,0.020229564658681944,,,Ss04,73024751.0
100052891|F|0-8:C>T-8:C>T,-0.019813337354681496,0.019813337354681496,,,,
100019466|F|0-22:C>T-22:C>T,-0.01979310825878443,0.01979310825878443,,,Ss05,55643610.0
100035792|F|0-26:T>C-26:T>C,-0.019755161629893665,0.019755161629893665,,,Ss08,12919841.0
100052894|F|0-30:A>C-30:A>C,-0.019746011516691066,0.019746011516691066,,,,
100028279|F|0-18:C>T-18:C>T,0.019368698077016744,0.019368698077016744,,,Ss07,217293.0
100015011|F|0-55:G>C-55:G>C,-0.01934294965416447,0.01934294965416447,,,Ss07,308687.0
100016627|F|0-41:T>C-41:T>C,-0.019315934846003288,0.019315934846003288,,,Ss05,56449380.0
100033115|F|0-33:C>G-33:C>G,-0.019072552536474083,0.019072552536474083,,,Ss07,318760.0
100030037|F|0-16:T>A-16:T>A,0.01898366790520111,0.01898366790520111,,,Ss05,50984236.0
100022248|F|0-57:T>A-57:T>A,-0.018959202960467117,0.018959202960467117,,,Ss07,309996.0
100038675|F|0-24:G>A-24:G>A,-0.01890533037648659,0.01890533037648659,,,,
100022144|F|0-13:T>A-13:T>A,-0.01878742569754537,0.01878742569754537,,,Ss04,758125.0
100016722|F|0-34:C>T-34:C>T,-0.018499652005730286,0.018499652005730286,,,Ss07,241042.0
100015991|F|0-42:T>C-42:T>C,-0.017993580745026307,0.017993580745026307,,,Ss08,20700659.0
100018695|F|0-40:A>G-40:A>G,-0.017986295560148923,0.017986295560148923,Vu08 (old5),10283963.0,Ss08,21850213.0
100017951|F|0-58:G>A-58:G>A,-0.017981913517405378,0.017981913517405378,,,Ss08,22012492.0
100016088|F|0-16:G>A-16:G>A,0.017969063526643358,0.017969063526643358,,,Ss05,54091087.0
100020699|F|0-40:A>G-40:A>G,-0.01796311580983718,0.01796311580983718,,,Ss01,30507860.0
100039244|F|0-37:G>C-37:G>C,-0.01791755775333121,0.01791755775333121,,,Ss11,33634526.0
100021657|F|0-10:A>T-10:A>T,-0.01786896831084004,0.01786896831084004,,,Ss09,3994188.0
100018823|F|0-53:T>C-53:T>C,-0.01760277199385972,0.01760277199385972,,,Ss09,11900381.0
100049328|F|0-63:A>C-63:A>C,-0.01753633893657525,0.01753633893657525,Vu08 (old5),12604325.0,Ss08,12997499.0
100021715|F|0-7:C>A-7:C>A,0.017397652731938617,0.017397652731938617,,,Ss10,14348921.0
100022323|F|0-60:G>C-60:G>C,-0.01738483169606952,0.01738483169606952,,,Ss08,21851155.0
100021903|F|0-59:G>A-59:G>A,-0.01730713153654316,0.01730713153654316,,,Ss05,53809245.0
100015287|F|0-63:T>C-63:T>C,-0.017222566895304114,0.017222566895304114,,,Ss09,61485460.0
100014835|F|0-60:A>G-60:A>G,-0.01714875292335131,0.01714875292335131,,,Ss05,55241494.0
100038456|F|0-36:A>C-36:A>C,-0.01706603308258619,0.01706603308258619,,,Ss07,351680.0
100019601|F|0-61:A>G-61:A>G,-0.01705800389280587,0.01705800389280587,,,Ss08,22457188.0
100018830|F|0-21:C>T-21:C>T,-0.01704850146166294,0.01704850146166294,,,Ss04,67232962.0
100041823|F|0-64:C>T-64:C>T,0.016849502074287932,0.016849502074287932,,,Ss01,45303483.0
100016523|F|0-36:G>T-36:G>T,0.016807401528304577,0.016807401528304577,Vu03 (old3),39488805.0,Ss03,73624358.0
100033142|F|0-41:A>C-41:A>C,-0.016803613617772217,0.016803613617772217,,,,
100015350|F|0-49:A>G-49:A>G,0.016786393941688436,0.016786393941688436,,,Ss02,9693574.0
100014531|F|0-60:G>C-60:G>C,-0.016768655983352698,0.016768655983352698,,,Ss05,55055643.0
100016871|F|0-26:A>G-26:A>G,0.016451623042730408,0.016451623042730408,,,Ss05,54093158.0
100028909|F|0-9:C>T-9:C>T,0.01644911827008487,0.01644911827008487,,,Ss01,27271569.0
100049995|F|0-28:T>A-28:T>A,-0.01643305456219295,0.01643305456219295,,,Ss11,38112106.0
100046294|F|0-6:C>G-6:C>G,-0.016402345376529164,0.016402345376529164,,,Ss10,15124860.0
100017892|F|0-32:A>G-32:A>G,0.01634000381913845,0.01634000381913845,,,Ss01,27451898.0
100040451|F|0-37:G>A-37:G>A,-0.016313471032230267,0.016313471032230267,,,Ss09,10932163.0
100034813|F|0-53:C>A-53:C>A,-0.01615715790172659,0.01615715790172659,,,,
100014460|F|0-15:A>T-15:A>T,-0.0161403981742701,0.0161403981742701,,,Ss09,10928744.0
100029801|F|0-44:C>T-44:C>T,0.01607147554814498,0.01607147554814498,,,Ss07,2411287.0
100033258|F|0-23:G>A-23:G>A,-0.016046650398146848,0.016046650398146848,,,Ss10,9597839.0
100018106|F|0-5:T>C-5:T>C,0.015957318182441338,0.015957318182441338,Vu07 (old2),35385132.0,Ss10,11160342.0
100019260|F|0-27:C>T-27:C>T,-0.015828688194183548,0.015828688194183548,,,Ss05,55067990.0
100033004|F|0-55:C>G-55:C>G,0.015817909344914817,0.015817909344914817,,,Ss06,6151859.0
100034088|F|0-23:T>C-23:T>C,-0.01577741202877995,0.01577741202877995,,,Ss04,58446444.0
100040940|F|0-64:T>A-64:T>A,-0.015731623447716975,0.015731623447716975,,,Ss08,12628776.0
100020878|F|0-38:C>T-38:C>T,0.015682490646330056,0.015682490646330056,,,Ss03,73635793.0
100043186|F|0-41:T>C-41:T>C,0.015633654332584547,0.015633654332584547,,,Ss05,54091092.0
100013074|F|0-31:T>C-31:T>C,-0.015554085580933717,0.015554085580933717,,,Ss05,55643605.0
100021275|F|0-33:T>A-33:T>A,0.015553507334438704,0.015553507334438704,,,Ss01,17703648.0
100020066|F|0-27:G>C-27:G>C,-0.015542517501928386,0.015542517501928386,,,Ss09,13025005.0
100038393|F|0-44:G>A-44:G>A,-0.015528049981415775,0.015528049981415775,Vu09 (old8),37413218.0,Ss09,7824887.0
100034541|F|0-64:G>T-64:G>T,-0.015523161501779034,0.015523161501779034,,,Ss08,3385412.0
100028703|F|0-9:T>G-9:T>G,0.015491326867699495,0.015491326867699495,,,Ss01,34482430.0
100040047|F|0-6:G>A-6:G>A,-0.015468238800165532,0.015468238800165532,,,Ss09,61640208.0
100021743|F|0-57:T>C-57:T>C,0.015448057335267676,0.015448057335267676,,,Ss08,32939785.0
100019956|F|0-49:C>A-49:C>A,-0.015340472369768285,0.015340472369768285,,,,
100049137|F|0-53:C>A-53:C>A,0.015337163485851948,0.015337163485851948,,,Ss08,32994423.0
100018158|F|0-47:G>T-47:G>T,-0.015333402064706122,0.015333402064706122,contig_292,2803.0,Ss04,58496465.0
100035750|F|0-64:T>C-64:T>C,0.015238460857092136,0.015238460857092136,,,Ss10,14346419.0
100043188|F|0-42:C>T-42:C>T,-0.01519574894689415,0.01519574894689415,,,Ss01,40979122.0
100017562|F|0-36:T>A-36:T>A,-0.015193759833513463,0.015193759833513463,,,Ss05,48599059.0
100040615|F|0-67:A>T-67:A>T,-0.015122319606037752,0.015122319606037752,Vu08 (old5),12096567.0,,
100053824|F|0-47:A>G-47:A>G,0.015061243375351134,0.015061243375351134,,,Ss01,16226345.0
100040003|F|0-60:C>T-60:C>T,0.015011011050885531,0.015011011050885531,,,Ss05,52987364.0
100015076|F|0-33:T>C-33:T>C,-0.014990689292532345,0.014990689292532345,,,Ss01,40986668.0
100014432|F|0-25:C>A-25:C>A,-0.01485327231258145,0.01485327231258145,,,Ss08,20703499.0
100018802|F|0-14:G>A-14:G>A,-0.014821647848374342,0.014821647848374342,Vu01 (old4),30676663.0,Ss01,40988293.0
100017653|F|0-34:G>A-34:G>A,-0.014790253614619749,0.014790253614619749,,,Ss06,3421004.0
100021995|F|0-64:T>A-64:T>A,-0.01477896503185252,0.01477896503185252,,,Ss03,96634452.0
100015680|F|0-33:A>G-33:A>G,-0.014766889363742016,0.014766889363742016,,,Ss04,65556647.0
100019852|F|0-38:G>A-38:G>A,-0.014755499056931727,0.014755499056931727,,,Ss04,55224182.0
100014402|F|0-62:C>T-62:C>T,0.014749957311948742,0.014749957311948742,,,Ss04,5238734.0
100013842|F|0-67:A>G-67:A>G,-0.014735564432365563,0.014735564432365563,,,Ss04,64912930.0
100019395|F|0-49:A>G-49:A>G,0.014714751585100367,0.014714751585100367,Vu07 (old2),128608.0,Ss07,229572.0
100030094|F|0-15:T>A-15:T>A,-0.014672109275778408,0.014672109275778408,Vu03 (old3),33492365.0,Ss03,67491280.0
100039148|F|0-38:G>A-38:G>A,-0.014642589623829184,0.014642589623829184,,,Ss06,11676845.0
100019055|F|0-38:T>A-38:T>A,0.014571707133101144,0.014571707133101144,,,Ss07,258321.0
100017549|F|0-22:C>T-22:C>T,-0.01453711837707947,0.01453711837707947,,,Ss08,21771589.0
100021048|F|0-66:C>T-66:C>T,-0.014521580519108792,0.014521580519108792,,,Ss09,45555246.0
100017304|F|0-37:T>A-37:T>A,0.014509917773965172,0.014509917773965172,,,Ss01,11098034.0
100038463|F|0-13:A>C-13:A>C,0.014482821008913689,0.014482821008913689,,,,
100020903|F|0-13:G>T-13:G>T,-0.014448923052335277,0.014448923052335277,,,Ss02,1009223.0
100018346|F|0-11:A>C-11:A>C,-0.014448532536053221,0.014448532536053221,,,Ss03,67491275.0
100021718|F|0-14:T>C-14:T>C,0.014410970970257488,0.014410970970257488,Vu02 (old7),26744915.0,Ss02,8607211.0
100013605|F|0-20:C>T-20:C>T,-0.014385317385219545,0.014385317385219545,,,Ss08,32067740.0
100038514|F|0-16:A>T-16:A>T,-0.01436940332996472,0.01436940332996472,,,Ss03,67492174.0
100034179|F|0-50:C>T-50:C>T,-0.014349051728920426,0.014349051728920426,,,Ss02,24997484.0
100015701|F|0-21:C>G-21:C>G,0.01434601377021202,0.01434601377021202,,,Ss08,12361483.0
100017201|F|0-30:C>G-30:C>G,-0.014339517754697889,0.014339517754697889,,,Ss03,82649734.0
100021909|F|0-26:T>C-26:T>C,0.014299413496297618,0.014299413496297618,,,,
100018779|F|0-10:A>G-10:A>G,-0.01429704347978184,0.01429704347978184,Vu09 (old8),32879608.0,Ss08,13049338.0
100020518|F|0-50:T>G-50:T>G,-0.014225101892953543,0.014225101892953543,,,Ss07,8001607.0
100035171|F|0-38:C>T-38:C>T,0.014217187705741516,0.014217187705741516,,,Ss08,26109631.0
100018496|F|0-32:T>G-32:T>G,0.014209653353223101,0.014209653353223101,,,Ss09,43881573.0
100017187|F|0-41:T>C-41:T>C,0.014197389261268746,0.014197389261268746,,,Ss10,16245982.0
100047135|F|0-14:G>A-14:G>A,-0.014157687046998739,0.014157687046998739,,,,
100018271|F|0-48:A>G-48:A>G,0.014132188508055046,0.014132188508055046,,,Ss01,41002080.0
100032762|F|0-24:G>A-24:G>A,-0.013969503344023483,0.013969503344023483,,,Ss03,66478800.0
100017598|F|0-46:C>G-46:C>G,0.013930232729205827,0.013930232729205827,,,Ss09,45505408.0
100034020|F|0-16:G>A-16:G>A,0.013913175259572147,0.013913175259572147,,,Ss04,67447848.0
100033155|F|0-6:A>T-6:A>T,0.013854694242521632,0.013854694242521632,,,Ss02,9630495.0
100034716|F|0-53:A>G-53:A>G,0.013801343728321704,0.013801343728321704,,,Ss10,15958067.0
100014107|F|0-10:A>C-10:A>C,-0.013787643057516038,0.013787643057516038,,,Ss08,9229198.0
100022081|F|0-44:A>C-44:A>C,0.013746673014650233,0.013746673014650233,,,Ss01,11365474.0
100021278|F|0-44:C>G-44:C>G,0.013708834485966085,0.013708834485966085,Vu09 (old8),41151722.0,Ss09,3753633.0
100013102|F|0-12:T>C-12:T>C,0.013708219846321661,0.013708219846321661,,,,
100021685|F|0-34:T>A-34:T>A,-0.01368275155714105,0.01368275155714105,Vu06 (old6),22297694.0,Ss06,2436142.0
100021071|F|0-60:A>G-60:A>G,0.013676357588038795,0.013676357588038795,Vu07 (old2),39201975.0,Ss10,15967627.0
100013022|F|0-48:G>C-48:G>C,0.01366045130143267,0.01366045130143267,,,Ss01,11376234.0
100029380|F|0-39:A>C-39:A>C,0.013648312333179058,0.013648312333179058,,,Ss01,40729560.0
100017923|F|0-57:A>G-57:A>G,0.013617058079855821,0.013617058079855821,,,Ss01,32459789.0
100034817|F|0-14:G>A-14:G>A,-0.01358822595773557,0.01358822595773557,,,,
100033423|F|0-16:C>T-16:C>T,-0.013583152424121907,0.013583152424121907,,,Ss08,16674529.0
100021345|F|0-28:C>T-28:C>T,0.01357388537030165,0.01357388537030165,,,Ss10,16899147.0
100017553|F|0-24:C>A-24:C>A,-0.013553011782242289,0.013553011782242289,Vu03 (old3),64354681.0,Ss03,82732261.0
100058965|F|0-54:C>G-54:C>G,0.013475975856432489,0.013475975856432489,,,Ss04,39081996.0
100045141|F|0-49:C>T-49:C>T,0.013462144367827038,0.013462144367827038,,,Ss10,15225158.0
100014127|F|0-16:C>T-16:C>T,0.013455428738897492,0.013455428738897492,,,Ss11,36258373.0
100029840|F|0-31:T>C-31:T>C,0.0134454400800782,0.0134454400800782,,,Ss10,16252498.0
100035332|F|0-65:G>A-65:G>A,-0.013411103232194984,0.013411103232194984,Vu04 (old11),505287.0,Ss05,51902160.0
100018213|F|0-23:A>G-23:A>G,0.013409334749871925,0.013409334749871925,,,Ss02,10468529.0
100014708|F|0-45:A>T-45:A>T,-0.013406805990588133,0.013406805990588133,,,Ss08,13042147.0
100056908|F|0-51:C>T-51:C>T,-0.013406805990588133,0.013406805990588133,,,Ss08,13042142.0
100018520|F|0-35:A>G-35:A>G,-0.013404631711956869,0.013404631711956869,,,Ss02,12198551.0
100015729|F|0-42:C>A-42:C>A,0.013403765410974803,0.013403765410974803,Vu08 (old5),34737627.0,,
100017079|F|0-12:A>G-12:A>G,-0.013366202054190325,0.013366202054190325,,,Ss09,61641384.0
100033514|F|0-34:C>T-34:C>T,-0.01332417603529473,0.01332417603529473,,,Ss05,48604051.0
100017341|F|0-38:C>A-38:C>A,-0.013319041397629646,0.013319041397629646,,,Ss03,11918422.0
100040251|F|0-68:A>C-68:A>C,0.01331157580250034,0.01331157580250034,,,,
100041283|F|0-68:T>A-68:T>A,0.013291420101271708,0.013291420101271708,,,Ss01,16181585.0
100044399|F|0-36:G>A-36:G>A,-0.013263258720922684,0.013263258720922684,,,Ss08,12953586.0
100013877|F|0-19:G>T-19:G>T,-0.013225579508452592,0.013225579508452592,,,Ss01,34079859.0
100013918|F|0-61:T>G-61:T>G,-0.01322390873095869,0.01322390873095869,,,Ss03,67505292.0
100033755|F|0-33:T>A-33:T>A,-0.013194501622008567,0.013194501622008567,,,Ss03,67483527.0
100033181|F|0-15:C>A-15:C>A,0.013155281391534147,0.013155281391534147,,,Ss04,801779.0
100035288|F|0-19:C>G-19:C>G,0.013147225914817769,0.013147225914817769,,,Ss03,3044439.0
100015798|F|0-46:G>A-46:G>A,0.013143180139961358,0.013143180139961358,,,Ss01,11367259.0
100034247|F|0-37:G>C-37:G>C,-0.01313820385164941,0.01313820385164941,,,Ss10,16999534.0
100016431|F|0-28:C>T-28:C>T,0.013106145374726921,0.013106145374726921,,,Ss01,32001840.0
100019249|F|0-36:C>A-36:C>A,0.013096208636954777,0.013096208636954777,,,Ss09,54407017.0
100021842|F|0-18:C>G-18:C>G,0.013051830105256894,0.013051830105256894,,,Ss03,9784263.0
100040044|F|0-66:G>T-66:G>T,0.012978626110629912,0.012978626110629912,,,,
100017658|F|0-34:T>G-34:T>G,-0.012966978819900601,0.012966978819900601,Vu01 (old4),30643579.0,Ss01,41027371.0
100016127|F|0-26:G>C-26:G>C,-0.012915541822694448,0.012915541822694448,,,Ss01,6652431.0
100013240|F|0-26:A>G-26:A>G,0.012910535533611114,0.012910535533611114,,,Ss08,9218492.0
100041682|F|0-43:T>C-43:T>C,-0.01291044657691446,0.01291044657691446,,,Ss03,82650345.0
100022139|F|0-65:T>C-65:T>C,-0.012909817513908614,0.012909817513908614,,,Ss10,16965771.0
100030290|F|0-11:A>C-11:A>C,-0.012909817513908614,0.012909817513908614,,,Ss10,16971407.0
100019590|F|0-61:C>T-61:C>T,0.01290849529205441,0.01290849529205441,,,Ss10,1243112.0
100043419|F|0-6:T>A-6:T>A,-0.012869513280911581,0.012869513280911581,,,Ss08,20696786.0
100020033|F|0-7:G>A-7:G>A,0.012838691761498591,0.012838691761498591,,,Ss10,17020316.0
100013713|F|0-9:G>T-9:G>T,-0.012825758456495489,0.012825758456495489,,,Ss08,21871027.0
100015005|F|0-68:T>A-68:T>A,-0.012822444494736965,0.012822444494736965,,,Ss08,12952520.0
100019086|F|0-55:A>G-55:A>G,-0.01279091727499702,0.01279091727499702,,,Ss03,82624959.0
100020264|F|0-33:T>A-33:T>A,-0.012752818174848806,0.012752818174848806,,,Ss03,96634457.0
100015622|F|0-52:A>G-52:A>G,0.012751908682343972,0.012751908682343972,,,Ss02,20756563.0
100034562|F|0-29:C>T-29:C>T,-0.012745651969353348,0.012745651969353348,,,Ss03,66491647.0
100029251|F|0-32:C>A-32:C>A,0.012695094382904783,0.012695094382904783,,,Ss04,53844819.0
100016920|F|0-66:T>A-66:T>A,-0.012684412999167756,0.012684412999167756,,,Ss09,61641379.0
100042001|F|0-12:C>A-12:C>A,0.012614816908283548,0.012614816908283548,,,Ss04,72400475.0
100016551|F|0-65:A>C-65:A>C,-0.01256784875600052,0.01256784875600052,Vu11 (old9),32255711.0,Ss11,35402436.0
100041207|F|0-27:C>A-27:C>A,0.012547033645493946,0.012547033645493946,,,Ss07,5602442.0
100033304|F|0-17:G>A-17:G>A,-0.012501908932382988,0.012501908932382988,,,Ss04,66650508.0
100029504|F|0-25:T>C-25:T>C,-0.012501815544214478,0.012501815544214478,,,,
100020360|F|0-56:A>G-56:A>G,-0.012501606660573355,0.012501606660573355,,,Ss09,61670176.0
100020859|F|0-32:T>C-32:T>C,0.012498693700455185,0.012498693700455185,,,,
100013340|F|0-36:T>A-36:T>A,-0.012493562708189016,0.012493562708189016,,,Ss08,28639031.0
100022062|F|0-25:G>T-25:G>T,-0.012470645205683481,0.012470645205683481,,,Ss09,6664246.0
100016452|F|0-6:G>A-6:G>A,-0.012450065399840341,0.012450065399840341,,,Ss10,4298929.0
100019246|F|0-54:A>C-54:A>C,0.01243777788717939,0.01243777788717939,,,Ss03,19540516.0
100040510|F|0-32:T>C-32:T>C,-0.01243349461994636,0.01243349461994636,,,Ss09,62326715.0
100034274|F|0-23:G>T-23:G>T,-0.012431836688326347,0.012431836688326347,,,Ss04,16071743.0
100016982|F|0-43:C>A-43:C>A,0.012374379376880247,0.012374379376880247,,,Ss07,2465867.0
100013045|F|0-44:C>T-44:C>T,0.012334105756729297,0.012334105756729297,,,Ss04,4739116.0
100035736|F|0-29:C>T-29:C>T,-0.012332730889600319,0.012332730889600319,Vu04 (old11),30896897.0,Ss04,74972519.0
100033601|F|0-15:C>A-15:C>A,0.012247392818587326,0.012247392818587326,,,Ss10,16769146.0
100015052|F|0-68:T>A-68:T>A,-0.012214528973063557,0.012214528973063557,,,Ss08,10026083.0
100013794|F|0-60:G>A-60:G>A,0.01220951416496757,0.01220951416496757,,,Ss04,67631077.0
100029202|F|0-28:C>T-28:C>T,-0.012196311021500823,0.012196311021500823,,,Ss02,24377091.0
100038392|F|0-25:C>T-25:C>T,-0.012168069017315864,0.012168069017315864,,,Ss02,1936955.0
100015338|F|0-49:G>T-49:G>T,-0.0121544224886933,0.0121544224886933,,,Ss02,12196030.0
100029330|F|0-22:A>G-22:A>G,-0.012150992136060345,0.012150992136060345,,,Ss03,74803746.0
100018760|F|0-65:A>G-65:A>G,-0.012131915886667025,0.012131915886667025,,,Ss05,660524.0
100034022|F|0-63:A>C-63:A>C,0.012125999722687856,0.012125999722687856,,,Ss08,16687555.0
100039949|F|0-62:A>T-62:A>T,0.012117850330587366,0.012117850330587366,,,Ss10,16793350.0
100043121|F|0-26:C>T-26:C>T,0.01210759613694301,0.01210759613694301,,,,
100059450|F|0-16:C>T-16:C>T,0.012105726512027412,0.012105726512027412,,,Ss11,5671831.0
100034096|F|0-46:G>C-46:G>C,0.012096380811436328,0.012096380811436328,Vu02 (old7),21233031.0,,
100021948|F|0-23:C>G-23:C>G,-0.012095859673452647,0.012095859673452647,,,Ss07,4712047.0
100016712|F|0-57:C>A-57:C>A,-0.012068660395863153,0.012068660395863153,Vu06 (old6),27002353.0,Ss06,15865772.0
100029559|F|0-31:T>C-31:T>C,-0.012052202820486125,0.012052202820486125,,,Ss03,82608159.0
100021572|F|0-58:T>G-58:T>G,-0.012030448132379168,0.012030448132379168,,,Ss08,20839456.0
100034584|F|0-9:T>C-9:T>C,-0.012017665065631601,0.012017665065631601,,,Ss01,32472994.0
100033527|F|0-13:C>T-13:C>T,-0.012017665065631601,0.012017665065631601,,,Ss01,32475333.0
100014140|F|0-33:C>G-33:C>G,0.011983712536773723,0.011983712536773723,,,Ss09,12605038.0
100041229|F|0-52:A>T-52:A>T,0.011970519935951683,0.011970519935951683,,,Ss02,3187751.0
100020456|F|0-16:A>C-16:A>C,-0.011961911674984954,0.011961911674984954,,,Ss01,32467328.0
100018174|F|0-53:C>T-53:C>T,-0.011951120630089898,0.011951120630089898,,,Ss04,651578.0
100016117|F|0-56:G>A-56:G>A,0.011946979627189868,0.011946979627189868,,,Ss10,102273.0
100028772|F|0-54:C>T-54:C>T,0.01194619868837591,0.01194619868837591,,,Ss04,73054209.0
100029425|F|0-25:A>T-25:A>T,0.011945739429262024,0.011945739429262024,,,,
100045385|F|0-50:G>A-50:G>A,0.011933625461999801,0.011933625461999801,,,Ss08,26104708.0
100013876|F|0-55:T>G-55:T>G,0.011915412896826235,0.011915412896826235,Vu07 (old2),26537890.0,Ss10,1391632.0
100017806|F|0-40:A>G-40:A>G,-0.011893229602533896,0.011893229602533896,Vu10 (old10),40484034.0,Ss04,64569637.0
100015553|F|0-28:T>C-28:T>C,0.011879262597110488,0.011879262597110488,,,Ss04,63464321.0
100029178|F|0-32:G>A-32:G>A,0.011879262597110488,0.011879262597110488,,,Ss04,63429500.0
100019028|F|0-68:T>A-68:T>A,-0.011878423315223983,0.011878423315223983,Vu03 (old3),64483291.0,Ss03,82594503.0
100019896|F|0-32:C>T-32:C>T,-0.011875228515867154,0.011875228515867154,Vu08 (old5),16375786.0,Ss08,20478787.0
100015812|F|0-66:A>T-66:A>T,-0.011866976669126277,0.011866976669126277,,,Ss08,20636789.0
100017840|F|0-30:G>A-30:G>A,-0.011852989026731448,0.011852989026731448,,,Ss06,3408166.0
100032980|F|0-45:T>A-45:T>A,-0.011841348086058766,0.011841348086058766,,,Ss11,38018248.0
100029850|F|0-32:T>C-32:T>C,-0.01183015946692488,0.01183015946692488,,,Ss10,4297916.0
100044400|F|0-16:A>G-16:A>G,-0.011823446849850204,0.011823446849850204,,,Ss08,12953586.0
100044498|F|0-24:C>T-24:C>T,0.011761555132984765,0.011761555132984765,,,,
100018345|F|0-65:A>C-65:A>C,-0.011739875974455248,0.011739875974455248,,,Ss01,44788831.0
100043254|F|0-7:C>G-7:C>G,0.011713834418691085,0.011713834418691085,,,Ss10,15229542.0
100013521|F|0-57:C>G-57:C>G,-0.01170061031020318,0.01170061031020318,Vu02 (old7),20518913.0,Ss02,12196025.0
100035017|F|0-19:T>C-19:T>C,-0.011686704840569875,0.011686704840569875,,,Ss08,18103533.0
100041774|F|0-19:G>A-19:G>A,-0.011685722118532896,0.011685722118532896,Vu03 (old3),27017059.0,,
100036126|F|0-34:T>C-34:T>C,-0.011673099272412427,0.011673099272412427,,,Ss10,2614575.0
100050516|F|0-63:C>G-63:C>G,0.01167088496422282,0.01167088496422282,,,Ss08,19225191.0
100035301|F|0-17:C>T-17:C>T,-0.011666137696622675,0.011666137696622675,,,,
100032829|F|0-7:T>A-7:T>A,-0.011665075914793193,0.011665075914793193,,,Ss02,21875192.0
100038943|F|0-17:C>T-17:C>T,-0.011630738076214822,0.011630738076214822,,,Ss08,19316899.0
100044804|F|0-53:G>C-53:G>C,0.011623684010731295,0.011623684010731295,,,Ss10,16968917.0
100057366|F|0-5:C>T-5:C>T,0.01159458132210565,0.01159458132210565,,,Ss04,53899829.0
100048863|F|0-39:A>G-39:A>G,-0.01159318340393502,0.01159318340393502,,,Ss01,44946182.0
100014343|F|0-46:C>T-46:C>T,0.01156516673970503,0.01156516673970503,,,Ss07,2481166.0
100059435|F|0-20:G>A-20:G>A,-0.011563341554645406,0.011563341554645406,,,Ss04,37457789.0
100021959|F|0-60:G>A-60:G>A,0.011548930964887854,0.011548930964887854,Vu02 (old7),21244140.0,Ss02,14322471.0
100015855|F|0-33:A>T-33:A>T,-0.011543899455605487,0.011543899455605487,,,Ss08,9345253.0
100040372|F|0-42:A>T-42:A>T,0.011529642682667601,0.011529642682667601,,,,
100028760|F|0-23:G>T-23:G>T,0.011512949452758488,0.011512949452758488,,,,
100034520|F|0-31:G>A-31:G>A,0.011477128227864153,0.011477128227864153,,,Ss09,58309310.0
100016303|F|0-55:T>G-55:T>G,0.01147661589089717,0.01147661589089717,,,Ss02,23923792.0
100020014|F|0-36:G>C-36:G>C,-0.01143639700388003,0.01143639700388003,,,Ss06,7067913.0
100021620|F|0-68:T>C-68:T>C,-0.011430648904876967,0.011430648904876967,Vu02 (old7),26207208.0,Ss02,9353043.0
100019753|F|0-24:T>G-24:T>G,0.011415019003109844,0.011415019003109844,,,Ss04,4005038.0
100016318|F|0-42:A>T-42:A>T,-0.011386755700138126,0.011386755700138126,,,Ss08,13192519.0
100033255|F|0-59:G>A-59:G>A,0.011383556003607501,0.011383556003607501,,,,
100035334|F|0-35:T>C-35:T>C,0.011343648712313026,0.011343648712313026,,,Ss10,16832622.0
100033340|F|0-7:A>T-7:A>T,-0.011333370498017538,0.011333370498017538,,,Ss04,843701.0
100013847|F|0-11:C>A-11:C>A,-0.011329638533699962,0.011329638533699962,,,Ss11,31582817.0
100019628|F|0-65:T>G-65:T>G,-0.011322879814627821,0.011322879814627821,,,Ss06,14413889.0
100021376|F|0-67:G>C-67:G>C,0.011305987329263092,0.011305987329263092,,,Ss04,63440433.0
100048091|F|0-43:A>T-43:A>T,-0.011303695306492658,0.011303695306492658,,,Ss01,32463417.0
100029235|F|0-18:C>T-18:C>T,0.011288694624422304,0.011288694624422304,,,,
100035862|F|0-6:T>G-6:T>G,0.011287700240785452,0.011287700240785452,Vu10 (old10),39567399.0,Ss04,63691059.0
100016631|F|0-38:C>G-38:C>G,0.011282486692684482,0.011282486692684482,,,Ss03,77597603.0
100018506|F|0-23:C>T-23:C>T,0.011275326397356733,0.011275326397356733,,,Ss07,2437135.0
100035126|F|0-11:T>C-11:T>C,-0.011189419250503423,0.011189419250503423,Vu04 (old11),37919761.0,Ss04,71372978.0
100028792|F|0-46:G>T-46:G>T,-0.011183216522158269,0.011183216522158269,,,Ss06,2755376.0
100014890|F|0-17:C>T-17:C>T,0.011170764296185524,0.011170764296185524,,,,
100021487|F|0-66:T>G-66:T>G,-0.01116154057847177,0.01116154057847177,,,Ss03,65650214.0
100035362|F|0-6:C>A-6:C>A,0.01110501602471742,0.01110501602471742,,,Ss10,14658473.0
100035791|F|0-16:G>A-16:G>A,0.011102449437378762,0.011102449437378762,Vu09 (old8),36664091.0,Ss08,12919841.0
100040329|F|0-26:A>G-26:A>G,0.011076674833770207,0.011076674833770207,,,Ss01,41159215.0
100013484|F|0-22:G>A-22:G>A,0.011053634663904018,0.011053634663904018,,,Ss10,16177456.0
100015115|F|0-13:C>T-13:C>T,-0.011053417776022425,0.011053417776022425,,,Ss04,65061776.0
100015067|F|0-38:T>A-38:T>A,0.011048602509520267,0.011048602509520267,,,Ss04,63973809.0
100014556|F|0-12:G>A-12:G>A,-0.011043613483804926,0.011043613483804926,,,Ss08,12872173.0
100017582|F|0-57:G>A-57:G>A,-0.011040167507182473,0.011040167507182473,,,Ss06,104942541.0
100013207|F|0-60:C>G-60:C>G,-0.011019566879421905,0.011019566879421905,Vu07 (old2),29186793.0,Ss10,4298934.0
100016293|F|0-58:A>G-58:A>G,-0.010972938478028627,0.010972938478028627,,,Ss05,55174138.0
100021757|F|0-47:G>A-47:G>A,0.010953422390587752,0.010953422390587752,,,Ss10,17521694.0
100017206|F|0-15:G>C-15:G>C,0.010953351984382654,0.010953351984382654,,,Ss01,41065538.0
100039953|F|0-31:A>G-31:A>G,0.010943695373579487,0.010943695373579487,,,Ss06,29837805.0
100034117|F|0-6:C>A-6:C>A,0.010908490183724362,0.010908490183724362,,,Ss08,19028590.0
100029568|F|0-9:T>G-9:T>G,-0.010893295064677141,0.010893295064677141,,,Ss10,16988131.0
100020171|F|0-10:G>A-10:G>A,0.01084961853228954,0.01084961853228954,,,Ss03,12376939.0
100052713|F|0-20:C>T-20:C>T,0.010847240523172475,0.010847240523172475,,,Ss02,11467137.0
100038883|F|0-23:A>G-23:A>G,0.010827347093416182,0.010827347093416182,,,,
100019277|F|0-46:C>T-46:C>T,-0.010821020328949176,0.010821020328949176,,,Ss11,1330202.0
100019630|F|0-24:A>T-24:A>T,0.010792905262548997,0.010792905262548997,,,Ss10,17521232.0
100021941|F|0-59:G>A-59:G>A,-0.010792758180451157,0.010792758180451157,,,Ss03,96376487.0
100041567|F|0-33:A>T-33:A>T,-0.010782641749815127,0.010782641749815127,,,Ss10,4297921.0
100041762|F|0-5:T>C-5:T>C,-0.010708757930371389,0.010708757930371389,Vu11 (old9),27828984.0,Ss11,32989042.0
100014176|F|0-46:T>C-46:T>C,0.01070511155339953,0.01070511155339953,,,,
100014668|F|0-30:A>T-30:A>T,-0.010673205487551993,0.010673205487551993,,,Ss09,48841067.0
100016417|F|0-54:G>T-54:G>T,0.010666959327442138,0.010666959327442138,,,Ss04,63805250.0
100029328|F|0-28:G>C-28:G>C,0.010620096619111735,0.010620096619111735,,,Ss05,51381882.0
100028451|F|0-5:C>A-5:C>A,0.010613912113420741,0.010613912113420741,,,,
100021316|F|0-63:C>A-63:C>A,0.010607701897136787,0.010607701897136787,,,Ss10,16179198.0
100050114|F|0-27:G>A-27:G>A,0.010582220693326212,0.010582220693326212,,,Ss09,43250010.0
100044397|F|0-62:C>G-62:C>G,0.010577965524731975,0.010577965524731975,,,Ss04,69138290.0
100051794|F|0-60:T>C-60:T>C,0.010539322564915809,0.010539322564915809,Vu09 (old8),3361921.0,Ss09,62494371.0
100041804|F|0-41:G>A-41:G>A,0.010523908819047778,0.010523908819047778,,,Ss03,60062565.0
100029664|F|0-7:G>A-7:G>A,0.010521616463747448,0.010521616463747448,,,Ss05,10072767.0
100013453|F|0-6:G>A-6:G>A,0.010518761038849871,0.010518761038849871,,,Ss10,16307679.0
100046187|F|0-5:T>A-5:T>A,-0.010509879057793268,0.010509879057793268,,,Ss02,9299862.0
100033099|F|0-24:G>C-24:G>C,-0.010453104887493944,0.010453104887493944,,,Ss02,9574237.0
100015778|F|0-37:G>T-37:G>T,-0.010449537770059485,0.010449537770059485,Vu04 (old11),1978178.0,Ss04,67603590.0
100056084|F|0-56:G>T-56:G>T,-0.010430387842337763,0.010430387842337763,Vu11 (old9),1725731.0,Ss11,1323114.0
100015059|F|0-7:C>A-7:C>A,-0.01042165798678239,0.01042165798678239,,,Ss03,13937140.0
100050471|F|0-63:C>G-63:C>G,0.010361373390624054,0.010361373390624054,,,Ss02,8041583.0
100014707|F|0-12:T>C-12:T>C,0.010359636947428199,0.010359636947428199,,,Ss04,69125242.0
100018713|F|0-51:T>A-51:T>A,-0.010338175475916355,0.010338175475916355,,,Ss05,5943852.0
100015006|F|0-61:G>T-61:G>T,0.010329427383518323,0.010329427383518323,,,Ss04,69113038.0
100013584|F|0-22:T>C-22:T>C,-0.010329357158012344,0.010329357158012344,,,Ss07,6865742.0
100046321|F|0-34:T>C-34:T>C,-0.010322903410429043,0.010322903410429043,,,Ss06,4034781.0
100034114|F|0-47:T>A-47:T>A,0.010319274677925608,0.010319274677925608,,,Ss09,4820466.0
100014924|F|0-66:G>A-66:G>A,0.01031492510465213,0.01031492510465213,,,Ss04,37291660.0
100019248|F|0-30:G>A-30:G>A,0.010293743782503627,0.010293743782503627,Vu02 (old7),25315767.0,Ss02,10401511.0
100040070|F|0-17:A>G-17:A>G,0.010246314806934864,0.010246314806934864,,,Ss04,69138295.0
100035819|F|0-44:C>T-44:C>T,0.01023994821990253,0.01023994821990253,,,Ss09,14553363.0
100016409|F|0-6:A>T-6:A>T,0.010218520123959152,0.010218520123959152,,,Ss05,6388776.0
100017910|F|0-52:G>A-52:G>A,0.010198419529236967,0.010198419529236967,,,Ss08,28572869.0
100017407|F|0-46:T>G-46:T>G,0.01019133826060594,0.01019133826060594,,,Ss08,34058628.0
100020488|F|0-58:T>G-58:T>G,-0.010180357607362274,0.010180357607362274,,,Ss01,41740174.0
100029682|F|0-15:A>G-15:A>G,0.01017730665727558,0.01017730665727558,,,,
100020292|F|0-58:T>C-58:T>C,0.010167605257396918,0.010167605257396918,Vu07 (old2),39103737.0,Ss10,15819325.0
100030019|F|0-15:C>A-15:C>A,0.010150581908412412,0.010150581908412412,,,Ss03,77404463.0
100018025|F|0-39:C>T-39:C>T,0.010119855046438676,0.010119855046438676,,,Ss06,19713427.0
100044126|F|0-46:C>T-46:C>T,0.010113225687132433,0.010113225687132433,,,Ss10,15556197.0
100038715|F|0-41:T>A-41:T>A,0.010102332828778177,0.010102332828778177,,,Ss04,67633004.0
100015510|F|0-57:A>C-57:A>C,0.010094395272137667,0.010094395272137667,,,Ss07,35835846.0
100048111|F|0-10:T>A-10:T>A,-0.01008709008531608,0.01008709008531608,,,Ss03,89662393.0
100029189|F|0-11:C>A-11:C>A,-0.010077588823009445,0.010077588823009445,,,Ss04,658546.0
100029548|F|0-5:C>T-5:C>T,-0.010071122023762107,0.010071122023762107,,,Ss04,50446647.0
100028940|F|0-16:C>T-16:C>T,-0.010038532304490179,0.010038532304490179,,,Ss04,60538137.0
100014831|F|0-22:G>T-22:G>T,0.010023341703577025,0.010023341703577025,,,Ss04,63955903.0
100044544|F|0-31:A>G-31:A>G,-0.010014569747317265,0.010014569747317265,,,Ss06,3420568.0
100016374|F|0-29:T>A-29:T>A,0.010009007067673712,0.010009007067673712,,,Ss04,1105605.0
100017321|F|0-51:A>T-51:A>T,0.01000508722662163,0.01000508722662163,,,Ss01,31197415.0
100034576|F|0-39:C>T-39:C>T,0.01000459387617581,0.01000459387617581,,,Ss09,7042888.0
100017244|F|0-66:T>A-66:T>A,0.010003410554535791,0.010003410554535791,,,Ss09,5946296.0
100017523|F|0-41:C>T-41:C>T,-0.009996301835165013,0.009996301835165013,,,Ss01,17927516.0
100035442|F|0-6:A>T-6:A>T,-0.009992980922711276,0.009992980922711276,,,Ss04,656068.0
100018629|F|0-63:G>A-63:G>A,-0.009991583886532178,0.009991583886532178,,,Ss07,6866047.0
100030430|F|0-19:A>C-19:A>C,0.009985345965923077,0.009985345965923077,,,Ss01,46846957.0
100016359|F|0-20:G>C-20:G>C,0.009974098652980535,0.009974098652980535,Vu08 (old5),32438045.0,Ss08,3883295.0
100016059|F|0-15:A>T-15:A>T,0.009958908264100789,0.009958908264100789,,,Ss10,14090473.0
100029165|F|0-15:A>T-15:A>T,0.00994988254291386,0.00994988254291386,,,Ss08,7019289.0
100017777|F|0-23:A>G-23:A>G,0.009938259992543916,0.009938259992543916,,,Ss03,5093138.0
100016173|F|0-32:C>T-32:C>T,-0.009917125580071769,0.009917125580071769,,,Ss03,67333582.0
100041635|F|0-30:A>G-30:A>G,0.00988844869693854,0.00988844869693854,,,Ss02,12392011.0
100015600|F|0-30:C>A-30:C>A,0.009858451774373654,0.009858451774373654,,,Ss10,15832699.0
100038568|F|0-15:C>T-15:C>T,0.009858451774373654,0.009858451774373654,,,Ss10,15839422.0
100015147|F|0-16:C>G-16:C>G,0.009843866205638579,0.009843866205638579,,,Ss10,14409032.0
100015285|F|0-54:T>C-54:T>C,-0.009829235115764133,0.009829235115764133,,,Ss06,2755381.0
100033784|F|0-28:C>T-28:C>T,0.009812332517679018,0.009812332517679018,,,Ss04,2861692.0
100021653|F|0-36:G>A-36:G>A,0.009791695740109624,0.009791695740109624,,,Ss07,2486131.0
100034038|F|0-64:A>C-64:A>C,-0.009772406739042628,0.009772406739042628,,,Ss06,14398850.0
100043241|F|0-28:A>C-28:A>C,-0.009770447093557453,0.009770447093557453,,,Ss02,24987069.0
100014256|F|0-11:C>T-11:C>T,0.009720010690591165,0.009720010690591165,,,Ss03,78249534.0
100014348|F|0-42:C>G-42:C>G,-0.009715513991580191,0.009715513991580191,,,Ss02,4909653.0
100020025|F|0-58:A>C-58:A>C,0.009684001471533527,0.009684001471533527,,,Ss04,63716989.0
100030054|F|0-16:G>A-16:G>A,0.009682737595265589,0.009682737595265589,,,,
100016501|F|0-17:C>T-17:C>T,0.009677576644742855,0.009677576644742855,,,Ss09,12114192.0
100013031|F|0-8:C>T-8:C>T,0.00966430160027017,0.00966430160027017,,,Ss05,8514058.0
100033227|F|0-6:A>G-6:A>G,-0.009654936358890965,0.009654936358890965,Vu08 (old5),23496197.0,Ss09,62503297.0
100013542|F|0-30:C>G-30:C>G,0.009646177005942854,0.009646177005942854,,,Ss01,34725490.0
100019174|F|0-24:T>A-24:T>A,-0.009645014145512588,0.009645014145512588,,,Ss11,37246706.0
100018369|F|0-55:T>C-55:T>C,0.009640577660036703,0.009640577660036703,,,Ss04,69098820.0
100017564|F|0-8:A>T-8:A>T,0.009640059295400603,0.009640059295400603,Vu07 (old2),38265563.0,Ss10,14625545.0
100046200|F|0-31:A>C-31:A>C,0.00962600906243971,0.00962600906243971,,,Ss08,7019689.0
100034437|F|0-39:T>A-39:T>A,0.009621660000510726,0.009621660000510726,,,Ss04,1650262.0
100016630|F|0-66:A>T-66:A>T,0.009610793598254893,0.009610793598254893,,,Ss01,43750313.0
100033338|F|0-63:T>A-63:T>A,0.009606952759072229,0.009606952759072229,,,Ss04,65879837.0
100030458|F|0-10:C>T-10:C>T,0.009593282827233283,0.009593282827233283,,,Ss05,55648276.0
100015053|F|0-21:C>T-21:C>T,0.009576187341044144,0.009576187341044144,,,Ss10,12815706.0
100045252|F|0-36:A>T-36:A>T,0.009557605903478218,0.009557605903478218,,,Ss05,54826699.0
100049389|F|0-23:C>A-23:C>A,0.009554390911216624,0.009554390911216624,,,Ss10,15838578.0
100058467|F|0-48:T>C-48:T>C,-0.009548440948525182,0.009548440948525182,,,Ss03,19283126.0
100013779|F|0-68:G>C-68:G>C,0.00953239167112175,0.00953239167112175,Vu08 (old5),35689785.0,Ss08,6977249.0
100016024|F|0-58:G>A-58:G>A,0.009484221689724629,0.009484221689724629,,,Ss04,69090703.0
100018873|F|0-22:A>T-22:A>T,0.009482236398018469,0.009482236398018469,,,Ss04,61709040.0
100019357|F|0-62:A>C-62:A>C,0.009467766869120103,0.009467766869120103,Vu11 (old9),27999283.0,Ss11,33053982.0
100017505|F|0-35:A>G-35:A>G,-0.009462452053189255,0.009462452053189255,,,Ss05,8668350.0
100017031|F|0-21:G>T-21:G>T,0.009459693656115733,0.009459693656115733,,,Ss08,6987974.0
100019870|F|0-67:G>A-67:G>A,0.00945955098894204,0.00945955098894204,,,Ss04,66775381.0
100013943|F|0-53:A>T-53:A>T,-0.00945307679909148,0.00945307679909148,,,Ss03,82739920.0
100014497|F|0-28:A>G-28:A>G,0.009434904713106726,0.009434904713106726,Vu02 (old7),28608269.0,Ss02,6366813.0
100016677|F|0-45:G>A-45:G>A,0.009428873767804455,0.009428873767804455,,,Ss10,13416059.0
100054119|F|0-9:A>T-9:A>T,0.009418050326668863,0.009418050326668863,,,Ss01,8526678.0
100033415|F|0-29:T>C-29:T>C,0.009396358789394927,0.009396358789394927,,,Ss08,14543161.0
100033981|F|0-18:C>A-18:C>A,-0.009388614138507542,0.009388614138507542,,,Ss09,58771602.0
100028868|F|0-14:T>C-14:T>C,-0.009376281059403904,0.009376281059403904,,,Ss04,73486832.0
100033136|F|0-68:A>G-68:A>G,0.009361264683043326,0.009361264683043326,,,Ss01,27783976.0
100016750|F|0-47:G>A-47:G>A,0.009354822882788228,0.009354822882788228,,,Ss02,14321794.0
100022070|F|0-37:G>C-37:G>C,-0.009323759401504764,0.009323759401504764,,,Ss03,19121927.0
100016783|F|0-52:G>T-52:G>T,-0.009291590436923387,0.009291590436923387,Vu07 (old2),39495827.0,Ss10,16317524.0
100036188|F|0-25:T>C-25:T>C,0.009291033533528427,0.009291033533528427,,,Ss04,37436083.0
100018124|F|0-61:T>A-61:T>A,-0.009283058173460708,0.009283058173460708,,,Ss01,10817821.0
100018366|F|0-11:C>A-11:C>A,0.009274197358347778,0.009274197358347778,Vu06 (old6),3381583.0,Ss06,43103323.0
100028939|F|0-16:C>T-16:C>T,-0.00922915848938074,0.00922915848938074,,,Ss04,60538137.0
100019346|F|0-50:A>C-50:A>C,0.009227254494396295,0.009227254494396295,,,Ss09,7055098.0
100029523|F|0-44:T>G-44:T>G,0.009225464083994328,0.009225464083994328,,,Ss05,465963.0
100028511|F|0-5:C>A-5:C>A,0.009199303479403653,0.009199303479403653,,,Ss03,83812912.0
100043228|F|0-41:G>A-41:G>A,-0.009178394237446685,0.009178394237446685,,,Ss03,19157685.0
100032879|F|0-19:G>T-19:G>T,0.00917109717353499,0.00917109717353499,,,Ss02,29534297.0
100034321|F|0-18:C>G-18:C>G,-0.009144762475653871,0.009144762475653871,,,Ss08,16496208.0
100018485|F|0-30:G>A-30:G>A,-0.00913292216001971,0.00913292216001971,,,Ss02,17301339.0
100044425|F|0-18:G>C-18:G>C,0.009129242441254586,0.009129242441254586,,,Ss02,9640174.0
100038797|F|0-19:T>G-19:T>G,0.009121093104230031,0.009121093104230031,,,,
100039010|F|0-12:C>T-12:C>T,-0.009096360149927618,0.009096360149927618,,,Ss10,5826827.0
100046319|F|0-34:T>C-34:T>C,0.009074705629287876,0.009074705629287876,,,Ss02,10412808.0
100016574|F|0-9:G>A-9:G>A,0.00907005994424664,0.00907005994424664,,,Ss09,43529057.0
100013001|F|0-27:G>C-27:G>C,0.009056574348590966,0.009056574348590966,Vu03 (old3),7683103.0,Ss03,19548290.0
100019864|F|0-41:A>G-41:A>G,0.009041163923354783,0.009041163923354783,,,Ss04,1208391.0
100046610|F|0-39:T>C-39:T>C,0.00903483792027853,0.00903483792027853,,,Ss03,84663355.0
100017906|F|0-31:G>A-31:G>A,-0.00903286665915033,0.00903286665915033,,,Ss01,26571479.0
100017508|F|0-26:G>A-26:G>A,-0.009024391033354841,0.009024391033354841,,,Ss09,62494366.0
100017367|F|0-26:T>C-26:T>C,0.009019278193229587,0.009019278193229587,,,Ss02,231358.0
100043320|F|0-18:A>G-18:A>G,-0.00900378830794828,0.00900378830794828,,,,
100019762|F|0-66:A>G-66:A>G,-0.008994365697954615,0.008994365697954615,,,Ss04,72634069.0
100033416|F|0-48:G>A-48:G>A,0.008993571080395396,0.008993571080395396,,,Ss08,14543161.0
100040928|F|0-53:C>A-53:C>A,-0.008988428798337032,0.008988428798337032,,,,
100038511|F|0-6:G>A-6:G>A,0.008948025887687968,0.008948025887687968,,,Ss03,81740105.0
100015245|F|0-49:A>G-49:A>G,0.008944750754371018,0.008944750754371018,Vu03 (old3),7443089.0,Ss03,19263240.0
100029461|F|0-34:G>A-34:G>A,-0.008914151128849987,0.008914151128849987,,,Ss06,5837122.0
100033254|F|0-20:A>G-20:A>G,-0.008906002873336906,0.008906002873336906,,,Ss04,69884261.0
100014938|F|0-65:C>T-65:C>T,0.008894513576587543,0.008894513576587543,,,Ss06,15865777.0
100028871|F|0-35:G>C-35:G>C,0.00889173429584925,0.00889173429584925,,,Ss03,102763557.0
100016486|F|0-61:G>C-61:G>C,0.00888766615854015,0.00888766615854015,,,Ss06,31926904.0
100015224|F|0-63:G>C-63:G>C,-0.008856903770535404,0.008856903770535404,,,Ss02,3946527.0
100032801|F|0-46:T>A-46:T>A,0.008854699280187405,0.008854699280187405,,,Ss01,8519507.0
100040427|F|0-30:T>C-30:T>C,0.008802316431457007,0.008802316431457007,,,Ss06,7677287.0
100045148|F|0-42:T>C-42:T>C,0.008801191348921673,0.008801191348921673,,,Ss02,10389760.0
100035865|F|0-64:G>A-64:G>A,0.008762385856605468,0.008762385856605468,,,Ss06,12602506.0
100020403|F|0-39:T>G-39:T>G,-0.00874426375693155,0.00874426375693155,,,Ss06,2505577.0
100015479|F|0-29:T>C-29:T>C,-0.008720670646280517,0.008720670646280517,,,Ss06,14263918.0
100045081|F|0-27:C>A-27:C>A,0.008701575603541702,0.008701575603541702,,,Ss08,2671708.0
100044894|F|0-39:G>A-39:G>A,0.008701485050959017,0.008701485050959017,,,Ss05,54700364.0
100021780|F|0-9:A>G-9:A>G,0.008694862524902579,0.008694862524902579,Vu04 (old11),742456.0,Ss04,66347834.0
100014060|F|0-18:C>T-18:C>T,-0.008689478495968449,0.008689478495968449,,,Ss02,28844257.0
100020211|F|0-33:C>A-33:C>A,0.008648159478639329,0.008648159478639329,,,Ss10,15977146.0
100029056|F|0-22:A>T-22:A>T,0.008637836855120573,0.008637836855120573,,,Ss10,11582180.0
100021860|F|0-9:A>C-9:A>C,0.00863766672672185,0.00863766672672185,,,Ss07,318755.0
100015126|F|0-46:T>G-46:T>G,0.008635622246355541,0.008635622246355541,,,Ss10,12238563.0
100035958|F|0-25:C>T-25:C>T,0.00862552224480434,0.00862552224480434,,,,
100013673|F|0-63:C>A-63:C>A,0.008618827488983462,0.008618827488983462,,,Ss10,15256237.0
100014819|F|0-24:A>T-24:A>T,0.008591303549899267,0.008591303549899267,,,Ss11,28857198.0
100014015|F|0-51:C>G-51:C>G,0.008577585499977586,0.008577585499977586,,,Ss08,10377667.0
100041895|F|0-45:G>A-45:G>A,0.0085591146291376,0.0085591146291376,,,Ss11,10925928.0
100044964|F|0-65:T>A-65:T>A,0.00855196181303771,0.00855196181303771,,,,
100056034|F|0-41:G>T-41:G>T,0.008537396051679127,0.008537396051679127,,,Ss09,53750140.0
100047453|F|0-65:G>T-65:G>T,0.008536140025526235,0.008536140025526235,,,,
100014947|F|0-16:G>C-16:G>C,0.008471407888041382,0.008471407888041382,,,Ss03,82771990.0
100044425|F|0-30:C>T-30:C>T,0.008471147534954971,0.008471147534954971,,,,
100035964|F|0-51:G>A-51:G>A,-0.008460492627992058,0.008460492627992058,,,Ss04,1583611.0
100059264|F|0-28:T>G-28:T>G,-0.008452001736716957,0.008452001736716957,Vu03 (old3),7290112.0,Ss03,19147575.0
100047320|F|0-54:C>T-54:C>T,0.008445384606794617,0.008445384606794617,,,Ss02,12391831.0
100030652|F|0-8:A>C-8:A>C,0.008445384606794617,0.008445384606794617,,,Ss02,12391836.0
100035083|F|0-24:G>C-24:G>C,-0.00844495312950725,0.00844495312950725,,,Ss10,14490822.0
100015162|F|0-62:C>T-62:C>T,0.00844413939216084,0.00844413939216084,,,Ss03,94443832.0
100017048|F|0-68:G>T-68:G>T,-0.008436306932925653,0.008436306932925653,,,Ss02,4846692.0
100034045|F|0-65:A>T-65:A>T,0.008409655019206397,0.008409655019206397,,,Ss03,72779320.0
100029852|F|0-15:A>T-15:A>T,-0.008392545893442911,0.008392545893442911,,,Ss04,75205230.0
100019495|F|0-5:T>G-5:T>G,0.008379849964638222,0.008379849964638222,,,,
100014259|F|0-39:T>A-39:T>A,-0.00835757060188501,0.00835757060188501,,,Ss01,10830557.0
100014423|F|0-36:C>T-36:C>T,0.008324720320585979,0.008324720320585979,,,Ss03,94552908.0
100039032|F|0-21:G>A-21:G>A,-0.008308896692612491,0.008308896692612491,,,Ss03,18954772.0
100051758|F|0-6:T>G-6:T>G,-0.008272776237525058,0.008272776237525058,,,Ss02,10114762.0
100019856|F|0-16:C>T-16:C>T,-0.0082416665077739,0.0082416665077739,Vu07 (old2),39191443.0,Ss10,15948596.0
100034723|F|0-16:A>C-16:A>C,-0.008239447206588466,0.008239447206588466,,,Ss08,7092889.0
100035251|F|0-22:T>A-22:T>A,-0.00823618123097231,0.00823618123097231,,,Ss04,3510691.0
100019787|F|0-26:A>G-26:A>G,0.00823358180692216,0.00823358180692216,,,Ss02,9761740.0
100029761|F|0-20:T>G-20:T>G,-0.008232172654770463,0.008232172654770463,Vu02 (old7),30481386.0,,
100013622|F|0-50:C>T-50:C>T,0.008229554794755383,0.008229554794755383,,,Ss01,8526683.0
100016806|F|0-26:T>A-26:T>A,0.008211964043122659,0.008211964043122659,,,Ss10,15351778.0
100038790|F|0-27:T>A-27:T>A,0.008211964043122657,0.008211964043122657,,,,
100035100|F|0-8:T>C-8:T>C,0.00820523744938012,0.00820523744938012,,,Ss08,11517150.0
100015853|F|0-63:C>G-63:C>G,-0.00818845828689084,0.00818845828689084,,,Ss06,9116436.0
100049169|F|0-65:G>T-65:G>T,0.008182235820728356,0.008182235820728356,,,Ss03,6075808.0
100029909|F|0-27:G>T-27:G>T,0.008163462695498992,0.008163462695498992,,,,
100017834|F|0-8:C>T-8:C>T,0.008160713692952877,0.008160713692952877,,,Ss10,15619447.0
100018705|F|0-34:T>C-34:T>C,0.008154765906935662,0.008154765906935662,Vu07 (old2),39159477.0,Ss10,15915251.0
100017336|F|0-39:A>G-39:A>G,0.00815078897831627,0.00815078897831627,Vu07 (old2),40087974.0,Ss10,16987827.0
100016817|F|0-58:C>T-58:C>T,-0.008148031865135756,0.008148031865135756,,,Ss11,38927419.0
100017435|F|0-33:T>G-33:T>G,0.008123709253615325,0.008123709253615325,,,Ss04,65880426.0
100019323|F|0-14:A>G-14:A>G,0.008111783424934162,0.008111783424934162,Vu03 (old3),17470074.0,Ss03,39630397.0
100013210|F|0-44:C>T-44:C>T,0.008109045163014734,0.008109045163014734,,,Ss08,6971548.0
100021370|F|0-62:A>T-62:A>T,-0.008091232745252263,0.008091232745252263,,,Ss04,4682806.0
100058699|F|0-62:C>A-62:C>A,0.00808862640933167,0.00808862640933167,,,Ss11,31974051.0
100029219|F|0-13:A>G-13:A>G,0.008076854511139993,0.008076854511139993,,,,
100016234|F|0-15:C>T-15:C>T,0.008075707601575496,0.008075707601575496,Vu06 (old6),20274938.0,Ss06,732560.0
100014172|F|0-5:G>A-5:G>A,0.008073900478783574,0.008073900478783574,,,Ss03,11899374.0
100033689|F|0-56:C>T-56:C>T,-0.008073783538196893,0.008073783538196893,,,Ss09,64044059.0
100022245|F|0-8:T>C-8:T>C,0.008065264882969738,0.008065264882969738,,,Ss04,71276012.0
100033949|F|0-43:T>C-43:T>C,0.008064514932996909,0.008064514932996909,,,Ss06,6502229.0
100021489|F|0-26:C>G-26:C>G,0.008040697958170303,0.008040697958170303,,,Ss02,9463453.0
100041804|F|0-61:A>T-61:A>T,0.008026625956493836,0.008026625956493836,,,,
100041891|F|0-46:G>A-46:G>A,0.008022316218617521,0.008022316218617521,,,Ss08,21069308.0
100014153|F|0-9:C>A-9:C>A,0.00801864619456129,0.00801864619456129,,,,
100046856|F|0-65:C>A-65:C>A,0.008009850352897262,0.008009850352897262,,,Ss01,41864679.0
100038935|F|0-11:A>T-11:A>T,0.008008874486399399,0.008008874486399399,,,Ss05,52550546.0
100021208|F|0-24:G>A-24:G>A,0.008006893443182,0.008006893443182,,,Ss08,28384841.0
100056408|F|0-52:A>T-52:A>T,0.007974896626911957,0.007974896626911957,,,Ss03,12417584.0
100043978|F|0-67:T>A-67:T>A,0.007963137698487615,0.007963137698487615,,,Ss03,91489125.0
100018771|F|0-36:T>G-36:T>G,0.007955769554267364,0.007955769554267364,,,Ss04,348276.0
100013053|F|0-56:A>T-56:A>T,-0.007945642927653481,0.007945642927653481,,,Ss10,14502847.0
100014340|F|0-44:A>G-44:A>G,0.007926099154220037,0.007926099154220037,,,Ss03,83623322.0
100034109|F|0-45:G>A-45:G>A,-0.007905847581640278,0.007905847581640278,,,Ss08,12885983.0
100015160|F|0-27:A>C-27:A>C,0.007873339343448848,0.007873339343448848,,,Ss03,9422677.0
100030246|F|0-11:C>A-11:C>A,0.007856524040829354,0.007856524040829354,,,Ss10,14458674.0
100034394|F|0-57:A>G-57:A>G,0.007855415999817712,0.007855415999817712,,,,
100035489|F|0-68:C>A-68:C>A,0.007852934453239513,0.007852934453239513,,,,
100033734|F|0-65:A>G-65:A>G,0.00784376067923011,0.00784376067923011,,,Ss01,35379386.0
100057963|F|0-26:C>T-26:C>T,0.007827389193535999,0.007827389193535999,,,Ss10,14656009.0
100013537|F|0-44:C>G-44:C>G,0.007816121430828925,0.007816121430828925,,,Ss06,3099192.0
100019646|F|0-30:T>C-30:T>C,0.0077978897666617425,0.0077978897666617425,,,Ss03,60678187.0
100017662|F|0-28:T>C-28:T>C,0.007767924961219228,0.007767924961219228,,,Ss11,10990186.0
100022176|F|0-8:G>A-8:G>A,0.0077500906270615184,0.0077500906270615184,,,Ss10,9450266.0
100018913|F|0-12:G>A-12:G>A,0.007746081157858841,0.007746081157858841,,,Ss03,9357113.0
100013767|F|0-67:G>C-67:G>C,0.007743745457871213,0.007743745457871213,,,Ss06,13673462.0
100021502|F|0-49:T>G-49:T>G,0.007735524223733667,0.007735524223733667,,,Ss06,3096065.0
100013293|F|0-29:C>A-29:C>A,-0.007729241626206361,0.007729241626206361,,,Ss03,10398328.0
100041311|F|0-41:A>G-41:A>G,0.007725590308615156,0.007725590308615156,,,Ss03,75480244.0
100043426|F|0-30:G>A-30:G>A,-0.007725414299766694,0.007725414299766694,,,Ss09,47201903.0
100028302|F|0-21:C>T-21:C>T,-0.007724996356050394,0.007724996356050394,,,,
100029339|F|0-11:C>T-11:C>T,0.007723767276463206,0.007723767276463206,Vu02 (old7),26187715.0,Ss02,9411960.0
100016739|F|0-27:A>C-27:A>C,-0.007707369331537472,0.007707369331537472,Vu02 (old7),30482677.0,Ss02,3966264.0
100045179|F|0-31:C>T-31:C>T,0.007670406864499443,0.007670406864499443,,,Ss05,52550541.0
100038672|F|0-9:T>C-9:T>C,-0.007644194058377502,0.007644194058377502,,,Ss06,10795730.0
100018782|F|0-63:C>T-63:C>T,0.00762792883762639,0.00762792883762639,,,Ss10,17424649.0
100019242|F|0-32:A>G-32:A>G,-0.0076272228169482975,0.0076272228169482975,,,Ss05,55074557.0
100018871|F|0-15:C>A-15:C>A,0.007620189152467361,0.007620189152467361,,,Ss05,6770597.0
100038927|F|0-38:C>G-38:C>G,0.007613872271801567,0.007613872271801567,,,Ss03,17230132.0
100022600|F|0-31:A>T-31:A>T,0.0076023720966634754,0.0076023720966634754,,,Ss01,18245914.0
100013630|F|0-30:A>G-30:A>G,0.007591284136991489,0.007591284136991489,,,Ss03,2529785.0
100013444|F|0-54:G>C-54:G>C,-0.007585545416877187,0.007585545416877187,Vu03 (old3),47172807.0,Ss03,92583993.0
100013491|F|0-20:G>A-20:G>A,0.0075810966942642406,0.0075810966942642406,,,Ss03,84212380.0
100021295|F|0-53:G>T-53:G>T,0.007576109248644888,0.007576109248644888,,,Ss03,6648851.0
100030808|F|0-36:G>C-36:G>C,0.007562902802922449,0.007562902802922449,,,Ss03,94738587.0
100013762|F|0-26:A>T-26:A>T,-0.007559833674972635,0.007559833674972635,,,Ss04,1482210.0
100019588|F|0-22:A>G-22:A>G,0.007549228732991964,0.007549228732991964,,,Ss07,355298.0
100020853|F|0-67:A>G-67:A>G,-0.007523900884912789,0.007523900884912789,,,Ss02,5986963.0
100016571|F|0-39:C>T-39:C>T,-0.007523415956775173,0.007523415956775173,,,Ss03,11473331.0
100016704|F|0-41:C>T-41:C>T,0.007504495160084392,0.007504495160084392,,,Ss04,341889.0
100035121|F|0-58:G>A-58:G>A,0.007500500564270025,0.007500500564270025,,,,
100016003|F|0-33:A>T-33:A>T,-0.007490236709590847,0.007490236709590847,,,Ss01,9540230.0
100048883|F|0-64:T>A-64:T>A,0.007485239476207548,0.007485239476207548,,,Ss06,12721737.0
100019295|F|0-19:G>T-19:G>T,0.00748482533401712,0.00748482533401712,,,Ss10,14656014.0
100040977|F|0-30:G>T-30:G>T,0.007482992671433401,0.007482992671433401,,,Ss01,17196207.0
100019377|F|0-46:G>A-46:G>A,0.007471198850401769,0.007471198850401769,,,Ss06,18153513.0
100056174|F|0-11:G>A-11:G>A,0.007469203235783202,0.007469203235783202,,,Ss09,61712285.0
100015331|F|0-40:A>G-40:A>G,-0.0074674833381591366,0.0074674833381591366,,,Ss09,47228518.0
100020363|F|0-42:C>T-42:C>T,0.007453531276835179,0.007453531276835179,,,Ss05,48368584.0
100028820|F|0-24:T>G-24:T>G,0.007449247795392275,0.007449247795392275,,,,
100033333|F|0-30:G>A-30:G>A,0.007440300692729036,0.007440300692729036,Vu03 (old3),53692049.0,Ss03,99045635.0
100036056|F|0-31:G>A-31:G>A,-0.007428921997469259,0.007428921997469259,,,Ss04,69113964.0
100019698|F|0-15:C>A-15:C>A,-0.007425335459915548,0.007425335459915548,Vu07 (old2),37885937.0,Ss10,14160112.0
100033420|F|0-60:C>A-60:C>A,0.007424636307830911,0.007424636307830911,,,Ss04,66834402.0
100019065|F|0-15:C>T-15:C>T,-0.007413352042957618,0.007413352042957618,,,Ss01,7275159.0
100030229|F|0-11:A>T-11:A>T,0.007400489507257473,0.007400489507257473,,,Ss09,15553876.0
100021232|F|0-6:T>G-6:T>G,0.007400336023894798,0.007400336023894798,,,Ss05,53452109.0
100036187|F|0-16:T>C-16:T>C,-0.0073830211785562315,0.0073830211785562315,,,Ss07,42008443.0
100059433|F|0-8:T>C-8:T>C,0.0073828484551129794,0.0073828484551129794,,,Ss06,42516334.0
100014678|F|0-12:C>T-12:C>T,-0.007382322961275033,0.007382322961275033,,,Ss03,19175275.0
100020485|F|0-47:G>T-47:G>T,0.00736724146245291,0.00736724146245291,,,Ss09,62444546.0
100014627|F|0-15:C>G-15:C>G,-0.007364942687725211,0.007364942687725211,,,Ss09,64043609.0
100015590|F|0-63:C>G-63:C>G,0.007362007612725119,0.007362007612725119,,,Ss08,9724071.0
100036101|F|0-41:G>C-41:G>C,-0.007360760631257333,0.007360760631257333,,,Ss01,19902376.0
100014308|F|0-20:G>A-20:G>A,-0.007352546377217101,0.007352546377217101,,,Ss11,27674495.0
100019838|F|0-5:G>C-5:G>C,-0.007350614347819599,0.007350614347819599,,,Ss11,36000724.0
100046262|F|0-23:C>A-23:C>A,-0.007350614347819574,0.007350614347819574,,,Ss11,36000729.0
100015679|F|0-19:G>A-19:G>A,-0.007350594887687978,0.007350594887687978,,,Ss10,14080553.0
100033389|F|0-27:G>C-27:G>C,0.0073493095179661015,0.0073493095179661015,,,Ss02,10235532.0
100028469|F|0-24:A>G-24:A>G,0.007345664552272717,0.007345664552272717,,,,
100014086|F|0-61:C>T-61:C>T,0.0073188011016813645,0.0073188011016813645,,,Ss09,5891468.0
100033264|F|0-61:C>T-61:C>T,0.0073124446608419675,0.0073124446608419675,,,Ss01,44989593.0
100014503|F|0-24:T>A-24:T>A,0.007309426532890673,0.007309426532890673,,,Ss04,57112165.0
100020374|F|0-28:A>G-28:A>G,0.007309334336573002,0.007309334336573002,,,Ss08,16729562.0
100014339|F|0-37:C>G-37:C>G,0.0073012372079126015,0.0073012372079126015,,,Ss04,67244785.0
100014717|F|0-5:C>A-5:C>A,0.007298233918597129,0.007298233918597129,,,Ss06,12102519.0
100013432|F|0-19:G>A-19:G>A,-0.007297306359637406,0.007297306359637406,,,Ss02,24243139.0
100033311|F|0-46:C>T-46:C>T,-0.007283262272397274,0.007283262272397274,,,Ss09,57009334.0
100051141|F|0-11:G>A-11:G>A,0.00728241217316782,0.00728241217316782,,,,
100033716|F|0-51:T>C-51:T>C,0.007274220021703395,0.007274220021703395,,,Ss07,2760698.0
100015763|F|0-37:C>T-37:C>T,0.007256665571735239,0.007256665571735239,Vu01 (old4),7877137.0,Ss05,50268261.0
100019345|F|0-24:G>A-24:G>A,-0.007246182514856382,0.007246182514856382,,,Ss09,4018002.0
100041134|F|0-8:G>C-8:G>C,-0.007241737100567238,0.007241737100567238,,,Ss04,7048858.0
100058466|F|0-35:C>T-35:C>T,-0.007233682719977504,0.007233682719977504,,,Ss03,19284741.0
100040976|F|0-5:T>C-5:T>C,0.007232680499361331,0.007232680499361331,,,Ss01,17196207.0
100018738|F|0-46:T>C-46:T>C,0.007229889954752526,0.007229889954752526,,,Ss07,2322887.0
100059434|F|0-15:G>A-15:G>A,0.007223142913813298,0.007223142913813298,,,,
100029472|F|0-28:G>A-28:G>A,0.00721423183958678,0.00721423183958678,,,Ss04,11995453.0
100047522|F|0-17:A>C-17:A>C,0.007204845879845816,0.007204845879845816,,,Ss02,10590673.0
100021416|F|0-50:T>G-50:T>G,-0.00718510508993806,0.00718510508993806,,,Ss06,6048479.0
100020957|F|0-56:G>A-56:G>A,0.007183716966918327,0.007183716966918327,,,Ss07,5525318.0
100046246|F|0-7:G>A-7:G>A,0.007178525878589426,0.007178525878589426,,,Ss03,83642661.0
100028488|F|0-19:T>C-19:T>C,-0.007172842830041265,0.007172842830041265,,,,
100018053|F|0-15:A>T-15:A>T,0.007169134720232315,0.007169134720232315,,,Ss05,54830758.0
100029259|F|0-42:A>G-42:A>G,0.007165951542798859,0.007165951542798859,,,Ss08,8523546.0
100016572|F|0-65:A>T-65:A>T,0.007161926241133159,0.007161926241133159,,,Ss01,15198479.0
100016803|F|0-28:A>T-28:A>T,-0.007157777476563176,0.007157777476563176,,,Ss04,67283202.0
100013433|F|0-44:A>G-44:A>G,-0.007130263141743853,0.007130263141743853,,,Ss06,18453830.0
100030143|F|0-33:C>T-33:C>T,-0.007125067355124275,0.007125067355124275,,,,
100019849|F|0-35:A>C-35:A>C,-0.007116413838997313,0.007116413838997313,,,Ss03,88822378.0
100038942|F|0-11:T>A-11:T>A,0.007098771664072361,0.007098771664072361,,,,
100034432|F|0-24:T>A-24:T>A,0.007089210055547397,0.007089210055547397,,,Ss09,53750135.0
100019656|F|0-61:T>G-61:T>G,0.007080538908114927,0.007080538908114927,,,Ss04,67321877.0
100020253|F|0-17:T>C-17:T>C,-0.0070557089572947105,0.0070557089572947105,,,Ss09,63125496.0
100034117|F|0-53:T>C-53:T>C,-0.007044036530989053,0.007044036530989053,,,,
100030268|F|0-10:A>C-10:A>C,0.007041484902964672,0.007041484902964672,,,Ss10,1147351.0
100015215|F|0-15:G>A-15:G>A,0.007023678329676929,0.007023678329676929,,,Ss03,13306573.0
100013358|F|0-37:G>A-37:G>A,0.007017582774713031,0.007017582774713031,,,Ss05,6691986.0
100020818|F|0-29:A>G-29:A>G,0.007010415840408412,0.007010415840408412,,,Ss04,66343638.0
100043126|F|0-48:T>A-48:T>A,0.00700778040158076,0.00700778040158076,Vu09 (old8),11448295.0,Ss09,49230618.0
100017011|F|0-35:C>T-35:C>T,-0.007005616603749937,0.007005616603749937,,,Ss03,96347797.0
100021940|F|0-35:G>A-35:G>A,0.006995749577632265,0.006995749577632265,,,Ss04,1075402.0
100041512|F|0-35:G>A-35:G>A,0.006975966365394125,0.006975966365394125,,,Ss08,28384836.0
100035886|F|0-65:A>C-65:A>C,0.006957835625166417,0.006957835625166417,,,Ss05,52551231.0
100028946|F|0-30:A>G-30:A>G,0.006931038389736917,0.006931038389736917,,,Ss02,23091996.0
100019433|F|0-7:G>A-7:G>A,-0.006922588040022585,0.006922588040022585,,,Ss03,88838933.0
100019651|F|0-27:G>T-27:G>T,0.006916421744323222,0.006916421744323222,Vu05 (old1),41749633.0,Ss05,6680388.0
100043193|F|0-19:A>G-19:A>G,-0.006915659605226944,0.006915659605226944,,,,
100017423|F|0-27:G>C-27:G>C,-0.006908888270334328,0.006908888270334328,,,Ss03,74797920.0
100013309|F|0-13:A>C-13:A>C,-0.00690296986965844,0.00690296986965844,,,Ss06,9116431.0
100033630|F|0-40:T>C-40:T>C,-0.006899169984386812,0.006899169984386812,,,Ss03,88840381.0
100035177|F|0-15:C>A-15:C>A,-0.006877884582921687,0.006877884582921687,,,Ss05,52436387.0
100034001|F|0-23:A>G-23:A>G,0.006856630158395512,0.006856630158395512,Vu10 (old10),40225556.0,Ss04,64342411.0
100014878|F|0-32:G>A-32:G>A,0.00684943181452127,0.00684943181452127,,,Ss05,8519209.0
100015314|F|0-65:G>A-65:G>A,0.006835571645251801,0.006835571645251801,,,Ss04,53924211.0
100014059|F|0-25:C>G-25:C>G,0.006835258680788462,0.006835258680788462,,,Ss03,84807348.0
100014950|F|0-45:G>A-45:G>A,0.006817835204822497,0.006817835204822497,,,Ss08,12198696.0
100016684|F|0-47:T>C-47:T>C,-0.006815608891378016,0.006815608891378016,,,Ss06,5830078.0
100019738|F|0-47:G>A-47:G>A,0.006811761679403246,0.006811761679403246,,,Ss05,56639021.0
100013547|F|0-56:A>T-56:A>T,-0.006810995313240266,0.006810995313240266,,,Ss06,15641374.0
100016973|F|0-15:G>T-15:G>T,0.006806997499487597,0.006806997499487597,,,Ss04,69932637.0
100029349|F|0-21:A>C-21:A>C,0.006798009197923276,0.006798009197923276,,,Ss03,99045640.0
100036086|F|0-33:A>G-33:A>G,0.006790043260822612,0.006790043260822612,,,Ss02,10578743.0
100043501|F|0-12:T>G-12:T>G,0.006790043260822612,0.006790043260822612,,,Ss02,10581917.0
100033344|F|0-23:G>A-23:G>A,0.006788925274661462,0.006788925274661462,,,Ss04,24746465.0
100012953|F|0-27:C>A-27:C>A,-0.006788730099400876,0.006788730099400876,,,Ss03,92858671.0
100014138|F|0-28:A>G-28:A>G,-0.00678823316825992,0.00678823316825992,,,Ss04,70602737.0
100035349|F|0-16:C>T-16:C>T,0.006787541950384875,0.006787541950384875,,,Ss03,10433132.0
100041955|F|0-54:C>T-54:C>T,0.006778555612664114,0.006778555612664114,,,Ss08,35158613.0
100034443|F|0-52:T>G-52:T>G,-0.006725452620482034,0.006725452620482034,,,Ss05,52434390.0
100033592|F|0-27:T>C-27:T>C,-0.006719788123036359,0.006719788123036359,,,,
100020454|F|0-11:G>A-11:G>A,0.006718778524257158,0.006718778524257158,,,Ss04,66571655.0
100033573|F|0-7:C>G-7:C>G,0.00670117675502062,0.00670117675502062,,,,
100014994|F|0-36:G>A-36:G>A,0.006692354633288591,0.006692354633288591,Vu09 (old8),3414321.0,Ss09,62444541.0
100013715|F|0-6:A>G-6:A>G,0.006676980672867705,0.006676980672867705,,,Ss02,5154022.0
100033945|F|0-15:G>T-15:G>T,-0.006673741021771111,0.006673741021771111,,,Ss03,52882141.0
100019282|F|0-52:T>A-52:T>A,0.006643378300364395,0.006643378300364395,Vu04 (old11),1200237.0,Ss04,66835085.0
100030838|F|0-17:T>C-17:T>C,-0.006641121807625153,0.006641121807625153,,,,
100043520|F|0-39:C>T-39:C>T,0.006626731307545036,0.006626731307545036,,,Ss02,9750893.0
100017329|F|0-16:T>C-16:T>C,0.006611535443696722,0.006611535443696722,,,Ss01,8519512.0
100028334|F|0-33:A>C-33:A>C,0.006597065777277619,0.006597065777277619,,,Ss03,90666979.0
100015865|F|0-28:C>A-28:C>A,0.00659576227855834,0.00659576227855834,,,Ss03,84845982.0
100013447|F|0-28:T>A-28:T>A,0.006591986796615033,0.006591986796615033,,,Ss05,54842907.0
100013163|F|0-33:C>A-33:C>A,0.006591986796615033,0.006591986796615033,,,Ss05,54845009.0
100034920|F|0-44:G>C-44:G>C,0.006591986796615033,0.006591986796615033,,,Ss05,54845177.0
100019198|F|0-35:G>T-35:G>T,0.006582240242717569,0.006582240242717569,,,Ss01,46921983.0
100022316|F|0-39:A>G-39:A>G,-0.0065793725966584275,0.0065793725966584275,,,Ss08,12377887.0
100033028|F|0-17:A>C-17:A>C,-0.006568977704634853,0.006568977704634853,,,Ss09,47247609.0
100041652|F|0-42:T>C-42:T>C,-0.006548264276941039,0.006548264276941039,,,Ss08,5957739.0
100035246|F|0-43:C>A-43:C>A,-0.006532351882593021,0.006532351882593021,,,Ss04,74690287.0
100035486|F|0-5:T>C-5:T>C,0.0065307347940761476,0.0065307347940761476,,,Ss04,59575618.0
100014505|F|0-46:G>T-46:G>T,0.006529371028556713,0.006529371028556713,,,Ss03,98739632.0
100029674|F|0-32:C>G-32:C>G,-0.006524992006594972,0.006524992006594972,,,Ss02,3904300.0
100014740|F|0-25:C>T-25:C>T,0.006524779537969819,0.006524779537969819,,,Ss04,13650986.0
100014336|F|0-17:A>G-17:A>G,0.006515023632915908,0.006515023632915908,,,Ss04,1084679.0
100034510|F|0-47:C>T-47:C>T,0.006514815044104021,0.006514815044104021,,,Ss11,36129807.0
100020752|F|0-41:T>G-41:T>G,0.006512724842616515,0.006512724842616515,,,Ss02,10556318.0
100058921|F|0-26:G>A-26:G>A,-0.006510963688309812,0.006510963688309812,,,Ss05,39250143.0
100033932|F|0-52:T>C-52:T>C,0.006499658961710049,0.006499658961710049,,,Ss04,51939326.0
100048583|F|0-60:A>G-60:A>G,-0.0064977928766126345,0.0064977928766126345,,,,
100015367|F|0-46:A>T-46:A>T,0.006493925557669676,0.006493925557669676,,,Ss09,62730005.0
100021285|F|0-67:T>C-67:T>C,0.006493349858046044,0.006493349858046044,,,Ss01,34855449.0
100038720|F|0-23:G>A-23:G>A,0.006482487603952628,0.006482487603952628,,,,
100051143|F|0-41:A>G-41:A>G,-0.006468165776522933,0.006468165776522933,,,,
100030265|F|0-5:T>C-5:T>C,0.006459507926194153,0.006459507926194153,,,Ss11,3116909.0
100029224|F|0-12:A>G-12:A>G,0.006452631460134777,0.006452631460134777,,,,
100020803|F|0-42:G>T-42:G>T,0.006430773995361019,0.006430773995361019,,,Ss03,96383945.0
100035052|F|0-17:C>T-17:C>T,0.00641952339431027,0.00641952339431027,,,Ss03,34573834.0
100045226|F|0-27:G>T-27:G>T,0.00640934048227435,0.00640934048227435,,,Ss04,2822393.0
100040569|F|0-37:C>T-37:C>T,0.006402815544691612,0.006402815544691612,,,Ss10,14351912.0
100059437|F|0-44:G>C-44:G>C,0.0063955159808227,0.0063955159808227,,,,
100059436|F|0-49:A>C-49:A>C,0.0063955159808227,0.0063955159808227,,,,
100038653|F|0-19:G>C-19:G>C,0.0063794069353223315,0.0063794069353223315,Vu03 (old3),39667683.0,Ss03,97691478.0
100040739|F|0-38:C>T-38:C>T,-0.006369309627457123,0.006369309627457123,,,Ss06,1711226.0
100015415|F|0-31:C>A-31:C>A,0.006356386776327005,0.006356386776327005,,,Ss04,67599262.0
100016329|F|0-27:A>C-27:A>C,-0.006343969981595265,0.006343969981595265,,,Ss03,74868041.0
100033546|F|0-50:C>T-50:C>T,0.006319580592255404,0.006319580592255404,,,,
100013726|F|0-64:C>G-64:C>G,0.006303754259382018,0.006303754259382018,Vu01 (old4),328264.0,Ss05,54509100.0
100040910|F|0-51:A>G-51:A>G,0.00629866264054122,0.00629866264054122,,,Ss01,31200593.0
100034834|F|0-45:G>A-45:G>A,0.006294201161222048,0.006294201161222048,,,Ss06,3334236.0
100032947|F|0-56:G>C-56:G>C,0.0062745856545414974,0.0062745856545414974,,,,
100028819|F|0-28:A>T-28:A>T,0.006270232271259871,0.006270232271259871,,,Ss04,75267549.0
100030406|F|0-17:T>A-17:T>A,0.006265310401196943,0.006265310401196943,,,,
100021211|F|0-55:G>A-55:G>A,-0.006228680632033791,0.006228680632033791,Vu06 (old6),30632173.0,Ss06,8479959.0
100047410|F|0-24:C>T-24:C>T,-0.006219823172593501,0.006219823172593501,,,,
100017310|F|0-9:T>G-9:T>G,-0.006219621402090708,0.006219621402090708,,,Ss01,44906172.0
100033819|F|0-67:C>G-67:C>G,0.006216004002127615,0.006216004002127615,,,Ss10,1120795.0
100014414|F|0-40:G>C-40:G>C,0.006214003322958895,0.006214003322958895,,,Ss08,8536160.0
100021287|F|0-39:T>A-39:T>A,0.006208249915454374,0.006208249915454374,,,Ss05,56553654.0
100015576|F|0-58:G>T-58:G>T,0.006206598161337511,0.006206598161337511,,,Ss01,7291045.0
100034291|F|0-11:A>T-11:A>T,-0.006202396194495387,0.006202396194495387,,,,
100015327|F|0-43:T>G-43:T>G,0.006139605132666722,0.006139605132666722,Vu05 (old1),38169638.0,Ss05,11316768.0
100029358|F|0-25:G>A-25:G>A,0.006134330619717529,0.006134330619717529,,,Ss03,19176850.0
100032841|F|0-19:T>A-19:T>A,0.006134047832404376,0.006134047832404376,Vu05 (old1),2448565.0,Ss01,18176550.0
100028644|F|0-13:T>C-13:T>C,0.006132977389362549,0.006132977389362549,,,Ss07,2337096.0
100058370|F|0-6:C>T-6:C>T,0.006127856503905344,0.006127856503905344,,,Ss11,12211612.0
100034016|F|0-46:G>A-46:G>A,0.0061129139571470216,0.0061129139571470216,,,Ss04,67244780.0
100054653|F|0-47:T>C-47:T>C,0.00611089505663937,0.00611089505663937,,,Ss05,55692994.0
100015896|F|0-17:T>A-17:T>A,0.006098668076021688,0.006098668076021688,,,Ss02,4408332.0
100054559|F|0-34:G>C-34:G>C,0.006094711727966125,0.006094711727966125,,,,
100019105|F|0-61:T>C-61:T>C,0.006090316326544064,0.006090316326544064,,,Ss09,63665304.0
100030012|F|0-16:C>G-16:C>G,0.006081490474355398,0.006081490474355398,,,,
100013911|F|0-62:A>G-62:A>G,0.006069857529457809,0.006069857529457809,,,Ss06,6008175.0
100013964|F|0-14:T>G-14:T>G,0.006069070631457735,0.006069070631457735,,,Ss09,49356602.0
100013792|F|0-5:A>G-5:A>G,-0.006065523593350063,0.006065523593350063,Vu03 (old3),47359227.0,Ss03,92725411.0
100029063|F|0-9:C>T-9:C>T,0.006057780953605508,0.006057780953605508,,,Ss07,2761830.0
100044894|F|0-55:A>G-55:A>G,0.006052451340626295,0.006052451340626295,,,,
100020809|F|0-53:C>G-53:C>G,0.006051687014314587,0.006051687014314587,,,Ss01,39838084.0
100013288|F|0-37:A>T-37:A>T,0.0060333160649336465,0.0060333160649336465,,,Ss04,66347829.0
100040372|F|0-41:A>T-41:A>T,0.006033053021360764,0.006033053021360764,,,Ss03,99038684.0
100019329|F|0-51:C>A-51:C>A,-0.006028943053081765,0.006028943053081765,,,Ss03,19161722.0
100029976|F|0-21:C>T-21:C>T,0.006024958932450619,0.006024958932450619,,,,
100015358|F|0-63:T>G-63:T>G,-0.006019122749297575,0.006019122749297575,,,Ss02,3567659.0
100017692|F|0-31:G>T-31:G>T,0.00601682740905889,0.00601682740905889,,,Ss05,56490607.0
100020367|F|0-37:A>T-37:A>T,0.006003083265402494,0.006003083265402494,,,Ss10,8687209.0
100019664|F|0-61:T>C-61:T>C,-0.005982548130488732,0.005982548130488732,,,Ss05,55117737.0
100019045|F|0-23:G>C-23:G>C,0.005974000825733062,0.005974000825733062,,,Ss01,36149336.0
100016880|F|0-51:C>A-51:C>A,0.005969823028307687,0.005969823028307687,,,Ss01,17507025.0
100015577|F|0-62:A>G-62:A>G,0.0059668201234695135,0.0059668201234695135,,,Ss03,94166661.0
100020980|F|0-48:G>A-48:G>A,0.005935575755058794,0.005935575755058794,,,Ss08,33184756.0
100015387|F|0-29:C>T-29:C>T,0.005931954950994996,0.005931954950994996,,,Ss03,12866507.0
100035576|F|0-54:C>T-54:C>T,0.0059295797731426505,0.0059295797731426505,,,,
100041989|F|0-22:G>T-22:G>T,0.005923995726834251,0.005923995726834251,,,Ss06,1837814.0
100035489|F|0-33:C>A-33:C>A,0.005922948078024029,0.005922948078024029,,,Ss01,41159220.0
100041008|F|0-24:G>A-24:G>A,-0.00590430433967779,0.00590430433967779,,,Ss10,3236850.0
100020593|F|0-8:G>C-8:G>C,0.005899853414543228,0.005899853414543228,,,Ss05,3821071.0
100014587|F|0-36:A>C-36:A>C,-0.005882967713611924,0.005882967713611924,,,Ss01,34723473.0
100035765|F|0-28:G>A-28:G>A,0.005860960535323317,0.005860960535323317,,,Ss08,8512648.0
100020307|F|0-56:C>T-56:C>T,0.005850435248296759,0.005850435248296759,,,Ss08,10979530.0
100016319|F|0-60:C>A-60:C>A,0.005847317216647033,0.005847317216647033,,,Ss09,62905182.0
100022075|F|0-54:C>G-54:C>G,0.005840441345758654,0.005840441345758654,,,Ss02,2063214.0
100039190|F|0-22:G>A-22:G>A,0.005831893618975223,0.005831893618975223,,,,
100038761|F|0-32:T>C-32:T>C,-0.005826506719341926,0.005826506719341926,,,Ss03,11473336.0
100022068|F|0-50:T>C-50:T>C,-0.005824207681170416,0.005824207681170416,,,Ss08,34679154.0
100044377|F|0-51:A>T-51:A>T,0.0058221925306550185,0.0058221925306550185,,,Ss04,63275751.0
100032969|F|0-67:T>C-67:T>C,-0.005822120208031906,0.005822120208031906,,,,
100016053|F|0-57:T>C-57:T>C,0.0058181242476304535,0.0058181242476304535,,,Ss06,5670479.0
100015767|F|0-23:A>T-23:A>T,0.0058157462170641055,0.0058157462170641055,,,Ss04,75911718.0
100018194|F|0-8:A>C-8:A>C,-0.005813140793377799,0.005813140793377799,Vu02 (old7),25429826.0,Ss02,10263881.0
100020245|F|0-28:G>T-28:G>T,0.005808106072530659,0.005808106072530659,,,Ss06,12603682.0
100021056|F|0-55:T>C-55:T>C,0.005778608702394284,0.005778608702394284,,,Ss04,66822406.0
100015319|F|0-34:T>A-34:T>A,0.005762264403434875,0.005762264403434875,,,Ss01,44449888.0
100034571|F|0-32:T>A-32:T>A,0.005747416307699305,0.005747416307699305,,,Ss05,11150628.0
100051719|F|0-44:C>T-44:C>T,0.005731590227518027,0.005731590227518027,,,Ss04,67714638.0
100021892|F|0-24:G>A-24:G>A,0.005707068265602424,0.005707068265602424,,,Ss04,7963762.0
100015825|F|0-15:C>G-15:C>G,0.005704210533376104,0.005704210533376104,,,Ss05,56063593.0
100049636|F|0-5:T>C-5:T>C,0.0057011724508575405,0.0057011724508575405,,,Ss06,47067459.0
100021768|F|0-13:C>T-13:C>T,0.005669226534151653,0.005669226534151653,,,Ss01,17179674.0
100017927|F|0-49:C>T-49:C>T,0.005651688698075553,0.005651688698075553,,,Ss02,265092.0
100021359|F|0-55:A>T-55:A>T,0.005642017927278383,0.005642017927278383,,,Ss03,23823070.0
100017865|F|0-21:A>G-21:A>G,0.0056403877043415904,0.0056403877043415904,,,Ss08,7163329.0
100020208|F|0-26:C>G-26:C>G,-0.005640143127240436,0.005640143127240436,,,Ss03,11473039.0
100034493|F|0-32:C>T-32:C>T,0.00563991872376341,0.00563991872376341,,,Ss01,46898850.0
100021644|F|0-58:T>G-58:T>G,0.005627859807879616,0.005627859807879616,,,Ss11,28228664.0
100016503|F|0-64:G>C-64:G>C,-0.005625489837415519,0.005625489837415519,Vu05 (old1),42344593.0,Ss05,6122293.0
100030243|F|0-51:A>G-51:A>G,0.005620166257599325,0.005620166257599325,,,Ss08,5269779.0
100016832|F|0-65:T>A-65:T>A,-0.005618347849991133,0.005618347849991133,,,Ss10,9956473.0
100013459|F|0-42:G>A-42:G>A,0.00559975342830587,0.00559975342830587,,,Ss08,31006703.0
100058671|F|0-36:C>G-36:C>G,-0.0055955460420307685,0.0055955460420307685,Vu05 (old1),1696325.0,Ss08,33741036.0
100020795|F|0-42:T>C-42:T>C,0.0055658681275818,0.0055658681275818,,,Ss09,49358815.0
100017122|F|0-68:T>C-68:T>C,-0.005564085313904112,0.005564085313904112,,,Ss03,74852349.0
100014532|F|0-40:A>C-40:A>C,-0.005564085313904111,0.005564085313904111,,,Ss03,74867344.0
100015139|F|0-52:T>C-52:T>C,0.005509110293624493,0.005509110293624493,,,Ss07,35912066.0
100021798|F|0-27:T>C-27:T>C,-0.005500067851713168,0.005500067851713168,,,Ss10,18732658.0
100017645|F|0-21:T>C-21:T>C,0.00549990028745113,0.00549990028745113,,,,
100013883|F|0-67:A>T-67:A>T,-0.005486654540471274,0.005486654540471274,,,Ss02,2966479.0
100019344|F|0-54:A>C-54:A>C,0.005486615069397289,0.005486615069397289,,,,
100020933|F|0-51:T>C-51:T>C,-0.005486517264814697,0.005486517264814697,,,Ss01,32243895.0
100018797|F|0-41:C>G-41:C>G,0.005486191487174897,0.005486191487174897,,,Ss03,15730685.0
100021392|F|0-51:G>A-51:G>A,0.00548077927508079,0.00548077927508079,,,Ss09,64886887.0
100040405|F|0-35:T>A-35:T>A,-0.005475710325477492,0.005475710325477492,,,Ss01,34724344.0
100018159|F|0-67:G>A-67:G>A,0.0054517798379439,0.0054517798379439,,,Ss11,10965809.0
100016658|F|0-38:T>C-38:T>C,-0.005443419141693486,0.005443419141693486,Vu02 (old7),33337276.0,Ss02,520896.0
100019497|F|0-27:C>T-27:C>T,0.0054337552261195686,0.0054337552261195686,,,Ss08,21040919.0
100018789|F|0-23:A>C-23:A>C,0.005433242642576615,0.005433242642576615,,,Ss05,55417991.0
100018867|F|0-57:G>A-57:G>A,0.005425736350570824,0.005425736350570824,,,Ss04,67579573.0
100038944|F|0-45:C>T-45:C>T,0.005418376623797285,0.005418376623797285,,,Ss10,17607936.0
100020334|F|0-65:G>A-65:G>A,-0.005413408131545861,0.005413408131545861,Vu08 (old5),423524.0,Ss08,27995693.0
100034940|F|0-27:A>C-27:A>C,0.005413272689912766,0.005413272689912766,,,Ss11,38877680.0
100041959|F|0-33:T>G-33:T>G,0.005410645843948985,0.005410645843948985,,,Ss04,1449164.0
100041722|F|0-10:C>T-10:C>T,-0.005399826211097922,0.005399826211097922,,,Ss08,16551426.0
100041002|F|0-38:A>G-38:A>G,0.00539617711249017,0.00539617711249017,,,Ss03,22472577.0
100029006|F|0-13:A>C-13:A>C,0.005388412155588367,0.005388412155588367,,,,
100040406|F|0-25:G>A-25:G>A,0.00537607840874791,0.00537607840874791,,,Ss07,399735.0
100019558|F|0-53:C>T-53:C>T,0.005372059461558752,0.005372059461558752,,,Ss08,20302802.0
100035378|F|0-22:G>A-22:G>A,-0.005362892587527885,0.005362892587527885,,,Ss10,4795005.0
100036190|F|0-13:A>T-13:A>T,-0.005343897100822527,0.005343897100822527,Vu03 (old3),59363081.0,Ss03,84388488.0
100021866|F|0-51:G>C-51:G>C,0.0053378858031603495,0.0053378858031603495,,,Ss01,14537286.0
100022222|F|0-28:C>A-28:C>A,-0.005324379927408692,0.005324379927408692,,,Ss04,3788662.0
100013604|F|0-58:C>T-58:C>T,-0.005322349699581989,0.005322349699581989,,,Ss06,5596551.0
100016158|F|0-51:C>A-51:C>A,0.005310636912822857,0.005310636912822857,,,Ss01,47150489.0
100044112|F|0-18:T>G-18:T>G,-0.005300959154960592,0.005300959154960592,,,Ss10,14593733.0
100014109|F|0-25:C>A-25:C>A,0.005289204810167169,0.005289204810167169,,,Ss03,81622453.0
100028365|F|0-14:C>A-14:C>A,0.005271291799788842,0.005271291799788842,,,Ss07,7058744.0
100013718|F|0-18:C>A-18:C>A,0.00526614426663325,0.00526614426663325,,,Ss11,32883911.0
100020726|F|0-7:G>A-7:G>A,0.005243135926732635,0.005243135926732635,Vu08 (old5),37188871.0,Ss08,8508287.0
100021054|F|0-18:A>G-18:A>G,0.005226370647806554,0.005226370647806554,,,Ss03,78072782.0
100020755|F|0-11:C>A-11:C>A,0.005224384558021138,0.005224384558021138,,,Ss01,46921988.0
100033353|F|0-46:A>T-46:A>T,0.005223265327875804,0.005223265327875804,,,,
100019402|F|0-35:A>C-35:A>C,0.005218318524439994,0.005218318524439994,,,Ss08,16778443.0
100044970|F|0-28:C>T-28:C>T,0.005211561543019817,0.005211561543019817,,,Ss09,49340094.0
100033659|F|0-57:T>C-57:T>C,-0.005209226650678308,0.005209226650678308,,,Ss11,32094438.0
100016593|F|0-53:A>T-53:A>T,0.005208478663715542,0.005208478663715542,,,Ss08,12951537.0
100054559|F|0-11:G>A-11:G>A,0.005204904905228413,0.005204904905228413,,,Ss03,19332363.0
100033656|F|0-39:G>A-39:G>A,0.005198420252549961,0.005198420252549961,,,Ss11,28614182.0
100020867|F|0-34:T>C-34:T>C,0.0051933228085978365,0.0051933228085978365,,,Ss04,67566962.0
100055640|F|0-33:G>T-33:G>T,-0.0051769577949659275,0.0051769577949659275,,,Ss03,84611351.0
100015098|F|0-61:T>G-61:T>G,-0.005173720883339353,0.005173720883339353,,,Ss02,3406134.0
100028702|F|0-38:A>G-38:A>G,0.005171910761564083,0.005171910761564083,,,Ss04,56023381.0
100020677|F|0-42:G>T-42:G>T,0.005169846798426498,0.005169846798426498,,,Ss03,80882713.0
100018351|F|0-64:C>T-64:C>T,-0.005169693557324707,0.005169693557324707,,,Ss08,12390472.0
100014335|F|0-15:A>C-15:A>C,-0.005168863660040199,0.005168863660040199,,,Ss04,67949868.0
100034454|F|0-32:T>C-32:T>C,0.005155051467874242,0.005155051467874242,Vu05 (old1),11968566.0,Ss01,8149669.0
100018050|F|0-8:G>T-8:G>T,0.005150661089088441,0.005150661089088441,,,Ss04,1449169.0
100046319|F|0-37:A>C-37:A>C,0.005145252341465606,0.005145252341465606,,,,
100044919|F|0-41:G>A-41:G>A,0.005138342221219305,0.005138342221219305,,,Ss04,39101518.0
100033134|F|0-15:C>T-15:C>T,0.005137947131747767,0.005137947131747767,,,Ss07,2234010.0
100021344|F|0-55:A>T-55:A>T,0.005137947131747767,0.005137947131747767,,,Ss07,2234950.0
100058484|F|0-60:G>A-60:G>A,0.005137947131747767,0.005137947131747767,,,Ss07,2239425.0
100041194|F|0-50:C>G-50:C>G,0.005135736270780472,0.005135736270780472,,,Ss05,6506337.0
100035374|F|0-23:A>G-23:A>G,0.005124350553368113,0.005124350553368113,,,Ss07,415101.0
100020050|F|0-34:T>G-34:T>G,0.0051168095150216295,0.0051168095150216295,,,Ss11,27194741.0
100014492|F|0-26:T>A-26:T>A,0.005108901407774619,0.005108901407774619,,,,
100034599|F|0-15:A>G-15:A>G,0.005106802031066525,0.005106802031066525,,,Ss07,384667.0
100021294|F|0-38:G>A-38:G>A,0.005106743087668801,0.005106743087668801,,,Ss03,84910402.0
100015112|F|0-61:C>T-61:C>T,-0.005096016243016436,0.005096016243016436,,,Ss08,409222.0
100034427|F|0-43:T>A-43:T>A,-0.005088761105965375,0.005088761105965375,,,Ss08,5957744.0
100020369|F|0-25:G>C-25:G>C,-0.0050853857750643005,0.0050853857750643005,,,Ss03,15850164.0
100030615|F|0-8:C>T-8:C>T,-0.005085101107464371,0.005085101107464371,,,Ss03,84630609.0
100017285|F|0-30:C>T-30:C>T,0.005085095932699524,0.005085095932699524,Vu07 (old2),34134592.0,Ss04,73265464.0
100044383|F|0-68:C>A-68:C>A,0.005077909997874355,0.005077909997874355,,,,
100016636|F|0-57:G>T-57:G>T,0.005074231837413069,0.005074231837413069,,,Ss04,4436755.0
100019939|F|0-42:C>T-42:C>T,0.005073025584457703,0.005073025584457703,,,Ss04,3554718.0
100018758|F|0-12:C>T-12:C>T,-0.005063748864425087,0.005063748864425087,,,Ss08,34558166.0
100016754|F|0-66:C>A-66:C>A,-0.005059444097315826,0.005059444097315826,Vu01 (old4),1290094.0,Ss05,55110345.0
100035309|F|0-20:A>C-20:A>C,0.005059439212097889,0.005059439212097889,,,Ss02,10228760.0
100021703|F|0-41:T>C-41:T>C,0.005053032411777942,0.005053032411777942,Vu07 (old2),38780837.0,Ss10,15431799.0
100029921|F|0-17:C>T-17:C>T,0.005035199733045832,0.005035199733045832,,,Ss08,8462654.0
100040746|F|0-42:G>A-42:G>A,-0.005033084188088111,0.005033084188088111,Vu07 (old2),31266697.0,Ss10,5944865.0
100035266|F|0-39:C>T-39:C>T,0.00502902826690653,0.00502902826690653,,,Ss01,18675661.0
100033204|F|0-66:T>C-66:T>C,0.005026109207509889,0.005026109207509889,,,Ss07,7052774.0
100029543|F|0-46:T>C-46:T>C,-0.005021204909459429,0.005021204909459429,,,Ss10,18278899.0
100022289|F|0-10:A>G-10:A>G,0.005009024621639253,0.005009024621639253,,,Ss10,13667876.0
100035152|F|0-15:C>A-15:C>A,-0.005006076412824247,0.005006076412824247,,,Ss04,67717796.0
100045520|F|0-63:C>T-63:C>T,0.004991896970853348,0.004991896970853348,,,Ss05,54032822.0
100014420|F|0-6:A>T-6:A>T,0.004987325807099382,0.004987325807099382,,,Ss05,372103.0
100039964|F|0-49:C>G-49:C>G,0.004986421140691628,0.004986421140691628,,,Ss08,11285083.0
100052903|F|0-58:C>A-58:C>A,0.004977348646284765,0.004977348646284765,,,Ss05,7290960.0
100013697|F|0-16:T>C-16:T>C,0.004974656321163879,0.004974656321163879,,,Ss08,8883773.0
100046913|F|0-41:A>T-41:A>T,0.00496115687286879,0.00496115687286879,,,Ss04,67824036.0
100029242|F|0-37:C>T-37:C>T,0.0049594661571636745,0.0049594661571636745,,,Ss03,78989159.0
100030713|F|0-35:T>A-35:T>A,0.004952041071496507,0.004952041071496507,,,Ss01,46975334.0
100028807|F|0-29:G>A-29:G>A,0.004946758055973582,0.004946758055973582,,,Ss07,5488909.0
100029254|F|0-9:C>A-9:C>A,-0.004943170425276178,0.004943170425276178,,,Ss03,96443101.0
100041653|F|0-45:T>C-45:T>C,-0.0049411490309974205,0.0049411490309974205,,,Ss08,5957739.0
100046183|F|0-19:T>A-19:T>A,0.0049347287653342,0.0049347287653342,,,,
100034936|F|0-34:G>C-34:G>C,0.004933173202454588,0.004933173202454588,,,Ss03,6330333.0
100018689|F|0-30:A>C-30:A>C,0.004932630540762793,0.004932630540762793,,,Ss03,16467666.0
100013326|F|0-33:T>A-33:T>A,0.004932420059659308,0.004932420059659308,,,Ss08,17243498.0
100014250|F|0-55:T>C-55:T>C,0.004929247451080245,0.004929247451080245,,,Ss03,94391904.0
100032856|F|0-37:A>G-37:A>G,0.0049218743219951655,0.0049218743219951655,,,Ss05,6394051.0
100035744|F|0-61:C>T-61:C>T,0.004919396317493666,0.004919396317493666,,,Ss04,59402161.0
100051692|F|0-12:T>A-12:T>A,-0.004910846092366915,0.004910846092366915,,,Ss08,19389146.0
100021519|F|0-20:C>T-20:C>T,-0.004910735726417029,0.004910735726417029,,,Ss01,26856823.0
100015018|F|0-5:T>A-5:T>A,0.004898208281660759,0.004898208281660759,,,Ss10,13421247.0
100014980|F|0-61:T>A-61:T>A,0.004897810743107394,0.004897810743107394,,,Ss03,16475880.0
100013445|F|0-24:G>T-24:G>T,0.004881798796951775,0.004881798796951775,,,Ss09,61602864.0
100016869|F|0-59:G>C-59:G>C,-0.004881731420629419,0.004881731420629419,,,Ss11,7343723.0
100013153|F|0-63:C>A-63:C>A,0.0048802471002357415,0.0048802471002357415,,,Ss09,61760548.0
100017864|F|0-18:T>C-18:T>C,0.004857196559955703,0.004857196559955703,,,Ss03,6326233.0
100013921|F|0-19:C>G-19:C>G,0.004848412256436202,0.004848412256436202,,,Ss03,7284491.0
100041050|F|0-49:T>A-49:T>A,-0.004847256275370068,0.004847256275370068,,,Ss07,8877660.0
100034394|F|0-13:G>T-13:G>T,0.004825591241743823,0.004825591241743823,,,Ss07,395268.0
100017575|F|0-33:C>A-33:C>A,-0.004820990818523354,0.004820990818523354,,,Ss10,8708407.0
100040750|F|0-21:T>G-21:T>G,0.004815261983116109,0.004815261983116109,Vu09 (old8),38024670.0,Ss09,7192316.0
100020153|F|0-41:C>T-41:C>T,0.004810920358658224,0.004810920358658224,,,Ss03,86739764.0
100030153|F|0-21:A>T-21:A>T,0.004793914317727562,0.004793914317727562,,,Ss03,97678272.0
100017664|F|0-11:A>T-11:A>T,0.004782847152108208,0.004782847152108208,,,Ss08,6837326.0
100018572|F|0-44:T>A-44:T>A,0.004782130072670564,0.004782130072670564,,,Ss07,7228216.0
100051142|F|0-37:G>C-37:G>C,-0.004773132489431561,0.004773132489431561,,,,
100015226|F|0-25:T>A-25:T>A,0.004769871856248122,0.004769871856248122,,,Ss10,16581877.0
100020451|F|0-6:A>G-6:A>G,0.004761244358692818,0.004761244358692818,,,Ss03,81843892.0
100013419|F|0-62:G>T-62:G>T,-0.004753121886740481,0.004753121886740481,,,Ss10,4560526.0
100033535|F|0-8:A>G-8:A>G,0.004752026008132708,0.004752026008132708,,,Ss04,66960326.0
100034591|F|0-27:A>G-27:A>G,0.0047515912629069925,0.0047515912629069925,,,,
100016695|F|0-37:G>A-37:G>A,0.004740896814603586,0.004740896814603586,,,Ss02,21509710.0
100021654|F|0-23:G>T-23:G>T,0.004721777196521657,0.004721777196521657,,,Ss01,46876617.0
100033466|F|0-26:G>A-26:G>A,0.0047178572218845045,0.0047178572218845045,,,Ss01,3299966.0
100047378|F|0-35:C>T-35:C>T,0.004667506112559027,0.004667506112559027,,,Ss10,17706505.0
100038530|F|0-18:T>G-18:T>G,0.004666734627714748,0.004666734627714748,,,Ss03,92525310.0
100040340|F|0-28:T>C-28:T>C,-0.004664898740159662,0.004664898740159662,,,Ss03,92150339.0
100030431|F|0-51:C>T-51:C>T,0.004659750135835825,0.004659750135835825,,,Ss08,21034330.0
100044913|F|0-35:T>C-35:T>C,0.004655864534819985,0.004655864534819985,,,Ss07,30665404.0
100013065|F|0-5:C>A-5:C>A,0.00464551917515826,0.00464551917515826,,,Ss06,6008170.0
100015169|F|0-21:A>G-21:A>G,-0.004641244427576431,0.004641244427576431,,,Ss10,13718785.0
100021859|F|0-23:T>A-23:T>A,0.004630528098103714,0.004630528098103714,,,Ss09,59249203.0
100022022|F|0-32:T>G-32:T>G,0.00462681902038672,0.00462681902038672,,,Ss02,24649661.0
100057957|F|0-57:C>A-57:C>A,-0.0046260845014109014,0.0046260845014109014,,,Ss01,36576268.0
100044112|F|0-25:G>A-25:G>A,-0.004620232941945612,0.004620232941945612,,,,
100019659|F|0-63:G>T-63:G>T,0.004616257683158621,0.004616257683158621,,,Ss04,66117431.0
100018597|F|0-60:C>T-60:C>T,0.004614688235649988,0.004614688235649988,,,Ss03,93178754.0
100017460|F|0-50:C>T-50:C>T,0.004594789738161218,0.004594789738161218,,,Ss07,399483.0
100020887|F|0-26:A>G-26:A>G,-0.004590627330713046,0.004590627330713046,,,Ss06,14451909.0
100038892|F|0-14:A>C-14:A>C,-0.004570306519968385,0.004570306519968385,,,Ss02,10088823.0
100029122|F|0-13:T>C-13:T>C,0.0045688314431476,0.0045688314431476,,,Ss08,17244596.0
100033896|F|0-41:A>G-41:A>G,-0.0045667373599629114,0.0045667373599629114,,,Ss08,12951542.0
100020602|F|0-66:T>C-66:T>C,-0.00454059315046642,0.00454059315046642,,,Ss04,72322634.0
100044656|F|0-38:C>T-38:C>T,-0.004529116372699654,0.004529116372699654,,,Ss08,9178394.0
100015801|F|0-31:A>T-31:A>T,0.004527700001530819,0.004527700001530819,,,Ss04,66942729.0
100034782|F|0-29:A>T-29:A>T,-0.004518469593526207,0.004518469593526207,,,Ss03,98892762.0
100019068|F|0-18:T>C-18:T>C,0.004518405167320465,0.004518405167320465,,,Ss11,37282618.0
100040647|F|0-14:T>A-14:T>A,0.0045155325372984115,0.0045155325372984115,,,Ss07,4728537.0
100013478|F|0-51:G>A-51:G>A,-0.004506162491615612,0.004506162491615612,,,Ss09,62447789.0
100014991|F|0-45:T>G-45:T>G,-0.004504681377292579,0.004504681377292579,,,Ss07,43771333.0
100017652|F|0-34:G>A-34:G>A,0.004501340775719751,0.004501340775719751,,,Ss07,20785539.0
100032809|F|0-26:G>A-26:G>A,0.00449347189649444,0.00449347189649444,,,Ss05,5564632.0
100014294|F|0-58:C>T-58:C>T,-0.00447083281998241,0.00447083281998241,,,Ss03,82414494.0
100035981|F|0-12:G>A-12:G>A,0.004470018380397315,0.004470018380397315,,,Ss08,385829.0
100028764|F|0-26:A>T-26:A>T,-0.004452497751517886,0.004452497751517886,,,,
100017587|F|0-60:T>A-60:T>A,0.004451363032010485,0.004451363032010485,,,Ss03,73807138.0
100040723|F|0-6:G>A-6:G>A,-0.00444495809064037,0.00444495809064037,,,Ss11,34052241.0
100036100|F|0-32:C>T-32:C>T,0.004441345480877594,0.004441345480877594,,,Ss05,6316872.0
100035151|F|0-30:T>C-30:T>C,0.004415917118870886,0.004415917118870886,,,Ss04,63111987.0
100041739|F|0-59:G>T-59:G>T,-0.0043879776268532285,0.0043879776268532285,,,Ss08,12482772.0
100035956|F|0-57:T>G-57:T>G,0.0043756065395253885,0.0043756065395253885,,,,
100020682|F|0-60:A>G-60:A>G,-0.004374012794247338,0.004374012794247338,,,Ss02,11786021.0
100041853|F|0-21:T>C-21:T>C,0.0043687333674957965,0.0043687333674957965,,,Ss10,14595838.0
100032753|F|0-47:A>G-47:A>G,-0.004363743380723684,0.004363743380723684,,,Ss03,96329102.0
100021690|F|0-12:G>A-12:G>A,0.004361889070251703,0.004361889070251703,,,Ss11,38877675.0
100013387|F|0-43:C>G-43:C>G,0.00435853281963719,0.00435853281963719,,,Ss03,97354901.0
100046316|F|0-13:C>A-13:C>A,0.004349498682425072,0.004349498682425072,,,,
100021963|F|0-68:T>G-68:T>G,0.004345169859516231,0.004345169859516231,,,Ss02,16627271.0
100020750|F|0-37:T>C-37:T>C,0.004333914290031378,0.004333914290031378,Vu09 (old8),38249509.0,Ss09,6910475.0
100013678|F|0-60:A>T-60:A>T,0.004311392322150469,0.004311392322150469,,,Ss07,384672.0
100043408|F|0-39:C>A-39:C>A,-0.004307488434711933,0.004307488434711933,,,Ss03,82305261.0
100017716|F|0-8:C>T-8:C>T,-0.004305980615237395,0.004305980615237395,,,Ss10,18851585.0
100014593|F|0-28:A>C-28:A>C,0.004302841251957995,0.004302841251957995,,,Ss04,42215848.0
100035075|F|0-30:T>C-30:T>C,0.0043019760299368975,0.0043019760299368975,,,Ss04,67584666.0
100019087|F|0-12:C>A-12:C>A,0.0042923410759793295,0.0042923410759793295,,,Ss02,15978456.0
100041314|F|0-40:C>T-40:C>T,0.004282413600618982,0.004282413600618982,,,Ss04,65143373.0
100015846|F|0-45:G>T-45:G>T,-0.004281896531906282,0.004281896531906282,Vu07 (old2),7540868.0,Ss07,16161088.0
100018265|F|0-5:C>T-5:C>T,-0.004281129357765107,0.004281129357765107,,,Ss09,56110897.0
100015194|F|0-9:C>T-9:C>T,-0.004265226173141699,0.004265226173141699,,,Ss02,3955742.0
100039121|F|0-17:A>G-17:A>G,0.0042619387205596205,0.0042619387205596205,,,Ss10,13667695.0
100059434|F|0-46:A>G-46:A>G,0.00425381471404398,0.00425381471404398,,,,
100013879|F|0-63:G>A-63:G>A,0.0042455738841045525,0.0042455738841045525,,,Ss09,61606253.0
100021389|F|0-57:T>C-57:T>C,-0.004242770876417155,0.004242770876417155,,,Ss06,12721742.0
100013923|F|0-16:T>C-16:T>C,-0.004241398633796776,0.004241398633796776,,,Ss02,653166.0
100013048|F|0-58:C>T-58:C>T,-0.004236828751593573,0.004236828751593573,,,Ss09,58709443.0
100035931|F|0-44:G>C-44:G>C,-0.004236288896232738,0.004236288896232738,,,Ss02,10088818.0
100016887|F|0-60:G>T-60:G>T,-0.00422268786491994,0.00422268786491994,,,Ss08,4841385.0
100022099|F|0-31:T>C-31:T>C,-0.004217695501069152,0.004217695501069152,,,Ss08,17983401.0
100013040|F|0-46:A>G-46:A>G,0.004217598914554976,0.004217598914554976,,,Ss04,66133167.0
100046760|F|0-25:T>G-25:T>G,0.004213642704540763,0.004213642704540763,,,Ss02,11842735.0
100041505|F|0-33:C>T-33:C>T,0.00421306491696083,0.00421306491696083,,,Ss04,57647531.0
100041505|F|0-68:C>A-68:C>A,0.00421306491696083,0.00421306491696083,,,,
100021973|F|0-54:T>C-54:T>C,-0.0041977880784358846,0.0041977880784358846,,,Ss06,3493968.0
100034340|F|0-9:G>A-9:G>A,0.004186999321264933,0.004186999321264933,Vu07 (old2),25775716.0,Ss10,601604.0
100029747|F|0-45:G>A-45:G>A,0.0041719934435781305,0.0041719934435781305,,,Ss05,8515591.0
100021588|F|0-50:T>C-50:T>C,0.004162939677378126,0.004162939677378126,,,Ss04,67633009.0
100047059|F|0-34:G>T-34:G>T,-0.0041597989096448405,0.0041597989096448405,,,Ss04,7195564.0
100014778|F|0-65:A>G-65:A>G,0.004157381001435016,0.004157381001435016,Vu03 (old3),51500985.0,Ss03,96852264.0
100035689|F|0-61:C>T-61:C>T,0.0041471208425754484,0.0041471208425754484,,,Ss02,994963.0
100036213|F|0-14:A>C-14:A>C,-0.0041401160869635415,0.0041401160869635415,,,Ss06,15639125.0
100015099|F|0-66:G>T-66:G>T,0.004139284247283567,0.004139284247283567,,,Ss02,23418245.0
100015820|F|0-37:T>C-37:T>C,-0.004136457985923808,0.004136457985923808,,,Ss08,7594694.0
100034887|F|0-39:C>G-39:C>G,0.004133552482731374,0.004133552482731374,,,Ss01,2650601.0
100016549|F|0-30:A>G-30:A>G,-0.004128933014734567,0.004128933014734567,,,Ss01,34725485.0
100034804|F|0-11:G>A-11:G>A,0.00412199539454448,0.00412199539454448,Vu01 (old4),5843731.0,Ss05,53974217.0
100020694|F|0-67:C>T-67:C>T,0.004118512783932898,0.004118512783932898,Vu10 (old10),36275606.0,Ss04,60224415.0
100017924|F|0-5:G>C-5:G>C,-0.004100731628207167,0.004100731628207167,Vu04 (old11),2232752.0,Ss04,67792286.0
100030242|F|0-19:A>G-19:A>G,-0.004097704049873554,0.004097704049873554,,,,
100028251|F|0-5:A>G-5:A>G,0.004096203151014896,0.004096203151014896,,,Ss03,6327582.0
100020717|F|0-68:A>G-68:A>G,0.0040908621237272106,0.0040908621237272106,,,Ss08,11910791.0
100030376|F|0-12:T>C-12:T>C,-0.004084636170912792,0.004084636170912792,,,Ss09,47165949.0
100020012|F|0-39:A>C-39:A>C,0.004073217584429276,0.004073217584429276,,,Ss06,17791294.0
100014882|F|0-19:A>G-19:A>G,0.0040727272166170185,0.0040727272166170185,,,Ss01,47035718.0
100060618|F|0-5:A>G-5:A>G,-0.004036207090773397,0.004036207090773397,,,Ss07,53483214.0
100013963|F|0-19:T>C-19:T>C,0.004029035091967894,0.004029035091967894,,,Ss08,21023689.0
100015193|F|0-65:C>A-65:C>A,0.004022172430785222,0.004022172430785222,,,Ss07,881171.0
100015014|F|0-38:C>T-38:C>T,-0.004011274124818131,0.004011274124818131,,,Ss05,3896262.0
100045098|F|0-63:G>T-63:G>T,0.004010859275176076,0.004010859275176076,,,Ss07,17792887.0
100019240|F|0-12:A>C-12:A>C,-0.004009727857719005,0.004009727857719005,Vu07 (old2),30408014.0,Ss10,5221682.0
100028947|F|0-38:C>A-38:C>A,0.004000859007638951,0.004000859007638951,,,Ss10,1074410.0
100013722|F|0-6:A>G-6:A>G,0.003987455479056208,0.003987455479056208,,,Ss09,61760543.0
100018804|F|0-63:G>A-63:G>A,0.0039870740630447285,0.0039870740630447285,,,Ss08,21054606.0
100034507|F|0-30:A>G-30:A>G,0.0039841773952806825,0.0039841773952806825,,,Ss06,11799926.0
100014470|F|0-59:T>C-59:T>C,0.003983665038051144,0.003983665038051144,,,Ss11,7507748.0
100018809|F|0-13:A>G-13:A>G,0.003979657769059258,0.003979657769059258,,,Ss05,11150633.0
100034945|F|0-61:G>A-61:G>A,-0.0039638014160696755,0.0039638014160696755,,,Ss09,47171709.0
100016297|F|0-36:A>G-36:A>G,-0.003963129385045478,0.003963129385045478,,,Ss10,12845233.0
100032755|F|0-61:C>T-61:C>T,0.003949336088201026,0.003949336088201026,Vu11 (old9),32264867.0,Ss11,35410581.0
100030110|F|0-28:T>C-28:T>C,-0.003946197320215791,0.003946197320215791,,,Ss09,64196475.0
100058466|F|0-43:T>C-43:T>C,-0.0039451273045138634,0.0039451273045138634,,,,
100016348|F|0-15:G>A-15:G>A,0.003937472524709441,0.003937472524709441,,,Ss06,3316250.0
100048542|F|0-39:C>A-39:C>A,-0.003917564540674524,0.003917564540674524,Vu06 (old6),4481310.0,Ss06,44592895.0
100021017|F|0-55:C>T-55:C>T,-0.003916569777278598,0.003916569777278598,,,Ss04,3076080.0
100030726|F|0-25:C>G-25:C>G,0.003915404697274083,0.003915404697274083,,,,
100034540|F|0-15:G>A-15:G>A,-0.003910103009678011,0.003910103009678011,,,Ss09,42850367.0
100021838|F|0-57:A>G-57:A>G,-0.0039063748704744015,0.0039063748704744015,Vu07 (old2),38535679.0,Ss10,14928961.0
100049017|F|0-36:G>A-36:G>A,0.0039009159605036758,0.0039009159605036758,,,Ss02,29234010.0
100016995|F|0-19:T>G-19:T>G,0.003893013021128096,0.003893013021128096,,,Ss07,2968804.0
100058871|F|0-27:T>A-27:T>A,-0.003880442524802018,0.003880442524802018,,,Ss04,74645884.0
100015847|F|0-7:G>A-7:G>A,-0.0038725253487055127,0.0038725253487055127,,,Ss03,40958326.0
100019303|F|0-21:A>G-21:A>G,0.0038662935322782595,0.0038662935322782595,Vu04 (old11),37777897.0,Ss04,71498374.0
100013042|F|0-30:A>G-30:A>G,0.0038628911249144957,0.0038628911249144957,,,Ss08,31732034.0
100016903|F|0-35:A>G-35:A>G,-0.00385958990810567,0.00385958990810567,,,Ss04,75627916.0
100022102|F|0-51:T>G-51:T>G,0.0038564046519637125,0.0038564046519637125,,,Ss04,71636399.0
100018646|F|0-46:C>T-46:C>T,0.003850340441368051,0.003850340441368051,,,Ss07,8570732.0
100036060|F|0-10:G>T-10:G>T,0.00384348892355251,0.00384348892355251,Vu06 (old6),32597034.0,Ss06,5758822.0
100032947|F|0-10:A>C-10:A>C,-0.0038346318903061333,0.0038346318903061333,,,Ss01,42744717.0
100013936|F|0-38:C>A-38:C>A,-0.0038194755471247276,0.0038194755471247276,,,Ss09,54572400.0
100038773|F|0-28:C>G-28:C>G,0.0038053846436118216,0.0038053846436118216,,,Ss01,37285877.0
100015904|F|0-54:T>C-54:T>C,0.0037963377810943553,0.0037963377810943553,,,Ss03,102729719.0
100017935|F|0-68:T>C-68:T>C,0.0037905295253588926,0.0037905295253588926,,,Ss05,56643132.0
100029185|F|0-30:A>G-30:A>G,-0.0037751933921232684,0.0037751933921232684,,,Ss03,88392648.0
100035421|F|0-6:T>A-6:T>A,0.0037701750640658505,0.0037701750640658505,,,Ss10,13420106.0
100017065|F|0-46:G>A-46:G>A,0.003768536930723158,0.003768536930723158,,,,
100040506|F|0-18:G>A-18:G>A,0.0037550043495199366,0.0037550043495199366,,,Ss02,25841798.0
100019490|F|0-5:G>A-5:G>A,0.003746306892087105,0.003746306892087105,,,Ss08,32416988.0
100021422|F|0-18:C>G-18:C>G,0.003745595010940668,0.003745595010940668,,,Ss01,15863195.0
100030789|F|0-17:T>C-17:T>C,-0.003726579030723796,0.003726579030723796,,,,
100047334|F|0-54:C>T-54:C>T,0.0037159986496020534,0.0037159986496020534,,,,
100019074|F|0-23:A>T-23:A>T,-0.003715783866339113,0.003715783866339113,,,Ss01,18451325.0
100017843|F|0-41:T>C-41:T>C,-0.003714007600004382,0.003714007600004382,,,Ss06,15464251.0
100038435|F|0-28:C>A-28:C>A,0.003706684833992294,0.003706684833992294,,,Ss05,11119541.0
100017042|F|0-9:A>G-9:A>G,0.003706684833992294,0.003706684833992294,,,Ss05,11119536.0
100015063|F|0-34:T>C-34:T>C,0.003697520662879883,0.003697520662879883,,,Ss05,6634816.0
100032842|F|0-24:A>C-24:A>C,0.00369737394255069,0.00369737394255069,Vu05 (old1),2448565.0,Ss01,18176550.0
100039138|F|0-25:A>G-25:A>G,0.0036907220637473056,0.0036907220637473056,Vu04 (old11),6816983.0,,
100054502|F|0-47:T>C-47:T>C,0.0036803309998511774,0.0036803309998511774,,,Ss06,12125564.0
100032835|F|0-6:G>C-6:G>C,0.0036760970924153537,0.0036760970924153537,,,Ss04,71378052.0
100038400|F|0-11:G>A-11:G>A,0.0036641623918572193,0.0036641623918572193,,,,
100013529|F|0-11:C>G-11:C>G,0.003659838835584892,0.003659838835584892,,,Ss09,62466983.0
100058976|F|0-14:G>A-14:G>A,0.0036577753577729773,0.0036577753577729773,,,Ss06,10190845.0
100014895|F|0-11:G>A-11:G>A,0.0036541484015750266,0.0036541484015750266,,,Ss03,84263348.0
100019269|F|0-46:T>G-46:T>G,-0.003653323920326256,0.003653323920326256,,,Ss03,82378373.0
100046553|F|0-7:C>T-7:C>T,-0.003653323920326256,0.003653323920326256,,,Ss03,82458740.0
100018909|F|0-13:T>C-13:T>C,-0.003653323920326256,0.003653323920326256,,,Ss03,82379661.0
100018389|F|0-25:G>T-25:G>T,0.0036523522235434934,0.0036523522235434934,,,Ss06,9420342.0
100017161|F|0-55:C>T-55:C>T,-0.003651980712417051,0.003651980712417051,,,Ss03,50365825.0
100016864|F|0-56:A>G-56:A>G,0.0036478018527929335,0.0036478018527929335,,,Ss09,64720414.0
100045342|F|0-29:C>T-29:C>T,-0.0036394485842766037,0.0036394485842766037,,,Ss11,7208957.0
100034929|F|0-54:T>A-54:T>A,-0.0036327410137289044,0.0036327410137289044,,,Ss04,615890.0
100029979|F|0-5:G>A-5:G>A,0.0036308210080046865,0.0036308210080046865,,,,
100018408|F|0-53:G>A-53:G>A,-0.00361340942850568,0.00361340942850568,,,Ss09,12747732.0
100014346|F|0-43:T>C-43:T>C,0.003610842338546155,0.003610842338546155,Vu08 (old5),21386181.0,Ss08,12310587.0
100030709|F|0-39:T>A-39:T>A,-0.003603944673995834,0.003603944673995834,,,Ss09,56193250.0
100020777|F|0-46:A>G-46:A>G,-0.0036011924610580837,0.0036011924610580837,,,Ss08,30928225.0
100017712|F|0-29:G>A-29:G>A,0.0035980294099929007,0.0035980294099929007,Vu04 (old11),3133419.0,Ss04,68552080.0
100014062|F|0-62:G>A-62:G>A,0.0035861590883254787,0.0035861590883254787,,,Ss10,13646044.0
100020395|F|0-36:T>C-36:T>C,0.0035789580043614844,0.0035789580043614844,,,Ss03,6327587.0
100016846|F|0-15:T>C-15:T>C,0.0035728183858822105,0.0035728183858822105,Vu08 (old5),5868167.0,Ss08,15990149.0
100021979|F|0-26:G>A-26:G>A,0.0035696366363449,0.0035696366363449,,,Ss02,27846552.0
100033853|F|0-49:A>G-49:A>G,0.0035679075117533363,0.0035679075117533363,Vu06 (old6),26071343.0,Ss06,13917356.0
100014472|F|0-31:C>A-31:C>A,-0.003550309832955047,0.003550309832955047,,,Ss11,35488899.0
100043273|F|0-46:A>T-46:A>T,0.0035472992897406766,0.0035472992897406766,,,Ss05,8512590.0
100029934|F|0-27:G>C-27:G>C,0.0035363765636754036,0.0035363765636754036,,,,
100043266|F|0-15:G>A-15:G>A,0.00352918194842782,0.00352918194842782,,,,
100028477|F|0-24:T>G-24:T>G,0.003522457373713611,0.003522457373713611,,,,
100029049|F|0-10:A>G-10:A>G,0.003522454044505133,0.003522454044505133,,,Ss01,46654939.0
100039167|F|0-27:C>T-27:C>T,0.003517458817292289,0.003517458817292289,,,,
100020177|F|0-41:C>G-41:C>G,-0.003517245887708126,0.003517245887708126,,,Ss08,34558171.0
100013640|F|0-30:A>G-30:A>G,0.0035095469602700077,0.0035095469602700077,,,Ss05,3947193.0
100015678|F|0-23:A>G-23:A>G,-0.0034881299602986626,0.0034881299602986626,,,Ss04,3690719.0
100017056|F|0-15:G>A-15:G>A,0.0034807499044507894,0.0034807499044507894,,,Ss10,15535069.0
100021184|F|0-17:T>G-17:T>G,0.0034807499044507894,0.0034807499044507894,,,Ss10,15536283.0
100015905|F|0-31:G>A-31:G>A,-0.003474902647309243,0.003474902647309243,,,Ss06,5865458.0
100034612|F|0-26:G>A-26:G>A,-0.0034700271851416135,0.0034700271851416135,,,Ss08,12309687.0
100022008|F|0-51:G>C-51:G>C,-0.0034576800950411055,0.0034576800950411055,,,Ss11,38274860.0
100038652|F|0-16:A>G-16:A>G,0.0034451680992950246,0.0034451680992950246,,,Ss03,97691478.0
100013175|F|0-57:A>T-57:A>T,0.0034355223839074114,0.0034355223839074114,,,Ss02,11560724.0
100036017|F|0-28:C>A-28:C>A,-0.0034244469138865396,0.0034244469138865396,,,Ss04,65682121.0
100038543|F|0-16:T>C-16:T>C,0.0034166948341202157,0.0034166948341202157,Vu08 (old5),28171940.0,,
100014038|F|0-34:G>C-34:G>C,-0.003411826429088975,0.003411826429088975,,,Ss09,15259541.0
100019025|F|0-58:C>A-58:C>A,0.003402607664358127,0.003402607664358127,,,Ss03,81896193.0
100020103|F|0-18:T>C-18:T>C,0.0034003150984416794,0.0034003150984416794,,,Ss10,13646039.0
100018973|F|0-53:T>G-53:T>G,0.003398315118370816,0.003398315118370816,,,Ss10,13667871.0
100013352|F|0-68:T>C-68:T>C,0.0033976735376904437,0.0033976735376904437,,,Ss11,30046946.0
100028749|F|0-23:C>A-23:C>A,-0.003396860389570127,0.003396860389570127,,,,
100013003|F|0-59:A>G-59:A>G,0.003388233277758929,0.003388233277758929,,,Ss04,60162937.0
100033812|F|0-51:C>A-51:C>A,0.0033855618267904586,0.0033855618267904586,,,Ss04,57112395.0
100018361|F|0-34:C>A-34:C>A,-0.0033838639799834013,0.0033838639799834013,,,Ss04,67058087.0
100021520|F|0-23:T>C-23:T>C,0.003376457371225861,0.003376457371225861,,,Ss01,36065991.0
100017988|F|0-49:T>G-49:T>G,0.003375911525450468,0.003375911525450468,,,Ss06,6173873.0
100035150|F|0-22:T>A-22:T>A,0.0033722489530202187,0.0033722489530202187,,,Ss04,63111987.0
100046739|F|0-18:T>G-18:T>G,0.00335793173999312,0.00335793173999312,,,Ss09,64189766.0
100017309|F|0-5:C>G-5:C>G,0.0033578773701691896,0.0033578773701691896,,,Ss04,70804788.0
100014526|F|0-10:T>C-10:T>C,-0.003348869730124654,0.003348869730124654,,,Ss09,56110902.0
100017394|F|0-18:C>T-18:C>T,-0.003343757498125487,0.003343757498125487,,,Ss06,7212400.0
100034980|F|0-28:T>C-28:T>C,0.0033380338778712685,0.0033380338778712685,,,Ss04,67014125.0
100039160|F|0-18:T>A-18:T>A,0.0033367874529148956,0.0033367874529148956,,,Ss02,322027.0
100041373|F|0-34:A>C-34:A>C,0.0033235262003100227,0.0033235262003100227,,,Ss04,70639268.0
100022184|F|0-19:G>C-19:G>C,0.0033211386006626715,0.0033211386006626715,,,,
100014058|F|0-63:C>T-63:C>T,0.003316225614127167,0.003316225614127167,,,,
100034680|F|0-38:A>C-38:A>C,0.003316225614127167,0.003316225614127167,,,Ss04,66092539.0
100033723|F|0-20:T>C-20:T>C,0.0033135328208004668,0.0033135328208004668,,,Ss10,14595843.0
100018350|F|0-55:C>G-55:C>G,0.0033124414300895423,0.0033124414300895423,,,Ss11,38996563.0
100022261|F|0-18:G>A-18:G>A,0.003310635351306887,0.003310635351306887,,,Ss03,76205401.0
100032857|F|0-37:C>A-37:C>A,0.0032707147185494926,0.0032707147185494926,Vu05 (old1),29700622.0,Ss05,51375003.0
100015370|F|0-45:C>T-45:C>T,0.0032505176827443507,0.0032505176827443507,Vu06 (old6),29854679.0,Ss06,9344286.0
100013199|F|0-52:T>C-52:T>C,-0.003237682634034693,0.003237682634034693,,,Ss04,36324356.0
100054560|F|0-33:A>G-33:A>G,0.003230191364840423,0.003230191364840423,,,Ss03,19299118.0
100036033|F|0-33:T>C-33:T>C,-0.003217732646845607,0.003217732646845607,,,Ss11,25065738.0
100034899|F|0-59:G>C-59:G>C,0.003213310668866945,0.003213310668866945,,,Ss04,884752.0
100017698|F|0-34:C>A-34:C>A,0.0032121279426428517,0.0032121279426428517,,,Ss03,59857248.0
100032976|F|0-16:C>T-16:C>T,0.003210463636932728,0.003210463636932728,,,,
100039064|F|0-19:C>T-19:C>T,0.0032090400565687816,0.0032090400565687816,,,,
100017511|F|0-59:G>C-59:G>C,-0.003208309225700528,0.003208309225700528,,,Ss09,42850408.0
100016689|F|0-47:G>T-47:G>T,0.003205184474813226,0.003205184474813226,,,Ss10,3422286.0
100033927|F|0-14:A>G-14:A>G,0.0032030617549644413,0.0032030617549644413,,,Ss03,78458001.0
100016472|F|0-40:C>G-40:C>G,0.003202381636614606,0.003202381636614606,,,Ss02,10605716.0
100017365|F|0-6:C>T-6:C>T,0.003195187763905382,0.003195187763905382,Vu05 (old1),42048402.0,Ss05,6314953.0
100033324|F|0-45:A>T-45:A>T,-0.0031945981183551437,0.0031945981183551437,,,Ss09,53523372.0
100013886|F|0-37:T>A-37:T>A,0.0031945592617191047,0.0031945592617191047,,,Ss08,19445081.0
100040460|F|0-10:G>A-10:G>A,-0.0031937154800643344,0.0031937154800643344,,,Ss03,84597657.0
100016185|F|0-62:C>T-62:C>T,0.0031768285796194046,0.0031768285796194046,,,Ss09,49565807.0
100019383|F|0-67:A>T-67:A>T,0.0031673263464364262,0.0031673263464364262,,,Ss11,38687047.0
100035304|F|0-43:G>A-43:G>A,0.0031366342920726817,0.0031366342920726817,,,Ss05,6211564.0
100014043|F|0-61:T>G-61:T>G,0.0031319065167607963,0.0031319065167607963,,,Ss07,2010696.0
100041312|F|0-45:T>A-45:T>A,0.0031318711646539264,0.0031318711646539264,,,Ss03,75480244.0
100030735|F|0-21:A>G-21:A>G,0.003131368896986599,0.003131368896986599,,,,
100021093|F|0-30:G>T-30:G>T,0.0031299607632046243,0.0031299607632046243,,,Ss05,50442032.0
100021123|F|0-50:T>C-50:T>C,0.0031247092003549005,0.0031247092003549005,,,Ss01,17173866.0
100034348|F|0-49:T>G-49:T>G,0.0031215572190575144,0.0031215572190575144,,,Ss03,74874724.0
100015889|F|0-55:C>G-55:C>G,-0.0031175039181366515,0.0031175039181366515,Vu04 (old11),34569598.0,Ss04,73098072.0
100020311|F|0-17:G>A-17:G>A,0.003110254368110972,0.003110254368110972,,,Ss04,66505361.0
100034357|F|0-15:T>C-15:T>C,-0.0031096970557333743,0.0031096970557333743,,,Ss09,14568764.0
100034199|F|0-61:A>C-61:A>C,-0.003102355847714289,0.003102355847714289,,,Ss05,967589.0
100013019|F|0-63:A>T-63:A>T,-0.0030916741206119124,0.0030916741206119124,,,Ss06,10738360.0
100038558|F|0-29:G>A-29:G>A,0.0030838579913264955,0.0030838579913264955,,,Ss04,60297165.0
100014242|F|0-53:A>G-53:A>G,-0.003083635053717998,0.003083635053717998,,,Ss04,67776143.0
100016397|F|0-22:A>T-22:A>T,-0.003082017837479367,0.003082017837479367,,,Ss02,24205343.0
100016325|F|0-60:C>T-60:C>T,0.0030725102244503126,0.0030725102244503126,Vu09 (old8),1016914.0,Ss06,15740532.0
100028495|F|0-31:A>T-31:A>T,0.003066447575002598,0.003066447575002598,,,,
100014566|F|0-58:T>A-58:T>A,0.0030585782752208875,0.0030585782752208875,,,Ss05,51807556.0
100013004|F|0-22:T>A-22:T>A,0.003018686040450307,0.003018686040450307,,,Ss06,5758827.0
100034659|F|0-55:C>T-55:C>T,0.003009181652621221,0.003009181652621221,,,Ss03,53521473.0
100015009|F|0-50:G>A-50:G>A,-0.002988374539158103,0.002988374539158103,,,Ss05,1195807.0
100043997|F|0-34:A>G-34:A>G,0.0029834124894993668,0.0029834124894993668,,,Ss03,72872266.0
100013424|F|0-13:C>A-13:C>A,0.00297452627230809,0.00297452627230809,,,Ss06,17455182.0
100035652|F|0-37:T>C-37:T>C,0.0029653649299429567,0.0029653649299429567,,,Ss06,3067272.0
100017720|F|0-9:G>A-9:G>A,-0.0029621276550904087,0.0029621276550904087,,,Ss08,35184354.0
100014429|F|0-23:C>T-23:C>T,-0.002941564008909555,0.002941564008909555,,,,
100020460|F|0-46:A>G-46:A>G,0.0029398459697089416,0.0029398459697089416,,,Ss08,8666700.0
100022059|F|0-28:G>C-28:G>C,0.0029345806197245317,0.0029345806197245317,,,Ss07,2251814.0
100060605|F|0-26:G>C-26:G>C,-0.0029227438808502905,0.0029227438808502905,,,,
100018223|F|0-41:G>A-41:G>A,-0.0029114292160629706,0.0029114292160629706,Vu09 (old8),16423359.0,Ss09,42850086.0
100044452|F|0-43:C>T-43:C>T,0.0029089648638474163,0.0029089648638474163,Vu05 (old1),1696325.0,Ss04,75230156.0
100058672|F|0-30:C>T-30:C>T,-0.0029002915985506567,0.0029002915985506567,,,Ss10,7170197.0
100034782|F|0-41:G>A-41:G>A,0.002899816208529684,0.002899816208529684,,,,
100017545|F|0-17:T>C-17:T>C,0.0028944260010078443,0.0028944260010078443,,,Ss02,12180404.0
100015727|F|0-9:C>T-9:C>T,-0.0028926885759339733,0.0028926885759339733,,,Ss03,79656034.0
100018573|F|0-44:G>C-44:G>C,-0.0028810886302986943,0.0028810886302986943,,,Ss02,24180928.0
100016098|F|0-43:C>A-43:C>A,-0.0028810886302986943,0.0028810886302986943,,,Ss02,24177995.0
100058582|F|0-53:G>A-53:G>A,0.002879078739260492,0.002879078739260492,,,,
100014449|F|0-27:C>G-27:C>G,0.002870512559485906,0.002870512559485906,,,Ss03,97491494.0
100029518|F|0-19:G>C-19:G>C,0.0028642503986491927,0.0028642503986491927,,,Ss09,62476880.0
100040013|F|0-13:A>G-13:A>G,-0.002863239977683585,0.002863239977683585,,,,
100016006|F|0-20:G>A-20:G>A,0.0028619560970545486,0.0028619560970545486,Vu07 (old2),32542535.0,Ss10,7243813.0
100029240|F|0-46:A>G-46:A>G,0.0028552328501352834,0.0028552328501352834,Vu11 (old9),8096401.0,Ss11,28908034.0
100032747|F|0-16:T>A-16:T>A,0.002855201688342849,0.002855201688342849,,,Ss05,53166302.0
100053755|F|0-5:T>C-5:T>C,-0.002849184114569666,0.002849184114569666,,,Ss04,72445491.0
100018445|F|0-45:A>G-45:A>G,-0.0028484811474932007,0.0028484811474932007,,,Ss09,45885872.0
100019098|F|0-17:C>A-17:C>A,-0.0028456826277899272,0.0028456826277899272,,,Ss02,9843694.0
100048696|F|0-28:G>C-28:G>C,0.002830802399977398,0.002830802399977398,,,Ss03,84282131.0
100020434|F|0-43:G>A-43:G>A,-0.002813639090168074,0.002813639090168074,,,Ss08,9817679.0
100016415|F|0-35:A>G-35:A>G,-0.0028067148197316984,0.0028067148197316984,,,Ss04,50818795.0
100018381|F|0-53:C>A-53:C>A,0.002805835615508392,0.002805835615508392,Vu07 (old2),28235227.0,Ss10,3135391.0
100020992|F|0-62:A>G-62:A>G,-0.0027972659798537435,0.0027972659798537435,,,Ss03,92141380.0
100017248|F|0-68:G>T-68:G>T,-0.0027935446264319317,0.0027935446264319317,,,Ss06,10281332.0
100019661|F|0-30:A>T-30:A>T,0.0027934873949880023,0.0027934873949880023,,,Ss09,48965503.0
100019259|F|0-35:C>T-35:C>T,0.0027894730241263856,0.0027894730241263856,,,Ss07,64990492.0
100030380|F|0-14:C>T-14:C>T,0.002784290562206579,0.002784290562206579,,,Ss05,5585093.0
100041269|F|0-22:G>C-22:G>C,0.002784290562206579,0.002784290562206579,,,Ss05,5590337.0
100051718|F|0-23:T>C-23:T>C,-0.002780726113833751,0.002780726113833751,,,Ss04,67740671.0
100020710|F|0-41:C>A-41:C>A,0.002754789068108964,0.002754789068108964,,,Ss06,8498554.0
100047252|F|0-57:G>A-57:G>A,0.0027475924216882196,0.0027475924216882196,,,Ss05,40273011.0
100035996|F|0-47:A>G-47:A>G,-0.0027460781764529316,0.0027460781764529316,,,Ss10,12678333.0
100041089|F|0-45:A>G-45:A>G,-0.0027460781764529316,0.0027460781764529316,,,Ss10,12678338.0
100034977|F|0-7:A>C-7:A>C,0.0027392980462762066,0.0027392980462762066,,,Ss11,30044545.0
100033357|F|0-30:G>A-30:G>A,-0.0027357984606939095,0.0027357984606939095,,,Ss06,18434940.0
100013882|F|0-67:C>T-67:C>T,0.002720903566083359,0.002720903566083359,,,Ss08,393715.0
100013122|F|0-67:G>A-67:G>A,0.00269220367932697,0.00269220367932697,,,Ss01,26458664.0
100033913|F|0-64:C>T-64:C>T,0.0026912964690050684,0.0026912964690050684,,,Ss06,2864381.0
100029970|F|0-30:G>A-30:G>A,0.0026909114074525503,0.0026909114074525503,,,Ss08,20919530.0
100033379|F|0-46:C>G-46:C>G,0.0026825737975407576,0.0026825737975407576,,,Ss01,18202707.0
100014028|F|0-53:G>A-53:G>A,0.002681421618057649,0.002681421618057649,,,Ss04,61006053.0
100029143|F|0-26:C>T-26:C>T,0.002675433417324905,0.002675433417324905,,,,
100035059|F|0-31:C>G-31:C>G,-0.002666648473210711,0.002666648473210711,,,Ss02,9416314.0
100040128|F|0-22:T>C-22:T>C,0.0026369429059978516,0.0026369429059978516,,,Ss08,12710362.0
100038668|F|0-20:A>G-20:A>G,0.0026369429059978516,0.0026369429059978516,,,Ss08,12710636.0
100029593|F|0-34:A>G-34:A>G,0.00263438247136701,0.00263438247136701,,,Ss03,9197881.0
100030288|F|0-38:C>G-38:C>G,0.0026164335250400067,0.0026164335250400067,,,Ss05,8515586.0
100035988|F|0-45:C>A-45:C>A,0.0026053653584781865,0.0026053653584781865,,,Ss02,27822398.0
100017362|F|0-34:C>A-34:C>A,-0.002601218959639092,0.002601218959639092,,,Ss04,58237946.0
100014225|F|0-25:G>A-25:G>A,0.002594769559007061,0.002594769559007061,,,Ss10,7752093.0
100047143|F|0-59:C>T-59:C>T,0.002565105183525597,0.002565105183525597,,,Ss03,97342468.0
100035377|F|0-67:C>G-67:C>G,0.0025546873005808514,0.0025546873005808514,,,Ss01,47016484.0
100019308|F|0-53:A>G-53:A>G,-0.002554167264521779,0.002554167264521779,,,Ss02,25932708.0
100012992|F|0-18:G>T-18:G>T,0.0025514015225087125,0.0025514015225087125,,,Ss11,28905220.0
100017630|F|0-52:A>T-52:A>T,-0.0025501599457055935,0.0025501599457055935,,,Ss09,13716601.0
100021541|F|0-63:C>G-63:C>G,0.0025492420346588146,0.0025492420346588146,,,Ss02,14333331.0
100013428|F|0-14:G>T-14:G>T,0.0025454616399908777,0.0025454616399908777,,,Ss03,100075533.0
100059231|F|0-56:A>G-56:A>G,-0.002543345610942884,0.002543345610942884,,,Ss04,3676881.0
100020907|F|0-40:A>T-40:A>T,0.002532977257663363,0.002532977257663363,,,Ss06,5816152.0
100013950|F|0-50:T>C-50:T>C,-0.0025274087414458063,0.0025274087414458063,Vu01 (old4),30947226.0,Ss01,40800799.0
100016646|F|0-38:G>A-38:G>A,-0.0025225447747831706,0.0025225447747831706,,,Ss04,72149311.0
100048218|F|0-16:G>A-16:G>A,-0.0025164015789344374,0.0025164015789344374,,,Ss04,58245125.0
100021067|F|0-49:G>A-49:G>A,0.002516169023755295,0.002516169023755295,Vu03 (old3),51946113.0,Ss03,97225934.0
100013982|F|0-20:C>G-20:C>G,-0.0025153596727116455,0.0025153596727116455,,,Ss11,7288051.0
100013996|F|0-45:C>T-45:C>T,-0.0025132072171382327,0.0025132072171382327,Vu06 (old6),24104002.0,Ss06,4212098.0
100016625|F|0-16:T>C-16:T>C,-0.0025032519323130034,0.0025032519323130034,,,Ss10,16411184.0
100017121|F|0-19:C>T-19:C>T,0.0024999007734392027,0.0024999007734392027,,,Ss09,63306572.0
100015684|F|0-29:T>C-29:T>C,0.0024949922611954885,0.0024949922611954885,,,Ss04,66076722.0
100029816|F|0-31:C>A-31:C>A,0.0024949922611954885,0.0024949922611954885,,,Ss04,66024906.0
100020372|F|0-11:G>T-11:G>T,0.0024827930352662037,0.0024827930352662037,Vu03 (old3),40582693.0,Ss03,86492107.0
100018958|F|0-51:A>G-51:A>G,0.002479876246565839,0.002479876246565839,,,Ss05,5177140.0
100014400|F|0-16:A>T-16:A>T,-0.0024679865907744143,0.0024679865907744143,,,Ss10,16381041.0
100041553|F|0-26:T>A-26:T>A,0.0024629158822124532,0.0024629158822124532,,,Ss04,63000911.0
100021291|F|0-61:A>G-61:A>G,-0.002438232811545266,0.002438232811545266,,,Ss11,33070336.0
100029003|F|0-15:A>G-15:A>G,-0.0024365871809483063,0.0024365871809483063,,,Ss04,1414670.0
100034771|F|0-20:A>G-20:A>G,-0.0024365871809483063,0.0024365871809483063,,,Ss04,1403611.0
100043120|F|0-10:T>G-10:T>G,0.0024354223760877512,0.0024354223760877512,,,Ss07,7220209.0
100014119|F|0-65:C>G-65:C>G,0.0024354223760877512,0.0024354223760877512,Vu07 (old2),13031414.0,Ss07,7227243.0
100034572|F|0-53:G>A-53:G>A,-0.002434060801876409,0.002434060801876409,,,Ss09,26973588.0
100021415|F|0-54:A>G-54:A>G,0.002428818800950993,0.002428818800950993,,,Ss04,67333701.0
100022089|F|0-61:C>T-61:C>T,-0.0024244325000675766,0.0024244325000675766,,,Ss06,89036665.0
100038956|F|0-22:A>T-22:A>T,-0.002421359179441671,0.002421359179441671,Vu08 (old5),7476338.0,Ss08,18336190.0
100033542|F|0-31:T>C-31:T>C,-0.002419992570044385,0.002419992570044385,,,Ss10,15394673.0
100033543|F|0-14:C>T-14:C>T,-0.002418115070019611,0.002418115070019611,,,Ss02,24221797.0
100018919|F|0-66:C>A-66:C>A,-0.0024171338650693934,0.0024171338650693934,,,Ss03,83284949.0
100013667|F|0-32:C>A-32:C>A,-0.0024167788660772334,0.0024167788660772334,,,Ss11,27893794.0
100020314|F|0-31:G>A-31:G>A,0.002415203257758365,0.002415203257758365,,,Ss01,45007549.0
100015799|F|0-68:C>T-68:C>T,0.0024124432661543817,0.0024124432661543817,,,Ss01,40825452.0
100021889|F|0-32:T>A-32:T>A,0.0024122063329944437,0.0024122063329944437,,,Ss07,7053581.0
100043410|F|0-43:T>A-43:T>A,-0.0023966037268728273,0.0023966037268728273,,,Ss07,149268.0
100021300|F|0-36:C>T-36:C>T,-0.0023887558144178533,0.0023887558144178533,,,Ss10,1972983.0
100017539|F|0-11:A>T-11:A>T,-0.0023839869701480394,0.0023839869701480394,,,Ss10,16662610.0
100034528|F|0-51:A>G-51:A>G,0.0023765270101705335,0.0023765270101705335,Vu09 (old8),1037776.0,Ss06,15764916.0
100015328|F|0-33:T>C-33:T>C,0.002345355556901132,0.002345355556901132,,,Ss11,33041489.0
100022031|F|0-68:A>C-68:A>C,-0.0023448560931139985,0.0023448560931139985,,,Ss02,10077663.0
100046287|F|0-24:C>T-24:C>T,-0.0023442618419542284,0.0023442618419542284,,,Ss03,15753744.0
100017718|F|0-15:A>G-15:A>G,0.002343995581724319,0.002343995581724319,,,Ss04,64178726.0
100014614|F|0-54:G>A-54:G>A,0.0023415916700402486,0.0023415916700402486,,,Ss07,7686876.0
100044261|F|0-5:T>A-5:T>A,0.002338324956194735,0.002338324956194735,Vu09 (old8),3387810.0,Ss09,62476902.0
100017287|F|0-5:C>A-5:C>A,-0.0023320689452924516,0.0023320689452924516,,,Ss03,73979466.0
100054129|F|0-61:T>A-61:T>A,0.002307957604370996,0.002307957604370996,,,Ss09,14873218.0
100035901|F|0-29:T>A-29:T>A,-0.0023029007955392153,0.0023029007955392153,,,Ss09,48989476.0
100020016|F|0-66:T>C-66:T>C,-0.002299206241871532,0.002299206241871532,,,Ss06,24413653.0
100020248|F|0-34:C>A-34:C>A,0.0022928031175625425,0.0022928031175625425,,,Ss04,71432746.0
100019141|F|0-40:G>A-40:G>A,0.0022737197131281646,0.0022737197131281646,,,Ss06,11801660.0
100016238|F|0-41:C>A-41:C>A,-0.0022657906302119913,0.0022657906302119913,,,Ss10,12849798.0
100034798|F|0-34:C>G-34:C>G,-0.002258088275118177,0.002258088275118177,,,Ss06,38386293.0
100030002|F|0-15:C>G-15:C>G,0.002247428670889913,0.002247428670889913,,,Ss05,4290036.0
100017265|F|0-28:G>A-28:G>A,-0.002244854336294359,0.002244854336294359,Vu03 (old3),52001826.0,Ss03,97368582.0
100028785|F|0-15:C>T-15:C>T,0.002243658906540968,0.002243658906540968,,,Ss07,4410868.0
100021616|F|0-67:G>T-67:G>T,0.0022169298851845475,0.0022169298851845475,,,Ss04,71550152.0
100040575|F|0-64:T>C-64:T>C,-0.0022162217967547308,0.0022162217967547308,,,Ss07,149263.0
100049762|F|0-13:A>G-13:A>G,0.0022145355626951146,0.0022145355626951146,,,Ss09,3667920.0
100035739|F|0-60:C>T-60:C>T,0.002201283739813083,0.002201283739813083,,,Ss03,84759968.0
100040807|F|0-22:G>A-22:G>A,-0.002199960552966819,0.002199960552966819,Vu10 (old10),38975128.0,Ss07,13128905.0
100034752|F|0-27:G>T-27:G>T,-0.0021993765299533835,0.0021993765299533835,,,Ss11,37483520.0
100043216|F|0-10:A>G-10:A>G,0.0021970369464367405,0.0021970369464367405,,,Ss11,24356568.0
100044458|F|0-65:A>T-65:A>T,0.0021870437155435307,0.0021870437155435307,,,Ss03,17172374.0
100018591|F|0-14:C>T-14:C>T,-0.002173078271652018,0.002173078271652018,,,Ss06,8942147.0
100022140|F|0-38:C>A-38:C>A,0.0021650445969351863,0.0021650445969351863,,,Ss04,61037105.0
100012937|F|0-46:C>T-46:C>T,0.0021603399245718542,0.0021603399245718542,,,Ss08,12740853.0
100045000|F|0-23:G>A-23:G>A,0.002155748562323453,0.002155748562323453,Vu09 (old8),33438135.0,Ss09,12317197.0
100053174|F|0-19:G>C-19:G>C,0.0021497855169430174,0.0021497855169430174,,,Ss04,58438592.0
100040406|F|0-33:C>T-33:C>T,0.0021444327847665056,0.0021444327847665056,,,,
100021629|F|0-12:T>C-12:T>C,0.0021192422673566116,0.0021192422673566116,,,Ss02,14332466.0
100020053|F|0-44:G>A-44:G>A,0.0021153766767632387,0.0021153766767632387,,,Ss02,27822393.0
100049953|F|0-26:C>T-26:C>T,-0.002112959330945793,0.002112959330945793,,,Ss06,81609557.0
100049954|F|0-52:G>A-52:G>A,-0.0021129593309457922,0.0021129593309457922,,,Ss06,81609557.0
100049952|F|0-5:T>A-5:T>A,-0.002112959330945791,0.002112959330945791,,,Ss06,81609557.0
100018462|F|0-57:G>T-57:G>T,0.0021077457100026117,0.0021077457100026117,,,Ss07,4783202.0
100045002|F|0-68:G>C-68:G>C,-0.002103166851724803,0.002103166851724803,,,Ss11,10684285.0
100033325|F|0-21:T>C-21:T>C,0.002087955243712326,0.002087955243712326,,,Ss03,87369674.0
100021971|F|0-12:T>C-12:T>C,-0.0020858407362956115,0.0020858407362956115,,,Ss06,9019134.0
100030532|F|0-16:G>A-16:G>A,-0.0020802818177742344,0.0020802818177742344,,,,
100016014|F|0-65:T>C-65:T>C,-0.0020802818177742344,0.0020802818177742344,,,Ss05,1433077.0
100014488|F|0-28:T>A-28:T>A,0.002079139963014494,0.002079139963014494,,,Ss11,34000405.0
100035003|F|0-39:A>G-39:A>G,0.0020689735591485287,0.0020689735591485287,,,Ss08,27767918.0
100014467|F|0-44:T>A-44:T>A,0.0020653394021407515,0.0020653394021407515,,,Ss04,76297326.0
100036118|F|0-16:G>C-16:G>C,-0.0020511009951559747,0.0020511009951559747,,,Ss01,15790762.0
100029329|F|0-43:G>A-43:G>A,0.002047783922091005,0.002047783922091005,,,Ss08,8666695.0
100043433|F|0-24:C>T-24:C>T,0.002046296408211809,0.002046296408211809,,,,
100017600|F|0-44:G>A-44:G>A,-0.002043741932543933,0.002043741932543933,Vu08 (old5),34751666.0,,
100017856|F|0-8:G>C-8:G>C,-0.0020414979695402087,0.0020414979695402087,,,Ss10,6634620.0
100041362|F|0-27:G>A-27:G>A,0.002039480419934814,0.002039480419934814,,,Ss08,28380535.0
100040243|F|0-44:T>G-44:T>G,-0.002032234211416105,0.002032234211416105,,,Ss07,6915952.0
100038902|F|0-22:A>T-22:A>T,-0.0020312918982988214,0.0020312918982988214,,,Ss04,73447240.0
100019182|F|0-32:C>T-32:C>T,0.00202689350459171,0.00202689350459171,,,,
100013138|F|0-58:G>A-58:G>A,0.002025133421472222,0.002025133421472222,,,Ss04,35847486.0
100029037|F|0-30:A>C-30:A>C,-0.002022835983371841,0.002022835983371841,,,Ss03,75767289.0
100015323|F|0-56:G>C-56:G>C,0.0020165549147136,0.0020165549147136,,,Ss04,64211882.0
100015669|F|0-64:A>C-64:A>C,0.00200089734516638,0.00200089734516638,,,Ss08,849779.0
100015232|F|0-9:G>T-9:G>T,0.0019946820245886707,0.0019946820245886707,Vu01 (old4),18488835.0,Ss01,3629001.0
100022228|F|0-38:T>C-38:T>C,0.0019944882191972484,0.0019944882191972484,Vu03 (old3),4384995.0,Ss03,15684656.0
100040378|F|0-57:G>A-57:G>A,0.0019905397278091527,0.0019905397278091527,,,Ss03,95296136.0
100017082|F|0-22:G>A-22:G>A,0.001985153170511094,0.001985153170511094,,,Ss11,38896484.0
100019409|F|0-55:T>C-55:T>C,-0.0019600654823605894,0.0019600654823605894,Vu08 (old5),17257027.0,Ss08,20928025.0
100028837|F|0-16:A>C-16:A>C,0.0019443628898115754,0.0019443628898115754,,,,
100058916|F|0-28:C>T-28:C>T,-0.001933769198828329,0.001933769198828329,,,Ss11,3627910.0
100058913|F|0-33:A>C-33:A>C,-0.001933769198828329,0.001933769198828329,,,Ss11,25635537.0
100034159|F|0-24:A>G-24:A>G,-0.0019292395893200805,0.0019292395893200805,,,Ss09,46097671.0
100039240|F|0-17:G>A-17:G>A,0.0019285531345266723,0.0019285531345266723,,,Ss08,16723978.0
100019483|F|0-18:A>T-18:A>T,0.0019268444715289312,0.0019268444715289312,,,Ss03,16340872.0
100051260|F|0-23:G>A-23:G>A,0.001925954358949062,0.001925954358949062,,,Ss04,3502747.0
100013356|F|0-7:G>A-7:G>A,0.0019231967246730172,0.0019231967246730172,,,Ss09,62367252.0
100034526|F|0-38:G>A-38:G>A,-0.0019218998529306889,0.0019218998529306889,,,Ss10,5829779.0
100040576|F|0-20:T>A-20:T>A,0.0019194528749638237,0.0019194528749638237,,,Ss03,22472572.0
100014677|F|0-27:A>C-27:A>C,0.001913311727290398,0.001913311727290398,Vu01 (old4),38105105.0,Ss01,32410962.0
100015288|F|0-54:A>G-54:A>G,-0.0019081543341471553,0.0019081543341471553,,,Ss02,9792699.0
100017507|F|0-36:T>C-36:T>C,0.0018875605256780522,0.0018875605256780522,,,Ss10,12067176.0
100032847|F|0-25:A>T-25:A>T,0.001872866916128241,0.001872866916128241,,,Ss05,55945278.0
100018976|F|0-8:C>T-8:C>T,-0.0018594553285066287,0.0018594553285066287,Vu03 (old3),2426825.0,Ss03,12988213.0
100060051|F|0-42:G>A-42:G>A,0.0018571060746982112,0.0018571060746982112,,,Ss03,80712948.0
100029181|F|0-14:G>C-14:G>C,0.0018539914750421204,0.0018539914750421204,,,,
100043431|F|0-17:C>G-17:C>G,-0.0018413776080913543,0.0018413776080913543,,,,
100016220|F|0-31:G>A-31:G>A,-0.0018400433061087256,0.0018400433061087256,,,Ss06,14438349.0
100041156|F|0-37:T>C-37:T>C,0.0018350478291551428,0.0018350478291551428,,,Ss04,59257910.0
100044913|F|0-36:G>T-36:G>T,0.0018286420686298682,0.0018286420686298682,,,,
100040444|F|0-34:C>A-34:C>A,0.001820124408326445,0.001820124408326445,Vu02 (old7),25326701.0,Ss02,10386911.0
100017267|F|0-60:T>C-60:T>C,0.0018136305454646141,0.0018136305454646141,Vu07 (old2),29861358.0,Ss10,4794124.0
100022134|F|0-54:T>C-54:T>C,0.0018119774680539196,0.0018119774680539196,,,Ss03,84455956.0
100038948|F|0-13:G>A-13:G>A,0.001798375061281466,0.001798375061281466,,,Ss02,10458954.0
100021815|F|0-12:C>A-12:C>A,0.0017946145216296975,0.0017946145216296975,,,Ss02,6508692.0
100055734|F|0-19:T>C-19:T>C,0.0017922333744238533,0.0017922333744238533,,,Ss08,6837331.0
100033265|F|0-68:G>A-68:G>A,-0.0017783128606366355,0.0017783128606366355,,,Ss06,2568691.0
100035290|F|0-26:T>C-26:T>C,-0.0017776914997295733,0.0017776914997295733,,,Ss02,12532647.0
100030222|F|0-14:T>A-14:T>A,0.0017691961247421743,0.0017691961247421743,,,,
100049761|F|0-12:A>G-12:A>G,-0.0017671443705577342,0.0017671443705577342,,,Ss09,3667920.0
100015188|F|0-39:T>C-39:T>C,0.0017480671193229793,0.0017480671193229793,,,Ss04,66397026.0
100015585|F|0-38:T>C-38:T>C,0.001745347349067823,0.001745347349067823,,,Ss10,10530371.0
100013415|F|0-20:G>A-20:G>A,0.0017294916722525471,0.0017294916722525471,Vu07 (old2),385652.0,Ss07,457327.0
100017860|F|0-21:C>T-21:C>T,0.0017216080756480593,0.0017216080756480593,,,Ss05,38148110.0
100035283|F|0-38:G>T-38:G>T,-0.0017108337551122765,0.0017108337551122765,,,Ss03,100204972.0
100015913|F|0-42:T>A-42:T>A,0.0016932127242051595,0.0016932127242051595,,,Ss08,9166866.0
100041943|F|0-53:G>T-53:G>T,0.0016773996779729473,0.0016773996779729473,,,Ss06,7119650.0
100050254|F|0-17:A>G-17:A>G,0.0016618320727395013,0.0016618320727395013,,,Ss11,15872467.0
100016306|F|0-56:A>G-56:A>G,-0.0016545661202992915,0.0016545661202992915,,,Ss06,14439818.0
100033363|F|0-51:C>T-51:C>T,-0.0016542676901545972,0.0016542676901545972,,,Ss04,67063423.0
100018004|F|0-47:G>A-47:G>A,-0.0016422585705336411,0.0016422585705336411,Vu08 (old5),35769922.0,Ss08,7051020.0
100021507|F|0-53:A>C-53:A>C,0.0016408931901249172,0.0016408931901249172,,,Ss09,63642647.0
100034740|F|0-59:T>C-59:T>C,-0.0016335658802438878,0.0016335658802438878,Vu08 (old5),34703845.0,,
100014679|F|0-16:C>A-16:C>A,-0.001630925514598567,0.001630925514598567,Vu07 (old2),38481917.0,Ss10,14859822.0
100035181|F|0-20:A>G-20:A>G,-0.001626653857422553,0.001626653857422553,,,Ss08,7233576.0
100046329|F|0-5:T>C-5:T>C,0.0016265485701504943,0.0016265485701504943,,,,
100051037|F|0-43:C>T-43:C>T,0.0016159625307817912,0.0016159625307817912,,,Ss01,37902767.0
100015397|F|0-30:G>C-30:G>C,0.0016019477843513463,0.0016019477843513463,,,Ss01,45844613.0
100035464|F|0-52:G>A-52:G>A,0.0016006756609248153,0.0016006756609248153,,,Ss04,70036370.0
100059965|F|0-13:G>A-13:G>A,-0.0015949295884284285,0.0015949295884284285,,,Ss11,15610976.0
100017737|F|0-19:T>C-19:T>C,-0.0015673803074971494,0.0015673803074971494,,,Ss08,20923916.0
100017012|F|0-57:A>G-57:A>G,0.0015652421307965443,0.0015652421307965443,,,Ss01,3187174.0
100040147|F|0-11:C>G-11:C>G,0.001557679877618561,0.001557679877618561,,,Ss04,4203779.0
100033052|F|0-65:A>G-65:A>G,0.0015543167511558216,0.0015543167511558216,,,Ss03,14953473.0
100017334|F|0-26:T>C-26:T>C,0.0015514505818626976,0.0015514505818626976,,,Ss03,81917702.0
100018171|F|0-12:T>C-12:T>C,0.0015503806949427152,0.0015503806949427152,,,Ss03,75863852.0
100032761|F|0-35:G>T-35:G>T,0.0015388466036324112,0.0015388466036324112,,,Ss10,11013852.0
100035699|F|0-21:A>T-21:A>T,-0.0015338249267113663,0.0015338249267113663,,,Ss06,11518448.0
100048771|F|0-11:G>A-11:G>A,-0.001523537937229641,0.001523537937229641,Vu11 (old9),32286941.0,Ss11,35423854.0
100046659|F|0-30:C>A-30:C>A,0.001520097745107156,0.001520097745107156,Vu05 (old1),46605557.0,Ss05,2300282.0
100039138|F|0-33:A>G-33:A>G,0.0015064630180750631,0.0015064630180750631,Vu04 (old11),6816983.0,,
100034189|F|0-36:A>T-36:A>T,-0.0015046886569481232,0.0015046886569481232,,,Ss10,5191352.0
100015393|F|0-56:G>A-56:G>A,-0.0015010736334698934,0.0015010736334698934,,,Ss11,38230758.0
100015398|F|0-67:C>T-67:C>T,-0.0014744456299045675,0.0014744456299045675,,,Ss04,3755879.0
100033468|F|0-18:T>A-18:T>A,-0.0014661901808537166,0.0014661901808537166,Vu04 (old11),40488211.0,Ss04,1194520.0
100029094|F|0-17:C>T-17:C>T,0.0014555332494861138,0.0014555332494861138,,,Ss08,16723973.0
100017877|F|0-34:T>G-34:T>G,-0.0014542148827120674,0.0014542148827120674,,,Ss07,140638.0
100014327|F|0-12:T>C-12:T>C,-0.001446457326787904,0.001446457326787904,,,Ss10,6588263.0
100018613|F|0-47:T>C-47:T>C,0.001428138665625293,0.001428138665625293,,,Ss09,12308528.0
100033857|F|0-15:C>A-15:C>A,0.0014203015904307838,0.0014203015904307838,Vu03 (old3),47106161.0,Ss03,92535152.0
100045123|F|0-66:C>G-66:C>G,-0.0014194038960142858,0.0014194038960142858,,,Ss06,12329070.0
100033513|F|0-54:T>C-54:T>C,-0.0013982856999657602,0.0013982856999657602,Vu06 (old6),29636850.0,Ss06,9601203.0
100015923|F|0-54:G>A-54:G>A,0.0013943187474556062,0.0013943187474556062,Vu09 (old8),37786229.0,Ss09,7407875.0
100016298|F|0-19:G>A-19:G>A,-0.001393281642563624,0.001393281642563624,,,Ss01,31539538.0
100019858|F|0-55:G>C-55:G>C,0.0013922517116717484,0.0013922517116717484,Vu07 (old2),32970913.0,Ss10,7879011.0
100034218|F|0-27:A>T-27:A>T,-0.0013891188700003569,0.0013891188700003569,Vu06 (old6),33123517.0,Ss06,16087033.0
100014580|F|0-31:T>A-31:T>A,-0.0013817096695857034,0.0013817096695857034,,,Ss04,5005812.0
100021950|F|0-63:C>T-63:C>T,-0.001372502568112538,0.001372502568112538,,,Ss03,74578086.0
100033255|F|0-46:T>C-46:T>C,0.0013659550021010445,0.0013659550021010445,,,Ss09,8685335.0
100018000|F|0-38:T>A-38:T>A,0.00135697692356955,0.00135697692356955,,,Ss03,97473912.0
100016256|F|0-31:A>C-31:A>C,-0.001355017340259568,0.001355017340259568,,,Ss01,19574145.0
100018930|F|0-63:C>G-63:C>G,-0.0013406127108191502,0.0013406127108191502,Vu09 (old8),30816607.0,Ss09,15212141.0
100015956|F|0-13:C>T-13:C>T,-0.001336206250332571,0.001336206250332571,,,Ss07,127376.0
100034393|F|0-68:C>A-68:C>A,-0.0013252528720943972,0.0013252528720943972,,,Ss02,24167413.0
100017631|F|0-51:G>A-51:G>A,-0.001324985739347712,0.001324985739347712,Vu03 (old3),64729430.0,Ss03,82280561.0
100052829|F|0-41:A>T-41:A>T,-0.0013159121655384257,0.0013159121655384257,,,Ss07,2175352.0
100035888|F|0-14:T>C-14:T>C,0.0013134954259221958,0.0013134954259221958,,,Ss11,38914509.0
100019488|F|0-31:C>T-31:C>T,0.001296919234390051,0.001296919234390051,,,Ss09,4399918.0
100044760|F|0-9:A>T-9:A>T,-0.0012945251953519004,0.0012945251953519004,Vu07 (old2),52829.0,Ss07,161332.0
100030137|F|0-35:C>A-35:C>A,0.0012862910743389139,0.0012862910743389139,,,Ss04,69068464.0
100034068|F|0-21:G>A-21:G>A,-0.0012838630853283142,0.0012838630853283142,,,Ss04,737523.0
100034728|F|0-40:G>C-40:G>C,-0.0012741474117926779,0.0012741474117926779,,,Ss08,34424286.0
100042005|F|0-34:A>G-34:A>G,-0.0012728153845326519,0.0012728153845326519,,,Ss04,72709248.0
100041853|F|0-27:G>A-27:G>A,0.0012718771743204357,0.0012718771743204357,,,,
100029779|F|0-28:G>A-28:G>A,0.0012700943575566694,0.0012700943575566694,,,Ss04,64209636.0
100034724|F|0-49:G>A-49:G>A,-0.001264635936484885,0.001264635936484885,,,Ss08,7092889.0
100019075|F|0-58:G>A-58:G>A,0.0012589934367745164,0.0012589934367745164,Vu09 (old8),41940020.0,Ss09,2821796.0
100020579|F|0-68:T>C-68:T>C,0.0012441587670785873,0.0012441587670785873,Vu03 (old3),51968724.0,Ss03,97342757.0
100016587|F|0-41:C>T-41:C>T,-0.0012306171949951232,0.0012306171949951232,Vu03 (old3),57417157.0,Ss06,19313746.0
100059522|F|0-10:G>T-10:G>T,-0.0012125540946606333,0.0012125540946606333,,,Ss03,10347562.0
100017989|F|0-62:A>T-62:A>T,0.0012091646021629109,0.0012091646021629109,,,Ss09,16021700.0
100044506|F|0-28:G>A-28:G>A,0.001206868045326805,0.001206868045326805,,,Ss01,19987479.0
100032815|F|0-7:G>A-7:G>A,0.0012054913482910825,0.0012054913482910825,,,Ss02,1259286.0
100019924|F|0-12:A>T-12:A>T,-0.0012030412186280943,0.0012030412186280943,,,Ss03,13139425.0
100016225|F|0-50:A>C-50:A>C,-0.001188785250164373,0.001188785250164373,,,Ss04,38883921.0
100014670|F|0-19:A>G-19:A>G,-0.0011826854483244294,0.0011826854483244294,Vu11 (old9),34116227.0,Ss11,36976759.0
100034369|F|0-66:G>A-66:G>A,-0.0011615790530886748,0.0011615790530886748,,,Ss08,20917825.0
100033749|F|0-66:A>C-66:A>C,-0.0011615790530886748,0.0011615790530886748,,,Ss08,20919535.0
100033778|F|0-25:A>T-25:A>T,-0.0011596408629750753,0.0011596408629750753,,,Ss08,19790912.0
100038699|F|0-6:A>C-6:A>C,0.0011523121102039423,0.0011523121102039423,,,Ss01,9987300.0
100013355|F|0-21:A>G-21:A>G,0.0011511035123243946,0.0011511035123243946,,,Ss11,28317387.0
100034297|F|0-63:T>C-63:T>C,-0.001149036336829554,0.001149036336829554,,,Ss10,26969.0
100017269|F|0-12:A>G-12:A>G,0.0011383061511331667,0.0011383061511331667,,,Ss02,18749226.0
100015598|F|0-56:T>C-56:T>C,0.0011364297827102074,0.0011364297827102074,,,Ss03,79698796.0
100044509|F|0-10:A>G-10:A>G,-0.0011269196095960417,0.0011269196095960417,,,Ss08,20915597.0
100017546|F|0-5:C>G-5:C>G,-0.001119058112646616,0.001119058112646616,,,Ss03,80607185.0
100018535|F|0-10:A>T-10:A>T,-0.0011168483806487323,0.0011168483806487323,,,Ss05,55945273.0
100014000|F|0-40:A>G-40:A>G,-0.0011137533759757335,0.0011137533759757335,,,Ss08,30959890.0
100014274|F|0-12:C>T-12:C>T,0.0011131131367858658,0.0011131131367858658,,,Ss05,6770635.0
100029346|F|0-46:T>A-46:T>A,-0.001111462435264257,0.001111462435264257,,,Ss05,8512590.0
100016651|F|0-34:T>C-34:T>C,0.0011067397188799272,0.0011067397188799272,,,Ss03,100168410.0
100033982|F|0-15:A>G-15:A>G,-0.0011056694034970822,0.0011056694034970822,,,Ss06,6023579.0
100017158|F|0-22:G>A-22:G>A,0.0010941102519308877,0.0010941102519308877,Vu02 (old7),30259566.0,Ss02,4236177.0
100014347|F|0-68:T>C-68:T>C,-0.0010888476245978732,0.0010888476245978732,,,Ss01,42858969.0
100020912|F|0-63:C>T-63:C>T,0.0010846352052979887,0.0010846352052979887,,,Ss06,6039789.0
100018697|F|0-15:T>C-15:T>C,0.0010831634465337172,0.0010831634465337172,,,Ss03,89342800.0
100018711|F|0-35:A>G-35:A>G,-0.001078035852908156,0.001078035852908156,Vu02 (old7),32416848.0,Ss02,1641479.0
100028611|F|0-14:A>C-14:A>C,0.0010751590786081846,0.0010751590786081846,,,,
100043230|F|0-12:G>T-12:G>T,-0.0010737094269347356,0.0010737094269347356,,,Ss03,7482301.0
100015153|F|0-7:G>C-7:G>C,0.0010687174619012614,0.0010687174619012614,,,,
100036149|F|0-36:T>A-36:T>A,-0.001055752430603782,0.001055752430603782,,,Ss09,8219449.0
100029409|F|0-44:A>G-44:A>G,0.001039185881069111,0.001039185881069111,,,Ss02,8088386.0
100016381|F|0-40:C>G-40:C>G,0.0010267175705351071,0.0010267175705351071,Vu08 (old5),3031274.0,Ss08,32864874.0
100020644|F|0-30:T>A-30:T>A,0.0010238326789412666,0.0010238326789412666,Vu08 (old5),17202857.0,Ss08,20888850.0
100036115|F|0-39:C>T-39:C>T,0.0010211644704894904,0.0010211644704894904,,,Ss10,14240591.0
100043219|F|0-41:C>T-41:C>T,0.0010157429139588349,0.0010157429139588349,,,Ss05,56162002.0
100058673|F|0-34:G>A-34:G>A,-0.0010134593473352803,0.0010134593473352803,Vu05 (old1),1696325.0,Ss08,33741036.0
100036015|F|0-34:G>A-34:G>A,0.0010119610117414579,0.0010119610117414579,Vu02 (old7),24184641.0,Ss02,11692343.0
100017422|F|0-41:T>A-41:T>A,0.0010080822672346042,0.0010080822672346042,,,Ss03,15503501.0
100029213|F|0-12:G>A-12:G>A,-0.0010041036333700887,0.0010041036333700887,,,Ss10,2653811.0
100021104|F|0-25:C>T-25:C>T,0.0010038241503828047,0.0010038241503828047,,,Ss07,2304248.0
100017140|F|0-53:T>C-53:T>C,-0.0010034311376489404,0.0010034311376489404,,,Ss07,7621185.0
100017001|F|0-30:T>G-30:T>G,-0.0010025449196190903,0.0010025449196190903,,,Ss03,7103440.0
100029793|F|0-30:G>A-30:G>A,0.000993672086960483,0.000993672086960483,,,Ss10,15400977.0
100020010|F|0-17:T>C-17:T>C,0.0009921626634492762,0.0009921626634492762,Vu03 (old3),2486590.0,Ss03,13143111.0
100034157|F|0-53:C>A-53:C>A,-0.0009761139466913559,0.0009761139466913559,,,Ss09,13580202.0
100014023|F|0-11:A>G-11:A>G,0.0009754914307549872,0.0009754914307549872,,,Ss06,14247018.0
100015850|F|0-28:G>T-28:G>T,-0.000969922354749259,0.000969922354749259,,,Ss02,18961650.0
100048192|F|0-15:C>T-15:C>T,0.0009650487705664854,0.0009650487705664854,,,Ss11,33491970.0
100045027|F|0-42:C>G-42:C>G,0.0009560386124946383,0.0009560386124946383,,,Ss05,39526366.0
100034034|F|0-18:A>G-18:A>G,0.0009542607084637314,0.0009542607084637314,,,Ss07,2251809.0
100012983|F|0-45:A>T-45:A>T,0.0009479311483280911,0.0009479311483280911,,,Ss10,17017248.0
100029488|F|0-5:C>T-5:C>T,-0.0009149644836344688,0.0009149644836344688,,,Ss01,5795301.0
100035121|F|0-27:C>T-27:C>T,0.0009110414029830135,0.0009110414029830135,,,Ss03,19370710.0
100014517|F|0-34:C>T-34:C>T,-0.0009053562939393505,0.0009053562939393505,,,Ss02,3427005.0
100014666|F|0-59:T>C-59:T>C,0.0009006703502342308,0.0009006703502342308,,,Ss01,37090975.0
100053981|F|0-26:G>A-26:G>A,-0.0008988130132923062,0.0008988130132923062,,,Ss08,20915602.0
100013385|F|0-10:G>T-10:G>T,0.0008931186552874628,0.0008931186552874628,,,Ss01,5824292.0
100046635|F|0-47:T>A-47:T>A,-0.0008929534165971309,0.0008929534165971309,,,Ss09,6655180.0
100052747|F|0-12:T>G-12:T>G,0.0008853037887298019,0.0008853037887298019,,,Ss01,9988427.0
100034779|F|0-8:A>T-8:A>T,0.0008819675757588561,0.0008819675757588561,,,Ss11,38917568.0
100044383|F|0-11:A>T-11:A>T,-0.000865418399098504,0.000865418399098504,,,Ss10,6629814.0
100014515|F|0-36:T>C-36:T>C,-0.0008478024651719032,0.0008478024651719032,,,Ss08,31971309.0
100047217|F|0-67:G>A-67:G>A,0.000846663162973394,0.000846663162973394,,,Ss02,11664388.0
100020774|F|0-63:A>G-63:A>G,0.0008387289023745494,0.0008387289023745494,,,Ss06,8942142.0
100043217|F|0-12:G>T-12:G>T,-0.0008262362734969645,0.0008262362734969645,,,Ss11,24356568.0
100043216|F|0-30:A>T-30:A>T,-0.0008262362734969645,0.0008262362734969645,,,,
100021651|F|0-68:A>T-68:A>T,-0.0008207405307470258,0.0008207405307470258,,,Ss08,20923921.0
100015474|F|0-64:A>G-64:A>G,0.0008154825328958908,0.0008154825328958908,,,Ss04,2109405.0
100036044|F|0-63:T>G-63:T>G,0.0008060468290297896,0.0008060468290297896,,,Ss03,16106110.0
100014483|F|0-57:T>A-57:T>A,-0.0007954867245019785,0.0007954867245019785,,,Ss04,64483829.0
100015143|F|0-64:A>T-64:A>T,-0.0007921821658472081,0.0007921821658472081,,,Ss03,78193079.0
100016888|F|0-67:C>T-67:C>T,0.0007854137521510238,0.0007854137521510238,,,Ss07,6552228.0
100036173|F|0-57:T>C-57:T>C,0.0007852167635255625,0.0007852167635255625,,,Ss09,8514264.0
100014320|F|0-23:C>T-23:C>T,0.0007764998912601921,0.0007764998912601921,,,Ss04,1015178.0
100016083|F|0-25:C>A-25:C>A,0.0007735810663067986,0.0007735810663067986,,,Ss04,74757561.0
100017220|F|0-61:C>T-61:C>T,-0.0007700251095606719,0.0007700251095606719,,,Ss06,1731128.0
100013227|F|0-14:G>A-14:G>A,-0.0007688546972699463,0.0007688546972699463,,,Ss04,5097567.0
100018585|F|0-68:A>G-68:A>G,0.0007658718637084487,0.0007658718637084487,,,Ss07,4632943.0
100035973|F|0-34:C>T-34:C>T,-0.0007650732246944728,0.0007650732246944728,,,Ss11,50325.0
100032852|F|0-43:C>T-43:C>T,-0.000765005515987149,0.000765005515987149,,,Ss03,74397618.0
100029321|F|0-48:C>A-48:C>A,-0.0007626299129278154,0.0007626299129278154,,,Ss01,5675574.0
100043222|F|0-20:C>A-20:C>A,-0.0007614663790513353,0.0007614663790513353,,,Ss03,78087147.0
100019004|F|0-13:T>A-13:T>A,-0.0007495564492897948,0.0007495564492897948,,,Ss03,61393841.0
100028407|F|0-26:C>T-26:C>T,-0.0007487582998789654,0.0007487582998789654,,,,
100016790|F|0-63:A>T-63:A>T,0.0007317204757611177,0.0007317204757611177,,,,
100017684|F|0-22:A>G-22:A>G,-0.0007207682655458,0.0007207682655458,,,Ss01,5795818.0
100034130|F|0-64:A>T-64:A>T,0.0007181834295068334,0.0007181834295068334,,,,
100033589|F|0-16:T>C-16:T>C,0.0007140209741908794,0.0007140209741908794,,,,
100021166|F|0-38:T>C-38:T>C,-0.0007076121653851439,0.0007076121653851439,,,Ss01,41233248.0
100022067|F|0-14:T>C-14:T>C,-0.0006728957186248508,0.0006728957186248508,Vu06 (old6),22313672.0,Ss06,2471862.0
100019370|F|0-59:C>T-59:C>T,0.0006656345710518473,0.0006656345710518473,,,Ss03,94318445.0
100021425|F|0-50:G>C-50:G>C,-0.0006648497475664186,0.0006648497475664186,,,Ss01,42699263.0
100016813|F|0-35:C>T-35:C>T,0.0006596946245589159,0.0006596946245589159,,,Ss04,73265896.0
100017888|F|0-29:G>T-29:G>T,-0.0006547871526148254,0.0006547871526148254,Vu09 (old8),42671828.0,Ss09,1708047.0
100018009|F|0-24:G>T-24:G>T,-0.0006509203569559073,0.0006509203569559073,,,Ss06,9583785.0
100014760|F|0-37:A>T-37:A>T,-0.0006483272273893497,0.0006483272273893497,,,Ss03,86669885.0
100033683|F|0-28:G>C-28:G>C,0.0006012045498234294,0.0006012045498234294,,,,
100035529|F|0-67:G>T-67:G>T,0.0005880479191800314,0.0005880479191800314,,,Ss01,5824287.0
100020284|F|0-15:A>T-15:A>T,-0.0005880479191800314,0.0005880479191800314,Vu05 (old1),16272496.0,Ss01,5798894.0
100018641|F|0-26:C>A-26:C>A,0.0005876690787746647,0.0005876690787746647,,,Ss04,64147666.0
100018935|F|0-28:A>T-28:A>T,-0.000571901674169018,0.000571901674169018,,,Ss03,84511655.0
100016960|F|0-68:T>A-68:T>A,-0.0005629841930565092,0.0005629841930565092,,,Ss03,74966944.0
100016517|F|0-35:T>A-35:T>A,-0.0005578493054017604,0.0005578493054017604,,,Ss05,52124885.0
100041246|F|0-21:G>A-21:G>A,-0.0005573580045616122,0.0005573580045616122,,,Ss09,58719431.0
100013978|F|0-64:G>A-64:G>A,0.0005479740174561967,0.0005479740174561967,,,Ss04,74250010.0
100035644|F|0-26:C>G-26:C>G,0.0005470848682752624,0.0005470848682752624,,,Ss03,59068423.0
100034350|F|0-65:C>A-65:C>A,0.0005470848682752624,0.0005470848682752624,,,Ss03,59063788.0
100038915|F|0-9:A>C-9:A>C,0.0005463248427389186,0.0005463248427389186,,,Ss04,71968370.0
100043366|F|0-29:G>T-29:G>T,0.0005463248427389186,0.0005463248427389186,,,Ss04,71975465.0
100013788|F|0-18:C>T-18:C>T,0.0005419553393778606,0.0005419553393778606,,,Ss01,8748310.0
100028230|F|0-30:T>C-30:T>C,-0.0005396404818426876,0.0005396404818426876,,,Ss11,434062.0
100038486|F|0-9:G>A-9:G>A,-0.0005215828773924435,0.0005215828773924435,,,Ss03,101321403.0
100016465|F|0-15:G>A-15:G>A,0.000516376988448325,0.000516376988448325,,,Ss03,81750601.0
100017454|F|0-9:A>G-9:A>G,0.0004973196114955292,0.0004973196114955292,,,Ss09,45869241.0
100029336|F|0-36:T>A-36:T>A,0.0004793429823643103,0.0004793429823643103,,,,
100016054|F|0-59:T>A-59:T>A,0.00045398663070340083,0.00045398663070340083,,,Ss03,19082622.0
100015749|F|0-20:C>T-20:C>T,0.0004532084622869844,0.0004532084622869844,Vu09 (old8),33437303.0,Ss09,12317967.0
100035052|F|0-18:T>C-18:T>C,0.00044841701373295276,0.00044841701373295276,,,,
100014032|F|0-46:C>T-46:C>T,0.00044524552931751396,0.00044524552931751396,,,Ss03,97354906.0
100038566|F|0-46:T>A-46:T>A,-0.0004369315211041118,0.0004369315211041118,,,Ss11,37463857.0
100045297|F|0-46:T>C-46:T>C,0.0004237757978394162,0.0004237757978394162,,,Ss03,7215427.0
100017594|F|0-13:G>T-13:G>T,0.0004182594482675121,0.0004182594482675121,,,Ss09,46097676.0
100014559|F|0-31:C>A-31:C>A,0.0004151189799691987,0.0004151189799691987,,,Ss01,30836975.0
100041313|F|0-65:C>T-65:C>T,-0.00040406367022993706,0.00040406367022993706,Vu03 (old3),62938472.0,Ss03,80366199.0
100015478|F|0-48:C>T-48:C>T,-0.00039415668966804457,0.00039415668966804457,,,Ss06,5662370.0
100035857|F|0-32:C>A-32:C>A,-0.0003910363729962791,0.0003910363729962791,,,Ss02,10458959.0
100019200|F|0-60:C>T-60:C>T,-0.00037422430997773883,0.00037422430997773883,,,Ss10,11806800.0
100052450|F|0-8:A>G-8:A>G,-0.00037185602268809045,0.00037185602268809045,,,Ss09,22147758.0
100019637|F|0-48:C>G-48:C>G,0.0003697894014091685,0.0003697894014091685,,,Ss02,6558384.0
100028579|F|0-16:T>A-16:T>A,0.00036814097099999263,0.00036814097099999263,,,Ss08,15868330.0
100014812|F|0-31:G>T-31:G>T,0.00036503860774823394,0.00036503860774823394,,,Ss08,33589414.0
100019334|F|0-53:T>C-53:T>C,0.00035658800042663103,0.00035658800042663103,Vu04 (old11),4731471.0,Ss04,2109410.0
100033253|F|0-41:A>G-41:A>G,-0.0003374584641712692,0.0003374584641712692,,,Ss06,4113871.0
100021820|F|0-10:T>A-10:T>A,-0.0003320632445643955,0.0003320632445643955,,,Ss01,2840684.0
100015734|F|0-6:T>C-6:T>C,-0.00032534767880992074,0.00032534767880992074,,,Ss07,148692.0
100055747|F|0-35:G>C-35:G>C,0.0003240434911131357,0.0003240434911131357,,,Ss09,14898843.0
100016740|F|0-47:T>C-47:T>C,0.00031774262697187696,0.00031774262697187696,Vu06 (old6),33896302.0,Ss06,17131021.0
100029871|F|0-27:T>G-27:T>G,0.00030424770921974923,0.00030424770921974923,,,,
100014325|F|0-37:G>A-37:G>A,-0.0003030356141864592,0.0003030356141864592,,,Ss04,67900658.0
100052563|F|0-36:T>C-36:T>C,-0.00029462843881453713,0.00029462843881453713,,,Ss04,71412429.0
100018152|F|0-62:T>C-62:T>C,-0.0002932181043674515,0.0002932181043674515,,,Ss02,27813851.0
100041924|F|0-42:C>T-42:C>T,-0.0002903850711474012,0.0002903850711474012,,,Ss08,7051015.0
100035727|F|0-32:C>A-32:C>A,-0.0002891837737905638,0.0002891837737905638,Vu08 (old5),17172753.0,Ss08,20855953.0
100034184|F|0-46:T>C-46:T>C,-0.0002846142535208836,0.0002846142535208836,,,Ss06,14437938.0
100033672|F|0-41:T>A-41:T>A,-0.00028434733669221784,0.00028434733669221784,Vu02 (old7),6408415.0,Ss02,19953654.0
100021509|F|0-38:C>A-38:C>A,-0.00028214414043971033,0.00028214414043971033,,,Ss04,3751310.0
100013548|F|0-31:T>C-31:T>C,0.0002614919757000165,0.0002614919757000165,,,Ss02,10294912.0
100033855|F|0-68:T>A-68:T>A,0.000259106201588467,0.000259106201588467,,,Ss03,74989207.0
100060605|F|0-5:C>T-5:C>T,0.00025721967785788445,0.00025721967785788445,,,Ss11,37463852.0
100029079|F|0-11:G>A-11:G>A,-0.00025277695004761644,0.00025277695004761644,,,Ss03,21752952.0
100047216|F|0-43:T>C-43:T>C,0.000249966758851643,0.000249966758851643,,,Ss02,11664388.0
100035010|F|0-32:A>C-32:A>C,-0.00023998615676761365,0.00023998615676761365,,,Ss01,34165746.0
100034306|F|0-9:C>T-9:C>T,0.0002341236263750595,0.0002341236263750595,,,Ss01,5796467.0
100015028|F|0-52:A>T-52:A>T,-0.00023212814316871008,0.00023212814316871008,,,Ss11,30261516.0
100013714|F|0-67:T>C-67:T>C,0.00023196138587701376,0.00023196138587701376,Vu09 (old8),42137897.0,Ss09,2508303.0
100038818|F|0-32:G>T-32:G>T,0.00022942416741448906,0.00022942416741448906,,,Ss02,19658927.0
100018699|F|0-47:A>G-47:A>G,0.00021918186253113754,0.00021918186253113754,,,Ss08,8462649.0
100019676|F|0-10:G>T-10:G>T,-0.00020946838371948032,0.00020946838371948032,,,Ss03,94625291.0
100039187|F|0-27:A>C-27:A>C,-0.00020074683534643072,0.00020074683534643072,,,,
100040596|F|0-63:G>T-63:G>T,0.00019186897646871425,0.00019186897646871425,,,Ss03,7217724.0
100041232|F|0-30:T>A-30:T>A,0.0001907116025965551,0.0001907116025965551,,,Ss11,37013523.0
100034447|F|0-52:A>T-52:A>T,0.00017656060130898983,0.00017656060130898983,,,Ss09,15211267.0
100015308|F|0-63:C>T-63:C>T,0.00017188969102854802,0.00017188969102854802,,,Ss04,69821346.0
100038389|F|0-45:C>T-45:C>T,-0.0001710032692948349,0.0001710032692948349,,,Ss09,59686561.0
100034045|F|0-66:T>A-66:T>A,0.00017027823764498783,0.00017027823764498783,,,,
100034532|F|0-64:T>C-64:T>C,-0.00016753738790517808,0.00016753738790517808,,,,
100014662|F|0-39:T>C-39:T>C,-0.00016466998611904264,0.00016466998611904264,,,Ss06,7629648.0
100019390|F|0-56:C>T-56:C>T,-0.00015516595634626918,0.00015516595634626918,,,Ss09,58491205.0
100013231|F|0-33:C>T-33:C>T,0.0001483850789038644,0.0001483850789038644,,,Ss03,101313208.0
100030370|F|0-33:G>A-33:G>A,0.00014300515469863702,0.00014300515469863702,,,Ss06,14437943.0
100051593|F|0-61:G>C-61:G>C,0.00013315347110281757,0.00013315347110281757,,,Ss03,72779325.0
100034525|F|0-5:C>T-5:C>T,0.00013315347110275642,0.00013315347110275642,,,Ss03,72780569.0
100020673|F|0-43:T>A-43:T>A,-0.00012511762062783504,0.00012511762062783504,,,Ss10,13731316.0
100021965|F|0-19:C>T-19:C>T,-0.0001209145277657022,0.0001209145277657022,,,Ss10,9286898.0
100022286|F|0-67:T>G-67:T>G,-8.955584593782378e-05,8.955584593782378e-05,,,Ss03,84528272.0
100015597|F|0-7:A>G-7:A>G,-8.449478872575106e-05,8.449478872575106e-05,,,Ss02,27853722.0
100034797|F|0-19:G>T-19:G>T,8.326102986461135e-05,8.326102986461135e-05,,,Ss06,38384703.0
100033391|F|0-52:T>C-52:T>C,-6.128884985060065e-05,6.128884985060065e-05,,,Ss04,64615003.0
100018671|F|0-6:A>T-6:A>T,-5.675540610708299e-05,5.675540610708299e-05,Vu11 (old9),36066452.0,Ss11,38898348.0
100030017|F|0-30:G>A-30:G>A,-5.362543875538008e-05,5.362543875538008e-05,,,Ss10,5194871.0
100015429|F|0-30:C>A-30:C>A,5.129137690370678e-05,5.129137690370678e-05,,,Ss02,24316281.0
100019311|F|0-11:C>A-11:C>A,-4.914964232029945e-05,4.914964232029945e-05,,,Ss08,24818721.0
100022113|F|0-34:G>C-34:G>C,4.7439241481278635e-05,4.7439241481278635e-05,,,Ss09,14898843.0
100021961|F|0-53:A>T-53:A>T,3.639578448937336e-05,3.639578448937336e-05,,,Ss10,6058253.0
100016448|F|0-61:C>T-61:C>T,2.7480115486310376e-05,2.7480115486310376e-05,,,Ss11,33055328.0
100017444|F|0-55:C>A-55:C>A,1.6813215570369813e-05,1.6813215570369813e-05,,,Ss08,27564474.0
100029687|F|0-47:A>T-47:A>T,-1.449035677173068e-05,1.449035677173068e-05,,,Ss03,12335045.0
100017697|F|0-59:C>T-59:C>T,-1.3202065600887271e-05,1.3202065600887271e-05,,,Ss08,15868335.0
100018446|F|0-67:T>A-67:T>A,3.5442007099520953e-06,3.5442007099520953e-06,,,Ss01,33239334.0
100018441|F|0-12:A>C-12:A>C,-1.3402801539643284e-06,1.3402801539643284e-06,,,Ss06,6333900.0
